Interval,kWh,sec,Wh,cumul(ms),dates,days,heure
39734,0.09,39.734,90.60250666935119,13741309880,2026-05-01 00:00:06.421467,01/05/26,0:0:6
39703,0.09,39.703,90.67324887288115,13741349583,2026-05-01 00:00:46.124467,01/05/26,0:0:46
39718,0.09,39.718,90.63900498514528,13741389301,2026-05-01 00:01:25.842467,01/05/26,0:1:25
38083,0.09,38.083,94.53036788068167,13741427384,2026-05-01 00:02:03.925467,01/05/26,0:2:3
38532,0.09,38.532,93.42883836810962,13741465916,2026-05-01 00:02:42.457467,01/05/26,0:2:42
38910,0.09,38.91,92.52120277563608,13741504826,2026-05-01 00:03:21.367467,01/05/26,0:3:21
38230,0.09,38.23,94.16688464556631,13741543056,2026-05-01 00:03:59.597467,01/05/26,0:3:59
38642,0.09,38.642,93.16287976812794,13741581698,2026-05-01 00:04:38.239467,01/05/26,0:4:38
39090,0.09,39.09,92.0951650038373,13741620788,2026-05-01 00:05:17.329467,01/05/26,0:5:17
38912,0.09,38.912,92.51644736842105,13741659700,2026-05-01 00:05:56.241467,01/05/26,0:5:56
39136,0.09,39.136,91.9869174161897,13741698836,2026-05-01 00:06:35.377467,01/05/26,0:6:35
40150,0.09,40.15,89.66376089663761,13741738986,2026-05-01 00:07:15.527467,01/05/26,0:7:15
40172,0.09,40.172,89.61465697500746,13741779158,2026-05-01 00:07:55.699467,01/05/26,0:7:55
40318,0.09,40.318,89.29014336028573,13741819476,2026-05-01 00:08:36.017467,01/05/26,0:8:36
40189,0.09,40.189,89.57674985692603,13741859665,2026-05-01 00:09:16.206467,01/05/26,0:9:16
40305,0.09,40.305,89.3189430591738,13741899970,2026-05-01 00:09:56.511467,01/05/26,0:9:56
40267,0.09,40.267,89.40323341694192,13741940237,2026-05-01 00:10:36.778467,01/05/26,0:10:36
40252,0.09,40.252,89.43654973665905,13741980489,2026-05-01 00:11:17.030467,01/05/26,0:11:17
40175,0.09,40.175,89.607965152458,13742020664,2026-05-01 00:11:57.205467,01/05/26,0:11:57
40096,0.09,40.096,89.78451715881883,13742060760,2026-05-01 00:12:37.301467,01/05/26,0:12:37
40005,0.09,40.005,89.98875140607424,13742100765,2026-05-01 00:13:17.306467,01/05/26,0:13:17
40394,0.09,40.394,89.12214685349309,13742141159,2026-05-01 00:13:57.700467,01/05/26,0:13:57
40488,0.09,40.488,88.91523414344991,13742181647,2026-05-01 00:14:38.188467,01/05/26,0:14:38
40361,0.09,40.361,89.19501498971779,13742222008,2026-05-01 00:15:18.549467,01/05/26,0:15:18
40338,0.09,40.338,89.2458723784025,13742262346,2026-05-01 00:15:58.887467,01/05/26,0:15:58
40526,0.09,40.526,88.83186102748853,13742302872,2026-05-01 00:16:39.413467,01/05/26,0:16:39
40436,0.09,40.436,89.02957760411515,13742343308,2026-05-01 00:17:19.849467,01/05/26,0:17:19
40442,0.09,40.442,89.01636912121062,13742383750,2026-05-01 00:18:00.291467,01/05/26,0:18:0
40477,0.09,40.477,88.93939768263458,13742424227,2026-05-01 00:18:40.768467,01/05/26,0:18:40
40399,0.09,40.399,89.11111661179733,13742464626,2026-05-01 00:19:21.167467,01/05/26,0:19:21
40388,0.09,40.388,89.13538674853918,13742505014,2026-05-01 00:20:01.555467,01/05/26,0:20:1
40689,0.09,40.689,88.47600088476001,13742545703,2026-05-01 00:20:42.244467,01/05/26,0:20:42
40998,0.09,40.998,87.80916142250841,13742586701,2026-05-01 00:21:23.242467,01/05/26,0:21:23
40996,0.09,40.996,87.81344521416723,13742627697,2026-05-01 00:22:04.238467,01/05/26,0:22:4
41043,0.09,41.043,87.71288648490608,13742668740,2026-05-01 00:22:45.281467,01/05/26,0:22:45
40984,0.09,40.984,87.83915674409526,13742709724,2026-05-01 00:23:26.265467,01/05/26,0:23:26
41124,0.09,41.124,87.54012255617158,13742750848,2026-05-01 00:24:07.389467,01/05/26,0:24:7
41055,0.09,41.055,87.68724881256851,13742791903,2026-05-01 00:24:48.444467,01/05/26,0:24:48
41028,0.09,41.028,87.74495466510676,13742832931,2026-05-01 00:25:29.472467,01/05/26,0:25:29
41065,0.09,41.065,87.66589553147449,13742873996,2026-05-01 00:26:10.537467,01/05/26,0:26:10
41015,0.09,41.015,87.77276606119712,13742915011,2026-05-01 00:26:51.552467,01/05/26,0:26:51
41065,0.09,41.065,87.66589553147449,13742956076,2026-05-01 00:27:32.617467,01/05/26,0:27:32
41018,0.09,41.018,87.76634648203228,13742997094,2026-05-01 00:28:13.635467,01/05/26,0:28:13
40967,0.09,40.967,87.87560719603583,13743038061,2026-05-01 00:28:54.602467,01/05/26,0:28:54
41032,0.09,41.032,87.73640085786703,13743079093,2026-05-01 00:29:35.634467,01/05/26,0:29:35
41064,0.09,41.064,87.66803039158387,13743120157,2026-05-01 00:30:16.698467,01/05/26,0:30:16
41066,0.09,41.066,87.66376077533727,13743161223,2026-05-01 00:30:57.764467,01/05/26,0:30:57
40984,0.09,40.984,87.83915674409526,13743202207,2026-05-01 00:31:38.748467,01/05/26,0:31:38
41129,0.09,41.129,87.52948041527875,13743243336,2026-05-01 00:32:19.877467,01/05/26,0:32:19
41066,0.09,41.066,87.66376077533727,13743284402,2026-05-01 00:33:00.943467,01/05/26,0:33:0
41024,0.09,41.024,87.75351014040561,13743325426,2026-05-01 00:33:41.967467,01/05/26,0:33:41
41050,0.09,41.05,87.6979293544458,13743366476,2026-05-01 00:34:23.017467,01/05/26,0:34:23
41036,0.09,41.036,87.72784871819866,13743407512,2026-05-01 00:35:04.053467,01/05/26,0:35:4
41099,0.09,41.099,87.59337210151098,13743448611,2026-05-01 00:35:45.152467,01/05/26,0:35:45
41049,0.09,41.049,87.70006577504932,13743489660,2026-05-01 00:36:26.201467,01/05/26,0:36:26
41035,0.09,41.035,87.7299865968076,13743530695,2026-05-01 00:37:07.236467,01/05/26,0:37:7
40965,0.09,40.965,87.87989747345294,13743571660,2026-05-01 00:37:48.201467,01/05/26,0:37:48
41067,0.09,41.067,87.66162612316458,13743612727,2026-05-01 00:38:29.268467,01/05/26,0:38:29
21921,0.16,21.921,164.22608457643355,13743634648,2026-05-01 00:38:51.189467,01/05/26,0:38:51
21664,0.17,21.664,166.17429837518463,13743656312,2026-05-01 00:39:12.853467,01/05/26,0:39:12
21744,0.17,21.744,165.56291390728478,13743678056,2026-05-01 00:39:34.597467,01/05/26,0:39:34
21732,0.17,21.732,165.65433462175594,13743699788,2026-05-01 00:39:56.329467,01/05/26,0:39:56
21908,0.16,21.908,164.32353478181486,13743721696,2026-05-01 00:40:18.237467,01/05/26,0:40:18
22153,0.16,22.153,162.5062068342888,13743743849,2026-05-01 00:40:40.390467,01/05/26,0:40:40
22396,0.16,22.396,160.74298981961064,13743766245,2026-05-01 00:41:02.786467,01/05/26,0:41:2
22454,0.16,22.454,160.3277812416496,13743788699,2026-05-01 00:41:25.240467,01/05/26,0:41:25
22525,0.16,22.525,159.82241953385127,13743811224,2026-05-01 00:41:47.765467,01/05/26,0:41:47
22640,0.16,22.64,159.01060070671377,13743833864,2026-05-01 00:42:10.405467,01/05/26,0:42:10
22705,0.16,22.705,158.55538427659107,13743856569,2026-05-01 00:42:33.110467,01/05/26,0:42:33
22597,0.16,22.597,159.313183165907,13743879166,2026-05-01 00:42:55.707467,01/05/26,0:42:55
21982,0.16,21.982,163.77035756528068,13743901148,2026-05-01 00:43:17.689467,01/05/26,0:43:17
22081,0.16,22.081,163.03609437978352,13743923229,2026-05-01 00:43:39.770467,01/05/26,0:43:39
22192,0.16,22.192,162.22062004325883,13743945421,2026-05-01 00:44:01.962467,01/05/26,0:44:1
22240,0.16,22.24,161.8705035971223,13743967661,2026-05-01 00:44:24.202467,01/05/26,0:44:24
22336,0.16,22.336,161.17478510028653,13743989997,2026-05-01 00:44:46.538467,01/05/26,0:44:46
22337,0.16,22.337,161.16756950351436,13744012334,2026-05-01 00:45:08.875467,01/05/26,0:45:8
22412,0.16,22.412,160.62823487417455,13744034746,2026-05-01 00:45:31.287467,01/05/26,0:45:31
22556,0.16,22.556,159.60276644795175,13744057302,2026-05-01 00:45:53.843467,01/05/26,0:45:53
22573,0.16,22.573,159.4825676693395,13744079875,2026-05-01 00:46:16.416467,01/05/26,0:46:16
37042,0.1,37.042,97.18697694508936,13744116917,2026-05-01 00:46:53.458467,01/05/26,0:46:53
38251,0.09,38.251,94.11518653107109,13744155168,2026-05-01 00:47:31.709467,01/05/26,0:47:31
38451,0.09,38.451,93.62565342903956,13744193619,2026-05-01 00:48:10.160467,01/05/26,0:48:10
38322,0.09,38.322,93.94081728511038,13744231941,2026-05-01 00:48:48.482467,01/05/26,0:48:48
38213,0.09,38.213,94.2087771177348,13744270154,2026-05-01 00:49:26.695467,01/05/26,0:49:26
38107,0.09,38.107,94.47083213057968,13744308261,2026-05-01 00:50:04.802467,01/05/26,0:50:4
38346,0.09,38.346,93.88202159286497,13744346607,2026-05-01 00:50:43.148467,01/05/26,0:50:43
38425,0.09,38.425,93.68900455432662,13744385032,2026-05-01 00:51:21.573467,01/05/26,0:51:21
38228,0.09,38.228,94.17181123783614,13744423260,2026-05-01 00:51:59.801467,01/05/26,0:51:59
38235,0.09,38.235,94.15457041977245,13744461495,2026-05-01 00:52:38.036467,01/05/26,0:52:38
38417,0.09,38.417,93.70851445974438,13744499912,2026-05-01 00:53:16.453467,01/05/26,0:53:16
38322,0.09,38.322,93.94081728511038,13744538234,2026-05-01 00:53:54.775467,01/05/26,0:53:54
38358,0.09,38.358,93.85265133740027,13744576592,2026-05-01 00:54:33.133467,01/05/26,0:54:33
38208,0.09,38.208,94.22110552763819,13744614800,2026-05-01 00:55:11.341467,01/05/26,0:55:11
38263,0.09,38.263,94.08567022972585,13744653063,2026-05-01 00:55:49.604467,01/05/26,0:55:49
38345,0.09,38.345,93.88446994393011,13744691408,2026-05-01 00:56:27.949467,01/05/26,0:56:27
38361,0.09,38.361,93.84531164463908,13744729769,2026-05-01 00:57:06.310467,01/05/26,0:57:6
38292,0.09,38.292,94.01441554371671,13744768061,2026-05-01 00:57:44.602467,01/05/26,0:57:44
38315,0.09,38.315,93.95797990343208,13744806376,2026-05-01 00:58:22.917467,01/05/26,0:58:22
38253,0.09,38.253,94.11026586150106,13744844629,2026-05-01 00:59:01.170467,01/05/26,0:59:1
38269,0.09,38.269,94.07091902061721,13744882898,2026-05-01 00:59:39.439467,01/05/26,0:59:39
38117,0.09,38.117,94.44604769525408,13744921015,2026-05-01 01:00:17.556467,01/05/26,1:0:17
38048,0.09,38.048,94.61732548359966,13744959063,2026-05-01 01:00:55.604467,01/05/26,1:0:55
37718,0.09,37.718,95.44514555384697,13744996781,2026-05-01 01:01:33.322467,01/05/26,1:1:33
37145,0.1,37.145,96.91748552968097,13745033926,2026-05-01 01:02:10.467467,01/05/26,1:2:10
37356,0.1,37.356,96.37006103437199,13745071282,2026-05-01 01:02:47.823467,01/05/26,1:2:47
37558,0.09,37.558,95.85174929442462,13745108840,2026-05-01 01:03:25.381467,01/05/26,1:3:25
37502,0.09,37.502,95.9948802730521,13745146342,2026-05-01 01:04:02.883467,01/05/26,1:4:2
37562,0.09,37.562,95.84154198391992,13745183904,2026-05-01 01:04:40.445467,01/05/26,1:4:40
37595,0.09,37.595,95.75741454980715,13745221499,2026-05-01 01:05:18.040467,01/05/26,1:5:18
37479,0.1,37.479,96.05379012246858,13745258978,2026-05-01 01:05:55.519467,01/05/26,1:5:55
37351,0.1,37.351,96.38296163422666,13745296329,2026-05-01 01:06:32.870467,01/05/26,1:6:32
37516,0.09,37.516,95.95905746881331,13745333845,2026-05-01 01:07:10.386467,01/05/26,1:7:10
37530,0.09,37.53,95.92326139088729,13745371375,2026-05-01 01:07:47.916467,01/05/26,1:7:47
37566,0.09,37.566,95.83133684714902,13745408941,2026-05-01 01:08:25.482467,01/05/26,1:8:25
37564,0.09,37.564,95.83643914386114,13745446505,2026-05-01 01:09:03.046467,01/05/26,1:9:3
37610,0.09,37.61,95.71922361074182,13745484115,2026-05-01 01:09:40.656467,01/05/26,1:9:40
37398,0.1,37.398,96.26183218353923,13745521513,2026-05-01 01:10:18.054467,01/05/26,1:10:18
37389,0.1,37.389,96.28500361068764,13745558902,2026-05-01 01:10:55.443467,01/05/26,1:10:55
37218,0.1,37.218,96.72738997259391,13745596120,2026-05-01 01:11:32.661467,01/05/26,1:11:32
37545,0.09,37.545,95.88493807431082,13745633665,2026-05-01 01:12:10.206467,01/05/26,1:12:10
37444,0.1,37.444,96.14357440444397,13745671109,2026-05-01 01:12:47.650467,01/05/26,1:12:47
37478,0.1,37.478,96.05635306046214,13745708587,2026-05-01 01:13:25.128467,01/05/26,1:13:25
37492,0.1,37.492,96.02048436999894,13745746079,2026-05-01 01:14:02.620467,01/05/26,1:14:2
37515,0.09,37.515,95.96161535385846,13745783594,2026-05-01 01:14:40.135467,01/05/26,1:14:40
37556,0.09,37.556,95.8568537650442,13745821150,2026-05-01 01:15:17.691467,01/05/26,1:15:17
37485,0.1,37.485,96.03841536614645,13745858635,2026-05-01 01:15:55.176467,01/05/26,1:15:55
37445,0.1,37.445,96.14100680998799,13745896080,2026-05-01 01:16:32.621467,01/05/26,1:16:32
37552,0.09,37.552,95.86706433745206,13745933632,2026-05-01 01:17:10.173467,01/05/26,1:17:10
37552,0.09,37.552,95.86706433745206,13745971184,2026-05-01 01:17:47.725467,01/05/26,1:17:47
37625,0.09,37.625,95.68106312292359,13746008809,2026-05-01 01:18:25.350467,01/05/26,1:18:25
37510,0.09,37.51,95.97440682484671,13746046319,2026-05-01 01:19:02.860467,01/05/26,1:19:2
37406,0.1,37.406,96.24124472009838,13746083725,2026-05-01 01:19:40.266467,01/05/26,1:19:40
37478,0.1,37.478,96.05635306046214,13746121203,2026-05-01 01:20:17.744467,01/05/26,1:20:17
37441,0.1,37.441,96.15127801073689,13746158644,2026-05-01 01:20:55.185467,01/05/26,1:20:55
38148,0.09,38.148,94.36929852154766,13746196792,2026-05-01 01:21:33.333467,01/05/26,1:21:33
38147,0.09,38.147,94.37177235431358,13746234939,2026-05-01 01:22:11.480467,01/05/26,1:22:11
38200,0.09,38.2,94.24083769633508,13746273139,2026-05-01 01:22:49.680467,01/05/26,1:22:49
38161,0.09,38.161,94.3371504939598,13746311300,2026-05-01 01:23:27.841467,01/05/26,1:23:27
38231,0.09,38.231,94.16442154272711,13746349531,2026-05-01 01:24:06.072467,01/05/26,1:24:6
38419,0.09,38.419,93.70363622166116,13746387950,2026-05-01 01:24:44.491467,01/05/26,1:24:44
38494,0.09,38.494,93.52106821842365,13746426444,2026-05-01 01:25:22.985467,01/05/26,1:25:22
38501,0.09,38.501,93.50406482948495,13746464945,2026-05-01 01:26:01.486467,01/05/26,1:26:1
38462,0.09,38.462,93.59887681347824,13746503407,2026-05-01 01:26:39.948467,01/05/26,1:26:39
38244,0.09,38.244,94.13241292751805,13746541651,2026-05-01 01:27:18.192467,01/05/26,1:27:18
38275,0.09,38.275,94.05617243631613,13746579926,2026-05-01 01:27:56.467467,01/05/26,1:27:56
38638,0.09,38.638,93.17252445778767,13746618564,2026-05-01 01:28:35.105467,01/05/26,1:28:35
17964,0.2,17.964,200.40080160320642,13746636528,2026-05-01 01:28:53.069467,01/05/26,1:28:53
20916,0.17,20.916,172.1170395869191,13746657444,2026-05-01 01:29:13.985467,01/05/26,1:29:13
20919,0.17,20.919,172.0923562311774,13746678363,2026-05-01 01:29:34.904467,01/05/26,1:29:34
20966,0.17,20.966,171.7065725460269,13746699329,2026-05-01 01:29:55.870467,01/05/26,1:29:55
21198,0.17,21.198,169.82734220209454,13746720527,2026-05-01 01:30:17.068467,01/05/26,1:30:17
21431,0.17,21.431,167.98096215762214,13746741958,2026-05-01 01:30:38.499467,01/05/26,1:30:38
21622,0.17,21.622,166.49708630098974,13746763580,2026-05-01 01:31:00.121467,01/05/26,1:31:0
21724,0.17,21.724,165.7153378751611,13746785304,2026-05-01 01:31:21.845467,01/05/26,1:31:21
21742,0.17,21.742,165.57814368503358,13746807046,2026-05-01 01:31:43.587467,01/05/26,1:31:43
21909,0.16,21.909,164.31603450636726,13746828955,2026-05-01 01:32:05.496467,01/05/26,1:32:5
22020,0.16,22.02,163.48773841961852,13746850975,2026-05-01 01:32:27.516467,01/05/26,1:32:27
22037,0.16,22.037,163.36161909515815,13746873012,2026-05-01 01:32:49.553467,01/05/26,1:32:49
22068,0.16,22.068,163.1321370309951,13746895080,2026-05-01 01:33:11.621467,01/05/26,1:33:11
22230,0.16,22.23,161.94331983805668,13746917310,2026-05-01 01:33:33.851467,01/05/26,1:33:33
21751,0.17,21.751,165.50963174106937,13746939061,2026-05-01 01:33:55.602467,01/05/26,1:33:55
22009,0.16,22.009,163.56944886182924,13746961070,2026-05-01 01:34:17.611467,01/05/26,1:34:17
22071,0.16,22.071,163.10996330025824,13746983141,2026-05-01 01:34:39.682467,01/05/26,1:34:39
21693,0.17,21.693,165.9521504632831,13747004834,2026-05-01 01:35:01.375467,01/05/26,1:35:1
21801,0.17,21.801,165.1300399064263,13747026635,2026-05-01 01:35:23.176467,01/05/26,1:35:23
21940,0.16,21.94,164.08386508659981,13747048575,2026-05-01 01:35:45.116467,01/05/26,1:35:45
22037,0.16,22.037,163.36161909515815,13747070612,2026-05-01 01:36:07.153467,01/05/26,1:36:7
32929,0.11,32.929,109.326125907255,13747103541,2026-05-01 01:36:40.082467,01/05/26,1:36:40
36995,0.1,36.995,97.31044735775104,13747140536,2026-05-01 01:37:17.077467,01/05/26,1:37:17
36993,0.1,36.993,97.31570837726056,13747177529,2026-05-01 01:37:54.070467,01/05/26,1:37:54
36656,0.1,36.656,98.21038847664775,13747214185,2026-05-01 01:38:30.726467,01/05/26,1:38:30
36965,0.1,36.965,97.38942242661977,13747251150,2026-05-01 01:39:07.691467,01/05/26,1:39:7
36876,0.1,36.876,97.624471200781,13747288026,2026-05-01 01:39:44.567467,01/05/26,1:39:44
37216,0.1,37.216,96.73258813413585,13747325242,2026-05-01 01:40:21.783467,01/05/26,1:40:21
37198,0.1,37.198,96.77939674176031,13747362440,2026-05-01 01:40:58.981467,01/05/26,1:40:58
37221,0.1,37.221,96.71959377770614,13747399661,2026-05-01 01:41:36.202467,01/05/26,1:41:36
37262,0.1,37.262,96.61317159572755,13747436923,2026-05-01 01:42:13.464467,01/05/26,1:42:13
37400,0.1,37.4,96.2566844919786,13747474323,2026-05-01 01:42:50.864467,01/05/26,1:42:50
37323,0.1,37.323,96.45526886906197,13747511646,2026-05-01 01:43:28.187467,01/05/26,1:43:28
37209,0.1,37.209,96.75078610013706,13747548855,2026-05-01 01:44:05.396467,01/05/26,1:44:5
36896,0.1,36.896,97.57155247181267,13747585751,2026-05-01 01:44:42.292467,01/05/26,1:44:42
36239,0.1,36.239,99.34048952785673,13747621990,2026-05-01 01:45:18.531467,01/05/26,1:45:18
36798,0.1,36.798,97.83140388064568,13747658788,2026-05-01 01:45:55.329467,01/05/26,1:45:55
38163,0.09,38.163,94.33220658753243,13747696951,2026-05-01 01:46:33.492467,01/05/26,1:46:33
38567,0.09,38.567,93.34405061321856,13747735518,2026-05-01 01:47:12.059467,01/05/26,1:47:12
38477,0.09,38.477,93.56238792005614,13747773995,2026-05-01 01:47:50.536467,01/05/26,1:47:50
38804,0.09,38.804,92.77394083084218,13747812799,2026-05-01 01:48:29.340467,01/05/26,1:48:29
38674,0.09,38.674,93.08579407353778,13747851473,2026-05-01 01:49:08.014467,01/05/26,1:49:8
38449,0.09,38.449,93.63052355067752,13747889922,2026-05-01 01:49:46.463467,01/05/26,1:49:46
38948,0.09,38.948,92.43093355242888,13747928870,2026-05-01 01:50:25.411467,01/05/26,1:50:25
39615,0.09,39.615,90.87466868610375,13747968485,2026-05-01 01:51:05.026467,01/05/26,1:51:5
39535,0.09,39.535,91.05855571013026,13748008020,2026-05-01 01:51:44.561467,01/05/26,1:51:44
39684,0.09,39.684,90.71666162685213,13748047704,2026-05-01 01:52:24.245467,01/05/26,1:52:24
39655,0.09,39.655,90.78300340436263,13748087359,2026-05-01 01:53:03.900467,01/05/26,1:53:3
39608,0.09,39.608,90.89072914562715,13748126967,2026-05-01 01:53:43.508467,01/05/26,1:53:43
39814,0.09,39.814,90.42045511629075,13748166781,2026-05-01 01:54:23.322467,01/05/26,1:54:23
38569,0.09,38.569,93.33921024657108,13748205350,2026-05-01 01:55:01.891467,01/05/26,1:55:1
38984,0.09,38.984,92.34557767289144,13748244334,2026-05-01 01:55:40.875467,01/05/26,1:55:40
39584,0.09,39.584,90.94583670169766,13748283918,2026-05-01 01:56:20.459467,01/05/26,1:56:20
39661,0.09,39.661,90.7692695595169,13748323579,2026-05-01 01:57:00.120467,01/05/26,1:57:0
39658,0.09,39.658,90.7761359624792,13748363237,2026-05-01 01:57:39.778467,01/05/26,1:57:39
39794,0.09,39.794,90.46589938181636,13748403031,2026-05-01 01:58:19.572467,01/05/26,1:58:19
39790,0.09,39.79,90.47499371701433,13748442821,2026-05-01 01:58:59.362467,01/05/26,1:58:59
39595,0.09,39.595,90.92057077913879,13748482416,2026-05-01 01:59:38.957467,01/05/26,1:59:38
39241,0.09,39.241,91.7407813256543,13748521657,2026-05-01 02:00:18.198467,01/05/26,2:0:18
39649,0.09,39.649,90.79674140583622,13748561306,2026-05-01 02:00:57.847467,01/05/26,2:0:57
38850,0.09,38.85,92.66409266409266,13748600156,2026-05-01 02:01:36.697467,01/05/26,2:1:36
38307,0.09,38.307,93.97760200485551,13748638463,2026-05-01 02:02:15.004467,01/05/26,2:2:15
38695,0.09,38.695,93.0352758754361,13748677158,2026-05-01 02:02:53.699467,01/05/26,2:2:53
39076,0.09,39.076,92.12816050772852,13748716234,2026-05-01 02:03:32.775467,01/05/26,2:3:32
38931,0.09,38.931,92.47129536872929,13748755165,2026-05-01 02:04:11.706467,01/05/26,2:4:11
38831,0.09,38.831,92.70943318482655,13748793996,2026-05-01 02:04:50.537467,01/05/26,2:4:50
38363,0.09,38.363,93.84041915387222,13748832359,2026-05-01 02:05:28.900467,01/05/26,2:5:28
38866,0.09,38.866,92.62594555652755,13748871225,2026-05-01 02:06:07.766467,01/05/26,2:6:7
38815,0.09,38.815,92.74764910472756,13748910040,2026-05-01 02:06:46.581467,01/05/26,2:6:46
38849,0.09,38.849,92.66647790161909,13748948889,2026-05-01 02:07:25.430467,01/05/26,2:7:25
38987,0.09,38.987,92.33847179829174,13748987876,2026-05-01 02:08:04.417467,01/05/26,2:8:4
38870,0.09,38.87,92.6164136866478,13749026746,2026-05-01 02:08:43.287467,01/05/26,2:8:43
38922,0.09,38.922,92.49267766301834,13749065668,2026-05-01 02:09:22.209467,01/05/26,2:9:22
38938,0.09,38.938,92.45467152909754,13749104606,2026-05-01 02:10:01.147467,01/05/26,2:10:1
38613,0.09,38.613,93.2328490404786,13749143219,2026-05-01 02:10:39.760467,01/05/26,2:10:39
38589,0.09,38.589,93.29083417554226,13749181808,2026-05-01 02:11:18.349467,01/05/26,2:11:18
38825,0.09,38.825,92.7237604636188,13749220633,2026-05-01 02:11:57.174467,01/05/26,2:11:57
39889,0.09,39.889,90.25044498483291,13749260522,2026-05-01 02:12:37.063467,01/05/26,2:12:37
39809,0.09,39.809,90.43181190183124,13749300331,2026-05-01 02:13:16.872467,01/05/26,2:13:16
39085,0.09,39.085,92.10694639887424,13749339416,2026-05-01 02:13:55.957467,01/05/26,2:13:55
39211,0.09,39.211,91.81097141108363,13749378627,2026-05-01 02:14:35.168467,01/05/26,2:14:35
39253,0.09,39.253,91.71273533233129,13749417880,2026-05-01 02:15:14.421467,01/05/26,2:15:14
39212,0.09,39.212,91.80863001122106,13749457092,2026-05-01 02:15:53.633467,01/05/26,2:15:53
39318,0.09,39.318,91.56111704562795,13749496410,2026-05-01 02:16:32.951467,01/05/26,2:16:32
39260,0.09,39.26,91.69638308711157,13749535670,2026-05-01 02:17:12.211467,01/05/26,2:17:12
39122,0.09,39.122,92.01983538673892,13749574792,2026-05-01 02:17:51.333467,01/05/26,2:17:51
24962,0.14,24.962,144.2192132040702,13749599754,2026-05-01 02:18:16.295467,01/05/26,2:18:16
20734,0.17,20.734,173.62785762515674,13749620488,2026-05-01 02:18:37.029467,01/05/26,2:18:37
20763,0.17,20.763,173.38534893801474,13749641251,2026-05-01 02:18:57.792467,01/05/26,2:18:57
20862,0.17,20.862,172.5625539257981,13749662113,2026-05-01 02:19:18.654467,01/05/26,2:19:18
20958,0.17,20.958,171.7721156598912,13749683071,2026-05-01 02:19:39.612467,01/05/26,2:19:39
21259,0.17,21.259,169.3400442165671,13749704330,2026-05-01 02:20:00.871467,01/05/26,2:20:0
21406,0.17,21.406,168.1771465944128,13749725736,2026-05-01 02:20:22.277467,01/05/26,2:20:22
21665,0.17,21.665,166.1666282021694,13749747401,2026-05-01 02:20:43.942467,01/05/26,2:20:43
21769,0.17,21.769,165.37277780329828,13749769170,2026-05-01 02:21:05.711467,01/05/26,2:21:5
22140,0.16,22.14,162.60162601626016,13749791310,2026-05-01 02:21:27.851467,01/05/26,2:21:27
22315,0.16,22.315,161.32646202106207,13749813625,2026-05-01 02:21:50.166467,01/05/26,2:21:50
22411,0.16,22.411,160.63540225781983,13749836036,2026-05-01 02:22:12.577467,01/05/26,2:22:12
22558,0.16,22.558,159.5886160120578,13749858594,2026-05-01 02:22:35.135467,01/05/26,2:22:35
22516,0.16,22.516,159.88630307337004,13749881110,2026-05-01 02:22:57.651467,01/05/26,2:22:57
22668,0.16,22.668,158.81418740074113,13749903778,2026-05-01 02:23:20.319467,01/05/26,2:23:20
22461,0.16,22.461,160.2778148791238,13749926239,2026-05-01 02:23:42.780467,01/05/26,2:23:42
22242,0.16,22.242,161.85594820609657,13749948481,2026-05-01 02:24:05.022467,01/05/26,2:24:5
22576,0.16,22.576,159.46137491141036,13749971057,2026-05-01 02:24:27.598467,01/05/26,2:24:27
22949,0.16,22.949,156.8695803738725,13749994006,2026-05-01 02:24:50.547467,01/05/26,2:24:50
23027,0.16,23.027,156.3382116645677,13750017033,2026-05-01 02:25:13.574467,01/05/26,2:25:13
23096,0.16,23.096,155.87114651887774,13750040129,2026-05-01 02:25:36.670467,01/05/26,2:25:36
35071,0.1,35.071,102.64891220666648,13750075200,2026-05-01 02:26:11.741467,01/05/26,2:26:11
39692,0.09,39.692,90.69837750680237,13750114892,2026-05-01 02:26:51.433467,01/05/26,2:26:51
39421,0.09,39.421,91.32188427487887,13750154313,2026-05-01 02:27:30.854467,01/05/26,2:27:30
39119,0.09,39.119,92.02689230297298,13750193432,2026-05-01 02:28:09.973467,01/05/26,2:28:9
39541,0.09,39.541,91.0447383728282,13750232973,2026-05-01 02:28:49.514467,01/05/26,2:28:49
39935,0.09,39.935,90.14648804307,13750272908,2026-05-01 02:29:29.449467,01/05/26,2:29:29
38882,0.09,38.882,92.58782984414383,13750311790,2026-05-01 02:30:08.331467,01/05/26,2:30:8
39399,0.09,39.399,91.3728774842001,13750351189,2026-05-01 02:30:47.730467,01/05/26,2:30:47
39767,0.09,39.767,90.5273216486031,13750390956,2026-05-01 02:31:27.497467,01/05/26,2:31:27
39930,0.09,39.93,90.15777610818932,13750430886,2026-05-01 02:32:07.427467,01/05/26,2:32:7
39977,0.09,39.977,90.05177977336969,13750470863,2026-05-01 02:32:47.404467,01/05/26,2:32:47
39067,0.09,39.067,92.14938439091817,13750509930,2026-05-01 02:33:26.471467,01/05/26,2:33:26
39870,0.09,39.87,90.29345372460497,13750549800,2026-05-01 02:34:06.341467,01/05/26,2:34:6
39799,0.09,39.799,90.45453403351843,13750589599,2026-05-01 02:34:46.140467,01/05/26,2:34:46
38311,0.09,38.311,93.96778992978518,13750627910,2026-05-01 02:35:24.451467,01/05/26,2:35:24
38674,0.09,38.674,93.08579407353778,13750666584,2026-05-01 02:36:03.125467,01/05/26,2:36:3
37888,0.09,37.888,95.01689189189189,13750704472,2026-05-01 02:36:41.013467,01/05/26,2:36:41
38581,0.09,38.581,93.31017858531402,13750743053,2026-05-01 02:37:19.594467,01/05/26,2:37:19
38643,0.09,38.643,93.1604689076935,13750781696,2026-05-01 02:37:58.237467,01/05/26,2:37:58
38760,0.09,38.76,92.87925696594428,13750820456,2026-05-01 02:38:36.997467,01/05/26,2:38:36
38967,0.09,38.967,92.38586496266072,13750859423,2026-05-01 02:39:15.964467,01/05/26,2:39:15
38866,0.09,38.866,92.62594555652755,13750898289,2026-05-01 02:39:54.830467,01/05/26,2:39:54
38931,0.09,38.931,92.47129536872929,13750937220,2026-05-01 02:40:33.761467,01/05/26,2:40:33
39001,0.09,39.001,92.30532550447424,13750976221,2026-05-01 02:41:12.762467,01/05/26,2:41:12
38715,0.09,38.715,92.98721425803951,13751014936,2026-05-01 02:41:51.477467,01/05/26,2:41:51
39244,0.09,39.244,91.73376821934563,13751054180,2026-05-01 02:42:30.721467,01/05/26,2:42:30
39206,0.09,39.206,91.82268020200989,13751093386,2026-05-01 02:43:09.927467,01/05/26,2:43:9
39241,0.09,39.241,91.7407813256543,13751132627,2026-05-01 02:43:49.168467,01/05/26,2:43:49
39316,0.09,39.316,91.56577474819412,13751171943,2026-05-01 02:44:28.484467,01/05/26,2:44:28
39286,0.09,39.286,91.63569719492949,13751211229,2026-05-01 02:45:07.770467,01/05/26,2:45:7
39091,0.09,39.091,92.09280908649049,13751250320,2026-05-01 02:45:46.861467,01/05/26,2:45:46
39445,0.09,39.445,91.26632019267335,13751289765,2026-05-01 02:46:26.306467,01/05/26,2:46:26
39507,0.09,39.507,91.12309211025894,13751329272,2026-05-01 02:47:05.813467,01/05/26,2:47:5
39840,0.09,39.84,90.36144578313252,13751369112,2026-05-01 02:47:45.653467,01/05/26,2:47:45
40134,0.09,40.134,89.69950665271341,13751409246,2026-05-01 02:48:25.787467,01/05/26,2:48:25
40188,0.09,40.188,89.57897879964169,13751449434,2026-05-01 02:49:05.975467,01/05/26,2:49:5
40374,0.09,40.374,89.16629514043692,13751489808,2026-05-01 02:49:46.349467,01/05/26,2:49:46
40408,0.09,40.408,89.09126905563255,13751530216,2026-05-01 02:50:26.757467,01/05/26,2:50:26
40207,0.09,40.207,89.53664784738976,13751570423,2026-05-01 02:51:06.964467,01/05/26,2:51:6
40326,0.09,40.326,89.27242969796161,13751610749,2026-05-01 02:51:47.290467,01/05/26,2:51:47
40516,0.09,40.516,88.85378615855464,13751651265,2026-05-01 02:52:27.806467,01/05/26,2:52:27
40188,0.09,40.188,89.57897879964169,13751691453,2026-05-01 02:53:07.994467,01/05/26,2:53:7
40082,0.09,40.082,89.81587745122499,13751731535,2026-05-01 02:53:48.076467,01/05/26,2:53:48
39996,0.09,39.996,90.00900090009002,13751771531,2026-05-01 02:54:28.072467,01/05/26,2:54:28
40103,0.09,40.103,89.76884522354936,13751811634,2026-05-01 02:55:08.175467,01/05/26,2:55:8
39493,0.09,39.493,91.15539462689591,13751851127,2026-05-01 02:55:47.668467,01/05/26,2:55:47
39107,0.09,39.107,92.05513079499833,13751890234,2026-05-01 02:56:26.775467,01/05/26,2:56:26
38885,0.09,38.885,92.58068664009258,13751929119,2026-05-01 02:57:05.660467,01/05/26,2:57:5
38846,0.09,38.846,92.67363435102713,13751967965,2026-05-01 02:57:44.506467,01/05/26,2:57:44
38871,0.09,38.871,92.6140310257004,13752006836,2026-05-01 02:58:23.377467,01/05/26,2:58:23
38979,0.09,38.979,92.35742322789194,13752045815,2026-05-01 02:59:02.356467,01/05/26,2:59:2
38645,0.09,38.645,93.15564756113339,13752084460,2026-05-01 02:59:41.001467,01/05/26,2:59:41
38969,0.09,38.969,92.38112345710694,13752123429,2026-05-01 03:00:19.970467,01/05/26,3:0:19
39372,0.09,39.372,91.43553794574825,13752162801,2026-05-01 03:00:59.342467,01/05/26,3:0:59
38476,0.09,38.476,93.56481962781994,13752201277,2026-05-01 03:01:37.818467,01/05/26,3:1:37
38249,0.09,38.249,94.12010771523438,13752239526,2026-05-01 03:02:16.067467,01/05/26,3:2:16
37550,0.09,37.55,95.87217043941412,13752277076,2026-05-01 03:02:53.617467,01/05/26,3:2:53
37927,0.09,37.927,94.91918685896592,13752315003,2026-05-01 03:03:31.544467,01/05/26,3:3:31
38139,0.09,38.139,94.39156768662,13752353142,2026-05-01 03:04:09.683467,01/05/26,3:4:9
37864,0.09,37.864,95.07711810690894,13752391006,2026-05-01 03:04:47.547467,01/05/26,3:4:47
38270,0.09,38.27,94.06846093545859,13752429276,2026-05-01 03:05:25.817467,01/05/26,3:5:25
37962,0.09,37.962,94.8316737790422,13752467238,2026-05-01 03:06:03.779467,01/05/26,3:6:3
38127,0.09,38.127,94.42127626091747,13752505365,2026-05-01 03:06:41.906467,01/05/26,3:6:41
38234,0.09,38.234,94.15703300727101,13752543599,2026-05-01 03:07:20.140467,01/05/26,3:7:20
38695,0.09,38.695,93.0352758754361,13752582294,2026-05-01 03:07:58.835467,01/05/26,3:7:58
28702,0.12,28.702,125.42679952616542,13752610996,2026-05-01 03:08:27.537467,01/05/26,3:8:27
21180,0.17,21.18,169.97167138810198,13752632176,2026-05-01 03:08:48.717467,01/05/26,3:8:48
21160,0.17,21.16,170.13232514177693,13752653336,2026-05-01 03:09:09.877467,01/05/26,3:9:9
21263,0.17,21.263,169.3081879320886,13752674599,2026-05-01 03:09:31.140467,01/05/26,3:9:31
21276,0.17,21.276,169.20473773265653,13752695875,2026-05-01 03:09:52.416467,01/05/26,3:9:52
21504,0.17,21.504,167.41071428571428,13752717379,2026-05-01 03:10:13.920467,01/05/26,3:10:13
21624,0.17,21.624,166.48168701442842,13752739003,2026-05-01 03:10:35.544467,01/05/26,3:10:35
21902,0.16,21.902,164.36855081727697,13752760905,2026-05-01 03:10:57.446467,01/05/26,3:10:57
21900,0.16,21.9,164.3835616438356,13752782805,2026-05-01 03:11:19.346467,01/05/26,3:11:19
21940,0.16,21.94,164.08386508659981,13752804745,2026-05-01 03:11:41.286467,01/05/26,3:11:41
22047,0.16,22.047,163.28752211185196,13752826792,2026-05-01 03:12:03.333467,01/05/26,3:12:3
22597,0.16,22.597,159.313183165907,13752849389,2026-05-01 03:12:25.930467,01/05/26,3:12:25
22615,0.16,22.615,159.18638072076055,13752872004,2026-05-01 03:12:48.545467,01/05/26,3:12:48
22730,0.16,22.73,158.3809942806863,13752894734,2026-05-01 03:13:11.275467,01/05/26,3:13:11
22502,0.16,22.502,159.98577904186294,13752917236,2026-05-01 03:13:33.777467,01/05/26,3:13:33
22572,0.16,22.572,159.4896331738437,13752939808,2026-05-01 03:13:56.349467,01/05/26,3:13:56
22610,0.16,22.61,159.2215833701902,13752962418,2026-05-01 03:14:18.959467,01/05/26,3:14:18
22769,0.16,22.769,158.10971057139093,13752985187,2026-05-01 03:14:41.728467,01/05/26,3:14:41
22895,0.16,22.895,157.239571958943,13753008082,2026-05-01 03:15:04.623467,01/05/26,3:15:4
23007,0.16,23.007,156.47411657321686,13753031089,2026-05-01 03:15:27.630467,01/05/26,3:15:27
29099,0.12,29.099,123.71559160108595,13753060188,2026-05-01 03:15:56.729467,01/05/26,3:15:56
39592,0.09,39.592,90.92746009294807,13753099780,2026-05-01 03:16:36.321467,01/05/26,3:16:36
39336,0.09,39.336,91.51921903599757,13753139116,2026-05-01 03:17:15.657467,01/05/26,3:17:15
39324,0.09,39.324,91.547146780592,13753178440,2026-05-01 03:17:54.981467,01/05/26,3:17:54
39688,0.09,39.688,90.70751864543439,13753218128,2026-05-01 03:18:34.669467,01/05/26,3:18:34
39783,0.09,39.783,90.49091320413241,13753257911,2026-05-01 03:19:14.452467,01/05/26,3:19:14
39313,0.09,39.313,91.57276219062396,13753297224,2026-05-01 03:19:53.765467,01/05/26,3:19:53
39529,0.09,39.529,91.07237724202484,13753336753,2026-05-01 03:20:33.294467,01/05/26,3:20:33
39489,0.09,39.489,91.16462812428777,13753376242,2026-05-01 03:21:12.783467,01/05/26,3:21:12
39751,0.09,39.751,90.56375940227919,13753415993,2026-05-01 03:21:52.534467,01/05/26,3:21:52
40338,0.09,40.338,89.2458723784025,13753456331,2026-05-01 03:22:32.872467,01/05/26,3:22:32
40419,0.09,40.419,89.06702293475841,13753496750,2026-05-01 03:23:13.291467,01/05/26,3:23:13
40178,0.09,40.178,89.60127432923491,13753536928,2026-05-01 03:23:53.469467,01/05/26,3:23:53
40575,0.09,40.575,88.72458410351202,13753577503,2026-05-01 03:24:34.044467,01/05/26,3:24:34
40397,0.09,40.397,89.11552838082036,13753617900,2026-05-01 03:25:14.441467,01/05/26,3:25:14
40538,0.09,40.538,88.80556514874932,13753658438,2026-05-01 03:25:54.979467,01/05/26,3:25:54
40336,0.09,40.336,89.25029750099166,13753698774,2026-05-01 03:26:35.315467,01/05/26,3:26:35
40131,0.09,40.131,89.70621215519175,13753738905,2026-05-01 03:27:15.446467,01/05/26,3:27:15
40460,0.09,40.46,88.97676717745922,13753779365,2026-05-01 03:27:55.906467,01/05/26,3:27:55
40552,0.09,40.552,88.77490629315447,13753819917,2026-05-01 03:28:36.458467,01/05/26,3:28:36
40526,0.09,40.526,88.83186102748853,13753860443,2026-05-01 03:29:16.984467,01/05/26,3:29:16
40342,0.09,40.342,89.23702344950672,13753900785,2026-05-01 03:29:57.326467,01/05/26,3:29:57
39094,0.09,39.094,92.08574205760475,13753939879,2026-05-01 03:30:36.420467,01/05/26,3:30:36
39598,0.09,39.598,90.91368250921764,13753979477,2026-05-01 03:31:16.018467,01/05/26,3:31:16
40286,0.09,40.286,89.36106836121729,13754019763,2026-05-01 03:31:56.304467,01/05/26,3:31:56
40558,0.09,40.558,88.76177326298141,13754060321,2026-05-01 03:32:36.862467,01/05/26,3:32:36
40498,0.09,40.498,88.89327868042866,13754100819,2026-05-01 03:33:17.360467,01/05/26,3:33:17
40401,0.09,40.401,89.10670527957228,13754141220,2026-05-01 03:33:57.761467,01/05/26,3:33:57
40134,0.09,40.134,89.69950665271341,13754181354,2026-05-01 03:34:37.895467,01/05/26,3:34:37
39548,0.09,39.548,91.02862344492769,13754220902,2026-05-01 03:35:17.443467,01/05/26,3:35:17
40019,0.09,40.019,89.95727029660911,13754260921,2026-05-01 03:35:57.462467,01/05/26,3:35:57
40408,0.09,40.408,89.09126905563255,13754301329,2026-05-01 03:36:37.870467,01/05/26,3:36:37
40297,0.09,40.297,89.33667518673846,13754341626,2026-05-01 03:37:18.167467,01/05/26,3:37:18
40213,0.09,40.213,89.52328848879715,13754381839,2026-05-01 03:37:58.380467,01/05/26,3:37:58
40504,0.09,40.504,88.88011060635986,13754422343,2026-05-01 03:38:38.884467,01/05/26,3:38:38
40478,0.09,40.478,88.93720045456791,13754462821,2026-05-01 03:39:19.362467,01/05/26,3:39:19
40500,0.09,40.5,88.88888888888889,13754503321,2026-05-01 03:39:59.862467,01/05/26,3:39:59
40152,0.09,40.152,89.65929468021518,13754543473,2026-05-01 03:40:40.014467,01/05/26,3:40:40
40280,0.09,40.28,89.37437934458788,13754583753,2026-05-01 03:41:20.294467,01/05/26,3:41:20
40294,0.09,40.294,89.34332654985855,13754624047,2026-05-01 03:42:00.588467,01/05/26,3:42:0
40046,0.09,40.046,89.89661888827848,13754664093,2026-05-01 03:42:40.634467,01/05/26,3:42:40
40405,0.09,40.405,89.09788392525678,13754704498,2026-05-01 03:43:21.039467,01/05/26,3:43:21
39894,0.09,39.894,90.23913370431644,13754744392,2026-05-01 03:44:00.933467,01/05/26,3:44:0
39663,0.09,39.663,90.76469253460404,13754784055,2026-05-01 03:44:40.596467,01/05/26,3:44:40
40459,0.09,40.459,88.97896636100744,13754824514,2026-05-01 03:45:21.055467,01/05/26,3:45:21
39004,0.09,39.004,92.2982258229925,13754863518,2026-05-01 03:46:00.059467,01/05/26,3:46:0
39255,0.09,39.255,91.70806266717615,13754902773,2026-05-01 03:46:39.314467,01/05/26,3:46:39
40399,0.09,40.399,89.11111661179733,13754943172,2026-05-01 03:47:19.713467,01/05/26,3:47:19
40564,0.09,40.564,88.74864411793709,13754983736,2026-05-01 03:48:00.277467,01/05/26,3:48:0
40190,0.09,40.19,89.57452102513064,13755023926,2026-05-01 03:48:40.467467,01/05/26,3:48:40
40402,0.09,40.402,89.10449977723876,13755064328,2026-05-01 03:49:20.869467,01/05/26,3:49:20
40580,0.09,40.58,88.71365204534253,13755104908,2026-05-01 03:50:01.449467,01/05/26,3:50:1
40232,0.09,40.232,89.48101014118114,13755145140,2026-05-01 03:50:41.681467,01/05/26,3:50:41
40156,0.09,40.156,89.65036358203008,13755185296,2026-05-01 03:51:21.837467,01/05/26,3:51:21
40560,0.09,40.56,88.75739644970415,13755225856,2026-05-01 03:52:02.397467,01/05/26,3:52:2
40582,0.09,40.582,88.70927997634419,13755266438,2026-05-01 03:52:42.979467,01/05/26,3:52:42
40049,0.09,40.049,89.88988489100852,13755306487,2026-05-01 03:53:23.028467,01/05/26,3:53:23
40124,0.09,40.124,89.721862227096,13755346611,2026-05-01 03:54:03.152467,01/05/26,3:54:3
40228,0.09,40.228,89.48990752709555,13755386839,2026-05-01 03:54:43.380467,01/05/26,3:54:43
39617,0.09,39.617,90.87008102582224,13755426456,2026-05-01 03:55:22.997467,01/05/26,3:55:22
39131,0.09,39.131,91.9986711303059,13755465587,2026-05-01 03:56:02.128467,01/05/26,3:56:2
38897,0.09,38.897,92.55212484253285,13755504484,2026-05-01 03:56:41.025467,01/05/26,3:56:41
38794,0.09,38.794,92.7978553384544,13755543278,2026-05-01 03:57:19.819467,01/05/26,3:57:19
32466,0.11,32.466,110.88523378303456,13755575744,2026-05-01 03:57:52.285467,01/05/26,3:57:52
20924,0.17,20.924,172.05123303383675,13755596668,2026-05-01 03:58:13.209467,01/05/26,3:58:13
21097,0.17,21.097,170.6403754088259,13755617765,2026-05-01 03:58:34.306467,01/05/26,3:58:34
21107,0.17,21.107,170.5595300137395,13755638872,2026-05-01 03:58:55.413467,01/05/26,3:58:55
21161,0.17,21.161,170.12428524171827,13755660033,2026-05-01 03:59:16.574467,01/05/26,3:59:16
21289,0.17,21.289,169.10141387571045,13755681322,2026-05-01 03:59:37.863467,01/05/26,3:59:37
21443,0.17,21.443,167.8869561162151,13755702765,2026-05-01 03:59:59.306467,01/05/26,3:59:59
21611,0.17,21.611,166.5818333256212,13755724376,2026-05-01 04:00:20.917467,01/05/26,4:0:20
21833,0.16,21.833,164.8880135574589,13755746209,2026-05-01 04:00:42.750467,01/05/26,4:0:42
21859,0.16,21.859,164.69188892447048,13755768068,2026-05-01 04:01:04.609467,01/05/26,4:1:4
21409,0.17,21.409,168.15358026997993,13755789477,2026-05-01 04:01:26.018467,01/05/26,4:1:26
21786,0.17,21.786,165.24373450839988,13755811263,2026-05-01 04:01:47.804467,01/05/26,4:1:47
21738,0.17,21.738,165.60861164780567,13755833001,2026-05-01 04:02:09.542467,01/05/26,4:2:9
21962,0.16,21.962,163.91949731354157,13755854963,2026-05-01 04:02:31.504467,01/05/26,4:2:31
21790,0.17,21.79,165.21340064249657,13755876753,2026-05-01 04:02:53.294467,01/05/26,4:2:53
21927,0.16,21.927,164.18114653167328,13755898680,2026-05-01 04:03:15.221467,01/05/26,4:3:15
22062,0.16,22.062,163.17650258362795,13755920742,2026-05-01 04:03:37.283467,01/05/26,4:3:37
22295,0.16,22.295,161.47118187934515,13755943037,2026-05-01 04:03:59.578467,01/05/26,4:3:59
22319,0.16,22.319,161.29754917335006,13755965356,2026-05-01 04:04:21.897467,01/05/26,4:4:21
22410,0.16,22.41,160.6425702811245,13755987766,2026-05-01 04:04:44.307467,01/05/26,4:4:44
22400,0.16,22.4,160.71428571428572,13756010166,2026-05-01 04:05:06.707467,01/05/26,4:5:6
22430,0.16,22.43,160.49933125278645,13756032596,2026-05-01 04:05:29.137467,01/05/26,4:5:29
36122,0.1,36.122,99.66225568905377,13756068718,2026-05-01 04:06:05.259467,01/05/26,4:6:5
38081,0.09,38.081,94.53533258055198,13756106799,2026-05-01 04:06:43.340467,01/05/26,4:6:43
39411,0.09,39.411,91.34505594884676,13756146210,2026-05-01 04:07:22.751467,01/05/26,4:7:22
39526,0.09,39.526,91.07928958154126,13756185736,2026-05-01 04:08:02.277467,01/05/26,4:8:2
39264,0.09,39.264,91.68704156479218,13756225000,2026-05-01 04:08:41.541467,01/05/26,4:8:41
39396,0.09,39.396,91.37983551629607,13756264396,2026-05-01 04:09:20.937467,01/05/26,4:9:20
39191,0.09,39.191,91.85782450052308,13756303587,2026-05-01 04:10:00.128467,01/05/26,4:10:0
39514,0.09,39.514,91.10694943564306,13756343101,2026-05-01 04:10:39.642467,01/05/26,4:10:39
39465,0.09,39.465,91.22006841505132,13756382566,2026-05-01 04:11:19.107467,01/05/26,4:11:19
39332,0.09,39.332,91.5285263907251,13756421898,2026-05-01 04:11:58.439467,01/05/26,4:11:58
39615,0.09,39.615,90.87466868610375,13756461513,2026-05-01 04:12:38.054467,01/05/26,4:12:38
39563,0.09,39.563,90.99411065894901,13756501076,2026-05-01 04:13:17.617467,01/05/26,4:13:17
38961,0.09,38.961,92.4000924000924,13756540037,2026-05-01 04:13:56.578467,01/05/26,4:13:56
38406,0.09,38.406,93.73535385096079,13756578443,2026-05-01 04:14:34.984467,01/05/26,4:14:34
38162,0.09,38.162,94.33467847597086,13756616605,2026-05-01 04:15:13.146467,01/05/26,4:15:13
38884,0.09,38.884,92.58306758563934,13756655489,2026-05-01 04:15:52.030467,01/05/26,4:15:52
38896,0.09,38.896,92.5545043192102,13756694385,2026-05-01 04:16:30.926467,01/05/26,4:16:30
38791,0.09,38.791,92.8050320950736,13756733176,2026-05-01 04:17:09.717467,01/05/26,4:17:9
38369,0.09,38.369,93.8257447418489,13756771545,2026-05-01 04:17:48.086467,01/05/26,4:17:48
38231,0.09,38.231,94.16442154272711,13756809776,2026-05-01 04:18:26.317467,01/05/26,4:18:26
38429,0.09,38.429,93.67925264773999,13756848205,2026-05-01 04:19:04.746467,01/05/26,4:19:4
38771,0.09,38.771,92.85290552216863,13756886976,2026-05-01 04:19:43.517467,01/05/26,4:19:43
38866,0.09,38.866,92.62594555652755,13756925842,2026-05-01 04:20:22.383467,01/05/26,4:20:22
39049,0.09,39.049,92.19186150733694,13756964891,2026-05-01 04:21:01.432467,01/05/26,4:21:1
38675,0.09,38.675,93.08338720103426,13757003566,2026-05-01 04:21:40.107467,01/05/26,4:21:40
39267,0.09,39.267,91.68003667201467,13757042833,2026-05-01 04:22:19.374467,01/05/26,4:22:19
39710,0.09,39.71,90.65726517250063,13757082543,2026-05-01 04:22:59.084467,01/05/26,4:22:59
40425,0.09,40.425,89.05380333951763,13757122968,2026-05-01 04:23:39.509467,01/05/26,4:23:39
40543,0.09,40.543,88.79461312680364,13757163511,2026-05-01 04:24:20.052467,01/05/26,4:24:20
40552,0.09,40.552,88.77490629315447,13757204063,2026-05-01 04:25:00.604467,01/05/26,4:25:0
40362,0.09,40.362,89.19280511372082,13757244425,2026-05-01 04:25:40.966467,01/05/26,4:25:40
40496,0.09,40.496,88.89766890557092,13757284921,2026-05-01 04:26:21.462467,01/05/26,4:26:21
40314,0.09,40.314,89.29900282780176,13757325235,2026-05-01 04:27:01.776467,01/05/26,4:27:1
38973,0.09,38.973,92.37164190593488,13757364208,2026-05-01 04:27:40.749467,01/05/26,4:27:40
38838,0.09,38.838,92.69272362119574,13757403046,2026-05-01 04:28:19.587467,01/05/26,4:28:19
39333,0.09,39.333,91.52619937457096,13757442379,2026-05-01 04:28:58.920467,01/05/26,4:28:58
39530,0.09,39.53,91.07007336200354,13757481909,2026-05-01 04:29:38.450467,01/05/26,4:29:38
39211,0.09,39.211,91.81097141108363,13757521120,2026-05-01 04:30:17.661467,01/05/26,4:30:17
39303,0.09,39.303,91.59606136936112,13757560423,2026-05-01 04:30:56.964467,01/05/26,4:30:56
39250,0.09,39.25,91.71974522292993,13757599673,2026-05-01 04:31:36.214467,01/05/26,4:31:36
39360,0.09,39.36,91.46341463414635,13757639033,2026-05-01 04:32:15.574467,01/05/26,4:32:15
38278,0.09,38.278,94.0488008777888,13757677311,2026-05-01 04:32:53.852467,01/05/26,4:32:53
37902,0.09,37.902,94.98179515592845,13757715213,2026-05-01 04:33:31.754467,01/05/26,4:33:31
39177,0.09,39.177,91.89065012634964,13757754390,2026-05-01 04:34:10.931467,01/05/26,4:34:10
39335,0.09,39.335,91.52154569721623,13757793725,2026-05-01 04:34:50.266467,01/05/26,4:34:50
39557,0.09,39.557,91.00791263240387,13757833282,2026-05-01 04:35:29.823467,01/05/26,4:35:29
39592,0.09,39.592,90.92746009294807,13757872874,2026-05-01 04:36:09.415467,01/05/26,4:36:9
39411,0.09,39.411,91.34505594884676,13757912285,2026-05-01 04:36:48.826467,01/05/26,4:36:48
37603,0.09,37.603,95.73704225726671,13757949888,2026-05-01 04:37:26.429467,01/05/26,4:37:26
38211,0.09,38.211,94.21370809452776,13757988099,2026-05-01 04:38:04.640467,01/05/26,4:38:4
38283,0.09,38.283,94.03651751430138,13758026382,2026-05-01 04:38:42.923467,01/05/26,4:38:42
38980,0.09,38.98,92.35505387378143,13758065362,2026-05-01 04:39:21.903467,01/05/26,4:39:21
38765,0.09,38.765,92.86727718302592,13758104127,2026-05-01 04:40:00.668467,01/05/26,4:40:0
39103,0.09,39.103,92.06454747717567,13758143230,2026-05-01 04:40:39.771467,01/05/26,4:40:39
39120,0.09,39.12,92.02453987730061,13758182350,2026-05-01 04:41:18.891467,01/05/26,4:41:18
39128,0.09,39.128,92.00572480065426,13758221478,2026-05-01 04:41:58.019467,01/05/26,4:41:58
39061,0.09,39.061,92.16353907990067,13758260539,2026-05-01 04:42:37.080467,01/05/26,4:42:37
38789,0.09,38.789,92.80981721622109,13758299328,2026-05-01 04:43:15.869467,01/05/26,4:43:15
38928,0.09,38.928,92.47842170160295,13758338256,2026-05-01 04:43:54.797467,01/05/26,4:43:54
38943,0.09,38.943,92.44280101687082,13758377199,2026-05-01 04:44:33.740467,01/05/26,4:44:33
38914,0.09,38.914,92.51169245001799,13758416113,2026-05-01 04:45:12.654467,01/05/26,4:45:12
38697,0.09,38.697,93.03046747809908,13758454810,2026-05-01 04:45:51.351467,01/05/26,4:45:51
38800,0.09,38.8,92.78350515463917,13758493610,2026-05-01 04:46:30.151467,01/05/26,4:46:30
39310,0.09,39.31,91.57975069956754,13758532920,2026-05-01 04:47:09.461467,01/05/26,4:47:9
38151,0.09,38.151,94.36187780136825,13758571071,2026-05-01 04:47:47.612467,01/05/26,4:47:47
20889,0.17,20.889,172.33950883239982,13758591960,2026-05-01 04:48:08.501467,01/05/26,4:48:8
20751,0.17,20.751,173.48561515107707,13758612711,2026-05-01 04:48:29.252467,01/05/26,4:48:29
21027,0.17,21.027,171.20844628334999,13758633738,2026-05-01 04:48:50.279467,01/05/26,4:48:50
21094,0.17,21.094,170.66464397458992,13758654832,2026-05-01 04:49:11.373467,01/05/26,4:49:11
21192,0.17,21.192,169.8754246885617,13758676024,2026-05-01 04:49:32.565467,01/05/26,4:49:32
21498,0.17,21.498,167.4574379012001,13758697522,2026-05-01 04:49:54.063467,01/05/26,4:49:54
21589,0.17,21.589,166.75158645606558,13758719111,2026-05-01 04:50:15.652467,01/05/26,4:50:15
21834,0.16,21.834,164.88046166529267,13758740945,2026-05-01 04:50:37.486467,01/05/26,4:50:37
21878,0.16,21.878,164.54886187037206,13758762823,2026-05-01 04:50:59.364467,01/05/26,4:50:59
21937,0.16,21.937,164.1063044171947,13758784760,2026-05-01 04:51:21.301467,01/05/26,4:51:21
22066,0.16,22.066,163.14692286776037,13758806826,2026-05-01 04:51:43.367467,01/05/26,4:51:43
22091,0.16,22.091,162.96229233624553,13758828917,2026-05-01 04:52:05.458467,01/05/26,4:52:5
22109,0.16,22.109,162.8296168980958,13758851026,2026-05-01 04:52:27.567467,01/05/26,4:52:27
22292,0.16,22.292,161.49291225551767,13758873318,2026-05-01 04:52:49.859467,01/05/26,4:52:49
22371,0.16,22.371,160.92262303875552,13758895689,2026-05-01 04:53:12.230467,01/05/26,4:53:12
22423,0.16,22.423,160.54943584712126,13758918112,2026-05-01 04:53:34.653467,01/05/26,4:53:34
22444,0.16,22.444,160.39921582605595,13758940556,2026-05-01 04:53:57.097467,01/05/26,4:53:57
22577,0.16,22.577,159.45431191035124,13758963133,2026-05-01 04:54:19.674467,01/05/26,4:54:19
22613,0.16,22.613,159.20045991243975,13758985746,2026-05-01 04:54:42.287467,01/05/26,4:54:42
22652,0.16,22.652,158.92636411795868,13759008398,2026-05-01 04:55:04.939467,01/05/26,4:55:4
22658,0.16,22.658,158.88427928325535,13759031056,2026-05-01 04:55:27.597467,01/05/26,4:55:27
32521,0.11,32.521,110.69770302266228,13759063577,2026-05-01 04:56:00.118467,01/05/26,4:56:0
39157,0.09,39.157,91.93758459534693,13759102734,2026-05-01 04:56:39.275467,01/05/26,4:56:39
39262,0.09,39.262,91.69171208802405,13759141996,2026-05-01 04:57:18.537467,01/05/26,4:57:18
38956,0.09,38.956,92.41195194578499,13759180952,2026-05-01 04:57:57.493467,01/05/26,4:57:57
39360,0.09,39.36,91.46341463414635,13759220312,2026-05-01 04:58:36.853467,01/05/26,4:58:36
39098,0.09,39.098,92.07632103943936,13759259410,2026-05-01 04:59:15.951467,01/05/26,4:59:15
39201,0.09,39.201,91.83439197979644,13759298611,2026-05-01 04:59:55.152467,01/05/26,4:59:55
39234,0.09,39.234,91.75714941122496,13759337845,2026-05-01 05:00:34.386467,01/05/26,5:0:34
38506,0.09,38.506,93.49192333662286,13759376351,2026-05-01 05:01:12.892467,01/05/26,5:1:12
38004,0.09,38.004,94.7268708556994,13759414355,2026-05-01 05:01:50.896467,01/05/26,5:1:50
38315,0.09,38.315,93.95797990343208,13759452670,2026-05-01 05:02:29.211467,01/05/26,5:2:29
37547,0.09,37.547,95.87983061229926,13759490217,2026-05-01 05:03:06.758467,01/05/26,5:3:6
38105,0.09,38.105,94.47579057866422,13759528322,2026-05-01 05:03:44.863467,01/05/26,5:3:44
38252,0.09,38.252,94.11272613196695,13759566574,2026-05-01 05:04:23.115467,01/05/26,5:4:23
38354,0.09,38.354,93.8624393805079,13759604928,2026-05-01 05:05:01.469467,01/05/26,5:5:1
38275,0.09,38.275,94.05617243631613,13759643203,2026-05-01 05:05:39.744467,01/05/26,5:5:39
38151,0.09,38.151,94.36187780136825,13759681354,2026-05-01 05:06:17.895467,01/05/26,5:6:17
38128,0.09,38.128,94.41879983214436,13759719482,2026-05-01 05:06:56.023467,01/05/26,5:6:56
38371,0.09,38.371,93.82085429100101,13759757853,2026-05-01 05:07:34.394467,01/05/26,5:7:34
39082,0.09,39.082,92.1140166828719,13759796935,2026-05-01 05:08:13.476467,01/05/26,5:8:13
39225,0.09,39.225,91.77820267686424,13759836160,2026-05-01 05:08:52.701467,01/05/26,5:8:52
39546,0.09,39.546,91.03322712790168,13759875706,2026-05-01 05:09:32.247467,01/05/26,5:9:32
39683,0.09,39.683,90.71894766020714,13759915389,2026-05-01 05:10:11.930467,01/05/26,5:10:11
39683,0.09,39.683,90.71894766020714,13759955072,2026-05-01 05:10:51.613467,01/05/26,5:10:51
39611,0.09,39.611,90.88384539648078,13759994683,2026-05-01 05:11:31.224467,01/05/26,5:11:31
39967,0.09,39.967,90.07431130682814,13760034650,2026-05-01 05:12:11.191467,01/05/26,5:12:11
40763,0.09,40.763,88.31538404926036,13760075413,2026-05-01 05:12:51.954467,01/05/26,5:12:51
40741,0.09,40.741,88.36307405316512,13760116154,2026-05-01 05:13:32.695467,01/05/26,5:13:32
39607,0.09,39.607,90.89302396041104,13760155761,2026-05-01 05:14:12.302467,01/05/26,5:14:12
39439,0.09,39.439,91.28020487334872,13760195200,2026-05-01 05:14:51.741467,01/05/26,5:14:51
39711,0.09,39.711,90.65498224673264,13760234911,2026-05-01 05:15:31.452467,01/05/26,5:15:31
39280,0.09,39.28,91.64969450101833,13760274191,2026-05-01 05:16:10.732467,01/05/26,5:16:10
39382,0.09,39.382,91.4123203493982,13760313573,2026-05-01 05:16:50.114467,01/05/26,5:16:50
39158,0.09,39.158,91.93523673323459,13760352731,2026-05-01 05:17:29.272467,01/05/26,5:17:29
38838,0.09,38.838,92.69272362119574,13760391569,2026-05-01 05:18:08.110467,01/05/26,5:18:8
39108,0.09,39.108,92.05277692543726,13760430677,2026-05-01 05:18:47.218467,01/05/26,5:18:47
38824,0.09,38.824,92.72614877395425,13760469501,2026-05-01 05:19:26.042467,01/05/26,5:19:26
38598,0.09,38.598,93.2690812995492,13760508099,2026-05-01 05:20:04.640467,01/05/26,5:20:4
38258,0.09,38.258,94.09796643839196,13760546357,2026-05-01 05:20:42.898467,01/05/26,5:20:42
38666,0.09,38.666,93.10505353540579,13760585023,2026-05-01 05:21:21.564467,01/05/26,5:21:21
39101,0.09,39.101,92.06925654075343,13760624124,2026-05-01 05:22:00.665467,01/05/26,5:22:0
39140,0.09,39.14,91.97751660705161,13760663264,2026-05-01 05:22:39.805467,01/05/26,5:22:39
39892,0.09,39.892,90.24365787626591,13760703156,2026-05-01 05:23:19.697467,01/05/26,5:23:19
39837,0.09,39.837,90.36825062128172,13760742993,2026-05-01 05:23:59.534467,01/05/26,5:23:59
39672,0.09,39.672,90.74410163339383,13760782665,2026-05-01 05:24:39.206467,01/05/26,5:24:39
39603,0.09,39.603,90.90220437845618,13760822268,2026-05-01 05:25:18.809467,01/05/26,5:25:18
39528,0.09,39.528,91.07468123861567,13760861796,2026-05-01 05:25:58.337467,01/05/26,5:25:58
39695,0.09,39.695,90.69152286182138,13760901491,2026-05-01 05:26:38.032467,01/05/26,5:26:38
39322,0.09,39.322,91.5518030618992,13760940813,2026-05-01 05:27:17.354467,01/05/26,5:27:17
39295,0.09,39.295,91.61470925054078,13760980108,2026-05-01 05:27:56.649467,01/05/26,5:27:56
39396,0.09,39.396,91.37983551629607,13761019504,2026-05-01 05:28:36.045467,01/05/26,5:28:36
39398,0.09,39.398,91.37519671049292,13761058902,2026-05-01 05:29:15.443467,01/05/26,5:29:15
39716,0.09,39.716,90.64356934233055,13761098618,2026-05-01 05:29:55.159467,01/05/26,5:29:55
39509,0.09,39.509,91.11847933382268,13761138127,2026-05-01 05:30:34.668467,01/05/26,5:30:34
39575,0.09,39.575,90.96651926721415,13761177702,2026-05-01 05:31:14.243467,01/05/26,5:31:14
39769,0.09,39.769,90.52276899092257,13761217471,2026-05-01 05:31:54.012467,01/05/26,5:31:54
39963,0.09,39.963,90.08332707754673,13761257434,2026-05-01 05:32:33.975467,01/05/26,5:32:33
39944,0.09,39.944,90.12617664730622,13761297378,2026-05-01 05:33:13.919467,01/05/26,5:33:13
39896,0.09,39.896,90.2346099859635,13761337274,2026-05-01 05:33:53.815467,01/05/26,5:33:53
40018,0.09,40.018,89.95951821680244,13761377292,2026-05-01 05:34:33.833467,01/05/26,5:34:33
39530,0.09,39.53,91.07007336200354,13761416822,2026-05-01 05:35:13.363467,01/05/26,5:35:13
39914,0.09,39.914,90.19391692138097,13761456736,2026-05-01 05:35:53.277467,01/05/26,5:35:53
39680,0.09,39.68,90.7258064516129,13761496416,2026-05-01 05:36:32.957467,01/05/26,5:36:32
40465,0.09,40.465,88.96577289015198,13761536881,2026-05-01 05:37:13.422467,01/05/26,5:37:13
40201,0.09,40.201,89.5500111937514,13761577082,2026-05-01 05:37:53.623467,01/05/26,5:37:53
30082,0.12,30.082,119.67289408948874,13761607164,2026-05-01 05:38:23.705467,01/05/26,5:38:23
21422,0.17,21.422,168.05153580431332,13761628586,2026-05-01 05:38:45.127467,01/05/26,5:38:45
21417,0.17,21.417,168.09076901526825,13761650003,2026-05-01 05:39:06.544467,01/05/26,5:39:6
21485,0.17,21.485,167.55876192692577,13761671488,2026-05-01 05:39:28.029467,01/05/26,5:39:28
21648,0.17,21.648,166.29711751662973,13761693136,2026-05-01 05:39:49.677467,01/05/26,5:39:49
21854,0.16,21.854,164.7295689576279,13761714990,2026-05-01 05:40:11.531467,01/05/26,5:40:11
22084,0.16,22.084,163.01394674877739,13761737074,2026-05-01 05:40:33.615467,01/05/26,5:40:33
22239,0.16,22.239,161.87778227438284,13761759313,2026-05-01 05:40:55.854467,01/05/26,5:40:55
22153,0.16,22.153,162.5062068342888,13761781466,2026-05-01 05:41:18.007467,01/05/26,5:41:18
22284,0.16,22.284,161.55088852988692,13761803750,2026-05-01 05:41:40.291467,01/05/26,5:41:40
22412,0.16,22.412,160.62823487417455,13761826162,2026-05-01 05:42:02.703467,01/05/26,5:42:2
22537,0.16,22.537,159.73732085015752,13761848699,2026-05-01 05:42:25.240467,01/05/26,5:42:25
22613,0.16,22.613,159.20045991243975,13761871312,2026-05-01 05:42:47.853467,01/05/26,5:42:47
22695,0.16,22.695,158.62524785194978,13761894007,2026-05-01 05:43:10.548467,01/05/26,5:43:10
22841,0.16,22.841,157.61131298979905,13761916848,2026-05-01 05:43:33.389467,01/05/26,5:43:33
22850,0.16,22.85,157.5492341356674,13761939698,2026-05-01 05:43:56.239467,01/05/26,5:43:56
22945,0.16,22.945,156.89692743517105,13761962643,2026-05-01 05:44:19.184467,01/05/26,5:44:19
22814,0.16,22.814,157.79784342947312,13761985457,2026-05-01 05:44:41.998467,01/05/26,5:44:41
22869,0.16,22.869,157.41833923652106,13762008326,2026-05-01 05:45:04.867467,01/05/26,5:45:4
23032,0.16,23.032,156.30427231677666,13762031358,2026-05-01 05:45:27.899467,01/05/26,5:45:27
23200,0.16,23.2,155.17241379310346,13762054558,2026-05-01 05:45:51.099467,01/05/26,5:45:51
31845,0.11,31.845,113.04757418747056,13762086403,2026-05-01 05:46:22.944467,01/05/26,5:46:22
40712,0.09,40.712,88.42601689919434,13762127115,2026-05-01 05:47:03.656467,01/05/26,5:47:3
40501,0.09,40.501,88.88669415569986,13762167616,2026-05-01 05:47:44.157467,01/05/26,5:47:44
40294,0.09,40.294,89.34332654985855,13762207910,2026-05-01 05:48:24.451467,01/05/26,5:48:24
40588,0.09,40.588,88.69616635458756,13762248498,2026-05-01 05:49:05.039467,01/05/26,5:49:5
40631,0.09,40.631,88.60229873741724,13762289129,2026-05-01 05:49:45.670467,01/05/26,5:49:45
40365,0.09,40.365,89.18617614269789,13762329494,2026-05-01 05:50:26.035467,01/05/26,5:50:26
40221,0.09,40.221,89.50548221078542,13762369715,2026-05-01 05:51:06.256467,01/05/26,5:51:6
40437,0.09,40.437,89.02737591809482,13762410152,2026-05-01 05:51:46.693467,01/05/26,5:51:46
40733,0.09,40.733,88.38042864507892,13762450885,2026-05-01 05:52:27.426467,01/05/26,5:52:27
39935,0.09,39.935,90.14648804307,13762490820,2026-05-01 05:53:07.361467,01/05/26,5:53:7
39953,0.09,39.953,90.10587440242284,13762530773,2026-05-01 05:53:47.314467,01/05/26,5:53:47
40355,0.09,40.355,89.2082765456573,13762571128,2026-05-01 05:54:27.669467,01/05/26,5:54:27
40624,0.09,40.624,88.61756597085467,13762611752,2026-05-01 05:55:08.293467,01/05/26,5:55:8
40622,0.09,40.622,88.62192900398799,13762652374,2026-05-01 05:55:48.915467,01/05/26,5:55:48
40535,0.09,40.535,88.81213765881337,13762692909,2026-05-01 05:56:29.450467,01/05/26,5:56:29
40265,0.09,40.265,89.40767415869863,13762733174,2026-05-01 05:57:09.715467,01/05/26,5:57:9
40290,0.09,40.29,89.35219657483246,13762773464,2026-05-01 05:57:50.005467,01/05/26,5:57:50
40559,0.09,40.559,88.75958480238664,13762814023,2026-05-01 05:58:30.564467,01/05/26,5:58:30
40494,0.09,40.494,88.90205956437991,13762854517,2026-05-01 05:59:11.058467,01/05/26,5:59:11
40463,0.09,40.463,88.97017027902034,13762894980,2026-05-01 05:59:51.521467,01/05/26,5:59:51
40283,0.09,40.283,89.36772335724747,13762935263,2026-05-01 06:00:31.804467,01/05/26,6:0:31
39800,0.09,39.8,90.45226130653266,13762975063,2026-05-01 06:01:11.604467,01/05/26,6:1:11
39288,0.09,39.288,91.63103237629811,13763014351,2026-05-01 06:01:50.892467,01/05/26,6:1:50
38972,0.09,38.972,92.37401211125936,13763053323,2026-05-01 06:02:29.864467,01/05/26,6:2:29
39155,0.09,39.155,91.9422806793513,13763092478,2026-05-01 06:03:09.019467,01/05/26,6:3:9
39442,0.09,39.442,91.27326200496933,13763131920,2026-05-01 06:03:48.461467,01/05/26,6:3:48
39432,0.09,39.432,91.29640900791236,13763171352,2026-05-01 06:04:27.893467,01/05/26,6:4:27
39496,0.09,39.496,91.1484707312133,13763210848,2026-05-01 06:05:07.389467,01/05/26,6:5:7
39746,0.09,39.746,90.57515221657525,13763250594,2026-05-01 06:05:47.135467,01/05/26,6:5:47
39555,0.09,39.555,91.01251422070534,13763290149,2026-05-01 06:06:26.690467,01/05/26,6:6:26
39354,0.09,39.354,91.47735935355999,13763329503,2026-05-01 06:07:06.044467,01/05/26,6:7:6
39021,0.09,39.021,92.25801491504575,13763368524,2026-05-01 06:07:45.065467,01/05/26,6:7:45
39220,0.09,39.22,91.78990311065783,13763407744,2026-05-01 06:08:24.285467,01/05/26,6:8:24
39409,0.09,39.409,91.34969169479054,13763447153,2026-05-01 06:09:03.694467,01/05/26,6:9:3
39565,0.09,39.565,90.98951093137875,13763486718,2026-05-01 06:09:43.259467,01/05/26,6:9:43
39425,0.09,39.425,91.3126188966392,13763526143,2026-05-01 06:10:22.684467,01/05/26,6:10:22
39489,0.09,39.489,91.16462812428777,13763565632,2026-05-01 06:11:02.173467,01/05/26,6:11:2
39686,0.09,39.686,90.71208990576022,13763605318,2026-05-01 06:11:41.859467,01/05/26,6:11:41
39760,0.09,39.76,90.54325955734406,13763645078,2026-05-01 06:12:21.619467,01/05/26,6:12:21
40006,0.09,40.006,89.98650202469629,13763685084,2026-05-01 06:13:01.625467,01/05/26,6:13:1
40339,0.09,40.339,89.24365998165547,13763725423,2026-05-01 06:13:41.964467,01/05/26,6:13:41
39765,0.09,39.765,90.53187476423992,13763765188,2026-05-01 06:14:21.729467,01/05/26,6:14:21
39745,0.09,39.745,90.57743112341176,13763804933,2026-05-01 06:15:01.474467,01/05/26,6:15:1
39862,0.09,39.862,90.31157493352065,13763844795,2026-05-01 06:15:41.336467,01/05/26,6:15:41
39675,0.09,39.675,90.73724007561437,13763884470,2026-05-01 06:16:21.011467,01/05/26,6:16:21
39590,0.09,39.59,90.93205354887598,13763924060,2026-05-01 06:17:00.601467,01/05/26,6:17:0
39662,0.09,39.662,90.76698098936009,13763963722,2026-05-01 06:17:40.263467,01/05/26,6:17:40
39878,0.09,39.878,90.27533978634837,13764003600,2026-05-01 06:18:20.141467,01/05/26,6:18:20
39702,0.09,39.702,90.67553271875472,13764043302,2026-05-01 06:18:59.843467,01/05/26,6:18:59
39393,0.09,39.393,91.38679460817912,13764082695,2026-05-01 06:19:39.236467,01/05/26,6:19:39
39625,0.09,39.625,90.85173501577287,13764122320,2026-05-01 06:20:18.861467,01/05/26,6:20:18
39895,0.09,39.895,90.23687178844467,13764162215,2026-05-01 06:20:58.756467,01/05/26,6:20:58
39832,0.09,39.832,90.37959429604338,13764202047,2026-05-01 06:21:38.588467,01/05/26,6:21:38
39734,0.09,39.734,90.60250666935119,13764241781,2026-05-01 06:22:18.322467,01/05/26,6:22:18
40581,0.09,40.581,88.71146595697493,13764282362,2026-05-01 06:22:58.903467,01/05/26,6:22:58
40763,0.09,40.763,88.31538404926036,13764323125,2026-05-01 06:23:39.666467,01/05/26,6:23:39
40475,0.09,40.475,88.94379246448425,13764363600,2026-05-01 06:24:20.141467,01/05/26,6:24:20
40477,0.09,40.477,88.93939768263458,13764404077,2026-05-01 06:25:00.618467,01/05/26,6:25:0
40680,0.09,40.68,88.49557522123894,13764444757,2026-05-01 06:25:41.298467,01/05/26,6:25:41
41064,0.09,41.064,87.66803039158387,13764485821,2026-05-01 06:26:22.362467,01/05/26,6:26:22
40936,0.09,40.936,87.94215360562829,13764526757,2026-05-01 06:27:03.298467,01/05/26,6:27:3
40700,0.09,40.7,88.45208845208845,13764567457,2026-05-01 06:27:43.998467,01/05/26,6:27:43
40637,0.09,40.637,88.58921672367546,13764608094,2026-05-01 06:28:24.635467,01/05/26,6:28:24
37492,0.1,37.492,96.02048436999894,13764645586,2026-05-01 06:29:02.127467,01/05/26,6:29:2
19835,0.18,19.835,181.49735316359968,13764665421,2026-05-01 06:29:21.962467,01/05/26,6:29:21
21641,0.17,21.641,166.35090799870616,13764687062,2026-05-01 06:29:43.603467,01/05/26,6:29:43
21670,0.17,21.67,166.12828795569914,13764708732,2026-05-01 06:30:05.273467,01/05/26,6:30:5
21749,0.17,21.749,165.52485171732033,13764730481,2026-05-01 06:30:27.022467,01/05/26,6:30:27
22031,0.16,22.031,163.40610957287458,13764752512,2026-05-01 06:30:49.053467,01/05/26,6:30:49
22096,0.16,22.096,162.92541636495292,13764774608,2026-05-01 06:31:11.149467,01/05/26,6:31:11
22379,0.16,22.379,160.8650967424818,13764796987,2026-05-01 06:31:33.528467,01/05/26,6:31:33
22340,0.16,22.34,161.14592658907787,13764819327,2026-05-01 06:31:55.868467,01/05/26,6:31:55
22550,0.16,22.55,159.64523281596453,13764841877,2026-05-01 06:32:18.418467,01/05/26,6:32:18
22624,0.16,22.624,159.1230551626591,13764864501,2026-05-01 06:32:41.042467,01/05/26,6:32:41
22513,0.16,22.513,159.9076089370586,13764887014,2026-05-01 06:33:03.555467,01/05/26,6:33:3
22261,0.16,22.261,161.71780243475135,13764909275,2026-05-01 06:33:25.816467,01/05/26,6:33:25
22696,0.16,22.696,158.61825872400422,13764931971,2026-05-01 06:33:48.512467,01/05/26,6:33:48
22960,0.16,22.96,156.794425087108,13764954931,2026-05-01 06:34:11.472467,01/05/26,6:34:11
23151,0.16,23.151,155.5008422962291,13764978082,2026-05-01 06:34:34.623467,01/05/26,6:34:34
23255,0.15,23.255,154.80541818963664,13765001337,2026-05-01 06:34:57.878467,01/05/26,6:34:57
23210,0.16,23.21,155.10555794915985,13765024547,2026-05-01 06:35:21.088467,01/05/26,6:35:21
23369,0.15,23.369,154.05023749411615,13765047916,2026-05-01 06:35:44.457467,01/05/26,6:35:44
23411,0.15,23.411,153.77386698560505,13765071327,2026-05-01 06:36:07.868467,01/05/26,6:36:7
23466,0.15,23.466,153.4134492457172,13765094793,2026-05-01 06:36:31.334467,01/05/26,6:36:31
34276,0.1,34.276,105.0297584315556,13765129069,2026-05-01 06:37:05.610467,01/05/26,6:37:5
41447,0.09,41.447,86.85791492749777,13765170516,2026-05-01 06:37:47.057467,01/05/26,6:37:47
41171,0.09,41.171,87.44018848218406,13765211687,2026-05-01 06:38:28.228467,01/05/26,6:38:28
41189,0.09,41.189,87.40197625579646,13765252876,2026-05-01 06:39:09.417467,01/05/26,6:39:9
40950,0.09,40.95,87.91208791208791,13765293826,2026-05-01 06:39:50.367467,01/05/26,6:39:50
41175,0.09,41.175,87.43169398907104,13765335001,2026-05-01 06:40:31.542467,01/05/26,6:40:31
41363,0.09,41.363,87.03430602229045,13765376364,2026-05-01 06:41:12.905467,01/05/26,6:41:12
41477,0.09,41.477,86.79509125539455,13765417841,2026-05-01 06:41:54.382467,01/05/26,6:41:54
41420,0.09,41.42,86.91453404152583,13765459261,2026-05-01 06:42:35.802467,01/05/26,6:42:35
41315,0.09,41.315,87.13542296986567,13765500576,2026-05-01 06:43:17.117467,01/05/26,6:43:17
41252,0.09,41.252,87.26849607291767,13765541828,2026-05-01 06:43:58.369467,01/05/26,6:43:58
41202,0.09,41.202,87.3743993010048,13765583030,2026-05-01 06:44:39.571467,01/05/26,6:44:39
41326,0.09,41.326,87.11222958912064,13765624356,2026-05-01 06:45:20.897467,01/05/26,6:45:20
41448,0.09,41.448,86.85581933989577,13765665804,2026-05-01 06:46:02.345467,01/05/26,6:46:2
41403,0.09,41.403,86.95022099847837,13765707207,2026-05-01 06:46:43.748467,01/05/26,6:46:43
41106,0.09,41.106,87.57845569989783,13765748313,2026-05-01 06:47:24.854467,01/05/26,6:47:24
41235,0.09,41.235,87.30447435431066,13765789548,2026-05-01 06:48:06.089467,01/05/26,6:48:6
41442,0.09,41.442,86.8683943825105,13765830990,2026-05-01 06:48:47.531467,01/05/26,6:48:47
41235,0.09,41.235,87.30447435431066,13765872225,2026-05-01 06:49:28.766467,01/05/26,6:49:28
40987,0.09,40.987,87.83272745016713,13765913212,2026-05-01 06:50:09.753467,01/05/26,6:50:9
41030,0.09,41.03,87.74067755300999,13765954242,2026-05-01 06:50:50.783467,01/05/26,6:50:50
41329,0.09,41.329,87.10590626436642,13765995571,2026-05-01 06:51:32.112467,01/05/26,6:51:32
41249,0.09,41.249,87.2748430264976,13766036820,2026-05-01 06:52:13.361467,01/05/26,6:52:13
40647,0.09,40.647,88.56742194995941,13766077467,2026-05-01 06:52:54.008467,01/05/26,6:52:54
41340,0.09,41.34,87.08272859216255,13766118807,2026-05-01 06:53:35.348467,01/05/26,6:53:35
41220,0.09,41.22,87.33624454148472,13766160027,2026-05-01 06:54:16.568467,01/05/26,6:54:16
41212,0.09,41.212,87.35319809764147,13766201239,2026-05-01 06:54:57.780467,01/05/26,6:54:57
41148,0.09,41.148,87.48906386701663,13766242387,2026-05-01 06:55:38.928467,01/05/26,6:55:38
40977,0.09,40.977,87.85416209092905,13766283364,2026-05-01 06:56:19.905467,01/05/26,6:56:19
41169,0.09,41.169,87.44443634773738,13766324533,2026-05-01 06:57:01.074467,01/05/26,6:57:1
41277,0.09,41.277,87.21564067156044,13766365810,2026-05-01 06:57:42.351467,01/05/26,6:57:42
41043,0.09,41.043,87.71288648490608,13766406853,2026-05-01 06:58:23.394467,01/05/26,6:58:23
41220,0.09,41.22,87.33624454148472,13766448073,2026-05-01 06:59:04.614467,01/05/26,6:59:4
41358,0.09,41.358,87.04482808646453,13766489431,2026-05-01 06:59:45.972467,01/05/26,6:59:45
41290,0.09,41.29,87.1881811576653,13766530721,2026-05-01 07:00:27.262467,01/05/26,7:0:27
40564,0.09,40.564,88.74864411793709,13766571285,2026-05-01 07:01:07.826467,01/05/26,7:1:7
39794,0.09,39.794,90.46589938181636,13766611079,2026-05-01 07:01:47.620467,01/05/26,7:1:47
39801,0.09,39.801,90.44998869375141,13766650880,2026-05-01 07:02:27.421467,01/05/26,7:2:27
39934,0.09,39.934,90.14874542995943,13766690814,2026-05-01 07:03:07.355467,01/05/26,7:3:7
40272,0.09,40.272,89.39213349225268,13766731086,2026-05-01 07:03:47.627467,01/05/26,7:3:47
40098,0.09,40.098,89.78003890468352,13766771184,2026-05-01 07:04:27.725467,01/05/26,7:4:27
40355,0.09,40.355,89.2082765456573,13766811539,2026-05-01 07:05:08.080467,01/05/26,7:5:8
40501,0.09,40.501,88.88669415569986,13766852040,2026-05-01 07:05:48.581467,01/05/26,7:5:48
39802,0.09,39.802,90.44771619516607,13766891842,2026-05-01 07:06:28.383467,01/05/26,7:6:28
40194,0.09,40.194,89.56560680698611,13766932036,2026-05-01 07:07:08.577467,01/05/26,7:7:8
40224,0.09,40.224,89.49880668257757,13766972260,2026-05-01 07:07:48.801467,01/05/26,7:7:48
40363,0.09,40.363,89.19059534722395,13767012623,2026-05-01 07:08:29.164467,01/05/26,7:8:29
40129,0.09,40.129,89.71068304717286,13767052752,2026-05-01 07:09:09.293467,01/05/26,7:9:9
40274,0.09,40.274,89.38769429408552,13767093026,2026-05-01 07:09:49.567467,01/05/26,7:9:49
40144,0.09,40.144,89.67716221602232,13767133170,2026-05-01 07:10:29.711467,01/05/26,7:10:29
40272,0.09,40.272,89.39213349225268,13767173442,2026-05-01 07:11:09.983467,01/05/26,7:11:9
40561,0.09,40.561,88.7552082049259,13767214003,2026-05-01 07:11:50.544467,01/05/26,7:11:50
40416,0.09,40.416,89.07363420427554,13767254419,2026-05-01 07:12:30.960467,01/05/26,7:12:30
41040,0.09,41.04,87.71929824561404,13767295459,2026-05-01 07:13:12.000467,01/05/26,7:13:12
41480,0.09,41.48,86.78881388621022,13767336939,2026-05-01 07:13:53.480467,01/05/26,7:13:53
41181,0.09,41.181,87.41895534348365,13767378120,2026-05-01 07:14:34.661467,01/05/26,7:14:34
40439,0.09,40.439,89.02297287272188,13767418559,2026-05-01 07:15:15.100467,01/05/26,7:15:15
40625,0.09,40.625,88.61538461538461,13767459184,2026-05-01 07:15:55.725467,01/05/26,7:15:55
40544,0.09,40.544,88.7924230465667,13767499728,2026-05-01 07:16:36.269467,01/05/26,7:16:36
40221,0.09,40.221,89.50548221078542,13767539949,2026-05-01 07:17:16.490467,01/05/26,7:17:16
40171,0.09,40.171,89.61688780463518,13767580120,2026-05-01 07:17:56.661467,01/05/26,7:17:56
40478,0.09,40.478,88.93720045456791,13767620598,2026-05-01 07:18:37.139467,01/05/26,7:18:37
40525,0.09,40.525,88.83405305367057,13767661123,2026-05-01 07:19:17.664467,01/05/26,7:19:17
18939,0.19,18.939,190.0839537462379,13767680062,2026-05-01 07:19:36.603467,01/05/26,7:19:36
21493,0.17,21.493,167.49639417484764,13767701555,2026-05-01 07:19:58.096467,01/05/26,7:19:58
21514,0.17,21.514,167.33289950729758,13767723069,2026-05-01 07:20:19.610467,01/05/26,7:20:19
21010,0.17,21.01,171.34697762970015,13767744079,2026-05-01 07:20:40.620467,01/05/26,7:20:40
21347,0.17,21.347,168.6419637419778,13767765426,2026-05-01 07:21:01.967467,01/05/26,7:21:1
21298,0.17,21.298,169.02995586440042,13767786724,2026-05-01 07:21:23.265467,01/05/26,7:21:23
21686,0.17,21.686,166.00571797473023,13767808410,2026-05-01 07:21:44.951467,01/05/26,7:21:44
21787,0.17,21.787,165.23614999770504,13767830197,2026-05-01 07:22:06.738467,01/05/26,7:22:6
21831,0.16,21.831,164.9031194173423,13767852028,2026-05-01 07:22:28.569467,01/05/26,7:22:28
22140,0.16,22.14,162.60162601626016,13767874168,2026-05-01 07:22:50.709467,01/05/26,7:22:50
22198,0.16,22.198,162.17677268222363,13767896366,2026-05-01 07:23:12.907467,01/05/26,7:23:12
22360,0.16,22.36,161.00178890876566,13767918726,2026-05-01 07:23:35.267467,01/05/26,7:23:35
22496,0.16,22.496,160.02844950213372,13767941222,2026-05-01 07:23:57.763467,01/05/26,7:23:57
22525,0.16,22.525,159.82241953385127,13767963747,2026-05-01 07:24:20.288467,01/05/26,7:24:20
22613,0.16,22.613,159.20045991243975,13767986360,2026-05-01 07:24:42.901467,01/05/26,7:24:42
22624,0.16,22.624,159.1230551626591,13768008984,2026-05-01 07:25:05.525467,01/05/26,7:25:5
22721,0.16,22.721,158.44373046960962,13768031705,2026-05-01 07:25:28.246467,01/05/26,7:25:28
22802,0.16,22.802,157.88088764143495,13768054507,2026-05-01 07:25:51.048467,01/05/26,7:25:51
22787,0.16,22.787,157.9848159038048,13768077294,2026-05-01 07:26:13.835467,01/05/26,7:26:13
22992,0.16,22.992,156.57620041753654,13768100286,2026-05-01 07:26:36.827467,01/05/26,7:26:36
24274,0.15,24.274,148.30683035346462,13768124560,2026-05-01 07:27:01.101467,01/05/26,7:27:1
39873,0.09,39.873,90.28666014596344,13768164433,2026-05-01 07:27:40.974467,01/05/26,7:27:40
40003,0.09,40.003,89.99325050621204,13768204436,2026-05-01 07:28:20.977467,01/05/26,7:28:20
39788,0.09,39.788,90.47954157032271,13768244224,2026-05-01 07:29:00.765467,01/05/26,7:29:0
39819,0.09,39.819,90.40910118285241,13768284043,2026-05-01 07:29:40.584467,01/05/26,7:29:40
39878,0.09,39.878,90.27533978634837,13768323921,2026-05-01 07:30:20.462467,01/05/26,7:30:20
39841,0.09,39.841,90.35917773148265,13768363762,2026-05-01 07:31:00.303467,01/05/26,7:31:0
40034,0.09,40.034,89.9235649697757,13768403796,2026-05-01 07:31:40.337467,01/05/26,7:31:40
39829,0.09,39.829,90.38640186798564,13768443625,2026-05-01 07:32:20.166467,01/05/26,7:32:20
40575,0.09,40.575,88.72458410351202,13768484200,2026-05-01 07:33:00.741467,01/05/26,7:33:0
39636,0.09,39.636,90.82652134423252,13768523836,2026-05-01 07:33:40.377467,01/05/26,7:33:40
41191,0.09,41.191,87.39773251438422,13768565027,2026-05-01 07:34:21.568467,01/05/26,7:34:21
41674,0.09,41.674,86.38479627585545,13768606701,2026-05-01 07:35:03.242467,01/05/26,7:35:3
41356,0.09,41.356,87.04903762452848,13768648057,2026-05-01 07:35:44.598467,01/05/26,7:35:44
40821,0.09,40.821,88.18990225619167,13768688878,2026-05-01 07:36:25.419467,01/05/26,7:36:25
40421,0.09,40.421,89.06261596694787,13768729299,2026-05-01 07:37:05.840467,01/05/26,7:37:5
40679,0.09,40.679,88.49775068217016,13768769978,2026-05-01 07:37:46.519467,01/05/26,7:37:46
40675,0.09,40.675,88.50645359557468,13768810653,2026-05-01 07:38:27.194467,01/05/26,7:38:27
40798,0.09,40.798,88.23961958919556,13768851451,2026-05-01 07:39:07.992467,01/05/26,7:39:7
41102,0.09,41.102,87.58697873582794,13768892553,2026-05-01 07:39:49.094467,01/05/26,7:39:49
40147,0.09,40.147,89.67046105562059,13768932700,2026-05-01 07:40:29.241467,01/05/26,7:40:29
40776,0.09,40.776,88.28722778104768,13768973476,2026-05-01 07:41:10.017467,01/05/26,7:41:10
40504,0.09,40.504,88.88011060635986,13769013980,2026-05-01 07:41:50.521467,01/05/26,7:41:50
39401,0.09,39.401,91.36823938478719,13769053381,2026-05-01 07:42:29.922467,01/05/26,7:42:29
40230,0.09,40.23,89.48545861297539,13769093611,2026-05-01 07:43:10.152467,01/05/26,7:43:10
40396,0.09,40.396,89.1177344291514,13769134007,2026-05-01 07:43:50.548467,01/05/26,7:43:50
40916,0.09,40.916,87.98514028741812,13769174923,2026-05-01 07:44:31.464467,01/05/26,7:44:31
40269,0.09,40.269,89.39879311629294,13769215192,2026-05-01 07:45:11.733467,01/05/26,7:45:11
40850,0.09,40.85,88.12729498164015,13769256042,2026-05-01 07:45:52.583467,01/05/26,7:45:52
40038,0.09,40.038,89.91458114790949,13769296080,2026-05-01 07:46:32.621467,01/05/26,7:46:32
41194,0.09,41.194,87.39136767490412,13769337274,2026-05-01 07:47:13.815467,01/05/26,7:47:13
41045,0.09,41.045,87.70861249847728,13769378319,2026-05-01 07:47:54.860467,01/05/26,7:47:54
41195,0.09,41.195,87.38924626775093,13769419514,2026-05-01 07:48:36.055467,01/05/26,7:48:36
41294,0.09,41.294,87.17973555480215,13769460808,2026-05-01 07:49:17.349467,01/05/26,7:49:17
41276,0.09,41.276,87.21775365830023,13769502084,2026-05-01 07:49:58.625467,01/05/26,7:49:58
41529,0.09,41.529,86.6864119049339,13769543613,2026-05-01 07:50:40.154467,01/05/26,7:50:40
41335,0.09,41.335,87.09326236845288,13769584948,2026-05-01 07:51:21.489467,01/05/26,7:51:21
41328,0.09,41.328,87.10801393728222,13769626276,2026-05-01 07:52:02.817467,01/05/26,7:52:2
41255,0.09,41.255,87.2621500424191,13769667531,2026-05-01 07:52:44.072467,01/05/26,7:52:44
41280,0.09,41.28,87.20930232558139,13769708811,2026-05-01 07:53:25.352467,01/05/26,7:53:25
41282,0.09,41.282,87.20507727338791,13769750093,2026-05-01 07:54:06.634467,01/05/26,7:54:6
41360,0.09,41.36,87.04061895551257,13769791453,2026-05-01 07:54:47.994467,01/05/26,7:54:47
39995,0.09,39.995,90.0112514064258,13769831448,2026-05-01 07:55:27.989467,01/05/26,7:55:27
39344,0.09,39.344,91.5006100040667,13769870792,2026-05-01 07:56:07.333467,01/05/26,7:56:7
39931,0.09,39.931,90.15551826901405,13769910723,2026-05-01 07:56:47.264467,01/05/26,7:56:47
40136,0.09,40.136,89.69503687462627,13769950859,2026-05-01 07:57:27.400467,01/05/26,7:57:27
39799,0.09,39.799,90.45453403351843,13769990658,2026-05-01 07:58:07.199467,01/05/26,7:58:7
39847,0.09,39.847,90.34557181218159,13770030505,2026-05-01 07:58:47.046467,01/05/26,7:58:47
40011,0.09,40.011,89.9752568043788,13770070516,2026-05-01 07:59:27.057467,01/05/26,7:59:27
40013,0.09,40.013,89.97075950316147,13770110529,2026-05-01 08:00:07.070467,01/05/26,8:0:7
39902,0.09,39.902,90.22104155180192,13770150431,2026-05-01 08:00:46.972467,01/05/26,8:0:46
38030,0.09,38.03,94.6621088614252,13770188461,2026-05-01 08:01:25.002467,01/05/26,8:1:25
38011,0.09,38.011,94.70942621872616,13770226472,2026-05-01 08:02:03.013467,01/05/26,8:2:3
38207,0.09,38.207,94.22357159682781,13770264679,2026-05-01 08:02:41.220467,01/05/26,8:2:41
38693,0.09,38.693,93.04008476985501,13770303372,2026-05-01 08:03:19.913467,01/05/26,8:3:19
38909,0.09,38.909,92.52358066257165,13770342281,2026-05-01 08:03:58.822467,01/05/26,8:3:58
38935,0.09,38.935,92.46179529985874,13770381216,2026-05-01 08:04:37.757467,01/05/26,8:4:37
39138,0.09,39.138,91.98221677142419,13770420354,2026-05-01 08:05:16.895467,01/05/26,8:5:16
38974,0.09,38.974,92.36927182224046,13770459328,2026-05-01 08:05:55.869467,01/05/26,8:5:55
38926,0.09,38.926,92.4831732004316,13770498254,2026-05-01 08:06:34.795467,01/05/26,8:6:34
38839,0.09,38.839,92.69033703236438,13770537093,2026-05-01 08:07:13.634467,01/05/26,8:7:13
39490,0.09,39.49,91.16231957457585,13770576583,2026-05-01 08:07:53.124467,01/05/26,8:7:53
39761,0.09,39.761,90.5409823696587,13770616344,2026-05-01 08:08:32.885467,01/05/26,8:8:32
39324,0.09,39.324,91.547146780592,13770655668,2026-05-01 08:09:12.209467,01/05/26,8:9:12
22729,0.16,22.729,158.38796251484888,13770678397,2026-05-01 08:09:34.938467,01/05/26,8:9:34
21297,0.17,21.297,169.03789266093816,13770699694,2026-05-01 08:09:56.235467,01/05/26,8:9:56
21389,0.17,21.389,168.31081396979755,13770721083,2026-05-01 08:10:17.624467,01/05/26,8:10:17
21210,0.17,21.21,169.73125884016974,13770742293,2026-05-01 08:10:38.834467,01/05/26,8:10:38
21422,0.17,21.422,168.05153580431332,13770763715,2026-05-01 08:11:00.256467,01/05/26,8:11:0
21799,0.17,21.799,165.145190146337,13770785514,2026-05-01 08:11:22.055467,01/05/26,8:11:22
21463,0.17,21.463,167.73051297581884,13770806977,2026-05-01 08:11:43.518467,01/05/26,8:11:43
21730,0.17,21.73,165.66958122411413,13770828707,2026-05-01 08:12:05.248467,01/05/26,8:12:5
21833,0.16,21.833,164.8880135574589,13770850540,2026-05-01 08:12:27.081467,01/05/26,8:12:27
21967,0.16,21.967,163.88218691673873,13770872507,2026-05-01 08:12:49.048467,01/05/26,8:12:49
22358,0.16,22.358,161.01619107254675,13770894865,2026-05-01 08:13:11.406467,01/05/26,8:13:11
22412,0.16,22.412,160.62823487417455,13770917277,2026-05-01 08:13:33.818467,01/05/26,8:13:33
22536,0.16,22.536,159.7444089456869,13770939813,2026-05-01 08:13:56.354467,01/05/26,8:13:56
22535,0.16,22.535,159.75149767029066,13770962348,2026-05-01 08:14:18.889467,01/05/26,8:14:18
22582,0.16,22.582,159.41900628819414,13770984930,2026-05-01 08:14:41.471467,01/05/26,8:14:41
22511,0.16,22.511,159.92181600106613,13771007441,2026-05-01 08:15:03.982467,01/05/26,8:15:3
22801,0.16,22.801,157.8878119380729,13771030242,2026-05-01 08:15:26.783467,01/05/26,8:15:26
22761,0.16,22.761,158.16528272044286,13771053003,2026-05-01 08:15:49.544467,01/05/26,8:15:49
22935,0.16,22.935,156.96533682145193,13771075938,2026-05-01 08:16:12.479467,01/05/26,8:16:12
22927,0.16,22.927,157.0201072970733,13771098865,2026-05-01 08:16:35.406467,01/05/26,8:16:35
23152,0.16,23.152,155.49412577747063,13771122017,2026-05-01 08:16:58.558467,01/05/26,8:16:58
36728,0.1,36.728,98.0178610324548,13771158745,2026-05-01 08:17:35.286467,01/05/26,8:17:35
40192,0.09,40.192,89.57006369426752,13771198937,2026-05-01 08:18:15.478467,01/05/26,8:18:15
40246,0.09,40.246,89.44988321820802,13771239183,2026-05-01 08:18:55.724467,01/05/26,8:18:55
39781,0.09,39.781,90.49546265805284,13771278964,2026-05-01 08:19:35.505467,01/05/26,8:19:35
39154,0.09,39.154,91.94462890126168,13771318118,2026-05-01 08:20:14.659467,01/05/26,8:20:14
37898,0.09,37.898,94.99182014882052,13771356016,2026-05-01 08:20:52.557467,01/05/26,8:20:52
38464,0.09,38.464,93.59400998336106,13771394480,2026-05-01 08:21:31.021467,01/05/26,8:21:31
38847,0.09,38.847,92.67124874507684,13771433327,2026-05-01 08:22:09.868467,01/05/26,8:22:9
38728,0.09,38.728,92.95600082627556,13771472055,2026-05-01 08:22:48.596467,01/05/26,8:22:48
39327,0.09,39.327,91.54016324662446,13771511382,2026-05-01 08:23:27.923467,01/05/26,8:23:27
39096,0.09,39.096,92.08103130755065,13771550478,2026-05-01 08:24:07.019467,01/05/26,8:24:7
39228,0.09,39.228,91.77118384827165,13771589706,2026-05-01 08:24:46.247467,01/05/26,8:24:46
39195,0.09,39.195,91.84845005740529,13771628901,2026-05-01 08:25:25.442467,01/05/26,8:25:25
39211,0.09,39.211,91.81097141108363,13771668112,2026-05-01 08:26:04.653467,01/05/26,8:26:4
39201,0.09,39.201,91.83439197979644,13771707313,2026-05-01 08:26:43.854467,01/05/26,8:26:43
38814,0.09,38.814,92.75003864584943,13771746127,2026-05-01 08:27:22.668467,01/05/26,8:27:22
39365,0.09,39.365,91.45179728184935,13771785492,2026-05-01 08:28:02.033467,01/05/26,8:28:2
39002,0.09,39.002,92.30295882262448,13771824494,2026-05-01 08:28:41.035467,01/05/26,8:28:41
38960,0.09,38.96,92.40246406570841,13771863454,2026-05-01 08:29:19.995467,01/05/26,8:29:19
39411,0.09,39.411,91.34505594884676,13771902865,2026-05-01 08:29:59.406467,01/05/26,8:29:59
38917,0.09,38.917,92.50456098877098,13771941782,2026-05-01 08:30:38.323467,01/05/26,8:30:38
39094,0.09,39.094,92.08574205760475,13771980876,2026-05-01 08:31:17.417467,01/05/26,8:31:17
38649,0.09,38.649,93.1460063649771,13772019525,2026-05-01 08:31:56.066467,01/05/26,8:31:56
39346,0.09,39.346,91.49595892848066,13772058871,2026-05-01 08:32:35.412467,01/05/26,8:32:35
40302,0.09,40.302,89.32559178204555,13772099173,2026-05-01 08:33:15.714467,01/05/26,8:33:15
40332,0.09,40.332,89.25914906277893,13772139505,2026-05-01 08:33:56.046467,01/05/26,8:33:56
40375,0.09,40.375,89.16408668730651,13772179880,2026-05-01 08:34:36.421467,01/05/26,8:34:36
40378,0.09,40.378,89.15746198424885,13772220258,2026-05-01 08:35:16.799467,01/05/26,8:35:16
40369,0.09,40.369,89.17733904728875,13772260627,2026-05-01 08:35:57.168467,01/05/26,8:35:57
40347,0.09,40.347,89.22596475574392,13772300974,2026-05-01 08:36:37.515467,01/05/26,8:36:37
40280,0.09,40.28,89.37437934458788,13772341254,2026-05-01 08:37:17.795467,01/05/26,8:37:17
40309,0.09,40.309,89.31007963482101,13772381563,2026-05-01 08:37:58.104467,01/05/26,8:37:58
40242,0.09,40.242,89.45877441479051,13772421805,2026-05-01 08:38:38.346467,01/05/26,8:38:38
40243,0.09,40.243,89.4565514499416,13772462048,2026-05-01 08:39:18.589467,01/05/26,8:39:18
40341,0.09,40.341,89.23923551721573,13772502389,2026-05-01 08:39:58.930467,01/05/26,8:39:58
40273,0.09,40.273,89.38991383805528,13772542662,2026-05-01 08:40:39.203467,01/05/26,8:40:39
38949,0.09,38.949,92.42856042517138,13772581611,2026-05-01 08:41:18.152467,01/05/26,8:41:18
28638,0.12,28.638,125.70710245128849,13772610249,2026-05-01 08:41:46.790467,01/05/26,8:41:46
2398,1.5,2.398,1501.2510425354462,13772612647,2026-05-01 08:41:49.188467,01/05/26,8:41:49
1528,2.36,1.528,2356.020942408377,13772614175,2026-05-01 08:41:50.716467,01/05/26,8:41:50
1538,2.34,1.538,2340.702210663199,13772615713,2026-05-01 08:41:52.254467,01/05/26,8:41:52
1543,2.33,1.543,2333.117303953338,13772617256,2026-05-01 08:41:53.797467,01/05/26,8:41:53
1545,2.33,1.545,2330.097087378641,13772618801,2026-05-01 08:41:55.342467,01/05/26,8:41:55
1551,2.32,1.551,2321.0831721470017,13772620352,2026-05-01 08:41:56.893467,01/05/26,8:41:56
1549,2.32,1.549,2324.080051646223,13772621901,2026-05-01 08:41:58.442467,01/05/26,8:41:58
1555,2.32,1.555,2315.112540192926,13772623456,2026-05-01 08:41:59.997467,01/05/26,8:41:59
1547,2.33,1.547,2327.0846800258564,13772625003,2026-05-01 08:42:01.544467,01/05/26,8:42:1
1553,2.32,1.553,2318.09401159047,13772626556,2026-05-01 08:42:03.097467,01/05/26,8:42:3
1552,2.32,1.552,2319.5876288659792,13772628108,2026-05-01 08:42:04.649467,01/05/26,8:42:4
1553,2.32,1.553,2318.09401159047,13772629661,2026-05-01 08:42:06.202467,01/05/26,8:42:6
1549,2.32,1.549,2324.080051646223,13772631210,2026-05-01 08:42:07.751467,01/05/26,8:42:7
1554,2.32,1.554,2316.6023166023165,13772632764,2026-05-01 08:42:09.305467,01/05/26,8:42:9
1550,2.32,1.55,2322.5806451612902,13772634314,2026-05-01 08:42:10.855467,01/05/26,8:42:10
1552,2.32,1.552,2319.5876288659792,13772635866,2026-05-01 08:42:12.407467,01/05/26,8:42:12
1549,2.32,1.549,2324.080051646223,13772637415,2026-05-01 08:42:13.956467,01/05/26,8:42:13
1551,2.32,1.551,2321.0831721470017,13772638966,2026-05-01 08:42:15.507467,01/05/26,8:42:15
1555,2.32,1.555,2315.112540192926,13772640521,2026-05-01 08:42:17.062467,01/05/26,8:42:17
1547,2.33,1.547,2327.0846800258564,13772642068,2026-05-01 08:42:18.609467,01/05/26,8:42:18
1556,2.31,1.556,2313.624678663239,13772643624,2026-05-01 08:42:20.165467,01/05/26,8:42:20
1551,2.32,1.551,2321.0831721470017,13772645175,2026-05-01 08:42:21.716467,01/05/26,8:42:21
1552,2.32,1.552,2319.5876288659792,13772646727,2026-05-01 08:42:23.268467,01/05/26,8:42:23
1553,2.32,1.553,2318.09401159047,13772648280,2026-05-01 08:42:24.821467,01/05/26,8:42:24
1557,2.31,1.557,2312.1387283236995,13772649837,2026-05-01 08:42:26.378467,01/05/26,8:42:26
1553,2.32,1.553,2318.09401159047,13772651390,2026-05-01 08:42:27.931467,01/05/26,8:42:27
1560,2.31,1.56,2307.6923076923076,13772652950,2026-05-01 08:42:29.491467,01/05/26,8:42:29
1551,2.32,1.551,2321.0831721470017,13772654501,2026-05-01 08:42:31.042467,01/05/26,8:42:31
1551,2.32,1.551,2321.0831721470017,13772656052,2026-05-01 08:42:32.593467,01/05/26,8:42:32
1550,2.32,1.55,2322.5806451612902,13772657602,2026-05-01 08:42:34.143467,01/05/26,8:42:34
1551,2.32,1.551,2321.0831721470017,13772659153,2026-05-01 08:42:35.694467,01/05/26,8:42:35
1551,2.32,1.551,2321.0831721470017,13772660704,2026-05-01 08:42:37.245467,01/05/26,8:42:37
1548,2.33,1.548,2325.5813953488373,13772662252,2026-05-01 08:42:38.793467,01/05/26,8:42:38
1555,2.32,1.555,2315.112540192926,13772663807,2026-05-01 08:42:40.348467,01/05/26,8:42:40
1551,2.32,1.551,2321.0831721470017,13772665358,2026-05-01 08:42:41.899467,01/05/26,8:42:41
1550,2.32,1.55,2322.5806451612902,13772666908,2026-05-01 08:42:43.449467,01/05/26,8:42:43
1555,2.32,1.555,2315.112540192926,13772668463,2026-05-01 08:42:45.004467,01/05/26,8:42:45
1559,2.31,1.559,2309.1725465041695,13772670022,2026-05-01 08:42:46.563467,01/05/26,8:42:46
1547,2.33,1.547,2327.0846800258564,13772671569,2026-05-01 08:42:48.110467,01/05/26,8:42:48
1557,2.31,1.557,2312.1387283236995,13772673126,2026-05-01 08:42:49.667467,01/05/26,8:42:49
1553,2.32,1.553,2318.09401159047,13772674679,2026-05-01 08:42:51.220467,01/05/26,8:42:51
1553,2.32,1.553,2318.09401159047,13772676232,2026-05-01 08:42:52.773467,01/05/26,8:42:52
1558,2.31,1.558,2310.6546854942235,13772677790,2026-05-01 08:42:54.331467,01/05/26,8:42:54
1561,2.31,1.561,2306.2139654067905,13772679351,2026-05-01 08:42:55.892467,01/05/26,8:42:55
1558,2.31,1.558,2310.6546854942235,13772680909,2026-05-01 08:42:57.450467,01/05/26,8:42:57
1561,2.31,1.561,2306.2139654067905,13772682470,2026-05-01 08:42:59.011467,01/05/26,8:42:59
1556,2.31,1.556,2313.624678663239,13772684026,2026-05-01 08:43:00.567467,01/05/26,8:43:0
1561,2.31,1.561,2306.2139654067905,13772685587,2026-05-01 08:43:02.128467,01/05/26,8:43:2
1559,2.31,1.559,2309.1725465041695,13772687146,2026-05-01 08:43:03.687467,01/05/26,8:43:3
1558,2.31,1.558,2310.6546854942235,13772688704,2026-05-01 08:43:05.245467,01/05/26,8:43:5
1562,2.3,1.562,2304.7375160051215,13772690266,2026-05-01 08:43:06.807467,01/05/26,8:43:6
1553,2.32,1.553,2318.09401159047,13772691819,2026-05-01 08:43:08.360467,01/05/26,8:43:8
1562,2.3,1.562,2304.7375160051215,13772693381,2026-05-01 08:43:09.922467,01/05/26,8:43:9
1555,2.32,1.555,2315.112540192926,13772694936,2026-05-01 08:43:11.477467,01/05/26,8:43:11
1562,2.3,1.562,2304.7375160051215,13772696498,2026-05-01 08:43:13.039467,01/05/26,8:43:13
18485,0.19,18.485,194.7525020286719,13772714983,2026-05-01 08:43:31.524467,01/05/26,8:43:31
29847,0.12,29.847,120.61513719971856,13772744830,2026-05-01 08:44:01.371467,01/05/26,8:44:1
30662,0.12,30.662,117.40917096079838,13772775492,2026-05-01 08:44:32.033467,01/05/26,8:44:32
26945,0.13,26.945,133.60549267025422,13772802437,2026-05-01 08:44:58.978467,01/05/26,8:44:58
26925,0.13,26.925,133.70473537604457,13772829362,2026-05-01 08:45:25.903467,01/05/26,8:45:25
26768,0.13,26.768,134.48894202032278,13772856130,2026-05-01 08:45:52.671467,01/05/26,8:45:52
27206,0.13,27.206,132.32375211350438,13772883336,2026-05-01 08:46:19.877467,01/05/26,8:46:19
27413,0.13,27.413,131.32455404370188,13772910749,2026-05-01 08:46:47.290467,01/05/26,8:46:47
27522,0.13,27.522,130.80444735120994,13772938271,2026-05-01 08:47:14.812467,01/05/26,8:47:14
27418,0.13,27.418,131.30060544168066,13772965689,2026-05-01 08:47:42.230467,01/05/26,8:47:42
27300,0.13,27.3,131.86813186813185,13772992989,2026-05-01 08:48:09.530467,01/05/26,8:48:9
27999,0.13,27.999,128.5760205721633,13773020988,2026-05-01 08:48:37.529467,01/05/26,8:48:37
29092,0.12,29.092,123.74535954901691,13773050080,2026-05-01 08:49:06.621467,01/05/26,8:49:6
28705,0.12,28.705,125.41369099460024,13773078785,2026-05-01 08:49:35.326467,01/05/26,8:49:35
27668,0.13,27.668,130.1142113633078,13773106453,2026-05-01 08:50:02.994467,01/05/26,8:50:2
28070,0.13,28.07,128.2508015675098,13773134523,2026-05-01 08:50:31.064467,01/05/26,8:50:31
27807,0.13,27.807,129.46380407810983,13773162330,2026-05-01 08:50:58.871467,01/05/26,8:50:58
27127,0.13,27.127,132.70910900578758,13773189457,2026-05-01 08:51:25.998467,01/05/26,8:51:25
27415,0.13,27.415,131.31497355462338,13773216872,2026-05-01 08:51:53.413467,01/05/26,8:51:53
27283,0.13,27.283,131.95029872081517,13773244155,2026-05-01 08:52:20.696467,01/05/26,8:52:20
27262,0.13,27.262,132.05194042990243,13773271417,2026-05-01 08:52:47.958467,01/05/26,8:52:47
28366,0.13,28.366,126.91250088133681,13773299783,2026-05-01 08:53:16.324467,01/05/26,8:53:16
28194,0.13,28.194,127.68674185997021,13773327977,2026-05-01 08:53:44.518467,01/05/26,8:53:44
28243,0.13,28.243,127.46521261905605,13773356220,2026-05-01 08:54:12.761467,01/05/26,8:54:12
28489,0.13,28.489,126.36456176067956,13773384709,2026-05-01 08:54:41.250467,01/05/26,8:54:41
29243,0.12,29.243,123.10638443388162,13773413952,2026-05-01 08:55:10.493467,01/05/26,8:55:10
29112,0.12,29.112,123.6603462489695,13773443064,2026-05-01 08:55:39.605467,01/05/26,8:55:39
29329,0.12,29.329,122.74540557127757,13773472393,2026-05-01 08:56:08.934467,01/05/26,8:56:8
28862,0.12,28.862,124.73148083985863,13773501255,2026-05-01 08:56:37.796467,01/05/26,8:56:37
29291,0.12,29.291,122.90464647844048,13773530546,2026-05-01 08:57:07.087467,01/05/26,8:57:7
29157,0.12,29.157,123.4694927461673,13773559703,2026-05-01 08:57:36.244467,01/05/26,8:57:36
16577,0.22,16.577,217.1683658080473,13773576280,2026-05-01 08:57:52.821467,01/05/26,8:57:52
17891,0.2,17.891,201.2184897434464,13773594171,2026-05-01 08:58:10.712467,01/05/26,8:58:10
17844,0.2,17.844,201.74848688634836,13773612015,2026-05-01 08:58:28.556467,01/05/26,8:58:28
17927,0.2,17.927,200.81441401238357,13773629942,2026-05-01 08:58:46.483467,01/05/26,8:58:46
17914,0.2,17.914,200.9601429049905,13773647856,2026-05-01 08:59:04.397467,01/05/26,8:59:4
18121,0.2,18.121,198.6645328624248,13773665977,2026-05-01 08:59:22.518467,01/05/26,8:59:22
18075,0.2,18.075,199.1701244813278,13773684052,2026-05-01 08:59:40.593467,01/05/26,8:59:40
18304,0.2,18.304,196.67832167832168,13773702356,2026-05-01 08:59:58.897467,01/05/26,8:59:58
18275,0.2,18.275,196.99042407660738,13773720631,2026-05-01 09:00:17.172467,01/05/26,9:0:17
18189,0.2,18.189,197.9218208807521,13773738820,2026-05-01 09:00:35.361467,01/05/26,9:0:35
17791,0.2,17.791,202.34950255747287,13773756611,2026-05-01 09:00:53.152467,01/05/26,9:0:53
18079,0.2,18.079,199.12605785718236,13773774690,2026-05-01 09:01:11.231467,01/05/26,9:1:11
18153,0.2,18.153,198.31432821021318,13773792843,2026-05-01 09:01:29.384467,01/05/26,9:1:29
18355,0.2,18.355,196.13184418414602,13773811198,2026-05-01 09:01:47.739467,01/05/26,9:1:47
18634,0.19,18.634,193.19523451754856,13773829832,2026-05-01 09:02:06.373467,01/05/26,9:2:6
18558,0.19,18.558,193.98642095053347,13773848390,2026-05-01 09:02:24.931467,01/05/26,9:2:24
18263,0.2,18.263,197.11985982587746,13773866653,2026-05-01 09:02:43.194467,01/05/26,9:2:43
18048,0.2,18.048,199.46808510638297,13773884701,2026-05-01 09:03:01.242467,01/05/26,9:3:1
18001,0.2,18.001,199.98888950613855,13773902702,2026-05-01 09:03:19.243467,01/05/26,9:3:19
18105,0.2,18.105,198.8400994200497,13773920807,2026-05-01 09:03:37.348467,01/05/26,9:3:37
18272,0.2,18.272,197.0227670753065,13773939079,2026-05-01 09:03:55.620467,01/05/26,9:3:55
18380,0.19,18.38,195.86507072905331,13773957459,2026-05-01 09:04:14.000467,01/05/26,9:4:14
18778,0.19,18.778,191.7137075300884,13773976237,2026-05-01 09:04:32.778467,01/05/26,9:4:32
18781,0.19,18.781,191.68308396783985,13773995018,2026-05-01 09:04:51.559467,01/05/26,9:4:51
18964,0.19,18.964,189.83336848766083,13774013982,2026-05-01 09:05:10.523467,01/05/26,9:5:10
24611,0.15,24.611,146.2760554223721,13774038593,2026-05-01 09:05:35.134467,01/05/26,9:5:35
28839,0.12,28.839,124.83095807760324,13774067432,2026-05-01 09:06:03.973467,01/05/26,9:6:3
28752,0.12,28.752,125.20868113522538,13774096184,2026-05-01 09:06:32.725467,01/05/26,9:6:32
28309,0.13,28.309,127.16803843300717,13774124493,2026-05-01 09:07:01.034467,01/05/26,9:7:1
27808,0.13,27.808,129.45914844649022,13774152301,2026-05-01 09:07:28.842467,01/05/26,9:7:28
28169,0.13,28.169,127.80006390003194,13774180470,2026-05-01 09:07:57.011467,01/05/26,9:7:57
27869,0.13,27.869,129.17578671642326,13774208339,2026-05-01 09:08:24.880467,01/05/26,9:8:24
28544,0.13,28.544,126.12107623318386,13774236883,2026-05-01 09:08:53.424467,01/05/26,9:8:53
28942,0.12,28.942,124.3867044433695,13774265825,2026-05-01 09:09:22.366467,01/05/26,9:9:22
28891,0.12,28.891,124.60627877193589,13774294716,2026-05-01 09:09:51.257467,01/05/26,9:9:51
28973,0.12,28.973,124.25361543506023,13774323689,2026-05-01 09:10:20.230467,01/05/26,9:10:20
29212,0.12,29.212,123.23702587977543,13774352901,2026-05-01 09:10:49.442467,01/05/26,9:10:49
28590,0.12,28.59,125.91815320041972,13774381491,2026-05-01 09:11:18.032467,01/05/26,9:11:18
28698,0.12,28.698,125.44428183148652,13774410189,2026-05-01 09:11:46.730467,01/05/26,9:11:46
28786,0.12,28.786,125.06079344125617,13774438975,2026-05-01 09:12:15.516467,01/05/26,9:12:15
28689,0.12,28.689,125.4836348426226,13774467664,2026-05-01 09:12:44.205467,01/05/26,9:12:44
29172,0.12,29.172,123.40600575894693,13774496836,2026-05-01 09:13:13.377467,01/05/26,9:13:13
29266,0.12,29.266,123.0096357548008,13774526102,2026-05-01 09:13:42.643467,01/05/26,9:13:42
29663,0.12,29.663,121.36331456696895,13774555765,2026-05-01 09:14:12.306467,01/05/26,9:14:12
29027,0.12,29.027,124.02246184586764,13774584792,2026-05-01 09:14:41.333467,01/05/26,9:14:41
28776,0.12,28.776,125.10425354462052,13774613568,2026-05-01 09:15:10.109467,01/05/26,9:15:10
28126,0.13,28.126,127.99544905070042,13774641694,2026-05-01 09:15:38.235467,01/05/26,9:15:38
28276,0.13,28.276,127.31645211486773,13774669970,2026-05-01 09:16:06.511467,01/05/26,9:16:6
27990,0.13,27.99,128.61736334405145,13774697960,2026-05-01 09:16:34.501467,01/05/26,9:16:34
28873,0.12,28.873,124.68396079382121,13774726833,2026-05-01 09:17:03.374467,01/05/26,9:17:3
28900,0.12,28.9,124.5674740484429,13774755733,2026-05-01 09:17:32.274467,01/05/26,9:17:32
28846,0.12,28.846,124.80066560354989,13774784579,2026-05-01 09:18:01.120467,01/05/26,9:18:1
29006,0.12,29.006,124.11225263738537,13774813585,2026-05-01 09:18:30.126467,01/05/26,9:18:30
28529,0.13,28.529,126.1873882715833,13774842114,2026-05-01 09:18:58.655467,01/05/26,9:18:58
28577,0.12,28.577,125.97543479021591,13774870691,2026-05-01 09:19:27.232467,01/05/26,9:19:27
28366,0.13,28.366,126.91250088133681,13774899057,2026-05-01 09:19:55.598467,01/05/26,9:19:55
28329,0.13,28.329,127.07825902785132,13774927386,2026-05-01 09:20:23.927467,01/05/26,9:20:23
28757,0.12,28.757,125.18691101297075,13774956143,2026-05-01 09:20:52.684467,01/05/26,9:20:52
28714,0.12,28.714,125.37438183464512,13774984857,2026-05-01 09:21:21.398467,01/05/26,9:21:21
28182,0.13,28.182,127.74111134766872,13775013039,2026-05-01 09:21:49.580467,01/05/26,9:21:49
29089,0.12,29.089,123.75812162673175,13775042128,2026-05-01 09:22:18.669467,01/05/26,9:22:18
28978,0.12,28.978,124.23217613361861,13775071106,2026-05-01 09:22:47.647467,01/05/26,9:22:47
29010,0.12,29.01,124.09513960703205,13775100116,2026-05-01 09:23:16.657467,01/05/26,9:23:16
29127,0.12,29.127,123.59666289010197,13775129243,2026-05-01 09:23:45.784467,01/05/26,9:23:45
29270,0.12,29.27,122.99282541851726,13775158513,2026-05-01 09:24:15.054467,01/05/26,9:24:15
29375,0.12,29.375,122.55319148936171,13775187888,2026-05-01 09:24:44.429467,01/05/26,9:24:44
29274,0.12,29.274,122.97601967616315,13775217162,2026-05-01 09:25:13.703467,01/05/26,9:25:13
29316,0.12,29.316,122.79983626688498,13775246478,2026-05-01 09:25:43.019467,01/05/26,9:25:43
29014,0.12,29.014,124.07803129523678,13775275492,2026-05-01 09:26:12.033467,01/05/26,9:26:12
29050,0.12,29.05,123.92426850258175,13775304542,2026-05-01 09:26:41.083467,01/05/26,9:26:41
29236,0.12,29.236,123.13585989875496,13775333778,2026-05-01 09:27:10.319467,01/05/26,9:27:10
29320,0.12,29.32,122.78308321964529,13775363098,2026-05-01 09:27:39.639467,01/05/26,9:27:39
29446,0.12,29.446,122.25769204645792,13775392544,2026-05-01 09:28:09.085467,01/05/26,9:28:9
29049,0.12,29.049,123.928534545079,13775421593,2026-05-01 09:28:38.134467,01/05/26,9:28:38
29558,0.12,29.558,121.79443805399553,13775451151,2026-05-01 09:29:07.692467,01/05/26,9:29:7
28777,0.12,28.777,125.09990617507037,13775479928,2026-05-01 09:29:36.469467,01/05/26,9:29:36
29478,0.12,29.478,122.12497455729697,13775509406,2026-05-01 09:30:05.947467,01/05/26,9:30:5
28571,0.13,28.571,126.00189002835043,13775537977,2026-05-01 09:30:34.518467,01/05/26,9:30:34
29054,0.12,29.054,123.90720726922282,13775567031,2026-05-01 09:31:03.572467,01/05/26,9:31:3
28956,0.12,28.956,124.32656444260257,13775595987,2026-05-01 09:31:32.528467,01/05/26,9:31:32
29411,0.12,29.411,122.40318248274455,13775625398,2026-05-01 09:32:01.939467,01/05/26,9:32:1
29712,0.12,29.712,121.16316639741518,13775655110,2026-05-01 09:32:31.651467,01/05/26,9:32:31
29894,0.12,29.894,120.42550344550746,13775685004,2026-05-01 09:33:01.545467,01/05/26,9:33:1
29033,0.12,29.033,123.99683119209176,13775714037,2026-05-01 09:33:30.578467,01/05/26,9:33:30
29841,0.12,29.841,120.63938876043028,13775743878,2026-05-01 09:34:00.419467,01/05/26,9:34:0
29858,0.12,29.858,120.57070131957934,13775773736,2026-05-01 09:34:30.277467,01/05/26,9:34:30
29978,0.12,29.978,120.0880645806925,13775803714,2026-05-01 09:35:00.255467,01/05/26,9:35:0
29546,0.12,29.546,121.84390442022608,13775833260,2026-05-01 09:35:29.801467,01/05/26,9:35:29
30078,0.12,30.078,119.68880909634949,13775863338,2026-05-01 09:35:59.879467,01/05/26,9:35:59
29771,0.12,29.771,120.92304591716771,13775893109,2026-05-01 09:36:29.650467,01/05/26,9:36:29
29793,0.12,29.793,120.83375289497533,13775922902,2026-05-01 09:36:59.443467,01/05/26,9:36:59
29571,0.12,29.571,121.74089479557675,13775952473,2026-05-01 09:37:29.014467,01/05/26,9:37:29
29883,0.12,29.883,120.46983234614999,13775982356,2026-05-01 09:37:58.897467,01/05/26,9:37:58
29298,0.12,29.298,122.87528158918697,13776011654,2026-05-01 09:38:28.195467,01/05/26,9:38:28
29569,0.12,29.569,121.74912915553452,13776041223,2026-05-01 09:38:57.764467,01/05/26,9:38:57
29186,0.12,29.186,123.34681011443843,13776070409,2026-05-01 09:39:26.950467,01/05/26,9:39:26
29615,0.12,29.615,121.56002026000337,13776100024,2026-05-01 09:39:56.565467,01/05/26,9:39:56
29198,0.12,29.198,123.29611617234058,13776129222,2026-05-01 09:40:25.763467,01/05/26,9:40:25
29654,0.12,29.654,121.40014837795913,13776158876,2026-05-01 09:40:55.417467,01/05/26,9:40:55
29682,0.12,29.682,121.2856276531231,13776188558,2026-05-01 09:41:25.099467,01/05/26,9:41:25
27613,0.13,27.613,130.37337485966754,13776216171,2026-05-01 09:41:52.712467,01/05/26,9:41:52
27736,0.13,27.736,129.79521199884627,13776243907,2026-05-01 09:42:20.448467,01/05/26,9:42:20
27727,0.13,27.727,129.83734266238685,13776271634,2026-05-01 09:42:48.175467,01/05/26,9:42:48
27770,0.13,27.77,129.63629816348578,13776299404,2026-05-01 09:43:15.945467,01/05/26,9:43:15
28343,0.13,28.343,127.01548883322161,13776327747,2026-05-01 09:43:44.288467,01/05/26,9:43:44
28891,0.12,28.891,124.60627877193589,13776356638,2026-05-01 09:44:13.179467,01/05/26,9:44:13
28532,0.13,28.532,126.17412028599468,13776385170,2026-05-01 09:44:41.711467,01/05/26,9:44:41
28473,0.13,28.473,126.43557054051206,13776413643,2026-05-01 09:45:10.184467,01/05/26,9:45:10
28848,0.12,28.848,124.79201331114808,13776442491,2026-05-01 09:45:39.032467,01/05/26,9:45:39
29056,0.12,29.056,123.89867841409692,13776471547,2026-05-01 09:46:08.088467,01/05/26,9:46:8
29079,0.12,29.079,123.80068090374498,13776500626,2026-05-01 09:46:37.167467,01/05/26,9:46:37
29299,0.12,29.299,122.87108775043517,13776529925,2026-05-01 09:47:06.466467,01/05/26,9:47:6
29315,0.12,29.315,122.80402524304964,13776559240,2026-05-01 09:47:35.781467,01/05/26,9:47:35
29377,0.12,29.377,122.54484801034823,13776588617,2026-05-01 09:48:05.158467,01/05/26,9:48:5
17002,0.21,17.002,211.73979531819785,13776605619,2026-05-01 09:48:22.160467,01/05/26,9:48:22
17860,0.2,17.86,201.56774916013438,13776623479,2026-05-01 09:48:40.020467,01/05/26,9:48:40
17925,0.2,17.925,200.836820083682,13776641404,2026-05-01 09:48:57.945467,01/05/26,9:48:57
17917,0.2,17.917,200.92649439080202,13776659321,2026-05-01 09:49:15.862467,01/05/26,9:49:15
17895,0.2,17.895,201.17351215423304,13776677216,2026-05-01 09:49:33.757467,01/05/26,9:49:33
18019,0.2,18.019,199.7891114934236,13776695235,2026-05-01 09:49:51.776467,01/05/26,9:49:51
18156,0.2,18.156,198.28155981493722,13776713391,2026-05-01 09:50:09.932467,01/05/26,9:50:9
18076,0.2,18.076,199.15910599690196,13776731467,2026-05-01 09:50:28.008467,01/05/26,9:50:28
18255,0.2,18.255,197.2062448644207,13776749722,2026-05-01 09:50:46.263467,01/05/26,9:50:46
18351,0.2,18.351,196.174595389897,13776768073,2026-05-01 09:51:04.614467,01/05/26,9:51:4
18243,0.2,18.243,197.33596447952638,13776786316,2026-05-01 09:51:22.857467,01/05/26,9:51:22
18268,0.2,18.268,197.06590759798556,13776804584,2026-05-01 09:51:41.125467,01/05/26,9:51:41
18828,0.19,18.828,191.20458891013385,13776823412,2026-05-01 09:51:59.953467,01/05/26,9:51:59
19090,0.19,19.09,188.58040859088527,13776842502,2026-05-01 09:52:19.043467,01/05/26,9:52:19
19141,0.19,19.141,188.07794786061334,13776861643,2026-05-01 09:52:38.184467,01/05/26,9:52:38
19221,0.19,19.221,187.29514593413455,13776880864,2026-05-01 09:52:57.405467,01/05/26,9:52:57
19289,0.19,19.289,186.63486961480638,13776900153,2026-05-01 09:53:16.694467,01/05/26,9:53:16
19219,0.19,19.219,187.31463655757324,13776919372,2026-05-01 09:53:35.913467,01/05/26,9:53:35
19375,0.19,19.375,185.80645161290323,13776938747,2026-05-01 09:53:55.288467,01/05/26,9:53:55
19232,0.19,19.232,187.18801996672212,13776957979,2026-05-01 09:54:14.520467,01/05/26,9:54:14
19112,0.19,19.112,188.36333193804938,13776977091,2026-05-01 09:54:33.632467,01/05/26,9:54:33
19364,0.19,19.364,185.9120016525511,13776996455,2026-05-01 09:54:52.996467,01/05/26,9:54:52
19536,0.18,19.536,184.27518427518427,13777015991,2026-05-01 09:55:12.532467,01/05/26,9:55:12
19549,0.18,19.549,184.15264207887873,13777035540,2026-05-01 09:55:32.081467,01/05/26,9:55:32
21318,0.17,21.318,168.87137630171685,13777056858,2026-05-01 09:55:53.399467,01/05/26,9:55:53
30679,0.12,30.679,117.34411160728837,13777087537,2026-05-01 09:56:24.078467,01/05/26,9:56:24
30558,0.12,30.558,117.80875711761242,13777118095,2026-05-01 09:56:54.636467,01/05/26,9:56:54
30710,0.12,30.71,117.22565939433409,13777148805,2026-05-01 09:57:25.346467,01/05/26,9:57:25
30712,0.12,30.712,117.21802552748112,13777179517,2026-05-01 09:57:56.058467,01/05/26,9:57:56
30761,0.12,30.761,117.03130587432138,13777210278,2026-05-01 09:58:26.819467,01/05/26,9:58:26
30636,0.12,30.636,117.50881316098707,13777240914,2026-05-01 09:58:57.455467,01/05/26,9:58:57
30558,0.12,30.558,117.80875711761242,13777271472,2026-05-01 09:59:28.013467,01/05/26,9:59:28
30469,0.12,30.469,118.15287669434507,13777301941,2026-05-01 09:59:58.482467,01/05/26,9:59:58
30576,0.12,30.576,117.73940345368916,13777332517,2026-05-01 10:00:29.058467,01/05/26,10:0:29
30531,0.12,30.531,117.91294094526874,13777363048,2026-05-01 10:00:59.589467,01/05/26,10:0:59
29537,0.12,29.537,121.88103057182516,13777392585,2026-05-01 10:01:29.126467,01/05/26,10:1:29
30041,0.12,30.041,119.83622382743584,13777422626,2026-05-01 10:01:59.167467,01/05/26,10:1:59
30001,0.12,30.001,119.99600013332889,13777452627,2026-05-01 10:02:29.168467,01/05/26,10:2:29
30242,0.12,30.242,119.03974604854176,13777482869,2026-05-01 10:02:59.410467,01/05/26,10:2:59
30031,0.12,30.031,119.87612800106557,13777512900,2026-05-01 10:03:29.441467,01/05/26,10:3:29
30307,0.12,30.307,118.78443923845977,13777543207,2026-05-01 10:03:59.748467,01/05/26,10:3:59
30121,0.12,30.121,119.51794429135819,13777573328,2026-05-01 10:04:29.869467,01/05/26,10:4:29
30226,0.12,30.226,119.10275921392179,13777603554,2026-05-01 10:05:00.095467,01/05/26,10:5:0
29945,0.12,29.945,120.22040407413591,13777633499,2026-05-01 10:05:30.040467,01/05/26,10:5:30
30068,0.12,30.068,119.72861513901823,13777663567,2026-05-01 10:06:00.108467,01/05/26,10:6:0
30072,0.12,30.072,119.71268954509178,13777693639,2026-05-01 10:06:30.180467,01/05/26,10:6:30
30266,0.12,30.266,118.94535121918985,13777723905,2026-05-01 10:07:00.446467,01/05/26,10:7:0
30024,0.12,30.024,119.9040767386091,13777753929,2026-05-01 10:07:30.470467,01/05/26,10:7:30
30362,0.12,30.362,118.56926421184376,13777784291,2026-05-01 10:08:00.832467,01/05/26,10:8:0
29736,0.12,29.736,121.06537530266344,13777814027,2026-05-01 10:08:30.568467,01/05/26,10:8:30
29694,0.12,29.694,121.2366134572641,13777843721,2026-05-01 10:09:00.262467,01/05/26,10:9:0
29240,0.12,29.24,123.11901504787961,13777872961,2026-05-01 10:09:29.502467,01/05/26,10:9:29
28979,0.12,28.979,124.22788916111666,13777901940,2026-05-01 10:09:58.481467,01/05/26,10:9:58
29263,0.12,29.263,123.0222465229129,13777931203,2026-05-01 10:10:27.744467,01/05/26,10:10:27
29525,0.12,29.525,121.93056731583404,13777960728,2026-05-01 10:10:57.269467,01/05/26,10:10:57
29068,0.12,29.068,123.84752992981973,13777989796,2026-05-01 10:11:26.337467,01/05/26,10:11:26
28945,0.12,28.945,124.37381240283295,13778018741,2026-05-01 10:11:55.282467,01/05/26,10:11:55
28946,0.12,28.946,124.36951564983072,13778047687,2026-05-01 10:12:24.228467,01/05/26,10:12:24
28431,0.13,28.431,126.62234884457106,13778076118,2026-05-01 10:12:52.659467,01/05/26,10:12:52
28554,0.13,28.554,126.07690691321706,13778104672,2026-05-01 10:13:21.213467,01/05/26,10:13:21
29313,0.12,29.313,122.81240405280933,13778133985,2026-05-01 10:13:50.526467,01/05/26,10:13:50
29116,0.12,29.116,123.6433576040665,13778163101,2026-05-01 10:14:19.642467,01/05/26,10:14:19
28476,0.13,28.476,126.42225031605562,13778191577,2026-05-01 10:14:48.118467,01/05/26,10:14:48
28368,0.13,28.368,126.90355329949239,13778219945,2026-05-01 10:15:16.486467,01/05/26,10:15:16
28400,0.13,28.4,126.7605633802817,13778248345,2026-05-01 10:15:44.886467,01/05/26,10:15:44
28623,0.12,28.623,125.77297977151242,13778276968,2026-05-01 10:16:13.509467,01/05/26,10:16:13
28063,0.13,28.063,128.2827922887788,13778305031,2026-05-01 10:16:41.572467,01/05/26,10:16:41
28028,0.13,28.028,128.44298558584273,13778333059,2026-05-01 10:17:09.600467,01/05/26,10:17:9
27977,0.13,27.977,128.67712764056188,13778361036,2026-05-01 10:17:37.577467,01/05/26,10:17:37
28611,0.12,28.611,125.82573136206354,13778389647,2026-05-01 10:18:06.188467,01/05/26,10:18:6
28937,0.12,28.937,124.40819711787677,13778418584,2026-05-01 10:18:35.125467,01/05/26,10:18:35
29217,0.12,29.217,123.21593592771332,13778447801,2026-05-01 10:19:04.342467,01/05/26,10:19:4
29044,0.12,29.044,123.94986916402699,13778476845,2026-05-01 10:19:33.386467,01/05/26,10:19:33
28259,0.13,28.259,127.39304292437808,13778505104,2026-05-01 10:20:01.645467,01/05/26,10:20:1
28580,0.12,28.58,125.96221133659903,13778533684,2026-05-01 10:20:30.225467,01/05/26,10:20:30
28281,0.13,28.281,127.29394292988225,13778561965,2026-05-01 10:20:58.506467,01/05/26,10:20:58
27707,0.13,27.707,129.9310643519688,13778589672,2026-05-01 10:21:26.213467,01/05/26,10:21:26
27363,0.13,27.363,131.5645214340533,13778617035,2026-05-01 10:21:53.576467,01/05/26,10:21:53
27265,0.13,27.265,132.0374105996699,13778644300,2026-05-01 10:22:20.841467,01/05/26,10:22:20
27544,0.13,27.544,130.699970955562,13778671844,2026-05-01 10:22:48.385467,01/05/26,10:22:48
28512,0.13,28.512,126.26262626262626,13778700356,2026-05-01 10:23:16.897467,01/05/26,10:23:16
28981,0.12,28.981,124.21931610365412,13778729337,2026-05-01 10:23:45.878467,01/05/26,10:23:45
29675,0.12,29.675,121.31423757371525,13778759012,2026-05-01 10:24:15.553467,01/05/26,10:24:15
28812,0.12,28.812,124.94793835901707,13778787824,2026-05-01 10:24:44.365467,01/05/26,10:24:44
28169,0.13,28.169,127.80006390003194,13778815993,2026-05-01 10:25:12.534467,01/05/26,10:25:12
29110,0.12,29.11,123.66884232222604,13778845103,2026-05-01 10:25:41.644467,01/05/26,10:25:41
28399,0.13,28.399,126.76502693756822,13778873502,2026-05-01 10:26:10.043467,01/05/26,10:26:10
28593,0.12,28.593,125.90494176896443,13778902095,2026-05-01 10:26:38.636467,01/05/26,10:26:38
29083,0.12,29.083,123.78365368084448,13778931178,2026-05-01 10:27:07.719467,01/05/26,10:27:7
29456,0.12,29.456,122.21618685497012,13778960634,2026-05-01 10:27:37.175467,01/05/26,10:27:37
29271,0.12,29.271,122.98862355232141,13778989905,2026-05-01 10:28:06.446467,01/05/26,10:28:6
29199,0.12,29.199,123.29189355799856,13779019104,2026-05-01 10:28:35.645467,01/05/26,10:28:35
29380,0.12,29.38,122.53233492171545,13779048484,2026-05-01 10:29:05.025467,01/05/26,10:29:5
29185,0.12,29.185,123.3510364913483,13779077669,2026-05-01 10:29:34.210467,01/05/26,10:29:34
29188,0.12,29.188,123.33835822940935,13779106857,2026-05-01 10:30:03.398467,01/05/26,10:30:3
28820,0.12,28.82,124.91325468424705,13779135677,2026-05-01 10:30:32.218467,01/05/26,10:30:32
28926,0.12,28.926,124.45550715619166,13779164603,2026-05-01 10:31:01.144467,01/05/26,10:31:1
28185,0.13,28.185,127.72751463544438,13779192788,2026-05-01 10:31:29.329467,01/05/26,10:31:29
28893,0.12,28.893,124.59765341086076,13779221681,2026-05-01 10:31:58.222467,01/05/26,10:31:58
29225,0.12,29.225,123.18220701454234,13779250906,2026-05-01 10:32:27.447467,01/05/26,10:32:27
29509,0.12,29.509,121.99667897929446,13779280415,2026-05-01 10:32:56.956467,01/05/26,10:32:56
29341,0.12,29.341,122.69520466241778,13779309756,2026-05-01 10:33:26.297467,01/05/26,10:33:26
29440,0.12,29.44,122.28260869565217,13779339196,2026-05-01 10:33:55.737467,01/05/26,10:33:55
29204,0.12,29.204,123.2707848239967,13779368400,2026-05-01 10:34:24.941467,01/05/26,10:34:24
29189,0.12,29.189,123.3341327212306,13779397589,2026-05-01 10:34:54.130467,01/05/26,10:34:54
29140,0.12,29.14,123.54152367879203,13779426729,2026-05-01 10:35:23.270467,01/05/26,10:35:23
29073,0.12,29.073,123.82623052316582,13779455802,2026-05-01 10:35:52.343467,01/05/26,10:35:52
29403,0.12,29.403,122.4364860728497,13779485205,2026-05-01 10:36:21.746467,01/05/26,10:36:21
29109,0.12,29.109,123.67309079666083,13779514314,2026-05-01 10:36:50.855467,01/05/26,10:36:50
28733,0.12,28.733,125.29147669926566,13779543047,2026-05-01 10:37:19.588467,01/05/26,10:37:19
28964,0.12,28.964,124.29222483082447,13779572011,2026-05-01 10:37:48.552467,01/05/26,10:37:48
28795,0.12,28.795,125.02170515714533,13779600806,2026-05-01 10:38:17.347467,01/05/26,10:38:17
28507,0.13,28.507,126.28477216122356,13779629313,2026-05-01 10:38:45.854467,01/05/26,10:38:45
19468,0.18,19.468,184.91884117526197,13779648781,2026-05-01 10:39:05.322467,01/05/26,10:39:5
17640,0.2,17.64,204.08163265306123,13779666421,2026-05-01 10:39:22.962467,01/05/26,10:39:22
17614,0.2,17.614,204.3828772567276,13779684035,2026-05-01 10:39:40.576467,01/05/26,10:39:40
17697,0.2,17.697,203.42430920495,13779701732,2026-05-01 10:39:58.273467,01/05/26,10:39:58
17667,0.2,17.667,203.76974019358124,13779719399,2026-05-01 10:40:15.940467,01/05/26,10:40:15
17795,0.2,17.795,202.30401798257938,13779737194,2026-05-01 10:40:33.735467,01/05/26,10:40:33
17969,0.2,17.969,200.34503867772275,13779755163,2026-05-01 10:40:51.704467,01/05/26,10:40:51
17943,0.2,17.943,200.63534525998998,13779773106,2026-05-01 10:41:09.647467,01/05/26,10:41:9
18036,0.2,18.036,199.6007984031936,13779791142,2026-05-01 10:41:27.683467,01/05/26,10:41:27
17888,0.2,17.888,201.25223613595708,13779809030,2026-05-01 10:41:45.571467,01/05/26,10:41:45
18117,0.2,18.117,198.7083954297069,13779827147,2026-05-01 10:42:03.688467,01/05/26,10:42:3
18308,0.2,18.308,196.63535066637536,13779845455,2026-05-01 10:42:21.996467,01/05/26,10:42:21
18309,0.2,18.309,196.62461084712436,13779863764,2026-05-01 10:42:40.305467,01/05/26,10:42:40
18411,0.19,18.411,195.5352778230406,13779882175,2026-05-01 10:42:58.716467,01/05/26,10:42:58
18481,0.19,18.481,194.79465396894108,13779900656,2026-05-01 10:43:17.197467,01/05/26,10:43:17
18458,0.19,18.458,195.03738216491493,13779919114,2026-05-01 10:43:35.655467,01/05/26,10:43:35
18532,0.19,18.532,194.25857975393913,13779937646,2026-05-01 10:43:54.187467,01/05/26,10:43:54
18619,0.19,18.619,193.3508781352382,13779956265,2026-05-01 10:44:12.806467,01/05/26,10:44:12
18635,0.19,18.635,193.18486718540382,13779974900,2026-05-01 10:44:31.441467,01/05/26,10:44:31
18740,0.19,18.74,192.10245464247598,13779993640,2026-05-01 10:44:50.181467,01/05/26,10:44:50
18881,0.19,18.881,190.66786716805254,13780012521,2026-05-01 10:45:09.062467,01/05/26,10:45:9
18717,0.19,18.717,192.3385157877865,13780031238,2026-05-01 10:45:27.779467,01/05/26,10:45:27
18494,0.19,18.494,194.65772683032336,13780049732,2026-05-01 10:45:46.273467,01/05/26,10:45:46
19165,0.19,19.165,187.8424210800939,13780068897,2026-05-01 10:46:05.438467,01/05/26,10:46:5
19349,0.19,19.349,186.05612693162436,13780088246,2026-05-01 10:46:24.787467,01/05/26,10:46:24
24223,0.15,24.223,148.61908103868225,13780112469,2026-05-01 10:46:49.010467,01/05/26,10:46:49
29932,0.12,29.932,120.2726179339837,13780142401,2026-05-01 10:47:18.942467,01/05/26,10:47:18
29931,0.12,29.931,120.27663626340583,13780172332,2026-05-01 10:47:48.873467,01/05/26,10:47:48
29953,0.12,29.953,120.18829499549294,13780202285,2026-05-01 10:48:18.826467,01/05/26,10:48:18
29998,0.12,29.998,120.00800053336889,13780232283,2026-05-01 10:48:48.824467,01/05/26,10:48:48
29929,0.12,29.929,120.28467372782251,13780262212,2026-05-01 10:49:18.753467,01/05/26,10:49:18
29803,0.12,29.803,120.79320873737544,13780292015,2026-05-01 10:49:48.556467,01/05/26,10:49:48
29962,0.12,29.962,120.1521927775182,13780321977,2026-05-01 10:50:18.518467,01/05/26,10:50:18
29749,0.12,29.749,121.01247100742881,13780351726,2026-05-01 10:50:48.267467,01/05/26,10:50:48
29748,0.12,29.748,121.01653892698668,13780381474,2026-05-01 10:51:18.015467,01/05/26,10:51:18
29857,0.12,29.857,120.57473959205547,13780411331,2026-05-01 10:51:47.872467,01/05/26,10:51:47
30376,0.12,30.376,118.514616802739,13780441707,2026-05-01 10:52:18.248467,01/05/26,10:52:18
30439,0.12,30.439,118.26932553631853,13780472146,2026-05-01 10:52:48.687467,01/05/26,10:52:48
30433,0.12,30.433,118.29264285479579,13780502579,2026-05-01 10:53:19.120467,01/05/26,10:53:19
30414,0.12,30.414,118.36654172420596,13780532993,2026-05-01 10:53:49.534467,01/05/26,10:53:49
30475,0.12,30.475,118.12961443806398,13780563468,2026-05-01 10:54:20.009467,01/05/26,10:54:20
30360,0.12,30.36,118.57707509881423,13780593828,2026-05-01 10:54:50.369467,01/05/26,10:54:50
30363,0.12,30.363,118.56535915423378,13780624191,2026-05-01 10:55:20.732467,01/05/26,10:55:20
30380,0.12,30.38,118.4990125082291,13780654571,2026-05-01 10:55:51.112467,01/05/26,10:55:51
30414,0.12,30.414,118.36654172420596,13780684985,2026-05-01 10:56:21.526467,01/05/26,10:56:21
30444,0.12,30.444,118.24990145841545,13780715429,2026-05-01 10:56:51.970467,01/05/26,10:56:51
30356,0.12,30.356,118.5926999604691,13780745785,2026-05-01 10:57:22.326467,01/05/26,10:57:22
30429,0.12,30.429,118.30819284235433,13780776214,2026-05-01 10:57:52.755467,01/05/26,10:57:52
30343,0.12,30.343,118.64350921135023,13780806557,2026-05-01 10:58:23.098467,01/05/26,10:58:23
30346,0.12,30.346,118.63178013576749,13780836903,2026-05-01 10:58:53.444467,01/05/26,10:58:53
30229,0.12,30.229,119.09093916437858,13780867132,2026-05-01 10:59:23.673467,01/05/26,10:59:23
29534,0.12,29.534,121.8934109839507,13780896666,2026-05-01 10:59:53.207467,01/05/26,10:59:53
29765,0.12,29.765,120.9474214681673,13780926431,2026-05-01 11:00:22.972467,01/05/26,11:0:22
30073,0.12,30.073,119.70870880856582,13780956504,2026-05-01 11:00:53.045467,01/05/26,11:0:53
29341,0.12,29.341,122.69520466241778,13780985845,2026-05-01 11:01:22.386467,01/05/26,11:1:22
29887,0.12,29.887,120.45370897045538,13781015732,2026-05-01 11:01:52.273467,01/05/26,11:1:52
29629,0.12,29.629,121.50258192986601,13781045361,2026-05-01 11:02:21.902467,01/05/26,11:2:21
28890,0.12,28.89,124.61059190031153,13781074251,2026-05-01 11:02:50.792467,01/05/26,11:2:50
29605,0.12,29.605,121.60108089849687,13781103856,2026-05-01 11:03:20.397467,01/05/26,11:3:20
30147,0.12,30.147,119.41486715096029,13781134003,2026-05-01 11:03:50.544467,01/05/26,11:3:50
29998,0.12,29.998,120.00800053336889,13781164001,2026-05-01 11:04:20.542467,01/05/26,11:4:20
30146,0.12,30.146,119.41882836860611,13781194147,2026-05-01 11:04:50.688467,01/05/26,11:4:50
29278,0.12,29.278,122.95921852585559,13781223425,2026-05-01 11:05:19.966467,01/05/26,11:5:19
26009,0.14,26.009,138.41362605252027,13781249434,2026-05-01 11:05:45.975467,01/05/26,11:5:45
26354,0.14,26.354,136.60165439781437,13781275788,2026-05-01 11:06:12.329467,01/05/26,11:6:12
24407,0.15,24.407,147.49866841479903,13781300195,2026-05-01 11:06:36.736467,01/05/26,11:6:36
23849,0.15,23.849,150.9497253553608,13781324044,2026-05-01 11:07:00.585467,01/05/26,11:7:0
24678,0.14,24.678,145.87892049598833,13781348722,2026-05-01 11:07:25.263467,01/05/26,11:7:25
25107,0.14,25.107,143.38630660771895,13781373829,2026-05-01 11:07:50.370467,01/05/26,11:7:50
25305,0.14,25.305,142.26437462951986,13781399134,2026-05-01 11:08:15.675467,01/05/26,11:8:15
25059,0.14,25.059,143.66096013408355,13781424193,2026-05-01 11:08:40.734467,01/05/26,11:8:40
25269,0.14,25.269,142.46705449364833,13781449462,2026-05-01 11:09:06.003467,01/05/26,11:9:6
25085,0.14,25.085,143.51205899940203,13781474547,2026-05-01 11:09:31.088467,01/05/26,11:9:31
25259,0.14,25.259,142.52345698562888,13781499806,2026-05-01 11:09:56.347467,01/05/26,11:9:56
25184,0.14,25.184,142.94790343074968,13781524990,2026-05-01 11:10:21.531467,01/05/26,11:10:21
25137,0.14,25.137,143.21518080916576,13781550127,2026-05-01 11:10:46.668467,01/05/26,11:10:46
25130,0.14,25.13,143.25507361719062,13781575257,2026-05-01 11:11:11.798467,01/05/26,11:11:11
25407,0.14,25.407,141.69323414806942,13781600664,2026-05-01 11:11:37.205467,01/05/26,11:11:37
25474,0.14,25.474,141.32056214179164,13781626138,2026-05-01 11:12:02.679467,01/05/26,11:12:2
25622,0.14,25.622,140.50425415658418,13781651760,2026-05-01 11:12:28.301467,01/05/26,11:12:28
25661,0.14,25.661,140.29071353415688,13781677421,2026-05-01 11:12:53.962467,01/05/26,11:12:53
25712,0.14,25.712,140.01244555071563,13781703133,2026-05-01 11:13:19.674467,01/05/26,11:13:19
25794,0.14,25.794,139.56734124214933,13781728927,2026-05-01 11:13:45.468467,01/05/26,11:13:45
25930,0.14,25.93,138.83532587736212,13781754857,2026-05-01 11:14:11.398467,01/05/26,11:14:11
25787,0.14,25.787,139.60522744018303,13781780644,2026-05-01 11:14:37.185467,01/05/26,11:14:37
26119,0.14,26.119,137.83069795933994,13781806763,2026-05-01 11:15:03.304467,01/05/26,11:15:3
25782,0.14,25.782,139.63230160577146,13781832545,2026-05-01 11:15:29.086467,01/05/26,11:15:29
26011,0.14,26.011,138.40298335319673,13781858556,2026-05-01 11:15:55.097467,01/05/26,11:15:55
25696,0.14,25.696,140.09962640099627,13781884252,2026-05-01 11:16:20.793467,01/05/26,11:16:20
25730,0.14,25.73,139.91449669646326,13781909982,2026-05-01 11:16:46.523467,01/05/26,11:16:46
25738,0.14,25.738,139.87100784831767,13781935720,2026-05-01 11:17:12.261467,01/05/26,11:17:12
25069,0.14,25.069,143.60365391519406,13781960789,2026-05-01 11:17:37.330467,01/05/26,11:17:37
25485,0.14,25.485,141.25956444967628,13781986274,2026-05-01 11:18:02.815467,01/05/26,11:18:2
25729,0.14,25.729,139.91993470403048,13782012003,2026-05-01 11:18:28.544467,01/05/26,11:18:28
25450,0.14,25.45,141.45383104125736,13782037453,2026-05-01 11:18:53.994467,01/05/26,11:18:53
25646,0.14,25.646,140.3727676830695,13782063099,2026-05-01 11:19:19.640467,01/05/26,11:19:19
25624,0.14,25.624,140.4932875429285,13782088723,2026-05-01 11:19:45.264467,01/05/26,11:19:45
25664,0.14,25.664,140.27431421446383,13782114387,2026-05-01 11:20:10.928467,01/05/26,11:20:10
25104,0.14,25.104,143.40344168260037,13782139491,2026-05-01 11:20:36.032467,01/05/26,11:20:36
25711,0.14,25.711,140.01789117498348,13782165202,2026-05-01 11:21:01.743467,01/05/26,11:21:1
25092,0.14,25.092,143.47202295552367,13782190294,2026-05-01 11:21:26.835467,01/05/26,11:21:26
25223,0.14,25.223,142.72687626372755,13782215517,2026-05-01 11:21:52.058467,01/05/26,11:21:52
25448,0.14,25.448,141.46494812951903,13782240965,2026-05-01 11:22:17.506467,01/05/26,11:22:17
25388,0.14,25.388,141.79927524814875,13782266353,2026-05-01 11:22:42.894467,01/05/26,11:22:42
25596,0.14,25.596,140.64697609001408,13782291949,2026-05-01 11:23:08.490467,01/05/26,11:23:8
25396,0.14,25.396,141.7546070247283,13782317345,2026-05-01 11:23:33.886467,01/05/26,11:23:33
25893,0.14,25.893,139.03371567605143,13782343238,2026-05-01 11:23:59.779467,01/05/26,11:23:59
25950,0.14,25.95,138.72832369942196,13782369188,2026-05-01 11:24:25.729467,01/05/26,11:24:25
25908,0.14,25.908,138.95321908290876,13782395096,2026-05-01 11:24:51.637467,01/05/26,11:24:51
25880,0.14,25.88,139.10355486862443,13782420976,2026-05-01 11:25:17.517467,01/05/26,11:25:17
26667,0.13,26.667,134.99831252109348,13782447643,2026-05-01 11:25:44.184467,01/05/26,11:25:44
28037,0.13,28.037,128.4017548239826,13782475680,2026-05-01 11:26:12.221467,01/05/26,11:26:12
27996,0.13,27.996,128.58979854264896,13782503676,2026-05-01 11:26:40.217467,01/05/26,11:26:40
28407,0.13,28.407,126.7293272784877,13782532083,2026-05-01 11:27:08.624467,01/05/26,11:27:8
28354,0.13,28.354,126.96621288001693,13782560437,2026-05-01 11:27:36.978467,01/05/26,11:27:36
28566,0.13,28.566,126.0239445494644,13782589003,2026-05-01 11:28:05.544467,01/05/26,11:28:5
27815,0.13,27.815,129.4265683983462,13782616818,2026-05-01 11:28:33.359467,01/05/26,11:28:33
28504,0.13,28.504,126.29806342969408,13782645322,2026-05-01 11:29:01.863467,01/05/26,11:29:1
22981,0.16,22.981,156.6511465993647,13782668303,2026-05-01 11:29:24.844467,01/05/26,11:29:24
17522,0.2,17.522,205.45599817372445,13782685825,2026-05-01 11:29:42.366467,01/05/26,11:29:42
17395,0.21,17.395,206.95602184535787,13782703220,2026-05-01 11:29:59.761467,01/05/26,11:29:59
17587,0.2,17.587,204.69665093534996,13782720807,2026-05-01 11:30:17.348467,01/05/26,11:30:17
17510,0.2,17.51,205.59680182752712,13782738317,2026-05-01 11:30:34.858467,01/05/26,11:30:34
17638,0.2,17.638,204.10477378387571,13782755955,2026-05-01 11:30:52.496467,01/05/26,11:30:52
17841,0.2,17.841,201.78241129981504,13782773796,2026-05-01 11:31:10.337467,01/05/26,11:31:10
17868,0.2,17.868,201.4775016789792,13782791664,2026-05-01 11:31:28.205467,01/05/26,11:31:28
17924,0.2,17.924,200.84802499442088,13782809588,2026-05-01 11:31:46.129467,01/05/26,11:31:46
18108,0.2,18.108,198.80715705765408,13782827696,2026-05-01 11:32:04.237467,01/05/26,11:32:4
18265,0.2,18.265,197.09827539009035,13782845961,2026-05-01 11:32:22.502467,01/05/26,11:32:22
18176,0.2,18.176,198.06338028169014,13782864137,2026-05-01 11:32:40.678467,01/05/26,11:32:40
18234,0.2,18.234,197.43336623889437,13782882371,2026-05-01 11:32:58.912467,01/05/26,11:32:58
18383,0.19,18.383,195.83310667464505,13782900754,2026-05-01 11:33:17.295467,01/05/26,11:33:17
18408,0.19,18.408,195.5671447196871,13782919162,2026-05-01 11:33:35.703467,01/05/26,11:33:35
18527,0.19,18.527,194.31100555945378,13782937689,2026-05-01 11:33:54.230467,01/05/26,11:33:54
18578,0.19,18.578,193.77758639250726,13782956267,2026-05-01 11:34:12.808467,01/05/26,11:34:12
18358,0.2,18.358,196.09979300577405,13782974625,2026-05-01 11:34:31.166467,01/05/26,11:34:31
18183,0.2,18.183,197.98713083649562,13782992808,2026-05-01 11:34:49.349467,01/05/26,11:34:49
18449,0.19,18.449,195.13252750826604,13783011257,2026-05-01 11:35:07.798467,01/05/26,11:35:7
18337,0.2,18.337,196.3243714893385,13783029594,2026-05-01 11:35:26.135467,01/05/26,11:35:26
18589,0.19,18.589,193.66291893055032,13783048183,2026-05-01 11:35:44.724467,01/05/26,11:35:44
18847,0.19,18.847,191.0118321218231,13783067030,2026-05-01 11:36:03.571467,01/05/26,11:36:3
18927,0.19,18.927,190.20446980504042,13783085957,2026-05-01 11:36:22.498467,01/05/26,11:36:22
19016,0.19,19.016,189.31426167437948,13783104973,2026-05-01 11:36:41.514467,01/05/26,11:36:41
21318,0.17,21.318,168.87137630171685,13783126291,2026-05-01 11:37:02.832467,01/05/26,11:37:2
29562,0.12,29.562,121.77795818956768,13783155853,2026-05-01 11:37:32.394467,01/05/26,11:37:32
29923,0.12,29.923,120.30879256759015,13783185776,2026-05-01 11:38:02.317467,01/05/26,11:38:2
29761,0.12,29.761,120.9636772957898,13783215537,2026-05-01 11:38:32.078467,01/05/26,11:38:32
29740,0.12,29.74,121.049092131809,13783245277,2026-05-01 11:39:01.818467,01/05/26,11:39:1
29521,0.12,29.521,121.94708851326175,13783274798,2026-05-01 11:39:31.339467,01/05/26,11:39:31
29725,0.12,29.725,121.11017661900758,13783304523,2026-05-01 11:40:01.064467,01/05/26,11:40:1
29707,0.12,29.707,121.18355943043727,13783334230,2026-05-01 11:40:30.771467,01/05/26,11:40:30
29934,0.12,29.934,120.26458208057727,13783364164,2026-05-01 11:41:00.705467,01/05/26,11:41:0
29486,0.12,29.486,122.09184019534695,13783393650,2026-05-01 11:41:30.191467,01/05/26,11:41:30
29007,0.12,29.007,124.10797393732547,13783422657,2026-05-01 11:41:59.198467,01/05/26,11:41:59
29046,0.12,29.046,123.94133443503408,13783451703,2026-05-01 11:42:28.244467,01/05/26,11:42:28
29209,0.12,29.209,123.24968331678592,13783480912,2026-05-01 11:42:57.453467,01/05/26,11:42:57
29343,0.12,29.343,122.68684183621306,13783510255,2026-05-01 11:43:26.796467,01/05/26,11:43:26
29089,0.12,29.089,123.75812162673175,13783539344,2026-05-01 11:43:55.885467,01/05/26,11:43:55
29473,0.12,29.473,122.1456926678655,13783568817,2026-05-01 11:44:25.358467,01/05/26,11:44:25
29228,0.12,29.228,123.16956343232516,13783598045,2026-05-01 11:44:54.586467,01/05/26,11:44:54
14778,0.24,14.778,243.605359317905,13783612823,2026-05-01 11:45:09.364467,01/05/26,11:45:9
2653,1.36,2.653,1356.9543912551828,13783615476,2026-05-01 11:45:12.017467,01/05/26,11:45:12
19099,0.19,19.099,188.49154405989842,13783634575,2026-05-01 11:45:31.116467,01/05/26,11:45:31
4846,0.74,4.846,742.8807263722658,13783639421,2026-05-01 11:45:35.962467,01/05/26,11:45:35
2523,1.43,2.523,1426.872770511296,13783641944,2026-05-01 11:45:38.485467,01/05/26,11:45:38
2518,1.43,2.518,1429.7061159650516,13783644462,2026-05-01 11:45:41.003467,01/05/26,11:45:41
12133,0.3,12.133,296.7114481167065,13783656595,2026-05-01 11:45:53.136467,01/05/26,11:45:53
12238,0.29,12.238,294.1657133518549,13783668833,2026-05-01 11:46:05.374467,01/05/26,11:46:5
2532,1.42,2.532,1421.8009478672986,13783671365,2026-05-01 11:46:07.906467,01/05/26,11:46:7
2527,1.42,2.527,1424.6141669964384,13783673892,2026-05-01 11:46:10.433467,01/05/26,11:46:10
8758,0.41,8.758,411.05275176981047,13783682650,2026-05-01 11:46:19.191467,01/05/26,11:46:19
15409,0.23,15.409,233.62969693036538,13783698059,2026-05-01 11:46:34.600467,01/05/26,11:46:34
2544,1.41,2.544,1415.0943396226414,13783700603,2026-05-01 11:46:37.144467,01/05/26,11:46:37
2534,1.42,2.534,1420.6787687450671,13783703137,2026-05-01 11:46:39.678467,01/05/26,11:46:39
2746,1.31,2.746,1310.9978150036416,13783705883,2026-05-01 11:46:42.424467,01/05/26,11:46:42
20808,0.17,20.808,173.01038062283737,13783726691,2026-05-01 11:47:03.232467,01/05/26,11:47:3
3359,1.07,3.359,1071.7475439118784,13783730050,2026-05-01 11:47:06.591467,01/05/26,11:47:6
2560,1.41,2.56,1406.25,13783732610,2026-05-01 11:47:09.151467,01/05/26,11:47:9
2565,1.4,2.565,1403.5087719298247,13783735175,2026-05-01 11:47:11.716467,01/05/26,11:47:11
17285,0.21,17.285,208.27306913508824,13783752460,2026-05-01 11:47:29.001467,01/05/26,11:47:29
6894,0.52,6.894,522.1932114882507,13783759354,2026-05-01 11:47:35.895467,01/05/26,11:47:35
2551,1.41,2.551,1411.2112896903175,13783761905,2026-05-01 11:47:38.446467,01/05/26,11:47:38
2549,1.41,2.549,1412.3185562965868,13783764454,2026-05-01 11:47:40.995467,01/05/26,11:47:40
12863,0.28,12.863,279.87250252662676,13783777317,2026-05-01 11:47:53.858467,01/05/26,11:47:53
11639,0.31,11.639,309.3049231033594,13783788956,2026-05-01 11:48:05.497467,01/05/26,11:48:5
2560,1.41,2.56,1406.25,13783791516,2026-05-01 11:48:08.057467,01/05/26,11:48:8
2561,1.4,2.561,1405.700898086685,13783794077,2026-05-01 11:48:10.618467,01/05/26,11:48:10
8788,0.41,8.788,409.64952207555757,13783802865,2026-05-01 11:48:19.406467,01/05/26,11:48:19
25829,0.14,25.829,139.3782182817763,13783828694,2026-05-01 11:48:45.235467,01/05/26,11:48:45
29826,0.12,29.826,120.70006035003017,13783858520,2026-05-01 11:49:15.061467,01/05/26,11:49:15
29766,0.12,29.766,120.94335819391252,13783888286,2026-05-01 11:49:44.827467,01/05/26,11:49:44
29804,0.12,29.804,120.78915581801101,13783918090,2026-05-01 11:50:14.631467,01/05/26,11:50:14
29715,0.12,29.715,121.15093387178193,13783947805,2026-05-01 11:50:44.346467,01/05/26,11:50:44
12000,0.3,12.0,300.0,13783959805,2026-05-01 11:50:56.346467,01/05/26,11:50:56
5975,0.6,5.975,602.510460251046,13783965780,2026-05-01 11:51:02.321467,01/05/26,11:51:2
2324,1.55,2.324,1549.053356282272,13783968104,2026-05-01 11:51:04.645467,01/05/26,11:51:4
1978,1.82,1.978,1820.020222446916,13783970082,2026-05-01 11:51:06.623467,01/05/26,11:51:6
1962,1.83,1.962,1834.8623853211009,13783972044,2026-05-01 11:51:08.585467,01/05/26,11:51:8
1970,1.83,1.97,1827.4111675126903,13783974014,2026-05-01 11:51:10.555467,01/05/26,11:51:10
5644,0.64,5.644,637.8454996456414,13783979658,2026-05-01 11:51:16.199467,01/05/26,11:51:16
6064,0.59,6.064,593.6675461741424,13783985722,2026-05-01 11:51:22.263467,01/05/26,11:51:22
6092,0.59,6.092,590.9389363099147,13783991814,2026-05-01 11:51:28.355467,01/05/26,11:51:28
4759,0.76,4.759,756.4614414793024,13783996573,2026-05-01 11:51:33.114467,01/05/26,11:51:33
2010,1.79,2.01,1791.044776119403,13783998583,2026-05-01 11:51:35.124467,01/05/26,11:51:35
1966,1.83,1.966,1831.1291963377416,13784000549,2026-05-01 11:51:37.090467,01/05/26,11:51:37
1969,1.83,1.969,1828.3392585068564,13784002518,2026-05-01 11:51:39.059467,01/05/26,11:51:39
2851,1.26,2.851,1262.7148368993335,13784005369,2026-05-01 11:51:41.910467,01/05/26,11:51:41
6098,0.59,6.098,590.3574942604132,13784011467,2026-05-01 11:51:48.008467,01/05/26,11:51:48
6066,0.59,6.066,593.4718100890208,13784017533,2026-05-01 11:51:54.074467,01/05/26,11:51:54
6021,0.6,6.021,597.9073243647234,13784023554,2026-05-01 11:52:00.095467,01/05/26,11:52:0
3400,1.06,3.4,1058.8235294117646,13784026954,2026-05-01 11:52:03.495467,01/05/26,11:52:3
1978,1.82,1.978,1820.020222446916,13784028932,2026-05-01 11:52:05.473467,01/05/26,11:52:5
1994,1.8,1.994,1805.4162487462388,13784030926,2026-05-01 11:52:07.467467,01/05/26,11:52:7
1972,1.83,1.972,1825.5578093306287,13784032898,2026-05-01 11:52:09.439467,01/05/26,11:52:9
3359,1.07,3.359,1071.7475439118784,13784036257,2026-05-01 11:52:12.798467,01/05/26,11:52:12
6093,0.59,6.093,590.8419497784342,13784042350,2026-05-01 11:52:18.891467,01/05/26,11:52:18
6107,0.59,6.107,589.4874733911904,13784048457,2026-05-01 11:52:24.998467,01/05/26,11:52:24
6043,0.6,6.043,595.7305973854046,13784054500,2026-05-01 11:52:31.041467,01/05/26,11:52:31
2990,1.2,2.99,1204.0133779264213,13784057490,2026-05-01 11:52:34.031467,01/05/26,11:52:34
1974,1.82,1.974,1823.70820668693,13784059464,2026-05-01 11:52:36.005467,01/05/26,11:52:36
1981,1.82,1.981,1817.264008076729,13784061445,2026-05-01 11:52:37.986467,01/05/26,11:52:37
1985,1.81,1.985,1813.60201511335,13784063430,2026-05-01 11:52:39.971467,01/05/26,11:52:39
4500,0.8,4.5,800.0,13784067930,2026-05-01 11:52:44.471467,01/05/26,11:52:44
6116,0.59,6.116,588.6200130804448,13784074046,2026-05-01 11:52:50.587467,01/05/26,11:52:50
6095,0.59,6.095,590.6480721903199,13784080141,2026-05-01 11:52:56.682467,01/05/26,11:52:56
5608,0.64,5.608,641.9400855920114,13784085749,2026-05-01 11:53:02.290467,01/05/26,11:53:2
2165,1.66,2.165,1662.8175519630486,13784087914,2026-05-01 11:53:04.455467,01/05/26,11:53:4
1995,1.8,1.995,1804.5112781954888,13784089909,2026-05-01 11:53:06.450467,01/05/26,11:53:6
1988,1.81,1.988,1810.8651911468812,13784091897,2026-05-01 11:53:08.438467,01/05/26,11:53:8
2011,1.79,2.011,1790.154152163103,13784093908,2026-05-01 11:53:10.449467,01/05/26,11:53:10
5774,0.62,5.774,623.484586075511,13784099682,2026-05-01 11:53:16.223467,01/05/26,11:53:16
6139,0.59,6.139,586.4147255253299,13784105821,2026-05-01 11:53:22.362467,01/05/26,11:53:22
6136,0.59,6.136,586.7014341590613,13784111957,2026-05-01 11:53:28.498467,01/05/26,11:53:28
4623,0.78,4.623,778.7151200519144,13784116580,2026-05-01 11:53:33.121467,01/05/26,11:53:33
2006,1.79,2.006,1794.616151545364,13784118586,2026-05-01 11:53:35.127467,01/05/26,11:53:35
1976,1.82,1.976,1821.8623481781376,13784120562,2026-05-01 11:53:37.103467,01/05/26,11:53:37
1980,1.82,1.98,1818.1818181818182,13784122542,2026-05-01 11:53:39.083467,01/05/26,11:53:39
2712,1.33,2.712,1327.4336283185842,13784125254,2026-05-01 11:53:41.795467,01/05/26,11:53:41
6057,0.59,6.057,594.3536404160476,13784131311,2026-05-01 11:53:47.852467,01/05/26,11:53:47
6046,0.6,6.046,595.4349983460139,13784137357,2026-05-01 11:53:53.898467,01/05/26,11:53:53
6047,0.6,6.047,595.3365305109971,13784143404,2026-05-01 11:53:59.945467,01/05/26,11:53:59
3492,1.03,3.492,1030.9278350515465,13784146896,2026-05-01 11:54:03.437467,01/05/26,11:54:3
1976,1.82,1.976,1821.8623481781376,13784148872,2026-05-01 11:54:05.413467,01/05/26,11:54:5
1989,1.81,1.989,1809.9547511312217,13784150861,2026-05-01 11:54:07.402467,01/05/26,11:54:7
1978,1.82,1.978,1820.020222446916,13784152839,2026-05-01 11:54:09.380467,01/05/26,11:54:9
3345,1.08,3.345,1076.2331838565021,13784156184,2026-05-01 11:54:12.725467,01/05/26,11:54:12
6045,0.6,6.045,595.5334987593052,13784162229,2026-05-01 11:54:18.770467,01/05/26,11:54:18
6388,0.56,6.388,563.5566687539136,13784168617,2026-05-01 11:54:25.158467,01/05/26,11:54:25
6465,0.56,6.465,556.8445475638051,13784175082,2026-05-01 11:54:31.623467,01/05/26,11:54:31
6489,0.55,6.489,554.7850208044383,13784181571,2026-05-01 11:54:38.112467,01/05/26,11:54:38
6550,0.55,6.55,549.6183206106871,13784188121,2026-05-01 11:54:44.662467,01/05/26,11:54:44
6531,0.55,6.531,551.2172714745062,13784194652,2026-05-01 11:54:51.193467,01/05/26,11:54:51
6524,0.55,6.524,551.808706315144,13784201176,2026-05-01 11:54:57.717467,01/05/26,11:54:57
6553,0.55,6.553,549.3667022737677,13784207729,2026-05-01 11:55:04.270467,01/05/26,11:55:4
6562,0.55,6.562,548.6132276744895,13784214291,2026-05-01 11:55:10.832467,01/05/26,11:55:10
6467,0.56,6.467,556.6723364775012,13784220758,2026-05-01 11:55:17.299467,01/05/26,11:55:17
6553,0.55,6.553,549.3667022737677,13784227311,2026-05-01 11:55:23.852467,01/05/26,11:55:23
6556,0.55,6.556,549.1153142159853,13784233867,2026-05-01 11:55:30.408467,01/05/26,11:55:30
6526,0.55,6.526,551.6395954642967,13784240393,2026-05-01 11:55:36.934467,01/05/26,11:55:36
6572,0.55,6.572,547.7784540474742,13784246965,2026-05-01 11:55:43.506467,01/05/26,11:55:43
6571,0.55,6.571,547.8618170750266,13784253536,2026-05-01 11:55:50.077467,01/05/26,11:55:50
6422,0.56,6.422,560.5730302086578,13784259958,2026-05-01 11:55:56.499467,01/05/26,11:55:56
6548,0.55,6.548,549.7861942577887,13784266506,2026-05-01 11:56:03.047467,01/05/26,11:56:3
6556,0.55,6.556,549.1153142159853,13784273062,2026-05-01 11:56:09.603467,01/05/26,11:56:9
6537,0.55,6.537,550.7113354749886,13784279599,2026-05-01 11:56:16.140467,01/05/26,11:56:16
6554,0.55,6.554,549.282880683552,13784286153,2026-05-01 11:56:22.694467,01/05/26,11:56:22
6536,0.55,6.536,550.795593635251,13784292689,2026-05-01 11:56:29.230467,01/05/26,11:56:29
6506,0.55,6.506,553.3353827236397,13784299195,2026-05-01 11:56:35.736467,01/05/26,11:56:35
6068,0.59,6.068,593.2762030323006,13784305263,2026-05-01 11:56:41.804467,01/05/26,11:56:41
2096,1.72,2.096,1717.557251908397,13784307359,2026-05-01 11:56:43.900467,01/05/26,11:56:43
1914,1.88,1.914,1880.8777429467084,13784309273,2026-05-01 11:56:45.814467,01/05/26,11:56:45
1935,1.86,1.935,1860.4651162790697,13784311208,2026-05-01 11:56:47.749467,01/05/26,11:56:47
1941,1.85,1.941,1854.7140649149924,13784313149,2026-05-01 11:56:49.690467,01/05/26,11:56:49
1942,1.85,1.942,1853.7590113285273,13784315091,2026-05-01 11:56:51.632467,01/05/26,11:56:51
1950,1.85,1.95,1846.1538461538462,13784317041,2026-05-01 11:56:53.582467,01/05/26,11:56:53
1945,1.85,1.945,1850.8997429305912,13784318986,2026-05-01 11:56:55.527467,01/05/26,11:56:55
1962,1.83,1.962,1834.8623853211009,13784320948,2026-05-01 11:56:57.489467,01/05/26,11:56:57
1960,1.84,1.96,1836.734693877551,13784322908,2026-05-01 11:56:59.449467,01/05/26,11:56:59
1961,1.84,1.961,1835.7980622131565,13784324869,2026-05-01 11:57:01.410467,01/05/26,11:57:1
1957,1.84,1.957,1839.5503321410322,13784326826,2026-05-01 11:57:03.367467,01/05/26,11:57:3
1953,1.84,1.953,1843.3179723502303,13784328779,2026-05-01 11:57:05.320467,01/05/26,11:57:5
1954,1.84,1.954,1842.374616171955,13784330733,2026-05-01 11:57:07.274467,01/05/26,11:57:7
1958,1.84,1.958,1838.6108273748723,13784332691,2026-05-01 11:57:09.232467,01/05/26,11:57:9
1952,1.84,1.952,1844.2622950819673,13784334643,2026-05-01 11:57:11.184467,01/05/26,11:57:11
1959,1.84,1.959,1837.6722817764166,13784336602,2026-05-01 11:57:13.143467,01/05/26,11:57:13
1954,1.84,1.954,1842.374616171955,13784338556,2026-05-01 11:57:15.097467,01/05/26,11:57:15
1954,1.84,1.954,1842.374616171955,13784340510,2026-05-01 11:57:17.051467,01/05/26,11:57:17
1959,1.84,1.959,1837.6722817764166,13784342469,2026-05-01 11:57:19.010467,01/05/26,11:57:19
1961,1.84,1.961,1835.7980622131565,13784344430,2026-05-01 11:57:20.971467,01/05/26,11:57:20
1958,1.84,1.958,1838.6108273748723,13784346388,2026-05-01 11:57:22.929467,01/05/26,11:57:22
1959,1.84,1.959,1837.6722817764166,13784348347,2026-05-01 11:57:24.888467,01/05/26,11:57:24
1956,1.84,1.956,1840.4907975460123,13784350303,2026-05-01 11:57:26.844467,01/05/26,11:57:26
1960,1.84,1.96,1836.734693877551,13784352263,2026-05-01 11:57:28.804467,01/05/26,11:57:28
1953,1.84,1.953,1843.3179723502303,13784354216,2026-05-01 11:57:30.757467,01/05/26,11:57:30
1960,1.84,1.96,1836.734693877551,13784356176,2026-05-01 11:57:32.717467,01/05/26,11:57:32
1957,1.84,1.957,1839.5503321410322,13784358133,2026-05-01 11:57:34.674467,01/05/26,11:57:34
1960,1.84,1.96,1836.734693877551,13784360093,2026-05-01 11:57:36.634467,01/05/26,11:57:36
1962,1.83,1.962,1834.8623853211009,13784362055,2026-05-01 11:57:38.596467,01/05/26,11:57:38
1961,1.84,1.961,1835.7980622131565,13784364016,2026-05-01 11:57:40.557467,01/05/26,11:57:40
1961,1.84,1.961,1835.7980622131565,13784365977,2026-05-01 11:57:42.518467,01/05/26,11:57:42
1962,1.83,1.962,1834.8623853211009,13784367939,2026-05-01 11:57:44.480467,01/05/26,11:57:44
1952,1.84,1.952,1844.2622950819673,13784369891,2026-05-01 11:57:46.432467,01/05/26,11:57:46
1957,1.84,1.957,1839.5503321410322,13784371848,2026-05-01 11:57:48.389467,01/05/26,11:57:48
1957,1.84,1.957,1839.5503321410322,13784373805,2026-05-01 11:57:50.346467,01/05/26,11:57:50
1953,1.84,1.953,1843.3179723502303,13784375758,2026-05-01 11:57:52.299467,01/05/26,11:57:52
1955,1.84,1.955,1841.4322250639386,13784377713,2026-05-01 11:57:54.254467,01/05/26,11:57:54
1948,1.85,1.948,1848.0492813141684,13784379661,2026-05-01 11:57:56.202467,01/05/26,11:57:56
1955,1.84,1.955,1841.4322250639386,13784381616,2026-05-01 11:57:58.157467,01/05/26,11:57:58
1954,1.84,1.954,1842.374616171955,13784383570,2026-05-01 11:58:00.111467,01/05/26,11:58:0
1954,1.84,1.954,1842.374616171955,13784385524,2026-05-01 11:58:02.065467,01/05/26,11:58:2
1951,1.85,1.951,1845.2075858534085,13784387475,2026-05-01 11:58:04.016467,01/05/26,11:58:4
1946,1.85,1.946,1849.9486125385406,13784389421,2026-05-01 11:58:05.962467,01/05/26,11:58:5
1952,1.84,1.952,1844.2622950819673,13784391373,2026-05-01 11:58:07.914467,01/05/26,11:58:7
1954,1.84,1.954,1842.374616171955,13784393327,2026-05-01 11:58:09.868467,01/05/26,11:58:9
1957,1.84,1.957,1839.5503321410322,13784395284,2026-05-01 11:58:11.825467,01/05/26,11:58:11
1955,1.84,1.955,1841.4322250639386,13784397239,2026-05-01 11:58:13.780467,01/05/26,11:58:13
1947,1.85,1.947,1848.9984591679506,13784399186,2026-05-01 11:58:15.727467,01/05/26,11:58:15
1956,1.84,1.956,1840.4907975460123,13784401142,2026-05-01 11:58:17.683467,01/05/26,11:58:17
1958,1.84,1.958,1838.6108273748723,13784403100,2026-05-01 11:58:19.641467,01/05/26,11:58:19
1958,1.84,1.958,1838.6108273748723,13784405058,2026-05-01 11:58:21.599467,01/05/26,11:58:21
1956,1.84,1.956,1840.4907975460123,13784407014,2026-05-01 11:58:23.555467,01/05/26,11:58:23
1956,1.84,1.956,1840.4907975460123,13784408970,2026-05-01 11:58:25.511467,01/05/26,11:58:25
1952,1.84,1.952,1844.2622950819673,13784410922,2026-05-01 11:58:27.463467,01/05/26,11:58:27
1951,1.85,1.951,1845.2075858534085,13784412873,2026-05-01 11:58:29.414467,01/05/26,11:58:29
1947,1.85,1.947,1848.9984591679506,13784414820,2026-05-01 11:58:31.361467,01/05/26,11:58:31
1948,1.85,1.948,1848.0492813141684,13784416768,2026-05-01 11:58:33.309467,01/05/26,11:58:33
1949,1.85,1.949,1847.1010774756285,13784418717,2026-05-01 11:58:35.258467,01/05/26,11:58:35
1951,1.85,1.951,1845.2075858534085,13784420668,2026-05-01 11:58:37.209467,01/05/26,11:58:37
1957,1.84,1.957,1839.5503321410322,13784422625,2026-05-01 11:58:39.166467,01/05/26,11:58:39
1957,1.84,1.957,1839.5503321410322,13784424582,2026-05-01 11:58:41.123467,01/05/26,11:58:41
1957,1.84,1.957,1839.5503321410322,13784426539,2026-05-01 11:58:43.080467,01/05/26,11:58:43
1954,1.84,1.954,1842.374616171955,13784428493,2026-05-01 11:58:45.034467,01/05/26,11:58:45
1950,1.85,1.95,1846.1538461538462,13784430443,2026-05-01 11:58:46.984467,01/05/26,11:58:46
1958,1.84,1.958,1838.6108273748723,13784432401,2026-05-01 11:58:48.942467,01/05/26,11:58:48
1956,1.84,1.956,1840.4907975460123,13784434357,2026-05-01 11:58:50.898467,01/05/26,11:58:50
1955,1.84,1.955,1841.4322250639386,13784436312,2026-05-01 11:58:52.853467,01/05/26,11:58:52
1957,1.84,1.957,1839.5503321410322,13784438269,2026-05-01 11:58:54.810467,01/05/26,11:58:54
1956,1.84,1.956,1840.4907975460123,13784440225,2026-05-01 11:58:56.766467,01/05/26,11:58:56
1954,1.84,1.954,1842.374616171955,13784442179,2026-05-01 11:58:58.720467,01/05/26,11:58:58
1958,1.84,1.958,1838.6108273748723,13784444137,2026-05-01 11:59:00.678467,01/05/26,11:59:0
1960,1.84,1.96,1836.734693877551,13784446097,2026-05-01 11:59:02.638467,01/05/26,11:59:2
1961,1.84,1.961,1835.7980622131565,13784448058,2026-05-01 11:59:04.599467,01/05/26,11:59:4
1957,1.84,1.957,1839.5503321410322,13784450015,2026-05-01 11:59:06.556467,01/05/26,11:59:6
1962,1.83,1.962,1834.8623853211009,13784451977,2026-05-01 11:59:08.518467,01/05/26,11:59:8
1958,1.84,1.958,1838.6108273748723,13784453935,2026-05-01 11:59:10.476467,01/05/26,11:59:10
1958,1.84,1.958,1838.6108273748723,13784455893,2026-05-01 11:59:12.434467,01/05/26,11:59:12
1955,1.84,1.955,1841.4322250639386,13784457848,2026-05-01 11:59:14.389467,01/05/26,11:59:14
1944,1.85,1.944,1851.851851851852,13784459792,2026-05-01 11:59:16.333467,01/05/26,11:59:16
1953,1.84,1.953,1843.3179723502303,13784461745,2026-05-01 11:59:18.286467,01/05/26,11:59:18
1957,1.84,1.957,1839.5503321410322,13784463702,2026-05-01 11:59:20.243467,01/05/26,11:59:20
1953,1.84,1.953,1843.3179723502303,13784465655,2026-05-01 11:59:22.196467,01/05/26,11:59:22
1957,1.84,1.957,1839.5503321410322,13784467612,2026-05-01 11:59:24.153467,01/05/26,11:59:24
1947,1.85,1.947,1848.9984591679506,13784469559,2026-05-01 11:59:26.100467,01/05/26,11:59:26
1949,1.85,1.949,1847.1010774756285,13784471508,2026-05-01 11:59:28.049467,01/05/26,11:59:28
1944,1.85,1.944,1851.851851851852,13784473452,2026-05-01 11:59:29.993467,01/05/26,11:59:29
1952,1.84,1.952,1844.2622950819673,13784475404,2026-05-01 11:59:31.945467,01/05/26,11:59:31
1958,1.84,1.958,1838.6108273748723,13784477362,2026-05-01 11:59:33.903467,01/05/26,11:59:33
1954,1.84,1.954,1842.374616171955,13784479316,2026-05-01 11:59:35.857467,01/05/26,11:59:35
1960,1.84,1.96,1836.734693877551,13784481276,2026-05-01 11:59:37.817467,01/05/26,11:59:37
1961,1.84,1.961,1835.7980622131565,13784483237,2026-05-01 11:59:39.778467,01/05/26,11:59:39
1962,1.83,1.962,1834.8623853211009,13784485199,2026-05-01 11:59:41.740467,01/05/26,11:59:41
1958,1.84,1.958,1838.6108273748723,13784487157,2026-05-01 11:59:43.698467,01/05/26,11:59:43
1954,1.84,1.954,1842.374616171955,13784489111,2026-05-01 11:59:45.652467,01/05/26,11:59:45
1952,1.84,1.952,1844.2622950819673,13784491063,2026-05-01 11:59:47.604467,01/05/26,11:59:47
1951,1.85,1.951,1845.2075858534085,13784493014,2026-05-01 11:59:49.555467,01/05/26,11:59:49
1960,1.84,1.96,1836.734693877551,13784494974,2026-05-01 11:59:51.515467,01/05/26,11:59:51
1962,1.83,1.962,1834.8623853211009,13784496936,2026-05-01 11:59:53.477467,01/05/26,11:59:53
1954,1.84,1.954,1842.374616171955,13784498890,2026-05-01 11:59:55.431467,01/05/26,11:59:55
1958,1.84,1.958,1838.6108273748723,13784500848,2026-05-01 11:59:57.389467,01/05/26,11:59:57
1961,1.84,1.961,1835.7980622131565,13784502809,2026-05-01 11:59:59.350467,01/05/26,11:59:59
2005,1.79,2.005,1795.511221945137,13784504814,2026-05-01 12:00:01.355467,01/05/26,12:0:1
3866,0.93,3.866,931.1950336264873,13784508680,2026-05-01 12:00:05.221467,01/05/26,12:0:5
2222,1.62,2.222,1620.1620162016202,13784510902,2026-05-01 12:00:07.443467,01/05/26,12:0:7
1960,1.84,1.96,1836.734693877551,13784512862,2026-05-01 12:00:09.403467,01/05/26,12:0:9
1965,1.83,1.965,1832.0610687022902,13784514827,2026-05-01 12:00:11.368467,01/05/26,12:0:11
1966,1.83,1.966,1831.1291963377416,13784516793,2026-05-01 12:00:13.334467,01/05/26,12:0:13
1964,1.83,1.964,1832.9938900203665,13784518757,2026-05-01 12:00:15.298467,01/05/26,12:0:15
1973,1.82,1.973,1824.632539280284,13784520730,2026-05-01 12:00:17.271467,01/05/26,12:0:17
1970,1.83,1.97,1827.4111675126903,13784522700,2026-05-01 12:00:19.241467,01/05/26,12:0:19
3569,1.01,3.569,1008.6859064163631,13784526269,2026-05-01 12:00:22.810467,01/05/26,12:0:22
2611,1.38,2.611,1378.7820758330142,13784528880,2026-05-01 12:00:25.421467,01/05/26,12:0:25
1966,1.83,1.966,1831.1291963377416,13784530846,2026-05-01 12:00:27.387467,01/05/26,12:0:27
1960,1.84,1.96,1836.734693877551,13784532806,2026-05-01 12:00:29.347467,01/05/26,12:0:29
1960,1.84,1.96,1836.734693877551,13784534766,2026-05-01 12:00:31.307467,01/05/26,12:0:31
1960,1.84,1.96,1836.734693877551,13784536726,2026-05-01 12:00:33.267467,01/05/26,12:0:33
1951,1.85,1.951,1845.2075858534085,13784538677,2026-05-01 12:00:35.218467,01/05/26,12:0:35
2728,1.32,2.728,1319.6480938416423,13784541405,2026-05-01 12:00:37.946467,01/05/26,12:0:37
3484,1.03,3.484,1033.2950631458093,13784544889,2026-05-01 12:00:41.430467,01/05/26,12:0:41
1960,1.84,1.96,1836.734693877551,13784546849,2026-05-01 12:00:43.390467,01/05/26,12:0:43
1956,1.84,1.956,1840.4907975460123,13784548805,2026-05-01 12:00:45.346467,01/05/26,12:0:45
1959,1.84,1.959,1837.6722817764166,13784550764,2026-05-01 12:00:47.305467,01/05/26,12:0:47
1956,1.84,1.956,1840.4907975460123,13784552720,2026-05-01 12:00:49.261467,01/05/26,12:0:49
1956,1.84,1.956,1840.4907975460123,13784554676,2026-05-01 12:00:51.217467,01/05/26,12:0:51
2794,1.29,2.794,1288.4753042233358,13784557470,2026-05-01 12:00:54.011467,01/05/26,12:0:54
3450,1.04,3.45,1043.4782608695652,13784560920,2026-05-01 12:00:57.461467,01/05/26,12:0:57
1958,1.84,1.958,1838.6108273748723,13784562878,2026-05-01 12:00:59.419467,01/05/26,12:0:59
1961,1.84,1.961,1835.7980622131565,13784564839,2026-05-01 12:01:01.380467,01/05/26,12:1:1
1957,1.84,1.957,1839.5503321410322,13784566796,2026-05-01 12:01:03.337467,01/05/26,12:1:3
1947,1.85,1.947,1848.9984591679506,13784568743,2026-05-01 12:01:05.284467,01/05/26,12:1:5
1961,1.84,1.961,1835.7980622131565,13784570704,2026-05-01 12:01:07.245467,01/05/26,12:1:7
3194,1.13,3.194,1127.1133375078273,13784573898,2026-05-01 12:01:10.439467,01/05/26,12:1:10
3431,1.05,3.431,1049.2567764500145,13784577329,2026-05-01 12:01:13.870467,01/05/26,12:1:13
3312,1.09,3.312,1086.9565217391305,13784580641,2026-05-01 12:01:17.182467,01/05/26,12:1:17
3310,1.09,3.31,1087.6132930513595,13784583951,2026-05-01 12:01:20.492467,01/05/26,12:1:20
3316,1.09,3.316,1085.6453558504222,13784587267,2026-05-01 12:01:23.808467,01/05/26,12:1:23
3314,1.09,3.314,1086.3005431502716,13784590581,2026-05-01 12:01:27.122467,01/05/26,12:1:27
3313,1.09,3.313,1086.6284334440084,13784593894,2026-05-01 12:01:30.435467,01/05/26,12:1:30
3321,1.08,3.321,1084.010840108401,13784597215,2026-05-01 12:01:33.756467,01/05/26,12:1:33
3314,1.09,3.314,1086.3005431502716,13784600529,2026-05-01 12:01:37.070467,01/05/26,12:1:37
3307,1.09,3.307,1088.5999395222257,13784603836,2026-05-01 12:01:40.377467,01/05/26,12:1:40
3332,1.08,3.332,1080.4321728691477,13784607168,2026-05-01 12:01:43.709467,01/05/26,12:1:43
3303,1.09,3.303,1089.9182561307903,13784610471,2026-05-01 12:01:47.012467,01/05/26,12:1:47
3308,1.09,3.308,1088.2708585247883,13784613779,2026-05-01 12:01:50.320467,01/05/26,12:1:50
3322,1.08,3.322,1083.6845273931367,13784617101,2026-05-01 12:01:53.642467,01/05/26,12:1:53
3304,1.09,3.304,1089.588377723971,13784620405,2026-05-01 12:01:56.946467,01/05/26,12:1:56
3313,1.09,3.313,1086.6284334440084,13784623718,2026-05-01 12:02:00.259467,01/05/26,12:2:0
3316,1.09,3.316,1085.6453558504222,13784627034,2026-05-01 12:02:03.575467,01/05/26,12:2:3
3310,1.09,3.31,1087.6132930513595,13784630344,2026-05-01 12:02:06.885467,01/05/26,12:2:6
3318,1.08,3.318,1084.99095840868,13784633662,2026-05-01 12:02:10.203467,01/05/26,12:2:10
3325,1.08,3.325,1082.7067669172932,13784636987,2026-05-01 12:02:13.528467,01/05/26,12:2:13
3318,1.08,3.318,1084.99095840868,13784640305,2026-05-01 12:02:16.846467,01/05/26,12:2:16
3308,1.09,3.308,1088.2708585247883,13784643613,2026-05-01 12:02:20.154467,01/05/26,12:2:20
3321,1.08,3.321,1084.010840108401,13784646934,2026-05-01 12:02:23.475467,01/05/26,12:2:23
3316,1.09,3.316,1085.6453558504222,13784650250,2026-05-01 12:02:26.791467,01/05/26,12:2:26
3305,1.09,3.305,1089.2586989409986,13784653555,2026-05-01 12:02:30.096467,01/05/26,12:2:30
3315,1.09,3.315,1085.972850678733,13784656870,2026-05-01 12:02:33.411467,01/05/26,12:2:33
3318,1.08,3.318,1084.99095840868,13784660188,2026-05-01 12:02:36.729467,01/05/26,12:2:36
3326,1.08,3.326,1082.3812387251953,13784663514,2026-05-01 12:02:40.055467,01/05/26,12:2:40
3328,1.08,3.328,1081.7307692307693,13784666842,2026-05-01 12:02:43.383467,01/05/26,12:2:43
3332,1.08,3.332,1080.4321728691477,13784670174,2026-05-01 12:02:46.715467,01/05/26,12:2:46
3317,1.09,3.317,1085.3180584865843,13784673491,2026-05-01 12:02:50.032467,01/05/26,12:2:50
3322,1.08,3.322,1083.6845273931367,13784676813,2026-05-01 12:02:53.354467,01/05/26,12:2:53
3326,1.08,3.326,1082.3812387251953,13784680139,2026-05-01 12:02:56.680467,01/05/26,12:2:56
3323,1.08,3.323,1083.3584110743304,13784683462,2026-05-01 12:03:00.003467,01/05/26,12:3:0
3335,1.08,3.335,1079.4602698650674,13784686797,2026-05-01 12:03:03.338467,01/05/26,12:3:3
3332,1.08,3.332,1080.4321728691477,13784690129,2026-05-01 12:03:06.670467,01/05/26,12:3:6
3322,1.08,3.322,1083.6845273931367,13784693451,2026-05-01 12:03:09.992467,01/05/26,12:3:9
3339,1.08,3.339,1078.167115902965,13784696790,2026-05-01 12:03:13.331467,01/05/26,12:3:13
3318,1.08,3.318,1084.99095840868,13784700108,2026-05-01 12:03:16.649467,01/05/26,12:3:16
3326,1.08,3.326,1082.3812387251953,13784703434,2026-05-01 12:03:19.975467,01/05/26,12:3:19
3344,1.08,3.344,1076.5550239234449,13784706778,2026-05-01 12:03:23.319467,01/05/26,12:3:23
3324,1.08,3.324,1083.0324909747292,13784710102,2026-05-01 12:03:26.643467,01/05/26,12:3:26
3325,1.08,3.325,1082.7067669172932,13784713427,2026-05-01 12:03:29.968467,01/05/26,12:3:29
3323,1.08,3.323,1083.3584110743304,13784716750,2026-05-01 12:03:33.291467,01/05/26,12:3:33
3846,0.94,3.846,936.0374414976599,13784720596,2026-05-01 12:03:37.137467,01/05/26,12:3:37
3863,0.93,3.863,931.9181982914833,13784724459,2026-05-01 12:03:41.000467,01/05/26,12:3:41
3873,0.93,3.873,929.5120061967467,13784728332,2026-05-01 12:03:44.873467,01/05/26,12:3:44
3865,0.93,3.865,931.4359637774903,13784732197,2026-05-01 12:03:48.738467,01/05/26,12:3:48
3874,0.93,3.874,929.2720702116675,13784736071,2026-05-01 12:03:52.612467,01/05/26,12:3:52
3873,0.93,3.873,929.5120061967467,13784739944,2026-05-01 12:03:56.485467,01/05/26,12:3:56
3874,0.93,3.874,929.2720702116675,13784743818,2026-05-01 12:04:00.359467,01/05/26,12:4:0
3875,0.93,3.875,929.0322580645161,13784747693,2026-05-01 12:04:04.234467,01/05/26,12:4:4
3879,0.93,3.879,928.0742459396752,13784751572,2026-05-01 12:04:08.113467,01/05/26,12:4:8
3875,0.93,3.875,929.0322580645161,13784755447,2026-05-01 12:04:11.988467,01/05/26,12:4:11
3862,0.93,3.862,932.1595028482651,13784759309,2026-05-01 12:04:15.850467,01/05/26,12:4:15
3869,0.93,3.869,930.4729904368054,13784763178,2026-05-01 12:04:19.719467,01/05/26,12:4:19
3868,0.93,3.868,930.7135470527404,13784767046,2026-05-01 12:04:23.587467,01/05/26,12:4:23
3867,0.93,3.867,930.9542280837859,13784770913,2026-05-01 12:04:27.454467,01/05/26,12:4:27
3851,0.93,3.851,934.8221241236042,13784774764,2026-05-01 12:04:31.305467,01/05/26,12:4:31
3851,0.93,3.851,934.8221241236042,13784778615,2026-05-01 12:04:35.156467,01/05/26,12:4:35
3875,0.93,3.875,929.0322580645161,13784782490,2026-05-01 12:04:39.031467,01/05/26,12:4:39
3870,0.93,3.87,930.2325581395348,13784786360,2026-05-01 12:04:42.901467,01/05/26,12:4:42
3866,0.93,3.866,931.1950336264873,13784790226,2026-05-01 12:04:46.767467,01/05/26,12:4:46
3873,0.93,3.873,929.5120061967467,13784794099,2026-05-01 12:04:50.640467,01/05/26,12:4:50
3885,0.93,3.885,926.6409266409266,13784797984,2026-05-01 12:04:54.525467,01/05/26,12:4:54
3876,0.93,3.876,928.7925696594427,13784801860,2026-05-01 12:04:58.401467,01/05/26,12:4:58
3873,0.93,3.873,929.5120061967467,13784805733,2026-05-01 12:05:02.274467,01/05/26,12:5:2
3886,0.93,3.886,926.4024704065878,13784809619,2026-05-01 12:05:06.160467,01/05/26,12:5:6
3885,0.93,3.885,926.6409266409266,13784813504,2026-05-01 12:05:10.045467,01/05/26,12:5:10
3883,0.93,3.883,927.1182075714654,13784817387,2026-05-01 12:05:13.928467,01/05/26,12:5:13
3864,0.93,3.864,931.6770186335403,13784821251,2026-05-01 12:05:17.792467,01/05/26,12:5:17
3868,0.93,3.868,930.7135470527404,13784825119,2026-05-01 12:05:21.660467,01/05/26,12:5:21
3864,0.93,3.864,931.6770186335403,13784828983,2026-05-01 12:05:25.524467,01/05/26,12:5:25
3865,0.93,3.865,931.4359637774903,13784832848,2026-05-01 12:05:29.389467,01/05/26,12:5:29
3852,0.93,3.852,934.5794392523364,13784836700,2026-05-01 12:05:33.241467,01/05/26,12:5:33
3854,0.93,3.854,934.094447327452,13784840554,2026-05-01 12:05:37.095467,01/05/26,12:5:37
3870,0.93,3.87,930.2325581395348,13784844424,2026-05-01 12:05:40.965467,01/05/26,12:5:40
3854,0.93,3.854,934.094447327452,13784848278,2026-05-01 12:05:44.819467,01/05/26,12:5:44
3902,0.92,3.902,922.6037929267043,13784852180,2026-05-01 12:05:48.721467,01/05/26,12:5:48
5100,0.7,5.1,705.8823529411765,13784857280,2026-05-01 12:05:53.821467,01/05/26,12:5:53
5182,0.69,5.182,694.7124662292551,13784862462,2026-05-01 12:05:59.003467,01/05/26,12:5:59
5176,0.69,5.176,695.5177743431221,13784867638,2026-05-01 12:06:04.179467,01/05/26,12:6:4
5178,0.69,5.178,695.2491309385863,13784872816,2026-05-01 12:06:09.357467,01/05/26,12:6:9
5180,0.69,5.18,694.980694980695,13784877996,2026-05-01 12:06:14.537467,01/05/26,12:6:14
5183,0.69,5.183,694.5784294809955,13784883179,2026-05-01 12:06:19.720467,01/05/26,12:6:19
5161,0.7,5.161,697.5392365820577,13784888340,2026-05-01 12:06:24.881467,01/05/26,12:6:24
5169,0.7,5.169,696.4596633778293,13784893509,2026-05-01 12:06:30.050467,01/05/26,12:6:30
5161,0.7,5.161,697.5392365820577,13784898670,2026-05-01 12:06:35.211467,01/05/26,12:6:35
5187,0.69,5.187,694.0427993059571,13784903857,2026-05-01 12:06:40.398467,01/05/26,12:6:40
5188,0.69,5.188,693.9090208172706,13784909045,2026-05-01 12:06:45.586467,01/05/26,12:6:45
5196,0.69,5.196,692.8406466512702,13784914241,2026-05-01 12:06:50.782467,01/05/26,12:6:50
5192,0.69,5.192,693.3744221879815,13784919433,2026-05-01 12:06:55.974467,01/05/26,12:6:55
5188,0.69,5.188,693.9090208172706,13784924621,2026-05-01 12:07:01.162467,01/05/26,12:7:1
5197,0.69,5.197,692.707331152588,13784929818,2026-05-01 12:07:06.359467,01/05/26,12:7:6
5212,0.69,5.212,690.7137375287797,13784935030,2026-05-01 12:07:11.571467,01/05/26,12:7:11
5191,0.69,5.191,693.5079946060489,13784940221,2026-05-01 12:07:16.762467,01/05/26,12:7:16
5211,0.69,5.211,690.846286701209,13784945432,2026-05-01 12:07:21.973467,01/05/26,12:7:21
5219,0.69,5.219,689.7873155776969,13784950651,2026-05-01 12:07:27.192467,01/05/26,12:7:27
5197,0.69,5.197,692.707331152588,13784955848,2026-05-01 12:07:32.389467,01/05/26,12:7:32
5212,0.69,5.212,690.7137375287797,13784961060,2026-05-01 12:07:37.601467,01/05/26,12:7:37
5205,0.69,5.205,691.64265129683,13784966265,2026-05-01 12:07:42.806467,01/05/26,12:7:42
9339,0.38,9.339,385.48024413748794,13784975604,2026-05-01 12:07:52.145467,01/05/26,12:7:52
9601,0.37,9.601,374.96094156858663,13784985205,2026-05-01 12:08:01.746467,01/05/26,12:8:1
9283,0.39,9.283,387.8056662716794,13784994488,2026-05-01 12:08:11.029467,01/05/26,12:8:11
9281,0.39,9.281,387.88923607369895,13785003769,2026-05-01 12:08:20.310467,01/05/26,12:8:20
9288,0.39,9.288,387.5968992248062,13785013057,2026-05-01 12:08:29.598467,01/05/26,12:8:29
9252,0.39,9.252,389.10505836575874,13785022309,2026-05-01 12:08:38.850467,01/05/26,12:8:38
9252,0.39,9.252,389.10505836575874,13785031561,2026-05-01 12:08:48.102467,01/05/26,12:8:48
9279,0.39,9.279,387.97284190106694,13785040840,2026-05-01 12:08:57.381467,01/05/26,12:8:57
9273,0.39,9.273,388.22387576835973,13785050113,2026-05-01 12:09:06.654467,01/05/26,12:9:6
9252,0.39,9.252,389.10505836575874,13785059365,2026-05-01 12:09:15.906467,01/05/26,12:9:15
9264,0.39,9.264,388.60103626943004,13785068629,2026-05-01 12:09:25.170467,01/05/26,12:9:25
9221,0.39,9.221,390.4131872898818,13785077850,2026-05-01 12:09:34.391467,01/05/26,12:9:34
9203,0.39,9.203,391.1767901771162,13785087053,2026-05-01 12:09:43.594467,01/05/26,12:9:43
9205,0.39,9.205,391.0917979359044,13785096258,2026-05-01 12:09:52.799467,01/05/26,12:9:52
9185,0.39,9.185,391.943385955362,13785105443,2026-05-01 12:10:01.984467,01/05/26,12:10:1
9242,0.39,9.242,389.5260766067951,13785114685,2026-05-01 12:10:11.226467,01/05/26,12:10:11
9264,0.39,9.264,388.60103626943004,13785123949,2026-05-01 12:10:20.490467,01/05/26,12:10:20
9247,0.39,9.247,389.3154536606467,13785133196,2026-05-01 12:10:29.737467,01/05/26,12:10:29
9283,0.39,9.283,387.8056662716794,13785142479,2026-05-01 12:10:39.020467,01/05/26,12:10:39
9286,0.39,9.286,387.68037906525956,13785151765,2026-05-01 12:10:48.306467,01/05/26,12:10:48
9272,0.39,9.272,388.26574633304574,13785161037,2026-05-01 12:10:57.578467,01/05/26,12:10:57
9284,0.39,9.284,387.7638948728996,13785170321,2026-05-01 12:11:06.862467,01/05/26,12:11:6
9187,0.39,9.187,391.85806030260153,13785179508,2026-05-01 12:11:16.049467,01/05/26,12:11:16
9273,0.39,9.273,388.22387576835973,13785188781,2026-05-01 12:11:25.322467,01/05/26,12:11:25
9215,0.39,9.215,390.66739012479655,13785197996,2026-05-01 12:11:34.537467,01/05/26,12:11:34
9237,0.39,9.237,389.7369275738876,13785207233,2026-05-01 12:11:43.774467,01/05/26,12:11:43
9267,0.39,9.267,388.47523470378763,13785216500,2026-05-01 12:11:53.041467,01/05/26,12:11:53
9227,0.39,9.227,390.1593150536469,13785225727,2026-05-01 12:12:02.268467,01/05/26,12:12:2
9233,0.39,9.233,389.9057727715802,13785234960,2026-05-01 12:12:11.501467,01/05/26,12:12:11
6655,0.54,6.655,540.946656649136,13785241615,2026-05-01 12:12:18.156467,01/05/26,12:12:18
7802,0.46,7.802,461.4201486798257,13785249417,2026-05-01 12:12:25.958467,01/05/26,12:12:25
7764,0.46,7.764,463.6785162287481,13785257181,2026-05-01 12:12:33.722467,01/05/26,12:12:33
7767,0.46,7.767,463.4994206257242,13785264948,2026-05-01 12:12:41.489467,01/05/26,12:12:41
7772,0.46,7.772,463.2012352032939,13785272720,2026-05-01 12:12:49.261467,01/05/26,12:12:49
7756,0.46,7.756,464.1567818463125,13785280476,2026-05-01 12:12:57.017467,01/05/26,12:12:57
7768,0.46,7.768,463.43975283213183,13785288244,2026-05-01 12:13:04.785467,01/05/26,12:13:4
7740,0.47,7.74,465.1162790697674,13785295984,2026-05-01 12:13:12.525467,01/05/26,12:13:12
7737,0.47,7.737,465.29662659945717,13785303721,2026-05-01 12:13:20.262467,01/05/26,12:13:20
7781,0.46,7.781,462.66546716360364,13785311502,2026-05-01 12:13:28.043467,01/05/26,12:13:28
7738,0.47,7.738,465.2364952184027,13785319240,2026-05-01 12:13:35.781467,01/05/26,12:13:35
7753,0.46,7.753,464.33638591512965,13785326993,2026-05-01 12:13:43.534467,01/05/26,12:13:43
7774,0.46,7.774,463.082068433239,13785334767,2026-05-01 12:13:51.308467,01/05/26,12:13:51
7835,0.46,7.835,459.47670708359925,13785342602,2026-05-01 12:13:59.143467,01/05/26,12:13:59
7837,0.46,7.837,459.3594487686615,13785350439,2026-05-01 12:14:06.980467,01/05/26,12:14:6
7843,0.46,7.843,459.00803264057123,13785358282,2026-05-01 12:14:14.823467,01/05/26,12:14:14
7870,0.46,7.87,457.433290978399,13785366152,2026-05-01 12:14:22.693467,01/05/26,12:14:22
7824,0.46,7.824,460.1226993865031,13785373976,2026-05-01 12:14:30.517467,01/05/26,12:14:30
7819,0.46,7.819,460.41693311165113,13785381795,2026-05-01 12:14:38.336467,01/05/26,12:14:38
7847,0.46,7.847,458.7740537785141,13785389642,2026-05-01 12:14:46.183467,01/05/26,12:14:46
7876,0.46,7.876,457.0848146267141,13785397518,2026-05-01 12:14:54.059467,01/05/26,12:14:54
7872,0.46,7.872,457.3170731707317,13785405390,2026-05-01 12:15:01.931467,01/05/26,12:15:1
7875,0.46,7.875,457.14285714285717,13785413265,2026-05-01 12:15:09.806467,01/05/26,12:15:9
7906,0.46,7.906,455.3503668100177,13785421171,2026-05-01 12:15:17.712467,01/05/26,12:15:17
7940,0.45,7.94,453.4005037783375,13785429111,2026-05-01 12:15:25.652467,01/05/26,12:15:25
7923,0.45,7.923,454.37334343051873,13785437034,2026-05-01 12:15:33.575467,01/05/26,12:15:33
7946,0.45,7.946,453.0581424616159,13785444980,2026-05-01 12:15:41.521467,01/05/26,12:15:41
7955,0.45,7.955,452.54556882463856,13785452935,2026-05-01 12:15:49.476467,01/05/26,12:15:49
7963,0.45,7.963,452.0909205073465,13785460898,2026-05-01 12:15:57.439467,01/05/26,12:15:57
7951,0.45,7.951,452.7732360709345,13785468849,2026-05-01 12:16:05.390467,01/05/26,12:16:5
7960,0.45,7.96,452.2613065326633,13785476809,2026-05-01 12:16:13.350467,01/05/26,12:16:13
7940,0.45,7.94,453.4005037783375,13785484749,2026-05-01 12:16:21.290467,01/05/26,12:16:21
7956,0.45,7.956,452.4886877828054,13785492705,2026-05-01 12:16:29.246467,01/05/26,12:16:29
7909,0.46,7.909,455.17764572006575,13785500614,2026-05-01 12:16:37.155467,01/05/26,12:16:37
7924,0.45,7.924,454.31600201918224,13785508538,2026-05-01 12:16:45.079467,01/05/26,12:16:45
7940,0.45,7.94,453.4005037783375,13785516478,2026-05-01 12:16:53.019467,01/05/26,12:16:53
7969,0.45,7.969,451.75053331660183,13785524447,2026-05-01 12:17:00.988467,01/05/26,12:17:0
7970,0.45,7.97,451.693851944793,13785532417,2026-05-01 12:17:08.958467,01/05/26,12:17:8
7974,0.45,7.974,451.46726862302484,13785540391,2026-05-01 12:17:16.932467,01/05/26,12:17:16
7834,0.46,7.834,459.5353586928772,13785548225,2026-05-01 12:17:24.766467,01/05/26,12:17:24
7908,0.46,7.908,455.2352048558422,13785556133,2026-05-01 12:17:32.674467,01/05/26,12:17:32
7942,0.45,7.942,453.28632586250313,13785564075,2026-05-01 12:17:40.616467,01/05/26,12:17:40
7935,0.45,7.935,453.6862003780718,13785572010,2026-05-01 12:17:48.551467,01/05/26,12:17:48
7951,0.45,7.951,452.7732360709345,13785579961,2026-05-01 12:17:56.502467,01/05/26,12:17:56
7950,0.45,7.95,452.8301886792453,13785587911,2026-05-01 12:18:04.452467,01/05/26,12:18:4
7964,0.45,7.964,452.03415369161223,13785595875,2026-05-01 12:18:12.416467,01/05/26,12:18:12
7969,0.45,7.969,451.75053331660183,13785603844,2026-05-01 12:18:20.385467,01/05/26,12:18:20
7965,0.45,7.965,451.97740112994353,13785611809,2026-05-01 12:18:28.350467,01/05/26,12:18:28
7744,0.46,7.744,464.87603305785126,13785619553,2026-05-01 12:18:36.094467,01/05/26,12:18:36
7771,0.46,7.771,463.2608415905289,13785627324,2026-05-01 12:18:43.865467,01/05/26,12:18:43
7825,0.46,7.825,460.06389776357827,13785635149,2026-05-01 12:18:51.690467,01/05/26,12:18:51
7851,0.46,7.851,458.5403133358808,13785643000,2026-05-01 12:18:59.541467,01/05/26,12:18:59
7840,0.46,7.84,459.18367346938777,13785650840,2026-05-01 12:19:07.381467,01/05/26,12:19:7
7844,0.46,7.844,458.94951555328913,13785658684,2026-05-01 12:19:15.225467,01/05/26,12:19:15
9037,0.4,9.037,398.3622883700343,13785667721,2026-05-01 12:19:24.262467,01/05/26,12:19:24
9566,0.38,9.566,376.33284549445955,13785677287,2026-05-01 12:19:33.828467,01/05/26,12:19:33
9604,0.37,9.604,374.8438150770512,13785686891,2026-05-01 12:19:43.432467,01/05/26,12:19:43
10284,0.35,10.284,350.0583430571762,13785697175,2026-05-01 12:19:53.716467,01/05/26,12:19:53
11559,0.31,11.559,311.4456267843239,13785708734,2026-05-01 12:20:05.275467,01/05/26,12:20:5
11596,0.31,11.596,310.4518799586064,13785720330,2026-05-01 12:20:16.871467,01/05/26,12:20:16
11603,0.31,11.603,310.2645867448074,13785731933,2026-05-01 12:20:28.474467,01/05/26,12:20:28
11577,0.31,11.577,310.9613889608707,13785743510,2026-05-01 12:20:40.051467,01/05/26,12:20:40
11601,0.31,11.601,310.3180760279286,13785755111,2026-05-01 12:20:51.652467,01/05/26,12:20:51
11628,0.31,11.628,309.59752321981426,13785766739,2026-05-01 12:21:03.280467,01/05/26,12:21:3
11563,0.31,11.563,311.3378880913258,13785778302,2026-05-01 12:21:14.843467,01/05/26,12:21:14
11607,0.31,11.607,310.15766347893515,13785789909,2026-05-01 12:21:26.450467,01/05/26,12:21:26
11580,0.31,11.58,310.88082901554407,13785801489,2026-05-01 12:21:38.030467,01/05/26,12:21:38
11653,0.31,11.653,308.93332189135845,13785813142,2026-05-01 12:21:49.683467,01/05/26,12:21:49
11598,0.31,11.598,310.3983445421624,13785824740,2026-05-01 12:22:01.281467,01/05/26,12:22:1
11659,0.31,11.659,308.7743374217343,13785836399,2026-05-01 12:22:12.940467,01/05/26,12:22:12
11630,0.31,11.63,309.54428202923475,13785848029,2026-05-01 12:22:24.570467,01/05/26,12:22:24
11569,0.31,11.569,311.1764197424151,13785859598,2026-05-01 12:22:36.139467,01/05/26,12:22:36
11610,0.31,11.61,310.07751937984494,13785871208,2026-05-01 12:22:47.749467,01/05/26,12:22:47
11577,0.31,11.577,310.9613889608707,13785882785,2026-05-01 12:22:59.326467,01/05/26,12:22:59
11591,0.31,11.591,310.5857993270641,13785894376,2026-05-01 12:23:10.917467,01/05/26,12:23:10
11582,0.31,11.582,310.8271455707132,13785905958,2026-05-01 12:23:22.499467,01/05/26,12:23:22
11477,0.31,11.477,313.6708199006709,13785917435,2026-05-01 12:23:33.976467,01/05/26,12:23:33
11564,0.31,11.564,311.3109650639917,13785928999,2026-05-01 12:23:45.540467,01/05/26,12:23:45
11566,0.31,11.566,311.25713297596405,13785940565,2026-05-01 12:23:57.106467,01/05/26,12:23:57
11577,0.31,11.577,310.9613889608707,13785952142,2026-05-01 12:24:08.683467,01/05/26,12:24:8
11582,0.31,11.582,310.8271455707132,13785963724,2026-05-01 12:24:20.265467,01/05/26,12:24:20
11606,0.31,11.606,310.1843873858349,13785975330,2026-05-01 12:24:31.871467,01/05/26,12:24:31
11642,0.31,11.642,309.22521903453014,13785986972,2026-05-01 12:24:43.513467,01/05/26,12:24:43
11646,0.31,11.646,309.1190108191654,13785998618,2026-05-01 12:24:55.159467,01/05/26,12:24:55
11661,0.31,11.661,308.7213789554927,13786010279,2026-05-01 12:25:06.820467,01/05/26,12:25:6
11616,0.31,11.616,309.91735537190084,13786021895,2026-05-01 12:25:18.436467,01/05/26,12:25:18
11658,0.31,11.658,308.8008234688626,13786033553,2026-05-01 12:25:30.094467,01/05/26,12:25:30
21103,0.17,21.103,170.59185897739658,13786054656,2026-05-01 12:25:51.197467,01/05/26,12:25:51
22281,0.16,22.281,161.57264036623133,13786076937,2026-05-01 12:26:13.478467,01/05/26,12:26:13
22107,0.16,22.107,162.84434794409012,13786099044,2026-05-01 12:26:35.585467,01/05/26,12:26:35
22221,0.16,22.221,162.00891049007694,13786121265,2026-05-01 12:26:57.806467,01/05/26,12:26:57
22235,0.16,22.235,161.90690353046998,13786143500,2026-05-01 12:27:20.041467,01/05/26,12:27:20
22067,0.16,22.067,163.1395296143563,13786165567,2026-05-01 12:27:42.108467,01/05/26,12:27:42
12470,0.29,12.47,288.6928628708901,13786178037,2026-05-01 12:27:54.578467,01/05/26,12:27:54
11502,0.31,11.502,312.98904538341156,13786189539,2026-05-01 12:28:06.080467,01/05/26,12:28:6
11467,0.31,11.467,313.9443620824976,13786201006,2026-05-01 12:28:17.547467,01/05/26,12:28:17
11466,0.31,11.466,313.9717425431711,13786212472,2026-05-01 12:28:29.013467,01/05/26,12:28:29
11462,0.31,11.462,314.08131216192635,13786223934,2026-05-01 12:28:40.475467,01/05/26,12:28:40
11541,0.31,11.541,311.93137509747856,13786235475,2026-05-01 12:28:52.016467,01/05/26,12:28:52
11478,0.31,11.478,313.64349189754313,13786246953,2026-05-01 12:29:03.494467,01/05/26,12:29:3
19799,0.18,19.799,181.82736501843527,13786266752,2026-05-01 12:29:23.293467,01/05/26,12:29:23
21376,0.17,21.376,168.4131736526946,13786288128,2026-05-01 12:29:44.669467,01/05/26,12:29:44
21506,0.17,21.506,167.3951455407793,13786309634,2026-05-01 12:30:06.175467,01/05/26,12:30:6
21513,0.17,21.513,167.3406777297448,13786331147,2026-05-01 12:30:27.688467,01/05/26,12:30:27
28056,0.13,28.056,128.3147989734816,13786359203,2026-05-01 12:30:55.744467,01/05/26,12:30:55
28610,0.12,28.61,125.8301293254107,13786387813,2026-05-01 12:31:24.354467,01/05/26,12:31:24
28901,0.12,28.901,124.56316390436317,13786416714,2026-05-01 12:31:53.255467,01/05/26,12:31:53
28682,0.12,28.682,125.51425981451781,13786445396,2026-05-01 12:32:21.937467,01/05/26,12:32:21
28972,0.12,28.972,124.25790418334944,13786474368,2026-05-01 12:32:50.909467,01/05/26,12:32:50
29077,0.12,29.077,123.80919627196754,13786503445,2026-05-01 12:33:19.986467,01/05/26,12:33:19
28976,0.12,28.976,124.24075096631695,13786532421,2026-05-01 12:33:48.962467,01/05/26,12:33:48
28710,0.12,28.71,125.39184952978056,13786561131,2026-05-01 12:34:17.672467,01/05/26,12:34:17
29012,0.12,29.012,124.08658486143665,13786590143,2026-05-01 12:34:46.684467,01/05/26,12:34:46
28929,0.12,28.929,124.44260085035778,13786619072,2026-05-01 12:35:15.613467,01/05/26,12:35:15
28813,0.12,28.813,124.94360184638879,13786647885,2026-05-01 12:35:44.426467,01/05/26,12:35:44
29177,0.12,29.177,123.38485793604552,13786677062,2026-05-01 12:36:13.603467,01/05/26,12:36:13
29015,0.12,29.015,124.07375495433396,13786706077,2026-05-01 12:36:42.618467,01/05/26,12:36:42
29076,0.12,29.076,123.81345439537763,13786735153,2026-05-01 12:37:11.694467,01/05/26,12:37:11
29085,0.12,29.085,123.77514182568335,13786764238,2026-05-01 12:37:40.779467,01/05/26,12:37:40
29003,0.12,29.003,124.1250905078785,13786793241,2026-05-01 12:38:09.782467,01/05/26,12:38:9
28974,0.12,28.974,124.24932698281218,13786822215,2026-05-01 12:38:38.756467,01/05/26,12:38:38
29034,0.12,29.034,123.99256044637322,13786851249,2026-05-01 12:39:07.790467,01/05/26,12:39:7
28994,0.12,28.994,124.16362005932262,13786880243,2026-05-01 12:39:36.784467,01/05/26,12:39:36
29023,0.12,29.023,124.03955483581987,13786909266,2026-05-01 12:40:05.807467,01/05/26,12:40:5
29007,0.12,29.007,124.10797393732547,13786938273,2026-05-01 12:40:34.814467,01/05/26,12:40:34
28950,0.12,28.95,124.35233160621762,13786967223,2026-05-01 12:41:03.764467,01/05/26,12:41:3
28251,0.13,28.251,127.42911755336094,13786995474,2026-05-01 12:41:32.015467,01/05/26,12:41:32
28150,0.13,28.15,127.88632326820604,13787023624,2026-05-01 12:42:00.165467,01/05/26,12:42:0
28805,0.12,28.805,124.97830237805937,13787052429,2026-05-01 12:42:28.970467,01/05/26,12:42:28
29129,0.12,29.129,123.58817673109273,13787081558,2026-05-01 12:42:58.099467,01/05/26,12:42:58
29151,0.12,29.151,123.4949058351343,13787110709,2026-05-01 12:43:27.250467,01/05/26,12:43:27
28915,0.12,28.915,124.50285319038561,13787139624,2026-05-01 12:43:56.165467,01/05/26,12:43:56
28896,0.12,28.896,124.58471760797342,13787168520,2026-05-01 12:44:25.061467,01/05/26,12:44:25
28705,0.12,28.705,125.41369099460024,13787197225,2026-05-01 12:44:53.766467,01/05/26,12:44:53
28102,0.13,28.102,128.10476122695894,13787225327,2026-05-01 12:45:21.868467,01/05/26,12:45:21
28899,0.12,28.899,124.57178449081283,13787254226,2026-05-01 12:45:50.767467,01/05/26,12:45:50
29231,0.12,29.231,123.15692244534911,13787283457,2026-05-01 12:46:19.998467,01/05/26,12:46:19
29158,0.12,29.158,123.46525824816517,13787312615,2026-05-01 12:46:49.156467,01/05/26,12:46:49
29162,0.12,29.162,123.44832316027707,13787341777,2026-05-01 12:47:18.318467,01/05/26,12:47:18
29232,0.12,29.232,123.15270935960591,13787371009,2026-05-01 12:47:47.550467,01/05/26,12:47:47
29204,0.12,29.204,123.2707848239967,13787400213,2026-05-01 12:48:16.754467,01/05/26,12:48:16
28884,0.12,28.884,124.63647694225176,13787429097,2026-05-01 12:48:45.638467,01/05/26,12:48:45
29117,0.12,29.117,123.63911117216746,13787458214,2026-05-01 12:49:14.755467,01/05/26,12:49:14
29218,0.12,29.218,123.21171880347731,13787487432,2026-05-01 12:49:43.973467,01/05/26,12:49:43
15404,0.23,15.404,233.70553103090106,13787502836,2026-05-01 12:49:59.377467,01/05/26,12:49:59
17941,0.2,17.941,200.65771138732512,13787520777,2026-05-01 12:50:17.318467,01/05/26,12:50:17
17883,0.2,17.883,201.30850528434826,13787538660,2026-05-01 12:50:35.201467,01/05/26,12:50:35
17761,0.2,17.761,202.6912899048477,13787556421,2026-05-01 12:50:52.962467,01/05/26,12:50:52
17886,0.2,17.886,201.27474002012747,13787574307,2026-05-01 12:51:10.848467,01/05/26,12:51:10
17627,0.2,17.627,204.23214387019914,13787591934,2026-05-01 12:51:28.475467,01/05/26,12:51:28
17453,0.21,17.453,206.2682633358162,13787609387,2026-05-01 12:51:45.928467,01/05/26,12:51:45
17596,0.2,17.596,204.5919527165265,13787626983,2026-05-01 12:52:03.524467,01/05/26,12:52:3
18090,0.2,18.09,199.00497512437812,13787645073,2026-05-01 12:52:21.614467,01/05/26,12:52:21
18422,0.19,18.422,195.41852133318858,13787663495,2026-05-01 12:52:40.036467,01/05/26,12:52:40
18415,0.19,18.415,195.492804778713,13787681910,2026-05-01 12:52:58.451467,01/05/26,12:52:58
18367,0.2,18.367,196.0037022921544,13787700277,2026-05-01 12:53:16.818467,01/05/26,12:53:16
18603,0.19,18.603,193.5171746492501,13787718880,2026-05-01 12:53:35.421467,01/05/26,12:53:35
18759,0.19,18.759,191.90788421557653,13787737639,2026-05-01 12:53:54.180467,01/05/26,12:53:54
18852,0.19,18.852,190.96117122851686,13787756491,2026-05-01 12:54:13.032467,01/05/26,12:54:13
18850,0.19,18.85,190.9814323607427,13787775341,2026-05-01 12:54:31.882467,01/05/26,12:54:31
18968,0.19,18.968,189.79333614508647,13787794309,2026-05-01 12:54:50.850467,01/05/26,12:54:50
18910,0.19,18.91,190.37546271813855,13787813219,2026-05-01 12:55:09.760467,01/05/26,12:55:9
18764,0.19,18.764,191.85674696226818,13787831983,2026-05-01 12:55:28.524467,01/05/26,12:55:28
18692,0.19,18.692,192.59576289321635,13787850675,2026-05-01 12:55:47.216467,01/05/26,12:55:47
18946,0.19,18.946,190.01372321334318,13787869621,2026-05-01 12:56:06.162467,01/05/26,12:56:6
19036,0.19,19.036,189.1153603698256,13787888657,2026-05-01 12:56:25.198467,01/05/26,12:56:25
19144,0.19,19.144,188.0484747179273,13787907801,2026-05-01 12:56:44.342467,01/05/26,12:56:44
19250,0.19,19.25,187.01298701298703,13787927051,2026-05-01 12:57:03.592467,01/05/26,12:57:3
22693,0.16,22.693,158.6392279557573,13787949744,2026-05-01 12:57:26.285467,01/05/26,12:57:26
27169,0.13,27.169,132.50395671537413,13787976913,2026-05-01 12:57:53.454467,01/05/26,12:57:53
25262,0.14,25.262,142.50653154936268,13788002175,2026-05-01 12:58:18.716467,01/05/26,12:58:18
25056,0.14,25.056,143.67816091954023,13788027231,2026-05-01 12:58:43.772467,01/05/26,12:58:43
25957,0.14,25.957,138.6909118927457,13788053188,2026-05-01 12:59:09.729467,01/05/26,12:59:9
26652,0.14,26.652,135.074290859973,13788079840,2026-05-01 12:59:36.381467,01/05/26,12:59:36
26674,0.13,26.674,134.9628852065682,13788106514,2026-05-01 13:00:03.055467,01/05/26,13:0:3
25287,0.14,25.287,142.36564242496144,13788131801,2026-05-01 13:00:28.342467,01/05/26,13:0:28
20553,0.17,20.553,175.15691139979566,13788152354,2026-05-01 13:00:48.895467,01/05/26,13:0:48
22990,0.16,22.99,156.589821661592,13788175344,2026-05-01 13:01:11.885467,01/05/26,13:1:11
21007,0.17,21.007,171.37144761270054,13788196351,2026-05-01 13:01:32.892467,01/05/26,13:1:32
22480,0.16,22.48,160.1423487544484,13788218831,2026-05-01 13:01:55.372467,01/05/26,13:1:55
21610,0.17,21.61,166.58954187875983,13788240441,2026-05-01 13:02:16.982467,01/05/26,13:2:16
21074,0.17,21.074,170.8266109898453,13788261515,2026-05-01 13:02:38.056467,01/05/26,13:2:38
22875,0.16,22.875,157.37704918032787,13788284390,2026-05-01 13:03:00.931467,01/05/26,13:3:0
21902,0.16,21.902,164.36855081727697,13788306292,2026-05-01 13:03:22.833467,01/05/26,13:3:22
20225,0.18,20.225,177.99752781211373,13788326517,2026-05-01 13:03:43.058467,01/05/26,13:3:43
1896,1.9,1.896,1898.73417721519,13788328413,2026-05-01 13:03:44.954467,01/05/26,13:3:44
1726,2.09,1.726,2085.7473928157588,13788330139,2026-05-01 13:03:46.680467,01/05/26,13:3:46
1661,2.17,1.661,2167.3690547862734,13788331800,2026-05-01 13:03:48.341467,01/05/26,13:3:48
1710,2.11,1.71,2105.2631578947367,13788333510,2026-05-01 13:03:50.051467,01/05/26,13:3:50
1744,2.06,1.744,2064.2201834862385,13788335254,2026-05-01 13:03:51.795467,01/05/26,13:3:51
1747,2.06,1.747,2060.67544361763,13788337001,2026-05-01 13:03:53.542467,01/05/26,13:3:53
1738,2.07,1.738,2071.3463751438435,13788338739,2026-05-01 13:03:55.280467,01/05/26,13:3:55
1736,2.07,1.736,2073.7327188940094,13788340475,2026-05-01 13:03:57.016467,01/05/26,13:3:57
1733,2.08,1.733,2077.32256203116,13788342208,2026-05-01 13:03:58.749467,01/05/26,13:3:58
1733,2.08,1.733,2077.32256203116,13788343941,2026-05-01 13:04:00.482467,01/05/26,13:4:0
1736,2.07,1.736,2073.7327188940094,13788345677,2026-05-01 13:04:02.218467,01/05/26,13:4:2
1734,2.08,1.734,2076.1245674740485,13788347411,2026-05-01 13:04:03.952467,01/05/26,13:4:3
1738,2.07,1.738,2071.3463751438435,13788349149,2026-05-01 13:04:05.690467,01/05/26,13:4:5
1736,2.07,1.736,2073.7327188940094,13788350885,2026-05-01 13:04:07.426467,01/05/26,13:4:7
1736,2.07,1.736,2073.7327188940094,13788352621,2026-05-01 13:04:09.162467,01/05/26,13:4:9
1733,2.08,1.733,2077.32256203116,13788354354,2026-05-01 13:04:10.895467,01/05/26,13:4:10
1738,2.07,1.738,2071.3463751438435,13788356092,2026-05-01 13:04:12.633467,01/05/26,13:4:12
1737,2.07,1.737,2072.538860103627,13788357829,2026-05-01 13:04:14.370467,01/05/26,13:4:14
1738,2.07,1.738,2071.3463751438435,13788359567,2026-05-01 13:04:16.108467,01/05/26,13:4:16
1741,2.07,1.741,2067.777139574957,13788361308,2026-05-01 13:04:17.849467,01/05/26,13:4:17
1742,2.07,1.742,2066.5901262916186,13788363050,2026-05-01 13:04:19.591467,01/05/26,13:4:19
1743,2.07,1.743,2065.4044750430294,13788364793,2026-05-01 13:04:21.334467,01/05/26,13:4:21
1742,2.07,1.742,2066.5901262916186,13788366535,2026-05-01 13:04:23.076467,01/05/26,13:4:23
1740,2.07,1.74,2068.9655172413795,13788368275,2026-05-01 13:04:24.816467,01/05/26,13:4:24
1742,2.07,1.742,2066.5901262916186,13788370017,2026-05-01 13:04:26.558467,01/05/26,13:4:26
1742,2.07,1.742,2066.5901262916186,13788371759,2026-05-01 13:04:28.300467,01/05/26,13:4:28
1741,2.07,1.741,2067.777139574957,13788373500,2026-05-01 13:04:30.041467,01/05/26,13:4:30
1739,2.07,1.739,2070.1552616446234,13788375239,2026-05-01 13:04:31.780467,01/05/26,13:4:31
1747,2.06,1.747,2060.67544361763,13788376986,2026-05-01 13:04:33.527467,01/05/26,13:4:33
1743,2.07,1.743,2065.4044750430294,13788378729,2026-05-01 13:04:35.270467,01/05/26,13:4:35
1748,2.06,1.748,2059.496567505721,13788380477,2026-05-01 13:04:37.018467,01/05/26,13:4:37
1750,2.06,1.75,2057.1428571428573,13788382227,2026-05-01 13:04:38.768467,01/05/26,13:4:38
1753,2.05,1.753,2053.6223616657157,13788383980,2026-05-01 13:04:40.521467,01/05/26,13:4:40
1749,2.06,1.749,2058.319039451115,13788385729,2026-05-01 13:04:42.270467,01/05/26,13:4:42
1770,2.03,1.77,2033.8983050847457,13788387499,2026-05-01 13:04:44.040467,01/05/26,13:4:44
1793,2.01,1.793,2007.808142777468,13788389292,2026-05-01 13:04:45.833467,01/05/26,13:4:45
1796,2.0,1.796,2004.4543429844098,13788391088,2026-05-01 13:04:47.629467,01/05/26,13:4:47
1796,2.0,1.796,2004.4543429844098,13788392884,2026-05-01 13:04:49.425467,01/05/26,13:4:49
1793,2.01,1.793,2007.808142777468,13788394677,2026-05-01 13:04:51.218467,01/05/26,13:4:51
1797,2.0,1.797,2003.338898163606,13788396474,2026-05-01 13:04:53.015467,01/05/26,13:4:53
1761,2.04,1.761,2044.2930153321977,13788398235,2026-05-01 13:04:54.776467,01/05/26,13:4:54
1746,2.06,1.746,2061.855670103093,13788399981,2026-05-01 13:04:56.522467,01/05/26,13:4:56
1733,2.08,1.733,2077.32256203116,13788401714,2026-05-01 13:04:58.255467,01/05/26,13:4:58
1766,2.04,1.766,2038.5050962627406,13788403480,2026-05-01 13:05:00.021467,01/05/26,13:5:0
1794,2.01,1.794,2006.6889632107022,13788405274,2026-05-01 13:05:01.815467,01/05/26,13:5:1
1800,2.0,1.8,2000.0,13788407074,2026-05-01 13:05:03.615467,01/05/26,13:5:3
1802,2.0,1.802,1997.780244173141,13788408876,2026-05-01 13:05:05.417467,01/05/26,13:5:5
1802,2.0,1.802,1997.780244173141,13788410678,2026-05-01 13:05:07.219467,01/05/26,13:5:7
1802,2.0,1.802,1997.780244173141,13788412480,2026-05-01 13:05:09.021467,01/05/26,13:5:9
1768,2.04,1.768,2036.1990950226245,13788414248,2026-05-01 13:05:10.789467,01/05/26,13:5:10
1749,2.06,1.749,2058.319039451115,13788415997,2026-05-01 13:05:12.538467,01/05/26,13:5:12
1737,2.07,1.737,2072.538860103627,13788417734,2026-05-01 13:05:14.275467,01/05/26,13:5:14
1770,2.03,1.77,2033.8983050847457,13788419504,2026-05-01 13:05:16.045467,01/05/26,13:5:16
1794,2.01,1.794,2006.6889632107022,13788421298,2026-05-01 13:05:17.839467,01/05/26,13:5:17
1794,2.01,1.794,2006.6889632107022,13788423092,2026-05-01 13:05:19.633467,01/05/26,13:5:19
1797,2.0,1.797,2003.338898163606,13788424889,2026-05-01 13:05:21.430467,01/05/26,13:5:21
1794,2.01,1.794,2006.6889632107022,13788426683,2026-05-01 13:05:23.224467,01/05/26,13:5:23
1789,2.01,1.789,2012.2973728339855,13788428472,2026-05-01 13:05:25.013467,01/05/26,13:5:25
1762,2.04,1.762,2043.1328036322361,13788430234,2026-05-01 13:05:26.775467,01/05/26,13:5:26
1727,2.08,1.727,2084.5396641574985,13788431961,2026-05-01 13:05:28.502467,01/05/26,13:5:28
1728,2.08,1.728,2083.3333333333335,13788433689,2026-05-01 13:05:30.230467,01/05/26,13:5:30
1759,2.05,1.759,2046.617396247868,13788435448,2026-05-01 13:05:31.989467,01/05/26,13:5:31
1787,2.01,1.787,2014.5495243424734,13788437235,2026-05-01 13:05:33.776467,01/05/26,13:5:33
1783,2.02,1.783,2019.0689848569825,13788439018,2026-05-01 13:05:35.559467,01/05/26,13:5:35
1785,2.02,1.785,2016.8067226890757,13788440803,2026-05-01 13:05:37.344467,01/05/26,13:5:37
1789,2.01,1.789,2012.2973728339855,13788442592,2026-05-01 13:05:39.133467,01/05/26,13:5:39
1791,2.01,1.791,2010.0502512562814,13788444383,2026-05-01 13:05:40.924467,01/05/26,13:5:40
1755,2.05,1.755,2051.2820512820513,13788446138,2026-05-01 13:05:42.679467,01/05/26,13:5:42
1727,2.08,1.727,2084.5396641574985,13788447865,2026-05-01 13:05:44.406467,01/05/26,13:5:44
1735,2.07,1.735,2074.92795389049,13788449600,2026-05-01 13:05:46.141467,01/05/26,13:5:46
1758,2.05,1.758,2047.7815699658704,13788451358,2026-05-01 13:05:47.899467,01/05/26,13:5:47
1789,2.01,1.789,2012.2973728339855,13788453147,2026-05-01 13:05:49.688467,01/05/26,13:5:49
1785,2.02,1.785,2016.8067226890757,13788454932,2026-05-01 13:05:51.473467,01/05/26,13:5:51
1796,2.0,1.796,2004.4543429844098,13788456728,2026-05-01 13:05:53.269467,01/05/26,13:5:53
1792,2.01,1.792,2008.9285714285713,13788458520,2026-05-01 13:05:55.061467,01/05/26,13:5:55
1798,2.0,1.798,2002.2246941045605,13788460318,2026-05-01 13:05:56.859467,01/05/26,13:5:56
1755,2.05,1.755,2051.2820512820513,13788462073,2026-05-01 13:05:58.614467,01/05/26,13:5:58
1729,2.08,1.729,2082.1283979178716,13788463802,2026-05-01 13:06:00.343467,01/05/26,13:6:0
1738,2.07,1.738,2071.3463751438435,13788465540,2026-05-01 13:06:02.081467,01/05/26,13:6:2
1765,2.04,1.765,2039.6600566572238,13788467305,2026-05-01 13:06:03.846467,01/05/26,13:6:3
1788,2.01,1.788,2013.4228187919464,13788469093,2026-05-01 13:06:05.634467,01/05/26,13:6:5
1788,2.01,1.788,2013.4228187919464,13788470881,2026-05-01 13:06:07.422467,01/05/26,13:6:7
1790,2.01,1.79,2011.173184357542,13788472671,2026-05-01 13:06:09.212467,01/05/26,13:6:9
1788,2.01,1.788,2013.4228187919464,13788474459,2026-05-01 13:06:11.000467,01/05/26,13:6:11
1787,2.01,1.787,2014.5495243424734,13788476246,2026-05-01 13:06:12.787467,01/05/26,13:6:12
1759,2.05,1.759,2046.617396247868,13788478005,2026-05-01 13:06:14.546467,01/05/26,13:6:14
1730,2.08,1.73,2080.9248554913293,13788479735,2026-05-01 13:06:16.276467,01/05/26,13:6:16
1728,2.08,1.728,2083.3333333333335,13788481463,2026-05-01 13:06:18.004467,01/05/26,13:6:18
1756,2.05,1.756,2050.113895216401,13788483219,2026-05-01 13:06:19.760467,01/05/26,13:6:19
1782,2.02,1.782,2020.20202020202,13788485001,2026-05-01 13:06:21.542467,01/05/26,13:6:21
1786,2.02,1.786,2015.6774916013437,13788486787,2026-05-01 13:06:23.328467,01/05/26,13:6:23
1779,2.02,1.779,2023.6087689713322,13788488566,2026-05-01 13:06:25.107467,01/05/26,13:6:25
1790,2.01,1.79,2011.173184357542,13788490356,2026-05-01 13:06:26.897467,01/05/26,13:6:26
1786,2.02,1.786,2015.6774916013437,13788492142,2026-05-01 13:06:28.683467,01/05/26,13:6:28
1716,2.1,1.716,2097.902097902098,13788493858,2026-05-01 13:06:30.399467,01/05/26,13:6:30
1659,2.17,1.659,2169.98191681736,13788495517,2026-05-01 13:06:32.058467,01/05/26,13:6:32
1664,2.16,1.664,2163.4615384615386,13788497181,2026-05-01 13:06:33.722467,01/05/26,13:6:33
1725,2.09,1.725,2086.9565217391305,13788498906,2026-05-01 13:06:35.447467,01/05/26,13:6:35
1725,2.09,1.725,2086.9565217391305,13788500631,2026-05-01 13:06:37.172467,01/05/26,13:6:37
1732,2.08,1.732,2078.5219399538105,13788502363,2026-05-01 13:06:38.904467,01/05/26,13:6:38
1735,2.07,1.735,2074.92795389049,13788504098,2026-05-01 13:06:40.639467,01/05/26,13:6:40
1740,2.07,1.74,2068.9655172413795,13788505838,2026-05-01 13:06:42.379467,01/05/26,13:6:42
1738,2.07,1.738,2071.3463751438435,13788507576,2026-05-01 13:06:44.117467,01/05/26,13:6:44
1737,2.07,1.737,2072.538860103627,13788509313,2026-05-01 13:06:45.854467,01/05/26,13:6:45
1737,2.07,1.737,2072.538860103627,13788511050,2026-05-01 13:06:47.591467,01/05/26,13:6:47
1738,2.07,1.738,2071.3463751438435,13788512788,2026-05-01 13:06:49.329467,01/05/26,13:6:49
1735,2.07,1.735,2074.92795389049,13788514523,2026-05-01 13:06:51.064467,01/05/26,13:6:51
1732,2.08,1.732,2078.5219399538105,13788516255,2026-05-01 13:06:52.796467,01/05/26,13:6:52
1727,2.08,1.727,2084.5396641574985,13788517982,2026-05-01 13:06:54.523467,01/05/26,13:6:54
1733,2.08,1.733,2077.32256203116,13788519715,2026-05-01 13:06:56.256467,01/05/26,13:6:56
1730,2.08,1.73,2080.9248554913293,13788521445,2026-05-01 13:06:57.986467,01/05/26,13:6:57
1735,2.07,1.735,2074.92795389049,13788523180,2026-05-01 13:06:59.721467,01/05/26,13:6:59
1737,2.07,1.737,2072.538860103627,13788524917,2026-05-01 13:07:01.458467,01/05/26,13:7:1
1740,2.07,1.74,2068.9655172413795,13788526657,2026-05-01 13:07:03.198467,01/05/26,13:7:3
1734,2.08,1.734,2076.1245674740485,13788528391,2026-05-01 13:07:04.932467,01/05/26,13:7:4
1741,2.07,1.741,2067.777139574957,13788530132,2026-05-01 13:07:06.673467,01/05/26,13:7:6
1740,2.07,1.74,2068.9655172413795,13788531872,2026-05-01 13:07:08.413467,01/05/26,13:7:8
1738,2.07,1.738,2071.3463751438435,13788533610,2026-05-01 13:07:10.151467,01/05/26,13:7:10
1736,2.07,1.736,2073.7327188940094,13788535346,2026-05-01 13:07:11.887467,01/05/26,13:7:11
1743,2.07,1.743,2065.4044750430294,13788537089,2026-05-01 13:07:13.630467,01/05/26,13:7:13
1734,2.08,1.734,2076.1245674740485,13788538823,2026-05-01 13:07:15.364467,01/05/26,13:7:15
1746,2.06,1.746,2061.855670103093,13788540569,2026-05-01 13:07:17.110467,01/05/26,13:7:17
1742,2.07,1.742,2066.5901262916186,13788542311,2026-05-01 13:07:18.852467,01/05/26,13:7:18
1742,2.07,1.742,2066.5901262916186,13788544053,2026-05-01 13:07:20.594467,01/05/26,13:7:20
1737,2.07,1.737,2072.538860103627,13788545790,2026-05-01 13:07:22.331467,01/05/26,13:7:22
1738,2.07,1.738,2071.3463751438435,13788547528,2026-05-01 13:07:24.069467,01/05/26,13:7:24
1743,2.07,1.743,2065.4044750430294,13788549271,2026-05-01 13:07:25.812467,01/05/26,13:7:25
1745,2.06,1.745,2063.0372492836677,13788551016,2026-05-01 13:07:27.557467,01/05/26,13:7:27
1751,2.06,1.751,2055.9680182752713,13788552767,2026-05-01 13:07:29.308467,01/05/26,13:7:29
1791,2.01,1.791,2010.0502512562814,13788554558,2026-05-01 13:07:31.099467,01/05/26,13:7:31
1803,2.0,1.803,1996.6722129783693,13788556361,2026-05-01 13:07:32.902467,01/05/26,13:7:32
1796,2.0,1.796,2004.4543429844098,13788558157,2026-05-01 13:07:34.698467,01/05/26,13:7:34
1802,2.0,1.802,1997.780244173141,13788559959,2026-05-01 13:07:36.500467,01/05/26,13:7:36
1796,2.0,1.796,2004.4543429844098,13788561755,2026-05-01 13:07:38.296467,01/05/26,13:7:38
1784,2.02,1.784,2017.9372197309417,13788563539,2026-05-01 13:07:40.080467,01/05/26,13:7:40
1749,2.06,1.749,2058.319039451115,13788565288,2026-05-01 13:07:41.829467,01/05/26,13:7:41
1751,2.06,1.751,2055.9680182752713,13788567039,2026-05-01 13:07:43.580467,01/05/26,13:7:43
1744,2.06,1.744,2064.2201834862385,13788568783,2026-05-01 13:07:45.324467,01/05/26,13:7:45
1790,2.01,1.79,2011.173184357542,13788570573,2026-05-01 13:07:47.114467,01/05/26,13:7:47
1790,2.01,1.79,2011.173184357542,13788572363,2026-05-01 13:07:48.904467,01/05/26,13:7:48
1792,2.01,1.792,2008.9285714285713,13788574155,2026-05-01 13:07:50.696467,01/05/26,13:7:50
1790,2.01,1.79,2011.173184357542,13788575945,2026-05-01 13:07:52.486467,01/05/26,13:7:52
1790,2.01,1.79,2011.173184357542,13788577735,2026-05-01 13:07:54.276467,01/05/26,13:7:54
1778,2.02,1.778,2024.7469066366705,13788579513,2026-05-01 13:07:56.054467,01/05/26,13:7:56
1736,2.07,1.736,2073.7327188940094,13788581249,2026-05-01 13:07:57.790467,01/05/26,13:7:57
1738,2.07,1.738,2071.3463751438435,13788582987,2026-05-01 13:07:59.528467,01/05/26,13:7:59
1749,2.06,1.749,2058.319039451115,13788584736,2026-05-01 13:08:01.277467,01/05/26,13:8:1
1784,2.02,1.784,2017.9372197309417,13788586520,2026-05-01 13:08:03.061467,01/05/26,13:8:3
1782,2.02,1.782,2020.20202020202,13788588302,2026-05-01 13:08:04.843467,01/05/26,13:8:4
1788,2.01,1.788,2013.4228187919464,13788590090,2026-05-01 13:08:06.631467,01/05/26,13:8:6
1788,2.01,1.788,2013.4228187919464,13788591878,2026-05-01 13:08:08.419467,01/05/26,13:8:8
1785,2.02,1.785,2016.8067226890757,13788593663,2026-05-01 13:08:10.204467,01/05/26,13:8:10
1778,2.02,1.778,2024.7469066366705,13788595441,2026-05-01 13:08:11.982467,01/05/26,13:8:11
1734,2.08,1.734,2076.1245674740485,13788597175,2026-05-01 13:08:13.716467,01/05/26,13:8:13
1728,2.08,1.728,2083.3333333333335,13788598903,2026-05-01 13:08:15.444467,01/05/26,13:8:15
1737,2.07,1.737,2072.538860103627,13788600640,2026-05-01 13:08:17.181467,01/05/26,13:8:17
1778,2.02,1.778,2024.7469066366705,13788602418,2026-05-01 13:08:18.959467,01/05/26,13:8:18
1788,2.01,1.788,2013.4228187919464,13788604206,2026-05-01 13:08:20.747467,01/05/26,13:8:20
1786,2.02,1.786,2015.6774916013437,13788605992,2026-05-01 13:08:22.533467,01/05/26,13:8:22
1784,2.02,1.784,2017.9372197309417,13788607776,2026-05-01 13:08:24.317467,01/05/26,13:8:24
1788,2.01,1.788,2013.4228187919464,13788609564,2026-05-01 13:08:26.105467,01/05/26,13:8:26
1775,2.03,1.775,2028.1690140845071,13788611339,2026-05-01 13:08:27.880467,01/05/26,13:8:27
1738,2.07,1.738,2071.3463751438435,13788613077,2026-05-01 13:08:29.618467,01/05/26,13:8:29
1730,2.08,1.73,2080.9248554913293,13788614807,2026-05-01 13:08:31.348467,01/05/26,13:8:31
1737,2.07,1.737,2072.538860103627,13788616544,2026-05-01 13:08:33.085467,01/05/26,13:8:33
1775,2.03,1.775,2028.1690140845071,13788618319,2026-05-01 13:08:34.860467,01/05/26,13:8:34
1791,2.01,1.791,2010.0502512562814,13788620110,2026-05-01 13:08:36.651467,01/05/26,13:8:36
1793,2.01,1.793,2007.808142777468,13788621903,2026-05-01 13:08:38.444467,01/05/26,13:8:38
1796,2.0,1.796,2004.4543429844098,13788623699,2026-05-01 13:08:40.240467,01/05/26,13:8:40
1794,2.01,1.794,2006.6889632107022,13788625493,2026-05-01 13:08:42.034467,01/05/26,13:8:42
1762,2.04,1.762,2043.1328036322361,13788627255,2026-05-01 13:08:43.796467,01/05/26,13:8:43
1690,2.13,1.69,2130.1775147928993,13788628945,2026-05-01 13:08:45.486467,01/05/26,13:8:45
1754,2.05,1.754,2052.4515393386546,13788630699,2026-05-01 13:08:47.240467,01/05/26,13:8:47
1743,2.07,1.743,2065.4044750430294,13788632442,2026-05-01 13:08:48.983467,01/05/26,13:8:48
1785,2.02,1.785,2016.8067226890757,13788634227,2026-05-01 13:08:50.768467,01/05/26,13:8:50
1792,2.01,1.792,2008.9285714285713,13788636019,2026-05-01 13:08:52.560467,01/05/26,13:8:52
1789,2.01,1.789,2012.2973728339855,13788637808,2026-05-01 13:08:54.349467,01/05/26,13:8:54
1788,2.01,1.788,2013.4228187919464,13788639596,2026-05-01 13:08:56.137467,01/05/26,13:8:56
1789,2.01,1.789,2012.2973728339855,13788641385,2026-05-01 13:08:57.926467,01/05/26,13:8:57
1783,2.02,1.783,2019.0689848569825,13788643168,2026-05-01 13:08:59.709467,01/05/26,13:8:59
1730,2.08,1.73,2080.9248554913293,13788644898,2026-05-01 13:09:01.439467,01/05/26,13:9:1
1732,2.08,1.732,2078.5219399538105,13788646630,2026-05-01 13:09:03.171467,01/05/26,13:9:3
1723,2.09,1.723,2089.378990133488,13788648353,2026-05-01 13:09:04.894467,01/05/26,13:9:4
1774,2.03,1.774,2029.3122886133033,13788650127,2026-05-01 13:09:06.668467,01/05/26,13:9:6
1782,2.02,1.782,2020.20202020202,13788651909,2026-05-01 13:09:08.450467,01/05/26,13:9:8
1788,2.01,1.788,2013.4228187919464,13788653697,2026-05-01 13:09:10.238467,01/05/26,13:9:10
1794,2.01,1.794,2006.6889632107022,13788655491,2026-05-01 13:09:12.032467,01/05/26,13:9:12
1795,2.01,1.795,2005.5710306406686,13788657286,2026-05-01 13:09:13.827467,01/05/26,13:9:13
1777,2.03,1.777,2025.8863252673045,13788659063,2026-05-01 13:09:15.604467,01/05/26,13:9:15
1690,2.13,1.69,2130.1775147928993,13788660753,2026-05-01 13:09:17.294467,01/05/26,13:9:17
1671,2.15,1.671,2154.3985637342907,13788662424,2026-05-01 13:09:18.965467,01/05/26,13:9:18
1712,2.1,1.712,2102.803738317757,13788664136,2026-05-01 13:09:20.677467,01/05/26,13:9:20
1737,2.07,1.737,2072.538860103627,13788665873,2026-05-01 13:09:22.414467,01/05/26,13:9:22
1729,2.08,1.729,2082.1283979178716,13788667602,2026-05-01 13:09:24.143467,01/05/26,13:9:24
1726,2.09,1.726,2085.7473928157588,13788669328,2026-05-01 13:09:25.869467,01/05/26,13:9:25
1731,2.08,1.731,2079.7227036395147,13788671059,2026-05-01 13:09:27.600467,01/05/26,13:9:27
1730,2.08,1.73,2080.9248554913293,13788672789,2026-05-01 13:09:29.330467,01/05/26,13:9:29
1724,2.09,1.724,2088.167053364269,13788674513,2026-05-01 13:09:31.054467,01/05/26,13:9:31
1725,2.09,1.725,2086.9565217391305,13788676238,2026-05-01 13:09:32.779467,01/05/26,13:9:32
1722,2.09,1.722,2090.5923344947737,13788677960,2026-05-01 13:09:34.501467,01/05/26,13:9:34
1734,2.08,1.734,2076.1245674740485,13788679694,2026-05-01 13:09:36.235467,01/05/26,13:9:36
1734,2.08,1.734,2076.1245674740485,13788681428,2026-05-01 13:09:37.969467,01/05/26,13:9:37
1734,2.08,1.734,2076.1245674740485,13788683162,2026-05-01 13:09:39.703467,01/05/26,13:9:39
1728,2.08,1.728,2083.3333333333335,13788684890,2026-05-01 13:09:41.431467,01/05/26,13:9:41
1726,2.09,1.726,2085.7473928157588,13788686616,2026-05-01 13:09:43.157467,01/05/26,13:9:43
1724,2.09,1.724,2088.167053364269,13788688340,2026-05-01 13:09:44.881467,01/05/26,13:9:44
1729,2.08,1.729,2082.1283979178716,13788690069,2026-05-01 13:09:46.610467,01/05/26,13:9:46
1730,2.08,1.73,2080.9248554913293,13788691799,2026-05-01 13:09:48.340467,01/05/26,13:9:48
1727,2.08,1.727,2084.5396641574985,13788693526,2026-05-01 13:09:50.067467,01/05/26,13:9:50
1724,2.09,1.724,2088.167053364269,13788695250,2026-05-01 13:09:51.791467,01/05/26,13:9:51
1731,2.08,1.731,2079.7227036395147,13788696981,2026-05-01 13:09:53.522467,01/05/26,13:9:53
1733,2.08,1.733,2077.32256203116,13788698714,2026-05-01 13:09:55.255467,01/05/26,13:9:55
1737,2.07,1.737,2072.538860103627,13788700451,2026-05-01 13:09:56.992467,01/05/26,13:9:56
1733,2.08,1.733,2077.32256203116,13788702184,2026-05-01 13:09:58.725467,01/05/26,13:9:58
1733,2.08,1.733,2077.32256203116,13788703917,2026-05-01 13:10:00.458467,01/05/26,13:10:0
1737,2.07,1.737,2072.538860103627,13788705654,2026-05-01 13:10:02.195467,01/05/26,13:10:2
1732,2.08,1.732,2078.5219399538105,13788707386,2026-05-01 13:10:03.927467,01/05/26,13:10:3
1736,2.07,1.736,2073.7327188940094,13788709122,2026-05-01 13:10:05.663467,01/05/26,13:10:5
1732,2.08,1.732,2078.5219399538105,13788710854,2026-05-01 13:10:07.395467,01/05/26,13:10:7
1729,2.08,1.729,2082.1283979178716,13788712583,2026-05-01 13:10:09.124467,01/05/26,13:10:9
1728,2.08,1.728,2083.3333333333335,13788714311,2026-05-01 13:10:10.852467,01/05/26,13:10:10
1729,2.08,1.729,2082.1283979178716,13788716040,2026-05-01 13:10:12.581467,01/05/26,13:10:12
1729,2.08,1.729,2082.1283979178716,13788717769,2026-05-01 13:10:14.310467,01/05/26,13:10:14
1751,2.06,1.751,2055.9680182752713,13788719520,2026-05-01 13:10:16.061467,01/05/26,13:10:16
1785,2.02,1.785,2016.8067226890757,13788721305,2026-05-01 13:10:17.846467,01/05/26,13:10:17
1787,2.01,1.787,2014.5495243424734,13788723092,2026-05-01 13:10:19.633467,01/05/26,13:10:19
1793,2.01,1.793,2007.808142777468,13788724885,2026-05-01 13:10:21.426467,01/05/26,13:10:21
1792,2.01,1.792,2008.9285714285713,13788726677,2026-05-01 13:10:23.218467,01/05/26,13:10:23
1790,2.01,1.79,2011.173184357542,13788728467,2026-05-01 13:10:25.008467,01/05/26,13:10:25
1770,2.03,1.77,2033.8983050847457,13788730237,2026-05-01 13:10:26.778467,01/05/26,13:10:26
1743,2.07,1.743,2065.4044750430294,13788731980,2026-05-01 13:10:28.521467,01/05/26,13:10:28
1734,2.08,1.734,2076.1245674740485,13788733714,2026-05-01 13:10:30.255467,01/05/26,13:10:30
1755,2.05,1.755,2051.2820512820513,13788735469,2026-05-01 13:10:32.010467,01/05/26,13:10:32
1792,2.01,1.792,2008.9285714285713,13788737261,2026-05-01 13:10:33.802467,01/05/26,13:10:33
1795,2.01,1.795,2005.5710306406686,13788739056,2026-05-01 13:10:35.597467,01/05/26,13:10:35
1798,2.0,1.798,2002.2246941045605,13788740854,2026-05-01 13:10:37.395467,01/05/26,13:10:37
1795,2.01,1.795,2005.5710306406686,13788742649,2026-05-01 13:10:39.190467,01/05/26,13:10:39
1795,2.01,1.795,2005.5710306406686,13788744444,2026-05-01 13:10:40.985467,01/05/26,13:10:40
1773,2.03,1.773,2030.4568527918782,13788746217,2026-05-01 13:10:42.758467,01/05/26,13:10:42
1730,2.08,1.73,2080.9248554913293,13788747947,2026-05-01 13:10:44.488467,01/05/26,13:10:44
1734,2.08,1.734,2076.1245674740485,13788749681,2026-05-01 13:10:46.222467,01/05/26,13:10:46
1759,2.05,1.759,2046.617396247868,13788751440,2026-05-01 13:10:47.981467,01/05/26,13:10:47
1797,2.0,1.797,2003.338898163606,13788753237,2026-05-01 13:10:49.778467,01/05/26,13:10:49
1805,1.99,1.805,1994.4598337950138,13788755042,2026-05-01 13:10:51.583467,01/05/26,13:10:51
1805,1.99,1.805,1994.4598337950138,13788756847,2026-05-01 13:10:53.388467,01/05/26,13:10:53
1802,2.0,1.802,1997.780244173141,13788758649,2026-05-01 13:10:55.190467,01/05/26,13:10:55
1802,2.0,1.802,1997.780244173141,13788760451,2026-05-01 13:10:56.992467,01/05/26,13:10:56
1779,2.02,1.779,2023.6087689713322,13788762230,2026-05-01 13:10:58.771467,01/05/26,13:10:58
1744,2.06,1.744,2064.2201834862385,13788763974,2026-05-01 13:11:00.515467,01/05/26,13:11:0
1748,2.06,1.748,2059.496567505721,13788765722,2026-05-01 13:11:02.263467,01/05/26,13:11:2
1759,2.05,1.759,2046.617396247868,13788767481,2026-05-01 13:11:04.022467,01/05/26,13:11:4
1802,2.0,1.802,1997.780244173141,13788769283,2026-05-01 13:11:05.824467,01/05/26,13:11:5
1802,2.0,1.802,1997.780244173141,13788771085,2026-05-01 13:11:07.626467,01/05/26,13:11:7
1800,2.0,1.8,2000.0,13788772885,2026-05-01 13:11:09.426467,01/05/26,13:11:9
1799,2.0,1.799,2001.1117287381878,13788774684,2026-05-01 13:11:11.225467,01/05/26,13:11:11
1799,2.0,1.799,2001.1117287381878,13788776483,2026-05-01 13:11:13.024467,01/05/26,13:11:13
1763,2.04,1.763,2041.973908111174,13788778246,2026-05-01 13:11:14.787467,01/05/26,13:11:14
1733,2.08,1.733,2077.32256203116,13788779979,2026-05-01 13:11:16.520467,01/05/26,13:11:16
1737,2.07,1.737,2072.538860103627,13788781716,2026-05-01 13:11:18.257467,01/05/26,13:11:18
1766,2.04,1.766,2038.5050962627406,13788783482,2026-05-01 13:11:20.023467,01/05/26,13:11:20
1797,2.0,1.797,2003.338898163606,13788785279,2026-05-01 13:11:21.820467,01/05/26,13:11:21
1803,2.0,1.803,1996.6722129783693,13788787082,2026-05-01 13:11:23.623467,01/05/26,13:11:23
1794,2.01,1.794,2006.6889632107022,13788788876,2026-05-01 13:11:25.417467,01/05/26,13:11:25
1788,2.01,1.788,2013.4228187919464,13788790664,2026-05-01 13:11:27.205467,01/05/26,13:11:27
1791,2.01,1.791,2010.0502512562814,13788792455,2026-05-01 13:11:28.996467,01/05/26,13:11:28
1770,2.03,1.77,2033.8983050847457,13788794225,2026-05-01 13:11:30.766467,01/05/26,13:11:30
1738,2.07,1.738,2071.3463751438435,13788795963,2026-05-01 13:11:32.504467,01/05/26,13:11:32
1741,2.07,1.741,2067.777139574957,13788797704,2026-05-01 13:11:34.245467,01/05/26,13:11:34
1762,2.04,1.762,2043.1328036322361,13788799466,2026-05-01 13:11:36.007467,01/05/26,13:11:36
1793,2.01,1.793,2007.808142777468,13788801259,2026-05-01 13:11:37.800467,01/05/26,13:11:37
1795,2.01,1.795,2005.5710306406686,13788803054,2026-05-01 13:11:39.595467,01/05/26,13:11:39
1799,2.0,1.799,2001.1117287381878,13788804853,2026-05-01 13:11:41.394467,01/05/26,13:11:41
1798,2.0,1.798,2002.2246941045605,13788806651,2026-05-01 13:11:43.192467,01/05/26,13:11:43
10225,0.35,10.225,352.07823960880194,13788816876,2026-05-01 13:11:53.417467,01/05/26,13:11:53
20299,0.18,20.299,177.3486378639342,13788837175,2026-05-01 13:12:13.716467,01/05/26,13:12:13
22403,0.16,22.403,160.6927643619158,13788859578,2026-05-01 13:12:36.119467,01/05/26,13:12:36
20105,0.18,20.105,179.05993533946778,13788879683,2026-05-01 13:12:56.224467,01/05/26,13:12:56
20193,0.18,20.193,178.27960184222255,13788899876,2026-05-01 13:13:16.417467,01/05/26,13:13:16
22697,0.16,22.697,158.6112702119223,13788922573,2026-05-01 13:13:39.114467,01/05/26,13:13:39
21312,0.17,21.312,168.9189189189189,13788943885,2026-05-01 13:14:00.426467,01/05/26,13:14:0
21630,0.17,21.63,166.4355062413315,13788965515,2026-05-01 13:14:22.056467,01/05/26,13:14:22
19869,0.18,19.869,181.18677336554433,13788985384,2026-05-01 13:14:41.925467,01/05/26,13:14:41
21223,0.17,21.223,169.62729114639777,13789006607,2026-05-01 13:15:03.148467,01/05/26,13:15:3
23233,0.15,23.233,154.9520079197693,13789029840,2026-05-01 13:15:26.381467,01/05/26,13:15:26
21030,0.17,21.03,171.18402282453638,13789050870,2026-05-01 13:15:47.411467,01/05/26,13:15:47
20150,0.18,20.15,178.66004962779155,13789071020,2026-05-01 13:16:07.561467,01/05/26,13:16:7
20883,0.17,20.883,172.389024565436,13789091903,2026-05-01 13:16:28.444467,01/05/26,13:16:28
22920,0.16,22.92,157.06806282722513,13789114823,2026-05-01 13:16:51.364467,01/05/26,13:16:51
21303,0.17,21.303,168.99028305872412,13789136126,2026-05-01 13:17:12.667467,01/05/26,13:17:12
19770,0.18,19.77,182.09408194233689,13789155896,2026-05-01 13:17:32.437467,01/05/26,13:17:32
20812,0.17,20.812,172.9771285796656,13789176708,2026-05-01 13:17:53.249467,01/05/26,13:17:53
22957,0.16,22.957,156.8149148407893,13789199665,2026-05-01 13:18:16.206467,01/05/26,13:18:16
21233,0.17,21.233,169.54740262798475,13789220898,2026-05-01 13:18:37.439467,01/05/26,13:18:37
20332,0.18,20.332,177.06079087153256,13789241230,2026-05-01 13:18:57.771467,01/05/26,13:18:57
19730,0.18,19.73,182.4632539280284,13789260960,2026-05-01 13:19:17.501467,01/05/26,13:19:17
21441,0.17,21.441,167.90261648244018,13789282401,2026-05-01 13:19:38.942467,01/05/26,13:19:38
22940,0.16,22.94,156.93112467306017,13789305341,2026-05-01 13:20:01.882467,01/05/26,13:20:1
20227,0.18,20.227,177.9799278192515,13789325568,2026-05-01 13:20:22.109467,01/05/26,13:20:22
20061,0.18,20.061,179.45266935845672,13789345629,2026-05-01 13:20:42.170467,01/05/26,13:20:42
21615,0.17,21.615,166.55100624566273,13789367244,2026-05-01 13:21:03.785467,01/05/26,13:21:3
22970,0.16,22.97,156.7261645624728,13789390214,2026-05-01 13:21:26.755467,01/05/26,13:21:26
20577,0.17,20.577,174.95261699956262,13789410791,2026-05-01 13:21:47.332467,01/05/26,13:21:47
19989,0.18,19.989,180.09905447996397,13789430780,2026-05-01 13:22:07.321467,01/05/26,13:22:7
21888,0.16,21.888,164.47368421052633,13789452668,2026-05-01 13:22:29.209467,01/05/26,13:22:29
22941,0.16,22.941,156.9242840329541,13789475609,2026-05-01 13:22:52.150467,01/05/26,13:22:52
20056,0.18,20.056,179.4974072596729,13789495665,2026-05-01 13:23:12.206467,01/05/26,13:23:12
19894,0.18,19.894,180.95908314064542,13789515559,2026-05-01 13:23:32.100467,01/05/26,13:23:32
20431,0.18,20.431,176.2028290343106,13789535990,2026-05-01 13:23:52.531467,01/05/26,13:23:52
22565,0.16,22.565,159.5391092399734,13789558555,2026-05-01 13:24:15.096467,01/05/26,13:24:15
20260,0.18,20.26,177.69002961500493,13789578815,2026-05-01 13:24:35.356467,01/05/26,13:24:35
20085,0.18,20.085,179.2382374906647,13789598900,2026-05-01 13:24:55.441467,01/05/26,13:24:55
21098,0.17,21.098,170.63228742060858,13789619998,2026-05-01 13:25:16.539467,01/05/26,13:25:16
23214,0.16,23.214,155.07883173946757,13789643212,2026-05-01 13:25:39.753467,01/05/26,13:25:39
20692,0.17,20.692,173.98028223468006,13789663904,2026-05-01 13:26:00.445467,01/05/26,13:26:0
20047,0.18,20.047,179.57799171945928,13789683951,2026-05-01 13:26:20.492467,01/05/26,13:26:20
25787,0.14,25.787,139.60522744018303,13789709738,2026-05-01 13:26:46.279467,01/05/26,13:26:46
25501,0.14,25.501,141.17093447315793,13789735239,2026-05-01 13:27:11.780467,01/05/26,13:27:11
23809,0.15,23.809,151.20332647318241,13789759048,2026-05-01 13:27:35.589467,01/05/26,13:27:35
22116,0.16,22.116,162.77807921866523,13789781164,2026-05-01 13:27:57.705467,01/05/26,13:27:57
25190,0.14,25.19,142.9138547042477,13789806354,2026-05-01 13:28:22.895467,01/05/26,13:28:22
27093,0.13,27.093,132.8756505370391,13789833447,2026-05-01 13:28:49.988467,01/05/26,13:28:49
26802,0.13,26.802,134.31833445265278,13789860249,2026-05-01 13:29:16.790467,01/05/26,13:29:16
22998,0.16,22.998,156.53535090007827,13789883247,2026-05-01 13:29:39.788467,01/05/26,13:29:39
27022,0.13,27.022,133.2247798090445,13789910269,2026-05-01 13:30:06.810467,01/05/26,13:30:6
15343,0.23,15.343,234.6346868278694,13789925612,2026-05-01 13:30:22.153467,01/05/26,13:30:22
15540,0.23,15.54,231.66023166023166,13789941152,2026-05-01 13:30:37.693467,01/05/26,13:30:37
14764,0.24,14.764,243.8363587103766,13789955916,2026-05-01 13:30:52.457467,01/05/26,13:30:52
16423,0.22,16.423,219.20477379285148,13789972339,2026-05-01 13:31:08.880467,01/05/26,13:31:8
16105,0.22,16.105,223.53306426575597,13789988444,2026-05-01 13:31:24.985467,01/05/26,13:31:24
12417,0.29,12.417,289.9251026818072,13790000861,2026-05-01 13:31:37.402467,01/05/26,13:31:37
12470,0.29,12.47,288.6928628708901,13790013331,2026-05-01 13:31:49.872467,01/05/26,13:31:49
12563,0.29,12.563,286.5557589747672,13790025894,2026-05-01 13:32:02.435467,01/05/26,13:32:2
12725,0.28,12.725,282.9076620825147,13790038619,2026-05-01 13:32:15.160467,01/05/26,13:32:15
12137,0.3,12.137,296.61366070692924,13790050756,2026-05-01 13:32:27.297467,01/05/26,13:32:27
11592,0.31,11.592,310.55900621118013,13790062348,2026-05-01 13:32:38.889467,01/05/26,13:32:38
10727,0.34,10.727,335.60175258693016,13790073075,2026-05-01 13:32:49.616467,01/05/26,13:32:49
10976,0.33,10.976,327.9883381924198,13790084051,2026-05-01 13:33:00.592467,01/05/26,13:33:0
11118,0.32,11.118,323.79924446842955,13790095169,2026-05-01 13:33:11.710467,01/05/26,13:33:11
12640,0.28,12.64,284.8101265822785,13790107809,2026-05-01 13:33:24.350467,01/05/26,13:33:24
13615,0.26,13.615,264.41424899008445,13790121424,2026-05-01 13:33:37.965467,01/05/26,13:33:37
14999,0.24,14.999,240.01600106673777,13790136423,2026-05-01 13:33:52.964467,01/05/26,13:33:52
16677,0.22,16.677,215.86616297895304,13790153100,2026-05-01 13:34:09.641467,01/05/26,13:34:9
18404,0.19,18.404,195.6096500760704,13790171504,2026-05-01 13:34:28.045467,01/05/26,13:34:28
18475,0.19,18.475,194.85791610284167,13790189979,2026-05-01 13:34:46.520467,01/05/26,13:34:46
18095,0.2,18.095,198.94998618402875,13790208074,2026-05-01 13:35:04.615467,01/05/26,13:35:4
18219,0.2,18.219,197.59591635106207,13790226293,2026-05-01 13:35:22.834467,01/05/26,13:35:22
18324,0.2,18.324,196.46365422396858,13790244617,2026-05-01 13:35:41.158467,01/05/26,13:35:41
18264,0.2,18.264,197.1090670170828,13790262881,2026-05-01 13:35:59.422467,01/05/26,13:35:59
18294,0.2,18.294,196.78583142013775,13790281175,2026-05-01 13:36:17.716467,01/05/26,13:36:17
18460,0.19,18.46,195.01625135427952,13790299635,2026-05-01 13:36:36.176467,01/05/26,13:36:36
18421,0.19,18.421,195.4291297975137,13790318056,2026-05-01 13:36:54.597467,01/05/26,13:36:54
16672,0.22,16.672,215.93090211132437,13790334728,2026-05-01 13:37:11.269467,01/05/26,13:37:11
15587,0.23,15.587,230.9616988516071,13790350315,2026-05-01 13:37:26.856467,01/05/26,13:37:26
17332,0.21,17.332,207.70828525271176,13790367647,2026-05-01 13:37:44.188467,01/05/26,13:37:44
24974,0.14,24.974,144.14991591254906,13790392621,2026-05-01 13:38:09.162467,01/05/26,13:38:9
21800,0.17,21.8,165.13761467889907,13790414421,2026-05-01 13:38:30.962467,01/05/26,13:38:30
24047,0.15,24.047,149.70682413606687,13790438468,2026-05-01 13:38:55.009467,01/05/26,13:38:55
21371,0.17,21.371,168.45257592064013,13790459839,2026-05-01 13:39:16.380467,01/05/26,13:39:16
24157,0.15,24.157,149.02512729229622,13790483996,2026-05-01 13:39:40.537467,01/05/26,13:39:40
21116,0.17,21.116,170.4868346277704,13790505112,2026-05-01 13:40:01.653467,01/05/26,13:40:1
24007,0.15,24.007,149.95626275669596,13790529119,2026-05-01 13:40:25.660467,01/05/26,13:40:25
21948,0.16,21.948,164.02405686167305,13790551067,2026-05-01 13:40:47.608467,01/05/26,13:40:47
23154,0.16,23.154,155.48069448043535,13790574221,2026-05-01 13:41:10.762467,01/05/26,13:41:10
21258,0.17,21.258,169.34801016088062,13790595479,2026-05-01 13:41:32.020467,01/05/26,13:41:32
23674,0.15,23.674,152.06555715130523,13790619153,2026-05-01 13:41:55.694467,01/05/26,13:41:55
21487,0.17,21.487,167.54316563503514,13790640640,2026-05-01 13:42:17.181467,01/05/26,13:42:17
25989,0.14,25.989,138.52014313748126,13790666629,2026-05-01 13:42:43.170467,01/05/26,13:42:43
24883,0.14,24.883,144.6770887754692,13790691512,2026-05-01 13:43:08.053467,01/05/26,13:43:8
22216,0.16,22.216,162.04537270435722,13790713728,2026-05-01 13:43:30.269467,01/05/26,13:43:30
19983,0.18,19.983,180.15313016063655,13790733711,2026-05-01 13:43:50.252467,01/05/26,13:43:50
23881,0.15,23.881,150.7474561366777,13790757592,2026-05-01 13:44:14.133467,01/05/26,13:44:14
26207,0.14,26.207,137.3678788110047,13790783799,2026-05-01 13:44:40.340467,01/05/26,13:44:40
20253,0.18,20.253,177.75144423048437,13790804052,2026-05-01 13:45:00.593467,01/05/26,13:45:0
16189,0.22,16.189,222.37321638149362,13790820241,2026-05-01 13:45:16.782467,01/05/26,13:45:16
11470,0.31,11.47,313.86224934612034,13790831711,2026-05-01 13:45:28.252467,01/05/26,13:45:28
14467,0.25,14.467,248.84219257620794,13790846178,2026-05-01 13:45:42.719467,01/05/26,13:45:42
18555,0.19,18.555,194.01778496362166,13790864733,2026-05-01 13:46:01.274467,01/05/26,13:46:1
24131,0.15,24.131,149.18569474949234,13790888864,2026-05-01 13:46:25.405467,01/05/26,13:46:25
27019,0.13,27.019,133.2395721529294,13790915883,2026-05-01 13:46:52.424467,01/05/26,13:46:52
18929,0.19,18.929,190.1843731840034,13790934812,2026-05-01 13:47:11.353467,01/05/26,13:47:11
16633,0.22,16.633,216.43720315036373,13790951445,2026-05-01 13:47:27.986467,01/05/26,13:47:27
15266,0.23,15.266,235.81815799816587,13790966711,2026-05-01 13:47:43.252467,01/05/26,13:47:43
14156,0.25,14.156,254.30912687199773,13790980867,2026-05-01 13:47:57.408467,01/05/26,13:47:57
14381,0.25,14.381,250.3302969195466,13790995248,2026-05-01 13:48:11.789467,01/05/26,13:48:11
14230,0.25,14.23,252.98664792691497,13791009478,2026-05-01 13:48:26.019467,01/05/26,13:48:26
12903,0.28,12.903,279.0048825854453,13791022381,2026-05-01 13:48:38.922467,01/05/26,13:48:38
12001,0.3,12.001,299.9750020831597,13791034382,2026-05-01 13:48:50.923467,01/05/26,13:48:50
11328,0.32,11.328,317.79661016949154,13791045710,2026-05-01 13:49:02.251467,01/05/26,13:49:2
11884,0.3,11.884,302.92830696735103,13791057594,2026-05-01 13:49:14.135467,01/05/26,13:49:14
12044,0.3,12.044,298.90401859847225,13791069638,2026-05-01 13:49:26.179467,01/05/26,13:49:26
12022,0.3,12.022,299.4510064881051,13791081660,2026-05-01 13:49:38.201467,01/05/26,13:49:38
12118,0.3,12.118,297.0787258623535,13791093778,2026-05-01 13:49:50.319467,01/05/26,13:49:50
12244,0.29,12.244,294.0215615811826,13791106022,2026-05-01 13:50:02.563467,01/05/26,13:50:2
14793,0.24,14.793,243.3583451632529,13791120815,2026-05-01 13:50:17.356467,01/05/26,13:50:17
17074,0.21,17.074,210.84690172191637,13791137889,2026-05-01 13:50:34.430467,01/05/26,13:50:34
19406,0.19,19.406,185.50963619499123,13791157295,2026-05-01 13:50:53.836467,01/05/26,13:50:53
24051,0.15,24.051,149.68192590744667,13791181346,2026-05-01 13:51:17.887467,01/05/26,13:51:17
32663,0.11,32.663,110.21645286715857,13791214009,2026-05-01 13:51:50.550467,01/05/26,13:51:50
32288,0.11,32.288,111.49653121902874,13791246297,2026-05-01 13:52:22.838467,01/05/26,13:52:22
32604,0.11,32.604,110.4158998895841,13791278901,2026-05-01 13:52:55.442467,01/05/26,13:52:55
33119,0.11,33.119,108.6989341465624,13791312020,2026-05-01 13:53:28.561467,01/05/26,13:53:28
33154,0.11,33.154,108.58418290402365,13791345174,2026-05-01 13:54:01.715467,01/05/26,13:54:1
28461,0.13,28.461,126.48887951934226,13791373635,2026-05-01 13:54:30.176467,01/05/26,13:54:30
26292,0.14,26.292,136.92377909630306,13791399927,2026-05-01 13:54:56.468467,01/05/26,13:54:56
26924,0.13,26.924,133.70970138166692,13791426851,2026-05-01 13:55:23.392467,01/05/26,13:55:23
25525,0.14,25.525,141.03819784524975,13791452376,2026-05-01 13:55:48.917467,01/05/26,13:55:48
25961,0.14,25.961,138.669542775702,13791478337,2026-05-01 13:56:14.878467,01/05/26,13:56:14
27632,0.13,27.632,130.28372900984365,13791505969,2026-05-01 13:56:42.510467,01/05/26,13:56:42
27030,0.13,27.03,133.18534961154273,13791532999,2026-05-01 13:57:09.540467,01/05/26,13:57:9
25095,0.14,25.095,143.45487148834428,13791558094,2026-05-01 13:57:34.635467,01/05/26,13:57:34
22055,0.16,22.055,163.22829290410337,13791580149,2026-05-01 13:57:56.690467,01/05/26,13:57:56
19453,0.19,19.453,185.06143011360714,13791599602,2026-05-01 13:58:16.143467,01/05/26,13:58:16
19608,0.18,19.608,183.5985312117503,13791619210,2026-05-01 13:58:35.751467,01/05/26,13:58:35
20328,0.18,20.328,177.0956316410862,13791639538,2026-05-01 13:58:56.079467,01/05/26,13:58:56
22155,0.16,22.155,162.49153689911984,13791661693,2026-05-01 13:59:18.234467,01/05/26,13:59:18
23289,0.15,23.289,154.57941517454591,13791684982,2026-05-01 13:59:41.523467,01/05/26,13:59:41
21935,0.16,21.935,164.1212673808981,13791706917,2026-05-01 14:00:03.458467,01/05/26,14:0:3
21914,0.16,21.914,164.2785433969152,13791728831,2026-05-01 14:00:25.372467,01/05/26,14:0:25
22686,0.16,22.686,158.68817773075907,13791751517,2026-05-01 14:00:48.058467,01/05/26,14:0:48
17906,0.2,17.906,201.04992739863732,13791769423,2026-05-01 14:01:05.964467,01/05/26,14:1:5
22257,0.16,22.257,161.74686615446825,13791791680,2026-05-01 14:01:28.221467,01/05/26,14:1:28
24503,0.15,24.503,146.9207852099743,13791816183,2026-05-01 14:01:52.724467,01/05/26,14:1:52
20544,0.17,20.544,175.2336448598131,13791836727,2026-05-01 14:02:13.268467,01/05/26,14:2:13
16004,0.22,16.004,224.94376405898527,13791852731,2026-05-01 14:02:29.272467,01/05/26,14:2:29
13693,0.26,13.693,262.9080552106916,13791866424,2026-05-01 14:02:42.965467,01/05/26,14:2:42
13649,0.26,13.649,263.75558648985276,13791880073,2026-05-01 14:02:56.614467,01/05/26,14:2:56
15910,0.23,15.91,226.27278441231928,13791895983,2026-05-01 14:03:12.524467,01/05/26,14:3:12
17933,0.2,17.933,200.7472257848659,13791913916,2026-05-01 14:03:30.457467,01/05/26,14:3:30
21989,0.16,21.989,163.7182227477375,13791935905,2026-05-01 14:03:52.446467,01/05/26,14:3:52
19590,0.18,19.59,183.76722817764164,13791955495,2026-05-01 14:04:12.036467,01/05/26,14:4:12
16368,0.22,16.368,219.94134897360703,13791971863,2026-05-01 14:04:28.404467,01/05/26,14:4:28
14651,0.25,14.651,245.7170159033513,13791986514,2026-05-01 14:04:43.055467,01/05/26,14:4:43
13652,0.26,13.652,263.6976267213595,13792000166,2026-05-01 14:04:56.707467,01/05/26,14:4:56
12545,0.29,12.545,286.96691909127145,13792012711,2026-05-01 14:05:09.252467,01/05/26,14:5:9
13107,0.27,13.107,274.6623941405356,13792025818,2026-05-01 14:05:22.359467,01/05/26,14:5:22
13216,0.27,13.216,272.39709443099275,13792039034,2026-05-01 14:05:35.575467,01/05/26,14:5:35
12268,0.29,12.268,293.4463645255951,13792051302,2026-05-01 14:05:47.843467,01/05/26,14:5:47
11569,0.31,11.569,311.1764197424151,13792062871,2026-05-01 14:05:59.412467,01/05/26,14:5:59
10977,0.33,10.977,327.9584585952446,13792073848,2026-05-01 14:06:10.389467,01/05/26,14:6:10
10689,0.34,10.689,336.79483581251753,13792084537,2026-05-01 14:06:21.078467,01/05/26,14:6:21
11099,0.32,11.099,324.35354536444726,13792095636,2026-05-01 14:06:32.177467,01/05/26,14:6:32
11176,0.32,11.176,322.11882605583395,13792106812,2026-05-01 14:06:43.353467,01/05/26,14:6:43
11175,0.32,11.175,322.1476510067114,13792117987,2026-05-01 14:06:54.528467,01/05/26,14:6:54
11285,0.32,11.285,319.0075321222862,13792129272,2026-05-01 14:07:05.813467,01/05/26,14:7:5
11294,0.32,11.294,318.75332034708697,13792140566,2026-05-01 14:07:17.107467,01/05/26,14:7:17
13342,0.27,13.342,269.82461400089943,13792153908,2026-05-01 14:07:30.449467,01/05/26,14:7:30
14881,0.24,14.881,241.91922585847726,13792168789,2026-05-01 14:07:45.330467,01/05/26,14:7:45
16502,0.22,16.502,218.15537510604776,13792185291,2026-05-01 14:08:01.832467,01/05/26,14:8:1
18754,0.19,18.754,191.9590487362696,13792204045,2026-05-01 14:08:20.586467,01/05/26,14:8:20
22801,0.16,22.801,157.8878119380729,13792226846,2026-05-01 14:08:43.387467,01/05/26,14:8:43
25406,0.14,25.406,141.69881130441627,13792252252,2026-05-01 14:09:08.793467,01/05/26,14:9:8
22065,0.16,22.065,163.15431679129844,13792274317,2026-05-01 14:09:30.858467,01/05/26,14:9:30
22289,0.16,22.289,161.51464848131366,13792296606,2026-05-01 14:09:53.147467,01/05/26,14:9:53
22199,0.16,22.199,162.1694670931123,13792318805,2026-05-01 14:10:15.346467,01/05/26,14:10:15
22458,0.16,22.458,160.29922522041144,13792341263,2026-05-01 14:10:37.804467,01/05/26,14:10:37
20185,0.18,20.185,178.3502600941293,13792361448,2026-05-01 14:10:57.989467,01/05/26,14:10:57
21293,0.17,21.293,169.06964730193022,13792382741,2026-05-01 14:11:19.282467,01/05/26,14:11:19
19999,0.18,19.999,180.0090004500225,13792402740,2026-05-01 14:11:39.281467,01/05/26,14:11:39
19589,0.18,19.589,183.77660932155803,13792422329,2026-05-01 14:11:58.870467,01/05/26,14:11:58
23218,0.16,23.218,155.0521147385649,13792445547,2026-05-01 14:12:22.088467,01/05/26,14:12:22
13999,0.26,13.999,257.161225801843,13792459546,2026-05-01 14:12:36.087467,01/05/26,14:12:36
14695,0.24,14.695,244.9812861517523,13792474241,2026-05-01 14:12:50.782467,01/05/26,14:12:50
14645,0.25,14.645,245.81768521679754,13792488886,2026-05-01 14:13:05.427467,01/05/26,14:13:5
14365,0.25,14.365,250.60911938739994,13792503251,2026-05-01 14:13:19.792467,01/05/26,14:13:19
14577,0.25,14.577,246.9643959662482,13792517828,2026-05-01 14:13:34.369467,01/05/26,14:13:34
14740,0.24,14.74,244.23337856173677,13792532568,2026-05-01 14:13:49.109467,01/05/26,14:13:49
14671,0.25,14.671,245.3820462136187,13792547239,2026-05-01 14:14:03.780467,01/05/26,14:14:3
14669,0.25,14.669,245.41550207921466,13792561908,2026-05-01 14:14:18.449467,01/05/26,14:14:18
14779,0.24,14.779,243.58887610799107,13792576687,2026-05-01 14:14:33.228467,01/05/26,14:14:33
14773,0.24,14.773,243.68780884045216,13792591460,2026-05-01 14:14:48.001467,01/05/26,14:14:48
14533,0.25,14.533,247.71210348861212,13792605993,2026-05-01 14:15:02.534467,01/05/26,14:15:2
14946,0.24,14.946,240.86712163789642,13792620939,2026-05-01 14:15:17.480467,01/05/26,14:15:17
14758,0.24,14.758,243.93549261417536,13792635697,2026-05-01 14:15:32.238467,01/05/26,14:15:32
14761,0.24,14.761,243.88591558837476,13792650458,2026-05-01 14:15:46.999467,01/05/26,14:15:46
14948,0.24,14.948,240.83489430024085,13792665406,2026-05-01 14:16:01.947467,01/05/26,14:16:1
14830,0.24,14.83,242.75118004045854,13792680236,2026-05-01 14:16:16.777467,01/05/26,14:16:16
14874,0.24,14.874,242.03307785397337,13792695110,2026-05-01 14:16:31.651467,01/05/26,14:16:31
14927,0.24,14.927,241.17371206538488,13792710037,2026-05-01 14:16:46.578467,01/05/26,14:16:46
14886,0.24,14.886,241.8379685610641,13792724923,2026-05-01 14:17:01.464467,01/05/26,14:17:1
16728,0.22,16.728,215.20803443328552,13792741651,2026-05-01 14:17:18.192467,01/05/26,14:17:18
16169,0.22,16.169,222.64827756818605,13792757820,2026-05-01 14:17:34.361467,01/05/26,14:17:34
16088,0.22,16.088,223.76926902038787,13792773908,2026-05-01 14:17:50.449467,01/05/26,14:17:50
15133,0.24,15.133,237.8907024383797,13792789041,2026-05-01 14:18:05.582467,01/05/26,14:18:5
16331,0.22,16.331,220.43965464454106,13792805372,2026-05-01 14:18:21.913467,01/05/26,14:18:21
13607,0.26,13.607,264.569706768575,13792818979,2026-05-01 14:18:35.520467,01/05/26,14:18:35
14840,0.24,14.84,242.58760107816713,13792833819,2026-05-01 14:18:50.360467,01/05/26,14:18:50
16428,0.22,16.428,219.1380569758948,13792850247,2026-05-01 14:19:06.788467,01/05/26,14:19:6
16838,0.21,16.838,213.80211426535217,13792867085,2026-05-01 14:19:23.626467,01/05/26,14:19:23
16253,0.22,16.253,221.49756967944379,13792883338,2026-05-01 14:19:39.879467,01/05/26,14:19:39
10026,0.36,10.026,359.0664272890485,13792893364,2026-05-01 14:19:49.905467,01/05/26,14:19:49
12909,0.28,12.909,278.8752033465024,13792906273,2026-05-01 14:20:02.814467,01/05/26,14:20:2
18837,0.19,18.837,191.11323459149546,13792925110,2026-05-01 14:20:21.651467,01/05/26,14:20:21
23545,0.15,23.545,152.89870460819708,13792948655,2026-05-01 14:20:45.196467,01/05/26,14:20:45
23243,0.15,23.243,154.88534182334467,13792971898,2026-05-01 14:21:08.439467,01/05/26,14:21:8
23478,0.15,23.478,153.3350370559673,13792995376,2026-05-01 14:21:31.917467,01/05/26,14:21:31
19434,0.19,19.434,185.24235875270145,13793014810,2026-05-01 14:21:51.351467,01/05/26,14:21:51
24015,0.15,24.015,149.9063085571518,13793038825,2026-05-01 14:22:15.366467,01/05/26,14:22:15
23835,0.15,23.835,151.03838892385147,13793062660,2026-05-01 14:22:39.201467,01/05/26,14:22:39
17832,0.2,17.832,201.8842530282638,13793080492,2026-05-01 14:22:57.033467,01/05/26,14:22:57
16832,0.21,16.832,213.87832699619773,13793097324,2026-05-01 14:23:13.865467,01/05/26,14:23:13
20360,0.18,20.36,176.81728880157172,13793117684,2026-05-01 14:23:34.225467,01/05/26,14:23:34
23923,0.15,23.923,150.48279898006103,13793141607,2026-05-01 14:23:58.148467,01/05/26,14:23:58
23555,0.15,23.555,152.8337932498408,13793165162,2026-05-01 14:24:21.703467,01/05/26,14:24:21
23876,0.15,23.876,150.77902496230524,13793189038,2026-05-01 14:24:45.579467,01/05/26,14:24:45
19742,0.18,19.742,182.35234525377368,13793208780,2026-05-01 14:25:05.321467,01/05/26,14:25:5
24457,0.15,24.457,147.1971214785133,13793233237,2026-05-01 14:25:29.778467,01/05/26,14:25:29
24204,0.15,24.204,148.7357461576599,13793257441,2026-05-01 14:25:53.982467,01/05/26,14:25:53
16364,0.22,16.364,219.99511121975067,13793273805,2026-05-01 14:26:10.346467,01/05/26,14:26:10
17543,0.2,17.543,205.21005529270934,13793291348,2026-05-01 14:26:27.889467,01/05/26,14:26:27
20184,0.18,20.184,178.359096313912,13793311532,2026-05-01 14:26:48.073467,01/05/26,14:26:48
24389,0.15,24.389,147.60752798392718,13793335921,2026-05-01 14:27:12.462467,01/05/26,14:27:12
23351,0.15,23.351,154.16898633891483,13793359272,2026-05-01 14:27:35.813467,01/05/26,14:27:35
24160,0.15,24.16,149.0066225165563,13793383432,2026-05-01 14:27:59.973467,01/05/26,14:27:59
20987,0.17,20.987,171.53475961309383,13793404419,2026-05-01 14:28:20.960467,01/05/26,14:28:20
20365,0.18,20.365,176.7738767493248,13793424784,2026-05-01 14:28:41.325467,01/05/26,14:28:41
17734,0.2,17.734,202.99988722228488,13793442518,2026-05-01 14:28:59.059467,01/05/26,14:28:59
14692,0.25,14.692,245.03130955622106,13793457210,2026-05-01 14:29:13.751467,01/05/26,14:29:13
12385,0.29,12.385,290.67420266451353,13793469595,2026-05-01 14:29:26.136467,01/05/26,14:29:26
12960,0.28,12.96,277.77777777777777,13793482555,2026-05-01 14:29:39.096467,01/05/26,14:29:39
13136,0.27,13.136,274.05602923264314,13793495691,2026-05-01 14:29:52.232467,01/05/26,14:29:52
13297,0.27,13.297,270.73776039708207,13793508988,2026-05-01 14:30:05.529467,01/05/26,14:30:5
13356,0.27,13.356,269.54177897574124,13793522344,2026-05-01 14:30:18.885467,01/05/26,14:30:18
14273,0.25,14.273,252.22447978701044,13793536617,2026-05-01 14:30:33.158467,01/05/26,14:30:33
16342,0.22,16.342,220.29127401786806,13793552959,2026-05-01 14:30:49.500467,01/05/26,14:30:49
19211,0.19,19.211,187.39263963354327,13793572170,2026-05-01 14:31:08.711467,01/05/26,14:31:8
23557,0.15,23.557,152.82081759137412,13793595727,2026-05-01 14:31:32.268467,01/05/26,14:31:32
19416,0.19,19.416,185.4140914709518,13793615143,2026-05-01 14:31:51.684467,01/05/26,14:31:51
16826,0.21,16.826,213.95459408058957,13793631969,2026-05-01 14:32:08.510467,01/05/26,14:32:8
13769,0.26,13.769,261.45689592563,13793645738,2026-05-01 14:32:22.279467,01/05/26,14:32:22
13211,0.27,13.211,272.50018923624253,13793658949,2026-05-01 14:32:35.490467,01/05/26,14:32:35
13672,0.26,13.672,263.3118782913985,13793672621,2026-05-01 14:32:49.162467,01/05/26,14:32:49
13814,0.26,13.814,260.6051831475315,13793686435,2026-05-01 14:33:02.976467,01/05/26,14:33:2
12111,0.3,12.111,297.2504334902155,13793698546,2026-05-01 14:33:15.087467,01/05/26,14:33:15
10581,0.34,10.581,340.2324922030054,13793709127,2026-05-01 14:33:25.668467,01/05/26,14:33:25
11421,0.31,11.421,315.2088258471237,13793720548,2026-05-01 14:33:37.089467,01/05/26,14:33:37
11534,0.31,11.534,312.1206866655107,13793732082,2026-05-01 14:33:48.623467,01/05/26,14:33:48
11620,0.31,11.62,309.8106712564544,13793743702,2026-05-01 14:34:00.243467,01/05/26,14:34:0
10985,0.33,10.985,327.7196176604461,13793754687,2026-05-01 14:34:11.228467,01/05/26,14:34:11
9782,0.37,9.782,368.02289920261705,13793764469,2026-05-01 14:34:21.010467,01/05/26,14:34:21
9653,0.37,9.653,372.9410545944266,13793774122,2026-05-01 14:34:30.663467,01/05/26,14:34:30
10196,0.35,10.196,353.0796390741467,13793784318,2026-05-01 14:34:40.859467,01/05/26,14:34:40
10195,0.35,10.195,353.11427170181463,13793794513,2026-05-01 14:34:51.054467,01/05/26,14:34:51
10295,0.35,10.295,349.68431277319087,13793804808,2026-05-01 14:35:01.349467,01/05/26,14:35:1
10306,0.35,10.306,349.31108092373375,13793815114,2026-05-01 14:35:11.655467,01/05/26,14:35:11
10172,0.35,10.172,353.9127015336217,13793825286,2026-05-01 14:35:21.827467,01/05/26,14:35:21
9971,0.36,9.971,361.0470364055762,13793835257,2026-05-01 14:35:31.798467,01/05/26,14:35:31
10050,0.36,10.05,358.2089552238806,13793845307,2026-05-01 14:35:41.848467,01/05/26,14:35:41
10036,0.36,10.036,358.7086488640893,13793855343,2026-05-01 14:35:51.884467,01/05/26,14:35:51
10073,0.36,10.073,357.3910453688077,13793865416,2026-05-01 14:36:01.957467,01/05/26,14:36:1
10154,0.35,10.154,354.5400827260193,13793875570,2026-05-01 14:36:12.111467,01/05/26,14:36:12
10152,0.35,10.152,354.6099290780142,13793885722,2026-05-01 14:36:22.263467,01/05/26,14:36:22
11065,0.32,11.065,325.35020334387707,13793896787,2026-05-01 14:36:33.328467,01/05/26,14:36:33
12742,0.28,12.742,282.53021503688586,13793909529,2026-05-01 14:36:46.070467,01/05/26,14:36:46
13987,0.26,13.987,257.38185457925215,13793923516,2026-05-01 14:37:00.057467,01/05/26,14:37:0
15531,0.23,15.531,231.79447556499903,13793939047,2026-05-01 14:37:15.588467,01/05/26,14:37:15
17110,0.21,17.11,210.4032729398013,13793956157,2026-05-01 14:37:32.698467,01/05/26,14:37:32
19722,0.18,19.722,182.53726802555522,13793975879,2026-05-01 14:37:52.420467,01/05/26,14:37:52
24051,0.15,24.051,149.68192590744667,13793999930,2026-05-01 14:38:16.471467,01/05/26,14:38:16
27385,0.13,27.385,131.4588278254519,13794027315,2026-05-01 14:38:43.856467,01/05/26,14:38:43
28090,0.13,28.09,128.15948736205056,13794055405,2026-05-01 14:39:11.946467,01/05/26,14:39:11
28409,0.13,28.409,126.72040550529762,13794083814,2026-05-01 14:39:40.355467,01/05/26,14:39:40
28547,0.13,28.547,126.10782218797071,13794112361,2026-05-01 14:40:08.902467,01/05/26,14:40:8
28307,0.13,28.307,127.17702335111457,13794140668,2026-05-01 14:40:37.209467,01/05/26,14:40:37
27317,0.13,27.317,131.7860672841088,13794167985,2026-05-01 14:41:04.526467,01/05/26,14:41:4
27506,0.13,27.506,130.88053515596596,13794195491,2026-05-01 14:41:32.032467,01/05/26,14:41:32
28107,0.13,28.107,128.08197246237592,13794223598,2026-05-01 14:42:00.139467,01/05/26,14:42:0
28161,0.13,28.161,127.8363694471077,13794251759,2026-05-01 14:42:28.300467,01/05/26,14:42:28
27655,0.13,27.655,130.17537515819924,13794279414,2026-05-01 14:42:55.955467,01/05/26,14:42:55
28234,0.13,28.234,127.50584401785082,13794307648,2026-05-01 14:43:24.189467,01/05/26,14:43:24
28033,0.13,28.033,128.42007633860092,13794335681,2026-05-01 14:43:52.222467,01/05/26,14:43:52
28184,0.13,28.184,127.73204655123475,13794363865,2026-05-01 14:44:20.406467,01/05/26,14:44:20
28012,0.13,28.012,128.51635013565615,13794391877,2026-05-01 14:44:48.418467,01/05/26,14:44:48
28128,0.13,28.128,127.9863481228669,13794420005,2026-05-01 14:45:16.546467,01/05/26,14:45:16
28067,0.13,28.067,128.264509922685,13794448072,2026-05-01 14:45:44.613467,01/05/26,14:45:44
27860,0.13,27.86,129.21751615218952,13794475932,2026-05-01 14:46:12.473467,01/05/26,14:46:12
28065,0.13,28.065,128.27365045430253,13794503997,2026-05-01 14:46:40.538467,01/05/26,14:46:40
28031,0.13,28.031,128.42923905675858,13794532028,2026-05-01 14:47:08.569467,01/05/26,14:47:8
28165,0.13,28.165,127.81821409550861,13794560193,2026-05-01 14:47:36.734467,01/05/26,14:47:36
28803,0.12,28.803,124.9869805228622,13794588996,2026-05-01 14:48:05.537467,01/05/26,14:48:5
28909,0.12,28.909,124.5286934864575,13794617905,2026-05-01 14:48:34.446467,01/05/26,14:48:34
28925,0.12,28.925,124.45980985306828,13794646830,2026-05-01 14:49:03.371467,01/05/26,14:49:3
29185,0.12,29.185,123.3510364913483,13794676015,2026-05-01 14:49:32.556467,01/05/26,14:49:32
29350,0.12,29.35,122.65758091993186,13794705365,2026-05-01 14:50:01.906467,01/05/26,14:50:1
29198,0.12,29.198,123.29611617234058,13794734563,2026-05-01 14:50:31.104467,01/05/26,14:50:31
29163,0.12,29.163,123.44409011418578,13794763726,2026-05-01 14:51:00.267467,01/05/26,14:51:0
29374,0.12,29.374,122.55736365493293,13794793100,2026-05-01 14:51:29.641467,01/05/26,14:51:29
29664,0.12,29.664,121.35922330097087,13794822764,2026-05-01 14:51:59.305467,01/05/26,14:51:59
29780,0.12,29.78,120.88650100738751,13794852544,2026-05-01 14:52:29.085467,01/05/26,14:52:29
29683,0.12,29.683,121.2815416231513,13794882227,2026-05-01 14:52:58.768467,01/05/26,14:52:58
29768,0.12,29.768,120.93523246439129,13794911995,2026-05-01 14:53:28.536467,01/05/26,14:53:28
29840,0.12,29.84,120.64343163538874,13794941835,2026-05-01 14:53:58.376467,01/05/26,14:53:58
29682,0.12,29.682,121.2856276531231,13794971517,2026-05-01 14:54:28.058467,01/05/26,14:54:28
28907,0.12,28.907,124.53730930224513,13795000424,2026-05-01 14:54:56.965467,01/05/26,14:54:56
29043,0.12,29.043,123.95413696932135,13795029467,2026-05-01 14:55:26.008467,01/05/26,14:55:26
29003,0.12,29.003,124.1250905078785,13795058470,2026-05-01 14:55:55.011467,01/05/26,14:55:55
29056,0.12,29.056,123.89867841409692,13795087526,2026-05-01 14:56:24.067467,01/05/26,14:56:24
20315,0.18,20.315,177.20895889736647,13795107841,2026-05-01 14:56:44.382467,01/05/26,14:56:44
17888,0.2,17.888,201.25223613595708,13795125729,2026-05-01 14:57:02.270467,01/05/26,14:57:2
17720,0.2,17.72,203.16027088036117,13795143449,2026-05-01 14:57:19.990467,01/05/26,14:57:19
17653,0.2,17.653,203.9313431144848,13795161102,2026-05-01 14:57:37.643467,01/05/26,14:57:37
17808,0.2,17.808,202.15633423180594,13795178910,2026-05-01 14:57:55.451467,01/05/26,14:57:55
17471,0.21,17.471,206.05574952778892,13795196381,2026-05-01 14:58:12.922467,01/05/26,14:58:12
17931,0.2,17.931,200.76961686464782,13795214312,2026-05-01 14:58:30.853467,01/05/26,14:58:30
18016,0.2,18.016,199.82238010657193,13795232328,2026-05-01 14:58:48.869467,01/05/26,14:58:48
18044,0.2,18.044,199.51230325870094,13795250372,2026-05-01 14:59:06.913467,01/05/26,14:59:6
18378,0.19,18.378,195.88638589618023,13795268750,2026-05-01 14:59:25.291467,01/05/26,14:59:25
18421,0.19,18.421,195.4291297975137,13795287171,2026-05-01 14:59:43.712467,01/05/26,14:59:43
18450,0.19,18.45,195.1219512195122,13795305621,2026-05-01 15:00:02.162467,01/05/26,15:0:2
18425,0.19,18.425,195.38670284938942,13795324046,2026-05-01 15:00:20.587467,01/05/26,15:0:20
18162,0.2,18.162,198.21605550049554,13795342208,2026-05-01 15:00:38.749467,01/05/26,15:0:38
18160,0.2,18.16,198.23788546255506,13795360368,2026-05-01 15:00:56.909467,01/05/26,15:0:56
18492,0.19,18.492,194.6787800129786,13795378860,2026-05-01 15:01:15.401467,01/05/26,15:1:15
18380,0.19,18.38,195.86507072905331,13795397240,2026-05-01 15:01:33.781467,01/05/26,15:1:33
18543,0.19,18.543,194.1433425012134,13795415783,2026-05-01 15:01:52.324467,01/05/26,15:1:52
18666,0.19,18.666,192.86403085824494,13795434449,2026-05-01 15:02:10.990467,01/05/26,15:2:10
18649,0.19,18.649,193.03984127835272,13795453098,2026-05-01 15:02:29.639467,01/05/26,15:2:29
18748,0.19,18.748,192.02048218476637,13795471846,2026-05-01 15:02:48.387467,01/05/26,15:2:48
18714,0.19,18.714,192.36934915036872,13795490560,2026-05-01 15:03:07.101467,01/05/26,15:3:7
18823,0.19,18.823,191.255379057536,13795509383,2026-05-01 15:03:25.924467,01/05/26,15:3:25
18760,0.19,18.76,191.89765458422175,13795528143,2026-05-01 15:03:44.684467,01/05/26,15:3:44
18847,0.19,18.847,191.0118321218231,13795546990,2026-05-01 15:04:03.531467,01/05/26,15:4:3
22951,0.16,22.951,156.85591041784673,13795569941,2026-05-01 15:04:26.482467,01/05/26,15:4:26
28554,0.13,28.554,126.07690691321706,13795598495,2026-05-01 15:04:55.036467,01/05/26,15:4:55
28924,0.12,28.924,124.46411284746232,13795627419,2026-05-01 15:05:23.960467,01/05/26,15:5:23
28736,0.12,28.736,125.27839643652561,13795656155,2026-05-01 15:05:52.696467,01/05/26,15:5:52
28947,0.12,28.947,124.36521919369883,13795685102,2026-05-01 15:06:21.643467,01/05/26,15:6:21
28757,0.12,28.757,125.18691101297075,13795713859,2026-05-01 15:06:50.400467,01/05/26,15:6:50
28967,0.12,28.967,124.279352366486,13795742826,2026-05-01 15:07:19.367467,01/05/26,15:7:19
28739,0.12,28.739,125.26531890462438,13795771565,2026-05-01 15:07:48.106467,01/05/26,15:7:48
28933,0.12,28.933,124.42539660595168,13795800498,2026-05-01 15:08:17.039467,01/05/26,15:8:17
28621,0.12,28.621,125.78176863142448,13795829119,2026-05-01 15:08:45.660467,01/05/26,15:8:45
28855,0.12,28.855,124.7617397331485,13795857974,2026-05-01 15:09:14.515467,01/05/26,15:9:14
27892,0.13,27.892,129.06926717338305,13795885866,2026-05-01 15:09:42.407467,01/05/26,15:9:42
28858,0.12,28.858,124.74876983851965,13795914724,2026-05-01 15:10:11.265467,01/05/26,15:10:11
28155,0.13,28.155,127.86361214704316,13795942879,2026-05-01 15:10:39.420467,01/05/26,15:10:39
28537,0.13,28.537,126.15201317587693,13795971416,2026-05-01 15:11:07.957467,01/05/26,15:11:7
28929,0.12,28.929,124.44260085035778,13796000345,2026-05-01 15:11:36.886467,01/05/26,15:11:36
29371,0.12,29.371,122.56988185625276,13796029716,2026-05-01 15:12:06.257467,01/05/26,15:12:6
29361,0.12,29.361,122.6116276693573,13796059077,2026-05-01 15:12:35.618467,01/05/26,15:12:35
29185,0.12,29.185,123.3510364913483,13796088262,2026-05-01 15:13:04.803467,01/05/26,15:13:4
29340,0.12,29.34,122.69938650306749,13796117602,2026-05-01 15:13:34.143467,01/05/26,15:13:34
29335,0.12,29.335,122.72029998295551,13796146937,2026-05-01 15:14:03.478467,01/05/26,15:14:3
29407,0.12,29.407,122.41983201278607,13796176344,2026-05-01 15:14:32.885467,01/05/26,15:14:32
28486,0.13,28.486,126.37786983079407,13796204830,2026-05-01 15:15:01.371467,01/05/26,15:15:1
28484,0.13,28.484,126.38674343491083,13796233314,2026-05-01 15:15:29.855467,01/05/26,15:15:29
28281,0.13,28.281,127.29394292988225,13796261595,2026-05-01 15:15:58.136467,01/05/26,15:15:58
28619,0.12,28.619,125.79055871973165,13796290214,2026-05-01 15:16:26.755467,01/05/26,15:16:26
28087,0.13,28.087,128.17317620251362,13796318301,2026-05-01 15:16:54.842467,01/05/26,15:16:54
28882,0.12,28.882,124.64510767952358,13796347183,2026-05-01 15:17:23.724467,01/05/26,15:17:23
28672,0.12,28.672,125.55803571428571,13796375855,2026-05-01 15:17:52.396467,01/05/26,15:17:52
28747,0.12,28.747,125.23045883048665,13796404602,2026-05-01 15:18:21.143467,01/05/26,15:18:21
28344,0.13,28.344,127.01100762066045,13796432946,2026-05-01 15:18:49.487467,01/05/26,15:18:49
28892,0.12,28.892,124.60196594212931,13796461838,2026-05-01 15:19:18.379467,01/05/26,15:19:18
28158,0.13,28.158,127.84998934583422,13796489996,2026-05-01 15:19:46.537467,01/05/26,15:19:46
28017,0.13,28.017,128.493414712496,13796518013,2026-05-01 15:20:14.554467,01/05/26,15:20:14
27817,0.13,27.817,129.41726282489125,13796545830,2026-05-01 15:20:42.371467,01/05/26,15:20:42
28144,0.13,28.144,127.91358726549176,13796573974,2026-05-01 15:21:10.515467,01/05/26,15:21:10
27954,0.13,27.954,128.78300064391502,13796601928,2026-05-01 15:21:38.469467,01/05/26,15:21:38
28120,0.13,28.12,128.02275960170698,13796630048,2026-05-01 15:22:06.589467,01/05/26,15:22:6
28170,0.13,28.17,127.79552715654953,13796658218,2026-05-01 15:22:34.759467,01/05/26,15:22:34
27998,0.13,27.998,128.5806129009215,13796686216,2026-05-01 15:23:02.757467,01/05/26,15:23:2
28177,0.13,28.177,127.76377896866238,13796714393,2026-05-01 15:23:30.934467,01/05/26,15:23:30
27984,0.13,27.984,128.64493996569468,13796742377,2026-05-01 15:23:58.918467,01/05/26,15:23:58
28004,0.13,28.004,128.5530638480217,13796770381,2026-05-01 15:24:26.922467,01/05/26,15:24:26
28351,0.13,28.351,126.97964798419808,13796798732,2026-05-01 15:24:55.273467,01/05/26,15:24:55
28582,0.12,28.582,125.95339724302008,13796827314,2026-05-01 15:25:23.855467,01/05/26,15:25:23
28176,0.13,28.176,127.76831345826236,13796855490,2026-05-01 15:25:52.031467,01/05/26,15:25:52
28500,0.13,28.5,126.3157894736842,13796883990,2026-05-01 15:26:20.531467,01/05/26,15:26:20
28027,0.13,28.027,128.44756841617013,13796912017,2026-05-01 15:26:48.558467,01/05/26,15:26:48
28619,0.12,28.619,125.79055871973165,13796940636,2026-05-01 15:27:17.177467,01/05/26,15:27:17
28493,0.13,28.493,126.34682202646265,13796969129,2026-05-01 15:27:45.670467,01/05/26,15:27:45
28465,0.13,28.465,126.47110486562445,13796997594,2026-05-01 15:28:14.135467,01/05/26,15:28:14
28208,0.13,28.208,127.62336925694838,13797025802,2026-05-01 15:28:42.343467,01/05/26,15:28:42
28572,0.12,28.572,125.99748005039899,13797054374,2026-05-01 15:29:10.915467,01/05/26,15:29:10
28163,0.13,28.163,127.82729112665554,13797082537,2026-05-01 15:29:39.078467,01/05/26,15:29:39
28491,0.13,28.491,126.35569127092766,13797111028,2026-05-01 15:30:07.569467,01/05/26,15:30:7
28367,0.13,28.367,126.90802693270349,13797139395,2026-05-01 15:30:35.936467,01/05/26,15:30:35
28125,0.13,28.125,128.0,13797167520,2026-05-01 15:31:04.061467,01/05/26,15:31:4
28540,0.13,28.54,126.13875262789068,13797196060,2026-05-01 15:31:32.601467,01/05/26,15:31:32
28186,0.13,28.186,127.72298304122614,13797224246,2026-05-01 15:32:00.787467,01/05/26,15:32:0
28429,0.13,28.429,126.63125681522389,13797252675,2026-05-01 15:32:29.216467,01/05/26,15:32:29
28363,0.13,28.363,126.92592462010366,13797281038,2026-05-01 15:32:57.579467,01/05/26,15:32:57
28587,0.12,28.587,125.9313674047644,13797309625,2026-05-01 15:33:26.166467,01/05/26,15:33:26
28559,0.13,28.559,126.05483385272593,13797338184,2026-05-01 15:33:54.725467,01/05/26,15:33:54
28753,0.12,28.753,125.20432650506034,13797366937,2026-05-01 15:34:23.478467,01/05/26,15:34:23
28453,0.13,28.453,126.52444381963238,13797395390,2026-05-01 15:34:51.931467,01/05/26,15:34:51
28634,0.12,28.634,125.72466298805615,13797424024,2026-05-01 15:35:20.565467,01/05/26,15:35:20
28660,0.12,28.66,125.6106071179344,13797452684,2026-05-01 15:35:49.225467,01/05/26,15:35:49
29243,0.12,29.243,123.10638443388162,13797481927,2026-05-01 15:36:18.468467,01/05/26,15:36:18
29060,0.12,29.06,123.88162422573986,13797510987,2026-05-01 15:36:47.528467,01/05/26,15:36:47
29364,0.12,29.364,122.59910093992644,13797540351,2026-05-01 15:37:16.892467,01/05/26,15:37:16
29063,0.12,29.063,123.86883666517565,13797569414,2026-05-01 15:37:45.955467,01/05/26,15:37:45
29222,0.12,29.222,123.19485319279994,13797598636,2026-05-01 15:38:15.177467,01/05/26,15:38:15
28777,0.12,28.777,125.09990617507037,13797627413,2026-05-01 15:38:43.954467,01/05/26,15:38:43
29115,0.12,29.115,123.64760432766616,13797656528,2026-05-01 15:39:13.069467,01/05/26,15:39:13
29205,0.12,29.205,123.26656394453005,13797685733,2026-05-01 15:39:42.274467,01/05/26,15:39:42
29209,0.12,29.209,123.24968331678592,13797714942,2026-05-01 15:40:11.483467,01/05/26,15:40:11
28855,0.12,28.855,124.7617397331485,13797743797,2026-05-01 15:40:40.338467,01/05/26,15:40:40
28092,0.13,28.092,128.15036309269544,13797771889,2026-05-01 15:41:08.430467,01/05/26,15:41:8
26038,0.14,26.038,138.25946693294415,13797797927,2026-05-01 15:41:34.468467,01/05/26,15:41:34
16097,0.22,16.097,223.64415729639063,13797814024,2026-05-01 15:41:50.565467,01/05/26,15:41:50
17674,0.2,17.674,203.68903474029648,13797831698,2026-05-01 15:42:08.239467,01/05/26,15:42:8
17666,0.2,17.666,203.78127476508547,13797849364,2026-05-01 15:42:25.905467,01/05/26,15:42:25
17697,0.2,17.697,203.42430920495,13797867061,2026-05-01 15:42:43.602467,01/05/26,15:42:43
17735,0.2,17.735,202.98844093600226,13797884796,2026-05-01 15:43:01.337467,01/05/26,15:43:1
17878,0.2,17.878,201.36480590670098,13797902674,2026-05-01 15:43:19.215467,01/05/26,15:43:19
17956,0.2,17.956,200.49008687903765,13797920630,2026-05-01 15:43:37.171467,01/05/26,15:43:37
17966,0.2,17.966,200.3784927084493,13797938596,2026-05-01 15:43:55.137467,01/05/26,15:43:55
18165,0.2,18.165,198.1833195706028,13797956761,2026-05-01 15:44:13.302467,01/05/26,15:44:13
18170,0.2,18.17,198.12878370941112,13797974931,2026-05-01 15:44:31.472467,01/05/26,15:44:31
18202,0.2,18.202,197.78046368530931,13797993133,2026-05-01 15:44:49.674467,01/05/26,15:44:49
18347,0.2,18.347,196.21736523682347,13798011480,2026-05-01 15:45:08.021467,01/05/26,15:45:8
18325,0.2,18.325,196.45293315143246,13798029805,2026-05-01 15:45:26.346467,01/05/26,15:45:26
18343,0.2,18.343,196.26015373712042,13798048148,2026-05-01 15:45:44.689467,01/05/26,15:45:44
18297,0.2,18.297,196.75356615838663,13798066445,2026-05-01 15:46:02.986467,01/05/26,15:46:2
18505,0.19,18.505,194.54201567144014,13798084950,2026-05-01 15:46:21.491467,01/05/26,15:46:21
18513,0.19,18.513,194.45794846864365,13798103463,2026-05-01 15:46:40.004467,01/05/26,15:46:40
18492,0.19,18.492,194.6787800129786,13798121955,2026-05-01 15:46:58.496467,01/05/26,15:46:58
18724,0.19,18.724,192.2666096987823,13798140679,2026-05-01 15:47:17.220467,01/05/26,15:47:17
18430,0.19,18.43,195.33369506239828,13798159109,2026-05-01 15:47:35.650467,01/05/26,15:47:35
18654,0.19,18.654,192.9880990672242,13798177763,2026-05-01 15:47:54.304467,01/05/26,15:47:54
18613,0.19,18.613,193.41320582388653,13798196376,2026-05-01 15:48:12.917467,01/05/26,15:48:12
18749,0.19,18.749,192.01024054616246,13798215125,2026-05-01 15:48:31.666467,01/05/26,15:48:31
18740,0.19,18.74,192.10245464247598,13798233865,2026-05-01 15:48:50.406467,01/05/26,15:48:50
18841,0.19,18.841,191.07266068680008,13798252706,2026-05-01 15:49:09.247467,01/05/26,15:49:9
26973,0.13,26.973,133.4668001334668,13798279679,2026-05-01 15:49:36.220467,01/05/26,15:49:36
28689,0.12,28.689,125.4836348426226,13798308368,2026-05-01 15:50:04.909467,01/05/26,15:50:4
28432,0.13,28.432,126.61789532920653,13798336800,2026-05-01 15:50:33.341467,01/05/26,15:50:33
28455,0.13,28.455,126.51555086979441,13798365255,2026-05-01 15:51:01.796467,01/05/26,15:51:1
28726,0.12,28.726,125.3220079370605,13798393981,2026-05-01 15:51:30.522467,01/05/26,15:51:30
28662,0.12,28.662,125.60184216035168,13798422643,2026-05-01 15:51:59.184467,01/05/26,15:51:59
29553,0.12,29.553,121.81504415795351,13798452196,2026-05-01 15:52:28.737467,01/05/26,15:52:28
31817,0.11,31.817,113.1470597479335,13798484013,2026-05-01 15:53:00.554467,01/05/26,15:53:0
28335,0.13,28.335,127.05134992059291,13798512348,2026-05-01 15:53:28.889467,01/05/26,15:53:28
27914,0.13,27.914,128.96754316830265,13798540262,2026-05-01 15:53:56.803467,01/05/26,15:53:56
30593,0.12,30.593,117.67397770731867,13798570855,2026-05-01 15:54:27.396467,01/05/26,15:54:27
29785,0.12,29.785,120.86620782272956,13798600640,2026-05-01 15:54:57.181467,01/05/26,15:54:57
30108,0.12,30.108,119.5695496213631,13798630748,2026-05-01 15:55:27.289467,01/05/26,15:55:27
29881,0.12,29.881,120.47789565275593,13798660629,2026-05-01 15:55:57.170467,01/05/26,15:55:57
29783,0.12,29.783,120.87432427895108,13798690412,2026-05-01 15:56:26.953467,01/05/26,15:56:26
27297,0.13,27.297,131.88262446422684,13798717709,2026-05-01 15:56:54.250467,01/05/26,15:56:54
27906,0.13,27.906,129.00451515803053,13798745615,2026-05-01 15:57:22.156467,01/05/26,15:57:22
27460,0.13,27.46,131.09978150036417,13798773075,2026-05-01 15:57:49.616467,01/05/26,15:57:49
29108,0.12,29.108,123.67733956300674,13798802183,2026-05-01 15:58:18.724467,01/05/26,15:58:18
29086,0.12,29.086,123.77088633706938,13798831269,2026-05-01 15:58:47.810467,01/05/26,15:58:47
29086,0.12,29.086,123.77088633706938,13798860355,2026-05-01 15:59:16.896467,01/05/26,15:59:16
28907,0.12,28.907,124.53730930224513,13798889262,2026-05-01 15:59:45.803467,01/05/26,15:59:45
29124,0.12,29.124,123.60939431396787,13798918386,2026-05-01 16:00:14.927467,01/05/26,16:0:14
28104,0.13,28.104,128.09564474807857,13798946490,2026-05-01 16:00:43.031467,01/05/26,16:0:43
28441,0.13,28.441,126.5778277838332,13798974931,2026-05-01 16:01:11.472467,01/05/26,16:1:11
28167,0.13,28.167,127.80913835339227,13799003098,2026-05-01 16:01:39.639467,01/05/26,16:1:39
28367,0.13,28.367,126.90802693270349,13799031465,2026-05-01 16:02:08.006467,01/05/26,16:2:8
28822,0.12,28.822,124.9045867739921,13799060287,2026-05-01 16:02:36.828467,01/05/26,16:2:36
28642,0.12,28.642,125.6895468193562,13799088929,2026-05-01 16:03:05.470467,01/05/26,16:3:5
28635,0.12,28.635,125.72027239392352,13799117564,2026-05-01 16:03:34.105467,01/05/26,16:3:34
28751,0.12,28.751,125.21303606831067,13799146315,2026-05-01 16:04:02.856467,01/05/26,16:4:2
28699,0.12,28.699,125.43991079828565,13799175014,2026-05-01 16:04:31.555467,01/05/26,16:4:31
27103,0.13,27.103,132.82662435892706,13799202117,2026-05-01 16:04:58.658467,01/05/26,16:4:58
26803,0.13,26.803,134.31332313546991,13799228920,2026-05-01 16:05:25.461467,01/05/26,16:5:25
26789,0.13,26.789,134.38351562208368,13799255709,2026-05-01 16:05:52.250467,01/05/26,16:5:52
26756,0.13,26.756,134.54925997907011,13799282465,2026-05-01 16:06:19.006467,01/05/26,16:6:19
27982,0.13,27.982,128.65413480094347,13799310447,2026-05-01 16:06:46.988467,01/05/26,16:6:46
27735,0.13,27.735,129.79989183342346,13799338182,2026-05-01 16:07:14.723467,01/05/26,16:7:14
28241,0.13,28.241,127.47423958075139,13799366423,2026-05-01 16:07:42.964467,01/05/26,16:7:42
28122,0.13,28.122,128.01365478984425,13799394545,2026-05-01 16:08:11.086467,01/05/26,16:8:11
28735,0.12,28.735,125.28275622063686,13799423280,2026-05-01 16:08:39.821467,01/05/26,16:8:39
29122,0.12,29.122,123.61788338713001,13799452402,2026-05-01 16:09:08.943467,01/05/26,16:9:8
29388,0.12,29.388,122.49897917517355,13799481790,2026-05-01 16:09:38.331467,01/05/26,16:9:38
29382,0.12,29.382,122.52399428221361,13799511172,2026-05-01 16:10:07.713467,01/05/26,16:10:7
29246,0.12,29.246,123.09375641113314,13799540418,2026-05-01 16:10:36.959467,01/05/26,16:10:36
29402,0.12,29.402,122.44065029589824,13799569820,2026-05-01 16:11:06.361467,01/05/26,16:11:6
29573,0.12,29.573,121.73266154938626,13799599393,2026-05-01 16:11:35.934467,01/05/26,16:11:35
28834,0.12,28.834,124.85260456405632,13799628227,2026-05-01 16:12:04.768467,01/05/26,16:12:4
29426,0.12,29.426,122.34078705906342,13799657653,2026-05-01 16:12:34.194467,01/05/26,16:12:34
29532,0.12,29.532,121.90166598943519,13799687185,2026-05-01 16:13:03.726467,01/05/26,16:13:3
29587,0.12,29.587,121.6750599925643,13799716772,2026-05-01 16:13:33.313467,01/05/26,16:13:33
29492,0.12,29.492,122.06700122067001,13799746264,2026-05-01 16:14:02.805467,01/05/26,16:14:2
29479,0.12,29.479,122.12083177855422,13799775743,2026-05-01 16:14:32.284467,01/05/26,16:14:32
29673,0.12,29.673,121.32241431604488,13799805416,2026-05-01 16:15:01.957467,01/05/26,16:15:1
29440,0.12,29.44,122.28260869565217,13799834856,2026-05-01 16:15:31.397467,01/05/26,16:15:31
29535,0.12,29.535,121.88928390045709,13799864391,2026-05-01 16:16:00.932467,01/05/26,16:16:0
29633,0.12,29.633,121.48618094691729,13799894024,2026-05-01 16:16:30.565467,01/05/26,16:16:30
29350,0.12,29.35,122.65758091993186,13799923374,2026-05-01 16:16:59.915467,01/05/26,16:16:59
29027,0.12,29.027,124.02246184586764,13799952401,2026-05-01 16:17:28.942467,01/05/26,16:17:28
29672,0.12,29.672,121.32650310056619,13799982073,2026-05-01 16:17:58.614467,01/05/26,16:17:58
29728,0.12,29.728,121.09795479009688,13800011801,2026-05-01 16:18:28.342467,01/05/26,16:18:28
29417,0.12,29.417,122.37821667743141,13800041218,2026-05-01 16:18:57.759467,01/05/26,16:18:57
29137,0.12,29.137,123.55424374506642,13800070355,2026-05-01 16:19:26.896467,01/05/26,16:19:26
28307,0.13,28.307,127.17702335111457,13800098662,2026-05-01 16:19:55.203467,01/05/26,16:19:55
28428,0.13,28.428,126.6357112705783,13800127090,2026-05-01 16:20:23.631467,01/05/26,16:20:23
28338,0.13,28.338,127.03789964005928,13800155428,2026-05-01 16:20:51.969467,01/05/26,16:20:51
28405,0.13,28.405,126.73825030804436,13800183833,2026-05-01 16:21:20.374467,01/05/26,16:21:20
28459,0.13,28.459,126.49776871991286,13800212292,2026-05-01 16:21:48.833467,01/05/26,16:21:48
28774,0.12,28.774,125.1129491902412,13800241066,2026-05-01 16:22:17.607467,01/05/26,16:22:17
28405,0.13,28.405,126.73825030804436,13800269471,2026-05-01 16:22:46.012467,01/05/26,16:22:46
28491,0.13,28.491,126.35569127092766,13800297962,2026-05-01 16:23:14.503467,01/05/26,16:23:14
28197,0.13,28.197,127.67315671879987,13800326159,2026-05-01 16:23:42.700467,01/05/26,16:23:42
28576,0.12,28.576,125.97984322508398,13800354735,2026-05-01 16:24:11.276467,01/05/26,16:24:11
28744,0.12,28.744,125.24352908433065,13800383479,2026-05-01 16:24:40.020467,01/05/26,16:24:40
28368,0.13,28.368,126.90355329949239,13800411847,2026-05-01 16:25:08.388467,01/05/26,16:25:8
29142,0.12,29.142,123.53304508956145,13800440989,2026-05-01 16:25:37.530467,01/05/26,16:25:37
28844,0.12,28.844,124.80931909582583,13800469833,2026-05-01 16:26:06.374467,01/05/26,16:26:6
28466,0.13,28.466,126.46666198271622,13800498299,2026-05-01 16:26:34.840467,01/05/26,16:26:34
28879,0.12,28.879,124.65805602687074,13800527178,2026-05-01 16:27:03.719467,01/05/26,16:27:3
16465,0.22,16.465,218.64561190403887,13800543643,2026-05-01 16:27:20.184467,01/05/26,16:27:20
17827,0.2,17.827,201.94087619902396,13800561470,2026-05-01 16:27:38.011467,01/05/26,16:27:38
17803,0.2,17.803,202.2131101499747,13800579273,2026-05-01 16:27:55.814467,01/05/26,16:27:55
17789,0.2,17.789,202.37225251559954,13800597062,2026-05-01 16:28:13.603467,01/05/26,16:28:13
17880,0.2,17.88,201.34228187919464,13800614942,2026-05-01 16:28:31.483467,01/05/26,16:28:31
17947,0.2,17.947,200.59062796010474,13800632889,2026-05-01 16:28:49.430467,01/05/26,16:28:49
18100,0.2,18.1,198.8950276243094,13800650989,2026-05-01 16:29:07.530467,01/05/26,16:29:7
18163,0.2,18.163,198.20514232230357,13800669152,2026-05-01 16:29:25.693467,01/05/26,16:29:25
18134,0.2,18.134,198.5221131576045,13800687286,2026-05-01 16:29:43.827467,01/05/26,16:29:43
18277,0.2,18.277,196.96886797614488,13800705563,2026-05-01 16:30:02.104467,01/05/26,16:30:2
18208,0.2,18.208,197.7152899824253,13800723771,2026-05-01 16:30:20.312467,01/05/26,16:30:20
18299,0.2,18.299,196.7320618613039,13800742070,2026-05-01 16:30:38.611467,01/05/26,16:30:38
18300,0.2,18.3,196.72131147540983,13800760370,2026-05-01 16:30:56.911467,01/05/26,16:30:56
18432,0.19,18.432,195.3125,13800778802,2026-05-01 16:31:15.343467,01/05/26,16:31:15
18443,0.19,18.443,195.19600932603154,13800797245,2026-05-01 16:31:33.786467,01/05/26,16:31:33
18390,0.19,18.39,195.75856443719414,13800815635,2026-05-01 16:31:52.176467,01/05/26,16:31:52
18673,0.19,18.673,192.79173137685427,13800834308,2026-05-01 16:32:10.849467,01/05/26,16:32:10
18739,0.19,18.739,192.1127061209243,13800853047,2026-05-01 16:32:29.588467,01/05/26,16:32:29
18700,0.19,18.7,192.5133689839572,13800871747,2026-05-01 16:32:48.288467,01/05/26,16:32:48
19092,0.19,19.092,188.56065367693276,13800890839,2026-05-01 16:33:07.380467,01/05/26,16:33:7
19095,0.19,19.095,188.5310290652003,13800909934,2026-05-01 16:33:26.475467,01/05/26,16:33:26
18854,0.19,18.854,190.94091439482338,13800928788,2026-05-01 16:33:45.329467,01/05/26,16:33:45
18997,0.19,18.997,189.50360583249986,13800947785,2026-05-01 16:34:04.326467,01/05/26,16:34:4
19269,0.19,19.269,186.82858477347034,13800967054,2026-05-01 16:34:23.595467,01/05/26,16:34:23
19329,0.19,19.329,186.24864193698588,13800986383,2026-05-01 16:34:42.924467,01/05/26,16:34:42
29488,0.12,29.488,122.08355941399891,13801015871,2026-05-01 16:35:12.412467,01/05/26,16:35:12
30443,0.12,30.443,118.25378576355813,13801046314,2026-05-01 16:35:42.855467,01/05/26,16:35:42
30639,0.12,30.639,117.49730735337315,13801076953,2026-05-01 16:36:13.494467,01/05/26,16:36:13
30629,0.12,30.629,117.53566881060434,13801107582,2026-05-01 16:36:44.123467,01/05/26,16:36:44
30702,0.12,30.702,117.2562048075044,13801138284,2026-05-01 16:37:14.825467,01/05/26,16:37:14
30459,0.12,30.459,118.19166748744213,13801168743,2026-05-01 16:37:45.284467,01/05/26,16:37:45
30490,0.12,30.49,118.07149885208266,13801199233,2026-05-01 16:38:15.774467,01/05/26,16:38:15
30291,0.12,30.291,118.84718233138555,13801229524,2026-05-01 16:38:46.065467,01/05/26,16:38:46
29975,0.12,29.975,120.1000834028357,13801259499,2026-05-01 16:39:16.040467,01/05/26,16:39:16
30282,0.12,30.282,118.88250445809392,13801289781,2026-05-01 16:39:46.322467,01/05/26,16:39:46
30641,0.12,30.641,117.48963806664274,13801320422,2026-05-01 16:40:16.963467,01/05/26,16:40:16
29920,0.12,29.92,120.32085561497327,13801350342,2026-05-01 16:40:46.883467,01/05/26,16:40:46
29506,0.12,29.506,122.00908289839354,13801379848,2026-05-01 16:41:16.389467,01/05/26,16:41:16
29856,0.12,29.856,120.57877813504822,13801409704,2026-05-01 16:41:46.245467,01/05/26,16:41:46
29956,0.12,29.956,120.17625851248498,13801439660,2026-05-01 16:42:16.201467,01/05/26,16:42:16
30006,0.12,30.006,119.9760047990402,13801469666,2026-05-01 16:42:46.207467,01/05/26,16:42:46
30033,0.12,30.033,119.8681450404555,13801499699,2026-05-01 16:43:16.240467,01/05/26,16:43:16
30124,0.12,30.124,119.50604169433011,13801529823,2026-05-01 16:43:46.364467,01/05/26,16:43:46
29914,0.12,29.914,120.34498896837601,13801559737,2026-05-01 16:44:16.278467,01/05/26,16:44:16
30063,0.12,30.063,119.74852809100888,13801589800,2026-05-01 16:44:46.341467,01/05/26,16:44:46
30198,0.12,30.198,119.21319292668389,13801619998,2026-05-01 16:45:16.539467,01/05/26,16:45:16
29875,0.12,29.875,120.5020920502092,13801649873,2026-05-01 16:45:46.414467,01/05/26,16:45:46
29962,0.12,29.962,120.1521927775182,13801679835,2026-05-01 16:46:16.376467,01/05/26,16:46:16
29967,0.12,29.967,120.13214535989589,13801709802,2026-05-01 16:46:46.343467,01/05/26,16:46:46
30034,0.12,30.034,119.86415395884664,13801739836,2026-05-01 16:47:16.377467,01/05/26,16:47:16
30028,0.12,30.028,119.88810443585986,13801769864,2026-05-01 16:47:46.405467,01/05/26,16:47:46
30020,0.12,30.02,119.92005329780146,13801799884,2026-05-01 16:48:16.425467,01/05/26,16:48:16
29856,0.12,29.856,120.57877813504822,13801829740,2026-05-01 16:48:46.281467,01/05/26,16:48:46
29991,0.12,29.991,120.03601080324097,13801859731,2026-05-01 16:49:16.272467,01/05/26,16:49:16
29965,0.12,29.965,120.14016352411146,13801889696,2026-05-01 16:49:46.237467,01/05/26,16:49:46
29985,0.12,29.985,120.0600300150075,13801919681,2026-05-01 16:50:16.222467,01/05/26,16:50:16
29721,0.12,29.721,121.12647622892904,13801949402,2026-05-01 16:50:45.943467,01/05/26,16:50:45
29753,0.12,29.753,120.99620206365745,13801979155,2026-05-01 16:51:15.696467,01/05/26,16:51:15
29829,0.12,29.829,120.68792115055818,13802008984,2026-05-01 16:51:45.525467,01/05/26,16:51:45
29589,0.12,29.589,121.66683564838284,13802038573,2026-05-01 16:52:15.114467,01/05/26,16:52:15
29949,0.12,29.949,120.20434739056395,13802068522,2026-05-01 16:52:45.063467,01/05/26,16:52:45
30683,0.12,30.683,117.32881400123847,13802099205,2026-05-01 16:53:15.746467,01/05/26,16:53:15
30396,0.12,30.396,118.43663639952625,13802129601,2026-05-01 16:53:46.142467,01/05/26,16:53:46
30480,0.12,30.48,118.11023622047244,13802160081,2026-05-01 16:54:16.622467,01/05/26,16:54:16
30734,0.12,30.734,117.13411856575779,13802190815,2026-05-01 16:54:47.356467,01/05/26,16:54:47
30761,0.12,30.761,117.03130587432138,13802221576,2026-05-01 16:55:18.117467,01/05/26,16:55:18
30617,0.12,30.617,117.58173563706437,13802252193,2026-05-01 16:55:48.734467,01/05/26,16:55:48
30820,0.12,30.82,116.80726800778716,13802283013,2026-05-01 16:56:19.554467,01/05/26,16:56:19
30827,0.12,30.827,116.78074415285302,13802313840,2026-05-01 16:56:50.381467,01/05/26,16:56:50
30807,0.12,30.807,116.85655857434999,13802344647,2026-05-01 16:57:21.188467,01/05/26,16:57:21
30504,0.12,30.504,118.01730920535012,13802375151,2026-05-01 16:57:51.692467,01/05/26,16:57:51
30823,0.12,30.823,116.79589916620705,13802405974,2026-05-01 16:58:22.515467,01/05/26,16:58:22
30527,0.12,30.527,117.9283912601959,13802436501,2026-05-01 16:58:53.042467,01/05/26,16:58:53
30710,0.12,30.71,117.22565939433409,13802467211,2026-05-01 16:59:23.752467,01/05/26,16:59:23
30533,0.12,30.533,117.90521730586579,13802497744,2026-05-01 16:59:54.285467,01/05/26,16:59:54
30115,0.12,30.115,119.54175659970115,13802527859,2026-05-01 17:00:24.400467,01/05/26,17:0:24
29512,0.12,29.512,121.98427758200054,13802557371,2026-05-01 17:00:53.912467,01/05/26,17:0:53
29985,0.12,29.985,120.0600300150075,13802587356,2026-05-01 17:01:23.897467,01/05/26,17:1:23
29852,0.12,29.852,120.59493501272947,13802617208,2026-05-01 17:01:53.749467,01/05/26,17:1:53
29961,0.12,29.961,120.15620306398318,13802647169,2026-05-01 17:02:23.710467,01/05/26,17:2:23
30000,0.12,30.0,120.0,13802677169,2026-05-01 17:02:53.710467,01/05/26,17:2:53
30177,0.12,30.177,119.29615269907545,13802707346,2026-05-01 17:03:23.887467,01/05/26,17:3:23
30228,0.12,30.228,119.09487892020643,13802737574,2026-05-01 17:03:54.115467,01/05/26,17:3:54
30316,0.12,30.316,118.74917535294894,13802767890,2026-05-01 17:04:24.431467,01/05/26,17:4:24
30133,0.12,30.133,119.47034812331995,13802798023,2026-05-01 17:04:54.564467,01/05/26,17:4:54
30229,0.12,30.229,119.09093916437858,13802828252,2026-05-01 17:05:24.793467,01/05/26,17:5:24
30150,0.12,30.15,119.40298507462687,13802858402,2026-05-01 17:05:54.943467,01/05/26,17:5:54
30393,0.12,30.393,118.44832691738229,13802888795,2026-05-01 17:06:25.336467,01/05/26,17:6:25
30053,0.12,30.053,119.78837387282468,13802918848,2026-05-01 17:06:55.389467,01/05/26,17:6:55
30372,0.12,30.372,118.53022520742789,13802949220,2026-05-01 17:07:25.761467,01/05/26,17:7:25
30342,0.12,30.342,118.64741941862765,13802979562,2026-05-01 17:07:56.103467,01/05/26,17:7:56
30422,0.12,30.422,118.33541516008152,13803009984,2026-05-01 17:08:26.525467,01/05/26,17:8:26
30069,0.12,30.069,119.72463334331039,13803040053,2026-05-01 17:08:56.594467,01/05/26,17:8:56
30353,0.12,30.353,118.60442130926103,13803070406,2026-05-01 17:09:26.947467,01/05/26,17:9:26
30274,0.12,30.274,118.91391953491444,13803100680,2026-05-01 17:09:57.221467,01/05/26,17:9:57
30338,0.12,30.338,118.66306282549937,13803131018,2026-05-01 17:10:27.559467,01/05/26,17:10:27
30202,0.12,30.202,119.19740414542083,13803161220,2026-05-01 17:10:57.761467,01/05/26,17:10:57
30353,0.12,30.353,118.60442130926103,13803191573,2026-05-01 17:11:28.114467,01/05/26,17:11:28
30663,0.12,30.663,117.4053419430584,13803222236,2026-05-01 17:11:58.777467,01/05/26,17:11:58
30924,0.12,30.924,116.41443538998836,13803253160,2026-05-01 17:12:29.701467,01/05/26,17:12:29
30647,0.12,30.647,117.46663621235358,13803283807,2026-05-01 17:13:00.348467,01/05/26,17:13:0
21082,0.17,21.082,170.76178730670713,13803304889,2026-05-01 17:13:21.430467,01/05/26,17:13:21
18139,0.2,18.139,198.46739070511055,13803323028,2026-05-01 17:13:39.569467,01/05/26,17:13:39
18363,0.2,18.363,196.04639764744323,13803341391,2026-05-01 17:13:57.932467,01/05/26,17:13:57
18430,0.19,18.43,195.33369506239828,13803359821,2026-05-01 17:14:16.362467,01/05/26,17:14:16
18479,0.19,18.479,194.8157367822934,13803378300,2026-05-01 17:14:34.841467,01/05/26,17:14:34
18616,0.19,18.616,193.38203695745594,13803396916,2026-05-01 17:14:53.457467,01/05/26,17:14:53
18762,0.19,18.762,191.87719859290056,13803415678,2026-05-01 17:15:12.219467,01/05/26,17:15:12
18804,0.19,18.804,191.44862795149967,13803434482,2026-05-01 17:15:31.023467,01/05/26,17:15:31
18804,0.19,18.804,191.44862795149967,13803453286,2026-05-01 17:15:49.827467,01/05/26,17:15:49
19074,0.19,19.074,188.73859704309533,13803472360,2026-05-01 17:16:08.901467,01/05/26,17:16:8
19165,0.19,19.165,187.8424210800939,13803491525,2026-05-01 17:16:28.066467,01/05/26,17:16:28
19080,0.19,19.08,188.67924528301887,13803510605,2026-05-01 17:16:47.146467,01/05/26,17:16:47
18745,0.19,18.745,192.0512136569752,13803529350,2026-05-01 17:17:05.891467,01/05/26,17:17:5
18874,0.19,18.874,190.73858217653915,13803548224,2026-05-01 17:17:24.765467,01/05/26,17:17:24
18842,0.19,18.842,191.06251990234583,13803567066,2026-05-01 17:17:43.607467,01/05/26,17:17:43
18945,0.19,18.945,190.02375296912115,13803586011,2026-05-01 17:18:02.552467,01/05/26,17:18:2
19078,0.19,19.078,188.69902505503723,13803605089,2026-05-01 17:18:21.630467,01/05/26,17:18:21
19091,0.19,19.091,188.57053061652087,13803624180,2026-05-01 17:18:40.721467,01/05/26,17:18:40
18974,0.19,18.974,189.7333192790134,13803643154,2026-05-01 17:18:59.695467,01/05/26,17:18:59
19202,0.19,19.202,187.48047078429332,13803662356,2026-05-01 17:19:18.897467,01/05/26,17:19:18
19126,0.19,19.126,188.2254522639339,13803681482,2026-05-01 17:19:38.023467,01/05/26,17:19:38
19183,0.19,19.183,187.6661627482667,13803700665,2026-05-01 17:19:57.206467,01/05/26,17:19:57
19373,0.19,19.373,185.8256336137924,13803720038,2026-05-01 17:20:16.579467,01/05/26,17:20:16
19214,0.19,19.214,187.363380868117,13803739252,2026-05-01 17:20:35.793467,01/05/26,17:20:35
19822,0.18,19.822,181.6163858339219,13803759074,2026-05-01 17:20:55.615467,01/05/26,17:20:55
29777,0.12,29.777,120.89868018940793,13803788851,2026-05-01 17:21:25.392467,01/05/26,17:21:25
29660,0.12,29.66,121.37559002022927,13803818511,2026-05-01 17:21:55.052467,01/05/26,17:21:55
29942,0.12,29.942,120.23244940217754,13803848453,2026-05-01 17:22:24.994467,01/05/26,17:22:24
29704,0.12,29.704,121.19579854565042,13803878157,2026-05-01 17:22:54.698467,01/05/26,17:22:54
30126,0.12,30.126,119.49810794662417,13803908283,2026-05-01 17:23:24.824467,01/05/26,17:23:24
29708,0.12,29.708,121.1794802746735,13803937991,2026-05-01 17:23:54.532467,01/05/26,17:23:54
30153,0.12,30.153,119.39110536265048,13803968144,2026-05-01 17:24:24.685467,01/05/26,17:24:24
29537,0.12,29.537,121.88103057182516,13803997681,2026-05-01 17:24:54.222467,01/05/26,17:24:54
30301,0.12,30.301,118.80796013332893,13804027982,2026-05-01 17:25:24.523467,01/05/26,17:25:24
30332,0.12,30.332,118.68653567189767,13804058314,2026-05-01 17:25:54.855467,01/05/26,17:25:54
30003,0.12,30.003,119.98800119988002,13804088317,2026-05-01 17:26:24.858467,01/05/26,17:26:24
28318,0.13,28.318,127.1276220072039,13804116635,2026-05-01 17:26:53.176467,01/05/26,17:26:53
27794,0.13,27.794,129.52435777505937,13804144429,2026-05-01 17:27:20.970467,01/05/26,17:27:20
27558,0.13,27.558,130.63357282821684,13804171987,2026-05-01 17:27:48.528467,01/05/26,17:27:48
22969,0.16,22.969,156.73298794026732,13804194956,2026-05-01 17:28:11.497467,01/05/26,17:28:11
26197,0.14,26.197,137.420315303279,13804221153,2026-05-01 17:28:37.694467,01/05/26,17:28:37
27709,0.13,27.709,129.92168609477065,13804248862,2026-05-01 17:29:05.403467,01/05/26,17:29:5
28865,0.12,28.865,124.7185172354062,13804277727,2026-05-01 17:29:34.268467,01/05/26,17:29:34
29203,0.12,29.203,123.27500599253501,13804306930,2026-05-01 17:30:03.471467,01/05/26,17:30:3
29554,0.12,29.554,121.81092237937335,13804336484,2026-05-01 17:30:33.025467,01/05/26,17:30:33
29541,0.12,29.541,121.86452726718798,13804366025,2026-05-01 17:31:02.566467,01/05/26,17:31:2
29864,0.12,29.864,120.54647736405036,13804395889,2026-05-01 17:31:32.430467,01/05/26,17:31:32
29787,0.12,29.787,120.85809245644073,13804425676,2026-05-01 17:32:02.217467,01/05/26,17:32:2
30001,0.12,30.001,119.99600013332889,13804455677,2026-05-01 17:32:32.218467,01/05/26,17:32:32
29767,0.12,29.767,120.93929519266301,13804485444,2026-05-01 17:33:01.985467,01/05/26,17:33:1
29698,0.12,29.698,121.22028419422183,13804515142,2026-05-01 17:33:31.683467,01/05/26,17:33:31
30039,0.12,30.039,119.84420253670228,13804545181,2026-05-01 17:34:01.722467,01/05/26,17:34:1
30295,0.12,30.295,118.83149034494141,13804575476,2026-05-01 17:34:32.017467,01/05/26,17:34:32
30031,0.12,30.031,119.87612800106557,13804605507,2026-05-01 17:35:02.048467,01/05/26,17:35:2
29988,0.12,29.988,120.04801920768307,13804635495,2026-05-01 17:35:32.036467,01/05/26,17:35:32
30181,0.12,30.181,119.28034193698022,13804665676,2026-05-01 17:36:02.217467,01/05/26,17:36:2
30176,0.12,30.176,119.30010604453871,13804695852,2026-05-01 17:36:32.393467,01/05/26,17:36:32
30191,0.12,30.191,119.24083336093538,13804726043,2026-05-01 17:37:02.584467,01/05/26,17:37:2
30241,0.12,30.241,119.04368241790947,13804756284,2026-05-01 17:37:32.825467,01/05/26,17:37:32
30033,0.12,30.033,119.8681450404555,13804786317,2026-05-01 17:38:02.858467,01/05/26,17:38:2
30093,0.12,30.093,119.629149636128,13804816410,2026-05-01 17:38:32.951467,01/05/26,17:38:32
29938,0.12,29.938,120.24851359476251,13804846348,2026-05-01 17:39:02.889467,01/05/26,17:39:2
30302,0.12,30.302,118.80403933733747,13804876650,2026-05-01 17:39:33.191467,01/05/26,17:39:33
30215,0.12,30.215,119.14611947708092,13804906865,2026-05-01 17:40:03.406467,01/05/26,17:40:3
30171,0.12,30.171,119.31987670279408,13804937036,2026-05-01 17:40:33.577467,01/05/26,17:40:33
29168,0.12,29.168,123.42292923752058,13804966204,2026-05-01 17:41:02.745467,01/05/26,17:41:2
29697,0.12,29.697,121.22436609758562,13804995901,2026-05-01 17:41:32.442467,01/05/26,17:41:32
29686,0.12,29.686,121.26928518493565,13805025587,2026-05-01 17:42:02.128467,01/05/26,17:42:2
29667,0.12,29.667,121.34695115785216,13805055254,2026-05-01 17:42:31.795467,01/05/26,17:42:31
29496,0.12,29.496,122.05044751830756,13805084750,2026-05-01 17:43:01.291467,01/05/26,17:43:1
29664,0.12,29.664,121.35922330097087,13805114414,2026-05-01 17:43:30.955467,01/05/26,17:43:30
29595,0.12,29.595,121.64216928535225,13805144009,2026-05-01 17:44:00.550467,01/05/26,17:44:0
29620,0.12,29.62,121.53950033760972,13805173629,2026-05-01 17:44:30.170467,01/05/26,17:44:30
28963,0.12,28.963,124.29651624486414,13805202592,2026-05-01 17:44:59.133467,01/05/26,17:44:59
29731,0.12,29.731,121.08573542766808,13805232323,2026-05-01 17:45:28.864467,01/05/26,17:45:28
30108,0.12,30.108,119.5695496213631,13805262431,2026-05-01 17:45:58.972467,01/05/26,17:45:58
35833,0.1,35.833,100.46605084698463,13805298264,2026-05-01 17:46:34.805467,01/05/26,17:46:34
37286,0.1,37.286,96.55098428364533,13805335550,2026-05-01 17:47:12.091467,01/05/26,17:47:12
34334,0.1,34.334,104.85233296440846,13805369884,2026-05-01 17:47:46.425467,01/05/26,17:47:46
33385,0.11,33.385,107.83285906844391,13805403269,2026-05-01 17:48:19.810467,01/05/26,17:48:19
33021,0.11,33.021,109.02153175252113,13805436290,2026-05-01 17:48:52.831467,01/05/26,17:48:52
33054,0.11,33.054,108.91268832819023,13805469344,2026-05-01 17:49:25.885467,01/05/26,17:49:25
32832,0.11,32.832,109.64912280701755,13805502176,2026-05-01 17:49:58.717467,01/05/26,17:49:58
33139,0.11,33.139,108.63333232746915,13805535315,2026-05-01 17:50:31.856467,01/05/26,17:50:31
33196,0.11,33.196,108.44680081937582,13805568511,2026-05-01 17:51:05.052467,01/05/26,17:51:5
33274,0.11,33.274,108.19258279737933,13805601785,2026-05-01 17:51:38.326467,01/05/26,17:51:38
33948,0.11,33.948,106.04453870625663,13805635733,2026-05-01 17:52:12.274467,01/05/26,17:52:12
33852,0.11,33.852,106.34526763559022,13805669585,2026-05-01 17:52:46.126467,01/05/26,17:52:46
33889,0.11,33.889,106.22915990439375,13805703474,2026-05-01 17:53:20.015467,01/05/26,17:53:20
33885,0.11,33.885,106.24169986719788,13805737359,2026-05-01 17:53:53.900467,01/05/26,17:53:53
34116,0.1,34.116,105.52233556102708,13805771475,2026-05-01 17:54:28.016467,01/05/26,17:54:28
34506,0.1,34.506,104.32968179447053,13805805981,2026-05-01 17:55:02.522467,01/05/26,17:55:2
38535,0.09,38.535,93.42156481121059,13805844516,2026-05-01 17:55:41.057467,01/05/26,17:55:41
37610,0.09,37.61,95.71922361074182,13805882126,2026-05-01 17:56:18.667467,01/05/26,17:56:18
30516,0.12,30.516,117.97090051120723,13805912642,2026-05-01 17:56:49.183467,01/05/26,17:56:49
30128,0.12,30.128,119.49017525225703,13805942770,2026-05-01 17:57:19.311467,01/05/26,17:57:19
30019,0.12,30.019,119.92404810286818,13805972789,2026-05-01 17:57:49.330467,01/05/26,17:57:49
30095,0.12,30.095,119.62119953480645,13806002884,2026-05-01 17:58:19.425467,01/05/26,17:58:19
22692,0.16,22.692,158.64621893178213,13806025576,2026-05-01 17:58:42.117467,01/05/26,17:58:42
17931,0.2,17.931,200.76961686464782,13806043507,2026-05-01 17:59:00.048467,01/05/26,17:59:0
17978,0.2,17.978,200.24474357548115,13806061485,2026-05-01 17:59:18.026467,01/05/26,17:59:18
17770,0.2,17.77,202.58863252673044,13806079255,2026-05-01 17:59:35.796467,01/05/26,17:59:35
17970,0.2,17.97,200.3338898163606,13806097225,2026-05-01 17:59:53.766467,01/05/26,17:59:53
17940,0.2,17.94,200.66889632107024,13806115165,2026-05-01 18:00:11.706467,01/05/26,18:0:11
17823,0.2,17.823,201.98619760983,13806132988,2026-05-01 18:00:29.529467,01/05/26,18:0:29
18128,0.2,18.128,198.58781994704324,13806151116,2026-05-01 18:00:47.657467,01/05/26,18:0:47
18304,0.2,18.304,196.67832167832168,13806169420,2026-05-01 18:01:05.961467,01/05/26,18:1:5
18060,0.2,18.06,199.33554817275748,13806187480,2026-05-01 18:01:24.021467,01/05/26,18:1:24
18256,0.2,18.256,197.1954425942156,13806205736,2026-05-01 18:01:42.277467,01/05/26,18:1:42
18400,0.19,18.4,195.65217391304347,13806224136,2026-05-01 18:02:00.677467,01/05/26,18:2:0
18351,0.2,18.351,196.174595389897,13806242487,2026-05-01 18:02:19.028467,01/05/26,18:2:19
18618,0.19,18.618,193.36126329358686,13806261105,2026-05-01 18:02:37.646467,01/05/26,18:2:37
18725,0.19,18.725,192.25634178905207,13806279830,2026-05-01 18:02:56.371467,01/05/26,18:2:56
18841,0.19,18.841,191.07266068680008,13806298671,2026-05-01 18:03:15.212467,01/05/26,18:3:15
19143,0.19,19.143,188.05829807240244,13806317814,2026-05-01 18:03:34.355467,01/05/26,18:3:34
19251,0.19,19.251,187.00327255726975,13806337065,2026-05-01 18:03:53.606467,01/05/26,18:3:53
19119,0.19,19.119,188.29436686019145,13806356184,2026-05-01 18:04:12.725467,01/05/26,18:4:12
19121,0.19,19.121,188.2746718267873,13806375305,2026-05-01 18:04:31.846467,01/05/26,18:4:31
19027,0.19,19.027,189.20481421138382,13806394332,2026-05-01 18:04:50.873467,01/05/26,18:4:50
19156,0.19,19.156,187.93067446230947,13806413488,2026-05-01 18:05:10.029467,01/05/26,18:5:10
18958,0.19,18.958,189.89344867602068,13806432446,2026-05-01 18:05:28.987467,01/05/26,18:5:28
19105,0.19,19.105,188.4323475529966,13806451551,2026-05-01 18:05:48.092467,01/05/26,18:5:48
19095,0.19,19.095,188.5310290652003,13806470646,2026-05-01 18:06:07.187467,01/05/26,18:6:7
21058,0.17,21.058,170.95640611644032,13806491704,2026-05-01 18:06:28.245467,01/05/26,18:6:28
29298,0.12,29.298,122.87528158918697,13806521002,2026-05-01 18:06:57.543467,01/05/26,18:6:57
27740,0.13,27.74,129.77649603460708,13806548742,2026-05-01 18:07:25.283467,01/05/26,18:7:25
27990,0.13,27.99,128.61736334405145,13806576732,2026-05-01 18:07:53.273467,01/05/26,18:7:53
28731,0.12,28.731,125.30019839198079,13806605463,2026-05-01 18:08:22.004467,01/05/26,18:8:22
28468,0.13,28.468,126.45777715329493,13806633931,2026-05-01 18:08:50.472467,01/05/26,18:8:50
29156,0.12,29.156,123.47372753464124,13806663087,2026-05-01 18:09:19.628467,01/05/26,18:9:19
28871,0.12,28.871,124.69259810882893,13806691958,2026-05-01 18:09:48.499467,01/05/26,18:9:48
28543,0.13,28.543,126.12549486739306,13806720501,2026-05-01 18:10:17.042467,01/05/26,18:10:17
28229,0.13,28.229,127.52842821212228,13806748730,2026-05-01 18:10:45.271467,01/05/26,18:10:45
28761,0.12,28.761,125.16950036507771,13806777491,2026-05-01 18:11:14.032467,01/05/26,18:11:14
29487,0.12,29.487,122.08769966425882,13806806978,2026-05-01 18:11:43.519467,01/05/26,18:11:43
29226,0.12,29.226,123.17799219872717,13806836204,2026-05-01 18:12:12.745467,01/05/26,18:12:12
28738,0.12,28.738,125.26967777855104,13806864942,2026-05-01 18:12:41.483467,01/05/26,18:12:41
28493,0.13,28.493,126.34682202646265,13806893435,2026-05-01 18:13:09.976467,01/05/26,18:13:9
28551,0.13,28.551,126.09015446043921,13806921986,2026-05-01 18:13:38.527467,01/05/26,18:13:38
28562,0.13,28.562,126.04159372592956,13806950548,2026-05-01 18:14:07.089467,01/05/26,18:14:7
28427,0.13,28.427,126.6401660393288,13806978975,2026-05-01 18:14:35.516467,01/05/26,18:14:35
28429,0.13,28.429,126.63125681522389,13807007404,2026-05-01 18:15:03.945467,01/05/26,18:15:3
28789,0.12,28.789,125.04776129771788,13807036193,2026-05-01 18:15:32.734467,01/05/26,18:15:32
28273,0.13,28.273,127.32996144731723,13807064466,2026-05-01 18:16:01.007467,01/05/26,18:16:1
28764,0.12,28.764,125.15644555694618,13807093230,2026-05-01 18:16:29.771467,01/05/26,18:16:29
29532,0.12,29.532,121.90166598943519,13807122762,2026-05-01 18:16:59.303467,01/05/26,18:16:59
28113,0.13,28.113,128.05463664496853,13807150875,2026-05-01 18:17:27.416467,01/05/26,18:17:27
27802,0.13,27.802,129.48708725990937,13807178677,2026-05-01 18:17:55.218467,01/05/26,18:17:55
27790,0.13,27.79,129.543001079525,13807206467,2026-05-01 18:18:23.008467,01/05/26,18:18:23
28694,0.12,28.694,125.46176901094306,13807235161,2026-05-01 18:18:51.702467,01/05/26,18:18:51
28611,0.12,28.611,125.82573136206354,13807263772,2026-05-01 18:19:20.313467,01/05/26,18:19:20
29014,0.12,29.014,124.07803129523678,13807292786,2026-05-01 18:19:49.327467,01/05/26,18:19:49
28273,0.13,28.273,127.32996144731723,13807321059,2026-05-01 18:20:17.600467,01/05/26,18:20:17
28814,0.12,28.814,124.93926563476089,13807349873,2026-05-01 18:20:46.414467,01/05/26,18:20:46
28620,0.12,28.62,125.78616352201257,13807378493,2026-05-01 18:21:15.034467,01/05/26,18:21:15
28836,0.12,28.836,124.84394506866417,13807407329,2026-05-01 18:21:43.870467,01/05/26,18:21:43
28439,0.13,28.439,126.58672949119168,13807435768,2026-05-01 18:22:12.309467,01/05/26,18:22:12
28752,0.12,28.752,125.20868113522538,13807464520,2026-05-01 18:22:41.061467,01/05/26,18:22:41
27613,0.13,27.613,130.37337485966754,13807492133,2026-05-01 18:23:08.674467,01/05/26,18:23:8
28656,0.12,28.656,125.62814070351759,13807520789,2026-05-01 18:23:37.330467,01/05/26,18:23:37
28052,0.13,28.052,128.33309567945244,13807548841,2026-05-01 18:24:05.382467,01/05/26,18:24:5
28040,0.13,28.04,128.38801711840227,13807576881,2026-05-01 18:24:33.422467,01/05/26,18:24:33
28388,0.13,28.388,126.8141468226011,13807605269,2026-05-01 18:25:01.810467,01/05/26,18:25:1
28307,0.13,28.307,127.17702335111457,13807633576,2026-05-01 18:25:30.117467,01/05/26,18:25:30
28595,0.12,28.595,125.89613568805736,13807662171,2026-05-01 18:25:58.712467,01/05/26,18:25:58
27941,0.13,27.941,128.84291900790953,13807690112,2026-05-01 18:26:26.653467,01/05/26,18:26:26
27879,0.13,27.879,129.1294522759066,13807717991,2026-05-01 18:26:54.532467,01/05/26,18:26:54
28757,0.12,28.757,125.18691101297075,13807746748,2026-05-01 18:27:23.289467,01/05/26,18:27:23
28166,0.13,28.166,127.81367606333878,13807774914,2026-05-01 18:27:51.455467,01/05/26,18:27:51
27749,0.13,27.749,129.7344048434178,13807802663,2026-05-01 18:28:19.204467,01/05/26,18:28:19
28838,0.12,28.838,124.8352867743949,13807831501,2026-05-01 18:28:48.042467,01/05/26,18:28:48
29363,0.12,29.363,122.60327623199264,13807860864,2026-05-01 18:29:17.405467,01/05/26,18:29:17
28953,0.12,28.953,124.33944668946224,13807889817,2026-05-01 18:29:46.358467,01/05/26,18:29:46
27674,0.13,27.674,130.08600130086,13807917491,2026-05-01 18:30:14.032467,01/05/26,18:30:14
27895,0.13,27.895,129.05538626994084,13807945386,2026-05-01 18:30:41.927467,01/05/26,18:30:41
28147,0.13,28.147,127.89995381390557,13807973533,2026-05-01 18:31:10.074467,01/05/26,18:31:10
28211,0.13,28.211,127.60979759668214,13808001744,2026-05-01 18:31:38.285467,01/05/26,18:31:38
28115,0.13,28.115,128.04552729859506,13808029859,2026-05-01 18:32:06.400467,01/05/26,18:32:6
29136,0.12,29.136,123.55848434925865,13808058995,2026-05-01 18:32:35.536467,01/05/26,18:32:35
29110,0.12,29.11,123.66884232222604,13808088105,2026-05-01 18:33:04.646467,01/05/26,18:33:4
29179,0.12,29.179,123.37640083621783,13808117284,2026-05-01 18:33:33.825467,01/05/26,18:33:33
29179,0.12,29.179,123.37640083621783,13808146463,2026-05-01 18:34:03.004467,01/05/26,18:34:3
28971,0.12,28.971,124.26219322771047,13808175434,2026-05-01 18:34:31.975467,01/05/26,18:34:31
28924,0.12,28.924,124.46411284746232,13808204358,2026-05-01 18:35:00.899467,01/05/26,18:35:0
28932,0.12,28.932,124.4296972210701,13808233290,2026-05-01 18:35:29.831467,01/05/26,18:35:29
29091,0.12,29.091,123.7496132824585,13808262381,2026-05-01 18:35:58.922467,01/05/26,18:35:58
29195,0.12,29.195,123.30878575098475,13808291576,2026-05-01 18:36:28.117467,01/05/26,18:36:28
28747,0.12,28.747,125.23045883048665,13808320323,2026-05-01 18:36:56.864467,01/05/26,18:36:56
29395,0.12,29.395,122.46980779044056,13808349718,2026-05-01 18:37:26.259467,01/05/26,18:37:26
28603,0.12,28.603,125.86092367933433,13808378321,2026-05-01 18:37:54.862467,01/05/26,18:37:54
27316,0.13,27.316,131.7908917850344,13808405637,2026-05-01 18:38:22.178467,01/05/26,18:38:22
28797,0.12,28.797,125.01302218981144,13808434434,2026-05-01 18:38:50.975467,01/05/26,18:38:50
29436,0.12,29.436,122.29922543823889,13808463870,2026-05-01 18:39:20.411467,01/05/26,18:39:20
29179,0.12,29.179,123.37640083621783,13808493049,2026-05-01 18:39:49.590467,01/05/26,18:39:49
29829,0.12,29.829,120.68792115055818,13808522878,2026-05-01 18:40:19.419467,01/05/26,18:40:19
29492,0.12,29.492,122.06700122067001,13808552370,2026-05-01 18:40:48.911467,01/05/26,18:40:48
29255,0.12,29.255,123.05588788241326,13808581625,2026-05-01 18:41:18.166467,01/05/26,18:41:18
29188,0.12,29.188,123.33835822940935,13808610813,2026-05-01 18:41:47.354467,01/05/26,18:41:47
28710,0.12,28.71,125.39184952978056,13808639523,2026-05-01 18:42:16.064467,01/05/26,18:42:16
29320,0.12,29.32,122.78308321964529,13808668843,2026-05-01 18:42:45.384467,01/05/26,18:42:45
29387,0.12,29.387,122.50314765032157,13808698230,2026-05-01 18:43:14.771467,01/05/26,18:43:14
29504,0.12,29.504,122.0173535791757,13808727734,2026-05-01 18:43:44.275467,01/05/26,18:43:44
29390,0.12,29.39,122.49064307587615,13808757124,2026-05-01 18:44:13.665467,01/05/26,18:44:13
21371,0.17,21.371,168.45257592064013,13808778495,2026-05-01 18:44:35.036467,01/05/26,18:44:35
18008,0.2,18.008,199.91115059973345,13808796503,2026-05-01 18:44:53.044467,01/05/26,18:44:53
17859,0.2,17.859,201.57903578027884,13808814362,2026-05-01 18:45:10.903467,01/05/26,18:45:10
17768,0.2,17.768,202.61143628995947,13808832130,2026-05-01 18:45:28.671467,01/05/26,18:45:28
17894,0.2,17.894,201.1847546663686,13808850024,2026-05-01 18:45:46.565467,01/05/26,18:45:46
17758,0.2,17.758,202.72553215452191,13808867782,2026-05-01 18:46:04.323467,01/05/26,18:46:4
17744,0.2,17.744,202.88548241659151,13808885526,2026-05-01 18:46:22.067467,01/05/26,18:46:22
18010,0.2,18.01,199.88895058300943,13808903536,2026-05-01 18:46:40.077467,01/05/26,18:46:40
18040,0.2,18.04,199.55654101995566,13808921576,2026-05-01 18:46:58.117467,01/05/26,18:46:58
18338,0.2,18.338,196.31366561238957,13808939914,2026-05-01 18:47:16.455467,01/05/26,18:47:16
18401,0.19,18.401,195.64154122058585,13808958315,2026-05-01 18:47:34.856467,01/05/26,18:47:34
18251,0.2,18.251,197.24946578269683,13808976566,2026-05-01 18:47:53.107467,01/05/26,18:47:53
18484,0.19,18.484,194.76303830339754,13808995050,2026-05-01 18:48:11.591467,01/05/26,18:48:11
18624,0.19,18.624,193.29896907216494,13809013674,2026-05-01 18:48:30.215467,01/05/26,18:48:30
18661,0.19,18.661,192.91570655377527,13809032335,2026-05-01 18:48:48.876467,01/05/26,18:48:48
18750,0.19,18.75,192.0,13809051085,2026-05-01 18:49:07.626467,01/05/26,18:49:7
18780,0.19,18.78,191.69329073482427,13809069865,2026-05-01 18:49:26.406467,01/05/26,18:49:26
18791,0.19,18.791,191.5810760470438,13809088656,2026-05-01 18:49:45.197467,01/05/26,18:49:45
18774,0.19,18.774,191.75455417066155,13809107430,2026-05-01 18:50:03.971467,01/05/26,18:50:3
18882,0.19,18.882,190.65776930409913,13809126312,2026-05-01 18:50:22.853467,01/05/26,18:50:22
18953,0.19,18.953,189.94354455758983,13809145265,2026-05-01 18:50:41.806467,01/05/26,18:50:41
18943,0.19,18.943,190.0438156574988,13809164208,2026-05-01 18:51:00.749467,01/05/26,18:51:0
19109,0.19,19.109,188.39290386728766,13809183317,2026-05-01 18:51:19.858467,01/05/26,18:51:19
19058,0.19,19.058,188.8970511071466,13809202375,2026-05-01 18:51:38.916467,01/05/26,18:51:38
19064,0.19,19.064,188.83759966428872,13809221439,2026-05-01 18:51:57.980467,01/05/26,18:51:57
23229,0.15,23.229,154.97869043006585,13809244668,2026-05-01 18:52:21.209467,01/05/26,18:52:21
29779,0.12,29.779,120.89056046207058,13809274447,2026-05-01 18:52:50.988467,01/05/26,18:52:50
29901,0.12,29.901,120.39731112671817,13809304348,2026-05-01 18:53:20.889467,01/05/26,18:53:20
29885,0.12,29.885,120.46177011878869,13809334233,2026-05-01 18:53:50.774467,01/05/26,18:53:50
29342,0.12,29.342,122.69102310680935,13809363575,2026-05-01 18:54:20.116467,01/05/26,18:54:20
29779,0.12,29.779,120.89056046207058,13809393354,2026-05-01 18:54:49.895467,01/05/26,18:54:49
29962,0.12,29.962,120.1521927775182,13809423316,2026-05-01 18:55:19.857467,01/05/26,18:55:19
29809,0.12,29.809,120.76889530007716,13809453125,2026-05-01 18:55:49.666467,01/05/26,18:55:49
30193,0.12,30.193,119.23293478620873,13809483318,2026-05-01 18:56:19.859467,01/05/26,18:56:19
29441,0.12,29.441,122.27845521551578,13809512759,2026-05-01 18:56:49.300467,01/05/26,18:56:49
29592,0.12,29.592,121.65450121654501,13809542351,2026-05-01 18:57:18.892467,01/05/26,18:57:18
29992,0.12,29.992,120.03200853560949,13809572343,2026-05-01 18:57:48.884467,01/05/26,18:57:48
29977,0.12,29.977,120.09207058745038,13809602320,2026-05-01 18:58:18.861467,01/05/26,18:58:18
30071,0.12,30.071,119.71667054637358,13809632391,2026-05-01 18:58:48.932467,01/05/26,18:58:48
29802,0.12,29.802,120.79726192872961,13809662193,2026-05-01 18:59:18.734467,01/05/26,18:59:18
29511,0.12,29.511,121.98841110094541,13809691704,2026-05-01 18:59:48.245467,01/05/26,18:59:48
29066,0.12,29.066,123.85605174430606,13809720770,2026-05-01 19:00:17.311467,01/05/26,19:0:17
28972,0.12,28.972,124.25790418334944,13809749742,2026-05-01 19:00:46.283467,01/05/26,19:0:46
29042,0.12,29.042,123.95840506852146,13809778784,2026-05-01 19:01:15.325467,01/05/26,19:1:15
29189,0.12,29.189,123.3341327212306,13809807973,2026-05-01 19:01:44.514467,01/05/26,19:1:44
29333,0.12,29.333,122.72866737122013,13809837306,2026-05-01 19:02:13.847467,01/05/26,19:2:13
29355,0.12,29.355,122.63668880940214,13809866661,2026-05-01 19:02:43.202467,01/05/26,19:2:43
29393,0.12,29.393,122.47814105399245,13809896054,2026-05-01 19:03:12.595467,01/05/26,19:3:12
29273,0.12,29.273,122.98022068117378,13809925327,2026-05-01 19:03:41.868467,01/05/26,19:3:41
29071,0.12,29.071,123.83474940662516,13809954398,2026-05-01 19:04:10.939467,01/05/26,19:4:10
29616,0.12,29.616,121.55591572123177,13809984014,2026-05-01 19:04:40.555467,01/05/26,19:4:40
29608,0.12,29.608,121.58875979465009,13810013622,2026-05-01 19:05:10.163467,01/05/26,19:5:10
29598,0.12,29.598,121.62983985404419,13810043220,2026-05-01 19:05:39.761467,01/05/26,19:5:39
29551,0.12,29.551,121.82328855199485,13810072771,2026-05-01 19:06:09.312467,01/05/26,19:6:9
29568,0.12,29.568,121.75324675324676,13810102339,2026-05-01 19:06:38.880467,01/05/26,19:6:38
29487,0.12,29.487,122.08769966425882,13810131826,2026-05-01 19:07:08.367467,01/05/26,19:7:8
29400,0.12,29.4,122.44897959183673,13810161226,2026-05-01 19:07:37.767467,01/05/26,19:7:37
29118,0.12,29.118,123.634865031939,13810190344,2026-05-01 19:08:06.885467,01/05/26,19:8:6
29421,0.12,29.421,122.3615784643622,13810219765,2026-05-01 19:08:36.306467,01/05/26,19:8:36
29321,0.12,29.321,122.77889567204393,13810249086,2026-05-01 19:09:05.627467,01/05/26,19:9:5
29332,0.12,29.332,122.7328514932497,13810278418,2026-05-01 19:09:34.959467,01/05/26,19:9:34
29505,0.12,29.505,122.01321809862735,13810307923,2026-05-01 19:10:04.464467,01/05/26,19:10:4
29599,0.12,29.599,121.62573059900673,13810337522,2026-05-01 19:10:34.063467,01/05/26,19:10:34
29669,0.12,29.669,121.3387711078904,13810367191,2026-05-01 19:11:03.732467,01/05/26,19:11:3
29981,0.12,29.981,120.0760481638371,13810397172,2026-05-01 19:11:33.713467,01/05/26,19:11:33
29820,0.12,29.82,120.72434607645876,13810426992,2026-05-01 19:12:03.533467,01/05/26,19:12:3
29873,0.12,29.873,120.51015967596157,13810456865,2026-05-01 19:12:33.406467,01/05/26,19:12:33
29827,0.12,29.827,120.69601367888156,13810486692,2026-05-01 19:13:03.233467,01/05/26,19:13:3
29734,0.12,29.734,121.07351853097464,13810516426,2026-05-01 19:13:32.967467,01/05/26,19:13:32
28391,0.13,28.391,126.80074671550844,13810544817,2026-05-01 19:14:01.358467,01/05/26,19:14:1
28212,0.13,28.212,127.60527435133986,13810573029,2026-05-01 19:14:29.570467,01/05/26,19:14:29
29492,0.12,29.492,122.06700122067001,13810602521,2026-05-01 19:14:59.062467,01/05/26,19:14:59
29439,0.12,29.439,122.28676245796393,13810631960,2026-05-01 19:15:28.501467,01/05/26,19:15:28
29522,0.12,29.522,121.94295779418738,13810661482,2026-05-01 19:15:58.023467,01/05/26,19:15:58
29840,0.12,29.84,120.64343163538874,13810691322,2026-05-01 19:16:27.863467,01/05/26,19:16:27
29651,0.12,29.651,121.41243128393646,13810720973,2026-05-01 19:16:57.514467,01/05/26,19:16:57
29550,0.12,29.55,121.8274111675127,13810750523,2026-05-01 19:17:27.064467,01/05/26,19:17:27
28748,0.12,28.748,125.2261026854042,13810779271,2026-05-01 19:17:55.812467,01/05/26,19:17:55
27371,0.13,27.371,131.5260677359249,13810806642,2026-05-01 19:18:23.183467,01/05/26,19:18:23
27393,0.13,27.393,131.420435877779,13810834035,2026-05-01 19:18:50.576467,01/05/26,19:18:50
27899,0.13,27.899,129.03688304240296,13810861934,2026-05-01 19:19:18.475467,01/05/26,19:19:18
28034,0.13,28.034,128.4154954697867,13810889968,2026-05-01 19:19:46.509467,01/05/26,19:19:46
29257,0.12,29.257,123.04747581775301,13810919225,2026-05-01 19:20:15.766467,01/05/26,19:20:15
29370,0.12,29.37,122.57405515832482,13810948595,2026-05-01 19:20:45.136467,01/05/26,19:20:45
29817,0.12,29.817,120.73649260488983,13810978412,2026-05-01 19:21:14.953467,01/05/26,19:21:14
29620,0.12,29.62,121.53950033760972,13811008032,2026-05-01 19:21:44.573467,01/05/26,19:21:44
29826,0.12,29.826,120.70006035003017,13811037858,2026-05-01 19:22:14.399467,01/05/26,19:22:14
29844,0.12,29.844,120.62726176115802,13811067702,2026-05-01 19:22:44.243467,01/05/26,19:22:44
29788,0.12,29.788,120.85403518195247,13811097490,2026-05-01 19:23:14.031467,01/05/26,19:23:14
29157,0.12,29.157,123.4694927461673,13811126647,2026-05-01 19:23:43.188467,01/05/26,19:23:43
29135,0.12,29.135,123.56272524455123,13811155782,2026-05-01 19:24:12.323467,01/05/26,19:24:12
29201,0.12,29.201,123.28344919694531,13811184983,2026-05-01 19:24:41.524467,01/05/26,19:24:41
29250,0.12,29.25,123.07692307692308,13811214233,2026-05-01 19:25:10.774467,01/05/26,19:25:10
29147,0.12,29.147,123.51185370707105,13811243380,2026-05-01 19:25:39.921467,01/05/26,19:25:39
29265,0.12,29.265,123.0138390568939,13811272645,2026-05-01 19:26:09.186467,01/05/26,19:26:9
29419,0.12,29.419,122.36989700533668,13811302064,2026-05-01 19:26:38.605467,01/05/26,19:26:38
29085,0.12,29.085,123.77514182568335,13811331149,2026-05-01 19:27:07.690467,01/05/26,19:27:7
