Interval,kWh,sec,Wh,cumul(ms),dates,days,heure
26504,0.14,26.504,135.82855418050104,13209221223,2026-07-03 00:00:14.276183,03/07/26,0:0:14
25131,0.14,25.131,143.24937328399187,13209246354,2026-07-03 00:00:39.407183,03/07/26,0:0:39
25522,0.14,25.522,141.05477627145208,13209271876,2026-07-03 00:01:04.929183,03/07/26,0:1:4
25984,0.14,25.984,138.54679802955664,13209297860,2026-07-03 00:01:30.913183,03/07/26,0:1:30
26216,0.14,26.216,137.320720170888,13209324076,2026-07-03 00:01:57.129183,03/07/26,0:1:57
26445,0.14,26.445,136.13159387407828,13209350521,2026-07-03 00:02:23.574183,03/07/26,0:2:23
16230,0.22,16.23,221.81146025878004,13209366751,2026-07-03 00:02:39.804183,03/07/26,0:2:39
16414,0.22,16.414,219.324966492019,13209383165,2026-07-03 00:02:56.218183,03/07/26,0:2:56
16362,0.22,16.362,220.02200220022002,13209399527,2026-07-03 00:03:12.580183,03/07/26,0:3:12
16340,0.22,16.34,220.31823745410037,13209415867,2026-07-03 00:03:28.920183,03/07/26,0:3:28
16331,0.22,16.331,220.43965464454106,13209432198,2026-07-03 00:03:45.251183,03/07/26,0:3:45
16450,0.22,16.45,218.8449848024316,13209448648,2026-07-03 00:04:01.701183,03/07/26,0:4:1
16591,0.22,16.591,216.98511241034296,13209465239,2026-07-03 00:04:18.292183,03/07/26,0:4:18
16669,0.22,16.669,215.96976423300737,13209481908,2026-07-03 00:04:34.961183,03/07/26,0:4:34
16729,0.22,16.729,215.19517006396077,13209498637,2026-07-03 00:04:51.690183,03/07/26,0:4:51
17023,0.21,17.023,211.47858779298596,13209515660,2026-07-03 00:05:08.713183,03/07/26,0:5:8
17221,0.21,17.221,209.0470936647117,13209532881,2026-07-03 00:05:25.934183,03/07/26,0:5:25
17337,0.21,17.337,207.64838207302301,13209550218,2026-07-03 00:05:43.271183,03/07/26,0:5:43
17384,0.21,17.384,207.08697653014266,13209567602,2026-07-03 00:06:00.655183,03/07/26,0:6:0
17221,0.21,17.221,209.0470936647117,13209584823,2026-07-03 00:06:17.876183,03/07/26,0:6:17
17435,0.21,17.435,206.48121594493836,13209602258,2026-07-03 00:06:35.311183,03/07/26,0:6:35
16888,0.21,16.888,213.16911416390337,13209619146,2026-07-03 00:06:52.199183,03/07/26,0:6:52
18169,0.2,18.169,198.13968848037868,13209637315,2026-07-03 00:07:10.368183,03/07/26,0:7:10
20935,0.17,20.935,171.9608311440172,13209658250,2026-07-03 00:07:31.303183,03/07/26,0:7:31
20793,0.17,20.793,173.13518972731208,13209679043,2026-07-03 00:07:52.096183,03/07/26,0:7:52
20820,0.17,20.82,172.9106628242075,13209699863,2026-07-03 00:08:12.916183,03/07/26,0:8:12
20858,0.17,20.858,172.59564675424298,13209720721,2026-07-03 00:08:33.774183,03/07/26,0:8:33
20876,0.17,20.876,172.44682889442421,13209741597,2026-07-03 00:08:54.650183,03/07/26,0:8:54
20970,0.17,20.97,171.67381974248926,13209762567,2026-07-03 00:09:15.620183,03/07/26,0:9:15
21023,0.17,21.023,171.24102173809638,13209783590,2026-07-03 00:09:36.643183,03/07/26,0:9:36
21188,0.17,21.188,169.9074948083821,13209804778,2026-07-03 00:09:57.831183,03/07/26,0:9:57
26481,0.14,26.481,135.94652769910502,13209831259,2026-07-03 00:10:24.312183,03/07/26,0:10:24
36025,0.1,36.025,99.93060374739764,13209867284,2026-07-03 00:11:00.337183,03/07/26,0:11:0
38022,0.09,38.022,94.68202619536058,13209905306,2026-07-03 00:11:38.359183,03/07/26,0:11:38
37024,0.1,37.024,97.23422644770959,13209942330,2026-07-03 00:12:15.383183,03/07/26,0:12:15
35663,0.1,35.663,100.94495695819197,13209977993,2026-07-03 00:12:51.046183,03/07/26,0:12:51
34254,0.1,34.254,105.09721492380451,13210012247,2026-07-03 00:13:25.300183,03/07/26,0:13:25
34284,0.1,34.284,105.00525026251313,13210046531,2026-07-03 00:13:59.584183,03/07/26,0:13:59
34294,0.1,34.294,104.97463113081005,13210080825,2026-07-03 00:14:33.878183,03/07/26,0:14:33
34425,0.1,34.425,104.57516339869281,13210115250,2026-07-03 00:15:08.303183,03/07/26,0:15:8
34341,0.1,34.341,104.83096007687604,13210149591,2026-07-03 00:15:42.644183,03/07/26,0:15:42
34212,0.1,34.212,105.2262364082778,13210183803,2026-07-03 00:16:16.856183,03/07/26,0:16:16
33361,0.11,33.361,107.91043433949821,13210217164,2026-07-03 00:16:50.217183,03/07/26,0:16:50
33783,0.11,33.783,106.56247224935619,13210250947,2026-07-03 00:17:24.000183,03/07/26,0:17:24
33668,0.11,33.668,106.92645835808483,13210284615,2026-07-03 00:17:57.668183,03/07/26,0:17:57
33370,0.11,33.37,107.88133053640995,13210317985,2026-07-03 00:18:31.038183,03/07/26,0:18:31
33587,0.11,33.587,107.18432726947927,13210351572,2026-07-03 00:19:04.625183,03/07/26,0:19:4
33329,0.11,33.329,108.0140418254373,13210384901,2026-07-03 00:19:37.954183,03/07/26,0:19:37
33797,0.11,33.797,106.51833002929254,13210418698,2026-07-03 00:20:11.751183,03/07/26,0:20:11
33550,0.11,33.55,107.30253353204174,13210452248,2026-07-03 00:20:45.301183,03/07/26,0:20:45
33350,0.11,33.35,107.94602698650675,13210485598,2026-07-03 00:21:18.651183,03/07/26,0:21:18
33539,0.11,33.539,107.33772622916605,13210519137,2026-07-03 00:21:52.190183,03/07/26,0:21:52
33608,0.11,33.608,107.11735301118782,13210552745,2026-07-03 00:22:25.798183,03/07/26,0:22:25
33644,0.11,33.644,107.00273451432648,13210586389,2026-07-03 00:22:59.442183,03/07/26,0:22:59
33576,0.11,33.576,107.21944245889921,13210619965,2026-07-03 00:23:33.018183,03/07/26,0:23:33
33650,0.11,33.65,106.98365527488856,13210653615,2026-07-03 00:24:06.668183,03/07/26,0:24:6
33566,0.11,33.566,107.25138533039384,13210687181,2026-07-03 00:24:40.234183,03/07/26,0:24:40
33555,0.11,33.555,107.28654447921323,13210720736,2026-07-03 00:25:13.789183,03/07/26,0:25:13
33522,0.11,33.522,107.39216037229282,13210754258,2026-07-03 00:25:47.311183,03/07/26,0:25:47
33475,0.11,33.475,107.5429424943988,13210787733,2026-07-03 00:26:20.786183,03/07/26,0:26:20
33615,0.11,33.615,107.095046854083,13210821348,2026-07-03 00:26:54.401183,03/07/26,0:26:54
33660,0.11,33.66,106.95187165775401,13210855008,2026-07-03 00:27:28.061183,03/07/26,0:27:28
33577,0.11,33.577,107.21624921821486,13210888585,2026-07-03 00:28:01.638183,03/07/26,0:28:1
33456,0.11,33.456,107.60401721664276,13210922041,2026-07-03 00:28:35.094183,03/07/26,0:28:35
33673,0.11,33.673,106.91058117779824,13210955714,2026-07-03 00:29:08.767183,03/07/26,0:29:8
34064,0.1,34.064,105.68341944574918,13210989778,2026-07-03 00:29:42.831183,03/07/26,0:29:42
34173,0.1,34.173,105.34632604687911,13211023951,2026-07-03 00:30:17.004183,03/07/26,0:30:17
34219,0.1,34.219,105.20471083316286,13211058170,2026-07-03 00:30:51.223183,03/07/26,0:30:51
34341,0.1,34.341,104.83096007687604,13211092511,2026-07-03 00:31:25.564183,03/07/26,0:31:25
34293,0.1,34.293,104.97769224039891,13211126804,2026-07-03 00:31:59.857183,03/07/26,0:31:59
34146,0.1,34.146,105.42962572482868,13211160950,2026-07-03 00:32:34.003183,03/07/26,0:32:34
34211,0.1,34.211,105.22931220952326,13211195161,2026-07-03 00:33:08.214183,03/07/26,0:33:8
34338,0.1,34.338,104.84011881880133,13211229499,2026-07-03 00:33:42.552183,03/07/26,0:33:42
34389,0.1,34.389,104.68463752944255,13211263888,2026-07-03 00:34:16.941183,03/07/26,0:34:16
34263,0.1,34.263,105.0696086157079,13211298151,2026-07-03 00:34:51.204183,03/07/26,0:34:51
34710,0.1,34.71,103.71650821089024,13211332861,2026-07-03 00:35:25.914183,03/07/26,0:35:25
34638,0.1,34.638,103.93209769617184,13211367499,2026-07-03 00:36:00.552183,03/07/26,0:36:0
34617,0.1,34.617,103.99514689314499,13211402116,2026-07-03 00:36:35.169183,03/07/26,0:36:35
34702,0.1,34.702,103.74041841968763,13211436818,2026-07-03 00:37:09.871183,03/07/26,0:37:9
34731,0.1,34.731,103.65379632029023,13211471549,2026-07-03 00:37:44.602183,03/07/26,0:37:44
34662,0.1,34.662,103.86013501817553,13211506211,2026-07-03 00:38:19.264183,03/07/26,0:38:19
34778,0.1,34.778,103.51371556731267,13211540989,2026-07-03 00:38:54.042183,03/07/26,0:38:54
34672,0.1,34.672,103.83017997231195,13211575661,2026-07-03 00:39:28.714183,03/07/26,0:39:28
17972,0.2,17.972,200.31159581571333,13211593633,2026-07-03 00:39:46.686183,03/07/26,0:39:46
19257,0.19,19.257,186.94500701043776,13211612890,2026-07-03 00:40:05.943183,03/07/26,0:40:5
19148,0.19,19.148,188.0091915604763,13211632038,2026-07-03 00:40:25.091183,03/07/26,0:40:25
19256,0.19,19.256,186.95471541337764,13211651294,2026-07-03 00:40:44.347183,03/07/26,0:40:44
19375,0.19,19.375,185.80645161290323,13211670669,2026-07-03 00:41:03.722183,03/07/26,0:41:3
19541,0.18,19.541,184.2280333657438,13211690210,2026-07-03 00:41:23.263183,03/07/26,0:41:23
19684,0.18,19.684,182.88965657386711,13211709894,2026-07-03 00:41:42.947183,03/07/26,0:41:42
19734,0.18,19.734,182.42626938279113,13211729628,2026-07-03 00:42:02.681183,03/07/26,0:42:2
19864,0.18,19.864,181.23238018525976,13211749492,2026-07-03 00:42:22.545183,03/07/26,0:42:22
19965,0.18,19.965,180.31555221637865,13211769457,2026-07-03 00:42:42.510183,03/07/26,0:42:42
19994,0.18,19.994,180.05401620486145,13211789451,2026-07-03 00:43:02.504183,03/07/26,0:43:2
20047,0.18,20.047,179.57799171945928,13211809498,2026-07-03 00:43:22.551183,03/07/26,0:43:22
20291,0.18,20.291,177.41855995268838,13211829789,2026-07-03 00:43:42.842183,03/07/26,0:43:42
20444,0.18,20.444,176.09078458227353,13211850233,2026-07-03 00:44:03.286183,03/07/26,0:44:3
20448,0.18,20.448,176.05633802816902,13211870681,2026-07-03 00:44:23.734183,03/07/26,0:44:23
20540,0.17,20.54,175.26777020447906,13211891221,2026-07-03 00:44:44.274183,03/07/26,0:44:44
20620,0.17,20.62,174.5877788554801,13211911841,2026-07-03 00:45:04.894183,03/07/26,0:45:4
20576,0.17,20.576,174.96111975116642,13211932417,2026-07-03 00:45:25.470183,03/07/26,0:45:25
20699,0.17,20.699,173.921445480458,13211953116,2026-07-03 00:45:46.169183,03/07/26,0:45:46
20777,0.17,20.777,173.26851807286903,13211973893,2026-07-03 00:46:06.946183,03/07/26,0:46:6
20738,0.17,20.738,173.59436782717717,13211994631,2026-07-03 00:46:27.684183,03/07/26,0:46:27
20889,0.17,20.889,172.33950883239982,13212015520,2026-07-03 00:46:48.573183,03/07/26,0:46:48
20884,0.17,20.884,172.3807699674392,13212036404,2026-07-03 00:47:09.457183,03/07/26,0:47:9
31586,0.11,31.586,113.97454568479706,13212067990,2026-07-03 00:47:41.043183,03/07/26,0:47:41
35241,0.1,35.241,102.15374138077807,13212103231,2026-07-03 00:48:16.284183,03/07/26,0:48:16
35263,0.1,35.263,102.09000935825085,13212138494,2026-07-03 00:48:51.547183,03/07/26,0:48:51
35211,0.1,35.211,102.24077702990543,13212173705,2026-07-03 00:49:26.758183,03/07/26,0:49:26
35173,0.1,35.173,102.35123532254855,13212208878,2026-07-03 00:50:01.931183,03/07/26,0:50:1
35091,0.1,35.091,102.59040779687099,13212243969,2026-07-03 00:50:37.022183,03/07/26,0:50:37
35180,0.1,35.18,102.3308698123934,13212279149,2026-07-03 00:51:12.202183,03/07/26,0:51:12
35176,0.1,35.176,102.34250625426426,13212314325,2026-07-03 00:51:47.378183,03/07/26,0:51:47
35257,0.1,35.257,102.10738293104916,13212349582,2026-07-03 00:52:22.635183,03/07/26,0:52:22
35111,0.1,35.111,102.53197003787987,13212384693,2026-07-03 00:52:57.746183,03/07/26,0:52:57
35210,0.1,35.21,102.24368077250782,13212419903,2026-07-03 00:53:32.956183,03/07/26,0:53:32
35269,0.1,35.269,102.07264169667414,13212455172,2026-07-03 00:54:08.225183,03/07/26,0:54:8
35249,0.1,35.249,102.13055689523107,13212490421,2026-07-03 00:54:43.474183,03/07/26,0:54:43
35364,0.1,35.364,101.79843909060061,13212525785,2026-07-03 00:55:18.838183,03/07/26,0:55:18
35267,0.1,35.267,102.07843026058354,13212561052,2026-07-03 00:55:54.105183,03/07/26,0:55:54
35335,0.1,35.335,101.88198669874062,13212596387,2026-07-03 00:56:29.440183,03/07/26,0:56:29
35309,0.1,35.309,101.95700812823925,13212631696,2026-07-03 00:57:04.749183,03/07/26,0:57:4
35242,0.1,35.242,102.15084274445265,13212666938,2026-07-03 00:57:39.991183,03/07/26,0:57:39
35226,0.1,35.226,102.19724067450178,13212702164,2026-07-03 00:58:15.217183,03/07/26,0:58:15
35242,0.1,35.242,102.15084274445265,13212737406,2026-07-03 00:58:50.459183,03/07/26,0:58:50
35325,0.1,35.325,101.91082802547771,13212772731,2026-07-03 00:59:25.784183,03/07/26,0:59:25
35275,0.1,35.275,102.05527994330262,13212808006,2026-07-03 01:00:01.059183,03/07/26,1:0:1
34219,0.1,34.219,105.20471083316286,13212842225,2026-07-03 01:00:35.278183,03/07/26,1:0:35
34699,0.1,34.699,103.74938759042047,13212876924,2026-07-03 01:01:09.977183,03/07/26,1:1:9
34652,0.1,34.652,103.89010735311093,13212911576,2026-07-03 01:01:44.629183,03/07/26,1:1:44
34565,0.1,34.565,104.15159843772602,13212946141,2026-07-03 01:02:19.194183,03/07/26,1:2:19
34529,0.1,34.529,104.2601870891135,13212980670,2026-07-03 01:02:53.723183,03/07/26,1:2:53
34483,0.1,34.483,104.39926920511556,13213015153,2026-07-03 01:03:28.206183,03/07/26,1:3:28
34616,0.1,34.616,103.99815114397967,13213049769,2026-07-03 01:04:02.822183,03/07/26,1:4:2
34499,0.1,34.499,104.35085074929708,13213084268,2026-07-03 01:04:37.321183,03/07/26,1:4:37
34538,0.1,34.538,104.23301870403614,13213118806,2026-07-03 01:05:11.859183,03/07/26,1:5:11
34527,0.1,34.527,104.2662264314884,13213153333,2026-07-03 01:05:46.386183,03/07/26,1:5:46
34579,0.1,34.579,104.1094305792533,13213187912,2026-07-03 01:06:20.965183,03/07/26,1:6:20
34454,0.1,34.454,104.48714227665873,13213222366,2026-07-03 01:06:55.419183,03/07/26,1:6:55
34407,0.1,34.407,104.629871828407,13213256773,2026-07-03 01:07:29.826183,03/07/26,1:7:29
34579,0.1,34.579,104.1094305792533,13213291352,2026-07-03 01:08:04.405183,03/07/26,1:8:4
34500,0.1,34.5,104.34782608695652,13213325852,2026-07-03 01:08:38.905183,03/07/26,1:8:38
34579,0.1,34.579,104.1094305792533,13213360431,2026-07-03 01:09:13.484183,03/07/26,1:9:13
34568,0.1,34.568,104.14255959268688,13213394999,2026-07-03 01:09:48.052183,03/07/26,1:9:48
34643,0.1,34.643,103.91709724908351,13213429642,2026-07-03 01:10:22.695183,03/07/26,1:10:22
34712,0.1,34.712,103.71053238073289,13213464354,2026-07-03 01:10:57.407183,03/07/26,1:10:57
35247,0.1,35.247,102.13635202996,13213499601,2026-07-03 01:11:32.654183,03/07/26,1:11:32
35296,0.1,35.296,101.99456029011786,13213534897,2026-07-03 01:12:07.950183,03/07/26,1:12:7
35470,0.1,35.47,101.49422046800113,13213570367,2026-07-03 01:12:43.420183,03/07/26,1:12:43
36055,0.1,36.055,99.84745527666065,13213606422,2026-07-03 01:13:19.475183,03/07/26,1:13:19
36186,0.1,36.186,99.4859890565412,13213642608,2026-07-03 01:13:55.661183,03/07/26,1:13:55
36029,0.1,36.029,99.91950928418774,13213678637,2026-07-03 01:14:31.690183,03/07/26,1:14:31
36009,0.1,36.009,99.9750062484379,13213714646,2026-07-03 01:15:07.699183,03/07/26,1:15:7
35998,0.1,35.998,100.00555586421468,13213750644,2026-07-03 01:15:43.697183,03/07/26,1:15:43
36008,0.1,36.008,99.97778271495223,13213786652,2026-07-03 01:16:19.705183,03/07/26,1:16:19
35368,0.1,35.368,101.78692603483375,13213822020,2026-07-03 01:16:55.073183,03/07/26,1:16:55
17002,0.21,17.002,211.73979531819785,13213839022,2026-07-03 01:17:12.075183,03/07/26,1:17:12
19680,0.18,19.68,182.9268292682927,13213858702,2026-07-03 01:17:31.755183,03/07/26,1:17:31
19647,0.18,19.647,183.23408153916628,13213878349,2026-07-03 01:17:51.402183,03/07/26,1:17:51
19692,0.18,19.692,182.81535648994515,13213898041,2026-07-03 01:18:11.094183,03/07/26,1:18:11
19812,0.18,19.812,181.70805572380377,13213917853,2026-07-03 01:18:30.906183,03/07/26,1:18:30
19964,0.18,19.964,180.32458425165296,13213937817,2026-07-03 01:18:50.870183,03/07/26,1:18:50
19657,0.18,19.657,183.14086584931576,13213957474,2026-07-03 01:19:10.527183,03/07/26,1:19:10
19893,0.18,19.893,180.96817976172522,13213977367,2026-07-03 01:19:30.420183,03/07/26,1:19:30
20165,0.18,20.165,178.52715100421523,13213997532,2026-07-03 01:19:50.585183,03/07/26,1:19:50
20128,0.18,20.128,178.85532591414943,13214017660,2026-07-03 01:20:10.713183,03/07/26,1:20:10
20185,0.18,20.185,178.3502600941293,13214037845,2026-07-03 01:20:30.898183,03/07/26,1:20:30
20352,0.18,20.352,176.88679245283018,13214058197,2026-07-03 01:20:51.250183,03/07/26,1:20:51
20382,0.18,20.382,176.6264350897851,13214078579,2026-07-03 01:21:11.632183,03/07/26,1:21:11
20419,0.18,20.419,176.30638131152358,13214098998,2026-07-03 01:21:32.051183,03/07/26,1:21:32
20493,0.17,20.493,175.66974088713218,13214119491,2026-07-03 01:21:52.544183,03/07/26,1:21:52
20538,0.17,20.538,175.28483786152498,13214140029,2026-07-03 01:22:13.082183,03/07/26,1:22:13
20556,0.17,20.556,175.13134851138355,13214160585,2026-07-03 01:22:33.638183,03/07/26,1:22:33
20586,0.17,20.586,174.87612940833577,13214181171,2026-07-03 01:22:54.224183,03/07/26,1:22:54
20709,0.17,20.709,173.83746197305518,13214201880,2026-07-03 01:23:14.933183,03/07/26,1:23:14
20736,0.17,20.736,173.61111111111111,13214222616,2026-07-03 01:23:35.669183,03/07/26,1:23:35
20794,0.17,20.794,173.12686351832258,13214243410,2026-07-03 01:23:56.463183,03/07/26,1:23:56
20921,0.17,20.921,172.07590459347068,13214264331,2026-07-03 01:24:17.384183,03/07/26,1:24:17
21686,0.17,21.686,166.00571797473023,13214286017,2026-07-03 01:24:39.070183,03/07/26,1:24:39
35293,0.1,35.293,102.00323010228658,13214321310,2026-07-03 01:25:14.363183,03/07/26,1:25:14
35305,0.1,35.305,101.96855969409432,13214356615,2026-07-03 01:25:49.668183,03/07/26,1:25:49
35285,0.1,35.285,102.02635680884228,13214391900,2026-07-03 01:26:24.953183,03/07/26,1:26:24
35357,0.1,35.357,101.8185932064372,13214427257,2026-07-03 01:27:00.310183,03/07/26,1:27:0
35284,0.1,35.284,102.0292483845369,13214462541,2026-07-03 01:27:35.594183,03/07/26,1:27:35
35341,0.1,35.341,101.86468973713251,13214497882,2026-07-03 01:28:10.935183,03/07/26,1:28:10
35255,0.1,35.255,102.11317543610835,13214533137,2026-07-03 01:28:46.190183,03/07/26,1:28:46
35218,0.1,35.218,102.22045544891817,13214568355,2026-07-03 01:29:21.408183,03/07/26,1:29:21
35170,0.1,35.17,102.35996588001137,13214603525,2026-07-03 01:29:56.578183,03/07/26,1:29:56
35801,0.1,35.801,100.55585039524036,13214639326,2026-07-03 01:30:32.379183,03/07/26,1:30:32
36075,0.1,36.075,99.79209979209979,13214675401,2026-07-03 01:31:08.454183,03/07/26,1:31:8
35260,0.1,35.26,102.0986954055587,13214710661,2026-07-03 01:31:43.714183,03/07/26,1:31:43
35079,0.1,35.079,102.62550243735568,13214745740,2026-07-03 01:32:18.793183,03/07/26,1:32:18
35039,0.1,35.039,102.74265818088416,13214780779,2026-07-03 01:32:53.832183,03/07/26,1:32:53
35077,0.1,35.077,102.63135387860991,13214815856,2026-07-03 01:33:28.909183,03/07/26,1:33:28
33992,0.1,33.992,105.90727229936455,13214849848,2026-07-03 01:34:02.901183,03/07/26,1:34:2
34479,0.1,34.479,104.41138084051161,13214884327,2026-07-03 01:34:37.380183,03/07/26,1:34:37
34415,0.1,34.415,104.60554990556443,13214918742,2026-07-03 01:35:11.795183,03/07/26,1:35:11
34472,0.1,34.472,104.43258296588536,13214953214,2026-07-03 01:35:46.267183,03/07/26,1:35:46
33840,0.11,33.84,106.38297872340425,13214987054,2026-07-03 01:36:20.107183,03/07/26,1:36:20
33863,0.11,33.863,106.31072261760623,13215020917,2026-07-03 01:36:53.970183,03/07/26,1:36:53
33832,0.11,33.832,106.40813431071176,13215054749,2026-07-03 01:37:27.802183,03/07/26,1:37:27
33996,0.1,33.996,105.89481115425345,13215088745,2026-07-03 01:38:01.798183,03/07/26,1:38:1
33767,0.11,33.767,106.61296532117156,13215122512,2026-07-03 01:38:35.565183,03/07/26,1:38:35
33850,0.11,33.85,106.35155096011817,13215156362,2026-07-03 01:39:09.415183,03/07/26,1:39:9
33752,0.11,33.752,106.6603460535672,13215190114,2026-07-03 01:39:43.167183,03/07/26,1:39:43
33989,0.1,33.989,105.91662008296802,13215224103,2026-07-03 01:40:17.156183,03/07/26,1:40:17
33863,0.11,33.863,106.31072261760623,13215257966,2026-07-03 01:40:51.019183,03/07/26,1:40:51
34107,0.1,34.107,105.55018031489138,13215292073,2026-07-03 01:41:25.126183,03/07/26,1:41:25
33946,0.11,33.946,106.05078654333353,13215326019,2026-07-03 01:41:59.072183,03/07/26,1:41:59
33909,0.11,33.909,106.1665044678404,13215359928,2026-07-03 01:42:32.981183,03/07/26,1:42:32
34200,0.1,34.2,105.26315789473684,13215394128,2026-07-03 01:43:07.181183,03/07/26,1:43:7
34827,0.1,34.827,103.3680764923766,13215428955,2026-07-03 01:43:42.008183,03/07/26,1:43:42
35357,0.1,35.357,101.8185932064372,13215464312,2026-07-03 01:44:17.365183,03/07/26,1:44:17
35597,0.1,35.597,101.13211787510184,13215499909,2026-07-03 01:44:52.962183,03/07/26,1:44:52
35588,0.1,35.588,101.15769360458582,13215535497,2026-07-03 01:45:28.550183,03/07/26,1:45:28
35606,0.1,35.606,101.10655507498736,13215571103,2026-07-03 01:46:04.156183,03/07/26,1:46:4
35521,0.1,35.521,101.3484980715633,13215606624,2026-07-03 01:46:39.677183,03/07/26,1:46:39
35661,0.1,35.661,100.95061832253722,13215642285,2026-07-03 01:47:15.338183,03/07/26,1:47:15
35558,0.1,35.558,101.24303954103155,13215677843,2026-07-03 01:47:50.896183,03/07/26,1:47:50
35566,0.1,35.566,101.22026654670191,13215713409,2026-07-03 01:48:26.462183,03/07/26,1:48:26
35620,0.1,35.62,101.06681639528355,13215749029,2026-07-03 01:49:02.082183,03/07/26,1:49:2
35723,0.1,35.723,100.77541079976486,13215784752,2026-07-03 01:49:37.805183,03/07/26,1:49:37
35903,0.1,35.903,100.27017240899089,13215820655,2026-07-03 01:50:13.708183,03/07/26,1:50:13
36556,0.1,36.556,98.4790458474669,13215857211,2026-07-03 01:50:50.264183,03/07/26,1:50:50
36686,0.1,36.686,98.13007686856021,13215893897,2026-07-03 01:51:26.950183,03/07/26,1:51:26
36684,0.1,36.684,98.13542688910697,13215930581,2026-07-03 01:52:03.634183,03/07/26,1:52:3
36538,0.1,36.538,98.52756034813072,13215967119,2026-07-03 01:52:40.172183,03/07/26,1:52:40
36888,0.1,36.888,97.59271307742355,13216004007,2026-07-03 01:53:17.060183,03/07/26,1:53:17
36560,0.1,36.56,98.46827133479212,13216040567,2026-07-03 01:53:53.620183,03/07/26,1:53:53
36478,0.1,36.478,98.68962114150995,13216077045,2026-07-03 01:54:30.098183,03/07/26,1:54:30
21298,0.17,21.298,169.02995586440042,13216098343,2026-07-03 01:54:51.396183,03/07/26,1:54:51
19881,0.18,19.881,181.07741059302853,13216118224,2026-07-03 01:55:11.277183,03/07/26,1:55:11
19801,0.18,19.801,181.8089995454775,13216138025,2026-07-03 01:55:31.078183,03/07/26,1:55:31
19887,0.18,19.887,181.02277869965303,13216157912,2026-07-03 01:55:50.965183,03/07/26,1:55:50
19866,0.18,19.866,181.21413470250678,13216177778,2026-07-03 01:56:10.831183,03/07/26,1:56:10
20077,0.18,20.077,179.309657817403,13216197855,2026-07-03 01:56:30.908183,03/07/26,1:56:30
20331,0.18,20.331,177.06949977866313,13216218186,2026-07-03 01:56:51.239183,03/07/26,1:56:51
20402,0.18,20.402,176.45328889324577,13216238588,2026-07-03 01:57:11.641183,03/07/26,1:57:11
20424,0.18,20.424,176.2632197414806,13216259012,2026-07-03 01:57:32.065183,03/07/26,1:57:32
20684,0.17,20.684,174.04757300328757,13216279696,2026-07-03 01:57:52.749183,03/07/26,1:57:52
20621,0.17,20.621,174.57931235148635,13216300317,2026-07-03 01:58:13.370183,03/07/26,1:58:13
20693,0.17,20.693,173.97187454694824,13216321010,2026-07-03 01:58:34.063183,03/07/26,1:58:34
20711,0.17,20.711,173.82067500362126,13216341721,2026-07-03 01:58:54.774183,03/07/26,1:58:54
20770,0.17,20.77,173.32691381800674,13216362491,2026-07-03 01:59:15.544183,03/07/26,1:59:15
20964,0.17,20.964,171.7229536348025,13216383455,2026-07-03 01:59:36.508183,03/07/26,1:59:36
20987,0.17,20.987,171.53475961309383,13216404442,2026-07-03 01:59:57.495183,03/07/26,1:59:57
20696,0.17,20.696,173.94665635871667,13216425138,2026-07-03 02:00:18.191183,03/07/26,2:0:18
20793,0.17,20.793,173.13518972731208,13216445931,2026-07-03 02:00:38.984183,03/07/26,2:0:38
21046,0.17,21.046,171.05388197282144,13216466977,2026-07-03 02:01:00.030183,03/07/26,2:1:0
21054,0.17,21.054,170.98888572242805,13216488031,2026-07-03 02:01:21.084183,03/07/26,2:1:21
20919,0.17,20.919,172.0923562311774,13216508950,2026-07-03 02:01:42.003183,03/07/26,2:1:42
21149,0.17,21.149,170.2208142228947,13216530099,2026-07-03 02:02:03.152183,03/07/26,2:2:3
21297,0.17,21.297,169.03789266093816,13216551396,2026-07-03 02:02:24.449183,03/07/26,2:2:24
35876,0.1,35.876,100.34563496487903,13216587272,2026-07-03 02:03:00.325183,03/07/26,2:3:0
36099,0.1,36.099,99.72575417601595,13216623371,2026-07-03 02:03:36.424183,03/07/26,2:3:36
35935,0.1,35.935,100.18088214832336,13216659306,2026-07-03 02:04:12.359183,03/07/26,2:4:12
35983,0.1,35.983,100.04724453214018,13216695289,2026-07-03 02:04:48.342183,03/07/26,2:4:48
36135,0.1,36.135,99.62640099626401,13216731424,2026-07-03 02:05:24.477183,03/07/26,2:5:24
35961,0.1,35.961,100.10845082172354,13216767385,2026-07-03 02:06:00.438183,03/07/26,2:6:0
36170,0.1,36.17,99.52999723527786,13216803555,2026-07-03 02:06:36.608183,03/07/26,2:6:36
35487,0.1,35.487,101.4455997971088,13216839042,2026-07-03 02:07:12.095183,03/07/26,2:7:12
35982,0.1,35.982,100.05002501250625,13216875024,2026-07-03 02:07:48.077183,03/07/26,2:7:48
36273,0.1,36.273,99.24737407989413,13216911297,2026-07-03 02:08:24.350183,03/07/26,2:8:24
36153,0.1,36.153,99.57679860592482,13216947450,2026-07-03 02:09:00.503183,03/07/26,2:9:0
36254,0.1,36.254,99.29938765377614,13216983704,2026-07-03 02:09:36.757183,03/07/26,2:9:36
36097,0.1,36.097,99.73127960772364,13217019801,2026-07-03 02:10:12.854183,03/07/26,2:10:12
36045,0.1,36.045,99.87515605493134,13217055846,2026-07-03 02:10:48.899183,03/07/26,2:10:48
36665,0.1,36.665,98.18628119459976,13217092511,2026-07-03 02:11:25.564183,03/07/26,2:11:25
36939,0.1,36.939,97.45797124989848,13217129450,2026-07-03 02:12:02.503183,03/07/26,2:12:2
36897,0.1,36.897,97.56890804130417,13217166347,2026-07-03 02:12:39.400183,03/07/26,2:12:39
36984,0.1,36.984,97.3393900064893,13217203331,2026-07-03 02:13:16.384183,03/07/26,2:13:16
36637,0.1,36.637,98.26132052296859,13217239968,2026-07-03 02:13:53.021183,03/07/26,2:13:53
37013,0.1,37.013,97.263123767325,13217276981,2026-07-03 02:14:30.034183,03/07/26,2:14:30
37014,0.1,37.014,97.26049602852974,13217313995,2026-07-03 02:15:07.048183,03/07/26,2:15:7
36756,0.1,36.756,97.94319294809011,13217350751,2026-07-03 02:15:43.804183,03/07/26,2:15:43
36821,0.1,36.821,97.77029412563483,13217387572,2026-07-03 02:16:20.625183,03/07/26,2:16:20
36805,0.1,36.805,97.81279717429697,13217424377,2026-07-03 02:16:57.430183,03/07/26,2:16:57
36752,0.1,36.752,97.95385285154549,13217461129,2026-07-03 02:17:34.182183,03/07/26,2:17:34
36934,0.1,36.934,97.47116478041913,13217498063,2026-07-03 02:18:11.116183,03/07/26,2:18:11
37031,0.1,37.031,97.21584618292782,13217535094,2026-07-03 02:18:48.147183,03/07/26,2:18:48
37103,0.1,37.103,97.0271945664771,13217572197,2026-07-03 02:19:25.250183,03/07/26,2:19:25
36929,0.1,36.929,97.4843618836145,13217609126,2026-07-03 02:20:02.179183,03/07/26,2:20:2
37066,0.1,37.066,97.12404899368694,13217646192,2026-07-03 02:20:39.245183,03/07/26,2:20:39
36996,0.1,36.996,97.30781706130392,13217683188,2026-07-03 02:21:16.241183,03/07/26,2:21:16
37039,0.1,37.039,97.19484867302033,13217720227,2026-07-03 02:21:53.280183,03/07/26,2:21:53
37011,0.1,37.011,97.26837967090864,13217757238,2026-07-03 02:22:30.291183,03/07/26,2:22:30
36891,0.1,36.891,97.58477677482313,13217794129,2026-07-03 02:23:07.182183,03/07/26,2:23:7
37022,0.1,37.022,97.2394792285668,13217831151,2026-07-03 02:23:44.204183,03/07/26,2:23:44
36850,0.1,36.85,97.69335142469471,13217868001,2026-07-03 02:24:21.054183,03/07/26,2:24:21
37021,0.1,37.021,97.24210583182519,13217905022,2026-07-03 02:24:58.075183,03/07/26,2:24:58
36985,0.1,36.985,97.336758145194,13217942007,2026-07-03 02:25:35.060183,03/07/26,2:25:35
36865,0.1,36.865,97.65360097653601,13217978872,2026-07-03 02:26:11.925183,03/07/26,2:26:11
36968,0.1,36.968,97.38151915169877,13218015840,2026-07-03 02:26:48.893183,03/07/26,2:26:48
37031,0.1,37.031,97.21584618292782,13218052871,2026-07-03 02:27:25.924183,03/07/26,2:27:25
36959,0.1,36.959,97.40523282556346,13218089830,2026-07-03 02:28:02.883183,03/07/26,2:28:2
36627,0.1,36.627,98.28814808747646,13218126457,2026-07-03 02:28:39.510183,03/07/26,2:28:39
36596,0.1,36.596,98.37140671111597,13218163053,2026-07-03 02:29:16.106183,03/07/26,2:29:16
36705,0.1,36.705,98.07928075194116,13218199758,2026-07-03 02:29:52.811183,03/07/26,2:29:52
36841,0.1,36.841,97.71721723080263,13218236599,2026-07-03 02:30:29.652183,03/07/26,2:30:29
36965,0.1,36.965,97.38942242661977,13218273564,2026-07-03 02:31:06.617183,03/07/26,2:31:6
36787,0.1,36.787,97.86065729741485,13218310351,2026-07-03 02:31:43.404183,03/07/26,2:31:43
36697,0.1,36.697,98.10066217946971,13218347048,2026-07-03 02:32:20.101183,03/07/26,2:32:20
18001,0.2,18.001,199.98888950613855,13218365049,2026-07-03 02:32:38.102183,03/07/26,2:32:38
19764,0.18,19.764,182.14936247723134,13218384813,2026-07-03 02:32:57.866183,03/07/26,2:32:57
19703,0.18,19.703,182.71329239202151,13218404516,2026-07-03 02:33:17.569183,03/07/26,2:33:17
19898,0.18,19.898,180.92270579957784,13218424414,2026-07-03 02:33:37.467183,03/07/26,2:33:37
19614,0.18,19.614,183.5423676965433,13218444028,2026-07-03 02:33:57.081183,03/07/26,2:33:57
19843,0.18,19.843,181.42417981152045,13218463871,2026-07-03 02:34:16.924183,03/07/26,2:34:16
19964,0.18,19.964,180.32458425165296,13218483835,2026-07-03 02:34:36.888183,03/07/26,2:34:36
20212,0.18,20.212,178.11201266574312,13218504047,2026-07-03 02:34:57.100183,03/07/26,2:34:57
20230,0.18,20.23,177.95353435491845,13218524277,2026-07-03 02:35:17.330183,03/07/26,2:35:17
20397,0.18,20.397,176.49654360935432,13218544674,2026-07-03 02:35:37.727183,03/07/26,2:35:37
20558,0.17,20.558,175.1143107306158,13218565232,2026-07-03 02:35:58.285183,03/07/26,2:35:58
20399,0.18,20.399,176.4792391783911,13218585631,2026-07-03 02:36:18.684183,03/07/26,2:36:18
20330,0.18,20.33,177.07820954254797,13218605961,2026-07-03 02:36:39.014183,03/07/26,2:36:39
20451,0.18,20.451,176.03051195540561,13218626412,2026-07-03 02:36:59.465183,03/07/26,2:36:59
20548,0.17,20.548,175.19953280124585,13218646960,2026-07-03 02:37:20.013183,03/07/26,2:37:20
20691,0.17,20.691,173.9886907351022,13218667651,2026-07-03 02:37:40.704183,03/07/26,2:37:40
20660,0.17,20.66,174.24975798644724,13218688311,2026-07-03 02:38:01.364183,03/07/26,2:38:1
20598,0.17,20.598,174.7742499271774,13218708909,2026-07-03 02:38:21.962183,03/07/26,2:38:21
20704,0.17,20.704,173.87944358578054,13218729613,2026-07-03 02:38:42.666183,03/07/26,2:38:42
20858,0.17,20.858,172.59564675424298,13218750471,2026-07-03 02:39:03.524183,03/07/26,2:39:3
20830,0.17,20.83,172.8276524243879,13218771301,2026-07-03 02:39:24.354183,03/07/26,2:39:24
20968,0.17,20.968,171.69019458222053,13218792269,2026-07-03 02:39:45.322183,03/07/26,2:39:45
21988,0.16,21.988,163.7256685464799,13218814257,2026-07-03 02:40:07.310183,03/07/26,2:40:7
35262,0.1,35.262,102.09290454313425,13218849519,2026-07-03 02:40:42.572183,03/07/26,2:40:42
35353,0.1,35.353,101.8301134274319,13218884872,2026-07-03 02:41:17.925183,03/07/26,2:41:17
35406,0.1,35.406,101.67768174885613,13218920278,2026-07-03 02:41:53.331183,03/07/26,2:41:53
35643,0.1,35.643,101.00159919198721,13218955921,2026-07-03 02:42:28.974183,03/07/26,2:42:28
34414,0.1,34.414,104.60858952751786,13218990335,2026-07-03 02:43:03.388183,03/07/26,2:43:3
34791,0.1,34.791,103.47503664740881,13219025126,2026-07-03 02:43:38.179183,03/07/26,2:43:38
34888,0.1,34.888,103.18734235267141,13219060014,2026-07-03 02:44:13.067183,03/07/26,2:44:13
35389,0.1,35.389,101.72652519144367,13219095403,2026-07-03 02:44:48.456183,03/07/26,2:44:48
35772,0.1,35.772,100.63737001006373,13219131175,2026-07-03 02:45:24.228183,03/07/26,2:45:24
36122,0.1,36.122,99.66225568905377,13219167297,2026-07-03 02:46:00.350183,03/07/26,2:46:0
36240,0.1,36.24,99.33774834437087,13219203537,2026-07-03 02:46:36.590183,03/07/26,2:46:36
36213,0.1,36.213,99.41181343716345,13219239750,2026-07-03 02:47:12.803183,03/07/26,2:47:12
35922,0.1,35.922,100.2171371304493,13219275672,2026-07-03 02:47:48.725183,03/07/26,2:47:48
36254,0.1,36.254,99.29938765377614,13219311926,2026-07-03 02:48:24.979183,03/07/26,2:48:24
36653,0.1,36.653,98.21842686819633,13219348579,2026-07-03 02:49:01.632183,03/07/26,2:49:1
37081,0.1,37.081,97.08476038941777,13219385660,2026-07-03 02:49:38.713183,03/07/26,2:49:38
36810,0.1,36.81,97.79951100244499,13219422470,2026-07-03 02:50:15.523183,03/07/26,2:50:15
36995,0.1,36.995,97.31044735775104,13219459465,2026-07-03 02:50:52.518183,03/07/26,2:50:52
36932,0.1,36.932,97.47644319289505,13219496397,2026-07-03 02:51:29.450183,03/07/26,2:51:29
37072,0.1,37.072,97.10832973672852,13219533469,2026-07-03 02:52:06.522183,03/07/26,2:52:6
37100,0.1,37.1,97.03504043126685,13219570569,2026-07-03 02:52:43.622183,03/07/26,2:52:43
36858,0.1,36.858,97.6721471593684,13219607427,2026-07-03 02:53:20.480183,03/07/26,2:53:20
36973,0.1,36.973,97.36834987693723,13219644400,2026-07-03 02:53:57.453183,03/07/26,2:53:57
36864,0.1,36.864,97.65625,13219681264,2026-07-03 02:54:34.317183,03/07/26,2:54:34
36915,0.1,36.915,97.52133279154815,13219718179,2026-07-03 02:55:11.232183,03/07/26,2:55:11
36975,0.1,36.975,97.3630831643002,13219755154,2026-07-03 02:55:48.207183,03/07/26,2:55:48
37197,0.1,37.197,96.78199854827002,13219792351,2026-07-03 02:56:25.404183,03/07/26,2:56:25
37033,0.1,37.033,97.21059595495909,13219829384,2026-07-03 02:57:02.437183,03/07/26,2:57:2
37033,0.1,37.033,97.21059595495909,13219866417,2026-07-03 02:57:39.470183,03/07/26,2:57:39
36909,0.1,36.909,97.53718605218239,13219903326,2026-07-03 02:58:16.379183,03/07/26,2:58:16
37054,0.1,37.054,97.15550277972689,13219940380,2026-07-03 02:58:53.433183,03/07/26,2:58:53
37208,0.1,37.208,96.7533863685229,13219977588,2026-07-03 02:59:30.641183,03/07/26,2:59:30
36911,0.1,36.911,97.53190105930481,13220014499,2026-07-03 03:00:07.552183,03/07/26,3:0:7
35607,0.1,35.607,101.10371556154689,13220050106,2026-07-03 03:00:43.159183,03/07/26,3:0:43
36382,0.1,36.382,98.95003023473146,13220086488,2026-07-03 03:01:19.541183,03/07/26,3:1:19
36001,0.1,36.001,99.99722229938057,13220122489,2026-07-03 03:01:55.542183,03/07/26,3:1:55
36021,0.1,36.021,99.94170067460648,13220158510,2026-07-03 03:02:31.563183,03/07/26,3:2:31
36420,0.1,36.42,98.84678747940691,13220194930,2026-07-03 03:03:07.983183,03/07/26,3:3:7
36234,0.1,36.234,99.35419771485346,13220231164,2026-07-03 03:03:44.217183,03/07/26,3:3:44
36079,0.1,36.079,99.78103605975775,13220267243,2026-07-03 03:04:20.296183,03/07/26,3:4:20
36876,0.1,36.876,97.624471200781,13220304119,2026-07-03 03:04:57.172183,03/07/26,3:4:57
37322,0.1,37.322,96.45785327688763,13220341441,2026-07-03 03:05:34.494183,03/07/26,3:5:34
37209,0.1,37.209,96.75078610013706,13220378650,2026-07-03 03:06:11.703183,03/07/26,3:6:11
37247,0.1,37.247,96.65207936209627,13220415897,2026-07-03 03:06:48.950183,03/07/26,3:6:48
37327,0.1,37.327,96.44493262249846,13220453224,2026-07-03 03:07:26.277183,03/07/26,3:7:26
37395,0.1,37.395,96.26955475330927,13220490619,2026-07-03 03:08:03.672183,03/07/26,3:8:3
37504,0.09,37.504,95.98976109215018,13220528123,2026-07-03 03:08:41.176183,03/07/26,3:8:41
37407,0.1,37.407,96.2386719063277,13220565530,2026-07-03 03:09:18.583183,03/07/26,3:9:18
37298,0.1,37.298,96.51992063917636,13220602828,2026-07-03 03:09:55.881183,03/07/26,3:9:55
21521,0.17,21.521,167.278472189954,13220624349,2026-07-03 03:10:17.402183,03/07/26,3:10:17
19832,0.18,19.832,181.52480839048002,13220644181,2026-07-03 03:10:37.234183,03/07/26,3:10:37
19715,0.18,19.715,182.60207963479584,13220663896,2026-07-03 03:10:56.949183,03/07/26,3:10:56
19824,0.18,19.824,181.59806295399517,13220683720,2026-07-03 03:11:16.773183,03/07/26,3:11:16
19932,0.18,19.932,180.6140878988561,13220703652,2026-07-03 03:11:36.705183,03/07/26,3:11:36
20249,0.18,20.249,177.78655736085733,13220723901,2026-07-03 03:11:56.954183,03/07/26,3:11:56
20264,0.18,20.264,177.65495459928937,13220744165,2026-07-03 03:12:17.218183,03/07/26,3:12:17
20571,0.17,20.571,175.0036459092898,13220764736,2026-07-03 03:12:37.789183,03/07/26,3:12:37
20564,0.17,20.564,175.0632172729041,13220785300,2026-07-03 03:12:58.353183,03/07/26,3:12:58
20600,0.17,20.6,174.75728155339806,13220805900,2026-07-03 03:13:18.953183,03/07/26,3:13:18
20743,0.17,20.743,173.55252374294943,13220826643,2026-07-03 03:13:39.696183,03/07/26,3:13:39
20795,0.17,20.795,173.1185381101226,13220847438,2026-07-03 03:14:00.491183,03/07/26,3:14:0
20877,0.17,20.877,172.4385687598793,13220868315,2026-07-03 03:14:21.368183,03/07/26,3:14:21
21100,0.17,21.1,170.61611374407582,13220889415,2026-07-03 03:14:42.468183,03/07/26,3:14:42
21221,0.17,21.221,169.6432778851138,13220910636,2026-07-03 03:15:03.689183,03/07/26,3:15:3
21282,0.17,21.282,169.15703411333521,13220931918,2026-07-03 03:15:24.971183,03/07/26,3:15:24
21314,0.17,21.314,168.90306840574272,13220953232,2026-07-03 03:15:46.285183,03/07/26,3:15:46
21065,0.17,21.065,170.89959648706386,13220974297,2026-07-03 03:16:07.350183,03/07/26,3:16:7
21251,0.17,21.251,169.4037927626935,13220995548,2026-07-03 03:16:28.601183,03/07/26,3:16:28
21202,0.17,21.202,169.79530232996888,13221016750,2026-07-03 03:16:49.803183,03/07/26,3:16:49
21540,0.17,21.54,167.13091922005572,13221038290,2026-07-03 03:17:11.343183,03/07/26,3:17:11
21308,0.17,21.308,168.95062887178526,13221059598,2026-07-03 03:17:32.651183,03/07/26,3:17:32
27113,0.13,27.113,132.77763434514807,13221086711,2026-07-03 03:17:59.764183,03/07/26,3:17:59
37046,0.1,37.046,97.17648329104357,13221123757,2026-07-03 03:18:36.810183,03/07/26,3:18:36
36890,0.1,36.89,97.58742206560044,13221160647,2026-07-03 03:19:13.700183,03/07/26,3:19:13
36803,0.1,36.803,97.81811265385974,13221197450,2026-07-03 03:19:50.503183,03/07/26,3:19:50
37035,0.1,37.035,97.20534629404617,13221234485,2026-07-03 03:20:27.538183,03/07/26,3:20:27
36967,0.1,36.967,97.38415343414397,13221271452,2026-07-03 03:21:04.505183,03/07/26,3:21:4
37111,0.1,37.111,97.00627846191156,13221308563,2026-07-03 03:21:41.616183,03/07/26,3:21:41
37298,0.1,37.298,96.51992063917636,13221345861,2026-07-03 03:22:18.914183,03/07/26,3:22:18
36939,0.1,36.939,97.45797124989848,13221382800,2026-07-03 03:22:55.853183,03/07/26,3:22:55
37053,0.1,37.053,97.15812484819043,13221419853,2026-07-03 03:23:32.906183,03/07/26,3:23:32
36931,0.1,36.931,97.47908261352252,13221456784,2026-07-03 03:24:09.837183,03/07/26,3:24:9
37240,0.1,37.24,96.6702470461869,13221494024,2026-07-03 03:24:47.077183,03/07/26,3:24:47
37079,0.1,37.079,97.0899970333612,13221531103,2026-07-03 03:25:24.156183,03/07/26,3:25:24
36975,0.1,36.975,97.3630831643002,13221568078,2026-07-03 03:26:01.131183,03/07/26,3:26:1
36836,0.1,36.836,97.73048105114562,13221604914,2026-07-03 03:26:37.967183,03/07/26,3:26:37
36952,0.1,36.952,97.42368478025547,13221641866,2026-07-03 03:27:14.919183,03/07/26,3:27:14
37079,0.1,37.079,97.0899970333612,13221678945,2026-07-03 03:27:51.998183,03/07/26,3:27:51
37106,0.1,37.106,97.0193499703552,13221716051,2026-07-03 03:28:29.104183,03/07/26,3:28:29
37138,0.1,37.138,96.93575313694868,13221753189,2026-07-03 03:29:06.242183,03/07/26,3:29:6
36733,0.1,36.733,98.00451909726948,13221789922,2026-07-03 03:29:42.975183,03/07/26,3:29:42
37242,0.1,37.242,96.66505558240696,13221827164,2026-07-03 03:30:20.217183,03/07/26,3:30:20
37078,0.1,37.078,97.09261556718269,13221864242,2026-07-03 03:30:57.295183,03/07/26,3:30:57
37169,0.1,37.169,96.85490597002878,13221901411,2026-07-03 03:31:34.464183,03/07/26,3:31:34
36986,0.1,36.986,97.33412642621532,13221938397,2026-07-03 03:32:11.450183,03/07/26,3:32:11
37262,0.1,37.262,96.61317159572755,13221975659,2026-07-03 03:32:48.712183,03/07/26,3:32:48
37028,0.1,37.028,97.22372258831155,13222012687,2026-07-03 03:33:25.740183,03/07/26,3:33:25
37007,0.1,37.007,97.27889318237091,13222049694,2026-07-03 03:34:02.747183,03/07/26,3:34:2
36897,0.1,36.897,97.56890804130417,13222086591,2026-07-03 03:34:39.644183,03/07/26,3:34:39
37453,0.1,37.453,96.12047099030785,13222124044,2026-07-03 03:35:17.097183,03/07/26,3:35:17
37919,0.09,37.919,94.93921253197605,13222161963,2026-07-03 03:35:55.016183,03/07/26,3:35:55
37999,0.09,37.999,94.73933524566436,13222199962,2026-07-03 03:36:33.015183,03/07/26,3:36:33
37695,0.09,37.695,95.50338241146041,13222237657,2026-07-03 03:37:10.710183,03/07/26,3:37:10
37254,0.1,37.254,96.6339185053954,13222274911,2026-07-03 03:37:47.964183,03/07/26,3:37:47
37717,0.09,37.717,95.44767611421905,13222312628,2026-07-03 03:38:25.681183,03/07/26,3:38:25
37471,0.1,37.471,96.07429745669985,13222350099,2026-07-03 03:39:03.152183,03/07/26,3:39:3
37828,0.09,37.828,95.16760071904409,13222387927,2026-07-03 03:39:40.980183,03/07/26,3:39:40
37247,0.1,37.247,96.65207936209627,13222425174,2026-07-03 03:40:18.227183,03/07/26,3:40:18
37710,0.09,37.71,95.4653937947494,13222462884,2026-07-03 03:40:55.937183,03/07/26,3:40:55
37606,0.09,37.606,95.72940488219965,13222500490,2026-07-03 03:41:33.543183,03/07/26,3:41:33
37373,0.1,37.373,96.32622481470581,13222537863,2026-07-03 03:42:10.916183,03/07/26,3:42:10
37451,0.1,37.451,96.12560412272036,13222575314,2026-07-03 03:42:48.367183,03/07/26,3:42:48
37364,0.1,37.364,96.34942725618242,13222612678,2026-07-03 03:43:25.731183,03/07/26,3:43:25
37956,0.09,37.956,94.84666455896301,13222650634,2026-07-03 03:44:03.687183,03/07/26,3:44:3
37605,0.09,37.605,95.73195053849223,13222688239,2026-07-03 03:44:41.292183,03/07/26,3:44:41
37907,0.09,37.907,94.96926689002031,13222726146,2026-07-03 03:45:19.199183,03/07/26,3:45:19
38146,0.09,38.146,94.37424631678289,13222764292,2026-07-03 03:45:57.345183,03/07/26,3:45:57
38662,0.09,38.662,93.1146862552377,13222802954,2026-07-03 03:46:36.007183,03/07/26,3:46:36
38367,0.09,38.367,93.83063570255689,13222841321,2026-07-03 03:47:14.374183,03/07/26,3:47:14
37716,0.09,37.716,95.45020680878142,13222879037,2026-07-03 03:47:52.090183,03/07/26,3:47:52
17757,0.2,17.757,202.73694880892043,13222896794,2026-07-03 03:48:09.847183,03/07/26,3:48:9
20185,0.18,20.185,178.3502600941293,13222916979,2026-07-03 03:48:30.032183,03/07/26,3:48:30
20112,0.18,20.112,178.99761336515513,13222937091,2026-07-03 03:48:50.144183,03/07/26,3:48:50
20334,0.18,20.334,177.0433756270286,13222957425,2026-07-03 03:49:10.478183,03/07/26,3:49:10
20591,0.17,20.591,174.83366519353115,13222978016,2026-07-03 03:49:31.069183,03/07/26,3:49:31
20708,0.17,20.708,173.84585667374927,13222998724,2026-07-03 03:49:51.777183,03/07/26,3:49:51
20635,0.17,20.635,174.46086745820207,13223019359,2026-07-03 03:50:12.412183,03/07/26,3:50:12
20897,0.17,20.897,172.27353208594536,13223040256,2026-07-03 03:50:33.309183,03/07/26,3:50:33
20910,0.17,20.91,172.1664275466284,13223061166,2026-07-03 03:50:54.219183,03/07/26,3:50:54
21191,0.17,21.191,169.88344108347883,13223082357,2026-07-03 03:51:15.410183,03/07/26,3:51:15
21036,0.17,21.036,171.13519680547634,13223103393,2026-07-03 03:51:36.446183,03/07/26,3:51:36
21248,0.17,21.248,169.4277108433735,13223124641,2026-07-03 03:51:57.694183,03/07/26,3:51:57
21351,0.17,21.351,168.61036953772657,13223145992,2026-07-03 03:52:19.045183,03/07/26,3:52:19
21315,0.17,21.315,168.89514426460238,13223167307,2026-07-03 03:52:40.360183,03/07/26,3:52:40
21496,0.17,21.496,167.4730182359509,13223188803,2026-07-03 03:53:01.856183,03/07/26,3:53:1
21635,0.17,21.635,166.39704183036747,13223210438,2026-07-03 03:53:23.491183,03/07/26,3:53:23
21188,0.17,21.188,169.9074948083821,13223231626,2026-07-03 03:53:44.679183,03/07/26,3:53:44
21031,0.17,21.031,171.17588322000856,13223252657,2026-07-03 03:54:05.710183,03/07/26,3:54:5
21357,0.17,21.357,168.5630004214075,13223274014,2026-07-03 03:54:27.067183,03/07/26,3:54:27
21464,0.17,21.464,167.72269847185987,13223295478,2026-07-03 03:54:48.531183,03/07/26,3:54:48
21314,0.17,21.314,168.90306840574272,13223316792,2026-07-03 03:55:09.845183,03/07/26,3:55:9
21561,0.17,21.561,166.96813691387226,13223338353,2026-07-03 03:55:31.406183,03/07/26,3:55:31
35090,0.1,35.09,102.59333143345683,13223373443,2026-07-03 03:56:06.496183,03/07/26,3:56:6
37202,0.1,37.202,96.76899091446697,13223410645,2026-07-03 03:56:43.698183,03/07/26,3:56:43
37631,0.09,37.631,95.66580744598868,13223448276,2026-07-03 03:57:21.329183,03/07/26,3:57:21
36831,0.1,36.831,97.74374847275394,13223485107,2026-07-03 03:57:58.160183,03/07/26,3:57:58
37305,0.1,37.305,96.50180940892642,13223522412,2026-07-03 03:58:35.465183,03/07/26,3:58:35
37101,0.1,37.101,97.03242500202151,13223559513,2026-07-03 03:59:12.566183,03/07/26,3:59:12
36825,0.1,36.825,97.75967413441956,13223596338,2026-07-03 03:59:49.391183,03/07/26,3:59:49
36038,0.1,36.038,99.8945557467118,13223632376,2026-07-03 04:00:25.429183,03/07/26,4:0:25
36209,0.1,36.209,99.42279543759838,13223668585,2026-07-03 04:01:01.638183,03/07/26,4:1:1
35738,0.1,35.738,100.73311321282668,13223704323,2026-07-03 04:01:37.376183,03/07/26,4:1:37
36583,0.1,36.583,98.40636361151354,13223740906,2026-07-03 04:02:13.959183,03/07/26,4:2:13
36723,0.1,36.723,98.03120660076792,13223777629,2026-07-03 04:02:50.682183,03/07/26,4:2:50
36779,0.1,36.779,97.88194350036706,13223814408,2026-07-03 04:03:27.461183,03/07/26,4:3:27
36646,0.1,36.646,98.2371882333679,13223851054,2026-07-03 04:04:04.107183,03/07/26,4:4:4
36182,0.1,36.182,99.49698745232436,13223887236,2026-07-03 04:04:40.289183,03/07/26,4:4:40
36318,0.1,36.318,99.12440112340988,13223923554,2026-07-03 04:05:16.607183,03/07/26,4:5:16
36403,0.1,36.403,98.892948383375,13223959957,2026-07-03 04:05:53.010183,03/07/26,4:5:53
35893,0.1,35.893,100.29810826623576,13223995850,2026-07-03 04:06:28.903183,03/07/26,4:6:28
36368,0.1,36.368,98.98812142542894,13224032218,2026-07-03 04:07:05.271183,03/07/26,4:7:5
36575,0.1,36.575,98.4278879015721,13224068793,2026-07-03 04:07:41.846183,03/07/26,4:7:41
35989,0.1,35.989,100.03056489482897,13224104782,2026-07-03 04:08:17.835183,03/07/26,4:8:17
36046,0.1,36.046,99.87238528546857,13224140828,2026-07-03 04:08:53.881183,03/07/26,4:8:53
36406,0.1,36.406,98.8847992089216,13224177234,2026-07-03 04:09:30.287183,03/07/26,4:9:30
36368,0.1,36.368,98.98812142542894,13224213602,2026-07-03 04:10:06.655183,03/07/26,4:10:6
36575,0.1,36.575,98.4278879015721,13224250177,2026-07-03 04:10:43.230183,03/07/26,4:10:43
36307,0.1,36.307,99.15443302944335,13224286484,2026-07-03 04:11:19.537183,03/07/26,4:11:19
37030,0.1,37.03,97.21847150958682,13224323514,2026-07-03 04:11:56.567183,03/07/26,4:11:56
37601,0.09,37.601,95.742134517699,13224361115,2026-07-03 04:12:34.168183,03/07/26,4:12:34
38446,0.09,38.446,93.63782968319201,13224399561,2026-07-03 04:13:12.614183,03/07/26,4:13:12
38266,0.09,38.266,94.07829404693462,13224437827,2026-07-03 04:13:50.880183,03/07/26,4:13:50
38229,0.09,38.229,94.16934787726595,13224476056,2026-07-03 04:14:29.109183,03/07/26,4:14:29
38431,0.09,38.431,93.67437745569983,13224514487,2026-07-03 04:15:07.540183,03/07/26,4:15:7
38392,0.09,38.392,93.7695353198583,13224552879,2026-07-03 04:15:45.932183,03/07/26,4:15:45
37770,0.09,37.77,95.31374106433678,13224590649,2026-07-03 04:16:23.702183,03/07/26,4:16:23
38071,0.09,38.071,94.5601639042841,13224628720,2026-07-03 04:17:01.773183,03/07/26,4:17:1
38571,0.09,38.571,93.33437038189314,13224667291,2026-07-03 04:17:40.344183,03/07/26,4:17:40
38749,0.09,38.749,92.9056233709257,13224706040,2026-07-03 04:18:19.093183,03/07/26,4:18:19
38715,0.09,38.715,92.98721425803951,13224744755,2026-07-03 04:18:57.808183,03/07/26,4:18:57
38162,0.09,38.162,94.33467847597086,13224782917,2026-07-03 04:19:35.970183,03/07/26,4:19:35
37942,0.09,37.942,94.88166148331665,13224820859,2026-07-03 04:20:13.912183,03/07/26,4:20:13
38367,0.09,38.367,93.83063570255689,13224859226,2026-07-03 04:20:52.279183,03/07/26,4:20:52
38010,0.09,38.01,94.71191791633781,13224897236,2026-07-03 04:21:30.289183,03/07/26,4:21:30
38225,0.09,38.225,94.17920209287115,13224935461,2026-07-03 04:22:08.514183,03/07/26,4:22:8
37965,0.09,37.965,94.82418016594231,13224973426,2026-07-03 04:22:46.479183,03/07/26,4:22:46
38423,0.09,38.423,93.69388126903156,13225011849,2026-07-03 04:23:24.902183,03/07/26,4:23:24
38413,0.09,38.413,93.71827245984433,13225050262,2026-07-03 04:24:03.315183,03/07/26,4:24:3
38425,0.09,38.425,93.68900455432662,13225088687,2026-07-03 04:24:41.740183,03/07/26,4:24:41
38357,0.09,38.357,93.85509815679015,13225127044,2026-07-03 04:25:20.097183,03/07/26,4:25:20
29653,0.12,29.653,121.404242403804,13225156697,2026-07-03 04:25:49.750183,03/07/26,4:25:49
20462,0.17,20.462,175.93588114553808,13225177159,2026-07-03 04:26:10.212183,03/07/26,4:26:10
20237,0.18,20.237,177.89198003656668,13225197396,2026-07-03 04:26:30.449183,03/07/26,4:26:30
20309,0.18,20.309,177.2613127184992,13225217705,2026-07-03 04:26:50.758183,03/07/26,4:26:50
20336,0.18,20.336,177.02596380802518,13225238041,2026-07-03 04:27:11.094183,03/07/26,4:27:11
20409,0.18,20.409,176.39276789651623,13225258450,2026-07-03 04:27:31.503183,03/07/26,4:27:31
20822,0.17,20.822,172.89405436557487,13225279272,2026-07-03 04:27:52.325183,03/07/26,4:27:52
20902,0.17,20.902,172.2323222658119,13225300174,2026-07-03 04:28:13.227183,03/07/26,4:28:13
20782,0.17,20.782,173.2268309113656,13225320956,2026-07-03 04:28:34.009183,03/07/26,4:28:34
21031,0.17,21.031,171.17588322000856,13225341987,2026-07-03 04:28:55.040183,03/07/26,4:28:55
21181,0.17,21.181,169.96364666446343,13225363168,2026-07-03 04:29:16.221183,03/07/26,4:29:16
21172,0.17,21.172,170.03589646703193,13225384340,2026-07-03 04:29:37.393183,03/07/26,4:29:37
21263,0.17,21.263,169.3081879320886,13225405603,2026-07-03 04:29:58.656183,03/07/26,4:29:58
21205,0.17,21.205,169.77128035840605,13225426808,2026-07-03 04:30:19.861183,03/07/26,4:30:19
21497,0.17,21.497,167.46522770619157,13225448305,2026-07-03 04:30:41.358183,03/07/26,4:30:41
21700,0.17,21.7,165.89861751152074,13225470005,2026-07-03 04:31:03.058183,03/07/26,4:31:3
21592,0.17,21.592,166.72841793256762,13225491597,2026-07-03 04:31:24.650183,03/07/26,4:31:24
21610,0.17,21.61,166.58954187875983,13225513207,2026-07-03 04:31:46.260183,03/07/26,4:31:46
21624,0.17,21.624,166.48168701442842,13225534831,2026-07-03 04:32:07.884183,03/07/26,4:32:7
21769,0.17,21.769,165.37277780329828,13225556600,2026-07-03 04:32:29.653183,03/07/26,4:32:29
21861,0.16,21.861,164.67682173734048,13225578461,2026-07-03 04:32:51.514183,03/07/26,4:32:51
21769,0.17,21.769,165.37277780329828,13225600230,2026-07-03 04:33:13.283183,03/07/26,4:33:13
28073,0.13,28.073,128.2370961422007,13225628303,2026-07-03 04:33:41.356183,03/07/26,4:33:41
38202,0.09,38.202,94.23590387937804,13225666505,2026-07-03 04:34:19.558183,03/07/26,4:34:19
38328,0.09,38.328,93.9261114589856,13225704833,2026-07-03 04:34:57.886183,03/07/26,4:34:57
38052,0.09,38.052,94.6073793755913,13225742885,2026-07-03 04:35:35.938183,03/07/26,4:35:35
38186,0.09,38.186,94.27538888597915,13225781071,2026-07-03 04:36:14.124183,03/07/26,4:36:14
38654,0.09,38.654,93.13395767579034,13225819725,2026-07-03 04:36:52.778183,03/07/26,4:36:52
37627,0.09,37.627,95.67597735668537,13225857352,2026-07-03 04:37:30.405183,03/07/26,4:37:30
37990,0.09,37.99,94.76177941563569,13225895342,2026-07-03 04:38:08.395183,03/07/26,4:38:8
37941,0.09,37.941,94.88416225191745,13225933283,2026-07-03 04:38:46.336183,03/07/26,4:38:46
37435,0.1,37.435,96.16668892747428,13225970718,2026-07-03 04:39:23.771183,03/07/26,4:39:23
38154,0.09,38.154,94.35445824815223,13226008872,2026-07-03 04:40:01.925183,03/07/26,4:40:1
37394,0.1,37.394,96.27212921859122,13226046266,2026-07-03 04:40:39.319183,03/07/26,4:40:39
38190,0.09,38.19,94.26551453260015,13226084456,2026-07-03 04:41:17.509183,03/07/26,4:41:17
38050,0.09,38.05,94.61235216819973,13226122506,2026-07-03 04:41:55.559183,03/07/26,4:41:55
37786,0.09,37.786,95.27338167575293,13226160292,2026-07-03 04:42:33.345183,03/07/26,4:42:33
37353,0.1,37.353,96.37780097984097,13226197645,2026-07-03 04:43:10.698183,03/07/26,4:43:10
37864,0.09,37.864,95.07711810690894,13226235509,2026-07-03 04:43:48.562183,03/07/26,4:43:48
38009,0.09,38.009,94.71440974506038,13226273518,2026-07-03 04:44:26.571183,03/07/26,4:44:26
38486,0.09,38.486,93.54050823676143,13226312004,2026-07-03 04:45:05.057183,03/07/26,4:45:5
38919,0.09,38.919,92.49980729206814,13226350923,2026-07-03 04:45:43.976183,03/07/26,4:45:43
37867,0.09,37.867,95.06958565505586,13226388790,2026-07-03 04:46:21.843183,03/07/26,4:46:21
37994,0.09,37.994,94.75180291624993,13226426784,2026-07-03 04:46:59.837183,03/07/26,4:46:59
38060,0.09,38.06,94.58749343142406,13226464844,2026-07-03 04:47:37.897183,03/07/26,4:47:37
38471,0.09,38.471,93.57698006290452,13226503315,2026-07-03 04:48:16.368183,03/07/26,4:48:16
38551,0.09,38.551,93.38279162667635,13226541866,2026-07-03 04:48:54.919183,03/07/26,4:48:54
38097,0.09,38.097,94.49562957713206,13226579963,2026-07-03 04:49:33.016183,03/07/26,4:49:33
38003,0.09,38.003,94.7293634713049,13226617966,2026-07-03 04:50:11.019183,03/07/26,4:50:11
38181,0.09,38.181,94.28773473717294,13226656147,2026-07-03 04:50:49.200183,03/07/26,4:50:49
38415,0.09,38.415,93.713393205779,13226694562,2026-07-03 04:51:27.615183,03/07/26,4:51:27
38204,0.09,38.204,94.23097057899696,13226732766,2026-07-03 04:52:05.819183,03/07/26,4:52:5
38559,0.09,38.559,93.3634171010659,13226771325,2026-07-03 04:52:44.378183,03/07/26,4:52:44
38855,0.09,38.855,92.65216831810578,13226810180,2026-07-03 04:53:23.233183,03/07/26,4:53:23
38894,0.09,38.894,92.55926363963593,13226849074,2026-07-03 04:54:02.127183,03/07/26,4:54:2
38754,0.09,38.754,92.89363678588016,13226887828,2026-07-03 04:54:40.881183,03/07/26,4:54:40
38819,0.09,38.819,92.73809217135938,13226926647,2026-07-03 04:55:19.700183,03/07/26,4:55:19
38147,0.09,38.147,94.37177235431358,13226964794,2026-07-03 04:55:57.847183,03/07/26,4:55:57
38248,0.09,38.248,94.12256850031375,13227003042,2026-07-03 04:56:36.095183,03/07/26,4:56:36
37994,0.09,37.994,94.75180291624993,13227041036,2026-07-03 04:57:14.089183,03/07/26,4:57:14
38062,0.09,38.062,94.58252325153697,13227079098,2026-07-03 04:57:52.151183,03/07/26,4:57:52
37938,0.09,37.938,94.89166534872687,13227117036,2026-07-03 04:58:30.089183,03/07/26,4:58:30
38563,0.09,38.563,93.35373285273448,13227155599,2026-07-03 04:59:08.652183,03/07/26,4:59:8
38652,0.09,38.652,93.13877677739832,13227194251,2026-07-03 04:59:47.304183,03/07/26,4:59:47
37969,0.09,37.969,94.8141905238484,13227232220,2026-07-03 05:00:25.273183,03/07/26,5:0:25
37243,0.1,37.243,96.66246005960852,13227269463,2026-07-03 05:01:02.516183,03/07/26,5:1:2
36810,0.1,36.81,97.79951100244499,13227306273,2026-07-03 05:01:39.326183,03/07/26,5:1:39
37891,0.09,37.891,95.00936897944104,13227344164,2026-07-03 05:02:17.217183,03/07/26,5:2:17
37929,0.09,37.929,94.91418176065807,13227382093,2026-07-03 05:02:55.146183,03/07/26,5:2:55
37837,0.09,37.837,95.14496392420118,13227419930,2026-07-03 05:03:32.983183,03/07/26,5:3:32
30892,0.12,30.892,116.53502524925547,13227450822,2026-07-03 05:04:03.875183,03/07/26,5:4:3
20319,0.18,20.319,177.17407352724052,13227471141,2026-07-03 05:04:24.194183,03/07/26,5:4:24
19885,0.18,19.885,181.04098566758864,13227491026,2026-07-03 05:04:44.079183,03/07/26,5:4:44
19970,0.18,19.97,180.27040560841263,13227510996,2026-07-03 05:05:04.049183,03/07/26,5:5:4
20129,0.18,20.129,178.8464404590392,13227531125,2026-07-03 05:05:24.178183,03/07/26,5:5:24
20419,0.18,20.419,176.30638131152358,13227551544,2026-07-03 05:05:44.597183,03/07/26,5:5:44
20318,0.18,20.318,177.1827935820455,13227571862,2026-07-03 05:06:04.915183,03/07/26,5:6:4
20579,0.17,20.579,174.93561397541183,13227592441,2026-07-03 05:06:25.494183,03/07/26,5:6:25
20567,0.17,20.567,175.03768172314872,13227613008,2026-07-03 05:06:46.061183,03/07/26,5:6:46
20892,0.17,20.892,172.3147616312464,13227633900,2026-07-03 05:07:06.953183,03/07/26,5:7:6
20889,0.17,20.889,172.33950883239982,13227654789,2026-07-03 05:07:27.842183,03/07/26,5:7:27
21101,0.17,21.101,170.6080280555424,13227675890,2026-07-03 05:07:48.943183,03/07/26,5:7:48
21218,0.17,21.218,169.66726364407577,13227697108,2026-07-03 05:08:10.161183,03/07/26,5:8:10
21282,0.17,21.282,169.15703411333521,13227718390,2026-07-03 05:08:31.443183,03/07/26,5:8:31
21332,0.17,21.332,168.76054753422088,13227739722,2026-07-03 05:08:52.775183,03/07/26,5:8:52
21431,0.17,21.431,167.98096215762214,13227761153,2026-07-03 05:09:14.206183,03/07/26,5:9:14
21542,0.17,21.542,167.11540246959427,13227782695,2026-07-03 05:09:35.748183,03/07/26,5:9:35
21595,0.17,21.595,166.7052558462607,13227804290,2026-07-03 05:09:57.343183,03/07/26,5:9:57
21590,0.17,21.59,166.7438628994905,13227825880,2026-07-03 05:10:18.933183,03/07/26,5:10:18
21310,0.17,21.31,168.9347724073205,13227847190,2026-07-03 05:10:40.243183,03/07/26,5:10:40
21480,0.17,21.48,167.5977653631285,13227868670,2026-07-03 05:11:01.723183,03/07/26,5:11:1
21603,0.17,21.603,166.64352173309263,13227890273,2026-07-03 05:11:23.326183,03/07/26,5:11:23
21578,0.17,21.578,166.8365928260265,13227911851,2026-07-03 05:11:44.904183,03/07/26,5:11:44
37001,0.1,37.001,97.29466771168347,13227948852,2026-07-03 05:12:21.905183,03/07/26,5:12:21
37339,0.1,37.339,96.41393717025095,13227986191,2026-07-03 05:12:59.244183,03/07/26,5:12:59
37170,0.1,37.17,96.85230024213075,13228023361,2026-07-03 05:13:36.414183,03/07/26,5:13:36
37994,0.09,37.994,94.75180291624993,13228061355,2026-07-03 05:14:14.408183,03/07/26,5:14:14
37335,0.1,37.335,96.42426677380475,13228098690,2026-07-03 05:14:51.743183,03/07/26,5:14:51
37381,0.1,37.381,96.30560980177096,13228136071,2026-07-03 05:15:29.124183,03/07/26,5:15:29
37660,0.09,37.66,95.59214020180563,13228173731,2026-07-03 05:16:06.784183,03/07/26,5:16:6
37614,0.09,37.614,95.7090445047057,13228211345,2026-07-03 05:16:44.398183,03/07/26,5:16:44
37295,0.1,37.295,96.52768467623005,13228248640,2026-07-03 05:17:21.693183,03/07/26,5:17:21
37398,0.1,37.398,96.26183218353923,13228286038,2026-07-03 05:17:59.091183,03/07/26,5:17:59
36979,0.1,36.979,97.3525514481192,13228323017,2026-07-03 05:18:36.070183,03/07/26,5:18:36
37124,0.1,37.124,96.97230901842474,13228360141,2026-07-03 05:19:13.194183,03/07/26,5:19:13
37069,0.1,37.069,97.11618872912676,13228397210,2026-07-03 05:19:50.263183,03/07/26,5:19:50
37187,0.1,37.187,96.80802430957056,13228434397,2026-07-03 05:20:27.450183,03/07/26,5:20:27
37207,0.1,37.207,96.75598677668181,13228471604,2026-07-03 05:21:04.657183,03/07/26,5:21:4
36783,0.1,36.783,97.87129924149743,13228508387,2026-07-03 05:21:41.440183,03/07/26,5:21:41
37330,0.1,37.33,96.43718189124029,13228545717,2026-07-03 05:22:18.770183,03/07/26,5:22:18
37482,0.1,37.482,96.04610212902193,13228583199,2026-07-03 05:22:56.252183,03/07/26,5:22:56
37453,0.1,37.453,96.12047099030785,13228620652,2026-07-03 05:23:33.705183,03/07/26,5:23:33
37257,0.1,37.257,96.62613737015863,13228657909,2026-07-03 05:24:10.962183,03/07/26,5:24:10
37868,0.09,37.868,95.06707510298934,13228695777,2026-07-03 05:24:48.830183,03/07/26,5:24:48
37940,0.09,37.94,94.8866631523458,13228733717,2026-07-03 05:25:26.770183,03/07/26,5:25:26
37685,0.09,37.685,95.5287249568794,13228771402,2026-07-03 05:26:04.455183,03/07/26,5:26:4
37460,0.1,37.46,96.10250934329952,13228808862,2026-07-03 05:26:41.915183,03/07/26,5:26:41
37442,0.1,37.442,96.14871000480744,13228846304,2026-07-03 05:27:19.357183,03/07/26,5:27:19
37792,0.09,37.792,95.25825571549534,13228884096,2026-07-03 05:27:57.149183,03/07/26,5:27:57
37857,0.09,37.857,95.09469847056026,13228921953,2026-07-03 05:28:35.006183,03/07/26,5:28:35
37928,0.09,37.928,94.91668424383042,13228959881,2026-07-03 05:29:12.934183,03/07/26,5:29:12
38321,0.09,38.321,93.94326870384384,13228998202,2026-07-03 05:29:51.255183,03/07/26,5:29:51
38376,0.09,38.376,93.80863039399625,13229036578,2026-07-03 05:30:29.631183,03/07/26,5:30:29
37961,0.09,37.961,94.83417191327942,13229074539,2026-07-03 05:31:07.592183,03/07/26,5:31:7
38638,0.09,38.638,93.17252445778767,13229113177,2026-07-03 05:31:46.230183,03/07/26,5:31:46
38848,0.09,38.848,92.66886326194398,13229152025,2026-07-03 05:32:25.078183,03/07/26,5:32:25
39001,0.09,39.001,92.30532550447424,13229191026,2026-07-03 05:33:04.079183,03/07/26,5:33:4
38878,0.09,38.878,92.59735583106126,13229229904,2026-07-03 05:33:42.957183,03/07/26,5:33:42
38832,0.09,38.832,92.7070457354759,13229268736,2026-07-03 05:34:21.789183,03/07/26,5:34:21
38273,0.09,38.273,94.06108745068325,13229307009,2026-07-03 05:35:00.062183,03/07/26,5:35:0
38864,0.09,38.864,92.63071222725401,13229345873,2026-07-03 05:35:38.926183,03/07/26,5:35:38
38107,0.09,38.107,94.47083213057968,13229383980,2026-07-03 05:36:17.033183,03/07/26,5:36:17
38962,0.09,38.962,92.39772085621888,13229422942,2026-07-03 05:36:55.995183,03/07/26,5:36:55
37715,0.09,37.715,95.45273763754474,13229460657,2026-07-03 05:37:33.710183,03/07/26,5:37:33
38040,0.09,38.04,94.6372239747634,13229498697,2026-07-03 05:38:11.750183,03/07/26,5:38:11
38068,0.09,38.068,94.56761584532941,13229536765,2026-07-03 05:38:49.818183,03/07/26,5:38:49
37755,0.09,37.755,95.35160905840286,13229574520,2026-07-03 05:39:27.573183,03/07/26,5:39:27
37594,0.09,37.594,95.75996169601532,13229612114,2026-07-03 05:40:05.167183,03/07/26,5:40:5
37615,0.09,37.615,95.70650006646285,13229649729,2026-07-03 05:40:42.782183,03/07/26,5:40:42
38052,0.09,38.052,94.6073793755913,13229687781,2026-07-03 05:41:20.834183,03/07/26,5:41:20
31299,0.12,31.299,115.01964919006997,13229719080,2026-07-03 05:41:52.133183,03/07/26,5:41:52
20221,0.18,20.221,178.03273824242123,13229739301,2026-07-03 05:42:12.354183,03/07/26,5:42:12
20272,0.18,20.272,177.5848460931334,13229759573,2026-07-03 05:42:32.626183,03/07/26,5:42:32
20080,0.18,20.08,179.28286852589642,13229779653,2026-07-03 05:42:52.706183,03/07/26,5:42:52
20378,0.18,20.378,176.66110511335754,13229800031,2026-07-03 05:43:13.084183,03/07/26,5:43:13
20352,0.18,20.352,176.88679245283018,13229820383,2026-07-03 05:43:33.436183,03/07/26,5:43:33
20616,0.17,20.616,174.62165308498254,13229840999,2026-07-03 05:43:54.052183,03/07/26,5:43:54
20651,0.17,20.651,174.32569851338917,13229861650,2026-07-03 05:44:14.703183,03/07/26,5:44:14
20947,0.17,20.947,171.86231918651836,13229882597,2026-07-03 05:44:35.650183,03/07/26,5:44:35
20814,0.17,20.814,172.96050735082156,13229903411,2026-07-03 05:44:56.464183,03/07/26,5:44:56
21285,0.17,21.285,169.13319238900635,13229924696,2026-07-03 05:45:17.749183,03/07/26,5:45:17
21520,0.17,21.52,167.28624535315984,13229946216,2026-07-03 05:45:39.269183,03/07/26,5:45:39
21395,0.17,21.395,168.26361299369012,13229967611,2026-07-03 05:46:00.664183,03/07/26,5:46:0
21486,0.17,21.486,167.55096341803966,13229989097,2026-07-03 05:46:22.150183,03/07/26,5:46:22
21629,0.17,21.629,166.44320125757085,13230010726,2026-07-03 05:46:43.779183,03/07/26,5:46:43
21600,0.17,21.6,166.66666666666666,13230032326,2026-07-03 05:47:05.379183,03/07/26,5:47:5
21832,0.16,21.832,164.89556614144377,13230054158,2026-07-03 05:47:27.211183,03/07/26,5:47:27
21941,0.16,21.941,164.07638667335127,13230076099,2026-07-03 05:47:49.152183,03/07/26,5:47:49
22040,0.16,22.04,163.3393829401089,13230098139,2026-07-03 05:48:11.192183,03/07/26,5:48:11
22063,0.16,22.063,163.1691066491411,13230120202,2026-07-03 05:48:33.255183,03/07/26,5:48:33
22128,0.16,22.128,162.68980477223428,13230142330,2026-07-03 05:48:55.383183,03/07/26,5:48:55
22199,0.16,22.199,162.1694670931123,13230164529,2026-07-03 05:49:17.582183,03/07/26,5:49:17
28188,0.13,28.188,127.7139208173691,13230192717,2026-07-03 05:49:45.770183,03/07/26,5:49:45
38527,0.09,38.527,93.44096348015677,13230231244,2026-07-03 05:50:24.297183,03/07/26,5:50:24
38587,0.09,38.587,93.29566952600617,13230269831,2026-07-03 05:51:02.884183,03/07/26,5:51:2
38553,0.09,38.553,93.37794724145981,13230308384,2026-07-03 05:51:41.437183,03/07/26,5:51:41
38156,0.09,38.156,94.34951252751861,13230346540,2026-07-03 05:52:19.593183,03/07/26,5:52:19
38441,0.09,38.441,93.650009104862,13230384981,2026-07-03 05:52:58.034183,03/07/26,5:52:58
38872,0.09,38.872,92.61164848734307,13230423853,2026-07-03 05:53:36.906183,03/07/26,5:53:36
38860,0.09,38.86,92.64024704065878,13230462713,2026-07-03 05:54:15.766183,03/07/26,5:54:15
38883,0.09,38.883,92.58544865365327,13230501596,2026-07-03 05:54:54.649183,03/07/26,5:54:54
38133,0.09,38.133,94.40641963653529,13230539729,2026-07-03 05:55:32.782183,03/07/26,5:55:32
38392,0.09,38.392,93.7695353198583,13230578121,2026-07-03 05:56:11.174183,03/07/26,5:56:11
39007,0.09,39.007,92.29112723357346,13230617128,2026-07-03 05:56:50.181183,03/07/26,5:56:50
38992,0.09,38.992,92.32663110381617,13230656120,2026-07-03 05:57:29.173183,03/07/26,5:57:29
39007,0.09,39.007,92.29112723357346,13230695127,2026-07-03 05:58:08.180183,03/07/26,5:58:8
39146,0.09,39.146,91.9634189955551,13230734273,2026-07-03 05:58:47.326183,03/07/26,5:58:47
39121,0.09,39.121,92.02218757189233,13230773394,2026-07-03 05:59:26.447183,03/07/26,5:59:26
38973,0.09,38.973,92.37164190593488,13230812367,2026-07-03 06:00:05.420183,03/07/26,6:0:5
37618,0.09,37.618,95.6988675634005,13230849985,2026-07-03 06:00:43.038183,03/07/26,6:0:43
37639,0.09,37.639,95.64547410930152,13230887624,2026-07-03 06:01:20.677183,03/07/26,6:1:20
37648,0.09,37.648,95.62260943476413,13230925272,2026-07-03 06:01:58.325183,03/07/26,6:1:58
37721,0.09,37.721,95.4375546777657,13230962993,2026-07-03 06:02:36.046183,03/07/26,6:2:36
38276,0.09,38.276,94.0537151217473,13231001269,2026-07-03 06:03:14.322183,03/07/26,6:3:14
38303,0.09,38.303,93.98741612928491,13231039572,2026-07-03 06:03:52.625183,03/07/26,6:3:52
38341,0.09,38.341,93.89426462533581,13231077913,2026-07-03 06:04:30.966183,03/07/26,6:4:30
38361,0.09,38.361,93.84531164463908,13231116274,2026-07-03 06:05:09.327183,03/07/26,6:5:9
38284,0.09,38.284,94.03406122662209,13231154558,2026-07-03 06:05:47.611183,03/07/26,6:5:47
38434,0.09,38.434,93.66706561898319,13231192992,2026-07-03 06:06:26.045183,03/07/26,6:6:26
38365,0.09,38.365,93.83552717320474,13231231357,2026-07-03 06:07:04.410183,03/07/26,6:7:4
38503,0.09,38.503,93.49920785393346,13231269860,2026-07-03 06:07:42.913183,03/07/26,6:7:42
38485,0.09,38.485,93.54293880732753,13231308345,2026-07-03 06:08:21.398183,03/07/26,6:8:21
38295,0.09,38.295,94.00705052878966,13231346640,2026-07-03 06:08:59.693183,03/07/26,6:8:59
38440,0.09,38.44,93.65244536940686,13231385080,2026-07-03 06:09:38.133183,03/07/26,6:9:38
38591,0.09,38.591,93.28599932626778,13231423671,2026-07-03 06:10:16.724183,03/07/26,6:10:16
38430,0.09,38.43,93.6768149882904,13231462101,2026-07-03 06:10:55.154183,03/07/26,6:10:55
39006,0.09,39.006,92.29349330872174,13231501107,2026-07-03 06:11:34.160183,03/07/26,6:11:34
39552,0.09,39.552,91.01941747572816,13231540659,2026-07-03 06:12:13.712183,03/07/26,6:12:13
39430,0.09,39.43,91.30103981739792,13231580089,2026-07-03 06:12:53.142183,03/07/26,6:12:53
39470,0.09,39.47,91.2085127945275,13231619559,2026-07-03 06:13:32.612183,03/07/26,6:13:32
39458,0.09,39.458,91.23625120381165,13231659017,2026-07-03 06:14:12.070183,03/07/26,6:14:12
39469,0.09,39.469,91.21082368441056,13231698486,2026-07-03 06:14:51.539183,03/07/26,6:14:51
39177,0.09,39.177,91.89065012634964,13231737663,2026-07-03 06:15:30.716183,03/07/26,6:15:30
39270,0.09,39.27,91.67303284950344,13231776933,2026-07-03 06:16:09.986183,03/07/26,6:16:9
39490,0.09,39.49,91.16231957457585,13231816423,2026-07-03 06:16:49.476183,03/07/26,6:16:49
39604,0.09,39.604,90.8999091000909,13231856027,2026-07-03 06:17:29.080183,03/07/26,6:17:29
39417,0.09,39.417,91.33115153360225,13231895444,2026-07-03 06:18:08.497183,03/07/26,6:18:8
39109,0.09,39.109,92.05042317625099,13231934553,2026-07-03 06:18:47.606183,03/07/26,6:18:47
39296,0.09,39.296,91.61237785016287,13231973849,2026-07-03 06:19:26.902183,03/07/26,6:19:26
39602,0.09,39.602,90.90449977273875,13232013451,2026-07-03 06:20:06.504183,03/07/26,6:20:6
19076,0.19,19.076,188.7188089746278,13232032527,2026-07-03 06:20:25.580183,03/07/26,6:20:25
20713,0.17,20.713,173.80389127601023,13232053240,2026-07-03 06:20:46.293183,03/07/26,6:20:46
20653,0.17,20.653,174.30881712099938,13232073893,2026-07-03 06:21:06.946183,03/07/26,6:21:6
20606,0.17,20.606,174.70639619528293,13232094499,2026-07-03 06:21:27.552183,03/07/26,6:21:27
20856,0.17,20.856,172.61219792865361,13232115355,2026-07-03 06:21:48.408183,03/07/26,6:21:48
20962,0.17,20.962,171.73933784944185,13232136317,2026-07-03 06:22:09.370183,03/07/26,6:22:9
21104,0.17,21.104,170.58377558756635,13232157421,2026-07-03 06:22:30.474183,03/07/26,6:22:30
21072,0.17,21.072,170.84282460136674,13232178493,2026-07-03 06:22:51.546183,03/07/26,6:22:51
21380,0.17,21.38,168.38166510757716,13232199873,2026-07-03 06:23:12.926183,03/07/26,6:23:12
21523,0.17,21.523,167.26292803047903,13232221396,2026-07-03 06:23:34.449183,03/07/26,6:23:34
21607,0.17,21.607,166.61267181931782,13232243003,2026-07-03 06:23:56.056183,03/07/26,6:23:56
21663,0.17,21.663,166.1819692563357,13232264666,2026-07-03 06:24:17.719183,03/07/26,6:24:17
21807,0.17,21.807,165.0846058605035,13232286473,2026-07-03 06:24:39.526183,03/07/26,6:24:39
21863,0.16,21.863,164.66175730686547,13232308336,2026-07-03 06:25:01.389183,03/07/26,6:25:1
21915,0.16,21.915,164.2710472279261,13232330251,2026-07-03 06:25:23.304183,03/07/26,6:25:23
21924,0.16,21.924,164.20361247947454,13232352175,2026-07-03 06:25:45.228183,03/07/26,6:25:45
22042,0.16,22.042,163.32456219943745,13232374217,2026-07-03 06:26:07.270183,03/07/26,6:26:7
22099,0.16,22.099,162.90329879180052,13232396316,2026-07-03 06:26:29.369183,03/07/26,6:26:29
22129,0.16,22.129,162.68245288987302,13232418445,2026-07-03 06:26:51.498183,03/07/26,6:26:51
22195,0.16,22.195,162.19869339941428,13232440640,2026-07-03 06:27:13.693183,03/07/26,6:27:13
22322,0.16,22.322,161.27587133769376,13232462962,2026-07-03 06:27:36.015183,03/07/26,6:27:36
27866,0.13,27.866,129.18969353333813,13232490828,2026-07-03 06:28:03.881183,03/07/26,6:28:3
38967,0.09,38.967,92.38586496266072,13232529795,2026-07-03 06:28:42.848183,03/07/26,6:28:42
39332,0.09,39.332,91.5285263907251,13232569127,2026-07-03 06:29:22.180183,03/07/26,6:29:22
39558,0.09,39.558,91.00561201274078,13232608685,2026-07-03 06:30:01.738183,03/07/26,6:30:1
39508,0.09,39.508,91.12078566366306,13232648193,2026-07-03 06:30:41.246183,03/07/26,6:30:41
38930,0.09,38.93,92.47367069098382,13232687123,2026-07-03 06:31:20.176183,03/07/26,6:31:20
39350,0.09,39.35,91.4866581956798,13232726473,2026-07-03 06:31:59.526183,03/07/26,6:31:59
39336,0.09,39.336,91.51921903599757,13232765809,2026-07-03 06:32:38.862183,03/07/26,6:32:38
39411,0.09,39.411,91.34505594884676,13232805220,2026-07-03 06:33:18.273183,03/07/26,6:33:18
39656,0.09,39.656,90.78071414161792,13232844876,2026-07-03 06:33:57.929183,03/07/26,6:33:57
39466,0.09,39.466,91.21775705670704,13232884342,2026-07-03 06:34:37.395183,03/07/26,6:34:37
38078,0.09,38.078,94.54278060822523,13232922420,2026-07-03 06:35:15.473183,03/07/26,6:35:15
38120,0.09,38.12,94.43861490031479,13232960540,2026-07-03 06:35:53.593183,03/07/26,6:35:53
38530,0.09,38.53,93.43368803529717,13232999070,2026-07-03 06:36:32.123183,03/07/26,6:36:32
38665,0.09,38.665,93.10746152851416,13233037735,2026-07-03 06:37:10.788183,03/07/26,6:37:10
38112,0.09,38.112,94.45843828715365,13233075847,2026-07-03 06:37:48.900183,03/07/26,6:37:48
37608,0.09,37.608,95.72431397574984,13233113455,2026-07-03 06:38:26.508183,03/07/26,6:38:26
37803,0.09,37.803,95.2305372589477,13233151258,2026-07-03 06:39:04.311183,03/07/26,6:39:4
37873,0.09,37.873,95.05452433131782,13233189131,2026-07-03 06:39:42.184183,03/07/26,6:39:42
37807,0.09,37.807,95.22046181923983,13233226938,2026-07-03 06:40:19.991183,03/07/26,6:40:19
37909,0.09,37.909,94.96425650900842,13233264847,2026-07-03 06:40:57.900183,03/07/26,6:40:57
37895,0.09,37.895,94.99934028235916,13233302742,2026-07-03 06:41:35.795183,03/07/26,6:41:35
37856,0.09,37.856,95.09721048182587,13233340598,2026-07-03 06:42:13.651183,03/07/26,6:42:13
37449,0.1,37.449,96.13073780341264,13233378047,2026-07-03 06:42:51.100183,03/07/26,6:42:51
37703,0.09,37.703,95.48311805426624,13233415750,2026-07-03 06:43:28.803183,03/07/26,6:43:28
38053,0.09,38.053,94.60489317530812,13233453803,2026-07-03 06:44:06.856183,03/07/26,6:44:6
38030,0.09,38.03,94.6621088614252,13233491833,2026-07-03 06:44:44.886183,03/07/26,6:44:44
37836,0.09,37.836,95.14747859181732,13233529669,2026-07-03 06:45:22.722183,03/07/26,6:45:22
38187,0.09,38.187,94.27292010370022,13233567856,2026-07-03 06:46:00.909183,03/07/26,6:46:0
38933,0.09,38.933,92.4665450902833,13233606789,2026-07-03 06:46:39.842183,03/07/26,6:46:39
39522,0.09,39.522,91.08850766661607,13233646311,2026-07-03 06:47:19.364183,03/07/26,6:47:19
39684,0.09,39.684,90.71666162685213,13233685995,2026-07-03 06:47:59.048183,03/07/26,6:47:59
39397,0.09,39.397,91.37751605452192,13233725392,2026-07-03 06:48:38.445183,03/07/26,6:48:38
39319,0.09,39.319,91.55878837203387,13233764711,2026-07-03 06:49:17.764183,03/07/26,6:49:17
39503,0.09,39.503,91.13231906437485,13233804214,2026-07-03 06:49:57.267183,03/07/26,6:49:57
39466,0.09,39.466,91.21775705670704,13233843680,2026-07-03 06:50:36.733183,03/07/26,6:50:36
39388,0.09,39.388,91.39839545039098,13233883068,2026-07-03 06:51:16.121183,03/07/26,6:51:16
39470,0.09,39.47,91.2085127945275,13233922538,2026-07-03 06:51:55.591183,03/07/26,6:51:55
39512,0.09,39.512,91.1115610447459,13233962050,2026-07-03 06:52:35.103183,03/07/26,6:52:35
39462,0.09,39.462,91.2270031929451,13234001512,2026-07-03 06:53:14.565183,03/07/26,6:53:14
39687,0.09,39.687,90.7098042180059,13234041199,2026-07-03 06:53:54.252183,03/07/26,6:53:54
39489,0.09,39.489,91.16462812428777,13234080688,2026-07-03 06:54:33.741183,03/07/26,6:54:33
39516,0.09,39.516,91.10233829334953,13234120204,2026-07-03 06:55:13.257183,03/07/26,6:55:13
39346,0.09,39.346,91.49595892848066,13234159550,2026-07-03 06:55:52.603183,03/07/26,6:55:52
39559,0.09,39.559,91.00331150939104,13234199109,2026-07-03 06:56:32.162183,03/07/26,6:56:32
39641,0.09,39.641,90.8150652102621,13234238750,2026-07-03 06:57:11.803183,03/07/26,6:57:11
39709,0.09,39.709,90.6595482132514,13234278459,2026-07-03 06:57:51.512183,03/07/26,6:57:51
39183,0.09,39.183,91.87657912870378,13234317642,2026-07-03 06:58:30.695183,03/07/26,6:58:30
26975,0.13,26.975,133.4569045412419,13234344617,2026-07-03 06:58:57.670183,03/07/26,6:58:57
20717,0.17,20.717,173.77033354250133,13234365334,2026-07-03 06:59:18.387183,03/07/26,6:59:18
20562,0.17,20.562,175.08024511234316,13234385896,2026-07-03 06:59:38.949183,03/07/26,6:59:38
20449,0.18,20.449,176.04772849528095,13234406345,2026-07-03 06:59:59.398183,03/07/26,6:59:59
17028,0.21,17.028,211.41649048625794,13234423373,2026-07-03 07:00:16.426183,03/07/26,7:0:16
16630,0.22,16.63,216.47624774503907,13234440003,2026-07-03 07:00:33.056183,03/07/26,7:0:33
17241,0.21,17.241,208.80459370106144,13234457244,2026-07-03 07:00:50.297183,03/07/26,7:0:50
17461,0.21,17.461,206.1737586621614,13234474705,2026-07-03 07:01:07.758183,03/07/26,7:1:7
17556,0.2,17.556,205.0580997949419,13234492261,2026-07-03 07:01:25.314183,03/07/26,7:1:25
17274,0.21,17.274,208.4056964223689,13234509535,2026-07-03 07:01:42.588183,03/07/26,7:1:42
14330,0.25,14.33,251.2212142358688,13234523865,2026-07-03 07:01:56.918183,03/07/26,7:1:56
1506,2.39,1.506,2390.438247011952,13234525371,2026-07-03 07:01:58.424183,03/07/26,7:1:58
1507,2.39,1.507,2388.8520238885203,13234526878,2026-07-03 07:01:59.931183,03/07/26,7:1:59
1521,2.37,1.521,2366.8639053254437,13234528399,2026-07-03 07:02:01.452183,03/07/26,7:2:1
1529,2.35,1.529,2354.480052321779,13234529928,2026-07-03 07:02:02.981183,03/07/26,7:2:2
1524,2.36,1.524,2362.2047244094488,13234531452,2026-07-03 07:02:04.505183,03/07/26,7:2:4
1527,2.36,1.527,2357.563850687623,13234532979,2026-07-03 07:02:06.032183,03/07/26,7:2:6
1524,2.36,1.524,2362.2047244094488,13234534503,2026-07-03 07:02:07.556183,03/07/26,7:2:7
1525,2.36,1.525,2360.655737704918,13234536028,2026-07-03 07:02:09.081183,03/07/26,7:2:9
1525,2.36,1.525,2360.655737704918,13234537553,2026-07-03 07:02:10.606183,03/07/26,7:2:10
1527,2.36,1.527,2357.563850687623,13234539080,2026-07-03 07:02:12.133183,03/07/26,7:2:12
1527,2.36,1.527,2357.563850687623,13234540607,2026-07-03 07:02:13.660183,03/07/26,7:2:13
1531,2.35,1.531,2351.4043109079034,13234542138,2026-07-03 07:02:15.191183,03/07/26,7:2:15
1528,2.36,1.528,2356.020942408377,13234543666,2026-07-03 07:02:16.719183,03/07/26,7:2:16
1526,2.36,1.526,2359.1087811271295,13234545192,2026-07-03 07:02:18.245183,03/07/26,7:2:18
1529,2.35,1.529,2354.480052321779,13234546721,2026-07-03 07:02:19.774183,03/07/26,7:2:19
1528,2.36,1.528,2356.020942408377,13234548249,2026-07-03 07:02:21.302183,03/07/26,7:2:21
1529,2.35,1.529,2354.480052321779,13234549778,2026-07-03 07:02:22.831183,03/07/26,7:2:22
1523,2.36,1.523,2363.7557452396586,13234551301,2026-07-03 07:02:24.354183,03/07/26,7:2:24
1530,2.35,1.53,2352.9411764705883,13234552831,2026-07-03 07:02:25.884183,03/07/26,7:2:25
1534,2.35,1.534,2346.805736636245,13234554365,2026-07-03 07:02:27.418183,03/07/26,7:2:27
1537,2.34,1.537,2342.225113858165,13234555902,2026-07-03 07:02:28.955183,03/07/26,7:2:28
1536,2.34,1.536,2343.75,13234557438,2026-07-03 07:02:30.491183,03/07/26,7:2:30
1536,2.34,1.536,2343.75,13234558974,2026-07-03 07:02:32.027183,03/07/26,7:2:32
1531,2.35,1.531,2351.4043109079034,13234560505,2026-07-03 07:02:33.558183,03/07/26,7:2:33
1538,2.34,1.538,2340.702210663199,13234562043,2026-07-03 07:02:35.096183,03/07/26,7:2:35
1534,2.35,1.534,2346.805736636245,13234563577,2026-07-03 07:02:36.630183,03/07/26,7:2:36
1536,2.34,1.536,2343.75,13234565113,2026-07-03 07:02:38.166183,03/07/26,7:2:38
1539,2.34,1.539,2339.1812865497077,13234566652,2026-07-03 07:02:39.705183,03/07/26,7:2:39
1537,2.34,1.537,2342.225113858165,13234568189,2026-07-03 07:02:41.242183,03/07/26,7:2:41
1537,2.34,1.537,2342.225113858165,13234569726,2026-07-03 07:02:42.779183,03/07/26,7:2:42
1528,2.36,1.528,2356.020942408377,13234571254,2026-07-03 07:02:44.307183,03/07/26,7:2:44
1535,2.35,1.535,2345.2768729641693,13234572789,2026-07-03 07:02:45.842183,03/07/26,7:2:45
1535,2.35,1.535,2345.2768729641693,13234574324,2026-07-03 07:02:47.377183,03/07/26,7:2:47
1534,2.35,1.534,2346.805736636245,13234575858,2026-07-03 07:02:48.911183,03/07/26,7:2:48
1535,2.35,1.535,2345.2768729641693,13234577393,2026-07-03 07:02:50.446183,03/07/26,7:2:50
1533,2.35,1.533,2348.3365949119375,13234578926,2026-07-03 07:02:51.979183,03/07/26,7:2:51
1531,2.35,1.531,2351.4043109079034,13234580457,2026-07-03 07:02:53.510183,03/07/26,7:2:53
1536,2.34,1.536,2343.75,13234581993,2026-07-03 07:02:55.046183,03/07/26,7:2:55
1533,2.35,1.533,2348.3365949119375,13234583526,2026-07-03 07:02:56.579183,03/07/26,7:2:56
1530,2.35,1.53,2352.9411764705883,13234585056,2026-07-03 07:02:58.109183,03/07/26,7:2:58
1527,2.36,1.527,2357.563850687623,13234586583,2026-07-03 07:02:59.636183,03/07/26,7:2:59
1528,2.36,1.528,2356.020942408377,13234588111,2026-07-03 07:03:01.164183,03/07/26,7:3:1
1531,2.35,1.531,2351.4043109079034,13234589642,2026-07-03 07:03:02.695183,03/07/26,7:3:2
1527,2.36,1.527,2357.563850687623,13234591169,2026-07-03 07:03:04.222183,03/07/26,7:3:4
1533,2.35,1.533,2348.3365949119375,13234592702,2026-07-03 07:03:05.755183,03/07/26,7:3:5
1531,2.35,1.531,2351.4043109079034,13234594233,2026-07-03 07:03:07.286183,03/07/26,7:3:7
1529,2.35,1.529,2354.480052321779,13234595762,2026-07-03 07:03:08.815183,03/07/26,7:3:8
1531,2.35,1.531,2351.4043109079034,13234597293,2026-07-03 07:03:10.346183,03/07/26,7:3:10
1533,2.35,1.533,2348.3365949119375,13234598826,2026-07-03 07:03:11.879183,03/07/26,7:3:11
1536,2.34,1.536,2343.75,13234600362,2026-07-03 07:03:13.415183,03/07/26,7:3:13
12875,0.28,12.875,279.6116504854369,13234613237,2026-07-03 07:03:26.290183,03/07/26,7:3:26
18020,0.2,18.02,199.7780244173141,13234631257,2026-07-03 07:03:44.310183,03/07/26,7:3:44
18007,0.2,18.007,199.92225245737768,13234649264,2026-07-03 07:04:02.317183,03/07/26,7:4:2
18017,0.2,18.017,199.8112893378476,13234667281,2026-07-03 07:04:20.334183,03/07/26,7:4:20
18068,0.2,18.068,199.24728802302414,13234685349,2026-07-03 07:04:38.402183,03/07/26,7:4:38
18146,0.2,18.146,198.3908299349719,13234703495,2026-07-03 07:04:56.548183,03/07/26,7:4:56
18011,0.2,18.011,199.87785242351896,13234721506,2026-07-03 07:05:14.559183,03/07/26,7:5:14
18082,0.2,18.082,199.0930206835527,13234739588,2026-07-03 07:05:32.641183,03/07/26,7:5:32
18105,0.2,18.105,198.8400994200497,13234757693,2026-07-03 07:05:50.746183,03/07/26,7:5:50
17723,0.2,17.723,203.1258816227501,13234775416,2026-07-03 07:06:08.469183,03/07/26,7:6:8
17856,0.2,17.856,201.61290322580646,13234793272,2026-07-03 07:06:26.325183,03/07/26,7:6:26
21608,0.17,21.608,166.60496112550908,13234814880,2026-07-03 07:06:47.933183,03/07/26,7:6:47
28193,0.13,28.193,127.69127088284326,13234843073,2026-07-03 07:07:16.126183,03/07/26,7:7:16
28094,0.13,28.094,128.14124012244608,13234871167,2026-07-03 07:07:44.220183,03/07/26,7:7:44
28071,0.13,28.071,128.24623276691247,13234899238,2026-07-03 07:08:12.291183,03/07/26,7:8:12
28085,0.13,28.085,128.18230372084741,13234927323,2026-07-03 07:08:40.376183,03/07/26,7:8:40
28113,0.13,28.113,128.05463664496853,13234955436,2026-07-03 07:09:08.489183,03/07/26,7:9:8
28191,0.13,28.191,127.7003298925189,13234983627,2026-07-03 07:09:36.680183,03/07/26,7:9:36
27995,0.13,27.995,128.5943918556885,13235011622,2026-07-03 07:10:04.675183,03/07/26,7:10:4
28132,0.13,28.132,127.96815014929618,13235039754,2026-07-03 07:10:32.807183,03/07/26,7:10:32
28262,0.13,28.262,127.37952020380723,13235068016,2026-07-03 07:11:01.069183,03/07/26,7:11:1
28432,0.13,28.432,126.61789532920653,13235096448,2026-07-03 07:11:29.501183,03/07/26,7:11:29
28837,0.12,28.837,124.8396157714048,13235125285,2026-07-03 07:11:58.338183,03/07/26,7:11:58
28625,0.12,28.625,125.76419213973799,13235153910,2026-07-03 07:12:26.963183,03/07/26,7:12:26
28833,0.12,28.833,124.85693476225158,13235182743,2026-07-03 07:12:55.796183,03/07/26,7:12:55
28761,0.12,28.761,125.16950036507771,13235211504,2026-07-03 07:13:24.557183,03/07/26,7:13:24
28752,0.12,28.752,125.20868113522538,13235240256,2026-07-03 07:13:53.309183,03/07/26,7:13:53
28688,0.12,28.688,125.48800892359175,13235268944,2026-07-03 07:14:21.997183,03/07/26,7:14:21
28810,0.12,28.81,124.9566122874002,13235297754,2026-07-03 07:14:50.807183,03/07/26,7:14:50
28531,0.13,28.531,126.17854263783254,13235326285,2026-07-03 07:15:19.338183,03/07/26,7:15:19
28805,0.12,28.805,124.97830237805937,13235355090,2026-07-03 07:15:48.143183,03/07/26,7:15:48
28670,0.12,28.67,125.56679455877223,13235383760,2026-07-03 07:16:16.813183,03/07/26,7:16:16
28730,0.12,28.73,125.30455969369997,13235412490,2026-07-03 07:16:45.543183,03/07/26,7:16:45
28512,0.13,28.512,126.26262626262626,13235441002,2026-07-03 07:17:14.055183,03/07/26,7:17:14
28664,0.12,28.664,125.59307842590009,13235469666,2026-07-03 07:17:42.719183,03/07/26,7:17:42
28556,0.13,28.556,126.06807676145118,13235498222,2026-07-03 07:18:11.275183,03/07/26,7:18:11
28616,0.12,28.616,125.80374615599665,13235526838,2026-07-03 07:18:39.891183,03/07/26,7:18:39
28567,0.13,28.567,126.01953302761927,13235555405,2026-07-03 07:19:08.458183,03/07/26,7:19:8
28646,0.12,28.646,125.67199609020457,13235584051,2026-07-03 07:19:37.104183,03/07/26,7:19:37
28550,0.13,28.55,126.09457092819615,13235612601,2026-07-03 07:20:05.654183,03/07/26,7:20:5
28423,0.13,28.423,126.65798824895332,13235641024,2026-07-03 07:20:34.077183,03/07/26,7:20:34
28639,0.12,28.639,125.70271308355738,13235669663,2026-07-03 07:21:02.716183,03/07/26,7:21:2
28495,0.13,28.495,126.33795402702228,13235698158,2026-07-03 07:21:31.211183,03/07/26,7:21:31
28713,0.12,28.713,125.37874830216278,13235726871,2026-07-03 07:21:59.924183,03/07/26,7:21:59
28585,0.12,28.585,125.94017841525276,13235755456,2026-07-03 07:22:28.509183,03/07/26,7:22:28
28793,0.12,28.793,125.0303893307401,13235784249,2026-07-03 07:22:57.302183,03/07/26,7:22:57
28600,0.12,28.6,125.87412587412588,13235812849,2026-07-03 07:23:25.902183,03/07/26,7:23:25
28660,0.12,28.66,125.6106071179344,13235841509,2026-07-03 07:23:54.562183,03/07/26,7:23:54
28657,0.12,28.657,125.62375684823952,13235870166,2026-07-03 07:24:23.219183,03/07/26,7:24:23
28754,0.12,28.754,125.19997217778396,13235898920,2026-07-03 07:24:51.973183,03/07/26,7:24:51
28533,0.13,28.533,126.16969824413836,13235927453,2026-07-03 07:25:20.506183,03/07/26,7:25:20
28722,0.12,28.722,125.33946104031753,13235956175,2026-07-03 07:25:49.228183,03/07/26,7:25:49
28634,0.12,28.634,125.72466298805615,13235984809,2026-07-03 07:26:17.862183,03/07/26,7:26:17
28722,0.12,28.722,125.33946104031753,13236013531,2026-07-03 07:26:46.584183,03/07/26,7:26:46
28571,0.13,28.571,126.00189002835043,13236042102,2026-07-03 07:27:15.155183,03/07/26,7:27:15
28762,0.12,28.762,125.1651484597733,13236070864,2026-07-03 07:27:43.917183,03/07/26,7:27:43
28600,0.12,28.6,125.87412587412588,13236099464,2026-07-03 07:28:12.517183,03/07/26,7:28:12
28769,0.12,28.769,125.13469359379889,13236128233,2026-07-03 07:28:41.286183,03/07/26,7:28:41
28729,0.12,28.729,125.30892129903582,13236156962,2026-07-03 07:29:10.015183,03/07/26,7:29:10
28774,0.12,28.774,125.1129491902412,13236185736,2026-07-03 07:29:38.789183,03/07/26,7:29:38
28337,0.13,28.337,127.04238275046758,13236214073,2026-07-03 07:30:07.126183,03/07/26,7:30:7
28557,0.13,28.557,126.06366214938544,13236242630,2026-07-03 07:30:35.683183,03/07/26,7:30:35
28316,0.13,28.316,127.13660121486086,13236270946,2026-07-03 07:31:03.999183,03/07/26,7:31:3
28866,0.12,28.866,124.71419663271669,13236299812,2026-07-03 07:31:32.865183,03/07/26,7:31:32
28778,0.12,28.778,125.09555910765168,13236328590,2026-07-03 07:32:01.643183,03/07/26,7:32:1
28672,0.12,28.672,125.55803571428571,13236357262,2026-07-03 07:32:30.315183,03/07/26,7:32:30
28449,0.13,28.449,126.54223347042075,13236385711,2026-07-03 07:32:58.764183,03/07/26,7:32:58
28411,0.13,28.411,126.7114849882088,13236414122,2026-07-03 07:33:27.175183,03/07/26,7:33:27
28111,0.13,28.111,128.0637472875387,13236442233,2026-07-03 07:33:55.286183,03/07/26,7:33:55
27566,0.13,27.566,130.5956613219183,13236469799,2026-07-03 07:34:22.852183,03/07/26,7:34:22
28725,0.12,28.725,125.32637075718016,13236498524,2026-07-03 07:34:51.577183,03/07/26,7:34:51
28527,0.13,28.527,126.19623514565149,13236527051,2026-07-03 07:35:20.104183,03/07/26,7:35:20
24087,0.15,24.087,149.458213974343,13236551138,2026-07-03 07:35:44.191183,03/07/26,7:35:44
17210,0.21,17.21,209.1807088901801,13236568348,2026-07-03 07:36:01.401183,03/07/26,7:36:1
17320,0.21,17.32,207.85219399538107,13236585668,2026-07-03 07:36:18.721183,03/07/26,7:36:18
17061,0.21,17.061,211.0075611042729,13236602729,2026-07-03 07:36:35.782183,03/07/26,7:36:35
17006,0.21,17.006,211.68999176761142,13236619735,2026-07-03 07:36:52.788183,03/07/26,7:36:52
17618,0.2,17.618,204.33647406061982,13236637353,2026-07-03 07:37:10.406183,03/07/26,7:37:10
17695,0.2,17.695,203.4473014975982,13236655048,2026-07-03 07:37:28.101183,03/07/26,7:37:28
17951,0.2,17.951,200.54593058882514,13236672999,2026-07-03 07:37:46.052183,03/07/26,7:37:46
17741,0.2,17.741,202.91979031621668,13236690740,2026-07-03 07:38:03.793183,03/07/26,7:38:3
17848,0.2,17.848,201.70327207530255,13236708588,2026-07-03 07:38:21.641183,03/07/26,7:38:21
17682,0.2,17.682,203.59687818120122,13236726270,2026-07-03 07:38:39.323183,03/07/26,7:38:39
17754,0.2,17.754,202.77120648867862,13236744024,2026-07-03 07:38:57.077183,03/07/26,7:38:57
17930,0.2,17.93,200.7808142777468,13236761954,2026-07-03 07:39:15.007183,03/07/26,7:39:15
18005,0.2,18.005,199.9444598722577,13236779959,2026-07-03 07:39:33.012183,03/07/26,7:39:33
18166,0.2,18.166,198.17240999669713,13236798125,2026-07-03 07:39:51.178183,03/07/26,7:39:51
18019,0.2,18.019,199.7891114934236,13236816144,2026-07-03 07:40:09.197183,03/07/26,7:40:9
17970,0.2,17.97,200.3338898163606,13236834114,2026-07-03 07:40:27.167183,03/07/26,7:40:27
18247,0.2,18.247,197.29270565024387,13236852361,2026-07-03 07:40:45.414183,03/07/26,7:40:45
18282,0.2,18.282,196.91499835904168,13236870643,2026-07-03 07:41:03.696183,03/07/26,7:41:3
18292,0.2,18.292,196.80734747430571,13236888935,2026-07-03 07:41:21.988183,03/07/26,7:41:21
18267,0.2,18.267,197.07669568073575,13236907202,2026-07-03 07:41:40.255183,03/07/26,7:41:40
18406,0.19,18.406,195.5883950885581,13236925608,2026-07-03 07:41:58.661183,03/07/26,7:41:58
18254,0.2,18.254,197.21704831817684,13236943862,2026-07-03 07:42:16.915183,03/07/26,7:42:16
18163,0.2,18.163,198.20514232230357,13236962025,2026-07-03 07:42:35.078183,03/07/26,7:42:35
18137,0.2,18.137,198.48927606550146,13236980162,2026-07-03 07:42:53.215183,03/07/26,7:42:53
18019,0.2,18.019,199.7891114934236,13236998181,2026-07-03 07:43:11.234183,03/07/26,7:43:11
23927,0.15,23.927,150.45764199439964,13237022108,2026-07-03 07:43:35.161183,03/07/26,7:43:35
28518,0.13,28.518,126.23606143488323,13237050626,2026-07-03 07:44:03.679183,03/07/26,7:44:3
28352,0.13,28.352,126.97516930022573,13237078978,2026-07-03 07:44:32.031183,03/07/26,7:44:32
28830,0.12,28.83,124.86992715920915,13237107808,2026-07-03 07:45:00.861183,03/07/26,7:45:0
29025,0.12,29.025,124.03100775193798,13237136833,2026-07-03 07:45:29.886183,03/07/26,7:45:29
29055,0.12,29.055,123.902942694889,13237165888,2026-07-03 07:45:58.941183,03/07/26,7:45:58
29374,0.12,29.374,122.55736365493293,13237195262,2026-07-03 07:46:28.315183,03/07/26,7:46:28
29675,0.12,29.675,121.31423757371525,13237224937,2026-07-03 07:46:57.990183,03/07/26,7:46:57
28854,0.12,28.854,124.76606363069246,13237253791,2026-07-03 07:47:26.844183,03/07/26,7:47:26
29239,0.12,29.239,123.12322582851671,13237283030,2026-07-03 07:47:56.083183,03/07/26,7:47:56
29396,0.12,29.396,122.46564158388897,13237312426,2026-07-03 07:48:25.479183,03/07/26,7:48:25
29481,0.12,29.481,122.11254706421084,13237341907,2026-07-03 07:48:54.960183,03/07/26,7:48:54
29045,0.12,29.045,123.94560165260802,13237370952,2026-07-03 07:49:24.005183,03/07/26,7:49:24
29302,0.12,29.302,122.85850795167565,13237400254,2026-07-03 07:49:53.307183,03/07/26,7:49:53
29458,0.12,29.458,122.20788919818047,13237429712,2026-07-03 07:50:22.765183,03/07/26,7:50:22
28516,0.13,28.516,126.2449151353626,13237458228,2026-07-03 07:50:51.281183,03/07/26,7:50:51
27998,0.13,27.998,128.5806129009215,13237486226,2026-07-03 07:51:19.279183,03/07/26,7:51:19
28900,0.12,28.9,124.5674740484429,13237515126,2026-07-03 07:51:48.179183,03/07/26,7:51:48
28934,0.12,28.934,124.42109628810397,13237544060,2026-07-03 07:52:17.113183,03/07/26,7:52:17
29118,0.12,29.118,123.634865031939,13237573178,2026-07-03 07:52:46.231183,03/07/26,7:52:46
28885,0.12,28.885,124.63216202181063,13237602063,2026-07-03 07:53:15.116183,03/07/26,7:53:15
28821,0.12,28.821,124.90892057874467,13237630884,2026-07-03 07:53:43.937183,03/07/26,7:53:43
28837,0.12,28.837,124.8396157714048,13237659721,2026-07-03 07:54:12.774183,03/07/26,7:54:12
28668,0.12,28.668,125.57555462536627,13237688389,2026-07-03 07:54:41.442183,03/07/26,7:54:41
28800,0.12,28.8,125.0,13237717189,2026-07-03 07:55:10.242183,03/07/26,7:55:10
29043,0.12,29.043,123.95413696932135,13237746232,2026-07-03 07:55:39.285183,03/07/26,7:55:39
28896,0.12,28.896,124.58471760797342,13237775128,2026-07-03 07:56:08.181183,03/07/26,7:56:8
28716,0.12,28.716,125.36564981195153,13237803844,2026-07-03 07:56:36.897183,03/07/26,7:56:36
28834,0.12,28.834,124.85260456405632,13237832678,2026-07-03 07:57:05.731183,03/07/26,7:57:5
28403,0.13,28.403,126.747174594233,13237861081,2026-07-03 07:57:34.134183,03/07/26,7:57:34
28884,0.12,28.884,124.63647694225176,13237889965,2026-07-03 07:58:03.018183,03/07/26,7:58:3
28923,0.12,28.923,124.46841613940462,13237918888,2026-07-03 07:58:31.941183,03/07/26,7:58:31
28943,0.12,28.943,124.38240679957157,13237947831,2026-07-03 07:59:00.884183,03/07/26,7:59:0
28945,0.12,28.945,124.37381240283295,13237976776,2026-07-03 07:59:29.829183,03/07/26,7:59:29
29019,0.12,29.019,124.05665253799235,13238005795,2026-07-03 07:59:58.848183,03/07/26,7:59:58
27096,0.13,27.096,132.86093888396812,13238032891,2026-07-03 08:00:25.944183,03/07/26,8:0:25
27795,0.13,27.795,129.51969778737183,13238060686,2026-07-03 08:00:53.739183,03/07/26,8:0:53
28490,0.13,28.49,126.36012636012636,13238089176,2026-07-03 08:01:22.229183,03/07/26,8:1:22
27503,0.13,27.503,130.8948114751118,13238116679,2026-07-03 08:01:49.732183,03/07/26,8:1:49
27594,0.13,27.594,130.4631441617743,13238144273,2026-07-03 08:02:17.326183,03/07/26,8:2:17
28641,0.12,28.641,125.69393526762333,13238172914,2026-07-03 08:02:45.967183,03/07/26,8:2:45
28188,0.13,28.188,127.7139208173691,13238201102,2026-07-03 08:03:14.155183,03/07/26,8:3:14
28551,0.13,28.551,126.09015446043921,13238229653,2026-07-03 08:03:42.706183,03/07/26,8:3:42
28626,0.12,28.626,125.75979878432194,13238258279,2026-07-03 08:04:11.332183,03/07/26,8:4:11
28817,0.12,28.817,124.92625880556616,13238287096,2026-07-03 08:04:40.149183,03/07/26,8:4:40
28544,0.13,28.544,126.12107623318386,13238315640,2026-07-03 08:05:08.693183,03/07/26,8:5:8
28388,0.13,28.388,126.8141468226011,13238344028,2026-07-03 08:05:37.081183,03/07/26,8:5:37
28315,0.13,28.315,127.14109129436694,13238372343,2026-07-03 08:06:05.396183,03/07/26,8:6:5
28403,0.13,28.403,126.747174594233,13238400746,2026-07-03 08:06:33.799183,03/07/26,8:6:33
28414,0.13,28.414,126.69810656718519,13238429160,2026-07-03 08:07:02.213183,03/07/26,8:7:2
28361,0.13,28.361,126.93487535700433,13238457521,2026-07-03 08:07:30.574183,03/07/26,8:7:30
28650,0.12,28.65,125.6544502617801,13238486171,2026-07-03 08:07:59.224183,03/07/26,8:7:59
27056,0.13,27.056,133.05736250739207,13238513227,2026-07-03 08:08:26.280183,03/07/26,8:8:26
27710,0.13,27.71,129.91699747383615,13238540937,2026-07-03 08:08:53.990183,03/07/26,8:8:53
26893,0.13,26.893,133.8638307366229,13238567830,2026-07-03 08:09:20.883183,03/07/26,8:9:20
26471,0.14,26.471,135.99788447735259,13238594301,2026-07-03 08:09:47.354183,03/07/26,8:9:47
26580,0.14,26.58,135.44018058690745,13238620881,2026-07-03 08:10:13.934183,03/07/26,8:10:13
26336,0.14,26.336,136.69501822600242,13238647217,2026-07-03 08:10:40.270183,03/07/26,8:10:40
27979,0.13,27.979,128.6679295185675,13238675196,2026-07-03 08:11:08.249183,03/07/26,8:11:8
28024,0.13,28.024,128.4613188695404,13238703220,2026-07-03 08:11:36.273183,03/07/26,8:11:36
28326,0.13,28.326,127.09171785638635,13238731546,2026-07-03 08:12:04.599183,03/07/26,8:12:4
29253,0.12,29.253,123.06430109732335,13238760799,2026-07-03 08:12:33.852183,03/07/26,8:12:33
29328,0.12,29.328,122.74959083469722,13238790127,2026-07-03 08:13:03.180183,03/07/26,8:13:3
18888,0.19,18.888,190.59720457433292,13238809015,2026-07-03 08:13:22.068183,03/07/26,8:13:22
17528,0.2,17.528,205.3856686444546,13238826543,2026-07-03 08:13:39.596183,03/07/26,8:13:39
17464,0.21,17.464,206.13834173156206,13238844007,2026-07-03 08:13:57.060183,03/07/26,8:13:57
17441,0.21,17.441,206.41018290235652,13238861448,2026-07-03 08:14:14.501183,03/07/26,8:14:14
17442,0.21,17.442,206.39834881320948,13238878890,2026-07-03 08:14:31.943183,03/07/26,8:14:31
17457,0.21,17.457,206.22100017185085,13238896347,2026-07-03 08:14:49.400183,03/07/26,8:14:49
17346,0.21,17.346,207.54064337599448,13238913693,2026-07-03 08:15:06.746183,03/07/26,8:15:6
17737,0.2,17.737,202.96555223544004,13238931430,2026-07-03 08:15:24.483183,03/07/26,8:15:24
17793,0.2,17.793,202.32675771370765,13238949223,2026-07-03 08:15:42.276183,03/07/26,8:15:42
17793,0.2,17.793,202.32675771370765,13238967016,2026-07-03 08:16:00.069183,03/07/26,8:16:0
18038,0.2,18.038,199.57866725801085,13238985054,2026-07-03 08:16:18.107183,03/07/26,8:16:18
17790,0.2,17.79,202.3608768971332,13239002844,2026-07-03 08:16:35.897183,03/07/26,8:16:35
18115,0.2,18.115,198.73033397736683,13239020959,2026-07-03 08:16:54.012183,03/07/26,8:16:54
17995,0.2,17.995,200.0555709919422,13239038954,2026-07-03 08:17:12.007183,03/07/26,8:17:12
18167,0.2,18.167,198.16150162382343,13239057121,2026-07-03 08:17:30.174183,03/07/26,8:17:30
18329,0.2,18.329,196.41006055976868,13239075450,2026-07-03 08:17:48.503183,03/07/26,8:17:48
18246,0.2,18.246,197.30351857941466,13239093696,2026-07-03 08:18:06.749183,03/07/26,8:18:6
18244,0.2,18.244,197.325147993861,13239111940,2026-07-03 08:18:24.993183,03/07/26,8:18:24
17853,0.2,17.853,201.6467820534364,13239129793,2026-07-03 08:18:42.846183,03/07/26,8:18:42
18004,0.2,18.004,199.95556542990445,13239147797,2026-07-03 08:19:00.850183,03/07/26,8:19:0
18239,0.2,18.239,197.3792422830199,13239166036,2026-07-03 08:19:19.089183,03/07/26,8:19:19
18215,0.2,18.215,197.63930826242108,13239184251,2026-07-03 08:19:37.304183,03/07/26,8:19:37
18330,0.2,18.33,196.39934533551556,13239202581,2026-07-03 08:19:55.634183,03/07/26,8:19:55
18199,0.2,18.199,197.81306665201384,13239220780,2026-07-03 08:20:13.833183,03/07/26,8:20:13
18178,0.2,18.178,198.04158873363406,13239238958,2026-07-03 08:20:32.011183,03/07/26,8:20:32
18360,0.2,18.36,196.07843137254903,13239257318,2026-07-03 08:20:50.371183,03/07/26,8:20:50
28349,0.13,28.349,126.98860630004586,13239285667,2026-07-03 08:21:18.720183,03/07/26,8:21:18
28335,0.13,28.335,127.05134992059291,13239314002,2026-07-03 08:21:47.055183,03/07/26,8:21:47
28630,0.12,28.63,125.74222843171498,13239342632,2026-07-03 08:22:15.685183,03/07/26,8:22:15
28736,0.12,28.736,125.27839643652561,13239371368,2026-07-03 08:22:44.421183,03/07/26,8:22:44
28598,0.12,28.598,125.88292887614519,13239399966,2026-07-03 08:23:13.019183,03/07/26,8:23:13
28777,0.12,28.777,125.09990617507037,13239428743,2026-07-03 08:23:41.796183,03/07/26,8:23:41
28632,0.12,28.632,125.73344509639564,13239457375,2026-07-03 08:24:10.428183,03/07/26,8:24:10
28588,0.12,28.588,125.92696236183014,13239485963,2026-07-03 08:24:39.016183,03/07/26,8:24:39
28751,0.12,28.751,125.21303606831067,13239514714,2026-07-03 08:25:07.767183,03/07/26,8:25:7
28674,0.12,28.674,125.54927809165098,13239543388,2026-07-03 08:25:36.441183,03/07/26,8:25:36
28541,0.13,28.541,126.13433306471391,13239571929,2026-07-03 08:26:04.982183,03/07/26,8:26:4
28527,0.13,28.527,126.19623514565149,13239600456,2026-07-03 08:26:33.509183,03/07/26,8:26:33
28676,0.12,28.676,125.54052169061237,13239629132,2026-07-03 08:27:02.185183,03/07/26,8:27:2
28712,0.12,28.712,125.38311507383672,13239657844,2026-07-03 08:27:30.897183,03/07/26,8:27:30
28498,0.13,28.498,126.32465436170959,13239686342,2026-07-03 08:27:59.395183,03/07/26,8:27:59
28535,0.13,28.535,126.16085509024006,13239714877,2026-07-03 08:28:27.930183,03/07/26,8:28:27
28822,0.12,28.822,124.9045867739921,13239743699,2026-07-03 08:28:56.752183,03/07/26,8:28:56
28532,0.13,28.532,126.17412028599468,13239772231,2026-07-03 08:29:25.284183,03/07/26,8:29:25
28611,0.12,28.611,125.82573136206354,13239800842,2026-07-03 08:29:53.895183,03/07/26,8:29:53
28492,0.13,28.492,126.35125649305068,13239829334,2026-07-03 08:30:22.387183,03/07/26,8:30:22
28571,0.13,28.571,126.00189002835043,13239857905,2026-07-03 08:30:50.958183,03/07/26,8:30:50
28658,0.12,28.658,125.61937329890432,13239886563,2026-07-03 08:31:19.616183,03/07/26,8:31:19
28587,0.12,28.587,125.9313674047644,13239915150,2026-07-03 08:31:48.203183,03/07/26,8:31:48
28697,0.12,28.697,125.44865316932083,13239943847,2026-07-03 08:32:16.900183,03/07/26,8:32:16
28065,0.13,28.065,128.27365045430253,13239971912,2026-07-03 08:32:44.965183,03/07/26,8:32:44
28086,0.13,28.086,128.1777397991882,13239999998,2026-07-03 08:33:13.051183,03/07/26,8:33:13
27303,0.13,27.303,131.85364245687288,13240027301,2026-07-03 08:33:40.354183,03/07/26,8:33:40
28405,0.13,28.405,126.73825030804436,13240055706,2026-07-03 08:34:08.759183,03/07/26,8:34:8
27567,0.13,27.567,130.5909239307868,13240083273,2026-07-03 08:34:36.326183,03/07/26,8:34:36
29194,0.12,29.194,123.31300952250463,13240112467,2026-07-03 08:35:05.520183,03/07/26,8:35:5
29130,0.12,29.13,123.58393408856848,13240141597,2026-07-03 08:35:34.650183,03/07/26,8:35:34
29137,0.12,29.137,123.55424374506642,13240170734,2026-07-03 08:36:03.787183,03/07/26,8:36:3
29524,0.12,29.524,121.93469719550197,13240200258,2026-07-03 08:36:33.311183,03/07/26,8:36:33
29297,0.12,29.297,122.87947571423695,13240229555,2026-07-03 08:37:02.608183,03/07/26,8:37:2
29331,0.12,29.331,122.737035900583,13240258886,2026-07-03 08:37:31.939183,03/07/26,8:37:31
29313,0.12,29.313,122.81240405280933,13240288199,2026-07-03 08:38:01.252183,03/07/26,8:38:1
29026,0.12,29.026,124.02673465169158,13240317225,2026-07-03 08:38:30.278183,03/07/26,8:38:30
28243,0.13,28.243,127.46521261905605,13240345468,2026-07-03 08:38:58.521183,03/07/26,8:38:58
28484,0.13,28.484,126.38674343491083,13240373952,2026-07-03 08:39:27.005183,03/07/26,8:39:27
28268,0.13,28.268,127.35248337342578,13240402220,2026-07-03 08:39:55.273183,03/07/26,8:39:55
27737,0.13,27.737,129.7905325017125,13240429957,2026-07-03 08:40:23.010183,03/07/26,8:40:23
28804,0.12,28.804,124.98264129981946,13240458761,2026-07-03 08:40:51.814183,03/07/26,8:40:51
28912,0.12,28.912,124.51577199778639,13240487673,2026-07-03 08:41:20.726183,03/07/26,8:41:20
28559,0.13,28.559,126.05483385272593,13240516232,2026-07-03 08:41:49.285183,03/07/26,8:41:49
28842,0.12,28.842,124.8179737882255,13240545074,2026-07-03 08:42:18.127183,03/07/26,8:42:18
27944,0.13,27.944,128.8290867449184,13240573018,2026-07-03 08:42:46.071183,03/07/26,8:42:46
27480,0.13,27.48,131.00436681222706,13240600498,2026-07-03 08:43:13.551183,03/07/26,8:43:13
27573,0.13,27.573,130.56250680013056,13240628071,2026-07-03 08:43:41.124183,03/07/26,8:43:41
28019,0.13,28.019,128.48424283521896,13240656090,2026-07-03 08:44:09.143183,03/07/26,8:44:9
28045,0.13,28.045,128.36512747370298,13240684135,2026-07-03 08:44:37.188183,03/07/26,8:44:37
28081,0.13,28.081,128.200562658025,13240712216,2026-07-03 08:45:05.269183,03/07/26,8:45:5
28217,0.13,28.217,127.58266293369246,13240740433,2026-07-03 08:45:33.486183,03/07/26,8:45:33
28150,0.13,28.15,127.88632326820604,13240768583,2026-07-03 08:46:01.636183,03/07/26,8:46:1
28443,0.13,28.443,126.56892732834089,13240797026,2026-07-03 08:46:30.079183,03/07/26,8:46:30
28621,0.12,28.621,125.78176863142448,13240825647,2026-07-03 08:46:58.700183,03/07/26,8:46:58
28431,0.13,28.431,126.62234884457106,13240854078,2026-07-03 08:47:27.131183,03/07/26,8:47:27
28583,0.12,28.583,125.94899065878319,13240882661,2026-07-03 08:47:55.714183,03/07/26,8:47:55
28361,0.13,28.361,126.93487535700433,13240911022,2026-07-03 08:48:24.075183,03/07/26,8:48:24
28529,0.13,28.529,126.1873882715833,13240939551,2026-07-03 08:48:52.604183,03/07/26,8:48:52
28601,0.12,28.601,125.86972483479599,13240968152,2026-07-03 08:49:21.205183,03/07/26,8:49:21
28590,0.12,28.59,125.91815320041972,13240996742,2026-07-03 08:49:49.795183,03/07/26,8:49:49
28357,0.13,28.357,126.95278061854216,13241025099,2026-07-03 08:50:18.152183,03/07/26,8:50:18
28758,0.12,28.758,125.18255789693303,13241053857,2026-07-03 08:50:46.910183,03/07/26,8:50:46
28808,0.12,28.808,124.96528742016106,13241082665,2026-07-03 08:51:15.718183,03/07/26,8:51:15
21083,0.17,21.083,170.7536878053408,13241103748,2026-07-03 08:51:36.801183,03/07/26,8:51:36
17490,0.2,17.49,205.8319039451115,13241121238,2026-07-03 08:51:54.291183,03/07/26,8:51:54
17227,0.21,17.227,208.97428455331746,13241138465,2026-07-03 08:52:11.518183,03/07/26,8:52:11
17355,0.21,17.355,207.43301642178048,13241155820,2026-07-03 08:52:28.873183,03/07/26,8:52:28
17421,0.21,17.421,206.6471499913897,13241173241,2026-07-03 08:52:46.294183,03/07/26,8:52:46
17466,0.21,17.466,206.11473720371006,13241190707,2026-07-03 08:53:03.760183,03/07/26,8:53:3
17627,0.2,17.627,204.23214387019914,13241208334,2026-07-03 08:53:21.387183,03/07/26,8:53:21
17715,0.2,17.715,203.21761219305674,13241226049,2026-07-03 08:53:39.102183,03/07/26,8:53:39
17766,0.2,17.766,202.63424518743668,13241243815,2026-07-03 08:53:56.868183,03/07/26,8:53:56
17789,0.2,17.789,202.37225251559954,13241261604,2026-07-03 08:54:14.657183,03/07/26,8:54:14
17911,0.2,17.911,200.9938026910837,13241279515,2026-07-03 08:54:32.568183,03/07/26,8:54:32
18058,0.2,18.058,199.35762542917266,13241297573,2026-07-03 08:54:50.626183,03/07/26,8:54:50
17899,0.2,17.899,201.12855466785854,13241315472,2026-07-03 08:55:08.525183,03/07/26,8:55:8
17982,0.2,17.982,200.20020020020021,13241333454,2026-07-03 08:55:26.507183,03/07/26,8:55:26
18130,0.2,18.13,198.56591285162713,13241351584,2026-07-03 08:55:44.637183,03/07/26,8:55:44
18107,0.2,18.107,198.81813663224167,13241369691,2026-07-03 08:56:02.744183,03/07/26,8:56:2
18211,0.2,18.211,197.68271923562682,13241387902,2026-07-03 08:56:20.955183,03/07/26,8:56:20
18185,0.2,18.185,197.96535606268904,13241406087,2026-07-03 08:56:39.140183,03/07/26,8:56:39
18296,0.2,18.296,196.76432006996066,13241424383,2026-07-03 08:56:57.436183,03/07/26,8:56:57
18256,0.2,18.256,197.1954425942156,13241442639,2026-07-03 08:57:15.692183,03/07/26,8:57:15
18423,0.19,18.423,195.40791402051784,13241461062,2026-07-03 08:57:34.115183,03/07/26,8:57:34
18414,0.19,18.414,195.50342130987292,13241479476,2026-07-03 08:57:52.529183,03/07/26,8:57:52
18375,0.19,18.375,195.91836734693877,13241497851,2026-07-03 08:58:10.904183,03/07/26,8:58:10
18484,0.19,18.484,194.76303830339754,13241516335,2026-07-03 08:58:29.388183,03/07/26,8:58:29
18460,0.19,18.46,195.01625135427952,13241534795,2026-07-03 08:58:47.848183,03/07/26,8:58:47
18462,0.19,18.462,194.99512512187195,13241553257,2026-07-03 08:59:06.310183,03/07/26,8:59:6
27238,0.13,27.238,132.1682942947353,13241580495,2026-07-03 08:59:33.548183,03/07/26,8:59:33
28274,0.13,28.274,127.32545801796704,13241608769,2026-07-03 09:00:01.822183,03/07/26,9:0:1
27505,0.13,27.505,130.8852935829849,13241636274,2026-07-03 09:00:29.327183,03/07/26,9:0:29
27813,0.13,27.813,129.43587531010678,13241664087,2026-07-03 09:00:57.140183,03/07/26,9:0:57
28388,0.13,28.388,126.8141468226011,13241692475,2026-07-03 09:01:25.528183,03/07/26,9:1:25
28631,0.12,28.631,125.73783661066676,13241721106,2026-07-03 09:01:54.159183,03/07/26,9:1:54
28441,0.13,28.441,126.5778277838332,13241749547,2026-07-03 09:02:22.600183,03/07/26,9:2:22
28119,0.13,28.119,128.02731249333192,13241777666,2026-07-03 09:02:50.719183,03/07/26,9:2:50
27662,0.13,27.662,130.1424336635095,13241805328,2026-07-03 09:03:18.381183,03/07/26,9:3:18
27794,0.13,27.794,129.52435777505937,13241833122,2026-07-03 09:03:46.175183,03/07/26,9:3:46
27824,0.13,27.824,129.38470385278896,13241860946,2026-07-03 09:04:13.999183,03/07/26,9:4:13
27832,0.13,27.832,129.34751365334867,13241888778,2026-07-03 09:04:41.831183,03/07/26,9:4:41
27557,0.13,27.557,130.63831331422142,13241916335,2026-07-03 09:05:09.388183,03/07/26,9:5:9
27892,0.13,27.892,129.06926717338305,13241944227,2026-07-03 09:05:37.280183,03/07/26,9:5:37
27804,0.13,27.804,129.4777729823047,13241972031,2026-07-03 09:06:05.084183,03/07/26,9:6:5
27863,0.13,27.863,129.20360334493773,13241999894,2026-07-03 09:06:32.947183,03/07/26,9:6:32
27900,0.13,27.9,129.03225806451613,13242027794,2026-07-03 09:07:00.847183,03/07/26,9:7:0
27701,0.13,27.701,129.95920724883578,13242055495,2026-07-03 09:07:28.548183,03/07/26,9:7:28
27947,0.13,27.947,128.81525745160482,13242083442,2026-07-03 09:07:56.495183,03/07/26,9:7:56
28415,0.13,28.415,126.69364772127398,13242111857,2026-07-03 09:08:24.910183,03/07/26,9:8:24
28454,0.13,28.454,126.5199971884445,13242140311,2026-07-03 09:08:53.364183,03/07/26,9:8:53
28007,0.13,28.007,128.53929374799156,13242168318,2026-07-03 09:09:21.371183,03/07/26,9:9:21
28682,0.12,28.682,125.51425981451781,13242197000,2026-07-03 09:09:50.053183,03/07/26,9:9:50
28552,0.13,28.552,126.08573830204539,13242225552,2026-07-03 09:10:18.605183,03/07/26,9:10:18
28532,0.13,28.532,126.17412028599468,13242254084,2026-07-03 09:10:47.137183,03/07/26,9:10:47
27878,0.13,27.878,129.1340842241194,13242281962,2026-07-03 09:11:15.015183,03/07/26,9:11:15
28594,0.12,28.594,125.90053857452612,13242310556,2026-07-03 09:11:43.609183,03/07/26,9:11:43
27804,0.13,27.804,129.4777729823047,13242338360,2026-07-03 09:12:11.413183,03/07/26,9:12:11
27719,0.13,27.719,129.87481510877015,13242366079,2026-07-03 09:12:39.132183,03/07/26,9:12:39
28500,0.13,28.5,126.3157894736842,13242394579,2026-07-03 09:13:07.632183,03/07/26,9:13:7
28378,0.13,28.378,126.85883430826696,13242422957,2026-07-03 09:13:36.010183,03/07/26,9:13:36
28611,0.12,28.611,125.82573136206354,13242451568,2026-07-03 09:14:04.621183,03/07/26,9:14:4
27116,0.13,27.116,132.76294438707774,13242478684,2026-07-03 09:14:31.737183,03/07/26,9:14:31
28641,0.12,28.641,125.69393526762333,13242507325,2026-07-03 09:15:00.378183,03/07/26,9:15:0
27622,0.13,27.622,130.33089566287742,13242534947,2026-07-03 09:15:28.000183,03/07/26,9:15:28
28701,0.12,28.701,125.43116964565695,13242563648,2026-07-03 09:15:56.701183,03/07/26,9:15:56
28553,0.13,28.553,126.08132245298218,13242592201,2026-07-03 09:16:25.254183,03/07/26,9:16:25
28750,0.12,28.75,125.21739130434783,13242620951,2026-07-03 09:16:54.004183,03/07/26,9:16:54
28588,0.12,28.588,125.92696236183014,13242649539,2026-07-03 09:17:22.592183,03/07/26,9:17:22
27867,0.13,27.867,129.18505759500485,13242677406,2026-07-03 09:17:50.459183,03/07/26,9:17:50
28410,0.13,28.41,126.71594508975713,13242705816,2026-07-03 09:18:18.869183,03/07/26,9:18:18
28477,0.13,28.477,126.41781086490852,13242734293,2026-07-03 09:18:47.346183,03/07/26,9:18:47
28366,0.13,28.366,126.91250088133681,13242762659,2026-07-03 09:19:15.712183,03/07/26,9:19:15
27546,0.13,27.546,130.6904813766064,13242790205,2026-07-03 09:19:43.258183,03/07/26,9:19:43
27858,0.13,27.858,129.22679302175317,13242818063,2026-07-03 09:20:11.116183,03/07/26,9:20:11
27949,0.13,27.949,128.8060395720777,13242846012,2026-07-03 09:20:39.065183,03/07/26,9:20:39
28518,0.13,28.518,126.23606143488323,13242874530,2026-07-03 09:21:07.583183,03/07/26,9:21:7
28630,0.12,28.63,125.74222843171498,13242903160,2026-07-03 09:21:36.213183,03/07/26,9:21:36
28633,0.12,28.633,125.72905388886949,13242931793,2026-07-03 09:22:04.846183,03/07/26,9:22:4
27785,0.13,27.785,129.56631275868276,13242959578,2026-07-03 09:22:32.631183,03/07/26,9:22:32
28346,0.13,28.346,127.00204614407677,13242987924,2026-07-03 09:23:00.977183,03/07/26,9:23:0
28372,0.13,28.372,126.88566192020302,13243016296,2026-07-03 09:23:29.349183,03/07/26,9:23:29
28406,0.13,28.406,126.73378863620361,13243044702,2026-07-03 09:23:57.755183,03/07/26,9:23:57
28506,0.13,28.506,126.28920227320565,13243073208,2026-07-03 09:24:26.261183,03/07/26,9:24:26
26987,0.13,26.987,133.39756178900953,13243100195,2026-07-03 09:24:53.248183,03/07/26,9:24:53
26852,0.13,26.852,134.06822583047818,13243127047,2026-07-03 09:25:20.100183,03/07/26,9:25:20
27556,0.13,27.556,130.643054144288,13243154603,2026-07-03 09:25:47.656183,03/07/26,9:25:47
26591,0.14,26.591,135.38415253281187,13243181194,2026-07-03 09:26:14.247183,03/07/26,9:26:14
26216,0.14,26.216,137.320720170888,13243207410,2026-07-03 09:26:40.463183,03/07/26,9:26:40
26597,0.14,26.597,135.35361130954618,13243234007,2026-07-03 09:27:07.060183,03/07/26,9:27:7
27673,0.13,27.673,130.09070212842843,13243261680,2026-07-03 09:27:34.733183,03/07/26,9:27:34
27438,0.13,27.438,131.2048983162038,13243289118,2026-07-03 09:28:02.171183,03/07/26,9:28:2
27831,0.13,27.831,129.3521612590277,13243316949,2026-07-03 09:28:30.002183,03/07/26,9:28:30
27774,0.13,27.774,129.61762799740765,13243344723,2026-07-03 09:28:57.776183,03/07/26,9:28:57
27693,0.13,27.693,129.99675008124797,13243372416,2026-07-03 09:29:25.469183,03/07/26,9:29:25
26363,0.14,26.363,136.5550202935933,13243398779,2026-07-03 09:29:51.832183,03/07/26,9:29:51
15058,0.24,15.058,239.07557444547749,13243413837,2026-07-03 09:30:06.890183,03/07/26,9:30:6
16896,0.21,16.896,213.0681818181818,13243430733,2026-07-03 09:30:23.786183,03/07/26,9:30:23
16803,0.21,16.803,214.24745581146223,13243447536,2026-07-03 09:30:40.589183,03/07/26,9:30:40
16918,0.21,16.918,212.7911100602908,13243464454,2026-07-03 09:30:57.507183,03/07/26,9:30:57
16940,0.21,16.94,212.51475796930342,13243481394,2026-07-03 09:31:14.447183,03/07/26,9:31:14
17123,0.21,17.123,210.24353209133915,13243498517,2026-07-03 09:31:31.570183,03/07/26,9:31:31
17159,0.21,17.159,209.80243603939624,13243515676,2026-07-03 09:31:48.729183,03/07/26,9:31:48
17218,0.21,17.218,209.08351724939018,13243532894,2026-07-03 09:32:05.947183,03/07/26,9:32:5
17402,0.21,17.402,206.87277324445466,13243550296,2026-07-03 09:32:23.349183,03/07/26,9:32:23
17399,0.21,17.399,206.90844301396632,13243567695,2026-07-03 09:32:40.748183,03/07/26,9:32:40
17280,0.21,17.28,208.33333333333334,13243584975,2026-07-03 09:32:58.028183,03/07/26,9:32:58
17333,0.21,17.333,207.69630185195868,13243602308,2026-07-03 09:33:15.361183,03/07/26,9:33:15
17440,0.21,17.44,206.42201834862385,13243619748,2026-07-03 09:33:32.801183,03/07/26,9:33:32
17567,0.2,17.567,204.92969772869586,13243637315,2026-07-03 09:33:50.368183,03/07/26,9:33:50
17832,0.2,17.832,201.8842530282638,13243655147,2026-07-03 09:34:08.200183,03/07/26,9:34:8
17924,0.2,17.924,200.84802499442088,13243673071,2026-07-03 09:34:26.124183,03/07/26,9:34:26
18043,0.2,18.043,199.52336086016737,13243691114,2026-07-03 09:34:44.167183,03/07/26,9:34:44
18031,0.2,18.031,199.65614774554933,13243709145,2026-07-03 09:35:02.198183,03/07/26,9:35:2
17926,0.2,17.926,200.82561642307263,13243727071,2026-07-03 09:35:20.124183,03/07/26,9:35:20
17857,0.2,17.857,201.60161281290252,13243744928,2026-07-03 09:35:37.981183,03/07/26,9:35:37
18237,0.2,18.237,197.40088830399736,13243763165,2026-07-03 09:35:56.218183,03/07/26,9:35:56
18198,0.2,18.198,197.82393669634027,13243781363,2026-07-03 09:36:14.416183,03/07/26,9:36:14
18315,0.2,18.315,196.56019656019657,13243799678,2026-07-03 09:36:32.731183,03/07/26,9:36:32
18297,0.2,18.297,196.75356615838663,13243817975,2026-07-03 09:36:51.028183,03/07/26,9:36:51
18259,0.2,18.259,197.16304288296183,13243836234,2026-07-03 09:37:09.287183,03/07/26,9:37:9
18439,0.19,18.439,195.23835348988558,13243854673,2026-07-03 09:37:27.726183,03/07/26,9:37:27
27963,0.13,27.963,128.7415513356936,13243882636,2026-07-03 09:37:55.689183,03/07/26,9:37:55
29645,0.12,29.645,121.43700455388768,13243912281,2026-07-03 09:38:25.334183,03/07/26,9:38:25
29476,0.12,29.476,122.13326095806758,13243941757,2026-07-03 09:38:54.810183,03/07/26,9:38:54
29239,0.12,29.239,123.12322582851671,13243970996,2026-07-03 09:39:24.049183,03/07/26,9:39:24
29457,0.12,29.457,122.21203788573175,13244000453,2026-07-03 09:39:53.506183,03/07/26,9:39:53
29274,0.12,29.274,122.97601967616315,13244029727,2026-07-03 09:40:22.780183,03/07/26,9:40:22
29296,0.12,29.296,122.88367012561442,13244059023,2026-07-03 09:40:52.076183,03/07/26,9:40:52
29077,0.12,29.077,123.80919627196754,13244088100,2026-07-03 09:41:21.153183,03/07/26,9:41:21
29152,0.12,29.152,123.49066959385291,13244117252,2026-07-03 09:41:50.305183,03/07/26,9:41:50
28275,0.13,28.275,127.3209549071618,13244145527,2026-07-03 09:42:18.580183,03/07/26,9:42:18
28202,0.13,28.202,127.65052123962839,13244173729,2026-07-03 09:42:46.782183,03/07/26,9:42:46
28100,0.13,28.1,128.1138790035587,13244201829,2026-07-03 09:43:14.882183,03/07/26,9:43:14
28596,0.12,28.596,125.8917331095258,13244230425,2026-07-03 09:43:43.478183,03/07/26,9:43:43
28594,0.12,28.594,125.90053857452612,13244259019,2026-07-03 09:44:12.072183,03/07/26,9:44:12
28664,0.12,28.664,125.59307842590009,13244287683,2026-07-03 09:44:40.736183,03/07/26,9:44:40
29023,0.12,29.023,124.03955483581987,13244316706,2026-07-03 09:45:09.759183,03/07/26,9:45:9
29307,0.12,29.307,122.83754734363804,13244346013,2026-07-03 09:45:39.066183,03/07/26,9:45:39
29177,0.12,29.177,123.38485793604552,13244375190,2026-07-03 09:46:08.243183,03/07/26,9:46:8
29320,0.12,29.32,122.78308321964529,13244404510,2026-07-03 09:46:37.563183,03/07/26,9:46:37
29574,0.12,29.574,121.72854534388314,13244434084,2026-07-03 09:47:07.137183,03/07/26,9:47:7
29714,0.12,29.714,121.15501110587601,13244463798,2026-07-03 09:47:36.851183,03/07/26,9:47:36
29589,0.12,29.589,121.66683564838284,13244493387,2026-07-03 09:48:06.440183,03/07/26,9:48:6
29706,0.12,29.706,121.18763886083619,13244523093,2026-07-03 09:48:36.146183,03/07/26,9:48:36
29695,0.12,29.695,121.23253072907897,13244552788,2026-07-03 09:49:05.841183,03/07/26,9:49:5
29790,0.12,29.79,120.84592145015105,13244582578,2026-07-03 09:49:35.631183,03/07/26,9:49:35
29605,0.12,29.605,121.60108089849687,13244612183,2026-07-03 09:50:05.236183,03/07/26,9:50:5
29553,0.12,29.553,121.81504415795351,13244641736,2026-07-03 09:50:34.789183,03/07/26,9:50:34
29481,0.12,29.481,122.11254706421084,13244671217,2026-07-03 09:51:04.270183,03/07/26,9:51:4
29750,0.12,29.75,121.00840336134453,13244700967,2026-07-03 09:51:34.020183,03/07/26,9:51:34
29732,0.12,29.732,121.08166285483654,13244730699,2026-07-03 09:52:03.752183,03/07/26,9:52:3
29798,0.12,29.798,120.81347741459159,13244760497,2026-07-03 09:52:33.550183,03/07/26,9:52:33
29045,0.12,29.045,123.94560165260802,13244789542,2026-07-03 09:53:02.595183,03/07/26,9:53:2
28857,0.12,28.857,124.75309283709325,13244818399,2026-07-03 09:53:31.452183,03/07/26,9:53:31
28828,0.12,28.828,124.87859025946996,13244847227,2026-07-03 09:54:00.280183,03/07/26,9:54:0
28911,0.12,28.911,124.52007886271662,13244876138,2026-07-03 09:54:29.191183,03/07/26,9:54:29
29114,0.12,29.114,123.6518513429965,13244905252,2026-07-03 09:54:58.305183,03/07/26,9:54:58
28751,0.12,28.751,125.21303606831067,13244934003,2026-07-03 09:55:27.056183,03/07/26,9:55:27
29055,0.12,29.055,123.902942694889,13244963058,2026-07-03 09:55:56.111183,03/07/26,9:55:56
28859,0.12,28.859,124.74444713954053,13244991917,2026-07-03 09:56:24.970183,03/07/26,9:56:24
28916,0.12,28.916,124.49854751694564,13245020833,2026-07-03 09:56:53.886183,03/07/26,9:56:53
28625,0.12,28.625,125.76419213973799,13245049458,2026-07-03 09:57:22.511183,03/07/26,9:57:22
28310,0.13,28.31,127.16354645001766,13245077768,2026-07-03 09:57:50.821183,03/07/26,9:57:50
27397,0.13,27.397,131.40124831185895,13245105165,2026-07-03 09:58:18.218183,03/07/26,9:58:18
28367,0.13,28.367,126.90802693270349,13245133532,2026-07-03 09:58:46.585183,03/07/26,9:58:46
27965,0.13,27.965,128.73234400143036,13245161497,2026-07-03 09:59:14.550183,03/07/26,9:59:14
27297,0.13,27.297,131.88262446422684,13245188794,2026-07-03 09:59:41.847183,03/07/26,9:59:41
26585,0.14,26.585,135.4147075418469,13245215379,2026-07-03 10:00:08.432183,03/07/26,10:0:8
26377,0.14,26.377,136.4825416082193,13245241756,2026-07-03 10:00:34.809183,03/07/26,10:0:34
26437,0.14,26.437,136.17278813783713,13245268193,2026-07-03 10:01:01.246183,03/07/26,10:1:1
26577,0.14,26.577,135.45546901456146,13245294770,2026-07-03 10:01:27.823183,03/07/26,10:1:27
26841,0.13,26.841,134.12316977757908,13245321611,2026-07-03 10:01:54.664183,03/07/26,10:1:54
27625,0.13,27.625,130.31674208144796,13245349236,2026-07-03 10:02:22.289183,03/07/26,10:2:22
28427,0.13,28.427,126.6401660393288,13245377663,2026-07-03 10:02:50.716183,03/07/26,10:2:50
28167,0.13,28.167,127.80913835339227,13245405830,2026-07-03 10:03:18.883183,03/07/26,10:3:18
28438,0.13,28.438,126.59118081440326,13245434268,2026-07-03 10:03:47.321183,03/07/26,10:3:47
28226,0.13,28.226,127.54198256926239,13245462494,2026-07-03 10:04:15.547183,03/07/26,10:4:15
28148,0.13,28.148,127.89540997584197,13245490642,2026-07-03 10:04:43.695183,03/07/26,10:4:43
22370,0.16,22.37,160.92981671881984,13245513012,2026-07-03 10:05:06.065183,03/07/26,10:5:6
17209,0.21,17.209,209.19286419896565,13245530221,2026-07-03 10:05:23.274183,03/07/26,10:5:23
17060,0.21,17.06,211.01992966002345,13245547281,2026-07-03 10:05:40.334183,03/07/26,10:5:40
17108,0.21,17.108,210.4278700023381,13245564389,2026-07-03 10:05:57.442183,03/07/26,10:5:57
17076,0.21,17.076,210.82220660576246,13245581465,2026-07-03 10:06:14.518183,03/07/26,10:6:14
17207,0.21,17.207,209.21717905503573,13245598672,2026-07-03 10:06:31.725183,03/07/26,10:6:31
17368,0.21,17.368,207.27775218793184,13245616040,2026-07-03 10:06:49.093183,03/07/26,10:6:49
17252,0.21,17.252,208.6714583816369,13245633292,2026-07-03 10:07:06.345183,03/07/26,10:7:6
17387,0.21,17.387,207.05124518318283,13245650679,2026-07-03 10:07:23.732183,03/07/26,10:7:23
17521,0.2,17.521,205.46772444495178,13245668200,2026-07-03 10:07:41.253183,03/07/26,10:7:41
17629,0.2,17.629,204.2089738499064,13245685829,2026-07-03 10:07:58.882183,03/07/26,10:7:58
17494,0.2,17.494,205.7848405167486,13245703323,2026-07-03 10:08:16.376183,03/07/26,10:8:16
17743,0.2,17.743,202.89691709406526,13245721066,2026-07-03 10:08:34.119183,03/07/26,10:8:34
17701,0.2,17.701,203.37834020676797,13245738767,2026-07-03 10:08:51.820183,03/07/26,10:8:51
17643,0.2,17.643,204.04693079408264,13245756410,2026-07-03 10:09:09.463183,03/07/26,10:9:9
17682,0.2,17.682,203.59687818120122,13245774092,2026-07-03 10:09:27.145183,03/07/26,10:9:27
17841,0.2,17.841,201.78241129981504,13245791933,2026-07-03 10:09:44.986183,03/07/26,10:9:44
17841,0.2,17.841,201.78241129981504,13245809774,2026-07-03 10:10:02.827183,03/07/26,10:10:2
17898,0.2,17.898,201.1397921555481,13245827672,2026-07-03 10:10:20.725183,03/07/26,10:10:20
17893,0.2,17.893,201.19599843514223,13245845565,2026-07-03 10:10:38.618183,03/07/26,10:10:38
17859,0.2,17.859,201.57903578027884,13245863424,2026-07-03 10:10:56.477183,03/07/26,10:10:56
17954,0.2,17.954,200.51242063050017,13245881378,2026-07-03 10:11:14.431183,03/07/26,10:11:14
18124,0.2,18.124,198.63164864268373,13245899502,2026-07-03 10:11:32.555183,03/07/26,10:11:32
18085,0.2,18.085,199.05999447055572,13245917587,2026-07-03 10:11:50.640183,03/07/26,10:11:50
18018,0.2,18.018,199.8001998001998,13245935605,2026-07-03 10:12:08.658183,03/07/26,10:12:8
18115,0.2,18.115,198.73033397736683,13245953720,2026-07-03 10:12:26.773183,03/07/26,10:12:26
18408,0.19,18.408,195.5671447196871,13245972128,2026-07-03 10:12:45.181183,03/07/26,10:12:45
18351,0.2,18.351,196.174595389897,13245990479,2026-07-03 10:13:03.532183,03/07/26,10:13:3
23141,0.16,23.141,155.56803941056998,13246013620,2026-07-03 10:13:26.673183,03/07/26,10:13:26
28991,0.12,28.991,124.17646855920803,13246042611,2026-07-03 10:13:55.664183,03/07/26,10:13:55
29035,0.12,29.035,123.98828999483382,13246071646,2026-07-03 10:14:24.699183,03/07/26,10:14:24
28508,0.13,28.508,126.28034236003928,13246100154,2026-07-03 10:14:53.207183,03/07/26,10:14:53
28757,0.12,28.757,125.18691101297075,13246128911,2026-07-03 10:15:21.964183,03/07/26,10:15:21
29138,0.12,29.138,123.55000343194455,13246158049,2026-07-03 10:15:51.102183,03/07/26,10:15:51
29041,0.12,29.041,123.96267346165766,13246187090,2026-07-03 10:16:20.143183,03/07/26,10:16:20
29160,0.12,29.16,123.45679012345678,13246216250,2026-07-03 10:16:49.303183,03/07/26,10:16:49
28927,0.12,28.927,124.4512047568016,13246245177,2026-07-03 10:17:18.230183,03/07/26,10:17:18
29139,0.12,29.139,123.54576340986307,13246274316,2026-07-03 10:17:47.369183,03/07/26,10:17:47
28185,0.13,28.185,127.72751463544438,13246302501,2026-07-03 10:18:15.554183,03/07/26,10:18:15
28489,0.13,28.489,126.36456176067956,13246330990,2026-07-03 10:18:44.043183,03/07/26,10:18:44
28478,0.13,28.478,126.41337172554252,13246359468,2026-07-03 10:19:12.521183,03/07/26,10:19:12
28472,0.13,28.472,126.44001123911211,13246387940,2026-07-03 10:19:40.993183,03/07/26,10:19:40
28645,0.12,28.645,125.67638331296911,13246416585,2026-07-03 10:20:09.638183,03/07/26,10:20:9
28670,0.12,28.67,125.56679455877223,13246445255,2026-07-03 10:20:38.308183,03/07/26,10:20:38
28586,0.12,28.586,125.93577275589449,13246473841,2026-07-03 10:21:06.894183,03/07/26,10:21:6
28741,0.12,28.741,125.25660206673393,13246502582,2026-07-03 10:21:35.635183,03/07/26,10:21:35
28442,0.13,28.442,126.57337739962028,13246531024,2026-07-03 10:22:04.077183,03/07/26,10:22:4
28564,0.13,28.564,126.03276851981515,13246559588,2026-07-03 10:22:32.641183,03/07/26,10:22:32
28678,0.12,28.678,125.5317665109143,13246588266,2026-07-03 10:23:01.319183,03/07/26,10:23:1
28030,0.13,28.03,128.43382090617195,13246616296,2026-07-03 10:23:29.349183,03/07/26,10:23:29
26971,0.13,26.971,133.47669719328167,13246643267,2026-07-03 10:23:56.320183,03/07/26,10:23:56
27491,0.13,27.491,130.95194791022516,13246670758,2026-07-03 10:24:23.811183,03/07/26,10:24:23
27670,0.13,27.67,130.10480664980122,13246698428,2026-07-03 10:24:51.481183,03/07/26,10:24:51
27466,0.13,27.466,131.07114250345882,13246725894,2026-07-03 10:25:18.947183,03/07/26,10:25:18
27626,0.13,27.626,130.31202490407588,13246753520,2026-07-03 10:25:46.573183,03/07/26,10:25:46
27500,0.13,27.5,130.9090909090909,13246781020,2026-07-03 10:26:14.073183,03/07/26,10:26:14
27640,0.13,27.64,130.24602026049203,13246808660,2026-07-03 10:26:41.713183,03/07/26,10:26:41
27523,0.13,27.523,130.79969480071213,13246836183,2026-07-03 10:27:09.236183,03/07/26,10:27:9
27384,0.13,27.384,131.46362839614375,13246863567,2026-07-03 10:27:36.620183,03/07/26,10:27:36
27429,0.13,27.429,131.24794925079294,13246890996,2026-07-03 10:28:04.049183,03/07/26,10:28:4
27597,0.13,27.597,130.44896184367866,13246918593,2026-07-03 10:28:31.646183,03/07/26,10:28:31
27507,0.13,27.507,130.8757770749264,13246946100,2026-07-03 10:28:59.153183,03/07/26,10:28:59
27060,0.13,27.06,133.03769401330376,13246973160,2026-07-03 10:29:26.213183,03/07/26,10:29:26
27634,0.13,27.634,130.2742997756387,13247000794,2026-07-03 10:29:53.847183,03/07/26,10:29:53
27697,0.13,27.697,129.97797595407445,13247028491,2026-07-03 10:30:21.544183,03/07/26,10:30:21
27796,0.13,27.796,129.51503813498346,13247056287,2026-07-03 10:30:49.340183,03/07/26,10:30:49
27836,0.13,27.836,129.32892656990947,13247084123,2026-07-03 10:31:17.176183,03/07/26,10:31:17
28098,0.13,28.098,128.12299807815504,13247112221,2026-07-03 10:31:45.274183,03/07/26,10:31:45
27966,0.13,27.966,128.72774082814846,13247140187,2026-07-03 10:32:13.240183,03/07/26,10:32:13
27755,0.13,27.755,129.70635921455593,13247167942,2026-07-03 10:32:40.995183,03/07/26,10:32:40
28091,0.13,28.091,128.15492506496741,13247196033,2026-07-03 10:33:09.086183,03/07/26,10:33:9
27776,0.13,27.776,129.6082949308756,13247223809,2026-07-03 10:33:36.862183,03/07/26,10:33:36
27611,0.13,27.611,130.3828184419253,13247251420,2026-07-03 10:34:04.473183,03/07/26,10:34:4
27521,0.13,27.521,130.80920024708405,13247278941,2026-07-03 10:34:31.994183,03/07/26,10:34:31
26914,0.13,26.914,133.75938173441332,13247305855,2026-07-03 10:34:58.908183,03/07/26,10:34:58
27559,0.13,27.559,130.6288326862368,13247333414,2026-07-03 10:35:26.467183,03/07/26,10:35:26
26423,0.14,26.423,136.24493812209062,13247359837,2026-07-03 10:35:52.890183,03/07/26,10:35:52
26086,0.14,26.086,138.00506018554015,13247385923,2026-07-03 10:36:18.976183,03/07/26,10:36:18
13956,0.26,13.956,257.9535683576956,13247399879,2026-07-03 10:36:32.932183,03/07/26,10:36:32
16793,0.21,16.793,214.3750372178884,13247416672,2026-07-03 10:36:49.725183,03/07/26,10:36:49
16689,0.22,16.689,215.71094733057703,13247433361,2026-07-03 10:37:06.414183,03/07/26,10:37:6
16739,0.22,16.739,215.06661090865643,13247450100,2026-07-03 10:37:23.153183,03/07/26,10:37:23
16796,0.21,16.796,214.33674684448678,13247466896,2026-07-03 10:37:39.949183,03/07/26,10:37:39
16865,0.21,16.865,213.45982804624964,13247483761,2026-07-03 10:37:56.814183,03/07/26,10:37:56
16940,0.21,16.94,212.51475796930342,13247500701,2026-07-03 10:38:13.754183,03/07/26,10:38:13
17031,0.21,17.031,211.3792496036639,13247517732,2026-07-03 10:38:30.785183,03/07/26,10:38:30
17186,0.21,17.186,209.47282671942278,13247534918,2026-07-03 10:38:47.971183,03/07/26,10:38:47
17005,0.21,17.005,211.7024404586886,13247551923,2026-07-03 10:39:04.976183,03/07/26,10:39:4
17127,0.21,17.127,210.19442984760903,13247569050,2026-07-03 10:39:22.103183,03/07/26,10:39:22
17239,0.21,17.239,208.82881837693603,13247586289,2026-07-03 10:39:39.342183,03/07/26,10:39:39
17309,0.21,17.309,207.98428563175227,13247603598,2026-07-03 10:39:56.651183,03/07/26,10:39:56
17317,0.21,17.317,207.88820234451694,13247620915,2026-07-03 10:40:13.968183,03/07/26,10:40:13
17328,0.21,17.328,207.7562326869806,13247638243,2026-07-03 10:40:31.296183,03/07/26,10:40:31
17377,0.21,17.377,207.17039765206883,13247655620,2026-07-03 10:40:48.673183,03/07/26,10:40:48
17440,0.21,17.44,206.42201834862385,13247673060,2026-07-03 10:41:06.113183,03/07/26,10:41:6
17275,0.21,17.275,208.39363241678726,13247690335,2026-07-03 10:41:23.388183,03/07/26,10:41:23
17324,0.21,17.324,207.80420226275686,13247707659,2026-07-03 10:41:40.712183,03/07/26,10:41:40
17455,0.21,17.455,206.2446290461186,13247725114,2026-07-03 10:41:58.167183,03/07/26,10:41:58
17499,0.2,17.499,205.72604148808503,13247742613,2026-07-03 10:42:15.666183,03/07/26,10:42:15
17649,0.2,17.649,203.9775624681285,13247760262,2026-07-03 10:42:33.315183,03/07/26,10:42:33
17644,0.2,17.644,204.03536613012923,13247777906,2026-07-03 10:42:50.959183,03/07/26,10:42:50
17668,0.2,17.668,203.75820692777904,13247795574,2026-07-03 10:43:08.627183,03/07/26,10:43:8
17678,0.2,17.678,203.6429460346193,13247813252,2026-07-03 10:43:26.305183,03/07/26,10:43:26
18218,0.2,18.218,197.60676254254034,13247831470,2026-07-03 10:43:44.523183,03/07/26,10:43:44
21630,0.17,21.63,166.4355062413315,13247853100,2026-07-03 10:44:06.153183,03/07/26,10:44:6
37433,0.1,37.433,96.17182699756899,13247890533,2026-07-03 10:44:43.586183,03/07/26,10:44:43
34672,0.1,34.672,103.83017997231195,13247925205,2026-07-03 10:45:18.258183,03/07/26,10:45:18
34498,0.1,34.498,104.35387558699055,13247959703,2026-07-03 10:45:52.756183,03/07/26,10:45:52
34566,0.1,34.566,104.14858531504947,13247994269,2026-07-03 10:46:27.322183,03/07/26,10:46:27
34672,0.1,34.672,103.83017997231195,13248028941,2026-07-03 10:47:01.994183,03/07/26,10:47:1
35085,0.1,35.085,102.60795211628901,13248064026,2026-07-03 10:47:37.079183,03/07/26,10:47:37
35060,0.1,35.06,102.6811180832858,13248099086,2026-07-03 10:48:12.139183,03/07/26,10:48:12
34948,0.1,34.948,103.01018656289344,13248134034,2026-07-03 10:48:47.087183,03/07/26,10:48:47
34912,0.1,34.912,103.11640696608616,13248168946,2026-07-03 10:49:21.999183,03/07/26,10:49:21
35036,0.1,35.036,102.75145564562165,13248203982,2026-07-03 10:49:57.035183,03/07/26,10:49:57
34966,0.1,34.966,102.95715838242864,13248238948,2026-07-03 10:50:32.001183,03/07/26,10:50:32
35053,0.1,35.053,102.70162325621202,13248274001,2026-07-03 10:51:07.054183,03/07/26,10:51:7
34914,0.1,34.914,103.11050008592542,13248308915,2026-07-03 10:51:41.968183,03/07/26,10:51:41
34948,0.1,34.948,103.01018656289344,13248343863,2026-07-03 10:52:16.916183,03/07/26,10:52:16
34975,0.1,34.975,102.93066476054325,13248378838,2026-07-03 10:52:51.891183,03/07/26,10:52:51
34964,0.1,34.964,102.96304770621211,13248413802,2026-07-03 10:53:26.855183,03/07/26,10:53:26
34887,0.1,34.887,103.1903001117895,13248448689,2026-07-03 10:54:01.742183,03/07/26,10:54:1
34920,0.1,34.92,103.09278350515464,13248483609,2026-07-03 10:54:36.662183,03/07/26,10:54:36
34870,0.1,34.87,103.24060797246918,13248518479,2026-07-03 10:55:11.532183,03/07/26,10:55:11
34829,0.1,34.829,103.36214074478164,13248553308,2026-07-03 10:55:46.361183,03/07/26,10:55:46
34918,0.1,34.918,103.09868835557592,13248588226,2026-07-03 10:56:21.279183,03/07/26,10:56:21
34903,0.1,34.903,103.14299630404263,13248623129,2026-07-03 10:56:56.182183,03/07/26,10:56:56
34832,0.1,34.832,103.35323840146991,13248657961,2026-07-03 10:57:31.014183,03/07/26,10:57:31
34902,0.1,34.902,103.14595152140278,13248692863,2026-07-03 10:58:05.916183,03/07/26,10:58:5
34904,0.1,34.904,103.1400412560165,13248727767,2026-07-03 10:58:40.820183,03/07/26,10:58:40
34955,0.1,34.955,102.9895580031469,13248762722,2026-07-03 10:59:15.775183,03/07/26,10:59:15
34965,0.1,34.965,102.96010296010296,13248797687,2026-07-03 10:59:50.740183,03/07/26,10:59:50
34093,0.1,34.093,105.59352359721937,13248831780,2026-07-03 11:00:24.833183,03/07/26,11:0:24
34154,0.1,34.154,105.40493060842068,13248865934,2026-07-03 11:00:58.987183,03/07/26,11:0:58
34104,0.1,34.104,105.5594651653765,13248900038,2026-07-03 11:01:33.091183,03/07/26,11:1:33
34166,0.1,34.166,105.36790961774864,13248934204,2026-07-03 11:02:07.257183,03/07/26,11:2:7
34224,0.1,34.224,105.18934081346424,13248968428,2026-07-03 11:02:41.481183,03/07/26,11:2:41
34207,0.1,34.207,105.24161721285117,13249002635,2026-07-03 11:03:15.688183,03/07/26,11:3:15
34180,0.1,34.18,105.32475131655939,13249036815,2026-07-03 11:03:49.868183,03/07/26,11:3:49
34169,0.1,34.169,105.35865843308262,13249070984,2026-07-03 11:04:24.037183,03/07/26,11:4:24
34139,0.1,34.139,105.4512434459123,13249105123,2026-07-03 11:04:58.176183,03/07/26,11:4:58
34183,0.1,34.183,105.31550770851008,13249139306,2026-07-03 11:05:32.359183,03/07/26,11:5:32
34221,0.1,34.221,105.19856228631542,13249173527,2026-07-03 11:06:06.580183,03/07/26,11:6:6
34105,0.1,34.105,105.55637003371939,13249207632,2026-07-03 11:06:40.685183,03/07/26,11:6:40
34335,0.1,34.335,104.84927916120577,13249241967,2026-07-03 11:07:15.020183,03/07/26,11:7:15
34075,0.1,34.075,105.64930300807043,13249276042,2026-07-03 11:07:49.095183,03/07/26,11:7:49
19402,0.19,19.402,185.54788166168436,13249295444,2026-07-03 11:08:08.497183,03/07/26,11:8:8
19085,0.19,19.085,188.62981399004454,13249314529,2026-07-03 11:08:27.582183,03/07/26,11:8:27
19046,0.19,19.046,189.01606636564108,13249333575,2026-07-03 11:08:46.628183,03/07/26,11:8:46
19095,0.19,19.095,188.5310290652003,13249352670,2026-07-03 11:09:05.723183,03/07/26,11:9:5
19141,0.19,19.141,188.07794786061334,13249371811,2026-07-03 11:09:24.864183,03/07/26,11:9:24
19274,0.19,19.274,186.78011829407492,13249391085,2026-07-03 11:09:44.138183,03/07/26,11:9:44
19468,0.18,19.468,184.91884117526197,13249410553,2026-07-03 11:10:03.606183,03/07/26,11:10:3
19660,0.18,19.66,183.11291963377417,13249430213,2026-07-03 11:10:23.266183,03/07/26,11:10:23
19839,0.18,19.839,181.46075911084228,13249450052,2026-07-03 11:10:43.105183,03/07/26,11:10:43
19978,0.18,19.978,180.19821803984382,13249470030,2026-07-03 11:11:03.083183,03/07/26,11:11:3
20042,0.18,20.042,179.6227921365133,13249490072,2026-07-03 11:11:23.125183,03/07/26,11:11:23
20043,0.18,20.043,179.6138302649304,13249510115,2026-07-03 11:11:43.168183,03/07/26,11:11:43
20181,0.18,20.181,178.38561022744165,13249530296,2026-07-03 11:12:03.349183,03/07/26,11:12:3
20254,0.18,20.254,177.74266811494027,13249550550,2026-07-03 11:12:23.603183,03/07/26,11:12:23
20297,0.18,20.297,177.36611321870228,13249570847,2026-07-03 11:12:43.900183,03/07/26,11:12:43
20375,0.18,20.375,176.68711656441718,13249591222,2026-07-03 11:13:04.275183,03/07/26,11:13:4
20128,0.18,20.128,178.85532591414943,13249611350,2026-07-03 11:13:24.403183,03/07/26,11:13:24
20119,0.18,20.119,178.9353347581888,13249631469,2026-07-03 11:13:44.522183,03/07/26,11:13:44
20268,0.18,20.268,177.61989342806393,13249651737,2026-07-03 11:14:04.790183,03/07/26,11:14:4
20348,0.18,20.348,176.92156477295066,13249672085,2026-07-03 11:14:25.138183,03/07/26,11:14:25
20308,0.18,20.308,177.27004136300965,13249692393,2026-07-03 11:14:45.446183,03/07/26,11:14:45
20408,0.18,20.408,176.40141121128968,13249712801,2026-07-03 11:15:05.854183,03/07/26,11:15:5
20422,0.18,20.422,176.280481833317,13249733223,2026-07-03 11:15:26.276183,03/07/26,11:15:26
25162,0.14,25.162,143.07288768778315,13249758385,2026-07-03 11:15:51.438183,03/07/26,11:15:51
33265,0.11,33.265,108.22185480234481,13249791650,2026-07-03 11:16:24.703183,03/07/26,11:16:24
33328,0.11,33.328,108.01728276524244,13249824978,2026-07-03 11:16:58.031183,03/07/26,11:16:58
33193,0.11,33.193,108.45660229566475,13249858171,2026-07-03 11:17:31.224183,03/07/26,11:17:31
33226,0.11,33.226,108.3488834045627,13249891397,2026-07-03 11:18:04.450183,03/07/26,11:18:4
33165,0.11,33.165,108.54816824966079,13249924562,2026-07-03 11:18:37.615183,03/07/26,11:18:37
33149,0.11,33.149,108.60056110289904,13249957711,2026-07-03 11:19:10.764183,03/07/26,11:19:10
33076,0.11,33.076,108.84024670455919,13249990787,2026-07-03 11:19:43.840183,03/07/26,11:19:43
33299,0.11,33.299,108.1113546953362,13250024086,2026-07-03 11:20:17.139183,03/07/26,11:20:17
33175,0.11,33.175,108.51544837980407,13250057261,2026-07-03 11:20:50.314183,03/07/26,11:20:50
33218,0.11,33.218,108.3749774218797,13250090479,2026-07-03 11:21:23.532183,03/07/26,11:21:23
33080,0.11,33.08,108.82708585247885,13250123559,2026-07-03 11:21:56.612183,03/07/26,11:21:56
33079,0.11,33.079,108.83037576710299,13250156638,2026-07-03 11:22:29.691183,03/07/26,11:22:29
33184,0.11,33.184,108.48601735776278,13250189822,2026-07-03 11:23:02.875183,03/07/26,11:23:2
33146,0.11,33.146,108.61039039401436,13250222968,2026-07-03 11:23:36.021183,03/07/26,11:23:36
33787,0.11,33.787,106.54985645366561,13250256755,2026-07-03 11:24:09.808183,03/07/26,11:24:9
33704,0.11,33.704,106.81224780441491,13250290459,2026-07-03 11:24:43.512183,03/07/26,11:24:43
33803,0.11,33.803,106.49942312812472,13250324262,2026-07-03 11:25:17.315183,03/07/26,11:25:17
34224,0.1,34.224,105.18934081346424,13250358486,2026-07-03 11:25:51.539183,03/07/26,11:25:51
38675,0.09,38.675,93.08338720103426,13250397161,2026-07-03 11:26:30.214183,03/07/26,11:26:30
38765,0.09,38.765,92.86727718302592,13250435926,2026-07-03 11:27:08.979183,03/07/26,11:27:8
38659,0.09,38.659,93.12191210326185,13250474585,2026-07-03 11:27:47.638183,03/07/26,11:27:47
38732,0.09,38.732,92.94640090880925,13250513317,2026-07-03 11:28:26.370183,03/07/26,11:28:26
38677,0.09,38.677,93.07857382940766,13250551994,2026-07-03 11:29:05.047183,03/07/26,11:29:5
38655,0.09,38.655,93.13154831199068,13250590649,2026-07-03 11:29:43.702183,03/07/26,11:29:43
38522,0.09,38.522,93.45309173978505,13250629171,2026-07-03 11:30:22.224183,03/07/26,11:30:22
38690,0.09,38.69,93.04729904368054,13250667861,2026-07-03 11:31:00.914183,03/07/26,11:31:0
38726,0.09,38.726,92.96080152868873,13250706587,2026-07-03 11:31:39.640183,03/07/26,11:31:39
38730,0.09,38.73,92.95120061967467,13250745317,2026-07-03 11:32:18.370183,03/07/26,11:32:18
38824,0.09,38.824,92.72614877395425,13250784141,2026-07-03 11:32:57.194183,03/07/26,11:32:57
38727,0.09,38.727,92.95840111550082,13250822868,2026-07-03 11:33:35.921183,03/07/26,11:33:35
39068,0.09,39.068,92.14702569878162,13250861936,2026-07-03 11:34:14.989183,03/07/26,11:34:14
40045,0.09,40.045,89.89886377824946,13250901981,2026-07-03 11:34:55.034183,03/07/26,11:34:55
39999,0.09,39.999,90.00225005625141,13250941980,2026-07-03 11:35:35.033183,03/07/26,11:35:35
39895,0.09,39.895,90.23687178844467,13250981875,2026-07-03 11:36:14.928183,03/07/26,11:36:14
39903,0.09,39.903,90.21878054281633,13251021778,2026-07-03 11:36:54.831183,03/07/26,11:36:54
39821,0.09,39.821,90.40456040782502,13251061599,2026-07-03 11:37:34.652183,03/07/26,11:37:34
39785,0.09,39.785,90.48636420761594,13251101384,2026-07-03 11:38:14.437183,03/07/26,11:38:14
39873,0.09,39.873,90.28666014596344,13251141257,2026-07-03 11:38:54.310183,03/07/26,11:38:54
39336,0.09,39.336,91.51921903599757,13251180593,2026-07-03 11:39:33.646183,03/07/26,11:39:33
25431,0.14,25.431,141.559513979002,13251206024,2026-07-03 11:39:59.077183,03/07/26,11:39:59
20723,0.17,20.723,173.72002123244704,13251226747,2026-07-03 11:40:19.800183,03/07/26,11:40:19
20580,0.17,20.58,174.9271137026239,13251247327,2026-07-03 11:40:40.380183,03/07/26,11:40:40
20631,0.17,20.631,174.49469245310456,13251267958,2026-07-03 11:41:01.011183,03/07/26,11:41:1
20771,0.17,20.771,173.3185691589235,13251288729,2026-07-03 11:41:21.782183,03/07/26,11:41:21
20884,0.17,20.884,172.3807699674392,13251309613,2026-07-03 11:41:42.666183,03/07/26,11:41:42
21128,0.17,21.128,170.39000378644454,13251330741,2026-07-03 11:42:03.794183,03/07/26,11:42:3
21212,0.17,21.212,169.7152555157458,13251351953,2026-07-03 11:42:25.006183,03/07/26,11:42:25
21363,0.17,21.363,168.51565791321443,13251373316,2026-07-03 11:42:46.369183,03/07/26,11:42:46
21463,0.17,21.463,167.73051297581884,13251394779,2026-07-03 11:43:07.832183,03/07/26,11:43:7
21500,0.17,21.5,167.4418604651163,13251416279,2026-07-03 11:43:29.332183,03/07/26,11:43:29
21580,0.17,21.58,166.82113067655237,13251437859,2026-07-03 11:43:50.912183,03/07/26,11:43:50
21689,0.17,21.689,165.98275623587995,13251459548,2026-07-03 11:44:12.601183,03/07/26,11:44:12
21843,0.16,21.843,164.81252575195714,13251481391,2026-07-03 11:44:34.444183,03/07/26,11:44:34
21802,0.17,21.802,165.12246582882304,13251503193,2026-07-03 11:44:56.246183,03/07/26,11:44:56
21996,0.16,21.996,163.66612111292963,13251525189,2026-07-03 11:45:18.242183,03/07/26,11:45:18
21991,0.16,21.991,163.70333318175616,13251547180,2026-07-03 11:45:40.233183,03/07/26,11:45:40
22166,0.16,22.166,162.4108995759271,13251569346,2026-07-03 11:46:02.399183,03/07/26,11:46:2
22110,0.16,22.11,162.82225237449117,13251591456,2026-07-03 11:46:24.509183,03/07/26,11:46:24
22182,0.16,22.182,162.2937516905599,13251613638,2026-07-03 11:46:46.691183,03/07/26,11:46:46
22228,0.16,22.228,161.95789094835342,13251635866,2026-07-03 11:47:08.919183,03/07/26,11:47:8
23441,0.15,23.441,153.57706582483684,13251659307,2026-07-03 11:47:32.360183,03/07/26,11:47:32
40132,0.09,40.132,89.70397687630819,13251699439,2026-07-03 11:48:12.492183,03/07/26,11:48:12
39924,0.09,39.924,90.17132551848512,13251739363,2026-07-03 11:48:52.416183,03/07/26,11:48:52
40028,0.09,40.028,89.9370440691516,13251779391,2026-07-03 11:49:32.444183,03/07/26,11:49:32
39961,0.09,39.961,90.08783563974876,13251819352,2026-07-03 11:50:12.405183,03/07/26,11:50:12
39887,0.09,39.887,90.25497029107228,13251859239,2026-07-03 11:50:52.292183,03/07/26,11:50:52
40004,0.09,40.004,89.99100089991,13251899243,2026-07-03 11:51:32.296183,03/07/26,11:51:32
39998,0.09,39.998,90.00450022501126,13251939241,2026-07-03 11:52:12.294183,03/07/26,11:52:12
39944,0.09,39.944,90.12617664730622,13251979185,2026-07-03 11:52:52.238183,03/07/26,11:52:52
39204,0.09,39.204,91.82736455463728,13252018389,2026-07-03 11:53:31.442183,03/07/26,11:53:31
38721,0.09,38.721,92.9728054544046,13252057110,2026-07-03 11:54:10.163183,03/07/26,11:54:10
38649,0.09,38.649,93.1460063649771,13252095759,2026-07-03 11:54:48.812183,03/07/26,11:54:48
38820,0.09,38.82,92.73570324574962,13252134579,2026-07-03 11:55:27.632183,03/07/26,11:55:27
38697,0.09,38.697,93.03046747809908,13252173276,2026-07-03 11:56:06.329183,03/07/26,11:56:6
38756,0.09,38.756,92.8888430178553,13252212032,2026-07-03 11:56:45.085183,03/07/26,11:56:45
38623,0.09,38.623,93.20870983610801,13252250655,2026-07-03 11:57:23.708183,03/07/26,11:57:23
38660,0.09,38.66,93.11950336264873,13252289315,2026-07-03 11:58:02.368183,03/07/26,11:58:2
38659,0.09,38.659,93.12191210326185,13252327974,2026-07-03 11:58:41.027183,03/07/26,11:58:41
38580,0.09,38.58,93.31259720062208,13252366554,2026-07-03 11:59:19.607183,03/07/26,11:59:19
38549,0.09,38.549,93.38763651456588,13252405103,2026-07-03 11:59:58.156183,03/07/26,11:59:58
37263,0.1,37.263,96.610578858385,13252442366,2026-07-03 12:00:35.419183,03/07/26,12:0:35
37468,0.1,37.468,96.08198996476993,13252479834,2026-07-03 12:01:12.887183,03/07/26,12:1:12
37755,0.09,37.755,95.35160905840286,13252517589,2026-07-03 12:01:50.642183,03/07/26,12:1:50
37727,0.09,37.727,95.42237654730035,13252555316,2026-07-03 12:02:28.369183,03/07/26,12:2:28
37745,0.09,37.745,95.37687110875612,13252593061,2026-07-03 12:03:06.114183,03/07/26,12:3:6
37717,0.09,37.717,95.44767611421905,13252630778,2026-07-03 12:03:43.831183,03/07/26,12:3:43
37662,0.09,37.662,95.58706388402103,13252668440,2026-07-03 12:04:21.493183,03/07/26,12:4:21
37670,0.09,37.67,95.56676400318555,13252706110,2026-07-03 12:04:59.163183,03/07/26,12:4:59
37675,0.09,37.675,95.55408095554081,13252743785,2026-07-03 12:05:36.838183,03/07/26,12:5:36
38775,0.09,38.775,92.84332688588007,13252782560,2026-07-03 12:06:15.613183,03/07/26,12:6:15
38961,0.09,38.961,92.4000924000924,13252821521,2026-07-03 12:06:54.574183,03/07/26,12:6:54
38860,0.09,38.86,92.64024704065878,13252860381,2026-07-03 12:07:33.434183,03/07/26,12:7:33
38809,0.09,38.809,92.76198819861372,13252899190,2026-07-03 12:08:12.243183,03/07/26,12:8:12
38797,0.09,38.797,92.79067969172874,13252937987,2026-07-03 12:08:51.040183,03/07/26,12:8:51
38605,0.09,38.605,93.25216940810776,13252976592,2026-07-03 12:09:29.645183,03/07/26,12:9:29
38927,0.09,38.927,92.48079738998638,13253015519,2026-07-03 12:10:08.572183,03/07/26,12:10:8
39027,0.09,39.027,92.24383119378892,13253054546,2026-07-03 12:10:47.599183,03/07/26,12:10:47
39034,0.09,39.034,92.22728903007635,13253093580,2026-07-03 12:11:26.633183,03/07/26,12:11:26
39733,0.09,39.733,90.60478695291067,13253133313,2026-07-03 12:12:06.366183,03/07/26,12:12:6
24353,0.15,24.353,147.82572988954132,13253157666,2026-07-03 12:12:30.719183,03/07/26,12:12:30
20840,0.17,20.84,172.7447216890595,13253178506,2026-07-03 12:12:51.559183,03/07/26,12:12:51
20714,0.17,20.714,173.79550062759486,13253199220,2026-07-03 12:13:12.273183,03/07/26,12:13:12
20787,0.17,20.787,173.18516380430077,13253220007,2026-07-03 12:13:33.060183,03/07/26,12:13:33
20923,0.17,20.923,172.05945610094156,13253240930,2026-07-03 12:13:53.983183,03/07/26,12:13:53
21099,0.17,21.099,170.62420019906156,13253262029,2026-07-03 12:14:15.082183,03/07/26,12:14:15
21254,0.17,21.254,169.379881434083,13253283283,2026-07-03 12:14:36.336183,03/07/26,12:14:36
21425,0.17,21.425,168.02800466744458,13253304708,2026-07-03 12:14:57.761183,03/07/26,12:14:57
21491,0.17,21.491,167.51198175980642,13253326199,2026-07-03 12:15:19.252183,03/07/26,12:15:19
21632,0.17,21.632,166.42011834319527,13253347831,2026-07-03 12:15:40.884183,03/07/26,12:15:40
21002,0.17,21.002,171.4122464527188,13253368833,2026-07-03 12:16:01.886183,03/07/26,12:16:1
21438,0.17,21.438,167.9261125104954,13253390271,2026-07-03 12:16:23.324183,03/07/26,12:16:23
21192,0.17,21.192,169.8754246885617,13253411463,2026-07-03 12:16:44.516183,03/07/26,12:16:44
20041,0.18,20.041,179.63175490244998,13253431504,2026-07-03 12:17:04.557183,03/07/26,12:17:4
21281,0.17,21.281,169.16498284855035,13253452785,2026-07-03 12:17:25.838183,03/07/26,12:17:25
21581,0.17,21.581,166.813400676521,13253474366,2026-07-03 12:17:47.419183,03/07/26,12:17:47
21674,0.17,21.674,166.09762849497093,13253496040,2026-07-03 12:18:09.093183,03/07/26,12:18:9
21758,0.17,21.758,165.45638385881054,13253517798,2026-07-03 12:18:30.851183,03/07/26,12:18:30
21833,0.16,21.833,164.8880135574589,13253539631,2026-07-03 12:18:52.684183,03/07/26,12:18:52
21869,0.16,21.869,164.6165805478074,13253561500,2026-07-03 12:19:14.553183,03/07/26,12:19:14
21877,0.16,21.877,164.55638341637336,13253583377,2026-07-03 12:19:36.430183,03/07/26,12:19:36
21926,0.16,21.926,164.1886344978564,13253605303,2026-07-03 12:19:58.356183,03/07/26,12:19:58
37653,0.09,37.653,95.6099115608318,13253642956,2026-07-03 12:20:36.009183,03/07/26,12:20:36
38539,0.09,38.539,93.41186849684735,13253681495,2026-07-03 12:21:14.548183,03/07/26,12:21:14
38555,0.09,38.555,93.37310335883802,13253720050,2026-07-03 12:21:53.103183,03/07/26,12:21:53
38444,0.09,38.444,93.64270107168869,13253758494,2026-07-03 12:22:31.547183,03/07/26,12:22:31
38499,0.09,38.499,93.50892230967038,13253796993,2026-07-03 12:23:10.046183,03/07/26,12:23:10
38097,0.09,38.097,94.49562957713206,13253835090,2026-07-03 12:23:48.143183,03/07/26,12:23:48
38430,0.09,38.43,93.6768149882904,13253873520,2026-07-03 12:24:26.573183,03/07/26,12:24:26
38420,0.09,38.42,93.70119729307652,13253911940,2026-07-03 12:25:04.993183,03/07/26,12:25:4
38346,0.09,38.346,93.88202159286497,13253950286,2026-07-03 12:25:43.339183,03/07/26,12:25:43
38346,0.09,38.346,93.88202159286497,13253988632,2026-07-03 12:26:21.685183,03/07/26,12:26:21
31598,0.11,31.598,113.93126147224508,13254020230,2026-07-03 12:26:53.283183,03/07/26,12:26:53
26861,0.13,26.861,134.0233051636201,13254047091,2026-07-03 12:27:20.144183,03/07/26,12:27:20
27855,0.13,27.855,129.24071082390952,13254074946,2026-07-03 12:27:47.999183,03/07/26,12:27:47
27408,0.13,27.408,131.34851138353764,13254102354,2026-07-03 12:28:15.407183,03/07/26,12:28:15
26715,0.13,26.715,134.7557551937114,13254129069,2026-07-03 12:28:42.122183,03/07/26,12:28:42
27754,0.13,27.754,129.7110326439432,13254156823,2026-07-03 12:29:09.876183,03/07/26,12:29:9
27585,0.13,27.585,130.50570962479608,13254184408,2026-07-03 12:29:37.461183,03/07/26,12:29:37
27792,0.13,27.792,129.5336787564767,13254212200,2026-07-03 12:30:05.253183,03/07/26,12:30:5
12349,0.29,12.349,291.5215806947931,13254224549,2026-07-03 12:30:17.602183,03/07/26,12:30:17
2478,1.45,2.478,1452.7845036319613,13254227027,2026-07-03 12:30:20.080183,03/07/26,12:30:20
2480,1.45,2.48,1451.6129032258063,13254229507,2026-07-03 12:30:22.560183,03/07/26,12:30:22
2482,1.45,2.482,1450.4431909750201,13254231989,2026-07-03 12:30:25.042183,03/07/26,12:30:25
2492,1.44,2.492,1444.6227929373997,13254234481,2026-07-03 12:30:27.534183,03/07/26,12:30:27
2477,1.45,2.477,1453.3710133225677,13254236958,2026-07-03 12:30:30.011183,03/07/26,12:30:30
2488,1.45,2.488,1446.9453376205788,13254239446,2026-07-03 12:30:32.499183,03/07/26,12:30:32
2479,1.45,2.479,1452.1984671238401,13254241925,2026-07-03 12:30:34.978183,03/07/26,12:30:34
2471,1.46,2.471,1456.9000404694455,13254244396,2026-07-03 12:30:37.449183,03/07/26,12:30:37
2477,1.45,2.477,1453.3710133225677,13254246873,2026-07-03 12:30:39.926183,03/07/26,12:30:39
2479,1.45,2.479,1452.1984671238401,13254249352,2026-07-03 12:30:42.405183,03/07/26,12:30:42
2483,1.45,2.483,1449.859041482078,13254251835,2026-07-03 12:30:44.888183,03/07/26,12:30:44
2488,1.45,2.488,1446.9453376205788,13254254323,2026-07-03 12:30:47.376183,03/07/26,12:30:47
2490,1.45,2.49,1445.7831325301204,13254256813,2026-07-03 12:30:49.866183,03/07/26,12:30:49
2491,1.45,2.491,1445.2027298273786,13254259304,2026-07-03 12:30:52.357183,03/07/26,12:30:52
2492,1.44,2.492,1444.6227929373997,13254261796,2026-07-03 12:30:54.849183,03/07/26,12:30:54
2503,1.44,2.503,1438.2740711146623,13254264299,2026-07-03 12:30:57.352183,03/07/26,12:30:57
1805,1.99,1.805,1994.4598337950138,13254266104,2026-07-03 12:30:59.157183,03/07/26,12:30:59
1280,2.81,1.28,2812.5,13254267384,2026-07-03 12:31:00.437183,03/07/26,12:31:0
1284,2.8,1.284,2803.7383177570096,13254268668,2026-07-03 12:31:01.721183,03/07/26,12:31:1
1286,2.8,1.286,2799.3779160186627,13254269954,2026-07-03 12:31:03.007183,03/07/26,12:31:3
1292,2.79,1.292,2786.377708978328,13254271246,2026-07-03 12:31:04.299183,03/07/26,12:31:4
1290,2.79,1.29,2790.6976744186045,13254272536,2026-07-03 12:31:05.589183,03/07/26,12:31:5
1300,2.77,1.3,2769.230769230769,13254273836,2026-07-03 12:31:06.889183,03/07/26,12:31:6
1295,2.78,1.295,2779.92277992278,13254275131,2026-07-03 12:31:08.184183,03/07/26,12:31:8
1300,2.77,1.3,2769.230769230769,13254276431,2026-07-03 12:31:09.484183,03/07/26,12:31:9
1293,2.78,1.293,2784.2227378190255,13254277724,2026-07-03 12:31:10.777183,03/07/26,12:31:10
1291,2.79,1.291,2788.53601859024,13254279015,2026-07-03 12:31:12.068183,03/07/26,12:31:12
1297,2.78,1.297,2775.6360832690825,13254280312,2026-07-03 12:31:13.365183,03/07/26,12:31:13
1298,2.77,1.298,2773.497688751926,13254281610,2026-07-03 12:31:14.663183,03/07/26,12:31:14
1297,2.78,1.297,2775.6360832690825,13254282907,2026-07-03 12:31:15.960183,03/07/26,12:31:15
1306,2.76,1.306,2756.508422664625,13254284213,2026-07-03 12:31:17.266183,03/07/26,12:31:17
1298,2.77,1.298,2773.497688751926,13254285511,2026-07-03 12:31:18.564183,03/07/26,12:31:18
1303,2.76,1.303,2762.8549501151188,13254286814,2026-07-03 12:31:19.867183,03/07/26,12:31:19
1305,2.76,1.305,2758.6206896551726,13254288119,2026-07-03 12:31:21.172183,03/07/26,12:31:21
1298,2.77,1.298,2773.497688751926,13254289417,2026-07-03 12:31:22.470183,03/07/26,12:31:22
1302,2.76,1.302,2764.9769585253457,13254290719,2026-07-03 12:31:23.772183,03/07/26,12:31:23
1299,2.77,1.299,2771.3625866050807,13254292018,2026-07-03 12:31:25.071183,03/07/26,12:31:25
1304,2.76,1.304,2760.7361963190183,13254293322,2026-07-03 12:31:26.375183,03/07/26,12:31:26
1300,2.77,1.3,2769.230769230769,13254294622,2026-07-03 12:31:27.675183,03/07/26,12:31:27
1299,2.77,1.299,2771.3625866050807,13254295921,2026-07-03 12:31:28.974183,03/07/26,12:31:28
1298,2.77,1.298,2773.497688751926,13254297219,2026-07-03 12:31:30.272183,03/07/26,12:31:30
1305,2.76,1.305,2758.6206896551726,13254298524,2026-07-03 12:31:31.577183,03/07/26,12:31:31
1304,2.76,1.304,2760.7361963190183,13254299828,2026-07-03 12:31:32.881183,03/07/26,12:31:32
1306,2.76,1.306,2756.508422664625,13254301134,2026-07-03 12:31:34.187183,03/07/26,12:31:34
1294,2.78,1.294,2782.0710973724886,13254302428,2026-07-03 12:31:35.481183,03/07/26,12:31:35
1304,2.76,1.304,2760.7361963190183,13254303732,2026-07-03 12:31:36.785183,03/07/26,12:31:36
1299,2.77,1.299,2771.3625866050807,13254305031,2026-07-03 12:31:38.084183,03/07/26,12:31:38
1305,2.76,1.305,2758.6206896551726,13254306336,2026-07-03 12:31:39.389183,03/07/26,12:31:39
1300,2.77,1.3,2769.230769230769,13254307636,2026-07-03 12:31:40.689183,03/07/26,12:31:40
1302,2.76,1.302,2764.9769585253457,13254308938,2026-07-03 12:31:41.991183,03/07/26,12:31:41
1303,2.76,1.303,2762.8549501151188,13254310241,2026-07-03 12:31:43.294183,03/07/26,12:31:43
1303,2.76,1.303,2762.8549501151188,13254311544,2026-07-03 12:31:44.597183,03/07/26,12:31:44
1305,2.76,1.305,2758.6206896551726,13254312849,2026-07-03 12:31:45.902183,03/07/26,12:31:45
1312,2.74,1.312,2743.9024390243903,13254314161,2026-07-03 12:31:47.214183,03/07/26,12:31:47
1303,2.76,1.303,2762.8549501151188,13254315464,2026-07-03 12:31:48.517183,03/07/26,12:31:48
1312,2.74,1.312,2743.9024390243903,13254316776,2026-07-03 12:31:49.829183,03/07/26,12:31:49
1311,2.74,1.311,2745.995423340961,13254318087,2026-07-03 12:31:51.140183,03/07/26,12:31:51
1304,2.76,1.304,2760.7361963190183,13254319391,2026-07-03 12:31:52.444183,03/07/26,12:31:52
1312,2.74,1.312,2743.9024390243903,13254320703,2026-07-03 12:31:53.756183,03/07/26,12:31:53
1306,2.76,1.306,2756.508422664625,13254322009,2026-07-03 12:31:55.062183,03/07/26,12:31:55
1310,2.75,1.31,2748.091603053435,13254323319,2026-07-03 12:31:56.372183,03/07/26,12:31:56
1312,2.74,1.312,2743.9024390243903,13254324631,2026-07-03 12:31:57.684183,03/07/26,12:31:57
1308,2.75,1.308,2752.293577981651,13254325939,2026-07-03 12:31:58.992183,03/07/26,12:31:58
1304,2.76,1.304,2760.7361963190183,13254327243,2026-07-03 12:32:00.296183,03/07/26,12:32:0
1313,2.74,1.313,2741.8126428027417,13254328556,2026-07-03 12:32:01.609183,03/07/26,12:32:1
1310,2.75,1.31,2748.091603053435,13254329866,2026-07-03 12:32:02.919183,03/07/26,12:32:2
1309,2.75,1.309,2750.1909854851033,13254331175,2026-07-03 12:32:04.228183,03/07/26,12:32:4
1304,2.76,1.304,2760.7361963190183,13254332479,2026-07-03 12:32:05.532183,03/07/26,12:32:5
1311,2.74,1.311,2745.995423340961,13254333790,2026-07-03 12:32:06.843183,03/07/26,12:32:6
1308,2.75,1.308,2752.293577981651,13254335098,2026-07-03 12:32:08.151183,03/07/26,12:32:8
2178,1.65,2.178,1652.892561983471,13254337276,2026-07-03 12:32:10.329183,03/07/26,12:32:10
2450,1.47,2.45,1469.3877551020407,13254339726,2026-07-03 12:32:12.779183,03/07/26,12:32:12
2448,1.47,2.448,1470.5882352941176,13254342174,2026-07-03 12:32:15.227183,03/07/26,12:32:15
2457,1.47,2.457,1465.2014652014652,13254344631,2026-07-03 12:32:17.684183,03/07/26,12:32:17
2456,1.47,2.456,1465.798045602606,13254347087,2026-07-03 12:32:20.140183,03/07/26,12:32:20
2473,1.46,2.473,1455.7217953902143,13254349560,2026-07-03 12:32:22.613183,03/07/26,12:32:22
2472,1.46,2.472,1456.3106796116506,13254352032,2026-07-03 12:32:25.085183,03/07/26,12:32:25
2480,1.45,2.48,1451.6129032258063,13254354512,2026-07-03 12:32:27.565183,03/07/26,12:32:27
2476,1.45,2.476,1453.9579967689822,13254356988,2026-07-03 12:32:30.041183,03/07/26,12:32:30
2466,1.46,2.466,1459.85401459854,13254359454,2026-07-03 12:32:32.507183,03/07/26,12:32:32
2469,1.46,2.469,1458.0801944106927,13254361923,2026-07-03 12:32:34.976183,03/07/26,12:32:34
2466,1.46,2.466,1459.85401459854,13254364389,2026-07-03 12:32:37.442183,03/07/26,12:32:37
2455,1.47,2.455,1466.3951120162933,13254366844,2026-07-03 12:32:39.897183,03/07/26,12:32:39
2458,1.46,2.458,1464.6053702196907,13254369302,2026-07-03 12:32:42.355183,03/07/26,12:32:42
2464,1.46,2.464,1461.0389610389611,13254371766,2026-07-03 12:32:44.819183,03/07/26,12:32:44
2471,1.46,2.471,1456.9000404694455,13254374237,2026-07-03 12:32:47.290183,03/07/26,12:32:47
2468,1.46,2.468,1458.6709886547812,13254376705,2026-07-03 12:32:49.758183,03/07/26,12:32:49
2474,1.46,2.474,1455.1333872271625,13254379179,2026-07-03 12:32:52.232183,03/07/26,12:32:52
2477,1.45,2.477,1453.3710133225677,13254381656,2026-07-03 12:32:54.709183,03/07/26,12:32:54
2470,1.46,2.47,1457.48987854251,13254384126,2026-07-03 12:32:57.179183,03/07/26,12:32:57
2476,1.45,2.476,1453.9579967689822,13254386602,2026-07-03 12:32:59.655183,03/07/26,12:32:59
2482,1.45,2.482,1450.4431909750201,13254389084,2026-07-03 12:33:02.137183,03/07/26,12:33:2
2476,1.45,2.476,1453.9579967689822,13254391560,2026-07-03 12:33:04.613183,03/07/26,12:33:4
2477,1.45,2.477,1453.3710133225677,13254394037,2026-07-03 12:33:07.090183,03/07/26,12:33:7
2466,1.46,2.466,1459.85401459854,13254396503,2026-07-03 12:33:09.556183,03/07/26,12:33:9
2472,1.46,2.472,1456.3106796116506,13254398975,2026-07-03 12:33:12.028183,03/07/26,12:33:12
2467,1.46,2.467,1459.2622618565058,13254401442,2026-07-03 12:33:14.495183,03/07/26,12:33:14
2469,1.46,2.469,1458.0801944106927,13254403911,2026-07-03 12:33:16.964183,03/07/26,12:33:16
2466,1.46,2.466,1459.85401459854,13254406377,2026-07-03 12:33:19.430183,03/07/26,12:33:19
2459,1.46,2.459,1464.0097600650672,13254408836,2026-07-03 12:33:21.889183,03/07/26,12:33:21
2465,1.46,2.465,1460.4462474645031,13254411301,2026-07-03 12:33:24.354183,03/07/26,12:33:24
2461,1.46,2.461,1462.8199918732223,13254413762,2026-07-03 12:33:26.815183,03/07/26,12:33:26
2461,1.46,2.461,1462.8199918732223,13254416223,2026-07-03 12:33:29.276183,03/07/26,12:33:29
2458,1.46,2.458,1464.6053702196907,13254418681,2026-07-03 12:33:31.734183,03/07/26,12:33:31
10392,0.35,10.392,346.4203233256351,13254429073,2026-07-03 12:33:42.126183,03/07/26,12:33:42
28062,0.13,28.062,128.2873636946761,13254457135,2026-07-03 12:34:10.188183,03/07/26,12:34:10
28184,0.13,28.184,127.73204655123475,13254485319,2026-07-03 12:34:38.372183,03/07/26,12:34:38
28435,0.13,28.435,126.60453666256375,13254513754,2026-07-03 12:35:06.807183,03/07/26,12:35:6
29031,0.12,29.031,124.00537356618787,13254542785,2026-07-03 12:35:35.838183,03/07/26,12:35:35
29041,0.12,29.041,123.96267346165766,13254571826,2026-07-03 12:36:04.879183,03/07/26,12:36:4
29050,0.12,29.05,123.92426850258175,13254600876,2026-07-03 12:36:33.929183,03/07/26,12:36:33
28769,0.12,28.769,125.13469359379889,13254629645,2026-07-03 12:37:02.698183,03/07/26,12:37:2
28875,0.12,28.875,124.67532467532467,13254658520,2026-07-03 12:37:31.573183,03/07/26,12:37:31
28966,0.12,28.966,124.28364289166609,13254687486,2026-07-03 12:38:00.539183,03/07/26,12:38:0
28453,0.13,28.453,126.52444381963238,13254715939,2026-07-03 12:38:28.992183,03/07/26,12:38:28
28227,0.13,28.227,127.53746413008821,13254744166,2026-07-03 12:38:57.219183,03/07/26,12:38:57
28586,0.12,28.586,125.93577275589449,13254772752,2026-07-03 12:39:25.805183,03/07/26,12:39:25
28131,0.13,28.131,127.97269915751306,13254800883,2026-07-03 12:39:53.936183,03/07/26,12:39:53
27998,0.13,27.998,128.5806129009215,13254828881,2026-07-03 12:40:21.934183,03/07/26,12:40:21
28154,0.13,28.154,127.86815372593593,13254857035,2026-07-03 12:40:50.088183,03/07/26,12:40:50
28221,0.13,28.221,127.5645795684065,13254885256,2026-07-03 12:41:18.309183,03/07/26,12:41:18
27904,0.13,27.904,129.0137614678899,13254913160,2026-07-03 12:41:46.213183,03/07/26,12:41:46
27356,0.13,27.356,131.59818686942535,13254940516,2026-07-03 12:42:13.569183,03/07/26,12:42:13
27264,0.13,27.264,132.04225352112675,13254967780,2026-07-03 12:42:40.833183,03/07/26,12:42:40
27327,0.13,27.327,131.7378416950269,13254995107,2026-07-03 12:43:08.160183,03/07/26,12:43:8
27208,0.13,27.208,132.3140252866804,13255022315,2026-07-03 12:43:35.368183,03/07/26,12:43:35
27253,0.13,27.253,132.09554911385902,13255049568,2026-07-03 12:44:02.621183,03/07/26,12:44:2
24407,0.15,24.407,147.49866841479903,13255073975,2026-07-03 12:44:27.028183,03/07/26,12:44:27
9839,0.37,9.839,365.89084256530134,13255083814,2026-07-03 12:44:36.867183,03/07/26,12:44:36
9915,0.36,9.915,363.08623298033285,13255093729,2026-07-03 12:44:46.782183,03/07/26,12:44:46
9926,0.36,9.926,362.6838605682047,13255103655,2026-07-03 12:44:56.708183,03/07/26,12:44:56
9905,0.36,9.905,363.4528016153458,13255113560,2026-07-03 12:45:06.613183,03/07/26,12:45:6
9963,0.36,9.963,361.3369467028004,13255123523,2026-07-03 12:45:16.576183,03/07/26,12:45:16
9992,0.36,9.992,360.28823058446756,13255133515,2026-07-03 12:45:26.568183,03/07/26,12:45:26
9983,0.36,9.983,360.61304217169186,13255143498,2026-07-03 12:45:36.551183,03/07/26,12:45:36
9944,0.36,9.944,362.02735317779565,13255153442,2026-07-03 12:45:46.495183,03/07/26,12:45:46
9969,0.36,9.969,361.11947035811016,13255163411,2026-07-03 12:45:56.464183,03/07/26,12:45:56
9991,0.36,9.991,360.32429186267643,13255173402,2026-07-03 12:46:06.455183,03/07/26,12:46:6
10010,0.36,10.01,359.64035964035963,13255183412,2026-07-03 12:46:16.465183,03/07/26,12:46:16
9945,0.36,9.945,361.99095022624437,13255193357,2026-07-03 12:46:26.410183,03/07/26,12:46:26
9944,0.36,9.944,362.02735317779565,13255203301,2026-07-03 12:46:36.354183,03/07/26,12:46:36
9931,0.36,9.931,362.501258684926,13255213232,2026-07-03 12:46:46.285183,03/07/26,12:46:46
9980,0.36,9.98,360.7214428857715,13255223212,2026-07-03 12:46:56.265183,03/07/26,12:46:56
9930,0.36,9.93,362.5377643504532,13255233142,2026-07-03 12:47:06.195183,03/07/26,12:47:6
9915,0.36,9.915,363.08623298033285,13255243057,2026-07-03 12:47:16.110183,03/07/26,12:47:16
7055,0.51,7.055,510.2763997165131,13255250112,2026-07-03 12:47:23.165183,03/07/26,12:47:23
8123,0.44,8.123,443.1860150190816,13255258235,2026-07-03 12:47:31.288183,03/07/26,12:47:31
8130,0.44,8.13,442.8044280442804,13255266365,2026-07-03 12:47:39.418183,03/07/26,12:47:39
8145,0.44,8.145,441.9889502762431,13255274510,2026-07-03 12:47:47.563183,03/07/26,12:47:47
8140,0.44,8.14,442.26044226044223,13255282650,2026-07-03 12:47:55.703183,03/07/26,12:47:55
8124,0.44,8.124,443.1314623338257,13255290774,2026-07-03 12:48:03.827183,03/07/26,12:48:3
8128,0.44,8.128,442.9133858267717,13255298902,2026-07-03 12:48:11.955183,03/07/26,12:48:11
8073,0.44,8.073,445.9308807134894,13255306975,2026-07-03 12:48:20.028183,03/07/26,12:48:20
8115,0.44,8.115,443.6229205175601,13255315090,2026-07-03 12:48:28.143183,03/07/26,12:48:28
8125,0.44,8.125,443.0769230769231,13255323215,2026-07-03 12:48:36.268183,03/07/26,12:48:36
8104,0.44,8.104,444.22507403751234,13255331319,2026-07-03 12:48:44.372183,03/07/26,12:48:44
8166,0.44,8.166,440.852314474651,13255339485,2026-07-03 12:48:52.538183,03/07/26,12:48:52
8177,0.44,8.177,440.2592637886755,13255347662,2026-07-03 12:49:00.715183,03/07/26,12:49:0
8172,0.44,8.172,440.52863436123346,13255355834,2026-07-03 12:49:08.887183,03/07/26,12:49:8
8200,0.44,8.2,439.0243902439024,13255364034,2026-07-03 12:49:17.087183,03/07/26,12:49:17
8191,0.44,8.191,439.50677572945915,13255372225,2026-07-03 12:49:25.278183,03/07/26,12:49:25
8197,0.44,8.197,439.18506770769795,13255380422,2026-07-03 12:49:33.475183,03/07/26,12:49:33
8211,0.44,8.211,438.43624406284255,13255388633,2026-07-03 12:49:41.686183,03/07/26,12:49:41
8246,0.44,8.246,436.57530924084404,13255396879,2026-07-03 12:49:49.932183,03/07/26,12:49:49
8227,0.44,8.227,437.5835663060654,13255405106,2026-07-03 12:49:58.159183,03/07/26,12:49:58
8243,0.44,8.243,436.7341987140604,13255413349,2026-07-03 12:50:06.402183,03/07/26,12:50:6
14229,0.25,14.229,253.0044275774826,13255427578,2026-07-03 12:50:20.631183,03/07/26,12:50:20
17730,0.2,17.73,203.0456852791878,13255445308,2026-07-03 12:50:38.361183,03/07/26,12:50:38
17945,0.2,17.945,200.61298411813877,13255463253,2026-07-03 12:50:56.306183,03/07/26,12:50:56
18044,0.2,18.044,199.51230325870094,13255481297,2026-07-03 12:51:14.350183,03/07/26,12:51:14
18151,0.2,18.151,198.33617982480305,13255499448,2026-07-03 12:51:32.501183,03/07/26,12:51:32
18030,0.2,18.03,199.66722129783693,13255517478,2026-07-03 12:51:50.531183,03/07/26,12:51:50
18186,0.2,18.186,197.9544704717915,13255535664,2026-07-03 12:52:08.717183,03/07/26,12:52:8
18289,0.2,18.289,196.8396303789163,13255553953,2026-07-03 12:52:27.006183,03/07/26,12:52:27
18208,0.2,18.208,197.7152899824253,13255572161,2026-07-03 12:52:45.214183,03/07/26,12:52:45
18254,0.2,18.254,197.21704831817684,13255590415,2026-07-03 12:53:03.468183,03/07/26,12:53:3
18337,0.2,18.337,196.3243714893385,13255608752,2026-07-03 12:53:21.805183,03/07/26,12:53:21
18234,0.2,18.234,197.43336623889437,13255626986,2026-07-03 12:53:40.039183,03/07/26,12:53:40
18367,0.2,18.367,196.0037022921544,13255645353,2026-07-03 12:53:58.406183,03/07/26,12:53:58
18435,0.19,18.435,195.2807160292921,13255663788,2026-07-03 12:54:16.841183,03/07/26,12:54:16
18446,0.19,18.446,195.16426325490622,13255682234,2026-07-03 12:54:35.287183,03/07/26,12:54:35
18482,0.19,18.482,194.78411427334703,13255700716,2026-07-03 12:54:53.769183,03/07/26,12:54:53
28725,0.12,28.725,125.32637075718016,13255729441,2026-07-03 12:55:22.494183,03/07/26,12:55:22
28826,0.12,28.826,124.88725456185388,13255758267,2026-07-03 12:55:51.320183,03/07/26,12:55:51
28864,0.12,28.864,124.72283813747228,13255787131,2026-07-03 12:56:20.184183,03/07/26,12:56:20
28702,0.12,28.702,125.42679952616542,13255815833,2026-07-03 12:56:48.886183,03/07/26,12:56:48
28604,0.12,28.604,125.85652356313803,13255844437,2026-07-03 12:57:17.490183,03/07/26,12:57:17
28878,0.12,28.878,124.66237274049449,13255873315,2026-07-03 12:57:46.368183,03/07/26,12:57:46
28886,0.12,28.886,124.62784740012462,13255902201,2026-07-03 12:58:15.254183,03/07/26,12:58:15
28812,0.12,28.812,124.94793835901707,13255931013,2026-07-03 12:58:44.066183,03/07/26,12:58:44
28789,0.12,28.789,125.04776129771788,13255959802,2026-07-03 12:59:12.855183,03/07/26,12:59:12
27819,0.13,27.819,129.40795858945324,13255987621,2026-07-03 12:59:40.674183,03/07/26,12:59:40
28474,0.13,28.474,126.43113015382454,13256016095,2026-07-03 13:00:09.148183,03/07/26,13:0:9
27654,0.13,27.654,130.18008244738556,13256043749,2026-07-03 13:00:36.802183,03/07/26,13:0:36
27965,0.13,27.965,128.73234400143036,13256071714,2026-07-03 13:01:04.767183,03/07/26,13:1:4
28230,0.13,28.23,127.52391073326248,13256099944,2026-07-03 13:01:32.997183,03/07/26,13:1:32
28050,0.13,28.05,128.3422459893048,13256127994,2026-07-03 13:02:01.047183,03/07/26,13:2:1
28126,0.13,28.126,127.99544905070042,13256156120,2026-07-03 13:02:29.173183,03/07/26,13:2:29
27934,0.13,27.934,128.87520584234267,13256184054,2026-07-03 13:02:57.107183,03/07/26,13:2:57
28359,0.13,28.359,126.94382735639479,13256212413,2026-07-03 13:03:25.466183,03/07/26,13:3:25
28159,0.13,28.159,127.84544905713982,13256240572,2026-07-03 13:03:53.625183,03/07/26,13:3:53
28386,0.13,28.386,126.82308180088776,13256268958,2026-07-03 13:04:22.011183,03/07/26,13:4:22
28089,0.13,28.089,128.16404998397948,13256297047,2026-07-03 13:04:50.100183,03/07/26,13:4:50
28324,0.13,28.324,127.10069199265641,13256325371,2026-07-03 13:05:18.424183,03/07/26,13:5:18
28425,0.13,28.425,126.64907651715039,13256353796,2026-07-03 13:05:46.849183,03/07/26,13:5:46
28312,0.13,28.312,127.15456343599887,13256382108,2026-07-03 13:06:15.161183,03/07/26,13:6:15
28218,0.13,28.218,127.5781416117372,13256410326,2026-07-03 13:06:43.379183,03/07/26,13:6:43
28279,0.13,28.279,127.3029456487146,13256438605,2026-07-03 13:07:11.658183,03/07/26,13:7:11
28055,0.13,28.055,128.31937266084478,13256466660,2026-07-03 13:07:39.713183,03/07/26,13:7:39
28788,0.12,28.788,125.05210504376824,13256495448,2026-07-03 13:08:08.501183,03/07/26,13:8:8
28715,0.12,28.715,125.37001567125196,13256524163,2026-07-03 13:08:37.216183,03/07/26,13:8:37
28242,0.13,28.242,127.46972594008923,13256552405,2026-07-03 13:09:05.458183,03/07/26,13:9:5
28225,0.13,28.225,127.5465013286094,13256580630,2026-07-03 13:09:33.683183,03/07/26,13:9:33
28266,0.13,28.266,127.36149437486733,13256608896,2026-07-03 13:10:01.949183,03/07/26,13:10:1
28423,0.13,28.423,126.65798824895332,13256637319,2026-07-03 13:10:30.372183,03/07/26,13:10:30
28620,0.12,28.62,125.78616352201257,13256665939,2026-07-03 13:10:58.992183,03/07/26,13:10:58
28902,0.12,28.902,124.55885405854266,13256694841,2026-07-03 13:11:27.894183,03/07/26,13:11:27
28379,0.13,28.379,126.85436414249973,13256723220,2026-07-03 13:11:56.273183,03/07/26,13:11:56
28659,0.12,28.659,125.61499005547995,13256751879,2026-07-03 13:12:24.932183,03/07/26,13:12:24
28877,0.12,28.877,124.6666897530907,13256780756,2026-07-03 13:12:53.809183,03/07/26,13:12:53
28978,0.12,28.978,124.23217613361861,13256809734,2026-07-03 13:13:22.787183,03/07/26,13:13:22
28872,0.12,28.872,124.68827930174564,13256838606,2026-07-03 13:13:51.659183,03/07/26,13:13:51
29003,0.12,29.003,124.1250905078785,13256867609,2026-07-03 13:14:20.662183,03/07/26,13:14:20
28650,0.12,28.65,125.6544502617801,13256896259,2026-07-03 13:14:49.312183,03/07/26,13:14:49
28567,0.13,28.567,126.01953302761927,13256924826,2026-07-03 13:15:17.879183,03/07/26,13:15:17
28417,0.13,28.417,126.6847309708977,13256953243,2026-07-03 13:15:46.296183,03/07/26,13:15:46
28657,0.12,28.657,125.62375684823952,13256981900,2026-07-03 13:16:14.953183,03/07/26,13:16:14
28481,0.13,28.481,126.40005617780274,13257010381,2026-07-03 13:16:43.434183,03/07/26,13:16:43
28601,0.12,28.601,125.86972483479599,13257038982,2026-07-03 13:17:12.035183,03/07/26,13:17:12
28432,0.13,28.432,126.61789532920653,13257067414,2026-07-03 13:17:40.467183,03/07/26,13:17:40
28535,0.13,28.535,126.16085509024006,13257095949,2026-07-03 13:18:09.002183,03/07/26,13:18:9
28594,0.12,28.594,125.90053857452612,13257124543,2026-07-03 13:18:37.596183,03/07/26,13:18:37
28174,0.13,28.174,127.77738340313765,13257152717,2026-07-03 13:19:05.770183,03/07/26,13:19:5
28288,0.13,28.288,127.26244343891403,13257181005,2026-07-03 13:19:34.058183,03/07/26,13:19:34
28498,0.13,28.498,126.32465436170959,13257209503,2026-07-03 13:20:02.556183,03/07/26,13:20:2
28609,0.12,28.609,125.83452759621099,13257238112,2026-07-03 13:20:31.165183,03/07/26,13:20:31
28571,0.13,28.571,126.00189002835043,13257266683,2026-07-03 13:20:59.736183,03/07/26,13:20:59
28260,0.13,28.26,127.38853503184713,13257294943,2026-07-03 13:21:27.996183,03/07/26,13:21:27
28303,0.13,28.303,127.1949969967848,13257323246,2026-07-03 13:21:56.299183,03/07/26,13:21:56
27453,0.13,27.453,131.13320948530216,13257350699,2026-07-03 13:22:23.752183,03/07/26,13:22:23
27658,0.13,27.658,130.16125533299586,13257378357,2026-07-03 13:22:51.410183,03/07/26,13:22:51
19256,0.19,19.256,186.95471541337764,13257397613,2026-07-03 13:23:10.666183,03/07/26,13:23:10
17400,0.21,17.4,206.89655172413794,13257415013,2026-07-03 13:23:28.066183,03/07/26,13:23:28
17781,0.2,17.781,202.46330352623588,13257432794,2026-07-03 13:23:45.847183,03/07/26,13:23:45
19766,0.18,19.766,182.13093190326825,13257452560,2026-07-03 13:24:05.613183,03/07/26,13:24:5
19701,0.18,19.701,182.7318410232983,13257472261,2026-07-03 13:24:25.314183,03/07/26,13:24:25
19855,0.18,19.855,181.31453034500126,13257492116,2026-07-03 13:24:45.169183,03/07/26,13:24:45
20180,0.18,20.18,178.394449950446,13257512296,2026-07-03 13:25:05.349183,03/07/26,13:25:5
20280,0.18,20.28,177.5147928994083,13257532576,2026-07-03 13:25:25.629183,03/07/26,13:25:25
20281,0.18,20.281,177.50604013608796,13257552857,2026-07-03 13:25:45.910183,03/07/26,13:25:45
20430,0.18,20.43,176.21145374449338,13257573287,2026-07-03 13:26:06.340183,03/07/26,13:26:6
20513,0.17,20.513,175.4984643884366,13257593800,2026-07-03 13:26:26.853183,03/07/26,13:26:26
19949,0.18,19.949,180.4601734422778,13257613749,2026-07-03 13:26:46.802183,03/07/26,13:26:46
20197,0.18,20.197,178.24429370698618,13257633946,2026-07-03 13:27:06.999183,03/07/26,13:27:6
19898,0.18,19.898,180.92270579957784,13257653844,2026-07-03 13:27:26.897183,03/07/26,13:27:26
20281,0.18,20.281,177.50604013608796,13257674125,2026-07-03 13:27:47.178183,03/07/26,13:27:47
20468,0.17,20.468,175.88430721125658,13257694593,2026-07-03 13:28:07.646183,03/07/26,13:28:7
20041,0.18,20.041,179.63175490244998,13257714634,2026-07-03 13:28:27.687183,03/07/26,13:28:27
19920,0.18,19.92,180.72289156626505,13257734554,2026-07-03 13:28:47.607183,03/07/26,13:28:47
20169,0.18,20.169,178.491744756805,13257754723,2026-07-03 13:29:07.776183,03/07/26,13:29:7
20031,0.18,20.031,179.72143178073986,13257774754,2026-07-03 13:29:27.807183,03/07/26,13:29:27
19970,0.18,19.97,180.27040560841263,13257794724,2026-07-03 13:29:47.777183,03/07/26,13:29:47
20048,0.18,20.048,179.56903431763766,13257814772,2026-07-03 13:30:07.825183,03/07/26,13:30:7
19979,0.18,19.979,180.18919865859152,13257834751,2026-07-03 13:30:27.804183,03/07/26,13:30:27
26608,0.14,26.608,135.29765484064941,13257861359,2026-07-03 13:30:54.412183,03/07/26,13:30:54
34125,0.1,34.125,105.49450549450549,13257895484,2026-07-03 13:31:28.537183,03/07/26,13:31:28
33465,0.11,33.465,107.57507844016136,13257928949,2026-07-03 13:32:02.002183,03/07/26,13:32:2
33334,0.11,33.334,107.99784004319913,13257962283,2026-07-03 13:32:35.336183,03/07/26,13:32:35
33575,0.11,33.575,107.22263588979895,13257995858,2026-07-03 13:33:08.911183,03/07/26,13:33:8
33470,0.11,33.47,107.5590080669256,13258029328,2026-07-03 13:33:42.381183,03/07/26,13:33:42
33368,0.11,33.368,107.8877966914409,13258062696,2026-07-03 13:34:15.749183,03/07/26,13:34:15
33813,0.11,33.813,106.4679265371307,13258096509,2026-07-03 13:34:49.562183,03/07/26,13:34:49
35557,0.1,35.557,101.24588688584527,13258132066,2026-07-03 13:35:25.119183,03/07/26,13:35:25
35405,0.1,35.405,101.68055359412513,13258167471,2026-07-03 13:36:00.524183,03/07/26,13:36:0
35605,0.1,35.605,101.10939474792866,13258203076,2026-07-03 13:36:36.129183,03/07/26,13:36:36
35346,0.1,35.346,101.85028008827024,13258238422,2026-07-03 13:37:11.475183,03/07/26,13:37:11
35189,0.1,35.189,102.30469749069312,13258273611,2026-07-03 13:37:46.664183,03/07/26,13:37:46
35448,0.1,35.448,101.5572105619499,13258309059,2026-07-03 13:38:22.112183,03/07/26,13:38:22
35955,0.1,35.955,100.12515644555694,13258345014,2026-07-03 13:38:58.067183,03/07/26,13:38:58
36649,0.1,36.649,98.2291467707168,13258381663,2026-07-03 13:39:34.716183,03/07/26,13:39:34
36036,0.1,36.036,99.9000999000999,13258417699,2026-07-03 13:40:10.752183,03/07/26,13:40:10
35832,0.1,35.832,100.46885465505693,13258453531,2026-07-03 13:40:46.584183,03/07/26,13:40:46
36147,0.1,36.147,99.59332724707444,13258489678,2026-07-03 13:41:22.731183,03/07/26,13:41:22
35911,0.1,35.911,100.24783492523183,13258525589,2026-07-03 13:41:58.642183,03/07/26,13:41:58
35845,0.1,35.845,100.43241735248989,13258561434,2026-07-03 13:42:34.487183,03/07/26,13:42:34
36011,0.1,36.011,99.96945377801228,13258597445,2026-07-03 13:43:10.498183,03/07/26,13:43:10
35869,0.1,35.869,100.36521787616047,13258633314,2026-07-03 13:43:46.367183,03/07/26,13:43:46
36013,0.1,36.013,99.9639019243051,13258669327,2026-07-03 13:44:22.380183,03/07/26,13:44:22
35963,0.1,35.963,100.10288351917248,13258705290,2026-07-03 13:44:58.343183,03/07/26,13:44:58
35879,0.1,35.879,100.3372446277767,13258741169,2026-07-03 13:45:34.222183,03/07/26,13:45:34
36017,0.1,36.017,99.9528000666352,13258777186,2026-07-03 13:46:10.239183,03/07/26,13:46:10
36194,0.1,36.194,99.46399955793778,13258813380,2026-07-03 13:46:46.433183,03/07/26,13:46:46
36146,0.1,36.146,99.59608255408621,13258849526,2026-07-03 13:47:22.579183,03/07/26,13:47:22
36350,0.1,36.35,99.03713892709766,13258885876,2026-07-03 13:47:58.929183,03/07/26,13:47:58
36871,0.1,36.871,97.63770985327221,13258922747,2026-07-03 13:48:35.800183,03/07/26,13:48:35
36838,0.1,36.838,97.7251750909387,13258959585,2026-07-03 13:49:12.638183,03/07/26,13:49:12
37066,0.1,37.066,97.12404899368694,13258996651,2026-07-03 13:49:49.704183,03/07/26,13:49:49
36685,0.1,36.685,98.13275180591522,13259033336,2026-07-03 13:50:26.389183,03/07/26,13:50:26
36696,0.1,36.696,98.10333551340746,13259070032,2026-07-03 13:51:03.085183,03/07/26,13:51:3
36716,0.1,36.716,98.04989650288702,13259106748,2026-07-03 13:51:39.801183,03/07/26,13:51:39
36752,0.1,36.752,97.95385285154549,13259143500,2026-07-03 13:52:16.553183,03/07/26,13:52:16
36691,0.1,36.691,98.1167043689188,13259180191,2026-07-03 13:52:53.244183,03/07/26,13:52:53
35201,0.1,35.201,102.26982188006022,13259215392,2026-07-03 13:53:28.445183,03/07/26,13:53:28
34196,0.1,34.196,105.27547081530004,13259249588,2026-07-03 13:54:02.641183,03/07/26,13:54:2
34404,0.1,34.404,104.63899546564353,13259283992,2026-07-03 13:54:37.045183,03/07/26,13:54:37
34462,0.1,34.462,104.46288665776798,13259318454,2026-07-03 13:55:11.507183,03/07/26,13:55:11
34349,0.1,34.349,104.80654458645084,13259352803,2026-07-03 13:55:45.856183,03/07/26,13:55:45
34584,0.1,34.584,104.09437890353921,13259387387,2026-07-03 13:56:20.440183,03/07/26,13:56:20
34334,0.1,34.334,104.85233296440846,13259421721,2026-07-03 13:56:54.774183,03/07/26,13:56:54
33942,0.11,33.942,106.06328442637441,13259455663,2026-07-03 13:57:28.716183,03/07/26,13:57:28
34069,0.1,34.069,105.66790924300683,13259489732,2026-07-03 13:58:02.785183,03/07/26,13:58:2
34125,0.1,34.125,105.49450549450549,13259523857,2026-07-03 13:58:36.910183,03/07/26,13:58:36
34285,0.1,34.285,105.00218754557386,13259558142,2026-07-03 13:59:11.195183,03/07/26,13:59:11
34229,0.1,34.229,105.17397528411581,13259592371,2026-07-03 13:59:45.424183,03/07/26,13:59:45
33666,0.11,33.666,106.93281055070398,13259626037,2026-07-03 14:00:19.090183,03/07/26,14:0:19
33281,0.11,33.281,108.16982662780565,13259659318,2026-07-03 14:00:52.371183,03/07/26,14:0:52
33463,0.11,33.463,107.58150793413621,13259692781,2026-07-03 14:01:25.834183,03/07/26,14:1:25
25052,0.14,25.052,143.70110170844643,13259717833,2026-07-03 14:01:50.886183,03/07/26,14:1:50
18992,0.19,18.992,189.55349620893008,13259736825,2026-07-03 14:02:09.878183,03/07/26,14:2:9
18892,0.19,18.892,190.55684946008893,13259755717,2026-07-03 14:02:28.770183,03/07/26,14:2:28
18836,0.19,18.836,191.12338076024633,13259774553,2026-07-03 14:02:47.606183,03/07/26,14:2:47
19016,0.19,19.016,189.31426167437948,13259793569,2026-07-03 14:03:06.622183,03/07/26,14:3:6
19112,0.19,19.112,188.36333193804938,13259812681,2026-07-03 14:03:25.734183,03/07/26,14:3:25
19193,0.19,19.193,187.5683843067785,13259831874,2026-07-03 14:03:44.927183,03/07/26,14:3:44
19439,0.19,19.439,185.19471166212253,13259851313,2026-07-03 14:04:04.366183,03/07/26,14:4:4
19468,0.18,19.468,184.91884117526197,13259870781,2026-07-03 14:04:23.834183,03/07/26,14:4:23
19480,0.18,19.48,184.80492813141683,13259890261,2026-07-03 14:04:43.314183,03/07/26,14:4:43
19658,0.18,19.658,183.13154949638823,13259909919,2026-07-03 14:05:02.972183,03/07/26,14:5:2
19694,0.18,19.694,182.79679090078196,13259929613,2026-07-03 14:05:22.666183,03/07/26,14:5:22
19775,0.18,19.775,182.0480404551201,13259949388,2026-07-03 14:05:42.441183,03/07/26,14:5:42
19918,0.18,19.918,180.7410382568531,13259969306,2026-07-03 14:06:02.359183,03/07/26,14:6:2
19918,0.18,19.918,180.7410382568531,13259989224,2026-07-03 14:06:22.277183,03/07/26,14:6:22
19894,0.18,19.894,180.95908314064542,13260009118,2026-07-03 14:06:42.171183,03/07/26,14:6:42
20116,0.18,20.116,178.9620202823623,13260029234,2026-07-03 14:07:02.287183,03/07/26,14:7:2
20006,0.18,20.006,179.94601619514145,13260049240,2026-07-03 14:07:22.293183,03/07/26,14:7:22
20098,0.18,20.098,179.12230072644044,13260069338,2026-07-03 14:07:42.391183,03/07/26,14:7:42
20192,0.18,20.192,178.28843106180665,13260089530,2026-07-03 14:08:02.583183,03/07/26,14:8:2
20234,0.18,20.234,177.9183552436493,13260109764,2026-07-03 14:08:22.817183,03/07/26,14:8:22
20165,0.18,20.165,178.52715100421523,13260129929,2026-07-03 14:08:42.982183,03/07/26,14:8:42
20373,0.18,20.373,176.70446178766014,13260150302,2026-07-03 14:09:03.355183,03/07/26,14:9:3
20363,0.18,20.363,176.7912390119334,13260170665,2026-07-03 14:09:23.718183,03/07/26,14:9:23
32209,0.11,32.209,111.7700021733056,13260202874,2026-07-03 14:09:55.927183,03/07/26,14:9:55
33532,0.11,33.532,107.36013360372182,13260236406,2026-07-03 14:10:29.459183,03/07/26,14:10:29
34068,0.1,34.068,105.67101091933779,13260270474,2026-07-03 14:11:03.527183,03/07/26,14:11:3
34220,0.1,34.22,105.20163646990065,13260304694,2026-07-03 14:11:37.747183,03/07/26,14:11:37
34125,0.1,34.125,105.49450549450549,13260338819,2026-07-03 14:12:11.872183,03/07/26,14:12:11
34109,0.1,34.109,105.54399132193849,13260372928,2026-07-03 14:12:45.981183,03/07/26,14:12:45
34530,0.1,34.53,104.25716768027802,13260407458,2026-07-03 14:13:20.511183,03/07/26,14:13:20
34210,0.1,34.21,105.23238819058754,13260441668,2026-07-03 14:13:54.721183,03/07/26,14:13:54
34368,0.1,34.368,104.74860335195531,13260476036,2026-07-03 14:14:29.089183,03/07/26,14:14:29
34155,0.1,34.155,105.40184453227931,13260510191,2026-07-03 14:15:03.244183,03/07/26,14:15:3
34338,0.1,34.338,104.84011881880133,13260544529,2026-07-03 14:15:37.582183,03/07/26,14:15:37
34422,0.1,34.422,104.58427749694962,13260578951,2026-07-03 14:16:12.004183,03/07/26,14:16:12
34274,0.1,34.274,105.03588726148101,13260613225,2026-07-03 14:16:46.278183,03/07/26,14:16:46
34448,0.1,34.448,104.50534138411518,13260647673,2026-07-03 14:17:20.726183,03/07/26,14:17:20
34869,0.1,34.869,103.24356878602771,13260682542,2026-07-03 14:17:55.595183,03/07/26,14:17:55
34962,0.1,34.962,102.96893770379269,13260717504,2026-07-03 14:18:30.557183,03/07/26,14:18:30
35019,0.1,35.019,102.80133641737342,13260752523,2026-07-03 14:19:05.576183,03/07/26,14:19:5
34505,0.1,34.505,104.33270540501377,13260787028,2026-07-03 14:19:40.081183,03/07/26,14:19:40
35886,0.1,35.886,100.31767262999499,13260822914,2026-07-03 14:20:15.967183,03/07/26,14:20:15
36632,0.1,36.632,98.27473247433937,13260859546,2026-07-03 14:20:52.599183,03/07/26,14:20:52
36987,0.1,36.987,97.33149484954173,13260896533,2026-07-03 14:21:29.586183,03/07/26,14:21:29
36741,0.1,36.741,97.98317955417653,13260933274,2026-07-03 14:22:06.327183,03/07/26,14:22:6
36339,0.1,36.339,99.06711797242632,13260969613,2026-07-03 14:22:42.666183,03/07/26,14:22:42
32106,0.11,32.106,112.12857409829938,13261001719,2026-07-03 14:23:14.772183,03/07/26,14:23:14
32627,0.11,32.627,110.3380635669844,13261034346,2026-07-03 14:23:47.399183,03/07/26,14:23:47
32712,0.11,32.712,110.05135730007336,13261067058,2026-07-03 14:24:20.111183,03/07/26,14:24:20
32594,0.11,32.594,110.4497760323986,13261099652,2026-07-03 14:24:52.705183,03/07/26,14:24:52
32439,0.11,32.439,110.97752705077222,13261132091,2026-07-03 14:25:25.144183,03/07/26,14:25:25
32466,0.11,32.466,110.88523378303456,13261164557,2026-07-03 14:25:57.610183,03/07/26,14:25:57
32500,0.11,32.5,110.76923076923077,13261197057,2026-07-03 14:26:30.110183,03/07/26,14:26:30
30736,0.12,30.736,117.12649661634565,13261227793,2026-07-03 14:27:00.846183,03/07/26,14:27:0
30665,0.12,30.665,117.39768465677483,13261258458,2026-07-03 14:27:31.511183,03/07/26,14:27:31
31032,0.12,31.032,116.0092807424594,13261289490,2026-07-03 14:28:02.543183,03/07/26,14:28:2
31361,0.11,31.361,114.79225789993941,13261320851,2026-07-03 14:28:33.904183,03/07/26,14:28:33
31541,0.11,31.541,114.1371548143686,13261352392,2026-07-03 14:29:05.445183,03/07/26,14:29:5
31757,0.11,31.757,113.36083383191108,13261384149,2026-07-03 14:29:37.202183,03/07/26,14:29:37
31651,0.11,31.651,113.74048213326593,13261415800,2026-07-03 14:30:08.853183,03/07/26,14:30:8
31380,0.11,31.38,114.72275334608031,13261447180,2026-07-03 14:30:40.233183,03/07/26,14:30:40
31449,0.11,31.449,114.47104836401793,13261478629,2026-07-03 14:31:11.682183,03/07/26,14:31:11
31332,0.11,31.332,114.89850631941785,13261509961,2026-07-03 14:31:43.014183,03/07/26,14:31:43
31368,0.11,31.368,114.76664116296863,13261541329,2026-07-03 14:32:14.382183,03/07/26,14:32:14
31393,0.11,31.393,114.67524607396554,13261572722,2026-07-03 14:32:45.775183,03/07/26,14:32:45
31717,0.11,31.717,113.5037992243907,13261604439,2026-07-03 14:33:17.492183,03/07/26,14:33:17
31554,0.11,31.554,114.09013120365088,13261635993,2026-07-03 14:33:49.046183,03/07/26,14:33:49
31705,0.11,31.705,113.54675918624822,13261667698,2026-07-03 14:34:20.751183,03/07/26,14:34:20
31595,0.11,31.595,113.94207944294983,13261699293,2026-07-03 14:34:52.346183,03/07/26,14:34:52
31716,0.11,31.716,113.50737797956867,13261731009,2026-07-03 14:35:24.062183,03/07/26,14:35:24
31299,0.12,31.299,115.01964919006997,13261762308,2026-07-03 14:35:55.361183,03/07/26,14:35:55
28582,0.12,28.582,125.95339724302008,13261790890,2026-07-03 14:36:23.943183,03/07/26,14:36:23
25217,0.14,25.217,142.76083594400603,13261816107,2026-07-03 14:36:49.160183,03/07/26,14:36:49
25268,0.14,25.268,142.47269273389267,13261841375,2026-07-03 14:37:14.428183,03/07/26,14:37:14
25008,0.14,25.008,143.95393474088291,13261866383,2026-07-03 14:37:39.436183,03/07/26,14:37:39
25309,0.14,25.309,142.2418902366747,13261891692,2026-07-03 14:38:04.745183,03/07/26,14:38:4
25373,0.14,25.373,141.88310408702165,13261917065,2026-07-03 14:38:30.118183,03/07/26,14:38:30
25624,0.14,25.624,140.4932875429285,13261942689,2026-07-03 14:38:55.742183,03/07/26,14:38:55
26004,0.14,26.004,138.4402399630826,13261968693,2026-07-03 14:39:21.746183,03/07/26,14:39:21
25827,0.14,25.827,139.38901149959344,13261994520,2026-07-03 14:39:47.573183,03/07/26,14:39:47
25840,0.14,25.84,139.3188854489164,13262020360,2026-07-03 14:40:13.413183,03/07/26,14:40:13
25577,0.14,25.577,140.75145638659734,13262045937,2026-07-03 14:40:38.990183,03/07/26,14:40:38
14267,0.25,14.267,252.33055302446203,13262060204,2026-07-03 14:40:53.257183,03/07/26,14:40:53
16105,0.22,16.105,223.53306426575597,13262076309,2026-07-03 14:41:09.362183,03/07/26,14:41:9
16143,0.22,16.143,223.00687604534474,13262092452,2026-07-03 14:41:25.505183,03/07/26,14:41:25
16035,0.22,16.035,224.5088868101029,13262108487,2026-07-03 14:41:41.540183,03/07/26,14:41:41
16146,0.22,16.146,222.9654403567447,13262124633,2026-07-03 14:41:57.686183,03/07/26,14:41:57
16240,0.22,16.24,221.67487684729065,13262140873,2026-07-03 14:42:13.926183,03/07/26,14:42:13
16351,0.22,16.351,220.17002018225185,13262157224,2026-07-03 14:42:30.277183,03/07/26,14:42:30
16496,0.22,16.496,218.23472356935014,13262173720,2026-07-03 14:42:46.773183,03/07/26,14:42:46
16742,0.22,16.742,215.02807310954486,13262190462,2026-07-03 14:43:03.515183,03/07/26,14:43:3
16743,0.22,16.743,215.01523024547572,13262207205,2026-07-03 14:43:20.258183,03/07/26,14:43:20
16808,0.21,16.808,214.18372203712516,13262224013,2026-07-03 14:43:37.066183,03/07/26,14:43:37
16812,0.21,16.812,214.13276231263384,13262240825,2026-07-03 14:43:53.878183,03/07/26,14:43:53
16937,0.21,16.937,212.5524000708508,13262257762,2026-07-03 14:44:10.815183,03/07/26,14:44:10
17022,0.21,17.022,211.49101163200564,13262274784,2026-07-03 14:44:27.837183,03/07/26,14:44:27
16983,0.21,16.983,211.97668256491787,13262291767,2026-07-03 14:44:44.820183,03/07/26,14:44:44
17064,0.21,17.064,210.9704641350211,13262308831,2026-07-03 14:45:01.884183,03/07/26,14:45:1
17111,0.21,17.111,210.39097656478287,13262325942,2026-07-03 14:45:18.995183,03/07/26,14:45:18
17111,0.21,17.111,210.39097656478287,13262343053,2026-07-03 14:45:36.106183,03/07/26,14:45:36
17088,0.21,17.088,210.67415730337078,13262360141,2026-07-03 14:45:53.194183,03/07/26,14:45:53
17215,0.21,17.215,209.1199535288992,13262377356,2026-07-03 14:46:10.409183,03/07/26,14:46:10
17297,0.21,17.297,208.1285772099208,13262394653,2026-07-03 14:46:27.706183,03/07/26,14:46:27
17269,0.21,17.269,208.46603740807228,13262411922,2026-07-03 14:46:44.975183,03/07/26,14:46:44
17389,0.21,17.389,207.02743113462535,13262429311,2026-07-03 14:47:02.364183,03/07/26,14:47:2
17406,0.21,17.406,206.82523267838675,13262446717,2026-07-03 14:47:19.770183,03/07/26,14:47:19
17352,0.21,17.352,207.4688796680498,13262464069,2026-07-03 14:47:37.122183,03/07/26,14:47:37
17363,0.21,17.363,207.33744168634453,13262481432,2026-07-03 14:47:54.485183,03/07/26,14:47:54
17454,0.21,17.454,206.2564455139223,13262498886,2026-07-03 14:48:11.939183,03/07/26,14:48:11
23063,0.16,23.063,156.09417682001475,13262521949,2026-07-03 14:48:35.002183,03/07/26,14:48:35
26679,0.13,26.679,134.93759136399416,13262548628,2026-07-03 14:49:01.681183,03/07/26,14:49:1
26808,0.13,26.808,134.2882721575649,13262575436,2026-07-03 14:49:28.489183,03/07/26,14:49:28
26946,0.13,26.946,133.6005344021376,13262602382,2026-07-03 14:49:55.435183,03/07/26,14:49:55
26865,0.13,26.865,134.00335008375208,13262629247,2026-07-03 14:50:22.300183,03/07/26,14:50:22
26935,0.13,26.935,133.65509560051976,13262656182,2026-07-03 14:50:49.235183,03/07/26,14:50:49
26464,0.14,26.464,136.03385731559854,13262682646,2026-07-03 14:51:15.699183,03/07/26,14:51:15
26849,0.13,26.849,134.08320607843868,13262709495,2026-07-03 14:51:42.548183,03/07/26,14:51:42
26797,0.13,26.797,134.3433966488786,13262736292,2026-07-03 14:52:09.345183,03/07/26,14:52:9
26900,0.13,26.9,133.82899628252787,13262763192,2026-07-03 14:52:36.245183,03/07/26,14:52:36
26957,0.13,26.957,133.54601773194346,13262790149,2026-07-03 14:53:03.202183,03/07/26,14:53:3
27102,0.13,27.102,132.83152534868276,13262817251,2026-07-03 14:53:30.304183,03/07/26,14:53:30
26984,0.13,26.984,133.41239252890603,13262844235,2026-07-03 14:53:57.288183,03/07/26,14:53:57
27060,0.13,27.06,133.03769401330376,13262871295,2026-07-03 14:54:24.348183,03/07/26,14:54:24
27049,0.13,27.049,133.09179636955156,13262898344,2026-07-03 14:54:51.397183,03/07/26,14:54:51
27078,0.13,27.078,132.94925769997784,13262925422,2026-07-03 14:55:18.475183,03/07/26,14:55:18
26952,0.13,26.952,133.5707925200356,13262952374,2026-07-03 14:55:45.427183,03/07/26,14:55:45
25497,0.14,25.497,141.1930815390046,13262977871,2026-07-03 14:56:10.924183,03/07/26,14:56:10
31923,0.11,31.923,112.77135607555681,13263009794,2026-07-03 14:56:42.847183,03/07/26,14:56:42
36263,0.1,36.263,99.2747428508397,13263046057,2026-07-03 14:57:19.110183,03/07/26,14:57:19
35555,0.1,35.555,101.25158205596962,13263081612,2026-07-03 14:57:54.665183,03/07/26,14:57:54
35850,0.1,35.85,100.418410041841,13263117462,2026-07-03 14:58:30.515183,03/07/26,14:58:30
35824,0.1,35.824,100.49129075480126,13263153286,2026-07-03 14:59:06.339183,03/07/26,14:59:6
35853,0.1,35.853,100.41000753075056,13263189139,2026-07-03 14:59:42.192183,03/07/26,14:59:42
35121,0.1,35.121,102.50277611685317,13263224260,2026-07-03 15:00:17.313183,03/07/26,15:0:17
34474,0.1,34.474,104.42652433718165,13263258734,2026-07-03 15:00:51.787183,03/07/26,15:0:51
33828,0.11,33.828,106.4207165661582,13263292562,2026-07-03 15:01:25.615183,03/07/26,15:1:25
33575,0.11,33.575,107.22263588979895,13263326137,2026-07-03 15:01:59.190183,03/07/26,15:1:59
33773,0.11,33.773,106.59402481272022,13263359910,2026-07-03 15:02:32.963183,03/07/26,15:2:32
33557,0.11,33.557,107.28015019221027,13263393467,2026-07-03 15:03:06.520183,03/07/26,15:3:6
33949,0.11,33.949,106.04141506377213,13263427416,2026-07-03 15:03:40.469183,03/07/26,15:3:40
34247,0.1,34.247,105.11869652816306,13263461663,2026-07-03 15:04:14.716183,03/07/26,15:4:14
34120,0.1,34.12,105.50996483001173,13263495783,2026-07-03 15:04:48.836183,03/07/26,15:4:48
34173,0.1,34.173,105.34632604687911,13263529956,2026-07-03 15:05:23.009183,03/07/26,15:5:23
33691,0.11,33.691,106.85346234899528,13263563647,2026-07-03 15:05:56.700183,03/07/26,15:5:56
33784,0.11,33.784,106.55931802036467,13263597431,2026-07-03 15:06:30.484183,03/07/26,15:6:30
33860,0.11,33.86,106.32014176018902,13263631291,2026-07-03 15:07:04.344183,03/07/26,15:7:4
33888,0.11,33.888,106.23229461756374,13263665179,2026-07-03 15:07:38.232183,03/07/26,15:7:38
33944,0.11,33.944,106.05703511666273,13263699123,2026-07-03 15:08:12.176183,03/07/26,15:8:12
34199,0.1,34.199,105.26623585484955,13263733322,2026-07-03 15:08:46.375183,03/07/26,15:8:46
34212,0.1,34.212,105.2262364082778,13263767534,2026-07-03 15:09:20.587183,03/07/26,15:9:20
34256,0.1,34.256,105.09107893507706,13263801790,2026-07-03 15:09:54.843183,03/07/26,15:9:54
33980,0.1,33.98,105.94467333725721,13263835770,2026-07-03 15:10:28.823183,03/07/26,15:10:28
34132,0.1,34.132,105.4728700339857,13263869902,2026-07-03 15:11:02.955183,03/07/26,15:11:2
34072,0.1,34.072,105.65860530640995,13263903974,2026-07-03 15:11:37.027183,03/07/26,15:11:37
34105,0.1,34.105,105.55637003371939,13263938079,2026-07-03 15:12:11.132183,03/07/26,15:12:11
33780,0.11,33.78,106.57193605683837,13263971859,2026-07-03 15:12:44.912183,03/07/26,15:12:44
35069,0.1,35.069,102.65476631783056,13264006928,2026-07-03 15:13:19.981183,03/07/26,15:13:19
34886,0.1,34.886,103.19325804047469,13264041814,2026-07-03 15:13:54.867183,03/07/26,15:13:54
35227,0.1,35.227,102.19433956908054,13264077041,2026-07-03 15:14:30.094183,03/07/26,15:14:30
35011,0.1,35.011,102.82482648310531,13264112052,2026-07-03 15:15:05.105183,03/07/26,15:15:5
35089,0.1,35.089,102.59625523668386,13264147141,2026-07-03 15:15:40.194183,03/07/26,15:15:40
35033,0.1,35.033,102.76025461707533,13264182174,2026-07-03 15:16:15.227183,03/07/26,15:16:15
34906,0.1,34.906,103.1341316679081,13264217080,2026-07-03 15:16:50.133183,03/07/26,15:16:50
35081,0.1,35.081,102.61965166329352,13264252161,2026-07-03 15:17:25.214183,03/07/26,15:17:25
35227,0.1,35.227,102.19433956908054,13264287388,2026-07-03 15:18:00.441183,03/07/26,15:18:0
35102,0.1,35.102,102.55825878867302,13264322490,2026-07-03 15:18:35.543183,03/07/26,15:18:35
35035,0.1,35.035,102.75438846867418,13264357525,2026-07-03 15:19:10.578183,03/07/26,15:19:10
28127,0.13,28.127,127.99089842500089,13264385652,2026-07-03 15:19:38.705183,03/07/26,15:19:38
19521,0.18,19.521,184.41678192715537,13264405173,2026-07-03 15:19:58.226183,03/07/26,15:19:58
19347,0.19,19.347,186.07536052101102,13264424520,2026-07-03 15:20:17.573183,03/07/26,15:20:17
19322,0.19,19.322,186.31611634406377,13264443842,2026-07-03 15:20:36.895183,03/07/26,15:20:36
19518,0.18,19.518,184.44512757454658,13264463360,2026-07-03 15:20:56.413183,03/07/26,15:20:56
19862,0.18,19.862,181.250629342463,13264483222,2026-07-03 15:21:16.275183,03/07/26,15:21:16
20087,0.18,20.087,179.22039129785432,13264503309,2026-07-03 15:21:36.362183,03/07/26,15:21:36
20111,0.18,20.111,179.00651384814282,13264523420,2026-07-03 15:21:56.473183,03/07/26,15:21:56
20203,0.18,20.203,178.19135771915063,13264543623,2026-07-03 15:22:16.676183,03/07/26,15:22:16
20297,0.18,20.297,177.36611321870228,13264563920,2026-07-03 15:22:36.973183,03/07/26,15:22:36
20264,0.18,20.264,177.65495459928937,13264584184,2026-07-03 15:22:57.237183,03/07/26,15:22:57
20386,0.18,20.386,176.5917786716374,13264604570,2026-07-03 15:23:17.623183,03/07/26,15:23:17
20556,0.17,20.556,175.13134851138355,13264625126,2026-07-03 15:23:38.179183,03/07/26,15:23:38
20621,0.17,20.621,174.57931235148635,13264645747,2026-07-03 15:23:58.800183,03/07/26,15:23:58
20661,0.17,20.661,174.24132423406417,13264666408,2026-07-03 15:24:19.461183,03/07/26,15:24:19
20639,0.17,20.639,174.427055574398,13264687047,2026-07-03 15:24:40.100183,03/07/26,15:24:40
20801,0.17,20.801,173.06860247103504,13264707848,2026-07-03 15:25:00.901183,03/07/26,15:25:0
20802,0.17,20.802,173.06028266512834,13264728650,2026-07-03 15:25:21.703183,03/07/26,15:25:21
20852,0.17,20.852,172.64530980241705,13264749502,2026-07-03 15:25:42.555183,03/07/26,15:25:42
21072,0.17,21.072,170.84282460136674,13264770574,2026-07-03 15:26:03.627183,03/07/26,15:26:3
21054,0.17,21.054,170.98888572242805,13264791628,2026-07-03 15:26:24.681183,03/07/26,15:26:24
20500,0.17,20.5,175.609756097561,13264812128,2026-07-03 15:26:45.181183,03/07/26,15:26:45
20786,0.17,20.786,173.1934956220533,13264832914,2026-07-03 15:27:05.967183,03/07/26,15:27:5
25831,0.14,25.831,139.36742673531802,13264858745,2026-07-03 15:27:31.798183,03/07/26,15:27:31
34971,0.1,34.971,102.94243802007378,13264893716,2026-07-03 15:28:06.769183,03/07/26,15:28:6
34867,0.1,34.867,103.24949092264892,13264928583,2026-07-03 15:28:41.636183,03/07/26,15:28:41
35100,0.1,35.1,102.56410256410257,13264963683,2026-07-03 15:29:16.736183,03/07/26,15:29:16
35966,0.1,35.966,100.09453372629706,13264999649,2026-07-03 15:29:52.702183,03/07/26,15:29:52
35051,0.1,35.051,102.70748338135859,13265034700,2026-07-03 15:30:27.753183,03/07/26,15:30:27
33791,0.11,33.791,106.53724364475748,13265068491,2026-07-03 15:31:01.544183,03/07/26,15:31:1
34485,0.1,34.485,104.39321444106133,13265102976,2026-07-03 15:31:36.029183,03/07/26,15:31:36
34170,0.1,34.17,105.35557506584723,13265137146,2026-07-03 15:32:10.199183,03/07/26,15:32:10
34001,0.1,34.001,105.87923884591629,13265171147,2026-07-03 15:32:44.200183,03/07/26,15:32:44
34404,0.1,34.404,104.63899546564353,13265205551,2026-07-03 15:33:18.604183,03/07/26,15:33:18
34276,0.1,34.276,105.0297584315556,13265239827,2026-07-03 15:33:52.880183,03/07/26,15:33:52
34366,0.1,34.366,104.75469941220975,13265274193,2026-07-03 15:34:27.246183,03/07/26,15:34:27
34271,0.1,34.271,105.04508184762628,13265308464,2026-07-03 15:35:01.517183,03/07/26,15:35:1
34498,0.1,34.498,104.35387558699055,13265342962,2026-07-03 15:35:36.015183,03/07/26,15:35:36
34252,0.1,34.252,105.10335162910195,13265377214,2026-07-03 15:36:10.267183,03/07/26,15:36:10
34692,0.1,34.692,103.77032168799724,13265411906,2026-07-03 15:36:44.959183,03/07/26,15:36:44
34772,0.1,34.772,103.53157713102496,13265446678,2026-07-03 15:37:19.731183,03/07/26,15:37:19
34553,0.1,34.553,104.187769513501,13265481231,2026-07-03 15:37:54.284183,03/07/26,15:37:54
35586,0.1,35.586,101.16337885685383,13265516817,2026-07-03 15:38:29.870183,03/07/26,15:38:29
35269,0.1,35.269,102.07264169667414,13265552086,2026-07-03 15:39:05.139183,03/07/26,15:39:5
35301,0.1,35.301,101.98011387779383,13265587387,2026-07-03 15:39:40.440183,03/07/26,15:39:40
35516,0.1,35.516,101.36276607726096,13265622903,2026-07-03 15:40:15.956183,03/07/26,15:40:15
35058,0.1,35.058,102.68697586856067,13265657961,2026-07-03 15:40:51.014183,03/07/26,15:40:51
34953,0.1,34.953,102.99545103424599,13265692914,2026-07-03 15:41:25.967183,03/07/26,15:41:25
34382,0.1,34.382,104.70595078820313,13265727296,2026-07-03 15:42:00.349183,03/07/26,15:42:0
34722,0.1,34.722,103.68066355624676,13265762018,2026-07-03 15:42:35.071183,03/07/26,15:42:35
34861,0.1,34.861,103.26726140959812,13265796879,2026-07-03 15:43:09.932183,03/07/26,15:43:9
34656,0.1,34.656,103.8781163434903,13265831535,2026-07-03 15:43:44.588183,03/07/26,15:43:44
34970,0.1,34.97,102.94538175579068,13265866505,2026-07-03 15:44:19.558183,03/07/26,15:44:19
34958,0.1,34.958,102.98071972080783,13265901463,2026-07-03 15:44:54.516183,03/07/26,15:44:54
35032,0.1,35.032,102.76318794245262,13265936495,2026-07-03 15:45:29.548183,03/07/26,15:45:29
35008,0.1,35.008,102.83363802559415,13265971503,2026-07-03 15:46:04.556183,03/07/26,15:46:4
34746,0.1,34.746,103.60904852357106,13266006249,2026-07-03 15:46:39.302183,03/07/26,15:46:39
34710,0.1,34.71,103.71650821089024,13266040959,2026-07-03 15:47:14.012183,03/07/26,15:47:14
34649,0.1,34.649,103.89910242719847,13266075608,2026-07-03 15:47:48.661183,03/07/26,15:47:48
34983,0.1,34.983,102.90712631849756,13266110591,2026-07-03 15:48:23.644183,03/07/26,15:48:23
35257,0.1,35.257,102.10738293104916,13266145848,2026-07-03 15:48:58.901183,03/07/26,15:48:58
35620,0.1,35.62,101.06681639528355,13266181468,2026-07-03 15:49:34.521183,03/07/26,15:49:34
35536,0.1,35.536,101.30571814497974,13266217004,2026-07-03 15:50:10.057183,03/07/26,15:50:10
35365,0.1,35.365,101.79556058249682,13266252369,2026-07-03 15:50:45.422183,03/07/26,15:50:45
35719,0.1,35.719,100.7866961561074,13266288088,2026-07-03 15:51:21.141183,03/07/26,15:51:21
35171,0.1,35.171,102.35705552870263,13266323259,2026-07-03 15:51:56.312183,03/07/26,15:51:56
35235,0.1,35.235,102.17113665389527,13266358494,2026-07-03 15:52:31.547183,03/07/26,15:52:31
35585,0.1,35.585,101.16622172263594,13266394079,2026-07-03 15:53:07.132183,03/07/26,15:53:7
34515,0.1,34.515,104.30247718383312,13266428594,2026-07-03 15:53:41.647183,03/07/26,15:53:41
34563,0.1,34.563,104.1576252061453,13266463157,2026-07-03 15:54:16.210183,03/07/26,15:54:16
34534,0.1,34.534,104.24509179359472,13266497691,2026-07-03 15:54:50.744183,03/07/26,15:54:50
34556,0.1,34.556,104.17872438939692,13266532247,2026-07-03 15:55:25.300183,03/07/26,15:55:25
34493,0.1,34.493,104.36900240628533,13266566740,2026-07-03 15:55:59.793183,03/07/26,15:55:59
34443,0.1,34.443,104.52051215050953,13266601183,2026-07-03 15:56:34.236183,03/07/26,15:56:34
34038,0.1,34.038,105.76414595452141,13266635221,2026-07-03 15:57:08.274183,03/07/26,15:57:8
34315,0.1,34.315,104.9103890426927,13266669536,2026-07-03 15:57:42.589183,03/07/26,15:57:42
26589,0.14,26.589,135.3943360036105,13266696125,2026-07-03 15:58:09.178183,03/07/26,15:58:9
19329,0.19,19.329,186.24864193698588,13266715454,2026-07-03 15:58:28.507183,03/07/26,15:58:28
19131,0.19,19.131,188.17625842872823,13266734585,2026-07-03 15:58:47.638183,03/07/26,15:58:47
19237,0.19,19.237,187.13936684514218,13266753822,2026-07-03 15:59:06.875183,03/07/26,15:59:6
19310,0.19,19.31,186.43190056965304,13266773132,2026-07-03 15:59:26.185183,03/07/26,15:59:26
19360,0.19,19.36,185.9504132231405,13266792492,2026-07-03 15:59:45.545183,03/07/26,15:59:45
19573,0.18,19.573,183.9268379911102,13266812065,2026-07-03 16:00:05.118183,03/07/26,16:0:5
19260,0.19,19.26,186.9158878504673,13266831325,2026-07-03 16:00:24.378183,03/07/26,16:0:24
19398,0.19,19.398,185.58614290133002,13266850723,2026-07-03 16:00:43.776183,03/07/26,16:0:43
19653,0.18,19.653,183.17814074187146,13266870376,2026-07-03 16:01:03.429183,03/07/26,16:1:3
19726,0.18,19.726,182.50025347257426,13266890102,2026-07-03 16:01:23.155183,03/07/26,16:1:23
19753,0.18,19.753,182.2507973472384,13266909855,2026-07-03 16:01:42.908183,03/07/26,16:1:42
19702,0.18,19.702,182.72256623693025,13266929557,2026-07-03 16:02:02.610183,03/07/26,16:2:2
19803,0.18,19.803,181.79063778215422,13266949360,2026-07-03 16:02:22.413183,03/07/26,16:2:22
19713,0.18,19.713,182.62060569167554,13266969073,2026-07-03 16:02:42.126183,03/07/26,16:2:42
19998,0.18,19.998,180.01800180018003,13266989071,2026-07-03 16:03:02.124183,03/07/26,16:3:2
20009,0.18,20.009,179.91903643360487,13267009080,2026-07-03 16:03:22.133183,03/07/26,16:3:22
20009,0.18,20.009,179.91903643360487,13267029089,2026-07-03 16:03:42.142183,03/07/26,16:3:42
20166,0.18,20.166,178.51829812555786,13267049255,2026-07-03 16:04:02.308183,03/07/26,16:4:2
20188,0.18,20.188,178.32375668714087,13267069443,2026-07-03 16:04:22.496183,03/07/26,16:4:22
20120,0.18,20.12,178.92644135188866,13267089563,2026-07-03 16:04:42.616183,03/07/26,16:4:42
20238,0.18,20.238,177.88319003854136,13267109801,2026-07-03 16:05:02.854183,03/07/26,16:5:2
20307,0.18,20.307,177.27877086718865,13267130108,2026-07-03 16:05:23.161183,03/07/26,16:5:23
20630,0.17,20.63,174.503150751333,13267150738,2026-07-03 16:05:43.791183,03/07/26,16:5:43
32567,0.11,32.567,110.54134553382258,13267183305,2026-07-03 16:06:16.358183,03/07/26,16:6:16
34607,0.1,34.607,104.02519721443639,13267217912,2026-07-03 16:06:50.965183,03/07/26,16:6:50
34766,0.1,34.766,103.54944485992061,13267252678,2026-07-03 16:07:25.731183,03/07/26,16:7:25
34573,0.1,34.573,104.12749833685245,13267287251,2026-07-03 16:08:00.304183,03/07/26,16:8:0
34842,0.1,34.842,103.32357499569486,13267322093,2026-07-03 16:08:35.146183,03/07/26,16:8:35
34680,0.1,34.68,103.80622837370242,13267356773,2026-07-03 16:09:09.826183,03/07/26,16:9:9
34796,0.1,34.796,103.46016783538337,13267391569,2026-07-03 16:09:44.622183,03/07/26,16:9:44
35021,0.1,35.021,102.79546557779618,13267426590,2026-07-03 16:10:19.643183,03/07/26,16:10:19
35088,0.1,35.088,102.59917920656635,13267461678,2026-07-03 16:10:54.731183,03/07/26,16:10:54
35738,0.1,35.738,100.73311321282668,13267497416,2026-07-03 16:11:30.469183,03/07/26,16:11:30
35083,0.1,35.083,102.61380155630933,13267532499,2026-07-03 16:12:05.552183,03/07/26,16:12:5
34831,0.1,34.831,103.3562056788493,13267567330,2026-07-03 16:12:40.383183,03/07/26,16:12:40
35804,0.1,35.804,100.54742486872975,13267603134,2026-07-03 16:13:16.187183,03/07/26,16:13:16
35465,0.1,35.465,101.50852953616241,13267638599,2026-07-03 16:13:51.652183,03/07/26,16:13:51
35718,0.1,35.718,100.78951789013942,13267674317,2026-07-03 16:14:27.370183,03/07/26,16:14:27
35530,0.1,35.53,101.32282578103012,13267709847,2026-07-03 16:15:02.900183,03/07/26,16:15:2
35477,0.1,35.477,101.47419454858077,13267745324,2026-07-03 16:15:38.377183,03/07/26,16:15:38
35549,0.1,35.549,101.26867141129145,13267780873,2026-07-03 16:16:13.926183,03/07/26,16:16:13
35325,0.1,35.325,101.91082802547771,13267816198,2026-07-03 16:16:49.251183,03/07/26,16:16:49
35220,0.1,35.22,102.21465076660988,13267851418,2026-07-03 16:17:24.471183,03/07/26,16:17:24
35394,0.1,35.394,101.712154602475,13267886812,2026-07-03 16:17:59.865183,03/07/26,16:17:59
35846,0.1,35.846,100.42961557774926,13267922658,2026-07-03 16:18:35.711183,03/07/26,16:18:35
35544,0.1,35.544,101.28291694800811,13267958202,2026-07-03 16:19:11.255183,03/07/26,16:19:11
35549,0.1,35.549,101.26867141129145,13267993751,2026-07-03 16:19:46.804183,03/07/26,16:19:46
35633,0.1,35.633,101.02994415289199,13268029384,2026-07-03 16:20:22.437183,03/07/26,16:20:22
35510,0.1,35.51,101.37989298789074,13268064894,2026-07-03 16:20:57.947183,03/07/26,16:20:57
35626,0.1,35.626,101.04979509347106,13268100520,2026-07-03 16:21:33.573183,03/07/26,16:21:33
35145,0.1,35.145,102.43277848911652,13268135665,2026-07-03 16:22:08.718183,03/07/26,16:22:8
34990,0.1,34.99,102.88653901114604,13268170655,2026-07-03 16:22:43.708183,03/07/26,16:22:43
35705,0.1,35.705,100.82621481585213,13268206360,2026-07-03 16:23:19.413183,03/07/26,16:23:19
35582,0.1,35.582,101.17475127873644,13268241942,2026-07-03 16:23:54.995183,03/07/26,16:23:54
35824,0.1,35.824,100.49129075480126,13268277766,2026-07-03 16:24:30.819183,03/07/26,16:24:30
35610,0.1,35.61,101.09519797809604,13268313376,2026-07-03 16:25:06.429183,03/07/26,16:25:6
35526,0.1,35.526,101.33423408208073,13268348902,2026-07-03 16:25:41.955183,03/07/26,16:25:41
35822,0.1,35.822,100.49690134554184,13268384724,2026-07-03 16:26:17.777183,03/07/26,16:26:17
34445,0.1,34.445,104.5144433154304,13268419169,2026-07-03 16:26:52.222183,03/07/26,16:26:52
34524,0.1,34.524,104.27528675703859,13268453693,2026-07-03 16:27:26.746183,03/07/26,16:27:26
33817,0.11,33.817,106.45533311647988,13268487510,2026-07-03 16:28:00.563183,03/07/26,16:28:0
34872,0.1,34.872,103.2346868547832,13268522382,2026-07-03 16:28:35.435183,03/07/26,16:28:35
35058,0.1,35.058,102.68697586856067,13268557440,2026-07-03 16:29:10.493183,03/07/26,16:29:10
35075,0.1,35.075,102.63720598717035,13268592515,2026-07-03 16:29:45.568183,03/07/26,16:29:45
34961,0.1,34.961,102.97188295529304,13268627476,2026-07-03 16:30:20.529183,03/07/26,16:30:20
35803,0.1,35.803,100.55023322067983,13268663279,2026-07-03 16:30:56.332183,03/07/26,16:30:56
36846,0.1,36.846,97.70395701025892,13268700125,2026-07-03 16:31:33.178183,03/07/26,16:31:33
36196,0.1,36.196,99.45850370206652,13268736321,2026-07-03 16:32:09.374183,03/07/26,16:32:9
35950,0.1,35.95,100.13908205841446,13268772271,2026-07-03 16:32:45.324183,03/07/26,16:32:45
36725,0.1,36.725,98.02586793737237,13268808996,2026-07-03 16:33:22.049183,03/07/26,16:33:22
36676,0.1,36.676,98.15683280619479,13268845672,2026-07-03 16:33:58.725183,03/07/26,16:33:58
36745,0.1,36.745,97.97251326711117,13268882417,2026-07-03 16:34:35.470183,03/07/26,16:34:35
36609,0.1,36.609,98.33647463738426,13268919026,2026-07-03 16:35:12.079183,03/07/26,16:35:12
36686,0.1,36.686,98.13007686856021,13268955712,2026-07-03 16:35:48.765183,03/07/26,16:35:48
33102,0.11,33.102,108.7547580206634,13268988814,2026-07-03 16:36:21.867183,03/07/26,16:36:21
18654,0.19,18.654,192.9880990672242,13269007468,2026-07-03 16:36:40.521183,03/07/26,16:36:40
19642,0.18,19.642,183.2807249770899,13269027110,2026-07-03 16:37:00.163183,03/07/26,16:37:0
20651,0.17,20.651,174.32569851338917,13269047761,2026-07-03 16:37:20.814183,03/07/26,16:37:20
20678,0.17,20.678,174.09807524905696,13269068439,2026-07-03 16:37:41.492183,03/07/26,16:37:41
21088,0.17,21.088,170.7132018209408,13269089527,2026-07-03 16:38:02.580183,03/07/26,16:38:2
21287,0.17,21.287,169.1173016394983,13269110814,2026-07-03 16:38:23.867183,03/07/26,16:38:23
21388,0.17,21.388,168.3186833738545,13269132202,2026-07-03 16:38:45.255183,03/07/26,16:38:45
21563,0.17,21.563,166.95265037332467,13269153765,2026-07-03 16:39:06.818183,03/07/26,16:39:6
21734,0.17,21.734,165.6390908254348,13269175499,2026-07-03 16:39:28.552183,03/07/26,16:39:28
21826,0.16,21.826,164.94089617886925,13269197325,2026-07-03 16:39:50.378183,03/07/26,16:39:50
21969,0.16,21.969,163.8672675133142,13269219294,2026-07-03 16:40:12.347183,03/07/26,16:40:12
21980,0.16,21.98,163.7852593266606,13269241274,2026-07-03 16:40:34.327183,03/07/26,16:40:34
22079,0.16,22.079,163.05086281081572,13269263353,2026-07-03 16:40:56.406183,03/07/26,16:40:56
21912,0.16,21.912,164.29353778751369,13269285265,2026-07-03 16:41:18.318183,03/07/26,16:41:18
22009,0.16,22.009,163.56944886182924,13269307274,2026-07-03 16:41:40.327183,03/07/26,16:41:40
22128,0.16,22.128,162.68980477223428,13269329402,2026-07-03 16:42:02.455183,03/07/26,16:42:2
21981,0.16,21.981,163.7778081070015,13269351383,2026-07-03 16:42:24.436183,03/07/26,16:42:24
22073,0.16,22.073,163.09518416164545,13269373456,2026-07-03 16:42:46.509183,03/07/26,16:42:46
22191,0.16,22.191,162.22793024199,13269395647,2026-07-03 16:43:08.700183,03/07/26,16:43:8
22262,0.16,22.262,161.71053813673524,13269417909,2026-07-03 16:43:30.962183,03/07/26,16:43:30
22267,0.16,22.267,161.674226433736,13269440176,2026-07-03 16:43:53.229183,03/07/26,16:43:53
33281,0.11,33.281,108.16982662780565,13269473457,2026-07-03 16:44:26.510183,03/07/26,16:44:26
39446,0.09,39.446,91.2640064898849,13269512903,2026-07-03 16:45:05.956183,03/07/26,16:45:5
39216,0.09,39.216,91.79926560587515,13269552119,2026-07-03 16:45:45.172183,03/07/26,16:45:45
39164,0.09,39.164,91.92115207843938,13269591283,2026-07-03 16:46:24.336183,03/07/26,16:46:24
37917,0.09,37.917,94.94422027059103,13269629200,2026-07-03 16:47:02.253183,03/07/26,16:47:2
27279,0.13,27.279,131.96964698119433,13269656479,2026-07-03 16:47:29.532183,03/07/26,16:47:29
27509,0.13,27.509,130.86626195063434,13269683988,2026-07-03 16:47:57.041183,03/07/26,16:47:57
27556,0.13,27.556,130.643054144288,13269711544,2026-07-03 16:48:24.597183,03/07/26,16:48:24
27714,0.13,27.714,129.89824637367394,13269739258,2026-07-03 16:48:52.311183,03/07/26,16:48:52
27915,0.13,27.915,128.9629231595916,13269767173,2026-07-03 16:49:20.226183,03/07/26,16:49:20
27864,0.13,27.864,129.19896640826875,13269795037,2026-07-03 16:49:48.090183,03/07/26,16:49:48
22413,0.16,22.413,160.62106813010305,13269817450,2026-07-03 16:50:10.503183,03/07/26,16:50:10
22194,0.16,22.194,162.20600162206003,13269839644,2026-07-03 16:50:32.697183,03/07/26,16:50:32
22581,0.16,22.581,159.42606616181746,13269862225,2026-07-03 16:50:55.278183,03/07/26,16:50:55
22286,0.16,22.286,161.5363905590954,13269884511,2026-07-03 16:51:17.564183,03/07/26,16:51:17
22266,0.16,22.266,161.68148746968473,13269906777,2026-07-03 16:51:39.830183,03/07/26,16:51:39
22329,0.16,22.329,161.22531237404272,13269929106,2026-07-03 16:52:02.159183,03/07/26,16:52:2
22424,0.16,22.424,160.54227613271496,13269951530,2026-07-03 16:52:24.583183,03/07/26,16:52:24
22510,0.16,22.51,159.92892047978677,13269974040,2026-07-03 16:52:47.093183,03/07/26,16:52:47
21883,0.16,21.883,164.5112644518576,13269995923,2026-07-03 16:53:08.976183,03/07/26,16:53:8
22837,0.16,22.837,157.63891929763105,13270018760,2026-07-03 16:53:31.813183,03/07/26,16:53:31
22656,0.16,22.656,158.89830508474577,13270041416,2026-07-03 16:53:54.469183,03/07/26,16:53:54
22845,0.16,22.845,157.58371634931058,13270064261,2026-07-03 16:54:17.314183,03/07/26,16:54:17
22787,0.16,22.787,157.9848159038048,13270087048,2026-07-03 16:54:40.101183,03/07/26,16:54:40
22405,0.16,22.405,160.6784199955367,13270109453,2026-07-03 16:55:02.506183,03/07/26,16:55:2
22893,0.16,22.893,157.2533088717075,13270132346,2026-07-03 16:55:25.399183,03/07/26,16:55:25
22490,0.16,22.49,160.07114273010228,13270154836,2026-07-03 16:55:47.889183,03/07/26,16:55:47
22704,0.16,22.704,158.56236786469344,13270177540,2026-07-03 16:56:10.593183,03/07/26,16:56:10
22835,0.16,22.835,157.65272607838844,13270200375,2026-07-03 16:56:33.428183,03/07/26,16:56:33
22458,0.16,22.458,160.29922522041144,13270222833,2026-07-03 16:56:55.886183,03/07/26,16:56:55
22549,0.16,22.549,159.65231274114151,13270245382,2026-07-03 16:57:18.435183,03/07/26,16:57:18
22434,0.16,22.434,160.47071409467773,13270267816,2026-07-03 16:57:40.869183,03/07/26,16:57:40
22107,0.16,22.107,162.84434794409012,13270289923,2026-07-03 16:58:02.976183,03/07/26,16:58:2
22481,0.16,22.481,160.1352253013656,13270312404,2026-07-03 16:58:25.457183,03/07/26,16:58:25
22124,0.16,22.124,162.71921894774906,13270334528,2026-07-03 16:58:47.581183,03/07/26,16:58:47
22296,0.16,22.296,161.46393972012916,13270356824,2026-07-03 16:59:09.877183,03/07/26,16:59:9
22541,0.16,22.541,159.70897475710927,13270379365,2026-07-03 16:59:32.418183,03/07/26,16:59:32
22439,0.16,22.439,160.43495699451847,13270401804,2026-07-03 16:59:54.857183,03/07/26,16:59:54
22068,0.16,22.068,163.1321370309951,13270423872,2026-07-03 17:00:16.925183,03/07/26,17:0:16
21851,0.16,21.851,164.75218525467943,13270445723,2026-07-03 17:00:38.776183,03/07/26,17:0:38
27753,0.13,27.753,129.71570641011783,13270473476,2026-07-03 17:01:06.529183,03/07/26,17:1:6
30553,0.12,30.553,117.82803652669132,13270504029,2026-07-03 17:01:37.082183,03/07/26,17:1:37
26235,0.14,26.235,137.22126929674099,13270530264,2026-07-03 17:02:03.317183,03/07/26,17:2:3
26204,0.14,26.204,137.3836055564036,13270556468,2026-07-03 17:02:29.521183,03/07/26,17:2:29
26627,0.14,26.627,135.20111165358472,13270583095,2026-07-03 17:02:56.148183,03/07/26,17:2:56
26824,0.13,26.824,134.2081717864599,13270609919,2026-07-03 17:03:22.972183,03/07/26,17:3:22
26737,0.13,26.737,134.64487414444403,13270636656,2026-07-03 17:03:49.709183,03/07/26,17:3:49
26741,0.13,26.741,134.62473355521485,13270663397,2026-07-03 17:04:16.450183,03/07/26,17:4:16
26783,0.13,26.783,134.4136205802188,13270690180,2026-07-03 17:04:43.233183,03/07/26,17:4:43
27057,0.13,27.057,133.05244483867392,13270717237,2026-07-03 17:05:10.290183,03/07/26,17:5:10
27097,0.13,27.097,132.85603572351184,13270744334,2026-07-03 17:05:37.387183,03/07/26,17:5:37
27061,0.13,27.061,133.03277779830754,13270771395,2026-07-03 17:06:04.448183,03/07/26,17:6:4
27126,0.13,27.126,132.71400132714,13270798521,2026-07-03 17:06:31.574183,03/07/26,17:6:31
26936,0.13,26.936,133.65013365013365,13270825457,2026-07-03 17:06:58.510183,03/07/26,17:6:58
27213,0.13,27.213,132.2897144746996,13270852670,2026-07-03 17:07:25.723183,03/07/26,17:7:25
27152,0.13,27.152,132.58691809074838,13270879822,2026-07-03 17:07:52.875183,03/07/26,17:7:52
27103,0.13,27.103,132.82662435892706,13270906925,2026-07-03 17:08:19.978183,03/07/26,17:8:19
27306,0.13,27.306,131.83915622940015,13270934231,2026-07-03 17:08:47.284183,03/07/26,17:8:47
26785,0.13,26.785,134.4035840955759,13270961016,2026-07-03 17:09:14.069183,03/07/26,17:9:14
25997,0.14,25.997,138.47751663653497,13270987013,2026-07-03 17:09:40.066183,03/07/26,17:9:40
26040,0.14,26.04,138.24884792626727,13271013053,2026-07-03 17:10:06.106183,03/07/26,17:10:6
26755,0.13,26.755,134.55428891795927,13271039808,2026-07-03 17:10:32.861183,03/07/26,17:10:32
27399,0.13,27.399,131.391656629804,13271067207,2026-07-03 17:11:00.260183,03/07/26,17:11:0
26767,0.13,26.767,134.49396645122727,13271093974,2026-07-03 17:11:27.027183,03/07/26,17:11:27
27231,0.13,27.231,132.2022694722926,13271121205,2026-07-03 17:11:54.258183,03/07/26,17:11:54
26785,0.13,26.785,134.4035840955759,13271147990,2026-07-03 17:12:21.043183,03/07/26,17:12:21
15001,0.24,15.001,239.98400106659557,13271162991,2026-07-03 17:12:36.044183,03/07/26,17:12:36
16357,0.22,16.357,220.08925842147093,13271179348,2026-07-03 17:12:52.401183,03/07/26,17:12:52
16449,0.22,16.449,218.85828925770565,13271195797,2026-07-03 17:13:08.850183,03/07/26,17:13:8
16407,0.22,16.407,219.41854086670324,13271212204,2026-07-03 17:13:25.257183,03/07/26,17:13:25
16448,0.22,16.448,218.8715953307393,13271228652,2026-07-03 17:13:41.705183,03/07/26,17:13:41
16536,0.22,16.536,217.70682148040638,13271245188,2026-07-03 17:13:58.241183,03/07/26,17:13:58
16610,0.22,16.61,216.73690547862734,13271261798,2026-07-03 17:14:14.851183,03/07/26,17:14:14
16793,0.21,16.793,214.3750372178884,13271278591,2026-07-03 17:14:31.644183,03/07/26,17:14:31
16790,0.21,16.79,214.41334127456818,13271295381,2026-07-03 17:14:48.434183,03/07/26,17:14:48
16845,0.21,16.845,213.713268032057,13271312226,2026-07-03 17:15:05.279183,03/07/26,17:15:5
16935,0.21,16.935,212.57750221434898,13271329161,2026-07-03 17:15:22.214183,03/07/26,17:15:22
16976,0.21,16.976,212.0640904806786,13271346137,2026-07-03 17:15:39.190183,03/07/26,17:15:39
16836,0.21,16.836,213.82751247327155,13271362973,2026-07-03 17:15:56.026183,03/07/26,17:15:56
17036,0.21,17.036,211.3172106128199,13271380009,2026-07-03 17:16:13.062183,03/07/26,17:16:13
17032,0.21,17.032,211.36683889149836,13271397041,2026-07-03 17:16:30.094183,03/07/26,17:16:30
17106,0.21,17.106,210.4524728165556,13271414147,2026-07-03 17:16:47.200183,03/07/26,17:16:47
16725,0.22,16.725,215.24663677130044,13271430872,2026-07-03 17:17:03.925183,03/07/26,17:17:3
16940,0.21,16.94,212.51475796930342,13271447812,2026-07-03 17:17:20.865183,03/07/26,17:17:20
17044,0.21,17.044,211.2180239380427,13271464856,2026-07-03 17:17:37.909183,03/07/26,17:17:37
17044,0.21,17.044,211.2180239380427,13271481900,2026-07-03 17:17:54.953183,03/07/26,17:17:54
17124,0.21,17.124,210.2312543798178,13271499024,2026-07-03 17:18:12.077183,03/07/26,17:18:12
17208,0.21,17.208,209.20502092050208,13271516232,2026-07-03 17:18:29.285183,03/07/26,17:18:29
17372,0.21,17.372,207.2300253281142,13271533604,2026-07-03 17:18:46.657183,03/07/26,17:18:46
17336,0.21,17.336,207.6603599446239,13271550940,2026-07-03 17:19:03.993183,03/07/26,17:19:3
17311,0.21,17.311,207.96025648431632,13271568251,2026-07-03 17:19:21.304183,03/07/26,17:19:21
17296,0.21,17.296,208.14061054579093,13271585547,2026-07-03 17:19:38.600183,03/07/26,17:19:38
17285,0.21,17.285,208.27306913508824,13271602832,2026-07-03 17:19:55.885183,03/07/26,17:19:55
19558,0.18,19.558,184.06790060333367,13271622390,2026-07-03 17:20:15.443183,03/07/26,17:20:15
26249,0.14,26.249,137.1480818316888,13271648639,2026-07-03 17:20:41.692183,03/07/26,17:20:41
26277,0.14,26.277,137.00194086082885,13271674916,2026-07-03 17:21:07.969183,03/07/26,17:21:7
26517,0.14,26.517,135.76196402307954,13271701433,2026-07-03 17:21:34.486183,03/07/26,17:21:34
26205,0.14,26.205,137.37836290784202,13271727638,2026-07-03 17:22:00.691183,03/07/26,17:22:0
26549,0.14,26.549,135.598327620626,13271754187,2026-07-03 17:22:27.240183,03/07/26,17:22:27
26373,0.14,26.373,136.50324195199636,13271780560,2026-07-03 17:22:53.613183,03/07/26,17:22:53
26563,0.14,26.563,135.52686067085796,13271807123,2026-07-03 17:23:20.176183,03/07/26,17:23:20
26585,0.14,26.585,135.4147075418469,13271833708,2026-07-03 17:23:46.761183,03/07/26,17:23:46
26265,0.14,26.265,137.06453455168474,13271859973,2026-07-03 17:24:13.026183,03/07/26,17:24:13
26417,0.14,26.417,136.2758829541583,13271886390,2026-07-03 17:24:39.443183,03/07/26,17:24:39
26311,0.14,26.311,136.82490213218807,13271912701,2026-07-03 17:25:05.754183,03/07/26,17:25:5
26457,0.14,26.457,136.06984918925048,13271939158,2026-07-03 17:25:32.211183,03/07/26,17:25:32
26456,0.14,26.456,136.0749924402782,13271965614,2026-07-03 17:25:58.667183,03/07/26,17:25:58
26231,0.14,26.231,137.24219435019634,13271991845,2026-07-03 17:26:24.898183,03/07/26,17:26:24
25668,0.14,25.668,140.25245441795232,13272017513,2026-07-03 17:26:50.566183,03/07/26,17:26:50
25633,0.14,25.633,140.4439589591542,13272043146,2026-07-03 17:27:16.199183,03/07/26,17:27:16
25691,0.14,25.691,140.1268926861547,13272068837,2026-07-03 17:27:41.890183,03/07/26,17:27:41
25988,0.14,25.988,138.5254732953671,13272094825,2026-07-03 17:28:07.878183,03/07/26,17:28:7
26004,0.14,26.004,138.4402399630826,13272120829,2026-07-03 17:28:33.882183,03/07/26,17:28:33
26033,0.14,26.033,138.2860215879845,13272146862,2026-07-03 17:28:59.915183,03/07/26,17:28:59
25815,0.14,25.815,139.45380592678674,13272172677,2026-07-03 17:29:25.730183,03/07/26,17:29:25
25990,0.14,25.99,138.5148133897653,13272198667,2026-07-03 17:29:51.720183,03/07/26,17:29:51
25666,0.14,25.666,140.26338346450558,13272224333,2026-07-03 17:30:17.386183,03/07/26,17:30:17
26061,0.14,26.061,138.13744675952572,13272250394,2026-07-03 17:30:43.447183,03/07/26,17:30:43
25812,0.14,25.812,139.4700139470014,13272276206,2026-07-03 17:31:09.259183,03/07/26,17:31:9
25994,0.14,25.994,138.49349849965375,13272302200,2026-07-03 17:31:35.253183,03/07/26,17:31:35
26108,0.14,26.108,137.88876972575457,13272328308,2026-07-03 17:32:01.361183,03/07/26,17:32:1
26185,0.14,26.185,137.4832919610464,13272354493,2026-07-03 17:32:27.546183,03/07/26,17:32:27
26153,0.14,26.153,137.65151225480824,13272380646,2026-07-03 17:32:53.699183,03/07/26,17:32:53
26266,0.14,26.266,137.05931622630015,13272406912,2026-07-03 17:33:19.965183,03/07/26,17:33:19
26381,0.14,26.381,136.46184754179143,13272433293,2026-07-03 17:33:46.346183,03/07/26,17:33:46
26212,0.14,26.212,137.34167556844193,13272459505,2026-07-03 17:34:12.558183,03/07/26,17:34:12
26187,0.14,26.187,137.47279184328102,13272485692,2026-07-03 17:34:38.745183,03/07/26,17:34:38
26204,0.14,26.204,137.3836055564036,13272511896,2026-07-03 17:35:04.949183,03/07/26,17:35:4
26406,0.14,26.406,136.332651670075,13272538302,2026-07-03 17:35:31.355183,03/07/26,17:35:31
26534,0.14,26.534,135.67498304062713,13272564836,2026-07-03 17:35:57.889183,03/07/26,17:35:57
26523,0.14,26.523,135.7312521208008,13272591359,2026-07-03 17:36:24.412183,03/07/26,17:36:24
26428,0.14,26.428,136.21916149538367,13272617787,2026-07-03 17:36:50.840183,03/07/26,17:36:50
26491,0.14,26.491,135.8952096938583,13272644278,2026-07-03 17:37:17.331183,03/07/26,17:37:17
26519,0.14,26.519,135.75172517817413,13272670797,2026-07-03 17:37:43.850183,03/07/26,17:37:43
26553,0.14,26.553,135.57790080216924,13272697350,2026-07-03 17:38:10.403183,03/07/26,17:38:10
27010,0.13,27.01,133.28396890040725,13272724360,2026-07-03 17:38:37.413183,03/07/26,17:38:37
26920,0.13,26.92,133.7295690936107,13272751280,2026-07-03 17:39:04.333183,03/07/26,17:39:4
27104,0.13,27.104,132.82172373081465,13272778384,2026-07-03 17:39:31.437183,03/07/26,17:39:31
26711,0.13,26.711,134.77593500804912,13272805095,2026-07-03 17:39:58.148183,03/07/26,17:39:58
26658,0.14,26.658,135.0438892640108,13272831753,2026-07-03 17:40:24.806183,03/07/26,17:40:24
26988,0.13,26.988,133.3926189417519,13272858741,2026-07-03 17:40:51.794183,03/07/26,17:40:51
26948,0.13,26.948,133.5906189698679,13272885689,2026-07-03 17:41:18.742183,03/07/26,17:41:18
26700,0.13,26.7,134.8314606741573,13272912389,2026-07-03 17:41:45.442183,03/07/26,17:41:45
26514,0.14,26.514,135.77732518669382,13272938903,2026-07-03 17:42:11.956183,03/07/26,17:42:11
26766,0.13,26.766,134.49899125756556,13272965669,2026-07-03 17:42:38.722183,03/07/26,17:42:38
26373,0.14,26.373,136.50324195199636,13272992042,2026-07-03 17:43:05.095183,03/07/26,17:43:5
26654,0.14,26.654,135.0641554738501,13273018696,2026-07-03 17:43:31.749183,03/07/26,17:43:31
26554,0.14,26.554,135.57279505912481,13273045250,2026-07-03 17:43:58.303183,03/07/26,17:43:58
26744,0.13,26.744,134.6096320670057,13273071994,2026-07-03 17:44:25.047183,03/07/26,17:44:25
26541,0.14,26.541,135.6391997287216,13273098535,2026-07-03 17:44:51.588183,03/07/26,17:44:51
26625,0.14,26.625,135.2112676056338,13273125160,2026-07-03 17:45:18.213183,03/07/26,17:45:18
26697,0.13,26.697,134.84661197887402,13273151857,2026-07-03 17:45:44.910183,03/07/26,17:45:44
26388,0.14,26.388,136.4256480218281,13273178245,2026-07-03 17:46:11.298183,03/07/26,17:46:11
26740,0.13,26.74,134.62976813762154,13273204985,2026-07-03 17:46:38.038183,03/07/26,17:46:38
26635,0.14,26.635,135.1605030974282,13273231620,2026-07-03 17:47:04.673183,03/07/26,17:47:4
26606,0.14,26.606,135.30782530256334,13273258226,2026-07-03 17:47:31.279183,03/07/26,17:47:31
26343,0.14,26.343,136.6586949094636,13273284569,2026-07-03 17:47:57.622183,03/07/26,17:47:57
26720,0.13,26.72,134.7305389221557,13273311289,2026-07-03 17:48:24.342183,03/07/26,17:48:24
26611,0.14,26.611,135.28240201420465,13273337900,2026-07-03 17:48:50.953183,03/07/26,17:48:50
26719,0.13,26.719,134.73558142146038,13273364619,2026-07-03 17:49:17.672183,03/07/26,17:49:17
27148,0.13,27.148,132.606453514071,13273391767,2026-07-03 17:49:44.820183,03/07/26,17:49:44
26592,0.14,26.592,135.37906137184115,13273418359,2026-07-03 17:50:11.412183,03/07/26,17:50:11
27129,0.13,27.129,132.69932544509567,13273445488,2026-07-03 17:50:38.541183,03/07/26,17:50:38
15007,0.24,15.007,239.88805224228693,13273460495,2026-07-03 17:50:53.548183,03/07/26,17:50:53
16694,0.22,16.694,215.64634000239607,13273477189,2026-07-03 17:51:10.242183,03/07/26,17:51:10
16585,0.22,16.585,217.06361169731684,13273493774,2026-07-03 17:51:26.827183,03/07/26,17:51:26
16730,0.22,16.73,215.18230723251645,13273510504,2026-07-03 17:51:43.557183,03/07/26,17:51:43
16689,0.22,16.689,215.71094733057703,13273527193,2026-07-03 17:52:00.246183,03/07/26,17:52:0
16716,0.22,16.716,215.36252692031587,13273543909,2026-07-03 17:52:16.962183,03/07/26,17:52:16
16926,0.21,16.926,212.69053527118044,13273560835,2026-07-03 17:52:33.888183,03/07/26,17:52:33
17095,0.21,17.095,210.5878911962562,13273577930,2026-07-03 17:52:50.983183,03/07/26,17:52:50
16898,0.21,16.898,213.04296366433897,13273594828,2026-07-03 17:53:07.881183,03/07/26,17:53:7
16881,0.21,16.881,213.25750844144304,13273611709,2026-07-03 17:53:24.762183,03/07/26,17:53:24
17078,0.21,17.078,210.79751727368546,13273628787,2026-07-03 17:53:41.840183,03/07/26,17:53:41
17136,0.21,17.136,210.08403361344537,13273645923,2026-07-03 17:53:58.976183,03/07/26,17:53:58
17150,0.21,17.15,209.9125364431487,13273663073,2026-07-03 17:54:16.126183,03/07/26,17:54:16
17184,0.21,17.184,209.49720670391062,13273680257,2026-07-03 17:54:33.310183,03/07/26,17:54:33
17313,0.21,17.313,207.93623288858083,13273697570,2026-07-03 17:54:50.623183,03/07/26,17:54:50
17285,0.21,17.285,208.27306913508824,13273714855,2026-07-03 17:55:07.908183,03/07/26,17:55:7
17332,0.21,17.332,207.70828525271176,13273732187,2026-07-03 17:55:25.240183,03/07/26,17:55:25
17345,0.21,17.345,207.55260882098588,13273749532,2026-07-03 17:55:42.585183,03/07/26,17:55:42
17319,0.21,17.319,207.86419539234367,13273766851,2026-07-03 17:55:59.904183,03/07/26,17:55:59
17466,0.21,17.466,206.11473720371006,13273784317,2026-07-03 17:56:17.370183,03/07/26,17:56:17
17608,0.2,17.608,204.4525215810995,13273801925,2026-07-03 17:56:34.978183,03/07/26,17:56:34
17349,0.21,17.349,207.50475531730936,13273819274,2026-07-03 17:56:52.327183,03/07/26,17:56:52
17573,0.2,17.573,204.8597279918056,13273836847,2026-07-03 17:57:09.900183,03/07/26,17:57:9
17577,0.2,17.577,204.8131080389145,13273854424,2026-07-03 17:57:27.477183,03/07/26,17:57:27
17639,0.2,17.639,204.09320256250354,13273872063,2026-07-03 17:57:45.116183,03/07/26,17:57:45
17474,0.21,17.474,206.02037312578688,13273889537,2026-07-03 17:58:02.590183,03/07/26,17:58:2
17661,0.2,17.661,203.83896721589943,13273907198,2026-07-03 17:58:20.251183,03/07/26,17:58:20
24030,0.15,24.03,149.81273408239701,13273931228,2026-07-03 17:58:44.281183,03/07/26,17:58:44
26974,0.13,26.974,133.461852153926,13273958202,2026-07-03 17:59:11.255183,03/07/26,17:59:11
26832,0.13,26.832,134.16815742397137,13273985034,2026-07-03 17:59:38.087183,03/07/26,17:59:38
27059,0.13,27.059,133.04261059167004,13274012093,2026-07-03 18:00:05.146183,03/07/26,18:0:5
25984,0.14,25.984,138.54679802955664,13274038077,2026-07-03 18:00:31.130183,03/07/26,18:0:31
26529,0.14,26.529,135.70055411059596,13274064606,2026-07-03 18:00:57.659183,03/07/26,18:0:57
26313,0.14,26.313,136.81450233724775,13274090919,2026-07-03 18:01:23.972183,03/07/26,18:1:23
26617,0.14,26.617,135.2519066761844,13274117536,2026-07-03 18:01:50.589183,03/07/26,18:1:50
26415,0.14,26.415,136.2862010221465,13274143951,2026-07-03 18:02:17.004183,03/07/26,18:2:17
26567,0.14,26.567,135.50645537697142,13274170518,2026-07-03 18:02:43.571183,03/07/26,18:2:43
26844,0.13,26.844,134.10818059901655,13274197362,2026-07-03 18:03:10.415183,03/07/26,18:3:10
26981,0.13,26.981,133.42722656684333,13274224343,2026-07-03 18:03:37.396183,03/07/26,18:3:37
26266,0.14,26.266,137.05931622630015,13274250609,2026-07-03 18:04:03.662183,03/07/26,18:4:3
26897,0.13,26.897,133.84392311410195,13274277506,2026-07-03 18:04:30.559183,03/07/26,18:4:30
26256,0.14,26.256,137.11151736745887,13274303762,2026-07-03 18:04:56.815183,03/07/26,18:4:56
26784,0.13,26.784,134.40860215053763,13274330546,2026-07-03 18:05:23.599183,03/07/26,18:5:23
26764,0.13,26.764,134.509041996712,13274357310,2026-07-03 18:05:50.363183,03/07/26,18:5:50
26170,0.14,26.17,137.56209400076423,13274383480,2026-07-03 18:06:16.533183,03/07/26,18:6:16
26799,0.13,26.799,134.3333706481585,13274410279,2026-07-03 18:06:43.332183,03/07/26,18:6:43
26240,0.14,26.24,137.1951219512195,13274436519,2026-07-03 18:07:09.572183,03/07/26,18:7:9
26976,0.13,26.976,133.45195729537366,13274463495,2026-07-03 18:07:36.548183,03/07/26,18:7:36
26121,0.14,26.121,137.82014471115195,13274489616,2026-07-03 18:08:02.669183,03/07/26,18:8:2
26249,0.14,26.249,137.1480818316888,13274515865,2026-07-03 18:08:28.918183,03/07/26,18:8:28
26272,0.14,26.272,137.02801461632157,13274542137,2026-07-03 18:08:55.190183,03/07/26,18:8:55
26597,0.14,26.597,135.35361130954618,13274568734,2026-07-03 18:09:21.787183,03/07/26,18:9:21
26554,0.14,26.554,135.57279505912481,13274595288,2026-07-03 18:09:48.341183,03/07/26,18:9:48
26242,0.14,26.242,137.18466580291135,13274621530,2026-07-03 18:10:14.583183,03/07/26,18:10:14
26403,0.14,26.403,136.34814225656174,13274647933,2026-07-03 18:10:40.986183,03/07/26,18:10:40
26721,0.13,26.721,134.72549680026944,13274674654,2026-07-03 18:11:07.707183,03/07/26,18:11:7
26947,0.13,26.947,133.59557650202248,13274701601,2026-07-03 18:11:34.654183,03/07/26,18:11:34
26816,0.13,26.816,134.24821002386633,13274728417,2026-07-03 18:12:01.470183,03/07/26,18:12:1
26930,0.13,26.93,133.67991088005942,13274755347,2026-07-03 18:12:28.400183,03/07/26,18:12:28
26770,0.13,26.77,134.478894284647,13274782117,2026-07-03 18:12:55.170183,03/07/26,18:12:55
26748,0.13,26.748,134.58950201884252,13274808865,2026-07-03 18:13:21.918183,03/07/26,18:13:21
26986,0.13,26.986,133.40250500259393,13274835851,2026-07-03 18:13:48.904183,03/07/26,18:13:48
26767,0.13,26.767,134.49396645122727,13274862618,2026-07-03 18:14:15.671183,03/07/26,18:14:15
27007,0.13,27.007,133.29877439182434,13274889625,2026-07-03 18:14:42.678183,03/07/26,18:14:42
26820,0.13,26.82,134.2281879194631,13274916445,2026-07-03 18:15:09.498183,03/07/26,18:15:9
27068,0.13,27.068,132.9983744643121,13274943513,2026-07-03 18:15:36.566183,03/07/26,18:15:36
26542,0.14,26.542,135.63408936779445,13274970055,2026-07-03 18:16:03.108183,03/07/26,18:16:3
26891,0.13,26.891,133.8737867688074,13274996946,2026-07-03 18:16:29.999183,03/07/26,18:16:29
26680,0.13,26.68,134.93253373313343,13275023626,2026-07-03 18:16:56.679183,03/07/26,18:16:56
27281,0.13,27.281,131.95997214178365,13275050907,2026-07-03 18:17:23.960183,03/07/26,18:17:23
26921,0.13,26.921,133.72460161212436,13275077828,2026-07-03 18:17:50.881183,03/07/26,18:17:50
26522,0.14,26.522,135.73636980619864,13275104350,2026-07-03 18:18:17.403183,03/07/26,18:18:17
27402,0.13,27.402,131.37727173199036,13275131752,2026-07-03 18:18:44.805183,03/07/26,18:18:44
26944,0.13,26.944,133.6104513064133,13275158696,2026-07-03 18:19:11.749183,03/07/26,18:19:11
27161,0.13,27.161,132.54298442619933,13275185857,2026-07-03 18:19:38.910183,03/07/26,18:19:38
26921,0.13,26.921,133.72460161212436,13275212778,2026-07-03 18:20:05.831183,03/07/26,18:20:5
27162,0.13,27.162,132.5381047051027,13275239940,2026-07-03 18:20:32.993183,03/07/26,18:20:32
27206,0.13,27.206,132.32375211350438,13275267146,2026-07-03 18:21:00.199183,03/07/26,18:21:0
27286,0.13,27.286,131.9357912482592,13275294432,2026-07-03 18:21:27.485183,03/07/26,18:21:27
27289,0.13,27.289,131.92128696544395,13275321721,2026-07-03 18:21:54.774183,03/07/26,18:21:54
27220,0.13,27.22,132.2556943423953,13275348941,2026-07-03 18:22:21.994183,03/07/26,18:22:21
27513,0.13,27.513,130.84723585214263,13275376454,2026-07-03 18:22:49.507183,03/07/26,18:22:49
27186,0.13,27.186,132.42109909512249,13275403640,2026-07-03 18:23:16.693183,03/07/26,18:23:16
27308,0.13,27.308,131.82950051267028,13275430948,2026-07-03 18:23:44.001183,03/07/26,18:23:44
27308,0.13,27.308,131.82950051267028,13275458256,2026-07-03 18:24:11.309183,03/07/26,18:24:11
27377,0.13,27.377,131.49724221061476,13275485633,2026-07-03 18:24:38.686183,03/07/26,18:24:38
27076,0.13,27.076,132.9590781503915,13275512709,2026-07-03 18:25:05.762183,03/07/26,18:25:5
27308,0.13,27.308,131.82950051267028,13275540017,2026-07-03 18:25:33.070183,03/07/26,18:25:33
26941,0.13,26.941,133.62532942355517,13275566958,2026-07-03 18:26:00.011183,03/07/26,18:26:0
27505,0.13,27.505,130.8852935829849,13275594463,2026-07-03 18:26:27.516183,03/07/26,18:26:27
26325,0.14,26.325,136.75213675213675,13275620788,2026-07-03 18:26:53.841183,03/07/26,18:26:53
26689,0.13,26.689,134.88703211060738,13275647477,2026-07-03 18:27:20.530183,03/07/26,18:27:20
26207,0.14,26.207,137.3678788110047,13275673684,2026-07-03 18:27:46.737183,03/07/26,18:27:46
26652,0.14,26.652,135.074290859973,13275700336,2026-07-03 18:28:13.389183,03/07/26,18:28:13
26938,0.13,26.938,133.6402108545549,13275727274,2026-07-03 18:28:40.327183,03/07/26,18:28:40
14623,0.25,14.623,246.18751282226629,13275741897,2026-07-03 18:28:54.950183,03/07/26,18:28:54
16574,0.22,16.574,217.2076746711717,13275758471,2026-07-03 18:29:11.524183,03/07/26,18:29:11
16477,0.22,16.477,218.48637494689567,13275774948,2026-07-03 18:29:28.001183,03/07/26,18:29:28
16554,0.22,16.554,217.47009786154405,13275791502,2026-07-03 18:29:44.555183,03/07/26,18:29:44
16523,0.22,16.523,217.87810930218484,13275808025,2026-07-03 18:30:01.078183,03/07/26,18:30:1
16585,0.22,16.585,217.06361169731684,13275824610,2026-07-03 18:30:17.663183,03/07/26,18:30:17
16662,0.22,16.662,216.06049693914295,13275841272,2026-07-03 18:30:34.325183,03/07/26,18:30:34
16759,0.21,16.759,214.80995286114924,13275858031,2026-07-03 18:30:51.084183,03/07/26,18:30:51
16787,0.21,16.787,214.45165902186216,13275874818,2026-07-03 18:31:07.871183,03/07/26,18:31:7
16942,0.21,16.942,212.48967064101052,13275891760,2026-07-03 18:31:24.813183,03/07/26,18:31:24
17014,0.21,17.014,211.59045491947808,13275908774,2026-07-03 18:31:41.827183,03/07/26,18:31:41
17065,0.21,17.065,210.95810137708762,13275925839,2026-07-03 18:31:58.892183,03/07/26,18:31:58
17039,0.21,17.039,211.28000469511122,13275942878,2026-07-03 18:32:15.931183,03/07/26,18:32:15
17128,0.21,17.128,210.18215787015413,13275960006,2026-07-03 18:32:33.059183,03/07/26,18:32:33
17213,0.21,17.213,209.14425143786673,13275977219,2026-07-03 18:32:50.272183,03/07/26,18:32:50
17163,0.21,17.163,209.7535395909806,13275994382,2026-07-03 18:33:07.435183,03/07/26,18:33:7
17247,0.21,17.247,208.73195338319707,13276011629,2026-07-03 18:33:24.682183,03/07/26,18:33:24
17307,0.21,17.307,208.00832033281333,13276028936,2026-07-03 18:33:41.989183,03/07/26,18:33:41
17207,0.21,17.207,209.21717905503573,13276046143,2026-07-03 18:33:59.196183,03/07/26,18:33:59
17401,0.21,17.401,206.88466180104592,13276063544,2026-07-03 18:34:16.597183,03/07/26,18:34:16
17479,0.2,17.479,205.96143944161565,13276081023,2026-07-03 18:34:34.076183,03/07/26,18:34:34
17354,0.21,17.354,207.4449694594906,13276098377,2026-07-03 18:34:51.430183,03/07/26,18:34:51
17348,0.21,17.348,207.51671662439475,13276115725,2026-07-03 18:35:08.778183,03/07/26,18:35:8
17514,0.2,17.514,205.54984583761563,13276133239,2026-07-03 18:35:26.292183,03/07/26,18:35:26
17609,0.2,17.609,204.44091089783635,13276150848,2026-07-03 18:35:43.901183,03/07/26,18:35:43
17319,0.21,17.319,207.86419539234367,13276168167,2026-07-03 18:36:01.220183,03/07/26,18:36:1
17669,0.2,17.669,203.74667496745712,13276185836,2026-07-03 18:36:18.889183,03/07/26,18:36:18
21621,0.17,21.621,166.50478701262662,13276207457,2026-07-03 18:36:40.510183,03/07/26,18:36:40
26545,0.14,26.545,135.61876059521566,13276234002,2026-07-03 18:37:07.055183,03/07/26,18:37:7
26929,0.13,26.929,133.68487504177654,13276260931,2026-07-03 18:37:33.984183,03/07/26,18:37:33
26665,0.14,26.665,135.0084380273767,13276287596,2026-07-03 18:38:00.649183,03/07/26,18:38:0
27400,0.13,27.4,131.38686131386862,13276314996,2026-07-03 18:38:28.049183,03/07/26,18:38:28
26974,0.13,26.974,133.461852153926,13276341970,2026-07-03 18:38:55.023183,03/07/26,18:38:55
27200,0.13,27.2,132.35294117647058,13276369170,2026-07-03 18:39:22.223183,03/07/26,18:39:22
27505,0.13,27.505,130.8852935829849,13276396675,2026-07-03 18:39:49.728183,03/07/26,18:39:49
27156,0.13,27.156,132.5673884224481,13276423831,2026-07-03 18:40:16.884183,03/07/26,18:40:16
27490,0.13,27.49,130.956711531466,13276451321,2026-07-03 18:40:44.374183,03/07/26,18:40:44
27461,0.13,27.461,131.09500746513237,13276478782,2026-07-03 18:41:11.835183,03/07/26,18:41:11
27188,0.13,27.188,132.41135795203766,13276505970,2026-07-03 18:41:39.023183,03/07/26,18:41:39
27190,0.13,27.19,132.40161824200072,13276533160,2026-07-03 18:42:06.213183,03/07/26,18:42:6
27162,0.13,27.162,132.5381047051027,13276560322,2026-07-03 18:42:33.375183,03/07/26,18:42:33
26648,0.14,26.648,135.09456619633744,13276586970,2026-07-03 18:43:00.023183,03/07/26,18:43:0
26110,0.14,26.11,137.87820758330142,13276613080,2026-07-03 18:43:26.133183,03/07/26,18:43:26
26124,0.14,26.124,137.80431786862655,13276639204,2026-07-03 18:43:52.257183,03/07/26,18:43:52
27076,0.13,27.076,132.9590781503915,13276666280,2026-07-03 18:44:19.333183,03/07/26,18:44:19
26969,0.13,26.969,133.486595721013,13276693249,2026-07-03 18:44:46.302183,03/07/26,18:44:46
26700,0.13,26.7,134.8314606741573,13276719949,2026-07-03 18:45:13.002183,03/07/26,18:45:13
27035,0.13,27.035,133.16071758831146,13276746984,2026-07-03 18:45:40.037183,03/07/26,18:45:40
26394,0.14,26.394,136.39463514435099,13276773378,2026-07-03 18:46:06.431183,03/07/26,18:46:6
26901,0.13,26.901,133.82402141184343,13276800279,2026-07-03 18:46:33.332183,03/07/26,18:46:33
26665,0.14,26.665,135.0084380273767,13276826944,2026-07-03 18:46:59.997183,03/07/26,18:46:59
26909,0.13,26.909,133.78423575755323,13276853853,2026-07-03 18:47:26.906183,03/07/26,18:47:26
26615,0.14,26.615,135.26207026113093,13276880468,2026-07-03 18:47:53.521183,03/07/26,18:47:53
26747,0.13,26.747,134.59453396642616,13276907215,2026-07-03 18:48:20.268183,03/07/26,18:48:20
27042,0.13,27.042,133.12624805857556,13276934257,2026-07-03 18:48:47.310183,03/07/26,18:48:47
26412,0.14,26.412,136.30168105406634,13276960669,2026-07-03 18:49:13.722183,03/07/26,18:49:13
26879,0.13,26.879,133.93355407567245,13276987548,2026-07-03 18:49:40.601183,03/07/26,18:49:40
26900,0.13,26.9,133.82899628252787,13277014448,2026-07-03 18:50:07.501183,03/07/26,18:50:7
27067,0.13,27.067,133.0032881368456,13277041515,2026-07-03 18:50:34.568183,03/07/26,18:50:34
27080,0.13,27.08,132.93943870014772,13277068595,2026-07-03 18:51:01.648183,03/07/26,18:51:1
27435,0.13,27.435,131.21924548933845,13277096030,2026-07-03 18:51:29.083183,03/07/26,18:51:29
27406,0.13,27.406,131.3580967671313,13277123436,2026-07-03 18:51:56.489183,03/07/26,18:51:56
27253,0.13,27.253,132.09554911385902,13277150689,2026-07-03 18:52:23.742183,03/07/26,18:52:23
27335,0.13,27.335,131.6992866288641,13277178024,2026-07-03 18:52:51.077183,03/07/26,18:52:51
26863,0.13,26.863,134.01332688083983,13277204887,2026-07-03 18:53:17.940183,03/07/26,18:53:17
26724,0.13,26.724,134.7103726986978,13277231611,2026-07-03 18:53:44.664183,03/07/26,18:53:44
27173,0.13,27.173,132.48445147756965,13277258784,2026-07-03 18:54:11.837183,03/07/26,18:54:11
27110,0.13,27.11,132.79232755440796,13277285894,2026-07-03 18:54:38.947183,03/07/26,18:54:38
26735,0.13,26.735,134.6549466990836,13277312629,2026-07-03 18:55:05.682183,03/07/26,18:55:5
27124,0.13,27.124,132.72378705205722,13277339753,2026-07-03 18:55:32.806183,03/07/26,18:55:32
26706,0.13,26.706,134.80116827679174,13277366459,2026-07-03 18:55:59.512183,03/07/26,18:55:59
27005,0.13,27.005,133.30864654693576,13277393464,2026-07-03 18:56:26.517183,03/07/26,18:56:26
27011,0.13,27.011,133.2790344674392,13277420475,2026-07-03 18:56:53.528183,03/07/26,18:56:53
27246,0.13,27.246,132.1294868971592,13277447721,2026-07-03 18:57:20.774183,03/07/26,18:57:20
27126,0.13,27.126,132.71400132714,13277474847,2026-07-03 18:57:47.900183,03/07/26,18:57:47
26787,0.13,26.787,134.39354910964275,13277501634,2026-07-03 18:58:14.687183,03/07/26,18:58:14
27156,0.13,27.156,132.5673884224481,13277528790,2026-07-03 18:58:41.843183,03/07/26,18:58:41
26783,0.13,26.783,134.4136205802188,13277555573,2026-07-03 18:59:08.626183,03/07/26,18:59:8
27264,0.13,27.264,132.04225352112675,13277582837,2026-07-03 18:59:35.890183,03/07/26,18:59:35
26987,0.13,26.987,133.39756178900953,13277609824,2026-07-03 19:00:02.877183,03/07/26,19:0:2
26029,0.14,26.029,138.30727265742058,13277635853,2026-07-03 19:00:28.906183,03/07/26,19:0:28
26584,0.14,26.584,135.4198013842913,13277662437,2026-07-03 19:00:55.490183,03/07/26,19:0:55
26360,0.14,26.36,136.57056145675264,13277688797,2026-07-03 19:01:21.850183,03/07/26,19:1:21
26382,0.14,26.382,136.4566750056857,13277715179,2026-07-03 19:01:48.232183,03/07/26,19:1:48
26206,0.14,26.206,137.373120659391,13277741385,2026-07-03 19:02:14.438183,03/07/26,19:2:14
25779,0.14,25.779,139.64855114628185,13277767164,2026-07-03 19:02:40.217183,03/07/26,19:2:40
27818,0.13,27.818,129.41261053993816,13277794982,2026-07-03 19:03:08.035183,03/07/26,19:3:8
27839,0.13,27.839,129.3149897625633,13277822821,2026-07-03 19:03:35.874183,03/07/26,19:3:35
27750,0.13,27.75,129.72972972972974,13277850571,2026-07-03 19:04:03.624183,03/07/26,19:4:3
27937,0.13,27.937,128.86136664638292,13277878508,2026-07-03 19:04:31.561183,03/07/26,19:4:31
27937,0.13,27.937,128.86136664638292,13277906445,2026-07-03 19:04:59.498183,03/07/26,19:4:59
30718,0.12,30.718,117.19512989126896,13277937163,2026-07-03 19:05:30.216183,03/07/26,19:5:30
30210,0.12,30.21,119.16583912611718,13277967373,2026-07-03 19:06:00.426183,03/07/26,19:6:0
22934,0.16,22.934,156.9721810412488,13277990307,2026-07-03 19:06:23.360183,03/07/26,19:6:23
19781,0.18,19.781,181.99282139426722,13278010088,2026-07-03 19:06:43.141183,03/07/26,19:6:43
19707,0.18,19.707,182.67620642411325,13278029795,2026-07-03 19:07:02.848183,03/07/26,19:7:2
19819,0.18,19.819,181.64387708764318,13278049614,2026-07-03 19:07:22.667183,03/07/26,19:7:22
19846,0.18,19.846,181.39675501360475,13278069460,2026-07-03 19:07:42.513183,03/07/26,19:7:42
20008,0.18,20.008,179.9280287884846,13278089468,2026-07-03 19:08:02.521183,03/07/26,19:8:2
20113,0.18,20.113,178.98871376721524,13278109581,2026-07-03 19:08:22.634183,03/07/26,19:8:22
20245,0.18,20.245,177.82168436651025,13278129826,2026-07-03 19:08:42.879183,03/07/26,19:8:42
20417,0.18,20.417,176.32365185874517,13278150243,2026-07-03 19:09:03.296183,03/07/26,19:9:3
20515,0.17,20.515,175.48135510601998,13278170758,2026-07-03 19:09:23.811183,03/07/26,19:9:23
20626,0.17,20.626,174.53699214583534,13278191384,2026-07-03 19:09:44.437183,03/07/26,19:9:44
20753,0.17,20.753,173.46889606321977,13278212137,2026-07-03 19:10:05.190183,03/07/26,19:10:5
20770,0.17,20.77,173.32691381800674,13278232907,2026-07-03 19:10:25.960183,03/07/26,19:10:25
20875,0.17,20.875,172.4550898203593,13278253782,2026-07-03 19:10:46.835183,03/07/26,19:10:46
21048,0.17,21.048,171.0376282782212,13278274830,2026-07-03 19:11:07.883183,03/07/26,19:11:7
21196,0.17,21.196,169.84336667295716,13278296026,2026-07-03 19:11:29.079183,03/07/26,19:11:29
21250,0.17,21.25,169.41176470588235,13278317276,2026-07-03 19:11:50.329183,03/07/26,19:11:50
21198,0.17,21.198,169.82734220209454,13278338474,2026-07-03 19:12:11.527183,03/07/26,19:12:11
21266,0.17,21.266,169.28430358318442,13278359740,2026-07-03 19:12:32.793183,03/07/26,19:12:32
21370,0.17,21.37,168.46045858680392,13278381110,2026-07-03 19:12:54.163183,03/07/26,19:12:54
21487,0.17,21.487,167.54316563503514,13278402597,2026-07-03 19:13:15.650183,03/07/26,19:13:15
21656,0.17,21.656,166.2356852604359,13278424253,2026-07-03 19:13:37.306183,03/07/26,19:13:37
21724,0.17,21.724,165.7153378751611,13278445977,2026-07-03 19:13:59.030183,03/07/26,19:13:59
31350,0.11,31.35,114.83253588516746,13278477327,2026-07-03 19:14:30.380183,03/07/26,19:14:30
37569,0.09,37.569,95.82368442066597,13278514896,2026-07-03 19:15:07.949183,03/07/26,19:15:7
37837,0.09,37.837,95.14496392420118,13278552733,2026-07-03 19:15:45.786183,03/07/26,19:15:45
37544,0.09,37.544,95.88749200937566,13278590277,2026-07-03 19:16:23.330183,03/07/26,19:16:23
37920,0.09,37.92,94.9367088607595,13278628197,2026-07-03 19:17:01.250183,03/07/26,19:17:1
37596,0.09,37.596,95.7548675390999,13278665793,2026-07-03 19:17:38.846183,03/07/26,19:17:38
37776,0.09,37.776,95.29860228716646,13278703569,2026-07-03 19:18:16.622183,03/07/26,19:18:16
38184,0.09,38.184,94.28032683846638,13278741753,2026-07-03 19:18:54.806183,03/07/26,19:18:54
37772,0.09,37.772,95.3086942708885,13278779525,2026-07-03 19:19:32.578183,03/07/26,19:19:32
37775,0.09,37.775,95.30112508272667,13278817300,2026-07-03 19:20:10.353183,03/07/26,19:20:10
38013,0.09,38.013,94.70444321679426,13278855313,2026-07-03 19:20:48.366183,03/07/26,19:20:48
37627,0.09,37.627,95.67597735668537,13278892940,2026-07-03 19:21:25.993183,03/07/26,19:21:25
37908,0.09,37.908,94.9667616334283,13278930848,2026-07-03 19:22:03.901183,03/07/26,19:22:3
37997,0.09,37.997,94.74432192015159,13278968845,2026-07-03 19:22:41.898183,03/07/26,19:22:41
37704,0.09,37.704,95.48058561425843,13279006549,2026-07-03 19:23:19.602183,03/07/26,19:23:19
38125,0.09,38.125,94.42622950819673,13279044674,2026-07-03 19:23:57.727183,03/07/26,19:23:57
37959,0.09,37.959,94.83916857662214,13279082633,2026-07-03 19:24:35.686183,03/07/26,19:24:35
38348,0.09,38.348,93.87712527380828,13279120981,2026-07-03 19:25:14.034183,03/07/26,19:25:14
38329,0.09,38.329,93.92366093558402,13279159310,2026-07-03 19:25:52.363183,03/07/26,19:25:52
38145,0.09,38.145,94.3767204089658,13279197455,2026-07-03 19:26:30.508183,03/07/26,19:26:30
38205,0.09,38.205,94.22850412249706,13279235660,2026-07-03 19:27:08.713183,03/07/26,19:27:8
38211,0.09,38.211,94.21370809452776,13279273871,2026-07-03 19:27:46.924183,03/07/26,19:27:46
37946,0.09,37.946,94.87165972698044,13279311817,2026-07-03 19:28:24.870183,03/07/26,19:28:24
38126,0.09,38.126,94.42375281959818,13279349943,2026-07-03 19:29:02.996183,03/07/26,19:29:2
37902,0.09,37.902,94.98179515592845,13279387845,2026-07-03 19:29:40.898183,03/07/26,19:29:40
37931,0.09,37.931,94.90917719016109,13279425776,2026-07-03 19:30:18.829183,03/07/26,19:30:18
37707,0.09,37.707,95.47298910016708,13279463483,2026-07-03 19:30:56.536183,03/07/26,19:30:56
37859,0.09,37.859,95.08967484613963,13279501342,2026-07-03 19:31:34.395183,03/07/26,19:31:34
38045,0.09,38.045,94.62478643711394,13279539387,2026-07-03 19:32:12.440183,03/07/26,19:32:12
37749,0.09,37.749,95.36676468250815,13279577136,2026-07-03 19:32:50.189183,03/07/26,19:32:50
37741,0.09,37.741,95.38697967727406,13279614877,2026-07-03 19:33:27.930183,03/07/26,19:33:27
38008,0.09,38.008,94.71690170490423,13279652885,2026-07-03 19:34:05.938183,03/07/26,19:34:5
37838,0.09,37.838,95.14244938950262,13279690723,2026-07-03 19:34:43.776183,03/07/26,19:34:43
37722,0.09,37.722,95.43502465404804,13279728445,2026-07-03 19:35:21.498183,03/07/26,19:35:21
38286,0.09,38.286,94.02914903620122,13279766731,2026-07-03 19:35:59.784183,03/07/26,19:35:59
37682,0.09,37.682,95.53633034340004,13279804413,2026-07-03 19:36:37.466183,03/07/26,19:36:37
37277,0.1,37.277,96.57429514177643,13279841690,2026-07-03 19:37:14.743183,03/07/26,19:37:14
37624,0.09,37.624,95.68360620880289,13279879314,2026-07-03 19:37:52.367183,03/07/26,19:37:52
37736,0.09,37.736,95.3996184015264,13279917050,2026-07-03 19:38:30.103183,03/07/26,19:38:30
37698,0.09,37.698,95.49578226961643,13279954748,2026-07-03 19:39:07.801183,03/07/26,19:39:7
38114,0.09,38.114,94.4534816602823,13279992862,2026-07-03 19:39:45.915183,03/07/26,19:39:45
37704,0.09,37.704,95.48058561425843,13280030566,2026-07-03 19:40:23.619183,03/07/26,19:40:23
37842,0.09,37.842,95.13239257967338,13280068408,2026-07-03 19:41:01.461183,03/07/26,19:41:1
37816,0.09,37.816,95.1977998730696,13280106224,2026-07-03 19:41:39.277183,03/07/26,19:41:39
37656,0.09,37.656,95.60229445506693,13280143880,2026-07-03 19:42:16.933183,03/07/26,19:42:16
37221,0.1,37.221,96.71959377770614,13280181101,2026-07-03 19:42:54.154183,03/07/26,19:42:54
37652,0.09,37.652,95.61245086582386,13280218753,2026-07-03 19:43:31.806183,03/07/26,19:43:31
26591,0.14,26.591,135.38415253281187,13280245344,2026-07-03 19:43:58.397183,03/07/26,19:43:58
20141,0.18,20.141,178.73988381907552,13280265485,2026-07-03 19:44:18.538183,03/07/26,19:44:18
20063,0.18,20.063,179.43478044160892,13280285548,2026-07-03 19:44:38.601183,03/07/26,19:44:38
20161,0.18,20.161,178.56257130102674,13280305709,2026-07-03 19:44:58.762183,03/07/26,19:44:58
20158,0.18,20.158,178.58914574858616,13280325867,2026-07-03 19:45:18.920183,03/07/26,19:45:18
20478,0.17,20.478,175.79841781423968,13280346345,2026-07-03 19:45:39.398183,03/07/26,19:45:39
20582,0.17,20.582,174.9101156350209,13280366927,2026-07-03 19:45:59.980183,03/07/26,19:45:59
20664,0.17,20.664,174.21602787456445,13280387591,2026-07-03 19:46:20.644183,03/07/26,19:46:20
20864,0.17,20.864,172.54601226993864,13280408455,2026-07-03 19:46:41.508183,03/07/26,19:46:41
21006,0.17,21.006,171.3796058269066,13280429461,2026-07-03 19:47:02.514183,03/07/26,19:47:2
21013,0.17,21.013,171.32251463379814,13280450474,2026-07-03 19:47:23.527183,03/07/26,19:47:23
20946,0.17,20.946,171.87052420509883,13280471420,2026-07-03 19:47:44.473183,03/07/26,19:47:44
21090,0.17,21.09,170.69701280227596,13280492510,2026-07-03 19:48:05.563183,03/07/26,19:48:5
21193,0.17,21.193,169.86740905015807,13280513703,2026-07-03 19:48:26.756183,03/07/26,19:48:26
21324,0.17,21.324,168.82386043894203,13280535027,2026-07-03 19:48:48.080183,03/07/26,19:48:48
21343,0.17,21.343,168.6735697886895,13280556370,2026-07-03 19:49:09.423183,03/07/26,19:49:9
21404,0.17,21.404,168.19286114744907,13280577774,2026-07-03 19:49:30.827183,03/07/26,19:49:30
21526,0.17,21.526,167.2396172070984,13280599300,2026-07-03 19:49:52.353183,03/07/26,19:49:52
21722,0.17,21.722,165.73059570941902,13280621022,2026-07-03 19:50:14.075183,03/07/26,19:50:14
21806,0.17,21.806,165.09217646519306,13280642828,2026-07-03 19:50:35.881183,03/07/26,19:50:35
21962,0.16,21.962,163.91949731354157,13280664790,2026-07-03 19:50:57.843183,03/07/26,19:50:57
21893,0.16,21.893,164.43612113460924,13280686683,2026-07-03 19:51:19.736183,03/07/26,19:51:19
24632,0.15,24.632,146.15134784020785,13280711315,2026-07-03 19:51:44.368183,03/07/26,19:51:44
38540,0.09,38.54,93.4094447327452,13280749855,2026-07-03 19:52:22.908183,03/07/26,19:52:22
38546,0.09,38.546,93.39490478908317,13280788401,2026-07-03 19:53:01.454183,03/07/26,19:53:1
37606,0.09,37.606,95.72940488219965,13280826007,2026-07-03 19:53:39.060183,03/07/26,19:53:39
37353,0.1,37.353,96.37780097984097,13280863360,2026-07-03 19:54:16.413183,03/07/26,19:54:16
37363,0.1,37.363,96.35200599523593,13280900723,2026-07-03 19:54:53.776183,03/07/26,19:54:53
37348,0.1,37.348,96.39070365213666,13280938071,2026-07-03 19:55:31.124183,03/07/26,19:55:31
37282,0.1,37.282,96.56134327557534,13280975353,2026-07-03 19:56:08.406183,03/07/26,19:56:8
37352,0.1,37.352,96.38038123795245,13281012705,2026-07-03 19:56:45.758183,03/07/26,19:56:45
37257,0.1,37.257,96.62613737015863,13281049962,2026-07-03 19:57:23.015183,03/07/26,19:57:23
37187,0.1,37.187,96.80802430957056,13281087149,2026-07-03 19:58:00.202183,03/07/26,19:58:0
37194,0.1,37.194,96.78980480722697,13281124343,2026-07-03 19:58:37.396183,03/07/26,19:58:37
37261,0.1,37.261,96.61576447223639,13281161604,2026-07-03 19:59:14.657183,03/07/26,19:59:14
37146,0.1,37.146,96.91487643353254,13281198750,2026-07-03 19:59:51.803183,03/07/26,19:59:51
36150,0.1,36.15,99.5850622406639,13281234900,2026-07-03 20:00:27.953183,03/07/26,20:0:27
36083,0.1,36.083,99.76997478036749,13281270983,2026-07-03 20:01:04.036183,03/07/26,20:1:4
36094,0.1,36.094,99.73956890341886,13281307077,2026-07-03 20:01:40.130183,03/07/26,20:1:40
36558,0.1,36.558,98.47365829640572,13281343635,2026-07-03 20:02:16.688183,03/07/26,20:2:16
35977,0.1,35.977,100.0639297328849,13281379612,2026-07-03 20:02:52.665183,03/07/26,20:2:52
36323,0.1,36.323,99.11075627013187,13281415935,2026-07-03 20:03:28.988183,03/07/26,20:3:28
36424,0.1,36.424,98.83593235229519,13281452359,2026-07-03 20:04:05.412183,03/07/26,20:4:5
36436,0.1,36.436,98.80338127127017,13281488795,2026-07-03 20:04:41.848183,03/07/26,20:4:41
37207,0.1,37.207,96.75598677668181,13281526002,2026-07-03 20:05:19.055183,03/07/26,20:5:19
37024,0.1,37.024,97.23422644770959,13281563026,2026-07-03 20:05:56.079183,03/07/26,20:5:56
37129,0.1,37.129,96.9592501817986,13281600155,2026-07-03 20:06:33.208183,03/07/26,20:6:33
37504,0.09,37.504,95.98976109215018,13281637659,2026-07-03 20:07:10.712183,03/07/26,20:7:10
37614,0.09,37.614,95.7090445047057,13281675273,2026-07-03 20:07:48.326183,03/07/26,20:7:48
37345,0.1,37.345,96.39844691391083,13281712618,2026-07-03 20:08:25.671183,03/07/26,20:8:25
37442,0.1,37.442,96.14871000480744,13281750060,2026-07-03 20:09:03.113183,03/07/26,20:9:3
37365,0.1,37.365,96.34684865515857,13281787425,2026-07-03 20:09:40.478183,03/07/26,20:9:40
37389,0.1,37.389,96.28500361068764,13281824814,2026-07-03 20:10:17.867183,03/07/26,20:10:17
37485,0.1,37.485,96.03841536614645,13281862299,2026-07-03 20:10:55.352183,03/07/26,20:10:55
37720,0.09,37.72,95.44008483563097,13281900019,2026-07-03 20:11:33.072183,03/07/26,20:11:33
38081,0.09,38.081,94.53533258055198,13281938100,2026-07-03 20:12:11.153183,03/07/26,20:12:11
38339,0.09,38.339,93.89916273246564,13281976439,2026-07-03 20:12:49.492183,03/07/26,20:12:49
38208,0.09,38.208,94.22110552763819,13282014647,2026-07-03 20:13:27.700183,03/07/26,20:13:27
38488,0.09,38.488,93.53564747453751,13282053135,2026-07-03 20:14:06.188183,03/07/26,20:14:6
38485,0.09,38.485,93.54293880732753,13282091620,2026-07-03 20:14:44.673183,03/07/26,20:14:44
38314,0.09,38.314,93.9604322179882,13282129934,2026-07-03 20:15:22.987183,03/07/26,20:15:22
38318,0.09,38.318,93.95062372775197,13282168252,2026-07-03 20:16:01.305183,03/07/26,20:16:1
38529,0.09,38.529,93.4361130576968,13282206781,2026-07-03 20:16:39.834183,03/07/26,20:16:39
38544,0.09,38.544,93.39975093399751,13282245325,2026-07-03 20:17:18.378183,03/07/26,20:17:18
38558,0.09,38.558,93.36583847709943,13282283883,2026-07-03 20:17:56.936183,03/07/26,20:17:56
38383,0.09,38.383,93.79152228851315,13282322266,2026-07-03 20:18:35.319183,03/07/26,20:18:35
37114,0.1,37.114,96.9984372473999,13282359380,2026-07-03 20:19:12.433183,03/07/26,20:19:12
30830,0.12,30.83,116.76938047356471,13282390210,2026-07-03 20:19:43.263183,03/07/26,20:19:43
39955,0.09,39.955,90.10136403453886,13282430165,2026-07-03 20:20:23.218183,03/07/26,20:20:23
39905,0.09,39.905,90.21425886480391,13282470070,2026-07-03 20:21:03.123183,03/07/26,20:21:3
20628,0.17,20.628,174.52006980802793,13282490698,2026-07-03 20:21:23.751183,03/07/26,20:21:23
20876,0.17,20.876,172.44682889442421,13282511574,2026-07-03 20:21:44.627183,03/07/26,20:21:44
18034,0.2,18.034,199.62293445713652,13282529608,2026-07-03 20:22:02.661183,03/07/26,20:22:2
16624,0.22,16.624,216.5543792107796,13282546232,2026-07-03 20:22:19.285183,03/07/26,20:22:19
16795,0.21,16.795,214.3495087823757,13282563027,2026-07-03 20:22:36.080183,03/07/26,20:22:36
16896,0.21,16.896,213.0681818181818,13282579923,2026-07-03 20:22:52.976183,03/07/26,20:22:52
17059,0.21,17.059,211.03229966586554,13282596982,2026-07-03 20:23:10.035183,03/07/26,20:23:10
17227,0.21,17.227,208.97428455331746,13282614209,2026-07-03 20:23:27.262183,03/07/26,20:23:27
17129,0.21,17.129,210.16988732558818,13282631338,2026-07-03 20:23:44.391183,03/07/26,20:23:44
17012,0.21,17.012,211.6153303550435,13282648350,2026-07-03 20:24:01.403183,03/07/26,20:24:1
17149,0.21,17.149,209.92477695492448,13282665499,2026-07-03 20:24:18.552183,03/07/26,20:24:18
17349,0.21,17.349,207.50475531730936,13282682848,2026-07-03 20:24:35.901183,03/07/26,20:24:35
17339,0.21,17.339,207.6244304746525,13282700187,2026-07-03 20:24:53.240183,03/07/26,20:24:53
17247,0.21,17.247,208.73195338319707,13282717434,2026-07-03 20:25:10.487183,03/07/26,20:25:10
17428,0.21,17.428,206.56414964425062,13282734862,2026-07-03 20:25:27.915183,03/07/26,20:25:27
17400,0.21,17.4,206.89655172413794,13282752262,2026-07-03 20:25:45.315183,03/07/26,20:25:45
17381,0.21,17.381,207.12272021172544,13282769643,2026-07-03 20:26:02.696183,03/07/26,20:26:2
17430,0.21,17.43,206.54044750430293,13282787073,2026-07-03 20:26:20.126183,03/07/26,20:26:20
17541,0.2,17.541,205.2334530528476,13282804614,2026-07-03 20:26:37.667183,03/07/26,20:26:37
17624,0.2,17.624,204.26690876078075,13282822238,2026-07-03 20:26:55.291183,03/07/26,20:26:55
17671,0.2,17.671,203.72361496236772,13282839909,2026-07-03 20:27:12.962183,03/07/26,20:27:12
17635,0.2,17.635,204.13949532180322,13282857544,2026-07-03 20:27:30.597183,03/07/26,20:27:30
17597,0.2,17.597,204.58032619196453,13282875141,2026-07-03 20:27:48.194183,03/07/26,20:27:48
17460,0.21,17.46,206.18556701030928,13282892601,2026-07-03 20:28:05.654183,03/07/26,20:28:5
17577,0.2,17.577,204.8131080389145,13282910178,2026-07-03 20:28:23.231183,03/07/26,20:28:23
17836,0.2,17.836,201.83897734918142,13282928014,2026-07-03 20:28:41.067183,03/07/26,20:28:41
19392,0.19,19.392,185.64356435643563,13282947406,2026-07-03 20:29:00.459183,03/07/26,20:29:0
27888,0.13,27.888,129.08777969018934,13282975294,2026-07-03 20:29:28.347183,03/07/26,20:29:28
27499,0.13,27.499,130.91385141277866,13283002793,2026-07-03 20:29:55.846183,03/07/26,20:29:55
27513,0.13,27.513,130.84723585214263,13283030306,2026-07-03 20:30:23.359183,03/07/26,20:30:23
27735,0.13,27.735,129.79989183342346,13283058041,2026-07-03 20:30:51.094183,03/07/26,20:30:51
27927,0.13,27.927,128.90750886239124,13283085968,2026-07-03 20:31:19.021183,03/07/26,20:31:19
28533,0.13,28.533,126.16969824413836,13283114501,2026-07-03 20:31:47.554183,03/07/26,20:31:47
27708,0.13,27.708,129.926375054136,13283142209,2026-07-03 20:32:15.262183,03/07/26,20:32:15
28146,0.13,28.146,127.90449797484546,13283170355,2026-07-03 20:32:43.408183,03/07/26,20:32:43
28389,0.13,28.389,126.80967980555849,13283198744,2026-07-03 20:33:11.797183,03/07/26,20:33:11
28648,0.12,28.648,125.66322256352974,13283227392,2026-07-03 20:33:40.445183,03/07/26,20:33:40
28351,0.13,28.351,126.97964798419808,13283255743,2026-07-03 20:34:08.796183,03/07/26,20:34:8
27904,0.13,27.904,129.0137614678899,13283283647,2026-07-03 20:34:36.700183,03/07/26,20:34:36
27932,0.13,27.932,128.88443362451667,13283311579,2026-07-03 20:35:04.632183,03/07/26,20:35:4
28585,0.12,28.585,125.94017841525276,13283340164,2026-07-03 20:35:33.217183,03/07/26,20:35:33
28443,0.13,28.443,126.56892732834089,13283368607,2026-07-03 20:36:01.660183,03/07/26,20:36:1
28482,0.13,28.482,126.39561828523279,13283397089,2026-07-03 20:36:30.142183,03/07/26,20:36:30
28380,0.13,28.38,126.84989429175475,13283425469,2026-07-03 20:36:58.522183,03/07/26,20:36:58
26740,0.13,26.74,134.62976813762154,13283452209,2026-07-03 20:37:25.262183,03/07/26,20:37:25
26886,0.13,26.886,133.89868332961393,13283479095,2026-07-03 20:37:52.148183,03/07/26,20:37:52
27099,0.13,27.099,132.8462304882099,13283506194,2026-07-03 20:38:19.247183,03/07/26,20:38:19
27344,0.13,27.344,131.65593914569925,13283533538,2026-07-03 20:38:46.591183,03/07/26,20:38:46
27261,0.13,27.261,132.05678441729944,13283560799,2026-07-03 20:39:13.852183,03/07/26,20:39:13
27794,0.13,27.794,129.52435777505937,13283588593,2026-07-03 20:39:41.646183,03/07/26,20:39:41
27517,0.13,27.517,130.8282152850965,13283616110,2026-07-03 20:40:09.163183,03/07/26,20:40:9
27352,0.13,27.352,131.61743199766013,13283643462,2026-07-03 20:40:36.515183,03/07/26,20:40:36
27606,0.13,27.606,130.40643338404695,13283671068,2026-07-03 20:41:04.121183,03/07/26,20:41:4
27677,0.13,27.677,130.07190085630668,13283698745,2026-07-03 20:41:31.798183,03/07/26,20:41:31
27535,0.13,27.535,130.74269112039224,13283726280,2026-07-03 20:41:59.333183,03/07/26,20:41:59
27697,0.13,27.697,129.97797595407445,13283753977,2026-07-03 20:42:27.030183,03/07/26,20:42:27
27448,0.13,27.448,131.1570970562518,13283781425,2026-07-03 20:42:54.478183,03/07/26,20:42:54
25695,0.14,25.695,140.10507880910683,13283807120,2026-07-03 20:43:20.173183,03/07/26,20:43:20
9000,0.4,9.0,400.0,13283816120,2026-07-03 20:43:29.173183,03/07/26,20:43:29
1457,2.47,1.457,2470.8304735758406,13283817577,2026-07-03 20:43:30.630183,03/07/26,20:43:30
1463,2.46,1.463,2460.6971975393026,13283819040,2026-07-03 20:43:32.093183,03/07/26,20:43:32
1461,2.46,1.461,2464.065708418891,13283820501,2026-07-03 20:43:33.554183,03/07/26,20:43:33
1472,2.44,1.472,2445.6521739130435,13283821973,2026-07-03 20:43:35.026183,03/07/26,20:43:35
1474,2.44,1.474,2442.3337856173675,13283823447,2026-07-03 20:43:36.500183,03/07/26,20:43:36
1475,2.44,1.475,2440.677966101695,13283824922,2026-07-03 20:43:37.975183,03/07/26,20:43:37
1480,2.43,1.48,2432.4324324324325,13283826402,2026-07-03 20:43:39.455183,03/07/26,20:43:39
1476,2.44,1.476,2439.0243902439024,13283827878,2026-07-03 20:43:40.931183,03/07/26,20:43:40
1477,2.44,1.477,2437.3730534867977,13283829355,2026-07-03 20:43:42.408183,03/07/26,20:43:42
1478,2.43,1.478,2435.723951285521,13283830833,2026-07-03 20:43:43.886183,03/07/26,20:43:43
1477,2.44,1.477,2437.3730534867977,13283832310,2026-07-03 20:43:45.363183,03/07/26,20:43:45
1480,2.43,1.48,2432.4324324324325,13283833790,2026-07-03 20:43:46.843183,03/07/26,20:43:46
1482,2.43,1.482,2429.1497975708503,13283835272,2026-07-03 20:43:48.325183,03/07/26,20:43:48
1486,2.42,1.486,2422.6110363391654,13283836758,2026-07-03 20:43:49.811183,03/07/26,20:43:49
1485,2.42,1.485,2424.242424242424,13283838243,2026-07-03 20:43:51.296183,03/07/26,20:43:51
1488,2.42,1.488,2419.3548387096776,13283839731,2026-07-03 20:43:52.784183,03/07/26,20:43:52
1492,2.41,1.492,2412.868632707775,13283841223,2026-07-03 20:43:54.276183,03/07/26,20:43:54
1489,2.42,1.489,2417.73002014775,13283842712,2026-07-03 20:43:55.765183,03/07/26,20:43:55
1487,2.42,1.487,2420.9818426361803,13283844199,2026-07-03 20:43:57.252183,03/07/26,20:43:57
1491,2.41,1.491,2414.486921529175,13283845690,2026-07-03 20:43:58.743183,03/07/26,20:43:58
1489,2.42,1.489,2417.73002014775,13283847179,2026-07-03 20:44:00.232183,03/07/26,20:44:0
1492,2.41,1.492,2412.868632707775,13283848671,2026-07-03 20:44:01.724183,03/07/26,20:44:1
1490,2.42,1.49,2416.1073825503354,13283850161,2026-07-03 20:44:03.214183,03/07/26,20:44:3
1498,2.4,1.498,2403.2042723631507,13283851659,2026-07-03 20:44:04.712183,03/07/26,20:44:4
1494,2.41,1.494,2409.6385542168673,13283853153,2026-07-03 20:44:06.206183,03/07/26,20:44:6
1499,2.4,1.499,2401.601067378252,13283854652,2026-07-03 20:44:07.705183,03/07/26,20:44:7
1499,2.4,1.499,2401.601067378252,13283856151,2026-07-03 20:44:09.204183,03/07/26,20:44:9
1504,2.39,1.504,2393.6170212765956,13283857655,2026-07-03 20:44:10.708183,03/07/26,20:44:10
1510,2.38,1.51,2384.1059602649007,13283859165,2026-07-03 20:44:12.218183,03/07/26,20:44:12
1506,2.39,1.506,2390.438247011952,13283860671,2026-07-03 20:44:13.724183,03/07/26,20:44:13
1510,2.38,1.51,2384.1059602649007,13283862181,2026-07-03 20:44:15.234183,03/07/26,20:44:15
1509,2.38,1.509,2385.685884691849,13283863690,2026-07-03 20:44:16.743183,03/07/26,20:44:16
1511,2.38,1.511,2382.5281270681667,13283865201,2026-07-03 20:44:18.254183,03/07/26,20:44:18
1511,2.38,1.511,2382.5281270681667,13283866712,2026-07-03 20:44:19.765183,03/07/26,20:44:19
1512,2.38,1.512,2380.9523809523807,13283868224,2026-07-03 20:44:21.277183,03/07/26,20:44:21
1510,2.38,1.51,2384.1059602649007,13283869734,2026-07-03 20:44:22.787183,03/07/26,20:44:22
1513,2.38,1.513,2379.3787177792465,13283871247,2026-07-03 20:44:24.300183,03/07/26,20:44:24
1513,2.38,1.513,2379.3787177792465,13283872760,2026-07-03 20:44:25.813183,03/07/26,20:44:25
1513,2.38,1.513,2379.3787177792465,13283874273,2026-07-03 20:44:27.326183,03/07/26,20:44:27
1515,2.38,1.515,2376.237623762376,13283875788,2026-07-03 20:44:28.841183,03/07/26,20:44:28
1516,2.37,1.516,2374.67018469657,13283877304,2026-07-03 20:44:30.357183,03/07/26,20:44:30
1519,2.37,1.519,2369.980250164582,13283878823,2026-07-03 20:44:31.876183,03/07/26,20:44:31
1512,2.38,1.512,2380.9523809523807,13283880335,2026-07-03 20:44:33.388183,03/07/26,20:44:33
1525,2.36,1.525,2360.655737704918,13283881860,2026-07-03 20:44:34.913183,03/07/26,20:44:34
1517,2.37,1.517,2373.1048121292024,13283883377,2026-07-03 20:44:36.430183,03/07/26,20:44:36
1515,2.38,1.515,2376.237623762376,13283884892,2026-07-03 20:44:37.945183,03/07/26,20:44:37
1515,2.38,1.515,2376.237623762376,13283886407,2026-07-03 20:44:39.460183,03/07/26,20:44:39
1515,2.38,1.515,2376.237623762376,13283887922,2026-07-03 20:44:40.975183,03/07/26,20:44:40
1512,2.38,1.512,2380.9523809523807,13283889434,2026-07-03 20:44:42.487183,03/07/26,20:44:42
1513,2.38,1.513,2379.3787177792465,13283890947,2026-07-03 20:44:44.000183,03/07/26,20:44:44
1516,2.37,1.516,2374.67018469657,13283892463,2026-07-03 20:44:45.516183,03/07/26,20:44:45
1519,2.37,1.519,2369.980250164582,13283893982,2026-07-03 20:44:47.035183,03/07/26,20:44:47
1515,2.38,1.515,2376.237623762376,13283895497,2026-07-03 20:44:48.550183,03/07/26,20:44:48
1518,2.37,1.518,2371.5415019762845,13283897015,2026-07-03 20:44:50.068183,03/07/26,20:44:50
1525,2.36,1.525,2360.655737704918,13283898540,2026-07-03 20:44:51.593183,03/07/26,20:44:51
1520,2.37,1.52,2368.4210526315787,13283900060,2026-07-03 20:44:53.113183,03/07/26,20:44:53
1524,2.36,1.524,2362.2047244094488,13283901584,2026-07-03 20:44:54.637183,03/07/26,20:44:54
1516,2.37,1.516,2374.67018469657,13283903100,2026-07-03 20:44:56.153183,03/07/26,20:44:56
1517,2.37,1.517,2373.1048121292024,13283904617,2026-07-03 20:44:57.670183,03/07/26,20:44:57
1515,2.38,1.515,2376.237623762376,13283906132,2026-07-03 20:44:59.185183,03/07/26,20:44:59
1513,2.38,1.513,2379.3787177792465,13283907645,2026-07-03 20:45:00.698183,03/07/26,20:45:0
1512,2.38,1.512,2380.9523809523807,13283909157,2026-07-03 20:45:02.210183,03/07/26,20:45:2
1504,2.39,1.504,2393.6170212765956,13283910661,2026-07-03 20:45:03.714183,03/07/26,20:45:3
1508,2.39,1.508,2387.2679045092837,13283912169,2026-07-03 20:45:05.222183,03/07/26,20:45:5
1505,2.39,1.505,2392.0265780730897,13283913674,2026-07-03 20:45:06.727183,03/07/26,20:45:6
1504,2.39,1.504,2393.6170212765956,13283915178,2026-07-03 20:45:08.231183,03/07/26,20:45:8
1503,2.39,1.503,2395.2095808383233,13283916681,2026-07-03 20:45:09.734183,03/07/26,20:45:9
1504,2.39,1.504,2393.6170212765956,13283918185,2026-07-03 20:45:11.238183,03/07/26,20:45:11
1498,2.4,1.498,2403.2042723631507,13283919683,2026-07-03 20:45:12.736183,03/07/26,20:45:12
1501,2.4,1.501,2398.4010659560295,13283921184,2026-07-03 20:45:14.237183,03/07/26,20:45:14
1499,2.4,1.499,2401.601067378252,13283922683,2026-07-03 20:45:15.736183,03/07/26,20:45:15
1504,2.39,1.504,2393.6170212765956,13283924187,2026-07-03 20:45:17.240183,03/07/26,20:45:17
1505,2.39,1.505,2392.0265780730897,13283925692,2026-07-03 20:45:18.745183,03/07/26,20:45:18
1508,2.39,1.508,2387.2679045092837,13283927200,2026-07-03 20:45:20.253183,03/07/26,20:45:20
1510,2.38,1.51,2384.1059602649007,13283928710,2026-07-03 20:45:21.763183,03/07/26,20:45:21
1507,2.39,1.507,2388.8520238885203,13283930217,2026-07-03 20:45:23.270183,03/07/26,20:45:23
1514,2.38,1.514,2377.8071334214,13283931731,2026-07-03 20:45:24.784183,03/07/26,20:45:24
1507,2.39,1.507,2388.8520238885203,13283933238,2026-07-03 20:45:26.291183,03/07/26,20:45:26
1509,2.38,1.509,2385.685884691849,13283934747,2026-07-03 20:45:27.800183,03/07/26,20:45:27
1510,2.38,1.51,2384.1059602649007,13283936257,2026-07-03 20:45:29.310183,03/07/26,20:45:29
1511,2.38,1.511,2382.5281270681667,13283937768,2026-07-03 20:45:30.821183,03/07/26,20:45:30
1513,2.38,1.513,2379.3787177792465,13283939281,2026-07-03 20:45:32.334183,03/07/26,20:45:32
1514,2.38,1.514,2377.8071334214,13283940795,2026-07-03 20:45:33.848183,03/07/26,20:45:33
1517,2.37,1.517,2373.1048121292024,13283942312,2026-07-03 20:45:35.365183,03/07/26,20:45:35
1512,2.38,1.512,2380.9523809523807,13283943824,2026-07-03 20:45:36.877183,03/07/26,20:45:36
1509,2.38,1.509,2385.685884691849,13283945333,2026-07-03 20:45:38.386183,03/07/26,20:45:38
1514,2.38,1.514,2377.8071334214,13283946847,2026-07-03 20:45:39.900183,03/07/26,20:45:39
1515,2.38,1.515,2376.237623762376,13283948362,2026-07-03 20:45:41.415183,03/07/26,20:45:41
1508,2.39,1.508,2387.2679045092837,13283949870,2026-07-03 20:45:42.923183,03/07/26,20:45:42
1512,2.38,1.512,2380.9523809523807,13283951382,2026-07-03 20:45:44.435183,03/07/26,20:45:44
1505,2.39,1.505,2392.0265780730897,13283952887,2026-07-03 20:45:45.940183,03/07/26,20:45:45
1503,2.39,1.503,2395.2095808383233,13283954390,2026-07-03 20:45:47.443183,03/07/26,20:45:47
1505,2.39,1.505,2392.0265780730897,13283955895,2026-07-03 20:45:48.948183,03/07/26,20:45:48
1502,2.4,1.502,2396.804260985353,13283957397,2026-07-03 20:45:50.450183,03/07/26,20:45:50
1504,2.39,1.504,2393.6170212765956,13283958901,2026-07-03 20:45:51.954183,03/07/26,20:45:51
1499,2.4,1.499,2401.601067378252,13283960400,2026-07-03 20:45:53.453183,03/07/26,20:45:53
1505,2.39,1.505,2392.0265780730897,13283961905,2026-07-03 20:45:54.958183,03/07/26,20:45:54
1502,2.4,1.502,2396.804260985353,13283963407,2026-07-03 20:45:56.460183,03/07/26,20:45:56
1503,2.39,1.503,2395.2095808383233,13283964910,2026-07-03 20:45:57.963183,03/07/26,20:45:57
1503,2.39,1.503,2395.2095808383233,13283966413,2026-07-03 20:45:59.466183,03/07/26,20:45:59
1500,2.4,1.5,2400.0,13283967913,2026-07-03 20:46:00.966183,03/07/26,20:46:0
1501,2.4,1.501,2398.4010659560295,13283969414,2026-07-03 20:46:02.467183,03/07/26,20:46:2
1506,2.39,1.506,2390.438247011952,13283970920,2026-07-03 20:46:03.973183,03/07/26,20:46:3
1510,2.38,1.51,2384.1059602649007,13283972430,2026-07-03 20:46:05.483183,03/07/26,20:46:5
1508,2.39,1.508,2387.2679045092837,13283973938,2026-07-03 20:46:06.991183,03/07/26,20:46:6
1501,2.4,1.501,2398.4010659560295,13283975439,2026-07-03 20:46:08.492183,03/07/26,20:46:8
1503,2.39,1.503,2395.2095808383233,13283976942,2026-07-03 20:46:09.995183,03/07/26,20:46:9
1508,2.39,1.508,2387.2679045092837,13283978450,2026-07-03 20:46:11.503183,03/07/26,20:46:11
1502,2.4,1.502,2396.804260985353,13283979952,2026-07-03 20:46:13.005183,03/07/26,20:46:13
1503,2.39,1.503,2395.2095808383233,13283981455,2026-07-03 20:46:14.508183,03/07/26,20:46:14
1498,2.4,1.498,2403.2042723631507,13283982953,2026-07-03 20:46:16.006183,03/07/26,20:46:16
1503,2.39,1.503,2395.2095808383233,13283984456,2026-07-03 20:46:17.509183,03/07/26,20:46:17
1506,2.39,1.506,2390.438247011952,13283985962,2026-07-03 20:46:19.015183,03/07/26,20:46:19
1501,2.4,1.501,2398.4010659560295,13283987463,2026-07-03 20:46:20.516183,03/07/26,20:46:20
1509,2.38,1.509,2385.685884691849,13283988972,2026-07-03 20:46:22.025183,03/07/26,20:46:22
1499,2.4,1.499,2401.601067378252,13283990471,2026-07-03 20:46:23.524183,03/07/26,20:46:23
1506,2.39,1.506,2390.438247011952,13283991977,2026-07-03 20:46:25.030183,03/07/26,20:46:25
1498,2.4,1.498,2403.2042723631507,13283993475,2026-07-03 20:46:26.528183,03/07/26,20:46:26
1501,2.4,1.501,2398.4010659560295,13283994976,2026-07-03 20:46:28.029183,03/07/26,20:46:28
1502,2.4,1.502,2396.804260985353,13283996478,2026-07-03 20:46:29.531183,03/07/26,20:46:29
1496,2.41,1.496,2406.4171122994653,13283997974,2026-07-03 20:46:31.027183,03/07/26,20:46:31
1499,2.4,1.499,2401.601067378252,13283999473,2026-07-03 20:46:32.526183,03/07/26,20:46:32
1495,2.41,1.495,2408.0267558528426,13284000968,2026-07-03 20:46:34.021183,03/07/26,20:46:34
1500,2.4,1.5,2400.0,13284002468,2026-07-03 20:46:35.521183,03/07/26,20:46:35
1500,2.4,1.5,2400.0,13284003968,2026-07-03 20:46:37.021183,03/07/26,20:46:37
1496,2.41,1.496,2406.4171122994653,13284005464,2026-07-03 20:46:38.517183,03/07/26,20:46:38
1499,2.4,1.499,2401.601067378252,13284006963,2026-07-03 20:46:40.016183,03/07/26,20:46:40
1500,2.4,1.5,2400.0,13284008463,2026-07-03 20:46:41.516183,03/07/26,20:46:41
1495,2.41,1.495,2408.0267558528426,13284009958,2026-07-03 20:46:43.011183,03/07/26,20:46:43
1501,2.4,1.501,2398.4010659560295,13284011459,2026-07-03 20:46:44.512183,03/07/26,20:46:44
1499,2.4,1.499,2401.601067378252,13284012958,2026-07-03 20:46:46.011183,03/07/26,20:46:46
1505,2.39,1.505,2392.0265780730897,13284014463,2026-07-03 20:46:47.516183,03/07/26,20:46:47
1503,2.39,1.503,2395.2095808383233,13284015966,2026-07-03 20:46:49.019183,03/07/26,20:46:49
1499,2.4,1.499,2401.601067378252,13284017465,2026-07-03 20:46:50.518183,03/07/26,20:46:50
1502,2.4,1.502,2396.804260985353,13284018967,2026-07-03 20:46:52.020183,03/07/26,20:46:52
1496,2.41,1.496,2406.4171122994653,13284020463,2026-07-03 20:46:53.516183,03/07/26,20:46:53
1506,2.39,1.506,2390.438247011952,13284021969,2026-07-03 20:46:55.022183,03/07/26,20:46:55
1504,2.39,1.504,2393.6170212765956,13284023473,2026-07-03 20:46:56.526183,03/07/26,20:46:56
1507,2.39,1.507,2388.8520238885203,13284024980,2026-07-03 20:46:58.033183,03/07/26,20:46:58
1508,2.39,1.508,2387.2679045092837,13284026488,2026-07-03 20:46:59.541183,03/07/26,20:46:59
1507,2.39,1.507,2388.8520238885203,13284027995,2026-07-03 20:47:01.048183,03/07/26,20:47:1
1505,2.39,1.505,2392.0265780730897,13284029500,2026-07-03 20:47:02.553183,03/07/26,20:47:2
1503,2.39,1.503,2395.2095808383233,13284031003,2026-07-03 20:47:04.056183,03/07/26,20:47:4
1507,2.39,1.507,2388.8520238885203,13284032510,2026-07-03 20:47:05.563183,03/07/26,20:47:5
1507,2.39,1.507,2388.8520238885203,13284034017,2026-07-03 20:47:07.070183,03/07/26,20:47:7
1503,2.39,1.503,2395.2095808383233,13284035520,2026-07-03 20:47:08.573183,03/07/26,20:47:8
1502,2.4,1.502,2396.804260985353,13284037022,2026-07-03 20:47:10.075183,03/07/26,20:47:10
1510,2.38,1.51,2384.1059602649007,13284038532,2026-07-03 20:47:11.585183,03/07/26,20:47:11
1500,2.4,1.5,2400.0,13284040032,2026-07-03 20:47:13.085183,03/07/26,20:47:13
1511,2.38,1.511,2382.5281270681667,13284041543,2026-07-03 20:47:14.596183,03/07/26,20:47:14
1505,2.39,1.505,2392.0265780730897,13284043048,2026-07-03 20:47:16.101183,03/07/26,20:47:16
1510,2.38,1.51,2384.1059602649007,13284044558,2026-07-03 20:47:17.611183,03/07/26,20:47:17
1507,2.39,1.507,2388.8520238885203,13284046065,2026-07-03 20:47:19.118183,03/07/26,20:47:19
1501,2.4,1.501,2398.4010659560295,13284047566,2026-07-03 20:47:20.619183,03/07/26,20:47:20
1510,2.38,1.51,2384.1059602649007,13284049076,2026-07-03 20:47:22.129183,03/07/26,20:47:22
1503,2.39,1.503,2395.2095808383233,13284050579,2026-07-03 20:47:23.632183,03/07/26,20:47:23
1515,2.38,1.515,2376.237623762376,13284052094,2026-07-03 20:47:25.147183,03/07/26,20:47:25
1505,2.39,1.505,2392.0265780730897,13284053599,2026-07-03 20:47:26.652183,03/07/26,20:47:26
1506,2.39,1.506,2390.438247011952,13284055105,2026-07-03 20:47:28.158183,03/07/26,20:47:28
1511,2.38,1.511,2382.5281270681667,13284056616,2026-07-03 20:47:29.669183,03/07/26,20:47:29
1511,2.38,1.511,2382.5281270681667,13284058127,2026-07-03 20:47:31.180183,03/07/26,20:47:31
1512,2.38,1.512,2380.9523809523807,13284059639,2026-07-03 20:47:32.692183,03/07/26,20:47:32
1510,2.38,1.51,2384.1059602649007,13284061149,2026-07-03 20:47:34.202183,03/07/26,20:47:34
1509,2.38,1.509,2385.685884691849,13284062658,2026-07-03 20:47:35.711183,03/07/26,20:47:35
1508,2.39,1.508,2387.2679045092837,13284064166,2026-07-03 20:47:37.219183,03/07/26,20:47:37
1504,2.39,1.504,2393.6170212765956,13284065670,2026-07-03 20:47:38.723183,03/07/26,20:47:38
1507,2.39,1.507,2388.8520238885203,13284067177,2026-07-03 20:47:40.230183,03/07/26,20:47:40
1513,2.38,1.513,2379.3787177792465,13284068690,2026-07-03 20:47:41.743183,03/07/26,20:47:41
1501,2.4,1.501,2398.4010659560295,13284070191,2026-07-03 20:47:43.244183,03/07/26,20:47:43
1505,2.39,1.505,2392.0265780730897,13284071696,2026-07-03 20:47:44.749183,03/07/26,20:47:44
1494,2.41,1.494,2409.6385542168673,13284073190,2026-07-03 20:47:46.243183,03/07/26,20:47:46
1499,2.4,1.499,2401.601067378252,13284074689,2026-07-03 20:47:47.742183,03/07/26,20:47:47
1501,2.4,1.501,2398.4010659560295,13284076190,2026-07-03 20:47:49.243183,03/07/26,20:47:49
1500,2.4,1.5,2400.0,13284077690,2026-07-03 20:47:50.743183,03/07/26,20:47:50
1502,2.4,1.502,2396.804260985353,13284079192,2026-07-03 20:47:52.245183,03/07/26,20:47:52
1495,2.41,1.495,2408.0267558528426,13284080687,2026-07-03 20:47:53.740183,03/07/26,20:47:53
1504,2.39,1.504,2393.6170212765956,13284082191,2026-07-03 20:47:55.244183,03/07/26,20:47:55
1500,2.4,1.5,2400.0,13284083691,2026-07-03 20:47:56.744183,03/07/26,20:47:56
1533,2.35,1.533,2348.3365949119375,13284085224,2026-07-03 20:47:58.277183,03/07/26,20:47:58
2160,1.67,2.16,1666.6666666666667,13284087384,2026-07-03 20:48:00.437183,03/07/26,20:48:0
3475,1.03,3.475,1035.9712230215828,13284090859,2026-07-03 20:48:03.912183,03/07/26,20:48:3
1519,2.37,1.519,2369.980250164582,13284092378,2026-07-03 20:48:05.431183,03/07/26,20:48:5
1663,2.16,1.663,2164.7624774503906,13284094041,2026-07-03 20:48:07.094183,03/07/26,20:48:7
3724,0.97,3.724,966.702470461869,13284097765,2026-07-03 20:48:10.818183,03/07/26,20:48:10
1816,1.98,1.816,1982.3788546255507,13284099581,2026-07-03 20:48:12.634183,03/07/26,20:48:12
1456,2.47,1.456,2472.5274725274726,13284101037,2026-07-03 20:48:14.090183,03/07/26,20:48:14
1908,1.89,1.908,1886.7924528301887,13284102945,2026-07-03 20:48:15.998183,03/07/26,20:48:15
3764,0.96,3.764,956.4293304994686,13284106709,2026-07-03 20:48:19.762183,03/07/26,20:48:19
1568,2.3,1.568,2295.918367346939,13284108277,2026-07-03 20:48:21.330183,03/07/26,20:48:21
1643,2.19,1.643,2191.1138161898966,13284109920,2026-07-03 20:48:22.973183,03/07/26,20:48:22
3720,0.97,3.72,967.741935483871,13284113640,2026-07-03 20:48:26.693183,03/07/26,20:48:26
3750,0.96,3.75,960.0,13284117390,2026-07-03 20:48:30.443183,03/07/26,20:48:30
3745,0.96,3.745,961.2817089452603,13284121135,2026-07-03 20:48:34.188183,03/07/26,20:48:34
2021,1.78,2.021,1781.2963879267688,13284123156,2026-07-03 20:48:36.209183,03/07/26,20:48:36
1475,2.44,1.475,2440.677966101695,13284124631,2026-07-03 20:48:37.684183,03/07/26,20:48:37
1778,2.02,1.778,2024.7469066366705,13284126409,2026-07-03 20:48:39.462183,03/07/26,20:48:39
3768,0.95,3.768,955.4140127388536,13284130177,2026-07-03 20:48:43.230183,03/07/26,20:48:43
1712,2.1,1.712,2102.803738317757,13284131889,2026-07-03 20:48:44.942183,03/07/26,20:48:44
1541,2.34,1.541,2336.145360155743,13284133430,2026-07-03 20:48:46.483183,03/07/26,20:48:46
3653,0.99,3.653,985.4913769504517,13284137083,2026-07-03 20:48:50.136183,03/07/26,20:48:50
2047,1.76,2.047,1758.6712261846606,13284139130,2026-07-03 20:48:52.183183,03/07/26,20:48:52
1473,2.44,1.473,2443.9918533604887,13284140603,2026-07-03 20:48:53.656183,03/07/26,20:48:53
1765,2.04,1.765,2039.6600566572238,13284142368,2026-07-03 20:48:55.421183,03/07/26,20:48:55
3518,1.02,3.518,1023.308698123934,13284145886,2026-07-03 20:48:58.939183,03/07/26,20:48:58
1510,2.38,1.51,2384.1059602649007,13284147396,2026-07-03 20:49:00.449183,03/07/26,20:49:0
1494,2.41,1.494,2409.6385542168673,13284148890,2026-07-03 20:49:01.943183,03/07/26,20:49:1
1489,2.42,1.489,2417.73002014775,13284150379,2026-07-03 20:49:03.432183,03/07/26,20:49:3
1505,2.39,1.505,2392.0265780730897,13284151884,2026-07-03 20:49:04.937183,03/07/26,20:49:4
1498,2.4,1.498,2403.2042723631507,13284153382,2026-07-03 20:49:06.435183,03/07/26,20:49:6
1498,2.4,1.498,2403.2042723631507,13284154880,2026-07-03 20:49:07.933183,03/07/26,20:49:7
1504,2.39,1.504,2393.6170212765956,13284156384,2026-07-03 20:49:09.437183,03/07/26,20:49:9
1504,2.39,1.504,2393.6170212765956,13284157888,2026-07-03 20:49:10.941183,03/07/26,20:49:10
1507,2.39,1.507,2388.8520238885203,13284159395,2026-07-03 20:49:12.448183,03/07/26,20:49:12
1504,2.39,1.504,2393.6170212765956,13284160899,2026-07-03 20:49:13.952183,03/07/26,20:49:13
1507,2.39,1.507,2388.8520238885203,13284162406,2026-07-03 20:49:15.459183,03/07/26,20:49:15
1504,2.39,1.504,2393.6170212765956,13284163910,2026-07-03 20:49:16.963183,03/07/26,20:49:16
1504,2.39,1.504,2393.6170212765956,13284165414,2026-07-03 20:49:18.467183,03/07/26,20:49:18
1508,2.39,1.508,2387.2679045092837,13284166922,2026-07-03 20:49:19.975183,03/07/26,20:49:19
1506,2.39,1.506,2390.438247011952,13284168428,2026-07-03 20:49:21.481183,03/07/26,20:49:21
1502,2.4,1.502,2396.804260985353,13284169930,2026-07-03 20:49:22.983183,03/07/26,20:49:22
1505,2.39,1.505,2392.0265780730897,13284171435,2026-07-03 20:49:24.488183,03/07/26,20:49:24
1508,2.39,1.508,2387.2679045092837,13284172943,2026-07-03 20:49:25.996183,03/07/26,20:49:25
1509,2.38,1.509,2385.685884691849,13284174452,2026-07-03 20:49:27.505183,03/07/26,20:49:27
1505,2.39,1.505,2392.0265780730897,13284175957,2026-07-03 20:49:29.010183,03/07/26,20:49:29
1505,2.39,1.505,2392.0265780730897,13284177462,2026-07-03 20:49:30.515183,03/07/26,20:49:30
1510,2.38,1.51,2384.1059602649007,13284178972,2026-07-03 20:49:32.025183,03/07/26,20:49:32
1500,2.4,1.5,2400.0,13284180472,2026-07-03 20:49:33.525183,03/07/26,20:49:33
1502,2.4,1.502,2396.804260985353,13284181974,2026-07-03 20:49:35.027183,03/07/26,20:49:35
1490,2.42,1.49,2416.1073825503354,13284183464,2026-07-03 20:49:36.517183,03/07/26,20:49:36
1493,2.41,1.493,2411.2525117213663,13284184957,2026-07-03 20:49:38.010183,03/07/26,20:49:38
1502,2.4,1.502,2396.804260985353,13284186459,2026-07-03 20:49:39.512183,03/07/26,20:49:39
1502,2.4,1.502,2396.804260985353,13284187961,2026-07-03 20:49:41.014183,03/07/26,20:49:41
1314,2.74,1.314,2739.72602739726,13284189275,2026-07-03 20:49:42.328183,03/07/26,20:49:42
1380,2.61,1.38,2608.695652173913,13284190655,2026-07-03 20:49:43.708183,03/07/26,20:49:43
1456,2.47,1.456,2472.5274725274726,13284192111,2026-07-03 20:49:45.164183,03/07/26,20:49:45
1454,2.47,1.454,2475.9284731774414,13284193565,2026-07-03 20:49:46.618183,03/07/26,20:49:46
1454,2.47,1.454,2475.9284731774414,13284195019,2026-07-03 20:49:48.072183,03/07/26,20:49:48
1455,2.47,1.455,2474.226804123711,13284196474,2026-07-03 20:49:49.527183,03/07/26,20:49:49
1454,2.47,1.454,2475.9284731774414,13284197928,2026-07-03 20:49:50.981183,03/07/26,20:49:50
1452,2.48,1.452,2479.3388429752067,13284199380,2026-07-03 20:49:52.433183,03/07/26,20:49:52
1445,2.49,1.445,2491.349480968858,13284200825,2026-07-03 20:49:53.878183,03/07/26,20:49:53
1449,2.48,1.449,2484.472049689441,13284202274,2026-07-03 20:49:55.327183,03/07/26,20:49:55
1453,2.48,1.453,2477.632484514797,13284203727,2026-07-03 20:49:56.780183,03/07/26,20:49:56
1449,2.48,1.449,2484.472049689441,13284205176,2026-07-03 20:49:58.229183,03/07/26,20:49:58
1450,2.48,1.45,2482.7586206896553,13284206626,2026-07-03 20:49:59.679183,03/07/26,20:49:59
1451,2.48,1.451,2481.0475534114403,13284208077,2026-07-03 20:50:01.130183,03/07/26,20:50:1
1447,2.49,1.447,2487.90601243953,13284209524,2026-07-03 20:50:02.577183,03/07/26,20:50:2
1445,2.49,1.445,2491.349480968858,13284210969,2026-07-03 20:50:04.022183,03/07/26,20:50:4
1447,2.49,1.447,2487.90601243953,13284212416,2026-07-03 20:50:05.469183,03/07/26,20:50:5
1447,2.49,1.447,2487.90601243953,13284213863,2026-07-03 20:50:06.916183,03/07/26,20:50:6
1449,2.48,1.449,2484.472049689441,13284215312,2026-07-03 20:50:08.365183,03/07/26,20:50:8
1446,2.49,1.446,2489.6265560165975,13284216758,2026-07-03 20:50:09.811183,03/07/26,20:50:9
1453,2.48,1.453,2477.632484514797,13284218211,2026-07-03 20:50:11.264183,03/07/26,20:50:11
1448,2.49,1.448,2486.1878453038676,13284219659,2026-07-03 20:50:12.712183,03/07/26,20:50:12
1450,2.48,1.45,2482.7586206896553,13284221109,2026-07-03 20:50:14.162183,03/07/26,20:50:14
1451,2.48,1.451,2481.0475534114403,13284222560,2026-07-03 20:50:15.613183,03/07/26,20:50:15
1449,2.48,1.449,2484.472049689441,13284224009,2026-07-03 20:50:17.062183,03/07/26,20:50:17
1447,2.49,1.447,2487.90601243953,13284225456,2026-07-03 20:50:18.509183,03/07/26,20:50:18
1450,2.48,1.45,2482.7586206896553,13284226906,2026-07-03 20:50:19.959183,03/07/26,20:50:19
1452,2.48,1.452,2479.3388429752067,13284228358,2026-07-03 20:50:21.411183,03/07/26,20:50:21
1450,2.48,1.45,2482.7586206896553,13284229808,2026-07-03 20:50:22.861183,03/07/26,20:50:22
1454,2.47,1.454,2475.9284731774414,13284231262,2026-07-03 20:50:24.315183,03/07/26,20:50:24
1458,2.47,1.458,2469.135802469136,13284232720,2026-07-03 20:50:25.773183,03/07/26,20:50:25
1458,2.47,1.458,2469.135802469136,13284234178,2026-07-03 20:50:27.231183,03/07/26,20:50:27
1456,2.47,1.456,2472.5274725274726,13284235634,2026-07-03 20:50:28.687183,03/07/26,20:50:28
1457,2.47,1.457,2470.8304735758406,13284237091,2026-07-03 20:50:30.144183,03/07/26,20:50:30
1458,2.47,1.458,2469.135802469136,13284238549,2026-07-03 20:50:31.602183,03/07/26,20:50:31
1450,2.48,1.45,2482.7586206896553,13284239999,2026-07-03 20:50:33.052183,03/07/26,20:50:33
1453,2.48,1.453,2477.632484514797,13284241452,2026-07-03 20:50:34.505183,03/07/26,20:50:34
1457,2.47,1.457,2470.8304735758406,13284242909,2026-07-03 20:50:35.962183,03/07/26,20:50:35
1457,2.47,1.457,2470.8304735758406,13284244366,2026-07-03 20:50:37.419183,03/07/26,20:50:37
1458,2.47,1.458,2469.135802469136,13284245824,2026-07-03 20:50:38.877183,03/07/26,20:50:38
1457,2.47,1.457,2470.8304735758406,13284247281,2026-07-03 20:50:40.334183,03/07/26,20:50:40
1461,2.46,1.461,2464.065708418891,13284248742,2026-07-03 20:50:41.795183,03/07/26,20:50:41
1449,2.48,1.449,2484.472049689441,13284250191,2026-07-03 20:50:43.244183,03/07/26,20:50:43
1453,2.48,1.453,2477.632484514797,13284251644,2026-07-03 20:50:44.697183,03/07/26,20:50:44
1450,2.48,1.45,2482.7586206896553,13284253094,2026-07-03 20:50:46.147183,03/07/26,20:50:46
1450,2.48,1.45,2482.7586206896553,13284254544,2026-07-03 20:50:47.597183,03/07/26,20:50:47
1450,2.48,1.45,2482.7586206896553,13284255994,2026-07-03 20:50:49.047183,03/07/26,20:50:49
1453,2.48,1.453,2477.632484514797,13284257447,2026-07-03 20:50:50.500183,03/07/26,20:50:50
1455,2.47,1.455,2474.226804123711,13284258902,2026-07-03 20:50:51.955183,03/07/26,20:50:51
11457,0.31,11.457,314.21838177533385,13284270359,2026-07-03 20:51:03.412183,03/07/26,20:51:3
14098,0.25,14.098,255.35536955596538,13284284457,2026-07-03 20:51:17.510183,03/07/26,20:51:17
14147,0.25,14.147,254.47091256096698,13284298604,2026-07-03 20:51:31.657183,03/07/26,20:51:31
14045,0.26,14.045,256.3189747241011,13284312649,2026-07-03 20:51:45.702183,03/07/26,20:51:45
14058,0.26,14.058,256.0819462227913,13284326707,2026-07-03 20:51:59.760183,03/07/26,20:51:59
14266,0.25,14.266,252.34824057198935,13284340973,2026-07-03 20:52:14.026183,03/07/26,20:52:14
14181,0.25,14.181,253.86079966151894,13284355154,2026-07-03 20:52:28.207183,03/07/26,20:52:28
7108,0.51,7.108,506.47158131682613,13284362262,2026-07-03 20:52:35.315183,03/07/26,20:52:35
1612,2.23,1.612,2233.2506203473945,13284363874,2026-07-03 20:52:36.927183,03/07/26,20:52:36
1440,2.5,1.44,2500.0,13284365314,2026-07-03 20:52:38.367183,03/07/26,20:52:38
1914,1.88,1.914,1880.8777429467084,13284367228,2026-07-03 20:52:40.281183,03/07/26,20:52:40
3495,1.03,3.495,1030.0429184549357,13284370723,2026-07-03 20:52:43.776183,03/07/26,20:52:43
3599,1.0,3.599,1000.277854959711,13284374322,2026-07-03 20:52:47.375183,03/07/26,20:52:47
3580,1.0,3.58,1005.586592178771,13284377902,2026-07-03 20:52:50.955183,03/07/26,20:52:50
1728,2.08,1.728,2083.3333333333335,13284379630,2026-07-03 20:52:52.683183,03/07/26,20:52:52
1411,2.55,1.411,2551.3819985825658,13284381041,2026-07-03 20:52:54.094183,03/07/26,20:52:54
1802,2.0,1.802,1997.780244173141,13284382843,2026-07-03 20:52:55.896183,03/07/26,20:52:55
3608,1.0,3.608,997.7827050997782,13284386451,2026-07-03 20:52:59.504183,03/07/26,20:52:59
1588,2.27,1.588,2267.0025188916875,13284388039,2026-07-03 20:53:01.092183,03/07/26,20:53:1
1495,2.41,1.495,2408.0267558528426,13284389534,2026-07-03 20:53:02.587183,03/07/26,20:53:2
2894,1.24,2.894,1243.953006219765,13284392428,2026-07-03 20:53:05.481183,03/07/26,20:53:5
2560,1.41,2.56,1406.25,13284394988,2026-07-03 20:53:08.041183,03/07/26,20:53:8
1463,2.46,1.463,2460.6971975393026,13284396451,2026-07-03 20:53:09.504183,03/07/26,20:53:9
1620,2.22,1.62,2222.222222222222,13284398071,2026-07-03 20:53:11.124183,03/07/26,20:53:11
3580,1.0,3.58,1005.586592178771,13284401651,2026-07-03 20:53:14.704183,03/07/26,20:53:14
1819,1.98,1.819,1979.1094007696536,13284403470,2026-07-03 20:53:16.523183,03/07/26,20:53:16
1423,2.53,1.423,2529.8664792691497,13284404893,2026-07-03 20:53:17.946183,03/07/26,20:53:17
1771,2.03,1.771,2032.7498588368153,13284406664,2026-07-03 20:53:19.717183,03/07/26,20:53:19
3624,0.99,3.624,993.3774834437086,13284410288,2026-07-03 20:53:23.341183,03/07/26,20:53:23
3613,1.0,3.613,996.401882092444,13284413901,2026-07-03 20:53:26.954183,03/07/26,20:53:26
3587,1.0,3.587,1003.6241984945638,13284417488,2026-07-03 20:53:30.541183,03/07/26,20:53:30
1889,1.9,1.889,1905.7702488088935,13284419377,2026-07-03 20:53:32.430183,03/07/26,20:53:32
1459,2.47,1.459,2467.443454420836,13284420836,2026-07-03 20:53:33.889183,03/07/26,20:53:33
1445,2.49,1.445,2491.349480968858,13284422281,2026-07-03 20:53:35.334183,03/07/26,20:53:35
1438,2.5,1.438,2503.4770514603615,13284423719,2026-07-03 20:53:36.772183,03/07/26,20:53:36
1441,2.5,1.441,2498.265093684941,13284425160,2026-07-03 20:53:38.213183,03/07/26,20:53:38
1447,2.49,1.447,2487.90601243953,13284426607,2026-07-03 20:53:39.660183,03/07/26,20:53:39
1451,2.48,1.451,2481.0475534114403,13284428058,2026-07-03 20:53:41.111183,03/07/26,20:53:41
1449,2.48,1.449,2484.472049689441,13284429507,2026-07-03 20:53:42.560183,03/07/26,20:53:42
1457,2.47,1.457,2470.8304735758406,13284430964,2026-07-03 20:53:44.017183,03/07/26,20:53:44
1459,2.47,1.459,2467.443454420836,13284432423,2026-07-03 20:53:45.476183,03/07/26,20:53:45
1456,2.47,1.456,2472.5274725274726,13284433879,2026-07-03 20:53:46.932183,03/07/26,20:53:46
1458,2.47,1.458,2469.135802469136,13284435337,2026-07-03 20:53:48.390183,03/07/26,20:53:48
1457,2.47,1.457,2470.8304735758406,13284436794,2026-07-03 20:53:49.847183,03/07/26,20:53:49
1461,2.46,1.461,2464.065708418891,13284438255,2026-07-03 20:53:51.308183,03/07/26,20:53:51
1457,2.47,1.457,2470.8304735758406,13284439712,2026-07-03 20:53:52.765183,03/07/26,20:53:52
1458,2.47,1.458,2469.135802469136,13284441170,2026-07-03 20:53:54.223183,03/07/26,20:53:54
1458,2.47,1.458,2469.135802469136,13284442628,2026-07-03 20:53:55.681183,03/07/26,20:53:55
1460,2.46,1.46,2465.753424657534,13284444088,2026-07-03 20:53:57.141183,03/07/26,20:53:57
1458,2.47,1.458,2469.135802469136,13284445546,2026-07-03 20:53:58.599183,03/07/26,20:53:58
1462,2.46,1.462,2462.380300957592,13284447008,2026-07-03 20:54:00.061183,03/07/26,20:54:0
1467,2.45,1.467,2453.98773006135,13284448475,2026-07-03 20:54:01.528183,03/07/26,20:54:1
1466,2.45,1.466,2455.661664392906,13284449941,2026-07-03 20:54:02.994183,03/07/26,20:54:2
1474,2.44,1.474,2442.3337856173675,13284451415,2026-07-03 20:54:04.468183,03/07/26,20:54:4
1467,2.45,1.467,2453.98773006135,13284452882,2026-07-03 20:54:05.935183,03/07/26,20:54:5
1459,2.47,1.459,2467.443454420836,13284454341,2026-07-03 20:54:07.394183,03/07/26,20:54:7
1457,2.47,1.457,2470.8304735758406,13284455798,2026-07-03 20:54:08.851183,03/07/26,20:54:8
1458,2.47,1.458,2469.135802469136,13284457256,2026-07-03 20:54:10.309183,03/07/26,20:54:10
1466,2.45,1.466,2455.661664392906,13284458722,2026-07-03 20:54:11.775183,03/07/26,20:54:11
9683,0.37,9.683,371.785603635237,13284468405,2026-07-03 20:54:21.458183,03/07/26,20:54:21
14553,0.25,14.553,247.37167594310452,13284482958,2026-07-03 20:54:36.011183,03/07/26,20:54:36
14538,0.25,14.538,247.62690879075527,13284497496,2026-07-03 20:54:50.549183,03/07/26,20:54:50
14558,0.25,14.558,247.286715208133,13284512054,2026-07-03 20:55:05.107183,03/07/26,20:55:5
14575,0.25,14.575,246.9982847341338,13284526629,2026-07-03 20:55:19.682183,03/07/26,20:55:19
14600,0.25,14.6,246.57534246575344,13284541229,2026-07-03 20:55:34.282183,03/07/26,20:55:34
10437,0.34,10.437,344.92670307559644,13284551666,2026-07-03 20:55:44.719183,03/07/26,20:55:44
1487,2.42,1.487,2420.9818426361803,13284553153,2026-07-03 20:55:46.206183,03/07/26,20:55:46
1449,2.48,1.449,2484.472049689441,13284554602,2026-07-03 20:55:47.655183,03/07/26,20:55:47
1447,2.49,1.447,2487.90601243953,13284556049,2026-07-03 20:55:49.102183,03/07/26,20:55:49
1447,2.49,1.447,2487.90601243953,13284557496,2026-07-03 20:55:50.549183,03/07/26,20:55:50
1451,2.48,1.451,2481.0475534114403,13284558947,2026-07-03 20:55:52.000183,03/07/26,20:55:52
1449,2.48,1.449,2484.472049689441,13284560396,2026-07-03 20:55:53.449183,03/07/26,20:55:53
1459,2.47,1.459,2467.443454420836,13284561855,2026-07-03 20:55:54.908183,03/07/26,20:55:54
1452,2.48,1.452,2479.3388429752067,13284563307,2026-07-03 20:55:56.360183,03/07/26,20:55:56
1462,2.46,1.462,2462.380300957592,13284564769,2026-07-03 20:55:57.822183,03/07/26,20:55:57
1459,2.47,1.459,2467.443454420836,13284566228,2026-07-03 20:55:59.281183,03/07/26,20:55:59
1456,2.47,1.456,2472.5274725274726,13284567684,2026-07-03 20:56:00.737183,03/07/26,20:56:0
1461,2.46,1.461,2464.065708418891,13284569145,2026-07-03 20:56:02.198183,03/07/26,20:56:2
1457,2.47,1.457,2470.8304735758406,13284570602,2026-07-03 20:56:03.655183,03/07/26,20:56:3
1468,2.45,1.468,2452.316076294278,13284572070,2026-07-03 20:56:05.123183,03/07/26,20:56:5
1460,2.46,1.46,2465.753424657534,13284573530,2026-07-03 20:56:06.583183,03/07/26,20:56:6
1465,2.46,1.465,2457.3378839590446,13284574995,2026-07-03 20:56:08.048183,03/07/26,20:56:8
1468,2.45,1.468,2452.316076294278,13284576463,2026-07-03 20:56:09.516183,03/07/26,20:56:9
1472,2.44,1.472,2445.6521739130435,13284577935,2026-07-03 20:56:10.988183,03/07/26,20:56:10
1473,2.44,1.473,2443.9918533604887,13284579408,2026-07-03 20:56:12.461183,03/07/26,20:56:12
1468,2.45,1.468,2452.316076294278,13284580876,2026-07-03 20:56:13.929183,03/07/26,20:56:13
1477,2.44,1.477,2437.3730534867977,13284582353,2026-07-03 20:56:15.406183,03/07/26,20:56:15
1475,2.44,1.475,2440.677966101695,13284583828,2026-07-03 20:56:16.881183,03/07/26,20:56:16
1473,2.44,1.473,2443.9918533604887,13284585301,2026-07-03 20:56:18.354183,03/07/26,20:56:18
1476,2.44,1.476,2439.0243902439024,13284586777,2026-07-03 20:56:19.830183,03/07/26,20:56:19
1476,2.44,1.476,2439.0243902439024,13284588253,2026-07-03 20:56:21.306183,03/07/26,20:56:21
1471,2.45,1.471,2447.3147518694764,13284589724,2026-07-03 20:56:22.777183,03/07/26,20:56:22
1467,2.45,1.467,2453.98773006135,13284591191,2026-07-03 20:56:24.244183,03/07/26,20:56:24
1474,2.44,1.474,2442.3337856173675,13284592665,2026-07-03 20:56:25.718183,03/07/26,20:56:25
1474,2.44,1.474,2442.3337856173675,13284594139,2026-07-03 20:56:27.192183,03/07/26,20:56:27
1468,2.45,1.468,2452.316076294278,13284595607,2026-07-03 20:56:28.660183,03/07/26,20:56:28
1470,2.45,1.47,2448.9795918367345,13284597077,2026-07-03 20:56:30.130183,03/07/26,20:56:30
1475,2.44,1.475,2440.677966101695,13284598552,2026-07-03 20:56:31.605183,03/07/26,20:56:31
1465,2.46,1.465,2457.3378839590446,13284600017,2026-07-03 20:56:33.070183,03/07/26,20:56:33
1471,2.45,1.471,2447.3147518694764,13284601488,2026-07-03 20:56:34.541183,03/07/26,20:56:34
1473,2.44,1.473,2443.9918533604887,13284602961,2026-07-03 20:56:36.014183,03/07/26,20:56:36
1477,2.44,1.477,2437.3730534867977,13284604438,2026-07-03 20:56:37.491183,03/07/26,20:56:37
1471,2.45,1.471,2447.3147518694764,13284605909,2026-07-03 20:56:38.962183,03/07/26,20:56:38
2382,1.51,2.382,1511.3350125944585,13284608291,2026-07-03 20:56:41.344183,03/07/26,20:56:41
14532,0.25,14.532,247.72914946325352,13284622823,2026-07-03 20:56:55.876183,03/07/26,20:56:55
14668,0.25,14.668,245.43223343332426,13284637491,2026-07-03 20:57:10.544183,03/07/26,20:57:10
15104,0.24,15.104,238.34745762711864,13284652595,2026-07-03 20:57:25.648183,03/07/26,20:57:25
20522,0.17,20.522,175.42149887925154,13284673117,2026-07-03 20:57:46.170183,03/07/26,20:57:46
20361,0.18,20.361,176.80860468542804,13284693478,2026-07-03 20:58:06.531183,03/07/26,20:58:6
20537,0.17,20.537,175.2933729366509,13284714015,2026-07-03 20:58:27.068183,03/07/26,20:58:27
2619,1.37,2.619,1374.570446735395,13284716634,2026-07-03 20:58:29.687183,03/07/26,20:58:29
1705,2.11,1.705,2111.4369501466276,13284718339,2026-07-03 20:58:31.392183,03/07/26,20:58:31
3722,0.97,3.722,967.2219236969371,13284722061,2026-07-03 20:58:35.114183,03/07/26,20:58:35
1755,2.05,1.755,2051.2820512820513,13284723816,2026-07-03 20:58:36.869183,03/07/26,20:58:36
1496,2.41,1.496,2406.4171122994653,13284725312,2026-07-03 20:58:38.365183,03/07/26,20:58:38
2153,1.67,2.153,1672.085462145843,13284727465,2026-07-03 20:58:40.518183,03/07/26,20:58:40
3513,1.02,3.513,1024.7651579846286,13284730978,2026-07-03 20:58:44.031183,03/07/26,20:58:44
1528,2.36,1.528,2356.020942408377,13284732506,2026-07-03 20:58:45.559183,03/07/26,20:58:45
1695,2.12,1.695,2123.8938053097345,13284734201,2026-07-03 20:58:47.254183,03/07/26,20:58:47
3755,0.96,3.755,958.7217043941412,13284737956,2026-07-03 20:58:51.009183,03/07/26,20:58:51
1799,2.0,1.799,2001.1117287381878,13284739755,2026-07-03 20:58:52.808183,03/07/26,20:58:52
1480,2.43,1.48,2432.4324324324325,13284741235,2026-07-03 20:58:54.288183,03/07/26,20:58:54
1913,1.88,1.913,1881.8609513852587,13284743148,2026-07-03 20:58:56.201183,03/07/26,20:58:56
3731,0.96,3.731,964.8887697668185,13284746879,2026-07-03 20:58:59.932183,03/07/26,20:58:59
3715,0.97,3.715,969.0444145356662,13284750594,2026-07-03 20:59:03.647183,03/07/26,20:59:3
3722,0.97,3.722,967.2219236969371,13284754316,2026-07-03 20:59:07.369183,03/07/26,20:59:7
1679,2.14,1.679,2144.133412745682,13284755995,2026-07-03 20:59:09.048183,03/07/26,20:59:9
1533,2.35,1.533,2348.3365949119375,13284757528,2026-07-03 20:59:10.581183,03/07/26,20:59:10
3363,1.07,3.363,1070.472792149866,13284760891,2026-07-03 20:59:13.944183,03/07/26,20:59:13
2278,1.58,2.278,1580.3336259877085,13284763169,2026-07-03 20:59:16.222183,03/07/26,20:59:16
1469,2.45,1.469,2450.646698434309,13284764638,2026-07-03 20:59:17.691183,03/07/26,20:59:17
1725,2.09,1.725,2086.9565217391305,13284766363,2026-07-03 20:59:19.416183,03/07/26,20:59:19
3714,0.97,3.714,969.3053311793215,13284770077,2026-07-03 20:59:23.130183,03/07/26,20:59:23
1743,2.07,1.743,2065.4044750430294,13284771820,2026-07-03 20:59:24.873183,03/07/26,20:59:24
1487,2.42,1.487,2420.9818426361803,13284773307,2026-07-03 20:59:26.360183,03/07/26,20:59:26
2115,1.7,2.115,1702.127659574468,13284775422,2026-07-03 20:59:28.475183,03/07/26,20:59:28
3506,1.03,3.506,1026.8111808328579,13284778928,2026-07-03 20:59:31.981183,03/07/26,20:59:31
1522,2.37,1.522,2365.3088042049935,13284780450,2026-07-03 20:59:33.503183,03/07/26,20:59:33
1663,2.16,1.663,2164.7624774503906,13284782113,2026-07-03 20:59:35.166183,03/07/26,20:59:35
3682,0.98,3.682,977.729494839761,13284785795,2026-07-03 20:59:38.848183,03/07/26,20:59:38
3690,0.98,3.69,975.609756097561,13284789485,2026-07-03 20:59:42.538183,03/07/26,20:59:42
3694,0.97,3.694,974.5533297238766,13284793179,2026-07-03 20:59:46.232183,03/07/26,20:59:46
2028,1.77,2.028,1775.1479289940828,13284795207,2026-07-03 20:59:48.260183,03/07/26,20:59:48
1473,2.44,1.473,2443.9918533604887,13284796680,2026-07-03 20:59:49.733183,03/07/26,20:59:49
1746,2.06,1.746,2061.855670103093,13284798426,2026-07-03 20:59:51.479183,03/07/26,20:59:51
3723,0.97,3.723,966.9621273166802,13284802149,2026-07-03 20:59:55.202183,03/07/26,20:59:55
8544,0.42,8.544,421.34831460674155,13284810693,2026-07-03 21:00:03.746183,03/07/26,21:0:3
22507,0.16,22.507,159.95023770382548,13284833200,2026-07-03 21:00:26.253183,03/07/26,21:0:26
25568,0.14,25.568,140.80100125156446,13284858768,2026-07-03 21:00:51.821183,03/07/26,21:0:51
26858,0.13,26.858,134.0382753741902,13284885626,2026-07-03 21:01:18.679183,03/07/26,21:1:18
27384,0.13,27.384,131.46362839614375,13284913010,2026-07-03 21:01:46.063183,03/07/26,21:1:46
26792,0.13,26.792,134.3684681994625,13284939802,2026-07-03 21:02:12.855183,03/07/26,21:2:12
23985,0.15,23.985,150.093808630394,13284963787,2026-07-03 21:02:36.840183,03/07/26,21:2:36
27670,0.13,27.67,130.10480664980122,13284991457,2026-07-03 21:03:04.510183,03/07/26,21:3:4
27835,0.13,27.835,129.3335728399497,13285019292,2026-07-03 21:03:32.345183,03/07/26,21:3:32
27782,0.13,27.782,129.58030379382333,13285047074,2026-07-03 21:04:00.127183,03/07/26,21:4:0
27474,0.13,27.474,131.0329766324525,13285074548,2026-07-03 21:04:27.601183,03/07/26,21:4:27
27869,0.13,27.869,129.17578671642326,13285102417,2026-07-03 21:04:55.470183,03/07/26,21:4:55
27984,0.13,27.984,128.64493996569468,13285130401,2026-07-03 21:05:23.454183,03/07/26,21:5:23
27813,0.13,27.813,129.43587531010678,13285158214,2026-07-03 21:05:51.267183,03/07/26,21:5:51
27205,0.13,27.205,132.32861606322368,13285185419,2026-07-03 21:06:18.472183,03/07/26,21:6:18
27362,0.13,27.362,131.5693297273591,13285212781,2026-07-03 21:06:45.834183,03/07/26,21:6:45
27516,0.13,27.516,130.8329699084169,13285240297,2026-07-03 21:07:13.350183,03/07/26,21:7:13
27910,0.13,27.91,128.98602651379434,13285268207,2026-07-03 21:07:41.260183,03/07/26,21:7:41
27803,0.13,27.803,129.48242995360212,13285296010,2026-07-03 21:08:09.063183,03/07/26,21:8:9
27785,0.13,27.785,129.56631275868276,13285323795,2026-07-03 21:08:36.848183,03/07/26,21:8:36
28010,0.13,28.01,128.5255265976437,13285351805,2026-07-03 21:09:04.858183,03/07/26,21:9:4
27850,0.13,27.85,129.26391382405745,13285379655,2026-07-03 21:09:32.708183,03/07/26,21:9:32
27802,0.13,27.802,129.48708725990937,13285407457,2026-07-03 21:10:00.510183,03/07/26,21:10:0
27683,0.13,27.683,130.04370913557057,13285435140,2026-07-03 21:10:28.193183,03/07/26,21:10:28
27444,0.13,27.444,131.17621337997377,13285462584,2026-07-03 21:10:55.637183,03/07/26,21:10:55
27703,0.13,27.703,129.94982492870807,13285490287,2026-07-03 21:11:23.340183,03/07/26,21:11:23
27589,0.13,27.589,130.48678821269345,13285517876,2026-07-03 21:11:50.929183,03/07/26,21:11:50
27743,0.13,27.743,129.7624626031792,13285545619,2026-07-03 21:12:18.672183,03/07/26,21:12:18
28026,0.13,28.026,128.45215157353886,13285573645,2026-07-03 21:12:46.698183,03/07/26,21:12:46
28309,0.13,28.309,127.16803843300717,13285601954,2026-07-03 21:13:15.007183,03/07/26,21:13:15
28485,0.13,28.485,126.38230647709321,13285630439,2026-07-03 21:13:43.492183,03/07/26,21:13:43
28398,0.13,28.398,126.76949080921192,13285658837,2026-07-03 21:14:11.890183,03/07/26,21:14:11
28348,0.13,28.348,126.99308593198815,13285687185,2026-07-03 21:14:40.238183,03/07/26,21:14:40
28052,0.13,28.052,128.33309567945244,13285715237,2026-07-03 21:15:08.290183,03/07/26,21:15:8
28371,0.13,28.371,126.89013429205879,13285743608,2026-07-03 21:15:36.661183,03/07/26,21:15:36
28396,0.13,28.396,126.77841949570362,13285772004,2026-07-03 21:16:05.057183,03/07/26,21:16:5
27871,0.13,27.871,129.1665171683829,13285799875,2026-07-03 21:16:32.928183,03/07/26,21:16:32
27862,0.13,27.862,129.20824061445697,13285827737,2026-07-03 21:17:00.790183,03/07/26,21:17:0
27981,0.13,27.981,128.6587327114828,13285855718,2026-07-03 21:17:28.771183,03/07/26,21:17:28
28050,0.13,28.05,128.3422459893048,13285883768,2026-07-03 21:17:56.821183,03/07/26,21:17:56
28016,0.13,28.016,128.49800114220446,13285911784,2026-07-03 21:18:24.837183,03/07/26,21:18:24
28319,0.13,28.319,127.12313287898584,13285940103,2026-07-03 21:18:53.156183,03/07/26,21:18:53
27988,0.13,27.988,128.62655423753037,13285968091,2026-07-03 21:19:21.144183,03/07/26,21:19:21
28174,0.13,28.174,127.77738340313765,13285996265,2026-07-03 21:19:49.318183,03/07/26,21:19:49
27802,0.13,27.802,129.48708725990937,13286024067,2026-07-03 21:20:17.120183,03/07/26,21:20:17
28160,0.13,28.16,127.8409090909091,13286052227,2026-07-03 21:20:45.280183,03/07/26,21:20:45
27724,0.13,27.724,129.85139229548406,13286079951,2026-07-03 21:21:13.004183,03/07/26,21:21:13
28114,0.13,28.114,128.0500818097745,13286108065,2026-07-03 21:21:41.118183,03/07/26,21:21:41
17620,0.2,17.62,204.3132803632236,13286125685,2026-07-03 21:21:58.738183,03/07/26,21:21:58
16743,0.22,16.743,215.01523024547572,13286142428,2026-07-03 21:22:15.481183,03/07/26,21:22:15
16483,0.22,16.483,218.406843414427,13286158911,2026-07-03 21:22:31.964183,03/07/26,21:22:31
16890,0.21,16.89,213.14387211367674,13286175801,2026-07-03 21:22:48.854183,03/07/26,21:22:48
16761,0.21,16.761,214.78432074458564,13286192562,2026-07-03 21:23:05.615183,03/07/26,21:23:5
16914,0.21,16.914,212.8414331323164,13286209476,2026-07-03 21:23:22.529183,03/07/26,21:23:22
16881,0.21,16.881,213.25750844144304,13286226357,2026-07-03 21:23:39.410183,03/07/26,21:23:39
17170,0.21,17.17,209.66802562609203,13286243527,2026-07-03 21:23:56.580183,03/07/26,21:23:56
17253,0.21,17.253,208.65936358894106,13286260780,2026-07-03 21:24:13.833183,03/07/26,21:24:13
17411,0.21,17.411,206.7658376888174,13286278191,2026-07-03 21:24:31.244183,03/07/26,21:24:31
17572,0.2,17.572,204.8713862963806,13286295763,2026-07-03 21:24:48.816183,03/07/26,21:24:48
17365,0.21,17.365,207.31356176216528,13286313128,2026-07-03 21:25:06.181183,03/07/26,21:25:6
17321,0.21,17.321,207.84019398418104,13286330449,2026-07-03 21:25:23.502183,03/07/26,21:25:23
17584,0.2,17.584,204.73157415832574,13286348033,2026-07-03 21:25:41.086183,03/07/26,21:25:41
17059,0.21,17.059,211.03229966586554,13286365092,2026-07-03 21:25:58.145183,03/07/26,21:25:58
17706,0.2,17.706,203.32090816672314,13286382798,2026-07-03 21:26:15.851183,03/07/26,21:26:15
17591,0.2,17.591,204.65010516741515,13286400389,2026-07-03 21:26:33.442183,03/07/26,21:26:33
17166,0.21,17.166,209.71688220901783,13286417555,2026-07-03 21:26:50.608183,03/07/26,21:26:50
17403,0.21,17.403,206.8608860541286,13286434958,2026-07-03 21:27:08.011183,03/07/26,21:27:8
17447,0.21,17.447,206.33919871611164,13286452405,2026-07-03 21:27:25.458183,03/07/26,21:27:25
17562,0.2,17.562,204.98804236419542,13286469967,2026-07-03 21:27:43.020183,03/07/26,21:27:43
17559,0.2,17.559,205.02306509482318,13286487526,2026-07-03 21:28:00.579183,03/07/26,21:28:0
17649,0.2,17.649,203.9775624681285,13286505175,2026-07-03 21:28:18.228183,03/07/26,21:28:18
17715,0.2,17.715,203.21761219305674,13286522890,2026-07-03 21:28:35.943183,03/07/26,21:28:35
17791,0.2,17.791,202.34950255747287,13286540681,2026-07-03 21:28:53.734183,03/07/26,21:28:53
17766,0.2,17.766,202.63424518743668,13286558447,2026-07-03 21:29:11.500183,03/07/26,21:29:11
17761,0.2,17.761,202.6912899048477,13286576208,2026-07-03 21:29:29.261183,03/07/26,21:29:29
21824,0.16,21.824,164.9560117302053,13286598032,2026-07-03 21:29:51.085183,03/07/26,21:29:51
27018,0.13,27.018,133.24450366422386,13286625050,2026-07-03 21:30:18.103183,03/07/26,21:30:18
27094,0.13,27.094,132.87074629069167,13286652144,2026-07-03 21:30:45.197183,03/07/26,21:30:45
27237,0.13,27.237,132.17314682233726,13286679381,2026-07-03 21:31:12.434183,03/07/26,21:31:12
26926,0.13,26.926,133.69976973928544,13286706307,2026-07-03 21:31:39.360183,03/07/26,21:31:39
26631,0.14,26.631,135.18080432578574,13286732938,2026-07-03 21:32:05.991183,03/07/26,21:32:5
26835,0.13,26.835,134.15315818893237,13286759773,2026-07-03 21:32:32.826183,03/07/26,21:32:32
26914,0.13,26.914,133.75938173441332,13286786687,2026-07-03 21:32:59.740183,03/07/26,21:32:59
27505,0.13,27.505,130.8852935829849,13286814192,2026-07-03 21:33:27.245183,03/07/26,21:33:27
27618,0.13,27.618,130.3497718878992,13286841810,2026-07-03 21:33:54.863183,03/07/26,21:33:54
27495,0.13,27.495,130.9328968903437,13286869305,2026-07-03 21:34:22.358183,03/07/26,21:34:22
27420,0.13,27.42,131.2910284463895,13286896725,2026-07-03 21:34:49.778183,03/07/26,21:34:49
27458,0.13,27.458,131.1093306140287,13286924183,2026-07-03 21:35:17.236183,03/07/26,21:35:17
27625,0.13,27.625,130.31674208144796,13286951808,2026-07-03 21:35:44.861183,03/07/26,21:35:44
27391,0.13,27.391,131.43003176225767,13286979199,2026-07-03 21:36:12.252183,03/07/26,21:36:12
27465,0.13,27.465,131.07591480065537,13287006664,2026-07-03 21:36:39.717183,03/07/26,21:36:39
27685,0.13,27.685,130.03431461080007,13287034349,2026-07-03 21:37:07.402183,03/07/26,21:37:7
28094,0.13,28.094,128.14124012244608,13287062443,2026-07-03 21:37:35.496183,03/07/26,21:37:35
27998,0.13,27.998,128.5806129009215,13287090441,2026-07-03 21:38:03.494183,03/07/26,21:38:3
27653,0.13,27.653,130.184790077026,13287118094,2026-07-03 21:38:31.147183,03/07/26,21:38:31
26692,0.13,26.692,134.87187172186424,13287144786,2026-07-03 21:38:57.839183,03/07/26,21:38:57
27068,0.13,27.068,132.9983744643121,13287171854,2026-07-03 21:39:24.907183,03/07/26,21:39:24
27205,0.13,27.205,132.32861606322368,13287199059,2026-07-03 21:39:52.112183,03/07/26,21:39:52
27165,0.13,27.165,132.52346769740475,13287226224,2026-07-03 21:40:19.277183,03/07/26,21:40:19
27643,0.13,27.643,130.2318851065369,13287253867,2026-07-03 21:40:46.920183,03/07/26,21:40:46
27242,0.13,27.242,132.14888774686148,13287281109,2026-07-03 21:41:14.162183,03/07/26,21:41:14
28297,0.13,28.297,127.22196699296745,13287309406,2026-07-03 21:41:42.459183,03/07/26,21:41:42
27822,0.13,27.822,129.39400474444685,13287337228,2026-07-03 21:42:10.281183,03/07/26,21:42:10
28099,0.13,28.099,128.11843837858999,13287365327,2026-07-03 21:42:38.380183,03/07/26,21:42:38
27993,0.13,27.993,128.60357946629514,13287393320,2026-07-03 21:43:06.373183,03/07/26,21:43:6
28163,0.13,28.163,127.82729112665554,13287421483,2026-07-03 21:43:34.536183,03/07/26,21:43:34
28110,0.13,28.11,128.068303094984,13287449593,2026-07-03 21:44:02.646183,03/07/26,21:44:2
28063,0.13,28.063,128.2827922887788,13287477656,2026-07-03 21:44:30.709183,03/07/26,21:44:30
28229,0.13,28.229,127.52842821212228,13287505885,2026-07-03 21:44:58.938183,03/07/26,21:44:58
27917,0.13,27.917,128.9536841351148,13287533802,2026-07-03 21:45:26.855183,03/07/26,21:45:26
28172,0.13,28.172,127.78645463580861,13287561974,2026-07-03 21:45:55.027183,03/07/26,21:45:55
27928,0.13,27.928,128.90289315382412,13287589902,2026-07-03 21:46:22.955183,03/07/26,21:46:22
23508,0.15,23.508,153.1393568147014,13287613410,2026-07-03 21:46:46.463183,03/07/26,21:46:46
12368,0.29,12.368,291.07373868046574,13287625778,2026-07-03 21:46:58.831183,03/07/26,21:46:58
12301,0.29,12.301,292.6591334037883,13287638079,2026-07-03 21:47:11.132183,03/07/26,21:47:11
12161,0.3,12.161,296.0282871474385,13287650240,2026-07-03 21:47:23.293183,03/07/26,21:47:23
12142,0.3,12.142,296.4915170482622,13287662382,2026-07-03 21:47:35.435183,03/07/26,21:47:35
12165,0.29,12.165,295.93094944512944,13287674547,2026-07-03 21:47:47.600183,03/07/26,21:47:47
12000,0.3,12.0,300.0,13287686547,2026-07-03 21:47:59.600183,03/07/26,21:47:59
11997,0.3,11.997,300.0750187546887,13287698544,2026-07-03 21:48:11.597183,03/07/26,21:48:11
12059,0.3,12.059,298.5322166017083,13287710603,2026-07-03 21:48:23.656183,03/07/26,21:48:23
11973,0.3,11.973,300.67652217489353,13287722576,2026-07-03 21:48:35.629183,03/07/26,21:48:35
12237,0.29,12.237,294.18975239029174,13287734813,2026-07-03 21:48:47.866183,03/07/26,21:48:47
12235,0.29,12.235,294.23784225582347,13287747048,2026-07-03 21:49:00.101183,03/07/26,21:49:0
12280,0.29,12.28,293.15960912052117,13287759328,2026-07-03 21:49:12.381183,03/07/26,21:49:12
12344,0.29,12.344,291.6396629941672,13287771672,2026-07-03 21:49:24.725183,03/07/26,21:49:24
12257,0.29,12.257,293.70971689646734,13287783929,2026-07-03 21:49:36.982183,03/07/26,21:49:36
12371,0.29,12.371,291.00315253415243,13287796300,2026-07-03 21:49:49.353183,03/07/26,21:49:49
12339,0.29,12.339,291.75784099197665,13287808639,2026-07-03 21:50:01.692183,03/07/26,21:50:1
12435,0.29,12.435,289.50542822677926,13287821074,2026-07-03 21:50:14.127183,03/07/26,21:50:14
12430,0.29,12.43,289.6218825422365,13287833504,2026-07-03 21:50:26.557183,03/07/26,21:50:26
12505,0.29,12.505,287.8848460615754,13287846009,2026-07-03 21:50:39.062183,03/07/26,21:50:39
12458,0.29,12.458,288.9709423663509,13287858467,2026-07-03 21:50:51.520183,03/07/26,21:50:51
12374,0.29,12.374,290.9326006141911,13287870841,2026-07-03 21:51:03.894183,03/07/26,21:51:3
12565,0.29,12.565,286.51014723438124,13287883406,2026-07-03 21:51:16.459183,03/07/26,21:51:16
12577,0.29,12.577,286.2367814264133,13287895983,2026-07-03 21:51:29.036183,03/07/26,21:51:29
12654,0.28,12.654,284.4950213371266,13287908637,2026-07-03 21:51:41.690183,03/07/26,21:51:41
12542,0.29,12.542,287.035560516664,13287921179,2026-07-03 21:51:54.232183,03/07/26,21:51:54
12513,0.29,12.513,287.70079117717574,13287933692,2026-07-03 21:52:06.745183,03/07/26,21:52:6
12633,0.28,12.633,284.9679411066255,13287946325,2026-07-03 21:52:19.378183,03/07/26,21:52:19
12564,0.29,12.564,286.5329512893983,13287958889,2026-07-03 21:52:31.942183,03/07/26,21:52:31
12415,0.29,12.415,289.97180829641565,13287971304,2026-07-03 21:52:44.357183,03/07/26,21:52:44
12330,0.29,12.33,291.97080291970804,13287983634,2026-07-03 21:52:56.687183,03/07/26,21:52:56
12323,0.29,12.323,292.13665503529984,13287995957,2026-07-03 21:53:09.010183,03/07/26,21:53:9
12406,0.29,12.406,290.1821699177817,13288008363,2026-07-03 21:53:21.416183,03/07/26,21:53:21
12393,0.29,12.393,290.48656499636894,13288020756,2026-07-03 21:53:33.809183,03/07/26,21:53:33
12594,0.28,12.594,285.8504049547403,13288033350,2026-07-03 21:53:46.403183,03/07/26,21:53:46
12583,0.29,12.583,286.1002940475244,13288045933,2026-07-03 21:53:58.986183,03/07/26,21:53:58
11126,0.32,11.126,323.56642099586554,13288057059,2026-07-03 21:54:10.112183,03/07/26,21:54:10
9384,0.38,9.384,383.6317135549872,13288066443,2026-07-03 21:54:19.496183,03/07/26,21:54:19
9838,0.37,9.838,365.9280341532832,13288076281,2026-07-03 21:54:29.334183,03/07/26,21:54:29
9858,0.37,9.858,365.18563603164944,13288086139,2026-07-03 21:54:39.192183,03/07/26,21:54:39
9867,0.36,9.867,364.85253876558227,13288096006,2026-07-03 21:54:49.059183,03/07/26,21:54:49
9806,0.37,9.806,367.1221700999388,13288105812,2026-07-03 21:54:58.865183,03/07/26,21:54:58
9804,0.37,9.804,367.1970624235006,13288115616,2026-07-03 21:55:08.669183,03/07/26,21:55:8
9839,0.37,9.839,365.89084256530134,13288125455,2026-07-03 21:55:18.508183,03/07/26,21:55:18
9875,0.36,9.875,364.55696202531647,13288135330,2026-07-03 21:55:28.383183,03/07/26,21:55:28
9825,0.37,9.825,366.412213740458,13288145155,2026-07-03 21:55:38.208183,03/07/26,21:55:38
9908,0.36,9.908,363.3427533306419,13288155063,2026-07-03 21:55:48.116183,03/07/26,21:55:48
9819,0.37,9.819,366.6361136571952,13288164882,2026-07-03 21:55:57.935183,03/07/26,21:55:57
9864,0.36,9.864,364.963503649635,13288174746,2026-07-03 21:56:07.799183,03/07/26,21:56:7
9817,0.37,9.817,366.71080778241827,13288184563,2026-07-03 21:56:17.616183,03/07/26,21:56:17
9848,0.37,9.848,365.55645816409424,13288194411,2026-07-03 21:56:27.464183,03/07/26,21:56:27
9883,0.36,9.883,364.2618638065365,13288204294,2026-07-03 21:56:37.347183,03/07/26,21:56:37
10049,0.36,10.049,358.2446014528809,13288214343,2026-07-03 21:56:47.396183,03/07/26,21:56:47
9986,0.36,9.986,360.5047065892249,13288224329,2026-07-03 21:56:57.382183,03/07/26,21:56:57
10093,0.36,10.093,356.68284949965323,13288234422,2026-07-03 21:57:07.475183,03/07/26,21:57:7
10098,0.36,10.098,356.50623885918003,13288244520,2026-07-03 21:57:17.573183,03/07/26,21:57:17
10122,0.35,10.122,355.66093657379963,13288254642,2026-07-03 21:57:27.695183,03/07/26,21:57:27
10191,0.35,10.191,353.2528701795702,13288264833,2026-07-03 21:57:37.886183,03/07/26,21:57:37
10133,0.35,10.133,355.2748445672555,13288274966,2026-07-03 21:57:48.019183,03/07/26,21:57:48
9992,0.36,9.992,360.28823058446756,13288284958,2026-07-03 21:57:58.011183,03/07/26,21:57:58
10183,0.35,10.183,353.53039379357756,13288295141,2026-07-03 21:58:08.194183,03/07/26,21:58:8
10199,0.35,10.199,352.9757819394058,13288305340,2026-07-03 21:58:18.393183,03/07/26,21:58:18
10196,0.35,10.196,353.0796390741467,13288315536,2026-07-03 21:58:28.589183,03/07/26,21:58:28
10255,0.35,10.255,351.04826913700634,13288325791,2026-07-03 21:58:38.844183,03/07/26,21:58:38
10266,0.35,10.266,350.6721215663355,13288336057,2026-07-03 21:58:49.110183,03/07/26,21:58:49
10140,0.35,10.14,355.0295857988166,13288346197,2026-07-03 21:58:59.250183,03/07/26,21:58:59
10313,0.35,10.313,349.0739842916707,13288356510,2026-07-03 21:59:09.563183,03/07/26,21:59:9
10351,0.35,10.351,347.7924838179886,13288366861,2026-07-03 21:59:19.914183,03/07/26,21:59:19
10345,0.35,10.345,347.99420009666505,13288377206,2026-07-03 21:59:30.259183,03/07/26,21:59:30
10376,0.35,10.376,346.9545104086353,13288387582,2026-07-03 21:59:40.635183,03/07/26,21:59:40
10385,0.35,10.385,346.6538276360135,13288397967,2026-07-03 21:59:51.020183,03/07/26,21:59:51
10305,0.35,10.305,349.34497816593887,13288408272,2026-07-03 22:00:01.325183,03/07/26,22:0:1
10302,0.35,10.302,349.44670937682,13288418574,2026-07-03 22:00:11.627183,03/07/26,22:0:11
10245,0.35,10.245,351.3909224011713,13288428819,2026-07-03 22:00:21.872183,03/07/26,22:0:21
10335,0.35,10.335,348.3309143686502,13288439154,2026-07-03 22:00:32.207183,03/07/26,22:0:32
10345,0.35,10.345,347.99420009666505,13288449499,2026-07-03 22:00:42.552183,03/07/26,22:0:42
10327,0.35,10.327,348.60075530163647,13288459826,2026-07-03 22:00:52.879183,03/07/26,22:0:52
10323,0.35,10.323,348.73583260680033,13288470149,2026-07-03 22:01:03.202183,03/07/26,22:1:3
10396,0.35,10.396,346.28703347441325,13288480545,2026-07-03 22:01:13.598183,03/07/26,22:1:13
10448,0.34,10.448,344.5635528330781,13288490993,2026-07-03 22:01:24.046183,03/07/26,22:1:24
10360,0.35,10.36,347.4903474903475,13288501353,2026-07-03 22:01:34.406183,03/07/26,22:1:34
10416,0.34,10.416,345.6221198156682,13288511769,2026-07-03 22:01:44.822183,03/07/26,22:1:44
11704,0.31,11.704,307.5871496924128,13288523473,2026-07-03 22:01:56.526183,03/07/26,22:1:56
13057,0.28,13.057,275.7141763038983,13288536530,2026-07-03 22:02:09.583183,03/07/26,22:2:9
13099,0.27,13.099,274.830139705321,13288549629,2026-07-03 22:02:22.682183,03/07/26,22:2:22
13010,0.28,13.01,276.71022290545733,13288562639,2026-07-03 22:02:35.692183,03/07/26,22:2:35
13070,0.28,13.07,275.4399387911247,13288575709,2026-07-03 22:02:48.762183,03/07/26,22:2:48
13036,0.28,13.036,276.15833077631174,13288588745,2026-07-03 22:03:01.798183,03/07/26,22:3:1
13120,0.27,13.12,274.390243902439,13288601865,2026-07-03 22:03:14.918183,03/07/26,22:3:14
13155,0.27,13.155,273.6602052451539,13288615020,2026-07-03 22:03:28.073183,03/07/26,22:3:28
13119,0.27,13.119,274.4111593871484,13288628139,2026-07-03 22:03:41.192183,03/07/26,22:3:41
13062,0.28,13.062,275.6086357372531,13288641201,2026-07-03 22:03:54.254183,03/07/26,22:3:54
13128,0.27,13.128,274.22303473491775,13288654329,2026-07-03 22:04:07.382183,03/07/26,22:4:7
13190,0.27,13.19,272.9340409401061,13288667519,2026-07-03 22:04:20.572183,03/07/26,22:4:20
13196,0.27,13.196,272.80994240678996,13288680715,2026-07-03 22:04:33.768183,03/07/26,22:4:33
13208,0.27,13.208,272.56208358570564,13288693923,2026-07-03 22:04:46.976183,03/07/26,22:4:46
13074,0.28,13.074,275.3556677374943,13288706997,2026-07-03 22:05:00.050183,03/07/26,22:5:0
13167,0.27,13.167,273.4107997265892,13288720164,2026-07-03 22:05:13.217183,03/07/26,22:5:13
13218,0.27,13.218,272.3558783477077,13288733382,2026-07-03 22:05:26.435183,03/07/26,22:5:26
13086,0.28,13.086,275.1031636863824,13288746468,2026-07-03 22:05:39.521183,03/07/26,22:5:39
13171,0.27,13.171,273.3277655455167,13288759639,2026-07-03 22:05:52.692183,03/07/26,22:5:52
13199,0.27,13.199,272.7479354496553,13288772838,2026-07-03 22:06:05.891183,03/07/26,22:6:5
13181,0.27,13.181,273.1204005765875,13288786019,2026-07-03 22:06:19.072183,03/07/26,22:6:19
13145,0.27,13.145,273.8683910232027,13288799164,2026-07-03 22:06:32.217183,03/07/26,22:6:32
13271,0.27,13.271,271.2681787355889,13288812435,2026-07-03 22:06:45.488183,03/07/26,22:6:45
13115,0.27,13.115,274.49485322150207,13288825550,2026-07-03 22:06:58.603183,03/07/26,22:6:58
13235,0.27,13.235,272.0060445787684,13288838785,2026-07-03 22:07:11.838183,03/07/26,22:7:11
13283,0.27,13.283,271.023112248739,13288852068,2026-07-03 22:07:25.121183,03/07/26,22:7:25
13332,0.27,13.332,270.02700270027003,13288865400,2026-07-03 22:07:38.453183,03/07/26,22:7:38
13216,0.27,13.216,272.39709443099275,13288878616,2026-07-03 22:07:51.669183,03/07/26,22:7:51
13170,0.27,13.17,273.3485193621868,13288891786,2026-07-03 22:08:04.839183,03/07/26,22:8:4
13204,0.27,13.204,272.64465313541353,13288904990,2026-07-03 22:08:18.043183,03/07/26,22:8:18
13128,0.27,13.128,274.22303473491775,13288918118,2026-07-03 22:08:31.171183,03/07/26,22:8:31
13152,0.27,13.152,273.7226277372263,13288931270,2026-07-03 22:08:44.323183,03/07/26,22:8:44
12902,0.28,12.902,279.0265075182142,13288944172,2026-07-03 22:08:57.225183,03/07/26,22:8:57
13198,0.27,13.198,272.76860130322774,13288957370,2026-07-03 22:09:10.423183,03/07/26,22:9:10
13333,0.27,13.333,270.0067501687542,13288970703,2026-07-03 22:09:23.756183,03/07/26,22:9:23
13345,0.27,13.345,269.7639565380292,13288984048,2026-07-03 22:09:37.101183,03/07/26,22:9:37
13315,0.27,13.315,270.37176117161096,13288997363,2026-07-03 22:09:50.416183,03/07/26,22:9:50
13171,0.27,13.171,273.3277655455167,13289010534,2026-07-03 22:10:03.587183,03/07/26,22:10:3
13247,0.27,13.247,271.7596436929116,13289023781,2026-07-03 22:10:16.834183,03/07/26,22:10:16
13224,0.27,13.224,272.2323049001815,13289037005,2026-07-03 22:10:30.058183,03/07/26,22:10:30
13303,0.27,13.303,270.6156506051267,13289050308,2026-07-03 22:10:43.361183,03/07/26,22:10:43
12997,0.28,12.997,276.9869969993075,13289063305,2026-07-03 22:10:56.358183,03/07/26,22:10:56
13286,0.27,13.286,270.9619147975312,13289076591,2026-07-03 22:11:09.644183,03/07/26,22:11:9
13273,0.27,13.273,271.22730354855724,13289089864,2026-07-03 22:11:22.917183,03/07/26,22:11:22
13232,0.27,13.232,272.0677146311971,13289103096,2026-07-03 22:11:36.149183,03/07/26,22:11:36
13318,0.27,13.318,270.310857486109,13289116414,2026-07-03 22:11:49.467183,03/07/26,22:11:49
13078,0.28,13.078,275.27144823367485,13289129492,2026-07-03 22:12:02.545183,03/07/26,22:12:2
13276,0.27,13.276,271.16601385959626,13289142768,2026-07-03 22:12:15.821183,03/07/26,22:12:15
13219,0.27,13.219,272.33527498297906,13289155987,2026-07-03 22:12:29.040183,03/07/26,22:12:29
13332,0.27,13.332,270.02700270027003,13289169319,2026-07-03 22:12:42.372183,03/07/26,22:12:42
13264,0.27,13.264,271.41133896260556,13289182583,2026-07-03 22:12:55.636183,03/07/26,22:12:55
13376,0.27,13.376,269.1387559808612,13289195959,2026-07-03 22:13:09.012183,03/07/26,22:13:9
13329,0.27,13.329,270.0877785280216,13289209288,2026-07-03 22:13:22.341183,03/07/26,22:13:22
13346,0.27,13.346,269.7437434437285,13289222634,2026-07-03 22:13:35.687183,03/07/26,22:13:35
13392,0.27,13.392,268.81720430107526,13289236026,2026-07-03 22:13:49.079183,03/07/26,22:13:49
13294,0.27,13.294,270.7988566270498,13289249320,2026-07-03 22:14:02.373183,03/07/26,22:14:2
13356,0.27,13.356,269.54177897574124,13289262676,2026-07-03 22:14:15.729183,03/07/26,22:14:15
13360,0.27,13.36,269.4610778443114,13289276036,2026-07-03 22:14:29.089183,03/07/26,22:14:29
13336,0.27,13.336,269.9460107978404,13289289372,2026-07-03 22:14:42.425183,03/07/26,22:14:42
13342,0.27,13.342,269.82461400089943,13289302714,2026-07-03 22:14:55.767183,03/07/26,22:14:55
13349,0.27,13.349,269.6831223312608,13289316063,2026-07-03 22:15:09.116183,03/07/26,22:15:9
13376,0.27,13.376,269.1387559808612,13289329439,2026-07-03 22:15:22.492183,03/07/26,22:15:22
13332,0.27,13.332,270.02700270027003,13289342771,2026-07-03 22:15:35.824183,03/07/26,22:15:35
13327,0.27,13.327,270.1283109477002,13289356098,2026-07-03 22:15:49.151183,03/07/26,22:15:49
13286,0.27,13.286,270.9619147975312,13289369384,2026-07-03 22:16:02.437183,03/07/26,22:16:2
13290,0.27,13.29,270.8803611738149,13289382674,2026-07-03 22:16:15.727183,03/07/26,22:16:15
13384,0.27,13.384,268.97788404064556,13289396058,2026-07-03 22:16:29.111183,03/07/26,22:16:29
13321,0.27,13.321,270.2499812326402,13289409379,2026-07-03 22:16:42.432183,03/07/26,22:16:42
13207,0.27,13.207,272.58272128416746,13289422586,2026-07-03 22:16:55.639183,03/07/26,22:16:55
13319,0.27,13.319,270.2905623545311,13289435905,2026-07-03 22:17:08.958183,03/07/26,22:17:8
13275,0.27,13.275,271.1864406779661,13289449180,2026-07-03 22:17:22.233183,03/07/26,22:17:22
13331,0.27,13.331,270.0472582701973,13289462511,2026-07-03 22:17:35.564183,03/07/26,22:17:35
13367,0.27,13.367,269.31996708311516,13289475878,2026-07-03 22:17:48.931183,03/07/26,22:17:48
13157,0.27,13.157,273.6186060652124,13289489035,2026-07-03 22:18:02.088183,03/07/26,22:18:2
13325,0.27,13.325,270.16885553470917,13289502360,2026-07-03 22:18:15.413183,03/07/26,22:18:15
13334,0.27,13.334,269.98650067496624,13289515694,2026-07-03 22:18:28.747183,03/07/26,22:18:28
13386,0.27,13.386,268.9376961004034,13289529080,2026-07-03 22:18:42.133183,03/07/26,22:18:42
13204,0.27,13.204,272.64465313541353,13289542284,2026-07-03 22:18:55.337183,03/07/26,22:18:55
13427,0.27,13.427,268.1164817159455,13289555711,2026-07-03 22:19:08.764183,03/07/26,22:19:8
13264,0.27,13.264,271.41133896260556,13289568975,2026-07-03 22:19:22.028183,03/07/26,22:19:22
13327,0.27,13.327,270.1283109477002,13289582302,2026-07-03 22:19:35.355183,03/07/26,22:19:35
13385,0.27,13.385,268.957788569294,13289595687,2026-07-03 22:19:48.740183,03/07/26,22:19:48
13190,0.27,13.19,272.9340409401061,13289608877,2026-07-03 22:20:01.930183,03/07/26,22:20:1
13347,0.27,13.347,269.72353337828724,13289622224,2026-07-03 22:20:15.277183,03/07/26,22:20:15
13340,0.27,13.34,269.86506746626685,13289635564,2026-07-03 22:20:28.617183,03/07/26,22:20:28
13419,0.27,13.419,268.2763246143528,13289648983,2026-07-03 22:20:42.036183,03/07/26,22:20:42
13178,0.27,13.178,273.1825770223099,13289662161,2026-07-03 22:20:55.214183,03/07/26,22:20:55
13272,0.27,13.272,271.24773960217,13289675433,2026-07-03 22:21:08.486183,03/07/26,22:21:8
13346,0.27,13.346,269.7437434437285,13289688779,2026-07-03 22:21:21.832183,03/07/26,22:21:21
13326,0.27,13.326,270.148581719946,13289702105,2026-07-03 22:21:35.158183,03/07/26,22:21:35
13347,0.27,13.347,269.72353337828724,13289715452,2026-07-03 22:21:48.505183,03/07/26,22:21:48
12875,0.28,12.875,279.6116504854369,13289728327,2026-07-03 22:22:01.380183,03/07/26,22:22:1
12626,0.28,12.626,285.1259306193569,13289740953,2026-07-03 22:22:14.006183,03/07/26,22:22:14
11704,0.31,11.704,307.5871496924128,13289752657,2026-07-03 22:22:25.710183,03/07/26,22:22:25
11611,0.31,11.611,310.05081388338647,13289764268,2026-07-03 22:22:37.321183,03/07/26,22:22:37
11757,0.31,11.757,306.20056136769585,13289776025,2026-07-03 22:22:49.078183,03/07/26,22:22:49
11700,0.31,11.7,307.6923076923077,13289787725,2026-07-03 22:23:00.778183,03/07/26,22:23:0
11930,0.3,11.93,301.7602682313495,13289799655,2026-07-03 22:23:12.708183,03/07/26,22:23:12
13213,0.27,13.213,272.4589419511088,13289812868,2026-07-03 22:23:25.921183,03/07/26,22:23:25
13248,0.27,13.248,271.7391304347826,13289826116,2026-07-03 22:23:39.169183,03/07/26,22:23:39
13232,0.27,13.232,272.0677146311971,13289839348,2026-07-03 22:23:52.401183,03/07/26,22:23:52
13240,0.27,13.24,271.9033232628399,13289852588,2026-07-03 22:24:05.641183,03/07/26,22:24:5
13247,0.27,13.247,271.7596436929116,13289865835,2026-07-03 22:24:18.888183,03/07/26,22:24:18
13285,0.27,13.285,270.98231087692886,13289879120,2026-07-03 22:24:32.173183,03/07/26,22:24:32
13321,0.27,13.321,270.2499812326402,13289892441,2026-07-03 22:24:45.494183,03/07/26,22:24:45
13223,0.27,13.223,272.2528926869848,13289905664,2026-07-03 22:24:58.717183,03/07/26,22:24:58
13233,0.27,13.233,272.0471548401723,13289918897,2026-07-03 22:25:11.950183,03/07/26,22:25:11
13265,0.27,13.265,271.39087825103655,13289932162,2026-07-03 22:25:25.215183,03/07/26,22:25:25
13240,0.27,13.24,271.9033232628399,13289945402,2026-07-03 22:25:38.455183,03/07/26,22:25:38
13209,0.27,13.209,272.5414490120372,13289958611,2026-07-03 22:25:51.664183,03/07/26,22:25:51
13153,0.27,13.153,273.70181707595225,13289971764,2026-07-03 22:26:04.817183,03/07/26,22:26:4
13236,0.27,13.236,271.985494106981,13289985000,2026-07-03 22:26:18.053183,03/07/26,22:26:18
13206,0.27,13.206,272.60336210813267,13289998206,2026-07-03 22:26:31.259183,03/07/26,22:26:31
13181,0.27,13.181,273.1204005765875,13290011387,2026-07-03 22:26:44.440183,03/07/26,22:26:44
13089,0.28,13.089,275.040110016044,13290024476,2026-07-03 22:26:57.529183,03/07/26,22:26:57
13261,0.27,13.261,271.4727396123973,13290037737,2026-07-03 22:27:10.790183,03/07/26,22:27:10
13245,0.27,13.245,271.80067950169877,13290050982,2026-07-03 22:27:24.035183,03/07/26,22:27:24
13305,0.27,13.305,270.5749718151071,13290064287,2026-07-03 22:27:37.340183,03/07/26,22:27:37
11243,0.32,11.243,320.1992350796051,13290075530,2026-07-03 22:27:48.583183,03/07/26,22:27:48
9969,0.36,9.969,361.11947035811016,13290085499,2026-07-03 22:27:58.552183,03/07/26,22:27:58
10223,0.35,10.223,352.14711924092734,13290095722,2026-07-03 22:28:08.775183,03/07/26,22:28:8
10182,0.35,10.182,353.56511490866234,13290105904,2026-07-03 22:28:18.957183,03/07/26,22:28:18
10164,0.35,10.164,354.1912632821724,13290116068,2026-07-03 22:28:29.121183,03/07/26,22:28:29
10224,0.35,10.224,352.11267605633805,13290126292,2026-07-03 22:28:39.345183,03/07/26,22:28:39
10222,0.35,10.222,352.18156916454706,13290136514,2026-07-03 22:28:49.567183,03/07/26,22:28:49
10091,0.36,10.091,356.75354276087603,13290146605,2026-07-03 22:28:59.658183,03/07/26,22:28:59
10198,0.35,10.198,353.0103941949402,13290156803,2026-07-03 22:29:09.856183,03/07/26,22:29:9
10245,0.35,10.245,351.3909224011713,13290167048,2026-07-03 22:29:20.101183,03/07/26,22:29:20
10269,0.35,10.269,350.56967572304995,13290177317,2026-07-03 22:29:30.370183,03/07/26,22:29:30
10317,0.35,10.317,348.93864495492875,13290187634,2026-07-03 22:29:40.687183,03/07/26,22:29:40
10263,0.35,10.263,350.7746273019585,13290197897,2026-07-03 22:29:50.950183,03/07/26,22:29:50
10198,0.35,10.198,353.0103941949402,13290208095,2026-07-03 22:30:01.148183,03/07/26,22:30:1
10343,0.35,10.343,348.06149086338587,13290218438,2026-07-03 22:30:11.491183,03/07/26,22:30:11
10331,0.35,10.331,348.4657825960701,13290228769,2026-07-03 22:30:21.822183,03/07/26,22:30:21
10327,0.35,10.327,348.60075530163647,13290239096,2026-07-03 22:30:32.149183,03/07/26,22:30:32
10378,0.35,10.378,346.88764694546154,13290249474,2026-07-03 22:30:42.527183,03/07/26,22:30:42
10236,0.35,10.236,351.69988276670574,13290259710,2026-07-03 22:30:52.763183,03/07/26,22:30:52
10275,0.35,10.275,350.3649635036496,13290269985,2026-07-03 22:31:03.038183,03/07/26,22:31:3
10372,0.35,10.372,347.0883146934053,13290280357,2026-07-03 22:31:13.410183,03/07/26,22:31:13
10361,0.35,10.361,347.4568091883023,13290290718,2026-07-03 22:31:23.771183,03/07/26,22:31:23
10358,0.35,10.358,347.55744352191545,13290301076,2026-07-03 22:31:34.129183,03/07/26,22:31:34
10397,0.35,10.397,346.25372703664516,13290311473,2026-07-03 22:31:44.526183,03/07/26,22:31:44
10316,0.35,10.316,348.9724699495929,13290321789,2026-07-03 22:31:54.842183,03/07/26,22:31:54
10383,0.35,10.383,346.72060098237506,13290332172,2026-07-03 22:32:05.225183,03/07/26,22:32:5
10465,0.34,10.465,344.00382226469185,13290342637,2026-07-03 22:32:15.690183,03/07/26,22:32:15
10503,0.34,10.503,342.7592116538132,13290353140,2026-07-03 22:32:26.193183,03/07/26,22:32:26
10493,0.34,10.493,343.08586676832175,13290363633,2026-07-03 22:32:36.686183,03/07/26,22:32:36
10537,0.34,10.537,341.6532219796906,13290374170,2026-07-03 22:32:47.223183,03/07/26,22:32:47
10521,0.34,10.521,342.1727972626176,13290384691,2026-07-03 22:32:57.744183,03/07/26,22:32:57
10583,0.34,10.583,340.1681942738354,13290395274,2026-07-03 22:33:08.327183,03/07/26,22:33:8
10646,0.34,10.646,338.1551756528274,13290405920,2026-07-03 22:33:18.973183,03/07/26,22:33:18
10673,0.34,10.673,337.29972828633,13290416593,2026-07-03 22:33:29.646183,03/07/26,22:33:29
10679,0.34,10.679,337.1102163123888,13290427272,2026-07-03 22:33:40.325183,03/07/26,22:33:40
10697,0.34,10.697,336.54295596896327,13290437969,2026-07-03 22:33:51.022183,03/07/26,22:33:51
10642,0.34,10.642,338.28227776733695,13290448611,2026-07-03 22:34:01.664183,03/07/26,22:34:1
10709,0.34,10.709,336.16584181529555,13290459320,2026-07-03 22:34:12.373183,03/07/26,22:34:12
10714,0.34,10.714,336.0089602389397,13290470034,2026-07-03 22:34:23.087183,03/07/26,22:34:23
10732,0.34,10.732,335.44539694371974,13290480766,2026-07-03 22:34:33.819183,03/07/26,22:34:33
10766,0.33,10.766,334.3860300947427,13290491532,2026-07-03 22:34:44.585183,03/07/26,22:34:44
10727,0.34,10.727,335.60175258693016,13290502259,2026-07-03 22:34:55.312183,03/07/26,22:34:55
10745,0.34,10.745,335.0395532805956,13290513004,2026-07-03 22:35:06.057183,03/07/26,22:35:6
10753,0.33,10.753,334.7902910815586,13290523757,2026-07-03 22:35:16.810183,03/07/26,22:35:16
10761,0.33,10.761,334.5413994981879,13290534518,2026-07-03 22:35:27.571183,03/07/26,22:35:27
13277,0.27,13.277,271.14559011824963,13290547795,2026-07-03 22:35:40.848183,03/07/26,22:35:40
13442,0.27,13.442,267.8172890938848,13290561237,2026-07-03 22:35:54.290183,03/07/26,22:35:54
13367,0.27,13.367,269.31996708311516,13290574604,2026-07-03 22:36:07.657183,03/07/26,22:36:7
13418,0.27,13.418,268.2963183782978,13290588022,2026-07-03 22:36:21.075183,03/07/26,22:36:21
13404,0.27,13.404,268.5765443151298,13290601426,2026-07-03 22:36:34.479183,03/07/26,22:36:34
13443,0.27,13.443,267.79736665922786,13290614869,2026-07-03 22:36:47.922183,03/07/26,22:36:47
13238,0.27,13.238,271.94440247771564,13290628107,2026-07-03 22:37:01.160183,03/07/26,22:37:1
13404,0.27,13.404,268.5765443151298,13290641511,2026-07-03 22:37:14.564183,03/07/26,22:37:14
13432,0.27,13.432,268.01667659321026,13290654943,2026-07-03 22:37:27.996183,03/07/26,22:37:27
13452,0.27,13.452,267.6181980374665,13290668395,2026-07-03 22:37:41.448183,03/07/26,22:37:41
13271,0.27,13.271,271.2681787355889,13290681666,2026-07-03 22:37:54.719183,03/07/26,22:37:54
13350,0.27,13.35,269.6629213483146,13290695016,2026-07-03 22:38:08.069183,03/07/26,22:38:8
13384,0.27,13.384,268.97788404064556,13290708400,2026-07-03 22:38:21.453183,03/07/26,22:38:21
13433,0.27,13.433,267.99672448447853,13290721833,2026-07-03 22:38:34.886183,03/07/26,22:38:34
13429,0.27,13.429,268.0765507483804,13290735262,2026-07-03 22:38:48.315183,03/07/26,22:38:48
13254,0.27,13.254,271.61611588954275,13290748516,2026-07-03 22:39:01.569183,03/07/26,22:39:1
13426,0.27,13.426,268.13645166095637,13290761942,2026-07-03 22:39:14.995183,03/07/26,22:39:14
13371,0.27,13.371,269.2393986986762,13290775313,2026-07-03 22:39:28.366183,03/07/26,22:39:28
13263,0.27,13.263,271.43180275955666,13290788576,2026-07-03 22:39:41.629183,03/07/26,22:39:41
13130,0.27,13.13,274.1812642802742,13290801706,2026-07-03 22:39:54.759183,03/07/26,22:39:54
13362,0.27,13.362,269.4207453973956,13290815068,2026-07-03 22:40:08.121183,03/07/26,22:40:8
13425,0.27,13.425,268.1564245810056,13290828493,2026-07-03 22:40:21.546183,03/07/26,22:40:21
13428,0.27,13.428,268.0965147453083,13290841921,2026-07-03 22:40:34.974183,03/07/26,22:40:34
13428,0.27,13.428,268.0965147453083,13290855349,2026-07-03 22:40:48.402183,03/07/26,22:40:48
13398,0.27,13.398,268.6968204209584,13290868747,2026-07-03 22:41:01.800183,03/07/26,22:41:1
13440,0.27,13.44,267.85714285714283,13290882187,2026-07-03 22:41:15.240183,03/07/26,22:41:15
13442,0.27,13.442,267.8172890938848,13290895629,2026-07-03 22:41:28.682183,03/07/26,22:41:28
13424,0.27,13.424,268.17640047675803,13290909053,2026-07-03 22:41:42.106183,03/07/26,22:41:42
13407,0.27,13.407,268.51644663235624,13290922460,2026-07-03 22:41:55.513183,03/07/26,22:41:55
13405,0.27,13.405,268.55650876538607,13290935865,2026-07-03 22:42:08.918183,03/07/26,22:42:8
13383,0.27,13.383,268.9979825151311,13290949248,2026-07-03 22:42:22.301183,03/07/26,22:42:22
13270,0.27,13.27,271.2886209495102,13290962518,2026-07-03 22:42:35.571183,03/07/26,22:42:35
13474,0.27,13.474,267.1812379397358,13290975992,2026-07-03 22:42:49.045183,03/07/26,22:42:49
13386,0.27,13.386,268.9376961004034,13290989378,2026-07-03 22:43:02.431183,03/07/26,22:43:2
13384,0.27,13.384,268.97788404064556,13291002762,2026-07-03 22:43:15.815183,03/07/26,22:43:15
13380,0.27,13.38,269.05829596412553,13291016142,2026-07-03 22:43:29.195183,03/07/26,22:43:29
13362,0.27,13.362,269.4207453973956,13291029504,2026-07-03 22:43:42.557183,03/07/26,22:43:42
13224,0.27,13.224,272.2323049001815,13291042728,2026-07-03 22:43:55.781183,03/07/26,22:43:55
13263,0.27,13.263,271.43180275955666,13291055991,2026-07-03 22:44:09.044183,03/07/26,22:44:9
13317,0.27,13.317,270.33115566569046,13291069308,2026-07-03 22:44:22.361183,03/07/26,22:44:22
13242,0.27,13.242,271.8622564567286,13291082550,2026-07-03 22:44:35.603183,03/07/26,22:44:35
13250,0.27,13.25,271.6981132075472,13291095800,2026-07-03 22:44:48.853183,03/07/26,22:44:48
13097,0.27,13.097,274.87210811636254,13291108897,2026-07-03 22:45:01.950183,03/07/26,22:45:1
13151,0.27,13.151,273.74344156337924,13291122048,2026-07-03 22:45:15.101183,03/07/26,22:45:15
13248,0.27,13.248,271.7391304347826,13291135296,2026-07-03 22:45:28.349183,03/07/26,22:45:28
13237,0.27,13.237,271.96494674019795,13291148533,2026-07-03 22:45:41.586183,03/07/26,22:45:41
13261,0.27,13.261,271.4727396123973,13291161794,2026-07-03 22:45:54.847183,03/07/26,22:45:54
13205,0.27,13.205,272.62400605831124,13291174999,2026-07-03 22:46:08.052183,03/07/26,22:46:8
13206,0.27,13.206,272.60336210813267,13291188205,2026-07-03 22:46:21.258183,03/07/26,22:46:21
13250,0.27,13.25,271.6981132075472,13291201455,2026-07-03 22:46:34.508183,03/07/26,22:46:34
13296,0.27,13.296,270.7581227436823,13291214751,2026-07-03 22:46:47.804183,03/07/26,22:46:47
13227,0.27,13.227,272.17056021773647,13291227978,2026-07-03 22:47:01.031183,03/07/26,22:47:1
13279,0.27,13.279,271.1047518638452,13291241257,2026-07-03 22:47:14.310183,03/07/26,22:47:14
13299,0.27,13.299,270.6970448905933,13291254556,2026-07-03 22:47:27.609183,03/07/26,22:47:27
13304,0.27,13.304,270.59530968129883,13291267860,2026-07-03 22:47:40.913183,03/07/26,22:47:40
13317,0.27,13.317,270.33115566569046,13291281177,2026-07-03 22:47:54.230183,03/07/26,22:47:54
13254,0.27,13.254,271.61611588954275,13291294431,2026-07-03 22:48:07.484183,03/07/26,22:48:7
13242,0.27,13.242,271.8622564567286,13291307673,2026-07-03 22:48:20.726183,03/07/26,22:48:20
13253,0.27,13.253,271.6366105787369,13291320926,2026-07-03 22:48:33.979183,03/07/26,22:48:33
13273,0.27,13.273,271.22730354855724,13291334199,2026-07-03 22:48:47.252183,03/07/26,22:48:47
13234,0.27,13.234,272.0265981562642,13291347433,2026-07-03 22:49:00.486183,03/07/26,22:49:0
13252,0.27,13.252,271.6571083610021,13291360685,2026-07-03 22:49:13.738183,03/07/26,22:49:13
13248,0.27,13.248,271.7391304347826,13291373933,2026-07-03 22:49:26.986183,03/07/26,22:49:26
13299,0.27,13.299,270.6970448905933,13291387232,2026-07-03 22:49:40.285183,03/07/26,22:49:40
13148,0.27,13.148,273.8059020383328,13291400380,2026-07-03 22:49:53.433183,03/07/26,22:49:53
12832,0.28,12.832,280.54862842892766,13291413212,2026-07-03 22:50:06.265183,03/07/26,22:50:6
12830,0.28,12.83,280.59236165237724,13291426042,2026-07-03 22:50:19.095183,03/07/26,22:50:19
13005,0.28,13.005,276.8166089965398,13291439047,2026-07-03 22:50:32.100183,03/07/26,22:50:32
13215,0.27,13.215,272.4177071509648,13291452262,2026-07-03 22:50:45.315183,03/07/26,22:50:45
13077,0.28,13.077,275.29249827942186,13291465339,2026-07-03 22:50:58.392183,03/07/26,22:50:58
13409,0.27,13.409,268.47639645014544,13291478748,2026-07-03 22:51:11.801183,03/07/26,22:51:11
13387,0.27,13.387,268.917606633301,13291492135,2026-07-03 22:51:25.188183,03/07/26,22:51:25
13386,0.27,13.386,268.9376961004034,13291505521,2026-07-03 22:51:38.574183,03/07/26,22:51:38
13313,0.27,13.313,270.4123788777886,13291518834,2026-07-03 22:51:51.887183,03/07/26,22:51:51
13210,0.27,13.21,272.5208175624527,13291532044,2026-07-03 22:52:05.097183,03/07/26,22:52:5
13334,0.27,13.334,269.98650067496624,13291545378,2026-07-03 22:52:18.431183,03/07/26,22:52:18
13306,0.27,13.306,270.554637005862,13291558684,2026-07-03 22:52:31.737183,03/07/26,22:52:31
13156,0.27,13.156,273.6394040741867,13291571840,2026-07-03 22:52:44.893183,03/07/26,22:52:44
12978,0.28,12.978,277.39251040221916,13291584818,2026-07-03 22:52:57.871183,03/07/26,22:52:57
12911,0.28,12.911,278.8320037177601,13291597729,2026-07-03 22:53:10.782183,03/07/26,22:53:10
12912,0.28,12.912,278.81040892193306,13291610641,2026-07-03 22:53:23.694183,03/07/26,22:53:23
12780,0.28,12.78,281.6901408450704,13291623421,2026-07-03 22:53:36.474183,03/07/26,22:53:36
12852,0.28,12.852,280.1120448179272,13291636273,2026-07-03 22:53:49.326183,03/07/26,22:53:49
12951,0.28,12.951,277.9708130646282,13291649224,2026-07-03 22:54:02.277183,03/07/26,22:54:2
