Interval,kWh,sec,Wh,cumul(ms),dates,days,heure
16243,0.22,16.243,221.6339346179893,3982162678,2026-03-07 00:00:01.323551,07/03/26,0:0:1
16432,0.22,16.432,219.08471275559884,3982179110,2026-03-07 00:00:17.755551,07/03/26,0:0:17
16486,0.22,16.486,218.3670993570302,3982195596,2026-03-07 00:00:34.241551,07/03/26,0:0:34
16479,0.22,16.479,218.4598580010923,3982212075,2026-03-07 00:00:50.720551,07/03/26,0:0:50
16447,0.22,16.447,218.88490302182768,3982228522,2026-03-07 00:01:07.167551,07/03/26,0:1:7
16476,0.22,16.476,218.4996358339403,3982244998,2026-03-07 00:01:23.643551,07/03/26,0:1:23
16521,0.22,16.521,217.9044852006537,3982261519,2026-03-07 00:01:40.164551,07/03/26,0:1:40
16527,0.22,16.527,217.82537665638046,3982278046,2026-03-07 00:01:56.691551,07/03/26,0:1:56
16525,0.22,16.525,217.8517397881997,3982294571,2026-03-07 00:02:13.216551,07/03/26,0:2:13
16240,0.22,16.24,221.67487684729065,3982310811,2026-03-07 00:02:29.456551,07/03/26,0:2:29
16560,0.22,16.56,217.3913043478261,3982327371,2026-03-07 00:02:46.016551,07/03/26,0:2:46
16677,0.22,16.677,215.86616297895304,3982344048,2026-03-07 00:03:02.693551,07/03/26,0:3:2
16776,0.21,16.776,214.59227467811158,3982360824,2026-03-07 00:03:19.469551,07/03/26,0:3:19
16805,0.21,16.805,214.22195775066945,3982377629,2026-03-07 00:03:36.274551,07/03/26,0:3:36
16917,0.21,16.917,212.80368859726903,3982394546,2026-03-07 00:03:53.191551,07/03/26,0:3:53
16857,0.21,16.857,213.56113187399893,3982411403,2026-03-07 00:04:10.048551,07/03/26,0:4:10
16809,0.21,16.809,214.17097983223275,3982428212,2026-03-07 00:04:26.857551,07/03/26,0:4:26
16676,0.22,16.676,215.87910769968818,3982444888,2026-03-07 00:04:43.533551,07/03/26,0:4:43
16764,0.21,16.764,214.74588403722262,3982461652,2026-03-07 00:05:00.297551,07/03/26,0:5:0
17123,0.21,17.123,210.24353209133915,3982478775,2026-03-07 00:05:17.420551,07/03/26,0:5:17
17787,0.2,17.787,202.3950075898128,3982496562,2026-03-07 00:05:35.207551,07/03/26,0:5:35
24515,0.15,24.515,146.8488680399755,3982521077,2026-03-07 00:05:59.722551,07/03/26,0:5:59
24828,0.14,24.828,144.99758337361044,3982545905,2026-03-07 00:06:24.550551,07/03/26,0:6:24
24830,0.14,24.83,144.98590414820782,3982570735,2026-03-07 00:06:49.380551,07/03/26,0:6:49
24880,0.14,24.88,144.6945337620579,3982595615,2026-03-07 00:07:14.260551,07/03/26,0:7:14
24777,0.14,24.777,145.2960406828914,3982620392,2026-03-07 00:07:39.037551,07/03/26,0:7:39
24820,0.14,24.82,145.044319097502,3982645212,2026-03-07 00:08:03.857551,07/03/26,0:8:3
24725,0.14,24.725,145.6016177957533,3982669937,2026-03-07 00:08:28.582551,07/03/26,0:8:28
24757,0.14,24.757,145.41341842711154,3982694694,2026-03-07 00:08:53.339551,07/03/26,0:8:53
24677,0.14,24.677,145.88483202982533,3982719371,2026-03-07 00:09:18.016551,07/03/26,0:9:18
24915,0.14,24.915,144.4912703190849,3982744286,2026-03-07 00:09:42.931551,07/03/26,0:9:42
24731,0.14,24.731,145.56629331608104,3982769017,2026-03-07 00:10:07.662551,07/03/26,0:10:7
24882,0.14,24.882,144.68290330359295,3982793899,2026-03-07 00:10:32.544551,07/03/26,0:10:32
24777,0.14,24.777,145.2960406828914,3982818676,2026-03-07 00:10:57.321551,07/03/26,0:10:57
24825,0.14,24.825,145.01510574018127,3982843501,2026-03-07 00:11:22.146551,07/03/26,0:11:22
24886,0.14,24.886,144.65964799485656,3982868387,2026-03-07 00:11:47.032551,07/03/26,0:11:47
24832,0.14,24.832,144.9742268041237,3982893219,2026-03-07 00:12:11.864551,07/03/26,0:12:11
24847,0.14,24.847,144.88670664466534,3982918066,2026-03-07 00:12:36.711551,07/03/26,0:12:36
24929,0.14,24.929,144.41012475430222,3982942995,2026-03-07 00:13:01.640551,07/03/26,0:13:1
25214,0.14,25.214,142.77782184500674,3982968209,2026-03-07 00:13:26.854551,07/03/26,0:13:26
25294,0.14,25.294,142.32624337787618,3982993503,2026-03-07 00:13:52.148551,07/03/26,0:13:52
25064,0.14,25.064,143.63230130864986,3983018567,2026-03-07 00:14:17.212551,07/03/26,0:14:17
25063,0.14,25.063,143.63803215895942,3983043630,2026-03-07 00:14:42.275551,07/03/26,0:14:42
24788,0.14,24.788,145.23156365983542,3983068418,2026-03-07 00:15:07.063551,07/03/26,0:15:7
25159,0.14,25.159,143.08994793115784,3983093577,2026-03-07 00:15:32.222551,07/03/26,0:15:32
25125,0.14,25.125,143.28358208955223,3983118702,2026-03-07 00:15:57.347551,07/03/26,0:15:57
25180,0.14,25.18,142.97061159650517,3983143882,2026-03-07 00:16:22.527551,07/03/26,0:16:22
25101,0.14,25.101,143.42058085335245,3983168983,2026-03-07 00:16:47.628551,07/03/26,0:16:47
25077,0.14,25.077,143.5578418471109,3983194060,2026-03-07 00:17:12.705551,07/03/26,0:17:12
25134,0.14,25.134,143.232275005968,3983219194,2026-03-07 00:17:37.839551,07/03/26,0:17:37
25186,0.14,25.186,142.9365520527277,3983244380,2026-03-07 00:18:03.025551,07/03/26,0:18:3
25223,0.14,25.223,142.72687626372755,3983269603,2026-03-07 00:18:28.248551,07/03/26,0:18:28
25229,0.14,25.229,142.69293273613698,3983294832,2026-03-07 00:18:53.477551,07/03/26,0:18:53
25182,0.14,25.182,142.9592566118656,3983320014,2026-03-07 00:19:18.659551,07/03/26,0:19:18
25065,0.14,25.065,143.6265709156194,3983345079,2026-03-07 00:19:43.724551,07/03/26,0:19:43
25049,0.14,25.049,143.71831210826778,3983370128,2026-03-07 00:20:08.773551,07/03/26,0:20:8
25299,0.14,25.299,142.29811454998222,3983395427,2026-03-07 00:20:34.072551,07/03/26,0:20:34
25218,0.14,25.218,142.7551748750892,3983420645,2026-03-07 00:20:59.290551,07/03/26,0:20:59
25307,0.14,25.307,142.2531315446319,3983445952,2026-03-07 00:21:24.597551,07/03/26,0:21:24
25302,0.14,25.302,142.28124258951863,3983471254,2026-03-07 00:21:49.899551,07/03/26,0:21:49
25269,0.14,25.269,142.46705449364833,3983496523,2026-03-07 00:22:15.168551,07/03/26,0:22:15
25468,0.14,25.468,141.35385581906706,3983521991,2026-03-07 00:22:40.636551,07/03/26,0:22:40
25464,0.14,25.464,141.3760603204524,3983547455,2026-03-07 00:23:06.100551,07/03/26,0:23:6
25315,0.14,25.315,142.2081769701758,3983572770,2026-03-07 00:23:31.415551,07/03/26,0:23:31
25114,0.14,25.114,143.3463406864697,3983597884,2026-03-07 00:23:56.529551,07/03/26,0:23:56
25155,0.14,25.155,143.11270125223615,3983623039,2026-03-07 00:24:21.684551,07/03/26,0:24:21
25385,0.14,25.385,141.81603309040773,3983648424,2026-03-07 00:24:47.069551,07/03/26,0:24:47
25237,0.14,25.237,142.64769980584063,3983673661,2026-03-07 00:25:12.306551,07/03/26,0:25:12
25258,0.14,25.258,142.52909969118696,3983698919,2026-03-07 00:25:37.564551,07/03/26,0:25:37
25365,0.14,25.365,141.92785334121822,3983724284,2026-03-07 00:26:02.929551,07/03/26,0:26:2
25352,0.14,25.352,142.00063111391606,3983749636,2026-03-07 00:26:28.281551,07/03/26,0:26:28
25301,0.14,25.301,142.28686613177345,3983774937,2026-03-07 00:26:53.582551,07/03/26,0:26:53
25389,0.14,25.389,141.79369018078697,3983800326,2026-03-07 00:27:18.971551,07/03/26,0:27:18
25295,0.14,25.295,142.32061672267247,3983825621,2026-03-07 00:27:44.266551,07/03/26,0:27:44
25317,0.14,25.317,142.19694276573054,3983850938,2026-03-07 00:28:09.583551,07/03/26,0:28:9
25346,0.14,25.346,142.0342460348773,3983876284,2026-03-07 00:28:34.929551,07/03/26,0:28:34
25154,0.14,25.154,143.11839071320665,3983901438,2026-03-07 00:29:00.083551,07/03/26,0:29:0
25177,0.14,25.177,142.98764745601144,3983926615,2026-03-07 00:29:25.260551,07/03/26,0:29:25
25257,0.14,25.257,142.53474284356813,3983951872,2026-03-07 00:29:50.517551,07/03/26,0:29:50
25284,0.14,25.284,142.38253440911248,3983977156,2026-03-07 00:30:15.801551,07/03/26,0:30:15
25380,0.14,25.38,141.84397163120568,3984002536,2026-03-07 00:30:41.181551,07/03/26,0:30:41
25248,0.14,25.248,142.58555133079847,3984027784,2026-03-07 00:31:06.429551,07/03/26,0:31:6
25251,0.14,25.251,142.5686111441131,3984053035,2026-03-07 00:31:31.680551,07/03/26,0:31:31
25303,0.14,25.303,142.27561949175987,3984078338,2026-03-07 00:31:56.983551,07/03/26,0:31:56
25209,0.14,25.209,142.80614066404854,3984103547,2026-03-07 00:32:22.192551,07/03/26,0:32:22
25217,0.14,25.217,142.76083594400603,3984128764,2026-03-07 00:32:47.409551,07/03/26,0:32:47
25220,0.14,25.22,142.74385408406027,3984153984,2026-03-07 00:33:12.629551,07/03/26,0:33:12
25105,0.14,25.105,143.39772953594903,3984179089,2026-03-07 00:33:37.734551,07/03/26,0:33:37
25256,0.14,25.256,142.54038644282548,3984204345,2026-03-07 00:34:02.990551,07/03/26,0:34:2
25064,0.14,25.064,143.63230130864986,3984229409,2026-03-07 00:34:28.054551,07/03/26,0:34:28
25210,0.14,25.21,142.80047600158667,3984254619,2026-03-07 00:34:53.264551,07/03/26,0:34:53
25270,0.14,25.27,142.46141669964385,3984279889,2026-03-07 00:35:18.534551,07/03/26,0:35:18
25222,0.14,25.222,142.73253508841486,3984305111,2026-03-07 00:35:43.756551,07/03/26,0:35:43
25154,0.14,25.154,143.11839071320665,3984330265,2026-03-07 00:36:08.910551,07/03/26,0:36:8
25316,0.14,25.316,142.20255964607364,3984355581,2026-03-07 00:36:34.226551,07/03/26,0:36:34
25174,0.14,25.174,143.004687375864,3984380755,2026-03-07 00:36:59.400551,07/03/26,0:36:59
25137,0.14,25.137,143.21518080916576,3984405892,2026-03-07 00:37:24.537551,07/03/26,0:37:24
25173,0.14,25.173,143.01036825169825,3984431065,2026-03-07 00:37:49.710551,07/03/26,0:37:49
25145,0.14,25.145,143.16961622588983,3984456210,2026-03-07 00:38:14.855551,07/03/26,0:38:14
25168,0.14,25.168,143.03877940241577,3984481378,2026-03-07 00:38:40.023551,07/03/26,0:38:40
25084,0.14,25.084,143.517780258332,3984506462,2026-03-07 00:39:05.107551,07/03/26,0:39:5
25192,0.14,25.192,142.9025087329311,3984531654,2026-03-07 00:39:30.299551,07/03/26,0:39:30
25193,0.14,25.193,142.89683642281585,3984556847,2026-03-07 00:39:55.492551,07/03/26,0:39:55
25390,0.14,25.39,141.78810555336747,3984582237,2026-03-07 00:40:20.882551,07/03/26,0:40:20
25317,0.14,25.317,142.19694276573054,3984607554,2026-03-07 00:40:46.199551,07/03/26,0:40:46
25241,0.14,25.241,142.625094092944,3984632795,2026-03-07 00:41:11.440551,07/03/26,0:41:11
25208,0.14,25.208,142.81180577594415,3984658003,2026-03-07 00:41:36.648551,07/03/26,0:41:36
25155,0.14,25.155,143.11270125223615,3984683158,2026-03-07 00:42:01.803551,07/03/26,0:42:1
25238,0.14,25.238,142.6420477058404,3984708396,2026-03-07 00:42:27.041551,07/03/26,0:42:27
25023,0.14,25.023,143.867641769572,3984733419,2026-03-07 00:42:52.064551,07/03/26,0:42:52
25103,0.14,25.103,143.4091542843485,3984758522,2026-03-07 00:43:17.167551,07/03/26,0:43:17
25170,0.14,25.17,143.0274135876043,3984783692,2026-03-07 00:43:42.337551,07/03/26,0:43:42
25115,0.14,25.115,143.34063308779614,3984808807,2026-03-07 00:44:07.452551,07/03/26,0:44:7
25112,0.14,25.112,143.35775724753105,3984833919,2026-03-07 00:44:32.564551,07/03/26,0:44:32
25097,0.14,25.097,143.44343945491494,3984859016,2026-03-07 00:44:57.661551,07/03/26,0:44:57
25212,0.14,25.212,142.78914802475012,3984884228,2026-03-07 00:45:22.873551,07/03/26,0:45:22
25159,0.14,25.159,143.08994793115784,3984909387,2026-03-07 00:45:48.032551,07/03/26,0:45:48
25106,0.14,25.106,143.39201784434,3984934493,2026-03-07 00:46:13.138551,07/03/26,0:46:13
25142,0.14,25.142,143.18669954657545,3984959635,2026-03-07 00:46:38.280551,07/03/26,0:46:38
25056,0.14,25.056,143.67816091954023,3984984691,2026-03-07 00:47:03.336551,07/03/26,0:47:3
25173,0.14,25.173,143.01036825169825,3985009864,2026-03-07 00:47:28.509551,07/03/26,0:47:28
25229,0.14,25.229,142.69293273613698,3985035093,2026-03-07 00:47:53.738551,07/03/26,0:47:53
25327,0.14,25.327,142.1407983574841,3985060420,2026-03-07 00:48:19.065551,07/03/26,0:48:19
25232,0.14,25.232,142.67596702599874,3985085652,2026-03-07 00:48:44.297551,07/03/26,0:48:44
25067,0.14,25.067,143.61511150117684,3985110719,2026-03-07 00:49:09.364551,07/03/26,0:49:9
25072,0.14,25.072,143.58647096362475,3985135791,2026-03-07 00:49:34.436551,07/03/26,0:49:34
25076,0.14,25.076,143.56356675705854,3985160867,2026-03-07 00:49:59.512551,07/03/26,0:49:59
25193,0.14,25.193,142.89683642281585,3985186060,2026-03-07 00:50:24.705551,07/03/26,0:50:24
25208,0.14,25.208,142.81180577594415,3985211268,2026-03-07 00:50:49.913551,07/03/26,0:50:49
25347,0.14,25.347,142.02864244289265,3985236615,2026-03-07 00:51:15.260551,07/03/26,0:51:15
25179,0.14,25.179,142.9762897652806,3985261794,2026-03-07 00:51:40.439551,07/03/26,0:51:40
25221,0.14,25.221,142.73819436184132,3985287015,2026-03-07 00:52:05.660551,07/03/26,0:52:5
24987,0.14,24.987,144.07491895785807,3985312002,2026-03-07 00:52:30.647551,07/03/26,0:52:30
25110,0.14,25.11,143.36917562724014,3985337112,2026-03-07 00:52:55.757551,07/03/26,0:52:55
25266,0.14,25.266,142.48397055331276,3985362378,2026-03-07 00:53:21.023551,07/03/26,0:53:21
25146,0.14,25.146,143.16392269148176,3985387524,2026-03-07 00:53:46.169551,07/03/26,0:53:46
19774,0.18,19.774,182.05724688985538,3985407298,2026-03-07 00:54:05.943551,07/03/26,0:54:5
16483,0.22,16.483,218.406843414427,3985423781,2026-03-07 00:54:22.426551,07/03/26,0:54:22
16404,0.22,16.404,219.45866861741038,3985440185,2026-03-07 00:54:38.830551,07/03/26,0:54:38
16397,0.22,16.397,219.55235713850095,3985456582,2026-03-07 00:54:55.227551,07/03/26,0:54:55
16473,0.22,16.473,218.539428155163,3985473055,2026-03-07 00:55:11.700551,07/03/26,0:55:11
16517,0.22,16.517,217.95725616031967,3985489572,2026-03-07 00:55:28.217551,07/03/26,0:55:28
16617,0.22,16.617,216.64560389962088,3985506189,2026-03-07 00:55:44.834551,07/03/26,0:55:44
16573,0.22,16.573,217.22078078802872,3985522762,2026-03-07 00:56:01.407551,07/03/26,0:56:1
16698,0.22,16.698,215.59468199784405,3985539460,2026-03-07 00:56:18.105551,07/03/26,0:56:18
16807,0.21,16.807,214.196465758315,3985556267,2026-03-07 00:56:34.912551,07/03/26,0:56:34
16834,0.21,16.834,213.85291671616966,3985573101,2026-03-07 00:56:51.746551,07/03/26,0:56:51
16730,0.22,16.73,215.18230723251645,3985589831,2026-03-07 00:57:08.476551,07/03/26,0:57:8
16703,0.22,16.703,215.5301442854577,3985606534,2026-03-07 00:57:25.179551,07/03/26,0:57:25
16920,0.21,16.92,212.7659574468085,3985623454,2026-03-07 00:57:42.099551,07/03/26,0:57:42
16940,0.21,16.94,212.51475796930342,3985640394,2026-03-07 00:57:59.039551,07/03/26,0:57:59
17021,0.21,17.021,211.5034369308501,3985657415,2026-03-07 00:58:16.060551,07/03/26,0:58:16
16983,0.21,16.983,211.97668256491787,3985674398,2026-03-07 00:58:33.043551,07/03/26,0:58:33
17034,0.21,17.034,211.34202183867558,3985691432,2026-03-07 00:58:50.077551,07/03/26,0:58:50
17060,0.21,17.06,211.01992966002345,3985708492,2026-03-07 00:59:07.137551,07/03/26,0:59:7
17003,0.21,17.003,211.72734223372345,3985725495,2026-03-07 00:59:24.140551,07/03/26,0:59:24
17049,0.21,17.049,211.15607953545663,3985742544,2026-03-07 00:59:41.189551,07/03/26,0:59:41
17021,0.21,17.021,211.5034369308501,3985759565,2026-03-07 00:59:58.210551,07/03/26,0:59:58
17090,0.21,17.09,210.64950263311877,3985776655,2026-03-07 01:00:15.300551,07/03/26,1:0:15
17134,0.21,17.134,210.10855608731177,3985793789,2026-03-07 01:00:32.434551,07/03/26,1:0:32
17157,0.21,17.157,209.8268928134289,3985810946,2026-03-07 01:00:49.591551,07/03/26,1:0:49
16820,0.21,16.82,214.0309155766944,3985827766,2026-03-07 01:01:06.411551,07/03/26,1:1:6
16924,0.21,16.924,212.71567005436066,3985844690,2026-03-07 01:01:23.335551,07/03/26,1:1:23
19889,0.18,19.889,181.00457539343356,3985864579,2026-03-07 01:01:43.224551,07/03/26,1:1:43
24447,0.15,24.447,147.25733218799851,3985889026,2026-03-07 01:02:07.671551,07/03/26,1:2:7
23959,0.15,23.959,150.25668850953713,3985912985,2026-03-07 01:02:31.630551,07/03/26,1:2:31
24508,0.15,24.508,146.89081116370164,3985937493,2026-03-07 01:02:56.138551,07/03/26,1:2:56
24572,0.15,24.572,146.50822073905258,3985962065,2026-03-07 01:03:20.710551,07/03/26,1:3:20
24461,0.15,24.461,147.1730509791096,3985986526,2026-03-07 01:03:45.171551,07/03/26,1:3:45
24542,0.15,24.542,146.68731154755113,3986011068,2026-03-07 01:04:09.713551,07/03/26,1:4:9
24824,0.14,24.824,145.02094747019015,3986035892,2026-03-07 01:04:34.537551,07/03/26,1:4:34
24436,0.15,24.436,147.32362088721558,3986060328,2026-03-07 01:04:58.973551,07/03/26,1:4:58
23823,0.15,23.823,151.1144692104269,3986084151,2026-03-07 01:05:22.796551,07/03/26,1:5:22
23841,0.15,23.841,151.00037750094376,3986107992,2026-03-07 01:05:46.637551,07/03/26,1:5:46
23559,0.15,23.559,152.80784413599898,3986131551,2026-03-07 01:06:10.196551,07/03/26,1:6:10
23584,0.15,23.584,152.64586160108547,3986155135,2026-03-07 01:06:33.780551,07/03/26,1:6:33
23806,0.15,23.806,151.22238091237503,3986178941,2026-03-07 01:06:57.586551,07/03/26,1:6:57
23717,0.15,23.717,151.7898553779989,3986202658,2026-03-07 01:07:21.303551,07/03/26,1:7:21
23825,0.15,23.825,151.10178384050369,3986226483,2026-03-07 01:07:45.128551,07/03/26,1:7:45
23737,0.15,23.737,151.66196233727936,3986250220,2026-03-07 01:08:08.865551,07/03/26,1:8:8
23789,0.15,23.789,151.33044684518055,3986274009,2026-03-07 01:08:32.654551,07/03/26,1:8:32
23700,0.15,23.7,151.8987341772152,3986297709,2026-03-07 01:08:56.354551,07/03/26,1:8:56
23918,0.15,23.918,150.51425704490342,3986321627,2026-03-07 01:09:20.272551,07/03/26,1:9:20
23813,0.15,23.813,151.17792802250872,3986345440,2026-03-07 01:09:44.085551,07/03/26,1:9:44
23782,0.15,23.782,151.37498948784796,3986369222,2026-03-07 01:10:07.867551,07/03/26,1:10:7
23954,0.15,23.954,150.28805209985805,3986393176,2026-03-07 01:10:31.821551,07/03/26,1:10:31
23865,0.15,23.865,150.8485229415462,3986417041,2026-03-07 01:10:55.686551,07/03/26,1:10:55
23917,0.15,23.917,150.52055023623365,3986440958,2026-03-07 01:11:19.603551,07/03/26,1:11:19
23800,0.15,23.8,151.26050420168067,3986464758,2026-03-07 01:11:43.403551,07/03/26,1:11:43
23728,0.15,23.728,151.71948752528658,3986488486,2026-03-07 01:12:07.131551,07/03/26,1:12:7
23750,0.15,23.75,151.57894736842104,3986512236,2026-03-07 01:12:30.881551,07/03/26,1:12:30
23832,0.15,23.832,151.05740181268882,3986536068,2026-03-07 01:12:54.713551,07/03/26,1:12:54
24179,0.15,24.179,148.88953223871954,3986560247,2026-03-07 01:13:18.892551,07/03/26,1:13:18
24331,0.15,24.331,147.9593933664872,3986584578,2026-03-07 01:13:43.223551,07/03/26,1:13:43
24022,0.15,24.022,149.86262592623427,3986608600,2026-03-07 01:14:07.245551,07/03/26,1:14:7
24038,0.15,24.038,149.7628754472086,3986632638,2026-03-07 01:14:31.283551,07/03/26,1:14:31
24102,0.15,24.102,149.36519790888724,3986656740,2026-03-07 01:14:55.385551,07/03/26,1:14:55
24075,0.15,24.075,149.53271028037383,3986680815,2026-03-07 01:15:19.460551,07/03/26,1:15:19
24036,0.15,24.036,149.77533699450825,3986704851,2026-03-07 01:15:43.496551,07/03/26,1:15:43
24227,0.15,24.227,148.59454327816073,3986729078,2026-03-07 01:16:07.723551,07/03/26,1:16:7
24170,0.15,24.17,148.94497310715764,3986753248,2026-03-07 01:16:31.893551,07/03/26,1:16:31
24240,0.15,24.24,148.5148514851485,3986777488,2026-03-07 01:16:56.133551,07/03/26,1:16:56
24313,0.15,24.313,148.06893431497554,3986801801,2026-03-07 01:17:20.446551,07/03/26,1:17:20
24248,0.15,24.248,148.46585285384361,3986826049,2026-03-07 01:17:44.694551,07/03/26,1:17:44
24042,0.15,24.042,149.73795857249812,3986850091,2026-03-07 01:18:08.736551,07/03/26,1:18:8
24093,0.15,24.093,149.42099364960777,3986874184,2026-03-07 01:18:32.829551,07/03/26,1:18:32
24209,0.15,24.209,148.70502705605352,3986898393,2026-03-07 01:18:57.038551,07/03/26,1:18:57
24251,0.15,24.251,148.44748670157932,3986922644,2026-03-07 01:19:21.289551,07/03/26,1:19:21
24350,0.15,24.35,147.84394250513347,3986946994,2026-03-07 01:19:45.639551,07/03/26,1:19:45
24270,0.15,24.27,148.33127317676144,3986971264,2026-03-07 01:20:09.909551,07/03/26,1:20:9
24386,0.15,24.386,147.6256868695153,3986995650,2026-03-07 01:20:34.295551,07/03/26,1:20:34
24231,0.15,24.231,148.57001361891793,3987019881,2026-03-07 01:20:58.526551,07/03/26,1:20:58
24261,0.15,24.261,148.38629899839248,3987044142,2026-03-07 01:21:22.787551,07/03/26,1:21:22
24133,0.15,24.133,149.17333112335805,3987068275,2026-03-07 01:21:46.920551,07/03/26,1:21:46
24212,0.15,24.212,148.68660168511482,3987092487,2026-03-07 01:22:11.132551,07/03/26,1:22:11
24169,0.15,24.169,148.95113575241012,3987116656,2026-03-07 01:22:35.301551,07/03/26,1:22:35
24205,0.15,24.205,148.7296013220409,3987140861,2026-03-07 01:22:59.506551,07/03/26,1:22:59
24337,0.15,24.337,147.92291572502774,3987165198,2026-03-07 01:23:23.843551,07/03/26,1:23:23
24413,0.15,24.413,147.4624175644124,3987189611,2026-03-07 01:23:48.256551,07/03/26,1:23:48
24052,0.15,24.052,149.67570264427076,3987213663,2026-03-07 01:24:12.308551,07/03/26,1:24:12
24219,0.15,24.219,148.64362690449647,3987237882,2026-03-07 01:24:36.527551,07/03/26,1:24:36
24180,0.15,24.18,148.8833746898263,3987262062,2026-03-07 01:25:00.707551,07/03/26,1:25:0
24231,0.15,24.231,148.57001361891793,3987286293,2026-03-07 01:25:24.938551,07/03/26,1:25:24
24310,0.15,24.31,148.0872069107363,3987310603,2026-03-07 01:25:49.248551,07/03/26,1:25:49
24285,0.15,24.285,148.23965410747374,3987334888,2026-03-07 01:26:13.533551,07/03/26,1:26:13
24353,0.15,24.353,147.82572988954132,3987359241,2026-03-07 01:26:37.886551,07/03/26,1:26:37
24274,0.15,24.274,148.30683035346462,3987383515,2026-03-07 01:27:02.160551,07/03/26,1:27:2
24181,0.15,24.181,148.87721765022124,3987407696,2026-03-07 01:27:26.341551,07/03/26,1:27:26
24223,0.15,24.223,148.61908103868225,3987431919,2026-03-07 01:27:50.564551,07/03/26,1:27:50
24271,0.15,24.271,148.3251617156277,3987456190,2026-03-07 01:28:14.835551,07/03/26,1:28:14
24284,0.15,24.284,148.2457585241311,3987480474,2026-03-07 01:28:39.119551,07/03/26,1:28:39
24211,0.15,24.211,148.69274296807237,3987504685,2026-03-07 01:29:03.330551,07/03/26,1:29:3
24190,0.15,24.19,148.82182720132286,3987528875,2026-03-07 01:29:27.520551,07/03/26,1:29:27
24093,0.15,24.093,149.42099364960777,3987552968,2026-03-07 01:29:51.613551,07/03/26,1:29:51
24099,0.15,24.099,149.38379185858335,3987577067,2026-03-07 01:30:15.712551,07/03/26,1:30:15
24249,0.15,24.249,148.45973029815661,3987601316,2026-03-07 01:30:39.961551,07/03/26,1:30:39
24069,0.15,24.069,149.56998628941793,3987625385,2026-03-07 01:31:04.030551,07/03/26,1:31:4
24194,0.15,24.194,148.79722245184757,3987649579,2026-03-07 01:31:28.224551,07/03/26,1:31:28
24174,0.15,24.174,148.92032762472078,3987673753,2026-03-07 01:31:52.398551,07/03/26,1:31:52
24242,0.15,24.242,148.50259879547892,3987697995,2026-03-07 01:32:16.640551,07/03/26,1:32:16
24169,0.15,24.169,148.95113575241012,3987722164,2026-03-07 01:32:40.809551,07/03/26,1:32:40
24146,0.15,24.146,149.09301747701483,3987746310,2026-03-07 01:33:04.955551,07/03/26,1:33:4
24088,0.15,24.088,149.45200929923612,3987770398,2026-03-07 01:33:29.043551,07/03/26,1:33:29
24176,0.15,24.176,148.90800794176042,3987794574,2026-03-07 01:33:53.219551,07/03/26,1:33:53
24023,0.15,24.023,149.85638762852267,3987818597,2026-03-07 01:34:17.242551,07/03/26,1:34:17
24206,0.15,24.206,148.7234569941337,3987842803,2026-03-07 01:34:41.448551,07/03/26,1:34:41
24195,0.15,24.195,148.79107253564786,3987866998,2026-03-07 01:35:05.643551,07/03/26,1:35:5
24078,0.15,24.078,149.514079242462,3987891076,2026-03-07 01:35:29.721551,07/03/26,1:35:29
24094,0.15,24.094,149.41479206441437,3987915170,2026-03-07 01:35:53.815551,07/03/26,1:35:53
24187,0.15,24.187,148.8402861041055,3987939357,2026-03-07 01:36:18.002551,07/03/26,1:36:18
24166,0.15,24.166,148.9696267483241,3987963523,2026-03-07 01:36:42.168551,07/03/26,1:36:42
24170,0.15,24.17,148.94497310715764,3987987693,2026-03-07 01:37:06.338551,07/03/26,1:37:6
24051,0.15,24.051,149.68192590744667,3988011744,2026-03-07 01:37:30.389551,07/03/26,1:37:30
24157,0.15,24.157,149.02512729229622,3988035901,2026-03-07 01:37:54.546551,07/03/26,1:37:54
24152,0.15,24.152,149.05597880092745,3988060053,2026-03-07 01:38:18.698551,07/03/26,1:38:18
24007,0.15,24.007,149.95626275669596,3988084060,2026-03-07 01:38:42.705551,07/03/26,1:38:42
24048,0.15,24.048,149.7005988023952,3988108108,2026-03-07 01:39:06.753551,07/03/26,1:39:6
24044,0.15,24.044,149.72550324405256,3988132152,2026-03-07 01:39:30.797551,07/03/26,1:39:30
24018,0.15,24.018,149.88758431176618,3988156170,2026-03-07 01:39:54.815551,07/03/26,1:39:54
24127,0.15,24.127,149.2104281510341,3988180297,2026-03-07 01:40:18.942551,07/03/26,1:40:18
24164,0.15,24.164,148.98195662969707,3988204461,2026-03-07 01:40:43.106551,07/03/26,1:40:43
24063,0.15,24.063,149.60728088766987,3988228524,2026-03-07 01:41:07.169551,07/03/26,1:41:7
24001,0.15,24.001,149.99375026040582,3988252525,2026-03-07 01:41:31.170551,07/03/26,1:41:31
23996,0.15,23.996,150.02500416736123,3988276521,2026-03-07 01:41:55.166551,07/03/26,1:41:55
24093,0.15,24.093,149.42099364960777,3988300614,2026-03-07 01:42:19.259551,07/03/26,1:42:19
23982,0.15,23.982,150.11258443832875,3988324596,2026-03-07 01:42:43.241551,07/03/26,1:42:43
23637,0.15,23.637,152.30359182637392,3988348233,2026-03-07 01:43:06.878551,07/03/26,1:43:6
23706,0.15,23.706,151.8602885345482,3988371939,2026-03-07 01:43:30.584551,07/03/26,1:43:30
23918,0.15,23.918,150.51425704490342,3988395857,2026-03-07 01:43:54.502551,07/03/26,1:43:54
23119,0.16,23.119,155.716077685021,3988418976,2026-03-07 01:44:17.621551,07/03/26,1:44:17
23439,0.15,23.439,153.59017022910533,3988442415,2026-03-07 01:44:41.060551,07/03/26,1:44:41
23437,0.15,23.437,153.60327686990655,3988465852,2026-03-07 01:45:04.497551,07/03/26,1:45:4
23347,0.15,23.347,154.1953998372382,3988489199,2026-03-07 01:45:27.844551,07/03/26,1:45:27
23485,0.15,23.485,153.28933361720246,3988512684,2026-03-07 01:45:51.329551,07/03/26,1:45:51
23395,0.15,23.395,153.87903398162,3988536079,2026-03-07 01:46:14.724551,07/03/26,1:46:14
23554,0.15,23.554,152.84028190540886,3988559633,2026-03-07 01:46:38.278551,07/03/26,1:46:38
23566,0.15,23.566,152.76245438343375,3988583199,2026-03-07 01:47:01.844551,07/03/26,1:47:1
23457,0.15,23.457,153.47231103721703,3988606656,2026-03-07 01:47:25.301551,07/03/26,1:47:25
23640,0.15,23.64,152.28426395939087,3988630296,2026-03-07 01:47:48.941551,07/03/26,1:47:48
23508,0.15,23.508,153.1393568147014,3988653804,2026-03-07 01:48:12.449551,07/03/26,1:48:12
23620,0.15,23.62,152.41320914479255,3988677424,2026-03-07 01:48:36.069551,07/03/26,1:48:36
23503,0.15,23.503,153.17193549759605,3988700927,2026-03-07 01:48:59.572551,07/03/26,1:48:59
23568,0.15,23.568,152.74949083503054,3988724495,2026-03-07 01:49:23.140551,07/03/26,1:49:23
23513,0.15,23.513,153.1067919874112,3988748008,2026-03-07 01:49:46.653551,07/03/26,1:49:46
23444,0.15,23.444,153.55741341068077,3988771452,2026-03-07 01:50:10.097551,07/03/26,1:50:10
23662,0.15,23.662,152.14267602062378,3988795114,2026-03-07 01:50:33.759551,07/03/26,1:50:33
17123,0.21,17.123,210.24353209133915,3988812237,2026-03-07 01:50:50.882551,07/03/26,1:50:50
15815,0.23,15.815,227.63199494151124,3988828052,2026-03-07 01:51:06.697551,07/03/26,1:51:6
15790,0.23,15.79,227.9924002533249,3988843842,2026-03-07 01:51:22.487551,07/03/26,1:51:22
15854,0.23,15.854,227.07203229468902,3988859696,2026-03-07 01:51:38.341551,07/03/26,1:51:38
15826,0.23,15.826,227.47377732844686,3988875522,2026-03-07 01:51:54.167551,07/03/26,1:51:54
15847,0.23,15.847,227.17233545781536,3988891369,2026-03-07 01:52:10.014551,07/03/26,1:52:10
15841,0.23,15.841,227.25838015276813,3988907210,2026-03-07 01:52:25.855551,07/03/26,1:52:25
15921,0.23,15.921,226.11644997173545,3988923131,2026-03-07 01:52:41.776551,07/03/26,1:52:41
15933,0.22,15.933,225.9461495010356,3988939064,2026-03-07 01:52:57.709551,07/03/26,1:52:57
16046,0.22,16.046,224.35497943412688,3988955110,2026-03-07 01:53:13.755551,07/03/26,1:53:13
16042,0.22,16.042,224.4109213315048,3988971152,2026-03-07 01:53:29.797551,07/03/26,1:53:29
16165,0.22,16.165,222.70337148159604,3988987317,2026-03-07 01:53:45.962551,07/03/26,1:53:45
16027,0.22,16.027,224.62095214325825,3989003344,2026-03-07 01:54:01.989551,07/03/26,1:54:1
16068,0.22,16.068,224.04779686333083,3989019412,2026-03-07 01:54:18.057551,07/03/26,1:54:18
16207,0.22,16.207,222.1262417473931,3989035619,2026-03-07 01:54:34.264551,07/03/26,1:54:34
16260,0.22,16.26,221.4022140221402,3989051879,2026-03-07 01:54:50.524551,07/03/26,1:54:50
16225,0.22,16.225,221.87981510015408,3989068104,2026-03-07 01:55:06.749551,07/03/26,1:55:6
16312,0.22,16.312,220.69641981363412,3989084416,2026-03-07 01:55:23.061551,07/03/26,1:55:23
16274,0.22,16.274,221.2117488017697,3989100690,2026-03-07 01:55:39.335551,07/03/26,1:55:39
16221,0.22,16.221,221.9345293138524,3989116911,2026-03-07 01:55:55.556551,07/03/26,1:55:55
17038,0.21,17.038,211.29240521187933,3989133949,2026-03-07 01:56:12.594551,07/03/26,1:56:12
17030,0.21,17.03,211.39166177334116,3989150979,2026-03-07 01:56:29.624551,07/03/26,1:56:29
16985,0.21,16.985,211.9517221077421,3989167964,2026-03-07 01:56:46.609551,07/03/26,1:56:46
17104,0.21,17.104,210.47708138447146,3989185068,2026-03-07 01:57:03.713551,07/03/26,1:57:3
17072,0.21,17.072,210.87160262417996,3989202140,2026-03-07 01:57:20.785551,07/03/26,1:57:20
17080,0.21,17.08,210.7728337236534,3989219220,2026-03-07 01:57:37.865551,07/03/26,1:57:37
17122,0.21,17.122,210.25581123700502,3989236342,2026-03-07 01:57:54.987551,07/03/26,1:57:54
17192,0.21,17.192,209.39972080037228,3989253534,2026-03-07 01:58:12.179551,07/03/26,1:58:12
22635,0.16,22.635,159.04572564612326,3989276169,2026-03-07 01:58:34.814551,07/03/26,1:58:34
24536,0.15,24.536,146.72318226279754,3989300705,2026-03-07 01:58:59.350551,07/03/26,1:58:59
24537,0.15,24.537,146.7172025920039,3989325242,2026-03-07 01:59:23.887551,07/03/26,1:59:23
24440,0.15,24.44,147.29950900163666,3989349682,2026-03-07 01:59:48.327551,07/03/26,1:59:48
24531,0.15,24.531,146.75308792955852,3989374213,2026-03-07 02:00:12.858551,07/03/26,2:0:12
24410,0.15,24.41,147.48054076198278,3989398623,2026-03-07 02:00:37.268551,07/03/26,2:0:37
24103,0.15,24.103,149.35900095423807,3989422726,2026-03-07 02:01:01.371551,07/03/26,2:1:1
23958,0.15,23.958,150.26296018031556,3989446684,2026-03-07 02:01:25.329551,07/03/26,2:1:25
24065,0.15,24.065,149.5948472885934,3989470749,2026-03-07 02:01:49.394551,07/03/26,2:1:49
23953,0.15,23.953,150.29432638917882,3989494702,2026-03-07 02:02:13.347551,07/03/26,2:2:13
23696,0.15,23.696,151.92437542201216,3989518398,2026-03-07 02:02:37.043551,07/03/26,2:2:37
23699,0.15,23.699,151.9051436769484,3989542097,2026-03-07 02:03:00.742551,07/03/26,2:3:0
24025,0.15,24.025,149.84391259105098,3989566122,2026-03-07 02:03:24.767551,07/03/26,2:3:24
23992,0.15,23.992,150.05001667222407,3989590114,2026-03-07 02:03:48.759551,07/03/26,2:3:48
23994,0.15,23.994,150.03750937734435,3989614108,2026-03-07 02:04:12.753551,07/03/26,2:4:12
24312,0.15,24.312,148.07502467917078,3989638420,2026-03-07 02:04:37.065551,07/03/26,2:4:37
24219,0.15,24.219,148.64362690449647,3989662639,2026-03-07 02:05:01.284551,07/03/26,2:5:1
24197,0.15,24.197,148.7787742282101,3989686836,2026-03-07 02:05:25.481551,07/03/26,2:5:25
24269,0.15,24.269,148.3373851415386,3989711105,2026-03-07 02:05:49.750551,07/03/26,2:5:49
24304,0.15,24.304,148.12376563528636,3989735409,2026-03-07 02:06:14.054551,07/03/26,2:6:14
24243,0.15,24.243,148.4964732087613,3989759652,2026-03-07 02:06:38.297551,07/03/26,2:6:38
24226,0.15,24.226,148.60067695863947,3989783878,2026-03-07 02:07:02.523551,07/03/26,2:7:2
24352,0.15,24.352,147.8318002628121,3989808230,2026-03-07 02:07:26.875551,07/03/26,2:7:26
24286,0.15,24.286,148.23355019352712,3989832516,2026-03-07 02:07:51.161551,07/03/26,2:7:51
24257,0.15,24.257,148.41076802572454,3989856773,2026-03-07 02:08:15.418551,07/03/26,2:8:15
24239,0.15,24.239,148.52097858822557,3989881012,2026-03-07 02:08:39.657551,07/03/26,2:8:39
24270,0.15,24.27,148.33127317676144,3989905282,2026-03-07 02:09:03.927551,07/03/26,2:9:3
24184,0.15,24.184,148.85874958650348,3989929466,2026-03-07 02:09:28.111551,07/03/26,2:9:28
23957,0.15,23.957,150.26923237467128,3989953423,2026-03-07 02:09:52.068551,07/03/26,2:9:52
24299,0.15,24.299,148.1542450306597,3989977722,2026-03-07 02:10:16.367551,07/03/26,2:10:16
24439,0.15,24.439,147.3055362330701,3990002161,2026-03-07 02:10:40.806551,07/03/26,2:10:40
24348,0.15,24.348,147.85608674223755,3990026509,2026-03-07 02:11:05.154551,07/03/26,2:11:5
24432,0.15,24.432,147.34774066797644,3990050941,2026-03-07 02:11:29.586551,07/03/26,2:11:29
24541,0.15,24.541,146.69328878203822,3990075482,2026-03-07 02:11:54.127551,07/03/26,2:11:54
24883,0.14,24.883,144.6770887754692,3990100365,2026-03-07 02:12:19.010551,07/03/26,2:12:19
24944,0.14,24.944,144.3232841565106,3990125309,2026-03-07 02:12:43.954551,07/03/26,2:12:43
24981,0.14,24.981,144.10952323766062,3990150290,2026-03-07 02:13:08.935551,07/03/26,2:13:8
25059,0.14,25.059,143.66096013408355,3990175349,2026-03-07 02:13:33.994551,07/03/26,2:13:33
25051,0.14,25.051,143.70683805037723,3990200400,2026-03-07 02:13:59.045551,07/03/26,2:13:59
25120,0.14,25.12,143.31210191082803,3990225520,2026-03-07 02:14:24.165551,07/03/26,2:14:24
24937,0.14,24.937,144.363796767855,3990250457,2026-03-07 02:14:49.102551,07/03/26,2:14:49
24963,0.14,24.963,144.21343588510996,3990275420,2026-03-07 02:15:14.065551,07/03/26,2:15:14
24995,0.14,24.995,144.02880576115223,3990300415,2026-03-07 02:15:39.060551,07/03/26,2:15:39
25015,0.14,25.015,143.91365180891466,3990325430,2026-03-07 02:16:04.075551,07/03/26,2:16:4
25059,0.14,25.059,143.66096013408355,3990350489,2026-03-07 02:16:29.134551,07/03/26,2:16:29
25138,0.14,25.138,143.2094836502506,3990375627,2026-03-07 02:16:54.272551,07/03/26,2:16:54
25183,0.14,25.183,142.95357979589406,3990400810,2026-03-07 02:17:19.455551,07/03/26,2:17:19
24899,0.14,24.899,144.58411984417046,3990425709,2026-03-07 02:17:44.354551,07/03/26,2:17:44
24833,0.14,24.833,144.96838883743405,3990450542,2026-03-07 02:18:09.187551,07/03/26,2:18:9
25081,0.14,25.081,143.53494677245723,3990475623,2026-03-07 02:18:34.268551,07/03/26,2:18:34
25236,0.14,25.236,142.65335235378032,3990500859,2026-03-07 02:18:59.504551,07/03/26,2:18:59
25159,0.14,25.159,143.08994793115784,3990526018,2026-03-07 02:19:24.663551,07/03/26,2:19:24
25180,0.14,25.18,142.97061159650517,3990551198,2026-03-07 02:19:49.843551,07/03/26,2:19:49
25132,0.14,25.132,143.24367340442464,3990576330,2026-03-07 02:20:14.975551,07/03/26,2:20:14
25193,0.14,25.193,142.89683642281585,3990601523,2026-03-07 02:20:40.168551,07/03/26,2:20:40
25252,0.14,25.252,142.56296530967845,3990626775,2026-03-07 02:21:05.420551,07/03/26,2:21:5
25152,0.14,25.152,143.12977099236642,3990651927,2026-03-07 02:21:30.572551,07/03/26,2:21:30
25254,0.14,25.254,142.55167498218103,3990677181,2026-03-07 02:21:55.826551,07/03/26,2:21:55
25265,0.14,25.265,142.4896101325945,3990702446,2026-03-07 02:22:21.091551,07/03/26,2:22:21
25308,0.14,25.308,142.2475106685633,3990727754,2026-03-07 02:22:46.399551,07/03/26,2:22:46
25284,0.14,25.284,142.38253440911248,3990753038,2026-03-07 02:23:11.683551,07/03/26,2:23:11
25149,0.14,25.149,143.14684480496243,3990778187,2026-03-07 02:23:36.832551,07/03/26,2:23:36
25308,0.14,25.308,142.2475106685633,3990803495,2026-03-07 02:24:02.140551,07/03/26,2:24:2
25242,0.14,25.242,142.61944378416925,3990828737,2026-03-07 02:24:27.382551,07/03/26,2:24:27
25284,0.14,25.284,142.38253440911248,3990854021,2026-03-07 02:24:52.666551,07/03/26,2:24:52
25496,0.14,25.496,141.19861939127705,3990879517,2026-03-07 02:25:18.162551,07/03/26,2:25:18
25396,0.14,25.396,141.7546070247283,3990904913,2026-03-07 02:25:43.558551,07/03/26,2:25:43
25445,0.14,25.445,141.48162703871094,3990930358,2026-03-07 02:26:09.003551,07/03/26,2:26:9
25482,0.14,25.482,141.27619496114906,3990955840,2026-03-07 02:26:34.485551,07/03/26,2:26:34
25460,0.14,25.46,141.39827179890023,3990981300,2026-03-07 02:26:59.945551,07/03/26,2:26:59
25450,0.14,25.45,141.45383104125736,3991006750,2026-03-07 02:27:25.395551,07/03/26,2:27:25
25268,0.14,25.268,142.47269273389267,3991032018,2026-03-07 02:27:50.663551,07/03/26,2:27:50
25389,0.14,25.389,141.79369018078697,3991057407,2026-03-07 02:28:16.052551,07/03/26,2:28:16
25437,0.14,25.437,141.5261233636042,3991082844,2026-03-07 02:28:41.489551,07/03/26,2:28:41
25345,0.14,25.345,142.03985006904716,3991108189,2026-03-07 02:29:06.834551,07/03/26,2:29:6
25378,0.14,25.378,141.85515013003388,3991133567,2026-03-07 02:29:32.212551,07/03/26,2:29:32
25513,0.14,25.513,141.10453494297025,3991159080,2026-03-07 02:29:57.725551,07/03/26,2:29:57
25572,0.14,25.572,140.77897700610043,3991184652,2026-03-07 02:30:23.297551,07/03/26,2:30:23
25451,0.14,25.451,141.44827315233192,3991210103,2026-03-07 02:30:48.748551,07/03/26,2:30:48
25426,0.14,25.426,141.58735152993,3991235529,2026-03-07 02:31:14.174551,07/03/26,2:31:14
25527,0.14,25.527,141.02714772593725,3991261056,2026-03-07 02:31:39.701551,07/03/26,2:31:39
25613,0.14,25.613,140.5536251122477,3991286669,2026-03-07 02:32:05.314551,07/03/26,2:32:5
25541,0.14,25.541,140.94984534669746,3991312210,2026-03-07 02:32:30.855551,07/03/26,2:32:30
25496,0.14,25.496,141.19861939127705,3991337706,2026-03-07 02:32:56.351551,07/03/26,2:32:56
25531,0.14,25.531,141.0050526810544,3991363237,2026-03-07 02:33:21.882551,07/03/26,2:33:21
25712,0.14,25.712,140.01244555071563,3991388949,2026-03-07 02:33:47.594551,07/03/26,2:33:47
25626,0.14,25.626,140.48232264106767,3991414575,2026-03-07 02:34:13.220551,07/03/26,2:34:13
25547,0.14,25.547,140.91674169178378,3991440122,2026-03-07 02:34:38.767551,07/03/26,2:34:38
25562,0.14,25.562,140.83405054377593,3991465684,2026-03-07 02:35:04.329551,07/03/26,2:35:4
25621,0.14,25.621,140.50973810546037,3991491305,2026-03-07 02:35:29.950551,07/03/26,2:35:29
25656,0.14,25.656,140.31805425631433,3991516961,2026-03-07 02:35:55.606551,07/03/26,2:35:55
25758,0.14,25.758,139.7624039133473,3991542719,2026-03-07 02:36:21.364551,07/03/26,2:36:21
25757,0.14,25.757,139.76783010443762,3991568476,2026-03-07 02:36:47.121551,07/03/26,2:36:47
25633,0.14,25.633,140.4439589591542,3991594109,2026-03-07 02:37:12.754551,07/03/26,2:37:12
25292,0.14,25.292,142.33749802309032,3991619401,2026-03-07 02:37:38.046551,07/03/26,2:37:38
25591,0.14,25.591,140.67445586338948,3991644992,2026-03-07 02:38:03.637551,07/03/26,2:38:3
25455,0.14,25.455,141.42604596346493,3991670447,2026-03-07 02:38:29.092551,07/03/26,2:38:29
25522,0.14,25.522,141.05477627145208,3991695969,2026-03-07 02:38:54.614551,07/03/26,2:38:54
24999,0.14,24.999,144.0057602304092,3991720968,2026-03-07 02:39:19.613551,07/03/26,2:39:19
25104,0.14,25.104,143.40344168260037,3991746072,2026-03-07 02:39:44.717551,07/03/26,2:39:44
25124,0.14,25.124,143.28928514567744,3991771196,2026-03-07 02:40:09.841551,07/03/26,2:40:9
25227,0.14,25.227,142.70424545130217,3991796423,2026-03-07 02:40:35.068551,07/03/26,2:40:35
25379,0.14,25.379,141.8495606603885,3991821802,2026-03-07 02:41:00.447551,07/03/26,2:41:0
25696,0.14,25.696,140.09962640099627,3991847498,2026-03-07 02:41:26.143551,07/03/26,2:41:26
25762,0.14,25.762,139.74070336154026,3991873260,2026-03-07 02:41:51.905551,07/03/26,2:41:51
25588,0.14,25.588,140.69094888228858,3991898848,2026-03-07 02:42:17.493551,07/03/26,2:42:17
25896,0.14,25.896,139.01760889712696,3991924744,2026-03-07 02:42:43.389551,07/03/26,2:42:43
26070,0.14,26.07,138.0897583429229,3991950814,2026-03-07 02:43:09.459551,07/03/26,2:43:9
26147,0.14,26.147,137.6830993995487,3991976961,2026-03-07 02:43:35.606551,07/03/26,2:43:35
26148,0.14,26.148,137.67783386874714,3992003109,2026-03-07 02:44:01.754551,07/03/26,2:44:1
26033,0.14,26.033,138.2860215879845,3992029142,2026-03-07 02:44:27.787551,07/03/26,2:44:27
26111,0.14,26.111,137.87292711883882,3992055253,2026-03-07 02:44:53.898551,07/03/26,2:44:53
26047,0.14,26.047,138.21169424501863,3992081300,2026-03-07 02:45:19.945551,07/03/26,2:45:19
26260,0.14,26.26,137.0906321401371,3992107560,2026-03-07 02:45:46.205551,07/03/26,2:45:46
26115,0.14,26.115,137.85180930499712,3992133675,2026-03-07 02:46:12.320551,07/03/26,2:46:12
26208,0.14,26.208,137.36263736263737,3992159883,2026-03-07 02:46:38.528551,07/03/26,2:46:38
26314,0.14,26.314,136.8093030326062,3992186197,2026-03-07 02:47:04.842551,07/03/26,2:47:4
26274,0.14,26.274,137.01758392327017,3992212471,2026-03-07 02:47:31.116551,07/03/26,2:47:31
16440,0.22,16.44,218.97810218978103,3992228911,2026-03-07 02:47:47.556551,07/03/26,2:47:47
17044,0.21,17.044,211.2180239380427,3992245955,2026-03-07 02:48:04.600551,07/03/26,2:48:4
17061,0.21,17.061,211.0075611042729,3992263016,2026-03-07 02:48:21.661551,07/03/26,2:48:21
17091,0.21,17.091,210.637177461822,3992280107,2026-03-07 02:48:38.752551,07/03/26,2:48:38
17187,0.21,17.187,209.4606388549485,3992297294,2026-03-07 02:48:55.939551,07/03/26,2:48:55
17200,0.21,17.2,209.30232558139534,3992314494,2026-03-07 02:49:13.139551,07/03/26,2:49:13
17247,0.21,17.247,208.73195338319707,3992331741,2026-03-07 02:49:30.386551,07/03/26,2:49:30
17309,0.21,17.309,207.98428563175227,3992349050,2026-03-07 02:49:47.695551,07/03/26,2:49:47
17337,0.21,17.337,207.64838207302301,3992366387,2026-03-07 02:50:05.032551,07/03/26,2:50:5
17388,0.21,17.388,207.0393374741201,3992383775,2026-03-07 02:50:22.420551,07/03/26,2:50:22
17376,0.21,17.376,207.18232044198896,3992401151,2026-03-07 02:50:39.796551,07/03/26,2:50:39
17448,0.21,17.448,206.3273727647868,3992418599,2026-03-07 02:50:57.244551,07/03/26,2:50:57
17568,0.2,17.568,204.91803278688525,3992436167,2026-03-07 02:51:14.812551,07/03/26,2:51:14
17606,0.2,17.606,204.4757469044644,3992453773,2026-03-07 02:51:32.418551,07/03/26,2:51:32
17619,0.2,17.619,204.32487655372043,3992471392,2026-03-07 02:51:50.037551,07/03/26,2:51:50
17686,0.2,17.686,203.55083116589392,3992489078,2026-03-07 02:52:07.723551,07/03/26,2:52:7
17707,0.2,17.707,203.30942565087253,3992506785,2026-03-07 02:52:25.430551,07/03/26,2:52:25
17734,0.2,17.734,202.99988722228488,3992524519,2026-03-07 02:52:43.164551,07/03/26,2:52:43
17712,0.2,17.712,203.2520325203252,3992542231,2026-03-07 02:53:00.876551,07/03/26,2:53:0
17727,0.2,17.727,203.0800473853444,3992559958,2026-03-07 02:53:18.603551,07/03/26,2:53:18
17533,0.2,17.533,205.32709747333598,3992577491,2026-03-07 02:53:36.136551,07/03/26,2:53:36
17561,0.2,17.561,204.99971527817323,3992595052,2026-03-07 02:53:53.697551,07/03/26,2:53:53
17579,0.2,17.579,204.78980601854485,3992612631,2026-03-07 02:54:11.276551,07/03/26,2:54:11
17693,0.2,17.693,203.47029898830047,3992630324,2026-03-07 02:54:28.969551,07/03/26,2:54:28
17700,0.2,17.7,203.38983050847457,3992648024,2026-03-07 02:54:46.669551,07/03/26,2:54:46
17760,0.2,17.76,202.7027027027027,3992665784,2026-03-07 02:55:04.429551,07/03/26,2:55:4
25943,0.14,25.943,138.7657556951779,3992691727,2026-03-07 02:55:30.372551,07/03/26,2:55:30
25501,0.14,25.501,141.17093447315793,3992717228,2026-03-07 02:55:55.873551,07/03/26,2:55:55
25406,0.14,25.406,141.69881130441627,3992742634,2026-03-07 02:56:21.279551,07/03/26,2:56:21
25392,0.14,25.392,141.77693761814746,3992768026,2026-03-07 02:56:46.671551,07/03/26,2:56:46
25369,0.14,25.369,141.90547518625092,3992793395,2026-03-07 02:57:12.040551,07/03/26,2:57:12
25055,0.14,25.055,143.6838954300539,3992818450,2026-03-07 02:57:37.095551,07/03/26,2:57:37
24959,0.14,24.959,144.23654793861934,3992843409,2026-03-07 02:58:02.054551,07/03/26,2:58:2
25160,0.14,25.16,143.08426073131955,3992868569,2026-03-07 02:58:27.214551,07/03/26,2:58:27
25200,0.14,25.2,142.85714285714286,3992893769,2026-03-07 02:58:52.414551,07/03/26,2:58:52
25370,0.14,25.37,141.89988175009853,3992919139,2026-03-07 02:59:17.784551,07/03/26,2:59:17
25499,0.14,25.499,141.1820071375348,3992944638,2026-03-07 02:59:43.283551,07/03/26,2:59:43
25538,0.14,25.538,140.96640300728328,3992970176,2026-03-07 03:00:08.821551,07/03/26,3:0:8
25354,0.14,25.354,141.9894296757908,3992995530,2026-03-07 03:00:34.175551,07/03/26,3:0:34
24812,0.14,24.812,145.09108495889086,3993020342,2026-03-07 03:00:58.987551,07/03/26,3:0:58
25174,0.14,25.174,143.004687375864,3993045516,2026-03-07 03:01:24.161551,07/03/26,3:1:24
25305,0.14,25.305,142.26437462951986,3993070821,2026-03-07 03:01:49.466551,07/03/26,3:1:49
25267,0.14,25.267,142.4783314204298,3993096088,2026-03-07 03:02:14.733551,07/03/26,3:2:14
25291,0.14,25.291,142.34312601320627,3993121379,2026-03-07 03:02:40.024551,07/03/26,3:2:40
25245,0.14,25.245,142.602495543672,3993146624,2026-03-07 03:03:05.269551,07/03/26,3:3:5
25016,0.14,25.016,143.9078989446754,3993171640,2026-03-07 03:03:30.285551,07/03/26,3:3:30
24982,0.14,24.982,144.10375470338644,3993196622,2026-03-07 03:03:55.267551,07/03/26,3:3:55
25063,0.14,25.063,143.63803215895942,3993221685,2026-03-07 03:04:20.330551,07/03/26,3:4:20
25219,0.14,25.219,142.7495142551251,3993246904,2026-03-07 03:04:45.549551,07/03/26,3:4:45
25210,0.14,25.21,142.80047600158667,3993272114,2026-03-07 03:05:10.759551,07/03/26,3:5:10
25210,0.14,25.21,142.80047600158667,3993297324,2026-03-07 03:05:35.969551,07/03/26,3:5:35
25263,0.14,25.263,142.50089063056643,3993322587,2026-03-07 03:06:01.232551,07/03/26,3:6:1
25178,0.14,25.178,142.9819683850981,3993347765,2026-03-07 03:06:26.410551,07/03/26,3:6:26
25174,0.14,25.174,143.004687375864,3993372939,2026-03-07 03:06:51.584551,07/03/26,3:6:51
25687,0.14,25.687,140.148713356951,3993398626,2026-03-07 03:07:17.271551,07/03/26,3:7:17
25754,0.14,25.754,139.78411120602624,3993424380,2026-03-07 03:07:43.025551,07/03/26,3:7:43
25371,0.14,25.371,141.8942887548776,3993449751,2026-03-07 03:08:08.396551,07/03/26,3:8:8
25465,0.14,25.465,141.37050854113488,3993475216,2026-03-07 03:08:33.861551,07/03/26,3:8:33
25543,0.14,25.543,140.93880906706337,3993500759,2026-03-07 03:08:59.404551,07/03/26,3:8:59
25603,0.14,25.603,140.6085224387767,3993526362,2026-03-07 03:09:25.007551,07/03/26,3:9:25
25780,0.14,25.78,139.64313421256787,3993552142,2026-03-07 03:09:50.787551,07/03/26,3:9:50
25673,0.14,25.673,140.22513925135357,3993577815,2026-03-07 03:10:16.460551,07/03/26,3:10:16
25692,0.14,25.692,140.12143858010276,3993603507,2026-03-07 03:10:42.152551,07/03/26,3:10:42
25573,0.14,25.573,140.77347202127243,3993629080,2026-03-07 03:11:07.725551,07/03/26,3:11:7
25642,0.14,25.642,140.3946650027299,3993654722,2026-03-07 03:11:33.367551,07/03/26,3:11:33
25976,0.14,25.976,138.58946720049275,3993680698,2026-03-07 03:11:59.343551,07/03/26,3:11:59
25999,0.14,25.999,138.46686411015807,3993706697,2026-03-07 03:12:25.342551,07/03/26,3:12:25
26087,0.14,26.087,137.99977000038334,3993732784,2026-03-07 03:12:51.429551,07/03/26,3:12:51
26044,0.14,26.044,138.22761480571342,3993758828,2026-03-07 03:13:17.473551,07/03/26,3:13:17
26032,0.14,26.032,138.29133374308543,3993784860,2026-03-07 03:13:43.505551,07/03/26,3:13:43
26040,0.14,26.04,138.24884792626727,3993810900,2026-03-07 03:14:09.545551,07/03/26,3:14:9
26083,0.14,26.083,138.02093317486487,3993836983,2026-03-07 03:14:35.628551,07/03/26,3:14:35
26150,0.14,26.15,137.66730401529637,3993863133,2026-03-07 03:15:01.778551,07/03/26,3:15:1
25850,0.14,25.85,139.26499032882012,3993888983,2026-03-07 03:15:27.628551,07/03/26,3:15:27
25796,0.14,25.796,139.55652039075827,3993914779,2026-03-07 03:15:53.424551,07/03/26,3:15:53
25954,0.14,25.954,138.70694305309394,3993940733,2026-03-07 03:16:19.378551,07/03/26,3:16:19
26100,0.14,26.1,137.93103448275863,3993966833,2026-03-07 03:16:45.478551,07/03/26,3:16:45
26029,0.14,26.029,138.30727265742058,3993992862,2026-03-07 03:17:11.507551,07/03/26,3:17:11
26065,0.14,26.065,138.1162478419336,3994018927,2026-03-07 03:17:37.572551,07/03/26,3:17:37
25924,0.14,25.924,138.86745872550532,3994044851,2026-03-07 03:18:03.496551,07/03/26,3:18:3
26029,0.14,26.029,138.30727265742058,3994070880,2026-03-07 03:18:29.525551,07/03/26,3:18:29
26149,0.14,26.149,137.67256874067843,3994097029,2026-03-07 03:18:55.674551,07/03/26,3:18:55
26076,0.14,26.076,138.05798435342845,3994123105,2026-03-07 03:19:21.750551,07/03/26,3:19:21
26137,0.14,26.137,137.73577686804148,3994149242,2026-03-07 03:19:47.887551,07/03/26,3:19:47
26000,0.14,26.0,138.46153846153845,3994175242,2026-03-07 03:20:13.887551,07/03/26,3:20:13
26103,0.14,26.103,137.91518216296978,3994201345,2026-03-07 03:20:39.990551,07/03/26,3:20:39
26030,0.14,26.03,138.30195927775642,3994227375,2026-03-07 03:21:06.020551,07/03/26,3:21:6
26126,0.14,26.126,137.79376865957283,3994253501,2026-03-07 03:21:32.146551,07/03/26,3:21:32
26139,0.14,26.139,137.72523814989097,3994279640,2026-03-07 03:21:58.285551,07/03/26,3:21:58
26076,0.14,26.076,138.05798435342845,3994305716,2026-03-07 03:22:24.361551,07/03/26,3:22:24
25954,0.14,25.954,138.70694305309394,3994331670,2026-03-07 03:22:50.315551,07/03/26,3:22:50
26099,0.14,26.099,137.9363193992107,3994357769,2026-03-07 03:23:16.414551,07/03/26,3:23:16
26208,0.14,26.208,137.36263736263737,3994383977,2026-03-07 03:23:42.622551,07/03/26,3:23:42
26174,0.14,26.174,137.54107129212196,3994410151,2026-03-07 03:24:08.796551,07/03/26,3:24:8
26210,0.14,26.21,137.35215566577642,3994436361,2026-03-07 03:24:35.006551,07/03/26,3:24:35
26140,0.14,26.14,137.71996939556234,3994462501,2026-03-07 03:25:01.146551,07/03/26,3:25:1
26142,0.14,26.142,137.7094330961671,3994488643,2026-03-07 03:25:27.288551,07/03/26,3:25:27
26248,0.14,26.248,137.15330691862238,3994514891,2026-03-07 03:25:53.536551,07/03/26,3:25:53
26321,0.14,26.321,136.7729189620455,3994541212,2026-03-07 03:26:19.857551,07/03/26,3:26:19
26287,0.14,26.287,136.94982310647848,3994567499,2026-03-07 03:26:46.144551,07/03/26,3:26:46
26285,0.14,26.285,136.9602434848773,3994593784,2026-03-07 03:27:12.429551,07/03/26,3:27:12
26387,0.14,26.387,136.43081820593474,3994620171,2026-03-07 03:27:38.816551,07/03/26,3:27:38
26374,0.14,26.374,136.4980662773944,3994646545,2026-03-07 03:28:05.190551,07/03/26,3:28:5
26513,0.14,26.513,135.78244634707502,3994673058,2026-03-07 03:28:31.703551,07/03/26,3:28:31
26393,0.14,26.393,136.39980297806235,3994699451,2026-03-07 03:28:58.096551,07/03/26,3:28:58
26461,0.14,26.461,136.0492800725596,3994725912,2026-03-07 03:29:24.557551,07/03/26,3:29:24
26430,0.14,26.43,136.2088535754824,3994752342,2026-03-07 03:29:50.987551,07/03/26,3:29:50
26276,0.14,26.276,137.00715481808496,3994778618,2026-03-07 03:30:17.263551,07/03/26,3:30:17
26282,0.14,26.282,136.9758770261015,3994804900,2026-03-07 03:30:43.545551,07/03/26,3:30:43
26330,0.14,26.33,136.72616786935055,3994831230,2026-03-07 03:31:09.875551,07/03/26,3:31:9
26392,0.14,26.392,136.40497120339498,3994857622,2026-03-07 03:31:36.267551,07/03/26,3:31:36
26408,0.14,26.408,136.32232656770677,3994884030,2026-03-07 03:32:02.675551,07/03/26,3:32:2
26508,0.14,26.508,135.80805794477138,3994910538,2026-03-07 03:32:29.183551,07/03/26,3:32:29
26682,0.13,26.682,134.922419608725,3994937220,2026-03-07 03:32:55.865551,07/03/26,3:32:55
26633,0.14,26.633,135.17065294934855,3994963853,2026-03-07 03:33:22.498551,07/03/26,3:33:22
26403,0.14,26.403,136.34814225656174,3994990256,2026-03-07 03:33:48.901551,07/03/26,3:33:48
26552,0.14,26.552,135.58300692979813,3995016808,2026-03-07 03:34:15.453551,07/03/26,3:34:15
26615,0.14,26.615,135.26207026113093,3995043423,2026-03-07 03:34:42.068551,07/03/26,3:34:42
26645,0.14,26.645,135.10977669356353,3995070068,2026-03-07 03:35:08.713551,07/03/26,3:35:8
26732,0.13,26.732,134.67005835702528,3995096800,2026-03-07 03:35:35.445551,07/03/26,3:35:35
26221,0.14,26.221,137.29453491476298,3995123021,2026-03-07 03:36:01.666551,07/03/26,3:36:1
26208,0.14,26.208,137.36263736263737,3995149229,2026-03-07 03:36:27.874551,07/03/26,3:36:27
26579,0.14,26.579,135.44527634598742,3995175808,2026-03-07 03:36:54.453551,07/03/26,3:36:54
26734,0.13,26.734,134.65998354155758,3995202542,2026-03-07 03:37:21.187551,07/03/26,3:37:21
26708,0.13,26.708,134.7910738355549,3995229250,2026-03-07 03:37:47.895551,07/03/26,3:37:47
26721,0.13,26.721,134.72549680026944,3995255971,2026-03-07 03:38:14.616551,07/03/26,3:38:14
26806,0.13,26.806,134.29829142729238,3995282777,2026-03-07 03:38:41.422551,07/03/26,3:38:41
26661,0.14,26.661,135.02869359738943,3995309438,2026-03-07 03:39:08.083551,07/03/26,3:39:8
26656,0.14,26.656,135.05402160864347,3995336094,2026-03-07 03:39:34.739551,07/03/26,3:39:34
26649,0.14,26.649,135.08949679162444,3995362743,2026-03-07 03:40:01.388551,07/03/26,3:40:1
26786,0.13,26.786,134.39856641529158,3995389529,2026-03-07 03:40:28.174551,07/03/26,3:40:28
26741,0.13,26.741,134.62473355521485,3995416270,2026-03-07 03:40:54.915551,07/03/26,3:40:54
26683,0.13,26.683,134.917363115092,3995442953,2026-03-07 03:41:21.598551,07/03/26,3:41:21
26752,0.13,26.752,134.5693779904306,3995469705,2026-03-07 03:41:48.350551,07/03/26,3:41:48
26566,0.14,26.566,135.5115561243695,3995496271,2026-03-07 03:42:14.916551,07/03/26,3:42:14
26358,0.14,26.358,136.58092419758708,3995522629,2026-03-07 03:42:41.274551,07/03/26,3:42:41
26406,0.14,26.406,136.332651670075,3995549035,2026-03-07 03:43:07.680551,07/03/26,3:43:7
26548,0.14,26.548,135.60343528702728,3995575583,2026-03-07 03:43:34.228551,07/03/26,3:43:34
26133,0.14,26.133,137.75685914361154,3995601716,2026-03-07 03:44:00.361551,07/03/26,3:44:0
26221,0.14,26.221,137.29453491476298,3995627937,2026-03-07 03:44:26.582551,07/03/26,3:44:26
26677,0.13,26.677,134.94770776324174,3995654614,2026-03-07 03:44:53.259551,07/03/26,3:44:53
21363,0.17,21.363,168.51565791321443,3995675977,2026-03-07 03:45:14.622551,07/03/26,3:45:14
17303,0.21,17.303,208.05640640351385,3995693280,2026-03-07 03:45:31.925551,07/03/26,3:45:31
17210,0.21,17.21,209.1807088901801,3995710490,2026-03-07 03:45:49.135551,07/03/26,3:45:49
17224,0.21,17.224,209.01068276823037,3995727714,2026-03-07 03:46:06.359551,07/03/26,3:46:6
17254,0.21,17.254,208.6472701982149,3995744968,2026-03-07 03:46:23.613551,07/03/26,3:46:23
17284,0.21,17.284,208.28511918537376,3995762252,2026-03-07 03:46:40.897551,07/03/26,3:46:40
17381,0.21,17.381,207.12272021172544,3995779633,2026-03-07 03:46:58.278551,07/03/26,3:46:58
17405,0.21,17.405,206.83711577133008,3995797038,2026-03-07 03:47:15.683551,07/03/26,3:47:15
17476,0.2,17.476,205.9967956054017,3995814514,2026-03-07 03:47:33.159551,07/03/26,3:47:33
17549,0.2,17.549,205.13989401105476,3995832063,2026-03-07 03:47:50.708551,07/03/26,3:47:50
17508,0.2,17.508,205.620287868403,3995849571,2026-03-07 03:48:08.216551,07/03/26,3:48:8
17636,0.2,17.636,204.12792016330235,3995867207,2026-03-07 03:48:25.852551,07/03/26,3:48:25
17635,0.2,17.635,204.13949532180322,3995884842,2026-03-07 03:48:43.487551,07/03/26,3:48:43
17697,0.2,17.697,203.42430920495,3995902539,2026-03-07 03:49:01.184551,07/03/26,3:49:1
17697,0.2,17.697,203.42430920495,3995920236,2026-03-07 03:49:18.881551,07/03/26,3:49:18
17695,0.2,17.695,203.4473014975982,3995937931,2026-03-07 03:49:36.576551,07/03/26,3:49:36
17765,0.2,17.765,202.64565156206024,3995955696,2026-03-07 03:49:54.341551,07/03/26,3:49:54
17752,0.2,17.752,202.79405137449302,3995973448,2026-03-07 03:50:12.093551,07/03/26,3:50:12
17799,0.2,17.799,202.25855385133997,3995991247,2026-03-07 03:50:29.892551,07/03/26,3:50:29
17959,0.2,17.959,200.45659557881842,3996009206,2026-03-07 03:50:47.851551,07/03/26,3:50:47
17496,0.2,17.496,205.76131687242798,3996026702,2026-03-07 03:51:05.347551,07/03/26,3:51:5
17685,0.2,17.685,203.5623409669211,3996044387,2026-03-07 03:51:23.032551,07/03/26,3:51:23
17667,0.2,17.667,203.76974019358124,3996062054,2026-03-07 03:51:40.699551,07/03/26,3:51:40
17759,0.2,17.759,202.71411678585505,3996079813,2026-03-07 03:51:58.458551,07/03/26,3:51:58
17797,0.2,17.797,202.28128336236443,3996097610,2026-03-07 03:52:16.255551,07/03/26,3:52:16
17750,0.2,17.75,202.81690140845072,3996115360,2026-03-07 03:52:34.005551,07/03/26,3:52:34
21003,0.17,21.003,171.40408513069562,3996136363,2026-03-07 03:52:55.008551,07/03/26,3:52:55
25802,0.14,25.802,139.52406790171304,3996162165,2026-03-07 03:53:20.810551,07/03/26,3:53:20
25983,0.14,25.983,138.55213023900242,3996188148,2026-03-07 03:53:46.793551,07/03/26,3:53:46
26131,0.14,26.131,137.76740270177183,3996214279,2026-03-07 03:54:12.924551,07/03/26,3:54:12
25513,0.14,25.513,141.10453494297025,3996239792,2026-03-07 03:54:38.437551,07/03/26,3:54:38
25538,0.14,25.538,140.96640300728328,3996265330,2026-03-07 03:55:03.975551,07/03/26,3:55:3
25844,0.14,25.844,139.29732239591394,3996291174,2026-03-07 03:55:29.819551,07/03/26,3:55:29
25750,0.14,25.75,139.80582524271844,3996316924,2026-03-07 03:55:55.569551,07/03/26,3:55:55
25964,0.14,25.964,138.6535202588199,3996342888,2026-03-07 03:56:21.533551,07/03/26,3:56:21
25594,0.14,25.594,140.65796671094787,3996368482,2026-03-07 03:56:47.127551,07/03/26,3:56:47
25598,0.14,25.598,140.63598718649894,3996394080,2026-03-07 03:57:12.725551,07/03/26,3:57:12
25748,0.14,25.748,139.81668479105173,3996419828,2026-03-07 03:57:38.473551,07/03/26,3:57:38
25691,0.14,25.691,140.1268926861547,3996445519,2026-03-07 03:58:04.164551,07/03/26,3:58:4
25559,0.14,25.559,140.85058100864666,3996471078,2026-03-07 03:58:29.723551,07/03/26,3:58:29
25187,0.14,25.187,142.9308770397427,3996496265,2026-03-07 03:58:54.910551,07/03/26,3:58:54
25669,0.14,25.669,140.24699053332813,3996521934,2026-03-07 03:59:20.579551,07/03/26,3:59:20
25260,0.14,25.26,142.51781472684087,3996547194,2026-03-07 03:59:45.839551,07/03/26,3:59:45
25468,0.14,25.468,141.35385581906706,3996572662,2026-03-07 04:00:11.307551,07/03/26,4:0:11
24900,0.14,24.9,144.57831325301206,3996597562,2026-03-07 04:00:36.207551,07/03/26,4:0:36
24870,0.14,24.87,144.75271411338963,3996622432,2026-03-07 04:01:01.077551,07/03/26,4:1:1
25184,0.14,25.184,142.94790343074968,3996647616,2026-03-07 04:01:26.261551,07/03/26,4:1:26
25529,0.14,25.529,141.01609933800776,3996673145,2026-03-07 04:01:51.790551,07/03/26,4:1:51
25565,0.14,25.565,140.81752395853707,3996698710,2026-03-07 04:02:17.355551,07/03/26,4:2:17
25658,0.14,25.658,140.30711668875205,3996724368,2026-03-07 04:02:43.013551,07/03/26,4:2:43
25140,0.14,25.14,143.1980906921241,3996749508,2026-03-07 04:03:08.153551,07/03/26,4:3:8
25642,0.14,25.642,140.3946650027299,3996775150,2026-03-07 04:03:33.795551,07/03/26,4:3:33
25628,0.14,25.628,140.47135945060091,3996800778,2026-03-07 04:03:59.423551,07/03/26,4:3:59
25639,0.14,25.639,140.41109247630564,3996826417,2026-03-07 04:04:25.062551,07/03/26,4:4:25
26168,0.14,26.168,137.57260776520943,3996852585,2026-03-07 04:04:51.230551,07/03/26,4:4:51
25996,0.14,25.996,138.48284351438681,3996878581,2026-03-07 04:05:17.226551,07/03/26,4:5:17
26306,0.14,26.306,136.85090853797612,3996904887,2026-03-07 04:05:43.532551,07/03/26,4:5:43
26209,0.14,26.209,137.3573963142432,3996931096,2026-03-07 04:06:09.741551,07/03/26,4:6:9
26378,0.14,26.378,136.47736750322238,3996957474,2026-03-07 04:06:36.119551,07/03/26,4:6:36
26228,0.14,26.228,137.2578923288089,3996983702,2026-03-07 04:07:02.347551,07/03/26,4:7:2
26323,0.14,26.323,136.76252706758348,3997010025,2026-03-07 04:07:28.670551,07/03/26,4:7:28
26008,0.14,26.008,138.41894801599508,3997036033,2026-03-07 04:07:54.678551,07/03/26,4:7:54
26086,0.14,26.086,138.00506018554015,3997062119,2026-03-07 04:08:20.764551,07/03/26,4:8:20
26133,0.14,26.133,137.75685914361154,3997088252,2026-03-07 04:08:46.897551,07/03/26,4:8:46
26400,0.14,26.4,136.36363636363637,3997114652,2026-03-07 04:09:13.297551,07/03/26,4:9:13
26309,0.14,26.309,136.83530350830515,3997140961,2026-03-07 04:09:39.606551,07/03/26,4:9:39
26408,0.14,26.408,136.32232656770677,3997167369,2026-03-07 04:10:06.014551,07/03/26,4:10:6
26413,0.14,26.413,136.2965206527089,3997193782,2026-03-07 04:10:32.427551,07/03/26,4:10:32
26575,0.14,26.575,135.4656632173095,3997220357,2026-03-07 04:10:59.002551,07/03/26,4:10:59
26410,0.14,26.41,136.31200302915562,3997246767,2026-03-07 04:11:25.412551,07/03/26,4:11:25
26511,0.14,26.511,135.79268982686432,3997273278,2026-03-07 04:11:51.923551,07/03/26,4:11:51
26714,0.13,26.714,134.7607995807442,3997299992,2026-03-07 04:12:18.637551,07/03/26,4:12:18
26830,0.13,26.83,134.17815877748788,3997326822,2026-03-07 04:12:45.467551,07/03/26,4:12:45
26907,0.13,26.907,133.79417995317203,3997353729,2026-03-07 04:13:12.374551,07/03/26,4:13:12
26650,0.14,26.65,135.08442776735458,3997380379,2026-03-07 04:13:39.024551,07/03/26,4:13:39
26657,0.14,26.657,135.04895524627676,3997407036,2026-03-07 04:14:05.681551,07/03/26,4:14:5
26834,0.13,26.834,134.15815756130283,3997433870,2026-03-07 04:14:32.515551,07/03/26,4:14:32
26843,0.13,26.843,134.11317661960288,3997460713,2026-03-07 04:14:59.358551,07/03/26,4:14:59
26820,0.13,26.82,134.2281879194631,3997487533,2026-03-07 04:15:26.178551,07/03/26,4:15:26
26776,0.13,26.776,134.448760083657,3997514309,2026-03-07 04:15:52.954551,07/03/26,4:15:52
26840,0.13,26.84,134.12816691505216,3997541149,2026-03-07 04:16:19.794551,07/03/26,4:16:19
26916,0.13,26.916,133.74944271065536,3997568065,2026-03-07 04:16:46.710551,07/03/26,4:16:46
26934,0.13,26.934,133.66005791935842,3997594999,2026-03-07 04:17:13.644551,07/03/26,4:17:13
26928,0.13,26.928,133.6898395721925,3997621927,2026-03-07 04:17:40.572551,07/03/26,4:17:40
26879,0.13,26.879,133.93355407567245,3997648806,2026-03-07 04:18:07.451551,07/03/26,4:18:7
26805,0.13,26.805,134.30330162283155,3997675611,2026-03-07 04:18:34.256551,07/03/26,4:18:34
26727,0.13,26.727,134.69525199236728,3997702338,2026-03-07 04:19:00.983551,07/03/26,4:19:0
26892,0.13,26.892,133.86880856760374,3997729230,2026-03-07 04:19:27.875551,07/03/26,4:19:27
26745,0.13,26.745,134.60459899046552,3997755975,2026-03-07 04:19:54.620551,07/03/26,4:19:54
26468,0.14,26.468,136.0132990781321,3997782443,2026-03-07 04:20:21.088551,07/03/26,4:20:21
26624,0.14,26.624,135.21634615384616,3997809067,2026-03-07 04:20:47.712551,07/03/26,4:20:47
26602,0.14,26.602,135.3281708142245,3997835669,2026-03-07 04:21:14.314551,07/03/26,4:21:14
26737,0.13,26.737,134.64487414444403,3997862406,2026-03-07 04:21:41.051551,07/03/26,4:21:41
26587,0.14,26.587,135.40452100650694,3997888993,2026-03-07 04:22:07.638551,07/03/26,4:22:7
26783,0.13,26.783,134.4136205802188,3997915776,2026-03-07 04:22:34.421551,07/03/26,4:22:34
26904,0.13,26.904,133.80909901873326,3997942680,2026-03-07 04:23:01.325551,07/03/26,4:23:1
26399,0.14,26.399,136.36880184855488,3997969079,2026-03-07 04:23:27.724551,07/03/26,4:23:27
26545,0.14,26.545,135.61876059521566,3997995624,2026-03-07 04:23:54.269551,07/03/26,4:23:54
26573,0.14,26.573,135.47585895457794,3998022197,2026-03-07 04:24:20.842551,07/03/26,4:24:20
26776,0.13,26.776,134.448760083657,3998048973,2026-03-07 04:24:47.618551,07/03/26,4:24:47
26647,0.14,26.647,135.09963598153638,3998075620,2026-03-07 04:25:14.265551,07/03/26,4:25:14
26748,0.13,26.748,134.58950201884252,3998102368,2026-03-07 04:25:41.013551,07/03/26,4:25:41
26843,0.13,26.843,134.11317661960288,3998129211,2026-03-07 04:26:07.856551,07/03/26,4:26:7
26765,0.13,26.765,134.5040164393798,3998155976,2026-03-07 04:26:34.621551,07/03/26,4:26:34
26786,0.13,26.786,134.39856641529158,3998182762,2026-03-07 04:27:01.407551,07/03/26,4:27:1
26828,0.13,26.828,134.1881616221858,3998209590,2026-03-07 04:27:28.235551,07/03/26,4:27:28
26728,0.13,26.728,134.6902125112242,3998236318,2026-03-07 04:27:54.963551,07/03/26,4:27:54
26717,0.13,26.717,134.74566755249467,3998263035,2026-03-07 04:28:21.680551,07/03/26,4:28:21
26758,0.13,26.758,134.5392032289409,3998289793,2026-03-07 04:28:48.438551,07/03/26,4:28:48
26857,0.13,26.857,134.0432661875861,3998316650,2026-03-07 04:29:15.295551,07/03/26,4:29:15
26892,0.13,26.892,133.86880856760374,3998343542,2026-03-07 04:29:42.187551,07/03/26,4:29:42
26785,0.13,26.785,134.4035840955759,3998370327,2026-03-07 04:30:08.972551,07/03/26,4:30:8
26648,0.14,26.648,135.09456619633744,3998396975,2026-03-07 04:30:35.620551,07/03/26,4:30:35
26364,0.14,26.364,136.54984069185252,3998423339,2026-03-07 04:31:01.984551,07/03/26,4:31:1
26569,0.14,26.569,135.49625503406224,3998449908,2026-03-07 04:31:28.553551,07/03/26,4:31:28
26654,0.14,26.654,135.0641554738501,3998476562,2026-03-07 04:31:55.207551,07/03/26,4:31:55
26869,0.13,26.869,133.98340094532733,3998503431,2026-03-07 04:32:22.076551,07/03/26,4:32:22
26782,0.13,26.782,134.41863938466133,3998530213,2026-03-07 04:32:48.858551,07/03/26,4:32:48
26915,0.13,26.915,133.75441203789708,3998557128,2026-03-07 04:33:15.773551,07/03/26,4:33:15
26837,0.13,26.837,134.1431605619108,3998583965,2026-03-07 04:33:42.610551,07/03/26,4:33:42
26722,0.13,26.722,134.7204550557593,3998610687,2026-03-07 04:34:09.332551,07/03/26,4:34:9
26832,0.13,26.832,134.16815742397137,3998637519,2026-03-07 04:34:36.164551,07/03/26,4:34:36
26837,0.13,26.837,134.1431605619108,3998664356,2026-03-07 04:35:03.001551,07/03/26,4:35:3
26964,0.13,26.964,133.5113484646195,3998691320,2026-03-07 04:35:29.965551,07/03/26,4:35:29
26898,0.13,26.898,133.83894713361587,3998718218,2026-03-07 04:35:56.863551,07/03/26,4:35:56
26730,0.13,26.73,134.68013468013467,3998744948,2026-03-07 04:36:23.593551,07/03/26,4:36:23
26718,0.13,26.718,134.74062429822592,3998771666,2026-03-07 04:36:50.311551,07/03/26,4:36:50
26794,0.13,26.794,134.35843845637083,3998798460,2026-03-07 04:37:17.105551,07/03/26,4:37:17
26858,0.13,26.858,134.0382753741902,3998825318,2026-03-07 04:37:43.963551,07/03/26,4:37:43
26784,0.13,26.784,134.40860215053763,3998852102,2026-03-07 04:38:10.747551,07/03/26,4:38:10
26665,0.14,26.665,135.0084380273767,3998878767,2026-03-07 04:38:37.412551,07/03/26,4:38:37
26457,0.14,26.457,136.06984918925048,3998905224,2026-03-07 04:39:03.869551,07/03/26,4:39:3
26281,0.14,26.281,136.98108899965754,3998931505,2026-03-07 04:39:30.150551,07/03/26,4:39:30
26425,0.14,26.425,136.23462630085146,3998957930,2026-03-07 04:39:56.575551,07/03/26,4:39:56
26365,0.14,26.365,136.54466148302674,3998984295,2026-03-07 04:40:22.940551,07/03/26,4:40:22
26636,0.14,26.636,135.1554287430545,3999010931,2026-03-07 04:40:49.576551,07/03/26,4:40:49
26642,0.14,26.642,135.1249906163201,3999037573,2026-03-07 04:41:16.218551,07/03/26,4:41:16
26308,0.14,26.308,136.84050478941768,3999063881,2026-03-07 04:41:42.526551,07/03/26,4:41:42
23905,0.15,23.905,150.596109600502,3999087786,2026-03-07 04:42:06.431551,07/03/26,4:42:6
15030,0.24,15.03,239.52095808383234,3999102816,2026-03-07 04:42:21.461551,07/03/26,4:42:21
16590,0.22,16.59,216.998191681736,3999119406,2026-03-07 04:42:38.051551,07/03/26,4:42:38
10611,0.34,10.611,339.2705682782019,3999130017,2026-03-07 04:42:48.662551,07/03/26,4:42:48
16265,0.22,16.265,221.3341530894559,3999146282,2026-03-07 04:43:04.927551,07/03/26,4:43:4
16836,0.21,16.836,213.82751247327155,3999163118,2026-03-07 04:43:21.763551,07/03/26,4:43:21
16924,0.21,16.924,212.71567005436066,3999180042,2026-03-07 04:43:38.687551,07/03/26,4:43:38
16985,0.21,16.985,211.9517221077421,3999197027,2026-03-07 04:43:55.672551,07/03/26,4:43:55
17026,0.21,17.026,211.44132503230352,3999214053,2026-03-07 04:44:12.698551,07/03/26,4:44:12
17021,0.21,17.021,211.5034369308501,3999231074,2026-03-07 04:44:29.719551,07/03/26,4:44:29
17080,0.21,17.08,210.7728337236534,3999248154,2026-03-07 04:44:46.799551,07/03/26,4:44:46
17143,0.21,17.143,209.99825001458322,3999265297,2026-03-07 04:45:03.942551,07/03/26,4:45:3
16742,0.22,16.742,215.02807310954486,3999282039,2026-03-07 04:45:20.684551,07/03/26,4:45:20
16772,0.21,16.772,214.64345337467208,3999298811,2026-03-07 04:45:37.456551,07/03/26,4:45:37
16867,0.21,16.867,213.43451710440505,3999315678,2026-03-07 04:45:54.323551,07/03/26,4:45:54
16883,0.21,16.883,213.232245454007,3999332561,2026-03-07 04:46:11.206551,07/03/26,4:46:11
16934,0.21,16.934,212.5900555096256,3999349495,2026-03-07 04:46:28.140551,07/03/26,4:46:28
16983,0.21,16.983,211.97668256491787,3999366478,2026-03-07 04:46:45.123551,07/03/26,4:46:45
16943,0.21,16.943,212.47712919789885,3999383421,2026-03-07 04:47:02.066551,07/03/26,4:47:2
16961,0.21,16.961,212.25163610636164,3999400382,2026-03-07 04:47:19.027551,07/03/26,4:47:19
16970,0.21,16.97,212.1390689451974,3999417352,2026-03-07 04:47:35.997551,07/03/26,4:47:35
16995,0.21,16.995,211.8270079435128,3999434347,2026-03-07 04:47:52.992551,07/03/26,4:47:52
16999,0.21,16.999,211.77716336255074,3999451346,2026-03-07 04:48:09.991551,07/03/26,4:48:9
16982,0.21,16.982,211.98916499823343,3999468328,2026-03-07 04:48:26.973551,07/03/26,4:48:26
17002,0.21,17.002,211.73979531819785,3999485330,2026-03-07 04:48:43.975551,07/03/26,4:48:43
17029,0.21,17.029,211.4040754007869,3999502359,2026-03-07 04:49:01.004551,07/03/26,4:49:1
17015,0.21,17.015,211.5780193946518,3999519374,2026-03-07 04:49:18.019551,07/03/26,4:49:18
17057,0.21,17.057,211.05704402884447,3999536431,2026-03-07 04:49:35.076551,07/03/26,4:49:35
21769,0.17,21.769,165.37277780329828,3999558200,2026-03-07 04:49:56.845551,07/03/26,4:49:56
24750,0.14,24.75,145.45454545454547,3999582950,2026-03-07 04:50:21.595551,07/03/26,4:50:21
25500,0.14,25.5,141.1764705882353,3999608450,2026-03-07 04:50:47.095551,07/03/26,4:50:47
25471,0.14,25.471,141.33720701974795,3999633921,2026-03-07 04:51:12.566551,07/03/26,4:51:12
25599,0.14,25.599,140.6304933786476,3999659520,2026-03-07 04:51:38.165551,07/03/26,4:51:38
26300,0.14,26.3,136.88212927756655,3999685820,2026-03-07 04:52:04.465551,07/03/26,4:52:4
26834,0.13,26.834,134.15815756130283,3999712654,2026-03-07 04:52:31.299551,07/03/26,4:52:31
26683,0.13,26.683,134.917363115092,3999739337,2026-03-07 04:52:57.982551,07/03/26,4:52:57
26732,0.13,26.732,134.67005835702528,3999766069,2026-03-07 04:53:24.714551,07/03/26,4:53:24
26525,0.14,26.525,135.72101790763432,3999792594,2026-03-07 04:53:51.239551,07/03/26,4:53:51
26616,0.14,26.616,135.2569882777277,3999819210,2026-03-07 04:54:17.855551,07/03/26,4:54:17
26950,0.13,26.95,133.58070500927644,3999846160,2026-03-07 04:54:44.805551,07/03/26,4:54:44
26953,0.13,26.953,133.56583682706935,3999873113,2026-03-07 04:55:11.758551,07/03/26,4:55:11
26832,0.13,26.832,134.16815742397137,3999899945,2026-03-07 04:55:38.590551,07/03/26,4:55:38
26767,0.13,26.767,134.49396645122727,3999926712,2026-03-07 04:56:05.357551,07/03/26,4:56:5
26857,0.13,26.857,134.0432661875861,3999953569,2026-03-07 04:56:32.214551,07/03/26,4:56:32
26786,0.13,26.786,134.39856641529158,3999980355,2026-03-07 04:56:59.000551,07/03/26,4:56:59
26445,0.14,26.445,136.13159387407828,4000006800,2026-03-07 04:57:25.445551,07/03/26,4:57:25
26625,0.14,26.625,135.2112676056338,4000033425,2026-03-07 04:57:52.070551,07/03/26,4:57:52
26494,0.14,26.494,135.8798218464558,4000059919,2026-03-07 04:58:18.564551,07/03/26,4:58:18
26606,0.14,26.606,135.30782530256334,4000086525,2026-03-07 04:58:45.170551,07/03/26,4:58:45
26665,0.14,26.665,135.0084380273767,4000113190,2026-03-07 04:59:11.835551,07/03/26,4:59:11
26486,0.14,26.486,135.92086385260137,4000139676,2026-03-07 04:59:38.321551,07/03/26,4:59:38
26035,0.14,26.035,138.27539850201651,4000165711,2026-03-07 05:00:04.356551,07/03/26,5:0:4
25966,0.14,25.966,138.64284063775708,4000191677,2026-03-07 05:00:30.322551,07/03/26,5:0:30
25196,0.14,25.196,142.87982219399905,4000216873,2026-03-07 05:00:55.518551,07/03/26,5:0:55
24996,0.14,24.996,144.02304368698992,4000241869,2026-03-07 05:01:20.514551,07/03/26,5:1:20
24930,0.14,24.93,144.4043321299639,4000266799,2026-03-07 05:01:45.444551,07/03/26,5:1:45
25379,0.14,25.379,141.8495606603885,4000292178,2026-03-07 05:02:10.823551,07/03/26,5:2:10
25444,0.14,25.444,141.4871875491275,4000317622,2026-03-07 05:02:36.267551,07/03/26,5:2:36
25580,0.14,25.58,140.73494917904614,4000343202,2026-03-07 05:03:01.847551,07/03/26,5:3:1
25546,0.14,25.546,140.92225788773194,4000368748,2026-03-07 05:03:27.393551,07/03/26,5:3:27
25466,0.14,25.466,141.3649571978324,4000394214,2026-03-07 05:03:52.859551,07/03/26,5:3:52
25228,0.14,25.228,142.69858886951008,4000419442,2026-03-07 05:04:18.087551,07/03/26,5:4:18
25360,0.14,25.36,141.9558359621451,4000444802,2026-03-07 05:04:43.447551,07/03/26,5:4:43
25685,0.14,25.685,140.1596262409967,4000470487,2026-03-07 05:05:09.132551,07/03/26,5:5:9
25763,0.14,25.763,139.73527927648178,4000496250,2026-03-07 05:05:34.895551,07/03/26,5:5:34
25773,0.14,25.773,139.68106157606798,4000522023,2026-03-07 05:06:00.668551,07/03/26,5:6:0
25678,0.14,25.678,140.1978347223304,4000547701,2026-03-07 05:06:26.346551,07/03/26,5:6:26
25436,0.14,25.436,141.53168737222833,4000573137,2026-03-07 05:06:51.782551,07/03/26,5:6:51
25477,0.14,25.477,141.30392118381286,4000598614,2026-03-07 05:07:17.259551,07/03/26,5:7:17
25513,0.14,25.513,141.10453494297025,4000624127,2026-03-07 05:07:42.772551,07/03/26,5:7:42
25687,0.14,25.687,140.148713356951,4000649814,2026-03-07 05:08:08.459551,07/03/26,5:8:8
25769,0.14,25.769,139.70274360665917,4000675583,2026-03-07 05:08:34.228551,07/03/26,5:8:34
25774,0.14,25.774,139.67564211996586,4000701357,2026-03-07 05:09:00.002551,07/03/26,5:9:0
25778,0.14,25.778,139.65396850027156,4000727135,2026-03-07 05:09:25.780551,07/03/26,5:9:25
25744,0.14,25.744,139.83840894965817,4000752879,2026-03-07 05:09:51.524551,07/03/26,5:9:51
25782,0.14,25.782,139.63230160577146,4000778661,2026-03-07 05:10:17.306551,07/03/26,5:10:17
26321,0.14,26.321,136.7729189620455,4000804982,2026-03-07 05:10:43.627551,07/03/26,5:10:43
26421,0.14,26.421,136.25525150448507,4000831403,2026-03-07 05:11:10.048551,07/03/26,5:11:10
26507,0.14,26.507,135.81318142377486,4000857910,2026-03-07 05:11:36.555551,07/03/26,5:11:36
26709,0.13,26.709,134.78602718184882,4000884619,2026-03-07 05:12:03.264551,07/03/26,5:12:3
26793,0.13,26.793,134.36345314074572,4000911412,2026-03-07 05:12:30.057551,07/03/26,5:12:30
26815,0.13,26.815,134.25321648331158,4000938227,2026-03-07 05:12:56.872551,07/03/26,5:12:56
26892,0.13,26.892,133.86880856760374,4000965119,2026-03-07 05:13:23.764551,07/03/26,5:13:23
26896,0.13,26.896,133.84889946460441,4000992015,2026-03-07 05:13:50.660551,07/03/26,5:13:50
26061,0.14,26.061,138.13744675952572,4001018076,2026-03-07 05:14:16.721551,07/03/26,5:14:16
26140,0.14,26.14,137.71996939556234,4001044216,2026-03-07 05:14:42.861551,07/03/26,5:14:42
26203,0.14,26.203,137.38884860512155,4001070419,2026-03-07 05:15:09.064551,07/03/26,5:15:9
26323,0.14,26.323,136.76252706758348,4001096742,2026-03-07 05:15:35.387551,07/03/26,5:15:35
26193,0.14,26.193,137.44130111098386,4001122935,2026-03-07 05:16:01.580551,07/03/26,5:16:1
26337,0.14,26.337,136.6898279986331,4001149272,2026-03-07 05:16:27.917551,07/03/26,5:16:27
26298,0.14,26.298,136.89253935660506,4001175570,2026-03-07 05:16:54.215551,07/03/26,5:16:54
26264,0.14,26.264,137.0697532744441,4001201834,2026-03-07 05:17:20.479551,07/03/26,5:17:20
26124,0.14,26.124,137.80431786862655,4001227958,2026-03-07 05:17:46.603551,07/03/26,5:17:46
26152,0.14,26.152,137.65677577240746,4001254110,2026-03-07 05:18:12.755551,07/03/26,5:18:12
26192,0.14,26.192,137.44654856444717,4001280302,2026-03-07 05:18:38.947551,07/03/26,5:18:38
26220,0.14,26.22,137.29977116704805,4001306522,2026-03-07 05:19:05.167551,07/03/26,5:19:5
26239,0.14,26.239,137.20035062311825,4001332761,2026-03-07 05:19:31.406551,07/03/26,5:19:31
26287,0.14,26.287,136.94982310647848,4001359048,2026-03-07 05:19:57.693551,07/03/26,5:19:57
26374,0.14,26.374,136.4980662773944,4001385422,2026-03-07 05:20:24.067551,07/03/26,5:20:24
26412,0.14,26.412,136.30168105406634,4001411834,2026-03-07 05:20:50.479551,07/03/26,5:20:50
26364,0.14,26.364,136.54984069185252,4001438198,2026-03-07 05:21:16.843551,07/03/26,5:21:16
26432,0.14,26.432,136.19854721549638,4001464630,2026-03-07 05:21:43.275551,07/03/26,5:21:43
26306,0.14,26.306,136.85090853797612,4001490936,2026-03-07 05:22:09.581551,07/03/26,5:22:9
25259,0.14,25.259,142.52345698562888,4001516195,2026-03-07 05:22:34.840551,07/03/26,5:22:34
20922,0.17,20.922,172.06767995411528,4001537117,2026-03-07 05:22:55.762551,07/03/26,5:22:55
20814,0.17,20.814,172.96050735082156,4001557931,2026-03-07 05:23:16.576551,07/03/26,5:23:16
22292,0.16,22.292,161.49291225551767,4001580223,2026-03-07 05:23:38.868551,07/03/26,5:23:38
26362,0.14,26.362,136.56020028829374,4001606585,2026-03-07 05:24:05.230551,07/03/26,5:24:5
26899,0.13,26.899,133.83397152310494,4001633484,2026-03-07 05:24:32.129551,07/03/26,5:24:32
27000,0.13,27.0,133.33333333333334,4001660484,2026-03-07 05:24:59.129551,07/03/26,5:24:59
26885,0.13,26.885,133.90366375302213,4001687369,2026-03-07 05:25:26.014551,07/03/26,5:25:26
26908,0.13,26.908,133.78920767058125,4001714277,2026-03-07 05:25:52.922551,07/03/26,5:25:52
25979,0.14,25.979,138.5734631818007,4001740256,2026-03-07 05:26:18.901551,07/03/26,5:26:18
26546,0.14,26.546,135.61365177427862,4001766802,2026-03-07 05:26:45.447551,07/03/26,5:26:45
26333,0.14,26.333,136.71059127330724,4001793135,2026-03-07 05:27:11.780551,07/03/26,5:27:11
26326,0.14,26.326,136.74694218643165,4001819461,2026-03-07 05:27:38.106551,07/03/26,5:27:38
26152,0.14,26.152,137.65677577240746,4001845613,2026-03-07 05:28:04.258551,07/03/26,5:28:4
26229,0.14,26.229,137.25265927027337,4001871842,2026-03-07 05:28:30.487551,07/03/26,5:28:30
26325,0.14,26.325,136.75213675213675,4001898167,2026-03-07 05:28:56.812551,07/03/26,5:28:56
26404,0.14,26.404,136.34297833661566,4001924571,2026-03-07 05:29:23.216551,07/03/26,5:29:23
26337,0.14,26.337,136.6898279986331,4001950908,2026-03-07 05:29:49.553551,07/03/26,5:29:49
26376,0.14,26.376,136.4877161055505,4001977284,2026-03-07 05:30:15.929551,07/03/26,5:30:15
26305,0.14,26.305,136.85611100551225,4002003589,2026-03-07 05:30:42.234551,07/03/26,5:30:42
26314,0.14,26.314,136.8093030326062,4002029903,2026-03-07 05:31:08.548551,07/03/26,5:31:8
26410,0.14,26.41,136.31200302915562,4002056313,2026-03-07 05:31:34.958551,07/03/26,5:31:34
26353,0.14,26.353,136.60683793116533,4002082666,2026-03-07 05:32:01.311551,07/03/26,5:32:1
26458,0.14,26.458,136.06470632700885,4002109124,2026-03-07 05:32:27.769551,07/03/26,5:32:27
26428,0.14,26.428,136.21916149538367,4002135552,2026-03-07 05:32:54.197551,07/03/26,5:32:54
26369,0.14,26.369,136.52394857597938,4002161921,2026-03-07 05:33:20.566551,07/03/26,5:33:20
26483,0.14,26.483,135.9362609976211,4002188404,2026-03-07 05:33:47.049551,07/03/26,5:33:47
26411,0.14,26.411,136.30684184620046,4002214815,2026-03-07 05:34:13.460551,07/03/26,5:34:13
26357,0.14,26.357,136.58610615775694,4002241172,2026-03-07 05:34:39.817551,07/03/26,5:34:39
26274,0.14,26.274,137.01758392327017,4002267446,2026-03-07 05:35:06.091551,07/03/26,5:35:6
26487,0.14,26.487,135.91573224600748,4002293933,2026-03-07 05:35:32.578551,07/03/26,5:35:32
26421,0.14,26.421,136.25525150448507,4002320354,2026-03-07 05:35:58.999551,07/03/26,5:35:58
26776,0.13,26.776,134.448760083657,4002347130,2026-03-07 05:36:25.775551,07/03/26,5:36:25
26859,0.13,26.859,134.0332849324249,4002373989,2026-03-07 05:36:52.634551,07/03/26,5:36:52
26926,0.13,26.926,133.69976973928544,4002400915,2026-03-07 05:37:19.560551,07/03/26,5:37:19
26960,0.13,26.96,133.53115727002967,4002427875,2026-03-07 05:37:46.520551,07/03/26,5:37:46
26628,0.14,26.628,135.196034249662,4002454503,2026-03-07 05:38:13.148551,07/03/26,5:38:13
26694,0.13,26.694,134.86176668914362,4002481197,2026-03-07 05:38:39.842551,07/03/26,5:38:39
26890,0.13,26.89,133.8787653402752,4002508087,2026-03-07 05:39:06.732551,07/03/26,5:39:6
27126,0.13,27.126,132.71400132714,4002535213,2026-03-07 05:39:33.858551,07/03/26,5:39:33
27143,0.13,27.143,132.63088089010057,4002562356,2026-03-07 05:40:01.001551,07/03/26,5:40:1
27122,0.13,27.122,132.73357422019026,4002589478,2026-03-07 05:40:28.123551,07/03/26,5:40:28
27001,0.13,27.001,133.32839524462057,4002616479,2026-03-07 05:40:55.124551,07/03/26,5:40:55
26923,0.13,26.923,133.7146677561936,4002643402,2026-03-07 05:41:22.047551,07/03/26,5:41:22
15227,0.24,15.227,236.42214487423655,4002658629,2026-03-07 05:41:37.274551,07/03/26,5:41:37
17257,0.21,17.257,208.6109984354175,4002675886,2026-03-07 05:41:54.531551,07/03/26,5:41:54
17377,0.21,17.377,207.17039765206883,4002693263,2026-03-07 05:42:11.908551,07/03/26,5:42:11
17369,0.21,17.369,207.26581841211353,4002710632,2026-03-07 05:42:29.277551,07/03/26,5:42:29
17399,0.21,17.399,206.90844301396632,4002728031,2026-03-07 05:42:46.676551,07/03/26,5:42:46
17477,0.2,17.477,205.98500886879899,4002745508,2026-03-07 05:43:04.153551,07/03/26,5:43:4
17554,0.2,17.554,205.08146291443546,4002763062,2026-03-07 05:43:21.707551,07/03/26,5:43:21
17588,0.2,17.588,204.68501250852853,4002780650,2026-03-07 05:43:39.295551,07/03/26,5:43:39
17685,0.2,17.685,203.5623409669211,4002798335,2026-03-07 05:43:56.980551,07/03/26,5:43:56
17749,0.2,17.749,202.82832835652712,4002816084,2026-03-07 05:44:14.729551,07/03/26,5:44:14
17791,0.2,17.791,202.34950255747287,4002833875,2026-03-07 05:44:32.520551,07/03/26,5:44:32
17871,0.2,17.871,201.44367970454928,4002851746,2026-03-07 05:44:50.391551,07/03/26,5:44:50
17847,0.2,17.847,201.7145738779627,4002869593,2026-03-07 05:45:08.238551,07/03/26,5:45:8
17849,0.2,17.849,201.6919715390218,4002887442,2026-03-07 05:45:26.087551,07/03/26,5:45:26
17951,0.2,17.951,200.54593058882514,4002905393,2026-03-07 05:45:44.038551,07/03/26,5:45:44
17996,0.2,17.996,200.04445432318292,4002923389,2026-03-07 05:46:02.034551,07/03/26,5:46:2
18019,0.2,18.019,199.7891114934236,4002941408,2026-03-07 05:46:20.053551,07/03/26,5:46:20
18023,0.2,18.023,199.74477057093713,4002959431,2026-03-07 05:46:38.076551,07/03/26,5:46:38
18029,0.2,18.029,199.67829607854014,4002977460,2026-03-07 05:46:56.105551,07/03/26,5:46:56
18034,0.2,18.034,199.62293445713652,4002995494,2026-03-07 05:47:14.139551,07/03/26,5:47:14
18128,0.2,18.128,198.58781994704324,4003013622,2026-03-07 05:47:32.267551,07/03/26,5:47:32
18170,0.2,18.17,198.12878370941112,4003031792,2026-03-07 05:47:50.437551,07/03/26,5:47:50
18134,0.2,18.134,198.5221131576045,4003049926,2026-03-07 05:48:08.571551,07/03/26,5:48:8
18263,0.2,18.263,197.11985982587746,4003068189,2026-03-07 05:48:26.834551,07/03/26,5:48:26
18218,0.2,18.218,197.60676254254034,4003086407,2026-03-07 05:48:45.052551,07/03/26,5:48:45
23578,0.15,23.578,152.6847060819408,4003109985,2026-03-07 05:49:08.630551,07/03/26,5:49:8
27104,0.13,27.104,132.82172373081465,4003137089,2026-03-07 05:49:35.734551,07/03/26,5:49:35
27037,0.13,27.037,133.15086732995525,4003164126,2026-03-07 05:50:02.771551,07/03/26,5:50:2
26995,0.13,26.995,133.35802926467863,4003191121,2026-03-07 05:50:29.766551,07/03/26,5:50:29
27009,0.13,27.009,133.2889036987671,4003218130,2026-03-07 05:50:56.775551,07/03/26,5:50:56
27046,0.13,27.046,133.1065591954448,4003245176,2026-03-07 05:51:23.821551,07/03/26,5:51:23
27103,0.13,27.103,132.82662435892706,4003272279,2026-03-07 05:51:50.924551,07/03/26,5:51:50
27066,0.13,27.066,133.0082021724673,4003299345,2026-03-07 05:52:17.990551,07/03/26,5:52:17
27112,0.13,27.112,132.78253172027146,4003326457,2026-03-07 05:52:45.102551,07/03/26,5:52:45
26973,0.13,26.973,133.4668001334668,4003353430,2026-03-07 05:53:12.075551,07/03/26,5:53:12
26420,0.14,26.42,136.26040878122635,4003379850,2026-03-07 05:53:38.495551,07/03/26,5:53:38
26220,0.14,26.22,137.29977116704805,4003406070,2026-03-07 05:54:04.715551,07/03/26,5:54:4
26388,0.14,26.388,136.4256480218281,4003432458,2026-03-07 05:54:31.103551,07/03/26,5:54:31
26640,0.14,26.64,135.13513513513513,4003459098,2026-03-07 05:54:57.743551,07/03/26,5:54:57
27085,0.13,27.085,132.9148975447665,4003486183,2026-03-07 05:55:24.828551,07/03/26,5:55:24
27087,0.13,27.087,132.90508361944845,4003513270,2026-03-07 05:55:51.915551,07/03/26,5:55:51
27076,0.13,27.076,132.9590781503915,4003540346,2026-03-07 05:56:18.991551,07/03/26,5:56:18
27092,0.13,27.092,132.88055514543038,4003567438,2026-03-07 05:56:46.083551,07/03/26,5:56:46
26833,0.13,26.833,134.16315730630194,4003594271,2026-03-07 05:57:12.916551,07/03/26,5:57:12
26539,0.14,26.539,135.64942160593844,4003620810,2026-03-07 05:57:39.455551,07/03/26,5:57:39
26562,0.14,26.562,135.5319629545968,4003647372,2026-03-07 05:58:06.017551,07/03/26,5:58:6
26559,0.14,26.559,135.54727211114877,4003673931,2026-03-07 05:58:32.576551,07/03/26,5:58:32
26660,0.14,26.66,135.0337584396099,4003700591,2026-03-07 05:58:59.236551,07/03/26,5:58:59
26741,0.13,26.741,134.62473355521485,4003727332,2026-03-07 05:59:25.977551,07/03/26,5:59:25
26660,0.14,26.66,135.0337584396099,4003753992,2026-03-07 05:59:52.637551,07/03/26,5:59:52
26626,0.14,26.626,135.2061894388943,4003780618,2026-03-07 06:00:19.263551,07/03/26,6:0:19
25971,0.14,25.971,138.61614878133304,4003806589,2026-03-07 06:00:45.234551,07/03/26,6:0:45
26038,0.14,26.038,138.25946693294415,4003832627,2026-03-07 06:01:11.272551,07/03/26,6:1:11
26245,0.14,26.245,137.16898456848924,4003858872,2026-03-07 06:01:37.517551,07/03/26,6:1:37
26201,0.14,26.201,137.3993359032098,4003885073,2026-03-07 06:02:03.718551,07/03/26,6:2:3
26213,0.14,26.213,137.3364361194827,4003911286,2026-03-07 06:02:29.931551,07/03/26,6:2:29
26073,0.14,26.073,138.0738695201933,4003937359,2026-03-07 06:02:56.004551,07/03/26,6:2:56
26167,0.14,26.167,137.5778652501242,4003963526,2026-03-07 06:03:22.171551,07/03/26,6:3:22
26152,0.14,26.152,137.65677577240746,4003989678,2026-03-07 06:03:48.323551,07/03/26,6:3:48
26087,0.14,26.087,137.99977000038334,4004015765,2026-03-07 06:04:14.410551,07/03/26,6:4:14
26134,0.14,26.134,137.75158796969464,4004041899,2026-03-07 06:04:40.544551,07/03/26,6:4:40
26175,0.14,26.175,137.53581661891118,4004068074,2026-03-07 06:05:06.719551,07/03/26,6:5:6
26528,0.14,26.528,135.70566948130278,4004094602,2026-03-07 06:05:33.247551,07/03/26,6:5:33
26670,0.13,26.67,134.98312710911136,4004121272,2026-03-07 06:05:59.917551,07/03/26,6:5:59
26546,0.14,26.546,135.61365177427862,4004147818,2026-03-07 06:06:26.463551,07/03/26,6:6:26
26585,0.14,26.585,135.4147075418469,4004174403,2026-03-07 06:06:53.048551,07/03/26,6:6:53
26343,0.14,26.343,136.6586949094636,4004200746,2026-03-07 06:07:19.391551,07/03/26,6:7:19
26453,0.14,26.453,136.09042452651872,4004227199,2026-03-07 06:07:45.844551,07/03/26,6:7:45
26264,0.14,26.264,137.0697532744441,4004253463,2026-03-07 06:08:12.108551,07/03/26,6:8:12
26535,0.14,26.535,135.66986998304125,4004279998,2026-03-07 06:08:38.643551,07/03/26,6:8:38
26551,0.14,26.551,135.58811344205492,4004306549,2026-03-07 06:09:05.194551,07/03/26,6:9:5
26486,0.14,26.486,135.92086385260137,4004333035,2026-03-07 06:09:31.680551,07/03/26,6:9:31
26369,0.14,26.369,136.52394857597938,4004359404,2026-03-07 06:09:58.049551,07/03/26,6:9:58
26442,0.14,26.442,136.14703880190606,4004385846,2026-03-07 06:10:24.491551,07/03/26,6:10:24
26205,0.14,26.205,137.37836290784202,4004412051,2026-03-07 06:10:50.696551,07/03/26,6:10:50
26006,0.14,26.006,138.42959317080673,4004438057,2026-03-07 06:11:16.702551,07/03/26,6:11:16
26439,0.14,26.439,136.16248723476681,4004464496,2026-03-07 06:11:43.141551,07/03/26,6:11:43
26928,0.13,26.928,133.6898395721925,4004491424,2026-03-07 06:12:10.069551,07/03/26,6:12:10
26990,0.13,26.99,133.3827343460541,4004518414,2026-03-07 06:12:37.059551,07/03/26,6:12:37
27081,0.13,27.081,132.93452974410104,4004545495,2026-03-07 06:13:04.140551,07/03/26,6:13:4
27043,0.13,27.043,133.12132529674963,4004572538,2026-03-07 06:13:31.183551,07/03/26,6:13:31
27075,0.13,27.075,132.9639889196676,4004599613,2026-03-07 06:13:58.258551,07/03/26,6:13:58
26902,0.13,26.902,133.81904691101033,4004626515,2026-03-07 06:14:25.160551,07/03/26,6:14:25
26888,0.13,26.888,133.8887235941684,4004653403,2026-03-07 06:14:52.048551,07/03/26,6:14:52
26918,0.13,26.918,133.7395051638309,4004680321,2026-03-07 06:15:18.966551,07/03/26,6:15:18
27079,0.13,27.079,132.9443480187599,4004707400,2026-03-07 06:15:46.045551,07/03/26,6:15:46
27065,0.13,27.065,133.01311657121744,4004734465,2026-03-07 06:16:13.110551,07/03/26,6:16:13
27080,0.13,27.08,132.93943870014772,4004761545,2026-03-07 06:16:40.190551,07/03/26,6:16:40
26820,0.13,26.82,134.2281879194631,4004788365,2026-03-07 06:17:07.010551,07/03/26,6:17:7
27056,0.13,27.056,133.05736250739207,4004815421,2026-03-07 06:17:34.066551,07/03/26,6:17:34
27088,0.13,27.088,132.90017720023627,4004842509,2026-03-07 06:18:01.154551,07/03/26,6:18:1
26888,0.13,26.888,133.8887235941684,4004869397,2026-03-07 06:18:28.042551,07/03/26,6:18:28
26862,0.13,26.862,134.01831583649766,4004896259,2026-03-07 06:18:54.904551,07/03/26,6:18:54
26820,0.13,26.82,134.2281879194631,4004923079,2026-03-07 06:19:21.724551,07/03/26,6:19:21
26475,0.14,26.475,135.97733711048159,4004949554,2026-03-07 06:19:48.199551,07/03/26,6:19:48
26746,0.13,26.746,134.5995662902864,4004976300,2026-03-07 06:20:14.945551,07/03/26,6:20:14
27091,0.13,27.091,132.88546011590566,4005003391,2026-03-07 06:20:42.036551,07/03/26,6:20:42
27029,0.13,27.029,133.190277109771,4005030420,2026-03-07 06:21:09.065551,07/03/26,6:21:9
27071,0.13,27.071,132.9836356248384,4005057491,2026-03-07 06:21:36.136551,07/03/26,6:21:36
27042,0.13,27.042,133.12624805857556,4005084533,2026-03-07 06:22:03.178551,07/03/26,6:22:3
26986,0.13,26.986,133.40250500259393,4005111519,2026-03-07 06:22:30.164551,07/03/26,6:22:30
27001,0.13,27.001,133.32839524462057,4005138520,2026-03-07 06:22:57.165551,07/03/26,6:22:57
26916,0.13,26.916,133.74944271065536,4005165436,2026-03-07 06:23:24.081551,07/03/26,6:23:24
27067,0.13,27.067,133.0032881368456,4005192503,2026-03-07 06:23:51.148551,07/03/26,6:23:51
26967,0.13,26.967,133.49649571698743,4005219470,2026-03-07 06:24:18.115551,07/03/26,6:24:18
27011,0.13,27.011,133.2790344674392,4005246481,2026-03-07 06:24:45.126551,07/03/26,6:24:45
26932,0.13,26.932,133.66998366255754,4005273413,2026-03-07 06:25:12.058551,07/03/26,6:25:12
26979,0.13,26.979,133.43711775825642,4005300392,2026-03-07 06:25:39.037551,07/03/26,6:25:39
26999,0.13,26.999,133.338271787844,4005327391,2026-03-07 06:26:06.036551,07/03/26,6:26:6
27107,0.13,27.107,132.80702401593683,4005354498,2026-03-07 06:26:33.143551,07/03/26,6:26:33
26990,0.13,26.99,133.3827343460541,4005381488,2026-03-07 06:27:00.133551,07/03/26,6:27:0
26950,0.13,26.95,133.58070500927644,4005408438,2026-03-07 06:27:27.083551,07/03/26,6:27:27
26945,0.13,26.945,133.60549267025422,4005435383,2026-03-07 06:27:54.028551,07/03/26,6:27:54
27048,0.13,27.048,133.09671694764862,4005462431,2026-03-07 06:28:21.076551,07/03/26,6:28:21
27053,0.13,27.053,133.0721176948952,4005489484,2026-03-07 06:28:48.129551,07/03/26,6:28:48
27067,0.13,27.067,133.0032881368456,4005516551,2026-03-07 06:29:15.196551,07/03/26,6:29:15
26996,0.13,26.996,133.35308934656987,4005543547,2026-03-07 06:29:42.192551,07/03/26,6:29:42
26964,0.13,26.964,133.5113484646195,4005570511,2026-03-07 06:30:09.156551,07/03/26,6:30:9
27097,0.13,27.097,132.85603572351184,4005597608,2026-03-07 06:30:36.253551,07/03/26,6:30:36
27009,0.13,27.009,133.2889036987671,4005624617,2026-03-07 06:31:03.262551,07/03/26,6:31:3
26972,0.13,26.972,133.47174847990507,4005651589,2026-03-07 06:31:30.234551,07/03/26,6:31:30
26971,0.13,26.971,133.47669719328167,4005678560,2026-03-07 06:31:57.205551,07/03/26,6:31:57
27026,0.13,27.026,133.20506179234812,4005705586,2026-03-07 06:32:24.231551,07/03/26,6:32:24
27015,0.13,27.015,133.25930038867295,4005732601,2026-03-07 06:32:51.246551,07/03/26,6:32:51
26946,0.13,26.946,133.6005344021376,4005759547,2026-03-07 06:33:18.192551,07/03/26,6:33:18
26954,0.13,26.954,133.5608815018179,4005786501,2026-03-07 06:33:45.146551,07/03/26,6:33:45
26878,0.13,26.878,133.93853709353374,4005813379,2026-03-07 06:34:12.024551,07/03/26,6:34:12
26850,0.13,26.85,134.0782122905028,4005840229,2026-03-07 06:34:38.874551,07/03/26,6:34:38
26888,0.13,26.888,133.8887235941684,4005867117,2026-03-07 06:35:05.762551,07/03/26,6:35:5
26945,0.13,26.945,133.60549267025422,4005894062,2026-03-07 06:35:32.707551,07/03/26,6:35:32
26923,0.13,26.923,133.7146677561936,4005920985,2026-03-07 06:35:59.630551,07/03/26,6:35:59
26929,0.13,26.929,133.68487504177654,4005947914,2026-03-07 06:36:26.559551,07/03/26,6:36:26
26950,0.13,26.95,133.58070500927644,4005974864,2026-03-07 06:36:53.509551,07/03/26,6:36:53
26912,0.13,26.912,133.769322235434,4006001776,2026-03-07 06:37:20.421551,07/03/26,6:37:20
26910,0.13,26.91,133.77926421404683,4006028686,2026-03-07 06:37:47.331551,07/03/26,6:37:47
26959,0.13,26.959,133.53611038985125,4006055645,2026-03-07 06:38:14.290551,07/03/26,6:38:14
26936,0.13,26.936,133.65013365013365,4006082581,2026-03-07 06:38:41.226551,07/03/26,6:38:41
26418,0.14,26.418,136.2707245060186,4006108999,2026-03-07 06:39:07.644551,07/03/26,6:39:7
26327,0.14,26.327,136.74174801534545,4006135326,2026-03-07 06:39:33.971551,07/03/26,6:39:33
26308,0.14,26.308,136.84050478941768,4006161634,2026-03-07 06:40:00.279551,07/03/26,6:40:0
26457,0.14,26.457,136.06984918925048,4006188091,2026-03-07 06:40:26.736551,07/03/26,6:40:26
26349,0.14,26.349,136.62757599908915,4006214440,2026-03-07 06:40:53.085551,07/03/26,6:40:53
26369,0.14,26.369,136.52394857597938,4006240809,2026-03-07 06:41:19.454551,07/03/26,6:41:19
26309,0.14,26.309,136.83530350830515,4006267118,2026-03-07 06:41:45.763551,07/03/26,6:41:45
26409,0.14,26.409,136.31716460297625,4006293527,2026-03-07 06:42:12.172551,07/03/26,6:42:12
26458,0.14,26.458,136.06470632700885,4006319985,2026-03-07 06:42:38.630551,07/03/26,6:42:38
26376,0.14,26.376,136.4877161055505,4006346361,2026-03-07 06:43:05.006551,07/03/26,6:43:5
19213,0.19,19.213,187.3731327746838,4006365574,2026-03-07 06:43:24.219551,07/03/26,6:43:24
17020,0.21,17.02,211.51586368977672,4006382594,2026-03-07 06:43:41.239551,07/03/26,6:43:41
16984,0.21,16.984,211.9642016015073,4006399578,2026-03-07 06:43:58.223551,07/03/26,6:43:58
17036,0.21,17.036,211.3172106128199,4006416614,2026-03-07 06:44:15.259551,07/03/26,6:44:15
17062,0.21,17.062,210.99519399835893,4006433676,2026-03-07 06:44:32.321551,07/03/26,6:44:32
17145,0.21,17.145,209.9737532808399,4006450821,2026-03-07 06:44:49.466551,07/03/26,6:44:49
17159,0.21,17.159,209.80243603939624,4006467980,2026-03-07 06:45:06.625551,07/03/26,6:45:6
17236,0.21,17.236,208.86516593177072,4006485216,2026-03-07 06:45:23.861551,07/03/26,6:45:23
17301,0.21,17.301,208.0804577770071,4006502517,2026-03-07 06:45:41.162551,07/03/26,6:45:41
17369,0.21,17.369,207.26581841211353,4006519886,2026-03-07 06:45:58.531551,07/03/26,6:45:58
17451,0.21,17.451,206.29190304280556,4006537337,2026-03-07 06:46:15.982551,07/03/26,6:46:15
17462,0.21,17.462,206.16195166647577,4006554799,2026-03-07 06:46:33.444551,07/03/26,6:46:33
17515,0.2,17.515,205.53811019126462,4006572314,2026-03-07 06:46:50.959551,07/03/26,6:46:50
17547,0.2,17.547,205.1632757736365,4006589861,2026-03-07 06:47:08.506551,07/03/26,6:47:8
17559,0.2,17.559,205.02306509482318,4006607420,2026-03-07 06:47:26.065551,07/03/26,6:47:26
17655,0.2,17.655,203.90824129141888,4006625075,2026-03-07 06:47:43.720551,07/03/26,6:47:43
17659,0.2,17.659,203.86205334390397,4006642734,2026-03-07 06:48:01.379551,07/03/26,6:48:1
17738,0.2,17.738,202.95410982072386,4006660472,2026-03-07 06:48:19.117551,07/03/26,6:48:19
17693,0.2,17.693,203.47029898830047,4006678165,2026-03-07 06:48:36.810551,07/03/26,6:48:36
17794,0.2,17.794,202.31538720917163,4006695959,2026-03-07 06:48:54.604551,07/03/26,6:48:54
17775,0.2,17.775,202.53164556962025,4006713734,2026-03-07 06:49:12.379551,07/03/26,6:49:12
17689,0.2,17.689,203.5163095709198,4006731423,2026-03-07 06:49:30.068551,07/03/26,6:49:30
17845,0.2,17.845,201.73718128327263,4006749268,2026-03-07 06:49:47.913551,07/03/26,6:49:47
17947,0.2,17.947,200.59062796010474,4006767215,2026-03-07 06:50:05.860551,07/03/26,6:50:5
17936,0.2,17.936,200.71364852809992,4006785151,2026-03-07 06:50:23.796551,07/03/26,6:50:23
17937,0.2,17.937,200.70245860511793,4006803088,2026-03-07 06:50:41.733551,07/03/26,6:50:41
23963,0.15,23.963,150.23160706088552,4006827051,2026-03-07 06:51:05.696551,07/03/26,6:51:5
26520,0.14,26.52,135.74660633484163,4006853571,2026-03-07 06:51:32.216551,07/03/26,6:51:32
26444,0.14,26.444,136.13674179397972,4006880015,2026-03-07 06:51:58.660551,07/03/26,6:51:58
26447,0.14,26.447,136.12129920217794,4006906462,2026-03-07 06:52:25.107551,07/03/26,6:52:25
26445,0.14,26.445,136.13159387407828,4006932907,2026-03-07 06:52:51.552551,07/03/26,6:52:51
26516,0.14,26.516,135.76708402473977,4006959423,2026-03-07 06:53:18.068551,07/03/26,6:53:18
26387,0.14,26.387,136.43081820593474,4006985810,2026-03-07 06:53:44.455551,07/03/26,6:53:44
26368,0.14,26.368,136.52912621359224,4007012178,2026-03-07 06:54:10.823551,07/03/26,6:54:10
26327,0.14,26.327,136.74174801534545,4007038505,2026-03-07 06:54:37.150551,07/03/26,6:54:37
26466,0.14,26.466,136.02357742008616,4007064971,2026-03-07 06:55:03.616551,07/03/26,6:55:3
26121,0.14,26.121,137.82014471115195,4007091092,2026-03-07 06:55:29.737551,07/03/26,6:55:29
25670,0.14,25.67,140.24152707440592,4007116762,2026-03-07 06:55:55.407551,07/03/26,6:55:55
25783,0.14,25.783,139.62688593259125,4007142545,2026-03-07 06:56:21.190551,07/03/26,6:56:21
25807,0.14,25.807,139.49703568799163,4007168352,2026-03-07 06:56:46.997551,07/03/26,6:56:46
25849,0.14,25.849,139.27037796433132,4007194201,2026-03-07 06:57:12.846551,07/03/26,6:57:12
25716,0.14,25.716,139.99066728884742,4007219917,2026-03-07 06:57:38.562551,07/03/26,6:57:38
25422,0.14,25.422,141.60962945480293,4007245339,2026-03-07 06:58:03.984551,07/03/26,6:58:3
25453,0.14,25.453,141.43715868463443,4007270792,2026-03-07 06:58:29.437551,07/03/26,6:58:29
25502,0.14,25.502,141.16539879225158,4007296294,2026-03-07 06:58:54.939551,07/03/26,6:58:54
25485,0.14,25.485,141.25956444967628,4007321779,2026-03-07 06:59:20.424551,07/03/26,6:59:20
25600,0.14,25.6,140.625,4007347379,2026-03-07 06:59:46.024551,07/03/26,6:59:46
25173,0.14,25.173,143.01036825169825,4007372552,2026-03-07 07:00:11.197551,07/03/26,7:0:11
25076,0.14,25.076,143.56356675705854,4007397628,2026-03-07 07:00:36.273551,07/03/26,7:0:36
24123,0.15,24.123,149.2351697550056,4007421751,2026-03-07 07:01:00.396551,07/03/26,7:1:0
24149,0.15,24.149,149.074495838337,4007445900,2026-03-07 07:01:24.545551,07/03/26,7:1:24
24943,0.14,24.943,144.32907028023894,4007470843,2026-03-07 07:01:49.488551,07/03/26,7:1:49
24981,0.14,24.981,144.10952323766062,4007495824,2026-03-07 07:02:14.469551,07/03/26,7:2:14
25011,0.14,25.011,143.9366678661389,4007520835,2026-03-07 07:02:39.480551,07/03/26,7:2:39
25043,0.14,25.043,143.75274527812164,4007545878,2026-03-07 07:03:04.523551,07/03/26,7:3:4
25028,0.14,25.028,143.8389004315167,4007570906,2026-03-07 07:03:29.551551,07/03/26,7:3:29
25071,0.14,25.071,143.59219815723347,4007595977,2026-03-07 07:03:54.622551,07/03/26,7:3:54
24937,0.14,24.937,144.363796767855,4007620914,2026-03-07 07:04:19.559551,07/03/26,7:4:19
25080,0.14,25.08,143.54066985645932,4007645994,2026-03-07 07:04:44.639551,07/03/26,7:4:44
25115,0.14,25.115,143.34063308779614,4007671109,2026-03-07 07:05:09.754551,07/03/26,7:5:9
25099,0.14,25.099,143.43200924339615,4007696208,2026-03-07 07:05:34.853551,07/03/26,7:5:34
25312,0.14,25.312,142.22503160556258,4007721520,2026-03-07 07:06:00.165551,07/03/26,7:6:0
25405,0.14,25.405,141.70438889982287,4007746925,2026-03-07 07:06:25.570551,07/03/26,7:6:25
25920,0.14,25.92,138.88888888888889,4007772845,2026-03-07 07:06:51.490551,07/03/26,7:6:51
26323,0.14,26.323,136.76252706758348,4007799168,2026-03-07 07:07:17.813551,07/03/26,7:7:17
26514,0.14,26.514,135.77732518669382,4007825682,2026-03-07 07:07:44.327551,07/03/26,7:7:44
26415,0.14,26.415,136.2862010221465,4007852097,2026-03-07 07:08:10.742551,07/03/26,7:8:10
26372,0.14,26.372,136.5084180191112,4007878469,2026-03-07 07:08:37.114551,07/03/26,7:8:37
26371,0.14,26.371,136.51359447878352,4007904840,2026-03-07 07:09:03.485551,07/03/26,7:9:3
26443,0.14,26.443,136.14189010324094,4007931283,2026-03-07 07:09:29.928551,07/03/26,7:9:29
26476,0.14,26.476,135.97220123885782,4007957759,2026-03-07 07:09:56.404551,07/03/26,7:9:56
26796,0.13,26.796,134.3484102104792,4007984555,2026-03-07 07:10:23.200551,07/03/26,7:10:23
27069,0.13,27.069,132.99346115482655,4008011624,2026-03-07 07:10:50.269551,07/03/26,7:10:50
26985,0.13,26.985,133.40744858254587,4008038609,2026-03-07 07:11:17.254551,07/03/26,7:11:17
27077,0.13,27.077,132.95416774384162,4008065686,2026-03-07 07:11:44.331551,07/03/26,7:11:44
27407,0.13,27.407,131.35330390046337,4008093093,2026-03-07 07:12:11.738551,07/03/26,7:12:11
27550,0.13,27.55,130.6715063520871,4008120643,2026-03-07 07:12:39.288551,07/03/26,7:12:39
27568,0.13,27.568,130.586186883343,4008148211,2026-03-07 07:13:06.856551,07/03/26,7:13:6
27385,0.13,27.385,131.4588278254519,4008175596,2026-03-07 07:13:34.241551,07/03/26,7:13:34
27410,0.13,27.41,131.33892739875958,4008203006,2026-03-07 07:14:01.651551,07/03/26,7:14:1
27416,0.13,27.416,131.31018383425737,4008230422,2026-03-07 07:14:29.067551,07/03/26,7:14:29
27443,0.13,27.443,131.18099333163283,4008257865,2026-03-07 07:14:56.510551,07/03/26,7:14:56
27422,0.13,27.422,131.28145284807817,4008285287,2026-03-07 07:15:23.932551,07/03/26,7:15:23
27433,0.13,27.433,131.2288120147268,4008312720,2026-03-07 07:15:51.365551,07/03/26,7:15:51
27442,0.13,27.442,131.1857736316595,4008340162,2026-03-07 07:16:18.807551,07/03/26,7:16:18
27458,0.13,27.458,131.1093306140287,4008367620,2026-03-07 07:16:46.265551,07/03/26,7:16:46
27356,0.13,27.356,131.59818686942535,4008394976,2026-03-07 07:17:13.621551,07/03/26,7:17:13
27444,0.13,27.444,131.17621337997377,4008422420,2026-03-07 07:17:41.065551,07/03/26,7:17:41
27429,0.13,27.429,131.24794925079294,4008449849,2026-03-07 07:18:08.494551,07/03/26,7:18:8
27478,0.13,27.478,131.01390203071549,4008477327,2026-03-07 07:18:35.972551,07/03/26,7:18:35
27521,0.13,27.521,130.80920024708405,4008504848,2026-03-07 07:19:03.493551,07/03/26,7:19:3
27539,0.13,27.539,130.72370093322198,4008532387,2026-03-07 07:19:31.032551,07/03/26,7:19:31
27560,0.13,27.56,130.62409288824384,4008559947,2026-03-07 07:19:58.592551,07/03/26,7:19:58
27485,0.13,27.485,130.9805348371839,4008587432,2026-03-07 07:20:26.077551,07/03/26,7:20:26
27397,0.13,27.397,131.40124831185895,4008614829,2026-03-07 07:20:53.474551,07/03/26,7:20:53
27394,0.13,27.394,131.41563846097685,4008642223,2026-03-07 07:21:20.868551,07/03/26,7:21:20
27436,0.13,27.436,131.21446274967195,4008669659,2026-03-07 07:21:48.304551,07/03/26,7:21:48
27481,0.13,27.481,130.9995997234453,4008697140,2026-03-07 07:22:15.785551,07/03/26,7:22:15
27508,0.13,27.508,130.87101933982842,4008724648,2026-03-07 07:22:43.293551,07/03/26,7:22:43
27384,0.13,27.384,131.46362839614375,4008752032,2026-03-07 07:23:10.677551,07/03/26,7:23:10
27432,0.13,27.432,131.23359580052494,4008779464,2026-03-07 07:23:38.109551,07/03/26,7:23:38
27468,0.13,27.468,131.06159895150722,4008806932,2026-03-07 07:24:05.577551,07/03/26,7:24:5
27503,0.13,27.503,130.8948114751118,4008834435,2026-03-07 07:24:33.080551,07/03/26,7:24:33
27571,0.13,27.571,130.57197780276377,4008862006,2026-03-07 07:25:00.651551,07/03/26,7:25:0
27542,0.13,27.542,130.7094619127151,4008889548,2026-03-07 07:25:28.193551,07/03/26,7:25:28
27521,0.13,27.521,130.80920024708405,4008917069,2026-03-07 07:25:55.714551,07/03/26,7:25:55
27457,0.13,27.457,131.11410569253744,4008944526,2026-03-07 07:26:23.171551,07/03/26,7:26:23
27405,0.13,27.405,131.36288998357963,4008971931,2026-03-07 07:26:50.576551,07/03/26,7:26:50
27499,0.13,27.499,130.91385141277866,4008999430,2026-03-07 07:27:18.075551,07/03/26,7:27:18
27480,0.13,27.48,131.00436681222706,4009026910,2026-03-07 07:27:45.555551,07/03/26,7:27:45
27438,0.13,27.438,131.2048983162038,4009054348,2026-03-07 07:28:12.993551,07/03/26,7:28:12
27437,0.13,27.437,131.2096803586398,4009081785,2026-03-07 07:28:40.430551,07/03/26,7:28:40
27405,0.13,27.405,131.36288998357963,4009109190,2026-03-07 07:29:07.835551,07/03/26,7:29:7
27509,0.13,27.509,130.86626195063434,4009136699,2026-03-07 07:29:35.344551,07/03/26,7:29:35
27396,0.13,27.396,131.4060446780552,4009164095,2026-03-07 07:30:02.740551,07/03/26,7:30:2
27536,0.13,27.536,130.73794305636258,4009191631,2026-03-07 07:30:30.276551,07/03/26,7:30:30
27475,0.13,27.475,131.0282074613285,4009219106,2026-03-07 07:30:57.751551,07/03/26,7:30:57
27474,0.13,27.474,131.0329766324525,4009246580,2026-03-07 07:31:25.225551,07/03/26,7:31:25
27481,0.13,27.481,130.9995997234453,4009274061,2026-03-07 07:31:52.706551,07/03/26,7:31:52
27382,0.13,27.382,131.47323058943832,4009301443,2026-03-07 07:32:20.088551,07/03/26,7:32:20
27475,0.13,27.475,131.0282074613285,4009328918,2026-03-07 07:32:47.563551,07/03/26,7:32:47
27410,0.13,27.41,131.33892739875958,4009356328,2026-03-07 07:33:14.973551,07/03/26,7:33:14
26918,0.13,26.918,133.7395051638309,4009383246,2026-03-07 07:33:41.891551,07/03/26,7:33:41
26164,0.14,26.164,137.5936401161902,4009409410,2026-03-07 07:34:08.055551,07/03/26,7:34:8
26152,0.14,26.152,137.65677577240746,4009435562,2026-03-07 07:34:34.207551,07/03/26,7:34:34
26182,0.14,26.182,137.49904514551983,4009461744,2026-03-07 07:35:00.389551,07/03/26,7:35:0
26175,0.14,26.175,137.53581661891118,4009487919,2026-03-07 07:35:26.564551,07/03/26,7:35:26
26337,0.14,26.337,136.6898279986331,4009514256,2026-03-07 07:35:52.901551,07/03/26,7:35:52
26333,0.14,26.333,136.71059127330724,4009540589,2026-03-07 07:36:19.234551,07/03/26,7:36:19
26399,0.14,26.399,136.36880184855488,4009566988,2026-03-07 07:36:45.633551,07/03/26,7:36:45
26163,0.14,26.163,137.59889920880633,4009593151,2026-03-07 07:37:11.796551,07/03/26,7:37:11
26334,0.14,26.334,136.7053998632946,4009619485,2026-03-07 07:37:38.130551,07/03/26,7:37:38
26315,0.14,26.315,136.8041041231237,4009645800,2026-03-07 07:38:04.445551,07/03/26,7:38:4
26297,0.14,26.297,136.8977449899228,4009672097,2026-03-07 07:38:30.742551,07/03/26,7:38:30
26424,0.14,26.424,136.23978201634878,4009698521,2026-03-07 07:38:57.166551,07/03/26,7:38:57
26265,0.14,26.265,137.06453455168474,4009724786,2026-03-07 07:39:23.431551,07/03/26,7:39:23
26129,0.14,26.129,137.77794787400973,4009750915,2026-03-07 07:39:49.560551,07/03/26,7:39:49
26153,0.14,26.153,137.65151225480824,4009777068,2026-03-07 07:40:15.713551,07/03/26,7:40:15
26291,0.14,26.291,136.9289871058537,4009803359,2026-03-07 07:40:42.004551,07/03/26,7:40:42
26317,0.14,26.317,136.79370748945547,4009829676,2026-03-07 07:41:08.321551,07/03/26,7:41:8
26364,0.14,26.364,136.54984069185252,4009856040,2026-03-07 07:41:34.685551,07/03/26,7:41:34
26398,0.14,26.398,136.37396772482765,4009882438,2026-03-07 07:42:01.083551,07/03/26,7:42:1
26508,0.14,26.508,135.80805794477138,4009908946,2026-03-07 07:42:27.591551,07/03/26,7:42:27
26361,0.14,26.361,136.56538067599863,4009935307,2026-03-07 07:42:53.952551,07/03/26,7:42:53
26310,0.14,26.31,136.83010262257696,4009961617,2026-03-07 07:43:20.262551,07/03/26,7:43:20
26341,0.14,26.341,136.6690710299533,4009987958,2026-03-07 07:43:46.603551,07/03/26,7:43:46
26305,0.14,26.305,136.85611100551225,4010014263,2026-03-07 07:44:12.908551,07/03/26,7:44:12
26294,0.14,26.294,136.91336426561193,4010040557,2026-03-07 07:44:39.202551,07/03/26,7:44:39
26310,0.14,26.31,136.83010262257696,4010066867,2026-03-07 07:45:05.512551,07/03/26,7:45:5
26275,0.14,26.275,137.01236917221695,4010093142,2026-03-07 07:45:31.787551,07/03/26,7:45:31
26364,0.14,26.364,136.54984069185252,4010119506,2026-03-07 07:45:58.151551,07/03/26,7:45:58
26300,0.14,26.3,136.88212927756655,4010145806,2026-03-07 07:46:24.451551,07/03/26,7:46:24
20848,0.17,20.848,172.67843438219492,4010166654,2026-03-07 07:46:45.299551,07/03/26,7:46:45
16985,0.21,16.985,211.9517221077421,4010183639,2026-03-07 07:47:02.284551,07/03/26,7:47:2
16925,0.21,16.925,212.70310192023635,4010200564,2026-03-07 07:47:19.209551,07/03/26,7:47:19
16965,0.21,16.965,212.20159151193633,4010217529,2026-03-07 07:47:36.174551,07/03/26,7:47:36
17103,0.21,17.103,210.48938782669708,4010234632,2026-03-07 07:47:53.277551,07/03/26,7:47:53
17294,0.21,17.294,208.16468139239043,4010251926,2026-03-07 07:48:10.571551,07/03/26,7:48:10
17373,0.21,17.373,207.21809704714212,4010269299,2026-03-07 07:48:27.944551,07/03/26,7:48:27
17393,0.21,17.393,206.9798194676019,4010286692,2026-03-07 07:48:45.337551,07/03/26,7:48:45
17418,0.21,17.418,206.68274199104374,4010304110,2026-03-07 07:49:02.755551,07/03/26,7:49:2
17488,0.2,17.488,205.85544373284537,4010321598,2026-03-07 07:49:20.243551,07/03/26,7:49:20
17530,0.2,17.53,205.3622361665716,4010339128,2026-03-07 07:49:37.773551,07/03/26,7:49:37
17593,0.2,17.593,204.62684022054225,4010356721,2026-03-07 07:49:55.366551,07/03/26,7:49:55
17667,0.2,17.667,203.76974019358124,4010374388,2026-03-07 07:50:13.033551,07/03/26,7:50:13
17662,0.2,17.662,203.82742611255804,4010392050,2026-03-07 07:50:30.695551,07/03/26,7:50:30
17739,0.2,17.739,202.94266869609336,4010409789,2026-03-07 07:50:48.434551,07/03/26,7:50:48
17770,0.2,17.77,202.58863252673044,4010427559,2026-03-07 07:51:06.204551,07/03/26,7:51:6
17754,0.2,17.754,202.77120648867862,4010445313,2026-03-07 07:51:23.958551,07/03/26,7:51:23
17794,0.2,17.794,202.31538720917163,4010463107,2026-03-07 07:51:41.752551,07/03/26,7:51:41
17913,0.2,17.913,200.9713615809747,4010481020,2026-03-07 07:51:59.665551,07/03/26,7:51:59
17896,0.2,17.896,201.1622708985248,4010498916,2026-03-07 07:52:17.561551,07/03/26,7:52:17
17913,0.2,17.913,200.9713615809747,4010516829,2026-03-07 07:52:35.474551,07/03/26,7:52:35
17955,0.2,17.955,200.5012531328321,4010534784,2026-03-07 07:52:53.429551,07/03/26,7:52:53
17987,0.2,17.987,200.1445488408295,4010552771,2026-03-07 07:53:11.416551,07/03/26,7:53:11
18013,0.2,18.013,199.85565980125466,4010570784,2026-03-07 07:53:29.429551,07/03/26,7:53:29
18038,0.2,18.038,199.57866725801085,4010588822,2026-03-07 07:53:47.467551,07/03/26,7:53:47
18057,0.2,18.057,199.36866589134408,4010606879,2026-03-07 07:54:05.524551,07/03/26,7:54:5
23569,0.15,23.569,152.74300988586702,4010630448,2026-03-07 07:54:29.093551,07/03/26,7:54:29
26798,0.13,26.798,134.33838346145234,4010657246,2026-03-07 07:54:55.891551,07/03/26,7:54:55
26683,0.13,26.683,134.917363115092,4010683929,2026-03-07 07:55:22.574551,07/03/26,7:55:22
26622,0.14,26.622,135.2265043948614,4010710551,2026-03-07 07:55:49.196551,07/03/26,7:55:49
26654,0.14,26.654,135.0641554738501,4010737205,2026-03-07 07:56:15.850551,07/03/26,7:56:15
26660,0.14,26.66,135.0337584396099,4010763865,2026-03-07 07:56:42.510551,07/03/26,7:56:42
26697,0.13,26.697,134.84661197887402,4010790562,2026-03-07 07:57:09.207551,07/03/26,7:57:9
26740,0.13,26.74,134.62976813762154,4010817302,2026-03-07 07:57:35.947551,07/03/26,7:57:35
26548,0.14,26.548,135.60343528702728,4010843850,2026-03-07 07:58:02.495551,07/03/26,7:58:2
26297,0.14,26.297,136.8977449899228,4010870147,2026-03-07 07:58:28.792551,07/03/26,7:58:28
26468,0.14,26.468,136.0132990781321,4010896615,2026-03-07 07:58:55.260551,07/03/26,7:58:55
26327,0.14,26.327,136.74174801534545,4010922942,2026-03-07 07:59:21.587551,07/03/26,7:59:21
26312,0.14,26.312,136.81970203709335,4010949254,2026-03-07 07:59:47.899551,07/03/26,7:59:47
26320,0.14,26.32,136.77811550151975,4010975574,2026-03-07 08:00:14.219551,07/03/26,8:0:14
25942,0.14,25.942,138.77110477218412,4011001516,2026-03-07 08:00:40.161551,07/03/26,8:0:40
26007,0.14,26.007,138.4242703887415,4011027523,2026-03-07 08:01:06.168551,07/03/26,8:1:6
25991,0.14,25.991,138.5094840521719,4011053514,2026-03-07 08:01:32.159551,07/03/26,8:1:32
26102,0.14,26.102,137.9204658646847,4011079616,2026-03-07 08:01:58.261551,07/03/26,8:1:58
26060,0.14,26.06,138.14274750575595,4011105676,2026-03-07 08:02:24.321551,07/03/26,8:2:24
26040,0.14,26.04,138.24884792626727,4011131716,2026-03-07 08:02:50.361551,07/03/26,8:2:50
26047,0.14,26.047,138.21169424501863,4011157763,2026-03-07 08:03:16.408551,07/03/26,8:3:16
26051,0.14,26.051,138.1904725346436,4011183814,2026-03-07 08:03:42.459551,07/03/26,8:3:42
26126,0.14,26.126,137.79376865957283,4011209940,2026-03-07 08:04:08.585551,07/03/26,8:4:8
26014,0.14,26.014,138.38702237256862,4011235954,2026-03-07 08:04:34.599551,07/03/26,8:4:34
26128,0.14,26.128,137.78322106552358,4011262082,2026-03-07 08:05:00.727551,07/03/26,8:5:0
25978,0.14,25.978,138.57879744399108,4011288060,2026-03-07 08:05:26.705551,07/03/26,8:5:26
26086,0.14,26.086,138.00506018554015,4011314146,2026-03-07 08:05:52.791551,07/03/26,8:5:52
26335,0.14,26.335,136.7002088475413,4011340481,2026-03-07 08:06:19.126551,07/03/26,8:6:19
26366,0.14,26.366,136.53948266707124,4011366847,2026-03-07 08:06:45.492551,07/03/26,8:6:45
26393,0.14,26.393,136.39980297806235,4011393240,2026-03-07 08:07:11.885551,07/03/26,8:7:11
26879,0.13,26.879,133.93355407567245,4011420119,2026-03-07 08:07:38.764551,07/03/26,8:7:38
26933,0.13,26.933,133.6650206066907,4011447052,2026-03-07 08:08:05.697551,07/03/26,8:8:5
26870,0.13,26.87,133.9784145887607,4011473922,2026-03-07 08:08:32.567551,07/03/26,8:8:32
26990,0.13,26.99,133.3827343460541,4011500912,2026-03-07 08:08:59.557551,07/03/26,8:8:59
26929,0.13,26.929,133.68487504177654,4011527841,2026-03-07 08:09:26.486551,07/03/26,8:9:26
27003,0.13,27.003,133.31852016442616,4011554844,2026-03-07 08:09:53.489551,07/03/26,8:9:53
27000,0.13,27.0,133.33333333333334,4011581844,2026-03-07 08:10:20.489551,07/03/26,8:10:20
27060,0.13,27.06,133.03769401330376,4011608904,2026-03-07 08:10:47.549551,07/03/26,8:10:47
27455,0.13,27.455,131.1236568930978,4011636359,2026-03-07 08:11:15.004551,07/03/26,8:11:15
27482,0.13,27.482,130.99483298158796,4011663841,2026-03-07 08:11:42.486551,07/03/26,8:11:42
27414,0.13,27.414,131.31976362442546,4011691255,2026-03-07 08:12:09.900551,07/03/26,8:12:9
27500,0.13,27.5,130.9090909090909,4011718755,2026-03-07 08:12:37.400551,07/03/26,8:12:37
27414,0.13,27.414,131.31976362442546,4011746169,2026-03-07 08:13:04.814551,07/03/26,8:13:4
27415,0.13,27.415,131.31497355462338,4011773584,2026-03-07 08:13:32.229551,07/03/26,8:13:32
27373,0.13,27.373,131.51645782340262,4011800957,2026-03-07 08:13:59.602551,07/03/26,8:13:59
27032,0.13,27.032,133.17549570878958,4011827989,2026-03-07 08:14:26.634551,07/03/26,8:14:26
27150,0.13,27.15,132.59668508287294,4011855139,2026-03-07 08:14:53.784551,07/03/26,8:14:53
27309,0.13,27.309,131.8246731846644,4011882448,2026-03-07 08:15:21.093551,07/03/26,8:15:21
27433,0.13,27.433,131.2288120147268,4011909881,2026-03-07 08:15:48.526551,07/03/26,8:15:48
27378,0.13,27.378,131.49243918474687,4011937259,2026-03-07 08:16:15.904551,07/03/26,8:16:15
27366,0.13,27.366,131.550098662574,4011964625,2026-03-07 08:16:43.270551,07/03/26,8:16:43
27384,0.13,27.384,131.46362839614375,4011992009,2026-03-07 08:17:10.654551,07/03/26,8:17:10
27367,0.13,27.367,131.54529177476522,4012019376,2026-03-07 08:17:38.021551,07/03/26,8:17:38
27419,0.13,27.419,131.2958167693935,4012046795,2026-03-07 08:18:05.440551,07/03/26,8:18:5
27363,0.13,27.363,131.5645214340533,4012074158,2026-03-07 08:18:32.803551,07/03/26,8:18:32
27475,0.13,27.475,131.0282074613285,4012101633,2026-03-07 08:19:00.278551,07/03/26,8:19:0
27357,0.13,27.357,131.59337646671784,4012128990,2026-03-07 08:19:27.635551,07/03/26,8:19:27
26671,0.13,26.671,134.97806606426457,4012155661,2026-03-07 08:19:54.306551,07/03/26,8:19:54
26618,0.14,26.618,135.24682545645803,4012182279,2026-03-07 08:20:20.924551,07/03/26,8:20:20
26876,0.13,26.876,133.94850424170264,4012209155,2026-03-07 08:20:47.800551,07/03/26,8:20:47
26807,0.13,26.807,134.2932816055508,4012235962,2026-03-07 08:21:14.607551,07/03/26,8:21:14
26849,0.13,26.849,134.08320607843868,4012262811,2026-03-07 08:21:41.456551,07/03/26,8:21:41
26897,0.13,26.897,133.84392311410195,4012289708,2026-03-07 08:22:08.353551,07/03/26,8:22:8
26890,0.13,26.89,133.8787653402752,4012316598,2026-03-07 08:22:35.243551,07/03/26,8:22:35
26864,0.13,26.864,134.00833829660513,4012343462,2026-03-07 08:23:02.107551,07/03/26,8:23:2
26948,0.13,26.948,133.5906189698679,4012370410,2026-03-07 08:23:29.055551,07/03/26,8:23:29
26923,0.13,26.923,133.7146677561936,4012397333,2026-03-07 08:23:55.978551,07/03/26,8:23:55
26972,0.13,26.972,133.47174847990507,4012424305,2026-03-07 08:24:22.950551,07/03/26,8:24:22
26859,0.13,26.859,134.0332849324249,4012451164,2026-03-07 08:24:49.809551,07/03/26,8:24:49
26935,0.13,26.935,133.65509560051976,4012478099,2026-03-07 08:25:16.744551,07/03/26,8:25:16
26956,0.13,26.956,133.5509719542959,4012505055,2026-03-07 08:25:43.700551,07/03/26,8:25:43
26941,0.13,26.941,133.62532942355517,4012531996,2026-03-07 08:26:10.641551,07/03/26,8:26:10
26889,0.13,26.889,133.8837442820484,4012558885,2026-03-07 08:26:37.530551,07/03/26,8:26:37
26839,0.13,26.839,134.13316442490407,4012585724,2026-03-07 08:27:04.369551,07/03/26,8:27:4
26920,0.13,26.92,133.7295690936107,4012612644,2026-03-07 08:27:31.289551,07/03/26,8:27:31
26870,0.13,26.87,133.9784145887607,4012639514,2026-03-07 08:27:58.159551,07/03/26,8:27:58
26886,0.13,26.886,133.89868332961393,4012666400,2026-03-07 08:28:25.045551,07/03/26,8:28:25
26938,0.13,26.938,133.6402108545549,4012693338,2026-03-07 08:28:51.983551,07/03/26,8:28:51
26885,0.13,26.885,133.90366375302213,4012720223,2026-03-07 08:29:18.868551,07/03/26,8:29:18
26975,0.13,26.975,133.4569045412419,4012747198,2026-03-07 08:29:45.843551,07/03/26,8:29:45
26899,0.13,26.899,133.83397152310494,4012774097,2026-03-07 08:30:12.742551,07/03/26,8:30:12
26988,0.13,26.988,133.3926189417519,4012801085,2026-03-07 08:30:39.730551,07/03/26,8:30:39
27123,0.13,27.123,132.7286804557018,4012828208,2026-03-07 08:31:06.853551,07/03/26,8:31:6
27396,0.13,27.396,131.4060446780552,4012855604,2026-03-07 08:31:34.249551,07/03/26,8:31:34
27411,0.13,27.411,131.33413593083068,4012883015,2026-03-07 08:32:01.660551,07/03/26,8:32:1
26930,0.13,26.93,133.67991088005942,4012909945,2026-03-07 08:32:28.590551,07/03/26,8:32:28
26660,0.14,26.66,135.0337584396099,4012936605,2026-03-07 08:32:55.250551,07/03/26,8:32:55
26930,0.13,26.93,133.67991088005942,4012963535,2026-03-07 08:33:22.180551,07/03/26,8:33:22
27013,0.13,27.013,133.269166697516,4012990548,2026-03-07 08:33:49.193551,07/03/26,8:33:49
26772,0.13,26.772,134.4688480502017,4013017320,2026-03-07 08:34:15.965551,07/03/26,8:34:15
26959,0.13,26.959,133.53611038985125,4013044279,2026-03-07 08:34:42.924551,07/03/26,8:34:42
26851,0.13,26.851,134.0732188745298,4013071130,2026-03-07 08:35:09.775551,07/03/26,8:35:9
26968,0.13,26.968,133.49154553544943,4013098098,2026-03-07 08:35:36.743551,07/03/26,8:35:36
26872,0.13,26.872,133.9684429889848,4013124970,2026-03-07 08:36:03.615551,07/03/26,8:36:3
26989,0.13,26.989,133.3876764607803,4013151959,2026-03-07 08:36:30.604551,07/03/26,8:36:30
27018,0.13,27.018,133.24450366422386,4013178977,2026-03-07 08:36:57.622551,07/03/26,8:36:57
26925,0.13,26.925,133.70473537604457,4013205902,2026-03-07 08:37:24.547551,07/03/26,8:37:24
26904,0.13,26.904,133.80909901873326,4013232806,2026-03-07 08:37:51.451551,07/03/26,8:37:51
26862,0.13,26.862,134.01831583649766,4013259668,2026-03-07 08:38:18.313551,07/03/26,8:38:18
26895,0.13,26.895,133.85387618516452,4013286563,2026-03-07 08:38:45.208551,07/03/26,8:38:45
26941,0.13,26.941,133.62532942355517,4013313504,2026-03-07 08:39:12.149551,07/03/26,8:39:12
26969,0.13,26.969,133.486595721013,4013340473,2026-03-07 08:39:39.118551,07/03/26,8:39:39
26870,0.13,26.87,133.9784145887607,4013367343,2026-03-07 08:40:05.988551,07/03/26,8:40:5
26965,0.13,26.965,133.5063971815316,4013394308,2026-03-07 08:40:32.953551,07/03/26,8:40:32
26969,0.13,26.969,133.486595721013,4013421277,2026-03-07 08:40:59.922551,07/03/26,8:40:59
27036,0.13,27.036,133.15579227696404,4013448313,2026-03-07 08:41:26.958551,07/03/26,8:41:26
27043,0.13,27.043,133.12132529674963,4013475356,2026-03-07 08:41:54.001551,07/03/26,8:41:54
26942,0.13,26.942,133.6203696830228,4013502298,2026-03-07 08:42:20.943551,07/03/26,8:42:20
26895,0.13,26.895,133.85387618516452,4013529193,2026-03-07 08:42:47.838551,07/03/26,8:42:47
26896,0.13,26.896,133.84889946460441,4013556089,2026-03-07 08:43:14.734551,07/03/26,8:43:14
27023,0.13,27.023,133.21984975761387,4013583112,2026-03-07 08:43:41.757551,07/03/26,8:43:41
26889,0.13,26.889,133.8837442820484,4013610001,2026-03-07 08:44:08.646551,07/03/26,8:44:8
26913,0.13,26.913,133.76435180024524,4013636914,2026-03-07 08:44:35.559551,07/03/26,8:44:35
27007,0.13,27.007,133.29877439182434,4013663921,2026-03-07 08:45:02.566551,07/03/26,8:45:2
27392,0.13,27.392,131.42523364485982,4013691313,2026-03-07 08:45:29.958551,07/03/26,8:45:29
27458,0.13,27.458,131.1093306140287,4013718771,2026-03-07 08:45:57.416551,07/03/26,8:45:57
27457,0.13,27.457,131.11410569253744,4013746228,2026-03-07 08:46:24.873551,07/03/26,8:46:24
27376,0.13,27.376,131.5020455873758,4013773604,2026-03-07 08:46:52.249551,07/03/26,8:46:52
26992,0.13,26.992,133.37285121517488,4013800596,2026-03-07 08:47:19.241551,07/03/26,8:47:19
27078,0.13,27.078,132.94925769997784,4013827674,2026-03-07 08:47:46.319551,07/03/26,8:47:46
27358,0.13,27.358,131.58856641567365,4013855032,2026-03-07 08:48:13.677551,07/03/26,8:48:13
27381,0.13,27.381,131.47803221211788,4013882413,2026-03-07 08:48:41.058551,07/03/26,8:48:41
27423,0.13,27.423,131.27666557269444,4013909836,2026-03-07 08:49:08.481551,07/03/26,8:49:8
27428,0.13,27.428,131.25273443196733,4013937264,2026-03-07 08:49:35.909551,07/03/26,8:49:35
27340,0.13,27.34,131.67520117044623,4013964604,2026-03-07 08:50:03.249551,07/03/26,8:50:3
27361,0.13,27.361,131.5741383721355,4013991965,2026-03-07 08:50:30.610551,07/03/26,8:50:30
17343,0.21,17.343,207.57654385054488,4014009308,2026-03-07 08:50:47.953551,07/03/26,8:50:47
17344,0.21,17.344,207.56457564575646,4014026652,2026-03-07 08:51:05.297551,07/03/26,8:51:5
17107,0.21,17.107,210.44017069036067,4014043759,2026-03-07 08:51:22.404551,07/03/26,8:51:22
17215,0.21,17.215,209.1199535288992,4014060974,2026-03-07 08:51:39.619551,07/03/26,8:51:39
17345,0.21,17.345,207.55260882098588,4014078319,2026-03-07 08:51:56.964551,07/03/26,8:51:56
17362,0.21,17.362,207.34938371155397,4014095681,2026-03-07 08:52:14.326551,07/03/26,8:52:14
17381,0.21,17.381,207.12272021172544,4014113062,2026-03-07 08:52:31.707551,07/03/26,8:52:31
17477,0.2,17.477,205.98500886879899,4014130539,2026-03-07 08:52:49.184551,07/03/26,8:52:49
17558,0.2,17.558,205.03474199794965,4014148097,2026-03-07 08:53:06.742551,07/03/26,8:53:6
17647,0.2,17.647,204.00068000226668,4014165744,2026-03-07 08:53:24.389551,07/03/26,8:53:24
17610,0.2,17.61,204.42930153321976,4014183354,2026-03-07 08:53:41.999551,07/03/26,8:53:41
17656,0.2,17.656,203.89669234254643,4014201010,2026-03-07 08:53:59.655551,07/03/26,8:53:59
17743,0.2,17.743,202.89691709406526,4014218753,2026-03-07 08:54:17.398551,07/03/26,8:54:17
17716,0.2,17.716,203.20614134116053,4014236469,2026-03-07 08:54:35.114551,07/03/26,8:54:35
17806,0.2,17.806,202.17904077277322,4014254275,2026-03-07 08:54:52.920551,07/03/26,8:54:52
17832,0.2,17.832,201.8842530282638,4014272107,2026-03-07 08:55:10.752551,07/03/26,8:55:10
17839,0.2,17.839,201.80503391445708,4014289946,2026-03-07 08:55:28.591551,07/03/26,8:55:28
17904,0.2,17.904,201.07238605898124,4014307850,2026-03-07 08:55:46.495551,07/03/26,8:55:46
17872,0.2,17.872,201.43240823634736,4014325722,2026-03-07 08:56:04.367551,07/03/26,8:56:4
17922,0.2,17.922,200.8704385671242,4014343644,2026-03-07 08:56:22.289551,07/03/26,8:56:22
17998,0.2,17.998,200.0222246916324,4014361642,2026-03-07 08:56:40.287551,07/03/26,8:56:40
18007,0.2,18.007,199.92225245737768,4014379649,2026-03-07 08:56:58.294551,07/03/26,8:56:58
17951,0.2,17.951,200.54593058882514,4014397600,2026-03-07 08:57:16.245551,07/03/26,8:57:16
17999,0.2,17.999,200.01111172842937,4014415599,2026-03-07 08:57:34.244551,07/03/26,8:57:34
18073,0.2,18.073,199.19216510817242,4014433672,2026-03-07 08:57:52.317551,07/03/26,8:57:52
18988,0.19,18.988,189.59342742784918,4014452660,2026-03-07 08:58:11.305551,07/03/26,8:58:11
26513,0.14,26.513,135.78244634707502,4014479173,2026-03-07 08:58:37.818551,07/03/26,8:58:37
26586,0.14,26.586,135.40961408259986,4014505759,2026-03-07 08:59:04.404551,07/03/26,8:59:4
26509,0.14,26.509,135.8029348523143,4014532268,2026-03-07 08:59:30.913551,07/03/26,8:59:30
26529,0.14,26.529,135.70055411059596,4014558797,2026-03-07 08:59:57.442551,07/03/26,8:59:57
26505,0.14,26.505,135.8234295415959,4014585302,2026-03-07 09:00:23.947551,07/03/26,9:0:23
26257,0.14,26.257,137.10629546406673,4014611559,2026-03-07 09:00:50.204551,07/03/26,9:0:50
26499,0.14,26.499,135.85418317672364,4014638058,2026-03-07 09:01:16.703551,07/03/26,9:1:16
26464,0.14,26.464,136.03385731559854,4014664522,2026-03-07 09:01:43.167551,07/03/26,9:1:43
26524,0.14,26.524,135.72613482129393,4014691046,2026-03-07 09:02:09.691551,07/03/26,9:2:9
26572,0.14,26.572,135.4809573987656,4014717618,2026-03-07 09:02:36.263551,07/03/26,9:2:36
26458,0.14,26.458,136.06470632700885,4014744076,2026-03-07 09:03:02.721551,07/03/26,9:3:2
26516,0.14,26.516,135.76708402473977,4014770592,2026-03-07 09:03:29.237551,07/03/26,9:3:29
26505,0.14,26.505,135.8234295415959,4014797097,2026-03-07 09:03:55.742551,07/03/26,9:3:55
26516,0.14,26.516,135.76708402473977,4014823613,2026-03-07 09:04:22.258551,07/03/26,9:4:22
26457,0.14,26.457,136.06984918925048,4014850070,2026-03-07 09:04:48.715551,07/03/26,9:4:48
26489,0.14,26.489,135.90547019517535,4014876559,2026-03-07 09:05:15.204551,07/03/26,9:5:15
26475,0.14,26.475,135.97733711048159,4014903034,2026-03-07 09:05:41.679551,07/03/26,9:5:41
26456,0.14,26.456,136.0749924402782,4014929490,2026-03-07 09:06:08.135551,07/03/26,9:6:8
26754,0.13,26.754,134.55931823278763,4014956244,2026-03-07 09:06:34.889551,07/03/26,9:6:34
26834,0.13,26.834,134.15815756130283,4014983078,2026-03-07 09:07:01.723551,07/03/26,9:7:1
26897,0.13,26.897,133.84392311410195,4015009975,2026-03-07 09:07:28.620551,07/03/26,9:7:28
26907,0.13,26.907,133.79417995317203,4015036882,2026-03-07 09:07:55.527551,07/03/26,9:7:55
26850,0.13,26.85,134.0782122905028,4015063732,2026-03-07 09:08:22.377551,07/03/26,9:8:22
26843,0.13,26.843,134.11317661960288,4015090575,2026-03-07 09:08:49.220551,07/03/26,9:8:49
26885,0.13,26.885,133.90366375302213,4015117460,2026-03-07 09:09:16.105551,07/03/26,9:9:16
26875,0.13,26.875,133.95348837209303,4015144335,2026-03-07 09:09:42.980551,07/03/26,9:9:42
26917,0.13,26.917,133.74447375264702,4015171252,2026-03-07 09:10:09.897551,07/03/26,9:10:9
26918,0.13,26.918,133.7395051638309,4015198170,2026-03-07 09:10:36.815551,07/03/26,9:10:36
26954,0.13,26.954,133.5608815018179,4015225124,2026-03-07 09:11:03.769551,07/03/26,9:11:3
27268,0.13,27.268,132.0228839665542,4015252392,2026-03-07 09:11:31.037551,07/03/26,9:11:31
27698,0.13,27.698,129.97328326955014,4015280090,2026-03-07 09:11:58.735551,07/03/26,9:11:58
27728,0.13,27.728,129.8326601269475,4015307818,2026-03-07 09:12:26.463551,07/03/26,9:12:26
27850,0.13,27.85,129.26391382405745,4015335668,2026-03-07 09:12:54.313551,07/03/26,9:12:54
27724,0.13,27.724,129.85139229548406,4015363392,2026-03-07 09:13:22.037551,07/03/26,9:13:22
27832,0.13,27.832,129.34751365334867,4015391224,2026-03-07 09:13:49.869551,07/03/26,9:13:49
27747,0.13,27.747,129.74375608173855,4015418971,2026-03-07 09:14:17.616551,07/03/26,9:14:17
27839,0.13,27.839,129.3149897625633,4015446810,2026-03-07 09:14:45.455551,07/03/26,9:14:45
27775,0.13,27.775,129.6129612961296,4015474585,2026-03-07 09:15:13.230551,07/03/26,9:15:13
27765,0.13,27.765,129.65964343598054,4015502350,2026-03-07 09:15:40.995551,07/03/26,9:15:40
27744,0.13,27.744,129.75778546712803,4015530094,2026-03-07 09:16:08.739551,07/03/26,9:16:8
27780,0.13,27.78,129.58963282937364,4015557874,2026-03-07 09:16:36.519551,07/03/26,9:16:36
27850,0.13,27.85,129.26391382405745,4015585724,2026-03-07 09:17:04.369551,07/03/26,9:17:4
27844,0.13,27.844,129.291768424077,4015613568,2026-03-07 09:17:32.213551,07/03/26,9:17:32
27898,0.13,27.898,129.04150835185317,4015641466,2026-03-07 09:18:00.111551,07/03/26,9:18:0
27741,0.13,27.741,129.77181788688225,4015669207,2026-03-07 09:18:27.852551,07/03/26,9:18:27
27899,0.13,27.899,129.03688304240296,4015697106,2026-03-07 09:18:55.751551,07/03/26,9:18:55
27729,0.13,27.729,129.82797792924376,4015724835,2026-03-07 09:19:23.480551,07/03/26,9:19:23
27782,0.13,27.782,129.58030379382333,4015752617,2026-03-07 09:19:51.262551,07/03/26,9:19:51
27753,0.13,27.753,129.71570641011783,4015780370,2026-03-07 09:20:19.015551,07/03/26,9:20:19
27761,0.13,27.761,129.67832570872807,4015808131,2026-03-07 09:20:46.776551,07/03/26,9:20:46
27692,0.13,27.692,130.001444460494,4015835823,2026-03-07 09:21:14.468551,07/03/26,9:21:14
27710,0.13,27.71,129.91699747383615,4015863533,2026-03-07 09:21:42.178551,07/03/26,9:21:42
27710,0.13,27.71,129.91699747383615,4015891243,2026-03-07 09:22:09.888551,07/03/26,9:22:9
27772,0.13,27.772,129.6269624081809,4015919015,2026-03-07 09:22:37.660551,07/03/26,9:22:37
27785,0.13,27.785,129.56631275868276,4015946800,2026-03-07 09:23:05.445551,07/03/26,9:23:5
27887,0.13,27.887,129.09240864919138,4015974687,2026-03-07 09:23:33.332551,07/03/26,9:23:33
27737,0.13,27.737,129.7905325017125,4016002424,2026-03-07 09:24:01.069551,07/03/26,9:24:1
27800,0.13,27.8,129.49640287769785,4016030224,2026-03-07 09:24:28.869551,07/03/26,9:24:28
27908,0.13,27.908,128.99527017342697,4016058132,2026-03-07 09:24:56.777551,07/03/26,9:24:56
27792,0.13,27.792,129.5336787564767,4016085924,2026-03-07 09:25:24.569551,07/03/26,9:25:24
27819,0.13,27.819,129.40795858945324,4016113743,2026-03-07 09:25:52.388551,07/03/26,9:25:52
27772,0.13,27.772,129.6269624081809,4016141515,2026-03-07 09:26:20.160551,07/03/26,9:26:20
27729,0.13,27.729,129.82797792924376,4016169244,2026-03-07 09:26:47.889551,07/03/26,9:26:47
27592,0.13,27.592,130.4726007538417,4016196836,2026-03-07 09:27:15.481551,07/03/26,9:27:15
27693,0.13,27.693,129.99675008124797,4016224529,2026-03-07 09:27:43.174551,07/03/26,9:27:43
27670,0.13,27.67,130.10480664980122,4016252199,2026-03-07 09:28:10.844551,07/03/26,9:28:10
27806,0.13,27.806,129.46846004459468,4016280005,2026-03-07 09:28:38.650551,07/03/26,9:28:38
27737,0.13,27.737,129.7905325017125,4016307742,2026-03-07 09:29:06.387551,07/03/26,9:29:6
27799,0.13,27.799,129.5010611892514,4016335541,2026-03-07 09:29:34.186551,07/03/26,9:29:34
27680,0.13,27.68,130.05780346820808,4016363221,2026-03-07 09:30:01.866551,07/03/26,9:30:1
27728,0.13,27.728,129.8326601269475,4016390949,2026-03-07 09:30:29.594551,07/03/26,9:30:29
27768,0.13,27.768,129.6456352636128,4016418717,2026-03-07 09:30:57.362551,07/03/26,9:30:57
27775,0.13,27.775,129.6129612961296,4016446492,2026-03-07 09:31:25.137551,07/03/26,9:31:25
27701,0.13,27.701,129.95920724883578,4016474193,2026-03-07 09:31:52.838551,07/03/26,9:31:52
27683,0.13,27.683,130.04370913557057,4016501876,2026-03-07 09:32:20.521551,07/03/26,9:32:20
27663,0.13,27.663,130.13772909662725,4016529539,2026-03-07 09:32:48.184551,07/03/26,9:32:48
27655,0.13,27.655,130.17537515819924,4016557194,2026-03-07 09:33:15.839551,07/03/26,9:33:15
27770,0.13,27.77,129.63629816348578,4016584964,2026-03-07 09:33:43.609551,07/03/26,9:33:43
27668,0.13,27.668,130.1142113633078,4016612632,2026-03-07 09:34:11.277551,07/03/26,9:34:11
27636,0.13,27.636,130.2648719062093,4016640268,2026-03-07 09:34:38.913551,07/03/26,9:34:38
27660,0.13,27.66,130.1518438177874,4016667928,2026-03-07 09:35:06.573551,07/03/26,9:35:6
27676,0.13,27.676,130.07660066483595,4016695604,2026-03-07 09:35:34.249551,07/03/26,9:35:34
27713,0.13,27.713,129.9029336412514,4016723317,2026-03-07 09:36:01.962551,07/03/26,9:36:1
27722,0.13,27.722,129.86076040689704,4016751039,2026-03-07 09:36:29.684551,07/03/26,9:36:29
27652,0.13,27.652,130.18949804715754,4016778691,2026-03-07 09:36:57.336551,07/03/26,9:36:57
27669,0.13,27.669,130.10950883660414,4016806360,2026-03-07 09:37:25.005551,07/03/26,9:37:25
27777,0.13,27.777,129.60362890160926,4016834137,2026-03-07 09:37:52.782551,07/03/26,9:37:52
27747,0.13,27.747,129.74375608173855,4016861884,2026-03-07 09:38:20.529551,07/03/26,9:38:20
27667,0.13,27.667,130.11891422994904,4016889551,2026-03-07 09:38:48.196551,07/03/26,9:38:48
27662,0.13,27.662,130.1424336635095,4016917213,2026-03-07 09:39:15.858551,07/03/26,9:39:15
27626,0.13,27.626,130.31202490407588,4016944839,2026-03-07 09:39:43.484551,07/03/26,9:39:43
27740,0.13,27.74,129.77649603460708,4016972579,2026-03-07 09:40:11.224551,07/03/26,9:40:11
27742,0.13,27.742,129.76714007641843,4017000321,2026-03-07 09:40:38.966551,07/03/26,9:40:38
27664,0.13,27.664,130.13302486986697,4017027985,2026-03-07 09:41:06.630551,07/03/26,9:41:6
27733,0.13,27.733,129.80925251505425,4017055718,2026-03-07 09:41:34.363551,07/03/26,9:41:34
27630,0.13,27.63,130.29315960912052,4017083348,2026-03-07 09:42:01.993551,07/03/26,9:42:1
27685,0.13,27.685,130.03431461080007,4017111033,2026-03-07 09:42:29.678551,07/03/26,9:42:29
27642,0.13,27.642,130.2365964836119,4017138675,2026-03-07 09:42:57.320551,07/03/26,9:42:57
27561,0.13,27.561,130.6193534342005,4017166236,2026-03-07 09:43:24.881551,07/03/26,9:43:24
27732,0.13,27.732,129.81393336218088,4017193968,2026-03-07 09:43:52.613551,07/03/26,9:43:52
27784,0.13,27.784,129.5709761013533,4017221752,2026-03-07 09:44:20.397551,07/03/26,9:44:20
27805,0.13,27.805,129.47311634598094,4017249557,2026-03-07 09:44:48.202551,07/03/26,9:44:48
27697,0.13,27.697,129.97797595407445,4017277254,2026-03-07 09:45:15.899551,07/03/26,9:45:15
27717,0.13,27.717,129.88418660028142,4017304971,2026-03-07 09:45:43.616551,07/03/26,9:45:43
27696,0.13,27.696,129.98266897746967,4017332667,2026-03-07 09:46:11.312551,07/03/26,9:46:11
27687,0.13,27.687,130.02492144327664,4017360354,2026-03-07 09:46:38.999551,07/03/26,9:46:38
27637,0.13,27.637,130.2601584831928,4017387991,2026-03-07 09:47:06.636551,07/03/26,9:47:6
27675,0.13,27.675,130.08130081300814,4017415666,2026-03-07 09:47:34.311551,07/03/26,9:47:34
27576,0.13,27.576,130.54830287206266,4017443242,2026-03-07 09:48:01.887551,07/03/26,9:48:1
27558,0.13,27.558,130.63357282821684,4017470800,2026-03-07 09:48:29.445551,07/03/26,9:48:29
27646,0.13,27.646,130.21775302032844,4017498446,2026-03-07 09:48:57.091551,07/03/26,9:48:57
27630,0.13,27.63,130.29315960912052,4017526076,2026-03-07 09:49:24.721551,07/03/26,9:49:24
27574,0.13,27.574,130.55777181402772,4017553650,2026-03-07 09:49:52.295551,07/03/26,9:49:52
27610,0.13,27.61,130.38754074610648,4017581260,2026-03-07 09:50:19.905551,07/03/26,9:50:19
27628,0.13,27.628,130.30259157376574,4017608888,2026-03-07 09:50:47.533551,07/03/26,9:50:47
27683,0.13,27.683,130.04370913557057,4017636571,2026-03-07 09:51:15.216551,07/03/26,9:51:15
27634,0.13,27.634,130.2742997756387,4017664205,2026-03-07 09:51:42.850551,07/03/26,9:51:42
27562,0.13,27.562,130.61461432406938,4017691767,2026-03-07 09:52:10.412551,07/03/26,9:52:10
27631,0.13,27.631,130.28844413882956,4017719398,2026-03-07 09:52:38.043551,07/03/26,9:52:38
27651,0.13,27.651,130.19420635781708,4017747049,2026-03-07 09:53:05.694551,07/03/26,9:53:5
27629,0.13,27.629,130.29787542075357,4017774678,2026-03-07 09:53:33.323551,07/03/26,9:53:33
27673,0.13,27.673,130.09070212842843,4017802351,2026-03-07 09:54:00.996551,07/03/26,9:54:0
27673,0.13,27.673,130.09070212842843,4017830024,2026-03-07 09:54:28.669551,07/03/26,9:54:28
27701,0.13,27.701,129.95920724883578,4017857725,2026-03-07 09:54:56.370551,07/03/26,9:54:56
27765,0.13,27.765,129.65964343598054,4017885490,2026-03-07 09:55:24.135551,07/03/26,9:55:24
24870,0.14,24.87,144.75271411338963,4017910360,2026-03-07 09:55:49.005551,07/03/26,9:55:49
15548,0.23,15.548,231.5410342166195,4017925908,2026-03-07 09:56:04.553551,07/03/26,9:56:4
17290,0.21,17.29,208.21283979178716,4017943198,2026-03-07 09:56:21.843551,07/03/26,9:56:21
17312,0.21,17.312,207.94824399260628,4017960510,2026-03-07 09:56:39.155551,07/03/26,9:56:39
17378,0.21,17.378,207.15847623431927,4017977888,2026-03-07 09:56:56.533551,07/03/26,9:56:56
17398,0.21,17.398,206.92033567076675,4017995286,2026-03-07 09:57:13.931551,07/03/26,9:57:13
17497,0.2,17.497,205.74955706692575,4018012783,2026-03-07 09:57:31.428551,07/03/26,9:57:31
17575,0.2,17.575,204.83641536273115,4018030358,2026-03-07 09:57:49.003551,07/03/26,9:57:49
17568,0.2,17.568,204.91803278688525,4018047926,2026-03-07 09:58:06.571551,07/03/26,9:58:6
17717,0.2,17.717,203.1946717841621,4018065643,2026-03-07 09:58:24.288551,07/03/26,9:58:24
17561,0.2,17.561,204.99971527817323,4018083204,2026-03-07 09:58:41.849551,07/03/26,9:58:41
17583,0.2,17.583,204.7432178809077,4018100787,2026-03-07 09:58:59.432551,07/03/26,9:58:59
17633,0.2,17.633,204.16264957749675,4018118420,2026-03-07 09:59:17.065551,07/03/26,9:59:17
17667,0.2,17.667,203.76974019358124,4018136087,2026-03-07 09:59:34.732551,07/03/26,9:59:34
17695,0.2,17.695,203.4473014975982,4018153782,2026-03-07 09:59:52.427551,07/03/26,9:59:52
17726,0.2,17.726,203.09150400541577,4018171508,2026-03-07 10:00:10.153551,07/03/26,10:0:10
17752,0.2,17.752,202.79405137449302,4018189260,2026-03-07 10:00:27.905551,07/03/26,10:0:27
17503,0.2,17.503,205.67902645260813,4018206763,2026-03-07 10:00:45.408551,07/03/26,10:0:45
17601,0.2,17.601,204.53383330492585,4018224364,2026-03-07 10:01:03.009551,07/03/26,10:1:3
17518,0.2,17.518,205.5029112912433,4018241882,2026-03-07 10:01:20.527551,07/03/26,10:1:20
17679,0.2,17.679,203.6314271169184,4018259561,2026-03-07 10:01:38.206551,07/03/26,10:1:38
17731,0.2,17.731,203.0342338277593,4018277292,2026-03-07 10:01:55.937551,07/03/26,10:1:55
17724,0.2,17.724,203.1144211238998,4018295016,2026-03-07 10:02:13.661551,07/03/26,10:2:13
17796,0.2,17.796,202.29265003371543,4018312812,2026-03-07 10:02:31.457551,07/03/26,10:2:31
17868,0.2,17.868,201.4775016789792,4018330680,2026-03-07 10:02:49.325551,07/03/26,10:2:49
17833,0.2,17.833,201.87293220434026,4018348513,2026-03-07 10:03:07.158551,07/03/26,10:3:7
19675,0.18,19.675,182.9733163913596,4018368188,2026-03-07 10:03:26.833551,07/03/26,10:3:26
26275,0.14,26.275,137.01236917221695,4018394463,2026-03-07 10:03:53.108551,07/03/26,10:3:53
26180,0.14,26.18,137.50954927425516,4018420643,2026-03-07 10:04:19.288551,07/03/26,10:4:19
26153,0.14,26.153,137.65151225480824,4018446796,2026-03-07 10:04:45.441551,07/03/26,10:4:45
26154,0.14,26.154,137.64624913971093,4018472950,2026-03-07 10:05:11.595551,07/03/26,10:5:11
26215,0.14,26.215,137.32595842075148,4018499165,2026-03-07 10:05:37.810551,07/03/26,10:5:37
26209,0.14,26.209,137.3573963142432,4018525374,2026-03-07 10:06:04.019551,07/03/26,10:6:4
26268,0.14,26.268,137.04888076747372,4018551642,2026-03-07 10:06:30.287551,07/03/26,10:6:30
26543,0.14,26.543,135.62897939193007,4018578185,2026-03-07 10:06:56.830551,07/03/26,10:6:56
26485,0.14,26.485,135.9259958467057,4018604670,2026-03-07 10:07:23.315551,07/03/26,10:7:23
26847,0.13,26.847,134.09319477036541,4018631517,2026-03-07 10:07:50.162551,07/03/26,10:7:50
27170,0.13,27.17,132.4990798675009,4018658687,2026-03-07 10:08:17.332551,07/03/26,10:8:17
27170,0.13,27.17,132.4990798675009,4018685857,2026-03-07 10:08:44.502551,07/03/26,10:8:44
27170,0.13,27.17,132.4990798675009,4018713027,2026-03-07 10:09:11.672551,07/03/26,10:9:11
27187,0.13,27.187,132.41622834442933,4018740214,2026-03-07 10:09:38.859551,07/03/26,10:9:38
27235,0.13,27.235,132.1828529465761,4018767449,2026-03-07 10:10:06.094551,07/03/26,10:10:6
27309,0.13,27.309,131.8246731846644,4018794758,2026-03-07 10:10:33.403551,07/03/26,10:10:33
27333,0.13,27.333,131.70892327955218,4018822091,2026-03-07 10:11:00.736551,07/03/26,10:11:0
27329,0.13,27.329,131.7282008123239,4018849420,2026-03-07 10:11:28.065551,07/03/26,10:11:28
27203,0.13,27.203,132.33834503547402,4018876623,2026-03-07 10:11:55.268551,07/03/26,10:11:55
27514,0.13,27.514,130.8424801919023,4018904137,2026-03-07 10:12:22.782551,07/03/26,10:12:22
27639,0.13,27.639,130.25073266037123,4018931776,2026-03-07 10:12:50.421551,07/03/26,10:12:50
27639,0.13,27.639,130.25073266037123,4018959415,2026-03-07 10:13:18.060551,07/03/26,10:13:18
27685,0.13,27.685,130.03431461080007,4018987100,2026-03-07 10:13:45.745551,07/03/26,10:13:45
27644,0.13,27.644,130.22717407032266,4019014744,2026-03-07 10:14:13.389551,07/03/26,10:14:13
27745,0.13,27.745,129.75310866822852,4019042489,2026-03-07 10:14:41.134551,07/03/26,10:14:41
27787,0.13,27.787,129.55698708028933,4019070276,2026-03-07 10:15:08.921551,07/03/26,10:15:8
27678,0.13,27.678,130.06720138738348,4019097954,2026-03-07 10:15:36.599551,07/03/26,10:15:36
27659,0.13,27.659,130.15654940525687,4019125613,2026-03-07 10:16:04.258551,07/03/26,10:16:4
27701,0.13,27.701,129.95920724883578,4019153314,2026-03-07 10:16:31.959551,07/03/26,10:16:31
27696,0.13,27.696,129.98266897746967,4019181010,2026-03-07 10:16:59.655551,07/03/26,10:16:59
27705,0.13,27.705,129.94044396318355,4019208715,2026-03-07 10:17:27.360551,07/03/26,10:17:27
27757,0.13,27.757,129.69701336599778,4019236472,2026-03-07 10:17:55.117551,07/03/26,10:17:55
27636,0.13,27.636,130.2648719062093,4019264108,2026-03-07 10:18:22.753551,07/03/26,10:18:22
27654,0.13,27.654,130.18008244738556,4019291762,2026-03-07 10:18:50.407551,07/03/26,10:18:50
27571,0.13,27.571,130.57197780276377,4019319333,2026-03-07 10:19:17.978551,07/03/26,10:19:17
27668,0.13,27.668,130.1142113633078,4019347001,2026-03-07 10:19:45.646551,07/03/26,10:19:45
27584,0.13,27.584,130.51044083526682,4019374585,2026-03-07 10:20:13.230551,07/03/26,10:20:13
27526,0.13,27.526,130.78543922110006,4019402111,2026-03-07 10:20:40.756551,07/03/26,10:20:40
27490,0.13,27.49,130.956711531466,4019429601,2026-03-07 10:21:08.246551,07/03/26,10:21:8
27648,0.13,27.648,130.20833333333334,4019457249,2026-03-07 10:21:35.894551,07/03/26,10:21:35
27732,0.13,27.732,129.81393336218088,4019484981,2026-03-07 10:22:03.626551,07/03/26,10:22:3
27572,0.13,27.572,130.56724212969678,4019512553,2026-03-07 10:22:31.198551,07/03/26,10:22:31
27647,0.13,27.647,130.2130430064745,4019540200,2026-03-07 10:22:58.845551,07/03/26,10:22:58
27610,0.13,27.61,130.38754074610648,4019567810,2026-03-07 10:23:26.455551,07/03/26,10:23:26
27698,0.13,27.698,129.97328326955014,4019595508,2026-03-07 10:23:54.153551,07/03/26,10:23:54
27603,0.13,27.603,130.42060645582,4019623111,2026-03-07 10:24:21.756551,07/03/26,10:24:21
27643,0.13,27.643,130.2318851065369,4019650754,2026-03-07 10:24:49.399551,07/03/26,10:24:49
27650,0.13,27.65,130.1989150090416,4019678404,2026-03-07 10:25:17.049551,07/03/26,10:25:17
27739,0.13,27.739,129.7811745196294,4019706143,2026-03-07 10:25:44.788551,07/03/26,10:25:44
27596,0.13,27.596,130.45368894042616,4019733739,2026-03-07 10:26:12.384551,07/03/26,10:26:12
27718,0.13,27.718,129.87950068547514,4019761457,2026-03-07 10:26:40.102551,07/03/26,10:26:40
27574,0.13,27.574,130.55777181402772,4019789031,2026-03-07 10:27:07.676551,07/03/26,10:27:7
27703,0.13,27.703,129.94982492870807,4019816734,2026-03-07 10:27:35.379551,07/03/26,10:27:35
27681,0.13,27.681,130.0531050178823,4019844415,2026-03-07 10:28:03.060551,07/03/26,10:28:3
27629,0.13,27.629,130.29787542075357,4019872044,2026-03-07 10:28:30.689551,07/03/26,10:28:30
27566,0.13,27.566,130.5956613219183,4019899610,2026-03-07 10:28:58.255551,07/03/26,10:28:58
27523,0.13,27.523,130.79969480071213,4019927133,2026-03-07 10:29:25.778551,07/03/26,10:29:25
27558,0.13,27.558,130.63357282821684,4019954691,2026-03-07 10:29:53.336551,07/03/26,10:29:53
27529,0.13,27.529,130.77118674851974,4019982220,2026-03-07 10:30:20.865551,07/03/26,10:30:20
27492,0.13,27.492,130.94718463553033,4020009712,2026-03-07 10:30:48.357551,07/03/26,10:30:48
27499,0.13,27.499,130.91385141277866,4020037211,2026-03-07 10:31:15.856551,07/03/26,10:31:15
27542,0.13,27.542,130.7094619127151,4020064753,2026-03-07 10:31:43.398551,07/03/26,10:31:43
27550,0.13,27.55,130.6715063520871,4020092303,2026-03-07 10:32:10.948551,07/03/26,10:32:10
27480,0.13,27.48,131.00436681222706,4020119783,2026-03-07 10:32:38.428551,07/03/26,10:32:38
27479,0.13,27.479,131.0091342479712,4020147262,2026-03-07 10:33:05.907551,07/03/26,10:33:5
27578,0.13,27.578,130.5388353035028,4020174840,2026-03-07 10:33:33.485551,07/03/26,10:33:33
27563,0.13,27.563,130.609875557813,4020202403,2026-03-07 10:34:01.048551,07/03/26,10:34:1
27618,0.13,27.618,130.3497718878992,4020230021,2026-03-07 10:34:28.666551,07/03/26,10:34:28
27631,0.13,27.631,130.28844413882956,4020257652,2026-03-07 10:34:56.297551,07/03/26,10:34:56
27603,0.13,27.603,130.42060645582,4020285255,2026-03-07 10:35:23.900551,07/03/26,10:35:23
27625,0.13,27.625,130.31674208144796,4020312880,2026-03-07 10:35:51.525551,07/03/26,10:35:51
27631,0.13,27.631,130.28844413882956,4020340511,2026-03-07 10:36:19.156551,07/03/26,10:36:19
27629,0.13,27.629,130.29787542075357,4020368140,2026-03-07 10:36:46.785551,07/03/26,10:36:46
27529,0.13,27.529,130.77118674851974,4020395669,2026-03-07 10:37:14.314551,07/03/26,10:37:14
27522,0.13,27.522,130.80444735120994,4020423191,2026-03-07 10:37:41.836551,07/03/26,10:37:41
27504,0.13,27.504,130.89005235602093,4020450695,2026-03-07 10:38:09.340551,07/03/26,10:38:9
27617,0.13,27.617,130.3544917985299,4020478312,2026-03-07 10:38:36.957551,07/03/26,10:38:36
27602,0.13,27.602,130.42533149771756,4020505914,2026-03-07 10:39:04.559551,07/03/26,10:39:4
27621,0.13,27.621,130.33561420658194,4020533535,2026-03-07 10:39:32.180551,07/03/26,10:39:32
27537,0.13,27.537,130.7331953371827,4020561072,2026-03-07 10:39:59.717551,07/03/26,10:39:59
27645,0.13,27.645,130.22246337493218,4020588717,2026-03-07 10:40:27.362551,07/03/26,10:40:27
27646,0.13,27.646,130.21775302032844,4020616363,2026-03-07 10:40:55.008551,07/03/26,10:40:55
27718,0.13,27.718,129.87950068547514,4020644081,2026-03-07 10:41:22.726551,07/03/26,10:41:22
27662,0.13,27.662,130.1424336635095,4020671743,2026-03-07 10:41:50.388551,07/03/26,10:41:50
27659,0.13,27.659,130.15654940525687,4020699402,2026-03-07 10:42:18.047551,07/03/26,10:42:18
27625,0.13,27.625,130.31674208144796,4020727027,2026-03-07 10:42:45.672551,07/03/26,10:42:45
27597,0.13,27.597,130.44896184367866,4020754624,2026-03-07 10:43:13.269551,07/03/26,10:43:13
27558,0.13,27.558,130.63357282821684,4020782182,2026-03-07 10:43:40.827551,07/03/26,10:43:40
27625,0.13,27.625,130.31674208144796,4020809807,2026-03-07 10:44:08.452551,07/03/26,10:44:8
27687,0.13,27.687,130.02492144327664,4020837494,2026-03-07 10:44:36.139551,07/03/26,10:44:36
27575,0.13,27.575,130.55303717135087,4020865069,2026-03-07 10:45:03.714551,07/03/26,10:45:3
27580,0.13,27.58,130.5293691080493,4020892649,2026-03-07 10:45:31.294551,07/03/26,10:45:31
27628,0.13,27.628,130.30259157376574,4020920277,2026-03-07 10:45:58.922551,07/03/26,10:45:58
27639,0.13,27.639,130.25073266037123,4020947916,2026-03-07 10:46:26.561551,07/03/26,10:46:26
27606,0.13,27.606,130.40643338404695,4020975522,2026-03-07 10:46:54.167551,07/03/26,10:46:54
27541,0.13,27.541,130.71420790820957,4021003063,2026-03-07 10:47:21.708551,07/03/26,10:47:21
27624,0.13,27.624,130.32145960034754,4021030687,2026-03-07 10:47:49.332551,07/03/26,10:47:49
27631,0.13,27.631,130.28844413882956,4021058318,2026-03-07 10:48:16.963551,07/03/26,10:48:16
27737,0.13,27.737,129.7905325017125,4021086055,2026-03-07 10:48:44.700551,07/03/26,10:48:44
27640,0.13,27.64,130.24602026049203,4021113695,2026-03-07 10:49:12.340551,07/03/26,10:49:12
27627,0.13,27.627,130.30730806819415,4021141322,2026-03-07 10:49:39.967551,07/03/26,10:49:39
27649,0.13,27.649,130.20362400086802,4021168971,2026-03-07 10:50:07.616551,07/03/26,10:50:7
27785,0.13,27.785,129.56631275868276,4021196756,2026-03-07 10:50:35.401551,07/03/26,10:50:35
27689,0.13,27.689,130.01552963270612,4021224445,2026-03-07 10:51:03.090551,07/03/26,10:51:3
27585,0.13,27.585,130.50570962479608,4021252030,2026-03-07 10:51:30.675551,07/03/26,10:51:30
27526,0.13,27.526,130.78543922110006,4021279556,2026-03-07 10:51:58.201551,07/03/26,10:51:58
27645,0.13,27.645,130.22246337493218,4021307201,2026-03-07 10:52:25.846551,07/03/26,10:52:25
27623,0.13,27.623,130.32617746081164,4021334824,2026-03-07 10:52:53.469551,07/03/26,10:52:53
27692,0.13,27.692,130.001444460494,4021362516,2026-03-07 10:53:21.161551,07/03/26,10:53:21
27694,0.13,27.694,129.9920560410197,4021390210,2026-03-07 10:53:48.855551,07/03/26,10:53:48
27614,0.13,27.614,130.3686535815166,4021417824,2026-03-07 10:54:16.469551,07/03/26,10:54:16
27596,0.13,27.596,130.45368894042616,4021445420,2026-03-07 10:54:44.065551,07/03/26,10:54:44
27500,0.13,27.5,130.9090909090909,4021472920,2026-03-07 10:55:11.565551,07/03/26,10:55:11
27015,0.13,27.015,133.25930038867295,4021499935,2026-03-07 10:55:38.580551,07/03/26,10:55:38
26704,0.13,26.704,134.81126423007788,4021526639,2026-03-07 10:56:05.284551,07/03/26,10:56:5
26890,0.13,26.89,133.8787653402752,4021553529,2026-03-07 10:56:32.174551,07/03/26,10:56:32
26897,0.13,26.897,133.84392311410195,4021580426,2026-03-07 10:56:59.071551,07/03/26,10:56:59
26896,0.13,26.896,133.84889946460441,4021607322,2026-03-07 10:57:25.967551,07/03/26,10:57:25
26925,0.13,26.925,133.70473537604457,4021634247,2026-03-07 10:57:52.892551,07/03/26,10:57:52
26953,0.13,26.953,133.56583682706935,4021661200,2026-03-07 10:58:19.845551,07/03/26,10:58:19
26974,0.13,26.974,133.461852153926,4021688174,2026-03-07 10:58:46.819551,07/03/26,10:58:46
26621,0.14,26.621,135.23158408775026,4021714795,2026-03-07 10:59:13.440551,07/03/26,10:59:13
26503,0.14,26.503,135.8336792061276,4021741298,2026-03-07 10:59:39.943551,07/03/26,10:59:39
26521,0.14,26.521,135.741487877531,4021767819,2026-03-07 11:00:06.464551,07/03/26,11:0:6
19124,0.19,19.124,188.2451370006275,4021786943,2026-03-07 11:00:25.588551,07/03/26,11:0:25
16712,0.22,16.712,215.414073719483,4021803655,2026-03-07 11:00:42.300551,07/03/26,11:0:42
16785,0.21,16.785,214.47721179624665,4021820440,2026-03-07 11:00:59.085551,07/03/26,11:0:59
16799,0.21,16.799,214.29847014703256,4021837239,2026-03-07 11:01:15.884551,07/03/26,11:1:15
16913,0.21,16.913,212.85401761958258,4021854152,2026-03-07 11:01:32.797551,07/03/26,11:1:32
17025,0.21,17.025,211.45374449339207,4021871177,2026-03-07 11:01:49.822551,07/03/26,11:1:49
17132,0.21,17.132,210.13308428671493,4021888309,2026-03-07 11:02:06.954551,07/03/26,11:2:6
17189,0.21,17.189,209.43626738030136,4021905498,2026-03-07 11:02:24.143551,07/03/26,11:2:24
17252,0.21,17.252,208.6714583816369,4021922750,2026-03-07 11:02:41.395551,07/03/26,11:2:41
17268,0.21,17.268,208.47810979847117,4021940018,2026-03-07 11:02:58.663551,07/03/26,11:2:58
17306,0.21,17.306,208.02033976655494,4021957324,2026-03-07 11:03:15.969551,07/03/26,11:3:15
17360,0.21,17.36,207.3732718894009,4021974684,2026-03-07 11:03:33.329551,07/03/26,11:3:33
17490,0.2,17.49,205.8319039451115,4021992174,2026-03-07 11:03:50.819551,07/03/26,11:3:50
17540,0.2,17.54,205.24515393386545,4022009714,2026-03-07 11:04:08.359551,07/03/26,11:4:8
17457,0.21,17.457,206.22100017185085,4022027171,2026-03-07 11:04:25.816551,07/03/26,11:4:25
17504,0.2,17.504,205.6672760511883,4022044675,2026-03-07 11:04:43.320551,07/03/26,11:4:43
17598,0.2,17.598,204.56870098874873,4022062273,2026-03-07 11:05:00.918551,07/03/26,11:5:0
17560,0.2,17.56,205.0113895216401,4022079833,2026-03-07 11:05:18.478551,07/03/26,11:5:18
17519,0.2,17.519,205.49118100348193,4022097352,2026-03-07 11:05:35.997551,07/03/26,11:5:35
17665,0.2,17.665,203.79281064251344,4022115017,2026-03-07 11:05:53.662551,07/03/26,11:5:53
17676,0.2,17.676,203.66598778004072,4022132693,2026-03-07 11:06:11.338551,07/03/26,11:6:11
17705,0.2,17.705,203.33239197966677,4022150398,2026-03-07 11:06:29.043551,07/03/26,11:6:29
17719,0.2,17.719,203.1717365539816,4022168117,2026-03-07 11:06:46.762551,07/03/26,11:6:46
17868,0.2,17.868,201.4775016789792,4022185985,2026-03-07 11:07:04.630551,07/03/26,11:7:4
18057,0.2,18.057,199.36866589134408,4022204042,2026-03-07 11:07:22.687551,07/03/26,11:7:22
18243,0.2,18.243,197.33596447952638,4022222285,2026-03-07 11:07:40.930551,07/03/26,11:7:40
21396,0.17,21.396,168.25574873808188,4022243681,2026-03-07 11:08:02.326551,07/03/26,11:8:2
27071,0.13,27.071,132.9836356248384,4022270752,2026-03-07 11:08:29.397551,07/03/26,11:8:29
27095,0.13,27.095,132.86584240634804,4022297847,2026-03-07 11:08:56.492551,07/03/26,11:8:56
27059,0.13,27.059,133.04261059167004,4022324906,2026-03-07 11:09:23.551551,07/03/26,11:9:23
27161,0.13,27.161,132.54298442619933,4022352067,2026-03-07 11:09:50.712551,07/03/26,11:9:50
27115,0.13,27.115,132.7678406785912,4022379182,2026-03-07 11:10:17.827551,07/03/26,11:10:17
27171,0.13,27.171,132.49420337860218,4022406353,2026-03-07 11:10:44.998551,07/03/26,11:10:44
27254,0.13,27.254,132.0907022822338,4022433607,2026-03-07 11:11:12.252551,07/03/26,11:11:12
27182,0.13,27.182,132.44058568170112,4022460789,2026-03-07 11:11:39.434551,07/03/26,11:11:39
27306,0.13,27.306,131.83915622940015,4022488095,2026-03-07 11:12:06.740551,07/03/26,11:12:6
27710,0.13,27.71,129.91699747383615,4022515805,2026-03-07 11:12:34.450551,07/03/26,11:12:34
27719,0.13,27.719,129.87481510877015,4022543524,2026-03-07 11:13:02.169551,07/03/26,11:13:2
27617,0.13,27.617,130.3544917985299,4022571141,2026-03-07 11:13:29.786551,07/03/26,11:13:29
27612,0.13,27.612,130.3780964797914,4022598753,2026-03-07 11:13:57.398551,07/03/26,11:13:57
27613,0.13,27.613,130.37337485966754,4022626366,2026-03-07 11:14:25.011551,07/03/26,11:14:25
27735,0.13,27.735,129.79989183342346,4022654101,2026-03-07 11:14:52.746551,07/03/26,11:14:52
27636,0.13,27.636,130.2648719062093,4022681737,2026-03-07 11:15:20.382551,07/03/26,11:15:20
27666,0.13,27.666,130.12361743656473,4022709403,2026-03-07 11:15:48.048551,07/03/26,11:15:48
27590,0.13,27.59,130.48205871692642,4022736993,2026-03-07 11:16:15.638551,07/03/26,11:16:15
27633,0.13,27.633,130.2790142221257,4022764626,2026-03-07 11:16:43.271551,07/03/26,11:16:43
27591,0.13,27.591,130.47732956398826,4022792217,2026-03-07 11:17:10.862551,07/03/26,11:17:10
27654,0.13,27.654,130.18008244738556,4022819871,2026-03-07 11:17:38.516551,07/03/26,11:17:38
27602,0.13,27.602,130.42533149771756,4022847473,2026-03-07 11:18:06.118551,07/03/26,11:18:6
27612,0.13,27.612,130.3780964797914,4022875085,2026-03-07 11:18:33.730551,07/03/26,11:18:33
27649,0.13,27.649,130.20362400086802,4022902734,2026-03-07 11:19:01.379551,07/03/26,11:19:1
27620,0.13,27.62,130.34033309196235,4022930354,2026-03-07 11:19:28.999551,07/03/26,11:19:28
27590,0.13,27.59,130.48205871692642,4022957944,2026-03-07 11:19:56.589551,07/03/26,11:19:56
27504,0.13,27.504,130.89005235602093,4022985448,2026-03-07 11:20:24.093551,07/03/26,11:20:24
27634,0.13,27.634,130.2742997756387,4023013082,2026-03-07 11:20:51.727551,07/03/26,11:20:51
27479,0.13,27.479,131.0091342479712,4023040561,2026-03-07 11:21:19.206551,07/03/26,11:21:19
27582,0.13,27.582,130.51990428540353,4023068143,2026-03-07 11:21:46.788551,07/03/26,11:21:46
27479,0.13,27.479,131.0091342479712,4023095622,2026-03-07 11:22:14.267551,07/03/26,11:22:14
27520,0.13,27.52,130.8139534883721,4023123142,2026-03-07 11:22:41.787551,07/03/26,11:22:41
27633,0.13,27.633,130.2790142221257,4023150775,2026-03-07 11:23:09.420551,07/03/26,11:23:9
27661,0.13,27.661,130.1471385705506,4023178436,2026-03-07 11:23:37.081551,07/03/26,11:23:37
27680,0.13,27.68,130.05780346820808,4023206116,2026-03-07 11:24:04.761551,07/03/26,11:24:4
27592,0.13,27.592,130.4726007538417,4023233708,2026-03-07 11:24:32.353551,07/03/26,11:24:32
27594,0.13,27.594,130.4631441617743,4023261302,2026-03-07 11:24:59.947551,07/03/26,11:24:59
27584,0.13,27.584,130.51044083526682,4023288886,2026-03-07 11:25:27.531551,07/03/26,11:25:27
27627,0.13,27.627,130.30730806819415,4023316513,2026-03-07 11:25:55.158551,07/03/26,11:25:55
27622,0.13,27.622,130.33089566287742,4023344135,2026-03-07 11:26:22.780551,07/03/26,11:26:22
27583,0.13,27.583,130.5151723887902,4023371718,2026-03-07 11:26:50.363551,07/03/26,11:26:50
27596,0.13,27.596,130.45368894042616,4023399314,2026-03-07 11:27:17.959551,07/03/26,11:27:17
27696,0.13,27.696,129.98266897746967,4023427010,2026-03-07 11:27:45.655551,07/03/26,11:27:45
27599,0.13,27.599,130.43950867785065,4023454609,2026-03-07 11:28:13.254551,07/03/26,11:28:13
27453,0.13,27.453,131.13320948530216,4023482062,2026-03-07 11:28:40.707551,07/03/26,11:28:40
27480,0.13,27.48,131.00436681222706,4023509542,2026-03-07 11:29:08.187551,07/03/26,11:29:8
27520,0.13,27.52,130.8139534883721,4023537062,2026-03-07 11:29:35.707551,07/03/26,11:29:35
27560,0.13,27.56,130.62409288824384,4023564622,2026-03-07 11:30:03.267551,07/03/26,11:30:3
27568,0.13,27.568,130.586186883343,4023592190,2026-03-07 11:30:30.835551,07/03/26,11:30:30
27615,0.13,27.615,130.36393264530147,4023619805,2026-03-07 11:30:58.450551,07/03/26,11:30:58
27590,0.13,27.59,130.48205871692642,4023647395,2026-03-07 11:31:26.040551,07/03/26,11:31:26
27653,0.13,27.653,130.184790077026,4023675048,2026-03-07 11:31:53.693551,07/03/26,11:31:53
27510,0.13,27.51,130.86150490730643,4023702558,2026-03-07 11:32:21.203551,07/03/26,11:32:21
27617,0.13,27.617,130.3544917985299,4023730175,2026-03-07 11:32:48.820551,07/03/26,11:32:48
27497,0.13,27.497,130.92337345892278,4023757672,2026-03-07 11:33:16.317551,07/03/26,11:33:16
27633,0.13,27.633,130.2790142221257,4023785305,2026-03-07 11:33:43.950551,07/03/26,11:33:43
27568,0.13,27.568,130.586186883343,4023812873,2026-03-07 11:34:11.518551,07/03/26,11:34:11
27620,0.13,27.62,130.34033309196235,4023840493,2026-03-07 11:34:39.138551,07/03/26,11:34:39
27682,0.13,27.682,130.0484069070154,4023868175,2026-03-07 11:35:06.820551,07/03/26,11:35:6
27600,0.13,27.6,130.43478260869566,4023895775,2026-03-07 11:35:34.420551,07/03/26,11:35:34
27542,0.13,27.542,130.7094619127151,4023923317,2026-03-07 11:36:01.962551,07/03/26,11:36:1
27618,0.13,27.618,130.3497718878992,4023950935,2026-03-07 11:36:29.580551,07/03/26,11:36:29
27583,0.13,27.583,130.5151723887902,4023978518,2026-03-07 11:36:57.163551,07/03/26,11:36:57
27598,0.13,27.598,130.44423508949924,4024006116,2026-03-07 11:37:24.761551,07/03/26,11:37:24
27628,0.13,27.628,130.30259157376574,4024033744,2026-03-07 11:37:52.389551,07/03/26,11:37:52
27593,0.13,27.593,130.46787228644945,4024061337,2026-03-07 11:38:19.982551,07/03/26,11:38:19
27689,0.13,27.689,130.01552963270612,4024089026,2026-03-07 11:38:47.671551,07/03/26,11:38:47
27626,0.13,27.626,130.31202490407588,4024116652,2026-03-07 11:39:15.297551,07/03/26,11:39:15
27544,0.13,27.544,130.699970955562,4024144196,2026-03-07 11:39:42.841551,07/03/26,11:39:42
27549,0.13,27.549,130.67624959163672,4024171745,2026-03-07 11:40:10.390551,07/03/26,11:40:10
27662,0.13,27.662,130.1424336635095,4024199407,2026-03-07 11:40:38.052551,07/03/26,11:40:38
27674,0.13,27.674,130.08600130086,4024227081,2026-03-07 11:41:05.726551,07/03/26,11:41:5
27561,0.13,27.561,130.6193534342005,4024254642,2026-03-07 11:41:33.287551,07/03/26,11:41:33
27646,0.13,27.646,130.21775302032844,4024282288,2026-03-07 11:42:00.933551,07/03/26,11:42:0
27693,0.13,27.693,129.99675008124797,4024309981,2026-03-07 11:42:28.626551,07/03/26,11:42:28
27600,0.13,27.6,130.43478260869566,4024337581,2026-03-07 11:42:56.226551,07/03/26,11:42:56
27613,0.13,27.613,130.37337485966754,4024365194,2026-03-07 11:43:23.839551,07/03/26,11:43:23
27669,0.13,27.669,130.10950883660414,4024392863,2026-03-07 11:43:51.508551,07/03/26,11:43:51
27649,0.13,27.649,130.20362400086802,4024420512,2026-03-07 11:44:19.157551,07/03/26,11:44:19
27753,0.13,27.753,129.71570641011783,4024448265,2026-03-07 11:44:46.910551,07/03/26,11:44:46
27687,0.13,27.687,130.02492144327664,4024475952,2026-03-07 11:45:14.597551,07/03/26,11:45:14
27722,0.13,27.722,129.86076040689704,4024503674,2026-03-07 11:45:42.319551,07/03/26,11:45:42
27622,0.13,27.622,130.33089566287742,4024531296,2026-03-07 11:46:09.941551,07/03/26,11:46:9
27696,0.13,27.696,129.98266897746967,4024558992,2026-03-07 11:46:37.637551,07/03/26,11:46:37
27673,0.13,27.673,130.09070212842843,4024586665,2026-03-07 11:47:05.310551,07/03/26,11:47:5
27730,0.13,27.73,129.8232960692391,4024614395,2026-03-07 11:47:33.040551,07/03/26,11:47:33
27601,0.13,27.601,130.43005688199702,4024641996,2026-03-07 11:48:00.641551,07/03/26,11:48:0
27612,0.13,27.612,130.3780964797914,4024669608,2026-03-07 11:48:28.253551,07/03/26,11:48:28
27688,0.13,27.688,130.02022536839064,4024697296,2026-03-07 11:48:55.941551,07/03/26,11:48:55
27661,0.13,27.661,130.1471385705506,4024724957,2026-03-07 11:49:23.602551,07/03/26,11:49:23
27724,0.13,27.724,129.85139229548406,4024752681,2026-03-07 11:49:51.326551,07/03/26,11:49:51
27691,0.13,27.691,130.00613917879454,4024780372,2026-03-07 11:50:19.017551,07/03/26,11:50:19
27772,0.13,27.772,129.6269624081809,4024808144,2026-03-07 11:50:46.789551,07/03/26,11:50:46
27676,0.13,27.676,130.07660066483595,4024835820,2026-03-07 11:51:14.465551,07/03/26,11:51:14
27725,0.13,27.725,129.8467087466186,4024863545,2026-03-07 11:51:42.190551,07/03/26,11:51:42
27644,0.13,27.644,130.22717407032266,4024891189,2026-03-07 11:52:09.834551,07/03/26,11:52:9
27705,0.13,27.705,129.94044396318355,4024918894,2026-03-07 11:52:37.539551,07/03/26,11:52:37
27686,0.13,27.686,130.02961785740086,4024946580,2026-03-07 11:53:05.225551,07/03/26,11:53:5
27735,0.13,27.735,129.79989183342346,4024974315,2026-03-07 11:53:32.960551,07/03/26,11:53:32
27673,0.13,27.673,130.09070212842843,4025001988,2026-03-07 11:54:00.633551,07/03/26,11:54:0
27688,0.13,27.688,130.02022536839064,4025029676,2026-03-07 11:54:28.321551,07/03/26,11:54:28
27728,0.13,27.728,129.8326601269475,4025057404,2026-03-07 11:54:56.049551,07/03/26,11:54:56
27743,0.13,27.743,129.7624626031792,4025085147,2026-03-07 11:55:23.792551,07/03/26,11:55:23
27712,0.13,27.712,129.90762124711316,4025112859,2026-03-07 11:55:51.504551,07/03/26,11:55:51
27622,0.13,27.622,130.33089566287742,4025140481,2026-03-07 11:56:19.126551,07/03/26,11:56:19
27633,0.13,27.633,130.2790142221257,4025168114,2026-03-07 11:56:46.759551,07/03/26,11:56:46
27588,0.13,27.588,130.49151805132666,4025195702,2026-03-07 11:57:14.347551,07/03/26,11:57:14
27635,0.13,27.635,130.26958567034558,4025223337,2026-03-07 11:57:41.982551,07/03/26,11:57:41
27604,0.13,27.604,130.4158817562672,4025250941,2026-03-07 11:58:09.586551,07/03/26,11:58:9
27603,0.13,27.603,130.42060645582,4025278544,2026-03-07 11:58:37.189551,07/03/26,11:58:37
27606,0.13,27.606,130.40643338404695,4025306150,2026-03-07 11:59:04.795551,07/03/26,11:59:4
27339,0.13,27.339,131.68001755733567,4025333489,2026-03-07 11:59:32.134551,07/03/26,11:59:32
27167,0.13,27.167,132.5137114882026,4025360656,2026-03-07 11:59:59.301551,07/03/26,11:59:59
27276,0.13,27.276,131.98416190057193,4025387932,2026-03-07 12:00:26.577551,07/03/26,12:0:26
26449,0.14,26.449,136.11100608718667,4025414381,2026-03-07 12:00:53.026551,07/03/26,12:0:53
26758,0.13,26.758,134.5392032289409,4025441139,2026-03-07 12:01:19.784551,07/03/26,12:1:19
26780,0.13,26.78,134.42867811799852,4025467919,2026-03-07 12:01:46.564551,07/03/26,12:1:46
26872,0.13,26.872,133.9684429889848,4025494791,2026-03-07 12:02:13.436551,07/03/26,12:2:13
26854,0.13,26.854,134.05824085797275,4025521645,2026-03-07 12:02:40.290551,07/03/26,12:2:40
26869,0.13,26.869,133.98340094532733,4025548514,2026-03-07 12:03:07.159551,07/03/26,12:3:7
26923,0.13,26.923,133.7146677561936,4025575437,2026-03-07 12:03:34.082551,07/03/26,12:3:34
26906,0.13,26.906,133.79915260536683,4025602343,2026-03-07 12:04:00.988551,07/03/26,12:4:0
26977,0.13,26.977,133.44701041628053,4025629320,2026-03-07 12:04:27.965551,07/03/26,12:4:27
26961,0.13,26.961,133.5262045176366,4025656281,2026-03-07 12:04:54.926551,07/03/26,12:4:54
27016,0.13,27.016,133.25436778205508,4025683297,2026-03-07 12:05:21.942551,07/03/26,12:5:21
16360,0.22,16.36,220.04889975550122,4025699657,2026-03-07 12:05:38.302551,07/03/26,12:5:38
17195,0.21,17.195,209.36318697295727,4025716852,2026-03-07 12:05:55.497551,07/03/26,12:5:55
17252,0.21,17.252,208.6714583816369,4025734104,2026-03-07 12:06:12.749551,07/03/26,12:6:12
17353,0.21,17.353,207.45692387483433,4025751457,2026-03-07 12:06:30.102551,07/03/26,12:6:30
17415,0.21,17.415,206.71834625322998,4025768872,2026-03-07 12:06:47.517551,07/03/26,12:6:47
17458,0.21,17.458,206.20918776492152,4025786330,2026-03-07 12:07:04.975551,07/03/26,12:7:4
17598,0.2,17.598,204.56870098874873,4025803928,2026-03-07 12:07:22.573551,07/03/26,12:7:22
17730,0.2,17.73,203.0456852791878,4025821658,2026-03-07 12:07:40.303551,07/03/26,12:7:40
17804,0.2,17.804,202.2017524151876,4025839462,2026-03-07 12:07:58.107551,07/03/26,12:7:58
17817,0.2,17.817,202.05421788179828,4025857279,2026-03-07 12:08:15.924551,07/03/26,12:8:15
17836,0.2,17.836,201.83897734918142,4025875115,2026-03-07 12:08:33.760551,07/03/26,12:8:33
17948,0.2,17.948,200.57945174949856,4025893063,2026-03-07 12:08:51.708551,07/03/26,12:8:51
17967,0.2,17.967,200.36734012355987,4025911030,2026-03-07 12:09:09.675551,07/03/26,12:9:9
18009,0.2,18.009,199.9000499750125,4025929039,2026-03-07 12:09:27.684551,07/03/26,12:9:27
18032,0.2,18.032,199.64507542147294,4025947071,2026-03-07 12:09:45.716551,07/03/26,12:9:45
18105,0.2,18.105,198.8400994200497,4025965176,2026-03-07 12:10:03.821551,07/03/26,12:10:3
18058,0.2,18.058,199.35762542917266,4025983234,2026-03-07 12:10:21.879551,07/03/26,12:10:21
18084,0.2,18.084,199.07100199071002,4026001318,2026-03-07 12:10:39.963551,07/03/26,12:10:39
18190,0.2,18.19,197.91094007696537,4026019508,2026-03-07 12:10:58.153551,07/03/26,12:10:58
18221,0.2,18.221,197.57422753965204,4026037729,2026-03-07 12:11:16.374551,07/03/26,12:11:16
18282,0.2,18.282,196.91499835904168,4026056011,2026-03-07 12:11:34.656551,07/03/26,12:11:34
18331,0.2,18.331,196.38863128034478,4026074342,2026-03-07 12:11:52.987551,07/03/26,12:11:52
18407,0.19,18.407,195.5777693268865,4026092749,2026-03-07 12:12:11.394551,07/03/26,12:12:11
18550,0.19,18.55,194.0700808625337,4026111299,2026-03-07 12:12:29.944551,07/03/26,12:12:29
18541,0.19,18.541,194.16428455854592,4026129840,2026-03-07 12:12:48.485551,07/03/26,12:12:48
22616,0.16,22.616,159.1793420587195,4026152456,2026-03-07 12:13:11.101551,07/03/26,12:13:11
27755,0.13,27.755,129.70635921455593,4026180211,2026-03-07 12:13:38.856551,07/03/26,12:13:38
27764,0.13,27.764,129.66431349949576,4026207975,2026-03-07 12:14:06.620551,07/03/26,12:14:6
27749,0.13,27.749,129.7344048434178,4026235724,2026-03-07 12:14:34.369551,07/03/26,12:14:34
27804,0.13,27.804,129.4777729823047,4026263528,2026-03-07 12:15:02.173551,07/03/26,12:15:2
27821,0.13,27.821,129.39865569174364,4026291349,2026-03-07 12:15:29.994551,07/03/26,12:15:29
27886,0.13,27.886,129.09703794018503,4026319235,2026-03-07 12:15:57.880551,07/03/26,12:15:57
27924,0.13,27.924,128.9213579716373,4026347159,2026-03-07 12:16:25.804551,07/03/26,12:16:25
27843,0.13,27.843,129.2964120245663,4026375002,2026-03-07 12:16:53.647551,07/03/26,12:16:53
27798,0.13,27.798,129.5057198359594,4026402800,2026-03-07 12:17:21.445551,07/03/26,12:17:21
27795,0.13,27.795,129.51969778737183,4026430595,2026-03-07 12:17:49.240551,07/03/26,12:17:49
27743,0.13,27.743,129.7624626031792,4026458338,2026-03-07 12:18:16.983551,07/03/26,12:18:16
27766,0.13,27.766,129.65497370885257,4026486104,2026-03-07 12:18:44.749551,07/03/26,12:18:44
27753,0.13,27.753,129.71570641011783,4026513857,2026-03-07 12:19:12.502551,07/03/26,12:19:12
27813,0.13,27.813,129.43587531010678,4026541670,2026-03-07 12:19:40.315551,07/03/26,12:19:40
27724,0.13,27.724,129.85139229548406,4026569394,2026-03-07 12:20:08.039551,07/03/26,12:20:8
27826,0.13,27.826,129.37540429813842,4026597220,2026-03-07 12:20:35.865551,07/03/26,12:20:35
27692,0.13,27.692,130.001444460494,4026624912,2026-03-07 12:21:03.557551,07/03/26,12:21:3
27765,0.13,27.765,129.65964343598054,4026652677,2026-03-07 12:21:31.322551,07/03/26,12:21:31
27806,0.13,27.806,129.46846004459468,4026680483,2026-03-07 12:21:59.128551,07/03/26,12:21:59
27882,0.13,27.882,129.11555842479018,4026708365,2026-03-07 12:22:27.010551,07/03/26,12:22:27
27872,0.13,27.872,129.16188289322616,4026736237,2026-03-07 12:22:54.882551,07/03/26,12:22:54
27903,0.13,27.903,129.01838511987958,4026764140,2026-03-07 12:23:22.785551,07/03/26,12:23:22
27890,0.13,27.89,129.07852276801722,4026792030,2026-03-07 12:23:50.675551,07/03/26,12:23:50
27985,0.13,27.985,128.6403430409148,4026820015,2026-03-07 12:24:18.660551,07/03/26,12:24:18
27844,0.13,27.844,129.291768424077,4026847859,2026-03-07 12:24:46.504551,07/03/26,12:24:46
27815,0.13,27.815,129.4265683983462,4026875674,2026-03-07 12:25:14.319551,07/03/26,12:25:14
27854,0.13,27.854,129.24535075752135,4026903528,2026-03-07 12:25:42.173551,07/03/26,12:25:42
27891,0.13,27.891,129.07389480477573,4026931419,2026-03-07 12:26:10.064551,07/03/26,12:26:10
27956,0.13,27.956,128.77378738016884,4026959375,2026-03-07 12:26:38.020551,07/03/26,12:26:38
27844,0.13,27.844,129.291768424077,4026987219,2026-03-07 12:27:05.864551,07/03/26,12:27:5
27805,0.13,27.805,129.47311634598094,4027015024,2026-03-07 12:27:33.669551,07/03/26,12:27:33
27813,0.13,27.813,129.43587531010678,4027042837,2026-03-07 12:28:01.482551,07/03/26,12:28:1
27772,0.13,27.772,129.6269624081809,4027070609,2026-03-07 12:28:29.254551,07/03/26,12:28:29
27712,0.13,27.712,129.90762124711316,4027098321,2026-03-07 12:28:56.966551,07/03/26,12:28:56
27779,0.13,27.779,129.59429785089455,4027126100,2026-03-07 12:29:24.745551,07/03/26,12:29:24
27780,0.13,27.78,129.58963282937364,4027153880,2026-03-07 12:29:52.525551,07/03/26,12:29:52
27831,0.13,27.831,129.3521612590277,4027181711,2026-03-07 12:30:20.356551,07/03/26,12:30:20
27845,0.13,27.845,129.28712515711976,4027209556,2026-03-07 12:30:48.201551,07/03/26,12:30:48
27803,0.13,27.803,129.48242995360212,4027237359,2026-03-07 12:31:16.004551,07/03/26,12:31:16
27850,0.13,27.85,129.26391382405745,4027265209,2026-03-07 12:31:43.854551,07/03/26,12:31:43
27746,0.13,27.746,129.74843220644416,4027292955,2026-03-07 12:32:11.600551,07/03/26,12:32:11
27841,0.13,27.841,129.30570022628498,4027320796,2026-03-07 12:32:39.441551,07/03/26,12:32:39
27865,0.13,27.865,129.19432980441414,4027348661,2026-03-07 12:33:07.306551,07/03/26,12:33:7
27913,0.13,27.913,128.97216350804285,4027376574,2026-03-07 12:33:35.219551,07/03/26,12:33:35
28045,0.13,28.045,128.36512747370298,4027404619,2026-03-07 12:34:03.264551,07/03/26,12:34:3
27857,0.13,27.857,129.2314319560613,4027432476,2026-03-07 12:34:31.121551,07/03/26,12:34:31
27863,0.13,27.863,129.20360334493773,4027460339,2026-03-07 12:34:58.984551,07/03/26,12:34:58
27868,0.13,27.868,129.1804219893785,4027488207,2026-03-07 12:35:26.852551,07/03/26,12:35:26
27834,0.13,27.834,129.33821944384565,4027516041,2026-03-07 12:35:54.686551,07/03/26,12:35:54
27895,0.13,27.895,129.05538626994084,4027543936,2026-03-07 12:36:22.581551,07/03/26,12:36:22
27878,0.13,27.878,129.1340842241194,4027571814,2026-03-07 12:36:50.459551,07/03/26,12:36:50
27848,0.13,27.848,129.2731973570813,4027599662,2026-03-07 12:37:18.307551,07/03/26,12:37:18
27877,0.13,27.877,129.1387165046454,4027627539,2026-03-07 12:37:46.184551,07/03/26,12:37:46
27763,0.13,27.763,129.6689838994345,4027655302,2026-03-07 12:38:13.947551,07/03/26,12:38:13
27890,0.13,27.89,129.07852276801722,4027683192,2026-03-07 12:38:41.837551,07/03/26,12:38:41
27832,0.13,27.832,129.34751365334867,4027711024,2026-03-07 12:39:09.669551,07/03/26,12:39:9
27877,0.13,27.877,129.1387165046454,4027738901,2026-03-07 12:39:37.546551,07/03/26,12:39:37
27818,0.13,27.818,129.41261053993816,4027766719,2026-03-07 12:40:05.364551,07/03/26,12:40:5
27781,0.13,27.781,129.58496814369533,4027794500,2026-03-07 12:40:33.145551,07/03/26,12:40:33
27934,0.13,27.934,128.87520584234267,4027822434,2026-03-07 12:41:01.079551,07/03/26,12:41:1
27840,0.13,27.84,129.31034482758622,4027850274,2026-03-07 12:41:28.919551,07/03/26,12:41:28
27829,0.13,27.829,129.36145747242085,4027878103,2026-03-07 12:41:56.748551,07/03/26,12:41:56
27938,0.13,27.938,128.85675424153482,4027906041,2026-03-07 12:42:24.686551,07/03/26,12:42:24
27890,0.13,27.89,129.07852276801722,4027933931,2026-03-07 12:42:52.576551,07/03/26,12:42:52
27911,0.13,27.911,128.98140518075311,4027961842,2026-03-07 12:43:20.487551,07/03/26,12:43:20
27916,0.13,27.916,128.9583034818742,4027989758,2026-03-07 12:43:48.403551,07/03/26,12:43:48
27896,0.13,27.896,129.05075996558645,4028017654,2026-03-07 12:44:16.299551,07/03/26,12:44:16
27805,0.13,27.805,129.47311634598094,4028045459,2026-03-07 12:44:44.104551,07/03/26,12:44:44
27847,0.13,27.847,129.27783962365785,4028073306,2026-03-07 12:45:11.951551,07/03/26,12:45:11
27869,0.13,27.869,129.17578671642326,4028101175,2026-03-07 12:45:39.820551,07/03/26,12:45:39
27799,0.13,27.799,129.5010611892514,4028128974,2026-03-07 12:46:07.619551,07/03/26,12:46:7
27804,0.13,27.804,129.4777729823047,4028156778,2026-03-07 12:46:35.423551,07/03/26,12:46:35
27798,0.13,27.798,129.5057198359594,4028184576,2026-03-07 12:47:03.221551,07/03/26,12:47:3
27859,0.13,27.859,129.22215442047454,4028212435,2026-03-07 12:47:31.080551,07/03/26,12:47:31
27887,0.13,27.887,129.09240864919138,4028240322,2026-03-07 12:47:58.967551,07/03/26,12:47:58
27909,0.13,27.909,128.9906481780071,4028268231,2026-03-07 12:48:26.876551,07/03/26,12:48:26
27855,0.13,27.855,129.24071082390952,4028296086,2026-03-07 12:48:54.731551,07/03/26,12:48:54
27887,0.13,27.887,129.09240864919138,4028323973,2026-03-07 12:49:22.618551,07/03/26,12:49:22
27912,0.13,27.912,128.9767841788478,4028351885,2026-03-07 12:49:50.530551,07/03/26,12:49:50
27864,0.13,27.864,129.19896640826875,4028379749,2026-03-07 12:50:18.394551,07/03/26,12:50:18
27938,0.13,27.938,128.85675424153482,4028407687,2026-03-07 12:50:46.332551,07/03/26,12:50:46
27959,0.13,27.959,128.759969956007,4028435646,2026-03-07 12:51:14.291551,07/03/26,12:51:14
27995,0.13,27.995,128.5943918556885,4028463641,2026-03-07 12:51:42.286551,07/03/26,12:51:42
27916,0.13,27.916,128.9583034818742,4028491557,2026-03-07 12:52:10.202551,07/03/26,12:52:10
27976,0.13,27.976,128.68172719473836,4028519533,2026-03-07 12:52:38.178551,07/03/26,12:52:38
27979,0.13,27.979,128.6679295185675,4028547512,2026-03-07 12:53:06.157551,07/03/26,12:53:6
28007,0.13,28.007,128.53929374799156,4028575519,2026-03-07 12:53:34.164551,07/03/26,12:53:34
27953,0.13,27.953,128.78760777018567,4028603472,2026-03-07 12:54:02.117551,07/03/26,12:54:2
27870,0.13,27.87,129.17115177610333,4028631342,2026-03-07 12:54:29.987551,07/03/26,12:54:29
27865,0.13,27.865,129.19432980441414,4028659207,2026-03-07 12:54:57.852551,07/03/26,12:54:57
27940,0.13,27.94,128.84753042233356,4028687147,2026-03-07 12:55:25.792551,07/03/26,12:55:25
27971,0.13,27.971,128.70472989882379,4028715118,2026-03-07 12:55:53.763551,07/03/26,12:55:53
27928,0.13,27.928,128.90289315382412,4028743046,2026-03-07 12:56:21.691551,07/03/26,12:56:21
27890,0.13,27.89,129.07852276801722,4028770936,2026-03-07 12:56:49.581551,07/03/26,12:56:49
27974,0.13,27.974,128.69092728962607,4028798910,2026-03-07 12:57:17.555551,07/03/26,12:57:17
27903,0.13,27.903,129.01838511987958,4028826813,2026-03-07 12:57:45.458551,07/03/26,12:57:45
27904,0.13,27.904,129.0137614678899,4028854717,2026-03-07 12:58:13.362551,07/03/26,12:58:13
27954,0.13,27.954,128.78300064391502,4028882671,2026-03-07 12:58:41.316551,07/03/26,12:58:41
27982,0.13,27.982,128.65413480094347,4028910653,2026-03-07 12:59:09.298551,07/03/26,12:59:9
27785,0.13,27.785,129.56631275868276,4028938438,2026-03-07 12:59:37.083551,07/03/26,12:59:37
27552,0.13,27.552,130.66202090592336,4028965990,2026-03-07 13:00:04.635551,07/03/26,13:0:4
27509,0.13,27.509,130.86626195063434,4028993499,2026-03-07 13:00:32.144551,07/03/26,13:0:32
26823,0.13,26.823,134.213175260038,4029020322,2026-03-07 13:00:58.967551,07/03/26,13:0:58
27039,0.13,27.039,133.14101852879173,4029047361,2026-03-07 13:01:26.006551,07/03/26,13:1:26
27125,0.13,27.125,132.7188940092166,4029074486,2026-03-07 13:01:53.131551,07/03/26,13:1:53
27141,0.13,27.141,132.6406543605615,4029101627,2026-03-07 13:02:20.272551,07/03/26,13:2:20
27080,0.13,27.08,132.93943870014772,4029128707,2026-03-07 13:02:47.352551,07/03/26,13:2:47
27077,0.13,27.077,132.95416774384162,4029155784,2026-03-07 13:03:14.429551,07/03/26,13:3:14
27151,0.13,27.151,132.59180140694633,4029182935,2026-03-07 13:03:41.580551,07/03/26,13:3:41
27029,0.13,27.029,133.190277109771,4029209964,2026-03-07 13:04:08.609551,07/03/26,13:4:8
27153,0.13,27.153,132.5820351342393,4029237117,2026-03-07 13:04:35.762551,07/03/26,13:4:35
27118,0.13,27.118,132.75315288738108,4029264235,2026-03-07 13:05:02.880551,07/03/26,13:5:2
27078,0.13,27.078,132.94925769997784,4029291313,2026-03-07 13:05:29.958551,07/03/26,13:5:29
27221,0.13,27.221,132.25083575180926,4029318534,2026-03-07 13:05:57.179551,07/03/26,13:5:57
27150,0.13,27.15,132.59668508287294,4029345684,2026-03-07 13:06:24.329551,07/03/26,13:6:24
27226,0.13,27.226,132.2265481525013,4029372910,2026-03-07 13:06:51.555551,07/03/26,13:6:51
27154,0.13,27.154,132.5771525373794,4029400064,2026-03-07 13:07:18.709551,07/03/26,13:7:18
27338,0.13,27.338,131.68483429658352,4029427402,2026-03-07 13:07:46.047551,07/03/26,13:7:46
27519,0.13,27.519,130.81870707511175,4029454921,2026-03-07 13:08:13.566551,07/03/26,13:8:13
27557,0.13,27.557,130.63831331422142,4029482478,2026-03-07 13:08:41.123551,07/03/26,13:8:41
27557,0.13,27.557,130.63831331422142,4029510035,2026-03-07 13:09:08.680551,07/03/26,13:9:8
27489,0.13,27.489,130.96147549929063,4029537524,2026-03-07 13:09:36.169551,07/03/26,13:9:36
27493,0.13,27.493,130.9424217073437,4029565017,2026-03-07 13:10:03.662551,07/03/26,13:10:3
24978,0.14,24.978,144.1268316118184,4029589995,2026-03-07 13:10:28.640551,07/03/26,13:10:28
15891,0.23,15.891,226.54332641117614,4029605886,2026-03-07 13:10:44.531551,07/03/26,13:10:44
17474,0.21,17.474,206.02037312578688,4029623360,2026-03-07 13:11:02.005551,07/03/26,13:11:2
17579,0.2,17.579,204.78980601854485,4029640939,2026-03-07 13:11:19.584551,07/03/26,13:11:19
17589,0.2,17.589,204.6733754050827,4029658528,2026-03-07 13:11:37.173551,07/03/26,13:11:37
17680,0.2,17.68,203.61990950226243,4029676208,2026-03-07 13:11:54.853551,07/03/26,13:11:54
17805,0.2,17.805,202.19039595619208,4029694013,2026-03-07 13:12:12.658551,07/03/26,13:12:12
17974,0.2,17.974,200.28930677645488,4029711987,2026-03-07 13:12:30.632551,07/03/26,13:12:30
18025,0.2,18.025,199.72260748959778,4029730012,2026-03-07 13:12:48.657551,07/03/26,13:12:48
18135,0.2,18.135,198.51116625310175,4029748147,2026-03-07 13:13:06.792551,07/03/26,13:13:6
18129,0.2,18.129,198.57686579513486,4029766276,2026-03-07 13:13:24.921551,07/03/26,13:13:24
18201,0.2,18.201,197.79133014669523,4029784477,2026-03-07 13:13:43.122551,07/03/26,13:13:43
18177,0.2,18.177,198.05248390823567,4029802654,2026-03-07 13:14:01.299551,07/03/26,13:14:1
18212,0.2,18.212,197.67186470459038,4029820866,2026-03-07 13:14:19.511551,07/03/26,13:14:19
18237,0.2,18.237,197.40088830399736,4029839103,2026-03-07 13:14:37.748551,07/03/26,13:14:37
18341,0.2,18.341,196.28155498609672,4029857444,2026-03-07 13:14:56.089551,07/03/26,13:14:56
18406,0.19,18.406,195.5883950885581,4029875850,2026-03-07 13:15:14.495551,07/03/26,13:15:14
18503,0.19,18.503,194.56304383073015,4029894353,2026-03-07 13:15:32.998551,07/03/26,13:15:32
18474,0.19,18.474,194.8684637869438,4029912827,2026-03-07 13:15:51.472551,07/03/26,13:15:51
18488,0.19,18.488,194.7209000432713,4029931315,2026-03-07 13:16:09.960551,07/03/26,13:16:9
18544,0.19,18.544,194.13287316652287,4029949859,2026-03-07 13:16:28.504551,07/03/26,13:16:28
18450,0.19,18.45,195.1219512195122,4029968309,2026-03-07 13:16:46.954551,07/03/26,13:16:46
18510,0.19,18.51,194.48946515397083,4029986819,2026-03-07 13:17:05.464551,07/03/26,13:17:5
18545,0.19,18.545,194.1224049609059,4030005364,2026-03-07 13:17:24.009551,07/03/26,13:17:24
18528,0.19,18.528,194.30051813471502,4030023892,2026-03-07 13:17:42.537551,07/03/26,13:17:42
19692,0.18,19.692,182.81535648994515,4030043584,2026-03-07 13:18:02.229551,07/03/26,13:18:2
27863,0.13,27.863,129.20360334493773,4030071447,2026-03-07 13:18:30.092551,07/03/26,13:18:30
27950,0.13,27.95,128.80143112701253,4030099397,2026-03-07 13:18:58.042551,07/03/26,13:18:58
27994,0.13,27.994,128.5989854968922,4030127391,2026-03-07 13:19:26.036551,07/03/26,13:19:26
28011,0.13,28.011,128.52093820284887,4030155402,2026-03-07 13:19:54.047551,07/03/26,13:19:54
27885,0.13,27.885,129.10166756320604,4030183287,2026-03-07 13:20:21.932551,07/03/26,13:20:21
27895,0.13,27.895,129.05538626994084,4030211182,2026-03-07 13:20:49.827551,07/03/26,13:20:49
27937,0.13,27.937,128.86136664638292,4030239119,2026-03-07 13:21:17.764551,07/03/26,13:21:17
28061,0.13,28.061,128.2919354263925,4030267180,2026-03-07 13:21:45.825551,07/03/26,13:21:45
28009,0.13,28.009,128.53011532007568,4030295189,2026-03-07 13:22:13.834551,07/03/26,13:22:13
28044,0.13,28.044,128.36970474967907,4030323233,2026-03-07 13:22:41.878551,07/03/26,13:22:41
27903,0.13,27.903,129.01838511987958,4030351136,2026-03-07 13:23:09.781551,07/03/26,13:23:9
27912,0.13,27.912,128.9767841788478,4030379048,2026-03-07 13:23:37.693551,07/03/26,13:23:37
27990,0.13,27.99,128.61736334405145,4030407038,2026-03-07 13:24:05.683551,07/03/26,13:24:5
27916,0.13,27.916,128.9583034818742,4030434954,2026-03-07 13:24:33.599551,07/03/26,13:24:33
27876,0.13,27.876,129.14334911752044,4030462830,2026-03-07 13:25:01.475551,07/03/26,13:25:1
27936,0.13,27.936,128.8659793814433,4030490766,2026-03-07 13:25:29.411551,07/03/26,13:25:29
28027,0.13,28.027,128.44756841617013,4030518793,2026-03-07 13:25:57.438551,07/03/26,13:25:57
27873,0.13,27.873,129.15724895059736,4030546666,2026-03-07 13:26:25.311551,07/03/26,13:26:25
27882,0.13,27.882,129.11555842479018,4030574548,2026-03-07 13:26:53.193551,07/03/26,13:26:53
27782,0.13,27.782,129.58030379382333,4030602330,2026-03-07 13:27:20.975551,07/03/26,13:27:20
27952,0.13,27.952,128.7922152261019,4030630282,2026-03-07 13:27:48.927551,07/03/26,13:27:48
27879,0.13,27.879,129.1294522759066,4030658161,2026-03-07 13:28:16.806551,07/03/26,13:28:16
27871,0.13,27.871,129.1665171683829,4030686032,2026-03-07 13:28:44.677551,07/03/26,13:28:44
27860,0.13,27.86,129.21751615218952,4030713892,2026-03-07 13:29:12.537551,07/03/26,13:29:12
27831,0.13,27.831,129.3521612590277,4030741723,2026-03-07 13:29:40.368551,07/03/26,13:29:40
27871,0.13,27.871,129.1665171683829,4030769594,2026-03-07 13:30:08.239551,07/03/26,13:30:8
27867,0.13,27.867,129.18505759500485,4030797461,2026-03-07 13:30:36.106551,07/03/26,13:30:36
27943,0.13,27.943,128.83369716923738,4030825404,2026-03-07 13:31:04.049551,07/03/26,13:31:4
27810,0.13,27.81,129.44983818770226,4030853214,2026-03-07 13:31:31.859551,07/03/26,13:31:31
28048,0.13,28.048,128.35139760410723,4030881262,2026-03-07 13:31:59.907551,07/03/26,13:31:59
27887,0.13,27.887,129.09240864919138,4030909149,2026-03-07 13:32:27.794551,07/03/26,13:32:27
27945,0.13,27.945,128.8244766505636,4030937094,2026-03-07 13:32:55.739551,07/03/26,13:32:55
27967,0.13,27.967,128.72313798405264,4030965061,2026-03-07 13:33:23.706551,07/03/26,13:33:23
28043,0.13,28.043,128.37428235210214,4030993104,2026-03-07 13:33:51.749551,07/03/26,13:33:51
27946,0.13,27.946,128.81986688613756,4031021050,2026-03-07 13:34:19.695551,07/03/26,13:34:19
27979,0.13,27.979,128.6679295185675,4031049029,2026-03-07 13:34:47.674551,07/03/26,13:34:47
27985,0.13,27.985,128.6403430409148,4031077014,2026-03-07 13:35:15.659551,07/03/26,13:35:15
27995,0.13,27.995,128.5943918556885,4031105009,2026-03-07 13:35:43.654551,07/03/26,13:35:43
28058,0.13,28.058,128.3056525768052,4031133067,2026-03-07 13:36:11.712551,07/03/26,13:36:11
28084,0.13,28.084,128.18686796752598,4031161151,2026-03-07 13:36:39.796551,07/03/26,13:36:39
28054,0.13,28.054,128.32394667427104,4031189205,2026-03-07 13:37:07.850551,07/03/26,13:37:7
28008,0.13,28.008,128.53470437017995,4031217213,2026-03-07 13:37:35.858551,07/03/26,13:37:35
27970,0.13,27.97,128.70933142652842,4031245183,2026-03-07 13:38:03.828551,07/03/26,13:38:3
27870,0.13,27.87,129.17115177610333,4031273053,2026-03-07 13:38:31.698551,07/03/26,13:38:31
27747,0.13,27.747,129.74375608173855,4031300800,2026-03-07 13:38:59.445551,07/03/26,13:38:59
27937,0.13,27.937,128.86136664638292,4031328737,2026-03-07 13:39:27.382551,07/03/26,13:39:27
28034,0.13,28.034,128.4154954697867,4031356771,2026-03-07 13:39:55.416551,07/03/26,13:39:55
28030,0.13,28.03,128.43382090617195,4031384801,2026-03-07 13:40:23.446551,07/03/26,13:40:23
27903,0.13,27.903,129.01838511987958,4031412704,2026-03-07 13:40:51.349551,07/03/26,13:40:51
27984,0.13,27.984,128.64493996569468,4031440688,2026-03-07 13:41:19.333551,07/03/26,13:41:19
27888,0.13,27.888,129.08777969018934,4031468576,2026-03-07 13:41:47.221551,07/03/26,13:41:47
27918,0.13,27.918,128.9490651192779,4031496494,2026-03-07 13:42:15.139551,07/03/26,13:42:15
27995,0.13,27.995,128.5943918556885,4031524489,2026-03-07 13:42:43.134551,07/03/26,13:42:43
27907,0.13,27.907,128.99989250008957,4031552396,2026-03-07 13:43:11.041551,07/03/26,13:43:11
27914,0.13,27.914,128.96754316830265,4031580310,2026-03-07 13:43:38.955551,07/03/26,13:43:38
27967,0.13,27.967,128.72313798405264,4031608277,2026-03-07 13:44:06.922551,07/03/26,13:44:6
28026,0.13,28.026,128.45215157353886,4031636303,2026-03-07 13:44:34.948551,07/03/26,13:44:34
27974,0.13,27.974,128.69092728962607,4031664277,2026-03-07 13:45:02.922551,07/03/26,13:45:2
28056,0.13,28.056,128.3147989734816,4031692333,2026-03-07 13:45:30.978551,07/03/26,13:45:30
28171,0.13,28.171,127.79099073515317,4031720504,2026-03-07 13:45:59.149551,07/03/26,13:45:59
28021,0.13,28.021,128.47507226722814,4031748525,2026-03-07 13:46:27.170551,07/03/26,13:46:27
27936,0.13,27.936,128.8659793814433,4031776461,2026-03-07 13:46:55.106551,07/03/26,13:46:55
27843,0.13,27.843,129.2964120245663,4031804304,2026-03-07 13:47:22.949551,07/03/26,13:47:22
27911,0.13,27.911,128.98140518075311,4031832215,2026-03-07 13:47:50.860551,07/03/26,13:47:50
27991,0.13,27.991,128.6127683898396,4031860206,2026-03-07 13:48:18.851551,07/03/26,13:48:18
28080,0.13,28.08,128.2051282051282,4031888286,2026-03-07 13:48:46.931551,07/03/26,13:48:46
27990,0.13,27.99,128.61736334405145,4031916276,2026-03-07 13:49:14.921551,07/03/26,13:49:14
28073,0.13,28.073,128.2370961422007,4031944349,2026-03-07 13:49:42.994551,07/03/26,13:49:42
28029,0.13,28.029,128.43840308252166,4031972378,2026-03-07 13:50:11.023551,07/03/26,13:50:11
28027,0.13,28.027,128.44756841617013,4032000405,2026-03-07 13:50:39.050551,07/03/26,13:50:39
28003,0.13,28.003,128.5576545370139,4032028408,2026-03-07 13:51:07.053551,07/03/26,13:51:7
28056,0.13,28.056,128.3147989734816,4032056464,2026-03-07 13:51:35.109551,07/03/26,13:51:35
27936,0.13,27.936,128.8659793814433,4032084400,2026-03-07 13:52:03.045551,07/03/26,13:52:3
28051,0.13,28.051,128.33767067127732,4032112451,2026-03-07 13:52:31.096551,07/03/26,13:52:31
27901,0.13,27.901,129.02763341815705,4032140352,2026-03-07 13:52:58.997551,07/03/26,13:52:58
28056,0.13,28.056,128.3147989734816,4032168408,2026-03-07 13:53:27.053551,07/03/26,13:53:27
28029,0.13,28.029,128.43840308252166,4032196437,2026-03-07 13:53:55.082551,07/03/26,13:53:55
28050,0.13,28.05,128.3422459893048,4032224487,2026-03-07 13:54:23.132551,07/03/26,13:54:23
27837,0.13,27.837,129.32428063368897,4032252324,2026-03-07 13:54:50.969551,07/03/26,13:54:50
27734,0.13,27.734,129.80457200548065,4032280058,2026-03-07 13:55:18.703551,07/03/26,13:55:18
27698,0.13,27.698,129.97328326955014,4032307756,2026-03-07 13:55:46.401551,07/03/26,13:55:46
27673,0.13,27.673,130.09070212842843,4032335429,2026-03-07 13:56:14.074551,07/03/26,13:56:14
27713,0.13,27.713,129.9029336412514,4032363142,2026-03-07 13:56:41.787551,07/03/26,13:56:41
27690,0.13,27.69,130.01083423618635,4032390832,2026-03-07 13:57:09.477551,07/03/26,13:57:9
27843,0.13,27.843,129.2964120245663,4032418675,2026-03-07 13:57:37.320551,07/03/26,13:57:37
27783,0.13,27.783,129.5756397797214,4032446458,2026-03-07 13:58:05.103551,07/03/26,13:58:5
27791,0.13,27.791,129.53833975027888,4032474249,2026-03-07 13:58:32.894551,07/03/26,13:58:32
27780,0.13,27.78,129.58963282937364,4032502029,2026-03-07 13:59:00.674551,07/03/26,13:59:0
27725,0.13,27.725,129.8467087466186,4032529754,2026-03-07 13:59:28.399551,07/03/26,13:59:28
27710,0.13,27.71,129.91699747383615,4032557464,2026-03-07 13:59:56.109551,07/03/26,13:59:56
27301,0.13,27.301,131.86330171056005,4032584765,2026-03-07 14:00:23.410551,07/03/26,14:0:23
26423,0.14,26.423,136.24493812209062,4032611188,2026-03-07 14:00:49.833551,07/03/26,14:0:49
26924,0.13,26.924,133.70970138166692,4032638112,2026-03-07 14:01:16.757551,07/03/26,14:1:16
26813,0.13,26.813,134.26323052250774,4032664925,2026-03-07 14:01:43.570551,07/03/26,14:1:43
26964,0.13,26.964,133.5113484646195,4032691889,2026-03-07 14:02:10.534551,07/03/26,14:2:10
26878,0.13,26.878,133.93853709353374,4032718767,2026-03-07 14:02:37.412551,07/03/26,14:2:37
26819,0.13,26.819,134.2331928856408,4032745586,2026-03-07 14:03:04.231551,07/03/26,14:3:4
26843,0.13,26.843,134.11317661960288,4032772429,2026-03-07 14:03:31.074551,07/03/26,14:3:31
26953,0.13,26.953,133.56583682706935,4032799382,2026-03-07 14:03:58.027551,07/03/26,14:3:58
26852,0.13,26.852,134.06822583047818,4032826234,2026-03-07 14:04:24.879551,07/03/26,14:4:24
26877,0.13,26.877,133.94352048219667,4032853111,2026-03-07 14:04:51.756551,07/03/26,14:4:51
27005,0.13,27.005,133.30864654693576,4032880116,2026-03-07 14:05:18.761551,07/03/26,14:5:18
26901,0.13,26.901,133.82402141184343,4032907017,2026-03-07 14:05:45.662551,07/03/26,14:5:45
26841,0.13,26.841,134.12316977757908,4032933858,2026-03-07 14:06:12.503551,07/03/26,14:6:12
26765,0.13,26.765,134.5040164393798,4032960623,2026-03-07 14:06:39.268551,07/03/26,14:6:39
26878,0.13,26.878,133.93853709353374,4032987501,2026-03-07 14:07:06.146551,07/03/26,14:7:6
26754,0.13,26.754,134.55931823278763,4033014255,2026-03-07 14:07:32.900551,07/03/26,14:7:32
26848,0.13,26.848,134.08820023837902,4033041103,2026-03-07 14:07:59.748551,07/03/26,14:7:59
27212,0.13,27.212,132.2945759223872,4033068315,2026-03-07 14:08:26.960551,07/03/26,14:8:26
27206,0.13,27.206,132.32375211350438,4033095521,2026-03-07 14:08:54.166551,07/03/26,14:8:54
27419,0.13,27.419,131.2958167693935,4033122940,2026-03-07 14:09:21.585551,07/03/26,14:9:21
27286,0.13,27.286,131.9357912482592,4033150226,2026-03-07 14:09:48.871551,07/03/26,14:9:48
27169,0.13,27.169,132.50395671537413,4033177395,2026-03-07 14:10:16.040551,07/03/26,14:10:16
27254,0.13,27.254,132.0907022822338,4033204649,2026-03-07 14:10:43.294551,07/03/26,14:10:43
27208,0.13,27.208,132.3140252866804,4033231857,2026-03-07 14:11:10.502551,07/03/26,14:11:10
27210,0.13,27.21,132.3042998897464,4033259067,2026-03-07 14:11:37.712551,07/03/26,14:11:37
27148,0.13,27.148,132.606453514071,4033286215,2026-03-07 14:12:04.860551,07/03/26,14:12:4
27630,0.13,27.63,130.29315960912052,4033313845,2026-03-07 14:12:32.490551,07/03/26,14:12:32
27805,0.13,27.805,129.47311634598094,4033341650,2026-03-07 14:13:00.295551,07/03/26,14:13:0
27768,0.13,27.768,129.6456352636128,4033369418,2026-03-07 14:13:28.063551,07/03/26,14:13:28
27813,0.13,27.813,129.43587531010678,4033397231,2026-03-07 14:13:55.876551,07/03/26,14:13:55
27698,0.13,27.698,129.97328326955014,4033424929,2026-03-07 14:14:23.574551,07/03/26,14:14:23
27760,0.13,27.76,129.6829971181556,4033452689,2026-03-07 14:14:51.334551,07/03/26,14:14:51
27697,0.13,27.697,129.97797595407445,4033480386,2026-03-07 14:15:19.031551,07/03/26,14:15:19
27734,0.13,27.734,129.80457200548065,4033508120,2026-03-07 14:15:46.765551,07/03/26,14:15:46
17818,0.2,17.818,202.0428779885509,4033525938,2026-03-07 14:16:04.583551,07/03/26,14:16:4
17578,0.2,17.578,204.80145636591195,4033543516,2026-03-07 14:16:22.161551,07/03/26,14:16:22
17684,0.2,17.684,203.5738520696675,4033561200,2026-03-07 14:16:39.845551,07/03/26,14:16:39
17788,0.2,17.788,202.38362941308748,4033578988,2026-03-07 14:16:57.633551,07/03/26,14:16:57
17735,0.2,17.735,202.98844093600226,4033596723,2026-03-07 14:17:15.368551,07/03/26,14:17:15
17747,0.2,17.747,202.85118611596326,4033614470,2026-03-07 14:17:33.115551,07/03/26,14:17:33
17893,0.2,17.893,201.19599843514223,4033632363,2026-03-07 14:17:51.008551,07/03/26,14:17:51
17936,0.2,17.936,200.71364852809992,4033650299,2026-03-07 14:18:08.944551,07/03/26,14:18:8
17987,0.2,17.987,200.1445488408295,4033668286,2026-03-07 14:18:26.931551,07/03/26,14:18:26
18039,0.2,18.039,199.56760352569432,4033686325,2026-03-07 14:18:44.970551,07/03/26,14:18:44
18075,0.2,18.075,199.1701244813278,4033704400,2026-03-07 14:19:03.045551,07/03/26,14:19:3
18118,0.2,18.118,198.69742797218237,4033722518,2026-03-07 14:19:21.163551,07/03/26,14:19:21
18224,0.2,18.224,197.54170324846356,4033740742,2026-03-07 14:19:39.387551,07/03/26,14:19:39
18203,0.2,18.203,197.7695984178432,4033758945,2026-03-07 14:19:57.590551,07/03/26,14:19:57
18236,0.2,18.236,197.41171309497696,4033777181,2026-03-07 14:20:15.826551,07/03/26,14:20:15
18343,0.2,18.343,196.26015373712042,4033795524,2026-03-07 14:20:34.169551,07/03/26,14:20:34
18442,0.19,18.442,195.2065936449409,4033813966,2026-03-07 14:20:52.611551,07/03/26,14:20:52
18416,0.19,18.416,195.4821894005213,4033832382,2026-03-07 14:21:11.027551,07/03/26,14:21:11
18487,0.19,18.487,194.73143289879374,4033850869,2026-03-07 14:21:29.514551,07/03/26,14:21:29
18516,0.19,18.516,194.42644199611146,4033869385,2026-03-07 14:21:48.030551,07/03/26,14:21:48
18552,0.19,18.552,194.0491591203105,4033887937,2026-03-07 14:22:06.582551,07/03/26,14:22:6
18552,0.19,18.552,194.0491591203105,4033906489,2026-03-07 14:22:25.134551,07/03/26,14:22:25
18534,0.19,18.534,194.23761735189382,4033925023,2026-03-07 14:22:43.668551,07/03/26,14:22:43
18595,0.19,18.595,193.60043022317828,4033943618,2026-03-07 14:23:02.263551,07/03/26,14:23:2
18559,0.19,18.559,193.97596853278733,4033962177,2026-03-07 14:23:20.822551,07/03/26,14:23:20
23080,0.16,23.08,155.97920277296362,4033985257,2026-03-07 14:23:43.902551,07/03/26,14:23:43
27906,0.13,27.906,129.00451515803053,4034013163,2026-03-07 14:24:11.808551,07/03/26,14:24:11
27908,0.13,27.908,128.99527017342697,4034041071,2026-03-07 14:24:39.716551,07/03/26,14:24:39
27848,0.13,27.848,129.2731973570813,4034068919,2026-03-07 14:25:07.564551,07/03/26,14:25:7
27841,0.13,27.841,129.30570022628498,4034096760,2026-03-07 14:25:35.405551,07/03/26,14:25:35
27840,0.13,27.84,129.31034482758622,4034124600,2026-03-07 14:26:03.245551,07/03/26,14:26:3
27855,0.13,27.855,129.24071082390952,4034152455,2026-03-07 14:26:31.100551,07/03/26,14:26:31
27890,0.13,27.89,129.07852276801722,4034180345,2026-03-07 14:26:58.990551,07/03/26,14:26:58
27778,0.13,27.778,129.59896320829432,4034208123,2026-03-07 14:27:26.768551,07/03/26,14:27:26
27866,0.13,27.866,129.18969353333813,4034235989,2026-03-07 14:27:54.634551,07/03/26,14:27:54
27938,0.13,27.938,128.85675424153482,4034263927,2026-03-07 14:28:22.572551,07/03/26,14:28:22
28016,0.13,28.016,128.49800114220446,4034291943,2026-03-07 14:28:50.588551,07/03/26,14:28:50
28041,0.13,28.041,128.3834385364288,4034319984,2026-03-07 14:29:18.629551,07/03/26,14:29:18
28099,0.13,28.099,128.11843837858999,4034348083,2026-03-07 14:29:46.728551,07/03/26,14:29:46
28195,0.13,28.195,127.6822131583614,4034376278,2026-03-07 14:30:14.923551,07/03/26,14:30:14
28113,0.13,28.113,128.05463664496853,4034404391,2026-03-07 14:30:43.036551,07/03/26,14:30:43
28136,0.13,28.136,127.94995735001422,4034432527,2026-03-07 14:31:11.172551,07/03/26,14:31:11
28163,0.13,28.163,127.82729112665554,4034460690,2026-03-07 14:31:39.335551,07/03/26,14:31:39
28167,0.13,28.167,127.80913835339227,4034488857,2026-03-07 14:32:07.502551,07/03/26,14:32:7
28218,0.13,28.218,127.5781416117372,4034517075,2026-03-07 14:32:35.720551,07/03/26,14:32:35
28122,0.13,28.122,128.01365478984425,4034545197,2026-03-07 14:33:03.842551,07/03/26,14:33:3
28003,0.13,28.003,128.5576545370139,4034573200,2026-03-07 14:33:31.845551,07/03/26,14:33:31
28089,0.13,28.089,128.16404998397948,4034601289,2026-03-07 14:33:59.934551,07/03/26,14:33:59
28144,0.13,28.144,127.91358726549176,4034629433,2026-03-07 14:34:28.078551,07/03/26,14:34:28
28115,0.13,28.115,128.04552729859506,4034657548,2026-03-07 14:34:56.193551,07/03/26,14:34:56
28080,0.13,28.08,128.2051282051282,4034685628,2026-03-07 14:35:24.273551,07/03/26,14:35:24
27977,0.13,27.977,128.67712764056188,4034713605,2026-03-07 14:35:52.250551,07/03/26,14:35:52
28017,0.13,28.017,128.493414712496,4034741622,2026-03-07 14:36:20.267551,07/03/26,14:36:20
28081,0.13,28.081,128.200562658025,4034769703,2026-03-07 14:36:48.348551,07/03/26,14:36:48
27988,0.13,27.988,128.62655423753037,4034797691,2026-03-07 14:37:16.336551,07/03/26,14:37:16
28044,0.13,28.044,128.36970474967907,4034825735,2026-03-07 14:37:44.380551,07/03/26,14:37:44
27983,0.13,27.983,128.64953721902583,4034853718,2026-03-07 14:38:12.363551,07/03/26,14:38:12
28050,0.13,28.05,128.3422459893048,4034881768,2026-03-07 14:38:40.413551,07/03/26,14:38:40
27943,0.13,27.943,128.83369716923738,4034909711,2026-03-07 14:39:08.356551,07/03/26,14:39:8
27891,0.13,27.891,129.07389480477573,4034937602,2026-03-07 14:39:36.247551,07/03/26,14:39:36
27866,0.13,27.866,129.18969353333813,4034965468,2026-03-07 14:40:04.113551,07/03/26,14:40:4
27860,0.13,27.86,129.21751615218952,4034993328,2026-03-07 14:40:31.973551,07/03/26,14:40:31
27765,0.13,27.765,129.65964343598054,4035021093,2026-03-07 14:40:59.738551,07/03/26,14:40:59
27570,0.13,27.57,130.57671381936888,4035048663,2026-03-07 14:41:27.308551,07/03/26,14:41:27
28018,0.13,28.018,128.48882861017918,4035076681,2026-03-07 14:41:55.326551,07/03/26,14:41:55
27899,0.13,27.899,129.03688304240296,4035104580,2026-03-07 14:42:23.225551,07/03/26,14:42:23
27947,0.13,27.947,128.81525745160482,4035132527,2026-03-07 14:42:51.172551,07/03/26,14:42:51
27978,0.13,27.978,128.67252841518336,4035160505,2026-03-07 14:43:19.150551,07/03/26,14:43:19
27914,0.13,27.914,128.96754316830265,4035188419,2026-03-07 14:43:47.064551,07/03/26,14:43:47
27944,0.13,27.944,128.8290867449184,4035216363,2026-03-07 14:44:15.008551,07/03/26,14:44:15
28012,0.13,28.012,128.51635013565615,4035244375,2026-03-07 14:44:43.020551,07/03/26,14:44:43
28009,0.13,28.009,128.53011532007568,4035272384,2026-03-07 14:45:11.029551,07/03/26,14:45:11
28032,0.13,28.032,128.42465753424656,4035300416,2026-03-07 14:45:39.061551,07/03/26,14:45:39
28088,0.13,28.088,128.16861293078895,4035328504,2026-03-07 14:46:07.149551,07/03/26,14:46:7
28175,0.13,28.175,127.77284826974268,4035356679,2026-03-07 14:46:35.324551,07/03/26,14:46:35
28208,0.13,28.208,127.62336925694838,4035384887,2026-03-07 14:47:03.532551,07/03/26,14:47:3
28038,0.13,28.038,128.39717526214423,4035412925,2026-03-07 14:47:31.570551,07/03/26,14:47:31
28118,0.13,28.118,128.03186570879865,4035441043,2026-03-07 14:47:59.688551,07/03/26,14:47:59
28054,0.13,28.054,128.32394667427104,4035469097,2026-03-07 14:48:27.742551,07/03/26,14:48:27
28131,0.13,28.131,127.97269915751306,4035497228,2026-03-07 14:48:55.873551,07/03/26,14:48:55
28017,0.13,28.017,128.493414712496,4035525245,2026-03-07 14:49:23.890551,07/03/26,14:49:23
27966,0.13,27.966,128.72774082814846,4035553211,2026-03-07 14:49:51.856551,07/03/26,14:49:51
28104,0.13,28.104,128.09564474807857,4035581315,2026-03-07 14:50:19.960551,07/03/26,14:50:19
27975,0.13,27.975,128.686327077748,4035609290,2026-03-07 14:50:47.935551,07/03/26,14:50:47
28004,0.13,28.004,128.5530638480217,4035637294,2026-03-07 14:51:15.939551,07/03/26,14:51:15
27961,0.13,27.961,128.75075998712492,4035665255,2026-03-07 14:51:43.900551,07/03/26,14:51:43
28026,0.13,28.026,128.45215157353886,4035693281,2026-03-07 14:52:11.926551,07/03/26,14:52:11
28132,0.13,28.132,127.96815014929618,4035721413,2026-03-07 14:52:40.058551,07/03/26,14:52:40
28020,0.13,28.02,128.4796573875803,4035749433,2026-03-07 14:53:08.078551,07/03/26,14:53:8
28005,0.13,28.005,128.54847348687736,4035777438,2026-03-07 14:53:36.083551,07/03/26,14:53:36
27959,0.13,27.959,128.759969956007,4035805397,2026-03-07 14:54:04.042551,07/03/26,14:54:4
27948,0.13,27.948,128.81064834693,4035833345,2026-03-07 14:54:31.990551,07/03/26,14:54:31
28141,0.13,28.141,127.92722362389397,4035861486,2026-03-07 14:55:00.131551,07/03/26,14:55:0
27991,0.13,27.991,128.6127683898396,4035889477,2026-03-07 14:55:28.122551,07/03/26,14:55:28
27192,0.13,27.192,132.3918799646955,4035916669,2026-03-07 14:55:55.314551,07/03/26,14:55:55
27444,0.13,27.444,131.17621337997377,4035944113,2026-03-07 14:56:22.758551,07/03/26,14:56:22
27265,0.13,27.265,132.0374105996699,4035971378,2026-03-07 14:56:50.023551,07/03/26,14:56:50
27388,0.13,27.388,131.44442821673726,4035998766,2026-03-07 14:57:17.411551,07/03/26,14:57:17
27353,0.13,27.353,131.61262018791356,4036026119,2026-03-07 14:57:44.764551,07/03/26,14:57:44
27368,0.13,27.368,131.54048523823442,4036053487,2026-03-07 14:58:12.132551,07/03/26,14:58:12
27387,0.13,27.387,131.44922773578705,4036080874,2026-03-07 14:58:39.519551,07/03/26,14:58:39
27408,0.13,27.408,131.34851138353764,4036108282,2026-03-07 14:59:06.927551,07/03/26,14:59:6
27289,0.13,27.289,131.92128696544395,4036135571,2026-03-07 14:59:34.216551,07/03/26,14:59:34
27417,0.13,27.417,131.3053944632892,4036162988,2026-03-07 15:00:01.633551,07/03/26,15:0:1
27219,0.13,27.219,132.26055328998126,4036190207,2026-03-07 15:00:28.852551,07/03/26,15:0:28
26209,0.14,26.209,137.3573963142432,4036216416,2026-03-07 15:00:55.061551,07/03/26,15:0:55
26607,0.14,26.607,135.3027398804826,4036243023,2026-03-07 15:01:21.668551,07/03/26,15:1:21
26445,0.14,26.445,136.13159387407828,4036269468,2026-03-07 15:01:48.113551,07/03/26,15:1:48
26561,0.14,26.561,135.53706562252927,4036296029,2026-03-07 15:02:14.674551,07/03/26,15:2:14
26573,0.14,26.573,135.47585895457794,4036322602,2026-03-07 15:02:41.247551,07/03/26,15:2:41
26582,0.14,26.582,135.42999021894516,4036349184,2026-03-07 15:03:07.829551,07/03/26,15:3:7
26584,0.14,26.584,135.4198013842913,4036375768,2026-03-07 15:03:34.413551,07/03/26,15:3:34
26588,0.14,26.588,135.3994283135249,4036402356,2026-03-07 15:04:01.001551,07/03/26,15:4:1
26676,0.13,26.676,134.9527665317139,4036429032,2026-03-07 15:04:27.677551,07/03/26,15:4:27
26711,0.13,26.711,134.77593500804912,4036455743,2026-03-07 15:04:54.388551,07/03/26,15:4:54
26789,0.13,26.789,134.38351562208368,4036482532,2026-03-07 15:05:21.177551,07/03/26,15:5:21
26649,0.14,26.649,135.08949679162444,4036509181,2026-03-07 15:05:47.826551,07/03/26,15:5:47
26578,0.14,26.578,135.45037248852435,4036535759,2026-03-07 15:06:14.404551,07/03/26,15:6:14
26639,0.14,26.639,135.1402079657645,4036562398,2026-03-07 15:06:41.043551,07/03/26,15:6:41
27191,0.13,27.191,132.3967489242764,4036589589,2026-03-07 15:07:08.234551,07/03/26,15:7:8
27298,0.13,27.298,131.87779324492638,4036616887,2026-03-07 15:07:35.532551,07/03/26,15:7:35
27278,0.13,27.278,131.97448493291296,4036644165,2026-03-07 15:08:02.810551,07/03/26,15:8:2
27422,0.13,27.422,131.28145284807817,4036671587,2026-03-07 15:08:30.232551,07/03/26,15:8:30
27632,0.13,27.632,130.28372900984365,4036699219,2026-03-07 15:08:57.864551,07/03/26,15:8:57
27636,0.13,27.636,130.2648719062093,4036726855,2026-03-07 15:09:25.500551,07/03/26,15:9:25
27555,0.13,27.555,130.647795318454,4036754410,2026-03-07 15:09:53.055551,07/03/26,15:9:53
27605,0.13,27.605,130.4111573990219,4036782015,2026-03-07 15:10:20.660551,07/03/26,15:10:20
27582,0.13,27.582,130.51990428540353,4036809597,2026-03-07 15:10:48.242551,07/03/26,15:10:48
27571,0.13,27.571,130.57197780276377,4036837168,2026-03-07 15:11:15.813551,07/03/26,15:11:15
27556,0.13,27.556,130.643054144288,4036864724,2026-03-07 15:11:43.369551,07/03/26,15:11:43
27575,0.13,27.575,130.55303717135087,4036892299,2026-03-07 15:12:10.944551,07/03/26,15:12:10
27988,0.13,27.988,128.62655423753037,4036920287,2026-03-07 15:12:38.932551,07/03/26,15:12:38
28068,0.13,28.068,128.25994014536127,4036948355,2026-03-07 15:13:07.000551,07/03/26,15:13:7
28153,0.13,28.153,127.87269562746421,4036976508,2026-03-07 15:13:35.153551,07/03/26,15:13:35
28068,0.13,28.068,128.25994014536127,4037004576,2026-03-07 15:14:03.221551,07/03/26,15:14:3
28025,0.13,28.025,128.45673505798393,4037032601,2026-03-07 15:14:31.246551,07/03/26,15:14:31
28128,0.13,28.128,127.9863481228669,4037060729,2026-03-07 15:14:59.374551,07/03/26,15:14:59
28119,0.13,28.119,128.02731249333192,4037088848,2026-03-07 15:15:27.493551,07/03/26,15:15:27
28280,0.13,28.28,127.2984441301273,4037117128,2026-03-07 15:15:55.773551,07/03/26,15:15:55
28294,0.13,28.294,127.23545628048349,4037145422,2026-03-07 15:16:24.067551,07/03/26,15:16:24
28373,0.13,28.373,126.88118986360273,4037173795,2026-03-07 15:16:52.440551,07/03/26,15:16:52
28272,0.13,28.272,127.33446519524618,4037202067,2026-03-07 15:17:20.712551,07/03/26,15:17:20
28232,0.13,28.232,127.51487673561915,4037230299,2026-03-07 15:17:48.944551,07/03/26,15:17:48
28106,0.13,28.106,128.08652956664056,4037258405,2026-03-07 15:18:17.050551,07/03/26,15:18:17
28128,0.13,28.128,127.9863481228669,4037286533,2026-03-07 15:18:45.178551,07/03/26,15:18:45
28063,0.13,28.063,128.2827922887788,4037314596,2026-03-07 15:19:13.241551,07/03/26,15:19:13
28027,0.13,28.027,128.44756841617013,4037342623,2026-03-07 15:19:41.268551,07/03/26,15:19:41
28038,0.13,28.038,128.39717526214423,4037370661,2026-03-07 15:20:09.306551,07/03/26,15:20:9
27455,0.13,27.455,131.1236568930978,4037398116,2026-03-07 15:20:36.761551,07/03/26,15:20:36
27118,0.13,27.118,132.75315288738108,4037425234,2026-03-07 15:21:03.879551,07/03/26,15:21:3
27333,0.13,27.333,131.70892327955218,4037452567,2026-03-07 15:21:31.212551,07/03/26,15:21:31
27468,0.13,27.468,131.06159895150722,4037480035,2026-03-07 15:21:58.680551,07/03/26,15:21:58
19236,0.19,19.236,187.14909544603867,4037499271,2026-03-07 15:22:17.916551,07/03/26,15:22:17
17399,0.21,17.399,206.90844301396632,4037516670,2026-03-07 15:22:35.315551,07/03/26,15:22:35
17505,0.2,17.505,205.65552699228792,4037534175,2026-03-07 15:22:52.820551,07/03/26,15:22:52
17474,0.21,17.474,206.02037312578688,4037551649,2026-03-07 15:23:10.294551,07/03/26,15:23:10
17496,0.2,17.496,205.76131687242798,4037569145,2026-03-07 15:23:27.790551,07/03/26,15:23:27
17491,0.2,17.491,205.82013606997884,4037586636,2026-03-07 15:23:45.281551,07/03/26,15:23:45
17613,0.2,17.613,204.39448134900357,4037604249,2026-03-07 15:24:02.894551,07/03/26,15:24:2
17675,0.2,17.675,203.67751060820368,4037621924,2026-03-07 15:24:20.569551,07/03/26,15:24:20
17708,0.2,17.708,203.2979444318952,4037639632,2026-03-07 15:24:38.277551,07/03/26,15:24:38
17828,0.2,17.828,201.92954902400717,4037657460,2026-03-07 15:24:56.105551,07/03/26,15:24:56
17868,0.2,17.868,201.4775016789792,4037675328,2026-03-07 15:25:13.973551,07/03/26,15:25:13
17864,0.2,17.864,201.52261531571875,4037693192,2026-03-07 15:25:31.837551,07/03/26,15:25:31
17961,0.2,17.961,200.4342742608986,4037711153,2026-03-07 15:25:49.798551,07/03/26,15:25:49
17917,0.2,17.917,200.92649439080202,4037729070,2026-03-07 15:26:07.715551,07/03/26,15:26:7
18064,0.2,18.064,199.29140832595218,4037747134,2026-03-07 15:26:25.779551,07/03/26,15:26:25
18054,0.2,18.054,199.40179461615153,4037765188,2026-03-07 15:26:43.833551,07/03/26,15:26:43
18108,0.2,18.108,198.80715705765408,4037783296,2026-03-07 15:27:01.941551,07/03/26,15:27:1
18098,0.2,18.098,198.91700740413305,4037801394,2026-03-07 15:27:20.039551,07/03/26,15:27:20
18153,0.2,18.153,198.31432821021318,4037819547,2026-03-07 15:27:38.192551,07/03/26,15:27:38
18185,0.2,18.185,197.96535606268904,4037837732,2026-03-07 15:27:56.377551,07/03/26,15:27:56
18181,0.2,18.181,198.00891040096803,4037855913,2026-03-07 15:28:14.558551,07/03/26,15:28:14
18166,0.2,18.166,198.17240999669713,4037874079,2026-03-07 15:28:32.724551,07/03/26,15:28:32
18267,0.2,18.267,197.07669568073575,4037892346,2026-03-07 15:28:50.991551,07/03/26,15:28:50
18280,0.2,18.28,196.93654266958424,4037910626,2026-03-07 15:29:09.271551,07/03/26,15:29:9
18308,0.2,18.308,196.63535066637536,4037928934,2026-03-07 15:29:27.579551,07/03/26,15:29:27
18353,0.2,18.353,196.15321745763634,4037947287,2026-03-07 15:29:45.932551,07/03/26,15:29:45
26587,0.14,26.587,135.40452100650694,4037973874,2026-03-07 15:30:12.519551,07/03/26,15:30:12
27448,0.13,27.448,131.1570970562518,4038001322,2026-03-07 15:30:39.967551,07/03/26,15:30:39
27546,0.13,27.546,130.6904813766064,4038028868,2026-03-07 15:31:07.513551,07/03/26,15:31:7
27617,0.13,27.617,130.3544917985299,4038056485,2026-03-07 15:31:35.130551,07/03/26,15:31:35
27654,0.13,27.654,130.18008244738556,4038084139,2026-03-07 15:32:02.784551,07/03/26,15:32:2
27657,0.13,27.657,130.16596160104132,4038111796,2026-03-07 15:32:30.441551,07/03/26,15:32:30
27590,0.13,27.59,130.48205871692642,4038139386,2026-03-07 15:32:58.031551,07/03/26,15:32:58
27395,0.13,27.395,131.41084139441503,4038166781,2026-03-07 15:33:25.426551,07/03/26,15:33:25
27360,0.13,27.36,131.57894736842104,4038194141,2026-03-07 15:33:52.786551,07/03/26,15:33:52
27355,0.13,27.355,131.60299762383477,4038221496,2026-03-07 15:34:20.141551,07/03/26,15:34:20
27476,0.13,27.476,131.02343863735624,4038248972,2026-03-07 15:34:47.617551,07/03/26,15:34:47
27458,0.13,27.458,131.1093306140287,4038276430,2026-03-07 15:35:15.075551,07/03/26,15:35:15
27440,0.13,27.44,131.19533527696794,4038303870,2026-03-07 15:35:42.515551,07/03/26,15:35:42
27397,0.13,27.397,131.40124831185895,4038331267,2026-03-07 15:36:09.912551,07/03/26,15:36:9
27408,0.13,27.408,131.34851138353764,4038358675,2026-03-07 15:36:37.320551,07/03/26,15:36:37
27372,0.13,27.372,131.521262604121,4038386047,2026-03-07 15:37:04.692551,07/03/26,15:37:4
27380,0.13,27.38,131.4828341855369,4038413427,2026-03-07 15:37:32.072551,07/03/26,15:37:32
27421,0.13,27.421,131.28624047263045,4038440848,2026-03-07 15:37:59.493551,07/03/26,15:37:59
27335,0.13,27.335,131.6992866288641,4038468183,2026-03-07 15:38:26.828551,07/03/26,15:38:26
27328,0.13,27.328,131.73302107728338,4038495511,2026-03-07 15:38:54.156551,07/03/26,15:38:54
27256,0.13,27.256,132.0810096859407,4038522767,2026-03-07 15:39:21.412551,07/03/26,15:39:21
27331,0.13,27.331,131.71856134060224,4038550098,2026-03-07 15:39:48.743551,07/03/26,15:39:48
27339,0.13,27.339,131.68001755733567,4038577437,2026-03-07 15:40:16.082551,07/03/26,15:40:16
27374,0.13,27.374,131.51165339373128,4038604811,2026-03-07 15:40:43.456551,07/03/26,15:40:43
27386,0.13,27.386,131.4540276053458,4038632197,2026-03-07 15:41:10.842551,07/03/26,15:41:10
27416,0.13,27.416,131.31018383425737,4038659613,2026-03-07 15:41:38.258551,07/03/26,15:41:38
27337,0.13,27.337,131.6896513882284,4038686950,2026-03-07 15:42:05.595551,07/03/26,15:42:5
27429,0.13,27.429,131.24794925079294,4038714379,2026-03-07 15:42:33.024551,07/03/26,15:42:33
27407,0.13,27.407,131.35330390046337,4038741786,2026-03-07 15:43:00.431551,07/03/26,15:43:0
27463,0.13,27.463,131.08546043767979,4038769249,2026-03-07 15:43:27.894551,07/03/26,15:43:27
27505,0.13,27.505,130.8852935829849,4038796754,2026-03-07 15:43:55.399551,07/03/26,15:43:55
27329,0.13,27.329,131.7282008123239,4038824083,2026-03-07 15:44:22.728551,07/03/26,15:44:22
27410,0.13,27.41,131.33892739875958,4038851493,2026-03-07 15:44:50.138551,07/03/26,15:44:50
27410,0.13,27.41,131.33892739875958,4038878903,2026-03-07 15:45:17.548551,07/03/26,15:45:17
27482,0.13,27.482,130.99483298158796,4038906385,2026-03-07 15:45:45.030551,07/03/26,15:45:45
27356,0.13,27.356,131.59818686942535,4038933741,2026-03-07 15:46:12.386551,07/03/26,15:46:12
27630,0.13,27.63,130.29315960912052,4038961371,2026-03-07 15:46:40.016551,07/03/26,15:46:40
27966,0.13,27.966,128.72774082814846,4038989337,2026-03-07 15:47:07.982551,07/03/26,15:47:7
28054,0.13,28.054,128.32394667427104,4039017391,2026-03-07 15:47:36.036551,07/03/26,15:47:36
28012,0.13,28.012,128.51635013565615,4039045403,2026-03-07 15:48:04.048551,07/03/26,15:48:4
28067,0.13,28.067,128.264509922685,4039073470,2026-03-07 15:48:32.115551,07/03/26,15:48:32
28162,0.13,28.162,127.8318301257013,4039101632,2026-03-07 15:49:00.277551,07/03/26,15:49:0
28042,0.13,28.042,128.37886028100706,4039129674,2026-03-07 15:49:28.319551,07/03/26,15:49:28
28161,0.13,28.161,127.8363694471077,4039157835,2026-03-07 15:49:56.480551,07/03/26,15:49:56
28171,0.13,28.171,127.79099073515317,4039186006,2026-03-07 15:50:24.651551,07/03/26,15:50:24
28170,0.13,28.17,127.79552715654953,4039214176,2026-03-07 15:50:52.821551,07/03/26,15:50:52
28057,0.13,28.057,128.3102256121467,4039242233,2026-03-07 15:51:20.878551,07/03/26,15:51:20
28200,0.13,28.2,127.65957446808511,4039270433,2026-03-07 15:51:49.078551,07/03/26,15:51:49
28151,0.13,28.151,127.88178039856489,4039298584,2026-03-07 15:52:17.229551,07/03/26,15:52:17
28062,0.13,28.062,128.2873636946761,4039326646,2026-03-07 15:52:45.291551,07/03/26,15:52:45
27955,0.13,27.955,128.7783938472545,4039354601,2026-03-07 15:53:13.246551,07/03/26,15:53:13
27863,0.13,27.863,129.20360334493773,4039382464,2026-03-07 15:53:41.109551,07/03/26,15:53:41
28034,0.13,28.034,128.4154954697867,4039410498,2026-03-07 15:54:09.143551,07/03/26,15:54:9
28091,0.13,28.091,128.15492506496741,4039438589,2026-03-07 15:54:37.234551,07/03/26,15:54:37
28112,0.13,28.112,128.05919180421174,4039466701,2026-03-07 15:55:05.346551,07/03/26,15:55:5
27962,0.13,27.962,128.7461554967456,4039494663,2026-03-07 15:55:33.308551,07/03/26,15:55:33
27947,0.13,27.947,128.81525745160482,4039522610,2026-03-07 15:56:01.255551,07/03/26,15:56:1
27958,0.13,27.958,128.76457543458045,4039550568,2026-03-07 15:56:29.213551,07/03/26,15:56:29
27920,0.13,27.92,128.93982808022923,4039578488,2026-03-07 15:56:57.133551,07/03/26,15:56:57
27915,0.13,27.915,128.9629231595916,4039606403,2026-03-07 15:57:25.048551,07/03/26,15:57:25
28042,0.13,28.042,128.37886028100706,4039634445,2026-03-07 15:57:53.090551,07/03/26,15:57:53
28091,0.13,28.091,128.15492506496741,4039662536,2026-03-07 15:58:21.181551,07/03/26,15:58:21
28083,0.13,28.083,128.1914325392586,4039690619,2026-03-07 15:58:49.264551,07/03/26,15:58:49
28044,0.13,28.044,128.36970474967907,4039718663,2026-03-07 15:59:17.308551,07/03/26,15:59:17
28055,0.13,28.055,128.31937266084478,4039746718,2026-03-07 15:59:45.363551,07/03/26,15:59:45
28119,0.13,28.119,128.02731249333192,4039774837,2026-03-07 16:00:13.482551,07/03/26,16:0:13
27597,0.13,27.597,130.44896184367866,4039802434,2026-03-07 16:00:41.079551,07/03/26,16:0:41
27083,0.13,27.083,132.92471291954362,4039829517,2026-03-07 16:01:08.162551,07/03/26,16:1:8
27147,0.13,27.147,132.61133826942205,4039856664,2026-03-07 16:01:35.309551,07/03/26,16:1:35
27214,0.13,27.214,132.2848533842875,4039883878,2026-03-07 16:02:02.523551,07/03/26,16:2:2
27306,0.13,27.306,131.83915622940015,4039911184,2026-03-07 16:02:29.829551,07/03/26,16:2:29
27307,0.13,27.307,131.83432819423592,4039938491,2026-03-07 16:02:57.136551,07/03/26,16:2:57
27235,0.13,27.235,132.1828529465761,4039965726,2026-03-07 16:03:24.371551,07/03/26,16:3:24
27419,0.13,27.419,131.2958167693935,4039993145,2026-03-07 16:03:51.790551,07/03/26,16:3:51
27347,0.13,27.347,131.64149632500823,4040020492,2026-03-07 16:04:19.137551,07/03/26,16:4:19
27438,0.13,27.438,131.2048983162038,4040047930,2026-03-07 16:04:46.575551,07/03/26,16:4:46
27364,0.13,27.364,131.5597134921795,4040075294,2026-03-07 16:05:13.939551,07/03/26,16:5:13
27359,0.13,27.359,131.58375671625424,4040102653,2026-03-07 16:05:41.298551,07/03/26,16:5:41
27382,0.13,27.382,131.47323058943832,4040130035,2026-03-07 16:06:08.680551,07/03/26,16:6:8
27264,0.13,27.264,132.04225352112675,4040157299,2026-03-07 16:06:35.944551,07/03/26,16:6:35
27179,0.13,27.179,132.455204385739,4040184478,2026-03-07 16:07:03.123551,07/03/26,16:7:3
27158,0.13,27.158,132.55762574563664,4040211636,2026-03-07 16:07:30.281551,07/03/26,16:7:30
27168,0.13,27.168,132.5088339222615,4040238804,2026-03-07 16:07:57.449551,07/03/26,16:7:57
26997,0.13,26.997,133.3481497944216,4040265801,2026-03-07 16:08:24.446551,07/03/26,16:8:24
27318,0.13,27.318,131.78124313639358,4040293119,2026-03-07 16:08:51.764551,07/03/26,16:8:51
27604,0.13,27.604,130.4158817562672,4040320723,2026-03-07 16:09:19.368551,07/03/26,16:9:19
27551,0.13,27.551,130.66676345686182,4040348274,2026-03-07 16:09:46.919551,07/03/26,16:9:46
27592,0.13,27.592,130.4726007538417,4040375866,2026-03-07 16:10:14.511551,07/03/26,16:10:14
27662,0.13,27.662,130.1424336635095,4040403528,2026-03-07 16:10:42.173551,07/03/26,16:10:42
27651,0.13,27.651,130.19420635781708,4040431179,2026-03-07 16:11:09.824551,07/03/26,16:11:9
27756,0.13,27.756,129.70168612191958,4040458935,2026-03-07 16:11:37.580551,07/03/26,16:11:37
27597,0.13,27.597,130.44896184367866,4040486532,2026-03-07 16:12:05.177551,07/03/26,16:12:5
28015,0.13,28.015,128.50258789933963,4040514547,2026-03-07 16:12:33.192551,07/03/26,16:12:33
28131,0.13,28.131,127.97269915751306,4040542678,2026-03-07 16:13:01.323551,07/03/26,16:13:1
28209,0.13,28.209,127.6188450494523,4040570887,2026-03-07 16:13:29.532551,07/03/26,16:13:29
28091,0.13,28.091,128.15492506496741,4040598978,2026-03-07 16:13:57.623551,07/03/26,16:13:57
27963,0.13,27.963,128.7415513356936,4040626941,2026-03-07 16:14:25.586551,07/03/26,16:14:25
28139,0.13,28.139,127.93631614485234,4040655080,2026-03-07 16:14:53.725551,07/03/26,16:14:53
28140,0.13,28.14,127.9317697228145,4040683220,2026-03-07 16:15:21.865551,07/03/26,16:15:21
28105,0.13,28.105,128.09108699519658,4040711325,2026-03-07 16:15:49.970551,07/03/26,16:15:49
28078,0.13,28.078,128.21426027494834,4040739403,2026-03-07 16:16:18.048551,07/03/26,16:16:18
28141,0.13,28.141,127.92722362389397,4040767544,2026-03-07 16:16:46.189551,07/03/26,16:16:46
28171,0.13,28.171,127.79099073515317,4040795715,2026-03-07 16:17:14.360551,07/03/26,16:17:14
28036,0.13,28.036,128.4063347125125,4040823751,2026-03-07 16:17:42.396551,07/03/26,16:17:42
28041,0.13,28.041,128.3834385364288,4040851792,2026-03-07 16:18:10.437551,07/03/26,16:18:10
28042,0.13,28.042,128.37886028100706,4040879834,2026-03-07 16:18:38.479551,07/03/26,16:18:38
28178,0.13,28.178,127.7592448009085,4040908012,2026-03-07 16:19:06.657551,07/03/26,16:19:6
28040,0.13,28.04,128.38801711840227,4040936052,2026-03-07 16:19:34.697551,07/03/26,16:19:34
28066,0.13,28.066,128.2690800256538,4040964118,2026-03-07 16:20:02.763551,07/03/26,16:20:2
28003,0.13,28.003,128.5576545370139,4040992121,2026-03-07 16:20:30.766551,07/03/26,16:20:30
28165,0.13,28.165,127.81821409550861,4041020286,2026-03-07 16:20:58.931551,07/03/26,16:20:58
27942,0.13,27.942,128.83830792355593,4041048228,2026-03-07 16:21:26.873551,07/03/26,16:21:26
28006,0.13,28.006,128.54388345354567,4041076234,2026-03-07 16:21:54.879551,07/03/26,16:21:54
27975,0.13,27.975,128.686327077748,4041104209,2026-03-07 16:22:22.854551,07/03/26,16:22:22
28138,0.13,28.138,127.94086289004194,4041132347,2026-03-07 16:22:50.992551,07/03/26,16:22:50
28024,0.13,28.024,128.4613188695404,4041160371,2026-03-07 16:23:19.016551,07/03/26,16:23:19
28022,0.13,28.022,128.47048747412748,4041188393,2026-03-07 16:23:47.038551,07/03/26,16:23:47
28176,0.13,28.176,127.76831345826236,4041216569,2026-03-07 16:24:15.214551,07/03/26,16:24:15
28105,0.13,28.105,128.09108699519658,4041244674,2026-03-07 16:24:43.319551,07/03/26,16:24:43
28185,0.13,28.185,127.72751463544438,4041272859,2026-03-07 16:25:11.504551,07/03/26,16:25:11
28130,0.13,28.13,127.97724848915749,4041300989,2026-03-07 16:25:39.634551,07/03/26,16:25:39
28152,0.13,28.152,127.8772378516624,4041329141,2026-03-07 16:26:07.786551,07/03/26,16:26:7
27986,0.13,27.986,128.6357464446509,4041357127,2026-03-07 16:26:35.772551,07/03/26,16:26:35
28005,0.13,28.005,128.54847348687736,4041385132,2026-03-07 16:27:03.777551,07/03/26,16:27:3
28083,0.13,28.083,128.1914325392586,4041413215,2026-03-07 16:27:31.860551,07/03/26,16:27:31
16638,0.22,16.638,216.3721601153985,4041429853,2026-03-07 16:27:48.498551,07/03/26,16:27:48
17729,0.2,17.729,203.0571380224491,4041447582,2026-03-07 16:28:06.227551,07/03/26,16:28:6
17837,0.2,17.837,201.82766160228738,4041465419,2026-03-07 16:28:24.064551,07/03/26,16:28:24
17866,0.2,17.866,201.50005597223776,4041483285,2026-03-07 16:28:41.930551,07/03/26,16:28:41
17902,0.2,17.902,201.0948497374595,4041501187,2026-03-07 16:28:59.832551,07/03/26,16:28:59
17998,0.2,17.998,200.0222246916324,4041519185,2026-03-07 16:29:17.830551,07/03/26,16:29:17
18038,0.2,18.038,199.57866725801085,4041537223,2026-03-07 16:29:35.868551,07/03/26,16:29:35
18078,0.2,18.078,199.13707268503154,4041555301,2026-03-07 16:29:53.946551,07/03/26,16:29:53
18133,0.2,18.133,198.53306126950864,4041573434,2026-03-07 16:30:12.079551,07/03/26,16:30:12
18143,0.2,18.143,198.4236344595712,4041591577,2026-03-07 16:30:30.222551,07/03/26,16:30:30
18239,0.2,18.239,197.3792422830199,4041609816,2026-03-07 16:30:48.461551,07/03/26,16:30:48
18224,0.2,18.224,197.54170324846356,4041628040,2026-03-07 16:31:06.685551,07/03/26,16:31:6
18323,0.2,18.323,196.4743764667358,4041646363,2026-03-07 16:31:25.008551,07/03/26,16:31:25
18349,0.2,18.349,196.19597798245135,4041664712,2026-03-07 16:31:43.357551,07/03/26,16:31:43
18396,0.19,18.396,195.69471624266146,4041683108,2026-03-07 16:32:01.753551,07/03/26,16:32:1
18425,0.19,18.425,195.38670284938942,4041701533,2026-03-07 16:32:20.178551,07/03/26,16:32:20
18418,0.19,18.418,195.46096210229123,4041719951,2026-03-07 16:32:38.596551,07/03/26,16:32:38
18504,0.19,18.504,194.55252918287937,4041738455,2026-03-07 16:32:57.100551,07/03/26,16:32:57
18477,0.19,18.477,194.8368241597662,4041756932,2026-03-07 16:33:15.577551,07/03/26,16:33:15
18543,0.19,18.543,194.1433425012134,4041775475,2026-03-07 16:33:34.120551,07/03/26,16:33:34
18578,0.19,18.578,193.77758639250726,4041794053,2026-03-07 16:33:52.698551,07/03/26,16:33:52
18536,0.19,18.536,194.21665947345704,4041812589,2026-03-07 16:34:11.234551,07/03/26,16:34:11
18592,0.19,18.592,193.631669535284,4041831181,2026-03-07 16:34:29.826551,07/03/26,16:34:29
18639,0.19,18.639,193.1434089811685,4041849820,2026-03-07 16:34:48.465551,07/03/26,16:34:48
18597,0.19,18.597,193.57960961445394,4041868417,2026-03-07 16:35:07.062551,07/03/26,16:35:7
26539,0.14,26.539,135.64942160593844,4041894956,2026-03-07 16:35:33.601551,07/03/26,16:35:33
27915,0.13,27.915,128.9629231595916,4041922871,2026-03-07 16:36:01.516551,07/03/26,16:36:1
27978,0.13,27.978,128.67252841518336,4041950849,2026-03-07 16:36:29.494551,07/03/26,16:36:29
28098,0.13,28.098,128.12299807815504,4041978947,2026-03-07 16:36:57.592551,07/03/26,16:36:57
27973,0.13,27.973,128.69552783040788,4042006920,2026-03-07 16:37:25.565551,07/03/26,16:37:25
28155,0.13,28.155,127.86361214704316,4042035075,2026-03-07 16:37:53.720551,07/03/26,16:37:53
28122,0.13,28.122,128.01365478984425,4042063197,2026-03-07 16:38:21.842551,07/03/26,16:38:21
28142,0.13,28.142,127.92267784805628,4042091339,2026-03-07 16:38:49.984551,07/03/26,16:38:49
28017,0.13,28.017,128.493414712496,4042119356,2026-03-07 16:39:18.001551,07/03/26,16:39:18
28112,0.13,28.112,128.05919180421174,4042147468,2026-03-07 16:39:46.113551,07/03/26,16:39:46
28128,0.13,28.128,127.9863481228669,4042175596,2026-03-07 16:40:14.241551,07/03/26,16:40:14
28148,0.13,28.148,127.89540997584197,4042203744,2026-03-07 16:40:42.389551,07/03/26,16:40:42
28056,0.13,28.056,128.3147989734816,4042231800,2026-03-07 16:41:10.445551,07/03/26,16:41:10
28006,0.13,28.006,128.54388345354567,4042259806,2026-03-07 16:41:38.451551,07/03/26,16:41:38
28004,0.13,28.004,128.5530638480217,4042287810,2026-03-07 16:42:06.455551,07/03/26,16:42:6
28062,0.13,28.062,128.2873636946761,4042315872,2026-03-07 16:42:34.517551,07/03/26,16:42:34
28076,0.13,28.076,128.2233936458185,4042343948,2026-03-07 16:43:02.593551,07/03/26,16:43:2
28180,0.13,28.18,127.75017743080198,4042372128,2026-03-07 16:43:30.773551,07/03/26,16:43:30
28152,0.13,28.152,127.8772378516624,4042400280,2026-03-07 16:43:58.925551,07/03/26,16:43:58
28110,0.13,28.11,128.068303094984,4042428390,2026-03-07 16:44:27.035551,07/03/26,16:44:27
28139,0.13,28.139,127.93631614485234,4042456529,2026-03-07 16:44:55.174551,07/03/26,16:44:55
28033,0.13,28.033,128.42007633860092,4042484562,2026-03-07 16:45:23.207551,07/03/26,16:45:23
28062,0.13,28.062,128.2873636946761,4042512624,2026-03-07 16:45:51.269551,07/03/26,16:45:51
28097,0.13,28.097,128.1275581022885,4042540721,2026-03-07 16:46:19.366551,07/03/26,16:46:19
28071,0.13,28.071,128.24623276691247,4042568792,2026-03-07 16:46:47.437551,07/03/26,16:46:47
28022,0.13,28.022,128.47048747412748,4042596814,2026-03-07 16:47:15.459551,07/03/26,16:47:15
28157,0.13,28.157,127.85452995702667,4042624971,2026-03-07 16:47:43.616551,07/03/26,16:47:43
28108,0.13,28.108,128.077415682368,4042653079,2026-03-07 16:48:11.724551,07/03/26,16:48:11
28196,0.13,28.196,127.67768477798269,4042681275,2026-03-07 16:48:39.920551,07/03/26,16:48:39
28182,0.13,28.182,127.74111134766872,4042709457,2026-03-07 16:49:08.102551,07/03/26,16:49:8
28119,0.13,28.119,128.02731249333192,4042737576,2026-03-07 16:49:36.221551,07/03/26,16:49:36
28182,0.13,28.182,127.74111134766872,4042765758,2026-03-07 16:50:04.403551,07/03/26,16:50:4
28142,0.13,28.142,127.92267784805628,4042793900,2026-03-07 16:50:32.545551,07/03/26,16:50:32
28180,0.13,28.18,127.75017743080198,4042822080,2026-03-07 16:51:00.725551,07/03/26,16:51:0
28110,0.13,28.11,128.068303094984,4042850190,2026-03-07 16:51:28.835551,07/03/26,16:51:28
28166,0.13,28.166,127.81367606333878,4042878356,2026-03-07 16:51:57.001551,07/03/26,16:51:57
28162,0.13,28.162,127.8318301257013,4042906518,2026-03-07 16:52:25.163551,07/03/26,16:52:25
28230,0.13,28.23,127.52391073326248,4042934748,2026-03-07 16:52:53.393551,07/03/26,16:52:53
28150,0.13,28.15,127.88632326820604,4042962898,2026-03-07 16:53:21.543551,07/03/26,16:53:21
28097,0.13,28.097,128.1275581022885,4042990995,2026-03-07 16:53:49.640551,07/03/26,16:53:49
28044,0.13,28.044,128.36970474967907,4043019039,2026-03-07 16:54:17.684551,07/03/26,16:54:17
28201,0.13,28.201,127.6550476933442,4043047240,2026-03-07 16:54:45.885551,07/03/26,16:54:45
28118,0.13,28.118,128.03186570879865,4043075358,2026-03-07 16:55:14.003551,07/03/26,16:55:14
28209,0.13,28.209,127.6188450494523,4043103567,2026-03-07 16:55:42.212551,07/03/26,16:55:42
28240,0.13,28.24,127.47875354107649,4043131807,2026-03-07 16:56:10.452551,07/03/26,16:56:10
28150,0.13,28.15,127.88632326820604,4043159957,2026-03-07 16:56:38.602551,07/03/26,16:56:38
28048,0.13,28.048,128.35139760410723,4043188005,2026-03-07 16:57:06.650551,07/03/26,16:57:6
28046,0.13,28.046,128.36055052413892,4043216051,2026-03-07 16:57:34.696551,07/03/26,16:57:34
28019,0.13,28.019,128.48424283521896,4043244070,2026-03-07 16:58:02.715551,07/03/26,16:58:2
28055,0.13,28.055,128.31937266084478,4043272125,2026-03-07 16:58:30.770551,07/03/26,16:58:30
28040,0.13,28.04,128.38801711840227,4043300165,2026-03-07 16:58:58.810551,07/03/26,16:58:58
28122,0.13,28.122,128.01365478984425,4043328287,2026-03-07 16:59:26.932551,07/03/26,16:59:26
28159,0.13,28.159,127.84544905713982,4043356446,2026-03-07 16:59:55.091551,07/03/26,16:59:55
28230,0.13,28.23,127.52391073326248,4043384676,2026-03-07 17:00:23.321551,07/03/26,17:0:23
27605,0.13,27.605,130.4111573990219,4043412281,2026-03-07 17:00:50.926551,07/03/26,17:0:50
27433,0.13,27.433,131.2288120147268,4043439714,2026-03-07 17:01:18.359551,07/03/26,17:1:18
27140,0.13,27.14,132.64554163596168,4043466854,2026-03-07 17:01:45.499551,07/03/26,17:1:45
27361,0.13,27.361,131.5741383721355,4043494215,2026-03-07 17:02:12.860551,07/03/26,17:2:12
27292,0.13,27.292,131.9067858713176,4043521507,2026-03-07 17:02:40.152551,07/03/26,17:2:40
27329,0.13,27.329,131.7282008123239,4043548836,2026-03-07 17:03:07.481551,07/03/26,17:3:7
27537,0.13,27.537,130.7331953371827,4043576373,2026-03-07 17:03:35.018551,07/03/26,17:3:35
27454,0.13,27.454,131.12843301522545,4043603827,2026-03-07 17:04:02.472551,07/03/26,17:4:2
27264,0.13,27.264,132.04225352112675,4043631091,2026-03-07 17:04:29.736551,07/03/26,17:4:29
27325,0.13,27.325,131.74748398902105,4043658416,2026-03-07 17:04:57.061551,07/03/26,17:4:57
27347,0.13,27.347,131.64149632500823,4043685763,2026-03-07 17:05:24.408551,07/03/26,17:5:24
27243,0.13,27.243,132.14403700033037,4043713006,2026-03-07 17:05:51.651551,07/03/26,17:5:51
27226,0.13,27.226,132.2265481525013,4043740232,2026-03-07 17:06:18.877551,07/03/26,17:6:18
27090,0.13,27.09,132.89036544850498,4043767322,2026-03-07 17:06:45.967551,07/03/26,17:6:45
27271,0.13,27.271,132.0083605295002,4043794593,2026-03-07 17:07:13.238551,07/03/26,17:7:13
27202,0.13,27.202,132.34321005808397,4043821795,2026-03-07 17:07:40.440551,07/03/26,17:7:40
27214,0.13,27.214,132.2848533842875,4043849009,2026-03-07 17:08:07.654551,07/03/26,17:8:7
27133,0.13,27.133,132.6797626506468,4043876142,2026-03-07 17:08:34.787551,07/03/26,17:8:34
27186,0.13,27.186,132.42109909512249,4043903328,2026-03-07 17:09:01.973551,07/03/26,17:9:1
27632,0.13,27.632,130.28372900984365,4043930960,2026-03-07 17:09:29.605551,07/03/26,17:9:29
27639,0.13,27.639,130.25073266037123,4043958599,2026-03-07 17:09:57.244551,07/03/26,17:9:57
27609,0.13,27.609,130.39226339237206,4043986208,2026-03-07 17:10:24.853551,07/03/26,17:10:24
27687,0.13,27.687,130.02492144327664,4044013895,2026-03-07 17:10:52.540551,07/03/26,17:10:52
27730,0.13,27.73,129.8232960692391,4044041625,2026-03-07 17:11:20.270551,07/03/26,17:11:20
27659,0.13,27.659,130.15654940525687,4044069284,2026-03-07 17:11:47.929551,07/03/26,17:11:47
27698,0.13,27.698,129.97328326955014,4044096982,2026-03-07 17:12:15.627551,07/03/26,17:12:15
28195,0.13,28.195,127.6822131583614,4044125177,2026-03-07 17:12:43.822551,07/03/26,17:12:43
28058,0.13,28.058,128.3056525768052,4044153235,2026-03-07 17:13:11.880551,07/03/26,17:13:11
28098,0.13,28.098,128.12299807815504,4044181333,2026-03-07 17:13:39.978551,07/03/26,17:13:39
25496,0.14,25.496,141.19861939127705,4044206829,2026-03-07 17:14:05.474551,07/03/26,17:14:5
18470,0.19,18.47,194.9106659447753,4044225299,2026-03-07 17:14:23.944551,07/03/26,17:14:23
26860,0.13,26.86,134.02829486224869,4044252159,2026-03-07 17:14:50.804551,07/03/26,17:14:50
26922,0.13,26.922,133.7196344996657,4044279081,2026-03-07 17:15:17.726551,07/03/26,17:15:17
26376,0.14,26.376,136.4877161055505,4044305457,2026-03-07 17:15:44.102551,07/03/26,17:15:44
26744,0.13,26.744,134.6096320670057,4044332201,2026-03-07 17:16:10.846551,07/03/26,17:16:10
26491,0.14,26.491,135.8952096938583,4044358692,2026-03-07 17:16:37.337551,07/03/26,17:16:37
26267,0.14,26.267,137.05409829824495,4044384959,2026-03-07 17:17:03.604551,07/03/26,17:17:3
26296,0.14,26.296,136.9029510191664,4044411255,2026-03-07 17:17:29.900551,07/03/26,17:17:29
25451,0.14,25.451,141.44827315233192,4044436706,2026-03-07 17:17:55.351551,07/03/26,17:17:55
25833,0.14,25.833,139.35663685983045,4044462539,2026-03-07 17:18:21.184551,07/03/26,17:18:21
25917,0.14,25.917,138.90496585252922,4044488456,2026-03-07 17:18:47.101551,07/03/26,17:18:47
25846,0.14,25.846,139.28654337228198,4044514302,2026-03-07 17:19:12.947551,07/03/26,17:19:12
29702,0.12,29.702,121.20395932933809,4044544004,2026-03-07 17:19:42.649551,07/03/26,17:19:42
27306,0.13,27.306,131.83915622940015,4044571310,2026-03-07 17:20:09.955551,07/03/26,17:20:9
25507,0.14,25.507,141.13772689849844,4044596817,2026-03-07 17:20:35.462551,07/03/26,17:20:35
19078,0.19,19.078,188.69902505503723,4044615895,2026-03-07 17:20:54.540551,07/03/26,17:20:54
1636,2.2,1.636,2200.4889975550122,4044617531,2026-03-07 17:20:56.176551,07/03/26,17:20:56
1555,2.32,1.555,2315.112540192926,4044619086,2026-03-07 17:20:57.731551,07/03/26,17:20:57
1560,2.31,1.56,2307.6923076923076,4044620646,2026-03-07 17:20:59.291551,07/03/26,17:20:59
1565,2.3,1.565,2300.3194888178914,4044622211,2026-03-07 17:21:00.856551,07/03/26,17:21:0
1570,2.29,1.57,2292.9936305732485,4044623781,2026-03-07 17:21:02.426551,07/03/26,17:21:2
1566,2.3,1.566,2298.8505747126437,4044625347,2026-03-07 17:21:03.992551,07/03/26,17:21:3
1567,2.3,1.567,2297.383535417996,4044626914,2026-03-07 17:21:05.559551,07/03/26,17:21:5
1569,2.29,1.569,2294.455066921606,4044628483,2026-03-07 17:21:07.128551,07/03/26,17:21:7
1573,2.29,1.573,2288.6204704386523,4044630056,2026-03-07 17:21:08.701551,07/03/26,17:21:8
1580,2.28,1.58,2278.481012658228,4044631636,2026-03-07 17:21:10.281551,07/03/26,17:21:10
1577,2.28,1.577,2282.81547241598,4044633213,2026-03-07 17:21:11.858551,07/03/26,17:21:11
1579,2.28,1.579,2279.9240025332488,4044634792,2026-03-07 17:21:13.437551,07/03/26,17:21:13
1573,2.29,1.573,2288.6204704386523,4044636365,2026-03-07 17:21:15.010551,07/03/26,17:21:15
1584,2.27,1.584,2272.7272727272725,4044637949,2026-03-07 17:21:16.594551,07/03/26,17:21:16
1583,2.27,1.583,2274.162981680354,4044639532,2026-03-07 17:21:18.177551,07/03/26,17:21:18
1581,2.28,1.581,2277.0398481973434,4044641113,2026-03-07 17:21:19.758551,07/03/26,17:21:19
1578,2.28,1.578,2281.3688212927755,4044642691,2026-03-07 17:21:21.336551,07/03/26,17:21:21
1584,2.27,1.584,2272.7272727272725,4044644275,2026-03-07 17:21:22.920551,07/03/26,17:21:22
1570,2.29,1.57,2292.9936305732485,4044645845,2026-03-07 17:21:24.490551,07/03/26,17:21:24
1575,2.29,1.575,2285.714285714286,4044647420,2026-03-07 17:21:26.065551,07/03/26,17:21:26
1576,2.28,1.576,2284.263959390863,4044648996,2026-03-07 17:21:27.641551,07/03/26,17:21:27
1572,2.29,1.572,2290.0763358778627,4044650568,2026-03-07 17:21:29.213551,07/03/26,17:21:29
1571,2.29,1.571,2291.5340547422024,4044652139,2026-03-07 17:21:30.784551,07/03/26,17:21:30
1580,2.28,1.58,2278.481012658228,4044653719,2026-03-07 17:21:32.364551,07/03/26,17:21:32
1577,2.28,1.577,2282.81547241598,4044655296,2026-03-07 17:21:33.941551,07/03/26,17:21:33
1576,2.28,1.576,2284.263959390863,4044656872,2026-03-07 17:21:35.517551,07/03/26,17:21:35
1581,2.28,1.581,2277.0398481973434,4044658453,2026-03-07 17:21:37.098551,07/03/26,17:21:37
1586,2.27,1.586,2269.861286254729,4044660039,2026-03-07 17:21:38.684551,07/03/26,17:21:38
1581,2.28,1.581,2277.0398481973434,4044661620,2026-03-07 17:21:40.265551,07/03/26,17:21:40
1582,2.28,1.582,2275.6005056890012,4044663202,2026-03-07 17:21:41.847551,07/03/26,17:21:41
1583,2.27,1.583,2274.162981680354,4044664785,2026-03-07 17:21:43.430551,07/03/26,17:21:43
1574,2.29,1.574,2287.166454891995,4044666359,2026-03-07 17:21:45.004551,07/03/26,17:21:45
1578,2.28,1.578,2281.3688212927755,4044667937,2026-03-07 17:21:46.582551,07/03/26,17:21:46
1577,2.28,1.577,2282.81547241598,4044669514,2026-03-07 17:21:48.159551,07/03/26,17:21:48
1567,2.3,1.567,2297.383535417996,4044671081,2026-03-07 17:21:49.726551,07/03/26,17:21:49
1567,2.3,1.567,2297.383535417996,4044672648,2026-03-07 17:21:51.293551,07/03/26,17:21:51
1568,2.3,1.568,2295.918367346939,4044674216,2026-03-07 17:21:52.861551,07/03/26,17:21:52
1568,2.3,1.568,2295.918367346939,4044675784,2026-03-07 17:21:54.429551,07/03/26,17:21:54
1586,2.27,1.586,2269.861286254729,4044677370,2026-03-07 17:21:56.015551,07/03/26,17:21:56
1588,2.27,1.588,2267.0025188916875,4044678958,2026-03-07 17:21:57.603551,07/03/26,17:21:57
1586,2.27,1.586,2269.861286254729,4044680544,2026-03-07 17:21:59.189551,07/03/26,17:21:59
1581,2.28,1.581,2277.0398481973434,4044682125,2026-03-07 17:22:00.770551,07/03/26,17:22:0
1582,2.28,1.582,2275.6005056890012,4044683707,2026-03-07 17:22:02.352551,07/03/26,17:22:2
1579,2.28,1.579,2279.9240025332488,4044685286,2026-03-07 17:22:03.931551,07/03/26,17:22:3
1580,2.28,1.58,2278.481012658228,4044686866,2026-03-07 17:22:05.511551,07/03/26,17:22:5
1578,2.28,1.578,2281.3688212927755,4044688444,2026-03-07 17:22:07.089551,07/03/26,17:22:7
1581,2.28,1.581,2277.0398481973434,4044690025,2026-03-07 17:22:08.670551,07/03/26,17:22:8
1580,2.28,1.58,2278.481012658228,4044691605,2026-03-07 17:22:10.250551,07/03/26,17:22:10
1580,2.28,1.58,2278.481012658228,4044693185,2026-03-07 17:22:11.830551,07/03/26,17:22:11
1581,2.28,1.581,2277.0398481973434,4044694766,2026-03-07 17:22:13.411551,07/03/26,17:22:13
1575,2.29,1.575,2285.714285714286,4044696341,2026-03-07 17:22:14.986551,07/03/26,17:22:14
4615,0.78,4.615,780.0650054171181,4044700956,2026-03-07 17:22:19.601551,07/03/26,17:22:19
24821,0.14,24.821,145.0384754844688,4044725777,2026-03-07 17:22:44.422551,07/03/26,17:22:44
24946,0.14,24.946,144.31171330072956,4044750723,2026-03-07 17:23:09.368551,07/03/26,17:23:9
25233,0.14,25.233,142.67031268576864,4044775956,2026-03-07 17:23:34.601551,07/03/26,17:23:34
25281,0.14,25.281,142.3994304022784,4044801237,2026-03-07 17:23:59.882551,07/03/26,17:23:59
26027,0.14,26.027,138.31790064164136,4044827264,2026-03-07 17:24:25.909551,07/03/26,17:24:25
25941,0.14,25.941,138.7764542615936,4044853205,2026-03-07 17:24:51.850551,07/03/26,17:24:51
25798,0.14,25.798,139.5457012171486,4044879003,2026-03-07 17:25:17.648551,07/03/26,17:25:17
26079,0.14,26.079,138.0421028413666,4044905082,2026-03-07 17:25:43.727551,07/03/26,17:25:43
25912,0.14,25.912,138.9317690645261,4044930994,2026-03-07 17:26:09.639551,07/03/26,17:26:9
26833,0.13,26.833,134.16315730630194,4044957827,2026-03-07 17:26:36.472551,07/03/26,17:26:36
26549,0.14,26.549,135.598327620626,4044984376,2026-03-07 17:27:03.021551,07/03/26,17:27:3
25851,0.14,25.851,139.25960311013114,4045010227,2026-03-07 17:27:28.872551,07/03/26,17:27:28
26088,0.14,26.088,137.99448022079116,4045036315,2026-03-07 17:27:54.960551,07/03/26,17:27:54
25743,0.14,25.743,139.84384104416733,4045062058,2026-03-07 17:28:20.703551,07/03/26,17:28:20
25723,0.14,25.723,139.95257162850368,4045087781,2026-03-07 17:28:46.426551,07/03/26,17:28:46
25172,0.14,25.172,143.0160495788972,4045112953,2026-03-07 17:29:11.598551,07/03/26,17:29:11
25462,0.14,25.462,141.38716518733798,4045138415,2026-03-07 17:29:37.060551,07/03/26,17:29:37
15433,0.23,15.433,233.26637724356897,4045153848,2026-03-07 17:29:52.493551,07/03/26,17:29:52
16580,0.22,16.58,217.12907117008444,4045170428,2026-03-07 17:30:09.073551,07/03/26,17:30:9
16971,0.21,16.971,212.12656885274882,4045187399,2026-03-07 17:30:26.044551,07/03/26,17:30:26
17006,0.21,17.006,211.68999176761142,4045204405,2026-03-07 17:30:43.050551,07/03/26,17:30:43
16527,0.22,16.527,217.82537665638046,4045220932,2026-03-07 17:30:59.577551,07/03/26,17:30:59
16659,0.22,16.659,216.09940572663425,4045237591,2026-03-07 17:31:16.236551,07/03/26,17:31:16
16612,0.22,16.612,216.71081146159403,4045254203,2026-03-07 17:31:32.848551,07/03/26,17:31:32
16859,0.21,16.859,213.53579690373095,4045271062,2026-03-07 17:31:49.707551,07/03/26,17:31:49
17009,0.21,17.009,211.65265447704158,4045288071,2026-03-07 17:32:06.716551,07/03/26,17:32:6
17128,0.21,17.128,210.18215787015413,4045305199,2026-03-07 17:32:23.844551,07/03/26,17:32:23
17080,0.21,17.08,210.7728337236534,4045322279,2026-03-07 17:32:40.924551,07/03/26,17:32:40
17255,0.21,17.255,208.63517820921473,4045339534,2026-03-07 17:32:58.179551,07/03/26,17:32:58
17204,0.21,17.204,209.25366193908394,4045356738,2026-03-07 17:33:15.383551,07/03/26,17:33:15
17279,0.21,17.279,208.34539035823832,4045374017,2026-03-07 17:33:32.662551,07/03/26,17:33:32
17561,0.2,17.561,204.99971527817323,4045391578,2026-03-07 17:33:50.223551,07/03/26,17:33:50
17308,0.21,17.308,207.99630228795934,4045408886,2026-03-07 17:34:07.531551,07/03/26,17:34:7
17086,0.21,17.086,210.69881774552266,4045425972,2026-03-07 17:34:24.617551,07/03/26,17:34:24
17141,0.21,17.141,210.02275246485036,4045443113,2026-03-07 17:34:41.758551,07/03/26,17:34:41
17212,0.21,17.212,209.15640250987684,4045460325,2026-03-07 17:34:58.970551,07/03/26,17:34:58
17135,0.21,17.135,210.09629413481179,4045477460,2026-03-07 17:35:16.105551,07/03/26,17:35:16
17507,0.2,17.507,205.63203290112526,4045494967,2026-03-07 17:35:33.612551,07/03/26,17:35:33
17328,0.21,17.328,207.7562326869806,4045512295,2026-03-07 17:35:50.940551,07/03/26,17:35:50
17155,0.21,17.155,209.8513552900029,4045529450,2026-03-07 17:36:08.095551,07/03/26,17:36:8
17200,0.21,17.2,209.30232558139534,4045546650,2026-03-07 17:36:25.295551,07/03/26,17:36:25
17365,0.21,17.365,207.31356176216528,4045564015,2026-03-07 17:36:42.660551,07/03/26,17:36:42
17383,0.21,17.383,207.09888971984122,4045581398,2026-03-07 17:37:00.043551,07/03/26,17:37:0
18975,0.19,18.975,189.72332015810278,4045600373,2026-03-07 17:37:19.018551,07/03/26,17:37:19
25724,0.14,25.724,139.9471310838128,4045626097,2026-03-07 17:37:44.742551,07/03/26,17:37:44
25502,0.14,25.502,141.16539879225158,4045651599,2026-03-07 17:38:10.244551,07/03/26,17:38:10
25372,0.14,25.372,141.88869620053603,4045676971,2026-03-07 17:38:35.616551,07/03/26,17:38:35
25265,0.14,25.265,142.4896101325945,4045702236,2026-03-07 17:39:00.881551,07/03/26,17:39:0
26238,0.14,26.238,137.2055796935742,4045728474,2026-03-07 17:39:27.119551,07/03/26,17:39:27
25939,0.14,25.939,138.78715447781335,4045754413,2026-03-07 17:39:53.058551,07/03/26,17:39:53
25857,0.14,25.857,139.22728854855552,4045780270,2026-03-07 17:40:18.915551,07/03/26,17:40:18
25930,0.14,25.93,138.83532587736212,4045806200,2026-03-07 17:40:44.845551,07/03/26,17:40:44
25890,0.14,25.89,139.04982618771726,4045832090,2026-03-07 17:41:10.735551,07/03/26,17:41:10
25890,0.14,25.89,139.04982618771726,4045857980,2026-03-07 17:41:36.625551,07/03/26,17:41:36
25755,0.14,25.755,139.77868375072802,4045883735,2026-03-07 17:42:02.380551,07/03/26,17:42:2
26745,0.13,26.745,134.60459899046552,4045910480,2026-03-07 17:42:29.125551,07/03/26,17:42:29
26675,0.13,26.675,134.95782567947518,4045937155,2026-03-07 17:42:55.800551,07/03/26,17:42:55
26924,0.13,26.924,133.70970138166692,4045964079,2026-03-07 17:43:22.724551,07/03/26,17:43:22
27048,0.13,27.048,133.09671694764862,4045991127,2026-03-07 17:43:49.772551,07/03/26,17:43:49
26846,0.13,26.846,134.0981896744394,4046017973,2026-03-07 17:44:16.618551,07/03/26,17:44:16
27227,0.13,27.227,132.22169170308885,4046045200,2026-03-07 17:44:43.845551,07/03/26,17:44:43
26685,0.13,26.685,134.90725126475547,4046071885,2026-03-07 17:45:10.530551,07/03/26,17:45:10
26869,0.13,26.869,133.98340094532733,4046098754,2026-03-07 17:45:37.399551,07/03/26,17:45:37
26514,0.14,26.514,135.77732518669382,4046125268,2026-03-07 17:46:03.913551,07/03/26,17:46:3
26221,0.14,26.221,137.29453491476298,4046151489,2026-03-07 17:46:30.134551,07/03/26,17:46:30
26636,0.14,26.636,135.1554287430545,4046178125,2026-03-07 17:46:56.770551,07/03/26,17:46:56
26892,0.13,26.892,133.86880856760374,4046205017,2026-03-07 17:47:23.662551,07/03/26,17:47:23
27404,0.13,27.404,131.36768354984673,4046232421,2026-03-07 17:47:51.066551,07/03/26,17:47:51
27332,0.13,27.332,131.71374213376262,4046259753,2026-03-07 17:48:18.398551,07/03/26,17:48:18
27674,0.13,27.674,130.08600130086,4046287427,2026-03-07 17:48:46.072551,07/03/26,17:48:46
27494,0.13,27.494,130.93765912562742,4046314921,2026-03-07 17:49:13.566551,07/03/26,17:49:13
28056,0.13,28.056,128.3147989734816,4046342977,2026-03-07 17:49:41.622551,07/03/26,17:49:41
27588,0.13,27.588,130.49151805132666,4046370565,2026-03-07 17:50:09.210551,07/03/26,17:50:9
28050,0.13,28.05,128.3422459893048,4046398615,2026-03-07 17:50:37.260551,07/03/26,17:50:37
27669,0.13,27.669,130.10950883660414,4046426284,2026-03-07 17:51:04.929551,07/03/26,17:51:4
27491,0.13,27.491,130.95194791022516,4046453775,2026-03-07 17:51:32.420551,07/03/26,17:51:32
26823,0.13,26.823,134.213175260038,4046480598,2026-03-07 17:51:59.243551,07/03/26,17:51:59
27949,0.13,27.949,128.8060395720777,4046508547,2026-03-07 17:52:27.192551,07/03/26,17:52:27
27276,0.13,27.276,131.98416190057193,4046535823,2026-03-07 17:52:54.468551,07/03/26,17:52:54
27814,0.13,27.814,129.43122168692025,4046563637,2026-03-07 17:53:22.282551,07/03/26,17:53:22
27799,0.13,27.799,129.5010611892514,4046591436,2026-03-07 17:53:50.081551,07/03/26,17:53:50
27688,0.13,27.688,130.02022536839064,4046619124,2026-03-07 17:54:17.769551,07/03/26,17:54:17
28069,0.13,28.069,128.2553706936478,4046647193,2026-03-07 17:54:45.838551,07/03/26,17:54:45
27905,0.13,27.905,129.00913814728543,4046675098,2026-03-07 17:55:13.743551,07/03/26,17:55:13
27894,0.13,27.894,129.0600129060013,4046702992,2026-03-07 17:55:41.637551,07/03/26,17:55:41
27619,0.13,27.619,130.34505231905572,4046730611,2026-03-07 17:56:09.256551,07/03/26,17:56:9
28515,0.13,28.515,126.2493424513414,4046759126,2026-03-07 17:56:37.771551,07/03/26,17:56:37
29152,0.12,29.152,123.49066959385291,4046788278,2026-03-07 17:57:06.923551,07/03/26,17:57:6
27737,0.13,27.737,129.7905325017125,4046816015,2026-03-07 17:57:34.660551,07/03/26,17:57:34
28041,0.13,28.041,128.3834385364288,4046844056,2026-03-07 17:58:02.701551,07/03/26,17:58:2
27357,0.13,27.357,131.59337646671784,4046871413,2026-03-07 17:58:30.058551,07/03/26,17:58:30
26596,0.14,26.596,135.35870055647464,4046898009,2026-03-07 17:58:56.654551,07/03/26,17:58:56
26295,0.14,26.295,136.90815744438106,4046924304,2026-03-07 17:59:22.949551,07/03/26,17:59:22
26153,0.14,26.153,137.65151225480824,4046950457,2026-03-07 17:59:49.102551,07/03/26,17:59:49
26686,0.13,26.686,134.90219590796673,4046977143,2026-03-07 18:00:15.788551,07/03/26,18:0:15
27167,0.13,27.167,132.5137114882026,4047004310,2026-03-07 18:00:42.955551,07/03/26,18:0:42
27455,0.13,27.455,131.1236568930978,4047031765,2026-03-07 18:01:10.410551,07/03/26,18:1:10
26835,0.13,26.835,134.15315818893237,4047058600,2026-03-07 18:01:37.245551,07/03/26,18:1:37
26500,0.14,26.5,135.8490566037736,4047085100,2026-03-07 18:02:03.745551,07/03/26,18:2:3
27202,0.13,27.202,132.34321005808397,4047112302,2026-03-07 18:02:30.947551,07/03/26,18:2:30
26812,0.13,26.812,134.26823810234222,4047139114,2026-03-07 18:02:57.759551,07/03/26,18:2:57
27107,0.13,27.107,132.80702401593683,4047166221,2026-03-07 18:03:24.866551,07/03/26,18:3:24
26971,0.13,26.971,133.47669719328167,4047193192,2026-03-07 18:03:51.837551,07/03/26,18:3:51
27510,0.13,27.51,130.86150490730643,4047220702,2026-03-07 18:04:19.347551,07/03/26,18:4:19
27774,0.13,27.774,129.61762799740765,4047248476,2026-03-07 18:04:47.121551,07/03/26,18:4:47
27359,0.13,27.359,131.58375671625424,4047275835,2026-03-07 18:05:14.480551,07/03/26,18:5:14
27776,0.13,27.776,129.6082949308756,4047303611,2026-03-07 18:05:42.256551,07/03/26,18:5:42
27411,0.13,27.411,131.33413593083068,4047331022,2026-03-07 18:06:09.667551,07/03/26,18:6:9
26547,0.14,26.547,135.6085433382303,4047357569,2026-03-07 18:06:36.214551,07/03/26,18:6:36
26983,0.13,26.983,133.41733684171516,4047384552,2026-03-07 18:07:03.197551,07/03/26,18:7:3
27136,0.13,27.136,132.66509433962264,4047411688,2026-03-07 18:07:30.333551,07/03/26,18:7:30
26729,0.13,26.729,134.68517340716076,4047438417,2026-03-07 18:07:57.062551,07/03/26,18:7:57
27235,0.13,27.235,132.1828529465761,4047465652,2026-03-07 18:08:24.297551,07/03/26,18:8:24
27578,0.13,27.578,130.5388353035028,4047493230,2026-03-07 18:08:51.875551,07/03/26,18:8:51
27308,0.13,27.308,131.82950051267028,4047520538,2026-03-07 18:09:19.183551,07/03/26,18:9:19
28311,0.13,28.311,127.15905478435944,4047548849,2026-03-07 18:09:47.494551,07/03/26,18:9:47
26435,0.14,26.435,136.1830905995839,4047575284,2026-03-07 18:10:13.929551,07/03/26,18:10:13
26782,0.13,26.782,134.41863938466133,4047602066,2026-03-07 18:10:40.711551,07/03/26,18:10:40
27223,0.13,27.223,132.24111964147963,4047629289,2026-03-07 18:11:07.934551,07/03/26,18:11:7
27549,0.13,27.549,130.67624959163672,4047656838,2026-03-07 18:11:35.483551,07/03/26,18:11:35
27593,0.13,27.593,130.46787228644945,4047684431,2026-03-07 18:12:03.076551,07/03/26,18:12:3
27329,0.13,27.329,131.7282008123239,4047711760,2026-03-07 18:12:30.405551,07/03/26,18:12:30
28011,0.13,28.011,128.52093820284887,4047739771,2026-03-07 18:12:58.416551,07/03/26,18:12:58
27388,0.13,27.388,131.44442821673726,4047767159,2026-03-07 18:13:25.804551,07/03/26,18:13:25
27546,0.13,27.546,130.6904813766064,4047794705,2026-03-07 18:13:53.350551,07/03/26,18:13:53
27981,0.13,27.981,128.6587327114828,4047822686,2026-03-07 18:14:21.331551,07/03/26,18:14:21
28394,0.13,28.394,126.78734944002254,4047851080,2026-03-07 18:14:49.725551,07/03/26,18:14:49
27755,0.13,27.755,129.70635921455593,4047878835,2026-03-07 18:15:17.480551,07/03/26,18:15:17
28431,0.13,28.431,126.62234884457106,4047907266,2026-03-07 18:15:45.911551,07/03/26,18:15:45
27978,0.13,27.978,128.67252841518336,4047935244,2026-03-07 18:16:13.889551,07/03/26,18:16:13
27324,0.13,27.324,131.75230566534916,4047962568,2026-03-07 18:16:41.213551,07/03/26,18:16:41
27628,0.13,27.628,130.30259157376574,4047990196,2026-03-07 18:17:08.841551,07/03/26,18:17:8
28036,0.13,28.036,128.4063347125125,4048018232,2026-03-07 18:17:36.877551,07/03/26,18:17:36
27498,0.13,27.498,130.91861226271,4048045730,2026-03-07 18:18:04.375551,07/03/26,18:18:4
27317,0.13,27.317,131.7860672841088,4048073047,2026-03-07 18:18:31.692551,07/03/26,18:18:31
26857,0.13,26.857,134.0432661875861,4048099904,2026-03-07 18:18:58.549551,07/03/26,18:18:58
27128,0.13,27.128,132.70421704511944,4048127032,2026-03-07 18:19:25.677551,07/03/26,18:19:25
26766,0.13,26.766,134.49899125756556,4048153798,2026-03-07 18:19:52.443551,07/03/26,18:19:52
26139,0.14,26.139,137.72523814989097,4048179937,2026-03-07 18:20:18.582551,07/03/26,18:20:18
27366,0.13,27.366,131.550098662574,4048207303,2026-03-07 18:20:45.948551,07/03/26,18:20:45
26646,0.14,26.646,135.10470614726412,4048233949,2026-03-07 18:21:12.594551,07/03/26,18:21:12
26285,0.14,26.285,136.9602434848773,4048260234,2026-03-07 18:21:38.879551,07/03/26,18:21:38
26351,0.14,26.351,136.61720617813367,4048286585,2026-03-07 18:22:05.230551,07/03/26,18:22:5
26444,0.14,26.444,136.13674179397972,4048313029,2026-03-07 18:22:31.674551,07/03/26,18:22:31
26842,0.13,26.842,134.11817301244318,4048339871,2026-03-07 18:22:58.516551,07/03/26,18:22:58
12057,0.3,12.057,298.5817367504354,4048351928,2026-03-07 18:23:10.573551,07/03/26,18:23:10
1436,2.51,1.436,2506.963788300836,4048353364,2026-03-07 18:23:12.009551,07/03/26,18:23:12
1435,2.51,1.435,2508.710801393728,4048354799,2026-03-07 18:23:13.444551,07/03/26,18:23:13
1444,2.49,1.444,2493.074792243767,4048356243,2026-03-07 18:23:14.888551,07/03/26,18:23:14
1444,2.49,1.444,2493.074792243767,4048357687,2026-03-07 18:23:16.332551,07/03/26,18:23:16
1447,2.49,1.447,2487.90601243953,4048359134,2026-03-07 18:23:17.779551,07/03/26,18:23:17
1453,2.48,1.453,2477.632484514797,4048360587,2026-03-07 18:23:19.232551,07/03/26,18:23:19
1459,2.47,1.459,2467.443454420836,4048362046,2026-03-07 18:23:20.691551,07/03/26,18:23:20
1463,2.46,1.463,2460.6971975393026,4048363509,2026-03-07 18:23:22.154551,07/03/26,18:23:22
1458,2.47,1.458,2469.135802469136,4048364967,2026-03-07 18:23:23.612551,07/03/26,18:23:23
1465,2.46,1.465,2457.3378839590446,4048366432,2026-03-07 18:23:25.077551,07/03/26,18:23:25
1466,2.45,1.466,2455.661664392906,4048367898,2026-03-07 18:23:26.543551,07/03/26,18:23:26
1466,2.45,1.466,2455.661664392906,4048369364,2026-03-07 18:23:28.009551,07/03/26,18:23:28
1469,2.45,1.469,2450.646698434309,4048370833,2026-03-07 18:23:29.478551,07/03/26,18:23:29
1467,2.45,1.467,2453.98773006135,4048372300,2026-03-07 18:23:30.945551,07/03/26,18:23:30
1471,2.45,1.471,2447.3147518694764,4048373771,2026-03-07 18:23:32.416551,07/03/26,18:23:32
1469,2.45,1.469,2450.646698434309,4048375240,2026-03-07 18:23:33.885551,07/03/26,18:23:33
1475,2.44,1.475,2440.677966101695,4048376715,2026-03-07 18:23:35.360551,07/03/26,18:23:35
1473,2.44,1.473,2443.9918533604887,4048378188,2026-03-07 18:23:36.833551,07/03/26,18:23:36
1473,2.44,1.473,2443.9918533604887,4048379661,2026-03-07 18:23:38.306551,07/03/26,18:23:38
1474,2.44,1.474,2442.3337856173675,4048381135,2026-03-07 18:23:39.780551,07/03/26,18:23:39
1473,2.44,1.473,2443.9918533604887,4048382608,2026-03-07 18:23:41.253551,07/03/26,18:23:41
1477,2.44,1.477,2437.3730534867977,4048384085,2026-03-07 18:23:42.730551,07/03/26,18:23:42
1472,2.44,1.472,2445.6521739130435,4048385557,2026-03-07 18:23:44.202551,07/03/26,18:23:44
1473,2.44,1.473,2443.9918533604887,4048387030,2026-03-07 18:23:45.675551,07/03/26,18:23:45
1475,2.44,1.475,2440.677966101695,4048388505,2026-03-07 18:23:47.150551,07/03/26,18:23:47
1476,2.44,1.476,2439.0243902439024,4048389981,2026-03-07 18:23:48.626551,07/03/26,18:23:48
1478,2.43,1.478,2435.723951285521,4048391459,2026-03-07 18:23:50.104551,07/03/26,18:23:50
1479,2.43,1.479,2434.077079107505,4048392938,2026-03-07 18:23:51.583551,07/03/26,18:23:51
1479,2.43,1.479,2434.077079107505,4048394417,2026-03-07 18:23:53.062551,07/03/26,18:23:53
1486,2.42,1.486,2422.6110363391654,4048395903,2026-03-07 18:23:54.548551,07/03/26,18:23:54
1484,2.42,1.484,2425.876010781671,4048397387,2026-03-07 18:23:56.032551,07/03/26,18:23:56
1485,2.42,1.485,2424.242424242424,4048398872,2026-03-07 18:23:57.517551,07/03/26,18:23:57
1490,2.42,1.49,2416.1073825503354,4048400362,2026-03-07 18:23:59.007551,07/03/26,18:23:59
1492,2.41,1.492,2412.868632707775,4048401854,2026-03-07 18:24:00.499551,07/03/26,18:24:0
1494,2.41,1.494,2409.6385542168673,4048403348,2026-03-07 18:24:01.993551,07/03/26,18:24:1
1489,2.42,1.489,2417.73002014775,4048404837,2026-03-07 18:24:03.482551,07/03/26,18:24:3
1500,2.4,1.5,2400.0,4048406337,2026-03-07 18:24:04.982551,07/03/26,18:24:4
1497,2.4,1.497,2404.809619238477,4048407834,2026-03-07 18:24:06.479551,07/03/26,18:24:6
1500,2.4,1.5,2400.0,4048409334,2026-03-07 18:24:07.979551,07/03/26,18:24:7
1498,2.4,1.498,2403.2042723631507,4048410832,2026-03-07 18:24:09.477551,07/03/26,18:24:9
1498,2.4,1.498,2403.2042723631507,4048412330,2026-03-07 18:24:10.975551,07/03/26,18:24:10
1504,2.39,1.504,2393.6170212765956,4048413834,2026-03-07 18:24:12.479551,07/03/26,18:24:12
1496,2.41,1.496,2406.4171122994653,4048415330,2026-03-07 18:24:13.975551,07/03/26,18:24:13
1505,2.39,1.505,2392.0265780730897,4048416835,2026-03-07 18:24:15.480551,07/03/26,18:24:15
1503,2.39,1.503,2395.2095808383233,4048418338,2026-03-07 18:24:16.983551,07/03/26,18:24:16
1501,2.4,1.501,2398.4010659560295,4048419839,2026-03-07 18:24:18.484551,07/03/26,18:24:18
1500,2.4,1.5,2400.0,4048421339,2026-03-07 18:24:19.984551,07/03/26,18:24:19
1497,2.4,1.497,2404.809619238477,4048422836,2026-03-07 18:24:21.481551,07/03/26,18:24:21
1497,2.4,1.497,2404.809619238477,4048424333,2026-03-07 18:24:22.978551,07/03/26,18:24:22
1500,2.4,1.5,2400.0,4048425833,2026-03-07 18:24:24.478551,07/03/26,18:24:24
1500,2.4,1.5,2400.0,4048427333,2026-03-07 18:24:25.978551,07/03/26,18:24:25
1499,2.4,1.499,2401.601067378252,4048428832,2026-03-07 18:24:27.477551,07/03/26,18:24:27
1497,2.4,1.497,2404.809619238477,4048430329,2026-03-07 18:24:28.974551,07/03/26,18:24:28
1493,2.41,1.493,2411.2525117213663,4048431822,2026-03-07 18:24:30.467551,07/03/26,18:24:30
1494,2.41,1.494,2409.6385542168673,4048433316,2026-03-07 18:24:31.961551,07/03/26,18:24:31
1490,2.42,1.49,2416.1073825503354,4048434806,2026-03-07 18:24:33.451551,07/03/26,18:24:33
1496,2.41,1.496,2406.4171122994653,4048436302,2026-03-07 18:24:34.947551,07/03/26,18:24:34
1491,2.41,1.491,2414.486921529175,4048437793,2026-03-07 18:24:36.438551,07/03/26,18:24:36
1495,2.41,1.495,2408.0267558528426,4048439288,2026-03-07 18:24:37.933551,07/03/26,18:24:37
1493,2.41,1.493,2411.2525117213663,4048440781,2026-03-07 18:24:39.426551,07/03/26,18:24:39
1495,2.41,1.495,2408.0267558528426,4048442276,2026-03-07 18:24:40.921551,07/03/26,18:24:40
1498,2.4,1.498,2403.2042723631507,4048443774,2026-03-07 18:24:42.419551,07/03/26,18:24:42
1487,2.42,1.487,2420.9818426361803,4048445261,2026-03-07 18:24:43.906551,07/03/26,18:24:43
1452,2.48,1.452,2479.3388429752067,4048446713,2026-03-07 18:24:45.358551,07/03/26,18:24:45
1231,2.92,1.231,2924.451665312754,4048447944,2026-03-07 18:24:46.589551,07/03/26,18:24:46
1445,2.49,1.445,2491.349480968858,4048449389,2026-03-07 18:24:48.034551,07/03/26,18:24:48
1444,2.49,1.444,2493.074792243767,4048450833,2026-03-07 18:24:49.478551,07/03/26,18:24:49
1445,2.49,1.445,2491.349480968858,4048452278,2026-03-07 18:24:50.923551,07/03/26,18:24:50
1448,2.49,1.448,2486.1878453038676,4048453726,2026-03-07 18:24:52.371551,07/03/26,18:24:52
1442,2.5,1.442,2496.5325936199724,4048455168,2026-03-07 18:24:53.813551,07/03/26,18:24:53
1451,2.48,1.451,2481.0475534114403,4048456619,2026-03-07 18:24:55.264551,07/03/26,18:24:55
1444,2.49,1.444,2493.074792243767,4048458063,2026-03-07 18:24:56.708551,07/03/26,18:24:56
1447,2.49,1.447,2487.90601243953,4048459510,2026-03-07 18:24:58.155551,07/03/26,18:24:58
1449,2.48,1.449,2484.472049689441,4048460959,2026-03-07 18:24:59.604551,07/03/26,18:24:59
1445,2.49,1.445,2491.349480968858,4048462404,2026-03-07 18:25:01.049551,07/03/26,18:25:1
1447,2.49,1.447,2487.90601243953,4048463851,2026-03-07 18:25:02.496551,07/03/26,18:25:2
1443,2.49,1.443,2494.802494802495,4048465294,2026-03-07 18:25:03.939551,07/03/26,18:25:3
1448,2.49,1.448,2486.1878453038676,4048466742,2026-03-07 18:25:05.387551,07/03/26,18:25:5
1440,2.5,1.44,2500.0,4048468182,2026-03-07 18:25:06.827551,07/03/26,18:25:6
1444,2.49,1.444,2493.074792243767,4048469626,2026-03-07 18:25:08.271551,07/03/26,18:25:8
1449,2.48,1.449,2484.472049689441,4048471075,2026-03-07 18:25:09.720551,07/03/26,18:25:9
1448,2.49,1.448,2486.1878453038676,4048472523,2026-03-07 18:25:11.168551,07/03/26,18:25:11
1448,2.49,1.448,2486.1878453038676,4048473971,2026-03-07 18:25:12.616551,07/03/26,18:25:12
1442,2.5,1.442,2496.5325936199724,4048475413,2026-03-07 18:25:14.058551,07/03/26,18:25:14
1447,2.49,1.447,2487.90601243953,4048476860,2026-03-07 18:25:15.505551,07/03/26,18:25:15
1442,2.5,1.442,2496.5325936199724,4048478302,2026-03-07 18:25:16.947551,07/03/26,18:25:16
1448,2.49,1.448,2486.1878453038676,4048479750,2026-03-07 18:25:18.395551,07/03/26,18:25:18
1449,2.48,1.449,2484.472049689441,4048481199,2026-03-07 18:25:19.844551,07/03/26,18:25:19
1447,2.49,1.447,2487.90601243953,4048482646,2026-03-07 18:25:21.291551,07/03/26,18:25:21
1444,2.49,1.444,2493.074792243767,4048484090,2026-03-07 18:25:22.735551,07/03/26,18:25:22
1444,2.49,1.444,2493.074792243767,4048485534,2026-03-07 18:25:24.179551,07/03/26,18:25:24
1446,2.49,1.446,2489.6265560165975,4048486980,2026-03-07 18:25:25.625551,07/03/26,18:25:25
1442,2.5,1.442,2496.5325936199724,4048488422,2026-03-07 18:25:27.067551,07/03/26,18:25:27
1441,2.5,1.441,2498.265093684941,4048489863,2026-03-07 18:25:28.508551,07/03/26,18:25:28
1445,2.49,1.445,2491.349480968858,4048491308,2026-03-07 18:25:29.953551,07/03/26,18:25:29
1447,2.49,1.447,2487.90601243953,4048492755,2026-03-07 18:25:31.400551,07/03/26,18:25:31
1447,2.49,1.447,2487.90601243953,4048494202,2026-03-07 18:25:32.847551,07/03/26,18:25:32
1446,2.49,1.446,2489.6265560165975,4048495648,2026-03-07 18:25:34.293551,07/03/26,18:25:34
1449,2.48,1.449,2484.472049689441,4048497097,2026-03-07 18:25:35.742551,07/03/26,18:25:35
1443,2.49,1.443,2494.802494802495,4048498540,2026-03-07 18:25:37.185551,07/03/26,18:25:37
1442,2.5,1.442,2496.5325936199724,4048499982,2026-03-07 18:25:38.627551,07/03/26,18:25:38
1445,2.49,1.445,2491.349480968858,4048501427,2026-03-07 18:25:40.072551,07/03/26,18:25:40
1448,2.49,1.448,2486.1878453038676,4048502875,2026-03-07 18:25:41.520551,07/03/26,18:25:41
1444,2.49,1.444,2493.074792243767,4048504319,2026-03-07 18:25:42.964551,07/03/26,18:25:42
1447,2.49,1.447,2487.90601243953,4048505766,2026-03-07 18:25:44.411551,07/03/26,18:25:44
1444,2.49,1.444,2493.074792243767,4048507210,2026-03-07 18:25:45.855551,07/03/26,18:25:45
1446,2.49,1.446,2489.6265560165975,4048508656,2026-03-07 18:25:47.301551,07/03/26,18:25:47
1441,2.5,1.441,2498.265093684941,4048510097,2026-03-07 18:25:48.742551,07/03/26,18:25:48
1446,2.49,1.446,2489.6265560165975,4048511543,2026-03-07 18:25:50.188551,07/03/26,18:25:50
1444,2.49,1.444,2493.074792243767,4048512987,2026-03-07 18:25:51.632551,07/03/26,18:25:51
1439,2.5,1.439,2501.7373175816538,4048514426,2026-03-07 18:25:53.071551,07/03/26,18:25:53
1443,2.49,1.443,2494.802494802495,4048515869,2026-03-07 18:25:54.514551,07/03/26,18:25:54
1440,2.5,1.44,2500.0,4048517309,2026-03-07 18:25:55.954551,07/03/26,18:25:55
1443,2.49,1.443,2494.802494802495,4048518752,2026-03-07 18:25:57.397551,07/03/26,18:25:57
1440,2.5,1.44,2500.0,4048520192,2026-03-07 18:25:58.837551,07/03/26,18:25:58
1441,2.5,1.441,2498.265093684941,4048521633,2026-03-07 18:26:00.278551,07/03/26,18:26:0
1444,2.49,1.444,2493.074792243767,4048523077,2026-03-07 18:26:01.722551,07/03/26,18:26:1
1437,2.51,1.437,2505.2192066805846,4048524514,2026-03-07 18:26:03.159551,07/03/26,18:26:3
1444,2.49,1.444,2493.074792243767,4048525958,2026-03-07 18:26:04.603551,07/03/26,18:26:4
1442,2.5,1.442,2496.5325936199724,4048527400,2026-03-07 18:26:06.045551,07/03/26,18:26:6
1442,2.5,1.442,2496.5325936199724,4048528842,2026-03-07 18:26:07.487551,07/03/26,18:26:7
1439,2.5,1.439,2501.7373175816538,4048530281,2026-03-07 18:26:08.926551,07/03/26,18:26:8
1439,2.5,1.439,2501.7373175816538,4048531720,2026-03-07 18:26:10.365551,07/03/26,18:26:10
1443,2.49,1.443,2494.802494802495,4048533163,2026-03-07 18:26:11.808551,07/03/26,18:26:11
1435,2.51,1.435,2508.710801393728,4048534598,2026-03-07 18:26:13.243551,07/03/26,18:26:13
1444,2.49,1.444,2493.074792243767,4048536042,2026-03-07 18:26:14.687551,07/03/26,18:26:14
1438,2.5,1.438,2503.4770514603615,4048537480,2026-03-07 18:26:16.125551,07/03/26,18:26:16
1439,2.5,1.439,2501.7373175816538,4048538919,2026-03-07 18:26:17.564551,07/03/26,18:26:17
1438,2.5,1.438,2503.4770514603615,4048540357,2026-03-07 18:26:19.002551,07/03/26,18:26:19
1439,2.5,1.439,2501.7373175816538,4048541796,2026-03-07 18:26:20.441551,07/03/26,18:26:20
1445,2.49,1.445,2491.349480968858,4048543241,2026-03-07 18:26:21.886551,07/03/26,18:26:21
1438,2.5,1.438,2503.4770514603615,4048544679,2026-03-07 18:26:23.324551,07/03/26,18:26:23
1440,2.5,1.44,2500.0,4048546119,2026-03-07 18:26:24.764551,07/03/26,18:26:24
1442,2.5,1.442,2496.5325936199724,4048547561,2026-03-07 18:26:26.206551,07/03/26,18:26:26
1441,2.5,1.441,2498.265093684941,4048549002,2026-03-07 18:26:27.647551,07/03/26,18:26:27
1443,2.49,1.443,2494.802494802495,4048550445,2026-03-07 18:26:29.090551,07/03/26,18:26:29
1440,2.5,1.44,2500.0,4048551885,2026-03-07 18:26:30.530551,07/03/26,18:26:30
1444,2.49,1.444,2493.074792243767,4048553329,2026-03-07 18:26:31.974551,07/03/26,18:26:31
1438,2.5,1.438,2503.4770514603615,4048554767,2026-03-07 18:26:33.412551,07/03/26,18:26:33
1445,2.49,1.445,2491.349480968858,4048556212,2026-03-07 18:26:34.857551,07/03/26,18:26:34
1439,2.5,1.439,2501.7373175816538,4048557651,2026-03-07 18:26:36.296551,07/03/26,18:26:36
1446,2.49,1.446,2489.6265560165975,4048559097,2026-03-07 18:26:37.742551,07/03/26,18:26:37
1444,2.49,1.444,2493.074792243767,4048560541,2026-03-07 18:26:39.186551,07/03/26,18:26:39
1439,2.5,1.439,2501.7373175816538,4048561980,2026-03-07 18:26:40.625551,07/03/26,18:26:40
1446,2.49,1.446,2489.6265560165975,4048563426,2026-03-07 18:26:42.071551,07/03/26,18:26:42
1440,2.5,1.44,2500.0,4048564866,2026-03-07 18:26:43.511551,07/03/26,18:26:43
1444,2.49,1.444,2493.074792243767,4048566310,2026-03-07 18:26:44.955551,07/03/26,18:26:44
1439,2.5,1.439,2501.7373175816538,4048567749,2026-03-07 18:26:46.394551,07/03/26,18:26:46
1443,2.49,1.443,2494.802494802495,4048569192,2026-03-07 18:26:47.837551,07/03/26,18:26:47
1442,2.5,1.442,2496.5325936199724,4048570634,2026-03-07 18:26:49.279551,07/03/26,18:26:49
1442,2.5,1.442,2496.5325936199724,4048572076,2026-03-07 18:26:50.721551,07/03/26,18:26:50
1444,2.49,1.444,2493.074792243767,4048573520,2026-03-07 18:26:52.165551,07/03/26,18:26:52
1440,2.5,1.44,2500.0,4048574960,2026-03-07 18:26:53.605551,07/03/26,18:26:53
1445,2.49,1.445,2491.349480968858,4048576405,2026-03-07 18:26:55.050551,07/03/26,18:26:55
1436,2.51,1.436,2506.963788300836,4048577841,2026-03-07 18:26:56.486551,07/03/26,18:26:56
1446,2.49,1.446,2489.6265560165975,4048579287,2026-03-07 18:26:57.932551,07/03/26,18:26:57
1447,2.49,1.447,2487.90601243953,4048580734,2026-03-07 18:26:59.379551,07/03/26,18:26:59
1447,2.49,1.447,2487.90601243953,4048582181,2026-03-07 18:27:00.826551,07/03/26,18:27:0
1450,2.48,1.45,2482.7586206896553,4048583631,2026-03-07 18:27:02.276551,07/03/26,18:27:2
1440,2.5,1.44,2500.0,4048585071,2026-03-07 18:27:03.716551,07/03/26,18:27:3
1454,2.47,1.454,2475.9284731774414,4048586525,2026-03-07 18:27:05.170551,07/03/26,18:27:5
1448,2.49,1.448,2486.1878453038676,4048587973,2026-03-07 18:27:06.618551,07/03/26,18:27:6
1449,2.48,1.449,2484.472049689441,4048589422,2026-03-07 18:27:08.067551,07/03/26,18:27:8
1448,2.49,1.448,2486.1878453038676,4048590870,2026-03-07 18:27:09.515551,07/03/26,18:27:9
1446,2.49,1.446,2489.6265560165975,4048592316,2026-03-07 18:27:10.961551,07/03/26,18:27:10
1451,2.48,1.451,2481.0475534114403,4048593767,2026-03-07 18:27:12.412551,07/03/26,18:27:12
1439,2.5,1.439,2501.7373175816538,4048595206,2026-03-07 18:27:13.851551,07/03/26,18:27:13
1448,2.49,1.448,2486.1878453038676,4048596654,2026-03-07 18:27:15.299551,07/03/26,18:27:15
1438,2.5,1.438,2503.4770514603615,4048598092,2026-03-07 18:27:16.737551,07/03/26,18:27:16
1443,2.49,1.443,2494.802494802495,4048599535,2026-03-07 18:27:18.180551,07/03/26,18:27:18
1447,2.49,1.447,2487.90601243953,4048600982,2026-03-07 18:27:19.627551,07/03/26,18:27:19
1441,2.5,1.441,2498.265093684941,4048602423,2026-03-07 18:27:21.068551,07/03/26,18:27:21
1444,2.49,1.444,2493.074792243767,4048603867,2026-03-07 18:27:22.512551,07/03/26,18:27:22
1439,2.5,1.439,2501.7373175816538,4048605306,2026-03-07 18:27:23.951551,07/03/26,18:27:23
1448,2.49,1.448,2486.1878453038676,4048606754,2026-03-07 18:27:25.399551,07/03/26,18:27:25
1439,2.5,1.439,2501.7373175816538,4048608193,2026-03-07 18:27:26.838551,07/03/26,18:27:26
1437,2.51,1.437,2505.2192066805846,4048609630,2026-03-07 18:27:28.275551,07/03/26,18:27:28
1441,2.5,1.441,2498.265093684941,4048611071,2026-03-07 18:27:29.716551,07/03/26,18:27:29
1440,2.5,1.44,2500.0,4048612511,2026-03-07 18:27:31.156551,07/03/26,18:27:31
1441,2.5,1.441,2498.265093684941,4048613952,2026-03-07 18:27:32.597551,07/03/26,18:27:32
1435,2.51,1.435,2508.710801393728,4048615387,2026-03-07 18:27:34.032551,07/03/26,18:27:34
1443,2.49,1.443,2494.802494802495,4048616830,2026-03-07 18:27:35.475551,07/03/26,18:27:35
1438,2.5,1.438,2503.4770514603615,4048618268,2026-03-07 18:27:36.913551,07/03/26,18:27:36
1609,2.24,1.609,2237.414543194531,4048619877,2026-03-07 18:27:38.522551,07/03/26,18:27:38
1655,2.17,1.655,2175.226586102719,4048621532,2026-03-07 18:27:40.177551,07/03/26,18:27:40
1438,2.5,1.438,2503.4770514603615,4048622970,2026-03-07 18:27:41.615551,07/03/26,18:27:41
1767,2.04,1.767,2037.351443123939,4048624737,2026-03-07 18:27:43.382551,07/03/26,18:27:43
3537,1.02,3.537,1017.8117048346056,4048628274,2026-03-07 18:27:46.919551,07/03/26,18:27:46
3582,1.0,3.582,1005.0251256281407,4048631856,2026-03-07 18:27:50.501551,07/03/26,18:27:50
3465,1.04,3.465,1038.9610389610389,4048635321,2026-03-07 18:27:53.966551,07/03/26,18:27:53
1862,1.93,1.862,1933.404940923738,4048637183,2026-03-07 18:27:55.828551,07/03/26,18:27:55
1433,2.51,1.433,2512.212142358688,4048638616,2026-03-07 18:27:57.261551,07/03/26,18:27:57
1701,2.12,1.701,2116.4021164021165,4048640317,2026-03-07 18:27:58.962551,07/03/26,18:27:58
3592,1.0,3.592,1002.2271714922049,4048643909,2026-03-07 18:28:02.554551,07/03/26,18:28:2
1665,2.16,1.665,2162.162162162162,4048645574,2026-03-07 18:28:04.219551,07/03/26,18:28:4
1458,2.47,1.458,2469.135802469136,4048647032,2026-03-07 18:28:05.677551,07/03/26,18:28:5
1950,1.85,1.95,1846.1538461538462,4048648982,2026-03-07 18:28:07.627551,07/03/26,18:28:7
3430,1.05,3.43,1049.5626822157435,4048652412,2026-03-07 18:28:11.057551,07/03/26,18:28:11
1554,2.32,1.554,2316.6023166023165,4048653966,2026-03-07 18:28:12.611551,07/03/26,18:28:12
1520,2.37,1.52,2368.4210526315787,4048655486,2026-03-07 18:28:14.131551,07/03/26,18:28:14
3282,1.1,3.282,1096.892138939671,4048658768,2026-03-07 18:28:17.413551,07/03/26,18:28:17
2120,1.7,2.12,1698.1132075471698,4048660888,2026-03-07 18:28:19.533551,07/03/26,18:28:19
1471,2.45,1.471,2447.3147518694764,4048662359,2026-03-07 18:28:21.004551,07/03/26,18:28:21
1634,2.2,1.634,2203.182374541004,4048663993,2026-03-07 18:28:22.638551,07/03/26,18:28:22
3550,1.01,3.55,1014.0845070422536,4048667543,2026-03-07 18:28:26.188551,07/03/26,18:28:26
3396,1.06,3.396,1060.070671378092,4048670939,2026-03-07 18:28:29.584551,07/03/26,18:28:29
2562,1.4,2.562,1405.152224824356,4048673501,2026-03-07 18:28:32.146551,07/03/26,18:28:32
3151,1.14,3.151,1142.4944462075532,4048676652,2026-03-07 18:28:35.297551,07/03/26,18:28:35
1485,2.42,1.485,2424.242424242424,4048678137,2026-03-07 18:28:36.782551,07/03/26,18:28:36
1403,2.57,1.403,2565.9301496792586,4048679540,2026-03-07 18:28:38.185551,07/03/26,18:28:38
1433,2.51,1.433,2512.212142358688,4048680973,2026-03-07 18:28:39.618551,07/03/26,18:28:39
1432,2.51,1.432,2513.9664804469276,4048682405,2026-03-07 18:28:41.050551,07/03/26,18:28:41
1435,2.51,1.435,2508.710801393728,4048683840,2026-03-07 18:28:42.485551,07/03/26,18:28:42
1428,2.52,1.428,2521.0084033613443,4048685268,2026-03-07 18:28:43.913551,07/03/26,18:28:43
1435,2.51,1.435,2508.710801393728,4048686703,2026-03-07 18:28:45.348551,07/03/26,18:28:45
1436,2.51,1.436,2506.963788300836,4048688139,2026-03-07 18:28:46.784551,07/03/26,18:28:46
1435,2.51,1.435,2508.710801393728,4048689574,2026-03-07 18:28:48.219551,07/03/26,18:28:48
1440,2.5,1.44,2500.0,4048691014,2026-03-07 18:28:49.659551,07/03/26,18:28:49
1437,2.51,1.437,2505.2192066805846,4048692451,2026-03-07 18:28:51.096551,07/03/26,18:28:51
1437,2.51,1.437,2505.2192066805846,4048693888,2026-03-07 18:28:52.533551,07/03/26,18:28:52
1434,2.51,1.434,2510.460251046025,4048695322,2026-03-07 18:28:53.967551,07/03/26,18:28:53
1440,2.5,1.44,2500.0,4048696762,2026-03-07 18:28:55.407551,07/03/26,18:28:55
1439,2.5,1.439,2501.7373175816538,4048698201,2026-03-07 18:28:56.846551,07/03/26,18:28:56
1441,2.5,1.441,2498.265093684941,4048699642,2026-03-07 18:28:58.287551,07/03/26,18:28:58
1444,2.49,1.444,2493.074792243767,4048701086,2026-03-07 18:28:59.731551,07/03/26,18:28:59
1445,2.49,1.445,2491.349480968858,4048702531,2026-03-07 18:29:01.176551,07/03/26,18:29:1
1443,2.49,1.443,2494.802494802495,4048703974,2026-03-07 18:29:02.619551,07/03/26,18:29:2
1442,2.5,1.442,2496.5325936199724,4048705416,2026-03-07 18:29:04.061551,07/03/26,18:29:4
1448,2.49,1.448,2486.1878453038676,4048706864,2026-03-07 18:29:05.509551,07/03/26,18:29:5
1446,2.49,1.446,2489.6265560165975,4048708310,2026-03-07 18:29:06.955551,07/03/26,18:29:6
1446,2.49,1.446,2489.6265560165975,4048709756,2026-03-07 18:29:08.401551,07/03/26,18:29:8
1448,2.49,1.448,2486.1878453038676,4048711204,2026-03-07 18:29:09.849551,07/03/26,18:29:9
1447,2.49,1.447,2487.90601243953,4048712651,2026-03-07 18:29:11.296551,07/03/26,18:29:11
1450,2.48,1.45,2482.7586206896553,4048714101,2026-03-07 18:29:12.746551,07/03/26,18:29:12
1446,2.49,1.446,2489.6265560165975,4048715547,2026-03-07 18:29:14.192551,07/03/26,18:29:14
1450,2.48,1.45,2482.7586206896553,4048716997,2026-03-07 18:29:15.642551,07/03/26,18:29:15
1445,2.49,1.445,2491.349480968858,4048718442,2026-03-07 18:29:17.087551,07/03/26,18:29:17
1449,2.48,1.449,2484.472049689441,4048719891,2026-03-07 18:29:18.536551,07/03/26,18:29:18
1452,2.48,1.452,2479.3388429752067,4048721343,2026-03-07 18:29:19.988551,07/03/26,18:29:19
1452,2.48,1.452,2479.3388429752067,4048722795,2026-03-07 18:29:21.440551,07/03/26,18:29:21
1450,2.48,1.45,2482.7586206896553,4048724245,2026-03-07 18:29:22.890551,07/03/26,18:29:22
1447,2.49,1.447,2487.90601243953,4048725692,2026-03-07 18:29:24.337551,07/03/26,18:29:24
1451,2.48,1.451,2481.0475534114403,4048727143,2026-03-07 18:29:25.788551,07/03/26,18:29:25
1451,2.48,1.451,2481.0475534114403,4048728594,2026-03-07 18:29:27.239551,07/03/26,18:29:27
1453,2.48,1.453,2477.632484514797,4048730047,2026-03-07 18:29:28.692551,07/03/26,18:29:28
1451,2.48,1.451,2481.0475534114403,4048731498,2026-03-07 18:29:30.143551,07/03/26,18:29:30
1449,2.48,1.449,2484.472049689441,4048732947,2026-03-07 18:29:31.592551,07/03/26,18:29:31
1446,2.49,1.446,2489.6265560165975,4048734393,2026-03-07 18:29:33.038551,07/03/26,18:29:33
1450,2.48,1.45,2482.7586206896553,4048735843,2026-03-07 18:29:34.488551,07/03/26,18:29:34
1454,2.47,1.454,2475.9284731774414,4048737297,2026-03-07 18:29:35.942551,07/03/26,18:29:35
1452,2.48,1.452,2479.3388429752067,4048738749,2026-03-07 18:29:37.394551,07/03/26,18:29:37
1454,2.47,1.454,2475.9284731774414,4048740203,2026-03-07 18:29:38.848551,07/03/26,18:29:38
1452,2.48,1.452,2479.3388429752067,4048741655,2026-03-07 18:29:40.300551,07/03/26,18:29:40
1454,2.47,1.454,2475.9284731774414,4048743109,2026-03-07 18:29:41.754551,07/03/26,18:29:41
1449,2.48,1.449,2484.472049689441,4048744558,2026-03-07 18:29:43.203551,07/03/26,18:29:43
1447,2.49,1.447,2487.90601243953,4048746005,2026-03-07 18:29:44.650551,07/03/26,18:29:44
1448,2.49,1.448,2486.1878453038676,4048747453,2026-03-07 18:29:46.098551,07/03/26,18:29:46
1449,2.48,1.449,2484.472049689441,4048748902,2026-03-07 18:29:47.547551,07/03/26,18:29:47
1450,2.48,1.45,2482.7586206896553,4048750352,2026-03-07 18:29:48.997551,07/03/26,18:29:48
1449,2.48,1.449,2484.472049689441,4048751801,2026-03-07 18:29:50.446551,07/03/26,18:29:50
1451,2.48,1.451,2481.0475534114403,4048753252,2026-03-07 18:29:51.897551,07/03/26,18:29:51
1446,2.49,1.446,2489.6265560165975,4048754698,2026-03-07 18:29:53.343551,07/03/26,18:29:53
1450,2.48,1.45,2482.7586206896553,4048756148,2026-03-07 18:29:54.793551,07/03/26,18:29:54
1451,2.48,1.451,2481.0475534114403,4048757599,2026-03-07 18:29:56.244551,07/03/26,18:29:56
1450,2.48,1.45,2482.7586206896553,4048759049,2026-03-07 18:29:57.694551,07/03/26,18:29:57
1448,2.49,1.448,2486.1878453038676,4048760497,2026-03-07 18:29:59.142551,07/03/26,18:29:59
1448,2.49,1.448,2486.1878453038676,4048761945,2026-03-07 18:30:00.590551,07/03/26,18:30:0
1447,2.49,1.447,2487.90601243953,4048763392,2026-03-07 18:30:02.037551,07/03/26,18:30:2
1442,2.5,1.442,2496.5325936199724,4048764834,2026-03-07 18:30:03.479551,07/03/26,18:30:3
1449,2.48,1.449,2484.472049689441,4048766283,2026-03-07 18:30:04.928551,07/03/26,18:30:4
1449,2.48,1.449,2484.472049689441,4048767732,2026-03-07 18:30:06.377551,07/03/26,18:30:6
1451,2.48,1.451,2481.0475534114403,4048769183,2026-03-07 18:30:07.828551,07/03/26,18:30:7
1452,2.48,1.452,2479.3388429752067,4048770635,2026-03-07 18:30:09.280551,07/03/26,18:30:9
1448,2.49,1.448,2486.1878453038676,4048772083,2026-03-07 18:30:10.728551,07/03/26,18:30:10
1450,2.48,1.45,2482.7586206896553,4048773533,2026-03-07 18:30:12.178551,07/03/26,18:30:12
1443,2.49,1.443,2494.802494802495,4048774976,2026-03-07 18:30:13.621551,07/03/26,18:30:13
1450,2.48,1.45,2482.7586206896553,4048776426,2026-03-07 18:30:15.071551,07/03/26,18:30:15
1449,2.48,1.449,2484.472049689441,4048777875,2026-03-07 18:30:16.520551,07/03/26,18:30:16
1447,2.49,1.447,2487.90601243953,4048779322,2026-03-07 18:30:17.967551,07/03/26,18:30:17
1445,2.49,1.445,2491.349480968858,4048780767,2026-03-07 18:30:19.412551,07/03/26,18:30:19
1446,2.49,1.446,2489.6265560165975,4048782213,2026-03-07 18:30:20.858551,07/03/26,18:30:20
1453,2.48,1.453,2477.632484514797,4048783666,2026-03-07 18:30:22.311551,07/03/26,18:30:22
1444,2.49,1.444,2493.074792243767,4048785110,2026-03-07 18:30:23.755551,07/03/26,18:30:23
1451,2.48,1.451,2481.0475534114403,4048786561,2026-03-07 18:30:25.206551,07/03/26,18:30:25
1454,2.47,1.454,2475.9284731774414,4048788015,2026-03-07 18:30:26.660551,07/03/26,18:30:26
1448,2.49,1.448,2486.1878453038676,4048789463,2026-03-07 18:30:28.108551,07/03/26,18:30:28
1447,2.49,1.447,2487.90601243953,4048790910,2026-03-07 18:30:29.555551,07/03/26,18:30:29
1446,2.49,1.446,2489.6265560165975,4048792356,2026-03-07 18:30:31.001551,07/03/26,18:30:31
1449,2.48,1.449,2484.472049689441,4048793805,2026-03-07 18:30:32.450551,07/03/26,18:30:32
1441,2.5,1.441,2498.265093684941,4048795246,2026-03-07 18:30:33.891551,07/03/26,18:30:33
1443,2.49,1.443,2494.802494802495,4048796689,2026-03-07 18:30:35.334551,07/03/26,18:30:35
1444,2.49,1.444,2493.074792243767,4048798133,2026-03-07 18:30:36.778551,07/03/26,18:30:36
1447,2.49,1.447,2487.90601243953,4048799580,2026-03-07 18:30:38.225551,07/03/26,18:30:38
1443,2.49,1.443,2494.802494802495,4048801023,2026-03-07 18:30:39.668551,07/03/26,18:30:39
1442,2.5,1.442,2496.5325936199724,4048802465,2026-03-07 18:30:41.110551,07/03/26,18:30:41
1443,2.49,1.443,2494.802494802495,4048803908,2026-03-07 18:30:42.553551,07/03/26,18:30:42
1441,2.5,1.441,2498.265093684941,4048805349,2026-03-07 18:30:43.994551,07/03/26,18:30:43
1440,2.5,1.44,2500.0,4048806789,2026-03-07 18:30:45.434551,07/03/26,18:30:45
1441,2.5,1.441,2498.265093684941,4048808230,2026-03-07 18:30:46.875551,07/03/26,18:30:46
1440,2.5,1.44,2500.0,4048809670,2026-03-07 18:30:48.315551,07/03/26,18:30:48
1434,2.51,1.434,2510.460251046025,4048811104,2026-03-07 18:30:49.749551,07/03/26,18:30:49
1434,2.51,1.434,2510.460251046025,4048812538,2026-03-07 18:30:51.183551,07/03/26,18:30:51
1436,2.51,1.436,2506.963788300836,4048813974,2026-03-07 18:30:52.619551,07/03/26,18:30:52
1434,2.51,1.434,2510.460251046025,4048815408,2026-03-07 18:30:54.053551,07/03/26,18:30:54
1436,2.51,1.436,2506.963788300836,4048816844,2026-03-07 18:30:55.489551,07/03/26,18:30:55
1439,2.5,1.439,2501.7373175816538,4048818283,2026-03-07 18:30:56.928551,07/03/26,18:30:56
1436,2.51,1.436,2506.963788300836,4048819719,2026-03-07 18:30:58.364551,07/03/26,18:30:58
1440,2.5,1.44,2500.0,4048821159,2026-03-07 18:30:59.804551,07/03/26,18:30:59
1439,2.5,1.439,2501.7373175816538,4048822598,2026-03-07 18:31:01.243551,07/03/26,18:31:1
1440,2.5,1.44,2500.0,4048824038,2026-03-07 18:31:02.683551,07/03/26,18:31:2
1440,2.5,1.44,2500.0,4048825478,2026-03-07 18:31:04.123551,07/03/26,18:31:4
1444,2.49,1.444,2493.074792243767,4048826922,2026-03-07 18:31:05.567551,07/03/26,18:31:5
1447,2.49,1.447,2487.90601243953,4048828369,2026-03-07 18:31:07.014551,07/03/26,18:31:7
1447,2.49,1.447,2487.90601243953,4048829816,2026-03-07 18:31:08.461551,07/03/26,18:31:8
1448,2.49,1.448,2486.1878453038676,4048831264,2026-03-07 18:31:09.909551,07/03/26,18:31:9
1446,2.49,1.446,2489.6265560165975,4048832710,2026-03-07 18:31:11.355551,07/03/26,18:31:11
1446,2.49,1.446,2489.6265560165975,4048834156,2026-03-07 18:31:12.801551,07/03/26,18:31:12
1445,2.49,1.445,2491.349480968858,4048835601,2026-03-07 18:31:14.246551,07/03/26,18:31:14
1450,2.48,1.45,2482.7586206896553,4048837051,2026-03-07 18:31:15.696551,07/03/26,18:31:15
1449,2.48,1.449,2484.472049689441,4048838500,2026-03-07 18:31:17.145551,07/03/26,18:31:17
1448,2.49,1.448,2486.1878453038676,4048839948,2026-03-07 18:31:18.593551,07/03/26,18:31:18
1447,2.49,1.447,2487.90601243953,4048841395,2026-03-07 18:31:20.040551,07/03/26,18:31:20
1447,2.49,1.447,2487.90601243953,4048842842,2026-03-07 18:31:21.487551,07/03/26,18:31:21
1444,2.49,1.444,2493.074792243767,4048844286,2026-03-07 18:31:22.931551,07/03/26,18:31:22
1447,2.49,1.447,2487.90601243953,4048845733,2026-03-07 18:31:24.378551,07/03/26,18:31:24
1448,2.49,1.448,2486.1878453038676,4048847181,2026-03-07 18:31:25.826551,07/03/26,18:31:25
1444,2.49,1.444,2493.074792243767,4048848625,2026-03-07 18:31:27.270551,07/03/26,18:31:27
1443,2.49,1.443,2494.802494802495,4048850068,2026-03-07 18:31:28.713551,07/03/26,18:31:28
1444,2.49,1.444,2493.074792243767,4048851512,2026-03-07 18:31:30.157551,07/03/26,18:31:30
1443,2.49,1.443,2494.802494802495,4048852955,2026-03-07 18:31:31.600551,07/03/26,18:31:31
1443,2.49,1.443,2494.802494802495,4048854398,2026-03-07 18:31:33.043551,07/03/26,18:31:33
1447,2.49,1.447,2487.90601243953,4048855845,2026-03-07 18:31:34.490551,07/03/26,18:31:34
1448,2.49,1.448,2486.1878453038676,4048857293,2026-03-07 18:31:35.938551,07/03/26,18:31:35
1675,2.15,1.675,2149.2537313432836,4048858968,2026-03-07 18:31:37.613551,07/03/26,18:31:37
12508,0.29,12.508,287.8157978893508,4048871476,2026-03-07 18:31:50.121551,07/03/26,18:31:50
14596,0.25,14.596,246.64291586736093,4048886072,2026-03-07 18:32:04.717551,07/03/26,18:32:4
16458,0.22,16.458,218.7386073641998,4048902530,2026-03-07 18:32:21.175551,07/03/26,18:32:21
20062,0.18,20.062,179.443724454192,4048922592,2026-03-07 18:32:41.237551,07/03/26,18:32:41
20294,0.18,20.294,177.39233270917512,4048942886,2026-03-07 18:33:01.531551,07/03/26,18:33:1
20247,0.18,20.247,177.80411912875982,4048963133,2026-03-07 18:33:21.778551,07/03/26,18:33:21
16118,0.22,16.118,223.3527732969351,4048979251,2026-03-07 18:33:37.896551,07/03/26,18:33:37
3498,1.03,3.498,1029.1595197255574,4048982749,2026-03-07 18:33:41.394551,07/03/26,18:33:41
2110,1.71,2.11,1706.1611374407582,4048984859,2026-03-07 18:33:43.504551,07/03/26,18:33:43
1492,2.41,1.492,2412.868632707775,4048986351,2026-03-07 18:33:44.996551,07/03/26,18:33:44
1698,2.12,1.698,2120.141342756184,4048988049,2026-03-07 18:33:46.694551,07/03/26,18:33:46
3693,0.97,3.693,974.817221770918,4048991742,2026-03-07 18:33:50.387551,07/03/26,18:33:50
1728,2.08,1.728,2083.3333333333335,4048993470,2026-03-07 18:33:52.115551,07/03/26,18:33:52
1497,2.4,1.497,2404.809619238477,4048994967,2026-03-07 18:33:53.612551,07/03/26,18:33:53
2151,1.67,2.151,1673.6401673640166,4048997118,2026-03-07 18:33:55.763551,07/03/26,18:33:55
3394,1.06,3.394,1060.695344725987,4049000512,2026-03-07 18:33:59.157551,07/03/26,18:33:59
1537,2.34,1.537,2342.225113858165,4049002049,2026-03-07 18:34:00.694551,07/03/26,18:34:0
1617,2.23,1.617,2226.3450834879404,4049003666,2026-03-07 18:34:02.311551,07/03/26,18:34:2
3610,1.0,3.61,997.2299168975069,4049007276,2026-03-07 18:34:05.921551,07/03/26,18:34:5
3564,1.01,3.564,1010.10101010101,4049010840,2026-03-07 18:34:09.485551,07/03/26,18:34:9
2726,1.32,2.726,1320.6162876008805,4049013566,2026-03-07 18:34:12.211551,07/03/26,18:34:12
3131,1.15,3.131,1149.7923985946982,4049016697,2026-03-07 18:34:15.342551,07/03/26,18:34:15
1514,2.38,1.514,2377.8071334214,4049018211,2026-03-07 18:34:16.856551,07/03/26,18:34:16
1663,2.16,1.663,2164.7624774503906,4049019874,2026-03-07 18:34:18.519551,07/03/26,18:34:18
3714,0.97,3.714,969.3053311793215,4049023588,2026-03-07 18:34:22.233551,07/03/26,18:34:22
1754,2.05,1.754,2052.4515393386546,4049025342,2026-03-07 18:34:23.987551,07/03/26,18:34:23
1495,2.41,1.495,2408.0267558528426,4049026837,2026-03-07 18:34:25.482551,07/03/26,18:34:25
1940,1.86,1.94,1855.6701030927834,4049028777,2026-03-07 18:34:27.422551,07/03/26,18:34:27
3588,1.0,3.588,1003.3444816053511,4049032365,2026-03-07 18:34:31.010551,07/03/26,18:34:31
1579,2.28,1.579,2279.9240025332488,4049033944,2026-03-07 18:34:32.589551,07/03/26,18:34:32
1584,2.27,1.584,2272.7272727272725,4049035528,2026-03-07 18:34:34.173551,07/03/26,18:34:34
7127,0.5,7.127,505.12136944015714,4049042655,2026-03-07 18:34:41.300551,07/03/26,18:34:41
23040,0.16,23.04,156.25,4049065695,2026-03-07 18:35:04.340551,07/03/26,18:35:4
23011,0.16,23.011,156.44691669201686,4049088706,2026-03-07 18:35:27.351551,07/03/26,18:35:27
23359,0.15,23.359,154.11618648058564,4049112065,2026-03-07 18:35:50.710551,07/03/26,18:35:50
23148,0.16,23.148,155.52099533437013,4049135213,2026-03-07 18:36:13.858551,07/03/26,18:36:13
22985,0.16,22.985,156.62388514248423,4049158198,2026-03-07 18:36:36.843551,07/03/26,18:36:36
23023,0.16,23.023,156.3653737566781,4049181221,2026-03-07 18:36:59.866551,07/03/26,18:36:59
22930,0.16,22.93,156.99956389010032,4049204151,2026-03-07 18:37:22.796551,07/03/26,18:37:22
7847,0.46,7.847,458.7740537785141,4049211998,2026-03-07 18:37:30.643551,07/03/26,18:37:30
1467,2.45,1.467,2453.98773006135,4049213465,2026-03-07 18:37:32.110551,07/03/26,18:37:32
1460,2.46,1.46,2465.753424657534,4049214925,2026-03-07 18:37:33.570551,07/03/26,18:37:33
1478,2.43,1.478,2435.723951285521,4049216403,2026-03-07 18:37:35.048551,07/03/26,18:37:35
1476,2.44,1.476,2439.0243902439024,4049217879,2026-03-07 18:37:36.524551,07/03/26,18:37:36
1483,2.43,1.483,2427.5118004045853,4049219362,2026-03-07 18:37:38.007551,07/03/26,18:37:38
1485,2.42,1.485,2424.242424242424,4049220847,2026-03-07 18:37:39.492551,07/03/26,18:37:39
1483,2.43,1.483,2427.5118004045853,4049222330,2026-03-07 18:37:40.975551,07/03/26,18:37:40
1488,2.42,1.488,2419.3548387096776,4049223818,2026-03-07 18:37:42.463551,07/03/26,18:37:42
1483,2.43,1.483,2427.5118004045853,4049225301,2026-03-07 18:37:43.946551,07/03/26,18:37:43
1492,2.41,1.492,2412.868632707775,4049226793,2026-03-07 18:37:45.438551,07/03/26,18:37:45
1493,2.41,1.493,2411.2525117213663,4049228286,2026-03-07 18:37:46.931551,07/03/26,18:37:46
1494,2.41,1.494,2409.6385542168673,4049229780,2026-03-07 18:37:48.425551,07/03/26,18:37:48
1498,2.4,1.498,2403.2042723631507,4049231278,2026-03-07 18:37:49.923551,07/03/26,18:37:49
1496,2.41,1.496,2406.4171122994653,4049232774,2026-03-07 18:37:51.419551,07/03/26,18:37:51
1496,2.41,1.496,2406.4171122994653,4049234270,2026-03-07 18:37:52.915551,07/03/26,18:37:52
1496,2.41,1.496,2406.4171122994653,4049235766,2026-03-07 18:37:54.411551,07/03/26,18:37:54
1496,2.41,1.496,2406.4171122994653,4049237262,2026-03-07 18:37:55.907551,07/03/26,18:37:55
1501,2.4,1.501,2398.4010659560295,4049238763,2026-03-07 18:37:57.408551,07/03/26,18:37:57
1495,2.41,1.495,2408.0267558528426,4049240258,2026-03-07 18:37:58.903551,07/03/26,18:37:58
1493,2.41,1.493,2411.2525117213663,4049241751,2026-03-07 18:38:00.396551,07/03/26,18:38:0
1500,2.4,1.5,2400.0,4049243251,2026-03-07 18:38:01.896551,07/03/26,18:38:1
1496,2.41,1.496,2406.4171122994653,4049244747,2026-03-07 18:38:03.392551,07/03/26,18:38:3
1501,2.4,1.501,2398.4010659560295,4049246248,2026-03-07 18:38:04.893551,07/03/26,18:38:4
1498,2.4,1.498,2403.2042723631507,4049247746,2026-03-07 18:38:06.391551,07/03/26,18:38:6
1503,2.39,1.503,2395.2095808383233,4049249249,2026-03-07 18:38:07.894551,07/03/26,18:38:7
1504,2.39,1.504,2393.6170212765956,4049250753,2026-03-07 18:38:09.398551,07/03/26,18:38:9
1506,2.39,1.506,2390.438247011952,4049252259,2026-03-07 18:38:10.904551,07/03/26,18:38:10
1505,2.39,1.505,2392.0265780730897,4049253764,2026-03-07 18:38:12.409551,07/03/26,18:38:12
1496,2.41,1.496,2406.4171122994653,4049255260,2026-03-07 18:38:13.905551,07/03/26,18:38:13
1502,2.4,1.502,2396.804260985353,4049256762,2026-03-07 18:38:15.407551,07/03/26,18:38:15
1503,2.39,1.503,2395.2095808383233,4049258265,2026-03-07 18:38:16.910551,07/03/26,18:38:16
1504,2.39,1.504,2393.6170212765956,4049259769,2026-03-07 18:38:18.414551,07/03/26,18:38:18
1505,2.39,1.505,2392.0265780730897,4049261274,2026-03-07 18:38:19.919551,07/03/26,18:38:19
1503,2.39,1.503,2395.2095808383233,4049262777,2026-03-07 18:38:21.422551,07/03/26,18:38:21
1497,2.4,1.497,2404.809619238477,4049264274,2026-03-07 18:38:22.919551,07/03/26,18:38:22
1494,2.41,1.494,2409.6385542168673,4049265768,2026-03-07 18:38:24.413551,07/03/26,18:38:24
1498,2.4,1.498,2403.2042723631507,4049267266,2026-03-07 18:38:25.911551,07/03/26,18:38:25
1499,2.4,1.499,2401.601067378252,4049268765,2026-03-07 18:38:27.410551,07/03/26,18:38:27
1499,2.4,1.499,2401.601067378252,4049270264,2026-03-07 18:38:28.909551,07/03/26,18:38:28
1498,2.4,1.498,2403.2042723631507,4049271762,2026-03-07 18:38:30.407551,07/03/26,18:38:30
1501,2.4,1.501,2398.4010659560295,4049273263,2026-03-07 18:38:31.908551,07/03/26,18:38:31
1494,2.41,1.494,2409.6385542168673,4049274757,2026-03-07 18:38:33.402551,07/03/26,18:38:33
1503,2.39,1.503,2395.2095808383233,4049276260,2026-03-07 18:38:34.905551,07/03/26,18:38:34
1499,2.4,1.499,2401.601067378252,4049277759,2026-03-07 18:38:36.404551,07/03/26,18:38:36
1500,2.4,1.5,2400.0,4049279259,2026-03-07 18:38:37.904551,07/03/26,18:38:37
1498,2.4,1.498,2403.2042723631507,4049280757,2026-03-07 18:38:39.402551,07/03/26,18:38:39
1496,2.41,1.496,2406.4171122994653,4049282253,2026-03-07 18:38:40.898551,07/03/26,18:38:40
1495,2.41,1.495,2408.0267558528426,4049283748,2026-03-07 18:38:42.393551,07/03/26,18:38:42
1487,2.42,1.487,2420.9818426361803,4049285235,2026-03-07 18:38:43.880551,07/03/26,18:38:43
1495,2.41,1.495,2408.0267558528426,4049286730,2026-03-07 18:38:45.375551,07/03/26,18:38:45
1495,2.41,1.495,2408.0267558528426,4049288225,2026-03-07 18:38:46.870551,07/03/26,18:38:46
1490,2.42,1.49,2416.1073825503354,4049289715,2026-03-07 18:38:48.360551,07/03/26,18:38:48
1493,2.41,1.493,2411.2525117213663,4049291208,2026-03-07 18:38:49.853551,07/03/26,18:38:49
1491,2.41,1.491,2414.486921529175,4049292699,2026-03-07 18:38:51.344551,07/03/26,18:38:51
1487,2.42,1.487,2420.9818426361803,4049294186,2026-03-07 18:38:52.831551,07/03/26,18:38:52
1487,2.42,1.487,2420.9818426361803,4049295673,2026-03-07 18:38:54.318551,07/03/26,18:38:54
1492,2.41,1.492,2412.868632707775,4049297165,2026-03-07 18:38:55.810551,07/03/26,18:38:55
1496,2.41,1.496,2406.4171122994653,4049298661,2026-03-07 18:38:57.306551,07/03/26,18:38:57
1499,2.4,1.499,2401.601067378252,4049300160,2026-03-07 18:38:58.805551,07/03/26,18:38:58
1495,2.41,1.495,2408.0267558528426,4049301655,2026-03-07 18:39:00.300551,07/03/26,18:39:0
1499,2.4,1.499,2401.601067378252,4049303154,2026-03-07 18:39:01.799551,07/03/26,18:39:1
1488,2.42,1.488,2419.3548387096776,4049304642,2026-03-07 18:39:03.287551,07/03/26,18:39:3
1494,2.41,1.494,2409.6385542168673,4049306136,2026-03-07 18:39:04.781551,07/03/26,18:39:4
1491,2.41,1.491,2414.486921529175,4049307627,2026-03-07 18:39:06.272551,07/03/26,18:39:6
1494,2.41,1.494,2409.6385542168673,4049309121,2026-03-07 18:39:07.766551,07/03/26,18:39:7
1491,2.41,1.491,2414.486921529175,4049310612,2026-03-07 18:39:09.257551,07/03/26,18:39:9
1492,2.41,1.492,2412.868632707775,4049312104,2026-03-07 18:39:10.749551,07/03/26,18:39:10
1493,2.41,1.493,2411.2525117213663,4049313597,2026-03-07 18:39:12.242551,07/03/26,18:39:12
1481,2.43,1.481,2430.7900067521946,4049315078,2026-03-07 18:39:13.723551,07/03/26,18:39:13
1488,2.42,1.488,2419.3548387096776,4049316566,2026-03-07 18:39:15.211551,07/03/26,18:39:15
1489,2.42,1.489,2417.73002014775,4049318055,2026-03-07 18:39:16.700551,07/03/26,18:39:16
1489,2.42,1.489,2417.73002014775,4049319544,2026-03-07 18:39:18.189551,07/03/26,18:39:18
1496,2.41,1.496,2406.4171122994653,4049321040,2026-03-07 18:39:19.685551,07/03/26,18:39:19
1494,2.41,1.494,2409.6385542168673,4049322534,2026-03-07 18:39:21.179551,07/03/26,18:39:21
1494,2.41,1.494,2409.6385542168673,4049324028,2026-03-07 18:39:22.673551,07/03/26,18:39:22
1488,2.42,1.488,2419.3548387096776,4049325516,2026-03-07 18:39:24.161551,07/03/26,18:39:24
1496,2.41,1.496,2406.4171122994653,4049327012,2026-03-07 18:39:25.657551,07/03/26,18:39:25
1496,2.41,1.496,2406.4171122994653,4049328508,2026-03-07 18:39:27.153551,07/03/26,18:39:27
1493,2.41,1.493,2411.2525117213663,4049330001,2026-03-07 18:39:28.646551,07/03/26,18:39:28
1494,2.41,1.494,2409.6385542168673,4049331495,2026-03-07 18:39:30.140551,07/03/26,18:39:30
1496,2.41,1.496,2406.4171122994653,4049332991,2026-03-07 18:39:31.636551,07/03/26,18:39:31
1485,2.42,1.485,2424.242424242424,4049334476,2026-03-07 18:39:33.121551,07/03/26,18:39:33
1490,2.42,1.49,2416.1073825503354,4049335966,2026-03-07 18:39:34.611551,07/03/26,18:39:34
1491,2.41,1.491,2414.486921529175,4049337457,2026-03-07 18:39:36.102551,07/03/26,18:39:36
1491,2.41,1.491,2414.486921529175,4049338948,2026-03-07 18:39:37.593551,07/03/26,18:39:37
1493,2.41,1.493,2411.2525117213663,4049340441,2026-03-07 18:39:39.086551,07/03/26,18:39:39
1494,2.41,1.494,2409.6385542168673,4049341935,2026-03-07 18:39:40.580551,07/03/26,18:39:40
1499,2.4,1.499,2401.601067378252,4049343434,2026-03-07 18:39:42.079551,07/03/26,18:39:42
1494,2.41,1.494,2409.6385542168673,4049344928,2026-03-07 18:39:43.573551,07/03/26,18:39:43
1500,2.4,1.5,2400.0,4049346428,2026-03-07 18:39:45.073551,07/03/26,18:39:45
1499,2.4,1.499,2401.601067378252,4049347927,2026-03-07 18:39:46.572551,07/03/26,18:39:46
1499,2.4,1.499,2401.601067378252,4049349426,2026-03-07 18:39:48.071551,07/03/26,18:39:48
1501,2.4,1.501,2398.4010659560295,4049350927,2026-03-07 18:39:49.572551,07/03/26,18:39:49
1498,2.4,1.498,2403.2042723631507,4049352425,2026-03-07 18:39:51.070551,07/03/26,18:39:51
1498,2.4,1.498,2403.2042723631507,4049353923,2026-03-07 18:39:52.568551,07/03/26,18:39:52
1495,2.41,1.495,2408.0267558528426,4049355418,2026-03-07 18:39:54.063551,07/03/26,18:39:54
1500,2.4,1.5,2400.0,4049356918,2026-03-07 18:39:55.563551,07/03/26,18:39:55
1501,2.4,1.501,2398.4010659560295,4049358419,2026-03-07 18:39:57.064551,07/03/26,18:39:57
1496,2.41,1.496,2406.4171122994653,4049359915,2026-03-07 18:39:58.560551,07/03/26,18:39:58
1497,2.4,1.497,2404.809619238477,4049361412,2026-03-07 18:40:00.057551,07/03/26,18:40:0
1499,2.4,1.499,2401.601067378252,4049362911,2026-03-07 18:40:01.556551,07/03/26,18:40:1
1492,2.41,1.492,2412.868632707775,4049364403,2026-03-07 18:40:03.048551,07/03/26,18:40:3
1499,2.4,1.499,2401.601067378252,4049365902,2026-03-07 18:40:04.547551,07/03/26,18:40:4
1499,2.4,1.499,2401.601067378252,4049367401,2026-03-07 18:40:06.046551,07/03/26,18:40:6
1493,2.41,1.493,2411.2525117213663,4049368894,2026-03-07 18:40:07.539551,07/03/26,18:40:7
1493,2.41,1.493,2411.2525117213663,4049370387,2026-03-07 18:40:09.032551,07/03/26,18:40:9
14460,0.25,14.46,248.96265560165975,4049384847,2026-03-07 18:40:23.492551,07/03/26,18:40:23
20865,0.17,20.865,172.5377426312006,4049405712,2026-03-07 18:40:44.357551,07/03/26,18:40:44
20678,0.17,20.678,174.09807524905696,4049426390,2026-03-07 18:41:05.035551,07/03/26,18:41:5
20617,0.17,20.617,174.61318329533879,4049447007,2026-03-07 18:41:25.652551,07/03/26,18:41:25
20741,0.17,20.741,173.56925895569162,4049467748,2026-03-07 18:41:46.393551,07/03/26,18:41:46
8365,0.43,8.365,430.3646144650329,4049476113,2026-03-07 18:41:54.758551,07/03/26,18:41:54
1623,2.22,1.623,2218.1146025878,4049477736,2026-03-07 18:41:56.381551,07/03/26,18:41:56
1570,2.29,1.57,2292.9936305732485,4049479306,2026-03-07 18:41:57.951551,07/03/26,18:41:57
3477,1.03,3.477,1035.3753235547886,4049482783,2026-03-07 18:42:01.428551,07/03/26,18:42:1
3256,1.11,3.256,1105.6511056511056,4049486039,2026-03-07 18:42:04.684551,07/03/26,18:42:4
3009,1.2,3.009,1196.4107676969093,4049489048,2026-03-07 18:42:07.693551,07/03/26,18:42:7
3434,1.05,3.434,1048.34012813046,4049492482,2026-03-07 18:42:11.127551,07/03/26,18:42:11
1553,2.32,1.553,2318.09401159047,4049494035,2026-03-07 18:42:12.680551,07/03/26,18:42:12
1673,2.15,1.673,2151.8230723251645,4049495708,2026-03-07 18:42:14.353551,07/03/26,18:42:14
3775,0.95,3.775,953.6423841059602,4049499483,2026-03-07 18:42:18.128551,07/03/26,18:42:18
1790,2.01,1.79,2011.173184357542,4049501273,2026-03-07 18:42:19.918551,07/03/26,18:42:19
1522,2.37,1.522,2365.3088042049935,4049502795,2026-03-07 18:42:21.440551,07/03/26,18:42:21
2142,1.68,2.142,1680.672268907563,4049504937,2026-03-07 18:42:23.582551,07/03/26,18:42:23
3510,1.02,3.51,1025.6410256410256,4049508447,2026-03-07 18:42:27.092551,07/03/26,18:42:27
1558,2.31,1.558,2310.6546854942235,4049510005,2026-03-07 18:42:28.650551,07/03/26,18:42:28
1671,2.15,1.671,2154.3985637342907,4049511676,2026-03-07 18:42:30.321551,07/03/26,18:42:30
3782,0.95,3.782,951.8773135906928,4049515458,2026-03-07 18:42:34.103551,07/03/26,18:42:34
1796,2.0,1.796,2004.4543429844098,4049517254,2026-03-07 18:42:35.899551,07/03/26,18:42:35
1529,2.35,1.529,2354.480052321779,4049518783,2026-03-07 18:42:37.428551,07/03/26,18:42:37
2127,1.69,2.127,1692.524682651622,4049520910,2026-03-07 18:42:39.555551,07/03/26,18:42:39
3519,1.02,3.519,1023.0179028132992,4049524429,2026-03-07 18:42:43.074551,07/03/26,18:42:43
3781,0.95,3.781,952.1290663845543,4049528210,2026-03-07 18:42:46.855551,07/03/26,18:42:46
3770,0.95,3.77,954.9071618037135,4049531980,2026-03-07 18:42:50.625551,07/03/26,18:42:50
1667,2.16,1.667,2159.5680863827233,4049533647,2026-03-07 18:42:52.292551,07/03/26,18:42:52
1452,2.48,1.452,2479.3388429752067,4049535099,2026-03-07 18:42:53.744551,07/03/26,18:42:53
1475,2.44,1.475,2440.677966101695,4049536574,2026-03-07 18:42:55.219551,07/03/26,18:42:55
1479,2.43,1.479,2434.077079107505,4049538053,2026-03-07 18:42:56.698551,07/03/26,18:42:56
1483,2.43,1.483,2427.5118004045853,4049539536,2026-03-07 18:42:58.181551,07/03/26,18:42:58
1486,2.42,1.486,2422.6110363391654,4049541022,2026-03-07 18:42:59.667551,07/03/26,18:42:59
1484,2.42,1.484,2425.876010781671,4049542506,2026-03-07 18:43:01.151551,07/03/26,18:43:1
1487,2.42,1.487,2420.9818426361803,4049543993,2026-03-07 18:43:02.638551,07/03/26,18:43:2
1485,2.42,1.485,2424.242424242424,4049545478,2026-03-07 18:43:04.123551,07/03/26,18:43:4
1484,2.42,1.484,2425.876010781671,4049546962,2026-03-07 18:43:05.607551,07/03/26,18:43:5
1486,2.42,1.486,2422.6110363391654,4049548448,2026-03-07 18:43:07.093551,07/03/26,18:43:7
1489,2.42,1.489,2417.73002014775,4049549937,2026-03-07 18:43:08.582551,07/03/26,18:43:8
1492,2.41,1.492,2412.868632707775,4049551429,2026-03-07 18:43:10.074551,07/03/26,18:43:10
1490,2.42,1.49,2416.1073825503354,4049552919,2026-03-07 18:43:11.564551,07/03/26,18:43:11
1487,2.42,1.487,2420.9818426361803,4049554406,2026-03-07 18:43:13.051551,07/03/26,18:43:13
1502,2.4,1.502,2396.804260985353,4049555908,2026-03-07 18:43:14.553551,07/03/26,18:43:14
1495,2.41,1.495,2408.0267558528426,4049557403,2026-03-07 18:43:16.048551,07/03/26,18:43:16
1495,2.41,1.495,2408.0267558528426,4049558898,2026-03-07 18:43:17.543551,07/03/26,18:43:17
1495,2.41,1.495,2408.0267558528426,4049560393,2026-03-07 18:43:19.038551,07/03/26,18:43:19
15200,0.24,15.2,236.8421052631579,4049575593,2026-03-07 18:43:34.238551,07/03/26,18:43:34
20733,0.17,20.733,173.63623209376357,4049596326,2026-03-07 18:43:54.971551,07/03/26,18:43:54
20869,0.17,20.869,172.50467200153338,4049617195,2026-03-07 18:44:15.840551,07/03/26,18:44:15
12276,0.29,12.276,293.2551319648094,4049629471,2026-03-07 18:44:28.116551,07/03/26,18:44:28
1553,2.32,1.553,2318.09401159047,4049631024,2026-03-07 18:44:29.669551,07/03/26,18:44:29
2385,1.51,2.385,1509.433962264151,4049633409,2026-03-07 18:44:32.054551,07/03/26,18:44:32
3131,1.15,3.131,1149.7923985946982,4049636540,2026-03-07 18:44:35.185551,07/03/26,18:44:35
1504,2.39,1.504,2393.6170212765956,4049638044,2026-03-07 18:44:36.689551,07/03/26,18:44:36
1633,2.2,1.633,2204.5315370483772,4049639677,2026-03-07 18:44:38.322551,07/03/26,18:44:38
3677,0.98,3.677,979.0590155017677,4049643354,2026-03-07 18:44:41.999551,07/03/26,18:44:41
1783,2.02,1.783,2019.0689848569825,4049645137,2026-03-07 18:44:43.782551,07/03/26,18:44:43
1483,2.43,1.483,2427.5118004045853,4049646620,2026-03-07 18:44:45.265551,07/03/26,18:44:45
1813,1.99,1.813,1985.6591285162713,4049648433,2026-03-07 18:44:47.078551,07/03/26,18:44:47
3688,0.98,3.688,976.1388286334056,4049652121,2026-03-07 18:44:50.766551,07/03/26,18:44:50
1603,2.24,1.603,2245.789145352464,4049653724,2026-03-07 18:44:52.369551,07/03/26,18:44:52
1565,2.3,1.565,2300.3194888178914,4049655289,2026-03-07 18:44:53.934551,07/03/26,18:44:53
3458,1.04,3.458,1041.0641989589358,4049658747,2026-03-07 18:44:57.392551,07/03/26,18:44:57
2981,1.21,2.981,1207.648440120765,4049661728,2026-03-07 18:45:00.373551,07/03/26,18:45:0
3140,1.15,3.14,1146.4968152866243,4049664868,2026-03-07 18:45:03.513551,07/03/26,18:45:3
3476,1.03,3.476,1035.6731875719217,4049668344,2026-03-07 18:45:06.989551,07/03/26,18:45:6
1548,2.33,1.548,2325.5813953488373,4049669892,2026-03-07 18:45:08.537551,07/03/26,18:45:8
1605,2.24,1.605,2242.9906542056074,4049671497,2026-03-07 18:45:10.142551,07/03/26,18:45:10
3604,1.0,3.604,998.8901220865705,4049675101,2026-03-07 18:45:13.746551,07/03/26,18:45:13
1913,1.88,1.913,1881.8609513852587,4049677014,2026-03-07 18:45:15.659551,07/03/26,18:45:15
1485,2.42,1.485,2424.242424242424,4049678499,2026-03-07 18:45:17.144551,07/03/26,18:45:17
1793,2.01,1.793,2007.808142777468,4049680292,2026-03-07 18:45:18.937551,07/03/26,18:45:18
3712,0.97,3.712,969.8275862068965,4049684004,2026-03-07 18:45:22.649551,07/03/26,18:45:22
1640,2.19,1.64,2195.121951219512,4049685644,2026-03-07 18:45:24.289551,07/03/26,18:45:24
1553,2.32,1.553,2318.09401159047,4049687197,2026-03-07 18:45:25.842551,07/03/26,18:45:25
4987,0.72,4.987,721.876879887708,4049692184,2026-03-07 18:45:30.829551,07/03/26,18:45:30
23778,0.15,23.778,151.4004542013626,4049715962,2026-03-07 18:45:54.607551,07/03/26,18:45:54
23791,0.15,23.791,151.31772519019796,4049739753,2026-03-07 18:46:18.398551,07/03/26,18:46:18
23543,0.15,23.543,152.91169349700547,4049763296,2026-03-07 18:46:41.941551,07/03/26,18:46:41
23499,0.15,23.499,153.19800842589046,4049786795,2026-03-07 18:47:05.440551,07/03/26,18:47:5
23438,0.15,23.438,153.59672326990358,4049810233,2026-03-07 18:47:28.878551,07/03/26,18:47:28
23776,0.15,23.776,151.41318977119784,4049834009,2026-03-07 18:47:52.654551,07/03/26,18:47:52
23636,0.15,23.636,152.31003553900828,4049857645,2026-03-07 18:48:16.290551,07/03/26,18:48:16
23769,0.15,23.769,151.45778114350625,4049881414,2026-03-07 18:48:40.059551,07/03/26,18:48:40
23549,0.15,23.549,152.87273344940337,4049904963,2026-03-07 18:49:03.608551,07/03/26,18:49:3
23832,0.15,23.832,151.05740181268882,4049928795,2026-03-07 18:49:27.440551,07/03/26,18:49:27
19709,0.18,19.709,182.6576690851895,4049948504,2026-03-07 18:49:47.149551,07/03/26,18:49:47
19389,0.19,19.389,185.67228841095468,4049967893,2026-03-07 18:50:06.538551,07/03/26,18:50:6
21380,0.17,21.38,168.38166510757716,4049989273,2026-03-07 18:50:27.918551,07/03/26,18:50:27
21284,0.17,21.284,169.14113888366848,4050010557,2026-03-07 18:50:49.202551,07/03/26,18:50:49
20530,0.17,20.53,175.35314174378956,4050031087,2026-03-07 18:51:09.732551,07/03/26,18:51:9
21298,0.17,21.298,169.02995586440042,4050052385,2026-03-07 18:51:31.030551,07/03/26,18:51:31
21901,0.16,21.901,164.376055887859,4050074286,2026-03-07 18:51:52.931551,07/03/26,18:51:52
21433,0.17,21.433,167.96528717398405,4050095719,2026-03-07 18:52:14.364551,07/03/26,18:52:14
21906,0.16,21.906,164.33853738701725,4050117625,2026-03-07 18:52:36.270551,07/03/26,18:52:36
21758,0.17,21.758,165.45638385881054,4050139383,2026-03-07 18:52:58.028551,07/03/26,18:52:58
21813,0.17,21.813,165.03919680924218,4050161196,2026-03-07 18:53:19.841551,07/03/26,18:53:19
21892,0.16,21.892,164.44363237712406,4050183088,2026-03-07 18:53:41.733551,07/03/26,18:53:41
21642,0.17,21.642,166.3432215137233,4050204730,2026-03-07 18:54:03.375551,07/03/26,18:54:3
21870,0.16,21.87,164.6090534979424,4050226600,2026-03-07 18:54:25.245551,07/03/26,18:54:25
21799,0.17,21.799,165.145190146337,4050248399,2026-03-07 18:54:47.044551,07/03/26,18:54:47
21604,0.17,21.604,166.6358081836697,4050270003,2026-03-07 18:55:08.648551,07/03/26,18:55:8
21593,0.17,21.593,166.72069652202103,4050291596,2026-03-07 18:55:30.241551,07/03/26,18:55:30
21403,0.17,21.403,168.2007195253002,4050312999,2026-03-07 18:55:51.644551,07/03/26,18:55:51
21398,0.17,21.398,168.240022432003,4050334397,2026-03-07 18:56:13.042551,07/03/26,18:56:13
21525,0.17,21.525,167.24738675958187,4050355922,2026-03-07 18:56:34.567551,07/03/26,18:56:34
21195,0.17,21.195,169.85138004246284,4050377117,2026-03-07 18:56:55.762551,07/03/26,18:56:55
21456,0.17,21.456,167.78523489932886,4050398573,2026-03-07 18:57:17.218551,07/03/26,18:57:17
21490,0.17,21.49,167.5197766402978,4050420063,2026-03-07 18:57:38.708551,07/03/26,18:57:38
21461,0.17,21.461,167.7461441684917,4050441524,2026-03-07 18:58:00.169551,07/03/26,18:58:0
21505,0.17,21.505,167.40292955126714,4050463029,2026-03-07 18:58:21.674551,07/03/26,18:58:21
21492,0.17,21.492,167.50418760469012,4050484521,2026-03-07 18:58:43.166551,07/03/26,18:58:43
21340,0.17,21.34,168.69728209934397,4050505861,2026-03-07 18:59:04.506551,07/03/26,18:59:4
21477,0.17,21.477,167.62117614191925,4050527338,2026-03-07 18:59:25.983551,07/03/26,18:59:25
21519,0.17,21.519,167.2940192388122,4050548857,2026-03-07 18:59:47.502551,07/03/26,18:59:47
21331,0.17,21.331,168.7684590502086,4050570188,2026-03-07 19:00:08.833551,07/03/26,19:0:8
21504,0.17,21.504,167.41071428571428,4050591692,2026-03-07 19:00:30.337551,07/03/26,19:0:30
20964,0.17,20.964,171.7229536348025,4050612656,2026-03-07 19:00:51.301551,07/03/26,19:0:51
21175,0.17,21.175,170.01180637544275,4050633831,2026-03-07 19:01:12.476551,07/03/26,19:1:12
21238,0.17,21.238,169.50748658065731,4050655069,2026-03-07 19:01:33.714551,07/03/26,19:1:33
20993,0.17,20.993,171.48573333968466,4050676062,2026-03-07 19:01:54.707551,07/03/26,19:1:54
20946,0.17,20.946,171.87052420509883,4050697008,2026-03-07 19:02:15.653551,07/03/26,19:2:15
21098,0.17,21.098,170.63228742060858,4050718106,2026-03-07 19:02:36.751551,07/03/26,19:2:36
20981,0.17,20.981,171.58381392688622,4050739087,2026-03-07 19:02:57.732551,07/03/26,19:2:57
20956,0.17,20.956,171.78850925749188,4050760043,2026-03-07 19:03:18.688551,07/03/26,19:3:18
21036,0.17,21.036,171.13519680547634,4050781079,2026-03-07 19:03:39.724551,07/03/26,19:3:39
20754,0.17,20.754,173.46053772766695,4050801833,2026-03-07 19:04:00.478551,07/03/26,19:4:0
21004,0.17,21.004,171.39592458579318,4050822837,2026-03-07 19:04:21.482551,07/03/26,19:4:21
21011,0.17,21.011,171.33882252153634,4050843848,2026-03-07 19:04:42.493551,07/03/26,19:4:42
20722,0.17,20.722,173.72840459415116,4050864570,2026-03-07 19:05:03.215551,07/03/26,19:5:3
20841,0.17,20.841,172.7364329926587,4050885411,2026-03-07 19:05:24.056551,07/03/26,19:5:24
21030,0.17,21.03,171.18402282453638,4050906441,2026-03-07 19:05:45.086551,07/03/26,19:5:45
20889,0.17,20.889,172.33950883239982,4050927330,2026-03-07 19:06:05.975551,07/03/26,19:6:5
20947,0.17,20.947,171.86231918651836,4050948277,2026-03-07 19:06:26.922551,07/03/26,19:6:26
20921,0.17,20.921,172.07590459347068,4050969198,2026-03-07 19:06:47.843551,07/03/26,19:6:47
20858,0.17,20.858,172.59564675424298,4050990056,2026-03-07 19:07:08.701551,07/03/26,19:7:8
21069,0.17,21.069,170.86715079026058,4051011125,2026-03-07 19:07:29.770551,07/03/26,19:7:29
21177,0.17,21.177,169.99575010624736,4051032302,2026-03-07 19:07:50.947551,07/03/26,19:7:50
21267,0.17,21.267,169.27634363097758,4051053569,2026-03-07 19:08:12.214551,07/03/26,19:8:12
21399,0.17,21.399,168.23216038132622,4051074968,2026-03-07 19:08:33.613551,07/03/26,19:8:33
21402,0.17,21.402,168.20857863751053,4051096370,2026-03-07 19:08:55.015551,07/03/26,19:8:55
21335,0.17,21.335,168.7368174361378,4051117705,2026-03-07 19:09:16.350551,07/03/26,19:9:16
21476,0.17,21.476,167.62898118830321,4051139181,2026-03-07 19:09:37.826551,07/03/26,19:9:37
21572,0.17,21.572,166.8829964769145,4051160753,2026-03-07 19:09:59.398551,07/03/26,19:9:59
21671,0.17,21.671,166.12062202944026,4051182424,2026-03-07 19:10:21.069551,07/03/26,19:10:21
21104,0.17,21.104,170.58377558756635,4051203528,2026-03-07 19:10:42.173551,07/03/26,19:10:42
21198,0.17,21.198,169.82734220209454,4051224726,2026-03-07 19:11:03.371551,07/03/26,19:11:3
21341,0.17,21.341,168.68937725504895,4051246067,2026-03-07 19:11:24.712551,07/03/26,19:11:24
21537,0.17,21.537,167.1541997492687,4051267604,2026-03-07 19:11:46.249551,07/03/26,19:11:46
21565,0.17,21.565,166.93716670530952,4051289169,2026-03-07 19:12:07.814551,07/03/26,19:12:7
21623,0.17,21.623,166.48938630162328,4051310792,2026-03-07 19:12:29.437551,07/03/26,19:12:29
21626,0.17,21.626,166.46629057615831,4051332418,2026-03-07 19:12:51.063551,07/03/26,19:12:51
21491,0.17,21.491,167.51198175980642,4051353909,2026-03-07 19:13:12.554551,07/03/26,19:13:12
21655,0.17,21.655,166.2433618102055,4051375564,2026-03-07 19:13:34.209551,07/03/26,19:13:34
21308,0.17,21.308,168.95062887178526,4051396872,2026-03-07 19:13:55.517551,07/03/26,19:13:55
21333,0.17,21.333,168.75263675994938,4051418205,2026-03-07 19:14:16.850551,07/03/26,19:14:16
21666,0.17,21.666,166.1589587371919,4051439871,2026-03-07 19:14:38.516551,07/03/26,19:14:38
21395,0.17,21.395,168.26361299369012,4051461266,2026-03-07 19:14:59.911551,07/03/26,19:14:59
21473,0.17,21.473,167.65240068923765,4051482739,2026-03-07 19:15:21.384551,07/03/26,19:15:21
21534,0.17,21.534,167.17748676511562,4051504273,2026-03-07 19:15:42.918551,07/03/26,19:15:42
21442,0.17,21.442,167.89478593414793,4051525715,2026-03-07 19:16:04.360551,07/03/26,19:16:4
21580,0.17,21.58,166.82113067655237,4051547295,2026-03-07 19:16:25.940551,07/03/26,19:16:25
21623,0.17,21.623,166.48938630162328,4051568918,2026-03-07 19:16:47.563551,07/03/26,19:16:47
21744,0.17,21.744,165.56291390728478,4051590662,2026-03-07 19:17:09.307551,07/03/26,19:17:9
28987,0.12,28.987,124.19360402939249,4051619649,2026-03-07 19:17:38.294551,07/03/26,19:17:38
28851,0.12,28.851,124.77903712176354,4051648500,2026-03-07 19:18:07.145551,07/03/26,19:18:7
27875,0.13,27.875,129.14798206278027,4051676375,2026-03-07 19:18:35.020551,07/03/26,19:18:35
15191,0.24,15.191,236.9824238035679,4051691566,2026-03-07 19:18:50.211551,07/03/26,19:18:50
15500,0.23,15.5,232.25806451612902,4051707066,2026-03-07 19:19:05.711551,07/03/26,19:19:5
16826,0.21,16.826,213.95459408058957,4051723892,2026-03-07 19:19:22.537551,07/03/26,19:19:22
17634,0.2,17.634,204.1510717931269,4051741526,2026-03-07 19:19:40.171551,07/03/26,19:19:40
17328,0.21,17.328,207.7562326869806,4051758854,2026-03-07 19:19:57.499551,07/03/26,19:19:57
17539,0.2,17.539,205.25685614915332,4051776393,2026-03-07 19:20:15.038551,07/03/26,19:20:15
17789,0.2,17.789,202.37225251559954,4051794182,2026-03-07 19:20:32.827551,07/03/26,19:20:32
18001,0.2,18.001,199.98888950613855,4051812183,2026-03-07 19:20:50.828551,07/03/26,19:20:50
17974,0.2,17.974,200.28930677645488,4051830157,2026-03-07 19:21:08.802551,07/03/26,19:21:8
18206,0.2,18.206,197.7370097769966,4051848363,2026-03-07 19:21:27.008551,07/03/26,19:21:27
18048,0.2,18.048,199.46808510638297,4051866411,2026-03-07 19:21:45.056551,07/03/26,19:21:45
18179,0.2,18.179,198.03069475768743,4051884590,2026-03-07 19:22:03.235551,07/03/26,19:22:3
18324,0.2,18.324,196.46365422396858,4051902914,2026-03-07 19:22:21.559551,07/03/26,19:22:21
18421,0.19,18.421,195.4291297975137,4051921335,2026-03-07 19:22:39.980551,07/03/26,19:22:39
18335,0.2,18.335,196.3457867466594,4051939670,2026-03-07 19:22:58.315551,07/03/26,19:22:58
18442,0.19,18.442,195.2065936449409,4051958112,2026-03-07 19:23:16.757551,07/03/26,19:23:16
18516,0.19,18.516,194.42644199611146,4051976628,2026-03-07 19:23:35.273551,07/03/26,19:23:35
18370,0.19,18.37,195.971692977681,4051994998,2026-03-07 19:23:53.643551,07/03/26,19:23:53
18476,0.19,18.476,194.84736956051094,4052013474,2026-03-07 19:24:12.119551,07/03/26,19:24:12
18541,0.19,18.541,194.16428455854592,4052032015,2026-03-07 19:24:30.660551,07/03/26,19:24:30
18573,0.19,18.573,193.82975286706508,4052050588,2026-03-07 19:24:49.233551,07/03/26,19:24:49
18550,0.19,18.55,194.0700808625337,4052069138,2026-03-07 19:25:07.783551,07/03/26,19:25:7
18601,0.19,18.601,193.53798182893394,4052087739,2026-03-07 19:25:26.384551,07/03/26,19:25:26
18709,0.19,18.709,192.42076006200224,4052106448,2026-03-07 19:25:45.093551,07/03/26,19:25:45
18664,0.19,18.664,192.88469781397342,4052125112,2026-03-07 19:26:03.757551,07/03/26,19:26:3
26264,0.14,26.264,137.0697532744441,4052151376,2026-03-07 19:26:30.021551,07/03/26,19:26:30
27816,0.13,27.816,129.42191544434857,4052179192,2026-03-07 19:26:57.837551,07/03/26,19:26:57
28248,0.13,28.248,127.44265080713679,4052207440,2026-03-07 19:27:26.085551,07/03/26,19:27:26
28423,0.13,28.423,126.65798824895332,4052235863,2026-03-07 19:27:54.508551,07/03/26,19:27:54
27742,0.13,27.742,129.76714007641843,4052263605,2026-03-07 19:28:22.250551,07/03/26,19:28:22
28340,0.13,28.34,127.02893436838391,4052291945,2026-03-07 19:28:50.590551,07/03/26,19:28:50
28145,0.13,28.145,127.90904245869604,4052320090,2026-03-07 19:29:18.735551,07/03/26,19:29:18
28361,0.13,28.361,126.93487535700433,4052348451,2026-03-07 19:29:47.096551,07/03/26,19:29:47
27910,0.13,27.91,128.98602651379434,4052376361,2026-03-07 19:30:15.006551,07/03/26,19:30:15
28148,0.13,28.148,127.89540997584197,4052404509,2026-03-07 19:30:43.154551,07/03/26,19:30:43
27887,0.13,27.887,129.09240864919138,4052432396,2026-03-07 19:31:11.041551,07/03/26,19:31:11
28245,0.13,28.245,127.45618693574085,4052460641,2026-03-07 19:31:39.286551,07/03/26,19:31:39
28506,0.13,28.506,126.28920227320565,4052489147,2026-03-07 19:32:07.792551,07/03/26,19:32:7
28841,0.12,28.841,124.82230158454978,4052517988,2026-03-07 19:32:36.633551,07/03/26,19:32:36
28842,0.12,28.842,124.8179737882255,4052546830,2026-03-07 19:33:05.475551,07/03/26,19:33:5
28797,0.12,28.797,125.01302218981144,4052575627,2026-03-07 19:33:34.272551,07/03/26,19:33:34
28441,0.13,28.441,126.5778277838332,4052604068,2026-03-07 19:34:02.713551,07/03/26,19:34:2
28722,0.12,28.722,125.33946104031753,4052632790,2026-03-07 19:34:31.435551,07/03/26,19:34:31
28588,0.12,28.588,125.92696236183014,4052661378,2026-03-07 19:35:00.023551,07/03/26,19:35:0
24897,0.14,24.897,144.59573442583445,4052686275,2026-03-07 19:35:24.920551,07/03/26,19:35:24
6408,0.56,6.408,561.7977528089888,4052692683,2026-03-07 19:35:31.328551,07/03/26,19:35:31
6423,0.56,6.423,560.485754320411,4052699106,2026-03-07 19:35:37.751551,07/03/26,19:35:37
6420,0.56,6.42,560.7476635514018,4052705526,2026-03-07 19:35:44.171551,07/03/26,19:35:44
6428,0.56,6.428,560.0497822028625,4052711954,2026-03-07 19:35:50.599551,07/03/26,19:35:50
6416,0.56,6.416,561.0972568578553,4052718370,2026-03-07 19:35:57.015551,07/03/26,19:35:57
6411,0.56,6.411,561.5348619560131,4052724781,2026-03-07 19:36:03.426551,07/03/26,19:36:3
6427,0.56,6.427,560.1369223587989,4052731208,2026-03-07 19:36:09.853551,07/03/26,19:36:9
6433,0.56,6.433,559.6144877972952,4052737641,2026-03-07 19:36:16.286551,07/03/26,19:36:16
6423,0.56,6.423,560.485754320411,4052744064,2026-03-07 19:36:22.709551,07/03/26,19:36:22
6431,0.56,6.431,559.7885243352512,4052750495,2026-03-07 19:36:29.140551,07/03/26,19:36:29
6452,0.56,6.452,557.9665220086795,4052756947,2026-03-07 19:36:35.592551,07/03/26,19:36:35
6415,0.56,6.415,561.1847233047545,4052763362,2026-03-07 19:36:42.007551,07/03/26,19:36:42
6415,0.56,6.415,561.1847233047545,4052769777,2026-03-07 19:36:48.422551,07/03/26,19:36:48
6417,0.56,6.417,561.0098176718093,4052776194,2026-03-07 19:36:54.839551,07/03/26,19:36:54
6391,0.56,6.391,563.2921295571898,4052782585,2026-03-07 19:37:01.230551,07/03/26,19:37:1
6418,0.56,6.418,560.9224057338735,4052789003,2026-03-07 19:37:07.648551,07/03/26,19:37:7
6426,0.56,6.426,560.2240896358544,4052795429,2026-03-07 19:37:14.074551,07/03/26,19:37:14
6443,0.56,6.443,558.7459258109576,4052801872,2026-03-07 19:37:20.517551,07/03/26,19:37:20
6444,0.56,6.444,558.659217877095,4052808316,2026-03-07 19:37:26.961551,07/03/26,19:37:26
6410,0.56,6.41,561.6224648985959,4052814726,2026-03-07 19:37:33.371551,07/03/26,19:37:33
6441,0.56,6.441,558.9194224499302,4052821167,2026-03-07 19:37:39.812551,07/03/26,19:37:39
6441,0.56,6.441,558.9194224499302,4052827608,2026-03-07 19:37:46.253551,07/03/26,19:37:46
6416,0.56,6.416,561.0972568578553,4052834024,2026-03-07 19:37:52.669551,07/03/26,19:37:52
6420,0.56,6.42,560.7476635514018,4052840444,2026-03-07 19:37:59.089551,07/03/26,19:37:59
6424,0.56,6.424,560.3985056039851,4052846868,2026-03-07 19:38:05.513551,07/03/26,19:38:5
6440,0.56,6.44,559.0062111801242,4052853308,2026-03-07 19:38:11.953551,07/03/26,19:38:11
6448,0.56,6.448,558.3126550868486,4052859756,2026-03-07 19:38:18.401551,07/03/26,19:38:18
6444,0.56,6.444,558.659217877095,4052866200,2026-03-07 19:38:24.845551,07/03/26,19:38:24
6430,0.56,6.43,559.8755832037325,4052872630,2026-03-07 19:38:31.275551,07/03/26,19:38:31
6447,0.56,6.447,558.3992554676594,4052879077,2026-03-07 19:38:37.722551,07/03/26,19:38:37
6454,0.56,6.454,557.7936163619461,4052885531,2026-03-07 19:38:44.176551,07/03/26,19:38:44
6444,0.56,6.444,558.659217877095,4052891975,2026-03-07 19:38:50.620551,07/03/26,19:38:50
6439,0.56,6.439,559.093026867526,4052898414,2026-03-07 19:38:57.059551,07/03/26,19:38:57
6435,0.56,6.435,559.4405594405595,4052904849,2026-03-07 19:39:03.494551,07/03/26,19:39:3
6446,0.56,6.446,558.4858827179646,4052911295,2026-03-07 19:39:09.940551,07/03/26,19:39:9
6367,0.56,6.367,565.4154232762683,4052917662,2026-03-07 19:39:16.307551,07/03/26,19:39:16
6372,0.56,6.372,564.9717514124294,4052924034,2026-03-07 19:39:22.679551,07/03/26,19:39:22
6381,0.56,6.381,564.1748942172073,4052930415,2026-03-07 19:39:29.060551,07/03/26,19:39:29
6389,0.56,6.389,563.4684614180622,4052936804,2026-03-07 19:39:35.449551,07/03/26,19:39:35
6423,0.56,6.423,560.485754320411,4052943227,2026-03-07 19:39:41.872551,07/03/26,19:39:41
6440,0.56,6.44,559.0062111801242,4052949667,2026-03-07 19:39:48.312551,07/03/26,19:39:48
6440,0.56,6.44,559.0062111801242,4052956107,2026-03-07 19:39:54.752551,07/03/26,19:39:54
6425,0.56,6.425,560.3112840466927,4052962532,2026-03-07 19:40:01.177551,07/03/26,19:40:1
6453,0.56,6.453,557.8800557880056,4052968985,2026-03-07 19:40:07.630551,07/03/26,19:40:7
6458,0.56,6.458,557.4481263549086,4052975443,2026-03-07 19:40:14.088551,07/03/26,19:40:14
6391,0.56,6.391,563.2921295571898,4052981834,2026-03-07 19:40:20.479551,07/03/26,19:40:20
6446,0.56,6.446,558.4858827179646,4052988280,2026-03-07 19:40:26.925551,07/03/26,19:40:26
6419,0.56,6.419,560.8350210313133,4052994699,2026-03-07 19:40:33.344551,07/03/26,19:40:33
6464,0.56,6.464,556.9306930693069,4053001163,2026-03-07 19:40:39.808551,07/03/26,19:40:39
6456,0.56,6.456,557.6208178438661,4053007619,2026-03-07 19:40:46.264551,07/03/26,19:40:46
6436,0.56,6.436,559.3536357986327,4053014055,2026-03-07 19:40:52.700551,07/03/26,19:40:52
6445,0.56,6.445,558.5725368502715,4053020500,2026-03-07 19:40:59.145551,07/03/26,19:40:59
6462,0.56,6.462,557.1030640668523,4053026962,2026-03-07 19:41:05.607551,07/03/26,19:41:5
6483,0.56,6.483,555.2984729291994,4053033445,2026-03-07 19:41:12.090551,07/03/26,19:41:12
6497,0.55,6.497,554.1018931814684,4053039942,2026-03-07 19:41:18.587551,07/03/26,19:41:18
6518,0.55,6.518,552.3166615526235,4053046460,2026-03-07 19:41:25.105551,07/03/26,19:41:25
6543,0.55,6.543,550.2063273727648,4053053003,2026-03-07 19:41:31.648551,07/03/26,19:41:31
6552,0.55,6.552,549.4505494505495,4053059555,2026-03-07 19:41:38.200551,07/03/26,19:41:38
6496,0.55,6.496,554.1871921182266,4053066051,2026-03-07 19:41:44.696551,07/03/26,19:41:44
6487,0.55,6.487,554.95606597811,4053072538,2026-03-07 19:41:51.183551,07/03/26,19:41:51
6440,0.56,6.44,559.0062111801242,4053078978,2026-03-07 19:41:57.623551,07/03/26,19:41:57
6462,0.56,6.462,557.1030640668523,4053085440,2026-03-07 19:42:04.085551,07/03/26,19:42:4
6485,0.56,6.485,555.1272166538165,4053091925,2026-03-07 19:42:10.570551,07/03/26,19:42:10
6456,0.56,6.456,557.6208178438661,4053098381,2026-03-07 19:42:17.026551,07/03/26,19:42:17
6420,0.56,6.42,560.7476635514018,4053104801,2026-03-07 19:42:23.446551,07/03/26,19:42:23
6432,0.56,6.432,559.7014925373135,4053111233,2026-03-07 19:42:29.878551,07/03/26,19:42:29
6441,0.56,6.441,558.9194224499302,4053117674,2026-03-07 19:42:36.319551,07/03/26,19:42:36
6447,0.56,6.447,558.3992554676594,4053124121,2026-03-07 19:42:42.766551,07/03/26,19:42:42
6484,0.56,6.484,555.2128315854411,4053130605,2026-03-07 19:42:49.250551,07/03/26,19:42:49
6423,0.56,6.423,560.485754320411,4053137028,2026-03-07 19:42:55.673551,07/03/26,19:42:55
6453,0.56,6.453,557.8800557880056,4053143481,2026-03-07 19:43:02.126551,07/03/26,19:43:2
6482,0.56,6.482,555.3841406973156,4053149963,2026-03-07 19:43:08.608551,07/03/26,19:43:8
6453,0.56,6.453,557.8800557880056,4053156416,2026-03-07 19:43:15.061551,07/03/26,19:43:15
6405,0.56,6.405,562.0608899297424,4053162821,2026-03-07 19:43:21.466551,07/03/26,19:43:21
6448,0.56,6.448,558.3126550868486,4053169269,2026-03-07 19:43:27.914551,07/03/26,19:43:27
6455,0.56,6.455,557.707203718048,4053175724,2026-03-07 19:43:34.369551,07/03/26,19:43:34
6471,0.56,6.471,556.3282336578582,4053182195,2026-03-07 19:43:40.840551,07/03/26,19:43:40
6420,0.56,6.42,560.7476635514018,4053188615,2026-03-07 19:43:47.260551,07/03/26,19:43:47
6426,0.56,6.426,560.2240896358544,4053195041,2026-03-07 19:43:53.686551,07/03/26,19:43:53
6442,0.56,6.442,558.8326606643899,4053201483,2026-03-07 19:44:00.128551,07/03/26,19:44:0
6444,0.56,6.444,558.659217877095,4053207927,2026-03-07 19:44:06.572551,07/03/26,19:44:6
6434,0.56,6.434,559.5275101025801,4053214361,2026-03-07 19:44:13.006551,07/03/26,19:44:13
6456,0.56,6.456,557.6208178438661,4053220817,2026-03-07 19:44:19.462551,07/03/26,19:44:19
6402,0.56,6.402,562.3242736644798,4053227219,2026-03-07 19:44:25.864551,07/03/26,19:44:25
6431,0.56,6.431,559.7885243352512,4053233650,2026-03-07 19:44:32.295551,07/03/26,19:44:32
6423,0.56,6.423,560.485754320411,4053240073,2026-03-07 19:44:38.718551,07/03/26,19:44:38
6444,0.56,6.444,558.659217877095,4053246517,2026-03-07 19:44:45.162551,07/03/26,19:44:45
6458,0.56,6.458,557.4481263549086,4053252975,2026-03-07 19:44:51.620551,07/03/26,19:44:51
6431,0.56,6.431,559.7885243352512,4053259406,2026-03-07 19:44:58.051551,07/03/26,19:44:58
6416,0.56,6.416,561.0972568578553,4053265822,2026-03-07 19:45:04.467551,07/03/26,19:45:4
6427,0.56,6.427,560.1369223587989,4053272249,2026-03-07 19:45:10.894551,07/03/26,19:45:10
6388,0.56,6.388,563.5566687539136,4053278637,2026-03-07 19:45:17.282551,07/03/26,19:45:17
6426,0.56,6.426,560.2240896358544,4053285063,2026-03-07 19:45:23.708551,07/03/26,19:45:23
6422,0.56,6.422,560.5730302086578,4053291485,2026-03-07 19:45:30.130551,07/03/26,19:45:30
6424,0.56,6.424,560.3985056039851,4053297909,2026-03-07 19:45:36.554551,07/03/26,19:45:36
6437,0.56,6.437,559.2667391642069,4053304346,2026-03-07 19:45:42.991551,07/03/26,19:45:42
6454,0.56,6.454,557.7936163619461,4053310800,2026-03-07 19:45:49.445551,07/03/26,19:45:49
6438,0.56,6.438,559.1798695246971,4053317238,2026-03-07 19:45:55.883551,07/03/26,19:45:55
6470,0.56,6.47,556.4142194744977,4053323708,2026-03-07 19:46:02.353551,07/03/26,19:46:2
6490,0.55,6.49,554.6995377503852,4053330198,2026-03-07 19:46:08.843551,07/03/26,19:46:8
6490,0.55,6.49,554.6995377503852,4053336688,2026-03-07 19:46:15.333551,07/03/26,19:46:15
6486,0.56,6.486,555.0416281221092,4053343174,2026-03-07 19:46:21.819551,07/03/26,19:46:21
6451,0.56,6.451,558.0530150364284,4053349625,2026-03-07 19:46:28.270551,07/03/26,19:46:28
6473,0.56,6.473,556.1563417271744,4053356098,2026-03-07 19:46:34.743551,07/03/26,19:46:34
6450,0.56,6.45,558.1395348837209,4053362548,2026-03-07 19:46:41.193551,07/03/26,19:46:41
6438,0.56,6.438,559.1798695246971,4053368986,2026-03-07 19:46:47.631551,07/03/26,19:46:47
6432,0.56,6.432,559.7014925373135,4053375418,2026-03-07 19:46:54.063551,07/03/26,19:46:54
6443,0.56,6.443,558.7459258109576,4053381861,2026-03-07 19:47:00.506551,07/03/26,19:47:0
6449,0.56,6.449,558.2260815630331,4053388310,2026-03-07 19:47:06.955551,07/03/26,19:47:6
6495,0.55,6.495,554.2725173210162,4053394805,2026-03-07 19:47:13.450551,07/03/26,19:47:13
6499,0.55,6.499,553.9313740575473,4053401304,2026-03-07 19:47:19.949551,07/03/26,19:47:19
6487,0.55,6.487,554.95606597811,4053407791,2026-03-07 19:47:26.436551,07/03/26,19:47:26
6481,0.56,6.481,555.4698349020213,4053414272,2026-03-07 19:47:32.917551,07/03/26,19:47:32
6478,0.56,6.478,555.7270762581044,4053420750,2026-03-07 19:47:39.395551,07/03/26,19:47:39
6498,0.55,6.498,554.016620498615,4053427248,2026-03-07 19:47:45.893551,07/03/26,19:47:45
6494,0.55,6.494,554.357868801971,4053433742,2026-03-07 19:47:52.387551,07/03/26,19:47:52
6464,0.56,6.464,556.9306930693069,4053440206,2026-03-07 19:47:58.851551,07/03/26,19:47:58
6484,0.56,6.484,555.2128315854411,4053446690,2026-03-07 19:48:05.335551,07/03/26,19:48:5
6480,0.56,6.48,555.5555555555555,4053453170,2026-03-07 19:48:11.815551,07/03/26,19:48:11
6476,0.56,6.476,555.8987029030266,4053459646,2026-03-07 19:48:18.291551,07/03/26,19:48:18
6490,0.55,6.49,554.6995377503852,4053466136,2026-03-07 19:48:24.781551,07/03/26,19:48:24
6447,0.56,6.447,558.3992554676594,4053472583,2026-03-07 19:48:31.228551,07/03/26,19:48:31
6484,0.56,6.484,555.2128315854411,4053479067,2026-03-07 19:48:37.712551,07/03/26,19:48:37
6503,0.55,6.503,553.5906504690143,4053485570,2026-03-07 19:48:44.215551,07/03/26,19:48:44
6489,0.55,6.489,554.7850208044383,4053492059,2026-03-07 19:48:50.704551,07/03/26,19:48:50
6453,0.56,6.453,557.8800557880056,4053498512,2026-03-07 19:48:57.157551,07/03/26,19:48:57
6475,0.56,6.475,555.984555984556,4053504987,2026-03-07 19:49:03.632551,07/03/26,19:49:3
6413,0.56,6.413,561.3597380321222,4053511400,2026-03-07 19:49:10.045551,07/03/26,19:49:10
6388,0.56,6.388,563.5566687539136,4053517788,2026-03-07 19:49:16.433551,07/03/26,19:49:16
6422,0.56,6.422,560.5730302086578,4053524210,2026-03-07 19:49:22.855551,07/03/26,19:49:22
6403,0.56,6.403,562.2364516632829,4053530613,2026-03-07 19:49:29.258551,07/03/26,19:49:29
6419,0.56,6.419,560.8350210313133,4053537032,2026-03-07 19:49:35.677551,07/03/26,19:49:35
6433,0.56,6.433,559.6144877972952,4053543465,2026-03-07 19:49:42.110551,07/03/26,19:49:42
6437,0.56,6.437,559.2667391642069,4053549902,2026-03-07 19:49:48.547551,07/03/26,19:49:48
6376,0.56,6.376,564.6173149309913,4053556278,2026-03-07 19:49:54.923551,07/03/26,19:49:54
6370,0.56,6.37,565.149136577708,4053562648,2026-03-07 19:50:01.293551,07/03/26,19:50:1
6429,0.56,6.429,559.9626691553897,4053569077,2026-03-07 19:50:07.722551,07/03/26,19:50:7
7297,0.49,7.297,493.3534329176374,4053576374,2026-03-07 19:50:15.019551,07/03/26,19:50:15
21485,0.17,21.485,167.55876192692577,4053597859,2026-03-07 19:50:36.504551,07/03/26,19:50:36
27412,0.13,27.412,131.3293448124909,4053625271,2026-03-07 19:51:03.916551,07/03/26,19:51:3
28682,0.12,28.682,125.51425981451781,4053653953,2026-03-07 19:51:32.598551,07/03/26,19:51:32
28839,0.12,28.839,124.83095807760324,4053682792,2026-03-07 19:52:01.437551,07/03/26,19:52:1
29041,0.12,29.041,123.96267346165766,4053711833,2026-03-07 19:52:30.478551,07/03/26,19:52:30
28991,0.12,28.991,124.17646855920803,4053740824,2026-03-07 19:52:59.469551,07/03/26,19:52:59
28942,0.12,28.942,124.3867044433695,4053769766,2026-03-07 19:53:28.411551,07/03/26,19:53:28
28711,0.12,28.711,125.38748214969873,4053798477,2026-03-07 19:53:57.122551,07/03/26,19:53:57
28957,0.12,28.957,124.32227095348276,4053827434,2026-03-07 19:54:26.079551,07/03/26,19:54:26
28939,0.12,28.939,124.39959915684716,4053856373,2026-03-07 19:54:55.018551,07/03/26,19:54:55
28659,0.12,28.659,125.61499005547995,4053885032,2026-03-07 19:55:23.677551,07/03/26,19:55:23
29018,0.12,29.018,124.06092770004824,4053914050,2026-03-07 19:55:52.695551,07/03/26,19:55:52
29008,0.12,29.008,124.10369553226695,4053943058,2026-03-07 19:56:21.703551,07/03/26,19:56:21
29796,0.12,29.796,120.82158679017317,4053972854,2026-03-07 19:56:51.499551,07/03/26,19:56:51
28058,0.13,28.058,128.3056525768052,4054000912,2026-03-07 19:57:19.557551,07/03/26,19:57:19
28430,0.13,28.43,126.6268026732325,4054029342,2026-03-07 19:57:47.987551,07/03/26,19:57:47
28389,0.13,28.389,126.80967980555849,4054057731,2026-03-07 19:58:16.376551,07/03/26,19:58:16
28527,0.13,28.527,126.19623514565149,4054086258,2026-03-07 19:58:44.903551,07/03/26,19:58:44
28300,0.13,28.3,127.20848056537102,4054114558,2026-03-07 19:59:13.203551,07/03/26,19:59:13
28498,0.13,28.498,126.32465436170959,4054143056,2026-03-07 19:59:41.701551,07/03/26,19:59:41
28365,0.13,28.365,126.9169751454257,4054171421,2026-03-07 20:00:10.066551,07/03/26,20:0:10
28474,0.13,28.474,126.43113015382454,4054199895,2026-03-07 20:00:38.540551,07/03/26,20:0:38
28330,0.13,28.33,127.07377338510413,4054228225,2026-03-07 20:01:06.870551,07/03/26,20:1:6
28416,0.13,28.416,126.6891891891892,4054256641,2026-03-07 20:01:35.286551,07/03/26,20:1:35
28116,0.13,28.116,128.04097311139566,4054284757,2026-03-07 20:02:03.402551,07/03/26,20:2:3
27619,0.13,27.619,130.34505231905572,4054312376,2026-03-07 20:02:31.021551,07/03/26,20:2:31
23341,0.15,23.341,154.23503705925197,4054335717,2026-03-07 20:02:54.362551,07/03/26,20:2:54
24687,0.14,24.687,145.82573824279984,4054360404,2026-03-07 20:03:19.049551,07/03/26,20:3:19
27694,0.13,27.694,129.9920560410197,4054388098,2026-03-07 20:03:46.743551,07/03/26,20:3:46
28113,0.13,28.113,128.05463664496853,4054416211,2026-03-07 20:04:14.856551,07/03/26,20:4:14
28079,0.13,28.079,128.20969407742442,4054444290,2026-03-07 20:04:42.935551,07/03/26,20:4:42
27608,0.13,27.608,130.3969863807592,4054471898,2026-03-07 20:05:10.543551,07/03/26,20:5:10
27786,0.13,27.786,129.5616497516735,4054499684,2026-03-07 20:05:38.329551,07/03/26,20:5:38
28051,0.13,28.051,128.33767067127732,4054527735,2026-03-07 20:06:06.380551,07/03/26,20:6:6
27755,0.13,27.755,129.70635921455593,4054555490,2026-03-07 20:06:34.135551,07/03/26,20:6:34
27114,0.13,27.114,132.772737331268,4054582604,2026-03-07 20:07:01.249551,07/03/26,20:7:1
27966,0.13,27.966,128.72774082814846,4054610570,2026-03-07 20:07:29.215551,07/03/26,20:7:29
27971,0.13,27.971,128.70472989882379,4054638541,2026-03-07 20:07:57.186551,07/03/26,20:7:57
28092,0.13,28.092,128.15036309269544,4054666633,2026-03-07 20:08:25.278551,07/03/26,20:8:25
28637,0.12,28.637,125.71149212557181,4054695270,2026-03-07 20:08:53.915551,07/03/26,20:8:53
27969,0.13,27.969,128.71393328327792,4054723239,2026-03-07 20:09:21.884551,07/03/26,20:9:21
27362,0.13,27.362,131.5693297273591,4054750601,2026-03-07 20:09:49.246551,07/03/26,20:9:49
27441,0.13,27.441,131.19055428009185,4054778042,2026-03-07 20:10:16.687551,07/03/26,20:10:16
27566,0.13,27.566,130.5956613219183,4054805608,2026-03-07 20:10:44.253551,07/03/26,20:10:44
27619,0.13,27.619,130.34505231905572,4054833227,2026-03-07 20:11:11.872551,07/03/26,20:11:11
29016,0.12,29.016,124.06947890818859,4054862243,2026-03-07 20:11:40.888551,07/03/26,20:11:40
28817,0.12,28.817,124.92625880556616,4054891060,2026-03-07 20:12:09.705551,07/03/26,20:12:9
28955,0.12,28.955,124.33085822828527,4054920015,2026-03-07 20:12:38.660551,07/03/26,20:12:38
28323,0.13,28.323,127.10517953606609,4054948338,2026-03-07 20:13:06.983551,07/03/26,20:13:6
29795,0.12,29.795,120.82564188622253,4054978133,2026-03-07 20:13:36.778551,07/03/26,20:13:36
28554,0.13,28.554,126.07690691321706,4055006687,2026-03-07 20:14:05.332551,07/03/26,20:14:5
20107,0.18,20.107,179.04212463321232,4055026794,2026-03-07 20:14:25.439551,07/03/26,20:14:25
18332,0.2,18.332,196.37791839406503,4055045126,2026-03-07 20:14:43.771551,07/03/26,20:14:43
18259,0.2,18.259,197.16304288296183,4055063385,2026-03-07 20:15:02.030551,07/03/26,20:15:2
18321,0.2,18.321,196.49582446373014,4055081706,2026-03-07 20:15:20.351551,07/03/26,20:15:20
18266,0.2,18.266,197.087484944706,4055099972,2026-03-07 20:15:38.617551,07/03/26,20:15:38
18044,0.2,18.044,199.51230325870094,4055118016,2026-03-07 20:15:56.661551,07/03/26,20:15:56
17805,0.2,17.805,202.19039595619208,4055135821,2026-03-07 20:16:14.466551,07/03/26,20:16:14
18494,0.19,18.494,194.65772683032336,4055154315,2026-03-07 20:16:32.960551,07/03/26,20:16:32
17811,0.2,17.811,202.122283981809,4055172126,2026-03-07 20:16:50.771551,07/03/26,20:16:50
17691,0.2,17.691,203.49330167881973,4055189817,2026-03-07 20:17:08.462551,07/03/26,20:17:8
17763,0.2,17.763,202.66846816416145,4055207580,2026-03-07 20:17:26.225551,07/03/26,20:17:26
17668,0.2,17.668,203.75820692777904,4055225248,2026-03-07 20:17:43.893551,07/03/26,20:17:43
17787,0.2,17.787,202.3950075898128,4055243035,2026-03-07 20:18:01.680551,07/03/26,20:18:1
17818,0.2,17.818,202.0428779885509,4055260853,2026-03-07 20:18:19.498551,07/03/26,20:18:19
17790,0.2,17.79,202.3608768971332,4055278643,2026-03-07 20:18:37.288551,07/03/26,20:18:37
17886,0.2,17.886,201.27474002012747,4055296529,2026-03-07 20:18:55.174551,07/03/26,20:18:55
17881,0.2,17.881,201.3310217549354,4055314410,2026-03-07 20:19:13.055551,07/03/26,20:19:13
18017,0.2,18.017,199.8112893378476,4055332427,2026-03-07 20:19:31.072551,07/03/26,20:19:31
18097,0.2,18.097,198.92799911587556,4055350524,2026-03-07 20:19:49.169551,07/03/26,20:19:49
18558,0.19,18.558,193.98642095053347,4055369082,2026-03-07 20:20:07.727551,07/03/26,20:20:7
18365,0.2,18.365,196.02504764497687,4055387447,2026-03-07 20:20:26.092551,07/03/26,20:20:26
18285,0.2,18.285,196.88269073010665,4055405732,2026-03-07 20:20:44.377551,07/03/26,20:20:44
18323,0.2,18.323,196.4743764667358,4055424055,2026-03-07 20:21:02.700551,07/03/26,20:21:2
18139,0.2,18.139,198.46739070511055,4055442194,2026-03-07 20:21:20.839551,07/03/26,20:21:20
18279,0.2,18.279,196.94731659281143,4055460473,2026-03-07 20:21:39.118551,07/03/26,20:21:39
18530,0.19,18.53,194.27954668105775,4055479003,2026-03-07 20:21:57.648551,07/03/26,20:21:57
26301,0.14,26.301,136.87692483175545,4055505304,2026-03-07 20:22:23.949551,07/03/26,20:22:23
27634,0.13,27.634,130.2742997756387,4055532938,2026-03-07 20:22:51.583551,07/03/26,20:22:51
27262,0.13,27.262,132.05194042990243,4055560200,2026-03-07 20:23:18.845551,07/03/26,20:23:18
27284,0.13,27.284,131.94546254214924,4055587484,2026-03-07 20:23:46.129551,07/03/26,20:23:46
27200,0.13,27.2,132.35294117647058,4055614684,2026-03-07 20:24:13.329551,07/03/26,20:24:13
26871,0.13,26.871,133.973428603327,4055641555,2026-03-07 20:24:40.200551,07/03/26,20:24:40
27189,0.13,27.189,132.40648791790798,4055668744,2026-03-07 20:25:07.389551,07/03/26,20:25:7
27526,0.13,27.526,130.78543922110006,4055696270,2026-03-07 20:25:34.915551,07/03/26,20:25:34
27279,0.13,27.279,131.96964698119433,4055723549,2026-03-07 20:26:02.194551,07/03/26,20:26:2
26614,0.14,26.614,135.26715262643722,4055750163,2026-03-07 20:26:28.808551,07/03/26,20:26:28
26723,0.13,26.723,134.71541368858286,4055776886,2026-03-07 20:26:55.531551,07/03/26,20:26:55
26609,0.14,26.609,135.29257018302079,4055803495,2026-03-07 20:27:22.140551,07/03/26,20:27:22
27160,0.13,27.16,132.5478645066274,4055830655,2026-03-07 20:27:49.300551,07/03/26,20:27:49
27737,0.13,27.737,129.7905325017125,4055858392,2026-03-07 20:28:17.037551,07/03/26,20:28:17
27797,0.13,27.797,129.51037881785805,4055886189,2026-03-07 20:28:44.834551,07/03/26,20:28:44
27792,0.13,27.792,129.5336787564767,4055913981,2026-03-07 20:29:12.626551,07/03/26,20:29:12
28775,0.12,28.775,125.10860121633362,4055942756,2026-03-07 20:29:41.401551,07/03/26,20:29:41
28775,0.12,28.775,125.10860121633362,4055971531,2026-03-07 20:30:10.176551,07/03/26,20:30:10
29214,0.12,29.214,123.22858903265558,4056000745,2026-03-07 20:30:39.390551,07/03/26,20:30:39
29133,0.12,29.133,123.57120790855731,4056029878,2026-03-07 20:31:08.523551,07/03/26,20:31:8
28131,0.13,28.131,127.97269915751306,4056058009,2026-03-07 20:31:36.654551,07/03/26,20:31:36
27278,0.13,27.278,131.97448493291296,4056085287,2026-03-07 20:32:03.932551,07/03/26,20:32:3
27570,0.13,27.57,130.57671381936888,4056112857,2026-03-07 20:32:31.502551,07/03/26,20:32:31
28085,0.13,28.085,128.18230372084741,4056140942,2026-03-07 20:32:59.587551,07/03/26,20:32:59
27941,0.13,27.941,128.84291900790953,4056168883,2026-03-07 20:33:27.528551,07/03/26,20:33:27
28307,0.13,28.307,127.17702335111457,4056197190,2026-03-07 20:33:55.835551,07/03/26,20:33:55
27912,0.13,27.912,128.9767841788478,4056225102,2026-03-07 20:34:23.747551,07/03/26,20:34:23
28454,0.13,28.454,126.5199971884445,4056253556,2026-03-07 20:34:52.201551,07/03/26,20:34:52
28398,0.13,28.398,126.76949080921192,4056281954,2026-03-07 20:35:20.599551,07/03/26,20:35:20
28348,0.13,28.348,126.99308593198815,4056310302,2026-03-07 20:35:48.947551,07/03/26,20:35:48
28179,0.13,28.179,127.75471095496647,4056338481,2026-03-07 20:36:17.126551,07/03/26,20:36:17
28344,0.13,28.344,127.01100762066045,4056366825,2026-03-07 20:36:45.470551,07/03/26,20:36:45
28173,0.13,28.173,127.78191885848152,4056394998,2026-03-07 20:37:13.643551,07/03/26,20:37:13
27324,0.13,27.324,131.75230566534916,4056422322,2026-03-07 20:37:40.967551,07/03/26,20:37:40
28001,0.13,28.001,128.5668368986822,4056450323,2026-03-07 20:38:08.968551,07/03/26,20:38:8
28601,0.12,28.601,125.86972483479599,4056478924,2026-03-07 20:38:37.569551,07/03/26,20:38:37
28742,0.12,28.742,125.25224410270684,4056507666,2026-03-07 20:39:06.311551,07/03/26,20:39:6
28549,0.13,28.549,126.0989877053487,4056536215,2026-03-07 20:39:34.860551,07/03/26,20:39:34
28857,0.12,28.857,124.75309283709325,4056565072,2026-03-07 20:40:03.717551,07/03/26,20:40:3
28825,0.12,28.825,124.8915871639202,4056593897,2026-03-07 20:40:32.542551,07/03/26,20:40:32
28851,0.12,28.851,124.77903712176354,4056622748,2026-03-07 20:41:01.393551,07/03/26,20:41:1
28745,0.12,28.745,125.23917202991825,4056651493,2026-03-07 20:41:30.138551,07/03/26,20:41:30
28821,0.12,28.821,124.90892057874467,4056680314,2026-03-07 20:41:58.959551,07/03/26,20:41:58
28890,0.12,28.89,124.61059190031153,4056709204,2026-03-07 20:42:27.849551,07/03/26,20:42:27
29448,0.12,29.448,122.24938875305624,4056738652,2026-03-07 20:42:57.297551,07/03/26,20:42:57
29163,0.12,29.163,123.44409011418578,4056767815,2026-03-07 20:43:26.460551,07/03/26,20:43:26
29205,0.12,29.205,123.26656394453005,4056797020,2026-03-07 20:43:55.665551,07/03/26,20:43:55
29168,0.12,29.168,123.42292923752058,4056826188,2026-03-07 20:44:24.833551,07/03/26,20:44:24
29242,0.12,29.242,123.11059435059161,4056855430,2026-03-07 20:44:54.075551,07/03/26,20:44:54
28391,0.13,28.391,126.80074671550844,4056883821,2026-03-07 20:45:22.466551,07/03/26,20:45:22
26956,0.13,26.956,133.5509719542959,4056910777,2026-03-07 20:45:49.422551,07/03/26,20:45:49
26876,0.13,26.876,133.94850424170264,4056937653,2026-03-07 20:46:16.298551,07/03/26,20:46:16
27075,0.13,27.075,132.9639889196676,4056964728,2026-03-07 20:46:43.373551,07/03/26,20:46:43
27144,0.13,27.144,132.6259946949602,4056991872,2026-03-07 20:47:10.517551,07/03/26,20:47:10
27233,0.13,27.233,132.1925604964565,4057019105,2026-03-07 20:47:37.750551,07/03/26,20:47:37
28186,0.13,28.186,127.72298304122614,4057047291,2026-03-07 20:48:05.936551,07/03/26,20:48:5
27867,0.13,27.867,129.18505759500485,4057075158,2026-03-07 20:48:33.803551,07/03/26,20:48:33
27520,0.13,27.52,130.8139534883721,4057102678,2026-03-07 20:49:01.323551,07/03/26,20:49:1
27598,0.13,27.598,130.44423508949924,4057130276,2026-03-07 20:49:28.921551,07/03/26,20:49:28
28299,0.13,28.299,127.2129757235238,4057158575,2026-03-07 20:49:57.220551,07/03/26,20:49:57
27507,0.13,27.507,130.8757770749264,4057186082,2026-03-07 20:50:24.727551,07/03/26,20:50:24
27721,0.13,27.721,129.86544496951768,4057213803,2026-03-07 20:50:52.448551,07/03/26,20:50:52
27682,0.13,27.682,130.0484069070154,4057241485,2026-03-07 20:51:20.130551,07/03/26,20:51:20
28917,0.12,28.917,124.49424214130096,4057270402,2026-03-07 20:51:49.047551,07/03/26,20:51:49
28626,0.12,28.626,125.75979878432194,4057299028,2026-03-07 20:52:17.673551,07/03/26,20:52:17
28663,0.12,28.663,125.59746014025049,4057327691,2026-03-07 20:52:46.336551,07/03/26,20:52:46
28899,0.12,28.899,124.57178449081283,4057356590,2026-03-07 20:53:15.235551,07/03/26,20:53:15
28919,0.12,28.919,124.48563228327397,4057385509,2026-03-07 20:53:44.154551,07/03/26,20:53:44
30812,0.12,30.812,116.83759574191873,4057416321,2026-03-07 20:54:14.966551,07/03/26,20:54:14
35698,0.1,35.698,100.8459857695109,4057452019,2026-03-07 20:54:50.664551,07/03/26,20:54:50
36703,0.1,36.703,98.08462523499442,4057488722,2026-03-07 20:55:27.367551,07/03/26,20:55:27
36891,0.1,36.891,97.58477677482313,4057525613,2026-03-07 20:56:04.258551,07/03/26,20:56:4
36984,0.1,36.984,97.3393900064893,4057562597,2026-03-07 20:56:41.242551,07/03/26,20:56:41
35179,0.1,35.179,102.33377867477756,4057597776,2026-03-07 20:57:16.421551,07/03/26,20:57:16
17695,0.2,17.695,203.4473014975982,4057615471,2026-03-07 20:57:34.116551,07/03/26,20:57:34
20742,0.17,20.742,173.56089094590686,4057636213,2026-03-07 20:57:54.858551,07/03/26,20:57:54
20620,0.17,20.62,174.5877788554801,4057656833,2026-03-07 20:58:15.478551,07/03/26,20:58:15
20749,0.17,20.749,173.50233746204637,4057677582,2026-03-07 20:58:36.227551,07/03/26,20:58:36
21053,0.17,21.053,170.99700755236785,4057698635,2026-03-07 20:58:57.280551,07/03/26,20:58:57
21121,0.17,21.121,170.44647507220301,4057719756,2026-03-07 20:59:18.401551,07/03/26,20:59:18
20820,0.17,20.82,172.9106628242075,4057740576,2026-03-07 20:59:39.221551,07/03/26,20:59:39
20412,0.18,20.412,176.3668430335097,4057760988,2026-03-07 20:59:59.633551,07/03/26,20:59:59
20519,0.17,20.519,175.44714654710268,4057781507,2026-03-07 21:00:20.152551,07/03/26,21:0:20
20387,0.18,20.387,176.5831166920096,4057801894,2026-03-07 21:00:40.539551,07/03/26,21:0:40
20390,0.18,20.39,176.55713585090731,4057822284,2026-03-07 21:01:00.929551,07/03/26,21:1:0
20628,0.17,20.628,174.52006980802793,4057842912,2026-03-07 21:01:21.557551,07/03/26,21:1:21
20744,0.17,20.744,173.54415734670266,4057863656,2026-03-07 21:01:42.301551,07/03/26,21:1:42
20595,0.17,20.595,174.79970866715223,4057884251,2026-03-07 21:02:02.896551,07/03/26,21:2:2
20698,0.17,20.698,173.9298482945212,4057904949,2026-03-07 21:02:23.594551,07/03/26,21:2:23
20803,0.17,20.803,173.05196365908762,4057925752,2026-03-07 21:02:44.397551,07/03/26,21:2:44
20533,0.17,20.533,175.32752155067453,4057946285,2026-03-07 21:03:04.930551,07/03/26,21:3:4
19166,0.19,19.166,187.8326202650527,4057965451,2026-03-07 21:03:24.096551,07/03/26,21:3:24
17272,0.21,17.272,208.42982862436313,4057982723,2026-03-07 21:03:41.368551,07/03/26,21:3:41
17466,0.21,17.466,206.11473720371006,4058000189,2026-03-07 21:03:58.834551,07/03/26,21:3:58
17626,0.2,17.626,204.24373085215024,4058017815,2026-03-07 21:04:16.460551,07/03/26,21:4:16
17735,0.2,17.735,202.98844093600226,4058035550,2026-03-07 21:04:34.195551,07/03/26,21:4:34
22462,0.16,22.462,160.270679369602,4058058012,2026-03-07 21:04:56.657551,07/03/26,21:4:56
24889,0.14,24.889,144.64221141869902,4058082901,2026-03-07 21:05:21.546551,07/03/26,21:5:21
25201,0.14,25.201,142.85147414785126,4058108102,2026-03-07 21:05:46.747551,07/03/26,21:5:46
24054,0.15,24.054,149.66325767024196,4058132156,2026-03-07 21:06:10.801551,07/03/26,21:6:10
7498,0.48,7.498,480.12803414243797,4058139654,2026-03-07 21:06:18.299551,07/03/26,21:6:18
1744,2.06,1.744,2064.2201834862385,4058141398,2026-03-07 21:06:20.043551,07/03/26,21:6:20
1772,2.03,1.772,2031.6027088036117,4058143170,2026-03-07 21:06:21.815551,07/03/26,21:6:21
1767,2.04,1.767,2037.351443123939,4058144937,2026-03-07 21:06:23.582551,07/03/26,21:6:23
1788,2.01,1.788,2013.4228187919464,4058146725,2026-03-07 21:06:25.370551,07/03/26,21:6:25
1789,2.01,1.789,2012.2973728339855,4058148514,2026-03-07 21:06:27.159551,07/03/26,21:6:27
1781,2.02,1.781,2021.336327905671,4058150295,2026-03-07 21:06:28.940551,07/03/26,21:6:28
1773,2.03,1.773,2030.4568527918782,4058152068,2026-03-07 21:06:30.713551,07/03/26,21:6:30
1779,2.02,1.779,2023.6087689713322,4058153847,2026-03-07 21:06:32.492551,07/03/26,21:6:32
1772,2.03,1.772,2031.6027088036117,4058155619,2026-03-07 21:06:34.264551,07/03/26,21:6:34
1770,2.03,1.77,2033.8983050847457,4058157389,2026-03-07 21:06:36.034551,07/03/26,21:6:36
1769,2.04,1.769,2035.048049745619,4058159158,2026-03-07 21:06:37.803551,07/03/26,21:6:37
1770,2.03,1.77,2033.8983050847457,4058160928,2026-03-07 21:06:39.573551,07/03/26,21:6:39
1789,2.01,1.789,2012.2973728339855,4058162717,2026-03-07 21:06:41.362551,07/03/26,21:6:41
1790,2.01,1.79,2011.173184357542,4058164507,2026-03-07 21:06:43.152551,07/03/26,21:6:43
1784,2.02,1.784,2017.9372197309417,4058166291,2026-03-07 21:06:44.936551,07/03/26,21:6:44
1769,2.04,1.769,2035.048049745619,4058168060,2026-03-07 21:06:46.705551,07/03/26,21:6:46
1770,2.03,1.77,2033.8983050847457,4058169830,2026-03-07 21:06:48.475551,07/03/26,21:6:48
1772,2.03,1.772,2031.6027088036117,4058171602,2026-03-07 21:06:50.247551,07/03/26,21:6:50
1792,2.01,1.792,2008.9285714285713,4058173394,2026-03-07 21:06:52.039551,07/03/26,21:6:52
1791,2.01,1.791,2010.0502512562814,4058175185,2026-03-07 21:06:53.830551,07/03/26,21:6:53
1781,2.02,1.781,2021.336327905671,4058176966,2026-03-07 21:06:55.611551,07/03/26,21:6:55
1768,2.04,1.768,2036.1990950226245,4058178734,2026-03-07 21:06:57.379551,07/03/26,21:6:57
1766,2.04,1.766,2038.5050962627406,4058180500,2026-03-07 21:06:59.145551,07/03/26,21:6:59
1769,2.04,1.769,2035.048049745619,4058182269,2026-03-07 21:07:00.914551,07/03/26,21:7:0
1769,2.04,1.769,2035.048049745619,4058184038,2026-03-07 21:07:02.683551,07/03/26,21:7:2
1768,2.04,1.768,2036.1990950226245,4058185806,2026-03-07 21:07:04.451551,07/03/26,21:7:4
1765,2.04,1.765,2039.6600566572238,4058187571,2026-03-07 21:07:06.216551,07/03/26,21:7:6
1793,2.01,1.793,2007.808142777468,4058189364,2026-03-07 21:07:08.009551,07/03/26,21:7:8
1795,2.01,1.795,2005.5710306406686,4058191159,2026-03-07 21:07:09.804551,07/03/26,21:7:9
1787,2.01,1.787,2014.5495243424734,4058192946,2026-03-07 21:07:11.591551,07/03/26,21:7:11
1761,2.04,1.761,2044.2930153321977,4058194707,2026-03-07 21:07:13.352551,07/03/26,21:7:13
1763,2.04,1.763,2041.973908111174,4058196470,2026-03-07 21:07:15.115551,07/03/26,21:7:15
1762,2.04,1.762,2043.1328036322361,4058198232,2026-03-07 21:07:16.877551,07/03/26,21:7:16
1776,2.03,1.776,2027.027027027027,4058200008,2026-03-07 21:07:18.653551,07/03/26,21:7:18
1783,2.02,1.783,2019.0689848569825,4058201791,2026-03-07 21:07:20.436551,07/03/26,21:7:20
1761,2.04,1.761,2044.2930153321977,4058203552,2026-03-07 21:07:22.197551,07/03/26,21:7:22
1714,2.1,1.714,2100.3500583430573,4058205266,2026-03-07 21:07:23.911551,07/03/26,21:7:23
1760,2.05,1.76,2045.4545454545455,4058207026,2026-03-07 21:07:25.671551,07/03/26,21:7:25
1758,2.05,1.758,2047.7815699658704,4058208784,2026-03-07 21:07:27.429551,07/03/26,21:7:27
1758,2.05,1.758,2047.7815699658704,4058210542,2026-03-07 21:07:29.187551,07/03/26,21:7:29
1759,2.05,1.759,2046.617396247868,4058212301,2026-03-07 21:07:30.946551,07/03/26,21:7:30
1762,2.04,1.762,2043.1328036322361,4058214063,2026-03-07 21:07:32.708551,07/03/26,21:7:32
1783,2.02,1.783,2019.0689848569825,4058215846,2026-03-07 21:07:34.491551,07/03/26,21:7:34
1791,2.01,1.791,2010.0502512562814,4058217637,2026-03-07 21:07:36.282551,07/03/26,21:7:36
1786,2.02,1.786,2015.6774916013437,4058219423,2026-03-07 21:07:38.068551,07/03/26,21:7:38
1761,2.04,1.761,2044.2930153321977,4058221184,2026-03-07 21:07:39.829551,07/03/26,21:7:39
1762,2.04,1.762,2043.1328036322361,4058222946,2026-03-07 21:07:41.591551,07/03/26,21:7:41
1754,2.05,1.754,2052.4515393386546,4058224700,2026-03-07 21:07:43.345551,07/03/26,21:7:43
1775,2.03,1.775,2028.1690140845071,4058226475,2026-03-07 21:07:45.120551,07/03/26,21:7:45
1785,2.02,1.785,2016.8067226890757,4058228260,2026-03-07 21:07:46.905551,07/03/26,21:7:46
1786,2.02,1.786,2015.6774916013437,4058230046,2026-03-07 21:07:48.691551,07/03/26,21:7:48
1764,2.04,1.764,2040.8163265306123,4058231810,2026-03-07 21:07:50.455551,07/03/26,21:7:50
1763,2.04,1.763,2041.973908111174,4058233573,2026-03-07 21:07:52.218551,07/03/26,21:7:52
1762,2.04,1.762,2043.1328036322361,4058235335,2026-03-07 21:07:53.980551,07/03/26,21:7:53
1758,2.05,1.758,2047.7815699658704,4058237093,2026-03-07 21:07:55.738551,07/03/26,21:7:55
1758,2.05,1.758,2047.7815699658704,4058238851,2026-03-07 21:07:57.496551,07/03/26,21:7:57
1760,2.05,1.76,2045.4545454545455,4058240611,2026-03-07 21:07:59.256551,07/03/26,21:7:59
1771,2.03,1.771,2032.7498588368153,4058242382,2026-03-07 21:08:01.027551,07/03/26,21:8:1
1785,2.02,1.785,2016.8067226890757,4058244167,2026-03-07 21:08:02.812551,07/03/26,21:8:2
1792,2.01,1.792,2008.9285714285713,4058245959,2026-03-07 21:08:04.604551,07/03/26,21:8:4
1764,2.04,1.764,2040.8163265306123,4058247723,2026-03-07 21:08:06.368551,07/03/26,21:8:6
1752,2.05,1.752,2054.794520547945,4058249475,2026-03-07 21:08:08.120551,07/03/26,21:8:8
1758,2.05,1.758,2047.7815699658704,4058251233,2026-03-07 21:08:09.878551,07/03/26,21:8:9
1767,2.04,1.767,2037.351443123939,4058253000,2026-03-07 21:08:11.645551,07/03/26,21:8:11
1790,2.01,1.79,2011.173184357542,4058254790,2026-03-07 21:08:13.435551,07/03/26,21:8:13
1796,2.0,1.796,2004.4543429844098,4058256586,2026-03-07 21:08:15.231551,07/03/26,21:8:15
1768,2.04,1.768,2036.1990950226245,4058258354,2026-03-07 21:08:16.999551,07/03/26,21:8:16
1754,2.05,1.754,2052.4515393386546,4058260108,2026-03-07 21:08:18.753551,07/03/26,21:8:18
1752,2.05,1.752,2054.794520547945,4058261860,2026-03-07 21:08:20.505551,07/03/26,21:8:20
1758,2.05,1.758,2047.7815699658704,4058263618,2026-03-07 21:08:22.263551,07/03/26,21:8:22
1755,2.05,1.755,2051.2820512820513,4058265373,2026-03-07 21:08:24.018551,07/03/26,21:8:24
1755,2.05,1.755,2051.2820512820513,4058267128,2026-03-07 21:08:25.773551,07/03/26,21:8:25
1763,2.04,1.763,2041.973908111174,4058268891,2026-03-07 21:08:27.536551,07/03/26,21:8:27
1791,2.01,1.791,2010.0502512562814,4058270682,2026-03-07 21:08:29.327551,07/03/26,21:8:29
1799,2.0,1.799,2001.1117287381878,4058272481,2026-03-07 21:08:31.126551,07/03/26,21:8:31
1719,2.09,1.719,2094.240837696335,4058274200,2026-03-07 21:08:32.845551,07/03/26,21:8:32
1763,2.04,1.763,2041.973908111174,4058275963,2026-03-07 21:08:34.608551,07/03/26,21:8:34
1760,2.05,1.76,2045.4545454545455,4058277723,2026-03-07 21:08:36.368551,07/03/26,21:8:36
1760,2.05,1.76,2045.4545454545455,4058279483,2026-03-07 21:08:38.128551,07/03/26,21:8:38
1793,2.01,1.793,2007.808142777468,4058281276,2026-03-07 21:08:39.921551,07/03/26,21:8:39
1804,2.0,1.804,1995.5654101995565,4058283080,2026-03-07 21:08:41.725551,07/03/26,21:8:41
1783,2.02,1.783,2019.0689848569825,4058284863,2026-03-07 21:08:43.508551,07/03/26,21:8:43
1772,2.03,1.772,2031.6027088036117,4058286635,2026-03-07 21:08:45.280551,07/03/26,21:8:45
1766,2.04,1.766,2038.5050962627406,4058288401,2026-03-07 21:08:47.046551,07/03/26,21:8:47
1764,2.04,1.764,2040.8163265306123,4058290165,2026-03-07 21:08:48.810551,07/03/26,21:8:48
1766,2.04,1.766,2038.5050962627406,4058291931,2026-03-07 21:08:50.576551,07/03/26,21:8:50
1768,2.04,1.768,2036.1990950226245,4058293699,2026-03-07 21:08:52.344551,07/03/26,21:8:52
1769,2.04,1.769,2035.048049745619,4058295468,2026-03-07 21:08:54.113551,07/03/26,21:8:54
1801,2.0,1.801,1998.8895058300943,4058297269,2026-03-07 21:08:55.914551,07/03/26,21:8:55
1807,1.99,1.807,1992.2523519645822,4058299076,2026-03-07 21:08:57.721551,07/03/26,21:8:57
1786,2.02,1.786,2015.6774916013437,4058300862,2026-03-07 21:08:59.507551,07/03/26,21:8:59
1766,2.04,1.766,2038.5050962627406,4058302628,2026-03-07 21:09:01.273551,07/03/26,21:9:1
1766,2.04,1.766,2038.5050962627406,4058304394,2026-03-07 21:09:03.039551,07/03/26,21:9:3
1770,2.03,1.77,2033.8983050847457,4058306164,2026-03-07 21:09:04.809551,07/03/26,21:9:4
1794,2.01,1.794,2006.6889632107022,4058307958,2026-03-07 21:09:06.603551,07/03/26,21:9:6
1798,2.0,1.798,2002.2246941045605,4058309756,2026-03-07 21:09:08.401551,07/03/26,21:9:8
1791,2.01,1.791,2010.0502512562814,4058311547,2026-03-07 21:09:10.192551,07/03/26,21:9:10
1773,2.03,1.773,2030.4568527918782,4058313320,2026-03-07 21:09:11.965551,07/03/26,21:9:11
1770,2.03,1.77,2033.8983050847457,4058315090,2026-03-07 21:09:13.735551,07/03/26,21:9:13
1784,2.02,1.784,2017.9372197309417,4058316874,2026-03-07 21:09:15.519551,07/03/26,21:9:15
1776,2.03,1.776,2027.027027027027,4058318650,2026-03-07 21:09:17.295551,07/03/26,21:9:17
1765,2.04,1.765,2039.6600566572238,4058320415,2026-03-07 21:09:19.060551,07/03/26,21:9:19
1773,2.03,1.773,2030.4568527918782,4058322188,2026-03-07 21:09:20.833551,07/03/26,21:9:20
1799,2.0,1.799,2001.1117287381878,4058323987,2026-03-07 21:09:22.632551,07/03/26,21:9:22
1807,1.99,1.807,1992.2523519645822,4058325794,2026-03-07 21:09:24.439551,07/03/26,21:9:24
1755,2.05,1.755,2051.2820512820513,4058327549,2026-03-07 21:09:26.194551,07/03/26,21:9:26
1732,2.08,1.732,2078.5219399538105,4058329281,2026-03-07 21:09:27.926551,07/03/26,21:9:27
1769,2.04,1.769,2035.048049745619,4058331050,2026-03-07 21:09:29.695551,07/03/26,21:9:29
1765,2.04,1.765,2039.6600566572238,4058332815,2026-03-07 21:09:31.460551,07/03/26,21:9:31
1790,2.01,1.79,2011.173184357542,4058334605,2026-03-07 21:09:33.250551,07/03/26,21:9:33
1807,1.99,1.807,1992.2523519645822,4058336412,2026-03-07 21:09:35.057551,07/03/26,21:9:35
1791,2.01,1.791,2010.0502512562814,4058338203,2026-03-07 21:09:36.848551,07/03/26,21:9:36
1770,2.03,1.77,2033.8983050847457,4058339973,2026-03-07 21:09:38.618551,07/03/26,21:9:38
1774,2.03,1.774,2029.3122886133033,4058341747,2026-03-07 21:09:40.392551,07/03/26,21:9:40
1777,2.03,1.777,2025.8863252673045,4058343524,2026-03-07 21:09:42.169551,07/03/26,21:9:42
1770,2.03,1.77,2033.8983050847457,4058345294,2026-03-07 21:09:43.939551,07/03/26,21:9:43
1777,2.03,1.777,2025.8863252673045,4058347071,2026-03-07 21:09:45.716551,07/03/26,21:9:45
1779,2.02,1.779,2023.6087689713322,4058348850,2026-03-07 21:09:47.495551,07/03/26,21:9:47
1800,2.0,1.8,2000.0,4058350650,2026-03-07 21:09:49.295551,07/03/26,21:9:49
1804,2.0,1.804,1995.5654101995565,4058352454,2026-03-07 21:09:51.099551,07/03/26,21:9:51
1795,2.01,1.795,2005.5710306406686,4058354249,2026-03-07 21:09:52.894551,07/03/26,21:9:52
1774,2.03,1.774,2029.3122886133033,4058356023,2026-03-07 21:09:54.668551,07/03/26,21:9:54
1767,2.04,1.767,2037.351443123939,4058357790,2026-03-07 21:09:56.435551,07/03/26,21:9:56
1769,2.04,1.769,2035.048049745619,4058359559,2026-03-07 21:09:58.204551,07/03/26,21:9:58
1790,2.01,1.79,2011.173184357542,4058361349,2026-03-07 21:09:59.994551,07/03/26,21:9:59
1796,2.0,1.796,2004.4543429844098,4058363145,2026-03-07 21:10:01.790551,07/03/26,21:10:1
1789,2.01,1.789,2012.2973728339855,4058364934,2026-03-07 21:10:03.579551,07/03/26,21:10:3
1769,2.04,1.769,2035.048049745619,4058366703,2026-03-07 21:10:05.348551,07/03/26,21:10:5
1763,2.04,1.763,2041.973908111174,4058368466,2026-03-07 21:10:07.111551,07/03/26,21:10:7
1760,2.05,1.76,2045.4545454545455,4058370226,2026-03-07 21:10:08.871551,07/03/26,21:10:8
1758,2.05,1.758,2047.7815699658704,4058371984,2026-03-07 21:10:10.629551,07/03/26,21:10:10
1766,2.04,1.766,2038.5050962627406,4058373750,2026-03-07 21:10:12.395551,07/03/26,21:10:12
1762,2.04,1.762,2043.1328036322361,4058375512,2026-03-07 21:10:14.157551,07/03/26,21:10:14
1788,2.01,1.788,2013.4228187919464,4058377300,2026-03-07 21:10:15.945551,07/03/26,21:10:15
1803,2.0,1.803,1996.6722129783693,4058379103,2026-03-07 21:10:17.748551,07/03/26,21:10:17
1796,2.0,1.796,2004.4543429844098,4058380899,2026-03-07 21:10:19.544551,07/03/26,21:10:19
1769,2.04,1.769,2035.048049745619,4058382668,2026-03-07 21:10:21.313551,07/03/26,21:10:21
1766,2.04,1.766,2038.5050962627406,4058384434,2026-03-07 21:10:23.079551,07/03/26,21:10:23
1773,2.03,1.773,2030.4568527918782,4058386207,2026-03-07 21:10:24.852551,07/03/26,21:10:24
1785,2.02,1.785,2016.8067226890757,4058387992,2026-03-07 21:10:26.637551,07/03/26,21:10:26
1805,1.99,1.805,1994.4598337950138,4058389797,2026-03-07 21:10:28.442551,07/03/26,21:10:28
1801,2.0,1.801,1998.8895058300943,4058391598,2026-03-07 21:10:30.243551,07/03/26,21:10:30
1770,2.03,1.77,2033.8983050847457,4058393368,2026-03-07 21:10:32.013551,07/03/26,21:10:32
1766,2.04,1.766,2038.5050962627406,4058395134,2026-03-07 21:10:33.779551,07/03/26,21:10:33
1774,2.03,1.774,2029.3122886133033,4058396908,2026-03-07 21:10:35.553551,07/03/26,21:10:35
1794,2.01,1.794,2006.6889632107022,4058398702,2026-03-07 21:10:37.347551,07/03/26,21:10:37
1797,2.0,1.797,2003.338898163606,4058400499,2026-03-07 21:10:39.144551,07/03/26,21:10:39
1749,2.06,1.749,2058.319039451115,4058402248,2026-03-07 21:10:40.893551,07/03/26,21:10:40
1756,2.05,1.756,2050.113895216401,4058404004,2026-03-07 21:10:42.649551,07/03/26,21:10:42
1755,2.05,1.755,2051.2820512820513,4058405759,2026-03-07 21:10:44.404551,07/03/26,21:10:44
1751,2.06,1.751,2055.9680182752713,4058407510,2026-03-07 21:10:46.155551,07/03/26,21:10:46
1758,2.05,1.758,2047.7815699658704,4058409268,2026-03-07 21:10:47.913551,07/03/26,21:10:47
1758,2.05,1.758,2047.7815699658704,4058411026,2026-03-07 21:10:49.671551,07/03/26,21:10:49
1756,2.05,1.756,2050.113895216401,4058412782,2026-03-07 21:10:51.427551,07/03/26,21:10:51
1749,2.06,1.749,2058.319039451115,4058414531,2026-03-07 21:10:53.176551,07/03/26,21:10:53
1757,2.05,1.757,2048.9470688673878,4058416288,2026-03-07 21:10:54.933551,07/03/26,21:10:54
1753,2.05,1.753,2053.6223616657157,4058418041,2026-03-07 21:10:56.686551,07/03/26,21:10:56
1754,2.05,1.754,2052.4515393386546,4058419795,2026-03-07 21:10:58.440551,07/03/26,21:10:58
1753,2.05,1.753,2053.6223616657157,4058421548,2026-03-07 21:11:00.193551,07/03/26,21:11:0
1753,2.05,1.753,2053.6223616657157,4058423301,2026-03-07 21:11:01.946551,07/03/26,21:11:1
1745,2.06,1.745,2063.0372492836677,4058425046,2026-03-07 21:11:03.691551,07/03/26,21:11:3
1765,2.04,1.765,2039.6600566572238,4058426811,2026-03-07 21:11:05.456551,07/03/26,21:11:5
1802,2.0,1.802,1997.780244173141,4058428613,2026-03-07 21:11:07.258551,07/03/26,21:11:7
1769,2.04,1.769,2035.048049745619,4058430382,2026-03-07 21:11:09.027551,07/03/26,21:11:9
1749,2.06,1.749,2058.319039451115,4058432131,2026-03-07 21:11:10.776551,07/03/26,21:11:10
1757,2.05,1.757,2048.9470688673878,4058433888,2026-03-07 21:11:12.533551,07/03/26,21:11:12
1752,2.05,1.752,2054.794520547945,4058435640,2026-03-07 21:11:14.285551,07/03/26,21:11:14
1755,2.05,1.755,2051.2820512820513,4058437395,2026-03-07 21:11:16.040551,07/03/26,21:11:16
1752,2.05,1.752,2054.794520547945,4058439147,2026-03-07 21:11:17.792551,07/03/26,21:11:17
1749,2.06,1.749,2058.319039451115,4058440896,2026-03-07 21:11:19.541551,07/03/26,21:11:19
1755,2.05,1.755,2051.2820512820513,4058442651,2026-03-07 21:11:21.296551,07/03/26,21:11:21
1752,2.05,1.752,2054.794520547945,4058444403,2026-03-07 21:11:23.048551,07/03/26,21:11:23
1749,2.06,1.749,2058.319039451115,4058446152,2026-03-07 21:11:24.797551,07/03/26,21:11:24
1749,2.06,1.749,2058.319039451115,4058447901,2026-03-07 21:11:26.546551,07/03/26,21:11:26
1753,2.05,1.753,2053.6223616657157,4058449654,2026-03-07 21:11:28.299551,07/03/26,21:11:28
1756,2.05,1.756,2050.113895216401,4058451410,2026-03-07 21:11:30.055551,07/03/26,21:11:30
1758,2.05,1.758,2047.7815699658704,4058453168,2026-03-07 21:11:31.813551,07/03/26,21:11:31
1753,2.05,1.753,2053.6223616657157,4058454921,2026-03-07 21:11:33.566551,07/03/26,21:11:33
1753,2.05,1.753,2053.6223616657157,4058456674,2026-03-07 21:11:35.319551,07/03/26,21:11:35
1777,2.03,1.777,2025.8863252673045,4058458451,2026-03-07 21:11:37.096551,07/03/26,21:11:37
1797,2.0,1.797,2003.338898163606,4058460248,2026-03-07 21:11:38.893551,07/03/26,21:11:38
1752,2.05,1.752,2054.794520547945,4058462000,2026-03-07 21:11:40.645551,07/03/26,21:11:40
1757,2.05,1.757,2048.9470688673878,4058463757,2026-03-07 21:11:42.402551,07/03/26,21:11:42
1751,2.06,1.751,2055.9680182752713,4058465508,2026-03-07 21:11:44.153551,07/03/26,21:11:44
1759,2.05,1.759,2046.617396247868,4058467267,2026-03-07 21:11:45.912551,07/03/26,21:11:45
1754,2.05,1.754,2052.4515393386546,4058469021,2026-03-07 21:11:47.666551,07/03/26,21:11:47
1755,2.05,1.755,2051.2820512820513,4058470776,2026-03-07 21:11:49.421551,07/03/26,21:11:49
1755,2.05,1.755,2051.2820512820513,4058472531,2026-03-07 21:11:51.176551,07/03/26,21:11:51
1750,2.06,1.75,2057.1428571428573,4058474281,2026-03-07 21:11:52.926551,07/03/26,21:11:52
1753,2.05,1.753,2053.6223616657157,4058476034,2026-03-07 21:11:54.679551,07/03/26,21:11:54
1752,2.05,1.752,2054.794520547945,4058477786,2026-03-07 21:11:56.431551,07/03/26,21:11:56
1750,2.06,1.75,2057.1428571428573,4058479536,2026-03-07 21:11:58.181551,07/03/26,21:11:58
1755,2.05,1.755,2051.2820512820513,4058481291,2026-03-07 21:11:59.936551,07/03/26,21:11:59
1750,2.06,1.75,2057.1428571428573,4058483041,2026-03-07 21:12:01.686551,07/03/26,21:12:1
1741,2.07,1.741,2067.777139574957,4058484782,2026-03-07 21:12:03.427551,07/03/26,21:12:3
1760,2.05,1.76,2045.4545454545455,4058486542,2026-03-07 21:12:05.187551,07/03/26,21:12:5
1760,2.05,1.76,2045.4545454545455,4058488302,2026-03-07 21:12:06.947551,07/03/26,21:12:6
1792,2.01,1.792,2008.9285714285713,4058490094,2026-03-07 21:12:08.739551,07/03/26,21:12:8
1788,2.01,1.788,2013.4228187919464,4058491882,2026-03-07 21:12:10.527551,07/03/26,21:12:10
1755,2.05,1.755,2051.2820512820513,4058493637,2026-03-07 21:12:12.282551,07/03/26,21:12:12
1753,2.05,1.753,2053.6223616657157,4058495390,2026-03-07 21:12:14.035551,07/03/26,21:12:14
1760,2.05,1.76,2045.4545454545455,4058497150,2026-03-07 21:12:15.795551,07/03/26,21:12:15
1758,2.05,1.758,2047.7815699658704,4058498908,2026-03-07 21:12:17.553551,07/03/26,21:12:17
1750,2.06,1.75,2057.1428571428573,4058500658,2026-03-07 21:12:19.303551,07/03/26,21:12:19
1749,2.06,1.749,2058.319039451115,4058502407,2026-03-07 21:12:21.052551,07/03/26,21:12:21
1753,2.05,1.753,2053.6223616657157,4058504160,2026-03-07 21:12:22.805551,07/03/26,21:12:22
1749,2.06,1.749,2058.319039451115,4058505909,2026-03-07 21:12:24.554551,07/03/26,21:12:24
1753,2.05,1.753,2053.6223616657157,4058507662,2026-03-07 21:12:26.307551,07/03/26,21:12:26
1755,2.05,1.755,2051.2820512820513,4058509417,2026-03-07 21:12:28.062551,07/03/26,21:12:28
1754,2.05,1.754,2052.4515393386546,4058511171,2026-03-07 21:12:29.816551,07/03/26,21:12:29
1752,2.05,1.752,2054.794520547945,4058512923,2026-03-07 21:12:31.568551,07/03/26,21:12:31
1748,2.06,1.748,2059.496567505721,4058514671,2026-03-07 21:12:33.316551,07/03/26,21:12:33
1755,2.05,1.755,2051.2820512820513,4058516426,2026-03-07 21:12:35.071551,07/03/26,21:12:35
1751,2.06,1.751,2055.9680182752713,4058518177,2026-03-07 21:12:36.822551,07/03/26,21:12:36
1763,2.04,1.763,2041.973908111174,4058519940,2026-03-07 21:12:38.585551,07/03/26,21:12:38
1794,2.01,1.794,2006.6889632107022,4058521734,2026-03-07 21:12:40.379551,07/03/26,21:12:40
1765,2.04,1.765,2039.6600566572238,4058523499,2026-03-07 21:12:42.144551,07/03/26,21:12:42
1740,2.07,1.74,2068.9655172413795,4058525239,2026-03-07 21:12:43.884551,07/03/26,21:12:43
1756,2.05,1.756,2050.113895216401,4058526995,2026-03-07 21:12:45.640551,07/03/26,21:12:45
1752,2.05,1.752,2054.794520547945,4058528747,2026-03-07 21:12:47.392551,07/03/26,21:12:47
1756,2.05,1.756,2050.113895216401,4058530503,2026-03-07 21:12:49.148551,07/03/26,21:12:49
1754,2.05,1.754,2052.4515393386546,4058532257,2026-03-07 21:12:50.902551,07/03/26,21:12:50
1752,2.05,1.752,2054.794520547945,4058534009,2026-03-07 21:12:52.654551,07/03/26,21:12:52
1747,2.06,1.747,2060.67544361763,4058535756,2026-03-07 21:12:54.401551,07/03/26,21:12:54
1751,2.06,1.751,2055.9680182752713,4058537507,2026-03-07 21:12:56.152551,07/03/26,21:12:56
1752,2.05,1.752,2054.794520547945,4058539259,2026-03-07 21:12:57.904551,07/03/26,21:12:57
1749,2.06,1.749,2058.319039451115,4058541008,2026-03-07 21:12:59.653551,07/03/26,21:12:59
1750,2.06,1.75,2057.1428571428573,4058542758,2026-03-07 21:13:01.403551,07/03/26,21:13:1
1748,2.06,1.748,2059.496567505721,4058544506,2026-03-07 21:13:03.151551,07/03/26,21:13:3
1754,2.05,1.754,2052.4515393386546,4058546260,2026-03-07 21:13:04.905551,07/03/26,21:13:4
1757,2.05,1.757,2048.9470688673878,4058548017,2026-03-07 21:13:06.662551,07/03/26,21:13:6
1760,2.05,1.76,2045.4545454545455,4058549777,2026-03-07 21:13:08.422551,07/03/26,21:13:8
1790,2.01,1.79,2011.173184357542,4058551567,2026-03-07 21:13:10.212551,07/03/26,21:13:10
1805,1.99,1.805,1994.4598337950138,4058553372,2026-03-07 21:13:12.017551,07/03/26,21:13:12
1756,2.05,1.756,2050.113895216401,4058555128,2026-03-07 21:13:13.773551,07/03/26,21:13:13
1765,2.04,1.765,2039.6600566572238,4058556893,2026-03-07 21:13:15.538551,07/03/26,21:13:15
1765,2.04,1.765,2039.6600566572238,4058558658,2026-03-07 21:13:17.303551,07/03/26,21:13:17
1760,2.05,1.76,2045.4545454545455,4058560418,2026-03-07 21:13:19.063551,07/03/26,21:13:19
1764,2.04,1.764,2040.8163265306123,4058562182,2026-03-07 21:13:20.827551,07/03/26,21:13:20
1761,2.04,1.761,2044.2930153321977,4058563943,2026-03-07 21:13:22.588551,07/03/26,21:13:22
1754,2.05,1.754,2052.4515393386546,4058565697,2026-03-07 21:13:24.342551,07/03/26,21:13:24
1762,2.04,1.762,2043.1328036322361,4058567459,2026-03-07 21:13:26.104551,07/03/26,21:13:26
1764,2.04,1.764,2040.8163265306123,4058569223,2026-03-07 21:13:27.868551,07/03/26,21:13:27
1754,2.05,1.754,2052.4515393386546,4058570977,2026-03-07 21:13:29.622551,07/03/26,21:13:29
1758,2.05,1.758,2047.7815699658704,4058572735,2026-03-07 21:13:31.380551,07/03/26,21:13:31
1760,2.05,1.76,2045.4545454545455,4058574495,2026-03-07 21:13:33.140551,07/03/26,21:13:33
1760,2.05,1.76,2045.4545454545455,4058576255,2026-03-07 21:13:34.900551,07/03/26,21:13:34
1762,2.04,1.762,2043.1328036322361,4058578017,2026-03-07 21:13:36.662551,07/03/26,21:13:36
1766,2.04,1.766,2038.5050962627406,4058579783,2026-03-07 21:13:38.428551,07/03/26,21:13:38
1770,2.03,1.77,2033.8983050847457,4058581553,2026-03-07 21:13:40.198551,07/03/26,21:13:40
1806,1.99,1.806,1993.3554817275747,4058583359,2026-03-07 21:13:42.004551,07/03/26,21:13:42
1775,2.03,1.775,2028.1690140845071,4058585134,2026-03-07 21:13:43.779551,07/03/26,21:13:43
1755,2.05,1.755,2051.2820512820513,4058586889,2026-03-07 21:13:45.534551,07/03/26,21:13:45
1767,2.04,1.767,2037.351443123939,4058588656,2026-03-07 21:13:47.301551,07/03/26,21:13:47
1775,2.03,1.775,2028.1690140845071,4058590431,2026-03-07 21:13:49.076551,07/03/26,21:13:49
1766,2.04,1.766,2038.5050962627406,4058592197,2026-03-07 21:13:50.842551,07/03/26,21:13:50
1770,2.03,1.77,2033.8983050847457,4058593967,2026-03-07 21:13:52.612551,07/03/26,21:13:52
1762,2.04,1.762,2043.1328036322361,4058595729,2026-03-07 21:13:54.374551,07/03/26,21:13:54
1865,1.93,1.865,1930.2949061662198,4058597594,2026-03-07 21:13:56.239551,07/03/26,21:13:56
19486,0.18,19.486,184.74802422251872,4058617080,2026-03-07 21:14:15.725551,07/03/26,21:14:15
19249,0.19,19.249,187.0227024780508,4058636329,2026-03-07 21:14:34.974551,07/03/26,21:14:34
19260,0.19,19.26,186.9158878504673,4058655589,2026-03-07 21:14:54.234551,07/03/26,21:14:54
19493,0.18,19.493,184.6816806032935,4058675082,2026-03-07 21:15:13.727551,07/03/26,21:15:13
19676,0.18,19.676,182.9640170766416,4058694758,2026-03-07 21:15:33.403551,07/03/26,21:15:33
19555,0.18,19.555,184.09613909486066,4058714313,2026-03-07 21:15:52.958551,07/03/26,21:15:52
19724,0.18,19.724,182.51875887243966,4058734037,2026-03-07 21:16:12.682551,07/03/26,21:16:12
19449,0.19,19.449,185.0994909763998,4058753486,2026-03-07 21:16:32.131551,07/03/26,21:16:32
19960,0.18,19.96,180.36072144288576,4058773446,2026-03-07 21:16:52.091551,07/03/26,21:16:52
19961,0.18,19.961,180.35168578728522,4058793407,2026-03-07 21:17:12.052551,07/03/26,21:17:12
18779,0.19,18.779,191.70349858884924,4058812186,2026-03-07 21:17:30.831551,07/03/26,21:17:30
19584,0.18,19.584,183.8235294117647,4058831770,2026-03-07 21:17:50.415551,07/03/26,21:17:50
18808,0.19,18.808,191.4079115270098,4058850578,2026-03-07 21:18:09.223551,07/03/26,21:18:9
19737,0.18,19.737,182.3985408116735,4058870315,2026-03-07 21:18:28.960551,07/03/26,21:18:28
19653,0.18,19.653,183.17814074187146,4058889968,2026-03-07 21:18:48.613551,07/03/26,21:18:48
19221,0.19,19.221,187.29514593413455,4058909189,2026-03-07 21:19:07.834551,07/03/26,21:19:7
19946,0.18,19.946,180.48731575253183,4058929135,2026-03-07 21:19:27.780551,07/03/26,21:19:27
19515,0.18,19.515,184.47348193697155,4058948650,2026-03-07 21:19:47.295551,07/03/26,21:19:47
19072,0.19,19.072,188.75838926174498,4058967722,2026-03-07 21:20:06.367551,07/03/26,21:20:6
20056,0.18,20.056,179.4974072596729,4058987778,2026-03-07 21:20:26.423551,07/03/26,21:20:26
19196,0.19,19.196,187.5390706397166,4059006974,2026-03-07 21:20:45.619551,07/03/26,21:20:45
19264,0.19,19.264,186.87707641196013,4059026238,2026-03-07 21:21:04.883551,07/03/26,21:21:4
19685,0.18,19.685,182.8803657607315,4059045923,2026-03-07 21:21:24.568551,07/03/26,21:21:24
19959,0.18,19.959,180.369758003908,4059065882,2026-03-07 21:21:44.527551,07/03/26,21:21:44
17489,0.2,17.489,205.84367316599005,4059083371,2026-03-07 21:22:02.016551,07/03/26,21:22:2
17420,0.21,17.42,206.65901262916188,4059100791,2026-03-07 21:22:19.436551,07/03/26,21:22:19
15239,0.24,15.239,236.2359734890741,4059116030,2026-03-07 21:22:34.675551,07/03/26,21:22:34
17267,0.21,17.267,208.49018358718945,4059133297,2026-03-07 21:22:51.942551,07/03/26,21:22:51
21202,0.17,21.202,169.79530232996888,4059154499,2026-03-07 21:23:13.144551,07/03/26,21:23:13
20811,0.17,20.811,172.98544039210034,4059175310,2026-03-07 21:23:33.955551,07/03/26,21:23:33
14478,0.25,14.478,248.65312888520515,4059189788,2026-03-07 21:23:48.433551,07/03/26,21:23:48
14777,0.24,14.777,243.6218447587467,4059204565,2026-03-07 21:24:03.210551,07/03/26,21:24:3
17543,0.2,17.543,205.21005529270934,4059222108,2026-03-07 21:24:20.753551,07/03/26,21:24:20
23219,0.16,23.219,155.0454369266549,4059245327,2026-03-07 21:24:43.972551,07/03/26,21:24:43
25205,0.14,25.205,142.8288038087681,4059270532,2026-03-07 21:25:09.177551,07/03/26,21:25:9
22748,0.16,22.748,158.25567082820467,4059293280,2026-03-07 21:25:31.925551,07/03/26,21:25:31
23318,0.15,23.318,154.38716871086714,4059316598,2026-03-07 21:25:55.243551,07/03/26,21:25:55
21692,0.17,21.692,165.95980084823898,4059338290,2026-03-07 21:26:16.935551,07/03/26,21:26:16
25472,0.14,25.472,141.33165829145727,4059363762,2026-03-07 21:26:42.407551,07/03/26,21:26:42
22219,0.16,22.219,162.02349340654393,4059385981,2026-03-07 21:27:04.626551,07/03/26,21:27:4
22434,0.16,22.434,160.47071409467773,4059408415,2026-03-07 21:27:27.060551,07/03/26,21:27:27
22135,0.16,22.135,162.63835554551616,4059430550,2026-03-07 21:27:49.195551,07/03/26,21:27:49
15849,0.23,15.849,227.14366837024417,4059446399,2026-03-07 21:28:05.044551,07/03/26,21:28:5
13463,0.27,13.463,267.3995394785709,4059459862,2026-03-07 21:28:18.507551,07/03/26,21:28:18
12784,0.28,12.784,281.6020025031289,4059472646,2026-03-07 21:28:31.291551,07/03/26,21:28:31
13284,0.27,13.284,271.00271002710025,4059485930,2026-03-07 21:28:44.575551,07/03/26,21:28:44
15660,0.23,15.66,229.88505747126436,4059501590,2026-03-07 21:29:00.235551,07/03/26,21:29:0
18336,0.2,18.336,196.33507853403142,4059519926,2026-03-07 21:29:18.571551,07/03/26,21:29:18
22589,0.16,22.589,159.36960467484172,4059542515,2026-03-07 21:29:41.160551,07/03/26,21:29:41
26886,0.13,26.886,133.89868332961393,4059569401,2026-03-07 21:30:08.046551,07/03/26,21:30:8
20736,0.17,20.736,173.61111111111111,4059590137,2026-03-07 21:30:28.782551,07/03/26,21:30:28
21555,0.17,21.555,167.01461377870564,4059611692,2026-03-07 21:30:50.337551,07/03/26,21:30:50
21654,0.17,21.654,166.25103906899417,4059633346,2026-03-07 21:31:11.991551,07/03/26,21:31:11
20406,0.18,20.406,176.41870038224053,4059653752,2026-03-07 21:31:32.397551,07/03/26,21:31:32
20121,0.18,20.121,178.91754882958102,4059673873,2026-03-07 21:31:52.518551,07/03/26,21:31:52
17889,0.2,17.889,201.2409860808318,4059691762,2026-03-07 21:32:10.407551,07/03/26,21:32:10
16781,0.21,16.781,214.52833561766283,4059708543,2026-03-07 21:32:27.188551,07/03/26,21:32:27
17802,0.2,17.802,202.22446916076845,4059726345,2026-03-07 21:32:44.990551,07/03/26,21:32:44
19260,0.19,19.26,186.9158878504673,4059745605,2026-03-07 21:33:04.250551,07/03/26,21:33:4
24128,0.15,24.128,149.20424403183023,4059769733,2026-03-07 21:33:28.378551,07/03/26,21:33:28
24073,0.15,24.073,149.54513355211233,4059793806,2026-03-07 21:33:52.451551,07/03/26,21:33:52
26258,0.14,26.258,137.10107395841268,4059820064,2026-03-07 21:34:18.709551,07/03/26,21:34:18
24172,0.15,24.172,148.93264934635116,4059844236,2026-03-07 21:34:42.881551,07/03/26,21:34:42
21205,0.17,21.205,169.77128035840605,4059865441,2026-03-07 21:35:04.086551,07/03/26,21:35:4
21145,0.17,21.145,170.2530148971388,4059886586,2026-03-07 21:35:25.231551,07/03/26,21:35:25
19704,0.18,19.704,182.70401948842874,4059906290,2026-03-07 21:35:44.935551,07/03/26,21:35:44
17886,0.2,17.886,201.27474002012747,4059924176,2026-03-07 21:36:02.821551,07/03/26,21:36:2
17807,0.2,17.807,202.16768686471613,4059941983,2026-03-07 21:36:20.628551,07/03/26,21:36:20
18066,0.2,18.066,199.26934573231483,4059960049,2026-03-07 21:36:38.694551,07/03/26,21:36:38
18046,0.2,18.046,199.49019173223982,4059978095,2026-03-07 21:36:56.740551,07/03/26,21:36:56
24049,0.15,24.049,149.69437398644433,4060002144,2026-03-07 21:37:20.789551,07/03/26,21:37:20
24152,0.15,24.152,149.05597880092745,4060026296,2026-03-07 21:37:44.941551,07/03/26,21:37:44
22581,0.16,22.581,159.42606616181746,4060048877,2026-03-07 21:38:07.522551,07/03/26,21:38:7
23436,0.15,23.436,153.60983102918587,4060072313,2026-03-07 21:38:30.958551,07/03/26,21:38:30
23595,0.15,23.595,152.57469802924348,4060095908,2026-03-07 21:38:54.553551,07/03/26,21:38:54
23460,0.15,23.46,153.4526854219949,4060119368,2026-03-07 21:39:18.013551,07/03/26,21:39:18
22804,0.16,22.804,157.8670408700228,4060142172,2026-03-07 21:39:40.817551,07/03/26,21:39:40
19361,0.19,19.361,185.94080884251846,4060161533,2026-03-07 21:40:00.178551,07/03/26,21:40:0
24196,0.15,24.196,148.7849231277897,4060185729,2026-03-07 21:40:24.374551,07/03/26,21:40:24
16237,0.22,16.237,221.7158342058262,4060201966,2026-03-07 21:40:40.611551,07/03/26,21:40:40
13948,0.26,13.948,258.1015199311729,4060215914,2026-03-07 21:40:54.559551,07/03/26,21:40:54
13647,0.26,13.647,263.7942404924159,4060229561,2026-03-07 21:41:08.206551,07/03/26,21:41:8
9877,0.36,9.877,364.4831426546522,4060239438,2026-03-07 21:41:18.083551,07/03/26,21:41:18
8763,0.41,8.763,410.8182129407737,4060248201,2026-03-07 21:41:26.846551,07/03/26,21:41:26
9952,0.36,9.952,361.7363344051447,4060258153,2026-03-07 21:41:36.798551,07/03/26,21:41:36
10013,0.36,10.013,359.5326076101069,4060268166,2026-03-07 21:41:46.811551,07/03/26,21:41:46
9496,0.38,9.496,379.10699241786017,4060277662,2026-03-07 21:41:56.307551,07/03/26,21:41:56
9289,0.39,9.289,387.5551727850145,4060286951,2026-03-07 21:42:05.596551,07/03/26,21:42:5
9127,0.39,9.127,394.4340966363537,4060296078,2026-03-07 21:42:14.723551,07/03/26,21:42:14
8877,0.41,8.877,405.54241297735723,4060304955,2026-03-07 21:42:23.600551,07/03/26,21:42:23
8859,0.41,8.859,406.3664070436844,4060313814,2026-03-07 21:42:32.459551,07/03/26,21:42:32
9090,0.4,9.09,396.03960396039605,4060322904,2026-03-07 21:42:41.549551,07/03/26,21:42:41
9083,0.4,9.083,396.34481999339425,4060331987,2026-03-07 21:42:50.632551,07/03/26,21:42:50
9436,0.38,9.436,381.5175922000848,4060341423,2026-03-07 21:43:00.068551,07/03/26,21:43:0
10790,0.33,10.79,333.64226135310474,4060352213,2026-03-07 21:43:10.858551,07/03/26,21:43:10
11860,0.3,11.86,303.54131534569984,4060364073,2026-03-07 21:43:22.718551,07/03/26,21:43:22
13076,0.28,13.076,275.3135515448149,4060377149,2026-03-07 21:43:35.794551,07/03/26,21:43:35
14315,0.25,14.315,251.48445686342995,4060391464,2026-03-07 21:43:50.109551,07/03/26,21:43:50
16113,0.22,16.113,223.42208154905975,4060407577,2026-03-07 21:44:06.222551,07/03/26,21:44:6
18600,0.19,18.6,193.5483870967742,4060426177,2026-03-07 21:44:24.822551,07/03/26,21:44:24
23018,0.16,23.018,156.3993396472326,4060449195,2026-03-07 21:44:47.840551,07/03/26,21:44:47
27148,0.13,27.148,132.606453514071,4060476343,2026-03-07 21:45:14.988551,07/03/26,21:45:14
27776,0.13,27.776,129.6082949308756,4060504119,2026-03-07 21:45:42.764551,07/03/26,21:45:42
28537,0.13,28.537,126.15201317587693,4060532656,2026-03-07 21:46:11.301551,07/03/26,21:46:11
29365,0.12,29.365,122.59492593223224,4060562021,2026-03-07 21:46:40.666551,07/03/26,21:46:40
29056,0.12,29.056,123.89867841409692,4060591077,2026-03-07 21:47:09.722551,07/03/26,21:47:9
29324,0.12,29.324,122.76633474287273,4060620401,2026-03-07 21:47:39.046551,07/03/26,21:47:39
26316,0.14,26.316,136.79890560875512,4060646717,2026-03-07 21:48:05.362551,07/03/26,21:48:5
17089,0.21,17.089,210.66182924688397,4060663806,2026-03-07 21:48:22.451551,07/03/26,21:48:22
18299,0.2,18.299,196.7320618613039,4060682105,2026-03-07 21:48:40.750551,07/03/26,21:48:40
18281,0.2,18.281,196.9257699250588,4060700386,2026-03-07 21:48:59.031551,07/03/26,21:48:59
18253,0.2,18.253,197.22785295567851,4060718639,2026-03-07 21:49:17.284551,07/03/26,21:49:17
18309,0.2,18.309,196.62461084712436,4060736948,2026-03-07 21:49:35.593551,07/03/26,21:49:35
18295,0.2,18.295,196.77507515714677,4060755243,2026-03-07 21:49:53.888551,07/03/26,21:49:53
18307,0.2,18.307,196.64609165892827,4060773550,2026-03-07 21:50:12.195551,07/03/26,21:50:12
18315,0.2,18.315,196.56019656019657,4060791865,2026-03-07 21:50:30.510551,07/03/26,21:50:30
18490,0.19,18.49,194.6998377501352,4060810355,2026-03-07 21:50:49.000551,07/03/26,21:50:49
18303,0.2,18.303,196.68906736600556,4060828658,2026-03-07 21:51:07.303551,07/03/26,21:51:7
18518,0.19,18.518,194.40544335241387,4060847176,2026-03-07 21:51:25.821551,07/03/26,21:51:25
18296,0.2,18.296,196.76432006996066,4060865472,2026-03-07 21:51:44.117551,07/03/26,21:51:44
18048,0.2,18.048,199.46808510638297,4060883520,2026-03-07 21:52:02.165551,07/03/26,21:52:2
18383,0.19,18.383,195.83310667464505,4060901903,2026-03-07 21:52:20.548551,07/03/26,21:52:20
18536,0.19,18.536,194.21665947345704,4060920439,2026-03-07 21:52:39.084551,07/03/26,21:52:39
18278,0.2,18.278,196.9580916949338,4060938717,2026-03-07 21:52:57.362551,07/03/26,21:52:57
18551,0.19,18.551,194.05961942752413,4060957268,2026-03-07 21:53:15.913551,07/03/26,21:53:15
18424,0.19,18.424,195.39730785931394,4060975692,2026-03-07 21:53:34.337551,07/03/26,21:53:34
18401,0.19,18.401,195.64154122058585,4060994093,2026-03-07 21:53:52.738551,07/03/26,21:53:52
18573,0.19,18.573,193.82975286706508,4061012666,2026-03-07 21:54:11.311551,07/03/26,21:54:11
18752,0.19,18.752,191.97952218430035,4061031418,2026-03-07 21:54:30.063551,07/03/26,21:54:30
19073,0.19,19.073,188.74849263356577,4061050491,2026-03-07 21:54:49.136551,07/03/26,21:54:49
18907,0.19,18.907,190.40566985772466,4061069398,2026-03-07 21:55:08.043551,07/03/26,21:55:8
19153,0.19,19.153,187.96011068762073,4061088551,2026-03-07 21:55:27.196551,07/03/26,21:55:27
25865,0.14,25.865,139.18422578774405,4061114416,2026-03-07 21:55:53.061551,07/03/26,21:55:53
29092,0.12,29.092,123.74535954901691,4061143508,2026-03-07 21:56:22.153551,07/03/26,21:56:22
28987,0.12,28.987,124.19360402939249,4061172495,2026-03-07 21:56:51.140551,07/03/26,21:56:51
29068,0.12,29.068,123.84752992981973,4061201563,2026-03-07 21:57:20.208551,07/03/26,21:57:20
29065,0.12,29.065,123.86031309134698,4061230628,2026-03-07 21:57:49.273551,07/03/26,21:57:49
29116,0.12,29.116,123.6433576040665,4061259744,2026-03-07 21:58:18.389551,07/03/26,21:58:18
29154,0.12,29.154,123.4821979831241,4061288898,2026-03-07 21:58:47.543551,07/03/26,21:58:47
29239,0.12,29.239,123.12322582851671,4061318137,2026-03-07 21:59:16.782551,07/03/26,21:59:16
28580,0.12,28.58,125.96221133659903,4061346717,2026-03-07 21:59:45.362551,07/03/26,21:59:45
28200,0.13,28.2,127.65957446808511,4061374917,2026-03-07 22:00:13.562551,07/03/26,22:0:13
27950,0.13,27.95,128.80143112701253,4061402867,2026-03-07 22:00:41.512551,07/03/26,22:0:41
28093,0.13,28.093,128.14580144519988,4061430960,2026-03-07 22:01:09.605551,07/03/26,22:1:9
27988,0.13,27.988,128.62655423753037,4061458948,2026-03-07 22:01:37.593551,07/03/26,22:1:37
27941,0.13,27.941,128.84291900790953,4061486889,2026-03-07 22:02:05.534551,07/03/26,22:2:5
28599,0.12,28.599,125.87852722123151,4061515488,2026-03-07 22:02:34.133551,07/03/26,22:2:34
27982,0.13,27.982,128.65413480094347,4061543470,2026-03-07 22:03:02.115551,07/03/26,22:3:2
27533,0.13,27.533,130.75218828315113,4061571003,2026-03-07 22:03:29.648551,07/03/26,22:3:29
27688,0.13,27.688,130.02022536839064,4061598691,2026-03-07 22:03:57.336551,07/03/26,22:3:57
28291,0.13,28.291,127.24894842882895,4061626982,2026-03-07 22:04:25.627551,07/03/26,22:4:25
28198,0.13,28.198,127.66862898077878,4061655180,2026-03-07 22:04:53.825551,07/03/26,22:4:53
28144,0.13,28.144,127.91358726549176,4061683324,2026-03-07 22:05:21.969551,07/03/26,22:5:21
28319,0.13,28.319,127.12313287898584,4061711643,2026-03-07 22:05:50.288551,07/03/26,22:5:50
28171,0.13,28.171,127.79099073515317,4061739814,2026-03-07 22:06:18.459551,07/03/26,22:6:18
28289,0.13,28.289,127.25794478419174,4061768103,2026-03-07 22:06:46.748551,07/03/26,22:6:46
27992,0.13,27.992,128.60817376393254,4061796095,2026-03-07 22:07:14.740551,07/03/26,22:7:14
28091,0.13,28.091,128.15492506496741,4061824186,2026-03-07 22:07:42.831551,07/03/26,22:7:42
28194,0.13,28.194,127.68674185997021,4061852380,2026-03-07 22:08:11.025551,07/03/26,22:8:11
28230,0.13,28.23,127.52391073326248,4061880610,2026-03-07 22:08:39.255551,07/03/26,22:8:39
28274,0.13,28.274,127.32545801796704,4061908884,2026-03-07 22:09:07.529551,07/03/26,22:9:7
28136,0.13,28.136,127.94995735001422,4061937020,2026-03-07 22:09:35.665551,07/03/26,22:9:35
28306,0.13,28.306,127.18151628629973,4061965326,2026-03-07 22:10:03.971551,07/03/26,22:10:3
28001,0.13,28.001,128.5668368986822,4061993327,2026-03-07 22:10:31.972551,07/03/26,22:10:31
28587,0.12,28.587,125.9313674047644,4062021914,2026-03-07 22:11:00.559551,07/03/26,22:11:0
28688,0.12,28.688,125.48800892359175,4062050602,2026-03-07 22:11:29.247551,07/03/26,22:11:29
28991,0.12,28.991,124.17646855920803,4062079593,2026-03-07 22:11:58.238551,07/03/26,22:11:58
29110,0.12,29.11,123.66884232222604,4062108703,2026-03-07 22:12:27.348551,07/03/26,22:12:27
29052,0.12,29.052,123.91573729863693,4062137755,2026-03-07 22:12:56.400551,07/03/26,22:12:56
29050,0.12,29.05,123.92426850258175,4062166805,2026-03-07 22:13:25.450551,07/03/26,22:13:25
28828,0.12,28.828,124.87859025946996,4062195633,2026-03-07 22:13:54.278551,07/03/26,22:13:54
29215,0.12,29.215,123.22437104227281,4062224848,2026-03-07 22:14:23.493551,07/03/26,22:14:23
28933,0.12,28.933,124.42539660595168,4062253781,2026-03-07 22:14:52.426551,07/03/26,22:14:52
29032,0.12,29.032,124.00110223201985,4062282813,2026-03-07 22:15:21.458551,07/03/26,22:15:21
29024,0.12,29.024,124.03528114663726,4062311837,2026-03-07 22:15:50.482551,07/03/26,22:15:50
28318,0.13,28.318,127.1276220072039,4062340155,2026-03-07 22:16:18.800551,07/03/26,22:16:18
29153,0.12,29.153,123.48643364319281,4062369308,2026-03-07 22:16:47.953551,07/03/26,22:16:47
28944,0.12,28.944,124.37810945273633,4062398252,2026-03-07 22:17:16.897551,07/03/26,22:17:16
27911,0.13,27.911,128.98140518075311,4062426163,2026-03-07 22:17:44.808551,07/03/26,22:17:44
30579,0.12,30.579,117.72785244775827,4062456742,2026-03-07 22:18:15.387551,07/03/26,22:18:15
30636,0.12,30.636,117.50881316098707,4062487378,2026-03-07 22:18:46.023551,07/03/26,22:18:46
30640,0.12,30.64,117.49347258485639,4062518018,2026-03-07 22:19:16.663551,07/03/26,22:19:16
36738,0.1,36.738,97.99118079372856,4062554756,2026-03-07 22:19:53.401551,07/03/26,22:19:53
37129,0.1,37.129,96.9592501817986,4062591885,2026-03-07 22:20:30.530551,07/03/26,22:20:30
37276,0.1,37.276,96.57688593196696,4062629161,2026-03-07 22:21:07.806551,07/03/26,22:21:7
37401,0.1,37.401,96.254110852651,4062666562,2026-03-07 22:21:45.207551,07/03/26,22:21:45
36709,0.1,36.709,98.06859353292108,4062703271,2026-03-07 22:22:21.916551,07/03/26,22:22:21
37061,0.1,37.061,97.13715226248617,4062740332,2026-03-07 22:22:58.977551,07/03/26,22:22:58
37089,0.1,37.089,97.06381946129581,4062777421,2026-03-07 22:23:36.066551,07/03/26,22:23:36
36766,0.1,36.766,97.91655333732253,4062814187,2026-03-07 22:24:12.832551,07/03/26,22:24:12
37185,0.1,37.185,96.81323114158936,4062851372,2026-03-07 22:24:50.017551,07/03/26,22:24:50
36786,0.1,36.786,97.8633175664655,4062888158,2026-03-07 22:25:26.803551,07/03/26,22:25:26
36923,0.1,36.923,97.50020312542318,4062925081,2026-03-07 22:26:03.726551,07/03/26,22:26:3
37236,0.1,37.236,96.68063164679343,4062962317,2026-03-07 22:26:40.962551,07/03/26,22:26:40
36882,0.1,36.882,97.60858955588091,4062999199,2026-03-07 22:27:17.844551,07/03/26,22:27:17
36791,0.1,36.791,97.8500176673643,4063035990,2026-03-07 22:27:54.635551,07/03/26,22:27:54
37021,0.1,37.021,97.24210583182519,4063073011,2026-03-07 22:28:31.656551,07/03/26,22:28:31
37379,0.1,37.379,96.31076272773483,4063110390,2026-03-07 22:29:09.035551,07/03/26,22:29:9
37514,0.09,37.514,95.96417337527323,4063147904,2026-03-07 22:29:46.549551,07/03/26,22:29:46
37693,0.09,37.693,95.50844984479878,4063185597,2026-03-07 22:30:24.242551,07/03/26,22:30:24
38125,0.09,38.125,94.42622950819673,4063223722,2026-03-07 22:31:02.367551,07/03/26,22:31:2
37651,0.09,37.651,95.61499030570238,4063261373,2026-03-07 22:31:40.018551,07/03/26,22:31:40
38016,0.09,38.016,94.6969696969697,4063299389,2026-03-07 22:32:18.034551,07/03/26,22:32:18
37710,0.09,37.71,95.4653937947494,4063337099,2026-03-07 22:32:55.744551,07/03/26,22:32:55
37913,0.09,37.913,94.95423733284098,4063375012,2026-03-07 22:33:33.657551,07/03/26,22:33:33
37481,0.1,37.481,96.04866465675943,4063412493,2026-03-07 22:34:11.138551,07/03/26,22:34:11
37803,0.09,37.803,95.2305372589477,4063450296,2026-03-07 22:34:48.941551,07/03/26,22:34:48
37728,0.09,37.728,95.41984732824427,4063488024,2026-03-07 22:35:26.669551,07/03/26,22:35:26
37708,0.09,37.708,95.47045719741169,4063525732,2026-03-07 22:36:04.377551,07/03/26,22:36:4
38135,0.09,38.135,94.40146846728727,4063563867,2026-03-07 22:36:42.512551,07/03/26,22:36:42
37552,0.09,37.552,95.86706433745206,4063601419,2026-03-07 22:37:20.064551,07/03/26,22:37:20
37936,0.09,37.936,94.89666807254324,4063639355,2026-03-07 22:37:58.000551,07/03/26,22:37:58
37923,0.09,37.923,94.92919863934816,4063677278,2026-03-07 22:38:35.923551,07/03/26,22:38:35
38151,0.09,38.151,94.36187780136825,4063715429,2026-03-07 22:39:14.074551,07/03/26,22:39:14
38123,0.09,38.123,94.4311832751882,4063753552,2026-03-07 22:39:52.197551,07/03/26,22:39:52
37947,0.09,37.947,94.86915961736105,4063791499,2026-03-07 22:40:30.144551,07/03/26,22:40:30
38211,0.09,38.211,94.21370809452776,4063829710,2026-03-07 22:41:08.355551,07/03/26,22:41:8
28792,0.12,28.792,125.03473186996388,4063858502,2026-03-07 22:41:37.147551,07/03/26,22:41:37
21128,0.17,21.128,170.39000378644454,4063879630,2026-03-07 22:41:58.275551,07/03/26,22:41:58
21269,0.17,21.269,169.26042597207203,4063900899,2026-03-07 22:42:19.544551,07/03/26,22:42:19
21196,0.17,21.196,169.84336667295716,4063922095,2026-03-07 22:42:40.740551,07/03/26,22:42:40
21191,0.17,21.191,169.88344108347883,4063943286,2026-03-07 22:43:01.931551,07/03/26,22:43:1
21444,0.17,21.444,167.87912702853944,4063964730,2026-03-07 22:43:23.375551,07/03/26,22:43:23
21702,0.17,21.702,165.8833287254631,4063986432,2026-03-07 22:43:45.077551,07/03/26,22:43:45
21519,0.17,21.519,167.2940192388122,4064007951,2026-03-07 22:44:06.596551,07/03/26,22:44:6
21774,0.17,21.774,165.33480297602645,4064029725,2026-03-07 22:44:28.370551,07/03/26,22:44:28
21875,0.16,21.875,164.57142857142858,4064051600,2026-03-07 22:44:50.245551,07/03/26,22:44:50
21854,0.16,21.854,164.7295689576279,4064073454,2026-03-07 22:45:12.099551,07/03/26,22:45:12
21958,0.16,21.958,163.94935786501503,4064095412,2026-03-07 22:45:34.057551,07/03/26,22:45:34
21972,0.16,21.972,163.8448935008192,4064117384,2026-03-07 22:45:56.029551,07/03/26,22:45:56
22206,0.16,22.206,162.11834639286678,4064139590,2026-03-07 22:46:18.235551,07/03/26,22:46:18
22315,0.16,22.315,161.32646202106207,4064161905,2026-03-07 22:46:40.550551,07/03/26,22:46:40
22056,0.16,22.056,163.2208922742111,4064183961,2026-03-07 22:47:02.606551,07/03/26,22:47:2
22264,0.16,22.264,161.69601149838303,4064206225,2026-03-07 22:47:24.870551,07/03/26,22:47:24
22276,0.16,22.276,161.60890644639971,4064228501,2026-03-07 22:47:47.146551,07/03/26,22:47:47
22452,0.16,22.452,160.34206306787814,4064250953,2026-03-07 22:48:09.598551,07/03/26,22:48:9
22479,0.16,22.479,160.14947284131856,4064273432,2026-03-07 22:48:32.077551,07/03/26,22:48:32
22612,0.16,22.612,159.20750044224306,4064296044,2026-03-07 22:48:54.689551,07/03/26,22:48:54
31382,0.11,31.382,114.7154419731056,4064327426,2026-03-07 22:49:26.071551,07/03/26,22:49:26
35575,0.1,35.575,101.19465917076599,4064363001,2026-03-07 22:50:01.646551,07/03/26,22:50:1
35497,0.1,35.497,101.41702115671747,4064398498,2026-03-07 22:50:37.143551,07/03/26,22:50:37
35539,0.1,35.539,101.29716649314837,4064434037,2026-03-07 22:51:12.682551,07/03/26,22:51:12
35438,0.1,35.438,101.5858682769908,4064469475,2026-03-07 22:51:48.120551,07/03/26,22:51:48
35245,0.1,35.245,102.14214782238615,4064504720,2026-03-07 22:52:23.365551,07/03/26,22:52:23
35358,0.1,35.358,101.8157135584592,4064540078,2026-03-07 22:52:58.723551,07/03/26,22:52:58
35579,0.1,35.579,101.18328227325108,4064575657,2026-03-07 22:53:34.302551,07/03/26,22:53:34
35170,0.1,35.17,102.35996588001137,4064610827,2026-03-07 22:54:09.472551,07/03/26,22:54:9
36881,0.1,36.881,97.61123613784876,4064647708,2026-03-07 22:54:46.353551,07/03/26,22:54:46
38339,0.09,38.339,93.89916273246564,4064686047,2026-03-07 22:55:24.692551,07/03/26,22:55:24
36701,0.1,36.701,98.08997030053678,4064722748,2026-03-07 22:56:01.393551,07/03/26,22:56:1
36824,0.1,36.824,97.7623289159244,4064759572,2026-03-07 22:56:38.217551,07/03/26,22:56:38
36937,0.1,36.937,97.46324823347862,4064796509,2026-03-07 22:57:15.154551,07/03/26,22:57:15
37104,0.1,37.104,97.02457956015525,4064833613,2026-03-07 22:57:52.258551,07/03/26,22:57:52
36955,0.1,36.955,97.41577594371533,4064870568,2026-03-07 22:58:29.213551,07/03/26,22:58:29
36931,0.1,36.931,97.47908261352252,4064907499,2026-03-07 22:59:06.144551,07/03/26,22:59:6
36909,0.1,36.909,97.53718605218239,4064944408,2026-03-07 22:59:43.053551,07/03/26,22:59:43
36882,0.1,36.882,97.60858955588091,4064981290,2026-03-07 23:00:19.935551,07/03/26,23:0:19
35863,0.1,35.863,100.38200931321975,4065017153,2026-03-07 23:00:55.798551,07/03/26,23:0:55
36020,0.1,36.02,99.94447529150472,4065053173,2026-03-07 23:01:31.818551,07/03/26,23:1:31
36047,0.1,36.047,99.86961466973673,4065089220,2026-03-07 23:02:07.865551,07/03/26,23:2:7
36144,0.1,36.144,99.60159362549801,4065125364,2026-03-07 23:02:44.009551,07/03/26,23:2:44
35728,0.1,35.728,100.76130765785938,4065161092,2026-03-07 23:03:19.737551,07/03/26,23:3:19
35428,0.1,35.428,101.614542170035,4065196520,2026-03-07 23:03:55.165551,07/03/26,23:3:55
35551,0.1,35.551,101.26297431858457,4065232071,2026-03-07 23:04:30.716551,07/03/26,23:4:30
35554,0.1,35.554,101.2544298813073,4065267625,2026-03-07 23:05:06.270551,07/03/26,23:5:6
35517,0.1,35.517,101.3599121547428,4065303142,2026-03-07 23:05:41.787551,07/03/26,23:5:41
35383,0.1,35.383,101.74377525930531,4065338525,2026-03-07 23:06:17.170551,07/03/26,23:6:17
35535,0.1,35.535,101.30856901646264,4065374060,2026-03-07 23:06:52.705551,07/03/26,23:6:52
36246,0.1,36.246,99.32130441979805,4065410306,2026-03-07 23:07:28.951551,07/03/26,23:7:28
36585,0.1,36.585,98.4009840098401,4065446891,2026-03-07 23:08:05.536551,07/03/26,23:8:5
36658,0.1,36.658,98.20503027988434,4065483549,2026-03-07 23:08:42.194551,07/03/26,23:8:42
36694,0.1,36.694,98.10868261841173,4065520243,2026-03-07 23:09:18.888551,07/03/26,23:9:18
36729,0.1,36.729,98.015192354815,4065556972,2026-03-07 23:09:55.617551,07/03/26,23:9:55
36807,0.1,36.807,97.80748227239384,4065593779,2026-03-07 23:10:32.424551,07/03/26,23:10:32
37029,0.1,37.029,97.22109697804423,4065630808,2026-03-07 23:11:09.453551,07/03/26,23:11:9
37702,0.09,37.702,95.48565062861387,4065668510,2026-03-07 23:11:47.155551,07/03/26,23:11:47
38238,0.09,38.238,94.14718343009572,4065706748,2026-03-07 23:12:25.393551,07/03/26,23:12:25
38318,0.09,38.318,93.95062372775197,4065745066,2026-03-07 23:13:03.711551,07/03/26,23:13:3
38374,0.09,38.374,93.81351957054255,4065783440,2026-03-07 23:13:42.085551,07/03/26,23:13:42
38273,0.09,38.273,94.06108745068325,4065821713,2026-03-07 23:14:20.358551,07/03/26,23:14:20
38277,0.09,38.277,94.05125793557488,4065859990,2026-03-07 23:14:58.635551,07/03/26,23:14:58
38262,0.09,38.262,94.08812921436412,4065898252,2026-03-07 23:15:36.897551,07/03/26,23:15:36
38236,0.09,38.236,94.1521079610838,4065936488,2026-03-07 23:16:15.133551,07/03/26,23:16:15
38308,0.09,38.308,93.9751487939856,4065974796,2026-03-07 23:16:53.441551,07/03/26,23:16:53
38353,0.09,38.353,93.86488671029646,4066013149,2026-03-07 23:17:31.794551,07/03/26,23:17:31
38258,0.09,38.258,94.09796643839196,4066051407,2026-03-07 23:18:10.052551,07/03/26,23:18:10
38202,0.09,38.202,94.23590387937804,4066089609,2026-03-07 23:18:48.254551,07/03/26,23:18:48
38261,0.09,38.261,94.09058832753979,4066127870,2026-03-07 23:19:26.515551,07/03/26,23:19:26
38138,0.09,38.138,94.39404268708375,4066166008,2026-03-07 23:20:04.653551,07/03/26,23:20:4
37158,0.1,37.158,96.88357823348943,4066203166,2026-03-07 23:20:41.811551,07/03/26,23:20:41
36857,0.1,36.857,97.6747971891364,4066240023,2026-03-07 23:21:18.668551,07/03/26,23:21:18
36968,0.1,36.968,97.38151915169877,4066276991,2026-03-07 23:21:55.636551,07/03/26,23:21:55
36875,0.1,36.875,97.62711864406779,4066313866,2026-03-07 23:22:32.511551,07/03/26,23:22:32
36872,0.1,36.872,97.63506183553916,4066350738,2026-03-07 23:23:09.383551,07/03/26,23:23:9
37086,0.1,37.086,97.0716712506067,4066387824,2026-03-07 23:23:46.469551,07/03/26,23:23:46
37061,0.1,37.061,97.13715226248617,4066424885,2026-03-07 23:24:23.530551,07/03/26,23:24:23
37031,0.1,37.031,97.21584618292782,4066461916,2026-03-07 23:25:00.561551,07/03/26,23:25:0
37103,0.1,37.103,97.0271945664771,4066499019,2026-03-07 23:25:37.664551,07/03/26,23:25:37
37045,0.1,37.045,97.1791064921042,4066536064,2026-03-07 23:26:14.709551,07/03/26,23:26:14
37039,0.1,37.039,97.19484867302033,4066573103,2026-03-07 23:26:51.748551,07/03/26,23:26:51
36952,0.1,36.952,97.42368478025547,4066610055,2026-03-07 23:27:28.700551,07/03/26,23:27:28
36999,0.1,36.999,97.29992702505473,4066647054,2026-03-07 23:28:05.699551,07/03/26,23:28:5
36954,0.1,36.954,97.4184120798831,4066684008,2026-03-07 23:28:42.653551,07/03/26,23:28:42
36927,0.1,36.927,97.48964172556666,4066720935,2026-03-07 23:29:19.580551,07/03/26,23:29:19
37010,0.1,37.01,97.27100783572007,4066757945,2026-03-07 23:29:56.590551,07/03/26,23:29:56
36991,0.1,36.991,97.32096996566733,4066794936,2026-03-07 23:30:33.581551,07/03/26,23:30:33
37154,0.1,37.154,96.89400872046079,4066832090,2026-03-07 23:31:10.735551,07/03/26,23:31:10
37062,0.1,37.062,97.13453132588636,4066869152,2026-03-07 23:31:47.797551,07/03/26,23:31:47
36885,0.1,36.885,97.60065067100447,4066906037,2026-03-07 23:32:24.682551,07/03/26,23:32:24
37044,0.1,37.044,97.18172983479106,4066943081,2026-03-07 23:33:01.726551,07/03/26,23:33:1
37596,0.09,37.596,95.7548675390999,4066980677,2026-03-07 23:33:39.322551,07/03/26,23:33:39
37218,0.1,37.218,96.72738997259391,4067017895,2026-03-07 23:34:16.540551,07/03/26,23:34:16
36999,0.1,36.999,97.29992702505473,4067054894,2026-03-07 23:34:53.539551,07/03/26,23:34:53
36766,0.1,36.766,97.91655333732253,4067091660,2026-03-07 23:35:30.305551,07/03/26,23:35:30
23978,0.15,23.978,150.13762615731088,4067115638,2026-03-07 23:35:54.283551,07/03/26,23:35:54
20910,0.17,20.91,172.1664275466284,4067136548,2026-03-07 23:36:15.193551,07/03/26,23:36:15
21087,0.17,21.087,170.72129748186086,4067157635,2026-03-07 23:36:36.280551,07/03/26,23:36:36
21300,0.17,21.3,169.01408450704224,4067178935,2026-03-07 23:36:57.580551,07/03/26,23:36:57
21391,0.17,21.391,168.29507736898697,4067200326,2026-03-07 23:37:18.971551,07/03/26,23:37:18
21541,0.17,21.541,167.12316048465718,4067221867,2026-03-07 23:37:40.512551,07/03/26,23:37:40
21730,0.17,21.73,165.66958122411413,4067243597,2026-03-07 23:38:02.242551,07/03/26,23:38:2
21800,0.17,21.8,165.13761467889907,4067265397,2026-03-07 23:38:24.042551,07/03/26,23:38:24
21879,0.16,21.879,164.54134101192923,4067287276,2026-03-07 23:38:45.921551,07/03/26,23:38:45
21955,0.16,21.955,163.97176041903893,4067309231,2026-03-07 23:39:07.876551,07/03/26,23:39:7
22047,0.16,22.047,163.28752211185196,4067331278,2026-03-07 23:39:29.923551,07/03/26,23:39:29
22142,0.16,22.142,162.58693884924577,4067353420,2026-03-07 23:39:52.065551,07/03/26,23:39:52
22237,0.16,22.237,161.89234159284075,4067375657,2026-03-07 23:40:14.302551,07/03/26,23:40:14
22260,0.16,22.26,161.72506738544473,4067397917,2026-03-07 23:40:36.562551,07/03/26,23:40:36
22368,0.16,22.368,160.94420600858368,4067420285,2026-03-07 23:40:58.930551,07/03/26,23:40:58
22481,0.16,22.481,160.1352253013656,4067442766,2026-03-07 23:41:21.411551,07/03/26,23:41:21
22548,0.16,22.548,159.6593932943055,4067465314,2026-03-07 23:41:43.959551,07/03/26,23:41:43
22559,0.16,22.559,159.58154173500597,4067487873,2026-03-07 23:42:06.518551,07/03/26,23:42:6
23247,0.15,23.247,154.85869144405729,4067511120,2026-03-07 23:42:29.765551,07/03/26,23:42:29
38175,0.09,38.175,94.30255402750491,4067549295,2026-03-07 23:43:07.940551,07/03/26,23:43:7
38261,0.09,38.261,94.09058832753979,4067587556,2026-03-07 23:43:46.201551,07/03/26,23:43:46
38259,0.09,38.259,94.09550693954364,4067625815,2026-03-07 23:44:24.460551,07/03/26,23:44:24
38096,0.09,38.096,94.49811003779925,4067663911,2026-03-07 23:45:02.556551,07/03/26,23:45:2
38242,0.09,38.242,94.13733591339366,4067702153,2026-03-07 23:45:40.798551,07/03/26,23:45:40
38223,0.09,38.223,94.18412997409936,4067740376,2026-03-07 23:46:19.021551,07/03/26,23:46:19
38110,0.09,38.11,94.46339543426922,4067778486,2026-03-07 23:46:57.131551,07/03/26,23:46:57
38280,0.09,38.28,94.04388714733543,4067816766,2026-03-07 23:47:35.411551,07/03/26,23:47:35
38285,0.09,38.285,94.03160506725872,4067855051,2026-03-07 23:48:13.696551,07/03/26,23:48:13
38314,0.09,38.314,93.9604322179882,4067893365,2026-03-07 23:48:52.010551,07/03/26,23:48:52
38262,0.09,38.262,94.08812921436412,4067931627,2026-03-07 23:49:30.272551,07/03/26,23:49:30
38291,0.09,38.291,94.01687080515003,4067969918,2026-03-07 23:50:08.563551,07/03/26,23:50:8
38229,0.09,38.229,94.16934787726595,4068008147,2026-03-07 23:50:46.792551,07/03/26,23:50:46
38307,0.09,38.307,93.97760200485551,4068046454,2026-03-07 23:51:25.099551,07/03/26,23:51:25
38270,0.09,38.27,94.06846093545859,4068084724,2026-03-07 23:52:03.369551,07/03/26,23:52:3
38208,0.09,38.208,94.22110552763819,4068122932,2026-03-07 23:52:41.577551,07/03/26,23:52:41
38186,0.09,38.186,94.27538888597915,4068161118,2026-03-07 23:53:19.763551,07/03/26,23:53:19
37985,0.09,37.985,94.77425299460313,4068199103,2026-03-07 23:53:57.748551,07/03/26,23:53:57
37958,0.09,37.958,94.84166710574846,4068237061,2026-03-07 23:54:35.706551,07/03/26,23:54:35
38322,0.09,38.322,93.94081728511038,4068275383,2026-03-07 23:55:14.028551,07/03/26,23:55:14
38253,0.09,38.253,94.11026586150106,4068313636,2026-03-07 23:55:52.281551,07/03/26,23:55:52
38210,0.09,38.21,94.2161737764983,4068351846,2026-03-07 23:56:30.491551,07/03/26,23:56:30
38232,0.09,38.232,94.16195856873823,4068390078,2026-03-07 23:57:08.723551,07/03/26,23:57:8
38216,0.09,38.216,94.20138162026376,4068428294,2026-03-07 23:57:46.939551,07/03/26,23:57:46
38182,0.09,38.182,94.28526530826043,4068466476,2026-03-07 23:58:25.121551,07/03/26,23:58:25
38251,0.09,38.251,94.11518653107109,4068504727,2026-03-07 23:59:03.372551,07/03/26,23:59:3
38241,0.09,38.241,94.13979759943516,4068542968,2026-03-07 23:59:41.613551,07/03/26,23:59:41
