Interval,kWh,sec,Wh,cumul(ms),dates,days,heure
39540,0.09,39.54,91.04704097116844,13593222566,2026-05-11 00:00:05.224979,11/05/26,0:0:5
39550,0.09,39.55,91.02402022756004,13593262116,2026-05-11 00:00:44.774979,11/05/26,0:0:44
38821,0.09,38.821,92.73331444321373,13593300937,2026-05-11 00:01:23.595979,11/05/26,0:1:23
38298,0.09,38.298,93.9996866677111,13593339235,2026-05-11 00:02:01.893979,11/05/26,0:2:1
37980,0.09,37.98,94.7867298578199,13593377215,2026-05-11 00:02:39.873979,11/05/26,0:2:39
38631,0.09,38.631,93.18940747068416,13593415846,2026-05-11 00:03:18.504979,11/05/26,0:3:18
38754,0.09,38.754,92.89363678588016,13593454600,2026-05-11 00:03:57.258979,11/05/26,0:3:57
38731,0.09,38.731,92.94880070227983,13593493331,2026-05-11 00:04:35.989979,11/05/26,0:4:35
38810,0.09,38.81,92.75959804174182,13593532141,2026-05-11 00:05:14.799979,11/05/26,0:5:14
38063,0.09,38.063,94.58003835746,13593570204,2026-05-11 00:05:52.862979,11/05/26,0:5:52
38396,0.09,38.396,93.75976664235858,13593608600,2026-05-11 00:06:31.258979,11/05/26,0:6:31
39459,0.09,39.459,91.23393902531741,13593648059,2026-05-11 00:07:10.717979,11/05/26,0:7:10
40083,0.09,40.083,89.81363670383953,13593688142,2026-05-11 00:07:50.800979,11/05/26,0:7:50
40031,0.09,40.031,89.93030401438885,13593728173,2026-05-11 00:08:30.831979,11/05/26,0:8:30
40097,0.09,40.097,89.78227797590843,13593768270,2026-05-11 00:09:10.928979,11/05/26,0:9:10
39910,0.09,39.91,90.20295665246805,13593808180,2026-05-11 00:09:50.838979,11/05/26,0:9:50
40074,0.09,40.074,89.83380745620602,13593848254,2026-05-11 00:10:30.912979,11/05/26,0:10:30
40176,0.09,40.176,89.60573476702508,13593888430,2026-05-11 00:11:11.088979,11/05/26,0:11:11
40066,0.09,40.066,89.85174462137473,13593928496,2026-05-11 00:11:51.154979,11/05/26,0:11:51
40130,0.09,40.13,89.7084475454772,13593968626,2026-05-11 00:12:31.284979,11/05/26,0:12:31
40799,0.09,40.799,88.23745680041178,13594009425,2026-05-11 00:13:12.083979,11/05/26,0:13:12
39922,0.09,39.922,90.17584289364261,13594049347,2026-05-11 00:13:52.005979,11/05/26,0:13:52
40716,0.09,40.716,88.41732979664015,13594090063,2026-05-11 00:14:32.721979,11/05/26,0:14:32
40837,0.09,40.837,88.15534931557167,13594130900,2026-05-11 00:15:13.558979,11/05/26,0:15:13
41011,0.09,41.011,87.78132696105922,13594171911,2026-05-11 00:15:54.569979,11/05/26,0:15:54
41120,0.09,41.12,87.54863813229572,13594213031,2026-05-11 00:16:35.689979,11/05/26,0:16:35
25006,0.14,25.006,143.96544829240983,13594238037,2026-05-11 00:17:00.695979,11/05/26,0:17:0
21793,0.17,21.793,165.19065755058963,13594259830,2026-05-11 00:17:22.488979,11/05/26,0:17:22
21800,0.17,21.8,165.13761467889907,13594281630,2026-05-11 00:17:44.288979,11/05/26,0:17:44
21887,0.16,21.887,164.48119888518298,13594303517,2026-05-11 00:18:06.175979,11/05/26,0:18:6
22005,0.16,22.005,163.59918200408998,13594325522,2026-05-11 00:18:28.180979,11/05/26,0:18:28
22210,0.16,22.21,162.0891490319676,13594347732,2026-05-11 00:18:50.390979,11/05/26,0:18:50
22401,0.16,22.401,160.70711128967457,13594370133,2026-05-11 00:19:12.791979,11/05/26,0:19:12
22438,0.16,22.438,160.44210713967377,13594392571,2026-05-11 00:19:35.229979,11/05/26,0:19:35
22511,0.16,22.511,159.92181600106613,13594415082,2026-05-11 00:19:57.740979,11/05/26,0:19:57
22700,0.16,22.7,158.59030837004406,13594437782,2026-05-11 00:20:20.440979,11/05/26,0:20:20
22682,0.16,22.682,158.716162595891,13594460464,2026-05-11 00:20:43.122979,11/05/26,0:20:43
22780,0.16,22.78,158.03336259877085,13594483244,2026-05-11 00:21:05.902979,11/05/26,0:21:5
22896,0.16,22.896,157.23270440251574,13594506140,2026-05-11 00:21:28.798979,11/05/26,0:21:28
22919,0.16,22.919,157.07491600855187,13594529059,2026-05-11 00:21:51.717979,11/05/26,0:21:51
23117,0.16,23.117,155.72954968205218,13594552176,2026-05-11 00:22:14.834979,11/05/26,0:22:14
23131,0.16,23.131,155.63529462625914,13594575307,2026-05-11 00:22:37.965979,11/05/26,0:22:37
23211,0.16,23.211,155.09887553315238,13594598518,2026-05-11 00:23:01.176979,11/05/26,0:23:1
23282,0.15,23.282,154.6258912464565,13594621800,2026-05-11 00:23:24.458979,11/05/26,0:23:24
23383,0.15,23.383,153.95800367788564,13594645183,2026-05-11 00:23:47.841979,11/05/26,0:23:47
23485,0.15,23.485,153.28933361720246,13594668668,2026-05-11 00:24:11.326979,11/05/26,0:24:11
25988,0.14,25.988,138.5254732953671,13594694656,2026-05-11 00:24:37.314979,11/05/26,0:24:37
40739,0.09,40.739,88.36741206215174,13594735395,2026-05-11 00:25:18.053979,11/05/26,0:25:18
40928,0.09,40.928,87.95934323690383,13594776323,2026-05-11 00:25:58.981979,11/05/26,0:25:58
40858,0.09,40.858,88.11003964951784,13594817181,2026-05-11 00:26:39.839979,11/05/26,0:26:39
40891,0.09,40.891,88.03893277249273,13594858072,2026-05-11 00:27:20.730979,11/05/26,0:27:20
40926,0.09,40.926,87.96364169476617,13594898998,2026-05-11 00:28:01.656979,11/05/26,0:28:1
40935,0.09,40.935,87.94430194210334,13594939933,2026-05-11 00:28:42.591979,11/05/26,0:28:42
40928,0.09,40.928,87.95934323690383,13594980861,2026-05-11 00:29:23.519979,11/05/26,0:29:23
40880,0.09,40.88,88.06262230919765,13595021741,2026-05-11 00:30:04.399979,11/05/26,0:30:4
40935,0.09,40.935,87.94430194210334,13595062676,2026-05-11 00:30:45.334979,11/05/26,0:30:45
40386,0.09,40.386,89.13980092111127,13595103062,2026-05-11 00:31:25.720979,11/05/26,0:31:25
40142,0.09,40.142,89.68163021274475,13595143204,2026-05-11 00:32:05.862979,11/05/26,0:32:5
40175,0.09,40.175,89.607965152458,13595183379,2026-05-11 00:32:46.037979,11/05/26,0:32:46
40162,0.09,40.162,89.63697027040486,13595223541,2026-05-11 00:33:26.199979,11/05/26,0:33:26
40044,0.09,40.044,89.90110878034163,13595263585,2026-05-11 00:34:06.243979,11/05/26,0:34:6
39905,0.09,39.905,90.21425886480391,13595303490,2026-05-11 00:34:46.148979,11/05/26,0:34:46
40140,0.09,40.14,89.68609865470852,13595343630,2026-05-11 00:35:26.288979,11/05/26,0:35:26
40149,0.09,40.149,89.66599417171038,13595383779,2026-05-11 00:36:06.437979,11/05/26,0:36:6
39941,0.09,39.941,90.13294609549085,13595423720,2026-05-11 00:36:46.378979,11/05/26,0:36:46
40000,0.09,40.0,90.0,13595463720,2026-05-11 00:37:26.378979,11/05/26,0:37:26
39999,0.09,39.999,90.00225005625141,13595503719,2026-05-11 00:38:06.377979,11/05/26,0:38:6
39984,0.09,39.984,90.0360144057623,13595543703,2026-05-11 00:38:46.361979,11/05/26,0:38:46
40531,0.09,40.531,88.82090251905949,13595584234,2026-05-11 00:39:26.892979,11/05/26,0:39:26
40819,0.09,40.819,88.19422327837526,13595625053,2026-05-11 00:40:07.711979,11/05/26,0:40:7
40726,0.09,40.726,88.3956195059667,13595665779,2026-05-11 00:40:48.437979,11/05/26,0:40:48
40838,0.09,40.838,88.15319065576179,13595706617,2026-05-11 00:41:29.275979,11/05/26,0:41:29
40847,0.09,40.847,88.13376747374348,13595747464,2026-05-11 00:42:10.122979,11/05/26,0:42:10
40893,0.09,40.893,88.03462695326829,13595788357,2026-05-11 00:42:51.015979,11/05/26,0:42:51
40932,0.09,40.932,87.95074758135443,13595829289,2026-05-11 00:43:31.947979,11/05/26,0:43:31
40850,0.09,40.85,88.12729498164015,13595870139,2026-05-11 00:44:12.797979,11/05/26,0:44:12
40866,0.09,40.866,88.09279107326384,13595911005,2026-05-11 00:44:53.663979,11/05/26,0:44:53
40915,0.09,40.915,87.9872907246731,13595951920,2026-05-11 00:45:34.578979,11/05/26,0:45:34
40920,0.09,40.92,87.97653958944281,13595992840,2026-05-11 00:46:15.498979,11/05/26,0:46:15
40907,0.09,40.907,88.00449800767595,13596033747,2026-05-11 00:46:56.405979,11/05/26,0:46:56
40910,0.09,40.91,87.99804448790027,13596074657,2026-05-11 00:47:37.315979,11/05/26,0:47:37
40922,0.09,40.922,87.97223987097405,13596115579,2026-05-11 00:48:18.237979,11/05/26,0:48:18
41009,0.09,41.009,87.78560803726012,13596156588,2026-05-11 00:48:59.246979,11/05/26,0:48:59
40847,0.09,40.847,88.13376747374348,13596197435,2026-05-11 00:49:40.093979,11/05/26,0:49:40
40944,0.09,40.944,87.92497069167644,13596238379,2026-05-11 00:50:21.037979,11/05/26,0:50:21
40859,0.09,40.859,88.10788320810593,13596279238,2026-05-11 00:51:01.896979,11/05/26,0:51:1
40755,0.09,40.755,88.33271991166728,13596319993,2026-05-11 00:51:42.651979,11/05/26,0:51:42
40997,0.09,40.997,87.81130326609264,13596360990,2026-05-11 00:52:23.648979,11/05/26,0:52:23
40857,0.09,40.857,88.1121961964902,13596401847,2026-05-11 00:53:04.505979,11/05/26,0:53:4
40848,0.09,40.848,88.1316098707403,13596442695,2026-05-11 00:53:45.353979,11/05/26,0:53:45
40887,0.09,40.887,88.04754567466432,13596483582,2026-05-11 00:54:26.240979,11/05/26,0:54:26
40781,0.09,40.781,88.27640322699297,13596524363,2026-05-11 00:55:07.021979,11/05/26,0:55:7
40810,0.09,40.81,88.21367311933349,13596565173,2026-05-11 00:55:47.831979,11/05/26,0:55:47
40880,0.09,40.88,88.06262230919765,13596606053,2026-05-11 00:56:28.711979,11/05/26,0:56:28
40881,0.09,40.881,88.06046818815587,13596646934,2026-05-11 00:57:09.592979,11/05/26,0:57:9
40817,0.09,40.817,88.19854472401205,13596687751,2026-05-11 00:57:50.409979,11/05/26,0:57:50
40964,0.09,40.964,87.88204276926082,13596728715,2026-05-11 00:58:31.373979,11/05/26,0:58:31
40972,0.09,40.972,87.86488333496047,13596769687,2026-05-11 00:59:12.345979,11/05/26,0:59:12
40916,0.09,40.916,87.98514028741812,13596810603,2026-05-11 00:59:53.261979,11/05/26,0:59:53
40879,0.09,40.879,88.06477653562953,13596851482,2026-05-11 01:00:34.140979,11/05/26,1:0:34
40845,0.09,40.845,88.13808299669482,13596892327,2026-05-11 01:01:14.985979,11/05/26,1:1:14
39207,0.09,39.207,91.82033820491239,13596931534,2026-05-11 01:01:54.192979,11/05/26,1:1:54
39895,0.09,39.895,90.23687178844467,13596971429,2026-05-11 01:02:34.087979,11/05/26,1:2:34
39987,0.09,39.987,90.02925950934053,13597011416,2026-05-11 01:03:14.074979,11/05/26,1:3:14
39987,0.09,39.987,90.02925950934053,13597051403,2026-05-11 01:03:54.061979,11/05/26,1:3:54
40065,0.09,40.065,89.85398727068514,13597091468,2026-05-11 01:04:34.126979,11/05/26,1:4:34
40117,0.09,40.117,89.73751776055039,13597131585,2026-05-11 01:05:14.243979,11/05/26,1:5:14
40041,0.09,40.041,89.90784445942909,13597171626,2026-05-11 01:05:54.284979,11/05/26,1:5:54
40027,0.09,40.027,89.93929097858945,13597211653,2026-05-11 01:06:34.311979,11/05/26,1:6:34
40039,0.09,40.039,89.91233547291391,13597251692,2026-05-11 01:07:14.350979,11/05/26,1:7:14
40012,0.09,40.012,89.97300809757073,13597291704,2026-05-11 01:07:54.362979,11/05/26,1:7:54
21574,0.17,21.574,166.86752572541022,13597313278,2026-05-11 01:08:15.936979,11/05/26,1:8:15
21431,0.17,21.431,167.98096215762214,13597334709,2026-05-11 01:08:37.367979,11/05/26,1:8:37
21388,0.17,21.388,168.3186833738545,13597356097,2026-05-11 01:08:58.755979,11/05/26,1:8:58
21465,0.17,21.465,167.71488469601678,13597377562,2026-05-11 01:09:20.220979,11/05/26,1:9:20
21611,0.17,21.611,166.5818333256212,13597399173,2026-05-11 01:09:41.831979,11/05/26,1:9:41
21850,0.16,21.85,164.75972540045765,13597421023,2026-05-11 01:10:03.681979,11/05/26,1:10:3
21939,0.16,21.939,164.09134418159442,13597442962,2026-05-11 01:10:25.620979,11/05/26,1:10:25
22133,0.16,22.133,162.65305200379524,13597465095,2026-05-11 01:10:47.753979,11/05/26,1:10:47
22268,0.16,22.268,161.66696604993712,13597487363,2026-05-11 01:11:10.021979,11/05/26,1:11:10
22332,0.16,22.332,161.20365394948954,13597509695,2026-05-11 01:11:32.353979,11/05/26,1:11:32
22521,0.16,22.521,159.85080591447982,13597532216,2026-05-11 01:11:54.874979,11/05/26,1:11:54
22525,0.16,22.525,159.82241953385127,13597554741,2026-05-11 01:12:17.399979,11/05/26,1:12:17
22831,0.16,22.831,157.68034689676318,13597577572,2026-05-11 01:12:40.230979,11/05/26,1:12:40
23060,0.16,23.06,156.11448395490027,13597600632,2026-05-11 01:13:03.290979,11/05/26,1:13:3
23078,0.16,23.078,155.9927203397175,13597623710,2026-05-11 01:13:26.368979,11/05/26,1:13:26
23151,0.16,23.151,155.5008422962291,13597646861,2026-05-11 01:13:49.519979,11/05/26,1:13:49
23256,0.15,23.256,154.79876160990713,13597670117,2026-05-11 01:14:12.775979,11/05/26,1:14:12
23254,0.15,23.254,154.81207534187666,13597693371,2026-05-11 01:14:36.029979,11/05/26,1:14:36
23365,0.15,23.365,154.0766103145731,13597716736,2026-05-11 01:14:59.394979,11/05/26,1:14:59
23464,0.15,23.464,153.42652574156153,13597740200,2026-05-11 01:15:22.858979,11/05/26,1:15:22
32469,0.11,32.469,110.87498845052204,13597772669,2026-05-11 01:15:55.327979,11/05/26,1:15:55
41086,0.09,41.086,87.62108747505233,13597813755,2026-05-11 01:16:36.413979,11/05/26,1:16:36
40973,0.09,40.973,87.86273887682133,13597854728,2026-05-11 01:17:17.386979,11/05/26,1:17:17
41021,0.09,41.021,87.75992784183711,13597895749,2026-05-11 01:17:58.407979,11/05/26,1:17:58
40957,0.09,40.957,87.89706277315233,13597936706,2026-05-11 01:18:39.364979,11/05/26,1:18:39
41035,0.09,41.035,87.7299865968076,13597977741,2026-05-11 01:19:20.399979,11/05/26,1:19:20
40967,0.09,40.967,87.87560719603583,13598018708,2026-05-11 01:20:01.366979,11/05/26,1:20:1
41000,0.09,41.0,87.8048780487805,13598059708,2026-05-11 01:20:42.366979,11/05/26,1:20:42
41013,0.09,41.013,87.77704630239192,13598100721,2026-05-11 01:21:23.379979,11/05/26,1:21:23
41063,0.09,41.063,87.67016535567299,13598141784,2026-05-11 01:22:04.442979,11/05/26,1:22:4
41047,0.09,41.047,87.70433892854533,13598182831,2026-05-11 01:22:45.489979,11/05/26,1:22:45
40908,0.09,40.908,88.00234672924611,13598223739,2026-05-11 01:23:26.397979,11/05/26,1:23:26
41092,0.09,41.092,87.60829358512606,13598264831,2026-05-11 01:24:07.489979,11/05/26,1:24:7
40964,0.09,40.964,87.88204276926082,13598305795,2026-05-11 01:24:48.453979,11/05/26,1:24:48
40878,0.09,40.878,88.06693086745926,13598346673,2026-05-11 01:25:29.331979,11/05/26,1:25:29
40950,0.09,40.95,87.91208791208791,13598387623,2026-05-11 01:26:10.281979,11/05/26,1:26:10
40857,0.09,40.857,88.1121961964902,13598428480,2026-05-11 01:26:51.138979,11/05/26,1:26:51
41097,0.09,41.097,87.59763486385867,13598469577,2026-05-11 01:27:32.235979,11/05/26,1:27:32
40936,0.09,40.936,87.94215360562829,13598510513,2026-05-11 01:28:13.171979,11/05/26,1:28:13
41006,0.09,41.006,87.79203043457055,13598551519,2026-05-11 01:28:54.177979,11/05/26,1:28:54
40965,0.09,40.965,87.87989747345294,13598592484,2026-05-11 01:29:35.142979,11/05/26,1:29:35
41032,0.09,41.032,87.73640085786703,13598633516,2026-05-11 01:30:16.174979,11/05/26,1:30:16
40999,0.09,40.999,87.8070196834069,13598674515,2026-05-11 01:30:57.173979,11/05/26,1:30:57
40520,0.09,40.52,88.84501480750247,13598715035,2026-05-11 01:31:37.693979,11/05/26,1:31:37
40071,0.09,40.071,89.84053305382945,13598755106,2026-05-11 01:32:17.764979,11/05/26,1:32:17
40182,0.09,40.182,89.59235478572495,13598795288,2026-05-11 01:32:57.946979,11/05/26,1:32:57
39068,0.09,39.068,92.14702569878162,13598834356,2026-05-11 01:33:37.014979,11/05/26,1:33:37
38754,0.09,38.754,92.89363678588016,13598873110,2026-05-11 01:34:15.768979,11/05/26,1:34:15
38085,0.09,38.085,94.52540370224497,13598911195,2026-05-11 01:34:53.853979,11/05/26,1:34:53
37920,0.09,37.92,94.9367088607595,13598949115,2026-05-11 01:35:31.773979,11/05/26,1:35:31
37602,0.09,37.602,95.73958831977022,13598986717,2026-05-11 01:36:09.375979,11/05/26,1:36:9
37913,0.09,37.913,94.95423733284098,13599024630,2026-05-11 01:36:47.288979,11/05/26,1:36:47
37965,0.09,37.965,94.82418016594231,13599062595,2026-05-11 01:37:25.253979,11/05/26,1:37:25
38053,0.09,38.053,94.60489317530812,13599100648,2026-05-11 01:38:03.306979,11/05/26,1:38:3
37965,0.09,37.965,94.82418016594231,13599138613,2026-05-11 01:38:41.271979,11/05/26,1:38:41
37885,0.09,37.885,95.02441599577669,13599176498,2026-05-11 01:39:19.156979,11/05/26,1:39:19
38661,0.09,38.661,93.1170947466439,13599215159,2026-05-11 01:39:57.817979,11/05/26,1:39:57
38579,0.09,38.579,93.31501594131522,13599253738,2026-05-11 01:40:36.396979,11/05/26,1:40:36
38852,0.09,38.852,92.6593225573973,13599292590,2026-05-11 01:41:15.248979,11/05/26,1:41:15
38724,0.09,38.724,92.96560272699101,13599331314,2026-05-11 01:41:53.972979,11/05/26,1:41:53
38719,0.09,38.719,92.97760789276583,13599370033,2026-05-11 01:42:32.691979,11/05/26,1:42:32
38831,0.09,38.831,92.70943318482655,13599408864,2026-05-11 01:43:11.522979,11/05/26,1:43:11
38772,0.09,38.772,92.85051067780873,13599447636,2026-05-11 01:43:50.294979,11/05/26,1:43:50
38939,0.09,38.939,92.45229718277305,13599486575,2026-05-11 01:44:29.233979,11/05/26,1:44:29
39114,0.09,39.114,92.03865623561896,13599525689,2026-05-11 01:45:08.347979,11/05/26,1:45:8
40081,0.09,40.081,89.8181183104214,13599565770,2026-05-11 01:45:48.428979,11/05/26,1:45:48
40169,0.09,40.169,89.62134979710723,13599605939,2026-05-11 01:46:28.597979,11/05/26,1:46:28
41132,0.09,41.132,87.5230963726539,13599647071,2026-05-11 01:47:09.729979,11/05/26,1:47:9
41172,0.09,41.172,87.43806470416789,13599688243,2026-05-11 01:47:50.901979,11/05/26,1:47:50
41045,0.09,41.045,87.70861249847728,13599729288,2026-05-11 01:48:31.946979,11/05/26,1:48:31
41218,0.09,41.218,87.34048231355233,13599770506,2026-05-11 01:49:13.164979,11/05/26,1:49:13
41058,0.09,41.058,87.68084173608067,13599811564,2026-05-11 01:49:54.222979,11/05/26,1:49:54
40870,0.09,40.87,88.08416931734769,13599852434,2026-05-11 01:50:35.092979,11/05/26,1:50:35
41027,0.09,41.027,87.74709337753187,13599893461,2026-05-11 01:51:16.119979,11/05/26,1:51:16
40924,0.09,40.924,87.96794057276904,13599934385,2026-05-11 01:51:57.043979,11/05/26,1:51:57
40925,0.09,40.925,87.96579108124618,13599975310,2026-05-11 01:52:37.968979,11/05/26,1:52:37
41090,0.09,41.09,87.61255779995133,13600016400,2026-05-11 01:53:19.058979,11/05/26,1:53:19
40925,0.09,40.925,87.96579108124618,13600057325,2026-05-11 01:53:59.983979,11/05/26,1:53:59
41117,0.09,41.117,87.55502590169516,13600098442,2026-05-11 01:54:41.100979,11/05/26,1:54:41
41086,0.09,41.086,87.62108747505233,13600139528,2026-05-11 01:55:22.186979,11/05/26,1:55:22
41067,0.09,41.067,87.66162612316458,13600180595,2026-05-11 01:56:03.253979,11/05/26,1:56:3
41179,0.09,41.179,87.4232011462153,13600221774,2026-05-11 01:56:44.432979,11/05/26,1:56:44
40980,0.09,40.98,87.84773060029282,13600262754,2026-05-11 01:57:25.412979,11/05/26,1:57:25
41013,0.09,41.013,87.77704630239192,13600303767,2026-05-11 01:58:06.425979,11/05/26,1:58:6
41030,0.09,41.03,87.74067755300999,13600344797,2026-05-11 01:58:47.455979,11/05/26,1:58:47
25714,0.14,25.714,140.0015555728397,13600370511,2026-05-11 01:59:13.169979,11/05/26,1:59:13
21721,0.17,21.721,165.7382256802173,13600392232,2026-05-11 01:59:34.890979,11/05/26,1:59:34
21757,0.17,21.757,165.46398860136966,13600413989,2026-05-11 01:59:56.647979,11/05/26,1:59:56
21743,0.17,21.743,165.57052844593662,13600435732,2026-05-11 02:00:18.390979,11/05/26,2:0:18
21936,0.16,21.936,164.11378555798686,13600457668,2026-05-11 02:00:40.326979,11/05/26,2:0:40
22104,0.16,22.104,162.86644951140065,13600479772,2026-05-11 02:01:02.430979,11/05/26,2:1:2
21845,0.16,21.845,164.79743648432137,13600501617,2026-05-11 02:01:24.275979,11/05/26,2:1:24
21988,0.16,21.988,163.7256685464799,13600523605,2026-05-11 02:01:46.263979,11/05/26,2:1:46
22265,0.16,22.265,161.6887491578711,13600545870,2026-05-11 02:02:08.528979,11/05/26,2:2:8
22294,0.16,22.294,161.47842468825692,13600568164,2026-05-11 02:02:30.822979,11/05/26,2:2:30
22519,0.16,22.519,159.86500288645144,13600590683,2026-05-11 02:02:53.341979,11/05/26,2:2:53
22587,0.16,22.587,159.383716296985,13600613270,2026-05-11 02:03:15.928979,11/05/26,2:3:15
22680,0.16,22.68,158.73015873015873,13600635950,2026-05-11 02:03:38.608979,11/05/26,2:3:38
22742,0.16,22.742,158.2974232697212,13600658692,2026-05-11 02:04:01.350979,11/05/26,2:4:1
22812,0.16,22.812,157.81167806417676,13600681504,2026-05-11 02:04:24.162979,11/05/26,2:4:24
22897,0.16,22.897,157.22583744595363,13600704401,2026-05-11 02:04:47.059979,11/05/26,2:4:47
22965,0.16,22.965,156.7602873938602,13600727366,2026-05-11 02:05:10.024979,11/05/26,2:5:10
23054,0.16,23.054,156.1551140799861,13600750420,2026-05-11 02:05:33.078979,11/05/26,2:5:33
23106,0.16,23.106,155.80368735393404,13600773526,2026-05-11 02:05:56.184979,11/05/26,2:5:56
23230,0.15,23.23,154.97201894102454,13600796756,2026-05-11 02:06:19.414979,11/05/26,2:6:19
35440,0.1,35.44,101.58013544018058,13600832196,2026-05-11 02:06:54.854979,11/05/26,2:6:54
39911,0.09,39.911,90.20069654982336,13600872107,2026-05-11 02:07:34.765979,11/05/26,2:7:34
39918,0.09,39.918,90.184879001954,13600912025,2026-05-11 02:08:14.683979,11/05/26,2:8:14
39964,0.09,39.964,90.08107296566911,13600951989,2026-05-11 02:08:54.647979,11/05/26,2:8:54
39992,0.09,39.992,90.01800360072015,13600991981,2026-05-11 02:09:34.639979,11/05/26,2:9:34
39989,0.09,39.989,90.02475680812223,13601031970,2026-05-11 02:10:14.628979,11/05/26,2:10:14
40057,0.09,40.057,89.87193249619293,13601072027,2026-05-11 02:10:54.685979,11/05/26,2:10:54
40531,0.09,40.531,88.82090251905949,13601112558,2026-05-11 02:11:35.216979,11/05/26,2:11:35
40937,0.09,40.937,87.94000537411144,13601153495,2026-05-11 02:12:16.153979,11/05/26,2:12:16
40953,0.09,40.953,87.90564793788,13601194448,2026-05-11 02:12:57.106979,11/05/26,2:12:57
41065,0.09,41.065,87.66589553147449,13601235513,2026-05-11 02:13:38.171979,11/05/26,2:13:38
40862,0.09,40.862,88.1014145171553,13601276375,2026-05-11 02:14:19.033979,11/05/26,2:14:19
40817,0.09,40.817,88.19854472401205,13601317192,2026-05-11 02:14:59.850979,11/05/26,2:14:59
40879,0.09,40.879,88.06477653562953,13601358071,2026-05-11 02:15:40.729979,11/05/26,2:15:40
40832,0.09,40.832,88.16614420062696,13601398903,2026-05-11 02:16:21.561979,11/05/26,2:16:21
40966,0.09,40.966,87.87775228238051,13601439869,2026-05-11 02:17:02.527979,11/05/26,2:17:2
40964,0.09,40.964,87.88204276926082,13601480833,2026-05-11 02:17:43.491979,11/05/26,2:17:43
40845,0.09,40.845,88.13808299669482,13601521678,2026-05-11 02:18:24.336979,11/05/26,2:18:24
40960,0.09,40.96,87.890625,13601562638,2026-05-11 02:19:05.296979,11/05/26,2:19:5
40951,0.09,40.951,87.90994114917828,13601603589,2026-05-11 02:19:46.247979,11/05/26,2:19:46
40832,0.09,40.832,88.16614420062696,13601644421,2026-05-11 02:20:27.079979,11/05/26,2:20:27
40784,0.09,40.784,88.26990976853668,13601685205,2026-05-11 02:21:07.863979,11/05/26,2:21:7
40872,0.09,40.872,88.07985907222549,13601726077,2026-05-11 02:21:48.735979,11/05/26,2:21:48
40964,0.09,40.964,87.88204276926082,13601767041,2026-05-11 02:22:29.699979,11/05/26,2:22:29
40889,0.09,40.889,88.04323901293746,13601807930,2026-05-11 02:23:10.588979,11/05/26,2:23:10
40857,0.09,40.857,88.1121961964902,13601848787,2026-05-11 02:23:51.445979,11/05/26,2:23:51
40855,0.09,40.855,88.11650960714722,13601889642,2026-05-11 02:24:32.300979,11/05/26,2:24:32
41018,0.09,41.018,87.76634648203228,13601930660,2026-05-11 02:25:13.318979,11/05/26,2:25:13
40959,0.09,40.959,87.89277081960009,13601971619,2026-05-11 02:25:54.277979,11/05/26,2:25:54
40944,0.09,40.944,87.92497069167644,13602012563,2026-05-11 02:26:35.221979,11/05/26,2:26:35
40934,0.09,40.934,87.94645038354425,13602053497,2026-05-11 02:27:16.155979,11/05/26,2:27:16
40845,0.09,40.845,88.13808299669482,13602094342,2026-05-11 02:27:57.000979,11/05/26,2:27:57
40824,0.09,40.824,88.18342151675485,13602135166,2026-05-11 02:28:37.824979,11/05/26,2:28:37
40838,0.09,40.838,88.15319065576179,13602176004,2026-05-11 02:29:18.662979,11/05/26,2:29:18
40871,0.09,40.871,88.08201414205672,13602216875,2026-05-11 02:29:59.533979,11/05/26,2:29:59
40827,0.09,40.827,88.17694172973768,13602257702,2026-05-11 02:30:40.360979,11/05/26,2:30:40
40890,0.09,40.89,88.0410858400587,13602298592,2026-05-11 02:31:21.250979,11/05/26,2:31:21
40044,0.09,40.044,89.90110878034163,13602338636,2026-05-11 02:32:01.294979,11/05/26,2:32:1
40011,0.09,40.011,89.9752568043788,13602378647,2026-05-11 02:32:41.305979,11/05/26,2:32:41
40011,0.09,40.011,89.9752568043788,13602418658,2026-05-11 02:33:21.316979,11/05/26,2:33:21
40074,0.09,40.074,89.83380745620602,13602458732,2026-05-11 02:34:01.390979,11/05/26,2:34:1
38791,0.09,38.791,92.8050320950736,13602497523,2026-05-11 02:34:40.181979,11/05/26,2:34:40
38921,0.09,38.921,92.49505408391357,13602536444,2026-05-11 02:35:19.102979,11/05/26,2:35:19
38947,0.09,38.947,92.43330680155083,13602575391,2026-05-11 02:35:58.049979,11/05/26,2:35:58
39232,0.09,39.232,91.76182707993475,13602614623,2026-05-11 02:36:37.281979,11/05/26,2:36:37
39130,0.09,39.13,92.00102223358037,13602653753,2026-05-11 02:37:16.411979,11/05/26,2:37:16
39107,0.09,39.107,92.05513079499833,13602692860,2026-05-11 02:37:55.518979,11/05/26,2:37:55
39133,0.09,39.133,91.99396928423582,13602731993,2026-05-11 02:38:34.651979,11/05/26,2:38:34
39018,0.09,39.018,92.26510841150238,13602771011,2026-05-11 02:39:13.669979,11/05/26,2:39:13
39730,0.09,39.73,90.61162849232318,13602810741,2026-05-11 02:39:53.399979,11/05/26,2:39:53
39872,0.09,39.872,90.28892455858748,13602850613,2026-05-11 02:40:33.271979,11/05/26,2:40:33
39936,0.09,39.936,90.14423076923077,13602890549,2026-05-11 02:41:13.207979,11/05/26,2:41:13
40062,0.09,40.062,89.86071589036993,13602930611,2026-05-11 02:41:53.269979,11/05/26,2:41:53
40036,0.09,40.036,89.919072834449,13602970647,2026-05-11 02:42:33.305979,11/05/26,2:42:33
39838,0.09,39.838,90.3659822280235,13603010485,2026-05-11 02:43:13.143979,11/05/26,2:43:13
39995,0.09,39.995,90.0112514064258,13603050480,2026-05-11 02:43:53.138979,11/05/26,2:43:53
39896,0.09,39.896,90.2346099859635,13603090376,2026-05-11 02:44:33.034979,11/05/26,2:44:33
39785,0.09,39.785,90.48636420761594,13603130161,2026-05-11 02:45:12.819979,11/05/26,2:45:12
39825,0.09,39.825,90.3954802259887,13603169986,2026-05-11 02:45:52.644979,11/05/26,2:45:52
40367,0.09,40.367,89.18175737607451,13603210353,2026-05-11 02:46:33.011979,11/05/26,2:46:33
40739,0.09,40.739,88.36741206215174,13603251092,2026-05-11 02:47:13.750979,11/05/26,2:47:13
40793,0.09,40.793,88.25043512367318,13603291885,2026-05-11 02:47:54.543979,11/05/26,2:47:54
40822,0.09,40.822,88.18774190387536,13603332707,2026-05-11 02:48:35.365979,11/05/26,2:48:35
40943,0.09,40.943,87.92711818870137,13603373650,2026-05-11 02:49:16.308979,11/05/26,2:49:16
40875,0.09,40.875,88.07339449541284,13603414525,2026-05-11 02:49:57.183979,11/05/26,2:49:57
40817,0.09,40.817,88.19854472401205,13603455342,2026-05-11 02:50:38.000979,11/05/26,2:50:38
25331,0.14,25.331,142.11835300619794,13603480673,2026-05-11 02:51:03.331979,11/05/26,2:51:3
21657,0.17,21.657,166.2280094195872,13603502330,2026-05-11 02:51:24.988979,11/05/26,2:51:24
21751,0.17,21.751,165.50963174106937,13603524081,2026-05-11 02:51:46.739979,11/05/26,2:51:46
21720,0.17,21.72,165.74585635359117,13603545801,2026-05-11 02:52:08.459979,11/05/26,2:52:8
21845,0.16,21.845,164.79743648432137,13603567646,2026-05-11 02:52:30.304979,11/05/26,2:52:30
22110,0.16,22.11,162.82225237449117,13603589756,2026-05-11 02:52:52.414979,11/05/26,2:52:52
22210,0.16,22.21,162.0891490319676,13603611966,2026-05-11 02:53:14.624979,11/05/26,2:53:14
22282,0.16,22.282,161.5653891033121,13603634248,2026-05-11 02:53:36.906979,11/05/26,2:53:36
22487,0.16,22.487,160.09249788766843,13603656735,2026-05-11 02:53:59.393979,11/05/26,2:53:59
22538,0.16,22.538,159.73023338361878,13603679273,2026-05-11 02:54:21.931979,11/05/26,2:54:21
22714,0.16,22.714,158.49255965483843,13603701987,2026-05-11 02:54:44.645979,11/05/26,2:54:44
22270,0.16,22.27,161.65244723843736,13603724257,2026-05-11 02:55:06.915979,11/05/26,2:55:6
22407,0.16,22.407,160.66407818985138,13603746664,2026-05-11 02:55:29.322979,11/05/26,2:55:29
22543,0.16,22.543,159.69480548285497,13603769207,2026-05-11 02:55:51.865979,11/05/26,2:55:51
22547,0.16,22.547,159.66647447553999,13603791754,2026-05-11 02:56:14.412979,11/05/26,2:56:14
22622,0.16,22.622,159.13712315445142,13603814376,2026-05-11 02:56:37.034979,11/05/26,2:56:37
22686,0.16,22.686,158.68817773075907,13603837062,2026-05-11 02:56:59.720979,11/05/26,2:56:59
22819,0.16,22.819,157.76326745256145,13603859881,2026-05-11 02:57:22.539979,11/05/26,2:57:22
22596,0.16,22.596,159.32023366967604,13603882477,2026-05-11 02:57:45.135979,11/05/26,2:57:45
22581,0.16,22.581,159.42606616181746,13603905058,2026-05-11 02:58:07.716979,11/05/26,2:58:7
22905,0.16,22.905,157.17092337917487,13603927963,2026-05-11 02:58:30.621979,11/05/26,2:58:30
34700,0.1,34.7,103.74639769452449,13603962663,2026-05-11 02:59:05.321979,11/05/26,2:59:5
39043,0.09,39.043,92.2060292498015,13604001706,2026-05-11 02:59:44.364979,11/05/26,2:59:44
39563,0.09,39.563,90.99411065894901,13604041269,2026-05-11 03:00:23.927979,11/05/26,3:0:23
38872,0.09,38.872,92.61164848734307,13604080141,2026-05-11 03:01:02.799979,11/05/26,3:1:2
38444,0.09,38.444,93.64270107168869,13604118585,2026-05-11 03:01:41.243979,11/05/26,3:1:41
38606,0.09,38.606,93.24975392426047,13604157191,2026-05-11 03:02:19.849979,11/05/26,3:2:19
38653,0.09,38.653,93.13636716425633,13604195844,2026-05-11 03:02:58.502979,11/05/26,3:2:58
38307,0.09,38.307,93.97760200485551,13604234151,2026-05-11 03:03:36.809979,11/05/26,3:3:36
37841,0.09,37.841,95.134906582807,13604271992,2026-05-11 03:04:14.650979,11/05/26,3:4:14
38674,0.09,38.674,93.08579407353778,13604310666,2026-05-11 03:04:53.324979,11/05/26,3:4:53
38110,0.09,38.11,94.46339543426922,13604348776,2026-05-11 03:05:31.434979,11/05/26,3:5:31
38081,0.09,38.081,94.53533258055198,13604386857,2026-05-11 03:06:09.515979,11/05/26,3:6:9
39395,0.09,39.395,91.38215509582434,13604426252,2026-05-11 03:06:48.910979,11/05/26,3:6:48
39925,0.09,39.925,90.16906700062617,13604466177,2026-05-11 03:07:28.835979,11/05/26,3:7:28
39685,0.09,39.685,90.71437570870606,13604505862,2026-05-11 03:08:08.520979,11/05/26,3:8:8
39202,0.09,39.202,91.83204938523545,13604545064,2026-05-11 03:08:47.722979,11/05/26,3:8:47
39794,0.09,39.794,90.46589938181636,13604584858,2026-05-11 03:09:27.516979,11/05/26,3:9:27
39833,0.09,39.833,90.37732533326638,13604624691,2026-05-11 03:10:07.349979,11/05/26,3:10:7
40000,0.09,40.0,90.0,13604664691,2026-05-11 03:10:47.349979,11/05/26,3:10:47
39448,0.09,39.448,91.25937943621983,13604704139,2026-05-11 03:11:26.797979,11/05/26,3:11:26
40685,0.09,40.685,88.48469952070788,13604744824,2026-05-11 03:12:07.482979,11/05/26,3:12:7
40939,0.09,40.939,87.9357092259215,13604785763,2026-05-11 03:12:48.421979,11/05/26,3:12:48
40909,0.09,40.909,88.00019555599012,13604826672,2026-05-11 03:13:29.330979,11/05/26,3:13:29
39933,0.09,39.933,90.15100292990759,13604866605,2026-05-11 03:14:09.263979,11/05/26,3:14:9
40759,0.09,40.759,88.32405112981182,13604907364,2026-05-11 03:14:50.022979,11/05/26,3:14:50
40914,0.09,40.914,87.98944126704795,13604948278,2026-05-11 03:15:30.936979,11/05/26,3:15:30
40907,0.09,40.907,88.00449800767595,13604989185,2026-05-11 03:16:11.843979,11/05/26,3:16:11
40916,0.09,40.916,87.98514028741812,13605030101,2026-05-11 03:16:52.759979,11/05/26,3:16:52
41015,0.09,41.015,87.77276606119712,13605071116,2026-05-11 03:17:33.774979,11/05/26,3:17:33
40896,0.09,40.896,88.02816901408451,13605112012,2026-05-11 03:18:14.670979,11/05/26,3:18:14
40843,0.09,40.843,88.14239894229121,13605152855,2026-05-11 03:18:55.513979,11/05/26,3:18:55
40919,0.09,40.919,87.97868960629536,13605193774,2026-05-11 03:19:36.432979,11/05/26,3:19:36
40892,0.09,40.892,88.03677981023183,13605234666,2026-05-11 03:20:17.324979,11/05/26,3:20:17
40672,0.09,40.672,88.51298190401259,13605275338,2026-05-11 03:20:57.996979,11/05/26,3:20:57
40742,0.09,40.742,88.36090520838447,13605316080,2026-05-11 03:21:38.738979,11/05/26,3:21:38
40863,0.09,40.863,88.09925849790764,13605356943,2026-05-11 03:22:19.601979,11/05/26,3:22:19
40995,0.09,40.995,87.81558726673984,13605397938,2026-05-11 03:23:00.596979,11/05/26,3:23:0
40799,0.09,40.799,88.23745680041178,13605438737,2026-05-11 03:23:41.395979,11/05/26,3:23:41
40852,0.09,40.852,88.12298051502987,13605479589,2026-05-11 03:24:22.247979,11/05/26,3:24:22
40253,0.09,40.253,89.43432787618315,13605519842,2026-05-11 03:25:02.500979,11/05/26,3:25:2
40360,0.09,40.36,89.197224975223,13605560202,2026-05-11 03:25:42.860979,11/05/26,3:25:42
40684,0.09,40.684,88.48687444695703,13605600886,2026-05-11 03:26:23.544979,11/05/26,3:26:23
40848,0.09,40.848,88.1316098707403,13605641734,2026-05-11 03:27:04.392979,11/05/26,3:27:4
40819,0.09,40.819,88.19422327837526,13605682553,2026-05-11 03:27:45.211979,11/05/26,3:27:45
40756,0.09,40.756,88.33055255667877,13605723309,2026-05-11 03:28:25.967979,11/05/26,3:28:25
40085,0.09,40.085,89.80915554446801,13605763394,2026-05-11 03:29:06.052979,11/05/26,3:29:6
40634,0.09,40.634,88.59575724762514,13605804028,2026-05-11 03:29:46.686979,11/05/26,3:29:46
40842,0.09,40.842,88.14455707360071,13605844870,2026-05-11 03:30:27.528979,11/05/26,3:30:27
40719,0.09,40.719,88.41081558977382,13605885589,2026-05-11 03:31:08.247979,11/05/26,3:31:8
40406,0.09,40.406,89.09567885957532,13605925995,2026-05-11 03:31:48.653979,11/05/26,3:31:48
39352,0.09,39.352,91.4820085383208,13605965347,2026-05-11 03:32:28.005979,11/05/26,3:32:28
40010,0.09,40.01,89.9775056235941,13606005357,2026-05-11 03:33:08.015979,11/05/26,3:33:8
39965,0.09,39.965,90.07881896659578,13606045322,2026-05-11 03:33:47.980979,11/05/26,3:33:47
40057,0.09,40.057,89.87193249619293,13606085379,2026-05-11 03:34:28.037979,11/05/26,3:34:28
39969,0.09,39.969,90.06980409817609,13606125348,2026-05-11 03:35:08.006979,11/05/26,3:35:8
40048,0.09,40.048,89.8921294446664,13606165396,2026-05-11 03:35:48.054979,11/05/26,3:35:48
40090,0.09,40.09,89.79795460214517,13606205486,2026-05-11 03:36:28.144979,11/05/26,3:36:28
40002,0.09,40.002,89.99550022498875,13606245488,2026-05-11 03:37:08.146979,11/05/26,3:37:8
39973,0.09,39.973,90.06079103394792,13606285461,2026-05-11 03:37:48.119979,11/05/26,3:37:48
39988,0.09,39.988,90.02700810243073,13606325449,2026-05-11 03:38:28.107979,11/05/26,3:38:28
40075,0.09,40.075,89.83156581409857,13606365524,2026-05-11 03:39:08.182979,11/05/26,3:39:8
40256,0.09,40.256,89.42766295707472,13606405780,2026-05-11 03:39:48.438979,11/05/26,3:39:48
40900,0.09,40.9,88.01955990220048,13606446680,2026-05-11 03:40:29.338979,11/05/26,3:40:29
40954,0.09,40.954,87.903501489476,13606487634,2026-05-11 03:41:10.292979,11/05/26,3:41:10
40909,0.09,40.909,88.00019555599012,13606528543,2026-05-11 03:41:51.201979,11/05/26,3:41:51
40937,0.09,40.937,87.94000537411144,13606569480,2026-05-11 03:42:32.138979,11/05/26,3:42:32
36307,0.1,36.307,99.15443302944335,13606605787,2026-05-11 03:43:08.445979,11/05/26,3:43:8
20288,0.18,20.288,177.44479495268138,13606626075,2026-05-11 03:43:28.733979,11/05/26,3:43:28
21617,0.17,21.617,166.5355969838553,13606647692,2026-05-11 03:43:50.350979,11/05/26,3:43:50
21705,0.17,21.705,165.860400829302,13606669397,2026-05-11 03:44:12.055979,11/05/26,3:44:12
21813,0.17,21.813,165.03919680924218,13606691210,2026-05-11 03:44:33.868979,11/05/26,3:44:33
21940,0.16,21.94,164.08386508659981,13606713150,2026-05-11 03:44:55.808979,11/05/26,3:44:55
22179,0.16,22.179,162.3157040443663,13606735329,2026-05-11 03:45:17.987979,11/05/26,3:45:17
22345,0.16,22.345,161.10986797941374,13606757674,2026-05-11 03:45:40.332979,11/05/26,3:45:40
22398,0.16,22.398,160.72863648540047,13606780072,2026-05-11 03:46:02.730979,11/05/26,3:46:2
22469,0.16,22.469,160.22074858694202,13606802541,2026-05-11 03:46:25.199979,11/05/26,3:46:25
22640,0.16,22.64,159.01060070671377,13606825181,2026-05-11 03:46:47.839979,11/05/26,3:46:47
22671,0.16,22.671,158.7931718936086,13606847852,2026-05-11 03:47:10.510979,11/05/26,3:47:10
22788,0.16,22.788,157.9778830963665,13606870640,2026-05-11 03:47:33.298979,11/05/26,3:47:33
22857,0.16,22.857,157.5009843811524,13606893497,2026-05-11 03:47:56.155979,11/05/26,3:47:56
22957,0.16,22.957,156.8149148407893,13606916454,2026-05-11 03:48:19.112979,11/05/26,3:48:19
23032,0.16,23.032,156.30427231677666,13606939486,2026-05-11 03:48:42.144979,11/05/26,3:48:42
23135,0.16,23.135,155.60838556299979,13606962621,2026-05-11 03:49:05.279979,11/05/26,3:49:5
23153,0.16,23.153,155.48740983889778,13606985774,2026-05-11 03:49:28.432979,11/05/26,3:49:28
23269,0.15,23.269,154.71227813829557,13607009043,2026-05-11 03:49:51.701979,11/05/26,3:49:51
23317,0.15,23.317,154.39378993867135,13607032360,2026-05-11 03:50:15.018979,11/05/26,3:50:15
23216,0.16,23.216,155.06547208821502,13607055576,2026-05-11 03:50:38.234979,11/05/26,3:50:38
31858,0.11,31.858,113.00144390733881,13607087434,2026-05-11 03:51:10.092979,11/05/26,3:51:10
40834,0.09,40.834,88.16182592937258,13607128268,2026-05-11 03:51:50.926979,11/05/26,3:51:50
40807,0.09,40.807,88.22015830617296,13607169075,2026-05-11 03:52:31.733979,11/05/26,3:52:31
40820,0.09,40.82,88.19206271435571,13607209895,2026-05-11 03:53:12.553979,11/05/26,3:53:12
40888,0.09,40.888,88.04539229113676,13607250783,2026-05-11 03:53:53.441979,11/05/26,3:53:53
40734,0.09,40.734,88.37825894829872,13607291517,2026-05-11 03:54:34.175979,11/05/26,3:54:34
39549,0.09,39.549,91.02632177804749,13607331066,2026-05-11 03:55:13.724979,11/05/26,3:55:13
39498,0.09,39.498,91.14385538508279,13607370564,2026-05-11 03:55:53.222979,11/05/26,3:55:53
39425,0.09,39.425,91.3126188966392,13607409989,2026-05-11 03:56:32.647979,11/05/26,3:56:32
39540,0.09,39.54,91.04704097116844,13607449529,2026-05-11 03:57:12.187979,11/05/26,3:57:12
39517,0.09,39.517,91.1000328972341,13607489046,2026-05-11 03:57:51.704979,11/05/26,3:57:51
39501,0.09,39.501,91.1369332421964,13607528547,2026-05-11 03:58:31.205979,11/05/26,3:58:31
39503,0.09,39.503,91.13231906437485,13607568050,2026-05-11 03:59:10.708979,11/05/26,3:59:10
39509,0.09,39.509,91.11847933382268,13607607559,2026-05-11 03:59:50.217979,11/05/26,3:59:50
39529,0.09,39.529,91.07237724202484,13607647088,2026-05-11 04:00:29.746979,11/05/26,4:0:29
38540,0.09,38.54,93.4094447327452,13607685628,2026-05-11 04:01:08.286979,11/05/26,4:1:8
38128,0.09,38.128,94.41879983214436,13607723756,2026-05-11 04:01:46.414979,11/05/26,4:1:46
38469,0.09,38.469,93.58184512204632,13607762225,2026-05-11 04:02:24.883979,11/05/26,4:2:24
38516,0.09,38.516,93.46764980787205,13607800741,2026-05-11 04:03:03.399979,11/05/26,4:3:3
38549,0.09,38.549,93.38763651456588,13607839290,2026-05-11 04:03:41.948979,11/05/26,4:3:41
38585,0.09,38.585,93.30050537773747,13607877875,2026-05-11 04:04:20.533979,11/05/26,4:4:20
38482,0.09,38.482,93.55023127696066,13607916357,2026-05-11 04:04:59.015979,11/05/26,4:4:59
38621,0.09,38.621,93.21353667693742,13607954978,2026-05-11 04:05:37.636979,11/05/26,4:5:37
38618,0.09,38.618,93.22077787560205,13607993596,2026-05-11 04:06:16.254979,11/05/26,4:6:16
38553,0.09,38.553,93.37794724145981,13608032149,2026-05-11 04:06:54.807979,11/05/26,4:6:54
39263,0.09,39.263,91.68937676693069,13608071412,2026-05-11 04:07:34.070979,11/05/26,4:7:34
39908,0.09,39.908,90.20747719755437,13608111320,2026-05-11 04:08:13.978979,11/05/26,4:8:13
39898,0.09,39.898,90.2300867211389,13608151218,2026-05-11 04:08:53.876979,11/05/26,4:8:53
39874,0.09,39.874,90.28439584691779,13608191092,2026-05-11 04:09:33.750979,11/05/26,4:9:33
39706,0.09,39.706,90.66639802548733,13608230798,2026-05-11 04:10:13.456979,11/05/26,4:10:13
39891,0.09,39.891,90.24592013236068,13608270689,2026-05-11 04:10:53.347979,11/05/26,4:10:53
39910,0.09,39.91,90.20295665246805,13608310599,2026-05-11 04:11:33.257979,11/05/26,4:11:33
39903,0.09,39.903,90.21878054281633,13608350502,2026-05-11 04:12:13.160979,11/05/26,4:12:13
40974,0.09,40.974,87.86059452335627,13608391476,2026-05-11 04:12:54.134979,11/05/26,4:12:54
40937,0.09,40.937,87.94000537411144,13608432413,2026-05-11 04:13:35.071979,11/05/26,4:13:35
40684,0.09,40.684,88.48687444695703,13608473097,2026-05-11 04:14:15.755979,11/05/26,4:14:15
40789,0.09,40.789,88.25908946039374,13608513886,2026-05-11 04:14:56.544979,11/05/26,4:14:56
40692,0.09,40.692,88.46947803007963,13608554578,2026-05-11 04:15:37.236979,11/05/26,4:15:37
40854,0.09,40.854,88.1186664708474,13608595432,2026-05-11 04:16:18.090979,11/05/26,4:16:18
41020,0.09,41.02,87.76206728425159,13608636452,2026-05-11 04:16:59.110979,11/05/26,4:16:59
40958,0.09,40.958,87.89491674398164,13608677410,2026-05-11 04:17:40.068979,11/05/26,4:17:40
40851,0.09,40.851,88.12513769552766,13608718261,2026-05-11 04:18:20.919979,11/05/26,4:18:20
40860,0.09,40.86,88.10572687224669,13608759121,2026-05-11 04:19:01.779979,11/05/26,4:19:1
40910,0.09,40.91,87.99804448790027,13608800031,2026-05-11 04:19:42.689979,11/05/26,4:19:42
40976,0.09,40.976,87.8563061304178,13608841007,2026-05-11 04:20:23.665979,11/05/26,4:20:23
40794,0.09,40.794,88.24827180467716,13608881801,2026-05-11 04:21:04.459979,11/05/26,4:21:4
39794,0.09,39.794,90.46589938181636,13608921595,2026-05-11 04:21:44.253979,11/05/26,4:21:44
39796,0.09,39.796,90.46135289978892,13608961391,2026-05-11 04:22:24.049979,11/05/26,4:22:24
39756,0.09,39.756,90.55236945366737,13609001147,2026-05-11 04:23:03.805979,11/05/26,4:23:3
39832,0.09,39.832,90.37959429604338,13609040979,2026-05-11 04:23:43.637979,11/05/26,4:23:43
39842,0.09,39.842,90.35690979368506,13609080821,2026-05-11 04:24:23.479979,11/05/26,4:24:23
39980,0.09,39.98,90.04502251125562,13609120801,2026-05-11 04:25:03.459979,11/05/26,4:25:3
39924,0.09,39.924,90.17132551848512,13609160725,2026-05-11 04:25:43.383979,11/05/26,4:25:43
39920,0.09,39.92,90.18036072144288,13609200645,2026-05-11 04:26:23.303979,11/05/26,4:26:23
39531,0.09,39.531,91.06776959854291,13609240176,2026-05-11 04:27:02.834979,11/05/26,4:27:2
39973,0.09,39.973,90.06079103394792,13609280149,2026-05-11 04:27:42.807979,11/05/26,4:27:42
39857,0.09,39.857,90.32290438316983,13609320006,2026-05-11 04:28:22.664979,11/05/26,4:28:22
39904,0.09,39.904,90.21651964715316,13609359910,2026-05-11 04:29:02.568979,11/05/26,4:29:2
39849,0.09,39.849,90.34103741624634,13609399759,2026-05-11 04:29:42.417979,11/05/26,4:29:42
39938,0.09,39.938,90.13971656066904,13609439697,2026-05-11 04:30:22.355979,11/05/26,4:30:22
39797,0.09,39.797,90.45907983013795,13609479494,2026-05-11 04:31:02.152979,11/05/26,4:31:2
39937,0.09,39.937,90.14197360843328,13609519431,2026-05-11 04:31:42.089979,11/05/26,4:31:42
39560,0.09,39.56,91.0010111223458,13609558991,2026-05-11 04:32:21.649979,11/05/26,4:32:21
39087,0.09,39.087,92.10223347916187,13609598078,2026-05-11 04:33:00.736979,11/05/26,4:33:0
39085,0.09,39.085,92.10694639887424,13609637163,2026-05-11 04:33:39.821979,11/05/26,4:33:39
39053,0.09,39.053,92.18241876424347,13609676216,2026-05-11 04:34:18.874979,11/05/26,4:34:18
37941,0.09,37.941,94.88416225191745,13609714157,2026-05-11 04:34:56.815979,11/05/26,4:34:56
18209,0.2,18.209,197.70443187434785,13609732366,2026-05-11 04:35:15.024979,11/05/26,4:35:15
20913,0.17,20.913,172.14173002438673,13609753279,2026-05-11 04:35:35.937979,11/05/26,4:35:35
21179,0.17,21.179,169.9796968695406,13609774458,2026-05-11 04:35:57.116979,11/05/26,4:35:57
21339,0.17,21.339,168.7051876845213,13609795797,2026-05-11 04:36:18.455979,11/05/26,4:36:18
21465,0.17,21.465,167.71488469601678,13609817262,2026-05-11 04:36:39.920979,11/05/26,4:36:39
21616,0.17,21.616,166.54330125832718,13609838878,2026-05-11 04:37:01.536979,11/05/26,4:37:1
21899,0.16,21.899,164.3910680853007,13609860777,2026-05-11 04:37:23.435979,11/05/26,4:37:23
22154,0.16,22.154,162.49887153561434,13609882931,2026-05-11 04:37:45.589979,11/05/26,4:37:45
22323,0.16,22.323,161.26864668727322,13609905254,2026-05-11 04:38:07.912979,11/05/26,4:38:7
22375,0.16,22.375,160.89385474860336,13609927629,2026-05-11 04:38:30.287979,11/05/26,4:38:30
22478,0.16,22.478,160.15659756206068,13609950107,2026-05-11 04:38:52.765979,11/05/26,4:38:52
22576,0.16,22.576,159.46137491141036,13609972683,2026-05-11 04:39:15.341979,11/05/26,4:39:15
22683,0.16,22.683,158.70916545430498,13609995366,2026-05-11 04:39:38.024979,11/05/26,4:39:38
22716,0.16,22.716,158.47860538827257,13610018082,2026-05-11 04:40:00.740979,11/05/26,4:40:0
23018,0.16,23.018,156.3993396472326,13610041100,2026-05-11 04:40:23.758979,11/05/26,4:40:23
23099,0.16,23.099,155.85090263647777,13610064199,2026-05-11 04:40:46.857979,11/05/26,4:40:46
23181,0.16,23.181,155.29959880936974,13610087380,2026-05-11 04:41:10.038979,11/05/26,4:41:10
23276,0.15,23.276,154.66575012888813,13610110656,2026-05-11 04:41:33.314979,11/05/26,4:41:33
23307,0.15,23.307,154.46003346634058,13610133963,2026-05-11 04:41:56.621979,11/05/26,4:41:56
23396,0.15,23.396,153.87245683022738,13610157359,2026-05-11 04:42:20.017979,11/05/26,4:42:20
29748,0.12,29.748,121.01653892698668,13610187107,2026-05-11 04:42:49.765979,11/05/26,4:42:49
40892,0.09,40.892,88.03677981023183,13610227999,2026-05-11 04:43:30.657979,11/05/26,4:43:30
40886,0.09,40.886,88.04969916352786,13610268885,2026-05-11 04:44:11.543979,11/05/26,4:44:11
41063,0.09,41.063,87.67016535567299,13610309948,2026-05-11 04:44:52.606979,11/05/26,4:44:52
40879,0.09,40.879,88.06477653562953,13610350827,2026-05-11 04:45:33.485979,11/05/26,4:45:33
40881,0.09,40.881,88.06046818815587,13610391708,2026-05-11 04:46:14.366979,11/05/26,4:46:14
41051,0.09,41.051,87.69579303792842,13610432759,2026-05-11 04:46:55.417979,11/05/26,4:46:55
40918,0.09,40.918,87.98083972823696,13610473677,2026-05-11 04:47:36.335979,11/05/26,4:47:36
40998,0.09,40.998,87.80916142250841,13610514675,2026-05-11 04:48:17.333979,11/05/26,4:48:17
40876,0.09,40.876,88.07123984734318,13610555551,2026-05-11 04:48:58.209979,11/05/26,4:48:58
40822,0.09,40.822,88.18774190387536,13610596373,2026-05-11 04:49:39.031979,11/05/26,4:49:39
40884,0.09,40.884,88.05400645729381,13610637257,2026-05-11 04:50:19.915979,11/05/26,4:50:19
40711,0.09,40.711,88.4281889415637,13610677968,2026-05-11 04:51:00.626979,11/05/26,4:51:0
40827,0.09,40.827,88.17694172973768,13610718795,2026-05-11 04:51:41.453979,11/05/26,4:51:41
40870,0.09,40.87,88.08416931734769,13610759665,2026-05-11 04:52:22.323979,11/05/26,4:52:22
40929,0.09,40.929,87.95719416550612,13610800594,2026-05-11 04:53:03.252979,11/05/26,4:53:3
40938,0.09,40.938,87.93785724754507,13610841532,2026-05-11 04:53:44.190979,11/05/26,4:53:44
41025,0.09,41.025,87.75137111517367,13610882557,2026-05-11 04:54:25.215979,11/05/26,4:54:25
40976,0.09,40.976,87.8563061304178,13610923533,2026-05-11 04:55:06.191979,11/05/26,4:55:6
41000,0.09,41.0,87.8048780487805,13610964533,2026-05-11 04:55:47.191979,11/05/26,4:55:47
40946,0.09,40.946,87.92067601230889,13611005479,2026-05-11 04:56:28.137979,11/05/26,4:56:28
40841,0.09,40.841,88.14671531059474,13611046320,2026-05-11 04:57:08.978979,11/05/26,4:57:8
40863,0.09,40.863,88.09925849790764,13611087183,2026-05-11 04:57:49.841979,11/05/26,4:57:49
40911,0.09,40.911,87.99589352496884,13611128094,2026-05-11 04:58:30.752979,11/05/26,4:58:30
40861,0.09,40.861,88.10357064193241,13611168955,2026-05-11 04:59:11.613979,11/05/26,4:59:11
40925,0.09,40.925,87.96579108124618,13611209880,2026-05-11 04:59:52.538979,11/05/26,4:59:52
40930,0.09,40.93,87.95504519912045,13611250810,2026-05-11 05:00:33.468979,11/05/26,5:0:33
39635,0.09,39.635,90.82881291787561,13611290445,2026-05-11 05:01:13.103979,11/05/26,5:1:13
39604,0.09,39.604,90.8999091000909,13611330049,2026-05-11 05:01:52.707979,11/05/26,5:1:52
39853,0.09,39.853,90.33196998971219,13611369902,2026-05-11 05:02:32.560979,11/05/26,5:2:32
39900,0.09,39.9,90.22556390977444,13611409802,2026-05-11 05:03:12.460979,11/05/26,5:3:12
39911,0.09,39.911,90.20069654982336,13611449713,2026-05-11 05:03:52.371979,11/05/26,5:3:52
39946,0.09,39.946,90.12166424673309,13611489659,2026-05-11 05:04:32.317979,11/05/26,5:4:32
40007,0.09,40.007,89.98425275576774,13611529666,2026-05-11 05:05:12.324979,11/05/26,5:5:12
40009,0.09,40.009,89.97975455522507,13611569675,2026-05-11 05:05:52.333979,11/05/26,5:5:52
39847,0.09,39.847,90.34557181218159,13611609522,2026-05-11 05:06:32.180979,11/05/26,5:6:32
39892,0.09,39.892,90.24365787626591,13611649414,2026-05-11 05:07:12.072979,11/05/26,5:7:12
39969,0.09,39.969,90.06980409817609,13611689383,2026-05-11 05:07:52.041979,11/05/26,5:7:52
40010,0.09,40.01,89.9775056235941,13611729393,2026-05-11 05:08:32.051979,11/05/26,5:8:32
39876,0.09,39.876,90.27986758952754,13611769269,2026-05-11 05:09:11.927979,11/05/26,5:9:11
39914,0.09,39.914,90.19391692138097,13611809183,2026-05-11 05:09:51.841979,11/05/26,5:9:51
39868,0.09,39.868,90.29798334503863,13611849051,2026-05-11 05:10:31.709979,11/05/26,5:10:31
40017,0.09,40.017,89.96176624934402,13611889068,2026-05-11 05:11:11.726979,11/05/26,5:11:11
40939,0.09,40.939,87.9357092259215,13611930007,2026-05-11 05:11:52.665979,11/05/26,5:11:52
40912,0.09,40.912,87.99374266718812,13611970919,2026-05-11 05:12:33.577979,11/05/26,5:12:33
41036,0.09,41.036,87.72784871819866,13612011955,2026-05-11 05:13:14.613979,11/05/26,5:13:14
40984,0.09,40.984,87.83915674409526,13612052939,2026-05-11 05:13:55.597979,11/05/26,5:13:55
41029,0.09,41.029,87.74281605693534,13612093968,2026-05-11 05:14:36.626979,11/05/26,5:14:36
41020,0.09,41.02,87.76206728425159,13612134988,2026-05-11 05:15:17.646979,11/05/26,5:15:17
41026,0.09,41.026,87.7492321942183,13612176014,2026-05-11 05:15:58.672979,11/05/26,5:15:58
40907,0.09,40.907,88.00449800767595,13612216921,2026-05-11 05:16:39.579979,11/05/26,5:16:39
40977,0.09,40.977,87.85416209092905,13612257898,2026-05-11 05:17:20.556979,11/05/26,5:17:20
40870,0.09,40.87,88.08416931734769,13612298768,2026-05-11 05:18:01.426979,11/05/26,5:18:1
41067,0.09,41.067,87.66162612316458,13612339835,2026-05-11 05:18:42.493979,11/05/26,5:18:42
39487,0.09,39.487,91.16924557449288,13612379322,2026-05-11 05:19:21.980979,11/05/26,5:19:21
39483,0.09,39.483,91.17848187827673,13612418805,2026-05-11 05:20:01.463979,11/05/26,5:20:1
39492,0.09,39.492,91.15770282588879,13612458297,2026-05-11 05:20:40.955979,11/05/26,5:20:40
39407,0.09,39.407,91.3543279112848,13612497704,2026-05-11 05:21:20.362979,11/05/26,5:21:20
39634,0.09,39.634,90.83110460715547,13612537338,2026-05-11 05:21:59.996979,11/05/26,5:21:59
39572,0.09,39.572,90.9734155463459,13612576910,2026-05-11 05:22:39.568979,11/05/26,5:22:39
39484,0.09,39.484,91.17617262688684,13612616394,2026-05-11 05:23:19.052979,11/05/26,5:23:19
39431,0.09,39.431,91.29872435393472,13612655825,2026-05-11 05:23:58.483979,11/05/26,5:23:58
39533,0.09,39.533,91.0631624212683,13612695358,2026-05-11 05:24:38.016979,11/05/26,5:24:38
39573,0.09,39.573,90.97111667045714,13612734931,2026-05-11 05:25:17.589979,11/05/26,5:25:17
39460,0.09,39.46,91.2316269640142,13612774391,2026-05-11 05:25:57.049979,11/05/26,5:25:57
39682,0.09,39.682,90.7212338087798,13612814073,2026-05-11 05:26:36.731979,11/05/26,5:26:36
21582,0.17,21.582,166.80567139282735,13612835655,2026-05-11 05:26:58.313979,11/05/26,5:26:58
21292,0.17,21.292,169.0775878264137,13612856947,2026-05-11 05:27:19.605979,11/05/26,5:27:19
21373,0.17,21.373,168.43681280119776,13612878320,2026-05-11 05:27:40.978979,11/05/26,5:27:40
21384,0.17,21.384,168.35016835016836,13612899704,2026-05-11 05:28:02.362979,11/05/26,5:28:2
21583,0.17,21.583,166.79794282537182,13612921287,2026-05-11 05:28:23.945979,11/05/26,5:28:23
21754,0.17,21.754,165.4868070239956,13612943041,2026-05-11 05:28:45.699979,11/05/26,5:28:45
21890,0.16,21.89,164.45865692096848,13612964931,2026-05-11 05:29:07.589979,11/05/26,5:29:7
21788,0.17,21.788,165.22856618322012,13612986719,2026-05-11 05:29:29.377979,11/05/26,5:29:29
22133,0.16,22.133,162.65305200379524,13613008852,2026-05-11 05:29:51.510979,11/05/26,5:29:51
22195,0.16,22.195,162.19869339941428,13613031047,2026-05-11 05:30:13.705979,11/05/26,5:30:13
22245,0.16,22.245,161.83412002697236,13613053292,2026-05-11 05:30:35.950979,11/05/26,5:30:35
22365,0.16,22.365,160.96579476861166,13613075657,2026-05-11 05:30:58.315979,11/05/26,5:30:58
22419,0.16,22.419,160.57808109193095,13613098076,2026-05-11 05:31:20.734979,11/05/26,5:31:20
22612,0.16,22.612,159.20750044224306,13613120688,2026-05-11 05:31:43.346979,11/05/26,5:31:43
22670,0.16,22.67,158.8001764446405,13613143358,2026-05-11 05:32:06.016979,11/05/26,5:32:6
22549,0.16,22.549,159.65231274114151,13613165907,2026-05-11 05:32:28.565979,11/05/26,5:32:28
22472,0.16,22.472,160.1993592025632,13613188379,2026-05-11 05:32:51.037979,11/05/26,5:32:51
22546,0.16,22.546,159.6735562849286,13613210925,2026-05-11 05:33:13.583979,11/05/26,5:33:13
22620,0.16,22.62,159.15119363395226,13613233545,2026-05-11 05:33:36.203979,11/05/26,5:33:36
22734,0.16,22.734,158.3531274742676,13613256279,2026-05-11 05:33:58.937979,11/05/26,5:33:58
25469,0.14,25.469,141.3483057835015,13613281748,2026-05-11 05:34:24.406979,11/05/26,5:34:24
38730,0.09,38.73,92.95120061967467,13613320478,2026-05-11 05:35:03.136979,11/05/26,5:35:3
38874,0.09,38.874,92.60688377836085,13613359352,2026-05-11 05:35:42.010979,11/05/26,5:35:42
38697,0.09,38.697,93.03046747809908,13613398049,2026-05-11 05:36:20.707979,11/05/26,5:36:20
38875,0.09,38.875,92.60450160771704,13613436924,2026-05-11 05:36:59.582979,11/05/26,5:36:59
38895,0.09,38.895,92.55688391824143,13613475819,2026-05-11 05:37:38.477979,11/05/26,5:37:38
38761,0.09,38.761,92.87686076210625,13613514580,2026-05-11 05:38:17.238979,11/05/26,5:38:17
38813,0.09,38.813,92.75242831010229,13613553393,2026-05-11 05:38:56.051979,11/05/26,5:38:56
38861,0.09,38.861,92.63786315328993,13613592254,2026-05-11 05:39:34.912979,11/05/26,5:39:34
38415,0.09,38.415,93.713393205779,13613630669,2026-05-11 05:40:13.327979,11/05/26,5:40:13
39568,0.09,39.568,90.9826122118884,13613670237,2026-05-11 05:40:52.895979,11/05/26,5:40:52
39759,0.09,39.759,90.54553685957896,13613709996,2026-05-11 05:41:32.654979,11/05/26,5:41:32
39701,0.09,39.701,90.67781667968062,13613749697,2026-05-11 05:42:12.355979,11/05/26,5:42:12
39761,0.09,39.761,90.5409823696587,13613789458,2026-05-11 05:42:52.116979,11/05/26,5:42:52
39687,0.09,39.687,90.7098042180059,13613829145,2026-05-11 05:43:31.803979,11/05/26,5:43:31
39700,0.09,39.7,90.68010075566751,13613868845,2026-05-11 05:44:11.503979,11/05/26,5:44:11
39644,0.09,39.644,90.80819291696095,13613908489,2026-05-11 05:44:51.147979,11/05/26,5:44:51
39527,0.09,39.527,91.07698535178486,13613948016,2026-05-11 05:45:30.674979,11/05/26,5:45:30
39353,0.09,39.353,91.47968388687012,13613987369,2026-05-11 05:46:10.027979,11/05/26,5:46:10
39481,0.09,39.481,91.18310073199767,13614026850,2026-05-11 05:46:49.508979,11/05/26,5:46:49
39445,0.09,39.445,91.26632019267335,13614066295,2026-05-11 05:47:28.953979,11/05/26,5:47:28
39494,0.09,39.494,91.15308654479162,13614105789,2026-05-11 05:48:08.447979,11/05/26,5:48:8
39512,0.09,39.512,91.1115610447459,13614145301,2026-05-11 05:48:47.959979,11/05/26,5:48:47
39448,0.09,39.448,91.25937943621983,13614184749,2026-05-11 05:49:27.407979,11/05/26,5:49:27
39816,0.09,39.816,90.41591320072332,13614224565,2026-05-11 05:50:07.223979,11/05/26,5:50:7
40981,0.09,40.981,87.84558697933188,13614265546,2026-05-11 05:50:48.204979,11/05/26,5:50:48
40957,0.09,40.957,87.89706277315233,13614306503,2026-05-11 05:51:29.161979,11/05/26,5:51:29
41009,0.09,41.009,87.78560803726012,13614347512,2026-05-11 05:52:10.170979,11/05/26,5:52:10
41153,0.09,41.153,87.47843413602897,13614388665,2026-05-11 05:52:51.323979,11/05/26,5:52:51
41127,0.09,41.127,87.53373696112043,13614429792,2026-05-11 05:53:32.450979,11/05/26,5:53:32
40960,0.09,40.96,87.890625,13614470752,2026-05-11 05:54:13.410979,11/05/26,5:54:13
40924,0.09,40.924,87.96794057276904,13614511676,2026-05-11 05:54:54.334979,11/05/26,5:54:54
41033,0.09,41.033,87.73426266663417,13614552709,2026-05-11 05:55:35.367979,11/05/26,5:55:35
41134,0.09,41.134,87.51884086157436,13614593843,2026-05-11 05:56:16.501979,11/05/26,5:56:16
41161,0.09,41.161,87.46143193799956,13614635004,2026-05-11 05:56:57.662979,11/05/26,5:56:57
41013,0.09,41.013,87.77704630239192,13614676017,2026-05-11 05:57:38.675979,11/05/26,5:57:38
41168,0.09,41.168,87.44656043528954,13614717185,2026-05-11 05:58:19.843979,11/05/26,5:58:19
41162,0.09,41.162,87.45930712793353,13614758347,2026-05-11 05:59:01.005979,11/05/26,5:59:1
41131,0.09,41.131,87.52522428338723,13614799478,2026-05-11 05:59:42.136979,11/05/26,5:59:42
41046,0.09,41.046,87.706475661453,13614840524,2026-05-11 06:00:23.182979,11/05/26,6:0:23
40319,0.09,40.319,89.28792876807461,13614880843,2026-05-11 06:01:03.501979,11/05/26,6:1:3
39485,0.09,39.485,91.1738634924655,13614920328,2026-05-11 06:01:42.986979,11/05/26,6:1:42
40122,0.09,40.122,89.72633467922836,13614960450,2026-05-11 06:02:23.108979,11/05/26,6:2:23
40232,0.09,40.232,89.48101014118114,13615000682,2026-05-11 06:03:03.340979,11/05/26,6:3:3
40010,0.09,40.01,89.9775056235941,13615040692,2026-05-11 06:03:43.350979,11/05/26,6:3:43
40198,0.09,40.198,89.55669436290363,13615080890,2026-05-11 06:04:23.548979,11/05/26,6:4:23
40261,0.09,40.261,89.41655696579816,13615121151,2026-05-11 06:05:03.809979,11/05/26,6:5:3
40374,0.09,40.374,89.16629514043692,13615161525,2026-05-11 06:05:44.183979,11/05/26,6:5:44
40205,0.09,40.205,89.54110185300335,13615201730,2026-05-11 06:06:24.388979,11/05/26,6:6:24
40156,0.09,40.156,89.65036358203008,13615241886,2026-05-11 06:07:04.544979,11/05/26,6:7:4
40143,0.09,40.143,89.67939615873253,13615282029,2026-05-11 06:07:44.687979,11/05/26,6:7:44
40122,0.09,40.122,89.72633467922836,13615322151,2026-05-11 06:08:24.809979,11/05/26,6:8:24
40126,0.09,40.126,89.71739022080446,13615362277,2026-05-11 06:09:04.935979,11/05/26,6:9:4
40080,0.09,40.08,89.82035928143712,13615402357,2026-05-11 06:09:45.015979,11/05/26,6:9:45
40145,0.09,40.145,89.6749283846058,13615442502,2026-05-11 06:10:25.160979,11/05/26,6:10:25
40188,0.09,40.188,89.57897879964169,13615482690,2026-05-11 06:11:05.348979,11/05/26,6:11:5
40273,0.09,40.273,89.38991383805528,13615522963,2026-05-11 06:11:45.621979,11/05/26,6:11:45
40480,0.09,40.48,88.93280632411067,13615563443,2026-05-11 06:12:26.101979,11/05/26,6:12:26
41246,0.09,41.246,87.28119090336033,13615604689,2026-05-11 06:13:07.347979,11/05/26,6:13:7
41072,0.09,41.072,87.6509544215037,13615645761,2026-05-11 06:13:48.419979,11/05/26,6:13:48
41107,0.09,41.107,87.57632520008758,13615686868,2026-05-11 06:14:29.526979,11/05/26,6:14:29
41297,0.09,41.297,87.17340242632636,13615728165,2026-05-11 06:15:10.823979,11/05/26,6:15:10
41192,0.09,41.192,87.39561079821324,13615769357,2026-05-11 06:15:52.015979,11/05/26,6:15:52
41092,0.09,41.092,87.60829358512606,13615810449,2026-05-11 06:16:33.107979,11/05/26,6:16:33
41096,0.09,41.096,87.59976640062293,13615851545,2026-05-11 06:17:14.203979,11/05/26,6:17:14
41154,0.09,41.154,87.47630849978131,13615892699,2026-05-11 06:17:55.357979,11/05/26,6:17:55
41290,0.09,41.29,87.1881811576653,13615933989,2026-05-11 06:18:36.647979,11/05/26,6:18:36
19321,0.19,19.321,186.32575953625587,13615953310,2026-05-11 06:18:55.968979,11/05/26,6:18:55
21777,0.17,21.777,165.31202644992422,13615975087,2026-05-11 06:19:17.745979,11/05/26,6:19:17
21809,0.17,21.809,165.06946673391718,13615996896,2026-05-11 06:19:39.554979,11/05/26,6:19:39
21902,0.16,21.902,164.36855081727697,13616018798,2026-05-11 06:20:01.456979,11/05/26,6:20:1
22078,0.16,22.078,163.05824802971284,13616040876,2026-05-11 06:20:23.534979,11/05/26,6:20:23
22361,0.16,22.361,160.9945887929878,13616063237,2026-05-11 06:20:45.895979,11/05/26,6:20:45
22428,0.16,22.428,160.51364365971108,13616085665,2026-05-11 06:21:08.323979,11/05/26,6:21:8
22532,0.16,22.532,159.77276761938577,13616108197,2026-05-11 06:21:30.855979,11/05/26,6:21:30
22645,0.16,22.645,158.9754912784279,13616130842,2026-05-11 06:21:53.500979,11/05/26,6:21:53
22823,0.16,22.823,157.73561757875828,13616153665,2026-05-11 06:22:16.323979,11/05/26,6:22:16
22940,0.16,22.94,156.93112467306017,13616176605,2026-05-11 06:22:39.263979,11/05/26,6:22:39
23006,0.16,23.006,156.48091802138572,13616199611,2026-05-11 06:23:02.269979,11/05/26,6:23:2
23049,0.16,23.049,156.18898867629832,13616222660,2026-05-11 06:23:25.318979,11/05/26,6:23:25
23018,0.16,23.018,156.3993396472326,13616245678,2026-05-11 06:23:48.336979,11/05/26,6:23:48
23099,0.16,23.099,155.85090263647777,13616268777,2026-05-11 06:24:11.435979,11/05/26,6:24:11
23274,0.15,23.274,154.67904098994586,13616292051,2026-05-11 06:24:34.709979,11/05/26,6:24:34
23382,0.15,23.382,153.96458814472672,13616315433,2026-05-11 06:24:58.091979,11/05/26,6:24:58
23438,0.15,23.438,153.59672326990358,13616338871,2026-05-11 06:25:21.529979,11/05/26,6:25:21
23516,0.15,23.516,153.08725973805068,13616362387,2026-05-11 06:25:45.045979,11/05/26,6:25:45
23502,0.15,23.502,153.17845289762573,13616385889,2026-05-11 06:26:08.547979,11/05/26,6:26:8
39435,0.09,39.435,91.2894636744009,13616425324,2026-05-11 06:26:47.982979,11/05/26,6:26:47
41167,0.09,41.167,87.44868462603542,13616466491,2026-05-11 06:27:29.149979,11/05/26,6:27:29
41135,0.09,41.135,87.51671326121308,13616507626,2026-05-11 06:28:10.284979,11/05/26,6:28:10
41224,0.09,41.224,87.32777023093344,13616548850,2026-05-11 06:28:51.508979,11/05/26,6:28:51
41203,0.09,41.203,87.3722787175691,13616590053,2026-05-11 06:29:32.711979,11/05/26,6:29:32
41252,0.09,41.252,87.26849607291767,13616631305,2026-05-11 06:30:13.963979,11/05/26,6:30:13
41298,0.09,41.298,87.17129158797036,13616672603,2026-05-11 06:30:55.261979,11/05/26,6:30:55
41220,0.09,41.22,87.33624454148472,13616713823,2026-05-11 06:31:36.481979,11/05/26,6:31:36
41162,0.09,41.162,87.45930712793353,13616754985,2026-05-11 06:32:17.643979,11/05/26,6:32:17
40809,0.09,40.809,88.21583474233626,13616795794,2026-05-11 06:32:58.452979,11/05/26,6:32:58
40280,0.09,40.28,89.37437934458788,13616836074,2026-05-11 06:33:38.732979,11/05/26,6:33:38
40364,0.09,40.364,89.18838569021901,13616876438,2026-05-11 06:34:19.096979,11/05/26,6:34:19
40428,0.09,40.428,89.04719501335708,13616916866,2026-05-11 06:34:59.524979,11/05/26,6:34:59
40434,0.09,40.434,89.03398130286392,13616957300,2026-05-11 06:35:39.958979,11/05/26,6:35:39
40392,0.09,40.392,89.12655971479501,13616997692,2026-05-11 06:36:20.350979,11/05/26,6:36:20
40450,0.09,40.45,88.99876390605687,13617038142,2026-05-11 06:37:00.800979,11/05/26,6:37:0
40426,0.09,40.426,89.05160045515262,13617078568,2026-05-11 06:37:41.226979,11/05/26,6:37:41
40344,0.09,40.344,89.2325996430696,13617118912,2026-05-11 06:38:21.570979,11/05/26,6:38:21
40317,0.09,40.317,89.29235806235583,13617159229,2026-05-11 06:39:01.887979,11/05/26,6:39:1
40245,0.09,40.245,89.45210585165859,13617199474,2026-05-11 06:39:42.132979,11/05/26,6:39:42
40486,0.09,40.486,88.91962653756855,13617239960,2026-05-11 06:40:22.618979,11/05/26,6:40:22
41140,0.09,41.14,87.50607681088964,13617281100,2026-05-11 06:41:03.758979,11/05/26,6:41:3
41585,0.09,41.585,86.56967656606949,13617322685,2026-05-11 06:41:45.343979,11/05/26,6:41:45
41518,0.09,41.518,86.70937906450214,13617364203,2026-05-11 06:42:26.861979,11/05/26,6:42:26
41546,0.09,41.546,86.65094112549944,13617405749,2026-05-11 06:43:08.407979,11/05/26,6:43:8
41598,0.09,41.598,86.54262224145391,13617447347,2026-05-11 06:43:50.005979,11/05/26,6:43:50
41487,0.09,41.487,86.77417022199725,13617488834,2026-05-11 06:44:31.492979,11/05/26,6:44:31
41508,0.09,41.508,86.73026886383347,13617530342,2026-05-11 06:45:13.000979,11/05/26,6:45:13
41658,0.09,41.658,86.41797493878727,13617572000,2026-05-11 06:45:54.658979,11/05/26,6:45:54
41647,0.09,41.647,86.4408000576272,13617613647,2026-05-11 06:46:36.305979,11/05/26,6:46:36
41629,0.09,41.629,86.4781762713493,13617655276,2026-05-11 06:47:17.934979,11/05/26,6:47:17
41812,0.09,41.812,86.09968430115757,13617697088,2026-05-11 06:47:59.746979,11/05/26,6:47:59
41746,0.09,41.746,86.2358070234274,13617738834,2026-05-11 06:48:41.492979,11/05/26,6:48:41
41468,0.09,41.468,86.81392881257837,13617780302,2026-05-11 06:49:22.960979,11/05/26,6:49:22
41560,0.09,41.56,86.62175168431183,13617821862,2026-05-11 06:50:04.520979,11/05/26,6:50:4
41408,0.09,41.408,86.93972179289027,13617863270,2026-05-11 06:50:45.928979,11/05/26,6:50:45
41407,0.09,41.407,86.94182143115898,13617904677,2026-05-11 06:51:27.335979,11/05/26,6:51:27
41572,0.09,41.572,86.59674781102665,13617946249,2026-05-11 06:52:08.907979,11/05/26,6:52:8
41731,0.09,41.731,86.26680405453979,13617987980,2026-05-11 06:52:50.638979,11/05/26,6:52:50
41617,0.09,41.617,86.50311170915731,13618029597,2026-05-11 06:53:32.255979,11/05/26,6:53:32
41587,0.09,41.587,86.56551326135572,13618071184,2026-05-11 06:54:13.842979,11/05/26,6:54:13
41687,0.09,41.687,86.35785736560558,13618112871,2026-05-11 06:54:55.529979,11/05/26,6:54:55
41730,0.09,41.73,86.2688713156003,13618154601,2026-05-11 06:55:37.259979,11/05/26,6:55:37
41510,0.09,41.51,86.72609009877138,13618196111,2026-05-11 06:56:18.769979,11/05/26,6:56:18
41479,0.09,41.479,86.79090624171268,13618237590,2026-05-11 06:57:00.248979,11/05/26,6:57:0
41617,0.09,41.617,86.50311170915731,13618279207,2026-05-11 06:57:41.865979,11/05/26,6:57:41
41638,0.09,41.638,86.45948412507805,13618320845,2026-05-11 06:58:23.503979,11/05/26,6:58:23
41600,0.09,41.6,86.53846153846153,13618362445,2026-05-11 06:59:05.103979,11/05/26,6:59:5
41728,0.09,41.728,86.27300613496932,13618404173,2026-05-11 06:59:46.831979,11/05/26,6:59:46
41657,0.09,41.657,86.42004945147274,13618445830,2026-05-11 07:00:28.488979,11/05/26,7:0:28
40578,0.09,40.578,88.71802454532012,13618486408,2026-05-11 07:01:09.066979,11/05/26,7:1:9
40144,0.09,40.144,89.67716221602232,13618526552,2026-05-11 07:01:49.210979,11/05/26,7:1:49
40717,0.09,40.717,88.4151582876931,13618567269,2026-05-11 07:02:29.927979,11/05/26,7:2:29
40808,0.09,40.808,88.21799647128014,13618608077,2026-05-11 07:03:10.735979,11/05/26,7:3:10
40665,0.09,40.665,88.52821836960531,13618648742,2026-05-11 07:03:51.400979,11/05/26,7:3:51
40608,0.09,40.608,88.65248226950355,13618689350,2026-05-11 07:04:32.008979,11/05/26,7:4:32
40721,0.09,40.721,88.4064733184352,13618730071,2026-05-11 07:05:12.729979,11/05/26,7:5:12
40588,0.09,40.588,88.69616635458756,13618770659,2026-05-11 07:05:53.317979,11/05/26,7:5:53
40688,0.09,40.688,88.47817538340543,13618811347,2026-05-11 07:06:34.005979,11/05/26,7:6:34
40599,0.09,40.599,88.67213478164487,13618851946,2026-05-11 07:07:14.604979,11/05/26,7:7:14
40531,0.09,40.531,88.82090251905949,13618892477,2026-05-11 07:07:55.135979,11/05/26,7:7:55
40520,0.09,40.52,88.84501480750247,13618932997,2026-05-11 07:08:35.655979,11/05/26,7:8:35
40628,0.09,40.628,88.60884119326573,13618973625,2026-05-11 07:09:16.283979,11/05/26,7:9:16
40645,0.09,40.645,88.57178004674621,13619014270,2026-05-11 07:09:56.928979,11/05/26,7:9:56
36115,0.1,36.115,99.68157275370345,13619050385,2026-05-11 07:10:33.043979,11/05/26,7:10:33
20455,0.17,20.455,175.99608897580055,13619070840,2026-05-11 07:10:53.498979,11/05/26,7:10:53
21701,0.17,21.701,165.89097276623198,13619092541,2026-05-11 07:11:15.199979,11/05/26,7:11:15
21823,0.16,21.823,164.963570544838,13619114364,2026-05-11 07:11:37.022979,11/05/26,7:11:37
21871,0.16,21.871,164.60152713639064,13619136235,2026-05-11 07:11:58.893979,11/05/26,7:11:58
21976,0.16,21.976,163.81507098653077,13619158211,2026-05-11 07:12:20.869979,11/05/26,7:12:20
22477,0.16,22.477,160.16372291675935,13619180688,2026-05-11 07:12:43.346979,11/05/26,7:12:43
22694,0.16,22.694,158.6322375958403,13619203382,2026-05-11 07:13:06.040979,11/05/26,7:13:6
22827,0.16,22.827,157.7079773951899,13619226209,2026-05-11 07:13:28.867979,11/05/26,7:13:28
22966,0.16,22.966,156.75346163894451,13619249175,2026-05-11 07:13:51.833979,11/05/26,7:13:51
23138,0.16,23.138,155.58820987120754,13619272313,2026-05-11 07:14:14.971979,11/05/26,7:14:14
23117,0.16,23.117,155.72954968205218,13619295430,2026-05-11 07:14:38.088979,11/05/26,7:14:38
23164,0.16,23.164,155.4135727853566,13619318594,2026-05-11 07:15:01.252979,11/05/26,7:15:1
23344,0.15,23.344,154.21521590130226,13619341938,2026-05-11 07:15:24.596979,11/05/26,7:15:24
23448,0.15,23.448,153.53121801432957,13619365386,2026-05-11 07:15:48.044979,11/05/26,7:15:48
23511,0.15,23.511,153.1198162562205,13619388897,2026-05-11 07:16:11.555979,11/05/26,7:16:11
23607,0.15,23.607,152.49714067861228,13619412504,2026-05-11 07:16:35.162979,11/05/26,7:16:35
23725,0.15,23.725,151.7386722866175,13619436229,2026-05-11 07:16:58.887979,11/05/26,7:16:58
23708,0.15,23.708,151.8474776446769,13619459937,2026-05-11 07:17:22.595979,11/05/26,7:17:22
23865,0.15,23.865,150.8485229415462,13619483802,2026-05-11 07:17:46.460979,11/05/26,7:17:46
24462,0.15,24.462,147.16703458425312,13619508264,2026-05-11 07:18:10.922979,11/05/26,7:18:10
40544,0.09,40.544,88.7924230465667,13619548808,2026-05-11 07:18:51.466979,11/05/26,7:18:51
40503,0.09,40.503,88.88230501444338,13619589311,2026-05-11 07:19:31.969979,11/05/26,7:19:31
40529,0.09,40.529,88.82528559796688,13619629840,2026-05-11 07:20:12.498979,11/05/26,7:20:12
40640,0.09,40.64,88.58267716535433,13619670480,2026-05-11 07:20:53.138979,11/05/26,7:20:53
40719,0.09,40.719,88.41081558977382,13619711199,2026-05-11 07:21:33.857979,11/05/26,7:21:33
40704,0.09,40.704,88.44339622641509,13619751903,2026-05-11 07:22:14.561979,11/05/26,7:22:14
40850,0.09,40.85,88.12729498164015,13619792753,2026-05-11 07:22:55.411979,11/05/26,7:22:55
40822,0.09,40.822,88.18774190387536,13619833575,2026-05-11 07:23:36.233979,11/05/26,7:23:36
40757,0.09,40.757,88.32838530804524,13619874332,2026-05-11 07:24:16.990979,11/05/26,7:24:16
40808,0.09,40.808,88.21799647128014,13619915140,2026-05-11 07:24:57.798979,11/05/26,7:24:57
40886,0.09,40.886,88.04969916352786,13619956026,2026-05-11 07:25:38.684979,11/05/26,7:25:38
40814,0.09,40.814,88.20502768657813,13619996840,2026-05-11 07:26:19.498979,11/05/26,7:26:19
40689,0.09,40.689,88.47600088476001,13620037529,2026-05-11 07:27:00.187979,11/05/26,7:27:0
40845,0.09,40.845,88.13808299669482,13620078374,2026-05-11 07:27:41.032979,11/05/26,7:27:41
39605,0.09,39.605,90.89761393763413,13620117979,2026-05-11 07:28:20.637979,11/05/26,7:28:20
39475,0.09,39.475,91.19696010132995,13620157454,2026-05-11 07:29:00.112979,11/05/26,7:29:0
39247,0.09,39.247,91.72675618518613,13620196701,2026-05-11 07:29:39.359979,11/05/26,7:29:39
39359,0.09,39.359,91.4657384588023,13620236060,2026-05-11 07:30:18.718979,11/05/26,7:30:18
40299,0.09,40.299,89.33224149482618,13620276359,2026-05-11 07:30:59.017979,11/05/26,7:30:59
40387,0.09,40.387,89.13759378017679,13620316746,2026-05-11 07:31:39.404979,11/05/26,7:31:39
40445,0.09,40.445,89.00976634936333,13620357191,2026-05-11 07:32:19.849979,11/05/26,7:32:19
40443,0.09,40.443,89.01416808842075,13620397634,2026-05-11 07:33:00.292979,11/05/26,7:33:0
39617,0.09,39.617,90.87008102582224,13620437251,2026-05-11 07:33:39.909979,11/05/26,7:33:39
39635,0.09,39.635,90.82881291787561,13620476886,2026-05-11 07:34:19.544979,11/05/26,7:34:19
39600,0.09,39.6,90.9090909090909,13620516486,2026-05-11 07:34:59.144979,11/05/26,7:34:59
39684,0.09,39.684,90.71666162685213,13620556170,2026-05-11 07:35:38.828979,11/05/26,7:35:38
39755,0.09,39.755,90.5546472141869,13620595925,2026-05-11 07:36:18.583979,11/05/26,7:36:18
39629,0.09,39.629,90.84256478841253,13620635554,2026-05-11 07:36:58.212979,11/05/26,7:36:58
39581,0.09,39.581,90.9527298451277,13620675135,2026-05-11 07:37:37.793979,11/05/26,7:37:37
39590,0.09,39.59,90.93205354887598,13620714725,2026-05-11 07:38:17.383979,11/05/26,7:38:17
39696,0.09,39.696,90.68923821039903,13620754421,2026-05-11 07:38:57.079979,11/05/26,7:38:57
39648,0.09,39.648,90.79903147699758,13620794069,2026-05-11 07:39:36.727979,11/05/26,7:39:36
40851,0.09,40.851,88.12513769552766,13620834920,2026-05-11 07:40:17.578979,11/05/26,7:40:17
40928,0.09,40.928,87.95934323690383,13620875848,2026-05-11 07:40:58.506979,11/05/26,7:40:58
41838,0.09,41.838,86.0461781155887,13620917686,2026-05-11 07:41:40.344979,11/05/26,7:41:40
42126,0.09,42.126,85.45791197835067,13620959812,2026-05-11 07:42:22.470979,11/05/26,7:42:22
42416,0.08,42.416,84.87363259147492,13621002228,2026-05-11 07:43:04.886979,11/05/26,7:43:4
42196,0.09,42.196,85.31614371030429,13621044424,2026-05-11 07:43:47.082979,11/05/26,7:43:47
41999,0.09,41.999,85.71632657920426,13621086423,2026-05-11 07:44:29.081979,11/05/26,7:44:29
41955,0.09,41.955,85.80622095101894,13621128378,2026-05-11 07:45:11.036979,11/05/26,7:45:11
42040,0.09,42.04,85.63273073263558,13621170418,2026-05-11 07:45:53.076979,11/05/26,7:45:53
41966,0.09,41.966,85.78372968593624,13621212384,2026-05-11 07:46:35.042979,11/05/26,7:46:35
41964,0.09,41.964,85.78781812982557,13621254348,2026-05-11 07:47:17.006979,11/05/26,7:47:17
41913,0.09,41.913,85.89220528237063,13621296261,2026-05-11 07:47:58.919979,11/05/26,7:47:58
41849,0.09,41.849,86.02356089751248,13621338110,2026-05-11 07:48:40.768979,11/05/26,7:48:40
42048,0.09,42.048,85.61643835616438,13621380158,2026-05-11 07:49:22.816979,11/05/26,7:49:22
42120,0.09,42.12,85.47008547008546,13621422278,2026-05-11 07:50:04.936979,11/05/26,7:50:4
42119,0.09,42.119,85.47211472257176,13621464397,2026-05-11 07:50:47.055979,11/05/26,7:50:47
42081,0.09,42.081,85.54929778284736,13621506478,2026-05-11 07:51:29.136979,11/05/26,7:51:29
42295,0.09,42.295,85.11644402411632,13621548773,2026-05-11 07:52:11.431979,11/05/26,7:52:11
41968,0.09,41.968,85.7796416317194,13621590741,2026-05-11 07:52:53.399979,11/05/26,7:52:53
41785,0.09,41.785,86.15531889434007,13621632526,2026-05-11 07:53:35.184979,11/05/26,7:53:35
41793,0.09,41.793,86.13882707630465,13621674319,2026-05-11 07:54:16.977979,11/05/26,7:54:16
41080,0.09,41.08,87.63388510223953,13621715399,2026-05-11 07:54:58.057979,11/05/26,7:54:58
40447,0.09,40.447,89.00536504561525,13621755846,2026-05-11 07:55:38.504979,11/05/26,7:55:38
40497,0.09,40.497,88.89547373879546,13621796343,2026-05-11 07:56:19.001979,11/05/26,7:56:19
40368,0.09,40.368,89.179548156956,13621836711,2026-05-11 07:56:59.369979,11/05/26,7:56:59
40385,0.09,40.385,89.14200817135075,13621877096,2026-05-11 07:57:39.754979,11/05/26,7:57:39
40434,0.09,40.434,89.03398130286392,13621917530,2026-05-11 07:58:20.188979,11/05/26,7:58:20
40485,0.09,40.485,88.9218228973694,13621958015,2026-05-11 07:59:00.673979,11/05/26,7:59:0
40324,0.09,40.324,89.2768574546176,13621998339,2026-05-11 07:59:40.997979,11/05/26,7:59:40
40427,0.09,40.427,89.04939767976848,13622038766,2026-05-11 08:00:21.424979,11/05/26,8:0:21
39678,0.09,39.678,90.73037955542114,13622078444,2026-05-11 08:01:01.102979,11/05/26,8:1:1
39330,0.09,39.33,91.53318077803203,13622117774,2026-05-11 08:01:40.432979,11/05/26,8:1:40
39394,0.09,39.394,91.3844747931157,13622157168,2026-05-11 08:02:19.826979,11/05/26,8:2:19
32529,0.11,32.529,110.67047864982015,13622189697,2026-05-11 08:02:52.355979,11/05/26,8:2:52
21266,0.17,21.266,169.28430358318442,13622210963,2026-05-11 08:03:13.621979,11/05/26,8:3:13
21430,0.17,21.43,167.9888007466169,13622232393,2026-05-11 08:03:35.051979,11/05/26,8:3:35
21369,0.17,21.369,168.46834199073425,13622253762,2026-05-11 08:03:56.420979,11/05/26,8:3:56
21444,0.17,21.444,167.87912702853944,13622275206,2026-05-11 08:04:17.864979,11/05/26,8:4:17
21680,0.17,21.68,166.05166051660515,13622296886,2026-05-11 08:04:39.544979,11/05/26,8:4:39
21881,0.16,21.881,164.526301357342,13622318767,2026-05-11 08:05:01.425979,11/05/26,8:5:1
22066,0.16,22.066,163.14692286776037,13622340833,2026-05-11 08:05:23.491979,11/05/26,8:5:23
22110,0.16,22.11,162.82225237449117,13622362943,2026-05-11 08:05:45.601979,11/05/26,8:5:45
22150,0.16,22.15,162.52821670428895,13622385093,2026-05-11 08:06:07.751979,11/05/26,8:6:7
22276,0.16,22.276,161.60890644639971,13622407369,2026-05-11 08:06:30.027979,11/05/26,8:6:30
22704,0.16,22.704,158.56236786469344,13622430073,2026-05-11 08:06:52.731979,11/05/26,8:6:52
22884,0.16,22.884,157.31515469323546,13622452957,2026-05-11 08:07:15.615979,11/05/26,8:7:15
23067,0.16,23.067,156.06710885680843,13622476024,2026-05-11 08:07:38.682979,11/05/26,8:7:38
23044,0.16,23.044,156.2228779725742,13622499068,2026-05-11 08:08:01.726979,11/05/26,8:8:1
23097,0.16,23.097,155.86439797376283,13622522165,2026-05-11 08:08:24.823979,11/05/26,8:8:24
23170,0.16,23.17,155.37332757876564,13622545335,2026-05-11 08:08:47.993979,11/05/26,8:8:47
23234,0.15,23.234,154.9453387277266,13622568569,2026-05-11 08:09:11.227979,11/05/26,8:9:11
23354,0.15,23.354,154.14918215295023,13622591923,2026-05-11 08:09:34.581979,11/05/26,8:9:34
23457,0.15,23.457,153.47231103721703,13622615380,2026-05-11 08:09:58.038979,11/05/26,8:9:58
23533,0.15,23.533,152.9766710576637,13622638913,2026-05-11 08:10:21.571979,11/05/26,8:10:21
36689,0.1,36.689,98.12205293139633,13622675602,2026-05-11 08:10:58.260979,11/05/26,8:10:58
41391,0.09,41.391,86.97542944118287,13622716993,2026-05-11 08:11:39.651979,11/05/26,8:11:39
42074,0.09,42.074,85.56353092170937,13622759067,2026-05-11 08:12:21.725979,11/05/26,8:12:21
42197,0.09,42.197,85.31412185700405,13622801264,2026-05-11 08:13:03.922979,11/05/26,8:13:3
42123,0.09,42.123,85.46399829072003,13622843387,2026-05-11 08:13:46.045979,11/05/26,8:13:46
41900,0.09,41.9,85.91885441527447,13622885287,2026-05-11 08:14:27.945979,11/05/26,8:14:27
42056,0.09,42.056,85.60015217804832,13622927343,2026-05-11 08:15:10.001979,11/05/26,8:15:10
41977,0.09,41.977,85.76125020844748,13622969320,2026-05-11 08:15:51.978979,11/05/26,8:15:51
41946,0.09,41.946,85.82463166928909,13623011266,2026-05-11 08:16:33.924979,11/05/26,8:16:33
42162,0.09,42.162,85.38494378824534,13623053428,2026-05-11 08:17:16.086979,11/05/26,8:17:16
42131,0.09,42.131,85.4477700505566,13623095559,2026-05-11 08:17:58.217979,11/05/26,8:17:58
41944,0.09,41.944,85.82872401296967,13623137503,2026-05-11 08:18:40.161979,11/05/26,8:18:40
41927,0.09,41.927,85.86352469768885,13623179430,2026-05-11 08:19:22.088979,11/05/26,8:19:22
40909,0.09,40.909,88.00019555599012,13623220339,2026-05-11 08:20:02.997979,11/05/26,8:20:2
40383,0.09,40.383,89.14642299977713,13623260722,2026-05-11 08:20:43.380979,11/05/26,8:20:43
40372,0.09,40.372,89.17071237491331,13623301094,2026-05-11 08:21:23.752979,11/05/26,8:21:23
40570,0.09,40.57,88.73551885629776,13623341664,2026-05-11 08:22:04.322979,11/05/26,8:22:4
40582,0.09,40.582,88.70927997634419,13623382246,2026-05-11 08:22:44.904979,11/05/26,8:22:44
40461,0.09,40.461,88.97456810261734,13623422707,2026-05-11 08:23:25.365979,11/05/26,8:23:25
40144,0.09,40.144,89.67716221602232,13623462851,2026-05-11 08:24:05.509979,11/05/26,8:24:5
40453,0.09,40.453,88.9921637455813,13623503304,2026-05-11 08:24:45.962979,11/05/26,8:24:45
40501,0.09,40.501,88.88669415569986,13623543805,2026-05-11 08:25:26.463979,11/05/26,8:25:26
40434,0.09,40.434,89.03398130286392,13623584239,2026-05-11 08:26:06.897979,11/05/26,8:26:6
40328,0.09,40.328,89.26800238048007,13623624567,2026-05-11 08:26:47.225979,11/05/26,8:26:47
40350,0.09,40.35,89.21933085501858,13623664917,2026-05-11 08:27:27.575979,11/05/26,8:27:27
40469,0.09,40.469,88.95697941634337,13623705386,2026-05-11 08:28:08.044979,11/05/26,8:28:8
40613,0.09,40.613,88.64156797084678,13623745999,2026-05-11 08:28:48.657979,11/05/26,8:28:48
40397,0.09,40.397,89.11552838082036,13623786396,2026-05-11 08:29:29.054979,11/05/26,8:29:29
40351,0.09,40.351,89.2171197739833,13623826747,2026-05-11 08:30:09.405979,11/05/26,8:30:9
40401,0.09,40.401,89.10670527957228,13623867148,2026-05-11 08:30:49.806979,11/05/26,8:30:49
40363,0.09,40.363,89.19059534722395,13623907511,2026-05-11 08:31:30.169979,11/05/26,8:31:30
40684,0.09,40.684,88.48687444695703,13623948195,2026-05-11 08:32:10.853979,11/05/26,8:32:10
40518,0.09,40.518,88.8494002665482,13623988713,2026-05-11 08:32:51.371979,11/05/26,8:32:51
40394,0.09,40.394,89.12214685349309,13624029107,2026-05-11 08:33:31.765979,11/05/26,8:33:31
39668,0.09,39.668,90.7532519915297,13624068775,2026-05-11 08:34:11.433979,11/05/26,8:34:11
39694,0.09,39.694,90.69380762835694,13624108469,2026-05-11 08:34:51.127979,11/05/26,8:34:51
39732,0.09,39.732,90.60706735125339,13624148201,2026-05-11 08:35:30.859979,11/05/26,8:35:30
40026,0.09,40.026,89.9415380002998,13624188227,2026-05-11 08:36:10.885979,11/05/26,8:36:10
41117,0.09,41.117,87.55502590169516,13624229344,2026-05-11 08:36:52.002979,11/05/26,8:36:52
41042,0.09,41.042,87.71502363432582,13624270386,2026-05-11 08:37:33.044979,11/05/26,8:37:33
41077,0.09,41.077,87.64028531781776,13624311463,2026-05-11 08:38:14.121979,11/05/26,8:38:14
40995,0.09,40.995,87.81558726673984,13624352458,2026-05-11 08:38:55.116979,11/05/26,8:38:55
40980,0.09,40.98,87.84773060029282,13624393438,2026-05-11 08:39:36.096979,11/05/26,8:39:36
41029,0.09,41.029,87.74281605693534,13624434467,2026-05-11 08:40:17.125979,11/05/26,8:40:17
41023,0.09,41.023,87.75564926992175,13624475490,2026-05-11 08:40:58.148979,11/05/26,8:40:58
41435,0.09,41.435,86.88306986846868,13624516925,2026-05-11 08:41:39.583979,11/05/26,8:41:39
41985,0.09,41.985,85.7449088960343,13624558910,2026-05-11 08:42:21.568979,11/05/26,8:42:21
41850,0.09,41.85,86.02150537634408,13624600760,2026-05-11 08:43:03.418979,11/05/26,8:43:3
41926,0.09,41.926,85.86557267566666,13624642686,2026-05-11 08:43:45.344979,11/05/26,8:43:45
41845,0.09,41.845,86.03178396463137,13624684531,2026-05-11 08:44:27.189979,11/05/26,8:44:27
41918,0.09,41.918,85.8819600171764,13624726449,2026-05-11 08:45:09.107979,11/05/26,8:45:9
41906,0.09,41.906,85.90655276094115,13624768355,2026-05-11 08:45:51.013979,11/05/26,8:45:51
42016,0.09,42.016,85.68164508758568,13624810371,2026-05-11 08:46:33.029979,11/05/26,8:46:33
41850,0.09,41.85,86.02150537634408,13624852221,2026-05-11 08:47:14.879979,11/05/26,8:47:14
41975,0.09,41.975,85.76533650982728,13624894196,2026-05-11 08:47:56.854979,11/05/26,8:47:56
41972,0.09,41.972,85.77146669208044,13624936168,2026-05-11 08:48:38.826979,11/05/26,8:48:38
41832,0.09,41.832,86.05851979345955,13624978000,2026-05-11 08:49:20.658979,11/05/26,8:49:20
31867,0.11,31.867,112.96952960743089,13625009867,2026-05-11 08:49:52.525979,11/05/26,8:49:52
24894,0.14,24.894,144.61315979754158,13625034761,2026-05-11 08:50:17.419979,11/05/26,8:50:17
26971,0.13,26.971,133.47669719328167,13625061732,2026-05-11 08:50:44.390979,11/05/26,8:50:44
28986,0.12,28.986,124.1978886358932,13625090718,2026-05-11 08:51:13.376979,11/05/26,8:51:13
29707,0.12,29.707,121.18355943043727,13625120425,2026-05-11 08:51:43.083979,11/05/26,8:51:43
29868,0.12,29.868,120.53033346725593,13625150293,2026-05-11 08:52:12.951979,11/05/26,8:52:12
30155,0.12,30.155,119.38318686784945,13625180448,2026-05-11 08:52:43.106979,11/05/26,8:52:43
29975,0.12,29.975,120.1000834028357,13625210423,2026-05-11 08:53:13.081979,11/05/26,8:53:13
29998,0.12,29.998,120.00800053336889,13625240421,2026-05-11 08:53:43.079979,11/05/26,8:53:43
29966,0.12,29.966,120.13615430821598,13625270387,2026-05-11 08:54:13.045979,11/05/26,8:54:13
30002,0.12,30.002,119.99200053329778,13625300389,2026-05-11 08:54:43.047979,11/05/26,8:54:43
29449,0.12,29.449,122.24523752928792,13625329838,2026-05-11 08:55:12.496979,11/05/26,8:55:12
15439,0.23,15.439,233.17572381630936,13625345277,2026-05-11 08:55:27.935979,11/05/26,8:55:27
18353,0.2,18.353,196.15321745763634,13625363630,2026-05-11 08:55:46.288979,11/05/26,8:55:46
17965,0.2,17.965,200.38964653492903,13625381595,2026-05-11 08:56:04.253979,11/05/26,8:56:4
13765,0.26,13.765,261.5328732292045,13625395360,2026-05-11 08:56:18.018979,11/05/26,8:56:18
1657,2.17,1.657,2172.601086300543,13625397017,2026-05-11 08:56:19.675979,11/05/26,8:56:19
1517,2.37,1.517,2373.1048121292024,13625398534,2026-05-11 08:56:21.192979,11/05/26,8:56:21
1526,2.36,1.526,2359.1087811271295,13625400060,2026-05-11 08:56:22.718979,11/05/26,8:56:22
1526,2.36,1.526,2359.1087811271295,13625401586,2026-05-11 08:56:24.244979,11/05/26,8:56:24
1533,2.35,1.533,2348.3365949119375,13625403119,2026-05-11 08:56:25.777979,11/05/26,8:56:25
1532,2.35,1.532,2349.8694516971277,13625404651,2026-05-11 08:56:27.309979,11/05/26,8:56:27
1535,2.35,1.535,2345.2768729641693,13625406186,2026-05-11 08:56:28.844979,11/05/26,8:56:28
1535,2.35,1.535,2345.2768729641693,13625407721,2026-05-11 08:56:30.379979,11/05/26,8:56:30
1530,2.35,1.53,2352.9411764705883,13625409251,2026-05-11 08:56:31.909979,11/05/26,8:56:31
1530,2.35,1.53,2352.9411764705883,13625410781,2026-05-11 08:56:33.439979,11/05/26,8:56:33
1534,2.35,1.534,2346.805736636245,13625412315,2026-05-11 08:56:34.973979,11/05/26,8:56:34
1529,2.35,1.529,2354.480052321779,13625413844,2026-05-11 08:56:36.502979,11/05/26,8:56:36
1540,2.34,1.54,2337.6623376623374,13625415384,2026-05-11 08:56:38.042979,11/05/26,8:56:38
1532,2.35,1.532,2349.8694516971277,13625416916,2026-05-11 08:56:39.574979,11/05/26,8:56:39
1537,2.34,1.537,2342.225113858165,13625418453,2026-05-11 08:56:41.111979,11/05/26,8:56:41
1535,2.35,1.535,2345.2768729641693,13625419988,2026-05-11 08:56:42.646979,11/05/26,8:56:42
1535,2.35,1.535,2345.2768729641693,13625421523,2026-05-11 08:56:44.181979,11/05/26,8:56:44
1535,2.35,1.535,2345.2768729641693,13625423058,2026-05-11 08:56:45.716979,11/05/26,8:56:45
1536,2.34,1.536,2343.75,13625424594,2026-05-11 08:56:47.252979,11/05/26,8:56:47
1535,2.35,1.535,2345.2768729641693,13625426129,2026-05-11 08:56:48.787979,11/05/26,8:56:48
1529,2.35,1.529,2354.480052321779,13625427658,2026-05-11 08:56:50.316979,11/05/26,8:56:50
1526,2.36,1.526,2359.1087811271295,13625429184,2026-05-11 08:56:51.842979,11/05/26,8:56:51
1528,2.36,1.528,2356.020942408377,13625430712,2026-05-11 08:56:53.370979,11/05/26,8:56:53
1529,2.35,1.529,2354.480052321779,13625432241,2026-05-11 08:56:54.899979,11/05/26,8:56:54
1528,2.36,1.528,2356.020942408377,13625433769,2026-05-11 08:56:56.427979,11/05/26,8:56:56
1539,2.34,1.539,2339.1812865497077,13625435308,2026-05-11 08:56:57.966979,11/05/26,8:56:57
1533,2.35,1.533,2348.3365949119375,13625436841,2026-05-11 08:56:59.499979,11/05/26,8:56:59
1535,2.35,1.535,2345.2768729641693,13625438376,2026-05-11 08:57:01.034979,11/05/26,8:57:1
1536,2.34,1.536,2343.75,13625439912,2026-05-11 08:57:02.570979,11/05/26,8:57:2
1536,2.34,1.536,2343.75,13625441448,2026-05-11 08:57:04.106979,11/05/26,8:57:4
1536,2.34,1.536,2343.75,13625442984,2026-05-11 08:57:05.642979,11/05/26,8:57:5
1532,2.35,1.532,2349.8694516971277,13625444516,2026-05-11 08:57:07.174979,11/05/26,8:57:7
1537,2.34,1.537,2342.225113858165,13625446053,2026-05-11 08:57:08.711979,11/05/26,8:57:8
1538,2.34,1.538,2340.702210663199,13625447591,2026-05-11 08:57:10.249979,11/05/26,8:57:10
1530,2.35,1.53,2352.9411764705883,13625449121,2026-05-11 08:57:11.779979,11/05/26,8:57:11
1535,2.35,1.535,2345.2768729641693,13625450656,2026-05-11 08:57:13.314979,11/05/26,8:57:13
1537,2.34,1.537,2342.225113858165,13625452193,2026-05-11 08:57:14.851979,11/05/26,8:57:14
1533,2.35,1.533,2348.3365949119375,13625453726,2026-05-11 08:57:16.384979,11/05/26,8:57:16
1542,2.33,1.542,2334.6303501945526,13625455268,2026-05-11 08:57:17.926979,11/05/26,8:57:17
1535,2.35,1.535,2345.2768729641693,13625456803,2026-05-11 08:57:19.461979,11/05/26,8:57:19
1538,2.34,1.538,2340.702210663199,13625458341,2026-05-11 08:57:20.999979,11/05/26,8:57:20
1535,2.35,1.535,2345.2768729641693,13625459876,2026-05-11 08:57:22.534979,11/05/26,8:57:22
1537,2.34,1.537,2342.225113858165,13625461413,2026-05-11 08:57:24.071979,11/05/26,8:57:24
1535,2.35,1.535,2345.2768729641693,13625462948,2026-05-11 08:57:25.606979,11/05/26,8:57:25
1536,2.34,1.536,2343.75,13625464484,2026-05-11 08:57:27.142979,11/05/26,8:57:27
1538,2.34,1.538,2340.702210663199,13625466022,2026-05-11 08:57:28.680979,11/05/26,8:57:28
1538,2.34,1.538,2340.702210663199,13625467560,2026-05-11 08:57:30.218979,11/05/26,8:57:30
1535,2.35,1.535,2345.2768729641693,13625469095,2026-05-11 08:57:31.753979,11/05/26,8:57:31
1535,2.35,1.535,2345.2768729641693,13625470630,2026-05-11 08:57:33.288979,11/05/26,8:57:33
1543,2.33,1.543,2333.117303953338,13625472173,2026-05-11 08:57:34.831979,11/05/26,8:57:34
1538,2.34,1.538,2340.702210663199,13625473711,2026-05-11 08:57:36.369979,11/05/26,8:57:36
1542,2.33,1.542,2334.6303501945526,13625475253,2026-05-11 08:57:37.911979,11/05/26,8:57:37
1540,2.34,1.54,2337.6623376623374,13625476793,2026-05-11 08:57:39.451979,11/05/26,8:57:39
1548,2.33,1.548,2325.5813953488373,13625478341,2026-05-11 08:57:40.999979,11/05/26,8:57:40
1546,2.33,1.546,2328.589909443726,13625479887,2026-05-11 08:57:42.545979,11/05/26,8:57:42
1549,2.32,1.549,2324.080051646223,13625481436,2026-05-11 08:57:44.094979,11/05/26,8:57:44
1548,2.33,1.548,2325.5813953488373,13625482984,2026-05-11 08:57:45.642979,11/05/26,8:57:45
1544,2.33,1.544,2331.60621761658,13625484528,2026-05-11 08:57:47.186979,11/05/26,8:57:47
8905,0.4,8.905,404.2672655811342,13625493433,2026-05-11 08:57:56.091979,11/05/26,8:57:56
18396,0.19,18.396,195.69471624266146,13625511829,2026-05-11 08:58:14.487979,11/05/26,8:58:14
18334,0.2,18.334,196.35649612741355,13625530163,2026-05-11 08:58:32.821979,11/05/26,8:58:32
18567,0.19,18.567,193.89238972370333,13625548730,2026-05-11 08:58:51.388979,11/05/26,8:58:51
18620,0.19,18.62,193.3404940923738,13625567350,2026-05-11 08:59:10.008979,11/05/26,8:59:10
18668,0.19,18.668,192.8433683308335,13625586018,2026-05-11 08:59:28.676979,11/05/26,8:59:28
18756,0.19,18.756,191.93857965451056,13625604774,2026-05-11 08:59:47.432979,11/05/26,8:59:47
18679,0.19,18.679,192.7298035226725,13625623453,2026-05-11 09:00:06.111979,11/05/26,9:0:6
18644,0.19,18.644,193.0916112422227,13625642097,2026-05-11 09:00:24.755979,11/05/26,9:0:24
18736,0.19,18.736,192.14346712211784,13625660833,2026-05-11 09:00:43.491979,11/05/26,9:0:43
18826,0.19,18.826,191.22490173164772,13625679659,2026-05-11 09:01:02.317979,11/05/26,9:1:2
18808,0.19,18.808,191.4079115270098,13625698467,2026-05-11 09:01:21.125979,11/05/26,9:1:21
18911,0.19,18.911,190.36539580138543,13625717378,2026-05-11 09:01:40.036979,11/05/26,9:1:40
18968,0.19,18.968,189.79333614508647,13625736346,2026-05-11 09:01:59.004979,11/05/26,9:1:59
18896,0.19,18.896,190.51651143099068,13625755242,2026-05-11 09:02:17.900979,11/05/26,9:2:17
19084,0.19,19.084,188.6396981764829,13625774326,2026-05-11 09:02:36.984979,11/05/26,9:2:36
20715,0.17,20.715,173.78711078928313,13625795041,2026-05-11 09:02:57.699979,11/05/26,9:2:57
29162,0.12,29.162,123.44832316027707,13625824203,2026-05-11 09:03:26.861979,11/05/26,9:3:26
29382,0.12,29.382,122.52399428221361,13625853585,2026-05-11 09:03:56.243979,11/05/26,9:3:56
29284,0.12,29.284,122.93402540636525,13625882869,2026-05-11 09:04:25.527979,11/05/26,9:4:25
29498,0.12,29.498,122.04217235066784,13625912367,2026-05-11 09:04:55.025979,11/05/26,9:4:55
28746,0.12,28.746,125.23481527864746,13625941113,2026-05-11 09:05:23.771979,11/05/26,9:5:23
28574,0.12,28.574,125.98866102050816,13625969687,2026-05-11 09:05:52.345979,11/05/26,9:5:52
28212,0.13,28.212,127.60527435133986,13625997899,2026-05-11 09:06:20.557979,11/05/26,9:6:20
27720,0.13,27.72,129.87012987012986,13626025619,2026-05-11 09:06:48.277979,11/05/26,9:6:48
28963,0.12,28.963,124.29651624486414,13626054582,2026-05-11 09:07:17.240979,11/05/26,9:7:17
29280,0.12,29.28,122.95081967213115,13626083862,2026-05-11 09:07:46.520979,11/05/26,9:7:46
28532,0.13,28.532,126.17412028599468,13626112394,2026-05-11 09:08:15.052979,11/05/26,9:8:15
28319,0.13,28.319,127.12313287898584,13626140713,2026-05-11 09:08:43.371979,11/05/26,9:8:43
27919,0.13,27.919,128.9444464343279,13626168632,2026-05-11 09:09:11.290979,11/05/26,9:9:11
27711,0.13,27.711,129.91230919129586,13626196343,2026-05-11 09:09:39.001979,11/05/26,9:9:39
27623,0.13,27.623,130.32617746081164,13626223966,2026-05-11 09:10:06.624979,11/05/26,9:10:6
27651,0.13,27.651,130.19420635781708,13626251617,2026-05-11 09:10:34.275979,11/05/26,9:10:34
28626,0.12,28.626,125.75979878432194,13626280243,2026-05-11 09:11:02.901979,11/05/26,9:11:2
28971,0.12,28.971,124.26219322771047,13626309214,2026-05-11 09:11:31.872979,11/05/26,9:11:31
29416,0.12,29.416,122.38237693772096,13626338630,2026-05-11 09:12:01.288979,11/05/26,9:12:1
29217,0.12,29.217,123.21593592771332,13626367847,2026-05-11 09:12:30.505979,11/05/26,9:12:30
29415,0.12,29.415,122.38653748087711,13626397262,2026-05-11 09:12:59.920979,11/05/26,9:12:59
29212,0.12,29.212,123.23702587977543,13626426474,2026-05-11 09:13:29.132979,11/05/26,9:13:29
29260,0.12,29.26,123.03485987696514,13626455734,2026-05-11 09:13:58.392979,11/05/26,9:13:58
28404,0.13,28.404,126.74271229404309,13626484138,2026-05-11 09:14:26.796979,11/05/26,9:14:26
29263,0.12,29.263,123.0222465229129,13626513401,2026-05-11 09:14:56.059979,11/05/26,9:14:56
29336,0.12,29.336,122.71611671666213,13626542737,2026-05-11 09:15:25.395979,11/05/26,9:15:25
29442,0.12,29.442,122.27430201752598,13626572179,2026-05-11 09:15:54.837979,11/05/26,9:15:54
29321,0.12,29.321,122.77889567204393,13626601500,2026-05-11 09:16:24.158979,11/05/26,9:16:24
28929,0.12,28.929,124.44260085035778,13626630429,2026-05-11 09:16:53.087979,11/05/26,9:16:53
29299,0.12,29.299,122.87108775043517,13626659728,2026-05-11 09:17:22.386979,11/05/26,9:17:22
29443,0.12,29.443,122.27014910165404,13626689171,2026-05-11 09:17:51.829979,11/05/26,9:17:51
28628,0.12,28.628,125.75101299427135,13626717799,2026-05-11 09:18:20.457979,11/05/26,9:18:20
28999,0.12,28.999,124.14221180040691,13626746798,2026-05-11 09:18:49.456979,11/05/26,9:18:49
28744,0.12,28.744,125.24352908433065,13626775542,2026-05-11 09:19:18.200979,11/05/26,9:19:18
29090,0.12,29.09,123.75386730835339,13626804632,2026-05-11 09:19:47.290979,11/05/26,9:19:47
29199,0.12,29.199,123.29189355799856,13626833831,2026-05-11 09:20:16.489979,11/05/26,9:20:16
28634,0.12,28.634,125.72466298805615,13626862465,2026-05-11 09:20:45.123979,11/05/26,9:20:45
29040,0.12,29.04,123.96694214876032,13626891505,2026-05-11 09:21:14.163979,11/05/26,9:21:14
29390,0.12,29.39,122.49064307587615,13626920895,2026-05-11 09:21:43.553979,11/05/26,9:21:43
29252,0.12,29.252,123.06850813619582,13626950147,2026-05-11 09:22:12.805979,11/05/26,9:22:12
29687,0.12,29.687,121.2652002560043,13626979834,2026-05-11 09:22:42.492979,11/05/26,9:22:42
29601,0.12,29.601,121.61751292186075,13627009435,2026-05-11 09:23:12.093979,11/05/26,9:23:12
29359,0.12,29.359,122.61998024455873,13627038794,2026-05-11 09:23:41.452979,11/05/26,9:23:41
29913,0.12,29.913,120.34901213519205,13627068707,2026-05-11 09:24:11.365979,11/05/26,9:24:11
29662,0.12,29.662,121.3674061088261,13627098369,2026-05-11 09:24:41.027979,11/05/26,9:24:41
29754,0.12,29.754,120.99213551119178,13627128123,2026-05-11 09:25:10.781979,11/05/26,9:25:10
30004,0.12,30.004,119.98400213304893,13627158127,2026-05-11 09:25:40.785979,11/05/26,9:25:40
29851,0.12,29.851,120.59897490871327,13627187978,2026-05-11 09:26:10.636979,11/05/26,9:26:10
29153,0.12,29.153,123.48643364319281,13627217131,2026-05-11 09:26:39.789979,11/05/26,9:26:39
28731,0.12,28.731,125.30019839198079,13627245862,2026-05-11 09:27:08.520979,11/05/26,9:27:8
28321,0.13,28.321,127.11415557360263,13627274183,2026-05-11 09:27:36.841979,11/05/26,9:27:36
27840,0.13,27.84,129.31034482758622,13627302023,2026-05-11 09:28:04.681979,11/05/26,9:28:4
27483,0.13,27.483,130.9900665866172,13627329506,2026-05-11 09:28:32.164979,11/05/26,9:28:32
27511,0.13,27.511,130.856748209807,13627357017,2026-05-11 09:28:59.675979,11/05/26,9:28:59
27468,0.13,27.468,131.06159895150722,13627384485,2026-05-11 09:29:27.143979,11/05/26,9:29:27
27919,0.13,27.919,128.9444464343279,13627412404,2026-05-11 09:29:55.062979,11/05/26,9:29:55
27832,0.13,27.832,129.34751365334867,13627440236,2026-05-11 09:30:22.894979,11/05/26,9:30:22
27479,0.13,27.479,131.0091342479712,13627467715,2026-05-11 09:30:50.373979,11/05/26,9:30:50
28942,0.12,28.942,124.3867044433695,13627496657,2026-05-11 09:31:19.315979,11/05/26,9:31:19
28926,0.12,28.926,124.45550715619166,13627525583,2026-05-11 09:31:48.241979,11/05/26,9:31:48
28887,0.12,28.887,124.62353307716273,13627554470,2026-05-11 09:32:17.128979,11/05/26,9:32:17
29414,0.12,29.414,122.39069830692867,13627583884,2026-05-11 09:32:46.542979,11/05/26,9:32:46
29042,0.12,29.042,123.95840506852146,13627612926,2026-05-11 09:33:15.584979,11/05/26,9:33:15
28825,0.12,28.825,124.8915871639202,13627641751,2026-05-11 09:33:44.409979,11/05/26,9:33:44
27397,0.13,27.397,131.40124831185895,13627669148,2026-05-11 09:34:11.806979,11/05/26,9:34:11
28956,0.12,28.956,124.32656444260257,13627698104,2026-05-11 09:34:40.762979,11/05/26,9:34:40
28543,0.13,28.543,126.12549486739306,13627726647,2026-05-11 09:35:09.305979,11/05/26,9:35:9
28461,0.13,28.461,126.48887951934226,13627755108,2026-05-11 09:35:37.766979,11/05/26,9:35:37
27999,0.13,27.999,128.5760205721633,13627783107,2026-05-11 09:36:05.765979,11/05/26,9:36:5
27345,0.13,27.345,131.65112452002194,13627810452,2026-05-11 09:36:33.110979,11/05/26,9:36:33
28504,0.13,28.504,126.29806342969408,13627838956,2026-05-11 09:37:01.614979,11/05/26,9:37:1
28443,0.13,28.443,126.56892732834089,13627867399,2026-05-11 09:37:30.057979,11/05/26,9:37:30
28041,0.13,28.041,128.3834385364288,13627895440,2026-05-11 09:37:58.098979,11/05/26,9:37:58
28542,0.13,28.542,126.12991381122556,13627923982,2026-05-11 09:38:26.640979,11/05/26,9:38:26
28813,0.12,28.813,124.94360184638879,13627952795,2026-05-11 09:38:55.453979,11/05/26,9:38:55
27719,0.13,27.719,129.87481510877015,13627980514,2026-05-11 09:39:23.172979,11/05/26,9:39:23
27982,0.13,27.982,128.65413480094347,13628008496,2026-05-11 09:39:51.154979,11/05/26,9:39:51
28174,0.13,28.174,127.77738340313765,13628036670,2026-05-11 09:40:19.328979,11/05/26,9:40:19
28026,0.13,28.026,128.45215157353886,13628064696,2026-05-11 09:40:47.354979,11/05/26,9:40:47
28105,0.13,28.105,128.09108699519658,13628092801,2026-05-11 09:41:15.459979,11/05/26,9:41:15
28723,0.12,28.723,125.33509730877694,13628121524,2026-05-11 09:41:44.182979,11/05/26,9:41:44
28509,0.13,28.509,126.27591286962011,13628150033,2026-05-11 09:42:12.691979,11/05/26,9:42:12
29215,0.12,29.215,123.22437104227281,13628179248,2026-05-11 09:42:41.906979,11/05/26,9:42:41
28878,0.12,28.878,124.66237274049449,13628208126,2026-05-11 09:43:10.784979,11/05/26,9:43:10
28503,0.13,28.503,126.30249447426587,13628236629,2026-05-11 09:43:39.287979,11/05/26,9:43:39
28997,0.12,28.997,124.15077421802255,13628265626,2026-05-11 09:44:08.284979,11/05/26,9:44:8
29308,0.12,29.308,122.83335608025112,13628294934,2026-05-11 09:44:37.592979,11/05/26,9:44:37
29598,0.12,29.598,121.62983985404419,13628324532,2026-05-11 09:45:07.190979,11/05/26,9:45:7
29397,0.12,29.397,122.46147566078172,13628353929,2026-05-11 09:45:36.587979,11/05/26,9:45:36
28978,0.12,28.978,124.23217613361861,13628382907,2026-05-11 09:46:05.565979,11/05/26,9:46:5
29153,0.12,29.153,123.48643364319281,13628412060,2026-05-11 09:46:34.718979,11/05/26,9:46:34
17066,0.21,17.066,210.9457400679714,13628429126,2026-05-11 09:46:51.784979,11/05/26,9:46:51
17964,0.2,17.964,200.40080160320642,13628447090,2026-05-11 09:47:09.748979,11/05/26,9:47:9
17845,0.2,17.845,201.73718128327263,13628464935,2026-05-11 09:47:27.593979,11/05/26,9:47:27
17713,0.2,17.713,203.2405577824197,13628482648,2026-05-11 09:47:45.306979,11/05/26,9:47:45
17985,0.2,17.985,200.16680567139284,13628500633,2026-05-11 09:48:03.291979,11/05/26,9:48:3
17917,0.2,17.917,200.92649439080202,13628518550,2026-05-11 09:48:21.208979,11/05/26,9:48:21
18027,0.2,18.027,199.70044932601098,13628536577,2026-05-11 09:48:39.235979,11/05/26,9:48:39
18393,0.19,18.393,195.726635132931,13628554970,2026-05-11 09:48:57.628979,11/05/26,9:48:57
18388,0.19,18.388,195.7798564281053,13628573358,2026-05-11 09:49:16.016979,11/05/26,9:49:16
18605,0.19,18.605,193.49637194302608,13628591963,2026-05-11 09:49:34.621979,11/05/26,9:49:34
18572,0.19,18.572,193.84018953262978,13628610535,2026-05-11 09:49:53.193979,11/05/26,9:49:53
17979,0.2,17.979,200.2336058735191,13628628514,2026-05-11 09:50:11.172979,11/05/26,9:50:11
18437,0.19,18.437,195.25953246189727,13628646951,2026-05-11 09:50:29.609979,11/05/26,9:50:29
18602,0.19,18.602,193.5275776798194,13628665553,2026-05-11 09:50:48.211979,11/05/26,9:50:48
18167,0.2,18.167,198.16150162382343,13628683720,2026-05-11 09:51:06.378979,11/05/26,9:51:6
18497,0.19,18.497,194.62615559279882,13628702217,2026-05-11 09:51:24.875979,11/05/26,9:51:24
18624,0.19,18.624,193.29896907216494,13628720841,2026-05-11 09:51:43.499979,11/05/26,9:51:43
18515,0.19,18.515,194.43694301917364,13628739356,2026-05-11 09:52:02.014979,11/05/26,9:52:2
18318,0.2,18.318,196.5280052407468,13628757674,2026-05-11 09:52:20.332979,11/05/26,9:52:20
18890,0.19,18.89,190.57702488088935,13628776564,2026-05-11 09:52:39.222979,11/05/26,9:52:39
19072,0.19,19.072,188.75838926174498,13628795636,2026-05-11 09:52:58.294979,11/05/26,9:52:58
18627,0.19,18.627,193.2678370107908,13628814263,2026-05-11 09:53:16.921979,11/05/26,9:53:16
18874,0.19,18.874,190.73858217653915,13628833137,2026-05-11 09:53:35.795979,11/05/26,9:53:35
18861,0.19,18.861,190.87004930809607,13628851998,2026-05-11 09:53:54.656979,11/05/26,9:53:54
19096,0.19,19.096,188.52115626309174,13628871094,2026-05-11 09:54:13.752979,11/05/26,9:54:13
26119,0.14,26.119,137.83069795933994,13628897213,2026-05-11 09:54:39.871979,11/05/26,9:54:39
28952,0.12,28.952,124.34374136501796,13628926165,2026-05-11 09:55:08.823979,11/05/26,9:55:8
28422,0.13,28.422,126.6624445851805,13628954587,2026-05-11 09:55:37.245979,11/05/26,9:55:37
28660,0.12,28.66,125.6106071179344,13628983247,2026-05-11 09:56:05.905979,11/05/26,9:56:5
28527,0.13,28.527,126.19623514565149,13629011774,2026-05-11 09:56:34.432979,11/05/26,9:56:34
28542,0.13,28.542,126.12991381122556,13629040316,2026-05-11 09:57:02.974979,11/05/26,9:57:2
28787,0.12,28.787,125.05644909160385,13629069103,2026-05-11 09:57:31.761979,11/05/26,9:57:31
29997,0.12,29.997,120.01200120012001,13629099100,2026-05-11 09:58:01.758979,11/05/26,9:58:1
29452,0.12,29.452,122.23278554936846,13629128552,2026-05-11 09:58:31.210979,11/05/26,9:58:31
29665,0.12,29.665,121.35513231080398,13629158217,2026-05-11 09:59:00.875979,11/05/26,9:59:0
28303,0.13,28.303,127.1949969967848,13629186520,2026-05-11 09:59:29.178979,11/05/26,9:59:29
28798,0.12,28.798,125.00868115841378,13629215318,2026-05-11 09:59:57.976979,11/05/26,9:59:57
28358,0.13,28.358,126.94830382960717,13629243676,2026-05-11 10:00:26.334979,11/05/26,10:0:26
28448,0.13,28.448,126.5466816647919,13629272124,2026-05-11 10:00:54.782979,11/05/26,10:0:54
27813,0.13,27.813,129.43587531010678,13629299937,2026-05-11 10:01:22.595979,11/05/26,10:1:22
28322,0.13,28.322,127.10966739637031,13629328259,2026-05-11 10:01:50.917979,11/05/26,10:1:50
28293,0.13,28.293,127.23995334535044,13629356552,2026-05-11 10:02:19.210979,11/05/26,10:2:19
28343,0.13,28.343,127.01548883322161,13629384895,2026-05-11 10:02:47.553979,11/05/26,10:2:47
28394,0.13,28.394,126.78734944002254,13629413289,2026-05-11 10:03:15.947979,11/05/26,10:3:15
27948,0.13,27.948,128.81064834693,13629441237,2026-05-11 10:03:43.895979,11/05/26,10:3:43
28060,0.13,28.06,128.29650748396293,13629469297,2026-05-11 10:04:11.955979,11/05/26,10:4:11
28113,0.13,28.113,128.05463664496853,13629497410,2026-05-11 10:04:40.068979,11/05/26,10:4:40
27845,0.13,27.845,129.28712515711976,13629525255,2026-05-11 10:05:07.913979,11/05/26,10:5:7
27602,0.13,27.602,130.42533149771756,13629552857,2026-05-11 10:05:35.515979,11/05/26,10:5:35
28204,0.13,28.204,127.64146929513544,13629581061,2026-05-11 10:06:03.719979,11/05/26,10:6:3
28316,0.13,28.316,127.13660121486086,13629609377,2026-05-11 10:06:32.035979,11/05/26,10:6:32
27210,0.13,27.21,132.3042998897464,13629636587,2026-05-11 10:06:59.245979,11/05/26,10:6:59
27240,0.13,27.24,132.15859030837004,13629663827,2026-05-11 10:07:26.485979,11/05/26,10:7:26
27573,0.13,27.573,130.56250680013056,13629691400,2026-05-11 10:07:54.058979,11/05/26,10:7:54
27740,0.13,27.74,129.77649603460708,13629719140,2026-05-11 10:08:21.798979,11/05/26,10:8:21
27321,0.13,27.321,131.76677281212255,13629746461,2026-05-11 10:08:49.119979,11/05/26,10:8:49
27985,0.13,27.985,128.6403430409148,13629774446,2026-05-11 10:09:17.104979,11/05/26,10:9:17
27867,0.13,27.867,129.18505759500485,13629802313,2026-05-11 10:09:44.971979,11/05/26,10:9:44
28287,0.13,28.287,127.26694241170856,13629830600,2026-05-11 10:10:13.258979,11/05/26,10:10:13
27672,0.13,27.672,130.09540329575023,13629858272,2026-05-11 10:10:40.930979,11/05/26,10:10:40
27855,0.13,27.855,129.24071082390952,13629886127,2026-05-11 10:11:08.785979,11/05/26,10:11:8
28254,0.13,28.254,127.41558717349756,13629914381,2026-05-11 10:11:37.039979,11/05/26,10:11:37
28580,0.12,28.58,125.96221133659903,13629942961,2026-05-11 10:12:05.619979,11/05/26,10:12:5
28714,0.12,28.714,125.37438183464512,13629971675,2026-05-11 10:12:34.333979,11/05/26,10:12:34
28551,0.13,28.551,126.09015446043921,13630000226,2026-05-11 10:13:02.884979,11/05/26,10:13:2
28364,0.13,28.364,126.92144972500353,13630028590,2026-05-11 10:13:31.248979,11/05/26,10:13:31
28507,0.13,28.507,126.28477216122356,13630057097,2026-05-11 10:13:59.755979,11/05/26,10:13:59
28128,0.13,28.128,127.9863481228669,13630085225,2026-05-11 10:14:27.883979,11/05/26,10:14:27
28623,0.12,28.623,125.77297977151242,13630113848,2026-05-11 10:14:56.506979,11/05/26,10:14:56
27908,0.13,27.908,128.99527017342697,13630141756,2026-05-11 10:15:24.414979,11/05/26,10:15:24
28536,0.13,28.536,126.15643397813288,13630170292,2026-05-11 10:15:52.950979,11/05/26,10:15:52
27711,0.13,27.711,129.91230919129586,13630198003,2026-05-11 10:16:20.661979,11/05/26,10:16:20
27880,0.13,27.88,129.1248206599713,13630225883,2026-05-11 10:16:48.541979,11/05/26,10:16:48
28154,0.13,28.154,127.86815372593593,13630254037,2026-05-11 10:17:16.695979,11/05/26,10:17:16
28360,0.13,28.36,126.93935119887165,13630282397,2026-05-11 10:17:45.055979,11/05/26,10:17:45
28035,0.13,28.035,128.41091492776886,13630310432,2026-05-11 10:18:13.090979,11/05/26,10:18:13
28276,0.13,28.276,127.31645211486773,13630338708,2026-05-11 10:18:41.366979,11/05/26,10:18:41
28141,0.13,28.141,127.92722362389397,13630366849,2026-05-11 10:19:09.507979,11/05/26,10:19:9
28208,0.13,28.208,127.62336925694838,13630395057,2026-05-11 10:19:37.715979,11/05/26,10:19:37
27952,0.13,27.952,128.7922152261019,13630423009,2026-05-11 10:20:05.667979,11/05/26,10:20:5
28020,0.13,28.02,128.4796573875803,13630451029,2026-05-11 10:20:33.687979,11/05/26,10:20:33
28428,0.13,28.428,126.6357112705783,13630479457,2026-05-11 10:21:02.115979,11/05/26,10:21:2
28144,0.13,28.144,127.91358726549176,13630507601,2026-05-11 10:21:30.259979,11/05/26,10:21:30
28301,0.13,28.301,127.20398572488605,13630535902,2026-05-11 10:21:58.560979,11/05/26,10:21:58
28281,0.13,28.281,127.29394292988225,13630564183,2026-05-11 10:22:26.841979,11/05/26,10:22:26
28257,0.13,28.257,127.40205966663127,13630592440,2026-05-11 10:22:55.098979,11/05/26,10:22:55
27748,0.13,27.748,129.73908029407525,13630620188,2026-05-11 10:23:22.846979,11/05/26,10:23:22
28062,0.13,28.062,128.2873636946761,13630648250,2026-05-11 10:23:50.908979,11/05/26,10:23:50
28199,0.13,28.199,127.66410156388524,13630676449,2026-05-11 10:24:19.107979,11/05/26,10:24:19
27803,0.13,27.803,129.48242995360212,13630704252,2026-05-11 10:24:46.910979,11/05/26,10:24:46
27592,0.13,27.592,130.4726007538417,13630731844,2026-05-11 10:25:14.502979,11/05/26,10:25:14
27725,0.13,27.725,129.8467087466186,13630759569,2026-05-11 10:25:42.227979,11/05/26,10:25:42
27637,0.13,27.637,130.2601584831928,13630787206,2026-05-11 10:26:09.864979,11/05/26,10:26:9
27629,0.13,27.629,130.29787542075357,13630814835,2026-05-11 10:26:37.493979,11/05/26,10:26:37
27900,0.13,27.9,129.03225806451613,13630842735,2026-05-11 10:27:05.393979,11/05/26,10:27:5
28115,0.13,28.115,128.04552729859506,13630870850,2026-05-11 10:27:33.508979,11/05/26,10:27:33
28117,0.13,28.117,128.0364192481417,13630898967,2026-05-11 10:28:01.625979,11/05/26,10:28:1
28054,0.13,28.054,128.32394667427104,13630927021,2026-05-11 10:28:29.679979,11/05/26,10:28:29
28254,0.13,28.254,127.41558717349756,13630955275,2026-05-11 10:28:57.933979,11/05/26,10:28:57
27946,0.13,27.946,128.81986688613756,13630983221,2026-05-11 10:29:25.879979,11/05/26,10:29:25
28205,0.13,28.205,127.63694380429001,13631011426,2026-05-11 10:29:54.084979,11/05/26,10:29:54
28203,0.13,28.203,127.64599510690353,13631039629,2026-05-11 10:30:22.287979,11/05/26,10:30:22
28384,0.13,28.384,126.83201803833146,13631068013,2026-05-11 10:30:50.671979,11/05/26,10:30:50
28794,0.12,28.794,125.0260470931444,13631096807,2026-05-11 10:31:19.465979,11/05/26,10:31:19
28561,0.13,28.561,126.04600679247926,13631125368,2026-05-11 10:31:48.026979,11/05/26,10:31:48
27643,0.13,27.643,130.2318851065369,13631153011,2026-05-11 10:32:15.669979,11/05/26,10:32:15
27997,0.13,27.997,128.58520555773833,13631181008,2026-05-11 10:32:43.666979,11/05/26,10:32:43
27293,0.13,27.293,131.90195288169127,13631208301,2026-05-11 10:33:10.959979,11/05/26,10:33:10
27743,0.13,27.743,129.7624626031792,13631236044,2026-05-11 10:33:38.702979,11/05/26,10:33:38
27852,0.13,27.852,129.25463162429986,13631263896,2026-05-11 10:34:06.554979,11/05/26,10:34:6
27432,0.13,27.432,131.23359580052494,13631291328,2026-05-11 10:34:33.986979,11/05/26,10:34:33
27398,0.13,27.398,131.396452295788,13631318726,2026-05-11 10:35:01.384979,11/05/26,10:35:1
27507,0.13,27.507,130.8757770749264,13631346233,2026-05-11 10:35:28.891979,11/05/26,10:35:28
27473,0.13,27.473,131.0377461507662,13631373706,2026-05-11 10:35:56.364979,11/05/26,10:35:56
27259,0.13,27.259,132.06647345830734,13631400965,2026-05-11 10:36:23.623979,11/05/26,10:36:23
27066,0.13,27.066,133.0082021724673,13631428031,2026-05-11 10:36:50.689979,11/05/26,10:36:50
27303,0.13,27.303,131.85364245687288,13631455334,2026-05-11 10:37:17.992979,11/05/26,10:37:17
26968,0.13,26.968,133.49154553544943,13631482302,2026-05-11 10:37:44.960979,11/05/26,10:37:44
26536,0.14,26.536,135.66475731082303,13631508838,2026-05-11 10:38:11.496979,11/05/26,10:38:11
26850,0.13,26.85,134.0782122905028,13631535688,2026-05-11 10:38:38.346979,11/05/26,10:38:38
22676,0.16,22.676,158.7581584053625,13631558364,2026-05-11 10:39:01.022979,11/05/26,10:39:1
16497,0.22,16.497,218.2214948172395,13631574861,2026-05-11 10:39:17.519979,11/05/26,10:39:17
16984,0.21,16.984,211.9642016015073,13631591845,2026-05-11 10:39:34.503979,11/05/26,10:39:34
17159,0.21,17.159,209.80243603939624,13631609004,2026-05-11 10:39:51.662979,11/05/26,10:39:51
17246,0.21,17.246,208.74405659283312,13631626250,2026-05-11 10:40:08.908979,11/05/26,10:40:8
17355,0.21,17.355,207.43301642178048,13631643605,2026-05-11 10:40:26.263979,11/05/26,10:40:26
17406,0.21,17.406,206.82523267838675,13631661011,2026-05-11 10:40:43.669979,11/05/26,10:40:43
17496,0.2,17.496,205.76131687242798,13631678507,2026-05-11 10:41:01.165979,11/05/26,10:41:1
17535,0.2,17.535,205.30367835757056,13631696042,2026-05-11 10:41:18.700979,11/05/26,10:41:18
17678,0.2,17.678,203.6429460346193,13631713720,2026-05-11 10:41:36.378979,11/05/26,10:41:36
17757,0.2,17.757,202.73694880892043,13631731477,2026-05-11 10:41:54.135979,11/05/26,10:41:54
17748,0.2,17.748,202.83975659229208,13631749225,2026-05-11 10:42:11.883979,11/05/26,10:42:11
17899,0.2,17.899,201.12855466785854,13631767124,2026-05-11 10:42:29.782979,11/05/26,10:42:29
18396,0.19,18.396,195.69471624266146,13631785520,2026-05-11 10:42:48.178979,11/05/26,10:42:48
18399,0.19,18.399,195.66280776129136,13631803919,2026-05-11 10:43:06.577979,11/05/26,10:43:6
18509,0.19,18.509,194.49997298611487,13631822428,2026-05-11 10:43:25.086979,11/05/26,10:43:25
18882,0.19,18.882,190.65776930409913,13631841310,2026-05-11 10:43:43.968979,11/05/26,10:43:43
18743,0.19,18.743,192.07170677052767,13631860053,2026-05-11 10:44:02.711979,11/05/26,10:44:2
18880,0.19,18.88,190.67796610169492,13631878933,2026-05-11 10:44:21.591979,11/05/26,10:44:21
19130,0.19,19.13,188.18609513852587,13631898063,2026-05-11 10:44:40.721979,11/05/26,10:44:40
19039,0.19,19.039,189.08556121645046,13631917102,2026-05-11 10:44:59.760979,11/05/26,10:44:59
18965,0.19,18.965,189.82335881887687,13631936067,2026-05-11 10:45:18.725979,11/05/26,10:45:18
18977,0.19,18.977,189.70332507772568,13631955044,2026-05-11 10:45:37.702979,11/05/26,10:45:37
19179,0.19,19.179,187.70530267480055,13631974223,2026-05-11 10:45:56.881979,11/05/26,10:45:56
19103,0.19,19.103,188.45207559022143,13631993326,2026-05-11 10:46:15.984979,11/05/26,10:46:15
18799,0.19,18.799,191.4995478482898,13632012125,2026-05-11 10:46:34.783979,11/05/26,10:46:34
26196,0.14,26.196,137.42556115437472,13632038321,2026-05-11 10:47:00.979979,11/05/26,10:47:0
29636,0.12,29.636,121.47388311513025,13632067957,2026-05-11 10:47:30.615979,11/05/26,10:47:30
29126,0.12,29.126,123.60090640664698,13632097083,2026-05-11 10:47:59.741979,11/05/26,10:47:59
29191,0.12,29.191,123.32568257339591,13632126274,2026-05-11 10:48:28.932979,11/05/26,10:48:28
29521,0.12,29.521,121.94708851326175,13632155795,2026-05-11 10:48:58.453979,11/05/26,10:48:58
29221,0.12,29.221,123.19906916258854,13632185016,2026-05-11 10:49:27.674979,11/05/26,10:49:27
29305,0.12,29.305,122.84593072854462,13632214321,2026-05-11 10:49:56.979979,11/05/26,10:49:56
27886,0.13,27.886,129.09703794018503,13632242207,2026-05-11 10:50:24.865979,11/05/26,10:50:24
28663,0.12,28.663,125.59746014025049,13632270870,2026-05-11 10:50:53.528979,11/05/26,10:50:53
29075,0.12,29.075,123.8177128116939,13632299945,2026-05-11 10:51:22.603979,11/05/26,10:51:22
28063,0.13,28.063,128.2827922887788,13632328008,2026-05-11 10:51:50.666979,11/05/26,10:51:50
29065,0.12,29.065,123.86031309134698,13632357073,2026-05-11 10:52:19.731979,11/05/26,10:52:19
29336,0.12,29.336,122.71611671666213,13632386409,2026-05-11 10:52:49.067979,11/05/26,10:52:49
8606,0.42,8.606,418.3128050197537,13632395015,2026-05-11 10:52:57.673979,11/05/26,10:52:57
2456,1.47,2.456,1465.798045602606,13632397471,2026-05-11 10:53:00.129979,11/05/26,10:53:0
2484,1.45,2.484,1449.2753623188405,13632399955,2026-05-11 10:53:02.613979,11/05/26,10:53:2
2491,1.45,2.491,1445.2027298273786,13632402446,2026-05-11 10:53:05.104979,11/05/26,10:53:5
2508,1.43,2.508,1435.4066985645934,13632404954,2026-05-11 10:53:07.612979,11/05/26,10:53:7
2508,1.43,2.508,1435.4066985645934,13632407462,2026-05-11 10:53:10.120979,11/05/26,10:53:10
2510,1.43,2.51,1434.2629482071713,13632409972,2026-05-11 10:53:12.630979,11/05/26,10:53:12
2494,1.44,2.494,1443.4643143544506,13632412466,2026-05-11 10:53:15.124979,11/05/26,10:53:15
2506,1.44,2.506,1436.5522745411013,13632414972,2026-05-11 10:53:17.630979,11/05/26,10:53:17
2515,1.43,2.515,1431.4115308151092,13632417487,2026-05-11 10:53:20.145979,11/05/26,10:53:20
2512,1.43,2.512,1433.1210191082803,13632419999,2026-05-11 10:53:22.657979,11/05/26,10:53:22
2521,1.43,2.521,1428.0047600158666,13632422520,2026-05-11 10:53:25.178979,11/05/26,10:53:25
2510,1.43,2.51,1434.2629482071713,13632425030,2026-05-11 10:53:27.688979,11/05/26,10:53:27
2514,1.43,2.514,1431.980906921241,13632427544,2026-05-11 10:53:30.202979,11/05/26,10:53:30
2520,1.43,2.52,1428.5714285714287,13632430064,2026-05-11 10:53:32.722979,11/05/26,10:53:32
2522,1.43,2.522,1427.4385408406026,13632432586,2026-05-11 10:53:35.244979,11/05/26,10:53:35
2521,1.43,2.521,1428.0047600158666,13632435107,2026-05-11 10:53:37.765979,11/05/26,10:53:37
2517,1.43,2.517,1430.274135876043,13632437624,2026-05-11 10:53:40.282979,11/05/26,10:53:40
2523,1.43,2.523,1426.872770511296,13632440147,2026-05-11 10:53:42.805979,11/05/26,10:53:42
2521,1.43,2.521,1428.0047600158666,13632442668,2026-05-11 10:53:45.326979,11/05/26,10:53:45
2516,1.43,2.516,1430.8426073131955,13632445184,2026-05-11 10:53:47.842979,11/05/26,10:53:47
2513,1.43,2.513,1432.550736171906,13632447697,2026-05-11 10:53:50.355979,11/05/26,10:53:50
2514,1.43,2.514,1431.980906921241,13632450211,2026-05-11 10:53:52.869979,11/05/26,10:53:52
2510,1.43,2.51,1434.2629482071713,13632452721,2026-05-11 10:53:55.379979,11/05/26,10:53:55
2512,1.43,2.512,1433.1210191082803,13632455233,2026-05-11 10:53:57.891979,11/05/26,10:53:57
2505,1.44,2.505,1437.125748502994,13632457738,2026-05-11 10:54:00.396979,11/05/26,10:54:0
2505,1.44,2.505,1437.125748502994,13632460243,2026-05-11 10:54:02.901979,11/05/26,10:54:2
2505,1.44,2.505,1437.125748502994,13632462748,2026-05-11 10:54:05.406979,11/05/26,10:54:5
2506,1.44,2.506,1436.5522745411013,13632465254,2026-05-11 10:54:07.912979,11/05/26,10:54:7
2506,1.44,2.506,1436.5522745411013,13632467760,2026-05-11 10:54:10.418979,11/05/26,10:54:10
2501,1.44,2.501,1439.4242303078768,13632470261,2026-05-11 10:54:12.919979,11/05/26,10:54:12
2505,1.44,2.505,1437.125748502994,13632472766,2026-05-11 10:54:15.424979,11/05/26,10:54:15
2504,1.44,2.504,1437.6996805111821,13632475270,2026-05-11 10:54:17.928979,11/05/26,10:54:17
2507,1.43,2.507,1435.9792580773833,13632477777,2026-05-11 10:54:20.435979,11/05/26,10:54:20
2509,1.43,2.509,1434.8345954563572,13632480286,2026-05-11 10:54:22.944979,11/05/26,10:54:22
2509,1.43,2.509,1434.8345954563572,13632482795,2026-05-11 10:54:25.453979,11/05/26,10:54:25
2511,1.43,2.511,1433.6917562724013,13632485306,2026-05-11 10:54:27.964979,11/05/26,10:54:27
2510,1.43,2.51,1434.2629482071713,13632487816,2026-05-11 10:54:30.474979,11/05/26,10:54:30
2507,1.43,2.507,1435.9792580773833,13632490323,2026-05-11 10:54:32.981979,11/05/26,10:54:32
2501,1.44,2.501,1439.4242303078768,13632492824,2026-05-11 10:54:35.482979,11/05/26,10:54:35
2505,1.44,2.505,1437.125748502994,13632495329,2026-05-11 10:54:37.987979,11/05/26,10:54:37
2511,1.43,2.511,1433.6917562724013,13632497840,2026-05-11 10:54:40.498979,11/05/26,10:54:40
2528,1.42,2.528,1424.0506329113923,13632500368,2026-05-11 10:54:43.026979,11/05/26,10:54:43
2521,1.43,2.521,1428.0047600158666,13632502889,2026-05-11 10:54:45.547979,11/05/26,10:54:45
2520,1.43,2.52,1428.5714285714287,13632505409,2026-05-11 10:54:48.067979,11/05/26,10:54:48
2519,1.43,2.519,1429.1385470424773,13632507928,2026-05-11 10:54:50.586979,11/05/26,10:54:50
2519,1.43,2.519,1429.1385470424773,13632510447,2026-05-11 10:54:53.105979,11/05/26,10:54:53
2522,1.43,2.522,1427.4385408406026,13632512969,2026-05-11 10:54:55.627979,11/05/26,10:54:55
2518,1.43,2.518,1429.7061159650516,13632515487,2026-05-11 10:54:58.145979,11/05/26,10:54:58
2514,1.43,2.514,1431.980906921241,13632518001,2026-05-11 10:55:00.659979,11/05/26,10:55:0
2517,1.43,2.517,1430.274135876043,13632520518,2026-05-11 10:55:03.176979,11/05/26,10:55:3
2507,1.43,2.507,1435.9792580773833,13632523025,2026-05-11 10:55:05.683979,11/05/26,10:55:5
2514,1.43,2.514,1431.980906921241,13632525539,2026-05-11 10:55:08.197979,11/05/26,10:55:8
2507,1.43,2.507,1435.9792580773833,13632528046,2026-05-11 10:55:10.704979,11/05/26,10:55:10
2507,1.43,2.507,1435.9792580773833,13632530553,2026-05-11 10:55:13.211979,11/05/26,10:55:13
2513,1.43,2.513,1432.550736171906,13632533066,2026-05-11 10:55:15.724979,11/05/26,10:55:15
2514,1.43,2.514,1431.980906921241,13632535580,2026-05-11 10:55:18.238979,11/05/26,10:55:18
2516,1.43,2.516,1430.8426073131955,13632538096,2026-05-11 10:55:20.754979,11/05/26,10:55:20
2520,1.43,2.52,1428.5714285714287,13632540616,2026-05-11 10:55:23.274979,11/05/26,10:55:23
2507,1.43,2.507,1435.9792580773833,13632543123,2026-05-11 10:55:25.781979,11/05/26,10:55:25
2509,1.43,2.509,1434.8345954563572,13632545632,2026-05-11 10:55:28.290979,11/05/26,10:55:28
2511,1.43,2.511,1433.6917562724013,13632548143,2026-05-11 10:55:30.801979,11/05/26,10:55:30
2492,1.44,2.492,1444.6227929373997,13632550635,2026-05-11 10:55:33.293979,11/05/26,10:55:33
2492,1.44,2.492,1444.6227929373997,13632553127,2026-05-11 10:55:35.785979,11/05/26,10:55:35
2490,1.45,2.49,1445.7831325301204,13632555617,2026-05-11 10:55:38.275979,11/05/26,10:55:38
2486,1.45,2.486,1448.1094127111826,13632558103,2026-05-11 10:55:40.761979,11/05/26,10:55:40
2496,1.44,2.496,1442.3076923076924,13632560599,2026-05-11 10:55:43.257979,11/05/26,10:55:43
2495,1.44,2.495,1442.885771543086,13632563094,2026-05-11 10:55:45.752979,11/05/26,10:55:45
2500,1.44,2.5,1440.0,13632565594,2026-05-11 10:55:48.252979,11/05/26,10:55:48
2519,1.43,2.519,1429.1385470424773,13632568113,2026-05-11 10:55:50.771979,11/05/26,10:55:50
2513,1.43,2.513,1432.550736171906,13632570626,2026-05-11 10:55:53.284979,11/05/26,10:55:53
2502,1.44,2.502,1438.8489208633093,13632573128,2026-05-11 10:55:55.786979,11/05/26,10:55:55
2507,1.43,2.507,1435.9792580773833,13632575635,2026-05-11 10:55:58.293979,11/05/26,10:55:58
2498,1.44,2.498,1441.1529223378702,13632578133,2026-05-11 10:56:00.791979,11/05/26,10:56:0
2505,1.44,2.505,1437.125748502994,13632580638,2026-05-11 10:56:03.296979,11/05/26,10:56:3
2573,1.4,2.573,1399.1449669646327,13632583211,2026-05-11 10:56:05.869979,11/05/26,10:56:5
4896,0.74,4.896,735.2941176470588,13632588107,2026-05-11 10:56:10.765979,11/05/26,10:56:10
2488,1.45,2.488,1446.9453376205788,13632590595,2026-05-11 10:56:13.253979,11/05/26,10:56:13
2483,1.45,2.483,1449.859041482078,13632593078,2026-05-11 10:56:15.736979,11/05/26,10:56:15
2483,1.45,2.483,1449.859041482078,13632595561,2026-05-11 10:56:18.219979,11/05/26,10:56:18
2484,1.45,2.484,1449.2753623188405,13632598045,2026-05-11 10:56:20.703979,11/05/26,10:56:20
2479,1.45,2.479,1452.1984671238401,13632600524,2026-05-11 10:56:23.182979,11/05/26,10:56:23
2868,1.25,2.868,1255.2301255230125,13632603392,2026-05-11 10:56:26.050979,11/05/26,10:56:26
4620,0.78,4.62,779.2207792207793,13632608012,2026-05-11 10:56:30.670979,11/05/26,10:56:30
2472,1.46,2.472,1456.3106796116506,13632610484,2026-05-11 10:56:33.142979,11/05/26,10:56:33
2471,1.46,2.471,1456.9000404694455,13632612955,2026-05-11 10:56:35.613979,11/05/26,10:56:35
2481,1.45,2.481,1451.0278113663844,13632615436,2026-05-11 10:56:38.094979,11/05/26,10:56:38
2489,1.45,2.489,1446.364001607071,13632617925,2026-05-11 10:56:40.583979,11/05/26,10:56:40
2482,1.45,2.482,1450.4431909750201,13632620407,2026-05-11 10:56:43.065979,11/05/26,10:56:43
5007,0.72,5.007,718.9934092270821,13632625414,2026-05-11 10:56:48.072979,11/05/26,10:56:48
2489,1.45,2.489,1446.364001607071,13632627903,2026-05-11 10:56:50.561979,11/05/26,10:56:50
2478,1.45,2.478,1452.7845036319613,13632630381,2026-05-11 10:56:53.039979,11/05/26,10:56:53
2474,1.46,2.474,1455.1333872271625,13632632855,2026-05-11 10:56:55.513979,11/05/26,10:56:55
2488,1.45,2.488,1446.9453376205788,13632635343,2026-05-11 10:56:58.001979,11/05/26,10:56:58
2816,1.28,2.816,1278.409090909091,13632638159,2026-05-11 10:57:00.817979,11/05/26,10:57:0
4709,0.76,4.709,764.4935230409853,13632642868,2026-05-11 10:57:05.526979,11/05/26,10:57:5
2511,1.43,2.511,1433.6917562724013,13632645379,2026-05-11 10:57:08.037979,11/05/26,10:57:8
2502,1.44,2.502,1438.8489208633093,13632647881,2026-05-11 10:57:10.539979,11/05/26,10:57:10
2502,1.44,2.502,1438.8489208633093,13632650383,2026-05-11 10:57:13.041979,11/05/26,10:57:13
2504,1.44,2.504,1437.6996805111821,13632652887,2026-05-11 10:57:15.545979,11/05/26,10:57:15
4920,0.73,4.92,731.7073170731708,13632657807,2026-05-11 10:57:20.465979,11/05/26,10:57:20
2716,1.33,2.716,1325.4786450662739,13632660523,2026-05-11 10:57:23.181979,11/05/26,10:57:23
2493,1.44,2.493,1444.043321299639,13632663016,2026-05-11 10:57:25.674979,11/05/26,10:57:25
2510,1.43,2.51,1434.2629482071713,13632665526,2026-05-11 10:57:28.184979,11/05/26,10:57:28
2514,1.43,2.514,1431.980906921241,13632668040,2026-05-11 10:57:30.698979,11/05/26,10:57:30
4074,0.88,4.074,883.6524300441827,13632672114,2026-05-11 10:57:34.772979,11/05/26,10:57:34
3614,1.0,3.614,996.1261759822911,13632675728,2026-05-11 10:57:38.386979,11/05/26,10:57:38
2523,1.43,2.523,1426.872770511296,13632678251,2026-05-11 10:57:40.909979,11/05/26,10:57:40
2522,1.43,2.522,1427.4385408406026,13632680773,2026-05-11 10:57:43.431979,11/05/26,10:57:43
2521,1.43,2.521,1428.0047600158666,13632683294,2026-05-11 10:57:45.952979,11/05/26,10:57:45
2650,1.36,2.65,1358.4905660377358,13632685944,2026-05-11 10:57:48.602979,11/05/26,10:57:48
5194,0.69,5.194,693.107431651906,13632691138,2026-05-11 10:57:53.796979,11/05/26,10:57:53
2514,1.43,2.514,1431.980906921241,13632693652,2026-05-11 10:57:56.310979,11/05/26,10:57:56
2518,1.43,2.518,1429.7061159650516,13632696170,2026-05-11 10:57:58.828979,11/05/26,10:57:58
2515,1.43,2.515,1431.4115308151092,13632698685,2026-05-11 10:58:01.343979,11/05/26,10:58:1
2522,1.43,2.522,1427.4385408406026,13632701207,2026-05-11 10:58:03.865979,11/05/26,10:58:3
5250,0.69,5.25,685.7142857142857,13632706457,2026-05-11 10:58:09.115979,11/05/26,10:58:9
2545,1.41,2.545,1414.5383104125738,13632709002,2026-05-11 10:58:11.660979,11/05/26,10:58:11
2522,1.43,2.522,1427.4385408406026,13632711524,2026-05-11 10:58:14.182979,11/05/26,10:58:14
2525,1.42,2.525,1425.7425742574258,13632714049,2026-05-11 10:58:16.707979,11/05/26,10:58:16
2526,1.42,2.526,1425.1781472684086,13632716575,2026-05-11 10:58:19.233979,11/05/26,10:58:19
5300,0.68,5.3,679.2452830188679,13632721875,2026-05-11 10:58:24.533979,11/05/26,10:58:24
2523,1.43,2.523,1426.872770511296,13632724398,2026-05-11 10:58:27.056979,11/05/26,10:58:27
2524,1.43,2.524,1426.3074484944532,13632726922,2026-05-11 10:58:29.580979,11/05/26,10:58:29
2513,1.43,2.513,1432.550736171906,13632729435,2026-05-11 10:58:32.093979,11/05/26,10:58:32
2845,1.26,2.845,1265.377855887522,13632732280,2026-05-11 10:58:34.938979,11/05/26,10:58:34
5038,0.71,5.038,714.5692735212386,13632737318,2026-05-11 10:58:39.976979,11/05/26,10:58:39
2520,1.43,2.52,1428.5714285714287,13632739838,2026-05-11 10:58:42.496979,11/05/26,10:58:42
2505,1.44,2.505,1437.125748502994,13632742343,2026-05-11 10:58:45.001979,11/05/26,10:58:45
2517,1.43,2.517,1430.274135876043,13632744860,2026-05-11 10:58:47.518979,11/05/26,10:58:47
4090,0.88,4.09,880.1955990220049,13632748950,2026-05-11 10:58:51.608979,11/05/26,10:58:51
3793,0.95,3.793,949.1167940943844,13632752743,2026-05-11 10:58:55.401979,11/05/26,10:58:55
2517,1.43,2.517,1430.274135876043,13632755260,2026-05-11 10:58:57.918979,11/05/26,10:58:57
2519,1.43,2.519,1429.1385470424773,13632757779,2026-05-11 10:59:00.437979,11/05/26,10:59:0
2521,1.43,2.521,1428.0047600158666,13632760300,2026-05-11 10:59:02.958979,11/05/26,10:59:2
5420,0.66,5.42,664.2066420664206,13632765720,2026-05-11 10:59:08.378979,11/05/26,10:59:8
2508,1.43,2.508,1435.4066985645934,13632768228,2026-05-11 10:59:10.886979,11/05/26,10:59:10
2505,1.44,2.505,1437.125748502994,13632770733,2026-05-11 10:59:13.391979,11/05/26,10:59:13
2492,1.44,2.492,1444.6227929373997,13632773225,2026-05-11 10:59:15.883979,11/05/26,10:59:15
3127,1.15,3.127,1151.2631915574032,13632776352,2026-05-11 10:59:19.010979,11/05/26,10:59:19
4840,0.74,4.84,743.801652892562,13632781192,2026-05-11 10:59:23.850979,11/05/26,10:59:23
2499,1.44,2.499,1440.5762304921968,13632783691,2026-05-11 10:59:26.349979,11/05/26,10:59:26
2507,1.43,2.507,1435.9792580773833,13632786198,2026-05-11 10:59:28.856979,11/05/26,10:59:28
2518,1.43,2.518,1429.7061159650516,13632788716,2026-05-11 10:59:31.374979,11/05/26,10:59:31
5042,0.71,5.042,714.0023800079333,13632793758,2026-05-11 10:59:36.416979,11/05/26,10:59:36
2750,1.31,2.75,1309.090909090909,13632796508,2026-05-11 10:59:39.166979,11/05/26,10:59:39
2417,1.49,2.417,1489.4497310715763,13632798925,2026-05-11 10:59:41.583979,11/05/26,10:59:41
2409,1.49,2.409,1494.3960149439602,13632801334,2026-05-11 10:59:43.992979,11/05/26,10:59:43
2590,1.39,2.59,1389.96138996139,13632803924,2026-05-11 10:59:46.582979,11/05/26,10:59:46
5128,0.7,5.128,702.0280811232449,13632809052,2026-05-11 10:59:51.710979,11/05/26,10:59:51
2411,1.49,2.411,1493.1563666528411,13632811463,2026-05-11 10:59:54.121979,11/05/26,10:59:54
2414,1.49,2.414,1491.3007456503728,13632813877,2026-05-11 10:59:56.535979,11/05/26,10:59:56
2421,1.49,2.421,1486.988847583643,13632816298,2026-05-11 10:59:58.956979,11/05/26,10:59:58
2431,1.48,2.431,1480.8720691073631,13632818729,2026-05-11 11:00:01.387979,11/05/26,11:0:1
4675,0.77,4.675,770.0534759358288,13632823404,2026-05-11 11:00:06.062979,11/05/26,11:0:6
3576,1.01,3.576,1006.7114093959732,13632826980,2026-05-11 11:00:09.638979,11/05/26,11:0:9
2424,1.49,2.424,1485.148514851485,13632829404,2026-05-11 11:00:12.062979,11/05/26,11:0:12
2431,1.48,2.431,1480.8720691073631,13632831835,2026-05-11 11:00:14.493979,11/05/26,11:0:14
2423,1.49,2.423,1485.7614527445317,13632834258,2026-05-11 11:00:16.916979,11/05/26,11:0:16
4806,0.75,4.806,749.0636704119851,13632839064,2026-05-11 11:00:21.722979,11/05/26,11:0:21
3188,1.13,3.188,1129.2346298619825,13632842252,2026-05-11 11:00:24.910979,11/05/26,11:0:24
2426,1.48,2.426,1483.924154987634,13632844678,2026-05-11 11:00:27.336979,11/05/26,11:0:27
2432,1.48,2.432,1480.2631578947369,13632847110,2026-05-11 11:00:29.768979,11/05/26,11:0:29
2637,1.37,2.637,1365.1877133105802,13632849747,2026-05-11 11:00:32.405979,11/05/26,11:0:32
5521,0.65,5.521,652.0557869951095,13632855268,2026-05-11 11:00:37.926979,11/05/26,11:0:37
2528,1.42,2.528,1424.0506329113923,13632857796,2026-05-11 11:00:40.454979,11/05/26,11:0:40
2544,1.41,2.544,1415.0943396226414,13632860340,2026-05-11 11:00:42.998979,11/05/26,11:0:42
2538,1.42,2.538,1418.4397163120568,13632862878,2026-05-11 11:00:45.536979,11/05/26,11:0:45
4813,0.75,4.813,747.9742364429669,13632867691,2026-05-11 11:00:50.349979,11/05/26,11:0:50
3565,1.01,3.565,1009.8176718092567,13632871256,2026-05-11 11:00:53.914979,11/05/26,11:0:53
2518,1.43,2.518,1429.7061159650516,13632873774,2026-05-11 11:00:56.432979,11/05/26,11:0:56
2523,1.43,2.523,1426.872770511296,13632876297,2026-05-11 11:00:58.955979,11/05/26,11:0:58
3110,1.16,3.11,1157.556270096463,13632879407,2026-05-11 11:01:02.065979,11/05/26,11:1:2
5154,0.7,5.154,698.4866123399302,13632884561,2026-05-11 11:01:07.219979,11/05/26,11:1:7
2518,1.43,2.518,1429.7061159650516,13632887079,2026-05-11 11:01:09.737979,11/05/26,11:1:9
2525,1.42,2.525,1425.7425742574258,13632889604,2026-05-11 11:01:12.262979,11/05/26,11:1:12
2526,1.42,2.526,1425.1781472684086,13632892130,2026-05-11 11:01:14.788979,11/05/26,11:1:14
5712,0.63,5.712,630.2521008403361,13632897842,2026-05-11 11:01:20.500979,11/05/26,11:1:20
2614,1.38,2.614,1377.1996939556236,13632900456,2026-05-11 11:01:23.114979,11/05/26,11:1:23
2527,1.42,2.527,1424.6141669964384,13632902983,2026-05-11 11:01:25.641979,11/05/26,11:1:25
2523,1.43,2.523,1426.872770511296,13632905506,2026-05-11 11:01:28.164979,11/05/26,11:1:28
5264,0.68,5.264,683.8905775075988,13632910770,2026-05-11 11:01:33.428979,11/05/26,11:1:33
3012,1.2,3.012,1195.219123505976,13632913782,2026-05-11 11:01:36.440979,11/05/26,11:1:36
2526,1.42,2.526,1425.1781472684086,13632916308,2026-05-11 11:01:38.966979,11/05/26,11:1:38
2530,1.42,2.53,1422.9249011857708,13632918838,2026-05-11 11:01:41.496979,11/05/26,11:1:41
4795,0.75,4.795,750.7820646506777,13632923633,2026-05-11 11:01:46.291979,11/05/26,11:1:46
3481,1.03,3.481,1034.1855788566504,13632927114,2026-05-11 11:01:49.772979,11/05/26,11:1:49
2525,1.42,2.525,1425.7425742574258,13632929639,2026-05-11 11:01:52.297979,11/05/26,11:1:52
2521,1.43,2.521,1428.0047600158666,13632932160,2026-05-11 11:01:54.818979,11/05/26,11:1:54
4378,0.82,4.378,822.2932846048424,13632936538,2026-05-11 11:01:59.196979,11/05/26,11:1:59
3899,0.92,3.899,923.3136701718389,13632940437,2026-05-11 11:02:03.095979,11/05/26,11:2:3
2524,1.43,2.524,1426.3074484944532,13632942961,2026-05-11 11:02:05.619979,11/05/26,11:2:5
2534,1.42,2.534,1420.6787687450671,13632945495,2026-05-11 11:02:08.153979,11/05/26,11:2:8
3785,0.95,3.785,951.1228533685601,13632949280,2026-05-11 11:02:11.938979,11/05/26,11:2:11
4559,0.79,4.559,789.6468523799078,13632953839,2026-05-11 11:02:16.497979,11/05/26,11:2:16
2523,1.43,2.523,1426.872770511296,13632956362,2026-05-11 11:02:19.020979,11/05/26,11:2:19
2527,1.42,2.527,1424.6141669964384,13632958889,2026-05-11 11:02:21.547979,11/05/26,11:2:21
3475,1.03,3.475,1035.9712230215828,13632962364,2026-05-11 11:02:25.022979,11/05/26,11:2:25
4831,0.75,4.831,745.1873318153591,13632967195,2026-05-11 11:02:29.853979,11/05/26,11:2:29
2531,1.42,2.531,1422.3627024891348,13632969726,2026-05-11 11:02:32.384979,11/05/26,11:2:32
2523,1.43,2.523,1426.872770511296,13632972249,2026-05-11 11:02:34.907979,11/05/26,11:2:34
3296,1.09,3.296,1092.2330097087379,13632975545,2026-05-11 11:02:38.203979,11/05/26,11:2:38
5018,0.72,5.018,717.4172977281786,13632980563,2026-05-11 11:02:43.221979,11/05/26,11:2:43
2526,1.42,2.526,1425.1781472684086,13632983089,2026-05-11 11:02:45.747979,11/05/26,11:2:45
2527,1.42,2.527,1424.6141669964384,13632985616,2026-05-11 11:02:48.274979,11/05/26,11:2:48
3108,1.16,3.108,1158.3011583011582,13632988724,2026-05-11 11:02:51.382979,11/05/26,11:2:51
5236,0.69,5.236,687.5477463712758,13632993960,2026-05-11 11:02:56.618979,11/05/26,11:2:56
2523,1.43,2.523,1426.872770511296,13632996483,2026-05-11 11:02:59.141979,11/05/26,11:2:59
2535,1.42,2.535,1420.1183431952663,13632999018,2026-05-11 11:03:01.676979,11/05/26,11:3:1
3071,1.17,3.071,1172.256593943341,13633002089,2026-05-11 11:03:04.747979,11/05/26,11:3:4
5238,0.69,5.238,687.2852233676975,13633007327,2026-05-11 11:03:09.985979,11/05/26,11:3:9
2520,1.43,2.52,1428.5714285714287,13633009847,2026-05-11 11:03:12.505979,11/05/26,11:3:12
2517,1.43,2.517,1430.274135876043,13633012364,2026-05-11 11:03:15.022979,11/05/26,11:3:15
2994,1.2,2.994,1202.4048096192384,13633015358,2026-05-11 11:03:18.016979,11/05/26,11:3:18
5378,0.67,5.378,669.3938267013759,13633020736,2026-05-11 11:03:23.394979,11/05/26,11:3:23
2514,1.43,2.514,1431.980906921241,13633023250,2026-05-11 11:03:25.908979,11/05/26,11:3:25
2518,1.43,2.518,1429.7061159650516,13633025768,2026-05-11 11:03:28.426979,11/05/26,11:3:28
3028,1.19,3.028,1188.9035667107,13633028796,2026-05-11 11:03:31.454979,11/05/26,11:3:31
5332,0.68,5.332,675.1687921980495,13633034128,2026-05-11 11:03:36.786979,11/05/26,11:3:36
2523,1.43,2.523,1426.872770511296,13633036651,2026-05-11 11:03:39.309979,11/05/26,11:3:39
2531,1.42,2.531,1422.3627024891348,13633039182,2026-05-11 11:03:41.840979,11/05/26,11:3:41
3031,1.19,3.031,1187.726822830749,13633042213,2026-05-11 11:03:44.871979,11/05/26,11:3:44
5339,0.67,5.339,674.2835737029407,13633047552,2026-05-11 11:03:50.210979,11/05/26,11:3:50
2516,1.43,2.516,1430.8426073131955,13633050068,2026-05-11 11:03:52.726979,11/05/26,11:3:52
2513,1.43,2.513,1432.550736171906,13633052581,2026-05-11 11:03:55.239979,11/05/26,11:3:55
3165,1.14,3.165,1137.4407582938388,13633055746,2026-05-11 11:03:58.404979,11/05/26,11:3:58
5201,0.69,5.201,692.1745818111901,13633060947,2026-05-11 11:04:03.605979,11/05/26,11:4:3
2507,1.43,2.507,1435.9792580773833,13633063454,2026-05-11 11:04:06.112979,11/05/26,11:4:6
2516,1.43,2.516,1430.8426073131955,13633065970,2026-05-11 11:04:08.628979,11/05/26,11:4:8
3371,1.07,3.371,1067.9323642835955,13633069341,2026-05-11 11:04:11.999979,11/05/26,11:4:11
4998,0.72,4.998,720.2881152460984,13633074339,2026-05-11 11:04:16.997979,11/05/26,11:4:16
2509,1.43,2.509,1434.8345954563572,13633076848,2026-05-11 11:04:19.506979,11/05/26,11:4:19
2517,1.43,2.517,1430.274135876043,13633079365,2026-05-11 11:04:22.023979,11/05/26,11:4:22
3695,0.97,3.695,974.2895805142084,13633083060,2026-05-11 11:04:25.718979,11/05/26,11:4:25
4683,0.77,4.683,768.7379884689302,13633087743,2026-05-11 11:04:30.401979,11/05/26,11:4:30
2524,1.43,2.524,1426.3074484944532,13633090267,2026-05-11 11:04:32.925979,11/05/26,11:4:32
2523,1.43,2.523,1426.872770511296,13633092790,2026-05-11 11:04:35.448979,11/05/26,11:4:35
3711,0.97,3.711,970.0889248181084,13633096501,2026-05-11 11:04:39.159979,11/05/26,11:4:39
4745,0.76,4.745,758.6933614330875,13633101246,2026-05-11 11:04:43.904979,11/05/26,11:4:43
2529,1.42,2.529,1423.4875444839859,13633103775,2026-05-11 11:04:46.433979,11/05/26,11:4:46
2520,1.43,2.52,1428.5714285714287,13633106295,2026-05-11 11:04:48.953979,11/05/26,11:4:48
3949,0.91,3.949,911.6231957457584,13633110244,2026-05-11 11:04:52.902979,11/05/26,11:4:52
4462,0.81,4.462,806.8130883012102,13633114706,2026-05-11 11:04:57.364979,11/05/26,11:4:57
2522,1.43,2.522,1427.4385408406026,13633117228,2026-05-11 11:04:59.886979,11/05/26,11:4:59
2525,1.42,2.525,1425.7425742574258,13633119753,2026-05-11 11:05:02.411979,11/05/26,11:5:2
4131,0.87,4.131,871.4596949891068,13633123884,2026-05-11 11:05:06.542979,11/05/26,11:5:6
4274,0.84,4.274,842.3022929340196,13633128158,2026-05-11 11:05:10.816979,11/05/26,11:5:10
2513,1.43,2.513,1432.550736171906,13633130671,2026-05-11 11:05:13.329979,11/05/26,11:5:13
2522,1.43,2.522,1427.4385408406026,13633133193,2026-05-11 11:05:15.851979,11/05/26,11:5:15
4569,0.79,4.569,787.9185817465528,13633137762,2026-05-11 11:05:20.420979,11/05/26,11:5:20
3829,0.94,3.829,940.1932619482893,13633141591,2026-05-11 11:05:24.249979,11/05/26,11:5:24
2515,1.43,2.515,1431.4115308151092,13633144106,2026-05-11 11:05:26.764979,11/05/26,11:5:26
2514,1.43,2.514,1431.980906921241,13633146620,2026-05-11 11:05:29.278979,11/05/26,11:5:29
4720,0.76,4.72,762.7118644067797,13633151340,2026-05-11 11:05:33.998979,11/05/26,11:5:33
3778,0.95,3.778,952.8851244044467,13633155118,2026-05-11 11:05:37.776979,11/05/26,11:5:37
2527,1.42,2.527,1424.6141669964384,13633157645,2026-05-11 11:05:40.303979,11/05/26,11:5:40
2528,1.42,2.528,1424.0506329113923,13633160173,2026-05-11 11:05:42.831979,11/05/26,11:5:42
5278,0.68,5.278,682.0765441455096,13633165451,2026-05-11 11:05:48.109979,11/05/26,11:5:48
3124,1.15,3.124,1152.3687580025608,13633168575,2026-05-11 11:05:51.233979,11/05/26,11:5:51
2516,1.43,2.516,1430.8426073131955,13633171091,2026-05-11 11:05:53.749979,11/05/26,11:5:53
2519,1.43,2.519,1429.1385470424773,13633173610,2026-05-11 11:05:56.268979,11/05/26,11:5:56
5654,0.64,5.654,636.717368234878,13633179264,2026-05-11 11:06:01.922979,11/05/26,11:6:1
2762,1.3,2.762,1303.4033309196234,13633182026,2026-05-11 11:06:04.684979,11/05/26,11:6:4
2523,1.43,2.523,1426.872770511296,13633184549,2026-05-11 11:06:07.207979,11/05/26,11:6:7
2637,1.37,2.637,1365.1877133105802,13633187186,2026-05-11 11:06:09.844979,11/05/26,11:6:9
5749,0.63,5.749,626.1958601495912,13633192935,2026-05-11 11:06:15.593979,11/05/26,11:6:15
2521,1.43,2.521,1428.0047600158666,13633195456,2026-05-11 11:06:18.114979,11/05/26,11:6:18
2514,1.43,2.514,1431.980906921241,13633197970,2026-05-11 11:06:20.628979,11/05/26,11:6:20
2814,1.28,2.814,1279.3176972281449,13633200784,2026-05-11 11:06:23.442979,11/05/26,11:6:23
5570,0.65,5.57,646.3195691202873,13633206354,2026-05-11 11:06:29.012979,11/05/26,11:6:29
2508,1.43,2.508,1435.4066985645934,13633208862,2026-05-11 11:06:31.520979,11/05/26,11:6:31
2509,1.43,2.509,1434.8345954563572,13633211371,2026-05-11 11:06:34.029979,11/05/26,11:6:34
3249,1.11,3.249,1108.03324099723,13633214620,2026-05-11 11:06:37.278979,11/05/26,11:6:37
5201,0.69,5.201,692.1745818111901,13633219821,2026-05-11 11:06:42.479979,11/05/26,11:6:42
2517,1.43,2.517,1430.274135876043,13633222338,2026-05-11 11:06:44.996979,11/05/26,11:6:44
2526,1.42,2.526,1425.1781472684086,13633224864,2026-05-11 11:06:47.522979,11/05/26,11:6:47
3710,0.97,3.71,970.3504043126685,13633228574,2026-05-11 11:06:51.232979,11/05/26,11:6:51
4758,0.76,4.758,756.6204287515762,13633233332,2026-05-11 11:06:55.990979,11/05/26,11:6:55
2520,1.43,2.52,1428.5714285714287,13633235852,2026-05-11 11:06:58.510979,11/05/26,11:6:58
2512,1.43,2.512,1433.1210191082803,13633238364,2026-05-11 11:07:01.022979,11/05/26,11:7:1
2541,1.42,2.541,1416.7650531286895,13633240905,2026-05-11 11:07:03.563979,11/05/26,11:7:3
5858,0.61,5.858,614.5442130419939,13633246763,2026-05-11 11:07:09.421979,11/05/26,11:7:9
3204,1.12,3.204,1123.5955056179776,13633249967,2026-05-11 11:07:12.625979,11/05/26,11:7:12
2516,1.43,2.516,1430.8426073131955,13633252483,2026-05-11 11:07:15.141979,11/05/26,11:7:15
2525,1.42,2.525,1425.7425742574258,13633255008,2026-05-11 11:07:17.666979,11/05/26,11:7:17
5327,0.68,5.327,675.802515487141,13633260335,2026-05-11 11:07:22.993979,11/05/26,11:7:22
3275,1.1,3.275,1099.2366412213742,13633263610,2026-05-11 11:07:26.268979,11/05/26,11:7:26
2528,1.42,2.528,1424.0506329113923,13633266138,2026-05-11 11:07:28.796979,11/05/26,11:7:28
2528,1.42,2.528,1424.0506329113923,13633268666,2026-05-11 11:07:31.324979,11/05/26,11:7:31
5653,0.64,5.653,636.8300017689722,13633274319,2026-05-11 11:07:36.977979,11/05/26,11:7:36
2855,1.26,2.855,1260.9457092819614,13633277174,2026-05-11 11:07:39.832979,11/05/26,11:7:39
2523,1.43,2.523,1426.872770511296,13633279697,2026-05-11 11:07:42.355979,11/05/26,11:7:42
2580,1.39,2.58,1395.3488372093022,13633282277,2026-05-11 11:07:44.935979,11/05/26,11:7:44
5832,0.62,5.832,617.283950617284,13633288109,2026-05-11 11:07:50.767979,11/05/26,11:7:50
2583,1.39,2.583,1393.7282229965156,13633290692,2026-05-11 11:07:53.350979,11/05/26,11:7:53
2517,1.43,2.517,1430.274135876043,13633293209,2026-05-11 11:07:55.867979,11/05/26,11:7:55
2783,1.29,2.783,1293.5680919870642,13633295992,2026-05-11 11:07:58.650979,11/05/26,11:7:58
5632,0.64,5.632,639.2045454545455,13633301624,2026-05-11 11:08:04.282979,11/05/26,11:8:4
2517,1.43,2.517,1430.274135876043,13633304141,2026-05-11 11:08:06.799979,11/05/26,11:8:6
2511,1.43,2.511,1433.6917562724013,13633306652,2026-05-11 11:08:09.310979,11/05/26,11:8:9
3789,0.95,3.789,950.1187648456057,13633310441,2026-05-11 11:08:13.099979,11/05/26,11:8:13
4643,0.77,4.643,775.3607581305191,13633315084,2026-05-11 11:08:17.742979,11/05/26,11:8:17
2511,1.43,2.511,1433.6917562724013,13633317595,2026-05-11 11:08:20.253979,11/05/26,11:8:20
2510,1.43,2.51,1434.2629482071713,13633320105,2026-05-11 11:08:22.763979,11/05/26,11:8:22
2811,1.28,2.811,1280.6830309498398,13633322916,2026-05-11 11:08:25.574979,11/05/26,11:8:25
6062,0.59,6.062,593.8634114153745,13633328978,2026-05-11 11:08:31.636979,11/05/26,11:8:31
2505,1.44,2.505,1437.125748502994,13633331483,2026-05-11 11:08:34.141979,11/05/26,11:8:34
2516,1.43,2.516,1430.8426073131955,13633333999,2026-05-11 11:08:36.657979,11/05/26,11:8:36
3488,1.03,3.488,1032.1100917431193,13633337487,2026-05-11 11:08:40.145979,11/05/26,11:8:40
4949,0.73,4.949,727.4196807435845,13633342436,2026-05-11 11:08:45.094979,11/05/26,11:8:45
2506,1.44,2.506,1436.5522745411013,13633344942,2026-05-11 11:08:47.600979,11/05/26,11:8:47
2499,1.44,2.499,1440.5762304921968,13633347441,2026-05-11 11:08:50.099979,11/05/26,11:8:50
4637,0.78,4.637,776.364028466681,13633352078,2026-05-11 11:08:54.736979,11/05/26,11:8:54
3815,0.94,3.815,943.6435124508519,13633355893,2026-05-11 11:08:58.551979,11/05/26,11:8:58
2508,1.43,2.508,1435.4066985645934,13633358401,2026-05-11 11:09:01.059979,11/05/26,11:9:1
2505,1.44,2.505,1437.125748502994,13633360906,2026-05-11 11:09:03.564979,11/05/26,11:9:3
2663,1.35,2.663,1351.858805858055,13633363569,2026-05-11 11:09:06.227979,11/05/26,11:9:6
6424,0.56,6.424,560.3985056039851,13633369993,2026-05-11 11:09:12.651979,11/05/26,11:9:12
2509,1.43,2.509,1434.8345954563572,13633372502,2026-05-11 11:09:15.160979,11/05/26,11:9:15
2506,1.44,2.506,1436.5522745411013,13633375008,2026-05-11 11:09:17.666979,11/05/26,11:9:17
2720,1.32,2.72,1323.5294117647059,13633377728,2026-05-11 11:09:20.386979,11/05/26,11:9:20
5683,0.63,5.683,633.4682386063698,13633383411,2026-05-11 11:09:26.069979,11/05/26,11:9:26
2513,1.43,2.513,1432.550736171906,13633385924,2026-05-11 11:09:28.582979,11/05/26,11:9:28
2519,1.43,2.519,1429.1385470424773,13633388443,2026-05-11 11:09:31.101979,11/05/26,11:9:31
3455,1.04,3.455,1041.9681620839362,13633391898,2026-05-11 11:09:34.556979,11/05/26,11:9:34
4939,0.73,4.939,728.8924883579672,13633396837,2026-05-11 11:09:39.495979,11/05/26,11:9:39
2509,1.43,2.509,1434.8345954563572,13633399346,2026-05-11 11:09:42.004979,11/05/26,11:9:42
2502,1.44,2.502,1438.8489208633093,13633401848,2026-05-11 11:09:44.506979,11/05/26,11:9:44
4289,0.84,4.289,839.3564933550945,13633406137,2026-05-11 11:09:48.795979,11/05/26,11:9:48
4528,0.8,4.528,795.0530035335689,13633410665,2026-05-11 11:09:53.323979,11/05/26,11:9:53
3407,1.06,3.407,1056.6480774875256,13633414072,2026-05-11 11:09:56.730979,11/05/26,11:9:56
3423,1.05,3.423,1051.70902716915,13633417495,2026-05-11 11:10:00.153979,11/05/26,11:10:0
5110,0.7,5.11,704.5009784735812,13633422605,2026-05-11 11:10:05.263979,11/05/26,11:10:5
5117,0.7,5.117,703.5372288450263,13633427722,2026-05-11 11:10:10.380979,11/05/26,11:10:10
3430,1.05,3.43,1049.5626822157435,13633431152,2026-05-11 11:10:13.810979,11/05/26,11:10:13
3437,1.05,3.437,1047.425080011638,13633434589,2026-05-11 11:10:17.247979,11/05/26,11:10:17
3947,0.91,3.947,912.0851279452748,13633438536,2026-05-11 11:10:21.194979,11/05/26,11:10:21
6248,0.58,6.248,576.1843790012804,13633444784,2026-05-11 11:10:27.442979,11/05/26,11:10:27
3434,1.05,3.434,1048.34012813046,13633448218,2026-05-11 11:10:30.876979,11/05/26,11:10:30
3439,1.05,3.439,1046.8159348647862,13633451657,2026-05-11 11:10:34.315979,11/05/26,11:10:34
3438,1.05,3.438,1047.1204188481674,13633455095,2026-05-11 11:10:37.753979,11/05/26,11:10:37
6798,0.53,6.798,529.567519858782,13633461893,2026-05-11 11:10:44.551979,11/05/26,11:10:44
3442,1.04,3.442,1045.9035444509007,13633465335,2026-05-11 11:10:47.993979,11/05/26,11:10:47
3442,1.04,3.442,1045.9035444509007,13633468777,2026-05-11 11:10:51.435979,11/05/26,11:10:51
3453,1.04,3.453,1042.5716768027803,13633472230,2026-05-11 11:10:54.888979,11/05/26,11:10:54
6680,0.54,6.68,538.9221556886228,13633478910,2026-05-11 11:11:01.568979,11/05/26,11:11:1
3419,1.05,3.419,1052.939455981281,13633482329,2026-05-11 11:11:04.987979,11/05/26,11:11:4
3428,1.05,3.428,1050.1750291715286,13633485757,2026-05-11 11:11:08.415979,11/05/26,11:11:8
3426,1.05,3.426,1050.7880910683011,13633489183,2026-05-11 11:11:11.841979,11/05/26,11:11:11
3449,1.04,3.449,1043.7808060307336,13633492632,2026-05-11 11:11:15.290979,11/05/26,11:11:15
6736,0.53,6.736,534.4418052256532,13633499368,2026-05-11 11:11:22.026979,11/05/26,11:11:22
3438,1.05,3.438,1047.1204188481674,13633502806,2026-05-11 11:11:25.464979,11/05/26,11:11:25
3446,1.04,3.446,1044.689495066744,13633506252,2026-05-11 11:11:28.910979,11/05/26,11:11:28
3450,1.04,3.45,1043.4782608695652,13633509702,2026-05-11 11:11:32.360979,11/05/26,11:11:32
4049,0.89,4.049,889.1084218325512,13633513751,2026-05-11 11:11:36.409979,11/05/26,11:11:36
6231,0.58,6.231,577.7563793933558,13633519982,2026-05-11 11:11:42.640979,11/05/26,11:11:42
3451,1.04,3.451,1043.1758910460735,13633523433,2026-05-11 11:11:46.091979,11/05/26,11:11:46
3448,1.04,3.448,1044.0835266821346,13633526881,2026-05-11 11:11:49.539979,11/05/26,11:11:49
3465,1.04,3.465,1038.9610389610389,13633530346,2026-05-11 11:11:53.004979,11/05/26,11:11:53
6659,0.54,6.659,540.621714972218,13633537005,2026-05-11 11:11:59.663979,11/05/26,11:11:59
3440,1.05,3.44,1046.5116279069769,13633540445,2026-05-11 11:12:03.103979,11/05/26,11:12:3
3435,1.05,3.435,1048.0349344978165,13633543880,2026-05-11 11:12:06.538979,11/05/26,11:12:6
3442,1.04,3.442,1045.9035444509007,13633547322,2026-05-11 11:12:09.980979,11/05/26,11:12:9
6576,0.55,6.576,547.4452554744526,13633553898,2026-05-11 11:12:16.556979,11/05/26,11:12:16
3504,1.03,3.504,1027.3972602739725,13633557402,2026-05-11 11:12:20.060979,11/05/26,11:12:20
3403,1.06,3.403,1057.8900969732588,13633560805,2026-05-11 11:12:23.463979,11/05/26,11:12:23
3404,1.06,3.404,1057.5793184488837,13633564209,2026-05-11 11:12:26.867979,11/05/26,11:12:26
3401,1.06,3.401,1058.5122022934431,13633567610,2026-05-11 11:12:30.268979,11/05/26,11:12:30
3427,1.05,3.427,1050.481470674059,13633571037,2026-05-11 11:12:33.695979,11/05/26,11:12:33
7338,0.49,7.338,490.5968928863451,13633578375,2026-05-11 11:12:41.033979,11/05/26,11:12:41
3425,1.05,3.425,1051.094890510949,13633581800,2026-05-11 11:12:44.458979,11/05/26,11:12:44
3433,1.05,3.433,1048.6454995630643,13633585233,2026-05-11 11:12:47.891979,11/05/26,11:12:47
3419,1.05,3.419,1052.939455981281,13633588652,2026-05-11 11:12:51.310979,11/05/26,11:12:51
3429,1.05,3.429,1049.8687664041995,13633592081,2026-05-11 11:12:54.739979,11/05/26,11:12:54
6914,0.52,6.914,520.6826728377206,13633598995,2026-05-11 11:13:01.653979,11/05/26,11:13:1
3399,1.06,3.399,1059.135039717564,13633602394,2026-05-11 11:13:05.052979,11/05/26,11:13:5
3420,1.05,3.42,1052.6315789473683,13633605814,2026-05-11 11:13:08.472979,11/05/26,11:13:8
3413,1.05,3.413,1054.790506885438,13633609227,2026-05-11 11:13:11.885979,11/05/26,11:13:11
3417,1.05,3.417,1053.5557506584723,13633612644,2026-05-11 11:13:15.302979,11/05/26,11:13:15
6719,0.54,6.719,535.7940169668105,13633619363,2026-05-11 11:13:22.021979,11/05/26,11:13:22
3404,1.06,3.404,1057.5793184488837,13633622767,2026-05-11 11:13:25.425979,11/05/26,11:13:25
3417,1.05,3.417,1053.5557506584723,13633626184,2026-05-11 11:13:28.842979,11/05/26,11:13:28
3411,1.05,3.411,1055.4089709762534,13633629595,2026-05-11 11:13:32.253979,11/05/26,11:13:32
5778,0.62,5.778,623.0529595015577,13633635373,2026-05-11 11:13:38.031979,11/05/26,11:13:38
4208,0.86,4.208,855.5133079847909,13633639581,2026-05-11 11:13:42.239979,11/05/26,11:13:42
3410,1.05,3.41,1055.7184750733138,13633642991,2026-05-11 11:13:45.649979,11/05/26,11:13:45
3418,1.05,3.418,1053.247513165594,13633646409,2026-05-11 11:13:49.067979,11/05/26,11:13:49
3412,1.05,3.412,1055.0996483001172,13633649821,2026-05-11 11:13:52.479979,11/05/26,11:13:52
6586,0.55,6.586,546.6140297600972,13633656407,2026-05-11 11:13:59.065979,11/05/26,11:13:59
3402,1.06,3.402,1058.2010582010582,13633659809,2026-05-11 11:14:02.467979,11/05/26,11:14:2
3396,1.06,3.396,1060.070671378092,13633663205,2026-05-11 11:14:05.863979,11/05/26,11:14:5
3395,1.06,3.395,1060.3829160530192,13633666600,2026-05-11 11:14:09.258979,11/05/26,11:14:9
3741,0.96,3.741,962.3095429029671,13633670341,2026-05-11 11:14:12.999979,11/05/26,11:14:12
6280,0.57,6.28,573.2484076433121,13633676621,2026-05-11 11:14:19.279979,11/05/26,11:14:19
3417,1.05,3.417,1053.5557506584723,13633680038,2026-05-11 11:14:22.696979,11/05/26,11:14:22
3419,1.05,3.419,1052.939455981281,13633683457,2026-05-11 11:14:26.115979,11/05/26,11:14:26
3430,1.05,3.43,1049.5626822157435,13633686887,2026-05-11 11:14:29.545979,11/05/26,11:14:29
4234,0.85,4.234,850.2598016060463,13633691121,2026-05-11 11:14:33.779979,11/05/26,11:14:33
5932,0.61,5.932,606.8779501011463,13633697053,2026-05-11 11:14:39.711979,11/05/26,11:14:39
3402,1.06,3.402,1058.2010582010582,13633700455,2026-05-11 11:14:43.113979,11/05/26,11:14:43
3410,1.05,3.41,1055.7184750733138,13633703865,2026-05-11 11:14:46.523979,11/05/26,11:14:46
3412,1.05,3.412,1055.0996483001172,13633707277,2026-05-11 11:14:49.935979,11/05/26,11:14:49
6573,0.55,6.573,547.6951163852123,13633713850,2026-05-11 11:14:56.508979,11/05/26,11:14:56
3405,1.06,3.405,1057.2687224669603,13633717255,2026-05-11 11:14:59.913979,11/05/26,11:14:59
3401,1.06,3.401,1058.5122022934431,13633720656,2026-05-11 11:15:03.314979,11/05/26,11:15:3
3415,1.05,3.415,1054.172767203514,13633724071,2026-05-11 11:15:06.729979,11/05/26,11:15:6
3411,1.05,3.411,1055.4089709762534,13633727482,2026-05-11 11:15:10.140979,11/05/26,11:15:10
6675,0.54,6.675,539.3258426966293,13633734157,2026-05-11 11:15:16.815979,11/05/26,11:15:16
3635,0.99,3.635,990.3713892709766,13633737792,2026-05-11 11:15:20.450979,11/05/26,11:15:20
3399,1.06,3.399,1059.135039717564,13633741191,2026-05-11 11:15:23.849979,11/05/26,11:15:23
3398,1.06,3.398,1059.446733372572,13633744589,2026-05-11 11:15:27.247979,11/05/26,11:15:27
3420,1.05,3.42,1052.6315789473683,13633748009,2026-05-11 11:15:30.667979,11/05/26,11:15:30
6564,0.55,6.564,548.4460694698355,13633754573,2026-05-11 11:15:37.231979,11/05/26,11:15:37
3680,0.98,3.68,978.2608695652174,13633758253,2026-05-11 11:15:40.911979,11/05/26,11:15:40
3402,1.06,3.402,1058.2010582010582,13633761655,2026-05-11 11:15:44.313979,11/05/26,11:15:44
3399,1.06,3.399,1059.135039717564,13633765054,2026-05-11 11:15:47.712979,11/05/26,11:15:47
3403,1.06,3.403,1057.8900969732588,13633768457,2026-05-11 11:15:51.115979,11/05/26,11:15:51
6665,0.54,6.665,540.1350337584396,13633775122,2026-05-11 11:15:57.780979,11/05/26,11:15:57
3382,1.06,3.382,1064.4589000591366,13633778504,2026-05-11 11:16:01.162979,11/05/26,11:16:1
3370,1.07,3.37,1068.2492581602373,13633781874,2026-05-11 11:16:04.532979,11/05/26,11:16:4
3398,1.06,3.398,1059.446733372572,13633785272,2026-05-11 11:16:07.930979,11/05/26,11:16:7
3408,1.06,3.408,1056.338028169014,13633788680,2026-05-11 11:16:11.338979,11/05/26,11:16:11
6653,0.54,6.653,541.109274011724,13633795333,2026-05-11 11:16:17.991979,11/05/26,11:16:17
3404,1.06,3.404,1057.5793184488837,13633798737,2026-05-11 11:16:21.395979,11/05/26,11:16:21
3392,1.06,3.392,1061.3207547169811,13633802129,2026-05-11 11:16:24.787979,11/05/26,11:16:24
3391,1.06,3.391,1061.6337363609555,13633805520,2026-05-11 11:16:28.178979,11/05/26,11:16:28
6506,0.55,6.506,553.3353827236397,13633812026,2026-05-11 11:16:34.684979,11/05/26,11:16:34
3396,1.06,3.396,1060.070671378092,13633815422,2026-05-11 11:16:38.080979,11/05/26,11:16:38
3415,1.05,3.415,1054.172767203514,13633818837,2026-05-11 11:16:41.495979,11/05/26,11:16:41
3408,1.06,3.408,1056.338028169014,13633822245,2026-05-11 11:16:44.903979,11/05/26,11:16:44
3418,1.05,3.418,1053.247513165594,13633825663,2026-05-11 11:16:48.321979,11/05/26,11:16:48
6559,0.55,6.559,548.86415612136,13633832222,2026-05-11 11:16:54.880979,11/05/26,11:16:54
3390,1.06,3.39,1061.9469026548672,13633835612,2026-05-11 11:16:58.270979,11/05/26,11:16:58
3380,1.07,3.38,1065.0887573964496,13633838992,2026-05-11 11:17:01.650979,11/05/26,11:17:1
3367,1.07,3.367,1069.2010692010692,13633842359,2026-05-11 11:17:05.017979,11/05/26,11:17:5
6556,0.55,6.556,549.1153142159853,13633848915,2026-05-11 11:17:11.573979,11/05/26,11:17:11
3387,1.06,3.387,1062.887511071745,13633852302,2026-05-11 11:17:14.960979,11/05/26,11:17:14
3394,1.06,3.394,1060.695344725987,13633855696,2026-05-11 11:17:18.354979,11/05/26,11:17:18
3402,1.06,3.402,1058.2010582010582,13633859098,2026-05-11 11:17:21.756979,11/05/26,11:17:21
3399,1.06,3.399,1059.135039717564,13633862497,2026-05-11 11:17:25.155979,11/05/26,11:17:25
6558,0.55,6.558,548.9478499542544,13633869055,2026-05-11 11:17:31.713979,11/05/26,11:17:31
3405,1.06,3.405,1057.2687224669603,13633872460,2026-05-11 11:17:35.118979,11/05/26,11:17:35
3403,1.06,3.403,1057.8900969732588,13633875863,2026-05-11 11:17:38.521979,11/05/26,11:17:38
3415,1.05,3.415,1054.172767203514,13633879278,2026-05-11 11:17:41.936979,11/05/26,11:17:41
3409,1.06,3.409,1056.0281607509532,13633882687,2026-05-11 11:17:45.345979,11/05/26,11:17:45
6701,0.54,6.701,537.2332487688404,13633889388,2026-05-11 11:17:52.046979,11/05/26,11:17:52
3406,1.06,3.406,1056.958308866706,13633892794,2026-05-11 11:17:55.452979,11/05/26,11:17:55
3411,1.05,3.411,1055.4089709762534,13633896205,2026-05-11 11:17:58.863979,11/05/26,11:17:58
3405,1.06,3.405,1057.2687224669603,13633899610,2026-05-11 11:18:02.268979,11/05/26,11:18:2
6452,0.56,6.452,557.9665220086795,13633906062,2026-05-11 11:18:08.720979,11/05/26,11:18:8
3569,1.01,3.569,1008.6859064163631,13633909631,2026-05-11 11:18:12.289979,11/05/26,11:18:12
3381,1.06,3.381,1064.773735581189,13633913012,2026-05-11 11:18:15.670979,11/05/26,11:18:15
3389,1.06,3.389,1062.2602537621717,13633916401,2026-05-11 11:18:19.059979,11/05/26,11:18:19
3400,1.06,3.4,1058.8235294117646,13633919801,2026-05-11 11:18:22.459979,11/05/26,11:18:22
6727,0.54,6.727,535.156830682325,13633926528,2026-05-11 11:18:29.186979,11/05/26,11:18:29
3397,1.06,3.397,1059.7586105387106,13633929925,2026-05-11 11:18:32.583979,11/05/26,11:18:32
3392,1.06,3.392,1061.3207547169811,13633933317,2026-05-11 11:18:35.975979,11/05/26,11:18:35
3388,1.06,3.388,1062.5737898465172,13633936705,2026-05-11 11:18:39.363979,11/05/26,11:18:39
3391,1.06,3.391,1061.6337363609555,13633940096,2026-05-11 11:18:42.754979,11/05/26,11:18:42
6816,0.53,6.816,528.169014084507,13633946912,2026-05-11 11:18:49.570979,11/05/26,11:18:49
3385,1.06,3.385,1063.5155096011817,13633950297,2026-05-11 11:18:52.955979,11/05/26,11:18:52
3394,1.06,3.394,1060.695344725987,13633953691,2026-05-11 11:18:56.349979,11/05/26,11:18:56
3388,1.06,3.388,1062.5737898465172,13633957079,2026-05-11 11:18:59.737979,11/05/26,11:18:59
3389,1.06,3.389,1062.2602537621717,13633960468,2026-05-11 11:19:03.126979,11/05/26,11:19:3
6796,0.53,6.796,529.723366686286,13633967264,2026-05-11 11:19:09.922979,11/05/26,11:19:9
3411,1.05,3.411,1055.4089709762534,13633970675,2026-05-11 11:19:13.333979,11/05/26,11:19:13
3399,1.06,3.399,1059.135039717564,13633974074,2026-05-11 11:19:16.732979,11/05/26,11:19:16
3400,1.06,3.4,1058.8235294117646,13633977474,2026-05-11 11:19:20.132979,11/05/26,11:19:20
3412,1.05,3.412,1055.0996483001172,13633980886,2026-05-11 11:19:23.544979,11/05/26,11:19:23
3407,1.06,3.407,1056.6480774875256,13633984293,2026-05-11 11:19:26.951979,11/05/26,11:19:26
3404,1.06,3.404,1057.5793184488837,13633987697,2026-05-11 11:19:30.355979,11/05/26,11:19:30
6556,0.55,6.556,549.1153142159853,13633994253,2026-05-11 11:19:36.911979,11/05/26,11:19:36
3396,1.06,3.396,1060.070671378092,13633997649,2026-05-11 11:19:40.307979,11/05/26,11:19:40
3410,1.05,3.41,1055.7184750733138,13634001059,2026-05-11 11:19:43.717979,11/05/26,11:19:43
3402,1.06,3.402,1058.2010582010582,13634004461,2026-05-11 11:19:47.119979,11/05/26,11:19:47
3404,1.06,3.404,1057.5793184488837,13634007865,2026-05-11 11:19:50.523979,11/05/26,11:19:50
3399,1.06,3.399,1059.135039717564,13634011264,2026-05-11 11:19:53.922979,11/05/26,11:19:53
6621,0.54,6.621,543.7245129134571,13634017885,2026-05-11 11:20:00.543979,11/05/26,11:20:0
3395,1.06,3.395,1060.3829160530192,13634021280,2026-05-11 11:20:03.938979,11/05/26,11:20:3
3383,1.06,3.383,1064.14425066509,13634024663,2026-05-11 11:20:07.321979,11/05/26,11:20:7
3399,1.06,3.399,1059.135039717564,13634028062,2026-05-11 11:20:10.720979,11/05/26,11:20:10
3405,1.06,3.405,1057.2687224669603,13634031467,2026-05-11 11:20:14.125979,11/05/26,11:20:14
6760,0.53,6.76,532.5443786982248,13634038227,2026-05-11 11:20:20.885979,11/05/26,11:20:20
3389,1.06,3.389,1062.2602537621717,13634041616,2026-05-11 11:20:24.274979,11/05/26,11:20:24
3398,1.06,3.398,1059.446733372572,13634045014,2026-05-11 11:20:27.672979,11/05/26,11:20:27
3398,1.06,3.398,1059.446733372572,13634048412,2026-05-11 11:20:31.070979,11/05/26,11:20:31
3404,1.06,3.404,1057.5793184488837,13634051816,2026-05-11 11:20:34.474979,11/05/26,11:20:34
6893,0.52,6.893,522.2689685187871,13634058709,2026-05-11 11:20:41.367979,11/05/26,11:20:41
3398,1.06,3.398,1059.446733372572,13634062107,2026-05-11 11:20:44.765979,11/05/26,11:20:44
3387,1.06,3.387,1062.887511071745,13634065494,2026-05-11 11:20:48.152979,11/05/26,11:20:48
3403,1.06,3.403,1057.8900969732588,13634068897,2026-05-11 11:20:51.555979,11/05/26,11:20:51
5274,0.68,5.274,682.5938566552901,13634074171,2026-05-11 11:20:56.829979,11/05/26,11:20:56
4973,0.72,4.973,723.909109189624,13634079144,2026-05-11 11:21:01.802979,11/05/26,11:21:1
3376,1.07,3.376,1066.350710900474,13634082520,2026-05-11 11:21:05.178979,11/05/26,11:21:5
3389,1.06,3.389,1062.2602537621717,13634085909,2026-05-11 11:21:08.567979,11/05/26,11:21:8
3383,1.06,3.383,1064.14425066509,13634089292,2026-05-11 11:21:11.950979,11/05/26,11:21:11
6917,0.52,6.917,520.4568454532312,13634096209,2026-05-11 11:21:18.867979,11/05/26,11:21:18
3393,1.06,3.393,1061.0079575596817,13634099602,2026-05-11 11:21:22.260979,11/05/26,11:21:22
3393,1.06,3.393,1061.0079575596817,13634102995,2026-05-11 11:21:25.653979,11/05/26,11:21:25
3395,1.06,3.395,1060.3829160530192,13634106390,2026-05-11 11:21:29.048979,11/05/26,11:21:29
6885,0.52,6.885,522.875816993464,13634113275,2026-05-11 11:21:35.933979,11/05/26,11:21:35
3381,1.06,3.381,1064.773735581189,13634116656,2026-05-11 11:21:39.314979,11/05/26,11:21:39
3391,1.06,3.391,1061.6337363609555,13634120047,2026-05-11 11:21:42.705979,11/05/26,11:21:42
3382,1.06,3.382,1064.4589000591366,13634123429,2026-05-11 11:21:46.087979,11/05/26,11:21:46
6967,0.52,6.967,516.721687957514,13634130396,2026-05-11 11:21:53.054979,11/05/26,11:21:53
3389,1.06,3.389,1062.2602537621717,13634133785,2026-05-11 11:21:56.443979,11/05/26,11:21:56
3392,1.06,3.392,1061.3207547169811,13634137177,2026-05-11 11:21:59.835979,11/05/26,11:21:59
3410,1.05,3.41,1055.7184750733138,13634140587,2026-05-11 11:22:03.245979,11/05/26,11:22:3
7050,0.51,7.05,510.63829787234044,13634147637,2026-05-11 11:22:10.295979,11/05/26,11:22:10
3436,1.05,3.436,1047.7299185098952,13634151073,2026-05-11 11:22:13.731979,11/05/26,11:22:13
3396,1.06,3.396,1060.070671378092,13634154469,2026-05-11 11:22:17.127979,11/05/26,11:22:17
3427,1.05,3.427,1050.481470674059,13634157896,2026-05-11 11:22:20.554979,11/05/26,11:22:20
6918,0.52,6.918,520.3816131830009,13634164814,2026-05-11 11:22:27.472979,11/05/26,11:22:27
3415,1.05,3.415,1054.172767203514,13634168229,2026-05-11 11:22:30.887979,11/05/26,11:22:30
3819,0.94,3.819,942.6551453260016,13634172048,2026-05-11 11:22:34.706979,11/05/26,11:22:34
5343,0.67,5.343,673.7787759685569,13634177391,2026-05-11 11:22:40.049979,11/05/26,11:22:40
5310,0.68,5.31,677.9661016949152,13634182701,2026-05-11 11:22:45.359979,11/05/26,11:22:45
5351,0.67,5.351,672.7714445897963,13634188052,2026-05-11 11:22:50.710979,11/05/26,11:22:50
5352,0.67,5.352,672.6457399103139,13634193404,2026-05-11 11:22:56.062979,11/05/26,11:22:56
5342,0.67,5.342,673.9049045301385,13634198746,2026-05-11 11:23:01.404979,11/05/26,11:23:1
5304,0.68,5.304,678.7330316742082,13634204050,2026-05-11 11:23:06.708979,11/05/26,11:23:6
5323,0.68,5.323,676.3103513056548,13634209373,2026-05-11 11:23:12.031979,11/05/26,11:23:12
5280,0.68,5.28,681.8181818181819,13634214653,2026-05-11 11:23:17.311979,11/05/26,11:23:17
5295,0.68,5.295,679.8866855524079,13634219948,2026-05-11 11:23:22.606979,11/05/26,11:23:22
5329,0.68,5.329,675.5488834678176,13634225277,2026-05-11 11:23:27.935979,11/05/26,11:23:27
5345,0.67,5.345,673.5266604303087,13634230622,2026-05-11 11:23:33.280979,11/05/26,11:23:33
5338,0.67,5.338,674.4098913450731,13634235960,2026-05-11 11:23:38.618979,11/05/26,11:23:38
5323,0.68,5.323,676.3103513056548,13634241283,2026-05-11 11:23:43.941979,11/05/26,11:23:43
5327,0.68,5.327,675.802515487141,13634246610,2026-05-11 11:23:49.268979,11/05/26,11:23:49
5295,0.68,5.295,679.8866855524079,13634251905,2026-05-11 11:23:54.563979,11/05/26,11:23:54
5260,0.68,5.26,684.4106463878327,13634257165,2026-05-11 11:23:59.823979,11/05/26,11:23:59
5273,0.68,5.273,682.7233074151337,13634262438,2026-05-11 11:24:05.096979,11/05/26,11:24:5
5325,0.68,5.325,676.056338028169,13634267763,2026-05-11 11:24:10.421979,11/05/26,11:24:10
5322,0.68,5.322,676.4374295377678,13634273085,2026-05-11 11:24:15.743979,11/05/26,11:24:15
5336,0.67,5.336,674.6626686656672,13634278421,2026-05-11 11:24:21.079979,11/05/26,11:24:21
5306,0.68,5.306,678.4771956275914,13634283727,2026-05-11 11:24:26.385979,11/05/26,11:24:26
4048,0.89,4.048,889.3280632411067,13634287775,2026-05-11 11:24:30.433979,11/05/26,11:24:30
4762,0.75,4.762,755.984880302394,13634292537,2026-05-11 11:24:35.195979,11/05/26,11:24:35
4779,0.75,4.779,753.2956685499058,13634297316,2026-05-11 11:24:39.974979,11/05/26,11:24:39
4779,0.75,4.779,753.2956685499058,13634302095,2026-05-11 11:24:44.753979,11/05/26,11:24:44
4786,0.75,4.786,752.1938988717092,13634306881,2026-05-11 11:24:49.539979,11/05/26,11:24:49
4776,0.75,4.776,753.7688442211055,13634311657,2026-05-11 11:24:54.315979,11/05/26,11:24:54
4785,0.75,4.785,752.3510971786834,13634316442,2026-05-11 11:24:59.100979,11/05/26,11:24:59
4752,0.76,4.752,757.5757575757576,13634321194,2026-05-11 11:25:03.852979,11/05/26,11:25:3
4734,0.76,4.734,760.4562737642585,13634325928,2026-05-11 11:25:08.586979,11/05/26,11:25:8
4757,0.76,4.757,756.7794828673534,13634330685,2026-05-11 11:25:13.343979,11/05/26,11:25:13
4803,0.75,4.803,749.5315427857589,13634335488,2026-05-11 11:25:18.146979,11/05/26,11:25:18
4804,0.75,4.804,749.3755203996669,13634340292,2026-05-11 11:25:22.950979,11/05/26,11:25:22
4784,0.75,4.784,752.5083612040133,13634345076,2026-05-11 11:25:27.734979,11/05/26,11:25:27
4795,0.75,4.795,750.7820646506777,13634349871,2026-05-11 11:25:32.529979,11/05/26,11:25:32
4780,0.75,4.78,753.1380753138076,13634354651,2026-05-11 11:25:37.309979,11/05/26,11:25:37
4793,0.75,4.793,751.0953473815981,13634359444,2026-05-11 11:25:42.102979,11/05/26,11:25:42
4792,0.75,4.792,751.2520868113522,13634364236,2026-05-11 11:25:46.894979,11/05/26,11:25:46
4751,0.76,4.751,757.7352136392338,13634368987,2026-05-11 11:25:51.645979,11/05/26,11:25:51
4737,0.76,4.737,759.974667511083,13634373724,2026-05-11 11:25:56.382979,11/05/26,11:25:56
4785,0.75,4.785,752.3510971786834,13634378509,2026-05-11 11:26:01.167979,11/05/26,11:26:1
4759,0.76,4.759,756.4614414793024,13634383268,2026-05-11 11:26:05.926979,11/05/26,11:26:5
4780,0.75,4.78,753.1380753138076,13634388048,2026-05-11 11:26:10.706979,11/05/26,11:26:10
4799,0.75,4.799,750.1562825588665,13634392847,2026-05-11 11:26:15.505979,11/05/26,11:26:15
4816,0.75,4.816,747.5083056478405,13634397663,2026-05-11 11:26:20.321979,11/05/26,11:26:20
4795,0.75,4.795,750.7820646506777,13634402458,2026-05-11 11:26:25.116979,11/05/26,11:26:25
4771,0.75,4.771,754.5587927059316,13634407229,2026-05-11 11:26:29.887979,11/05/26,11:26:29
4758,0.76,4.758,756.6204287515762,13634411987,2026-05-11 11:26:34.645979,11/05/26,11:26:34
4744,0.76,4.744,758.8532883642496,13634416731,2026-05-11 11:26:39.389979,11/05/26,11:26:39
4785,0.75,4.785,752.3510971786834,13634421516,2026-05-11 11:26:44.174979,11/05/26,11:26:44
4810,0.75,4.81,748.4407484407484,13634426326,2026-05-11 11:26:48.984979,11/05/26,11:26:48
4812,0.75,4.812,748.1296758104738,13634431138,2026-05-11 11:26:53.796979,11/05/26,11:26:53
4814,0.75,4.814,747.8188616535106,13634435952,2026-05-11 11:26:58.610979,11/05/26,11:26:58
4812,0.75,4.812,748.1296758104738,13634440764,2026-05-11 11:27:03.422979,11/05/26,11:27:3
4794,0.75,4.794,750.9386733416771,13634445558,2026-05-11 11:27:08.216979,11/05/26,11:27:8
4784,0.75,4.784,752.5083612040133,13634450342,2026-05-11 11:27:13.000979,11/05/26,11:27:13
4794,0.75,4.794,750.9386733416771,13634455136,2026-05-11 11:27:17.794979,11/05/26,11:27:17
4832,0.75,4.832,745.0331125827814,13634459968,2026-05-11 11:27:22.626979,11/05/26,11:27:22
4828,0.75,4.828,745.6503728251864,13634464796,2026-05-11 11:27:27.454979,11/05/26,11:27:27
4840,0.74,4.84,743.801652892562,13634469636,2026-05-11 11:27:32.294979,11/05/26,11:27:32
4830,0.75,4.83,745.3416149068323,13634474466,2026-05-11 11:27:37.124979,11/05/26,11:27:37
4845,0.74,4.845,743.0340557275542,13634479311,2026-05-11 11:27:41.969979,11/05/26,11:27:41
4811,0.75,4.811,748.2851797963001,13634484122,2026-05-11 11:27:46.780979,11/05/26,11:27:46
4796,0.75,4.796,750.6255212677231,13634488918,2026-05-11 11:27:51.576979,11/05/26,11:27:51
4782,0.75,4.782,752.823086574655,13634493700,2026-05-11 11:27:56.358979,11/05/26,11:27:56
4788,0.75,4.788,751.8796992481203,13634498488,2026-05-11 11:28:01.146979,11/05/26,11:28:1
4810,0.75,4.81,748.4407484407484,13634503298,2026-05-11 11:28:05.956979,11/05/26,11:28:5
4844,0.74,4.844,743.1874483897606,13634508142,2026-05-11 11:28:10.800979,11/05/26,11:28:10
4846,0.74,4.846,742.8807263722658,13634512988,2026-05-11 11:28:15.646979,11/05/26,11:28:15
4856,0.74,4.856,741.3509060955519,13634517844,2026-05-11 11:28:20.502979,11/05/26,11:28:20
4849,0.74,4.849,742.4211177562383,13634522693,2026-05-11 11:28:25.351979,11/05/26,11:28:25
4818,0.75,4.818,747.1980074719801,13634527511,2026-05-11 11:28:30.169979,11/05/26,11:28:30
4804,0.75,4.804,749.3755203996669,13634532315,2026-05-11 11:28:34.973979,11/05/26,11:28:34
4782,0.75,4.782,752.823086574655,13634537097,2026-05-11 11:28:39.755979,11/05/26,11:28:39
4820,0.75,4.82,746.8879668049792,13634541917,2026-05-11 11:28:44.575979,11/05/26,11:28:44
4820,0.75,4.82,746.8879668049792,13634546737,2026-05-11 11:28:49.395979,11/05/26,11:28:49
4831,0.75,4.831,745.1873318153591,13634551568,2026-05-11 11:28:54.226979,11/05/26,11:28:54
4828,0.75,4.828,745.6503728251864,13634556396,2026-05-11 11:28:59.054979,11/05/26,11:28:59
4827,0.75,4.827,745.8048477315102,13634561223,2026-05-11 11:29:03.881979,11/05/26,11:29:3
4829,0.75,4.829,745.495961896873,13634566052,2026-05-11 11:29:08.710979,11/05/26,11:29:8
4829,0.75,4.829,745.495961896873,13634570881,2026-05-11 11:29:13.539979,11/05/26,11:29:13
4803,0.75,4.803,749.5315427857589,13634575684,2026-05-11 11:29:18.342979,11/05/26,11:29:18
4813,0.75,4.813,747.9742364429669,13634580497,2026-05-11 11:29:23.155979,11/05/26,11:29:23
4842,0.74,4.842,743.4944237918215,13634585339,2026-05-11 11:29:27.997979,11/05/26,11:29:27
4858,0.74,4.858,741.0456978180321,13634590197,2026-05-11 11:29:32.855979,11/05/26,11:29:32
4853,0.74,4.853,741.809190191634,13634595050,2026-05-11 11:29:37.708979,11/05/26,11:29:37
4858,0.74,4.858,741.0456978180321,13634599908,2026-05-11 11:29:42.566979,11/05/26,11:29:42
4851,0.74,4.851,742.1150278293136,13634604759,2026-05-11 11:29:47.417979,11/05/26,11:29:47
4857,0.74,4.857,741.1982705373688,13634609616,2026-05-11 11:29:52.274979,11/05/26,11:29:52
4809,0.75,4.809,748.5963817841547,13634614425,2026-05-11 11:29:57.083979,11/05/26,11:29:57
4829,0.75,4.829,745.495961896873,13634619254,2026-05-11 11:30:01.912979,11/05/26,11:30:1
4837,0.74,4.837,744.2629729170974,13634624091,2026-05-11 11:30:06.749979,11/05/26,11:30:6
4875,0.74,4.875,738.4615384615385,13634628966,2026-05-11 11:30:11.624979,11/05/26,11:30:11
4884,0.74,4.884,737.1007371007371,13634633850,2026-05-11 11:30:16.508979,11/05/26,11:30:16
4869,0.74,4.869,739.3715341959335,13634638719,2026-05-11 11:30:21.377979,11/05/26,11:30:21
4860,0.74,4.86,740.7407407407408,13634643579,2026-05-11 11:30:26.237979,11/05/26,11:30:26
4871,0.74,4.871,739.067953192363,13634648450,2026-05-11 11:30:31.108979,11/05/26,11:30:31
4871,0.74,4.871,739.067953192363,13634653321,2026-05-11 11:30:35.979979,11/05/26,11:30:35
4856,0.74,4.856,741.3509060955519,13634658177,2026-05-11 11:30:40.835979,11/05/26,11:30:40
4878,0.74,4.878,738.0073800738007,13634663055,2026-05-11 11:30:45.713979,11/05/26,11:30:45
4867,0.74,4.867,739.6753647010479,13634667922,2026-05-11 11:30:50.580979,11/05/26,11:30:50
4881,0.74,4.881,737.5537799631223,13634672803,2026-05-11 11:30:55.461979,11/05/26,11:30:55
4887,0.74,4.887,736.6482504604052,13634677690,2026-05-11 11:31:00.348979,11/05/26,11:31:0
4874,0.74,4.874,738.6130488305294,13634682564,2026-05-11 11:31:05.222979,11/05/26,11:31:5
6194,0.58,6.194,581.2076202776881,13634688758,2026-05-11 11:31:11.416979,11/05/26,11:31:11
6187,0.58,6.187,581.8652012283821,13634694945,2026-05-11 11:31:17.603979,11/05/26,11:31:17
6195,0.58,6.195,581.1138014527845,13634701140,2026-05-11 11:31:23.798979,11/05/26,11:31:23
6189,0.58,6.189,581.67716917111,13634707329,2026-05-11 11:31:29.987979,11/05/26,11:31:29
6186,0.58,6.186,581.9592628516004,13634713515,2026-05-11 11:31:36.173979,11/05/26,11:31:36
6195,0.58,6.195,581.1138014527845,13634719710,2026-05-11 11:31:42.368979,11/05/26,11:31:42
6197,0.58,6.197,580.9262546393417,13634725907,2026-05-11 11:31:48.565979,11/05/26,11:31:48
6196,0.58,6.196,581.0200129115558,13634732103,2026-05-11 11:31:54.761979,11/05/26,11:31:54
6218,0.58,6.218,578.9642972016726,13634738321,2026-05-11 11:32:00.979979,11/05/26,11:32:0
6186,0.58,6.186,581.9592628516004,13634744507,2026-05-11 11:32:07.165979,11/05/26,11:32:7
6181,0.58,6.181,582.4300275036402,13634750688,2026-05-11 11:32:13.346979,11/05/26,11:32:13
12228,0.29,12.228,294.4062806673209,13634762916,2026-05-11 11:32:25.574979,11/05/26,11:32:25
13127,0.27,13.127,274.2439247352784,13634776043,2026-05-11 11:32:38.701979,11/05/26,11:32:38
13123,0.27,13.123,274.32751657395414,13634789166,2026-05-11 11:32:51.824979,11/05/26,11:32:51
13090,0.28,13.09,275.0190985485103,13634802256,2026-05-11 11:33:04.914979,11/05/26,11:33:4
13154,0.27,13.154,273.68100957883536,13634815410,2026-05-11 11:33:18.068979,11/05/26,11:33:18
23390,0.15,23.39,153.9119281744335,13634838800,2026-05-11 11:33:41.458979,11/05/26,11:33:41
27768,0.13,27.768,129.6456352636128,13634866568,2026-05-11 11:34:09.226979,11/05/26,11:34:9
27595,0.13,27.595,130.45841637977895,13634894163,2026-05-11 11:34:36.821979,11/05/26,11:34:36
27156,0.13,27.156,132.5673884224481,13634921319,2026-05-11 11:35:03.977979,11/05/26,11:35:3
27076,0.13,27.076,132.9590781503915,13634948395,2026-05-11 11:35:31.053979,11/05/26,11:35:31
27122,0.13,27.122,132.73357422019026,13634975517,2026-05-11 11:35:58.175979,11/05/26,11:35:58
27211,0.13,27.211,132.29943772738966,13635002728,2026-05-11 11:36:25.386979,11/05/26,11:36:25
26837,0.13,26.837,134.1431605619108,13635029565,2026-05-11 11:36:52.223979,11/05/26,11:36:52
27219,0.13,27.219,132.26055328998126,13635056784,2026-05-11 11:37:19.442979,11/05/26,11:37:19
27526,0.13,27.526,130.78543922110006,13635084310,2026-05-11 11:37:46.968979,11/05/26,11:37:46
27329,0.13,27.329,131.7282008123239,13635111639,2026-05-11 11:38:14.297979,11/05/26,11:38:14
27467,0.13,27.467,131.0663705537554,13635139106,2026-05-11 11:38:41.764979,11/05/26,11:38:41
26173,0.14,26.173,137.54632636686662,13635165279,2026-05-11 11:39:07.937979,11/05/26,11:39:7
26265,0.14,26.265,137.06453455168474,13635191544,2026-05-11 11:39:34.202979,11/05/26,11:39:34
26364,0.14,26.364,136.54984069185252,13635217908,2026-05-11 11:40:00.566979,11/05/26,11:40:0
26385,0.14,26.385,136.44115974985786,13635244293,2026-05-11 11:40:26.951979,11/05/26,11:40:26
25658,0.14,25.658,140.30711668875205,13635269951,2026-05-11 11:40:52.609979,11/05/26,11:40:52
26907,0.13,26.907,133.79417995317203,13635296858,2026-05-11 11:41:19.516979,11/05/26,11:41:19
27164,0.13,27.164,132.52834634074512,13635324022,2026-05-11 11:41:46.680979,11/05/26,11:41:46
26914,0.13,26.914,133.75938173441332,13635350936,2026-05-11 11:42:13.594979,11/05/26,11:42:13
27314,0.13,27.314,131.80054184667205,13635378250,2026-05-11 11:42:40.908979,11/05/26,11:42:40
28199,0.13,28.199,127.66410156388524,13635406449,2026-05-11 11:43:09.107979,11/05/26,11:43:9
28562,0.13,28.562,126.04159372592956,13635435011,2026-05-11 11:43:37.669979,11/05/26,11:43:37
28292,0.13,28.292,127.24445072812102,13635463303,2026-05-11 11:44:05.961979,11/05/26,11:44:5
28445,0.13,28.445,126.5600281244507,13635491748,2026-05-11 11:44:34.406979,11/05/26,11:44:34
27956,0.13,27.956,128.77378738016884,13635519704,2026-05-11 11:45:02.362979,11/05/26,11:45:2
28278,0.13,28.278,127.30744748567791,13635547982,2026-05-11 11:45:30.640979,11/05/26,11:45:30
26265,0.14,26.265,137.06453455168474,13635574247,2026-05-11 11:45:56.905979,11/05/26,11:45:56
27909,0.13,27.909,128.9906481780071,13635602156,2026-05-11 11:46:24.814979,11/05/26,11:46:24
27544,0.13,27.544,130.699970955562,13635629700,2026-05-11 11:46:52.358979,11/05/26,11:46:52
28265,0.13,28.265,127.36600035379445,13635657965,2026-05-11 11:47:20.623979,11/05/26,11:47:20
28662,0.12,28.662,125.60184216035168,13635686627,2026-05-11 11:47:49.285979,11/05/26,11:47:49
28361,0.13,28.361,126.93487535700433,13635714988,2026-05-11 11:48:17.646979,11/05/26,11:48:17
28494,0.13,28.494,126.34238787113077,13635743482,2026-05-11 11:48:46.140979,11/05/26,11:48:46
28398,0.13,28.398,126.76949080921192,13635771880,2026-05-11 11:49:14.538979,11/05/26,11:49:14
28460,0.13,28.46,126.49332396345748,13635800340,2026-05-11 11:49:42.998979,11/05/26,11:49:42
27763,0.13,27.763,129.6689838994345,13635828103,2026-05-11 11:50:10.761979,11/05/26,11:50:10
27521,0.13,27.521,130.80920024708405,13635855624,2026-05-11 11:50:38.282979,11/05/26,11:50:38
27257,0.13,27.257,132.07616392119456,13635882881,2026-05-11 11:51:05.539979,11/05/26,11:51:5
27525,0.13,27.525,130.79019073569484,13635910406,2026-05-11 11:51:33.064979,11/05/26,11:51:33
27695,0.13,27.695,129.98736233977252,13635938101,2026-05-11 11:52:00.759979,11/05/26,11:52:0
27756,0.13,27.756,129.70168612191958,13635965857,2026-05-11 11:52:28.515979,11/05/26,11:52:28
27549,0.13,27.549,130.67624959163672,13635993406,2026-05-11 11:52:56.064979,11/05/26,11:52:56
27505,0.13,27.505,130.8852935829849,13636020911,2026-05-11 11:53:23.569979,11/05/26,11:53:23
27648,0.13,27.648,130.20833333333334,13636048559,2026-05-11 11:53:51.217979,11/05/26,11:53:51
27620,0.13,27.62,130.34033309196235,13636076179,2026-05-11 11:54:18.837979,11/05/26,11:54:18
28019,0.13,28.019,128.48424283521896,13636104198,2026-05-11 11:54:46.856979,11/05/26,11:54:46
26575,0.14,26.575,135.4656632173095,13636130773,2026-05-11 11:55:13.431979,11/05/26,11:55:13
26500,0.14,26.5,135.8490566037736,13636157273,2026-05-11 11:55:39.931979,11/05/26,11:55:39
26564,0.14,26.564,135.5217587712694,13636183837,2026-05-11 11:56:06.495979,11/05/26,11:56:6
26278,0.14,26.278,136.9967273004034,13636210115,2026-05-11 11:56:32.773979,11/05/26,11:56:32
26671,0.13,26.671,134.97806606426457,13636236786,2026-05-11 11:56:59.444979,11/05/26,11:56:59
27158,0.13,27.158,132.55762574563664,13636263944,2026-05-11 11:57:26.602979,11/05/26,11:57:26
27337,0.13,27.337,131.6896513882284,13636291281,2026-05-11 11:57:53.939979,11/05/26,11:57:53
27155,0.13,27.155,132.57227030012888,13636318436,2026-05-11 11:58:21.094979,11/05/26,11:58:21
27391,0.13,27.391,131.43003176225767,13636345827,2026-05-11 11:58:48.485979,11/05/26,11:58:48
27137,0.13,27.137,132.66020562331872,13636372964,2026-05-11 11:59:15.622979,11/05/26,11:59:15
27536,0.13,27.536,130.73794305636258,13636400500,2026-05-11 11:59:43.158979,11/05/26,11:59:43
27267,0.13,27.267,132.0277258224227,13636427767,2026-05-11 12:00:10.425979,11/05/26,12:0:10
26887,0.13,26.887,133.89370327667646,13636454654,2026-05-11 12:00:37.312979,11/05/26,12:0:37
26863,0.13,26.863,134.01332688083983,13636481517,2026-05-11 12:01:04.175979,11/05/26,12:1:4
27136,0.13,27.136,132.66509433962264,13636508653,2026-05-11 12:01:31.311979,11/05/26,12:1:31
27322,0.13,27.322,131.76195007686113,13636535975,2026-05-11 12:01:58.633979,11/05/26,12:1:58
27306,0.13,27.306,131.83915622940015,13636563281,2026-05-11 12:02:25.939979,11/05/26,12:2:25
27442,0.13,27.442,131.1857736316595,13636590723,2026-05-11 12:02:53.381979,11/05/26,12:2:53
27249,0.13,27.249,132.11493999779807,13636617972,2026-05-11 12:03:20.630979,11/05/26,12:3:20
27256,0.13,27.256,132.0810096859407,13636645228,2026-05-11 12:03:47.886979,11/05/26,12:3:47
26647,0.14,26.647,135.09963598153638,13636671875,2026-05-11 12:04:14.533979,11/05/26,12:4:14
27020,0.13,27.02,133.23464100666172,13636698895,2026-05-11 12:04:41.553979,11/05/26,12:4:41
26959,0.13,26.959,133.53611038985125,13636725854,2026-05-11 12:05:08.512979,11/05/26,12:5:8
27127,0.13,27.127,132.70910900578758,13636752981,2026-05-11 12:05:35.639979,11/05/26,12:5:35
27307,0.13,27.307,131.83432819423592,13636780288,2026-05-11 12:06:02.946979,11/05/26,12:6:2
27063,0.13,27.063,133.02294645826404,13636807351,2026-05-11 12:06:30.009979,11/05/26,12:6:30
27659,0.13,27.659,130.15654940525687,13636835010,2026-05-11 12:06:57.668979,11/05/26,12:6:57
27619,0.13,27.619,130.34505231905572,13636862629,2026-05-11 12:07:25.287979,11/05/26,12:7:25
27808,0.13,27.808,129.45914844649022,13636890437,2026-05-11 12:07:53.095979,11/05/26,12:7:53
27027,0.13,27.027,133.2001332001332,13636917464,2026-05-11 12:08:20.122979,11/05/26,12:8:20
26914,0.13,26.914,133.75938173441332,13636944378,2026-05-11 12:08:47.036979,11/05/26,12:8:47
26956,0.13,26.956,133.5509719542959,13636971334,2026-05-11 12:09:13.992979,11/05/26,12:9:13
17956,0.2,17.956,200.49008687903765,13636989290,2026-05-11 12:09:31.948979,11/05/26,12:9:31
17258,0.21,17.258,208.59891065013326,13637006548,2026-05-11 12:09:49.206979,11/05/26,12:9:49
17133,0.21,17.133,210.12081947119594,13637023681,2026-05-11 12:10:06.339979,11/05/26,12:10:6
17152,0.21,17.152,209.88805970149255,13637040833,2026-05-11 12:10:23.491979,11/05/26,12:10:23
17249,0.21,17.249,208.7077511739811,13637058082,2026-05-11 12:10:40.740979,11/05/26,12:10:40
16954,0.21,16.954,212.339270968503,13637075036,2026-05-11 12:10:57.694979,11/05/26,12:10:57
17163,0.21,17.163,209.7535395909806,13637092199,2026-05-11 12:11:14.857979,11/05/26,12:11:14
17404,0.21,17.404,206.84900022983223,13637109603,2026-05-11 12:11:32.261979,11/05/26,12:11:32
17566,0.2,17.566,204.94136399863373,13637127169,2026-05-11 12:11:49.827979,11/05/26,12:11:49
17530,0.2,17.53,205.3622361665716,13637144699,2026-05-11 12:12:07.357979,11/05/26,12:12:7
17773,0.2,17.773,202.55443650481067,13637162472,2026-05-11 12:12:25.130979,11/05/26,12:12:25
17654,0.2,17.654,203.9197915486575,13637180126,2026-05-11 12:12:42.784979,11/05/26,12:12:42
17541,0.2,17.541,205.2334530528476,13637197667,2026-05-11 12:13:00.325979,11/05/26,12:13:0
17972,0.2,17.972,200.31159581571333,13637215639,2026-05-11 12:13:18.297979,11/05/26,12:13:18
18118,0.2,18.118,198.69742797218237,13637233757,2026-05-11 12:13:36.415979,11/05/26,12:13:36
18204,0.2,18.204,197.7587343441002,13637251961,2026-05-11 12:13:54.619979,11/05/26,12:13:54
18085,0.2,18.085,199.05999447055572,13637270046,2026-05-11 12:14:12.704979,11/05/26,12:14:12
18488,0.19,18.488,194.7209000432713,13637288534,2026-05-11 12:14:31.192979,11/05/26,12:14:31
18600,0.19,18.6,193.5483870967742,13637307134,2026-05-11 12:14:49.792979,11/05/26,12:14:49
18590,0.19,18.59,193.65250134480902,13637325724,2026-05-11 12:15:08.382979,11/05/26,12:15:8
18611,0.19,18.611,193.43399065069045,13637344335,2026-05-11 12:15:26.993979,11/05/26,12:15:26
18761,0.19,18.761,191.88742604338788,13637363096,2026-05-11 12:15:45.754979,11/05/26,12:15:45
18793,0.19,18.793,191.56068749002287,13637381889,2026-05-11 12:16:04.547979,11/05/26,12:16:4
18918,0.19,18.918,190.29495718363464,13637400807,2026-05-11 12:16:23.465979,11/05/26,12:16:23
18616,0.19,18.616,193.38203695745594,13637419423,2026-05-11 12:16:42.081979,11/05/26,12:16:42
20706,0.17,20.706,173.86264850767893,13637440129,2026-05-11 12:17:02.787979,11/05/26,12:17:2
26505,0.14,26.505,135.8234295415959,13637466634,2026-05-11 12:17:29.292979,11/05/26,12:17:29
25844,0.14,25.844,139.29732239591394,13637492478,2026-05-11 12:17:55.136979,11/05/26,12:17:55
25885,0.14,25.885,139.07668533899943,13637518363,2026-05-11 12:18:21.021979,11/05/26,12:18:21
27565,0.13,27.565,130.6003990567749,13637545928,2026-05-11 12:18:48.586979,11/05/26,12:18:48
27858,0.13,27.858,129.22679302175317,13637573786,2026-05-11 12:19:16.444979,11/05/26,12:19:16
25844,0.14,25.844,139.29732239591394,13637599630,2026-05-11 12:19:42.288979,11/05/26,12:19:42
25924,0.14,25.924,138.86745872550532,13637625554,2026-05-11 12:20:08.212979,11/05/26,12:20:8
26985,0.13,26.985,133.40744858254587,13637652539,2026-05-11 12:20:35.197979,11/05/26,12:20:35
26894,0.13,26.894,133.8588532758236,13637679433,2026-05-11 12:21:02.091979,11/05/26,12:21:2
26419,0.14,26.419,136.26556644838942,13637705852,2026-05-11 12:21:28.510979,11/05/26,12:21:28
26244,0.14,26.244,137.17421124828533,13637732096,2026-05-11 12:21:54.754979,11/05/26,12:21:54
27300,0.13,27.3,131.86813186813185,13637759396,2026-05-11 12:22:22.054979,11/05/26,12:22:22
27287,0.13,27.287,131.93095613295708,13637786683,2026-05-11 12:22:49.341979,11/05/26,12:22:49
27522,0.13,27.522,130.80444735120994,13637814205,2026-05-11 12:23:16.863979,11/05/26,12:23:16
27854,0.13,27.854,129.24535075752135,13637842059,2026-05-11 12:23:44.717979,11/05/26,12:23:44
26858,0.13,26.858,134.0382753741902,13637868917,2026-05-11 12:24:11.575979,11/05/26,12:24:11
27450,0.13,27.45,131.14754098360655,13637896367,2026-05-11 12:24:39.025979,11/05/26,12:24:39
27322,0.13,27.322,131.76195007686113,13637923689,2026-05-11 12:25:06.347979,11/05/26,12:25:6
26646,0.14,26.646,135.10470614726412,13637950335,2026-05-11 12:25:32.993979,11/05/26,12:25:32
26914,0.13,26.914,133.75938173441332,13637977249,2026-05-11 12:25:59.907979,11/05/26,12:25:59
27235,0.13,27.235,132.1828529465761,13638004484,2026-05-11 12:26:27.142979,11/05/26,12:26:27
27380,0.13,27.38,131.4828341855369,13638031864,2026-05-11 12:26:54.522979,11/05/26,12:26:54
27174,0.13,27.174,132.47957606535658,13638059038,2026-05-11 12:27:21.696979,11/05/26,12:27:21
27568,0.13,27.568,130.586186883343,13638086606,2026-05-11 12:27:49.264979,11/05/26,12:27:49
27832,0.13,27.832,129.34751365334867,13638114438,2026-05-11 12:28:17.096979,11/05/26,12:28:17
28113,0.13,28.113,128.05463664496853,13638142551,2026-05-11 12:28:45.209979,11/05/26,12:28:45
27601,0.13,27.601,130.43005688199702,13638170152,2026-05-11 12:29:12.810979,11/05/26,12:29:12
27469,0.13,27.469,131.05682769667627,13638197621,2026-05-11 12:29:40.279979,11/05/26,12:29:40
27348,0.13,27.348,131.63668275559456,13638224969,2026-05-11 12:30:07.627979,11/05/26,12:30:7
33045,0.11,33.045,108.94235133908307,13638258014,2026-05-11 12:30:40.672979,11/05/26,12:30:40
26145,0.14,26.145,137.69363166953528,13638284159,2026-05-11 12:31:06.817979,11/05/26,12:31:6
26472,0.14,26.472,135.9927470534905,13638310631,2026-05-11 12:31:33.289979,11/05/26,12:31:33
27566,0.13,27.566,130.5956613219183,13638338197,2026-05-11 12:32:00.855979,11/05/26,12:32:0
27358,0.13,27.358,131.58856641567365,13638365555,2026-05-11 12:32:28.213979,11/05/26,12:32:28
27827,0.13,27.827,129.37075502210084,13638393382,2026-05-11 12:32:56.040979,11/05/26,12:32:56
27595,0.13,27.595,130.45841637977895,13638420977,2026-05-11 12:33:23.635979,11/05/26,12:33:23
27676,0.13,27.676,130.07660066483595,13638448653,2026-05-11 12:33:51.311979,11/05/26,12:33:51
27471,0.13,27.471,131.04728622911435,13638476124,2026-05-11 12:34:18.782979,11/05/26,12:34:18
27042,0.13,27.042,133.12624805857556,13638503166,2026-05-11 12:34:45.824979,11/05/26,12:34:45
26900,0.13,26.9,133.82899628252787,13638530066,2026-05-11 12:35:12.724979,11/05/26,12:35:12
26698,0.13,26.698,134.8415611656304,13638556764,2026-05-11 12:35:39.422979,11/05/26,12:35:39
26656,0.14,26.656,135.05402160864347,13638583420,2026-05-11 12:36:06.078979,11/05/26,12:36:6
26710,0.13,26.71,134.7809809060277,13638610130,2026-05-11 12:36:32.788979,11/05/26,12:36:32
28169,0.13,28.169,127.80006390003194,13638638299,2026-05-11 12:37:00.957979,11/05/26,12:37:0
28488,0.13,28.488,126.36899747262005,13638666787,2026-05-11 12:37:29.445979,11/05/26,12:37:29
28643,0.12,28.643,125.68515867751283,13638695430,2026-05-11 12:37:58.088979,11/05/26,12:37:58
28331,0.13,28.331,127.06928805901663,13638723761,2026-05-11 12:38:26.419979,11/05/26,12:38:26
28196,0.13,28.196,127.67768477798269,13638751957,2026-05-11 12:38:54.615979,11/05/26,12:38:54
27940,0.13,27.94,128.84753042233356,13638779897,2026-05-11 12:39:22.555979,11/05/26,12:39:22
28507,0.13,28.507,126.28477216122356,13638808404,2026-05-11 12:39:51.062979,11/05/26,12:39:51
28495,0.13,28.495,126.33795402702228,13638836899,2026-05-11 12:40:19.557979,11/05/26,12:40:19
27928,0.13,27.928,128.90289315382412,13638864827,2026-05-11 12:40:47.485979,11/05/26,12:40:47
27649,0.13,27.649,130.20362400086802,13638892476,2026-05-11 12:41:15.134979,11/05/26,12:41:15
28247,0.13,28.247,127.44716253053421,13638920723,2026-05-11 12:41:43.381979,11/05/26,12:41:43
28456,0.13,28.456,126.51110486364914,13638949179,2026-05-11 12:42:11.837979,11/05/26,12:42:11
28595,0.12,28.595,125.89613568805736,13638977774,2026-05-11 12:42:40.432979,11/05/26,12:42:40
28953,0.12,28.953,124.33944668946224,13639006727,2026-05-11 12:43:09.385979,11/05/26,12:43:9
29101,0.12,29.101,123.70708910346724,13639035828,2026-05-11 12:43:38.486979,11/05/26,12:43:38
28949,0.12,28.949,124.35662717192304,13639064777,2026-05-11 12:44:07.435979,11/05/26,12:44:7
29025,0.12,29.025,124.03100775193798,13639093802,2026-05-11 12:44:36.460979,11/05/26,12:44:36
28958,0.12,28.958,124.31797776089509,13639122760,2026-05-11 12:45:05.418979,11/05/26,12:45:5
28867,0.12,28.867,124.70987632937263,13639151627,2026-05-11 12:45:34.285979,11/05/26,12:45:34
28303,0.13,28.303,127.1949969967848,13639179930,2026-05-11 12:46:02.588979,11/05/26,12:46:2
28049,0.13,28.049,128.34682163356982,13639207979,2026-05-11 12:46:30.637979,11/05/26,12:46:30
28736,0.12,28.736,125.27839643652561,13639236715,2026-05-11 12:46:59.373979,11/05/26,12:46:59
28943,0.12,28.943,124.38240679957157,13639265658,2026-05-11 12:47:28.316979,11/05/26,12:47:28
29169,0.12,29.169,123.4186979327368,13639294827,2026-05-11 12:47:57.485979,11/05/26,12:47:57
29000,0.12,29.0,124.13793103448276,13639323827,2026-05-11 12:48:26.485979,11/05/26,12:48:26
29057,0.12,29.057,123.89441442681625,13639352884,2026-05-11 12:48:55.542979,11/05/26,12:48:55
28540,0.13,28.54,126.13875262789068,13639381424,2026-05-11 12:49:24.082979,11/05/26,12:49:24
29035,0.12,29.035,123.98828999483382,13639410459,2026-05-11 12:49:53.117979,11/05/26,12:49:53
28038,0.13,28.038,128.39717526214423,13639438497,2026-05-11 12:50:21.155979,11/05/26,12:50:21
28553,0.13,28.553,126.08132245298218,13639467050,2026-05-11 12:50:49.708979,11/05/26,12:50:49
28128,0.13,28.128,127.9863481228669,13639495178,2026-05-11 12:51:17.836979,11/05/26,12:51:17
28485,0.13,28.485,126.38230647709321,13639523663,2026-05-11 12:51:46.321979,11/05/26,12:51:46
28357,0.13,28.357,126.95278061854216,13639552020,2026-05-11 12:52:14.678979,11/05/26,12:52:14
28485,0.13,28.485,126.38230647709321,13639580505,2026-05-11 12:52:43.163979,11/05/26,12:52:43
28474,0.13,28.474,126.43113015382454,13639608979,2026-05-11 12:53:11.637979,11/05/26,12:53:11
28572,0.12,28.572,125.99748005039899,13639637551,2026-05-11 12:53:40.209979,11/05/26,12:53:40
28352,0.13,28.352,126.97516930022573,13639665903,2026-05-11 12:54:08.561979,11/05/26,12:54:8
28393,0.13,28.393,126.79181488395027,13639694296,2026-05-11 12:54:36.954979,11/05/26,12:54:36
28427,0.13,28.427,126.6401660393288,13639722723,2026-05-11 12:55:05.381979,11/05/26,12:55:5
28344,0.13,28.344,127.01100762066045,13639751067,2026-05-11 12:55:33.725979,11/05/26,12:55:33
28366,0.13,28.366,126.91250088133681,13639779433,2026-05-11 12:56:02.091979,11/05/26,12:56:2
27940,0.13,27.94,128.84753042233356,13639807373,2026-05-11 12:56:30.031979,11/05/26,12:56:30
28298,0.13,28.298,127.21747119937805,13639835671,2026-05-11 12:56:58.329979,11/05/26,12:56:58
15852,0.23,15.852,227.1006813020439,13639851523,2026-05-11 12:57:14.181979,11/05/26,12:57:14
17566,0.2,17.566,204.94136399863373,13639869089,2026-05-11 12:57:31.747979,11/05/26,12:57:31
17701,0.2,17.701,203.37834020676797,13639886790,2026-05-11 12:57:49.448979,11/05/26,12:57:49
17596,0.2,17.596,204.5919527165265,13639904386,2026-05-11 12:58:07.044979,11/05/26,12:58:7
17706,0.2,17.706,203.32090816672314,13639922092,2026-05-11 12:58:24.750979,11/05/26,12:58:24
17754,0.2,17.754,202.77120648867862,13639939846,2026-05-11 12:58:42.504979,11/05/26,12:58:42
18024,0.2,18.024,199.73368841544607,13639957870,2026-05-11 12:59:00.528979,11/05/26,12:59:0
17936,0.2,17.936,200.71364852809992,13639975806,2026-05-11 12:59:18.464979,11/05/26,12:59:18
18073,0.2,18.073,199.19216510817242,13639993879,2026-05-11 12:59:36.537979,11/05/26,12:59:36
18098,0.2,18.098,198.91700740413305,13640011977,2026-05-11 12:59:54.635979,11/05/26,12:59:54
18114,0.2,18.114,198.74130506790328,13640030091,2026-05-11 13:00:12.749979,11/05/26,13:0:12
18243,0.2,18.243,197.33596447952638,13640048334,2026-05-11 13:00:30.992979,11/05/26,13:0:30
18379,0.19,18.379,195.87572773273845,13640066713,2026-05-11 13:00:49.371979,11/05/26,13:0:49
17893,0.2,17.893,201.19599843514223,13640084606,2026-05-11 13:01:07.264979,11/05/26,13:1:7
18238,0.2,18.238,197.39006470007675,13640102844,2026-05-11 13:01:25.502979,11/05/26,13:1:25
18470,0.19,18.47,194.9106659447753,13640121314,2026-05-11 13:01:43.972979,11/05/26,13:1:43
18385,0.19,18.385,195.81180310035356,13640139699,2026-05-11 13:02:02.357979,11/05/26,13:2:2
18349,0.2,18.349,196.19597798245135,13640158048,2026-05-11 13:02:20.706979,11/05/26,13:2:20
18529,0.19,18.529,194.29003184197745,13640176577,2026-05-11 13:02:39.235979,11/05/26,13:2:39
18590,0.19,18.59,193.65250134480902,13640195167,2026-05-11 13:02:57.825979,11/05/26,13:2:57
18558,0.19,18.558,193.98642095053347,13640213725,2026-05-11 13:03:16.383979,11/05/26,13:3:16
18652,0.19,18.652,193.00879262277505,13640232377,2026-05-11 13:03:35.035979,11/05/26,13:3:35
18646,0.19,18.646,193.07089992491686,13640251023,2026-05-11 13:03:53.681979,11/05/26,13:3:53
18586,0.19,18.586,193.6941784138599,13640269609,2026-05-11 13:04:12.267979,11/05/26,13:4:12
18723,0.19,18.723,192.2768787053357,13640288332,2026-05-11 13:04:30.990979,11/05/26,13:4:30
26562,0.14,26.562,135.5319629545968,13640314894,2026-05-11 13:04:57.552979,11/05/26,13:4:57
28240,0.13,28.24,127.47875354107649,13640343134,2026-05-11 13:05:25.792979,11/05/26,13:5:25
28223,0.13,28.223,127.55553980795804,13640371357,2026-05-11 13:05:54.015979,11/05/26,13:5:54
28221,0.13,28.221,127.5645795684065,13640399578,2026-05-11 13:06:22.236979,11/05/26,13:6:22
27880,0.13,27.88,129.1248206599713,13640427458,2026-05-11 13:06:50.116979,11/05/26,13:6:50
28249,0.13,28.249,127.43813940316471,13640455707,2026-05-11 13:07:18.365979,11/05/26,13:7:18
28420,0.13,28.42,126.6713581984518,13640484127,2026-05-11 13:07:46.785979,11/05/26,13:7:46
27964,0.13,27.964,128.73694750393364,13640512091,2026-05-11 13:08:14.749979,11/05/26,13:8:14
28427,0.13,28.427,126.6401660393288,13640540518,2026-05-11 13:08:43.176979,11/05/26,13:8:43
28446,0.13,28.446,126.55557899177388,13640568964,2026-05-11 13:09:11.622979,11/05/26,13:9:11
28441,0.13,28.441,126.5778277838332,13640597405,2026-05-11 13:09:40.063979,11/05/26,13:9:40
28254,0.13,28.254,127.41558717349756,13640625659,2026-05-11 13:10:08.317979,11/05/26,13:10:8
28033,0.13,28.033,128.42007633860092,13640653692,2026-05-11 13:10:36.350979,11/05/26,13:10:36
28164,0.13,28.164,127.82275244993609,13640681856,2026-05-11 13:11:04.514979,11/05/26,13:11:4
28390,0.13,28.39,126.80521310320536,13640710246,2026-05-11 13:11:32.904979,11/05/26,13:11:32
28917,0.12,28.917,124.49424214130096,13640739163,2026-05-11 13:12:01.821979,11/05/26,13:12:1
28816,0.12,28.816,124.9305941143809,13640767979,2026-05-11 13:12:30.637979,11/05/26,13:12:30
29078,0.12,29.078,123.80493844143339,13640797057,2026-05-11 13:12:59.715979,11/05/26,13:12:59
28824,0.12,28.824,124.89592006661115,13640825881,2026-05-11 13:13:28.539979,11/05/26,13:13:28
28905,0.12,28.905,124.54592631032693,13640854786,2026-05-11 13:13:57.444979,11/05/26,13:13:57
28909,0.12,28.909,124.5286934864575,13640883695,2026-05-11 13:14:26.353979,11/05/26,13:14:26
28855,0.12,28.855,124.7617397331485,13640912550,2026-05-11 13:14:55.208979,11/05/26,13:14:55
28691,0.12,28.691,125.4748875954132,13640941241,2026-05-11 13:15:23.899979,11/05/26,13:15:23
28900,0.12,28.9,124.5674740484429,13640970141,2026-05-11 13:15:52.799979,11/05/26,13:15:52
28651,0.12,28.651,125.65006457017208,13640998792,2026-05-11 13:16:21.450979,11/05/26,13:16:21
28403,0.13,28.403,126.747174594233,13641027195,2026-05-11 13:16:49.853979,11/05/26,13:16:49
28771,0.12,28.771,125.12599492544577,13641055966,2026-05-11 13:17:18.624979,11/05/26,13:17:18
28976,0.12,28.976,124.24075096631695,13641084942,2026-05-11 13:17:47.600979,11/05/26,13:17:47
28826,0.12,28.826,124.88725456185388,13641113768,2026-05-11 13:18:16.426979,11/05/26,13:18:16
28905,0.12,28.905,124.54592631032693,13641142673,2026-05-11 13:18:45.331979,11/05/26,13:18:45
28818,0.12,28.818,124.92192379762648,13641171491,2026-05-11 13:19:14.149979,11/05/26,13:19:14
29017,0.12,29.017,124.06520315677017,13641200508,2026-05-11 13:19:43.166979,11/05/26,13:19:43
28762,0.12,28.762,125.1651484597733,13641229270,2026-05-11 13:20:11.928979,11/05/26,13:20:11
28992,0.12,28.992,124.17218543046357,13641258262,2026-05-11 13:20:40.920979,11/05/26,13:20:40
28522,0.13,28.522,126.21835775892293,13641286784,2026-05-11 13:21:09.442979,11/05/26,13:21:9
28669,0.12,28.669,125.57117443928982,13641315453,2026-05-11 13:21:38.111979,11/05/26,13:21:38
28953,0.12,28.953,124.33944668946224,13641344406,2026-05-11 13:22:07.064979,11/05/26,13:22:7
28869,0.12,28.869,124.70123662059649,13641373275,2026-05-11 13:22:35.933979,11/05/26,13:22:35
29058,0.12,29.058,123.89015073301672,13641402333,2026-05-11 13:23:04.991979,11/05/26,13:23:4
29057,0.12,29.057,123.89441442681625,13641431390,2026-05-11 13:23:34.048979,11/05/26,13:23:34
29060,0.12,29.06,123.88162422573986,13641460450,2026-05-11 13:24:03.108979,11/05/26,13:24:3
28951,0.12,28.951,124.3480363372595,13641489401,2026-05-11 13:24:32.059979,11/05/26,13:24:32
28951,0.12,28.951,124.3480363372595,13641518352,2026-05-11 13:25:01.010979,11/05/26,13:25:1
28959,0.12,28.959,124.31368486480886,13641547311,2026-05-11 13:25:29.969979,11/05/26,13:25:29
28946,0.12,28.946,124.36951564983072,13641576257,2026-05-11 13:25:58.915979,11/05/26,13:25:58
28616,0.12,28.616,125.80374615599665,13641604873,2026-05-11 13:26:27.531979,11/05/26,13:26:27
28668,0.12,28.668,125.57555462536627,13641633541,2026-05-11 13:26:56.199979,11/05/26,13:26:56
28972,0.12,28.972,124.25790418334944,13641662513,2026-05-11 13:27:25.171979,11/05/26,13:27:25
29193,0.12,29.193,123.31723358339327,13641691706,2026-05-11 13:27:54.364979,11/05/26,13:27:54
29051,0.12,29.051,123.92000275377784,13641720757,2026-05-11 13:28:23.415979,11/05/26,13:28:23
29122,0.12,29.122,123.61788338713001,13641749879,2026-05-11 13:28:52.537979,11/05/26,13:28:52
28951,0.12,28.951,124.3480363372595,13641778830,2026-05-11 13:29:21.488979,11/05/26,13:29:21
28874,0.12,28.874,124.6796425850246,13641807704,2026-05-11 13:29:50.362979,11/05/26,13:29:50
29105,0.12,29.105,123.69008761381205,13641836809,2026-05-11 13:30:19.467979,11/05/26,13:30:19
29304,0.12,29.304,122.85012285012284,13641866113,2026-05-11 13:30:48.771979,11/05/26,13:30:48
28766,0.12,28.766,125.14774386428422,13641894879,2026-05-11 13:31:17.537979,11/05/26,13:31:17
29413,0.12,29.413,122.39485941590453,13641924292,2026-05-11 13:31:46.950979,11/05/26,13:31:46
28808,0.12,28.808,124.96528742016106,13641953100,2026-05-11 13:32:15.758979,11/05/26,13:32:15
28524,0.13,28.524,126.20950778291964,13641981624,2026-05-11 13:32:44.282979,11/05/26,13:32:44
28590,0.12,28.59,125.91815320041972,13642010214,2026-05-11 13:33:12.872979,11/05/26,13:33:12
28854,0.12,28.854,124.76606363069246,13642039068,2026-05-11 13:33:41.726979,11/05/26,13:33:41
29022,0.12,29.022,124.04382881951624,13642068090,2026-05-11 13:34:10.748979,11/05/26,13:34:10
29286,0.12,29.286,122.92562999385372,13642097376,2026-05-11 13:34:40.034979,11/05/26,13:34:40
28953,0.12,28.953,124.33944668946224,13642126329,2026-05-11 13:35:08.987979,11/05/26,13:35:8
29257,0.12,29.257,123.04747581775301,13642155586,2026-05-11 13:35:38.244979,11/05/26,13:35:38
28829,0.12,28.829,124.87425855908981,13642184415,2026-05-11 13:36:07.073979,11/05/26,13:36:7
28564,0.13,28.564,126.03276851981515,13642212979,2026-05-11 13:36:35.637979,11/05/26,13:36:35
29143,0.12,29.143,123.528806231342,13642242122,2026-05-11 13:37:04.780979,11/05/26,13:37:4
28881,0.12,28.881,124.64942349641633,13642271003,2026-05-11 13:37:33.661979,11/05/26,13:37:33
29424,0.12,29.424,122.34910277324633,13642300427,2026-05-11 13:38:03.085979,11/05/26,13:38:3
28789,0.12,28.789,125.04776129771788,13642329216,2026-05-11 13:38:31.874979,11/05/26,13:38:31
29275,0.12,29.275,122.97181895815542,13642358491,2026-05-11 13:39:01.149979,11/05/26,13:39:1
29063,0.12,29.063,123.86883666517565,13642387554,2026-05-11 13:39:30.212979,11/05/26,13:39:30
29182,0.12,29.182,123.36371736001645,13642416736,2026-05-11 13:39:59.394979,11/05/26,13:39:59
28941,0.12,28.941,124.39100238416088,13642445677,2026-05-11 13:40:28.335979,11/05/26,13:40:28
29128,0.12,29.128,123.59241966492722,13642474805,2026-05-11 13:40:57.463979,11/05/26,13:40:57
29180,0.12,29.18,123.3721727210418,13642503985,2026-05-11 13:41:26.643979,11/05/26,13:41:26
29344,0.12,29.344,122.68266085059979,13642533329,2026-05-11 13:41:55.987979,11/05/26,13:41:55
29231,0.12,29.231,123.15692244534911,13642562560,2026-05-11 13:42:25.218979,11/05/26,13:42:25
29238,0.12,29.238,123.12743689718859,13642591798,2026-05-11 13:42:54.456979,11/05/26,13:42:54
29116,0.12,29.116,123.6433576040665,13642620914,2026-05-11 13:43:23.572979,11/05/26,13:43:23
29220,0.12,29.22,123.20328542094455,13642650134,2026-05-11 13:43:52.792979,11/05/26,13:43:52
29122,0.12,29.122,123.61788338713001,13642679256,2026-05-11 13:44:21.914979,11/05/26,13:44:21
29111,0.12,29.111,123.66459413967229,13642708367,2026-05-11 13:44:51.025979,11/05/26,13:44:51
28969,0.12,28.969,124.27077220477062,13642737336,2026-05-11 13:45:19.994979,11/05/26,13:45:19
29198,0.12,29.198,123.29611617234058,13642766534,2026-05-11 13:45:49.192979,11/05/26,13:45:49
29049,0.12,29.049,123.928534545079,13642795583,2026-05-11 13:46:18.241979,11/05/26,13:46:18
28598,0.12,28.598,125.88292887614519,13642824181,2026-05-11 13:46:46.839979,11/05/26,13:46:46
22746,0.16,22.746,158.26958586125033,13642846927,2026-05-11 13:47:09.585979,11/05/26,13:47:9
17956,0.2,17.956,200.49008687903765,13642864883,2026-05-11 13:47:27.541979,11/05/26,13:47:27
17869,0.2,17.869,201.46622642565336,13642882752,2026-05-11 13:47:45.410979,11/05/26,13:47:45
17958,0.2,17.958,200.46775810223855,13642900710,2026-05-11 13:48:03.368979,11/05/26,13:48:3
17870,0.2,17.87,201.45495243424733,13642918580,2026-05-11 13:48:21.238979,11/05/26,13:48:21
18048,0.2,18.048,199.46808510638297,13642936628,2026-05-11 13:48:39.286979,11/05/26,13:48:39
18165,0.2,18.165,198.1833195706028,13642954793,2026-05-11 13:48:57.451979,11/05/26,13:48:57
18067,0.2,18.067,199.25831626722754,13642972860,2026-05-11 13:49:15.518979,11/05/26,13:49:15
18395,0.19,18.395,195.70535471595542,13642991255,2026-05-11 13:49:33.913979,11/05/26,13:49:33
18436,0.19,18.436,195.27012367107832,13643009691,2026-05-11 13:49:52.349979,11/05/26,13:49:52
17995,0.2,17.995,200.0555709919422,13643027686,2026-05-11 13:50:10.344979,11/05/26,13:50:10
18263,0.2,18.263,197.11985982587746,13643045949,2026-05-11 13:50:28.607979,11/05/26,13:50:28
18354,0.2,18.354,196.1425302386401,13643064303,2026-05-11 13:50:46.961979,11/05/26,13:50:46
18106,0.2,18.106,198.82911741963989,13643082409,2026-05-11 13:51:05.067979,11/05/26,13:51:5
18431,0.19,18.431,195.32309695621507,13643100840,2026-05-11 13:51:23.498979,11/05/26,13:51:23
18495,0.19,18.495,194.64720194647202,13643119335,2026-05-11 13:51:41.993979,11/05/26,13:51:41
18518,0.19,18.518,194.40544335241387,13643137853,2026-05-11 13:52:00.511979,11/05/26,13:52:0
18532,0.19,18.532,194.25857975393913,13643156385,2026-05-11 13:52:19.043979,11/05/26,13:52:19
18633,0.19,18.633,193.2056029624859,13643175018,2026-05-11 13:52:37.676979,11/05/26,13:52:37
18650,0.19,18.65,193.02949061662198,13643193668,2026-05-11 13:52:56.326979,11/05/26,13:52:56
18555,0.19,18.555,194.01778496362166,13643212223,2026-05-11 13:53:14.881979,11/05/26,13:53:14
18748,0.19,18.748,192.02048218476637,13643230971,2026-05-11 13:53:33.629979,11/05/26,13:53:33
18723,0.19,18.723,192.2768787053357,13643249694,2026-05-11 13:53:52.352979,11/05/26,13:53:52
18740,0.19,18.74,192.10245464247598,13643268434,2026-05-11 13:54:11.092979,11/05/26,13:54:11
18771,0.19,18.771,191.7852005753556,13643287205,2026-05-11 13:54:29.863979,11/05/26,13:54:29
23300,0.15,23.3,154.50643776824035,13643310505,2026-05-11 13:54:53.163979,11/05/26,13:54:53
28711,0.12,28.711,125.38748214969873,13643339216,2026-05-11 13:55:21.874979,11/05/26,13:55:21
28800,0.12,28.8,125.0,13643368016,2026-05-11 13:55:50.674979,11/05/26,13:55:50
28160,0.13,28.16,127.8409090909091,13643396176,2026-05-11 13:56:18.834979,11/05/26,13:56:18
27470,0.13,27.47,131.05205678922462,13643423646,2026-05-11 13:56:46.304979,11/05/26,13:56:46
27826,0.13,27.826,129.37540429813842,13643451472,2026-05-11 13:57:14.130979,11/05/26,13:57:14
28059,0.13,28.059,128.30107986742223,13643479531,2026-05-11 13:57:42.189979,11/05/26,13:57:42
27915,0.13,27.915,128.9629231595916,13643507446,2026-05-11 13:58:10.104979,11/05/26,13:58:10
27992,0.13,27.992,128.60817376393254,13643535438,2026-05-11 13:58:38.096979,11/05/26,13:58:38
27974,0.13,27.974,128.69092728962607,13643563412,2026-05-11 13:59:06.070979,11/05/26,13:59:6
27656,0.13,27.656,130.17066820943015,13643591068,2026-05-11 13:59:33.726979,11/05/26,13:59:33
27992,0.13,27.992,128.60817376393254,13643619060,2026-05-11 14:00:01.718979,11/05/26,14:0:1
27970,0.13,27.97,128.70933142652842,13643647030,2026-05-11 14:00:29.688979,11/05/26,14:0:29
27863,0.13,27.863,129.20360334493773,13643674893,2026-05-11 14:00:57.551979,11/05/26,14:0:57
27720,0.13,27.72,129.87012987012986,13643702613,2026-05-11 14:01:25.271979,11/05/26,14:1:25
28046,0.13,28.046,128.36055052413892,13643730659,2026-05-11 14:01:53.317979,11/05/26,14:1:53
27872,0.13,27.872,129.16188289322616,13643758531,2026-05-11 14:02:21.189979,11/05/26,14:2:21
28163,0.13,28.163,127.82729112665554,13643786694,2026-05-11 14:02:49.352979,11/05/26,14:2:49
27977,0.13,27.977,128.67712764056188,13643814671,2026-05-11 14:03:17.329979,11/05/26,14:3:17
28170,0.13,28.17,127.79552715654953,13643842841,2026-05-11 14:03:45.499979,11/05/26,14:3:45
27973,0.13,27.973,128.69552783040788,13643870814,2026-05-11 14:04:13.472979,11/05/26,14:4:13
28139,0.13,28.139,127.93631614485234,13643898953,2026-05-11 14:04:41.611979,11/05/26,14:4:41
27871,0.13,27.871,129.1665171683829,13643926824,2026-05-11 14:05:09.482979,11/05/26,14:5:9
28105,0.13,28.105,128.09108699519658,13643954929,2026-05-11 14:05:37.587979,11/05/26,14:5:37
27871,0.13,27.871,129.1665171683829,13643982800,2026-05-11 14:06:05.458979,11/05/26,14:6:5
27582,0.13,27.582,130.51990428540353,13644010382,2026-05-11 14:06:33.040979,11/05/26,14:6:33
28126,0.13,28.126,127.99544905070042,13644038508,2026-05-11 14:07:01.166979,11/05/26,14:7:1
28066,0.13,28.066,128.2690800256538,13644066574,2026-05-11 14:07:29.232979,11/05/26,14:7:29
28442,0.13,28.442,126.57337739962028,13644095016,2026-05-11 14:07:57.674979,11/05/26,14:7:57
28380,0.13,28.38,126.84989429175475,13644123396,2026-05-11 14:08:26.054979,11/05/26,14:8:26
28986,0.12,28.986,124.1978886358932,13644152382,2026-05-11 14:08:55.040979,11/05/26,14:8:55
28856,0.12,28.856,124.75741613529249,13644181238,2026-05-11 14:09:23.896979,11/05/26,14:9:23
28918,0.12,28.918,124.48993706342071,13644210156,2026-05-11 14:09:52.814979,11/05/26,14:9:52
28827,0.12,28.827,124.8829222603809,13644238983,2026-05-11 14:10:21.641979,11/05/26,14:10:21
29073,0.12,29.073,123.82623052316582,13644268056,2026-05-11 14:10:50.714979,11/05/26,14:10:50
28549,0.13,28.549,126.0989877053487,13644296605,2026-05-11 14:11:19.263979,11/05/26,14:11:19
28745,0.12,28.745,125.23917202991825,13644325350,2026-05-11 14:11:48.008979,11/05/26,14:11:48
28518,0.13,28.518,126.23606143488323,13644353868,2026-05-11 14:12:16.526979,11/05/26,14:12:16
28727,0.12,28.727,125.31764542068437,13644382595,2026-05-11 14:12:45.253979,11/05/26,14:12:45
28540,0.13,28.54,126.13875262789068,13644411135,2026-05-11 14:13:13.793979,11/05/26,14:13:13
28853,0.12,28.853,124.7703878279555,13644439988,2026-05-11 14:13:42.646979,11/05/26,14:13:42
28490,0.13,28.49,126.36012636012636,13644468478,2026-05-11 14:14:11.136979,11/05/26,14:14:11
28684,0.12,28.684,125.50550829730861,13644497162,2026-05-11 14:14:39.820979,11/05/26,14:14:39
28459,0.13,28.459,126.49776871991286,13644525621,2026-05-11 14:15:08.279979,11/05/26,14:15:8
28764,0.12,28.764,125.15644555694618,13644554385,2026-05-11 14:15:37.043979,11/05/26,14:15:37
28574,0.12,28.574,125.98866102050816,13644582959,2026-05-11 14:16:05.617979,11/05/26,14:16:5
28194,0.13,28.194,127.68674185997021,13644611153,2026-05-11 14:16:33.811979,11/05/26,14:16:33
28268,0.13,28.268,127.35248337342578,13644639421,2026-05-11 14:17:02.079979,11/05/26,14:17:2
28583,0.12,28.583,125.94899065878319,13644668004,2026-05-11 14:17:30.662979,11/05/26,14:17:30
28659,0.12,28.659,125.61499005547995,13644696663,2026-05-11 14:17:59.321979,11/05/26,14:17:59
28910,0.12,28.91,124.52438602559668,13644725573,2026-05-11 14:18:28.231979,11/05/26,14:18:28
28969,0.12,28.969,124.27077220477062,13644754542,2026-05-11 14:18:57.200979,11/05/26,14:18:57
28791,0.12,28.791,125.03907471084715,13644783333,2026-05-11 14:19:25.991979,11/05/26,14:19:25
29037,0.12,29.037,123.97974997417089,13644812370,2026-05-11 14:19:55.028979,11/05/26,14:19:55
28799,0.12,28.799,125.0043404284871,13644841169,2026-05-11 14:20:23.827979,11/05/26,14:20:23
29056,0.12,29.056,123.89867841409692,13644870225,2026-05-11 14:20:52.883979,11/05/26,14:20:52
28103,0.13,28.103,128.10020282532113,13644898328,2026-05-11 14:21:20.986979,11/05/26,14:21:20
28780,0.12,28.78,125.0868658790827,13644927108,2026-05-11 14:21:49.766979,11/05/26,14:21:49
28649,0.12,28.649,125.6588362595553,13644955757,2026-05-11 14:22:18.415979,11/05/26,14:22:18
28722,0.12,28.722,125.33946104031753,13644984479,2026-05-11 14:22:47.137979,11/05/26,14:22:47
28584,0.12,28.584,125.94458438287154,13645013063,2026-05-11 14:23:15.721979,11/05/26,14:23:15
28832,0.12,28.832,124.86126526082131,13645041895,2026-05-11 14:23:44.553979,11/05/26,14:23:44
28526,0.13,28.526,126.20065904788613,13645070421,2026-05-11 14:24:13.079979,11/05/26,14:24:13
28890,0.12,28.89,124.61059190031153,13645099311,2026-05-11 14:24:41.969979,11/05/26,14:24:41
28516,0.13,28.516,126.2449151353626,13645127827,2026-05-11 14:25:10.485979,11/05/26,14:25:10
28801,0.12,28.801,124.99565987292108,13645156628,2026-05-11 14:25:39.286979,11/05/26,14:25:39
28635,0.12,28.635,125.72027239392352,13645185263,2026-05-11 14:26:07.921979,11/05/26,14:26:7
28187,0.13,28.187,127.71845176854579,13645213450,2026-05-11 14:26:36.108979,11/05/26,14:26:36
28732,0.12,28.732,125.29583739384658,13645242182,2026-05-11 14:27:04.840979,11/05/26,14:27:4
28688,0.12,28.688,125.48800892359175,13645270870,2026-05-11 14:27:33.528979,11/05/26,14:27:33
28836,0.12,28.836,124.84394506866417,13645299706,2026-05-11 14:28:02.364979,11/05/26,14:28:2
28660,0.12,28.66,125.6106071179344,13645328366,2026-05-11 14:28:31.024979,11/05/26,14:28:31
28844,0.12,28.844,124.80931909582583,13645357210,2026-05-11 14:28:59.868979,11/05/26,14:28:59
28652,0.12,28.652,125.64567918469915,13645385862,2026-05-11 14:29:28.520979,11/05/26,14:29:28
28893,0.12,28.893,124.59765341086076,13645414755,2026-05-11 14:29:57.413979,11/05/26,14:29:57
29547,0.12,29.547,121.83978068839475,13645444302,2026-05-11 14:30:26.960979,11/05/26,14:30:26
31048,0.12,31.048,115.94949755217728,13645475350,2026-05-11 14:30:58.008979,11/05/26,14:30:58
31117,0.12,31.117,115.69238679821319,13645506467,2026-05-11 14:31:29.125979,11/05/26,14:31:29
31184,0.12,31.184,115.44381734222678,13645537651,2026-05-11 14:32:00.309979,11/05/26,14:32:0
31185,0.12,31.185,115.44011544011543,13645568836,2026-05-11 14:32:31.494979,11/05/26,14:32:31
31176,0.12,31.176,115.47344110854503,13645600012,2026-05-11 14:33:02.670979,11/05/26,14:33:2
31341,0.11,31.341,114.86551163013306,13645631353,2026-05-11 14:33:34.011979,11/05/26,14:33:34
31150,0.12,31.15,115.56982343499197,13645662503,2026-05-11 14:34:05.161979,11/05/26,14:34:5
31201,0.12,31.201,115.38091727829236,13645693704,2026-05-11 14:34:36.362979,11/05/26,14:34:36
31146,0.12,31.146,115.58466576767482,13645724850,2026-05-11 14:35:07.508979,11/05/26,14:35:7
31137,0.12,31.137,115.61807495905194,13645755987,2026-05-11 14:35:38.645979,11/05/26,14:35:38
31161,0.12,31.161,115.52902666795032,13645787148,2026-05-11 14:36:09.806979,11/05/26,14:36:9
31273,0.12,31.273,115.11527515748409,13645818421,2026-05-11 14:36:41.079979,11/05/26,14:36:41
31264,0.12,31.264,115.14841351074719,13645849685,2026-05-11 14:37:12.343979,11/05/26,14:37:12
23799,0.15,23.799,151.26685995209883,13645873484,2026-05-11 14:37:36.142979,11/05/26,14:37:36
18511,0.19,18.511,194.4789584571336,13645891995,2026-05-11 14:37:54.653979,11/05/26,14:37:54
18392,0.19,18.392,195.73727707698998,13645910387,2026-05-11 14:38:13.045979,11/05/26,14:38:13
18520,0.19,18.52,194.38444924406048,13645928907,2026-05-11 14:38:31.565979,11/05/26,14:38:31
18486,0.19,18.486,194.74196689386562,13645947393,2026-05-11 14:38:50.051979,11/05/26,14:38:50
18552,0.19,18.552,194.0491591203105,13645965945,2026-05-11 14:39:08.603979,11/05/26,14:39:8
18696,0.19,18.696,192.55455712451862,13645984641,2026-05-11 14:39:27.299979,11/05/26,14:39:27
18839,0.19,18.839,191.09294548542917,13646003480,2026-05-11 14:39:46.138979,11/05/26,14:39:46
18994,0.19,18.994,189.5335369063915,13646022474,2026-05-11 14:40:05.132979,11/05/26,14:40:5
18944,0.19,18.944,190.03378378378378,13646041418,2026-05-11 14:40:24.076979,11/05/26,14:40:24
19027,0.19,19.027,189.20481421138382,13646060445,2026-05-11 14:40:43.103979,11/05/26,14:40:43
19024,0.19,19.024,189.23465096719931,13646079469,2026-05-11 14:41:02.127979,11/05/26,14:41:2
19127,0.19,19.127,188.2156114393266,13646098596,2026-05-11 14:41:21.254979,11/05/26,14:41:21
19233,0.19,19.233,187.17828731867104,13646117829,2026-05-11 14:41:40.487979,11/05/26,14:41:40
19236,0.19,19.236,187.14909544603867,13646137065,2026-05-11 14:41:59.723979,11/05/26,14:41:59
19308,0.19,19.308,186.45121193287756,13646156373,2026-05-11 14:42:19.031979,11/05/26,14:42:19
19336,0.19,19.336,186.18121638394703,13646175709,2026-05-11 14:42:38.367979,11/05/26,14:42:38
19346,0.19,19.346,186.08497880698852,13646195055,2026-05-11 14:42:57.713979,11/05/26,14:42:57
19432,0.19,19.432,185.26142445450802,13646214487,2026-05-11 14:43:17.145979,11/05/26,14:43:17
19495,0.18,19.495,184.6627340343678,13646233982,2026-05-11 14:43:36.640979,11/05/26,14:43:36
19422,0.19,19.422,185.35681186283597,13646253404,2026-05-11 14:43:56.062979,11/05/26,14:43:56
19441,0.19,19.441,185.17565968828765,13646272845,2026-05-11 14:44:15.503979,11/05/26,14:44:15
19571,0.18,19.571,183.94563384599664,13646292416,2026-05-11 14:44:35.074979,11/05/26,14:44:35
19523,0.18,19.523,184.397889668596,13646311939,2026-05-11 14:44:54.597979,11/05/26,14:44:54
23059,0.16,23.059,156.1212541740752,13646334998,2026-05-11 14:45:17.656979,11/05/26,14:45:17
30944,0.12,30.944,116.33919338159255,13646365942,2026-05-11 14:45:48.600979,11/05/26,14:45:48
30887,0.12,30.887,116.55388998607829,13646396829,2026-05-11 14:46:19.487979,11/05/26,14:46:19
31212,0.12,31.212,115.34025374855824,13646428041,2026-05-11 14:46:50.699979,11/05/26,14:46:50
31107,0.12,31.107,115.72957855145144,13646459148,2026-05-11 14:47:21.806979,11/05/26,14:47:21
31128,0.12,31.128,115.6515034695451,13646490276,2026-05-11 14:47:52.934979,11/05/26,14:47:52
31132,0.12,31.132,115.63664396762174,13646521408,2026-05-11 14:48:24.066979,11/05/26,14:48:24
31103,0.12,31.103,115.74446194900814,13646552511,2026-05-11 14:48:55.169979,11/05/26,14:48:55
31219,0.12,31.219,115.31439187674172,13646583730,2026-05-11 14:49:26.388979,11/05/26,14:49:26
30974,0.12,30.974,116.22651255892039,13646614704,2026-05-11 14:49:57.362979,11/05/26,14:49:57
30936,0.12,30.936,116.36927851047324,13646645640,2026-05-11 14:50:28.298979,11/05/26,14:50:28
31049,0.12,31.049,115.94576314857161,13646676689,2026-05-11 14:50:59.347979,11/05/26,14:50:59
31043,0.12,31.043,115.96817317913862,13646707732,2026-05-11 14:51:30.390979,11/05/26,14:51:30
31086,0.12,31.086,115.80775911986103,13646738818,2026-05-11 14:52:01.476979,11/05/26,14:52:1
31133,0.12,31.133,115.6329296887547,13646769951,2026-05-11 14:52:32.609979,11/05/26,14:52:32
31167,0.12,31.167,115.50678602367888,13646801118,2026-05-11 14:53:03.776979,11/05/26,14:53:3
31063,0.12,31.063,115.89350674435823,13646832181,2026-05-11 14:53:34.839979,11/05/26,14:53:34
31113,0.12,31.113,115.70726063060457,13646863294,2026-05-11 14:54:05.952979,11/05/26,14:54:5
30961,0.12,30.961,116.27531410484157,13646894255,2026-05-11 14:54:36.913979,11/05/26,14:54:36
31172,0.12,31.172,115.48825869369948,13646925427,2026-05-11 14:55:08.085979,11/05/26,14:55:8
31174,0.12,31.174,115.48084942580356,13646956601,2026-05-11 14:55:39.259979,11/05/26,14:55:39
31164,0.12,31.164,115.51790527531767,13646987765,2026-05-11 14:56:10.423979,11/05/26,14:56:10
31210,0.12,31.21,115.34764498558154,13647018975,2026-05-11 14:56:41.633979,11/05/26,14:56:41
31137,0.12,31.137,115.61807495905194,13647050112,2026-05-11 14:57:12.770979,11/05/26,14:57:12
31170,0.12,31.17,115.49566891241578,13647081282,2026-05-11 14:57:43.940979,11/05/26,14:57:43
31184,0.12,31.184,115.44381734222678,13647112466,2026-05-11 14:58:15.124979,11/05/26,14:58:15
31242,0.12,31.242,115.22949875168042,13647143708,2026-05-11 14:58:46.366979,11/05/26,14:58:46
31098,0.12,31.098,115.76307158016593,13647174806,2026-05-11 14:59:17.464979,11/05/26,14:59:17
30782,0.12,30.782,116.95146514196608,13647205588,2026-05-11 14:59:48.246979,11/05/26,14:59:48
33058,0.11,33.058,108.89950995220522,13647238646,2026-05-11 15:00:21.304979,11/05/26,15:0:21
33406,0.11,33.406,107.76507214272885,13647272052,2026-05-11 15:00:54.710979,11/05/26,15:0:54
33580,0.11,33.58,107.20667063728409,13647305632,2026-05-11 15:01:28.290979,11/05/26,15:1:28
40349,0.09,40.349,89.22154204565169,13647345981,2026-05-11 15:02:08.639979,11/05/26,15:2:8
40586,0.09,40.586,88.7005371310304,13647386567,2026-05-11 15:02:49.225979,11/05/26,15:2:49
40543,0.09,40.543,88.79461312680364,13647427110,2026-05-11 15:03:29.768979,11/05/26,15:3:29
40558,0.09,40.558,88.76177326298141,13647467668,2026-05-11 15:04:10.326979,11/05/26,15:4:10
40533,0.09,40.533,88.81651987269632,13647508201,2026-05-11 15:04:50.859979,11/05/26,15:4:50
40501,0.09,40.501,88.88669415569986,13647548702,2026-05-11 15:05:31.360979,11/05/26,15:5:31
40539,0.09,40.539,88.80337452823207,13647589241,2026-05-11 15:06:11.899979,11/05/26,15:6:11
40615,0.09,40.615,88.63720300381632,13647629856,2026-05-11 15:06:52.514979,11/05/26,15:6:52
40469,0.09,40.469,88.95697941634337,13647670325,2026-05-11 15:07:32.983979,11/05/26,15:7:32
40653,0.09,40.653,88.55435023245516,13647710978,2026-05-11 15:08:13.636979,11/05/26,15:8:13
40564,0.09,40.564,88.74864411793709,13647751542,2026-05-11 15:08:54.200979,11/05/26,15:8:54
40630,0.09,40.63,88.60447944868324,13647792172,2026-05-11 15:09:34.830979,11/05/26,15:9:34
40563,0.09,40.563,88.75083203905037,13647832735,2026-05-11 15:10:15.393979,11/05/26,15:10:15
40676,0.09,40.676,88.50427770675583,13647873411,2026-05-11 15:10:56.069979,11/05/26,15:10:56
40843,0.09,40.843,88.14239894229121,13647914254,2026-05-11 15:11:36.912979,11/05/26,15:11:36
41475,0.09,41.475,86.79927667269439,13647955729,2026-05-11 15:12:18.387979,11/05/26,15:12:18
41781,0.09,41.781,86.16356717168091,13647997510,2026-05-11 15:13:00.168979,11/05/26,15:13:0
41627,0.09,41.627,86.48233117928268,13648039137,2026-05-11 15:13:41.795979,11/05/26,15:13:41
41546,0.09,41.546,86.65094112549944,13648080683,2026-05-11 15:14:23.341979,11/05/26,15:14:23
41728,0.09,41.728,86.27300613496932,13648122411,2026-05-11 15:15:05.069979,11/05/26,15:15:5
41708,0.09,41.708,86.31437613887024,13648164119,2026-05-11 15:15:46.777979,11/05/26,15:15:46
41460,0.09,41.46,86.83068017366136,13648205579,2026-05-11 15:16:28.237979,11/05/26,15:16:28
41684,0.09,41.684,86.36407254582093,13648247263,2026-05-11 15:17:09.921979,11/05/26,15:17:9
41688,0.09,41.688,86.35578583765113,13648288951,2026-05-11 15:17:51.609979,11/05/26,15:17:51
41782,0.09,41.782,86.16150495428653,13648330733,2026-05-11 15:18:33.391979,11/05/26,15:18:33
41794,0.09,41.794,86.13676604297268,13648372527,2026-05-11 15:19:15.185979,11/05/26,15:19:15
41704,0.09,41.704,86.32265490120852,13648414231,2026-05-11 15:19:56.889979,11/05/26,15:19:56
41608,0.09,41.608,86.52182272639877,13648455839,2026-05-11 15:20:38.497979,11/05/26,15:20:38
41624,0.09,41.624,86.4885642898328,13648497463,2026-05-11 15:21:20.121979,11/05/26,15:21:20
41707,0.09,41.707,86.3164456805812,13648539170,2026-05-11 15:22:01.828979,11/05/26,15:22:1
41811,0.09,41.811,86.1017435603071,13648580981,2026-05-11 15:22:43.639979,11/05/26,15:22:43
41638,0.09,41.638,86.45948412507805,13648622619,2026-05-11 15:23:25.277979,11/05/26,15:23:25
41576,0.09,41.576,86.5884163940735,13648664195,2026-05-11 15:24:06.853979,11/05/26,15:24:6
41607,0.09,41.607,86.52390222799048,13648705802,2026-05-11 15:24:48.460979,11/05/26,15:24:48
41702,0.09,41.702,86.3267948779435,13648747504,2026-05-11 15:25:30.162979,11/05/26,15:25:30
41533,0.09,41.533,86.67806322683168,13648789037,2026-05-11 15:26:11.695979,11/05/26,15:26:11
41570,0.09,41.57,86.60091412076017,13648830607,2026-05-11 15:26:53.265979,11/05/26,15:26:53
41447,0.09,41.447,86.85791492749777,13648872054,2026-05-11 15:27:34.712979,11/05/26,15:27:34
38896,0.09,38.896,92.5545043192102,13648910950,2026-05-11 15:28:13.608979,11/05/26,15:28:13
19497,0.18,19.497,184.64379135251576,13648930447,2026-05-11 15:28:33.105979,11/05/26,15:28:33
21879,0.16,21.879,164.54134101192923,13648952326,2026-05-11 15:28:54.984979,11/05/26,15:28:54
21865,0.16,21.865,164.64669563228904,13648974191,2026-05-11 15:29:16.849979,11/05/26,15:29:16
21995,0.16,21.995,163.6735621732212,13648996186,2026-05-11 15:29:38.844979,11/05/26,15:29:38
22206,0.16,22.206,162.11834639286678,13649018392,2026-05-11 15:30:01.050979,11/05/26,15:30:1
22427,0.16,22.427,160.52080082043966,13649040819,2026-05-11 15:30:23.477979,11/05/26,15:30:23
22560,0.16,22.56,159.5744680851064,13649063379,2026-05-11 15:30:46.037979,11/05/26,15:30:46
22616,0.16,22.616,159.1793420587195,13649085995,2026-05-11 15:31:08.653979,11/05/26,15:31:8
22769,0.16,22.769,158.10971057139093,13649108764,2026-05-11 15:31:31.422979,11/05/26,15:31:31
22844,0.16,22.844,157.59061460339694,13649131608,2026-05-11 15:31:54.266979,11/05/26,15:31:54
22858,0.16,22.858,157.49409397147608,13649154466,2026-05-11 15:32:17.124979,11/05/26,15:32:17
23104,0.16,23.104,155.81717451523545,13649177570,2026-05-11 15:32:40.228979,11/05/26,15:32:40
23125,0.16,23.125,155.67567567567568,13649200695,2026-05-11 15:33:03.353979,11/05/26,15:33:3
23327,0.15,23.327,154.32760320658466,13649224022,2026-05-11 15:33:26.680979,11/05/26,15:33:26
23322,0.15,23.322,154.36068947774635,13649247344,2026-05-11 15:33:50.002979,11/05/26,15:33:50
23459,0.15,23.459,153.4592267360075,13649270803,2026-05-11 15:34:13.461979,11/05/26,15:34:13
23479,0.15,23.479,153.32850632480088,13649294282,2026-05-11 15:34:36.940979,11/05/26,15:34:36
23558,0.15,23.558,152.81433058833517,13649317840,2026-05-11 15:35:00.498979,11/05/26,15:35:0
23611,0.15,23.611,152.47130574732117,13649341451,2026-05-11 15:35:24.109979,11/05/26,15:35:24
38884,0.09,38.884,92.58306758563934,13649380335,2026-05-11 15:36:02.993979,11/05/26,15:36:2
41348,0.09,41.348,87.0658798490858,13649421683,2026-05-11 15:36:44.341979,11/05/26,15:36:44
41573,0.09,41.573,86.59466480648499,13649463256,2026-05-11 15:37:25.914979,11/05/26,15:37:25
40444,0.09,40.444,89.01196716447434,13649503700,2026-05-11 15:38:06.358979,11/05/26,15:38:6
34605,0.1,34.605,104.03120936280884,13649538305,2026-05-11 15:38:40.963979,11/05/26,15:38:40
35515,0.1,35.515,101.36562016049557,13649573820,2026-05-11 15:39:16.478979,11/05/26,15:39:16
26121,0.14,26.121,137.82014471115195,13649599941,2026-05-11 15:39:42.599979,11/05/26,15:39:42
26989,0.13,26.989,133.3876764607803,13649626930,2026-05-11 15:40:09.588979,11/05/26,15:40:9
28217,0.13,28.217,127.58266293369246,13649655147,2026-05-11 15:40:37.805979,11/05/26,15:40:37
28364,0.13,28.364,126.92144972500353,13649683511,2026-05-11 15:41:06.169979,11/05/26,15:41:6
28867,0.12,28.867,124.70987632937263,13649712378,2026-05-11 15:41:35.036979,11/05/26,15:41:35
28635,0.12,28.635,125.72027239392352,13649741013,2026-05-11 15:42:03.671979,11/05/26,15:42:3
27928,0.13,27.928,128.90289315382412,13649768941,2026-05-11 15:42:31.599979,11/05/26,15:42:31
28583,0.12,28.583,125.94899065878319,13649797524,2026-05-11 15:43:00.182979,11/05/26,15:43:0
29141,0.12,29.141,123.53728423870149,13649826665,2026-05-11 15:43:29.323979,11/05/26,15:43:29
29070,0.12,29.07,123.83900928792569,13649855735,2026-05-11 15:43:58.393979,11/05/26,15:43:58
28769,0.12,28.769,125.13469359379889,13649884504,2026-05-11 15:44:27.162979,11/05/26,15:44:27
28268,0.13,28.268,127.35248337342578,13649912772,2026-05-11 15:44:55.430979,11/05/26,15:44:55
28836,0.12,28.836,124.84394506866417,13649941608,2026-05-11 15:45:24.266979,11/05/26,15:45:24
29521,0.12,29.521,121.94708851326175,13649971129,2026-05-11 15:45:53.787979,11/05/26,15:45:53
29207,0.12,29.207,123.25812305269285,13650000336,2026-05-11 15:46:22.994979,11/05/26,15:46:22
29902,0.12,29.902,120.39328473011838,13650030238,2026-05-11 15:46:52.896979,11/05/26,15:46:52
29641,0.12,29.641,121.45339226071995,13650059879,2026-05-11 15:47:22.537979,11/05/26,15:47:22
29419,0.12,29.419,122.36989700533668,13650089298,2026-05-11 15:47:51.956979,11/05/26,15:47:51
29643,0.12,29.643,121.44519785446818,13650118941,2026-05-11 15:48:21.599979,11/05/26,15:48:21
29592,0.12,29.592,121.65450121654501,13650148533,2026-05-11 15:48:51.191979,11/05/26,15:48:51
29014,0.12,29.014,124.07803129523678,13650177547,2026-05-11 15:49:20.205979,11/05/26,15:49:20
29099,0.12,29.099,123.71559160108595,13650206646,2026-05-11 15:49:49.304979,11/05/26,15:49:49
29486,0.12,29.486,122.09184019534695,13650236132,2026-05-11 15:50:18.790979,11/05/26,15:50:18
29742,0.12,29.742,121.04095218882388,13650265874,2026-05-11 15:50:48.532979,11/05/26,15:50:48
29757,0.12,29.757,120.97993749369896,13650295631,2026-05-11 15:51:18.289979,11/05/26,15:51:18
30000,0.12,30.0,120.0,13650325631,2026-05-11 15:51:48.289979,11/05/26,15:51:48
29759,0.12,29.759,120.9718068483484,13650355390,2026-05-11 15:52:18.048979,11/05/26,15:52:18
29889,0.12,29.889,120.44564890093345,13650385279,2026-05-11 15:52:47.937979,11/05/26,15:52:47
29722,0.12,29.722,121.12240091514703,13650415001,2026-05-11 15:53:17.659979,11/05/26,15:53:17
30065,0.12,30.065,119.7405621154166,13650445066,2026-05-11 15:53:47.724979,11/05/26,15:53:47
30404,0.12,30.404,118.40547296408367,13650475470,2026-05-11 15:54:18.128979,11/05/26,15:54:18
29121,0.12,29.121,123.62212836097662,13650504591,2026-05-11 15:54:47.249979,11/05/26,15:54:47
29596,0.12,29.596,121.63805919718881,13650534187,2026-05-11 15:55:16.845979,11/05/26,15:55:16
29744,0.12,29.744,121.03281334050565,13650563931,2026-05-11 15:55:46.589979,11/05/26,15:55:46
29015,0.12,29.015,124.07375495433396,13650592946,2026-05-11 15:56:15.604979,11/05/26,15:56:15
29654,0.12,29.654,121.40014837795913,13650622600,2026-05-11 15:56:45.258979,11/05/26,15:56:45
29508,0.12,29.508,122.00081333875559,13650652108,2026-05-11 15:57:14.766979,11/05/26,15:57:14
29600,0.12,29.6,121.62162162162163,13650681708,2026-05-11 15:57:44.366979,11/05/26,15:57:44
29555,0.12,29.555,121.80680087971578,13650711263,2026-05-11 15:58:13.921979,11/05/26,15:58:13
29743,0.12,29.743,121.0368826278452,13650741006,2026-05-11 15:58:43.664979,11/05/26,15:58:43
29614,0.12,29.614,121.56412507597757,13650770620,2026-05-11 15:59:13.278979,11/05/26,15:59:13
29511,0.12,29.511,121.98841110094541,13650800131,2026-05-11 15:59:42.789979,11/05/26,15:59:42
29604,0.12,29.604,121.60518848804216,13650829735,2026-05-11 16:00:12.393979,11/05/26,16:0:12
28979,0.12,28.979,124.22788916111666,13650858714,2026-05-11 16:00:41.372979,11/05/26,16:0:41
28790,0.12,28.79,125.04341785342133,13650887504,2026-05-11 16:01:10.162979,11/05/26,16:1:10
28891,0.12,28.891,124.60627877193589,13650916395,2026-05-11 16:01:39.053979,11/05/26,16:1:39
28896,0.12,28.896,124.58471760797342,13650945291,2026-05-11 16:02:07.949979,11/05/26,16:2:7
29019,0.12,29.019,124.05665253799235,13650974310,2026-05-11 16:02:36.968979,11/05/26,16:2:36
28994,0.12,28.994,124.16362005932262,13651003304,2026-05-11 16:03:05.962979,11/05/26,16:3:5
28736,0.12,28.736,125.27839643652561,13651032040,2026-05-11 16:03:34.698979,11/05/26,16:3:34
28998,0.12,28.998,124.14649286157666,13651061038,2026-05-11 16:04:03.696979,11/05/26,16:4:3
28211,0.13,28.211,127.60979759668214,13651089249,2026-05-11 16:04:31.907979,11/05/26,16:4:31
28944,0.12,28.944,124.37810945273633,13651118193,2026-05-11 16:05:00.851979,11/05/26,16:5:0
28835,0.12,28.835,124.84827466620426,13651147028,2026-05-11 16:05:29.686979,11/05/26,16:5:29
29486,0.12,29.486,122.09184019534695,13651176514,2026-05-11 16:05:59.172979,11/05/26,16:5:59
28863,0.12,28.863,124.72715933894605,13651205377,2026-05-11 16:06:28.035979,11/05/26,16:6:28
29297,0.12,29.297,122.87947571423695,13651234674,2026-05-11 16:06:57.332979,11/05/26,16:6:57
29552,0.12,29.552,121.81916621548457,13651264226,2026-05-11 16:07:26.884979,11/05/26,16:7:26
29565,0.12,29.565,121.76560121765601,13651293791,2026-05-11 16:07:56.449979,11/05/26,16:7:56
29589,0.12,29.589,121.66683564838284,13651323380,2026-05-11 16:08:26.038979,11/05/26,16:8:26
29345,0.12,29.345,122.67848014994037,13651352725,2026-05-11 16:08:55.383979,11/05/26,16:8:55
29537,0.12,29.537,121.88103057182516,13651382262,2026-05-11 16:09:24.920979,11/05/26,16:9:24
29967,0.12,29.967,120.13214535989589,13651412229,2026-05-11 16:09:54.887979,11/05/26,16:9:54
29785,0.12,29.785,120.86620782272956,13651442014,2026-05-11 16:10:24.672979,11/05/26,16:10:24
29912,0.12,29.912,120.35303557100829,13651471926,2026-05-11 16:10:54.584979,11/05/26,16:10:54
29941,0.12,29.941,120.2364650479276,13651501867,2026-05-11 16:11:24.525979,11/05/26,16:11:24
30507,0.12,30.507,118.00570360900777,13651532374,2026-05-11 16:11:55.032979,11/05/26,16:11:55
30504,0.12,30.504,118.01730920535012,13651562878,2026-05-11 16:12:25.536979,11/05/26,16:12:25
30626,0.12,30.626,117.54718213282831,13651593504,2026-05-11 16:12:56.162979,11/05/26,16:12:56
30304,0.12,30.304,118.79619852164731,13651623808,2026-05-11 16:13:26.466979,11/05/26,16:13:26
30373,0.12,30.373,118.52632272083758,13651654181,2026-05-11 16:13:56.839979,11/05/26,16:13:56
30485,0.12,30.485,118.09086435952108,13651684666,2026-05-11 16:14:27.324979,11/05/26,16:14:27
30672,0.12,30.672,117.37089201877934,13651715338,2026-05-11 16:14:57.996979,11/05/26,16:14:57
30557,0.12,30.557,117.81261249468207,13651745895,2026-05-11 16:15:28.553979,11/05/26,16:15:28
29552,0.12,29.552,121.81916621548457,13651775447,2026-05-11 16:15:58.105979,11/05/26,16:15:58
29351,0.12,29.351,122.65340192838404,13651804798,2026-05-11 16:16:27.456979,11/05/26,16:16:27
29460,0.12,29.46,122.19959266802444,13651834258,2026-05-11 16:16:56.916979,11/05/26,16:16:56
29461,0.12,29.461,122.19544482536234,13651863719,2026-05-11 16:17:26.377979,11/05/26,16:17:26
29734,0.12,29.734,121.07351853097464,13651893453,2026-05-11 16:17:56.111979,11/05/26,16:17:56
29544,0.12,29.544,121.85215272136475,13651922997,2026-05-11 16:18:25.655979,11/05/26,16:18:25
28947,0.12,28.947,124.36521919369883,13651951944,2026-05-11 16:18:54.602979,11/05/26,16:18:54
20381,0.18,20.381,176.63510131985672,13651972325,2026-05-11 16:19:14.983979,11/05/26,16:19:14
17967,0.2,17.967,200.36734012355987,13651990292,2026-05-11 16:19:32.950979,11/05/26,16:19:32
17639,0.2,17.639,204.09320256250354,13652007931,2026-05-11 16:19:50.589979,11/05/26,16:19:50
17992,0.2,17.992,200.08892841262784,13652025923,2026-05-11 16:20:08.581979,11/05/26,16:20:8
18019,0.2,18.019,199.7891114934236,13652043942,2026-05-11 16:20:26.600979,11/05/26,16:20:26
17631,0.2,17.631,204.1858090862685,13652061573,2026-05-11 16:20:44.231979,11/05/26,16:20:44
17771,0.2,17.771,202.57723256991727,13652079344,2026-05-11 16:21:02.002979,11/05/26,16:21:2
17497,0.2,17.497,205.74955706692575,13652096841,2026-05-11 16:21:19.499979,11/05/26,16:21:19
17970,0.2,17.97,200.3338898163606,13652114811,2026-05-11 16:21:37.469979,11/05/26,16:21:37
18179,0.2,18.179,198.03069475768743,13652132990,2026-05-11 16:21:55.648979,11/05/26,16:21:55
17910,0.2,17.91,201.00502512562815,13652150900,2026-05-11 16:22:13.558979,11/05/26,16:22:13
17889,0.2,17.889,201.2409860808318,13652168789,2026-05-11 16:22:31.447979,11/05/26,16:22:31
18323,0.2,18.323,196.4743764667358,13652187112,2026-05-11 16:22:49.770979,11/05/26,16:22:49
18445,0.19,18.445,195.17484413120087,13652205557,2026-05-11 16:23:08.215979,11/05/26,16:23:8
18374,0.19,18.374,195.92903015130076,13652223931,2026-05-11 16:23:26.589979,11/05/26,16:23:26
18356,0.2,18.356,196.1211592939638,13652242287,2026-05-11 16:23:44.945979,11/05/26,16:23:44
18525,0.19,18.525,194.33198380566802,13652260812,2026-05-11 16:24:03.470979,11/05/26,16:24:3
18649,0.19,18.649,193.03984127835272,13652279461,2026-05-11 16:24:22.119979,11/05/26,16:24:22
18663,0.19,18.663,192.89503295290146,13652298124,2026-05-11 16:24:40.782979,11/05/26,16:24:40
18450,0.19,18.45,195.1219512195122,13652316574,2026-05-11 16:24:59.232979,11/05/26,16:24:59
18643,0.19,18.643,193.10196856729067,13652335217,2026-05-11 16:25:17.875979,11/05/26,16:25:17
18395,0.19,18.395,195.70535471595542,13652353612,2026-05-11 16:25:36.270979,11/05/26,16:25:36
18757,0.19,18.757,191.92834675054647,13652372369,2026-05-11 16:25:55.027979,11/05/26,16:25:55
18205,0.2,18.205,197.74787146388354,13652390574,2026-05-11 16:26:13.232979,11/05/26,16:26:13
18515,0.19,18.515,194.43694301917364,13652409089,2026-05-11 16:26:31.747979,11/05/26,16:26:31
22747,0.16,22.747,158.26262803886226,13652431836,2026-05-11 16:26:54.494979,11/05/26,16:26:54
29019,0.12,29.019,124.05665253799235,13652460855,2026-05-11 16:27:23.513979,11/05/26,16:27:23
29108,0.12,29.108,123.67733956300674,13652489963,2026-05-11 16:27:52.621979,11/05/26,16:27:52
28992,0.12,28.992,124.17218543046357,13652518955,2026-05-11 16:28:21.613979,11/05/26,16:28:21
28911,0.12,28.911,124.52007886271662,13652547866,2026-05-11 16:28:50.524979,11/05/26,16:28:50
28926,0.12,28.926,124.45550715619166,13652576792,2026-05-11 16:29:19.450979,11/05/26,16:29:19
29078,0.12,29.078,123.80493844143339,13652605870,2026-05-11 16:29:48.528979,11/05/26,16:29:48
29392,0.12,29.392,122.48230811105063,13652635262,2026-05-11 16:30:17.920979,11/05/26,16:30:17
29607,0.12,29.607,121.59286655182896,13652664869,2026-05-11 16:30:47.527979,11/05/26,16:30:47
29107,0.12,29.107,123.68158862129384,13652693976,2026-05-11 16:31:16.634979,11/05/26,16:31:16
29589,0.12,29.589,121.66683564838284,13652723565,2026-05-11 16:31:46.223979,11/05/26,16:31:46
29325,0.12,29.325,122.7621483375959,13652752890,2026-05-11 16:32:15.548979,11/05/26,16:32:15
28705,0.12,28.705,125.41369099460024,13652781595,2026-05-11 16:32:44.253979,11/05/26,16:32:44
28947,0.12,28.947,124.36521919369883,13652810542,2026-05-11 16:33:13.200979,11/05/26,16:33:13
29114,0.12,29.114,123.6518513429965,13652839656,2026-05-11 16:33:42.314979,11/05/26,16:33:42
29015,0.12,29.015,124.07375495433396,13652868671,2026-05-11 16:34:11.329979,11/05/26,16:34:11
28928,0.12,28.928,124.44690265486726,13652897599,2026-05-11 16:34:40.257979,11/05/26,16:34:40
29170,0.12,29.17,123.41446691806651,13652926769,2026-05-11 16:35:09.427979,11/05/26,16:35:9
29045,0.12,29.045,123.94560165260802,13652955814,2026-05-11 16:35:38.472979,11/05/26,16:35:38
28805,0.12,28.805,124.97830237805937,13652984619,2026-05-11 16:36:07.277979,11/05/26,16:36:7
28808,0.12,28.808,124.96528742016106,13653013427,2026-05-11 16:36:36.085979,11/05/26,16:36:36
29126,0.12,29.126,123.60090640664698,13653042553,2026-05-11 16:37:05.211979,11/05/26,16:37:5
29008,0.12,29.008,124.10369553226695,13653071561,2026-05-11 16:37:34.219979,11/05/26,16:37:34
28925,0.12,28.925,124.45980985306828,13653100486,2026-05-11 16:38:03.144979,11/05/26,16:38:3
28670,0.12,28.67,125.56679455877223,13653129156,2026-05-11 16:38:31.814979,11/05/26,16:38:31
28800,0.12,28.8,125.0,13653157956,2026-05-11 16:39:00.614979,11/05/26,16:39:0
27832,0.13,27.832,129.34751365334867,13653185788,2026-05-11 16:39:28.446979,11/05/26,16:39:28
28039,0.13,28.039,128.39259602696245,13653213827,2026-05-11 16:39:56.485979,11/05/26,16:39:56
27964,0.13,27.964,128.73694750393364,13653241791,2026-05-11 16:40:24.449979,11/05/26,16:40:24
27923,0.13,27.923,128.92597500268596,13653269714,2026-05-11 16:40:52.372979,11/05/26,16:40:52
27906,0.13,27.906,129.00451515803053,13653297620,2026-05-11 16:41:20.278979,11/05/26,16:41:20
28060,0.13,28.06,128.29650748396293,13653325680,2026-05-11 16:41:48.338979,11/05/26,16:41:48
28714,0.12,28.714,125.37438183464512,13653354394,2026-05-11 16:42:17.052979,11/05/26,16:42:17
28897,0.12,28.897,124.58040627054712,13653383291,2026-05-11 16:42:45.949979,11/05/26,16:42:45
28818,0.12,28.818,124.92192379762648,13653412109,2026-05-11 16:43:14.767979,11/05/26,16:43:14
28870,0.12,28.87,124.69691721510218,13653440979,2026-05-11 16:43:43.637979,11/05/26,16:43:43
28899,0.12,28.899,124.57178449081283,13653469878,2026-05-11 16:44:12.536979,11/05/26,16:44:12
28764,0.12,28.764,125.15644555694618,13653498642,2026-05-11 16:44:41.300979,11/05/26,16:44:41
27531,0.13,27.531,130.76168682576005,13653526173,2026-05-11 16:45:08.831979,11/05/26,16:45:8
27438,0.13,27.438,131.2048983162038,13653553611,2026-05-11 16:45:36.269979,11/05/26,16:45:36
28565,0.13,28.565,126.02835638018554,13653582176,2026-05-11 16:46:04.834979,11/05/26,16:46:4
28128,0.13,28.128,127.9863481228669,13653610304,2026-05-11 16:46:32.962979,11/05/26,16:46:32
28692,0.12,28.692,125.47051442910916,13653638996,2026-05-11 16:47:01.654979,11/05/26,16:47:1
29110,0.12,29.11,123.66884232222604,13653668106,2026-05-11 16:47:30.764979,11/05/26,16:47:30
28622,0.12,28.622,125.77737404793515,13653696728,2026-05-11 16:47:59.386979,11/05/26,16:47:59
28348,0.13,28.348,126.99308593198815,13653725076,2026-05-11 16:48:27.734979,11/05/26,16:48:27
28063,0.13,28.063,128.2827922887788,13653753139,2026-05-11 16:48:55.797979,11/05/26,16:48:55
28308,0.13,28.308,127.1725307333616,13653781447,2026-05-11 16:49:24.105979,11/05/26,16:49:24
29663,0.12,29.663,121.36331456696895,13653811110,2026-05-11 16:49:53.768979,11/05/26,16:49:53
30372,0.12,30.372,118.53022520742789,13653841482,2026-05-11 16:50:24.140979,11/05/26,16:50:24
30439,0.12,30.439,118.26932553631853,13653871921,2026-05-11 16:50:54.579979,11/05/26,16:50:54
30251,0.12,30.251,119.0043304353575,13653902172,2026-05-11 16:51:24.830979,11/05/26,16:51:24
29858,0.12,29.858,120.57070131957934,13653932030,2026-05-11 16:51:54.688979,11/05/26,16:51:54
29271,0.12,29.271,122.98862355232141,13653961301,2026-05-11 16:52:23.959979,11/05/26,16:52:23
30098,0.12,30.098,119.609276363878,13653991399,2026-05-11 16:52:54.057979,11/05/26,16:52:54
30138,0.12,30.138,119.45052757316344,13654021537,2026-05-11 16:53:24.195979,11/05/26,16:53:24
29777,0.12,29.777,120.89868018940793,13654051314,2026-05-11 16:53:53.972979,11/05/26,16:53:53
29773,0.12,29.773,120.91492291673664,13654081087,2026-05-11 16:54:23.745979,11/05/26,16:54:23
30134,0.12,30.134,119.466383487091,13654111221,2026-05-11 16:54:53.879979,11/05/26,16:54:53
30343,0.12,30.343,118.64350921135023,13654141564,2026-05-11 16:55:24.222979,11/05/26,16:55:24
30236,0.12,30.236,119.0633681703929,13654171800,2026-05-11 16:55:54.458979,11/05/26,16:55:54
29544,0.12,29.544,121.85215272136475,13654201344,2026-05-11 16:56:24.002979,11/05/26,16:56:24
30043,0.12,30.043,119.82824618047465,13654231387,2026-05-11 16:56:54.045979,11/05/26,16:56:54
30008,0.12,30.008,119.96800853105839,13654261395,2026-05-11 16:57:24.053979,11/05/26,16:57:24
30238,0.12,30.238,119.05549308816721,13654291633,2026-05-11 16:57:54.291979,11/05/26,16:57:54
30129,0.12,30.129,119.48620930000996,13654321762,2026-05-11 16:58:24.420979,11/05/26,16:58:24
30247,0.12,30.247,119.02006810592786,13654352009,2026-05-11 16:58:54.667979,11/05/26,16:58:54
30123,0.12,30.123,119.51000896325067,13654382132,2026-05-11 16:59:24.790979,11/05/26,16:59:24
30003,0.12,30.003,119.98800119988002,13654412135,2026-05-11 16:59:54.793979,11/05/26,16:59:54
29797,0.12,29.797,120.81753196630534,13654441932,2026-05-11 17:00:24.590979,11/05/26,17:0:24
29118,0.12,29.118,123.634865031939,13654471050,2026-05-11 17:00:53.708979,11/05/26,17:0:53
29449,0.12,29.449,122.24523752928792,13654500499,2026-05-11 17:01:23.157979,11/05/26,17:1:23
29742,0.12,29.742,121.04095218882388,13654530241,2026-05-11 17:01:52.899979,11/05/26,17:1:52
29502,0.12,29.502,122.02562538133007,13654559743,2026-05-11 17:02:22.401979,11/05/26,17:2:22
29866,0.12,29.866,120.53840487510882,13654589609,2026-05-11 17:02:52.267979,11/05/26,17:2:52
29347,0.12,29.347,122.67011960336662,13654618956,2026-05-11 17:03:21.614979,11/05/26,17:3:21
28762,0.12,28.762,125.1651484597733,13654647718,2026-05-11 17:03:50.376979,11/05/26,17:3:50
28344,0.13,28.344,127.01100762066045,13654676062,2026-05-11 17:04:18.720979,11/05/26,17:4:18
29240,0.12,29.24,123.11901504787961,13654705302,2026-05-11 17:04:47.960979,11/05/26,17:4:47
28586,0.12,28.586,125.93577275589449,13654733888,2026-05-11 17:05:16.546979,11/05/26,17:5:16
29455,0.12,29.455,122.22033610592429,13654763343,2026-05-11 17:05:46.001979,11/05/26,17:5:46
29294,0.12,29.294,122.89205980746911,13654792637,2026-05-11 17:06:15.295979,11/05/26,17:6:15
29082,0.12,29.082,123.78791004745203,13654821719,2026-05-11 17:06:44.377979,11/05/26,17:6:44
28512,0.13,28.512,126.26262626262626,13654850231,2026-05-11 17:07:12.889979,11/05/26,17:7:12
28792,0.12,28.792,125.03473186996388,13654879023,2026-05-11 17:07:41.681979,11/05/26,17:7:41
28449,0.13,28.449,126.54223347042075,13654907472,2026-05-11 17:08:10.130979,11/05/26,17:8:10
28327,0.13,28.327,127.08723126345889,13654935799,2026-05-11 17:08:38.457979,11/05/26,17:8:38
28428,0.13,28.428,126.6357112705783,13654964227,2026-05-11 17:09:06.885979,11/05/26,17:9:6
28261,0.13,28.261,127.38402745833481,13654992488,2026-05-11 17:09:35.146979,11/05/26,17:9:35
24879,0.14,24.879,144.70034969251176,13655017367,2026-05-11 17:10:00.025979,11/05/26,17:10:0
16710,0.22,16.71,215.43985637342908,13655034077,2026-05-11 17:10:16.735979,11/05/26,17:10:16
17933,0.2,17.933,200.7472257848659,13655052010,2026-05-11 17:10:34.668979,11/05/26,17:10:34
18170,0.2,18.17,198.12878370941112,13655070180,2026-05-11 17:10:52.838979,11/05/26,17:10:52
18219,0.2,18.219,197.59591635106207,13655088399,2026-05-11 17:11:11.057979,11/05/26,17:11:11
17911,0.2,17.911,200.9938026910837,13655106310,2026-05-11 17:11:28.968979,11/05/26,17:11:28
18439,0.19,18.439,195.23835348988558,13655124749,2026-05-11 17:11:47.407979,11/05/26,17:11:47
18533,0.19,18.533,194.24809798737388,13655143282,2026-05-11 17:12:05.940979,11/05/26,17:12:5
18215,0.2,18.215,197.63930826242108,13655161497,2026-05-11 17:12:24.155979,11/05/26,17:12:24
18220,0.2,18.22,197.58507135016467,13655179717,2026-05-11 17:12:42.375979,11/05/26,17:12:42
18503,0.19,18.503,194.56304383073015,13655198220,2026-05-11 17:13:00.878979,11/05/26,17:13:0
18794,0.19,18.794,191.55049483877832,13655217014,2026-05-11 17:13:19.672979,11/05/26,17:13:19
19002,0.19,19.002,189.4537417113988,13655236016,2026-05-11 17:13:38.674979,11/05/26,17:13:38
18870,0.19,18.87,190.77901430842607,13655254886,2026-05-11 17:13:57.544979,11/05/26,17:13:57
18176,0.2,18.176,198.06338028169014,13655273062,2026-05-11 17:14:15.720979,11/05/26,17:14:15
18430,0.19,18.43,195.33369506239828,13655291492,2026-05-11 17:14:34.150979,11/05/26,17:14:34
18932,0.19,18.932,190.15423621381788,13655310424,2026-05-11 17:14:53.082979,11/05/26,17:14:53
19133,0.19,19.133,188.15658809386923,13655329557,2026-05-11 17:15:12.215979,11/05/26,17:15:12
19207,0.19,19.207,187.43166553860573,13655348764,2026-05-11 17:15:31.422979,11/05/26,17:15:31
19261,0.19,19.261,186.9061834795701,13655368025,2026-05-11 17:15:50.683979,11/05/26,17:15:50
19088,0.19,19.088,188.60016764459345,13655387113,2026-05-11 17:16:09.771979,11/05/26,17:16:9
19288,0.19,19.288,186.64454583160514,13655406401,2026-05-11 17:16:29.059979,11/05/26,17:16:29
20772,0.17,20.772,173.3102253032929,13655427173,2026-05-11 17:16:49.831979,11/05/26,17:16:49
22347,0.16,22.347,161.09544905356424,13655449520,2026-05-11 17:17:12.178979,11/05/26,17:17:12
22419,0.16,22.419,160.57808109193095,13655471939,2026-05-11 17:17:34.597979,11/05/26,17:17:34
34774,0.1,34.774,103.52562259159141,13655506713,2026-05-11 17:18:09.371979,11/05/26,17:18:9
33668,0.11,33.668,106.92645835808483,13655540381,2026-05-11 17:18:43.039979,11/05/26,17:18:43
33419,0.11,33.419,107.72315150064334,13655573800,2026-05-11 17:19:16.458979,11/05/26,17:19:16
33195,0.11,33.195,108.45006778129236,13655606995,2026-05-11 17:19:49.653979,11/05/26,17:19:49
33153,0.11,33.153,108.58745814858383,13655640148,2026-05-11 17:20:22.806979,11/05/26,17:20:22
33419,0.11,33.419,107.72315150064334,13655673567,2026-05-11 17:20:56.225979,11/05/26,17:20:56
33311,0.11,33.311,108.07240851370418,13655706878,2026-05-11 17:21:29.536979,11/05/26,17:21:29
33423,0.11,33.423,107.71025940220807,13655740301,2026-05-11 17:22:02.959979,11/05/26,17:22:2
33417,0.11,33.417,107.72959870724482,13655773718,2026-05-11 17:22:36.376979,11/05/26,17:22:36
33485,0.11,33.485,107.51082574286994,13655807203,2026-05-11 17:23:09.861979,11/05/26,17:23:9
33418,0.11,33.418,107.726375007481,13655840621,2026-05-11 17:23:43.279979,11/05/26,17:23:43
33453,0.11,33.453,107.61366693570083,13655874074,2026-05-11 17:24:16.732979,11/05/26,17:24:16
33553,0.11,33.553,107.29293952850713,13655907627,2026-05-11 17:24:50.285979,11/05/26,17:24:50
33571,0.11,33.571,107.2354115158917,13655941198,2026-05-11 17:25:23.856979,11/05/26,17:25:23
33566,0.11,33.566,107.25138533039384,13655974764,2026-05-11 17:25:57.422979,11/05/26,17:25:57
32852,0.11,32.852,109.58236941434312,13656007616,2026-05-11 17:26:30.274979,11/05/26,17:26:30
33035,0.11,33.035,108.97532919630694,13656040651,2026-05-11 17:27:03.309979,11/05/26,17:27:3
33412,0.11,33.412,107.74572010056268,13656074063,2026-05-11 17:27:36.721979,11/05/26,17:27:36
33561,0.11,33.561,107.26736390453205,13656107624,2026-05-11 17:28:10.282979,11/05/26,17:28:10
33493,0.11,33.493,107.48514614994178,13656141117,2026-05-11 17:28:43.775979,11/05/26,17:28:43
33052,0.11,33.052,108.91927871233209,13656174169,2026-05-11 17:29:16.827979,11/05/26,17:29:16
33177,0.11,33.177,108.50890677276426,13656207346,2026-05-11 17:29:50.004979,11/05/26,17:29:50
33392,0.11,33.392,107.81025395304265,13656240738,2026-05-11 17:30:23.396979,11/05/26,17:30:23
33482,0.11,33.482,107.52045875395736,13656274220,2026-05-11 17:30:56.878979,11/05/26,17:30:56
33422,0.11,33.422,107.7134821375142,13656307642,2026-05-11 17:31:30.300979,11/05/26,17:31:30
33500,0.11,33.5,107.46268656716418,13656341142,2026-05-11 17:32:03.800979,11/05/26,17:32:3
33485,0.11,33.485,107.51082574286994,13656374627,2026-05-11 17:32:37.285979,11/05/26,17:32:37
33514,0.11,33.514,107.41779554812913,13656408141,2026-05-11 17:33:10.799979,11/05/26,17:33:10
33421,0.11,33.421,107.71670506567727,13656441562,2026-05-11 17:33:44.220979,11/05/26,17:33:44
33368,0.11,33.368,107.8877966914409,13656474930,2026-05-11 17:34:17.588979,11/05/26,17:34:17
33452,0.11,33.452,107.6168838933397,13656508382,2026-05-11 17:34:51.040979,11/05/26,17:34:51
34459,0.1,34.459,104.47198119504338,13656542841,2026-05-11 17:35:25.499979,11/05/26,17:35:25
37334,0.1,37.334,96.42684952054428,13656580175,2026-05-11 17:36:02.833979,11/05/26,17:36:2
35969,0.1,35.969,100.08618532625316,13656616144,2026-05-11 17:36:38.802979,11/05/26,17:36:38
29307,0.12,29.307,122.83754734363804,13656645451,2026-05-11 17:37:08.109979,11/05/26,17:37:8
29578,0.12,29.578,121.71208330515924,13656675029,2026-05-11 17:37:37.687979,11/05/26,17:37:37
29696,0.12,29.696,121.22844827586206,13656704725,2026-05-11 17:38:07.383979,11/05/26,17:38:7
29061,0.12,29.061,123.87736141220192,13656733786,2026-05-11 17:38:36.444979,11/05/26,17:38:36
29292,0.12,29.292,122.90045063498566,13656763078,2026-05-11 17:39:05.736979,11/05/26,17:39:5
28116,0.13,28.116,128.04097311139566,13656791194,2026-05-11 17:39:33.852979,11/05/26,17:39:33
28197,0.13,28.197,127.67315671879987,13656819391,2026-05-11 17:40:02.049979,11/05/26,17:40:2
28178,0.13,28.178,127.7592448009085,13656847569,2026-05-11 17:40:30.227979,11/05/26,17:40:30
28788,0.12,28.788,125.05210504376824,13656876357,2026-05-11 17:40:59.015979,11/05/26,17:40:59
28508,0.13,28.508,126.28034236003928,13656904865,2026-05-11 17:41:27.523979,11/05/26,17:41:27
28774,0.12,28.774,125.1129491902412,13656933639,2026-05-11 17:41:56.297979,11/05/26,17:41:56
27536,0.13,27.536,130.73794305636258,13656961175,2026-05-11 17:42:23.833979,11/05/26,17:42:23
28106,0.13,28.106,128.08652956664056,13656989281,2026-05-11 17:42:51.939979,11/05/26,17:42:51
28991,0.12,28.991,124.17646855920803,13657018272,2026-05-11 17:43:20.930979,11/05/26,17:43:20
28891,0.12,28.891,124.60627877193589,13657047163,2026-05-11 17:43:49.821979,11/05/26,17:43:49
28861,0.12,28.861,124.73580264024116,13657076024,2026-05-11 17:44:18.682979,11/05/26,17:44:18
28953,0.12,28.953,124.33944668946224,13657104977,2026-05-11 17:44:47.635979,11/05/26,17:44:47
28511,0.13,28.511,126.2670548209463,13657133488,2026-05-11 17:45:16.146979,11/05/26,17:45:16
29031,0.12,29.031,124.00537356618787,13657162519,2026-05-11 17:45:45.177979,11/05/26,17:45:45
28545,0.13,28.545,126.11665790856543,13657191064,2026-05-11 17:46:13.722979,11/05/26,17:46:13
29192,0.12,29.192,123.32145793368046,13657220256,2026-05-11 17:46:42.914979,11/05/26,17:46:42
28829,0.12,28.829,124.87425855908981,13657249085,2026-05-11 17:47:11.743979,11/05/26,17:47:11
29235,0.12,29.235,123.14007183170857,13657278320,2026-05-11 17:47:40.978979,11/05/26,17:47:40
29304,0.12,29.304,122.85012285012284,13657307624,2026-05-11 17:48:10.282979,11/05/26,17:48:10
29196,0.12,29.196,123.30456226880395,13657336820,2026-05-11 17:48:39.478979,11/05/26,17:48:39
29262,0.12,29.262,123.02645068689769,13657366082,2026-05-11 17:49:08.740979,11/05/26,17:49:8
28839,0.12,28.839,124.83095807760324,13657394921,2026-05-11 17:49:37.579979,11/05/26,17:49:37
29249,0.12,29.249,123.08113097883688,13657424170,2026-05-11 17:50:06.828979,11/05/26,17:50:6
29406,0.12,29.406,122.4239951030402,13657453576,2026-05-11 17:50:36.234979,11/05/26,17:50:36
29874,0.12,29.874,120.50612572805784,13657483450,2026-05-11 17:51:06.108979,11/05/26,17:51:6
29730,0.12,29.73,121.08980827447023,13657513180,2026-05-11 17:51:35.838979,11/05/26,17:51:35
29343,0.12,29.343,122.68684183621306,13657542523,2026-05-11 17:52:05.181979,11/05/26,17:52:5
29868,0.12,29.868,120.53033346725593,13657572391,2026-05-11 17:52:35.049979,11/05/26,17:52:35
29974,0.12,29.974,120.10409021151665,13657602365,2026-05-11 17:53:05.023979,11/05/26,17:53:5
30228,0.12,30.228,119.09487892020643,13657632593,2026-05-11 17:53:35.251979,11/05/26,17:53:35
29501,0.12,29.501,122.02976170299311,13657662094,2026-05-11 17:54:04.752979,11/05/26,17:54:4
30291,0.12,30.291,118.84718233138555,13657692385,2026-05-11 17:54:35.043979,11/05/26,17:54:35
30305,0.12,30.305,118.79227850189737,13657722690,2026-05-11 17:55:05.348979,11/05/26,17:55:5
30229,0.12,30.229,119.09093916437858,13657752919,2026-05-11 17:55:35.577979,11/05/26,17:55:35
30185,0.12,30.185,119.26453536524764,13657783104,2026-05-11 17:56:05.762979,11/05/26,17:56:5
30182,0.12,30.182,119.27638990126566,13657813286,2026-05-11 17:56:35.944979,11/05/26,17:56:35
30447,0.12,30.447,118.23825007389891,13657843733,2026-05-11 17:57:06.391979,11/05/26,17:57:6
30348,0.12,30.348,118.62396204033215,13657874081,2026-05-11 17:57:36.739979,11/05/26,17:57:36
30514,0.12,30.514,117.9786327587337,13657904595,2026-05-11 17:58:07.253979,11/05/26,17:58:7
30483,0.12,30.483,118.09861234130499,13657935078,2026-05-11 17:58:37.736979,11/05/26,17:58:37
30393,0.12,30.393,118.44832691738229,13657965471,2026-05-11 17:59:08.129979,11/05/26,17:59:8
30325,0.12,30.325,118.71393239901072,13657995796,2026-05-11 17:59:38.454979,11/05/26,17:59:38
30304,0.12,30.304,118.79619852164731,13658026100,2026-05-11 18:00:08.758979,11/05/26,18:0:8
29088,0.12,29.088,123.76237623762377,13658055188,2026-05-11 18:00:37.846979,11/05/26,18:0:37
28382,0.13,28.382,126.84095553519836,13658083570,2026-05-11 18:01:06.228979,11/05/26,18:1:6
28442,0.13,28.442,126.57337739962028,13658112012,2026-05-11 18:01:34.670979,11/05/26,18:1:34
28428,0.13,28.428,126.6357112705783,13658140440,2026-05-11 18:02:03.098979,11/05/26,18:2:3
28359,0.13,28.359,126.94382735639479,13658168799,2026-05-11 18:02:31.457979,11/05/26,18:2:31
28549,0.13,28.549,126.0989877053487,13658197348,2026-05-11 18:03:00.006979,11/05/26,18:3:0
22910,0.16,22.91,157.1366215626364,13658220258,2026-05-11 18:03:22.916979,11/05/26,18:3:22
17676,0.2,17.676,203.66598778004072,13658237934,2026-05-11 18:03:40.592979,11/05/26,18:3:40
17514,0.2,17.514,205.54984583761563,13658255448,2026-05-11 18:03:58.106979,11/05/26,18:3:58
17634,0.2,17.634,204.1510717931269,13658273082,2026-05-11 18:04:15.740979,11/05/26,18:4:15
17660,0.2,17.66,203.85050962627406,13658290742,2026-05-11 18:04:33.400979,11/05/26,18:4:33
17753,0.2,17.753,202.78262828817665,13658308495,2026-05-11 18:04:51.153979,11/05/26,18:4:51
17804,0.2,17.804,202.2017524151876,13658326299,2026-05-11 18:05:08.957979,11/05/26,18:5:8
17891,0.2,17.891,201.2184897434464,13658344190,2026-05-11 18:05:26.848979,11/05/26,18:5:26
18062,0.2,18.062,199.31347580555862,13658362252,2026-05-11 18:05:44.910979,11/05/26,18:5:44
17959,0.2,17.959,200.45659557881842,13658380211,2026-05-11 18:06:02.869979,11/05/26,18:6:2
17804,0.2,17.804,202.2017524151876,13658398015,2026-05-11 18:06:20.673979,11/05/26,18:6:20
18193,0.2,18.193,197.87830484252186,13658416208,2026-05-11 18:06:38.866979,11/05/26,18:6:38
18241,0.2,18.241,197.3576010087166,13658434449,2026-05-11 18:06:57.107979,11/05/26,18:6:57
18308,0.2,18.308,196.63535066637536,13658452757,2026-05-11 18:07:15.415979,11/05/26,18:7:15
18261,0.2,18.261,197.1414489896501,13658471018,2026-05-11 18:07:33.676979,11/05/26,18:7:33
18389,0.19,18.389,195.7692098537169,13658489407,2026-05-11 18:07:52.065979,11/05/26,18:7:52
18378,0.19,18.378,195.88638589618023,13658507785,2026-05-11 18:08:10.443979,11/05/26,18:8:10
18504,0.19,18.504,194.55252918287937,13658526289,2026-05-11 18:08:28.947979,11/05/26,18:8:28
18543,0.19,18.543,194.1433425012134,13658544832,2026-05-11 18:08:47.490979,11/05/26,18:8:47
18544,0.19,18.544,194.13287316652287,13658563376,2026-05-11 18:09:06.034979,11/05/26,18:9:6
18502,0.19,18.502,194.57355961517675,13658581878,2026-05-11 18:09:24.536979,11/05/26,18:9:24
18490,0.19,18.49,194.6998377501352,13658600368,2026-05-11 18:09:43.026979,11/05/26,18:9:43
18608,0.19,18.608,193.4651762682717,13658618976,2026-05-11 18:10:01.634979,11/05/26,18:10:1
18546,0.19,18.546,194.11193788417987,13658637522,2026-05-11 18:10:20.180979,11/05/26,18:10:20
18677,0.19,18.677,192.75044171976228,13658656199,2026-05-11 18:10:38.857979,11/05/26,18:10:38
18722,0.19,18.722,192.28714880888793,13658674921,2026-05-11 18:10:57.579979,11/05/26,18:10:57
28164,0.13,28.164,127.82275244993609,13658703085,2026-05-11 18:11:25.743979,11/05/26,18:11:25
28963,0.12,28.963,124.29651624486414,13658732048,2026-05-11 18:11:54.706979,11/05/26,18:11:54
29089,0.12,29.089,123.75812162673175,13658761137,2026-05-11 18:12:23.795979,11/05/26,18:12:23
29047,0.12,29.047,123.93706751127483,13658790184,2026-05-11 18:12:52.842979,11/05/26,18:12:52
28965,0.12,28.965,124.28793371310202,13658819149,2026-05-11 18:13:21.807979,11/05/26,18:13:21
29069,0.12,29.069,123.8432694623138,13658848218,2026-05-11 18:13:50.876979,11/05/26,18:13:50
28974,0.12,28.974,124.24932698281218,13658877192,2026-05-11 18:14:19.850979,11/05/26,18:14:19
29031,0.12,29.031,124.00537356618787,13658906223,2026-05-11 18:14:48.881979,11/05/26,18:14:48
28735,0.12,28.735,125.28275622063686,13658934958,2026-05-11 18:15:17.616979,11/05/26,18:15:17
29165,0.12,29.165,123.43562489285102,13658964123,2026-05-11 18:15:46.781979,11/05/26,18:15:46
28390,0.13,28.39,126.80521310320536,13658992513,2026-05-11 18:16:15.171979,11/05/26,18:16:15
29177,0.12,29.177,123.38485793604552,13659021690,2026-05-11 18:16:44.348979,11/05/26,18:16:44
29020,0.12,29.02,124.05237767057201,13659050710,2026-05-11 18:17:13.368979,11/05/26,18:17:13
29125,0.12,29.125,123.60515021459227,13659079835,2026-05-11 18:17:42.493979,11/05/26,18:17:42
29015,0.12,29.015,124.07375495433396,13659108850,2026-05-11 18:18:11.508979,11/05/26,18:18:11
29059,0.12,29.059,123.88588733266802,13659137909,2026-05-11 18:18:40.567979,11/05/26,18:18:40
29089,0.12,29.089,123.75812162673175,13659166998,2026-05-11 18:19:09.656979,11/05/26,18:19:9
28904,0.12,28.904,124.5502352615555,13659195902,2026-05-11 18:19:38.560979,11/05/26,18:19:38
28907,0.12,28.907,124.53730930224513,13659224809,2026-05-11 18:20:07.467979,11/05/26,18:20:7
28974,0.12,28.974,124.24932698281218,13659253783,2026-05-11 18:20:36.441979,11/05/26,18:20:36
29150,0.12,29.15,123.4991423670669,13659282933,2026-05-11 18:21:05.591979,11/05/26,18:21:5
29061,0.12,29.061,123.87736141220192,13659311994,2026-05-11 18:21:34.652979,11/05/26,18:21:34
29030,0.12,29.03,124.00964519462624,13659341024,2026-05-11 18:22:03.682979,11/05/26,18:22:3
28987,0.12,28.987,124.19360402939249,13659370011,2026-05-11 18:22:32.669979,11/05/26,18:22:32
29064,0.12,29.064,123.86457473162676,13659399075,2026-05-11 18:23:01.733979,11/05/26,18:23:1
28914,0.12,28.914,124.5071591616518,13659427989,2026-05-11 18:23:30.647979,11/05/26,18:23:30
29008,0.12,29.008,124.10369553226695,13659456997,2026-05-11 18:23:59.655979,11/05/26,18:23:59
28948,0.12,28.948,124.36092303440653,13659485945,2026-05-11 18:24:28.603979,11/05/26,18:24:28
28972,0.12,28.972,124.25790418334944,13659514917,2026-05-11 18:24:57.575979,11/05/26,18:24:57
28941,0.12,28.941,124.39100238416088,13659543858,2026-05-11 18:25:26.516979,11/05/26,18:25:26
29130,0.12,29.13,123.58393408856848,13659572988,2026-05-11 18:25:55.646979,11/05/26,18:25:55
28447,0.13,28.447,126.55113017189862,13659601435,2026-05-11 18:26:24.093979,11/05/26,18:26:24
29067,0.12,29.067,123.85179069047373,13659630502,2026-05-11 18:26:53.160979,11/05/26,18:26:53
29045,0.12,29.045,123.94560165260802,13659659547,2026-05-11 18:27:22.205979,11/05/26,18:27:22
29106,0.12,29.106,123.68583797155226,13659688653,2026-05-11 18:27:51.311979,11/05/26,18:27:51
28878,0.12,28.878,124.66237274049449,13659717531,2026-05-11 18:28:20.189979,11/05/26,18:28:20
29139,0.12,29.139,123.54576340986307,13659746670,2026-05-11 18:28:49.328979,11/05/26,18:28:49
28768,0.12,28.768,125.13904338153503,13659775438,2026-05-11 18:29:18.096979,11/05/26,18:29:18
28882,0.12,28.882,124.64510767952358,13659804320,2026-05-11 18:29:46.978979,11/05/26,18:29:46
28854,0.12,28.854,124.76606363069246,13659833174,2026-05-11 18:30:15.832979,11/05/26,18:30:15
29063,0.12,29.063,123.86883666517565,13659862237,2026-05-11 18:30:44.895979,11/05/26,18:30:44
29000,0.12,29.0,124.13793103448276,13659891237,2026-05-11 18:31:13.895979,11/05/26,18:31:13
29103,0.12,29.103,123.69858777445624,13659920340,2026-05-11 18:31:42.998979,11/05/26,18:31:42
28990,0.12,28.99,124.18075198344256,13659949330,2026-05-11 18:32:11.988979,11/05/26,18:32:11
29064,0.12,29.064,123.86457473162676,13659978394,2026-05-11 18:32:41.052979,11/05/26,18:32:41
29148,0.12,29.148,123.50761630300535,13660007542,2026-05-11 18:33:10.200979,11/05/26,18:33:10
28947,0.12,28.947,124.36521919369883,13660036489,2026-05-11 18:33:39.147979,11/05/26,18:33:39
29005,0.12,29.005,124.11653163247716,13660065494,2026-05-11 18:34:08.152979,11/05/26,18:34:8
28859,0.12,28.859,124.74444713954053,13660094353,2026-05-11 18:34:37.011979,11/05/26,18:34:37
28950,0.12,28.95,124.35233160621762,13660123303,2026-05-11 18:35:05.961979,11/05/26,18:35:5
28965,0.12,28.965,124.28793371310202,13660152268,2026-05-11 18:35:34.926979,11/05/26,18:35:34
28835,0.12,28.835,124.84827466620426,13660181103,2026-05-11 18:36:03.761979,11/05/26,18:36:3
28650,0.12,28.65,125.6544502617801,13660209753,2026-05-11 18:36:32.411979,11/05/26,18:36:32
29159,0.12,29.159,123.46102404060495,13660238912,2026-05-11 18:37:01.570979,11/05/26,18:37:1
28969,0.12,28.969,124.27077220477062,13660267881,2026-05-11 18:37:30.539979,11/05/26,18:37:30
28974,0.12,28.974,124.24932698281218,13660296855,2026-05-11 18:37:59.513979,11/05/26,18:37:59
28772,0.12,28.772,125.12164604476574,13660325627,2026-05-11 18:38:28.285979,11/05/26,18:38:28
28453,0.13,28.453,126.52444381963238,13660354080,2026-05-11 18:38:56.738979,11/05/26,18:38:56
27871,0.13,27.871,129.1665171683829,13660381951,2026-05-11 18:39:24.609979,11/05/26,18:39:24
27533,0.13,27.533,130.75218828315113,13660409484,2026-05-11 18:39:52.142979,11/05/26,18:39:52
27872,0.13,27.872,129.16188289322616,13660437356,2026-05-11 18:40:20.014979,11/05/26,18:40:20
28070,0.13,28.07,128.2508015675098,13660465426,2026-05-11 18:40:48.084979,11/05/26,18:40:48
28050,0.13,28.05,128.3422459893048,13660493476,2026-05-11 18:41:16.134979,11/05/26,18:41:16
28260,0.13,28.26,127.38853503184713,13660521736,2026-05-11 18:41:44.394979,11/05/26,18:41:44
27914,0.13,27.914,128.96754316830265,13660549650,2026-05-11 18:42:12.308979,11/05/26,18:42:12
28067,0.13,28.067,128.264509922685,13660577717,2026-05-11 18:42:40.375979,11/05/26,18:42:40
28035,0.13,28.035,128.41091492776886,13660605752,2026-05-11 18:43:08.410979,11/05/26,18:43:8
28042,0.13,28.042,128.37886028100706,13660633794,2026-05-11 18:43:36.452979,11/05/26,18:43:36
28006,0.13,28.006,128.54388345354567,13660661800,2026-05-11 18:44:04.458979,11/05/26,18:44:4
28154,0.13,28.154,127.86815372593593,13660689954,2026-05-11 18:44:32.612979,11/05/26,18:44:32
28068,0.13,28.068,128.25994014536127,13660718022,2026-05-11 18:45:00.680979,11/05/26,18:45:0
27976,0.13,27.976,128.68172719473836,13660745998,2026-05-11 18:45:28.656979,11/05/26,18:45:28
28146,0.13,28.146,127.90449797484546,13660774144,2026-05-11 18:45:56.802979,11/05/26,18:45:56
27273,0.13,27.273,131.99868001319987,13660801417,2026-05-11 18:46:24.075979,11/05/26,18:46:24
28235,0.13,28.235,127.50132813883478,13660829652,2026-05-11 18:46:52.310979,11/05/26,18:46:52
28365,0.13,28.365,126.9169751454257,13660858017,2026-05-11 18:47:20.675979,11/05/26,18:47:20
28448,0.13,28.448,126.5466816647919,13660886465,2026-05-11 18:47:49.123979,11/05/26,18:47:49
28012,0.13,28.012,128.51635013565615,13660914477,2026-05-11 18:48:17.135979,11/05/26,18:48:17
28128,0.13,28.128,127.9863481228669,13660942605,2026-05-11 18:48:45.263979,11/05/26,18:48:45
28290,0.13,28.29,127.25344644750795,13660970895,2026-05-11 18:49:13.553979,11/05/26,18:49:13
28371,0.13,28.371,126.89013429205879,13660999266,2026-05-11 18:49:41.924979,11/05/26,18:49:41
28171,0.13,28.171,127.79099073515317,13661027437,2026-05-11 18:50:10.095979,11/05/26,18:50:10
27722,0.13,27.722,129.86076040689704,13661055159,2026-05-11 18:50:37.817979,11/05/26,18:50:37
28947,0.12,28.947,124.36521919369883,13661084106,2026-05-11 18:51:06.764979,11/05/26,18:51:6
28822,0.12,28.822,124.9045867739921,13661112928,2026-05-11 18:51:35.586979,11/05/26,18:51:35
29037,0.12,29.037,123.97974997417089,13661141965,2026-05-11 18:52:04.623979,11/05/26,18:52:4
28820,0.12,28.82,124.91325468424705,13661170785,2026-05-11 18:52:33.443979,11/05/26,18:52:33
30412,0.12,30.412,118.37432592397738,13661201197,2026-05-11 18:53:03.855979,11/05/26,18:53:3
30444,0.12,30.444,118.24990145841545,13661231641,2026-05-11 18:53:34.299979,11/05/26,18:53:34
30459,0.12,30.459,118.19166748744213,13661262100,2026-05-11 18:54:04.758979,11/05/26,18:54:4
30454,0.12,30.454,118.21107243711828,13661292554,2026-05-11 18:54:35.212979,11/05/26,18:54:35
30321,0.12,30.321,118.72959335114277,13661322875,2026-05-11 18:55:05.533979,11/05/26,18:55:5
29826,0.12,29.826,120.70006035003017,13661352701,2026-05-11 18:55:35.359979,11/05/26,18:55:35
29997,0.12,29.997,120.01200120012001,13661382698,2026-05-11 18:56:05.356979,11/05/26,18:56:5
29883,0.12,29.883,120.46983234614999,13661412581,2026-05-11 18:56:35.239979,11/05/26,18:56:35
30448,0.12,30.448,118.23436678928009,13661443029,2026-05-11 18:57:05.687979,11/05/26,18:57:5
30375,0.12,30.375,118.51851851851852,13661473404,2026-05-11 18:57:36.062979,11/05/26,18:57:36
30610,0.12,30.61,117.60862463247305,13661504014,2026-05-11 18:58:06.672979,11/05/26,18:58:6
30406,0.12,30.406,118.39768466749983,13661534420,2026-05-11 18:58:37.078979,11/05/26,18:58:37
23851,0.15,23.851,150.9370676281917,13661558271,2026-05-11 18:59:00.929979,11/05/26,18:59:0
18357,0.2,18.357,196.11047556790325,13661576628,2026-05-11 18:59:19.286979,11/05/26,18:59:19
18297,0.2,18.297,196.75356615838663,13661594925,2026-05-11 18:59:37.583979,11/05/26,18:59:37
18207,0.2,18.207,197.7261492832427,13661613132,2026-05-11 18:59:55.790979,11/05/26,18:59:55
18235,0.2,18.235,197.42253907321086,13661631367,2026-05-11 19:00:14.025979,11/05/26,19:0:14
18154,0.2,18.154,198.3034042084389,13661649521,2026-05-11 19:00:32.179979,11/05/26,19:0:32
18235,0.2,18.235,197.42253907321086,13661667756,2026-05-11 19:00:50.414979,11/05/26,19:0:50
18544,0.19,18.544,194.13287316652287,13661686300,2026-05-11 19:01:08.958979,11/05/26,19:1:8
18515,0.19,18.515,194.43694301917364,13661704815,2026-05-11 19:01:27.473979,11/05/26,19:1:27
18492,0.19,18.492,194.6787800129786,13661723307,2026-05-11 19:01:45.965979,11/05/26,19:1:45
18601,0.19,18.601,193.53798182893394,13661741908,2026-05-11 19:02:04.566979,11/05/26,19:2:4
18736,0.19,18.736,192.14346712211784,13661760644,2026-05-11 19:02:23.302979,11/05/26,19:2:23
18794,0.19,18.794,191.55049483877832,13661779438,2026-05-11 19:02:42.096979,11/05/26,19:2:42
18787,0.19,18.787,191.62186618406344,13661798225,2026-05-11 19:03:00.883979,11/05/26,19:3:0
18854,0.19,18.854,190.94091439482338,13661817079,2026-05-11 19:03:19.737979,11/05/26,19:3:19
18941,0.19,18.941,190.06388258275697,13661836020,2026-05-11 19:03:38.678979,11/05/26,19:3:38
18993,0.19,18.993,189.54351603222239,13661855013,2026-05-11 19:03:57.671979,11/05/26,19:3:57
18981,0.19,18.981,189.6633475580844,13661873994,2026-05-11 19:04:16.652979,11/05/26,19:4:16
18955,0.19,18.955,189.9235030335004,13661892949,2026-05-11 19:04:35.607979,11/05/26,19:4:35
18966,0.19,18.966,189.81335020563114,13661911915,2026-05-11 19:04:54.573979,11/05/26,19:4:54
18875,0.19,18.875,190.72847682119206,13661930790,2026-05-11 19:05:13.448979,11/05/26,19:5:13
18725,0.19,18.725,192.25634178905207,13661949515,2026-05-11 19:05:32.173979,11/05/26,19:5:32
19168,0.19,19.168,187.81302170283806,13661968683,2026-05-11 19:05:51.341979,11/05/26,19:5:51
18905,0.19,18.905,190.42581327691087,13661987588,2026-05-11 19:06:10.246979,11/05/26,19:6:10
18901,0.19,18.901,190.46611290407915,13662006489,2026-05-11 19:06:29.147979,11/05/26,19:6:29
24267,0.15,24.267,148.34961058227222,13662030756,2026-05-11 19:06:53.414979,11/05/26,19:6:53
29747,0.12,29.747,121.02060712004572,13662060503,2026-05-11 19:07:23.161979,11/05/26,19:7:23
28777,0.12,28.777,125.09990617507037,13662089280,2026-05-11 19:07:51.938979,11/05/26,19:7:51
29286,0.12,29.286,122.92562999385372,13662118566,2026-05-11 19:08:21.224979,11/05/26,19:8:21
29007,0.12,29.007,124.10797393732547,13662147573,2026-05-11 19:08:50.231979,11/05/26,19:8:50
29015,0.12,29.015,124.07375495433396,13662176588,2026-05-11 19:09:19.246979,11/05/26,19:9:19
29389,0.12,29.389,122.49481098370138,13662205977,2026-05-11 19:09:48.635979,11/05/26,19:9:48
29457,0.12,29.457,122.21203788573175,13662235434,2026-05-11 19:10:18.092979,11/05/26,19:10:18
29558,0.12,29.558,121.79443805399553,13662264992,2026-05-11 19:10:47.650979,11/05/26,19:10:47
29502,0.12,29.502,122.02562538133007,13662294494,2026-05-11 19:11:17.152979,11/05/26,19:11:17
30103,0.12,30.103,119.58940969338605,13662324597,2026-05-11 19:11:47.255979,11/05/26,19:11:47
30287,0.12,30.287,118.86287846270677,13662354884,2026-05-11 19:12:17.542979,11/05/26,19:12:17
29932,0.12,29.932,120.2726179339837,13662384816,2026-05-11 19:12:47.474979,11/05/26,19:12:47
30302,0.12,30.302,118.80403933733747,13662415118,2026-05-11 19:13:17.776979,11/05/26,19:13:17
30593,0.12,30.593,117.67397770731867,13662445711,2026-05-11 19:13:48.369979,11/05/26,19:13:48
30401,0.12,30.401,118.41715733035097,13662476112,2026-05-11 19:14:18.770979,11/05/26,19:14:18
30051,0.12,30.051,119.79634621144055,13662506163,2026-05-11 19:14:48.821979,11/05/26,19:14:48
29884,0.12,29.884,120.4658010975773,13662536047,2026-05-11 19:15:18.705979,11/05/26,19:15:18
30193,0.12,30.193,119.23293478620873,13662566240,2026-05-11 19:15:48.898979,11/05/26,19:15:48
28341,0.13,28.341,127.02445220704986,13662594581,2026-05-11 19:16:17.239979,11/05/26,19:16:17
29088,0.12,29.088,123.76237623762377,13662623669,2026-05-11 19:16:46.327979,11/05/26,19:16:46
29875,0.12,29.875,120.5020920502092,13662653544,2026-05-11 19:17:16.202979,11/05/26,19:17:16
30258,0.12,30.258,118.9767995240928,13662683802,2026-05-11 19:17:46.460979,11/05/26,19:17:46
30121,0.12,30.121,119.51794429135819,13662713923,2026-05-11 19:18:16.581979,11/05/26,19:18:16
29788,0.12,29.788,120.85403518195247,13662743711,2026-05-11 19:18:46.369979,11/05/26,19:18:46
28880,0.12,28.88,124.65373961218836,13662772591,2026-05-11 19:19:15.249979,11/05/26,19:19:15
30018,0.12,30.018,119.92804317409555,13662802609,2026-05-11 19:19:45.267979,11/05/26,19:19:45
29205,0.12,29.205,123.26656394453005,13662831814,2026-05-11 19:20:14.472979,11/05/26,19:20:14
30144,0.12,30.144,119.4267515923567,13662861958,2026-05-11 19:20:44.616979,11/05/26,19:20:44
30184,0.12,30.184,119.26848661542539,13662892142,2026-05-11 19:21:14.800979,11/05/26,19:21:14
30184,0.12,30.184,119.26848661542539,13662922326,2026-05-11 19:21:44.984979,11/05/26,19:21:44
30257,0.12,30.257,118.98073173150014,13662952583,2026-05-11 19:22:15.241979,11/05/26,19:22:15
30198,0.12,30.198,119.21319292668389,13662982781,2026-05-11 19:22:45.439979,11/05/26,19:22:45
30229,0.12,30.229,119.09093916437858,13663013010,2026-05-11 19:23:15.668979,11/05/26,19:23:15
29618,0.12,29.618,121.54770747518401,13663042628,2026-05-11 19:23:45.286979,11/05/26,19:23:45
30029,0.12,30.029,119.88411202504246,13663072657,2026-05-11 19:24:15.315979,11/05/26,19:24:15
30291,0.12,30.291,118.84718233138555,13663102948,2026-05-11 19:24:45.606979,11/05/26,19:24:45
30188,0.12,30.188,119.25268318537167,13663133136,2026-05-11 19:25:15.794979,11/05/26,19:25:15
29604,0.12,29.604,121.60518848804216,13663162740,2026-05-11 19:25:45.398979,11/05/26,19:25:45
29611,0.12,29.611,121.57644118739658,13663192351,2026-05-11 19:26:15.009979,11/05/26,19:26:15
29976,0.12,29.976,120.0960768614892,13663222327,2026-05-11 19:26:44.985979,11/05/26,19:26:44
30380,0.12,30.38,118.4990125082291,13663252707,2026-05-11 19:27:15.365979,11/05/26,19:27:15
30567,0.12,30.567,117.7740700755717,13663283274,2026-05-11 19:27:45.932979,11/05/26,19:27:45
30379,0.12,30.379,118.50291319661608,13663313653,2026-05-11 19:28:16.311979,11/05/26,19:28:16
30345,0.12,30.345,118.63568956994563,13663343998,2026-05-11 19:28:46.656979,11/05/26,19:28:46
30007,0.12,30.007,119.97200653180924,13663374005,2026-05-11 19:29:16.663979,11/05/26,19:29:16
28794,0.12,28.794,125.0260470931444,13663402799,2026-05-11 19:29:45.457979,11/05/26,19:29:45
28510,0.13,28.51,126.27148368993336,13663431309,2026-05-11 19:30:13.967979,11/05/26,19:30:13
28178,0.13,28.178,127.7592448009085,13663459487,2026-05-11 19:30:42.145979,11/05/26,19:30:42
27728,0.13,27.728,129.8326601269475,13663487215,2026-05-11 19:31:09.873979,11/05/26,19:31:9
27437,0.13,27.437,131.2096803586398,13663514652,2026-05-11 19:31:37.310979,11/05/26,19:31:37
27478,0.13,27.478,131.01390203071549,13663542130,2026-05-11 19:32:04.788979,11/05/26,19:32:4
27270,0.13,27.27,132.01320132013203,13663569400,2026-05-11 19:32:32.058979,11/05/26,19:32:32
28055,0.13,28.055,128.31937266084478,13663597455,2026-05-11 19:33:00.113979,11/05/26,19:33:0
28443,0.13,28.443,126.56892732834089,13663625898,2026-05-11 19:33:28.556979,11/05/26,19:33:28
27731,0.13,27.731,129.81861454689698,13663653629,2026-05-11 19:33:56.287979,11/05/26,19:33:56
27578,0.13,27.578,130.5388353035028,13663681207,2026-05-11 19:34:23.865979,11/05/26,19:34:23
28594,0.12,28.594,125.90053857452612,13663709801,2026-05-11 19:34:52.459979,11/05/26,19:34:52
28543,0.13,28.543,126.12549486739306,13663738344,2026-05-11 19:35:21.002979,11/05/26,19:35:21
28682,0.12,28.682,125.51425981451781,13663767026,2026-05-11 19:35:49.684979,11/05/26,19:35:49
27882,0.13,27.882,129.11555842479018,13663794908,2026-05-11 19:36:17.566979,11/05/26,19:36:17
28413,0.13,28.413,126.70256572695597,13663823321,2026-05-11 19:36:45.979979,11/05/26,19:36:45
28298,0.13,28.298,127.21747119937805,13663851619,2026-05-11 19:37:14.277979,11/05/26,19:37:14
28528,0.13,28.528,126.19181155356141,13663880147,2026-05-11 19:37:42.805979,11/05/26,19:37:42
28024,0.13,28.024,128.4613188695404,13663908171,2026-05-11 19:38:10.829979,11/05/26,19:38:10
28504,0.13,28.504,126.29806342969408,13663936675,2026-05-11 19:38:39.333979,11/05/26,19:38:39
28259,0.13,28.259,127.39304292437808,13663964934,2026-05-11 19:39:07.592979,11/05/26,19:39:7
27219,0.13,27.219,132.26055328998126,13663992153,2026-05-11 19:39:34.811979,11/05/26,19:39:34
27561,0.13,27.561,130.6193534342005,13664019714,2026-05-11 19:40:02.372979,11/05/26,19:40:2
26720,0.13,26.72,134.7305389221557,13664046434,2026-05-11 19:40:29.092979,11/05/26,19:40:29
26069,0.14,26.069,138.09505542982086,13664072503,2026-05-11 19:40:55.161979,11/05/26,19:40:55
26944,0.13,26.944,133.6104513064133,13664099447,2026-05-11 19:41:22.105979,11/05/26,19:41:22
27709,0.13,27.709,129.92168609477065,13664127156,2026-05-11 19:41:49.814979,11/05/26,19:41:49
27502,0.13,27.502,130.89957094029526,13664154658,2026-05-11 19:42:17.316979,11/05/26,19:42:17
27389,0.13,27.389,131.43962904815803,13664182047,2026-05-11 19:42:44.705979,11/05/26,19:42:44
27511,0.13,27.511,130.856748209807,13664209558,2026-05-11 19:43:12.216979,11/05/26,19:43:12
27367,0.13,27.367,131.54529177476522,13664236925,2026-05-11 19:43:39.583979,11/05/26,19:43:39
27469,0.13,27.469,131.05682769667627,13664264394,2026-05-11 19:44:07.052979,11/05/26,19:44:7
27420,0.13,27.42,131.2910284463895,13664291814,2026-05-11 19:44:34.472979,11/05/26,19:44:34
27348,0.13,27.348,131.63668275559456,13664319162,2026-05-11 19:45:01.820979,11/05/26,19:45:1
26119,0.14,26.119,137.83069795933994,13664345281,2026-05-11 19:45:27.939979,11/05/26,19:45:27
26687,0.13,26.687,134.89714093004085,13664371968,2026-05-11 19:45:54.626979,11/05/26,19:45:54
26417,0.14,26.417,136.2758829541583,13664398385,2026-05-11 19:46:21.043979,11/05/26,19:46:21
27452,0.13,27.452,131.13798630336586,13664425837,2026-05-11 19:46:48.495979,11/05/26,19:46:48
28256,0.13,28.256,127.40656851642129,13664454093,2026-05-11 19:47:16.751979,11/05/26,19:47:16
28180,0.13,28.18,127.75017743080198,13664482273,2026-05-11 19:47:44.931979,11/05/26,19:47:44
27735,0.13,27.735,129.79989183342346,13664510008,2026-05-11 19:48:12.666979,11/05/26,19:48:12
27999,0.13,27.999,128.5760205721633,13664538007,2026-05-11 19:48:40.665979,11/05/26,19:48:40
27184,0.13,27.184,132.4308416715715,13664565191,2026-05-11 19:49:07.849979,11/05/26,19:49:7
28184,0.13,28.184,127.73204655123475,13664593375,2026-05-11 19:49:36.033979,11/05/26,19:49:36
27676,0.13,27.676,130.07660066483595,13664621051,2026-05-11 19:50:03.709979,11/05/26,19:50:3
27865,0.13,27.865,129.19432980441414,13664648916,2026-05-11 19:50:31.574979,11/05/26,19:50:31
28237,0.13,28.237,127.49229734036902,13664677153,2026-05-11 19:50:59.811979,11/05/26,19:50:59
28227,0.13,28.227,127.53746413008821,13664705380,2026-05-11 19:51:28.038979,11/05/26,19:51:28
27534,0.13,27.534,130.74743952930922,13664732914,2026-05-11 19:51:55.572979,11/05/26,19:51:55
28249,0.13,28.249,127.43813940316471,13664761163,2026-05-11 19:52:23.821979,11/05/26,19:52:23
28020,0.13,28.02,128.4796573875803,13664789183,2026-05-11 19:52:51.841979,11/05/26,19:52:51
27629,0.13,27.629,130.29787542075357,13664816812,2026-05-11 19:53:19.470979,11/05/26,19:53:19
27730,0.13,27.73,129.8232960692391,13664844542,2026-05-11 19:53:47.200979,11/05/26,19:53:47
28275,0.13,28.275,127.3209549071618,13664872817,2026-05-11 19:54:15.475979,11/05/26,19:54:15
27099,0.13,27.099,132.8462304882099,13664899916,2026-05-11 19:54:42.574979,11/05/26,19:54:42
26891,0.13,26.891,133.8737867688074,13664926807,2026-05-11 19:55:09.465979,11/05/26,19:55:9
26564,0.14,26.564,135.5217587712694,13664953371,2026-05-11 19:55:36.029979,11/05/26,19:55:36
15030,0.24,15.03,239.52095808383234,13664968401,2026-05-11 19:55:51.059979,11/05/26,19:55:51
17023,0.21,17.023,211.47858779298596,13664985424,2026-05-11 19:56:08.082979,11/05/26,19:56:8
17127,0.21,17.127,210.19442984760903,13665002551,2026-05-11 19:56:25.209979,11/05/26,19:56:25
17386,0.21,17.386,207.06315426204992,13665019937,2026-05-11 19:56:42.595979,11/05/26,19:56:42
17260,0.21,17.26,208.5747392815759,13665037197,2026-05-11 19:56:59.855979,11/05/26,19:56:59
17750,0.2,17.75,202.81690140845072,13665054947,2026-05-11 19:57:17.605979,11/05/26,19:57:17
17785,0.2,17.785,202.41776778183862,13665072732,2026-05-11 19:57:35.390979,11/05/26,19:57:35
17577,0.2,17.577,204.8131080389145,13665090309,2026-05-11 19:57:52.967979,11/05/26,19:57:52
17682,0.2,17.682,203.59687818120122,13665107991,2026-05-11 19:58:10.649979,11/05/26,19:58:10
17995,0.2,17.995,200.0555709919422,13665125986,2026-05-11 19:58:28.644979,11/05/26,19:58:28
18147,0.2,18.147,198.37989750371963,13665144133,2026-05-11 19:58:46.791979,11/05/26,19:58:46
18123,0.2,18.123,198.6426088395961,13665162256,2026-05-11 19:59:04.914979,11/05/26,19:59:4
18046,0.2,18.046,199.49019173223982,13665180302,2026-05-11 19:59:22.960979,11/05/26,19:59:22
18197,0.2,18.197,197.83480793537396,13665198499,2026-05-11 19:59:41.157979,11/05/26,19:59:41
18144,0.2,18.144,198.4126984126984,13665216643,2026-05-11 19:59:59.301979,11/05/26,19:59:59
18120,0.2,18.12,198.67549668874173,13665234763,2026-05-11 20:00:17.421979,11/05/26,20:0:17
17933,0.2,17.933,200.7472257848659,13665252696,2026-05-11 20:00:35.354979,11/05/26,20:0:35
18109,0.2,18.109,198.7961786956762,13665270805,2026-05-11 20:00:53.463979,11/05/26,20:0:53
18048,0.2,18.048,199.46808510638297,13665288853,2026-05-11 20:01:11.511979,11/05/26,20:1:11
17795,0.2,17.795,202.30401798257938,13665306648,2026-05-11 20:01:29.306979,11/05/26,20:1:29
18255,0.2,18.255,197.2062448644207,13665324903,2026-05-11 20:01:47.561979,11/05/26,20:1:47
18312,0.2,18.312,196.5923984272608,13665343215,2026-05-11 20:02:05.873979,11/05/26,20:2:5
18285,0.2,18.285,196.88269073010665,13665361500,2026-05-11 20:02:24.158979,11/05/26,20:2:24
18323,0.2,18.323,196.4743764667358,13665379823,2026-05-11 20:02:42.481979,11/05/26,20:2:42
18477,0.19,18.477,194.8368241597662,13665398300,2026-05-11 20:03:00.958979,11/05/26,20:3:0
18840,0.19,18.84,191.0828025477707,13665417140,2026-05-11 20:03:19.798979,11/05/26,20:3:19
28009,0.13,28.009,128.53011532007568,13665445149,2026-05-11 20:03:47.807979,11/05/26,20:3:47
27816,0.13,27.816,129.42191544434857,13665472965,2026-05-11 20:04:15.623979,11/05/26,20:4:15
27983,0.13,27.983,128.64953721902583,13665500948,2026-05-11 20:04:43.606979,11/05/26,20:4:43
27184,0.13,27.184,132.4308416715715,13665528132,2026-05-11 20:05:10.790979,11/05/26,20:5:10
27474,0.13,27.474,131.0329766324525,13665555606,2026-05-11 20:05:38.264979,11/05/26,20:5:38
27185,0.13,27.185,132.4259702041567,13665582791,2026-05-11 20:06:05.449979,11/05/26,20:6:5
27221,0.13,27.221,132.25083575180926,13665610012,2026-05-11 20:06:32.670979,11/05/26,20:6:32
28446,0.13,28.446,126.55557899177388,13665638458,2026-05-11 20:07:01.116979,11/05/26,20:7:1
27525,0.13,27.525,130.79019073569484,13665665983,2026-05-11 20:07:28.641979,11/05/26,20:7:28
27777,0.13,27.777,129.60362890160926,13665693760,2026-05-11 20:07:56.418979,11/05/26,20:7:56
27396,0.13,27.396,131.4060446780552,13665721156,2026-05-11 20:08:23.814979,11/05/26,20:8:23
28192,0.13,28.192,127.69580022701476,13665749348,2026-05-11 20:08:52.006979,11/05/26,20:8:52
27548,0.13,27.548,130.68099317554814,13665776896,2026-05-11 20:09:19.554979,11/05/26,20:9:19
28376,0.13,28.376,126.86777558500141,13665805272,2026-05-11 20:09:47.930979,11/05/26,20:9:47
28069,0.13,28.069,128.2553706936478,13665833341,2026-05-11 20:10:15.999979,11/05/26,20:10:15
28159,0.13,28.159,127.84544905713982,13665861500,2026-05-11 20:10:44.158979,11/05/26,20:10:44
28272,0.13,28.272,127.33446519524618,13665889772,2026-05-11 20:11:12.430979,11/05/26,20:11:12
28441,0.13,28.441,126.5778277838332,13665918213,2026-05-11 20:11:40.871979,11/05/26,20:11:40
27859,0.13,27.859,129.22215442047454,13665946072,2026-05-11 20:12:08.730979,11/05/26,20:12:8
28620,0.12,28.62,125.78616352201257,13665974692,2026-05-11 20:12:37.350979,11/05/26,20:12:37
28390,0.13,28.39,126.80521310320536,13666003082,2026-05-11 20:13:05.740979,11/05/26,20:13:5
28795,0.12,28.795,125.02170515714533,13666031877,2026-05-11 20:13:34.535979,11/05/26,20:13:34
28241,0.13,28.241,127.47423958075139,13666060118,2026-05-11 20:14:02.776979,11/05/26,20:14:2
28744,0.12,28.744,125.24352908433065,13666088862,2026-05-11 20:14:31.520979,11/05/26,20:14:31
28195,0.13,28.195,127.6822131583614,13666117057,2026-05-11 20:14:59.715979,11/05/26,20:14:59
28555,0.13,28.555,126.07249168271757,13666145612,2026-05-11 20:15:28.270979,11/05/26,20:15:28
28748,0.12,28.748,125.2261026854042,13666174360,2026-05-11 20:15:57.018979,11/05/26,20:15:57
27158,0.13,27.158,132.55762574563664,13666201518,2026-05-11 20:16:24.176979,11/05/26,20:16:24
28634,0.12,28.634,125.72466298805615,13666230152,2026-05-11 20:16:52.810979,11/05/26,20:16:52
28707,0.12,28.707,125.40495349566308,13666258859,2026-05-11 20:17:21.517979,11/05/26,20:17:21
28919,0.12,28.919,124.48563228327397,13666287778,2026-05-11 20:17:50.436979,11/05/26,20:17:50
29034,0.12,29.034,123.99256044637322,13666316812,2026-05-11 20:18:19.470979,11/05/26,20:18:19
28927,0.12,28.927,124.4512047568016,13666345739,2026-05-11 20:18:48.397979,11/05/26,20:18:48
28754,0.12,28.754,125.19997217778396,13666374493,2026-05-11 20:19:17.151979,11/05/26,20:19:17
28728,0.12,28.728,125.31328320802005,13666403221,2026-05-11 20:19:45.879979,11/05/26,20:19:45
28850,0.12,28.85,124.78336221837088,13666432071,2026-05-11 20:20:14.729979,11/05/26,20:20:14
28517,0.13,28.517,126.24048812988744,13666460588,2026-05-11 20:20:43.246979,11/05/26,20:20:43
28779,0.12,28.779,125.09121234233295,13666489367,2026-05-11 20:21:12.025979,11/05/26,20:21:12
28948,0.12,28.948,124.36092303440653,13666518315,2026-05-11 20:21:40.973979,11/05/26,20:21:40
28207,0.13,28.207,127.62789378523061,13666546522,2026-05-11 20:22:09.180979,11/05/26,20:22:9
27776,0.13,27.776,129.6082949308756,13666574298,2026-05-11 20:22:36.956979,11/05/26,20:22:36
27902,0.13,27.902,129.0230091032901,13666602200,2026-05-11 20:23:04.858979,11/05/26,20:23:4
27495,0.13,27.495,130.9328968903437,13666629695,2026-05-11 20:23:32.353979,11/05/26,20:23:32
28065,0.13,28.065,128.27365045430253,13666657760,2026-05-11 20:24:00.418979,11/05/26,20:24:0
28156,0.13,28.156,127.85907089075152,13666685916,2026-05-11 20:24:28.574979,11/05/26,20:24:28
28326,0.13,28.326,127.09171785638635,13666714242,2026-05-11 20:24:56.900979,11/05/26,20:24:56
28025,0.13,28.025,128.45673505798393,13666742267,2026-05-11 20:25:24.925979,11/05/26,20:25:24
28155,0.13,28.155,127.86361214704316,13666770422,2026-05-11 20:25:53.080979,11/05/26,20:25:53
27680,0.13,27.68,130.05780346820808,13666798102,2026-05-11 20:26:20.760979,11/05/26,20:26:20
28029,0.13,28.029,128.43840308252166,13666826131,2026-05-11 20:26:48.789979,11/05/26,20:26:48
27791,0.13,27.791,129.53833975027888,13666853922,2026-05-11 20:27:16.580979,11/05/26,20:27:16
28336,0.13,28.336,127.04686617730096,13666882258,2026-05-11 20:27:44.916979,11/05/26,20:27:44
27597,0.13,27.597,130.44896184367866,13666909855,2026-05-11 20:28:12.513979,11/05/26,20:28:12
28272,0.13,28.272,127.33446519524618,13666938127,2026-05-11 20:28:40.785979,11/05/26,20:28:40
28378,0.13,28.378,126.85883430826696,13666966505,2026-05-11 20:29:09.163979,11/05/26,20:29:9
28026,0.13,28.026,128.45215157353886,13666994531,2026-05-11 20:29:37.189979,11/05/26,20:29:37
28198,0.13,28.198,127.66862898077878,13667022729,2026-05-11 20:30:05.387979,11/05/26,20:30:5
28395,0.13,28.395,126.78288431061807,13667051124,2026-05-11 20:30:33.782979,11/05/26,20:30:33
28407,0.13,28.407,126.7293272784877,13667079531,2026-05-11 20:31:02.189979,11/05/26,20:31:2
28193,0.13,28.193,127.69127088284326,13667107724,2026-05-11 20:31:30.382979,11/05/26,20:31:30
28678,0.12,28.678,125.5317665109143,13667136402,2026-05-11 20:31:59.060979,11/05/26,20:31:59
28038,0.13,28.038,128.39717526214423,13667164440,2026-05-11 20:32:27.098979,11/05/26,20:32:27
28667,0.12,28.667,125.57993511703353,13667193107,2026-05-11 20:32:55.765979,11/05/26,20:32:55
27172,0.13,27.172,132.48932724863832,13667220279,2026-05-11 20:33:22.937979,11/05/26,20:33:22
27905,0.13,27.905,129.00913814728543,13667248184,2026-05-11 20:33:50.842979,11/05/26,20:33:50
28033,0.13,28.033,128.42007633860092,13667276217,2026-05-11 20:34:18.875979,11/05/26,20:34:18
28543,0.13,28.543,126.12549486739306,13667304760,2026-05-11 20:34:47.418979,11/05/26,20:34:47
27617,0.13,27.617,130.3544917985299,13667332377,2026-05-11 20:35:15.035979,11/05/26,20:35:15
28123,0.13,28.123,128.0091028695374,13667360500,2026-05-11 20:35:43.158979,11/05/26,20:35:43
27835,0.13,27.835,129.3335728399497,13667388335,2026-05-11 20:36:10.993979,11/05/26,20:36:10
28081,0.13,28.081,128.200562658025,13667416416,2026-05-11 20:36:39.074979,11/05/26,20:36:39
28270,0.13,28.27,127.3434736469756,13667444686,2026-05-11 20:37:07.344979,11/05/26,20:37:7
28289,0.13,28.289,127.25794478419174,13667472975,2026-05-11 20:37:35.633979,11/05/26,20:37:35
28347,0.13,28.347,126.9975658799873,13667501322,2026-05-11 20:38:03.980979,11/05/26,20:38:3
27807,0.13,27.807,129.46380407810983,13667529129,2026-05-11 20:38:31.787979,11/05/26,20:38:31
28171,0.13,28.171,127.79099073515317,13667557300,2026-05-11 20:38:59.958979,11/05/26,20:38:59
27050,0.13,27.05,133.08687615526802,13667584350,2026-05-11 20:39:27.008979,11/05/26,20:39:27
26661,0.14,26.661,135.02869359738943,13667611011,2026-05-11 20:39:53.669979,11/05/26,20:39:53
26802,0.13,26.802,134.31833445265278,13667637813,2026-05-11 20:40:20.471979,11/05/26,20:40:20
27476,0.13,27.476,131.02343863735624,13667665289,2026-05-11 20:40:47.947979,11/05/26,20:40:47
27549,0.13,27.549,130.67624959163672,13667692838,2026-05-11 20:41:15.496979,11/05/26,20:41:15
27650,0.13,27.65,130.1989150090416,13667720488,2026-05-11 20:41:43.146979,11/05/26,20:41:43
27517,0.13,27.517,130.8282152850965,13667748005,2026-05-11 20:42:10.663979,11/05/26,20:42:10
27436,0.13,27.436,131.21446274967195,13667775441,2026-05-11 20:42:38.099979,11/05/26,20:42:38
27463,0.13,27.463,131.08546043767979,13667802904,2026-05-11 20:43:05.562979,11/05/26,20:43:5
27550,0.13,27.55,130.6715063520871,13667830454,2026-05-11 20:43:33.112979,11/05/26,20:43:33
27763,0.13,27.763,129.6689838994345,13667858217,2026-05-11 20:44:00.875979,11/05/26,20:44:0
27709,0.13,27.709,129.92168609477065,13667885926,2026-05-11 20:44:28.584979,11/05/26,20:44:28
27528,0.13,27.528,130.77593722755014,13667913454,2026-05-11 20:44:56.112979,11/05/26,20:44:56
25950,0.14,25.95,138.72832369942196,13667939404,2026-05-11 20:45:22.062979,11/05/26,20:45:22
26955,0.13,26.955,133.5559265442404,13667966359,2026-05-11 20:45:49.017979,11/05/26,20:45:49
26470,0.14,26.47,136.0030222893842,13667992829,2026-05-11 20:46:15.487979,11/05/26,20:46:15
26602,0.14,26.602,135.3281708142245,13668019431,2026-05-11 20:46:42.089979,11/05/26,20:46:42
27523,0.13,27.523,130.79969480071213,13668046954,2026-05-11 20:47:09.612979,11/05/26,20:47:9
27723,0.13,27.723,129.85607618223136,13668074677,2026-05-11 20:47:37.335979,11/05/26,20:47:37
28054,0.13,28.054,128.32394667427104,13668102731,2026-05-11 20:48:05.389979,11/05/26,20:48:5
27119,0.13,27.119,132.74825767911796,13668129850,2026-05-11 20:48:32.508979,11/05/26,20:48:32
27412,0.13,27.412,131.3293448124909,13668157262,2026-05-11 20:48:59.920979,11/05/26,20:48:59
27805,0.13,27.805,129.47311634598094,13668185067,2026-05-11 20:49:27.725979,11/05/26,20:49:27
27190,0.13,27.19,132.40161824200072,13668212257,2026-05-11 20:49:54.915979,11/05/26,20:49:54
27600,0.13,27.6,130.43478260869566,13668239857,2026-05-11 20:50:22.515979,11/05/26,20:50:22
27868,0.13,27.868,129.1804219893785,13668267725,2026-05-11 20:50:50.383979,11/05/26,20:50:50
18965,0.19,18.965,189.82335881887687,13668286690,2026-05-11 20:51:09.348979,11/05/26,20:51:9
17549,0.2,17.549,205.13989401105476,13668304239,2026-05-11 20:51:26.897979,11/05/26,20:51:26
17582,0.2,17.582,204.75486292799454,13668321821,2026-05-11 20:51:44.479979,11/05/26,20:51:44
17617,0.2,17.617,204.348072884146,13668339438,2026-05-11 20:52:02.096979,11/05/26,20:52:2
17705,0.2,17.705,203.33239197966677,13668357143,2026-05-11 20:52:19.801979,11/05/26,20:52:19
17801,0.2,17.801,202.23582944778383,13668374944,2026-05-11 20:52:37.602979,11/05/26,20:52:37
18016,0.2,18.016,199.82238010657193,13668392960,2026-05-11 20:52:55.618979,11/05/26,20:52:55
18040,0.2,18.04,199.55654101995566,13668411000,2026-05-11 20:53:13.658979,11/05/26,20:53:13
18077,0.2,18.077,199.1480887315373,13668429077,2026-05-11 20:53:31.735979,11/05/26,20:53:31
18340,0.2,18.34,196.29225736095964,13668447417,2026-05-11 20:53:50.075979,11/05/26,20:53:50
18188,0.2,18.188,197.93270288102045,13668465605,2026-05-11 20:54:08.263979,11/05/26,20:54:8
17892,0.2,17.892,201.2072434607646,13668483497,2026-05-11 20:54:26.155979,11/05/26,20:54:26
18458,0.19,18.458,195.03738216491493,13668501955,2026-05-11 20:54:44.613979,11/05/26,20:54:44
18338,0.2,18.338,196.31366561238957,13668520293,2026-05-11 20:55:02.951979,11/05/26,20:55:2
18257,0.2,18.257,197.18464150736705,13668538550,2026-05-11 20:55:21.208979,11/05/26,20:55:21
18372,0.19,18.372,195.95035924232528,13668556922,2026-05-11 20:55:39.580979,11/05/26,20:55:39
18473,0.19,18.473,194.87901261300277,13668575395,2026-05-11 20:55:58.053979,11/05/26,20:55:58
18102,0.2,18.102,198.87305270135897,13668593497,2026-05-11 20:56:16.155979,11/05/26,20:56:16
18673,0.19,18.673,192.79173137685427,13668612170,2026-05-11 20:56:34.828979,11/05/26,20:56:34
18617,0.19,18.617,193.37164956759952,13668630787,2026-05-11 20:56:53.445979,11/05/26,20:56:53
18642,0.19,18.642,193.1123270035404,13668649429,2026-05-11 20:57:12.087979,11/05/26,20:57:12
18549,0.19,18.549,194.0805434255216,13668667978,2026-05-11 20:57:30.636979,11/05/26,20:57:30
18656,0.19,18.656,192.967409948542,13668686634,2026-05-11 20:57:49.292979,11/05/26,20:57:49
18690,0.19,18.69,192.6163723916533,13668705324,2026-05-11 20:58:07.982979,11/05/26,20:58:7
18748,0.19,18.748,192.02048218476637,13668724072,2026-05-11 20:58:26.730979,11/05/26,20:58:26
23405,0.15,23.405,153.81328775902585,13668747477,2026-05-11 20:58:50.135979,11/05/26,20:58:50
27234,0.13,27.234,132.18770654329148,13668774711,2026-05-11 20:59:17.369979,11/05/26,20:59:17
27541,0.13,27.541,130.71420790820957,13668802252,2026-05-11 20:59:44.910979,11/05/26,20:59:44
27400,0.13,27.4,131.38686131386862,13668829652,2026-05-11 21:00:12.310979,11/05/26,21:0:12
26925,0.13,26.925,133.70473537604457,13668856577,2026-05-11 21:00:39.235979,11/05/26,21:0:39
27032,0.13,27.032,133.17549570878958,13668883609,2026-05-11 21:01:06.267979,11/05/26,21:1:6
26597,0.14,26.597,135.35361130954618,13668910206,2026-05-11 21:01:32.864979,11/05/26,21:1:32
27211,0.13,27.211,132.29943772738966,13668937417,2026-05-11 21:02:00.075979,11/05/26,21:2:0
26910,0.13,26.91,133.77926421404683,13668964327,2026-05-11 21:02:26.985979,11/05/26,21:2:26
27424,0.13,27.424,131.27187864644108,13668991751,2026-05-11 21:02:54.409979,11/05/26,21:2:54
27114,0.13,27.114,132.772737331268,13669018865,2026-05-11 21:03:21.523979,11/05/26,21:3:21
27311,0.13,27.311,131.81501958917653,13669046176,2026-05-11 21:03:48.834979,11/05/26,21:3:48
27440,0.13,27.44,131.19533527696794,13669073616,2026-05-11 21:04:16.274979,11/05/26,21:4:16
27417,0.13,27.417,131.3053944632892,13669101033,2026-05-11 21:04:43.691979,11/05/26,21:4:43
27187,0.13,27.187,132.41622834442933,13669128220,2026-05-11 21:05:10.878979,11/05/26,21:5:10
26751,0.13,26.751,134.5744084333296,13669154971,2026-05-11 21:05:37.629979,11/05/26,21:5:37
26692,0.13,26.692,134.87187172186424,13669181663,2026-05-11 21:06:04.321979,11/05/26,21:6:4
26466,0.14,26.466,136.02357742008616,13669208129,2026-05-11 21:06:30.787979,11/05/26,21:6:30
26030,0.14,26.03,138.30195927775642,13669234159,2026-05-11 21:06:56.817979,11/05/26,21:6:56
26161,0.14,26.161,137.60941860020642,13669260320,2026-05-11 21:07:22.978979,11/05/26,21:7:22
27172,0.13,27.172,132.48932724863832,13669287492,2026-05-11 21:07:50.150979,11/05/26,21:7:50
26416,0.14,26.416,136.28104179285282,13669313908,2026-05-11 21:08:16.566979,11/05/26,21:8:16
26530,0.14,26.53,135.69543912551828,13669340438,2026-05-11 21:08:43.096979,11/05/26,21:8:43
27170,0.13,27.17,132.4990798675009,13669367608,2026-05-11 21:09:10.266979,11/05/26,21:9:10
26835,0.13,26.835,134.15315818893237,13669394443,2026-05-11 21:09:37.101979,11/05/26,21:9:37
27083,0.13,27.083,132.92471291954362,13669421526,2026-05-11 21:10:04.184979,11/05/26,21:10:4
27178,0.13,27.178,132.46007800426815,13669448704,2026-05-11 21:10:31.362979,11/05/26,21:10:31
26954,0.13,26.954,133.5608815018179,13669475658,2026-05-11 21:10:58.316979,11/05/26,21:10:58
27107,0.13,27.107,132.80702401593683,13669502765,2026-05-11 21:11:25.423979,11/05/26,21:11:25
27710,0.13,27.71,129.91699747383615,13669530475,2026-05-11 21:11:53.133979,11/05/26,21:11:53
27328,0.13,27.328,131.73302107728338,13669557803,2026-05-11 21:12:20.461979,11/05/26,21:12:20
27422,0.13,27.422,131.28145284807817,13669585225,2026-05-11 21:12:47.883979,11/05/26,21:12:47
26621,0.14,26.621,135.23158408775026,13669611846,2026-05-11 21:13:14.504979,11/05/26,21:13:14
26698,0.13,26.698,134.8415611656304,13669638544,2026-05-11 21:13:41.202979,11/05/26,21:13:41
25833,0.14,25.833,139.35663685983045,13669664377,2026-05-11 21:14:07.035979,11/05/26,21:14:7
26141,0.14,26.141,137.7147010443365,13669690518,2026-05-11 21:14:33.176979,11/05/26,21:14:33
26004,0.14,26.004,138.4402399630826,13669716522,2026-05-11 21:14:59.180979,11/05/26,21:14:59
26862,0.13,26.862,134.01831583649766,13669743384,2026-05-11 21:15:26.042979,11/05/26,21:15:26
27326,0.13,27.326,131.7426626655932,13669770710,2026-05-11 21:15:53.368979,11/05/26,21:15:53
27208,0.13,27.208,132.3140252866804,13669797918,2026-05-11 21:16:20.576979,11/05/26,21:16:20
27083,0.13,27.083,132.92471291954362,13669825001,2026-05-11 21:16:47.659979,11/05/26,21:16:47
27607,0.13,27.607,130.4017097113051,13669852608,2026-05-11 21:17:15.266979,11/05/26,21:17:15
27578,0.13,27.578,130.5388353035028,13669880186,2026-05-11 21:17:42.844979,11/05/26,21:17:42
27799,0.13,27.799,129.5010611892514,13669907985,2026-05-11 21:18:10.643979,11/05/26,21:18:10
26524,0.14,26.524,135.72613482129393,13669934509,2026-05-11 21:18:37.167979,11/05/26,21:18:37
26655,0.14,26.655,135.05908835115363,13669961164,2026-05-11 21:19:03.822979,11/05/26,21:19:3
27801,0.13,27.801,129.49174490126254,13669988965,2026-05-11 21:19:31.623979,11/05/26,21:19:31
28066,0.13,28.066,128.2690800256538,13670017031,2026-05-11 21:19:59.689979,11/05/26,21:19:59
21525,0.17,21.525,167.24738675958187,13670038556,2026-05-11 21:20:21.214979,11/05/26,21:20:21
2574,1.4,2.574,1398.6013986013986,13670041130,2026-05-11 21:20:23.788979,11/05/26,21:20:23
2462,1.46,2.462,1462.225832656377,13670043592,2026-05-11 21:20:26.250979,11/05/26,21:20:26
2455,1.47,2.455,1466.3951120162933,13670046047,2026-05-11 21:20:28.705979,11/05/26,21:20:28
2459,1.46,2.459,1464.0097600650672,13670048506,2026-05-11 21:20:31.164979,11/05/26,21:20:31
2454,1.47,2.454,1466.992665036675,13670050960,2026-05-11 21:20:33.618979,11/05/26,21:20:33
2458,1.46,2.458,1464.6053702196907,13670053418,2026-05-11 21:20:36.076979,11/05/26,21:20:36
2453,1.47,2.453,1467.5907052588666,13670055871,2026-05-11 21:20:38.529979,11/05/26,21:20:38
2452,1.47,2.452,1468.189233278956,13670058323,2026-05-11 21:20:40.981979,11/05/26,21:20:40
2468,1.46,2.468,1458.6709886547812,13670060791,2026-05-11 21:20:43.449979,11/05/26,21:20:43
2468,1.46,2.468,1458.6709886547812,13670063259,2026-05-11 21:20:45.917979,11/05/26,21:20:45
2461,1.46,2.461,1462.8199918732223,13670065720,2026-05-11 21:20:48.378979,11/05/26,21:20:48
2462,1.46,2.462,1462.225832656377,13670068182,2026-05-11 21:20:50.840979,11/05/26,21:20:50
2471,1.46,2.471,1456.9000404694455,13670070653,2026-05-11 21:20:53.311979,11/05/26,21:20:53
2481,1.45,2.481,1451.0278113663844,13670073134,2026-05-11 21:20:55.792979,11/05/26,21:20:55
2474,1.46,2.474,1455.1333872271625,13670075608,2026-05-11 21:20:58.266979,11/05/26,21:20:58
2471,1.46,2.471,1456.9000404694455,13670078079,2026-05-11 21:21:00.737979,11/05/26,21:21:0
2473,1.46,2.473,1455.7217953902143,13670080552,2026-05-11 21:21:03.210979,11/05/26,21:21:3
2480,1.45,2.48,1451.6129032258063,13670083032,2026-05-11 21:21:05.690979,11/05/26,21:21:5
2480,1.45,2.48,1451.6129032258063,13670085512,2026-05-11 21:21:08.170979,11/05/26,21:21:8
2484,1.45,2.484,1449.2753623188405,13670087996,2026-05-11 21:21:10.654979,11/05/26,21:21:10
2486,1.45,2.486,1448.1094127111826,13670090482,2026-05-11 21:21:13.140979,11/05/26,21:21:13
2472,1.46,2.472,1456.3106796116506,13670092954,2026-05-11 21:21:15.612979,11/05/26,21:21:15
2487,1.45,2.487,1447.5271411338963,13670095441,2026-05-11 21:21:18.099979,11/05/26,21:21:18
2483,1.45,2.483,1449.859041482078,13670097924,2026-05-11 21:21:20.582979,11/05/26,21:21:20
2482,1.45,2.482,1450.4431909750201,13670100406,2026-05-11 21:21:23.064979,11/05/26,21:21:23
2486,1.45,2.486,1448.1094127111826,13670102892,2026-05-11 21:21:25.550979,11/05/26,21:21:25
2486,1.45,2.486,1448.1094127111826,13670105378,2026-05-11 21:21:28.036979,11/05/26,21:21:28
2495,1.44,2.495,1442.885771543086,13670107873,2026-05-11 21:21:30.531979,11/05/26,21:21:30
2503,1.44,2.503,1438.2740711146623,13670110376,2026-05-11 21:21:33.034979,11/05/26,21:21:33
2497,1.44,2.497,1441.7300760913097,13670112873,2026-05-11 21:21:35.531979,11/05/26,21:21:35
2496,1.44,2.496,1442.3076923076924,13670115369,2026-05-11 21:21:38.027979,11/05/26,21:21:38
2494,1.44,2.494,1443.4643143544506,13670117863,2026-05-11 21:21:40.521979,11/05/26,21:21:40
2504,1.44,2.504,1437.6996805111821,13670120367,2026-05-11 21:21:43.025979,11/05/26,21:21:43
2508,1.43,2.508,1435.4066985645934,13670122875,2026-05-11 21:21:45.533979,11/05/26,21:21:45
2499,1.44,2.499,1440.5762304921968,13670125374,2026-05-11 21:21:48.032979,11/05/26,21:21:48
2504,1.44,2.504,1437.6996805111821,13670127878,2026-05-11 21:21:50.536979,11/05/26,21:21:50
2513,1.43,2.513,1432.550736171906,13670130391,2026-05-11 21:21:53.049979,11/05/26,21:21:53
2522,1.43,2.522,1427.4385408406026,13670132913,2026-05-11 21:21:55.571979,11/05/26,21:21:55
2517,1.43,2.517,1430.274135876043,13670135430,2026-05-11 21:21:58.088979,11/05/26,21:21:58
2516,1.43,2.516,1430.8426073131955,13670137946,2026-05-11 21:22:00.604979,11/05/26,21:22:0
2515,1.43,2.515,1431.4115308151092,13670140461,2026-05-11 21:22:03.119979,11/05/26,21:22:3
2516,1.43,2.516,1430.8426073131955,13670142977,2026-05-11 21:22:05.635979,11/05/26,21:22:5
2528,1.42,2.528,1424.0506329113923,13670145505,2026-05-11 21:22:08.163979,11/05/26,21:22:8
2517,1.43,2.517,1430.274135876043,13670148022,2026-05-11 21:22:10.680979,11/05/26,21:22:10
2524,1.43,2.524,1426.3074484944532,13670150546,2026-05-11 21:22:13.204979,11/05/26,21:22:13
2516,1.43,2.516,1430.8426073131955,13670153062,2026-05-11 21:22:15.720979,11/05/26,21:22:15
2533,1.42,2.533,1421.239636794315,13670155595,2026-05-11 21:22:18.253979,11/05/26,21:22:18
2543,1.41,2.543,1415.6508061344869,13670158138,2026-05-11 21:22:20.796979,11/05/26,21:22:20
2537,1.42,2.537,1418.9988175009855,13670160675,2026-05-11 21:22:23.333979,11/05/26,21:22:23
2526,1.42,2.526,1425.1781472684086,13670163201,2026-05-11 21:22:25.859979,11/05/26,21:22:25
2532,1.42,2.532,1421.8009478672986,13670165733,2026-05-11 21:22:28.391979,11/05/26,21:22:28
2549,1.41,2.549,1412.3185562965868,13670168282,2026-05-11 21:22:30.940979,11/05/26,21:22:30
2550,1.41,2.55,1411.764705882353,13670170832,2026-05-11 21:22:33.490979,11/05/26,21:22:33
2548,1.41,2.548,1412.87284144427,13670173380,2026-05-11 21:22:36.038979,11/05/26,21:22:36
2546,1.41,2.546,1413.9827179890024,13670175926,2026-05-11 21:22:38.584979,11/05/26,21:22:38
2547,1.41,2.547,1413.4275618374559,13670178473,2026-05-11 21:22:41.131979,11/05/26,21:22:41
2558,1.41,2.558,1407.3494917904613,13670181031,2026-05-11 21:22:43.689979,11/05/26,21:22:43
2554,1.41,2.554,1409.5536413469067,13670183585,2026-05-11 21:22:46.243979,11/05/26,21:22:46
2536,1.42,2.536,1419.558359621451,13670186121,2026-05-11 21:22:48.779979,11/05/26,21:22:48
2558,1.41,2.558,1407.3494917904613,13670188679,2026-05-11 21:22:51.337979,11/05/26,21:22:51
2563,1.4,2.563,1404.6039797112758,13670191242,2026-05-11 21:22:53.900979,11/05/26,21:22:53
11435,0.31,11.435,314.82291211193706,13670202677,2026-05-11 21:23:05.335979,11/05/26,21:23:5
27298,0.13,27.298,131.87779324492638,13670229975,2026-05-11 21:23:32.633979,11/05/26,21:23:32
28329,0.13,28.329,127.07825902785132,13670258304,2026-05-11 21:24:00.962979,11/05/26,21:24:0
27897,0.13,27.897,129.04613399290247,13670286201,2026-05-11 21:24:28.859979,11/05/26,21:24:28
28206,0.13,28.206,127.63241863433312,13670314407,2026-05-11 21:24:57.065979,11/05/26,21:24:57
28330,0.13,28.33,127.07377338510413,13670342737,2026-05-11 21:25:25.395979,11/05/26,21:25:25
28215,0.13,28.215,127.59170653907496,13670370952,2026-05-11 21:25:53.610979,11/05/26,21:25:53
27779,0.13,27.779,129.59429785089455,13670398731,2026-05-11 21:26:21.389979,11/05/26,21:26:21
28071,0.13,28.071,128.24623276691247,13670426802,2026-05-11 21:26:49.460979,11/05/26,21:26:49
28228,0.13,28.228,127.53294601105286,13670455030,2026-05-11 21:27:17.688979,11/05/26,21:27:17
28550,0.13,28.55,126.09457092819615,13670483580,2026-05-11 21:27:46.238979,11/05/26,21:27:46
28403,0.13,28.403,126.747174594233,13670511983,2026-05-11 21:28:14.641979,11/05/26,21:28:14
28439,0.13,28.439,126.58672949119168,13670540422,2026-05-11 21:28:43.080979,11/05/26,21:28:43
28178,0.13,28.178,127.7592448009085,13670568600,2026-05-11 21:29:11.258979,11/05/26,21:29:11
27970,0.13,27.97,128.70933142652842,13670596570,2026-05-11 21:29:39.228979,11/05/26,21:29:39
27726,0.13,27.726,129.84202553559837,13670624296,2026-05-11 21:30:06.954979,11/05/26,21:30:6
27281,0.13,27.281,131.95997214178365,13670651577,2026-05-11 21:30:34.235979,11/05/26,21:30:34
28151,0.13,28.151,127.88178039856489,13670679728,2026-05-11 21:31:02.386979,11/05/26,21:31:2
27929,0.13,27.929,128.8982777757886,13670707657,2026-05-11 21:31:30.315979,11/05/26,21:31:30
28127,0.13,28.127,127.99089842500089,13670735784,2026-05-11 21:31:58.442979,11/05/26,21:31:58
27786,0.13,27.786,129.5616497516735,13670763570,2026-05-11 21:32:26.228979,11/05/26,21:32:26
28447,0.13,28.447,126.55113017189862,13670792017,2026-05-11 21:32:54.675979,11/05/26,21:32:54
28287,0.13,28.287,127.26694241170856,13670820304,2026-05-11 21:33:22.962979,11/05/26,21:33:22
27827,0.13,27.827,129.37075502210084,13670848131,2026-05-11 21:33:50.789979,11/05/26,21:33:50
28169,0.13,28.169,127.80006390003194,13670876300,2026-05-11 21:34:18.958979,11/05/26,21:34:18
28045,0.13,28.045,128.36512747370298,13670904345,2026-05-11 21:34:47.003979,11/05/26,21:34:47
28067,0.13,28.067,128.264509922685,13670932412,2026-05-11 21:35:15.070979,11/05/26,21:35:15
28038,0.13,28.038,128.39717526214423,13670960450,2026-05-11 21:35:43.108979,11/05/26,21:35:43
27701,0.13,27.701,129.95920724883578,13670988151,2026-05-11 21:36:10.809979,11/05/26,21:36:10
28151,0.13,28.151,127.88178039856489,13671016302,2026-05-11 21:36:38.960979,11/05/26,21:36:38
28308,0.13,28.308,127.1725307333616,13671044610,2026-05-11 21:37:07.268979,11/05/26,21:37:7
27264,0.13,27.264,132.04225352112675,13671071874,2026-05-11 21:37:34.532979,11/05/26,21:37:34
27599,0.13,27.599,130.43950867785065,13671099473,2026-05-11 21:38:02.131979,11/05/26,21:38:2
27405,0.13,27.405,131.36288998357963,13671126878,2026-05-11 21:38:29.536979,11/05/26,21:38:29
26764,0.13,26.764,134.509041996712,13671153642,2026-05-11 21:38:56.300979,11/05/26,21:38:56
25476,0.14,25.476,141.3094677343382,13671179118,2026-05-11 21:39:21.776979,11/05/26,21:39:21
25352,0.14,25.352,142.00063111391606,13671204470,2026-05-11 21:39:47.128979,11/05/26,21:39:47
25391,0.14,25.391,141.78252136583828,13671229861,2026-05-11 21:40:12.519979,11/05/26,21:40:12
25744,0.14,25.744,139.83840894965817,13671255605,2026-05-11 21:40:38.263979,11/05/26,21:40:38
26733,0.13,26.733,134.66502076085737,13671282338,2026-05-11 21:41:04.996979,11/05/26,21:41:4
26706,0.13,26.706,134.80116827679174,13671309044,2026-05-11 21:41:31.702979,11/05/26,21:41:31
26847,0.13,26.847,134.09319477036541,13671335891,2026-05-11 21:41:58.549979,11/05/26,21:41:58
26724,0.13,26.724,134.7103726986978,13671362615,2026-05-11 21:42:25.273979,11/05/26,21:42:25
26818,0.13,26.818,134.23819822507272,13671389433,2026-05-11 21:42:52.091979,11/05/26,21:42:52
26185,0.14,26.185,137.4832919610464,13671415618,2026-05-11 21:43:18.276979,11/05/26,21:43:18
26355,0.14,26.355,136.59647125782584,13671441973,2026-05-11 21:43:44.631979,11/05/26,21:43:44
26668,0.13,26.668,134.99325033748312,13671468641,2026-05-11 21:44:11.299979,11/05/26,21:44:11
26600,0.14,26.6,135.33834586466165,13671495241,2026-05-11 21:44:37.899979,11/05/26,21:44:37
26088,0.14,26.088,137.99448022079116,13671521329,2026-05-11 21:45:03.987979,11/05/26,21:45:3
26537,0.14,26.537,135.65964502392885,13671547866,2026-05-11 21:45:30.524979,11/05/26,21:45:30
26028,0.14,26.028,138.31258644536652,13671573894,2026-05-11 21:45:56.552979,11/05/26,21:45:56
14441,0.25,14.441,249.29021535904715,13671588335,2026-05-11 21:46:10.993979,11/05/26,21:46:10
16888,0.21,16.888,213.16911416390337,13671605223,2026-05-11 21:46:27.881979,11/05/26,21:46:27
17066,0.21,17.066,210.9457400679714,13671622289,2026-05-11 21:46:44.947979,11/05/26,21:46:44
16970,0.21,16.97,212.1390689451974,13671639259,2026-05-11 21:47:01.917979,11/05/26,21:47:1
17017,0.21,17.017,211.55315272962332,13671656276,2026-05-11 21:47:18.934979,11/05/26,21:47:18
17017,0.21,17.017,211.55315272962332,13671673293,2026-05-11 21:47:35.951979,11/05/26,21:47:35
17177,0.21,17.177,209.58258135879373,13671690470,2026-05-11 21:47:53.128979,11/05/26,21:47:53
17658,0.2,17.658,203.8735983690112,13671708128,2026-05-11 21:48:10.786979,11/05/26,21:48:10
17746,0.2,17.746,202.86261692775838,13671725874,2026-05-11 21:48:28.532979,11/05/26,21:48:28
17814,0.2,17.814,202.08824520040417,13671743688,2026-05-11 21:48:46.346979,11/05/26,21:48:46
17917,0.2,17.917,200.92649439080202,13671761605,2026-05-11 21:49:04.263979,11/05/26,21:49:4
17860,0.2,17.86,201.56774916013438,13671779465,2026-05-11 21:49:22.123979,11/05/26,21:49:22
17800,0.2,17.8,202.24719101123594,13671797265,2026-05-11 21:49:39.923979,11/05/26,21:49:39
17754,0.2,17.754,202.77120648867862,13671815019,2026-05-11 21:49:57.677979,11/05/26,21:49:57
17832,0.2,17.832,201.8842530282638,13671832851,2026-05-11 21:50:15.509979,11/05/26,21:50:15
18091,0.2,18.091,198.99397490464872,13671850942,2026-05-11 21:50:33.600979,11/05/26,21:50:33
18164,0.2,18.164,198.19423034573882,13671869106,2026-05-11 21:50:51.764979,11/05/26,21:50:51
17875,0.2,17.875,201.3986013986014,13671886981,2026-05-11 21:51:09.639979,11/05/26,21:51:9
17969,0.2,17.969,200.34503867772275,13671904950,2026-05-11 21:51:27.608979,11/05/26,21:51:27
18200,0.2,18.2,197.8021978021978,13671923150,2026-05-11 21:51:45.808979,11/05/26,21:51:45
18312,0.2,18.312,196.5923984272608,13671941462,2026-05-11 21:52:04.120979,11/05/26,21:52:4
18156,0.2,18.156,198.28155981493722,13671959618,2026-05-11 21:52:22.276979,11/05/26,21:52:22
18209,0.2,18.209,197.70443187434785,13671977827,2026-05-11 21:52:40.485979,11/05/26,21:52:40
18326,0.2,18.326,196.44221324893593,13671996153,2026-05-11 21:52:58.811979,11/05/26,21:52:58
18119,0.2,18.119,198.68646172526078,13672014272,2026-05-11 21:53:16.930979,11/05/26,21:53:16
19552,0.18,19.552,184.12438625204584,13672033824,2026-05-11 21:53:36.482979,11/05/26,21:53:36
28372,0.13,28.372,126.88566192020302,13672062196,2026-05-11 21:54:04.854979,11/05/26,21:54:4
28175,0.13,28.175,127.77284826974268,13672090371,2026-05-11 21:54:33.029979,11/05/26,21:54:33
27733,0.13,27.733,129.80925251505425,13672118104,2026-05-11 21:55:00.762979,11/05/26,21:55:0
27849,0.13,27.849,129.26855542389313,13672145953,2026-05-11 21:55:28.611979,11/05/26,21:55:28
27981,0.13,27.981,128.6587327114828,13672173934,2026-05-11 21:55:56.592979,11/05/26,21:55:56
26960,0.13,26.96,133.53115727002967,13672200894,2026-05-11 21:56:23.552979,11/05/26,21:56:23
27474,0.13,27.474,131.0329766324525,13672228368,2026-05-11 21:56:51.026979,11/05/26,21:56:51
27708,0.13,27.708,129.926375054136,13672256076,2026-05-11 21:57:18.734979,11/05/26,21:57:18
27358,0.13,27.358,131.58856641567365,13672283434,2026-05-11 21:57:46.092979,11/05/26,21:57:46
27541,0.13,27.541,130.71420790820957,13672310975,2026-05-11 21:58:13.633979,11/05/26,21:58:13
27599,0.13,27.599,130.43950867785065,13672338574,2026-05-11 21:58:41.232979,11/05/26,21:58:41
27656,0.13,27.656,130.17066820943015,13672366230,2026-05-11 21:59:08.888979,11/05/26,21:59:8
27361,0.13,27.361,131.5741383721355,13672393591,2026-05-11 21:59:36.249979,11/05/26,21:59:36
26943,0.13,26.943,133.61541031065582,13672420534,2026-05-11 22:00:03.192979,11/05/26,22:0:3
26779,0.13,26.779,134.4336980469771,13672447313,2026-05-11 22:00:29.971979,11/05/26,22:0:29
26416,0.14,26.416,136.28104179285282,13672473729,2026-05-11 22:00:56.387979,11/05/26,22:0:56
26386,0.14,26.386,136.4359887819298,13672500115,2026-05-11 22:01:22.773979,11/05/26,22:1:22
26848,0.13,26.848,134.08820023837902,13672526963,2026-05-11 22:01:49.621979,11/05/26,22:1:49
27201,0.13,27.201,132.348075438403,13672554164,2026-05-11 22:02:16.822979,11/05/26,22:2:16
27618,0.13,27.618,130.3497718878992,13672581782,2026-05-11 22:02:44.440979,11/05/26,22:2:44
27529,0.13,27.529,130.77118674851974,13672609311,2026-05-11 22:03:11.969979,11/05/26,22:3:11
27302,0.13,27.302,131.85847190682,13672636613,2026-05-11 22:03:39.271979,11/05/26,22:3:39
27405,0.13,27.405,131.36288998357963,13672664018,2026-05-11 22:04:06.676979,11/05/26,22:4:6
26835,0.13,26.835,134.15315818893237,13672690853,2026-05-11 22:04:33.511979,11/05/26,22:4:33
27222,0.13,27.222,132.24597751818382,13672718075,2026-05-11 22:05:00.733979,11/05/26,22:5:0
27422,0.13,27.422,131.28145284807817,13672745497,2026-05-11 22:05:28.155979,11/05/26,22:5:28
27435,0.13,27.435,131.21924548933845,13672772932,2026-05-11 22:05:55.590979,11/05/26,22:5:55
26835,0.13,26.835,134.15315818893237,13672799767,2026-05-11 22:06:22.425979,11/05/26,22:6:22
27051,0.13,27.051,133.08195630475768,13672826818,2026-05-11 22:06:49.476979,11/05/26,22:6:49
26405,0.14,26.405,136.33781480780155,13672853223,2026-05-11 22:07:15.881979,11/05/26,22:7:15
26592,0.14,26.592,135.37906137184115,13672879815,2026-05-11 22:07:42.473979,11/05/26,22:7:42
27349,0.13,27.349,131.63186953819152,13672907164,2026-05-11 22:08:09.822979,11/05/26,22:8:9
26923,0.13,26.923,133.7146677561936,13672934087,2026-05-11 22:08:36.745979,11/05/26,22:8:36
27072,0.13,27.072,132.9787234042553,13672961159,2026-05-11 22:09:03.817979,11/05/26,22:9:3
26823,0.13,26.823,134.213175260038,13672987982,2026-05-11 22:09:30.640979,11/05/26,22:9:30
26384,0.14,26.384,136.4463311097635,13673014366,2026-05-11 22:09:57.024979,11/05/26,22:9:57
26461,0.14,26.461,136.0492800725596,13673040827,2026-05-11 22:10:23.485979,11/05/26,22:10:23
26735,0.13,26.735,134.6549466990836,13673067562,2026-05-11 22:10:50.220979,11/05/26,22:10:50
27444,0.13,27.444,131.17621337997377,13673095006,2026-05-11 22:11:17.664979,11/05/26,22:11:17
27898,0.13,27.898,129.04150835185317,13673122904,2026-05-11 22:11:45.562979,11/05/26,22:11:45
27432,0.13,27.432,131.23359580052494,13673150336,2026-05-11 22:12:12.994979,11/05/26,22:12:12
27505,0.13,27.505,130.8852935829849,13673177841,2026-05-11 22:12:40.499979,11/05/26,22:12:40
27753,0.13,27.753,129.71570641011783,13673205594,2026-05-11 22:13:08.252979,11/05/26,22:13:8
27551,0.13,27.551,130.66676345686182,13673233145,2026-05-11 22:13:35.803979,11/05/26,22:13:35
27248,0.13,27.248,132.11978860833824,13673260393,2026-05-11 22:14:03.051979,11/05/26,22:14:3
27610,0.13,27.61,130.38754074610648,13673288003,2026-05-11 22:14:30.661979,11/05/26,22:14:30
27806,0.13,27.806,129.46846004459468,13673315809,2026-05-11 22:14:58.467979,11/05/26,22:14:58
27847,0.13,27.847,129.27783962365785,13673343656,2026-05-11 22:15:26.314979,11/05/26,22:15:26
27882,0.13,27.882,129.11555842479018,13673371538,2026-05-11 22:15:54.196979,11/05/26,22:15:54
27249,0.13,27.249,132.11493999779807,13673398787,2026-05-11 22:16:21.445979,11/05/26,22:16:21
27913,0.13,27.913,128.97216350804285,13673426700,2026-05-11 22:16:49.358979,11/05/26,22:16:49
27612,0.13,27.612,130.3780964797914,13673454312,2026-05-11 22:17:16.970979,11/05/26,22:17:16
27613,0.13,27.613,130.37337485966754,13673481925,2026-05-11 22:17:44.583979,11/05/26,22:17:44
28081,0.13,28.081,128.200562658025,13673510006,2026-05-11 22:18:12.664979,11/05/26,22:18:12
27481,0.13,27.481,130.9995997234453,13673537487,2026-05-11 22:18:40.145979,11/05/26,22:18:40
27568,0.13,27.568,130.586186883343,13673565055,2026-05-11 22:19:07.713979,11/05/26,22:19:7
27765,0.13,27.765,129.65964343598054,13673592820,2026-05-11 22:19:35.478979,11/05/26,22:19:35
27113,0.13,27.113,132.77763434514807,13673619933,2026-05-11 22:20:02.591979,11/05/26,22:20:2
26839,0.13,26.839,134.13316442490407,13673646772,2026-05-11 22:20:29.430979,11/05/26,22:20:29
26893,0.13,26.893,133.8638307366229,13673673665,2026-05-11 22:20:56.323979,11/05/26,22:20:56
26593,0.14,26.593,135.37397059376528,13673700258,2026-05-11 22:21:22.916979,11/05/26,22:21:22
27065,0.13,27.065,133.01311657121744,13673727323,2026-05-11 22:21:49.981979,11/05/26,22:21:49
27171,0.13,27.171,132.49420337860218,13673754494,2026-05-11 22:22:17.152979,11/05/26,22:22:17
23572,0.15,23.572,152.72357033768878,13673778066,2026-05-11 22:22:40.724979,11/05/26,22:22:40
21676,0.17,21.676,166.08230300793505,13673799742,2026-05-11 22:23:02.400979,11/05/26,22:23:2
21438,0.17,21.438,167.9261125104954,13673821180,2026-05-11 22:23:23.838979,11/05/26,22:23:23
25911,0.14,25.911,138.9371309482459,13673847091,2026-05-11 22:23:49.749979,11/05/26,22:23:49
26947,0.13,26.947,133.59557650202248,13673874038,2026-05-11 22:24:16.696979,11/05/26,22:24:16
26527,0.14,26.527,135.71078523768236,13673900565,2026-05-11 22:24:43.223979,11/05/26,22:24:43
27226,0.13,27.226,132.2265481525013,13673927791,2026-05-11 22:25:10.449979,11/05/26,22:25:10
27174,0.13,27.174,132.47957606535658,13673954965,2026-05-11 22:25:37.623979,11/05/26,22:25:37
26806,0.13,26.806,134.29829142729238,13673981771,2026-05-11 22:26:04.429979,11/05/26,22:26:4
26933,0.13,26.933,133.6650206066907,13674008704,2026-05-11 22:26:31.362979,11/05/26,22:26:31
27186,0.13,27.186,132.42109909512249,13674035890,2026-05-11 22:26:58.548979,11/05/26,22:26:58
27065,0.13,27.065,133.01311657121744,13674062955,2026-05-11 22:27:25.613979,11/05/26,22:27:25
27011,0.13,27.011,133.2790344674392,13674089966,2026-05-11 22:27:52.624979,11/05/26,22:27:52
26713,0.13,26.713,134.76584434544978,13674116679,2026-05-11 22:28:19.337979,11/05/26,22:28:19
26472,0.14,26.472,135.9927470534905,13674143151,2026-05-11 22:28:45.809979,11/05/26,22:28:45
26386,0.14,26.386,136.4359887819298,13674169537,2026-05-11 22:29:12.195979,11/05/26,22:29:12
26856,0.13,26.856,134.04825737265415,13674196393,2026-05-11 22:29:39.051979,11/05/26,22:29:39
26918,0.13,26.918,133.7395051638309,13674223311,2026-05-11 22:30:05.969979,11/05/26,22:30:5
26874,0.13,26.874,133.95847287340925,13674250185,2026-05-11 22:30:32.843979,11/05/26,22:30:32
26940,0.13,26.94,133.630289532294,13674277125,2026-05-11 22:30:59.783979,11/05/26,22:30:59
26901,0.13,26.901,133.82402141184343,13674304026,2026-05-11 22:31:26.684979,11/05/26,22:31:26
26974,0.13,26.974,133.461852153926,13674331000,2026-05-11 22:31:53.658979,11/05/26,22:31:53
27023,0.13,27.023,133.21984975761387,13674358023,2026-05-11 22:32:20.681979,11/05/26,22:32:20
27040,0.13,27.04,133.1360946745562,13674385063,2026-05-11 22:32:47.721979,11/05/26,22:32:47
27329,0.13,27.329,131.7282008123239,13674412392,2026-05-11 22:33:15.050979,11/05/26,22:33:15
27170,0.13,27.17,132.4990798675009,13674439562,2026-05-11 22:33:42.220979,11/05/26,22:33:42
27427,0.13,27.427,131.25751996208115,13674466989,2026-05-11 22:34:09.647979,11/05/26,22:34:9
27270,0.13,27.27,132.01320132013203,13674494259,2026-05-11 22:34:36.917979,11/05/26,22:34:36
27036,0.13,27.036,133.15579227696404,13674521295,2026-05-11 22:35:03.953979,11/05/26,22:35:3
26974,0.13,26.974,133.461852153926,13674548269,2026-05-11 22:35:30.927979,11/05/26,22:35:30
27737,0.13,27.737,129.7905325017125,13674576006,2026-05-11 22:35:58.664979,11/05/26,22:35:58
27325,0.13,27.325,131.74748398902105,13674603331,2026-05-11 22:36:25.989979,11/05/26,22:36:25
27434,0.13,27.434,131.22402857767733,13674630765,2026-05-11 22:36:53.423979,11/05/26,22:36:53
20401,0.18,20.401,176.46193814028723,13674651166,2026-05-11 22:37:13.824979,11/05/26,22:37:13
17117,0.21,17.117,210.31722848630017,13674668283,2026-05-11 22:37:30.941979,11/05/26,22:37:30
16987,0.21,16.987,211.92676752810974,13674685270,2026-05-11 22:37:47.928979,11/05/26,22:37:47
17112,0.21,17.112,210.37868162692848,13674702382,2026-05-11 22:38:05.040979,11/05/26,22:38:5
17478,0.2,17.478,205.97322348094747,13674719860,2026-05-11 22:38:22.518979,11/05/26,22:38:22
17578,0.2,17.578,204.80145636591195,13674737438,2026-05-11 22:38:40.096979,11/05/26,22:38:40
17697,0.2,17.697,203.42430920495,13674755135,2026-05-11 22:38:57.793979,11/05/26,22:38:57
17572,0.2,17.572,204.8713862963806,13674772707,2026-05-11 22:39:15.365979,11/05/26,22:39:15
17064,0.21,17.064,210.9704641350211,13674789771,2026-05-11 22:39:32.429979,11/05/26,22:39:32
17194,0.21,17.194,209.37536349889496,13674806965,2026-05-11 22:39:49.623979,11/05/26,22:39:49
17050,0.21,17.05,211.14369501466277,13674824015,2026-05-11 22:40:06.673979,11/05/26,22:40:6
17465,0.21,17.465,206.12653879186945,13674841480,2026-05-11 22:40:24.138979,11/05/26,22:40:24
17503,0.2,17.503,205.67902645260813,13674858983,2026-05-11 22:40:41.641979,11/05/26,22:40:41
17703,0.2,17.703,203.35536349771226,13674876686,2026-05-11 22:40:59.344979,11/05/26,22:40:59
17771,0.2,17.771,202.57723256991727,13674894457,2026-05-11 22:41:17.115979,11/05/26,22:41:17
17176,0.21,17.176,209.5947834187238,13674911633,2026-05-11 22:41:34.291979,11/05/26,22:41:34
17651,0.2,17.651,203.95445017279474,13674929284,2026-05-11 22:41:51.942979,11/05/26,22:41:51
17875,0.2,17.875,201.3986013986014,13674947159,2026-05-11 22:42:09.817979,11/05/26,22:42:9
17765,0.2,17.765,202.64565156206024,13674964924,2026-05-11 22:42:27.582979,11/05/26,22:42:27
17942,0.2,17.942,200.64652770036784,13674982866,2026-05-11 22:42:45.524979,11/05/26,22:42:45
17768,0.2,17.768,202.61143628995947,13675000634,2026-05-11 22:43:03.292979,11/05/26,22:43:3
17508,0.2,17.508,205.620287868403,13675018142,2026-05-11 22:43:20.800979,11/05/26,22:43:20
18201,0.2,18.201,197.79133014669523,13675036343,2026-05-11 22:43:39.001979,11/05/26,22:43:39
18285,0.2,18.285,196.88269073010665,13675054628,2026-05-11 22:43:57.286979,11/05/26,22:43:57
18183,0.2,18.183,197.98713083649562,13675072811,2026-05-11 22:44:15.469979,11/05/26,22:44:15
18118,0.2,18.118,198.69742797218237,13675090929,2026-05-11 22:44:33.587979,11/05/26,22:44:33
21261,0.17,21.261,169.3241145759842,13675112190,2026-05-11 22:44:54.848979,11/05/26,22:44:54
26454,0.14,26.454,136.08528010886823,13675138644,2026-05-11 22:45:21.302979,11/05/26,22:45:21
26975,0.13,26.975,133.4569045412419,13675165619,2026-05-11 22:45:48.277979,11/05/26,22:45:48
26162,0.14,26.162,137.60415870346304,13675191781,2026-05-11 22:46:14.439979,11/05/26,22:46:14
26409,0.14,26.409,136.31716460297625,13675218190,2026-05-11 22:46:40.848979,11/05/26,22:46:40
26118,0.14,26.118,137.83597518952448,13675244308,2026-05-11 22:47:06.966979,11/05/26,22:47:6
26513,0.14,26.513,135.78244634707502,13675270821,2026-05-11 22:47:33.479979,11/05/26,22:47:33
25999,0.14,25.999,138.46686411015807,13675296820,2026-05-11 22:47:59.478979,11/05/26,22:47:59
26230,0.14,26.23,137.24742661075103,13675323050,2026-05-11 22:48:25.708979,11/05/26,22:48:25
26186,0.14,26.186,137.47804170167265,13675349236,2026-05-11 22:48:51.894979,11/05/26,22:48:51
26262,0.14,26.262,137.08019191226867,13675375498,2026-05-11 22:49:18.156979,11/05/26,22:49:18
25997,0.14,25.997,138.47751663653497,13675401495,2026-05-11 22:49:44.153979,11/05/26,22:49:44
26270,0.14,26.27,137.03844689760183,13675427765,2026-05-11 22:50:10.423979,11/05/26,22:50:10
25868,0.14,25.868,139.1680841193753,13675453633,2026-05-11 22:50:36.291979,11/05/26,22:50:36
26374,0.14,26.374,136.4980662773944,13675480007,2026-05-11 22:51:02.665979,11/05/26,22:51:2
27129,0.13,27.129,132.69932544509567,13675507136,2026-05-11 22:51:29.794979,11/05/26,22:51:29
26899,0.13,26.899,133.83397152310494,13675534035,2026-05-11 22:51:56.693979,11/05/26,22:51:56
26849,0.13,26.849,134.08320607843868,13675560884,2026-05-11 22:52:23.542979,11/05/26,22:52:23
26870,0.13,26.87,133.9784145887607,13675587754,2026-05-11 22:52:50.412979,11/05/26,22:52:50
27091,0.13,27.091,132.88546011590566,13675614845,2026-05-11 22:53:17.503979,11/05/26,22:53:17
26487,0.14,26.487,135.91573224600748,13675641332,2026-05-11 22:53:43.990979,11/05/26,22:53:43
26573,0.14,26.573,135.47585895457794,13675667905,2026-05-11 22:54:10.563979,11/05/26,22:54:10
26948,0.13,26.948,133.5906189698679,13675694853,2026-05-11 22:54:37.511979,11/05/26,22:54:37
26652,0.14,26.652,135.074290859973,13675721505,2026-05-11 22:55:04.163979,11/05/26,22:55:4
27399,0.13,27.399,131.391656629804,13675748904,2026-05-11 22:55:31.562979,11/05/26,22:55:31
27250,0.13,27.25,132.11009174311926,13675776154,2026-05-11 22:55:58.812979,11/05/26,22:55:58
26652,0.14,26.652,135.074290859973,13675802806,2026-05-11 22:56:25.464979,11/05/26,22:56:25
26056,0.14,26.056,138.1639545594105,13675828862,2026-05-11 22:56:51.520979,11/05/26,22:56:51
26938,0.13,26.938,133.6402108545549,13675855800,2026-05-11 22:57:18.458979,11/05/26,22:57:18
26972,0.13,26.972,133.47174847990507,13675882772,2026-05-11 22:57:45.430979,11/05/26,22:57:45
27103,0.13,27.103,132.82662435892706,13675909875,2026-05-11 22:58:12.533979,11/05/26,22:58:12
26999,0.13,26.999,133.338271787844,13675936874,2026-05-11 22:58:39.532979,11/05/26,22:58:39
26366,0.14,26.366,136.53948266707124,13675963240,2026-05-11 22:59:05.898979,11/05/26,22:59:5
25978,0.14,25.978,138.57879744399108,13675989218,2026-05-11 22:59:31.876979,11/05/26,22:59:31
26145,0.14,26.145,137.69363166953528,13676015363,2026-05-11 22:59:58.021979,11/05/26,22:59:58
25760,0.14,25.76,139.75155279503105,13676041123,2026-05-11 23:00:23.781979,11/05/26,23:0:23
25547,0.14,25.547,140.91674169178378,13676066670,2026-05-11 23:00:49.328979,11/05/26,23:0:49
25784,0.14,25.784,139.62147067949115,13676092454,2026-05-11 23:01:15.112979,11/05/26,23:1:15
26420,0.14,26.42,136.26040878122635,13676118874,2026-05-11 23:01:41.532979,11/05/26,23:1:41
25672,0.14,25.672,140.23060143346837,13676144546,2026-05-11 23:02:07.204979,11/05/26,23:2:7
26381,0.14,26.381,136.46184754179143,13676170927,2026-05-11 23:02:33.585979,11/05/26,23:2:33
25913,0.14,25.913,138.92640759464362,13676196840,2026-05-11 23:02:59.498979,11/05/26,23:2:59
26122,0.14,26.122,137.81486869305567,13676222962,2026-05-11 23:03:25.620979,11/05/26,23:3:25
26068,0.14,26.068,138.10035292312415,13676249030,2026-05-11 23:03:51.688979,11/05/26,23:3:51
26131,0.14,26.131,137.76740270177183,13676275161,2026-05-11 23:04:17.819979,11/05/26,23:4:17
26277,0.14,26.277,137.00194086082885,13676301438,2026-05-11 23:04:44.096979,11/05/26,23:4:44
26173,0.14,26.173,137.54632636686662,13676327611,2026-05-11 23:05:10.269979,11/05/26,23:5:10
