Interval,kWh,sec,Wh,cumul(ms),dates,days,heure
34920,0.1,34.92,103.09278350515464,12859267605,2026-08-13 00:00:28.498695,13/08/26,0:0:28
32601,0.11,32.601,110.42606055028986,12859300206,2026-08-13 00:01:01.099695,13/08/26,0:1:1
32672,0.11,32.672,110.18609206660138,12859332878,2026-08-13 00:01:33.771695,13/08/26,0:1:33
33748,0.11,33.748,106.67298802892023,12859366626,2026-08-13 00:02:07.519695,13/08/26,0:2:7
33989,0.1,33.989,105.91662008296802,12859400615,2026-08-13 00:02:41.508695,13/08/26,0:2:41
34099,0.1,34.099,105.57494354673157,12859434714,2026-08-13 00:03:15.607695,13/08/26,0:3:15
34281,0.1,34.281,105.01443948542925,12859468995,2026-08-13 00:03:49.888695,13/08/26,0:3:49
34295,0.1,34.295,104.97157019973757,12859503290,2026-08-13 00:04:24.183695,13/08/26,0:4:24
35005,0.1,35.005,102.84245107841737,12859538295,2026-08-13 00:04:59.188695,13/08/26,0:4:59
35058,0.1,35.058,102.68697586856067,12859573353,2026-08-13 00:05:34.246695,13/08/26,0:5:34
34597,0.1,34.597,104.05526490736192,12859607950,2026-08-13 00:06:08.843695,13/08/26,0:6:8
34654,0.1,34.654,103.88411150227968,12859642604,2026-08-13 00:06:43.497695,13/08/26,0:6:43
34543,0.1,34.543,104.21793127406421,12859677147,2026-08-13 00:07:18.040695,13/08/26,0:7:18
34678,0.1,34.678,103.81221523732626,12859711825,2026-08-13 00:07:52.718695,13/08/26,0:7:52
34610,0.1,34.61,104.01618029471251,12859746435,2026-08-13 00:08:27.328695,13/08/26,0:8:27
34902,0.1,34.902,103.14595152140278,12859781337,2026-08-13 00:09:02.230695,13/08/26,0:9:2
34722,0.1,34.722,103.68066355624676,12859816059,2026-08-13 00:09:36.952695,13/08/26,0:9:36
34857,0.1,34.857,103.27911179963853,12859850916,2026-08-13 00:10:11.809695,13/08/26,0:10:11
34539,0.1,34.539,104.23000086858335,12859885455,2026-08-13 00:10:46.348695,13/08/26,0:10:46
34499,0.1,34.499,104.35085074929708,12859919954,2026-08-13 00:11:20.847695,13/08/26,0:11:20
35703,0.1,35.703,100.8318628686665,12859955657,2026-08-13 00:11:56.550695,13/08/26,0:11:56
35552,0.1,35.552,101.26012601260126,12859991209,2026-08-13 00:12:32.102695,13/08/26,0:12:32
37131,0.1,37.131,96.95402763189787,12860028340,2026-08-13 00:13:09.233695,13/08/26,0:13:9
37404,0.1,37.404,96.24639076034649,12860065744,2026-08-13 00:13:46.637695,13/08/26,0:13:46
38277,0.09,38.277,94.05125793557488,12860104021,2026-08-13 00:14:24.914695,13/08/26,0:14:24
38020,0.09,38.02,94.68700683850605,12860142041,2026-08-13 00:15:02.934695,13/08/26,0:15:2
37322,0.1,37.322,96.45785327688763,12860179363,2026-08-13 00:15:40.256695,13/08/26,0:15:40
37003,0.1,37.003,97.28940896684053,12860216366,2026-08-13 00:16:17.259695,13/08/26,0:16:17
36493,0.1,36.493,98.64905598333927,12860252859,2026-08-13 00:16:53.752695,13/08/26,0:16:53
36307,0.1,36.307,99.15443302944335,12860289166,2026-08-13 00:17:30.059695,13/08/26,0:17:30
36383,0.1,36.383,98.94731055712833,12860325549,2026-08-13 00:18:06.442695,13/08/26,0:18:6
36338,0.1,36.338,99.06984424018934,12860361887,2026-08-13 00:18:42.780695,13/08/26,0:18:42
36274,0.1,36.274,99.24463803275073,12860398161,2026-08-13 00:19:19.054695,13/08/26,0:19:19
36264,0.1,36.264,99.27200529450695,12860434425,2026-08-13 00:19:55.318695,13/08/26,0:19:55
36471,0.1,36.471,98.70856296783747,12860470896,2026-08-13 00:20:31.789695,13/08/26,0:20:31
36314,0.1,36.314,99.13531971140607,12860507210,2026-08-13 00:21:08.103695,13/08/26,0:21:8
36409,0.1,36.409,98.87665137740669,12860543619,2026-08-13 00:21:44.512695,13/08/26,0:21:44
36416,0.1,36.416,98.85764499121265,12860580035,2026-08-13 00:22:20.928695,13/08/26,0:22:20
36496,0.1,36.496,98.64094695309075,12860616531,2026-08-13 00:22:57.424695,13/08/26,0:22:57
25775,0.14,25.775,139.6702230843841,12860642306,2026-08-13 00:23:23.199695,13/08/26,0:23:23
19828,0.18,19.828,181.56142828323584,12860662134,2026-08-13 00:23:43.027695,13/08/26,0:23:43
19788,0.18,19.788,181.92844147968466,12860681922,2026-08-13 00:24:02.815695,13/08/26,0:24:2
19705,0.18,19.705,182.69474752600863,12860701627,2026-08-13 00:24:22.520695,13/08/26,0:24:22
19860,0.18,19.86,181.2688821752266,12860721487,2026-08-13 00:24:42.380695,13/08/26,0:24:42
19984,0.18,19.984,180.14411529223378,12860741471,2026-08-13 00:25:02.364695,13/08/26,0:25:2
20219,0.18,20.219,178.05034868193283,12860761690,2026-08-13 00:25:22.583695,13/08/26,0:25:22
20278,0.18,20.278,177.53230101587928,12860781968,2026-08-13 00:25:42.861695,13/08/26,0:25:42
20349,0.18,20.349,176.91287041132242,12860802317,2026-08-13 00:26:03.210695,13/08/26,0:26:3
20441,0.18,20.441,176.1166283449929,12860822758,2026-08-13 00:26:23.651695,13/08/26,0:26:23
20559,0.17,20.559,175.10579308332117,12860843317,2026-08-13 00:26:44.210695,13/08/26,0:26:44
20665,0.17,20.665,174.20759738688605,12860863982,2026-08-13 00:27:04.875695,13/08/26,0:27:4
20703,0.17,20.703,173.8878423416896,12860884685,2026-08-13 00:27:25.578695,13/08/26,0:27:25
20760,0.17,20.76,173.41040462427745,12860905445,2026-08-13 00:27:46.338695,13/08/26,0:27:46
20830,0.17,20.83,172.8276524243879,12860926275,2026-08-13 00:28:07.168695,13/08/26,0:28:7
20910,0.17,20.91,172.1664275466284,12860947185,2026-08-13 00:28:28.078695,13/08/26,0:28:28
21020,0.17,21.02,171.26546146527116,12860968205,2026-08-13 00:28:49.098695,13/08/26,0:28:49
21038,0.17,21.038,171.11892765472004,12860989243,2026-08-13 00:29:10.136695,13/08/26,0:29:10
21065,0.17,21.065,170.89959648706386,12861010308,2026-08-13 00:29:31.201695,13/08/26,0:29:31
21067,0.17,21.067,170.88337209854274,12861031375,2026-08-13 00:29:52.268695,13/08/26,0:29:52
20982,0.17,20.982,171.57563625965113,12861052357,2026-08-13 00:30:13.250695,13/08/26,0:30:13
21107,0.17,21.107,170.5595300137395,12861073464,2026-08-13 00:30:34.357695,13/08/26,0:30:34
21282,0.17,21.282,169.15703411333521,12861094746,2026-08-13 00:30:55.639695,13/08/26,0:30:55
23079,0.16,23.079,155.98596126348627,12861117825,2026-08-13 00:31:18.718695,13/08/26,0:31:18
36610,0.1,36.61,98.33378858235454,12861154435,2026-08-13 00:31:55.328695,13/08/26,0:31:55
36625,0.1,36.625,98.29351535836177,12861191060,2026-08-13 00:32:31.953695,13/08/26,0:32:31
36788,0.1,36.788,97.85799717299119,12861227848,2026-08-13 00:33:08.741695,13/08/26,0:33:8
36732,0.1,36.732,98.00718719372755,12861264580,2026-08-13 00:33:45.473695,13/08/26,0:33:45
36805,0.1,36.805,97.81279717429697,12861301385,2026-08-13 00:34:22.278695,13/08/26,0:34:22
36736,0.1,36.736,97.99651567944251,12861338121,2026-08-13 00:34:59.014695,13/08/26,0:34:59
36824,0.1,36.824,97.7623289159244,12861374945,2026-08-13 00:35:35.838695,13/08/26,0:35:35
36851,0.1,36.851,97.69070038804917,12861411796,2026-08-13 00:36:12.689695,13/08/26,0:36:12
36871,0.1,36.871,97.63770985327221,12861448667,2026-08-13 00:36:49.560695,13/08/26,0:36:49
36918,0.1,36.918,97.51340809361287,12861485585,2026-08-13 00:37:26.478695,13/08/26,0:37:26
36918,0.1,36.918,97.51340809361287,12861522503,2026-08-13 00:38:03.396695,13/08/26,0:38:3
36806,0.1,36.806,97.81013965114384,12861559309,2026-08-13 00:38:40.202695,13/08/26,0:38:40
36684,0.1,36.684,98.13542688910697,12861595993,2026-08-13 00:39:16.886695,13/08/26,0:39:16
36838,0.1,36.838,97.7251750909387,12861632831,2026-08-13 00:39:53.724695,13/08/26,0:39:53
36910,0.1,36.91,97.53454348415063,12861669741,2026-08-13 00:40:30.634695,13/08/26,0:40:30
36873,0.1,36.873,97.63241396143519,12861706614,2026-08-13 00:41:07.507695,13/08/26,0:41:7
37022,0.1,37.022,97.2394792285668,12861743636,2026-08-13 00:41:44.529695,13/08/26,0:41:44
36944,0.1,36.944,97.444781290602,12861780580,2026-08-13 00:42:21.473695,13/08/26,0:42:21
37009,0.1,37.009,97.27363614255992,12861817589,2026-08-13 00:42:58.482695,13/08/26,0:42:58
36724,0.1,36.724,98.02853719638384,12861854313,2026-08-13 00:43:35.206695,13/08/26,0:43:35
36750,0.1,36.75,97.95918367346938,12861891063,2026-08-13 00:44:11.956695,13/08/26,0:44:11
36834,0.1,36.834,97.73578758755498,12861927897,2026-08-13 00:44:48.790695,13/08/26,0:44:48
36908,0.1,36.908,97.53982876341172,12861964805,2026-08-13 00:45:25.698695,13/08/26,0:45:25
36936,0.1,36.936,97.46588693957115,12862001741,2026-08-13 00:46:02.634695,13/08/26,0:46:2
37007,0.1,37.007,97.27889318237091,12862038748,2026-08-13 00:46:39.641695,13/08/26,0:46:39
37040,0.1,37.04,97.19222462203024,12862075788,2026-08-13 00:47:16.681695,13/08/26,0:47:16
36947,0.1,36.947,97.43686902860854,12862112735,2026-08-13 00:47:53.628695,13/08/26,0:47:53
36947,0.1,36.947,97.43686902860854,12862149682,2026-08-13 00:48:30.575695,13/08/26,0:48:30
36868,0.1,36.868,97.6456547683628,12862186550,2026-08-13 00:49:07.443695,13/08/26,0:49:7
37096,0.1,37.096,97.04550355833513,12862223646,2026-08-13 00:49:44.539695,13/08/26,0:49:44
37050,0.1,37.05,97.16599190283401,12862260696,2026-08-13 00:50:21.589695,13/08/26,0:50:21
37043,0.1,37.043,97.18435331911562,12862297739,2026-08-13 00:50:58.632695,13/08/26,0:50:58
37084,0.1,37.084,97.07690648258009,12862334823,2026-08-13 00:51:35.716695,13/08/26,0:51:35
37155,0.1,37.155,96.89140088817118,12862371978,2026-08-13 00:52:12.871695,13/08/26,0:52:12
37208,0.1,37.208,96.7533863685229,12862409186,2026-08-13 00:52:50.079695,13/08/26,0:52:50
37063,0.1,37.063,97.13191053071796,12862446249,2026-08-13 00:53:27.142695,13/08/26,0:53:27
37150,0.1,37.15,96.90444145356662,12862483399,2026-08-13 00:54:04.292695,13/08/26,0:54:4
37177,0.1,37.177,96.83406407187239,12862520576,2026-08-13 00:54:41.469695,13/08/26,0:54:41
37305,0.1,37.305,96.50180940892642,12862557881,2026-08-13 00:55:18.774695,13/08/26,0:55:18
37354,0.1,37.354,96.37522085988114,12862595235,2026-08-13 00:55:56.128695,13/08/26,0:55:56
37255,0.1,37.255,96.6313246544088,12862632490,2026-08-13 00:56:33.383695,13/08/26,0:56:33
37295,0.1,37.295,96.52768467623005,12862669785,2026-08-13 00:57:10.678695,13/08/26,0:57:10
37365,0.1,37.365,96.34684865515857,12862707150,2026-08-13 00:57:48.043695,13/08/26,0:57:48
37537,0.09,37.537,95.90537336494658,12862744687,2026-08-13 00:58:25.580695,13/08/26,0:58:25
37758,0.09,37.758,95.34403305259812,12862782445,2026-08-13 00:59:03.338695,13/08/26,0:59:3
37750,0.09,37.75,95.36423841059603,12862820195,2026-08-13 00:59:41.088695,13/08/26,0:59:41
37715,0.09,37.715,95.45273763754474,12862857910,2026-08-13 01:00:18.803695,13/08/26,1:0:18
36586,0.1,36.586,98.39829442956322,12862894496,2026-08-13 01:00:55.389695,13/08/26,1:0:55
36951,0.1,36.951,97.42632134448323,12862931447,2026-08-13 01:01:32.340695,13/08/26,1:1:32
36883,0.1,36.883,97.60594311742537,12862968330,2026-08-13 01:02:09.223695,13/08/26,1:2:9
22202,0.16,22.202,162.1475542743897,12862990532,2026-08-13 01:02:31.425695,13/08/26,1:2:31
19975,0.18,19.975,180.2252816020025,12863010507,2026-08-13 01:02:51.400695,13/08/26,1:2:51
19825,0.18,19.825,181.58890290037832,12863030332,2026-08-13 01:03:11.225695,13/08/26,1:3:11
19897,0.18,19.897,180.9317987636327,12863050229,2026-08-13 01:03:31.122695,13/08/26,1:3:31
19926,0.18,19.926,180.6684733514002,12863070155,2026-08-13 01:03:51.048695,13/08/26,1:3:51
20140,0.18,20.14,178.74875868917576,12863090295,2026-08-13 01:04:11.188695,13/08/26,1:4:11
20227,0.18,20.227,177.9799278192515,12863110522,2026-08-13 01:04:31.415695,13/08/26,1:4:31
20365,0.18,20.365,176.7738767493248,12863130887,2026-08-13 01:04:51.780695,13/08/26,1:4:51
20536,0.17,20.536,175.3019088430074,12863151423,2026-08-13 01:05:12.316695,13/08/26,1:5:12
20656,0.17,20.656,174.28350116189,12863172079,2026-08-13 01:05:32.972695,13/08/26,1:5:32
20727,0.17,20.727,173.68649587494573,12863192806,2026-08-13 01:05:53.699695,13/08/26,1:5:53
20590,0.17,20.59,174.84215638659543,12863213396,2026-08-13 01:06:14.289695,13/08/26,1:6:14
20711,0.17,20.711,173.82067500362126,12863234107,2026-08-13 01:06:35.000695,13/08/26,1:6:35
20799,0.17,20.799,173.08524448290783,12863254906,2026-08-13 01:06:55.799695,13/08/26,1:6:55
20867,0.17,20.867,172.52120573153783,12863275773,2026-08-13 01:07:16.666695,13/08/26,1:7:16
20892,0.17,20.892,172.3147616312464,12863296665,2026-08-13 01:07:37.558695,13/08/26,1:7:37
21003,0.17,21.003,171.40408513069562,12863317668,2026-08-13 01:07:58.561695,13/08/26,1:7:58
21107,0.17,21.107,170.5595300137395,12863338775,2026-08-13 01:08:19.668695,13/08/26,1:8:19
20947,0.17,20.947,171.86231918651836,12863359722,2026-08-13 01:08:40.615695,13/08/26,1:8:40
21166,0.17,21.166,170.0840971369177,12863380888,2026-08-13 01:09:01.781695,13/08/26,1:9:1
21269,0.17,21.269,169.26042597207203,12863402157,2026-08-13 01:09:23.050695,13/08/26,1:9:23
21252,0.17,21.252,169.3958215697346,12863423409,2026-08-13 01:09:44.302695,13/08/26,1:9:44
21334,0.17,21.334,168.74472672728976,12863444743,2026-08-13 01:10:05.636695,13/08/26,1:10:5
29840,0.12,29.84,120.64343163538874,12863474583,2026-08-13 01:10:35.476695,13/08/26,1:10:35
36632,0.1,36.632,98.27473247433937,12863511215,2026-08-13 01:11:12.108695,13/08/26,1:11:12
37154,0.1,37.154,96.89400872046079,12863548369,2026-08-13 01:11:49.262695,13/08/26,1:11:49
37200,0.1,37.2,96.7741935483871,12863585569,2026-08-13 01:12:26.462695,13/08/26,1:12:26
37143,0.1,37.143,96.9227041434456,12863622712,2026-08-13 01:13:03.605695,13/08/26,1:13:3
37248,0.1,37.248,96.64948453608247,12863659960,2026-08-13 01:13:40.853695,13/08/26,1:13:40
37677,0.09,37.677,95.54900867903496,12863697637,2026-08-13 01:14:18.530695,13/08/26,1:14:18
37841,0.09,37.841,95.134906582807,12863735478,2026-08-13 01:14:56.371695,13/08/26,1:14:56
37705,0.09,37.705,95.47805330857976,12863773183,2026-08-13 01:15:34.076695,13/08/26,1:15:34
38035,0.09,38.035,94.64966478243723,12863811218,2026-08-13 01:16:12.111695,13/08/26,1:16:12
38264,0.09,38.264,94.08321137361489,12863849482,2026-08-13 01:16:50.375695,13/08/26,1:16:50
37767,0.09,37.767,95.32131225673207,12863887249,2026-08-13 01:17:28.142695,13/08/26,1:17:28
38250,0.09,38.25,94.11764705882354,12863925499,2026-08-13 01:18:06.392695,13/08/26,1:18:6
38031,0.09,38.031,94.65961978386053,12863963530,2026-08-13 01:18:44.423695,13/08/26,1:18:44
37940,0.09,37.94,94.8866631523458,12864001470,2026-08-13 01:19:22.363695,13/08/26,1:19:22
37899,0.09,37.899,94.9893137022085,12864039369,2026-08-13 01:20:00.262695,13/08/26,1:20:0
37884,0.09,37.884,95.02692429521697,12864077253,2026-08-13 01:20:38.146695,13/08/26,1:20:38
38175,0.09,38.175,94.30255402750491,12864115428,2026-08-13 01:21:16.321695,13/08/26,1:21:16
37858,0.09,37.858,95.0921865920017,12864153286,2026-08-13 01:21:54.179695,13/08/26,1:21:54
38071,0.09,38.071,94.5601639042841,12864191357,2026-08-13 01:22:32.250695,13/08/26,1:22:32
37888,0.09,37.888,95.01689189189189,12864229245,2026-08-13 01:23:10.138695,13/08/26,1:23:10
38123,0.09,38.123,94.4311832751882,12864267368,2026-08-13 01:23:48.261695,13/08/26,1:23:48
37212,0.1,37.212,96.74298613350533,12864304580,2026-08-13 01:24:25.473695,13/08/26,1:24:25
37171,0.1,37.171,96.84969465443491,12864341751,2026-08-13 01:25:02.644695,13/08/26,1:25:2
37304,0.1,37.304,96.50439631138752,12864379055,2026-08-13 01:25:39.948695,13/08/26,1:25:39
37279,0.1,37.279,96.56911397837925,12864416334,2026-08-13 01:26:17.227695,13/08/26,1:26:17
37288,0.1,37.288,96.54580562111136,12864453622,2026-08-13 01:26:54.515695,13/08/26,1:26:54
37621,0.09,37.621,95.69123627761091,12864491243,2026-08-13 01:27:32.136695,13/08/26,1:27:32
37754,0.09,37.754,95.35413466122795,12864528997,2026-08-13 01:28:09.890695,13/08/26,1:28:9
37665,0.09,37.665,95.57945041816009,12864566662,2026-08-13 01:28:47.555695,13/08/26,1:28:47
37727,0.09,37.727,95.42237654730035,12864604389,2026-08-13 01:29:25.282695,13/08/26,1:29:25
37717,0.09,37.717,95.44767611421905,12864642106,2026-08-13 01:30:02.999695,13/08/26,1:30:2
37567,0.09,37.567,95.82878590252083,12864679673,2026-08-13 01:30:40.566695,13/08/26,1:30:40
37681,0.09,37.681,95.53886574135505,12864717354,2026-08-13 01:31:18.247695,13/08/26,1:31:18
36521,0.1,36.521,98.57342350976151,12864753875,2026-08-13 01:31:54.768695,13/08/26,1:31:54
36544,0.1,36.544,98.51138353765324,12864790419,2026-08-13 01:32:31.312695,13/08/26,1:32:31
36798,0.1,36.798,97.83140388064568,12864827217,2026-08-13 01:33:08.110695,13/08/26,1:33:8
36777,0.1,36.777,97.88726649808304,12864863994,2026-08-13 01:33:44.887695,13/08/26,1:33:44
36144,0.1,36.144,99.60159362549801,12864900138,2026-08-13 01:34:21.031695,13/08/26,1:34:21
35643,0.1,35.643,101.00159919198721,12864935781,2026-08-13 01:34:56.674695,13/08/26,1:34:56
35856,0.1,35.856,100.40160642570281,12864971637,2026-08-13 01:35:32.530695,13/08/26,1:35:32
35951,0.1,35.951,100.13629662596311,12865007588,2026-08-13 01:36:08.481695,13/08/26,1:36:8
36000,0.1,36.0,100.0,12865043588,2026-08-13 01:36:44.481695,13/08/26,1:36:44
35935,0.1,35.935,100.18088214832336,12865079523,2026-08-13 01:37:20.416695,13/08/26,1:37:20
35927,0.1,35.927,100.20318980154201,12865115450,2026-08-13 01:37:56.343695,13/08/26,1:37:56
35726,0.1,35.726,100.76694844091138,12865151176,2026-08-13 01:38:32.069695,13/08/26,1:38:32
35961,0.1,35.961,100.10845082172354,12865187137,2026-08-13 01:39:08.030695,13/08/26,1:39:8
35512,0.1,35.512,101.37418337463393,12865222649,2026-08-13 01:39:43.542695,13/08/26,1:39:43
35960,0.1,35.96,100.11123470522803,12865258609,2026-08-13 01:40:19.502695,13/08/26,1:40:19
35870,0.1,35.87,100.36241984945637,12865294479,2026-08-13 01:40:55.372695,13/08/26,1:40:55
34503,0.1,34.503,104.33875315189984,12865328982,2026-08-13 01:41:29.875695,13/08/26,1:41:29
17348,0.21,17.348,207.51671662439475,12865346330,2026-08-13 01:41:47.223695,13/08/26,1:41:47
19627,0.18,19.627,183.4207978804708,12865365957,2026-08-13 01:42:06.850695,13/08/26,1:42:6
19625,0.18,19.625,183.43949044585986,12865385582,2026-08-13 01:42:26.475695,13/08/26,1:42:26
19630,0.18,19.63,183.39276617422314,12865405212,2026-08-13 01:42:46.105695,13/08/26,1:42:46
20132,0.18,20.132,178.81978939002582,12865425344,2026-08-13 01:43:06.237695,13/08/26,1:43:6
20221,0.18,20.221,178.03273824242123,12865445565,2026-08-13 01:43:26.458695,13/08/26,1:43:26
20382,0.18,20.382,176.6264350897851,12865465947,2026-08-13 01:43:46.840695,13/08/26,1:43:46
20538,0.17,20.538,175.28483786152498,12865486485,2026-08-13 01:44:07.378695,13/08/26,1:44:7
20600,0.17,20.6,174.75728155339806,12865507085,2026-08-13 01:44:27.978695,13/08/26,1:44:27
20768,0.17,20.768,173.34360554699538,12865527853,2026-08-13 01:44:48.746695,13/08/26,1:44:48
20894,0.17,20.894,172.29826744519957,12865548747,2026-08-13 01:45:09.640695,13/08/26,1:45:9
21006,0.17,21.006,171.3796058269066,12865569753,2026-08-13 01:45:30.646695,13/08/26,1:45:30
20988,0.17,20.988,171.52658662092625,12865590741,2026-08-13 01:45:51.634695,13/08/26,1:45:51
21062,0.17,21.062,170.92393884721298,12865611803,2026-08-13 01:46:12.696695,13/08/26,1:46:12
21157,0.17,21.157,170.15644940208915,12865632960,2026-08-13 01:46:33.853695,13/08/26,1:46:33
21274,0.17,21.274,169.22064491868008,12865654234,2026-08-13 01:46:55.127695,13/08/26,1:46:55
21372,0.17,21.372,168.44469399213924,12865675606,2026-08-13 01:47:16.499695,13/08/26,1:47:16
21341,0.17,21.341,168.68937725504895,12865696947,2026-08-13 01:47:37.840695,13/08/26,1:47:37
21433,0.17,21.433,167.96528717398405,12865718380,2026-08-13 01:47:59.273695,13/08/26,1:47:59
21431,0.17,21.431,167.98096215762214,12865739811,2026-08-13 01:48:20.704695,13/08/26,1:48:20
21526,0.17,21.526,167.2396172070984,12865761337,2026-08-13 01:48:42.230695,13/08/26,1:48:42
21490,0.17,21.49,167.5197766402978,12865782827,2026-08-13 01:49:03.720695,13/08/26,1:49:3
21798,0.17,21.798,165.15276630883568,12865804625,2026-08-13 01:49:25.518695,13/08/26,1:49:25
37422,0.1,37.422,96.2000962000962,12865842047,2026-08-13 01:50:02.940695,13/08/26,1:50:2
37740,0.09,37.74,95.38950715421304,12865879787,2026-08-13 01:50:40.680695,13/08/26,1:50:40
37983,0.09,37.983,94.77924334570729,12865917770,2026-08-13 01:51:18.663695,13/08/26,1:51:18
38184,0.09,38.184,94.28032683846638,12865955954,2026-08-13 01:51:56.847695,13/08/26,1:51:56
37814,0.09,37.814,95.20283492886233,12865993768,2026-08-13 01:52:34.661695,13/08/26,1:52:34
37830,0.09,37.83,95.16256938937352,12866031598,2026-08-13 01:53:12.491695,13/08/26,1:53:12
37789,0.09,37.789,95.2658180952129,12866069387,2026-08-13 01:53:50.280695,13/08/26,1:53:50
38189,0.09,38.189,94.26798292702087,12866107576,2026-08-13 01:54:28.469695,13/08/26,1:54:28
38167,0.09,38.167,94.3223203290801,12866145743,2026-08-13 01:55:06.636695,13/08/26,1:55:6
38070,0.09,38.07,94.56264775413712,12866183813,2026-08-13 01:55:44.706695,13/08/26,1:55:44
38202,0.09,38.202,94.23590387937804,12866222015,2026-08-13 01:56:22.908695,13/08/26,1:56:22
38345,0.09,38.345,93.88446994393011,12866260360,2026-08-13 01:57:01.253695,13/08/26,1:57:1
38489,0.09,38.489,93.53321728286004,12866298849,2026-08-13 01:57:39.742695,13/08/26,1:57:39
38493,0.09,38.493,93.52349777881693,12866337342,2026-08-13 01:58:18.235695,13/08/26,1:58:18
38000,0.09,38.0,94.73684210526316,12866375342,2026-08-13 01:58:56.235695,13/08/26,1:58:56
38243,0.09,38.243,94.13487435609132,12866413585,2026-08-13 01:59:34.478695,13/08/26,1:59:34
38119,0.09,38.119,94.44109236863507,12866451704,2026-08-13 02:00:12.597695,13/08/26,2:0:12
37151,0.1,37.151,96.90183305967538,12866488855,2026-08-13 02:00:49.748695,13/08/26,2:0:49
37431,0.1,37.431,96.17696561673479,12866526286,2026-08-13 02:01:27.179695,13/08/26,2:1:27
37471,0.1,37.471,96.07429745669985,12866563757,2026-08-13 02:02:04.650695,13/08/26,2:2:4
37595,0.09,37.595,95.75741454980715,12866601352,2026-08-13 02:02:42.245695,13/08/26,2:2:42
37470,0.1,37.47,96.07686148919136,12866638822,2026-08-13 02:03:19.715695,13/08/26,2:3:19
37480,0.1,37.48,96.05122732123799,12866676302,2026-08-13 02:03:57.195695,13/08/26,2:3:57
37341,0.1,37.341,96.40877319836105,12866713643,2026-08-13 02:04:34.536695,13/08/26,2:4:34
37251,0.1,37.251,96.64170089393573,12866750894,2026-08-13 02:05:11.787695,13/08/26,2:5:11
37042,0.1,37.042,97.18697694508936,12866787936,2026-08-13 02:05:48.829695,13/08/26,2:5:48
36622,0.1,36.622,98.30156736387964,12866824558,2026-08-13 02:06:25.451695,13/08/26,2:6:25
36433,0.1,36.433,98.81151703126287,12866860991,2026-08-13 02:07:01.884695,13/08/26,2:7:1
36715,0.1,36.715,98.05256707067956,12866897706,2026-08-13 02:07:38.599695,13/08/26,2:7:38
36668,0.1,36.668,98.17824806370677,12866934374,2026-08-13 02:08:15.267695,13/08/26,2:8:15
36981,0.1,36.981,97.34728644439036,12866971355,2026-08-13 02:08:52.248695,13/08/26,2:8:52
36933,0.1,36.933,97.47380391519779,12867008288,2026-08-13 02:09:29.181695,13/08/26,2:9:29
37160,0.1,37.16,96.8783638320775,12867045448,2026-08-13 02:10:06.341695,13/08/26,2:10:6
36955,0.1,36.955,97.41577594371533,12867082403,2026-08-13 02:10:43.296695,13/08/26,2:10:43
36812,0.1,36.812,97.79419754427904,12867119215,2026-08-13 02:11:20.108695,13/08/26,2:11:20
37071,0.1,37.071,97.11094925952901,12867156286,2026-08-13 02:11:57.179695,13/08/26,2:11:57
36849,0.1,36.849,97.69600260522674,12867193135,2026-08-13 02:12:34.028695,13/08/26,2:12:34
36568,0.1,36.568,98.44672938087946,12867229703,2026-08-13 02:13:10.596695,13/08/26,2:13:10
36969,0.1,36.969,97.37888501176661,12867266672,2026-08-13 02:13:47.565695,13/08/26,2:13:47
36891,0.1,36.891,97.58477677482313,12867303563,2026-08-13 02:14:24.456695,13/08/26,2:14:24
37536,0.09,37.536,95.9079283887468,12867341099,2026-08-13 02:15:01.992695,13/08/26,2:15:1
37545,0.09,37.545,95.88493807431082,12867378644,2026-08-13 02:15:39.537695,13/08/26,2:15:39
37516,0.09,37.516,95.95905746881331,12867416160,2026-08-13 02:16:17.053695,13/08/26,2:16:17
38145,0.09,38.145,94.3767204089658,12867454305,2026-08-13 02:16:55.198695,13/08/26,2:16:55
38362,0.09,38.362,93.84286533548824,12867492667,2026-08-13 02:17:33.560695,13/08/26,2:17:33
38150,0.09,38.15,94.36435124508519,12867530817,2026-08-13 02:18:11.710695,13/08/26,2:18:11
37838,0.09,37.838,95.14244938950262,12867568655,2026-08-13 02:18:49.548695,13/08/26,2:18:49
38060,0.09,38.06,94.58749343142406,12867606715,2026-08-13 02:19:27.608695,13/08/26,2:19:27
37843,0.09,37.843,95.12987870940465,12867644558,2026-08-13 02:20:05.451695,13/08/26,2:20:5
28025,0.13,28.025,128.45673505798393,12867672583,2026-08-13 02:20:33.476695,13/08/26,2:20:33
20442,0.18,20.442,176.10801291458762,12867693025,2026-08-13 02:20:53.918695,13/08/26,2:20:53
20223,0.18,20.223,178.01513128615932,12867713248,2026-08-13 02:21:14.141695,13/08/26,2:21:14
20285,0.18,20.285,177.47103771259552,12867733533,2026-08-13 02:21:34.426695,13/08/26,2:21:34
20369,0.18,20.369,176.73916245274683,12867753902,2026-08-13 02:21:54.795695,13/08/26,2:21:54
20489,0.17,20.489,175.70403631216752,12867774391,2026-08-13 02:22:15.284695,13/08/26,2:22:15
20732,0.17,20.732,173.64460737024888,12867795123,2026-08-13 02:22:36.016695,13/08/26,2:22:36
21017,0.17,21.017,171.28990816957702,12867816140,2026-08-13 02:22:57.033695,13/08/26,2:22:57
20809,0.17,20.809,173.00206641357104,12867836949,2026-08-13 02:23:17.842695,13/08/26,2:23:17
20844,0.17,20.844,172.71157167530225,12867857793,2026-08-13 02:23:38.686695,13/08/26,2:23:38
21060,0.17,21.06,170.94017094017093,12867878853,2026-08-13 02:23:59.746695,13/08/26,2:23:59
21186,0.17,21.186,169.92353440951572,12867900039,2026-08-13 02:24:20.932695,13/08/26,2:24:20
21278,0.17,21.278,169.18883353698655,12867921317,2026-08-13 02:24:42.210695,13/08/26,2:24:42
21436,0.17,21.436,167.94178018286993,12867942753,2026-08-13 02:25:03.646695,13/08/26,2:25:3
21322,0.17,21.322,168.83969608854704,12867964075,2026-08-13 02:25:24.968695,13/08/26,2:25:24
21513,0.17,21.513,167.3406777297448,12867985588,2026-08-13 02:25:46.481695,13/08/26,2:25:46
21585,0.17,21.585,166.78248783877692,12868007173,2026-08-13 02:26:08.066695,13/08/26,2:26:8
21591,0.17,21.591,166.73614005835765,12868028764,2026-08-13 02:26:29.657695,13/08/26,2:26:29
21660,0.17,21.66,166.2049861495845,12868050424,2026-08-13 02:26:51.317695,13/08/26,2:26:51
21568,0.17,21.568,166.91394658753708,12868071992,2026-08-13 02:27:12.885695,13/08/26,2:27:12
21805,0.17,21.805,165.09974776427424,12868093797,2026-08-13 02:27:34.690695,13/08/26,2:27:34
22015,0.16,22.015,163.52486940722235,12868115812,2026-08-13 02:27:56.705695,13/08/26,2:27:56
21765,0.17,21.765,165.40317022742937,12868137577,2026-08-13 02:28:18.470695,13/08/26,2:28:18
32847,0.11,32.847,109.59905014156544,12868170424,2026-08-13 02:28:51.317695,13/08/26,2:28:51
38652,0.09,38.652,93.13877677739832,12868209076,2026-08-13 02:29:29.969695,13/08/26,2:29:29
38263,0.09,38.263,94.08567022972585,12868247339,2026-08-13 02:30:08.232695,13/08/26,2:30:8
37797,0.09,37.797,95.24565441701722,12868285136,2026-08-13 02:30:46.029695,13/08/26,2:30:46
37719,0.09,37.719,95.44261512765449,12868322855,2026-08-13 02:31:23.748695,13/08/26,2:31:23
37726,0.09,37.726,95.42490590044001,12868360581,2026-08-13 02:32:01.474695,13/08/26,2:32:1
37743,0.09,37.743,95.38192512518877,12868398324,2026-08-13 02:32:39.217695,13/08/26,2:32:39
38003,0.09,38.003,94.7293634713049,12868436327,2026-08-13 02:33:17.220695,13/08/26,2:33:17
38093,0.09,38.093,94.50555220119182,12868474420,2026-08-13 02:33:55.313695,13/08/26,2:33:55
38126,0.09,38.126,94.42375281959818,12868512546,2026-08-13 02:34:33.439695,13/08/26,2:34:33
37987,0.09,37.987,94.76926316897887,12868550533,2026-08-13 02:35:11.426695,13/08/26,2:35:11
38211,0.09,38.211,94.21370809452776,12868588744,2026-08-13 02:35:49.637695,13/08/26,2:35:49
38249,0.09,38.249,94.12010771523438,12868626993,2026-08-13 02:36:27.886695,13/08/26,2:36:27
38224,0.09,38.224,94.18166596902469,12868665217,2026-08-13 02:37:06.110695,13/08/26,2:37:6
38297,0.09,38.297,94.00214115988197,12868703514,2026-08-13 02:37:44.407695,13/08/26,2:37:44
38350,0.09,38.35,93.8722294654498,12868741864,2026-08-13 02:38:22.757695,13/08/26,2:38:22
38164,0.09,38.164,94.32973482863432,12868780028,2026-08-13 02:39:00.921695,13/08/26,2:39:0
38269,0.09,38.269,94.07091902061721,12868818297,2026-08-13 02:39:39.190695,13/08/26,2:39:39
38430,0.09,38.43,93.6768149882904,12868856727,2026-08-13 02:40:17.620695,13/08/26,2:40:17
37927,0.09,37.927,94.91918685896592,12868894654,2026-08-13 02:40:55.547695,13/08/26,2:40:55
38195,0.09,38.195,94.25317449928001,12868932849,2026-08-13 02:41:33.742695,13/08/26,2:41:33
38262,0.09,38.262,94.08812921436412,12868971111,2026-08-13 02:42:12.004695,13/08/26,2:42:12
38103,0.09,38.103,94.48074954727974,12869009214,2026-08-13 02:42:50.107695,13/08/26,2:42:50
37840,0.09,37.84,95.13742071881607,12869047054,2026-08-13 02:43:27.947695,13/08/26,2:43:27
38275,0.09,38.275,94.05617243631613,12869085329,2026-08-13 02:44:06.222695,13/08/26,2:44:6
38213,0.09,38.213,94.2087771177348,12869123542,2026-08-13 02:44:44.435695,13/08/26,2:44:44
38368,0.09,38.368,93.82819015846539,12869161910,2026-08-13 02:45:22.803695,13/08/26,2:45:22
38597,0.09,38.597,93.27149778480192,12869200507,2026-08-13 02:46:01.400695,13/08/26,2:46:1
38265,0.09,38.265,94.08075264602117,12869238772,2026-08-13 02:46:39.665695,13/08/26,2:46:39
38256,0.09,38.256,94.10288582183188,12869277028,2026-08-13 02:47:17.921695,13/08/26,2:47:17
38632,0.09,38.632,93.18699523710913,12869315660,2026-08-13 02:47:56.553695,13/08/26,2:47:56
37994,0.09,37.994,94.75180291624993,12869353654,2026-08-13 02:48:34.547695,13/08/26,2:48:34
38681,0.09,38.681,93.06894857940591,12869392335,2026-08-13 02:49:13.228695,13/08/26,2:49:13
38766,0.09,38.766,92.86488159727597,12869431101,2026-08-13 02:49:51.994695,13/08/26,2:49:51
38702,0.09,38.702,93.01844865898403,12869469803,2026-08-13 02:50:30.696695,13/08/26,2:50:30
38634,0.09,38.634,93.18217114458767,12869508437,2026-08-13 02:51:09.330695,13/08/26,2:51:9
37944,0.09,37.944,94.87666034155598,12869546381,2026-08-13 02:51:47.274695,13/08/26,2:51:47
38063,0.09,38.063,94.58003835746,12869584444,2026-08-13 02:52:25.337695,13/08/26,2:52:25
37964,0.09,37.964,94.82667790538405,12869622408,2026-08-13 02:53:03.301695,13/08/26,2:53:3
37065,0.1,37.065,97.1266693646297,12869659473,2026-08-13 02:53:40.366695,13/08/26,2:53:40
37044,0.1,37.044,97.18172983479106,12869696517,2026-08-13 02:54:17.410695,13/08/26,2:54:17
37133,0.1,37.133,96.9488056445749,12869733650,2026-08-13 02:54:54.543695,13/08/26,2:54:54
37174,0.1,37.174,96.84187873244741,12869770824,2026-08-13 02:55:31.717695,13/08/26,2:55:31
37128,0.1,37.128,96.96186166774402,12869807952,2026-08-13 02:56:08.845695,13/08/26,2:56:8
36758,0.1,36.758,97.93786386636923,12869844710,2026-08-13 02:56:45.603695,13/08/26,2:56:45
36997,0.1,36.997,97.30518690704652,12869881707,2026-08-13 02:57:22.600695,13/08/26,2:57:22
36957,0.1,36.957,97.41050409935872,12869918664,2026-08-13 02:57:59.557695,13/08/26,2:57:59
36980,0.1,36.98,97.3499188750676,12869955644,2026-08-13 02:58:36.537695,13/08/26,2:58:36
36956,0.1,36.956,97.41313995021106,12869992600,2026-08-13 02:59:13.493695,13/08/26,2:59:13
37043,0.1,37.043,97.18435331911562,12870029643,2026-08-13 02:59:50.536695,13/08/26,2:59:50
19345,0.19,19.345,186.09459808736108,12870048988,2026-08-13 03:00:09.881695,13/08/26,3:0:9
19898,0.18,19.898,180.92270579957784,12870068886,2026-08-13 03:00:29.779695,13/08/26,3:0:29
19438,0.19,19.438,185.20423911925096,12870088324,2026-08-13 03:00:49.217695,13/08/26,3:0:49
19614,0.18,19.614,183.5423676965433,12870107938,2026-08-13 03:01:08.831695,13/08/26,3:1:8
19819,0.18,19.819,181.64387708764318,12870127757,2026-08-13 03:01:28.650695,13/08/26,3:1:28
19808,0.18,19.808,181.74474959612277,12870147565,2026-08-13 03:01:48.458695,13/08/26,3:1:48
20070,0.18,20.07,179.37219730941703,12870167635,2026-08-13 03:02:08.528695,13/08/26,3:2:8
20182,0.18,20.182,178.37677138043802,12870187817,2026-08-13 03:02:28.710695,13/08/26,3:2:28
20363,0.18,20.363,176.7912390119334,12870208180,2026-08-13 03:02:49.073695,13/08/26,3:2:49
20367,0.18,20.367,176.75651789659744,12870228547,2026-08-13 03:03:09.440695,13/08/26,3:3:9
20337,0.18,20.337,177.01725918277032,12870248884,2026-08-13 03:03:29.777695,13/08/26,3:3:29
20102,0.18,20.102,179.08665804397572,12870268986,2026-08-13 03:03:49.879695,13/08/26,3:3:49
20465,0.17,20.465,175.9100903982409,12870289451,2026-08-13 03:04:10.344695,13/08/26,3:4:10
20616,0.17,20.616,174.62165308498254,12870310067,2026-08-13 03:04:30.960695,13/08/26,3:4:30
20669,0.17,20.669,174.1738835937878,12870330736,2026-08-13 03:04:51.629695,13/08/26,3:4:51
20811,0.17,20.811,172.98544039210034,12870351547,2026-08-13 03:05:12.440695,13/08/26,3:5:12
20730,0.17,20.73,173.66136034732273,12870372277,2026-08-13 03:05:33.170695,13/08/26,3:5:33
20954,0.17,20.954,171.80490598453756,12870393231,2026-08-13 03:05:54.124695,13/08/26,3:5:54
21276,0.17,21.276,169.20473773265653,12870414507,2026-08-13 03:06:15.400695,13/08/26,3:6:15
21106,0.17,21.106,170.56761110584668,12870435613,2026-08-13 03:06:36.506695,13/08/26,3:6:36
21162,0.17,21.162,170.1162461015027,12870456775,2026-08-13 03:06:57.668695,13/08/26,3:6:57
21035,0.17,21.035,171.14333254100308,12870477810,2026-08-13 03:07:18.703695,13/08/26,3:7:18
21172,0.17,21.172,170.03589646703193,12870498982,2026-08-13 03:07:39.875695,13/08/26,3:7:39
26891,0.13,26.891,133.8737867688074,12870525873,2026-08-13 03:08:06.766695,13/08/26,3:8:6
36824,0.1,36.824,97.7623289159244,12870562697,2026-08-13 03:08:43.590695,13/08/26,3:8:43
36547,0.1,36.547,98.50329712425096,12870599244,2026-08-13 03:09:20.137695,13/08/26,3:9:20
36722,0.1,36.722,98.03387615053646,12870635966,2026-08-13 03:09:56.859695,13/08/26,3:9:56
36674,0.1,36.674,98.16218574466924,12870672640,2026-08-13 03:10:33.533695,13/08/26,3:10:33
36941,0.1,36.941,97.45269483771419,12870709581,2026-08-13 03:11:10.474695,13/08/26,3:11:10
36905,0.1,36.905,97.54775775640157,12870746486,2026-08-13 03:11:47.379695,13/08/26,3:11:47
37028,0.1,37.028,97.22372258831155,12870783514,2026-08-13 03:12:24.407695,13/08/26,3:12:24
37106,0.1,37.106,97.0193499703552,12870820620,2026-08-13 03:13:01.513695,13/08/26,3:13:1
36885,0.1,36.885,97.60065067100447,12870857505,2026-08-13 03:13:38.398695,13/08/26,3:13:38
37117,0.1,37.117,96.99059730042838,12870894622,2026-08-13 03:14:15.515695,13/08/26,3:14:15
36777,0.1,36.777,97.88726649808304,12870931399,2026-08-13 03:14:52.292695,13/08/26,3:14:52
37528,0.09,37.528,95.92837348113409,12870968927,2026-08-13 03:15:29.820695,13/08/26,3:15:29
37620,0.09,37.62,95.69377990430623,12871006547,2026-08-13 03:16:07.440695,13/08/26,3:16:7
37842,0.09,37.842,95.13239257967338,12871044389,2026-08-13 03:16:45.282695,13/08/26,3:16:45
38737,0.09,38.737,92.93440379998451,12871083126,2026-08-13 03:17:24.019695,13/08/26,3:17:24
38316,0.09,38.316,93.95552771688068,12871121442,2026-08-13 03:18:02.335695,13/08/26,3:18:2
38135,0.09,38.135,94.40146846728727,12871159577,2026-08-13 03:18:40.470695,13/08/26,3:18:40
38330,0.09,38.33,93.92121054004696,12871197907,2026-08-13 03:19:18.800695,13/08/26,3:19:18
38322,0.09,38.322,93.94081728511038,12871236229,2026-08-13 03:19:57.122695,13/08/26,3:19:57
38362,0.09,38.362,93.84286533548824,12871274591,2026-08-13 03:20:35.484695,13/08/26,3:20:35
38236,0.09,38.236,94.1521079610838,12871312827,2026-08-13 03:21:13.720695,13/08/26,3:21:13
38195,0.09,38.195,94.25317449928001,12871351022,2026-08-13 03:21:51.915695,13/08/26,3:21:51
38197,0.09,38.197,94.24823939052806,12871389219,2026-08-13 03:22:30.112695,13/08/26,3:22:30
38292,0.09,38.292,94.01441554371671,12871427511,2026-08-13 03:23:08.404695,13/08/26,3:23:8
38245,0.09,38.245,94.12995162766374,12871465756,2026-08-13 03:23:46.649695,13/08/26,3:23:46
38357,0.09,38.357,93.85509815679015,12871504113,2026-08-13 03:24:25.006695,13/08/26,3:24:25
38276,0.09,38.276,94.0537151217473,12871542389,2026-08-13 03:25:03.282695,13/08/26,3:25:3
38152,0.09,38.152,94.3594044873139,12871580541,2026-08-13 03:25:41.434695,13/08/26,3:25:41
38234,0.09,38.234,94.15703300727101,12871618775,2026-08-13 03:26:19.668695,13/08/26,3:26:19
38395,0.09,38.395,93.76220862091418,12871657170,2026-08-13 03:26:58.063695,13/08/26,3:26:58
38035,0.09,38.035,94.64966478243723,12871695205,2026-08-13 03:27:36.098695,13/08/26,3:27:36
38420,0.09,38.42,93.70119729307652,12871733625,2026-08-13 03:28:14.518695,13/08/26,3:28:14
38316,0.09,38.316,93.95552771688068,12871771941,2026-08-13 03:28:52.834695,13/08/26,3:28:52
38263,0.09,38.263,94.08567022972585,12871810204,2026-08-13 03:29:31.097695,13/08/26,3:29:31
38658,0.09,38.658,93.12432096849294,12871848862,2026-08-13 03:30:09.755695,13/08/26,3:30:9
38512,0.09,38.512,93.47735770668882,12871887374,2026-08-13 03:30:48.267695,13/08/26,3:30:48
38010,0.09,38.01,94.71191791633781,12871925384,2026-08-13 03:31:26.277695,13/08/26,3:31:26
38454,0.09,38.454,93.61834919644251,12871963838,2026-08-13 03:32:04.731695,13/08/26,3:32:4
38326,0.09,38.326,93.93101288942232,12872002164,2026-08-13 03:32:43.057695,13/08/26,3:32:43
38200,0.09,38.2,94.24083769633508,12872040364,2026-08-13 03:33:21.257695,13/08/26,3:33:21
38288,0.09,38.288,94.02423735896365,12872078652,2026-08-13 03:33:59.545695,13/08/26,3:33:59
38024,0.09,38.024,94.67704607616243,12872116676,2026-08-13 03:34:37.569695,13/08/26,3:34:37
38348,0.09,38.348,93.87712527380828,12872155024,2026-08-13 03:35:15.917695,13/08/26,3:35:15
38094,0.09,38.094,94.50307134981887,12872193118,2026-08-13 03:35:54.011695,13/08/26,3:35:54
38152,0.09,38.152,94.3594044873139,12872231270,2026-08-13 03:36:32.163695,13/08/26,3:36:32
38185,0.09,38.185,94.2778577975645,12872269455,2026-08-13 03:37:10.348695,13/08/26,3:37:10
38449,0.09,38.449,93.63052355067752,12872307904,2026-08-13 03:37:48.797695,13/08/26,3:37:48
38336,0.09,38.336,93.90651085141903,12872346240,2026-08-13 03:38:27.133695,13/08/26,3:38:27
38452,0.09,38.452,93.62321855820244,12872384692,2026-08-13 03:39:05.585695,13/08/26,3:39:5
21271,0.17,21.271,169.2445113064736,12872405963,2026-08-13 03:39:26.856695,13/08/26,3:39:26
20377,0.18,20.377,176.6697747460372,12872426340,2026-08-13 03:39:47.233695,13/08/26,3:39:47
20247,0.18,20.247,177.80411912875982,12872446587,2026-08-13 03:40:07.480695,13/08/26,3:40:7
20329,0.18,20.329,177.0869201633135,12872466916,2026-08-13 03:40:27.809695,13/08/26,3:40:27
20353,0.18,20.353,176.87810150837714,12872487269,2026-08-13 03:40:48.162695,13/08/26,3:40:48
20634,0.17,20.634,174.46932247746437,12872507903,2026-08-13 03:41:08.796695,13/08/26,3:41:8
20849,0.17,20.849,172.67015204566167,12872528752,2026-08-13 03:41:29.645695,13/08/26,3:41:29
20845,0.17,20.845,172.70328615975055,12872549597,2026-08-13 03:41:50.490695,13/08/26,3:41:50
20995,0.17,20.995,171.46939747558943,12872570592,2026-08-13 03:42:11.485695,13/08/26,3:42:11
21022,0.17,21.022,171.24916753876892,12872591614,2026-08-13 03:42:32.507695,13/08/26,3:42:32
21136,0.17,21.136,170.32551097653294,12872612750,2026-08-13 03:42:53.643695,13/08/26,3:42:53
21267,0.17,21.267,169.27634363097758,12872634017,2026-08-13 03:43:14.910695,13/08/26,3:43:14
21324,0.17,21.324,168.82386043894203,12872655341,2026-08-13 03:43:36.234695,13/08/26,3:43:36
21410,0.17,21.41,168.1457262961233,12872676751,2026-08-13 03:43:57.644695,13/08/26,3:43:57
21444,0.17,21.444,167.87912702853944,12872698195,2026-08-13 03:44:19.088695,13/08/26,3:44:19
21522,0.17,21.522,167.27069974909395,12872719717,2026-08-13 03:44:40.610695,13/08/26,3:44:40
21686,0.17,21.686,166.00571797473023,12872741403,2026-08-13 03:45:02.296695,13/08/26,3:45:2
21750,0.17,21.75,165.51724137931035,12872763153,2026-08-13 03:45:24.046695,13/08/26,3:45:24
21645,0.17,21.645,166.32016632016632,12872784798,2026-08-13 03:45:45.691695,13/08/26,3:45:45
21823,0.16,21.823,164.963570544838,12872806621,2026-08-13 03:46:07.514695,13/08/26,3:46:7
21817,0.17,21.817,165.0089379841408,12872828438,2026-08-13 03:46:29.331695,13/08/26,3:46:29
21873,0.16,21.873,164.5864764778494,12872850311,2026-08-13 03:46:51.204695,13/08/26,3:46:51
22049,0.16,22.049,163.27271078053425,12872872360,2026-08-13 03:47:13.253695,13/08/26,3:47:13
38270,0.09,38.27,94.06846093545859,12872910630,2026-08-13 03:47:51.523695,13/08/26,3:47:51
38411,0.09,38.411,93.72315222201973,12872949041,2026-08-13 03:48:29.934695,13/08/26,3:48:29
38355,0.09,38.355,93.85999217833398,12872987396,2026-08-13 03:49:08.289695,13/08/26,3:49:8
38332,0.09,38.332,93.91631013252635,12873025728,2026-08-13 03:49:46.621695,13/08/26,3:49:46
38445,0.09,38.445,93.64026531408506,12873064173,2026-08-13 03:50:25.066695,13/08/26,3:50:25
38556,0.09,38.556,93.37068160597572,12873102729,2026-08-13 03:51:03.622695,13/08/26,3:51:3
38492,0.09,38.492,93.52592746544737,12873141221,2026-08-13 03:51:42.114695,13/08/26,3:51:42
38667,0.09,38.667,93.10264566684769,12873179888,2026-08-13 03:52:20.781695,13/08/26,3:52:20
38527,0.09,38.527,93.44096348015677,12873218415,2026-08-13 03:52:59.308695,13/08/26,3:52:59
37526,0.09,37.526,95.9334861162927,12873255941,2026-08-13 03:53:36.834695,13/08/26,3:53:36
37419,0.1,37.419,96.20780886715305,12873293360,2026-08-13 03:54:14.253695,13/08/26,3:54:14
37275,0.1,37.275,96.579476861167,12873330635,2026-08-13 03:54:51.528695,13/08/26,3:54:51
37300,0.1,37.3,96.51474530831099,12873367935,2026-08-13 03:55:28.828695,13/08/26,3:55:28
37194,0.1,37.194,96.78980480722697,12873405129,2026-08-13 03:56:06.022695,13/08/26,3:56:6
36893,0.1,36.893,97.57948662347872,12873442022,2026-08-13 03:56:42.915695,13/08/26,3:56:42
37228,0.1,37.228,96.70140754270979,12873479250,2026-08-13 03:57:20.143695,13/08/26,3:57:20
37117,0.1,37.117,96.99059730042838,12873516367,2026-08-13 03:57:57.260695,13/08/26,3:57:57
37153,0.1,37.153,96.8966166931338,12873553520,2026-08-13 03:58:34.413695,13/08/26,3:58:34
37247,0.1,37.247,96.65207936209627,12873590767,2026-08-13 03:59:11.660695,13/08/26,3:59:11
37141,0.1,37.141,96.92792331924288,12873627908,2026-08-13 03:59:48.801695,13/08/26,3:59:48
37203,0.1,37.203,96.76638980727361,12873665111,2026-08-13 04:00:26.004695,13/08/26,4:0:26
36020,0.1,36.02,99.94447529150472,12873701131,2026-08-13 04:01:02.024695,13/08/26,4:1:2
36501,0.1,36.501,98.62743486479822,12873737632,2026-08-13 04:01:38.525695,13/08/26,4:1:38
36413,0.1,36.413,98.86578969049515,12873774045,2026-08-13 04:02:14.938695,13/08/26,4:2:14
36688,0.1,36.688,98.12472743131269,12873810733,2026-08-13 04:02:51.626695,13/08/26,4:2:51
36538,0.1,36.538,98.52756034813072,12873847271,2026-08-13 04:03:28.164695,13/08/26,4:3:28
36665,0.1,36.665,98.18628119459976,12873883936,2026-08-13 04:04:04.829695,13/08/26,4:4:4
36553,0.1,36.553,98.48712827948458,12873920489,2026-08-13 04:04:41.382695,13/08/26,4:4:41
36674,0.1,36.674,98.16218574466924,12873957163,2026-08-13 04:05:18.056695,13/08/26,4:5:18
37786,0.09,37.786,95.27338167575293,12873994949,2026-08-13 04:05:55.842695,13/08/26,4:5:55
37120,0.1,37.12,96.98275862068965,12874032069,2026-08-13 04:06:32.962695,13/08/26,4:6:32
37086,0.1,37.086,97.0716712506067,12874069155,2026-08-13 04:07:10.048695,13/08/26,4:7:10
36744,0.1,36.744,97.97517962116264,12874105899,2026-08-13 04:07:46.792695,13/08/26,4:7:46
36998,0.1,36.998,97.3025568949673,12874142897,2026-08-13 04:08:23.790695,13/08/26,4:8:23
36975,0.1,36.975,97.3630831643002,12874179872,2026-08-13 04:09:00.765695,13/08/26,4:9:0
37001,0.1,37.001,97.29466771168347,12874216873,2026-08-13 04:09:37.766695,13/08/26,4:9:37
37647,0.09,37.647,95.62514941429596,12874254520,2026-08-13 04:10:15.413695,13/08/26,4:10:15
37728,0.09,37.728,95.41984732824427,12874292248,2026-08-13 04:10:53.141695,13/08/26,4:10:53
37975,0.09,37.975,94.79921000658328,12874330223,2026-08-13 04:11:31.116695,13/08/26,4:11:31
37719,0.09,37.719,95.44261512765449,12874367942,2026-08-13 04:12:08.835695,13/08/26,4:12:8
37884,0.09,37.884,95.02692429521697,12874405826,2026-08-13 04:12:46.719695,13/08/26,4:12:46
38814,0.09,38.814,92.75003864584943,12874444640,2026-08-13 04:13:25.533695,13/08/26,4:13:25
38864,0.09,38.864,92.63071222725401,12874483504,2026-08-13 04:14:04.397695,13/08/26,4:14:4
38877,0.09,38.877,92.5997376340767,12874522381,2026-08-13 04:14:43.274695,13/08/26,4:14:43
38511,0.09,38.511,93.4797849964945,12874560892,2026-08-13 04:15:21.785695,13/08/26,4:15:21
38939,0.09,38.939,92.45229718277305,12874599831,2026-08-13 04:16:00.724695,13/08/26,4:16:0
38903,0.09,38.903,92.53785055137136,12874638734,2026-08-13 04:16:39.627695,13/08/26,4:16:39
38951,0.09,38.951,92.42381453621216,12874677685,2026-08-13 04:17:18.578695,13/08/26,4:17:18
38908,0.09,38.908,92.52595867173847,12874716593,2026-08-13 04:17:57.486695,13/08/26,4:17:57
29748,0.12,29.748,121.01653892698668,12874746341,2026-08-13 04:18:27.234695,13/08/26,4:18:27
20627,0.17,20.627,174.5285305667329,12874766968,2026-08-13 04:18:47.861695,13/08/26,4:18:47
20513,0.17,20.513,175.4984643884366,12874787481,2026-08-13 04:19:08.374695,13/08/26,4:19:8
20503,0.17,20.503,175.5840608691411,12874807984,2026-08-13 04:19:28.877695,13/08/26,4:19:28
20643,0.17,20.643,174.39325679407062,12874828627,2026-08-13 04:19:49.520695,13/08/26,4:19:49
20878,0.17,20.878,172.43030941661078,12874849505,2026-08-13 04:20:10.398695,13/08/26,4:20:10
21079,0.17,21.079,170.78609042174676,12874870584,2026-08-13 04:20:31.477695,13/08/26,4:20:31
21132,0.17,21.132,170.35775127768312,12874891716,2026-08-13 04:20:52.609695,13/08/26,4:20:52
21296,0.17,21.296,169.045830202855,12874913012,2026-08-13 04:21:13.905695,13/08/26,4:21:13
21313,0.17,21.313,168.91099329047998,12874934325,2026-08-13 04:21:35.218695,13/08/26,4:21:35
21434,0.17,21.434,167.95745077913594,12874955759,2026-08-13 04:21:56.652695,13/08/26,4:21:56
21515,0.17,21.515,167.32512200790146,12874977274,2026-08-13 04:22:18.167695,13/08/26,4:22:18
21529,0.17,21.529,167.216312880301,12874998803,2026-08-13 04:22:39.696695,13/08/26,4:22:39
21665,0.17,21.665,166.1666282021694,12875020468,2026-08-13 04:23:01.361695,13/08/26,4:23:1
21738,0.17,21.738,165.60861164780567,12875042206,2026-08-13 04:23:23.099695,13/08/26,4:23:23
21849,0.16,21.849,164.76726623644103,12875064055,2026-08-13 04:23:44.948695,13/08/26,4:23:44
21932,0.16,21.932,164.14371694327923,12875085987,2026-08-13 04:24:06.880695,13/08/26,4:24:6
21966,0.16,21.966,163.88964763725758,12875107953,2026-08-13 04:24:28.846695,13/08/26,4:24:28
22008,0.16,22.008,163.57688113413303,12875129961,2026-08-13 04:24:50.854695,13/08/26,4:24:50
22018,0.16,22.018,163.5025887909892,12875151979,2026-08-13 04:25:12.872695,13/08/26,4:25:12
21916,0.16,21.916,164.2635517430188,12875173895,2026-08-13 04:25:34.788695,13/08/26,4:25:34
22030,0.16,22.03,163.4135270086246,12875195925,2026-08-13 04:25:56.818695,13/08/26,4:25:56
22026,0.16,22.026,163.44320348678835,12875217951,2026-08-13 04:26:18.844695,13/08/26,4:26:18
36788,0.1,36.788,97.85799717299119,12875254739,2026-08-13 04:26:55.632695,13/08/26,4:26:55
39030,0.09,39.03,92.23674096848578,12875293769,2026-08-13 04:27:34.662695,13/08/26,4:27:34
39016,0.09,39.016,92.26983801517326,12875332785,2026-08-13 04:28:13.678695,13/08/26,4:28:13
38339,0.09,38.339,93.89916273246564,12875371124,2026-08-13 04:28:52.017695,13/08/26,4:28:52
38903,0.09,38.903,92.53785055137136,12875410027,2026-08-13 04:29:30.920695,13/08/26,4:29:30
39120,0.09,39.12,92.02453987730061,12875449147,2026-08-13 04:30:10.040695,13/08/26,4:30:10
38716,0.09,38.716,92.98481248062816,12875487863,2026-08-13 04:30:48.756695,13/08/26,4:30:48
38627,0.09,38.627,93.19905765397262,12875526490,2026-08-13 04:31:27.383695,13/08/26,4:31:27
38151,0.09,38.151,94.36187780136825,12875564641,2026-08-13 04:32:05.534695,13/08/26,4:32:5
38831,0.09,38.831,92.70943318482655,12875603472,2026-08-13 04:32:44.365695,13/08/26,4:32:44
38911,0.09,38.911,92.51882501092236,12875642383,2026-08-13 04:33:23.276695,13/08/26,4:33:23
38677,0.09,38.677,93.07857382940766,12875681060,2026-08-13 04:34:01.953695,13/08/26,4:34:1
38769,0.09,38.769,92.85769558152131,12875719829,2026-08-13 04:34:40.722695,13/08/26,4:34:40
38875,0.09,38.875,92.60450160771704,12875758704,2026-08-13 04:35:19.597695,13/08/26,4:35:19
39164,0.09,39.164,91.92115207843938,12875797868,2026-08-13 04:35:58.761695,13/08/26,4:35:58
39166,0.09,39.166,91.9164581524792,12875837034,2026-08-13 04:36:37.927695,13/08/26,4:36:37
38892,0.09,38.892,92.56402344955261,12875875926,2026-08-13 04:37:16.819695,13/08/26,4:37:16
38806,0.09,38.806,92.76915940833892,12875914732,2026-08-13 04:37:55.625695,13/08/26,4:37:55
39100,0.09,39.1,92.07161125319693,12875953832,2026-08-13 04:38:34.725695,13/08/26,4:38:34
39093,0.09,39.093,92.08809761338347,12875992925,2026-08-13 04:39:13.818695,13/08/26,4:39:13
38982,0.09,38.982,92.35031553024473,12876031907,2026-08-13 04:39:52.800695,13/08/26,4:39:52
38647,0.09,38.647,93.15082671358708,12876070554,2026-08-13 04:40:31.447695,13/08/26,4:40:31
38698,0.09,38.698,93.02806346581218,12876109252,2026-08-13 04:41:10.145695,13/08/26,4:41:10
39090,0.09,39.09,92.0951650038373,12876148342,2026-08-13 04:41:49.235695,13/08/26,4:41:49
38775,0.09,38.775,92.84332688588007,12876187117,2026-08-13 04:42:28.010695,13/08/26,4:42:28
39402,0.09,39.402,91.36592051164915,12876226519,2026-08-13 04:43:07.412695,13/08/26,4:43:7
37972,0.09,37.972,94.80669967344359,12876264491,2026-08-13 04:43:45.384695,13/08/26,4:43:45
38645,0.09,38.645,93.15564756113339,12876303136,2026-08-13 04:44:24.029695,13/08/26,4:44:24
39030,0.09,39.03,92.23674096848578,12876342166,2026-08-13 04:45:03.059695,13/08/26,4:45:3
39059,0.09,39.059,92.16825827594153,12876381225,2026-08-13 04:45:42.118695,13/08/26,4:45:42
39065,0.09,39.065,92.1541021374632,12876420290,2026-08-13 04:46:21.183695,13/08/26,4:46:21
39041,0.09,39.041,92.21075279834021,12876459331,2026-08-13 04:47:00.224695,13/08/26,4:47:0
39348,0.09,39.348,91.49130832570906,12876498679,2026-08-13 04:47:39.572695,13/08/26,4:47:39
39451,0.09,39.451,91.25243973536793,12876538130,2026-08-13 04:48:19.023695,13/08/26,4:48:19
39205,0.09,39.205,91.82502231858182,12876577335,2026-08-13 04:48:58.228695,13/08/26,4:48:58
38853,0.09,38.853,92.65693768820941,12876616188,2026-08-13 04:49:37.081695,13/08/26,4:49:37
38813,0.09,38.813,92.75242831010229,12876655001,2026-08-13 04:50:15.894695,13/08/26,4:50:15
38699,0.09,38.699,93.02565957776687,12876693700,2026-08-13 04:50:54.593695,13/08/26,4:50:54
39225,0.09,39.225,91.77820267686424,12876732925,2026-08-13 04:51:33.818695,13/08/26,4:51:33
38969,0.09,38.969,92.38112345710694,12876771894,2026-08-13 04:52:12.787695,13/08/26,4:52:12
38954,0.09,38.954,92.41669661652205,12876810848,2026-08-13 04:52:51.741695,13/08/26,4:52:51
39159,0.09,39.159,91.93288899103655,12876850007,2026-08-13 04:53:30.900695,13/08/26,4:53:30
38853,0.09,38.853,92.65693768820941,12876888860,2026-08-13 04:54:09.753695,13/08/26,4:54:9
38747,0.09,38.747,92.9104188711384,12876927607,2026-08-13 04:54:48.500695,13/08/26,4:54:48
39110,0.09,39.11,92.04806954743033,12876966717,2026-08-13 04:55:27.610695,13/08/26,4:55:27
39338,0.09,39.338,91.51456606843256,12877006055,2026-08-13 04:56:06.948695,13/08/26,4:56:6
38691,0.09,38.691,93.0448941614329,12877044746,2026-08-13 04:56:45.639695,13/08/26,4:56:45
38788,0.09,38.788,92.81220996184386,12877083534,2026-08-13 04:57:24.427695,13/08/26,4:57:24
31205,0.12,31.205,115.36612722320142,12877114739,2026-08-13 04:57:55.632695,13/08/26,4:57:55
20719,0.17,20.719,173.75355953472658,12877135458,2026-08-13 04:58:16.351695,13/08/26,4:58:16
20581,0.17,20.581,174.91861425586706,12877156039,2026-08-13 04:58:36.932695,13/08/26,4:58:36
20574,0.17,20.574,174.97812773403325,12877176613,2026-08-13 04:58:57.506695,13/08/26,4:58:57
20483,0.17,20.483,175.75550456476103,12877197096,2026-08-13 04:59:17.989695,13/08/26,4:59:17
20603,0.17,20.603,174.7318351696355,12877217699,2026-08-13 04:59:38.592695,13/08/26,4:59:38
20963,0.17,20.963,171.7311453513333,12877238662,2026-08-13 04:59:59.555695,13/08/26,4:59:59
20843,0.17,20.843,172.71985798589455,12877259505,2026-08-13 05:00:20.398695,13/08/26,5:0:20
20758,0.17,20.758,173.4271124385779,12877280263,2026-08-13 05:00:41.156695,13/08/26,5:0:41
20874,0.17,20.874,172.46335153779822,12877301137,2026-08-13 05:01:02.030695,13/08/26,5:1:2
21051,0.17,21.051,171.01325352714835,12877322188,2026-08-13 05:01:23.081695,13/08/26,5:1:23
21063,0.17,21.063,170.91582395670133,12877343251,2026-08-13 05:01:44.144695,13/08/26,5:1:44
21174,0.17,21.174,170.01983564749222,12877364425,2026-08-13 05:02:05.318695,13/08/26,5:2:5
21434,0.17,21.434,167.95745077913594,12877385859,2026-08-13 05:02:26.752695,13/08/26,5:2:26
21529,0.17,21.529,167.216312880301,12877407388,2026-08-13 05:02:48.281695,13/08/26,5:2:48
21384,0.17,21.384,168.35016835016836,12877428772,2026-08-13 05:03:09.665695,13/08/26,5:3:9
21574,0.17,21.574,166.86752572541022,12877450346,2026-08-13 05:03:31.239695,13/08/26,5:3:31
21452,0.17,21.452,167.81652060413947,12877471798,2026-08-13 05:03:52.691695,13/08/26,5:3:52
21720,0.17,21.72,165.74585635359117,12877493518,2026-08-13 05:04:14.411695,13/08/26,5:4:14
21798,0.17,21.798,165.15276630883568,12877515316,2026-08-13 05:04:36.209695,13/08/26,5:4:36
21838,0.16,21.838,164.85026101291328,12877537154,2026-08-13 05:04:58.047695,13/08/26,5:4:58
21863,0.16,21.863,164.66175730686547,12877559017,2026-08-13 05:05:19.910695,13/08/26,5:5:19
21688,0.17,21.688,165.99040944300995,12877580705,2026-08-13 05:05:41.598695,13/08/26,5:5:41
28035,0.13,28.035,128.41091492776886,12877608740,2026-08-13 05:06:09.633695,13/08/26,5:6:9
38283,0.09,38.283,94.03651751430138,12877647023,2026-08-13 05:06:47.916695,13/08/26,5:6:47
37695,0.09,37.695,95.50338241146041,12877684718,2026-08-13 05:07:25.611695,13/08/26,5:7:25
37568,0.09,37.568,95.82623509369677,12877722286,2026-08-13 05:08:03.179695,13/08/26,5:8:3
37600,0.09,37.6,95.74468085106383,12877759886,2026-08-13 05:08:40.779695,13/08/26,5:8:40
37818,0.09,37.818,95.19276534983341,12877797704,2026-08-13 05:09:18.597695,13/08/26,5:9:18
37660,0.09,37.66,95.59214020180563,12877835364,2026-08-13 05:09:56.257695,13/08/26,5:9:56
37702,0.09,37.702,95.48565062861387,12877873066,2026-08-13 05:10:33.959695,13/08/26,5:10:33
37460,0.1,37.46,96.10250934329952,12877910526,2026-08-13 05:11:11.419695,13/08/26,5:11:11
37731,0.09,37.731,95.4122604754711,12877948257,2026-08-13 05:11:49.150695,13/08/26,5:11:49
37905,0.09,37.905,94.97427779976256,12877986162,2026-08-13 05:12:27.055695,13/08/26,5:12:27
38602,0.09,38.602,93.25941661053831,12878024764,2026-08-13 05:13:05.657695,13/08/26,5:13:5
38279,0.09,38.279,94.046343948379,12878063043,2026-08-13 05:13:43.936695,13/08/26,5:13:43
38373,0.09,38.373,93.81596434993355,12878101416,2026-08-13 05:14:22.309695,13/08/26,5:14:22
38626,0.09,38.626,93.2014705120903,12878140042,2026-08-13 05:15:00.935695,13/08/26,5:15:0
38784,0.09,38.784,92.82178217821782,12878178826,2026-08-13 05:15:39.719695,13/08/26,5:15:39
39310,0.09,39.31,91.57975069956754,12878218136,2026-08-13 05:16:19.029695,13/08/26,5:16:19
39648,0.09,39.648,90.79903147699758,12878257784,2026-08-13 05:16:58.677695,13/08/26,5:16:58
39620,0.09,39.62,90.86320040383644,12878297404,2026-08-13 05:17:38.297695,13/08/26,5:17:38
38947,0.09,38.947,92.43330680155083,12878336351,2026-08-13 05:18:17.244695,13/08/26,5:18:17
38660,0.09,38.66,93.11950336264873,12878375011,2026-08-13 05:18:55.904695,13/08/26,5:18:55
38236,0.09,38.236,94.1521079610838,12878413247,2026-08-13 05:19:34.140695,13/08/26,5:19:34
38374,0.09,38.374,93.81351957054255,12878451621,2026-08-13 05:20:12.514695,13/08/26,5:20:12
38350,0.09,38.35,93.8722294654498,12878489971,2026-08-13 05:20:50.864695,13/08/26,5:20:50
39061,0.09,39.061,92.16353907990067,12878529032,2026-08-13 05:21:29.925695,13/08/26,5:21:29
39432,0.09,39.432,91.29640900791236,12878568464,2026-08-13 05:22:09.357695,13/08/26,5:22:9
39567,0.09,39.567,90.98491166881492,12878608031,2026-08-13 05:22:48.924695,13/08/26,5:22:48
39579,0.09,39.579,90.95732585461987,12878647610,2026-08-13 05:23:28.503695,13/08/26,5:23:28
39009,0.09,39.009,92.2863954472045,12878686619,2026-08-13 05:24:07.512695,13/08/26,5:24:7
39114,0.09,39.114,92.03865623561896,12878725733,2026-08-13 05:24:46.626695,13/08/26,5:24:46
39299,0.09,39.299,91.60538436092521,12878765032,2026-08-13 05:25:25.925695,13/08/26,5:25:25
39593,0.09,39.593,90.92516353900942,12878804625,2026-08-13 05:26:05.518695,13/08/26,5:26:5
39110,0.09,39.11,92.04806954743033,12878843735,2026-08-13 05:26:44.628695,13/08/26,5:26:44
39362,0.09,39.362,91.45876733905797,12878883097,2026-08-13 05:27:23.990695,13/08/26,5:27:23
38974,0.09,38.974,92.36927182224046,12878922071,2026-08-13 05:28:02.964695,13/08/26,5:28:2
39134,0.09,39.134,91.99161854142179,12878961205,2026-08-13 05:28:42.098695,13/08/26,5:28:42
39318,0.09,39.318,91.56111704562795,12879000523,2026-08-13 05:29:21.416695,13/08/26,5:29:21
39534,0.09,39.534,91.06085900743663,12879040057,2026-08-13 05:30:00.950695,13/08/26,5:30:0
39288,0.09,39.288,91.63103237629811,12879079345,2026-08-13 05:30:40.238695,13/08/26,5:30:40
39169,0.09,39.169,91.90941816232224,12879118514,2026-08-13 05:31:19.407695,13/08/26,5:31:19
38952,0.09,38.952,92.42144177449168,12879157466,2026-08-13 05:31:58.359695,13/08/26,5:31:58
39198,0.09,39.198,91.84142048063677,12879196664,2026-08-13 05:32:37.557695,13/08/26,5:32:37
39173,0.09,39.173,91.9000331861231,12879235837,2026-08-13 05:33:16.730695,13/08/26,5:33:16
39395,0.09,39.395,91.38215509582434,12879275232,2026-08-13 05:33:56.125695,13/08/26,5:33:56
39503,0.09,39.503,91.13231906437485,12879314735,2026-08-13 05:34:35.628695,13/08/26,5:34:35
39382,0.09,39.382,91.4123203493982,12879354117,2026-08-13 05:35:15.010695,13/08/26,5:35:15
39188,0.09,39.188,91.86485658875166,12879393305,2026-08-13 05:35:54.198695,13/08/26,5:35:54
39255,0.09,39.255,91.70806266717615,12879432560,2026-08-13 05:36:33.453695,13/08/26,5:36:33
35879,0.1,35.879,100.3372446277767,12879468439,2026-08-13 05:37:09.332695,13/08/26,5:37:9
19115,0.19,19.115,188.33376929113263,12879487554,2026-08-13 05:37:28.447695,13/08/26,5:37:28
20643,0.17,20.643,174.39325679407062,12879508197,2026-08-13 05:37:49.090695,13/08/26,5:37:49
20645,0.17,20.645,174.3763623153306,12879528842,2026-08-13 05:38:09.735695,13/08/26,5:38:9
20498,0.17,20.498,175.62689042833446,12879549340,2026-08-13 05:38:30.233695,13/08/26,5:38:30
20757,0.17,20.757,173.43546755311462,12879570097,2026-08-13 05:38:50.990695,13/08/26,5:38:50
20867,0.17,20.867,172.52120573153783,12879590964,2026-08-13 05:39:11.857695,13/08/26,5:39:11
20946,0.17,20.946,171.87052420509883,12879611910,2026-08-13 05:39:32.803695,13/08/26,5:39:32
21187,0.17,21.187,169.91551423042432,12879633097,2026-08-13 05:39:53.990695,13/08/26,5:39:53
21392,0.17,21.392,168.28721017202693,12879654489,2026-08-13 05:40:15.382695,13/08/26,5:40:15
21528,0.17,21.528,167.22408026755852,12879676017,2026-08-13 05:40:36.910695,13/08/26,5:40:36
21324,0.17,21.324,168.82386043894203,12879697341,2026-08-13 05:40:58.234695,13/08/26,5:40:58
21753,0.17,21.753,165.49441456350849,12879719094,2026-08-13 05:41:19.987695,13/08/26,5:41:19
21434,0.17,21.434,167.95745077913594,12879740528,2026-08-13 05:41:41.421695,13/08/26,5:41:41
21791,0.17,21.791,165.20581891606628,12879762319,2026-08-13 05:42:03.212695,13/08/26,5:42:3
21907,0.16,21.907,164.33103574200027,12879784226,2026-08-13 05:42:25.119695,13/08/26,5:42:25
21897,0.16,21.897,164.40608302507192,12879806123,2026-08-13 05:42:47.016695,13/08/26,5:42:47
21998,0.16,21.998,163.6512410219111,12879828121,2026-08-13 05:43:09.014695,13/08/26,5:43:9
22088,0.16,22.088,162.98442593263312,12879850209,2026-08-13 05:43:31.102695,13/08/26,5:43:31
22180,0.16,22.18,162.30838593327323,12879872389,2026-08-13 05:43:53.282695,13/08/26,5:43:53
22224,0.16,22.224,161.98704103671707,12879894613,2026-08-13 05:44:15.506695,13/08/26,5:44:15
22245,0.16,22.245,161.83412002697236,12879916858,2026-08-13 05:44:37.751695,13/08/26,5:44:37
22154,0.16,22.154,162.49887153561434,12879939012,2026-08-13 05:44:59.905695,13/08/26,5:44:59
32276,0.11,32.276,111.5379848804065,12879971288,2026-08-13 05:45:32.181695,13/08/26,5:45:32
39015,0.09,39.015,92.2722029988466,12880010303,2026-08-13 05:46:11.196695,13/08/26,5:46:11
39015,0.09,39.015,92.2722029988466,12880049318,2026-08-13 05:46:50.211695,13/08/26,5:46:50
39266,0.09,39.266,91.68237151734324,12880088584,2026-08-13 05:47:29.477695,13/08/26,5:47:29
39451,0.09,39.451,91.25243973536793,12880128035,2026-08-13 05:48:08.928695,13/08/26,5:48:8
39123,0.09,39.123,92.01748332183115,12880167158,2026-08-13 05:48:48.051695,13/08/26,5:48:48
39329,0.09,39.329,91.53550814920288,12880206487,2026-08-13 05:49:27.380695,13/08/26,5:49:27
38916,0.09,38.916,92.50693802035153,12880245403,2026-08-13 05:50:06.296695,13/08/26,5:50:6
39399,0.09,39.399,91.3728774842001,12880284802,2026-08-13 05:50:45.695695,13/08/26,5:50:45
39071,0.09,39.071,92.13995034680454,12880323873,2026-08-13 05:51:24.766695,13/08/26,5:51:24
39543,0.09,39.543,91.04013352552917,12880363416,2026-08-13 05:52:04.309695,13/08/26,5:52:4
39095,0.09,39.095,92.08338662233022,12880402511,2026-08-13 05:52:43.404695,13/08/26,5:52:43
39277,0.09,39.277,91.65669475774627,12880441788,2026-08-13 05:53:22.681695,13/08/26,5:53:22
39263,0.09,39.263,91.68937676693069,12880481051,2026-08-13 05:54:01.944695,13/08/26,5:54:1
39116,0.09,39.116,92.03395030166683,12880520167,2026-08-13 05:54:41.060695,13/08/26,5:54:41
39563,0.09,39.563,90.99411065894901,12880559730,2026-08-13 05:55:20.623695,13/08/26,5:55:20
38980,0.09,38.98,92.35505387378143,12880598710,2026-08-13 05:55:59.603695,13/08/26,5:55:59
38915,0.09,38.915,92.5093151740974,12880637625,2026-08-13 05:56:38.518695,13/08/26,5:56:38
38986,0.09,38.986,92.34084030164675,12880676611,2026-08-13 05:57:17.504695,13/08/26,5:57:17
39038,0.09,39.038,92.21783902863876,12880715649,2026-08-13 05:57:56.542695,13/08/26,5:57:56
39229,0.09,39.229,91.76884447729995,12880754878,2026-08-13 05:58:35.771695,13/08/26,5:58:35
39350,0.09,39.35,91.4866581956798,12880794228,2026-08-13 05:59:15.121695,13/08/26,5:59:15
39128,0.09,39.128,92.00572480065426,12880833356,2026-08-13 05:59:54.249695,13/08/26,5:59:54
39367,0.09,39.367,91.44715116722128,12880872723,2026-08-13 06:00:33.616695,13/08/26,6:0:33
37797,0.09,37.797,95.24565441701722,12880910520,2026-08-13 06:01:11.413695,13/08/26,6:1:11
38115,0.09,38.115,94.45100354191263,12880948635,2026-08-13 06:01:49.528695,13/08/26,6:1:49
38126,0.09,38.126,94.42375281959818,12880986761,2026-08-13 06:02:27.654695,13/08/26,6:2:27
38454,0.09,38.454,93.61834919644251,12881025215,2026-08-13 06:03:06.108695,13/08/26,6:3:6
38513,0.09,38.513,93.47493054293355,12881063728,2026-08-13 06:03:44.621695,13/08/26,6:3:44
38407,0.09,38.407,93.7329132710183,12881102135,2026-08-13 06:04:23.028695,13/08/26,6:4:23
38498,0.09,38.498,93.5113512390254,12881140633,2026-08-13 06:05:01.526695,13/08/26,6:5:1
38378,0.09,38.378,93.80374172703111,12881179011,2026-08-13 06:05:39.904695,13/08/26,6:5:39
38916,0.09,38.916,92.50693802035153,12881217927,2026-08-13 06:06:18.820695,13/08/26,6:6:18
38757,0.09,38.757,92.88644631937457,12881256684,2026-08-13 06:06:57.577695,13/08/26,6:6:57
38996,0.09,38.996,92.3171607344343,12881295680,2026-08-13 06:07:36.573695,13/08/26,6:7:36
38094,0.09,38.094,94.50307134981887,12881333774,2026-08-13 06:08:14.667695,13/08/26,6:8:14
37968,0.09,37.968,94.81668773704172,12881371742,2026-08-13 06:08:52.635695,13/08/26,6:8:52
37975,0.09,37.975,94.79921000658328,12881409717,2026-08-13 06:09:30.610695,13/08/26,6:9:30
38146,0.09,38.146,94.37424631678289,12881447863,2026-08-13 06:10:08.756695,13/08/26,6:10:8
37929,0.09,37.929,94.91418176065807,12881485792,2026-08-13 06:10:46.685695,13/08/26,6:10:46
37266,0.1,37.266,96.60280148124295,12881523058,2026-08-13 06:11:23.951695,13/08/26,6:11:23
36715,0.1,36.715,98.05256707067956,12881559773,2026-08-13 06:12:00.666695,13/08/26,6:12:0
36388,0.1,36.388,98.9337144113444,12881596161,2026-08-13 06:12:37.054695,13/08/26,6:12:37
37019,0.1,37.019,97.247359464059,12881633180,2026-08-13 06:13:14.073695,13/08/26,6:13:14
36647,0.1,36.647,98.23450759953066,12881669827,2026-08-13 06:13:50.720695,13/08/26,6:13:50
36902,0.1,36.902,97.5556880385887,12881706729,2026-08-13 06:14:27.622695,13/08/26,6:14:27
37020,0.1,37.02,97.24473257698541,12881743749,2026-08-13 06:15:04.642695,13/08/26,6:15:4
36588,0.1,36.588,98.39291571006888,12881780337,2026-08-13 06:15:41.230695,13/08/26,6:15:41
37047,0.1,37.047,97.1738602315977,12881817384,2026-08-13 06:16:18.277695,13/08/26,6:16:18
23706,0.15,23.706,151.8602885345482,12881841090,2026-08-13 06:16:41.983695,13/08/26,6:16:41
20321,0.18,20.321,177.1566359923232,12881861411,2026-08-13 06:17:02.304695,13/08/26,6:17:2
20119,0.18,20.119,178.9353347581888,12881881530,2026-08-13 06:17:22.423695,13/08/26,6:17:22
20172,0.18,20.172,178.4651992861392,12881901702,2026-08-13 06:17:42.595695,13/08/26,6:17:42
20267,0.18,20.267,177.62865742339764,12881921969,2026-08-13 06:18:02.862695,13/08/26,6:18:2
20420,0.18,20.42,176.2977473065622,12881942389,2026-08-13 06:18:23.282695,13/08/26,6:18:23
20547,0.17,20.547,175.20805957074026,12881962936,2026-08-13 06:18:43.829695,13/08/26,6:18:43
20570,0.17,20.57,175.01215362177928,12881983506,2026-08-13 06:19:04.399695,13/08/26,6:19:4
20687,0.17,20.687,174.02233286605113,12882004193,2026-08-13 06:19:25.086695,13/08/26,6:19:25
20744,0.17,20.744,173.54415734670266,12882024937,2026-08-13 06:19:45.830695,13/08/26,6:19:45
21011,0.17,21.011,171.33882252153634,12882045948,2026-08-13 06:20:06.841695,13/08/26,6:20:6
20777,0.17,20.777,173.26851807286903,12882066725,2026-08-13 06:20:27.618695,13/08/26,6:20:27
20920,0.17,20.92,172.08413001912047,12882087645,2026-08-13 06:20:48.538695,13/08/26,6:20:48
20952,0.17,20.952,171.82130584192439,12882108597,2026-08-13 06:21:09.490695,13/08/26,6:21:9
21171,0.17,21.171,170.04392801473713,12882129768,2026-08-13 06:21:30.661695,13/08/26,6:21:30
21386,0.17,21.386,168.3344243897877,12882151154,2026-08-13 06:21:52.047695,13/08/26,6:21:52
21375,0.17,21.375,168.42105263157896,12882172529,2026-08-13 06:22:13.422695,13/08/26,6:22:13
21478,0.17,21.478,167.61337182232984,12882194007,2026-08-13 06:22:34.900695,13/08/26,6:22:34
21320,0.17,21.32,168.85553470919325,12882215327,2026-08-13 06:22:56.220695,13/08/26,6:22:56
21455,0.17,21.455,167.7930552318807,12882236782,2026-08-13 06:23:17.675695,13/08/26,6:23:17
21475,0.17,21.475,167.63678696158323,12882258257,2026-08-13 06:23:39.150695,13/08/26,6:23:39
21425,0.17,21.425,168.02800466744458,12882279682,2026-08-13 06:24:00.575695,13/08/26,6:24:0
21637,0.17,21.637,166.38166104358274,12882301319,2026-08-13 06:24:22.212695,13/08/26,6:24:22
29677,0.12,29.677,121.30606193348385,12882330996,2026-08-13 06:24:51.889695,13/08/26,6:24:51
37754,0.09,37.754,95.35413466122795,12882368750,2026-08-13 06:25:29.643695,13/08/26,6:25:29
37900,0.09,37.9,94.9868073878628,12882406650,2026-08-13 06:26:07.543695,13/08/26,6:26:7
37784,0.09,37.784,95.27842473004446,12882444434,2026-08-13 06:26:45.327695,13/08/26,6:26:45
37779,0.09,37.779,95.29103470181848,12882482213,2026-08-13 06:27:23.106695,13/08/26,6:27:23
37490,0.1,37.49,96.0256068284876,12882519703,2026-08-13 06:28:00.596695,13/08/26,6:28:0
37839,0.09,37.839,95.13993498771109,12882557542,2026-08-13 06:28:38.435695,13/08/26,6:28:38
37525,0.09,37.525,95.93604263824118,12882595067,2026-08-13 06:29:15.960695,13/08/26,6:29:15
37196,0.1,37.196,96.78460049467685,12882632263,2026-08-13 06:29:53.156695,13/08/26,6:29:53
37245,0.1,37.245,96.65726943213855,12882669508,2026-08-13 06:30:30.401695,13/08/26,6:30:30
37179,0.1,37.179,96.82885499878964,12882706687,2026-08-13 06:31:07.580695,13/08/26,6:31:7
37590,0.09,37.59,95.77015163607342,12882744277,2026-08-13 06:31:45.170695,13/08/26,6:31:45
38041,0.09,38.041,94.63473620567282,12882782318,2026-08-13 06:32:23.211695,13/08/26,6:32:23
37788,0.09,37.788,95.26833915528739,12882820106,2026-08-13 06:33:00.999695,13/08/26,6:33:0
38255,0.09,38.255,94.1053457064436,12882858361,2026-08-13 06:33:39.254695,13/08/26,6:33:39
38101,0.09,38.101,94.48570903650823,12882896462,2026-08-13 06:34:17.355695,13/08/26,6:34:17
38176,0.09,38.176,94.30008382229673,12882934638,2026-08-13 06:34:55.531695,13/08/26,6:34:55
39352,0.09,39.352,91.4820085383208,12882973990,2026-08-13 06:35:34.883695,13/08/26,6:35:34
39621,0.09,39.621,90.86090709472249,12883013611,2026-08-13 06:36:14.504695,13/08/26,6:36:14
39726,0.09,39.726,90.62075215224286,12883053337,2026-08-13 06:36:54.230695,13/08/26,6:36:54
39735,0.09,39.735,90.60022650056625,12883093072,2026-08-13 06:37:33.965695,13/08/26,6:37:33
39786,0.09,39.786,90.48408988086261,12883132858,2026-08-13 06:38:13.751695,13/08/26,6:38:13
39683,0.09,39.683,90.71894766020714,12883172541,2026-08-13 06:38:53.434695,13/08/26,6:38:53
39640,0.09,39.64,90.81735620585268,12883212181,2026-08-13 06:39:33.074695,13/08/26,6:39:33
39851,0.09,39.851,90.33650347544604,12883252032,2026-08-13 06:40:12.925695,13/08/26,6:40:12
39660,0.09,39.66,90.77155824508321,12883291692,2026-08-13 06:40:52.585695,13/08/26,6:40:52
39189,0.09,39.189,91.86251243971523,12883330881,2026-08-13 06:41:31.774695,13/08/26,6:41:31
39623,0.09,39.623,90.85632082376398,12883370504,2026-08-13 06:42:11.397695,13/08/26,6:42:11
39991,0.09,39.991,90.0202545572754,12883410495,2026-08-13 06:42:51.388695,13/08/26,6:42:51
39742,0.09,39.742,90.5842685320316,12883450237,2026-08-13 06:43:31.130695,13/08/26,6:43:31
40036,0.09,40.036,89.919072834449,12883490273,2026-08-13 06:44:11.166695,13/08/26,6:44:11
39922,0.09,39.922,90.17584289364261,12883530195,2026-08-13 06:44:51.088695,13/08/26,6:44:51
39976,0.09,39.976,90.05403241945167,12883570171,2026-08-13 06:45:31.064695,13/08/26,6:45:31
40320,0.09,40.32,89.28571428571429,12883610491,2026-08-13 06:46:11.384695,13/08/26,6:46:11
40177,0.09,40.177,89.60350449262016,12883650668,2026-08-13 06:46:51.561695,13/08/26,6:46:51
39960,0.09,39.96,90.09009009009009,12883690628,2026-08-13 06:47:31.521695,13/08/26,6:47:31
40268,0.09,40.268,89.40101321148306,12883730896,2026-08-13 06:48:11.789695,13/08/26,6:48:11
39842,0.09,39.842,90.35690979368506,12883770738,2026-08-13 06:48:51.631695,13/08/26,6:48:51
39938,0.09,39.938,90.13971656066904,12883810676,2026-08-13 06:49:31.569695,13/08/26,6:49:31
40173,0.09,40.173,89.6124262564409,12883850849,2026-08-13 06:50:11.742695,13/08/26,6:50:11
39987,0.09,39.987,90.02925950934053,12883890836,2026-08-13 06:50:51.729695,13/08/26,6:50:51
39844,0.09,39.844,90.35237425961249,12883930680,2026-08-13 06:51:31.573695,13/08/26,6:51:31
40230,0.09,40.23,89.48545861297539,12883970910,2026-08-13 06:52:11.803695,13/08/26,6:52:11
40435,0.09,40.435,89.03177939903549,12884011345,2026-08-13 06:52:52.238695,13/08/26,6:52:52
40219,0.09,40.219,89.50993311618886,12884051564,2026-08-13 06:53:32.457695,13/08/26,6:53:32
40135,0.09,40.135,89.69727170798555,12884091699,2026-08-13 06:54:12.592695,13/08/26,6:54:12
40170,0.09,40.17,89.61911874533234,12884131869,2026-08-13 06:54:52.762695,13/08/26,6:54:52
40429,0.09,40.429,89.04499245591036,12884172298,2026-08-13 06:55:33.191695,13/08/26,6:55:33
26312,0.14,26.312,136.81970203709335,12884198610,2026-08-13 06:55:59.503695,13/08/26,6:55:59
20843,0.17,20.843,172.71985798589455,12884219453,2026-08-13 06:56:20.346695,13/08/26,6:56:20
20763,0.17,20.763,173.38534893801474,12884240216,2026-08-13 06:56:41.109695,13/08/26,6:56:41
20885,0.17,20.885,172.37251615992338,12884261101,2026-08-13 06:57:01.994695,13/08/26,6:57:1
20640,0.17,20.64,174.41860465116278,12884281741,2026-08-13 06:57:22.634695,13/08/26,6:57:22
21009,0.17,21.009,171.3551335142082,12884302750,2026-08-13 06:57:43.643695,13/08/26,6:57:43
21216,0.17,21.216,169.68325791855204,12884323966,2026-08-13 06:58:04.859695,13/08/26,6:58:4
21308,0.17,21.308,168.95062887178526,12884345274,2026-08-13 06:58:26.167695,13/08/26,6:58:26
21562,0.17,21.562,166.96039328448197,12884366836,2026-08-13 06:58:47.729695,13/08/26,6:58:47
21648,0.17,21.648,166.29711751662973,12884388484,2026-08-13 06:59:09.377695,13/08/26,6:59:9
21633,0.17,21.633,166.4124254611011,12884410117,2026-08-13 06:59:31.010695,13/08/26,6:59:31
21578,0.17,21.578,166.8365928260265,12884431695,2026-08-13 06:59:52.588695,13/08/26,6:59:52
21858,0.16,21.858,164.69942355201758,12884453553,2026-08-13 07:00:14.446695,13/08/26,7:0:14
22023,0.16,22.023,163.46546791990193,12884475576,2026-08-13 07:00:36.469695,13/08/26,7:0:36
21146,0.17,21.146,170.2449635864939,12884496722,2026-08-13 07:00:57.615695,13/08/26,7:0:57
21806,0.17,21.806,165.09217646519306,12884518528,2026-08-13 07:01:19.421695,13/08/26,7:1:19
21872,0.16,21.872,164.5940014630578,12884540400,2026-08-13 07:01:41.293695,13/08/26,7:1:41
22067,0.16,22.067,163.1395296143563,12884562467,2026-08-13 07:02:03.360695,13/08/26,7:2:3
22107,0.16,22.107,162.84434794409012,12884584574,2026-08-13 07:02:25.467695,13/08/26,7:2:25
22158,0.16,22.158,162.46953696181967,12884606732,2026-08-13 07:02:47.625695,13/08/26,7:2:47
22073,0.16,22.073,163.09518416164545,12884628805,2026-08-13 07:03:09.698695,13/08/26,7:3:9
21996,0.16,21.996,163.66612111292963,12884650801,2026-08-13 07:03:31.694695,13/08/26,7:3:31
27290,0.13,27.29,131.916452913155,12884678091,2026-08-13 07:03:58.984695,13/08/26,7:3:58
39028,0.09,39.028,92.24146766424106,12884717119,2026-08-13 07:04:38.012695,13/08/26,7:4:38
39203,0.09,39.203,91.82970691018545,12884756322,2026-08-13 07:05:17.215695,13/08/26,7:5:17
39208,0.09,39.208,91.81799632728014,12884795530,2026-08-13 07:05:56.423695,13/08/26,7:5:56
38957,0.09,38.957,92.40957979310522,12884834487,2026-08-13 07:06:35.380695,13/08/26,7:6:35
39379,0.09,39.379,91.41928439015719,12884873866,2026-08-13 07:07:14.759695,13/08/26,7:7:14
39515,0.09,39.515,91.10464380614957,12884913381,2026-08-13 07:07:54.274695,13/08/26,7:7:54
38151,0.09,38.151,94.36187780136825,12884951532,2026-08-13 07:08:32.425695,13/08/26,7:8:32
38672,0.09,38.672,93.09060819197352,12884990204,2026-08-13 07:09:11.097695,13/08/26,7:9:11
38608,0.09,38.608,93.24492333195192,12885028812,2026-08-13 07:09:49.705695,13/08/26,7:9:49
38532,0.09,38.532,93.42883836810962,12885067344,2026-08-13 07:10:28.237695,13/08/26,7:10:28
38499,0.09,38.499,93.50892230967038,12885105843,2026-08-13 07:11:06.736695,13/08/26,7:11:6
38805,0.09,38.805,92.77155005798222,12885144648,2026-08-13 07:11:45.541695,13/08/26,7:11:45
39161,0.09,39.161,91.92819386634662,12885183809,2026-08-13 07:12:24.702695,13/08/26,7:12:24
39185,0.09,39.185,91.87188975373229,12885222994,2026-08-13 07:13:03.887695,13/08/26,7:13:3
38999,0.09,38.999,92.31005923228801,12885261993,2026-08-13 07:13:42.886695,13/08/26,7:13:42
39389,0.09,39.389,91.39607504633273,12885301382,2026-08-13 07:14:22.275695,13/08/26,7:14:22
39721,0.09,39.721,90.6321593111956,12885341103,2026-08-13 07:15:01.996695,13/08/26,7:15:1
39542,0.09,39.542,91.0424358909514,12885380645,2026-08-13 07:15:41.538695,13/08/26,7:15:41
39896,0.09,39.896,90.2346099859635,12885420541,2026-08-13 07:16:21.434695,13/08/26,7:16:21
39847,0.09,39.847,90.34557181218159,12885460388,2026-08-13 07:17:01.281695,13/08/26,7:17:1
39729,0.09,39.729,90.61390923506758,12885500117,2026-08-13 07:17:41.010695,13/08/26,7:17:41
40092,0.09,40.092,89.79347500748278,12885540209,2026-08-13 07:18:21.102695,13/08/26,7:18:21
40408,0.09,40.408,89.09126905563255,12885580617,2026-08-13 07:19:01.510695,13/08/26,7:19:1
40578,0.09,40.578,88.71802454532012,12885621195,2026-08-13 07:19:42.088695,13/08/26,7:19:42
40636,0.09,40.636,88.59139679102275,12885661831,2026-08-13 07:20:22.724695,13/08/26,7:20:22
40386,0.09,40.386,89.13980092111127,12885702217,2026-08-13 07:21:03.110695,13/08/26,7:21:3
40239,0.09,40.239,89.46544397226572,12885742456,2026-08-13 07:21:43.349695,13/08/26,7:21:43
39669,0.09,39.669,90.75096422899493,12885782125,2026-08-13 07:22:23.018695,13/08/26,7:22:23
39809,0.09,39.809,90.43181190183124,12885821934,2026-08-13 07:23:02.827695,13/08/26,7:23:2
39796,0.09,39.796,90.46135289978892,12885861730,2026-08-13 07:23:42.623695,13/08/26,7:23:42
39852,0.09,39.852,90.3342366757001,12885901582,2026-08-13 07:24:22.475695,13/08/26,7:24:22
39225,0.09,39.225,91.77820267686424,12885940807,2026-08-13 07:25:01.700695,13/08/26,7:25:1
39873,0.09,39.873,90.28666014596344,12885980680,2026-08-13 07:25:41.573695,13/08/26,7:25:41
40086,0.09,40.086,89.8069151324652,12886020766,2026-08-13 07:26:21.659695,13/08/26,7:26:21
40526,0.09,40.526,88.83186102748853,12886061292,2026-08-13 07:27:02.185695,13/08/26,7:27:2
40508,0.09,40.508,88.87133405747014,12886101800,2026-08-13 07:27:42.693695,13/08/26,7:27:42
39748,0.09,39.748,90.5705947469055,12886141548,2026-08-13 07:28:22.441695,13/08/26,7:28:22
40089,0.09,40.089,89.80019456708823,12886181637,2026-08-13 07:29:02.530695,13/08/26,7:29:2
40107,0.09,40.107,89.75989228812925,12886221744,2026-08-13 07:29:42.637695,13/08/26,7:29:42
40357,0.09,40.357,89.20385558886935,12886262101,2026-08-13 07:30:22.994695,13/08/26,7:30:22
40181,0.09,40.181,89.59458450511436,12886302282,2026-08-13 07:31:03.175695,13/08/26,7:31:3
40366,0.09,40.366,89.18396670465243,12886342648,2026-08-13 07:31:43.541695,13/08/26,7:31:43
39973,0.09,39.973,90.06079103394792,12886382621,2026-08-13 07:32:23.514695,13/08/26,7:32:23
39920,0.09,39.92,90.18036072144288,12886422541,2026-08-13 07:33:03.434695,13/08/26,7:33:3
40032,0.09,40.032,89.92805755395683,12886462573,2026-08-13 07:33:43.466695,13/08/26,7:33:43
40292,0.09,40.292,89.34776134220192,12886502865,2026-08-13 07:34:23.758695,13/08/26,7:34:23
40263,0.09,40.263,89.41211534162879,12886543128,2026-08-13 07:35:04.021695,13/08/26,7:35:4
22075,0.16,22.075,163.08040770101925,12886565203,2026-08-13 07:35:26.096695,13/08/26,7:35:26
20814,0.17,20.814,172.96050735082156,12886586017,2026-08-13 07:35:46.910695,13/08/26,7:35:46
20785,0.17,20.785,173.20182824152033,12886606802,2026-08-13 07:36:07.695695,13/08/26,7:36:7
20712,0.17,20.712,173.81228273464657,12886627514,2026-08-13 07:36:28.407695,13/08/26,7:36:28
20971,0.17,20.971,171.6656334938725,12886648485,2026-08-13 07:36:49.378695,13/08/26,7:36:49
21125,0.17,21.125,170.41420118343194,12886669610,2026-08-13 07:37:10.503695,13/08/26,7:37:10
21349,0.17,21.349,168.62616515996066,12886690959,2026-08-13 07:37:31.852695,13/08/26,7:37:31
21486,0.17,21.486,167.55096341803966,12886712445,2026-08-13 07:37:53.338695,13/08/26,7:37:53
21589,0.17,21.589,166.75158645606558,12886734034,2026-08-13 07:38:14.927695,13/08/26,7:38:14
21700,0.17,21.7,165.89861751152074,12886755734,2026-08-13 07:38:36.627695,13/08/26,7:38:36
21804,0.17,21.804,165.1073197578426,12886777538,2026-08-13 07:38:58.431695,13/08/26,7:38:58
21717,0.17,21.717,165.76875259013676,12886799255,2026-08-13 07:39:20.148695,13/08/26,7:39:20
21857,0.16,21.857,164.70695886901223,12886821112,2026-08-13 07:39:42.005695,13/08/26,7:39:42
22008,0.16,22.008,163.57688113413303,12886843120,2026-08-13 07:40:04.013695,13/08/26,7:40:4
21978,0.16,21.978,163.8001638001638,12886865098,2026-08-13 07:40:25.991695,13/08/26,7:40:25
22122,0.16,22.122,162.73393002441009,12886887220,2026-08-13 07:40:48.113695,13/08/26,7:40:48
22206,0.16,22.206,162.11834639286678,12886909426,2026-08-13 07:41:10.319695,13/08/26,7:41:10
22288,0.16,22.288,161.5218951902369,12886931714,2026-08-13 07:41:32.607695,13/08/26,7:41:32
22339,0.16,22.339,161.1531402479968,12886954053,2026-08-13 07:41:54.946695,13/08/26,7:41:54
22435,0.16,22.435,160.46356139959883,12886976488,2026-08-13 07:42:17.381695,13/08/26,7:42:17
22522,0.16,22.522,159.84370837403426,12886999010,2026-08-13 07:42:39.903695,13/08/26,7:42:39
31012,0.12,31.012,116.08409647878241,12887030022,2026-08-13 07:43:10.915695,13/08/26,7:43:10
40389,0.09,40.389,89.1331798261903,12887070411,2026-08-13 07:43:51.304695,13/08/26,7:43:51
40156,0.09,40.156,89.65036358203008,12887110567,2026-08-13 07:44:31.460695,13/08/26,7:44:31
40158,0.09,40.158,89.64589870013447,12887150725,2026-08-13 07:45:11.618695,13/08/26,7:45:11
40334,0.09,40.334,89.25472306242872,12887191059,2026-08-13 07:45:51.952695,13/08/26,7:45:51
40425,0.09,40.425,89.05380333951763,12887231484,2026-08-13 07:46:32.377695,13/08/26,7:46:32
39796,0.09,39.796,90.46135289978892,12887271280,2026-08-13 07:47:12.173695,13/08/26,7:47:12
39888,0.09,39.888,90.25270758122744,12887311168,2026-08-13 07:47:52.061695,13/08/26,7:47:52
39899,0.09,39.899,90.22782525877841,12887351067,2026-08-13 07:48:31.960695,13/08/26,7:48:31
40207,0.09,40.207,89.53664784738976,12887391274,2026-08-13 07:49:12.167695,13/08/26,7:49:12
40324,0.09,40.324,89.2768574546176,12887431598,2026-08-13 07:49:52.491695,13/08/26,7:49:52
40258,0.09,40.258,89.4232202295196,12887471856,2026-08-13 07:50:32.749695,13/08/26,7:50:32
40484,0.09,40.484,88.92401936567533,12887512340,2026-08-13 07:51:13.233695,13/08/26,7:51:13
40268,0.09,40.268,89.40101321148306,12887552608,2026-08-13 07:51:53.501695,13/08/26,7:51:53
40087,0.09,40.087,89.80467483223988,12887592695,2026-08-13 07:52:33.588695,13/08/26,7:52:33
38986,0.09,38.986,92.34084030164675,12887631681,2026-08-13 07:53:12.574695,13/08/26,7:53:12
38381,0.09,38.381,93.79640968187384,12887670062,2026-08-13 07:53:50.955695,13/08/26,7:53:50
38959,0.09,38.959,92.4048358530763,12887709021,2026-08-13 07:54:29.914695,13/08/26,7:54:29
39135,0.09,39.135,91.98926791874281,12887748156,2026-08-13 07:55:09.049695,13/08/26,7:55:9
39161,0.09,39.161,91.92819386634662,12887787317,2026-08-13 07:55:48.210695,13/08/26,7:55:48
38831,0.09,38.831,92.70943318482655,12887826148,2026-08-13 07:56:27.041695,13/08/26,7:56:27
38802,0.09,38.802,92.7787227462502,12887864950,2026-08-13 07:57:05.843695,13/08/26,7:57:5
38948,0.09,38.948,92.43093355242888,12887903898,2026-08-13 07:57:44.791695,13/08/26,7:57:44
39244,0.09,39.244,91.73376821934563,12887943142,2026-08-13 07:58:24.035695,13/08/26,7:58:24
39118,0.09,39.118,92.02924484891865,12887982260,2026-08-13 07:59:03.153695,13/08/26,7:59:3
39183,0.09,39.183,91.87657912870378,12888021443,2026-08-13 07:59:42.336695,13/08/26,7:59:42
38522,0.09,38.522,93.45309173978505,12888059965,2026-08-13 08:00:20.858695,13/08/26,8:0:20
37249,0.1,37.249,96.64688984939193,12888097214,2026-08-13 08:00:58.107695,13/08/26,8:0:58
37547,0.09,37.547,95.87983061229926,12888134761,2026-08-13 08:01:35.654695,13/08/26,8:1:35
37703,0.09,37.703,95.48311805426624,12888172464,2026-08-13 08:02:13.357695,13/08/26,8:2:13
38177,0.09,38.177,94.29761374649658,12888210641,2026-08-13 08:02:51.534695,13/08/26,8:2:51
38277,0.09,38.277,94.05125793557488,12888248918,2026-08-13 08:03:29.811695,13/08/26,8:3:29
38145,0.09,38.145,94.3767204089658,12888287063,2026-08-13 08:04:07.956695,13/08/26,8:4:7
38791,0.09,38.791,92.8050320950736,12888325854,2026-08-13 08:04:46.747695,13/08/26,8:4:46
39316,0.09,39.316,91.56577474819412,12888365170,2026-08-13 08:05:26.063695,13/08/26,8:5:26
39682,0.09,39.682,90.7212338087798,12888404852,2026-08-13 08:06:05.745695,13/08/26,8:6:5
39028,0.09,39.028,92.24146766424106,12888443880,2026-08-13 08:06:44.773695,13/08/26,8:6:44
38653,0.09,38.653,93.13636716425633,12888482533,2026-08-13 08:07:23.426695,13/08/26,8:7:23
39163,0.09,39.163,91.92349922120368,12888521696,2026-08-13 08:08:02.589695,13/08/26,8:8:2
38508,0.09,38.508,93.48706762231225,12888560204,2026-08-13 08:08:41.097695,13/08/26,8:8:41
38553,0.09,38.553,93.37794724145981,12888598757,2026-08-13 08:09:19.650695,13/08/26,8:9:19
38520,0.09,38.52,93.45794392523365,12888637277,2026-08-13 08:09:58.170695,13/08/26,8:9:58
38648,0.09,38.648,93.14841647691989,12888675925,2026-08-13 08:10:36.818695,13/08/26,8:10:36
38806,0.09,38.806,92.76915940833892,12888714731,2026-08-13 08:11:15.624695,13/08/26,8:11:15
39543,0.09,39.543,91.04013352552917,12888754274,2026-08-13 08:11:55.167695,13/08/26,8:11:55
39642,0.09,39.642,90.81277433025579,12888793916,2026-08-13 08:12:34.809695,13/08/26,8:12:34
39581,0.09,39.581,90.9527298451277,12888833497,2026-08-13 08:13:14.390695,13/08/26,8:13:14
39704,0.09,39.704,90.67096514205117,12888873201,2026-08-13 08:13:54.094695,13/08/26,8:13:54
26448,0.14,26.448,136.11615245009074,12888899649,2026-08-13 08:14:20.542695,13/08/26,8:14:20
20673,0.17,20.673,174.140182847192,12888920322,2026-08-13 08:14:41.215695,13/08/26,8:14:41
20420,0.18,20.42,176.2977473065622,12888940742,2026-08-13 08:15:01.635695,13/08/26,8:15:1
20583,0.17,20.583,174.901617839965,12888961325,2026-08-13 08:15:22.218695,13/08/26,8:15:22
20726,0.17,20.726,173.69487600115798,12888982051,2026-08-13 08:15:42.944695,13/08/26,8:15:42
20793,0.17,20.793,173.13518972731208,12889002844,2026-08-13 08:16:03.737695,13/08/26,8:16:3
21268,0.17,21.268,169.26838442730863,12889024112,2026-08-13 08:16:25.005695,13/08/26,8:16:25
21322,0.17,21.322,168.83969608854704,12889045434,2026-08-13 08:16:46.327695,13/08/26,8:16:46
21467,0.17,21.467,167.6992593282713,12889066901,2026-08-13 08:17:07.794695,13/08/26,8:17:7
21703,0.17,21.703,165.8756853891167,12889088604,2026-08-13 08:17:29.497695,13/08/26,8:17:29
21579,0.17,21.579,166.828861393021,12889110183,2026-08-13 08:17:51.076695,13/08/26,8:17:51
21275,0.17,21.275,169.2126909518214,12889131458,2026-08-13 08:18:12.351695,13/08/26,8:18:12
21468,0.17,21.468,167.69144773616546,12889152926,2026-08-13 08:18:33.819695,13/08/26,8:18:33
21625,0.17,21.625,166.47398843930637,12889174551,2026-08-13 08:18:55.444695,13/08/26,8:18:55
21694,0.17,21.694,165.9445007836268,12889196245,2026-08-13 08:19:17.138695,13/08/26,8:19:17
21771,0.17,21.771,165.35758577924761,12889218016,2026-08-13 08:19:38.909695,13/08/26,8:19:38
21862,0.16,21.862,164.66928917756837,12889239878,2026-08-13 08:20:00.771695,13/08/26,8:20:0
21941,0.16,21.941,164.07638667335127,12889261819,2026-08-13 08:20:22.712695,13/08/26,8:20:22
21822,0.16,21.822,164.97113005224085,12889283641,2026-08-13 08:20:44.534695,13/08/26,8:20:44
21933,0.16,21.933,164.13623307345097,12889305574,2026-08-13 08:21:06.467695,13/08/26,8:21:6
21878,0.16,21.878,164.54886187037206,12889327452,2026-08-13 08:21:28.345695,13/08/26,8:21:28
22025,0.16,22.025,163.4506242905789,12889349477,2026-08-13 08:21:50.370695,13/08/26,8:21:50
21888,0.16,21.888,164.47368421052633,12889371365,2026-08-13 08:22:12.258695,13/08/26,8:22:12
37567,0.09,37.567,95.82878590252083,12889408932,2026-08-13 08:22:49.825695,13/08/26,8:22:49
38815,0.09,38.815,92.74764910472756,12889447747,2026-08-13 08:23:28.640695,13/08/26,8:23:28
38535,0.09,38.535,93.42156481121059,12889486282,2026-08-13 08:24:07.175695,13/08/26,8:24:7
39100,0.09,39.1,92.07161125319693,12889525382,2026-08-13 08:24:46.275695,13/08/26,8:24:46
39196,0.09,39.196,91.84610674558628,12889564578,2026-08-13 08:25:25.471695,13/08/26,8:25:25
39140,0.09,39.14,91.97751660705161,12889603718,2026-08-13 08:26:04.611695,13/08/26,8:26:4
39072,0.09,39.072,92.13759213759214,12889642790,2026-08-13 08:26:43.683695,13/08/26,8:26:43
38618,0.09,38.618,93.22077787560205,12889681408,2026-08-13 08:27:22.301695,13/08/26,8:27:22
38699,0.09,38.699,93.02565957776687,12889720107,2026-08-13 08:28:01.000695,13/08/26,8:28:1
38429,0.09,38.429,93.67925264773999,12889758536,2026-08-13 08:28:39.429695,13/08/26,8:28:39
38688,0.09,38.688,93.05210918114143,12889797224,2026-08-13 08:29:18.117695,13/08/26,8:29:18
39081,0.09,39.081,92.11637368542259,12889836305,2026-08-13 08:29:57.198695,13/08/26,8:29:57
38881,0.09,38.881,92.59021115712045,12889875186,2026-08-13 08:30:36.079695,13/08/26,8:30:36
38562,0.09,38.562,93.35615372646647,12889913748,2026-08-13 08:31:14.641695,13/08/26,8:31:14
38520,0.09,38.52,93.45794392523365,12889952268,2026-08-13 08:31:53.161695,13/08/26,8:31:53
38859,0.09,38.859,92.64263105072185,12889991127,2026-08-13 08:32:32.020695,13/08/26,8:32:32
39023,0.09,39.023,92.25328652333239,12890030150,2026-08-13 08:33:11.043695,13/08/26,8:33:11
38801,0.09,38.801,92.7811138888173,12890068951,2026-08-13 08:33:49.844695,13/08/26,8:33:49
38741,0.09,38.741,92.92480834258279,12890107692,2026-08-13 08:34:28.585695,13/08/26,8:34:28
38413,0.09,38.413,93.71827245984433,12890146105,2026-08-13 08:35:06.998695,13/08/26,8:35:6
38731,0.09,38.731,92.94880070227983,12890184836,2026-08-13 08:35:45.729695,13/08/26,8:35:45
38903,0.09,38.903,92.53785055137136,12890223739,2026-08-13 08:36:24.632695,13/08/26,8:36:24
38800,0.09,38.8,92.78350515463917,12890262539,2026-08-13 08:37:03.432695,13/08/26,8:37:3
38958,0.09,38.958,92.40720776220545,12890301497,2026-08-13 08:37:42.390695,13/08/26,8:37:42
38271,0.09,38.271,94.06600297875676,12890339768,2026-08-13 08:38:20.661695,13/08/26,8:38:20
38576,0.09,38.576,93.32227291580257,12890378344,2026-08-13 08:38:59.237695,13/08/26,8:38:59
38730,0.09,38.73,92.95120061967467,12890417074,2026-08-13 08:39:37.967695,13/08/26,8:39:37
38933,0.09,38.933,92.4665450902833,12890456007,2026-08-13 08:40:16.900695,13/08/26,8:40:16
39143,0.09,39.143,91.97046726106839,12890495150,2026-08-13 08:40:56.043695,13/08/26,8:40:56
40179,0.09,40.179,89.59904427686105,12890535329,2026-08-13 08:41:36.222695,13/08/26,8:41:36
39940,0.09,39.94,90.13520280420632,12890575269,2026-08-13 08:42:16.162695,13/08/26,8:42:16
40146,0.09,40.146,89.67269466447466,12890615415,2026-08-13 08:42:56.308695,13/08/26,8:42:56
39875,0.09,39.875,90.28213166144201,12890655290,2026-08-13 08:43:36.183695,13/08/26,8:43:36
40221,0.09,40.221,89.50548221078542,12890695511,2026-08-13 08:44:16.404695,13/08/26,8:44:16
40551,0.09,40.551,88.77709550935859,12890736062,2026-08-13 08:44:56.955695,13/08/26,8:44:56
40068,0.09,40.068,89.84725965858041,12890776130,2026-08-13 08:45:37.023695,13/08/26,8:45:37
39616,0.09,39.616,90.87237479806139,12890815746,2026-08-13 08:46:16.639695,13/08/26,8:46:16
39944,0.09,39.944,90.12617664730622,12890855690,2026-08-13 08:46:56.583695,13/08/26,8:46:56
40560,0.09,40.56,88.75739644970415,12890896250,2026-08-13 08:47:37.143695,13/08/26,8:47:37
40485,0.09,40.485,88.9218228973694,12890936735,2026-08-13 08:48:17.628695,13/08/26,8:48:17
39966,0.09,39.966,90.07656508031828,12890976701,2026-08-13 08:48:57.594695,13/08/26,8:48:57
40388,0.09,40.388,89.13538674853918,12891017089,2026-08-13 08:49:37.982695,13/08/26,8:49:37
40483,0.09,40.483,88.92621594249438,12891057572,2026-08-13 08:50:18.465695,13/08/26,8:50:18
40334,0.09,40.334,89.25472306242872,12891097906,2026-08-13 08:50:58.799695,13/08/26,8:50:58
40072,0.09,40.072,89.83829107606309,12891137978,2026-08-13 08:51:38.871695,13/08/26,8:51:38
39539,0.09,39.539,91.04934368598093,12891177517,2026-08-13 08:52:18.410695,13/08/26,8:52:18
39668,0.09,39.668,90.7532519915297,12891217185,2026-08-13 08:52:58.078695,13/08/26,8:52:58
39840,0.09,39.84,90.36144578313252,12891257025,2026-08-13 08:53:37.918695,13/08/26,8:53:37
22353,0.16,22.353,161.05220775734801,12891279378,2026-08-13 08:54:00.271695,13/08/26,8:54:0
20794,0.17,20.794,173.12686351832258,12891300172,2026-08-13 08:54:21.065695,13/08/26,8:54:21
20697,0.17,20.697,173.9382519205682,12891320869,2026-08-13 08:54:41.762695,13/08/26,8:54:41
20692,0.17,20.692,173.98028223468006,12891341561,2026-08-13 08:55:02.454695,13/08/26,8:55:2
20905,0.17,20.905,172.20760583592443,12891362466,2026-08-13 08:55:23.359695,13/08/26,8:55:23
21147,0.17,21.147,170.23691303731025,12891383613,2026-08-13 08:55:44.506695,13/08/26,8:55:44
21370,0.17,21.37,168.46045858680392,12891404983,2026-08-13 08:56:05.876695,13/08/26,8:56:5
21518,0.17,21.518,167.3017938470118,12891426501,2026-08-13 08:56:27.394695,13/08/26,8:56:27
21699,0.17,21.699,165.9062629614268,12891448200,2026-08-13 08:56:49.093695,13/08/26,8:56:49
21814,0.17,21.814,165.03163106262033,12891470014,2026-08-13 08:57:10.907695,13/08/26,8:57:10
21909,0.16,21.909,164.31603450636726,12891491923,2026-08-13 08:57:32.816695,13/08/26,8:57:32
21634,0.17,21.634,166.40473329019136,12891513557,2026-08-13 08:57:54.450695,13/08/26,8:57:54
21825,0.16,21.825,164.94845360824743,12891535382,2026-08-13 08:58:16.275695,13/08/26,8:58:16
21921,0.16,21.921,164.22608457643355,12891557303,2026-08-13 08:58:38.196695,13/08/26,8:58:38
21905,0.16,21.905,164.3460397169596,12891579208,2026-08-13 08:59:00.101695,13/08/26,8:59:0
22158,0.16,22.158,162.46953696181967,12891601366,2026-08-13 08:59:22.259695,13/08/26,8:59:22
22015,0.16,22.015,163.52486940722235,12891623381,2026-08-13 08:59:44.274695,13/08/26,8:59:44
22308,0.16,22.308,161.37708445400753,12891645689,2026-08-13 09:00:06.582695,13/08/26,9:0:6
21900,0.16,21.9,164.3835616438356,12891667589,2026-08-13 09:00:28.482695,13/08/26,9:0:28
21921,0.16,21.921,164.22608457643355,12891689510,2026-08-13 09:00:50.403695,13/08/26,9:0:50
22175,0.16,22.175,162.34498308906427,12891711685,2026-08-13 09:01:12.578695,13/08/26,9:1:12
22135,0.16,22.135,162.63835554551616,12891733820,2026-08-13 09:01:34.713695,13/08/26,9:1:34
30521,0.12,30.521,117.95157432587399,12891764341,2026-08-13 09:02:05.234695,13/08/26,9:2:5
38728,0.09,38.728,92.95600082627556,12891803069,2026-08-13 09:02:43.962695,13/08/26,9:2:43
39226,0.09,39.226,91.77586294804466,12891842295,2026-08-13 09:03:23.188695,13/08/26,9:3:23
39328,0.09,39.328,91.53783563873067,12891881623,2026-08-13 09:04:02.516695,13/08/26,9:4:2
39627,0.09,39.627,90.84714967067909,12891921250,2026-08-13 09:04:42.143695,13/08/26,9:4:42
39640,0.09,39.64,90.81735620585268,12891960890,2026-08-13 09:05:21.783695,13/08/26,9:5:21
39598,0.09,39.598,90.91368250921764,12892000488,2026-08-13 09:06:01.381695,13/08/26,9:6:1
39527,0.09,39.527,91.07698535178486,12892040015,2026-08-13 09:06:40.908695,13/08/26,9:6:40
38973,0.09,38.973,92.37164190593488,12892078988,2026-08-13 09:07:19.881695,13/08/26,9:7:19
39591,0.09,39.591,90.92975676290065,12892118579,2026-08-13 09:07:59.472695,13/08/26,9:7:59
39314,0.09,39.314,91.57043292465788,12892157893,2026-08-13 09:08:38.786695,13/08/26,9:8:38
38190,0.09,38.19,94.26551453260015,12892196083,2026-08-13 09:09:16.976695,13/08/26,9:9:16
38263,0.09,38.263,94.08567022972585,12892234346,2026-08-13 09:09:55.239695,13/08/26,9:9:55
38236,0.09,38.236,94.1521079610838,12892272582,2026-08-13 09:10:33.475695,13/08/26,9:10:33
38698,0.09,38.698,93.02806346581218,12892311280,2026-08-13 09:11:12.173695,13/08/26,9:11:12
39191,0.09,39.191,91.85782450052308,12892350471,2026-08-13 09:11:51.364695,13/08/26,9:11:51
39026,0.09,39.026,92.24619484446266,12892389497,2026-08-13 09:12:30.390695,13/08/26,9:12:30
39280,0.09,39.28,91.64969450101833,12892428777,2026-08-13 09:13:09.670695,13/08/26,9:13:9
39082,0.09,39.082,92.1140166828719,12892467859,2026-08-13 09:13:48.752695,13/08/26,9:13:48
39467,0.09,39.467,91.21544581549142,12892507326,2026-08-13 09:14:28.219695,13/08/26,9:14:28
39405,0.09,39.405,91.35896459840122,12892546731,2026-08-13 09:15:07.624695,13/08/26,9:15:7
39576,0.09,39.576,90.96422073984233,12892586307,2026-08-13 09:15:47.200695,13/08/26,9:15:47
39187,0.09,39.187,91.8672008574272,12892625494,2026-08-13 09:16:26.387695,13/08/26,9:16:26
40234,0.09,40.234,89.47656211164687,12892665728,2026-08-13 09:17:06.621695,13/08/26,9:17:6
39224,0.09,39.224,91.7805425249847,12892704952,2026-08-13 09:17:45.845695,13/08/26,9:17:45
38323,0.09,38.323,93.93836599431151,12892743275,2026-08-13 09:18:24.168695,13/08/26,9:18:24
38057,0.09,38.057,94.59494968074205,12892781332,2026-08-13 09:19:02.225695,13/08/26,9:19:2
37956,0.09,37.956,94.84666455896301,12892819288,2026-08-13 09:19:40.181695,13/08/26,9:19:40
38160,0.09,38.16,94.33962264150944,12892857448,2026-08-13 09:20:18.341695,13/08/26,9:20:18
38515,0.09,38.515,93.47007659353498,12892895963,2026-08-13 09:20:56.856695,13/08/26,9:20:56
38432,0.09,38.432,93.67194004995837,12892934395,2026-08-13 09:21:35.288695,13/08/26,9:21:35
38473,0.09,38.473,93.57211550957814,12892972868,2026-08-13 09:22:13.761695,13/08/26,9:22:13
38513,0.09,38.513,93.47493054293355,12893011381,2026-08-13 09:22:52.274695,13/08/26,9:22:52
38433,0.09,38.433,93.66950277105613,12893049814,2026-08-13 09:23:30.707695,13/08/26,9:23:30
38301,0.09,38.301,93.99232396020992,12893088115,2026-08-13 09:24:09.008695,13/08/26,9:24:9
38501,0.09,38.501,93.50406482948495,12893126616,2026-08-13 09:24:47.509695,13/08/26,9:24:47
38569,0.09,38.569,93.33921024657108,12893165185,2026-08-13 09:25:26.078695,13/08/26,9:25:26
38425,0.09,38.425,93.68900455432662,12893203610,2026-08-13 09:26:04.503695,13/08/26,9:26:4
38340,0.09,38.34,93.89671361502347,12893241950,2026-08-13 09:26:42.843695,13/08/26,9:26:42
38256,0.09,38.256,94.10288582183188,12893280206,2026-08-13 09:27:21.099695,13/08/26,9:27:21
38232,0.09,38.232,94.16195856873823,12893318438,2026-08-13 09:27:59.331695,13/08/26,9:27:59
38443,0.09,38.443,93.64513695601279,12893356881,2026-08-13 09:28:37.774695,13/08/26,9:28:37
38795,0.09,38.795,92.79546333290372,12893395676,2026-08-13 09:29:16.569695,13/08/26,9:29:16
38923,0.09,38.923,92.49030136423194,12893434599,2026-08-13 09:29:55.492695,13/08/26,9:29:55
38967,0.09,38.967,92.38586496266072,12893473566,2026-08-13 09:30:34.459695,13/08/26,9:30:34
39058,0.09,39.058,92.17061805519995,12893512624,2026-08-13 09:31:13.517695,13/08/26,9:31:13
38930,0.09,38.93,92.47367069098382,12893551554,2026-08-13 09:31:52.447695,13/08/26,9:31:52
38125,0.09,38.125,94.42622950819673,12893589679,2026-08-13 09:32:30.572695,13/08/26,9:32:30
25341,0.14,25.341,142.06227062862555,12893615020,2026-08-13 09:32:55.913695,13/08/26,9:32:55
20434,0.18,20.434,176.17695996867965,12893635454,2026-08-13 09:33:16.347695,13/08/26,9:33:16
20406,0.18,20.406,176.41870038224053,12893655860,2026-08-13 09:33:36.753695,13/08/26,9:33:36
20418,0.18,20.418,176.31501616220982,12893676278,2026-08-13 09:33:57.171695,13/08/26,9:33:57
20506,0.17,20.506,175.5583731590754,12893696784,2026-08-13 09:34:17.677695,13/08/26,9:34:17
21093,0.17,21.093,170.67273503057888,12893717877,2026-08-13 09:34:38.770695,13/08/26,9:34:38
21193,0.17,21.193,169.86740905015807,12893739070,2026-08-13 09:34:59.963695,13/08/26,9:34:59
21332,0.17,21.332,168.76054753422088,12893760402,2026-08-13 09:35:21.295695,13/08/26,9:35:21
21572,0.17,21.572,166.8829964769145,12893781974,2026-08-13 09:35:42.867695,13/08/26,9:35:42
21727,0.17,21.727,165.692456390666,12893803701,2026-08-13 09:36:04.594695,13/08/26,9:36:4
21653,0.17,21.653,166.2587170369002,12893825354,2026-08-13 09:36:26.247695,13/08/26,9:36:26
21713,0.17,21.713,165.79929074747847,12893847067,2026-08-13 09:36:47.960695,13/08/26,9:36:47
21848,0.16,21.848,164.77480776272427,12893868915,2026-08-13 09:37:09.808695,13/08/26,9:37:9
21872,0.16,21.872,164.5940014630578,12893890787,2026-08-13 09:37:31.680695,13/08/26,9:37:31
21668,0.17,21.668,166.1436219309581,12893912455,2026-08-13 09:37:53.348695,13/08/26,9:37:53
21879,0.16,21.879,164.54134101192923,12893934334,2026-08-13 09:38:15.227695,13/08/26,9:38:15
21937,0.16,21.937,164.1063044171947,12893956271,2026-08-13 09:38:37.164695,13/08/26,9:38:37
21874,0.16,21.874,164.5789521806711,12893978145,2026-08-13 09:38:59.038695,13/08/26,9:38:59
22202,0.16,22.202,162.1475542743897,12894000347,2026-08-13 09:39:21.240695,13/08/26,9:39:21
21988,0.16,21.988,163.7256685464799,12894022335,2026-08-13 09:39:43.228695,13/08/26,9:39:43
22245,0.16,22.245,161.83412002697236,12894044580,2026-08-13 09:40:05.473695,13/08/26,9:40:5
22218,0.16,22.218,162.03078584931137,12894066798,2026-08-13 09:40:27.691695,13/08/26,9:40:27
25077,0.14,25.077,143.5578418471109,12894091875,2026-08-13 09:40:52.768695,13/08/26,9:40:52
39378,0.09,39.378,91.42160597287825,12894131253,2026-08-13 09:41:32.146695,13/08/26,9:41:32
39928,0.09,39.928,90.16229212582648,12894171181,2026-08-13 09:42:12.074695,13/08/26,9:42:12
39957,0.09,39.957,90.09685411817703,12894211138,2026-08-13 09:42:52.031695,13/08/26,9:42:52
40033,0.09,40.033,89.92581120575525,12894251171,2026-08-13 09:43:32.064695,13/08/26,9:43:32
40285,0.09,40.285,89.36328658309544,12894291456,2026-08-13 09:44:12.349695,13/08/26,9:44:12
39595,0.09,39.595,90.92057077913879,12894331051,2026-08-13 09:44:51.944695,13/08/26,9:44:51
40105,0.09,40.105,89.76436853260192,12894371156,2026-08-13 09:45:32.049695,13/08/26,9:45:32
39264,0.09,39.264,91.68704156479218,12894410420,2026-08-13 09:46:11.313695,13/08/26,9:46:11
39360,0.09,39.36,91.46341463414635,12894449780,2026-08-13 09:46:50.673695,13/08/26,9:46:50
39633,0.09,39.633,90.83339641208084,12894489413,2026-08-13 09:47:30.306695,13/08/26,9:47:30
39646,0.09,39.646,90.8036119658982,12894529059,2026-08-13 09:48:09.952695,13/08/26,9:48:9
39986,0.09,39.986,90.0315110288601,12894569045,2026-08-13 09:48:49.938695,13/08/26,9:48:49
40081,0.09,40.081,89.8181183104214,12894609126,2026-08-13 09:49:30.019695,13/08/26,9:49:30
40269,0.09,40.269,89.39879311629294,12894649395,2026-08-13 09:50:10.288695,13/08/26,9:50:10
40105,0.09,40.105,89.76436853260192,12894689500,2026-08-13 09:50:50.393695,13/08/26,9:50:50
40098,0.09,40.098,89.78003890468352,12894729598,2026-08-13 09:51:30.491695,13/08/26,9:51:30
39884,0.09,39.884,90.26175910139405,12894769482,2026-08-13 09:52:10.375695,13/08/26,9:52:10
39956,0.09,39.956,90.09910901992191,12894809438,2026-08-13 09:52:50.331695,13/08/26,9:52:50
39840,0.09,39.84,90.36144578313252,12894849278,2026-08-13 09:53:30.171695,13/08/26,9:53:30
39947,0.09,39.947,90.11940821588605,12894889225,2026-08-13 09:54:10.118695,13/08/26,9:54:10
39914,0.09,39.914,90.19391692138097,12894929139,2026-08-13 09:54:50.032695,13/08/26,9:54:50
39888,0.09,39.888,90.25270758122744,12894969027,2026-08-13 09:55:29.920695,13/08/26,9:55:29
39917,0.09,39.917,90.1871383119974,12895008944,2026-08-13 09:56:09.837695,13/08/26,9:56:9
39732,0.09,39.732,90.60706735125339,12895048676,2026-08-13 09:56:49.569695,13/08/26,9:56:49
39738,0.09,39.738,90.59338668277216,12895088414,2026-08-13 09:57:29.307695,13/08/26,9:57:29
40063,0.09,40.063,89.85847290517435,12895128477,2026-08-13 09:58:09.370695,13/08/26,9:58:9
39997,0.09,39.997,90.00675050628797,12895168474,2026-08-13 09:58:49.367695,13/08/26,9:58:49
39678,0.09,39.678,90.73037955542114,12895208152,2026-08-13 09:59:29.045695,13/08/26,9:59:29
39793,0.09,39.793,90.46817279421003,12895247945,2026-08-13 10:00:08.838695,13/08/26,10:0:8
37978,0.09,37.978,94.79172152298699,12895285923,2026-08-13 10:00:46.816695,13/08/26,10:0:46
38525,0.09,38.525,93.44581440622972,12895324448,2026-08-13 10:01:25.341695,13/08/26,10:1:25
38615,0.09,38.615,93.22802019940438,12895363063,2026-08-13 10:02:03.956695,13/08/26,10:2:3
38739,0.09,38.739,92.92960582358863,12895401802,2026-08-13 10:02:42.695695,13/08/26,10:2:42
39099,0.09,39.099,92.07396608608916,12895440901,2026-08-13 10:03:21.794695,13/08/26,10:3:21
39133,0.09,39.133,91.99396928423582,12895480034,2026-08-13 10:04:00.927695,13/08/26,10:4:0
37976,0.09,37.976,94.79671371392459,12895518010,2026-08-13 10:04:38.903695,13/08/26,10:4:38
37941,0.09,37.941,94.88416225191745,12895555951,2026-08-13 10:05:16.844695,13/08/26,10:5:16
37009,0.1,37.009,97.27363614255992,12895592960,2026-08-13 10:05:53.853695,13/08/26,10:5:53
36957,0.1,36.957,97.41050409935872,12895629917,2026-08-13 10:06:30.810695,13/08/26,10:6:30
36335,0.1,36.335,99.07802394385578,12895666252,2026-08-13 10:07:07.145695,13/08/26,10:7:7
35656,0.1,35.656,100.96477451200359,12895701908,2026-08-13 10:07:42.801695,13/08/26,10:7:42
36145,0.1,36.145,99.5988380135565,12895738053,2026-08-13 10:08:18.946695,13/08/26,10:8:18
36542,0.1,36.542,98.51677521755788,12895774595,2026-08-13 10:08:55.488695,13/08/26,10:8:55
35607,0.1,35.607,101.10371556154689,12895810202,2026-08-13 10:09:31.095695,13/08/26,10:9:31
35559,0.1,35.559,101.24019235636548,12895845761,2026-08-13 10:10:06.654695,13/08/26,10:10:6
35438,0.1,35.438,101.5858682769908,12895881199,2026-08-13 10:10:42.092695,13/08/26,10:10:42
35658,0.1,35.658,100.95911155981827,12895916857,2026-08-13 10:11:17.750695,13/08/26,10:11:17
37112,0.1,37.112,97.00366458288424,12895953969,2026-08-13 10:11:54.862695,13/08/26,10:11:54
24293,0.15,24.293,148.1908368665871,12895978262,2026-08-13 10:12:19.155695,13/08/26,10:12:19
20076,0.18,20.076,179.31858936043037,12895998338,2026-08-13 10:12:39.231695,13/08/26,10:12:39
19946,0.18,19.946,180.48731575253183,12896018284,2026-08-13 10:12:59.177695,13/08/26,10:12:59
19935,0.18,19.935,180.58690744920995,12896038219,2026-08-13 10:13:19.112695,13/08/26,10:13:19
20053,0.18,20.053,179.52426070912082,12896058272,2026-08-13 10:13:39.165695,13/08/26,10:13:39
20259,0.18,20.259,177.6988005330964,12896078531,2026-08-13 10:13:59.424695,13/08/26,10:13:59
20438,0.18,20.438,176.14247969468636,12896098969,2026-08-13 10:14:19.862695,13/08/26,10:14:19
20480,0.17,20.48,175.78125,12896119449,2026-08-13 10:14:40.342695,13/08/26,10:14:40
20550,0.17,20.55,175.1824817518248,12896139999,2026-08-13 10:15:00.892695,13/08/26,10:15:0
20589,0.17,20.589,174.85064840448783,12896160588,2026-08-13 10:15:21.481695,13/08/26,10:15:21
20675,0.17,20.675,174.12333736396613,12896181263,2026-08-13 10:15:42.156695,13/08/26,10:15:42
20839,0.17,20.839,172.75301118095877,12896202102,2026-08-13 10:16:02.995695,13/08/26,10:16:2
20918,0.17,20.918,172.10058322975428,12896223020,2026-08-13 10:16:23.913695,13/08/26,10:16:23
20972,0.17,20.972,171.65744802593935,12896243992,2026-08-13 10:16:44.885695,13/08/26,10:16:44
21170,0.17,21.17,170.05196032120926,12896265162,2026-08-13 10:17:06.055695,13/08/26,10:17:6
21350,0.17,21.35,168.61826697892272,12896286512,2026-08-13 10:17:27.405695,13/08/26,10:17:27
21650,0.17,21.65,166.28175519630486,12896308162,2026-08-13 10:17:49.055695,13/08/26,10:17:49
21608,0.17,21.608,166.60496112550908,12896329770,2026-08-13 10:18:10.663695,13/08/26,10:18:10
21873,0.16,21.873,164.5864764778494,12896351643,2026-08-13 10:18:32.536695,13/08/26,10:18:32
22010,0.16,22.01,163.56201726487961,12896373653,2026-08-13 10:18:54.546695,13/08/26,10:18:54
22079,0.16,22.079,163.05086281081572,12896395732,2026-08-13 10:19:16.625695,13/08/26,10:19:16
22111,0.16,22.111,162.81488851702773,12896417843,2026-08-13 10:19:38.736695,13/08/26,10:19:38
22122,0.16,22.122,162.73393002441009,12896439965,2026-08-13 10:20:00.858695,13/08/26,10:20:0
31591,0.11,31.591,113.95650659998101,12896471556,2026-08-13 10:20:32.449695,13/08/26,10:20:32
39524,0.09,39.524,91.08389839085113,12896511080,2026-08-13 10:21:11.973695,13/08/26,10:21:11
39508,0.09,39.508,91.12078566366306,12896550588,2026-08-13 10:21:51.481695,13/08/26,10:21:51
39332,0.09,39.332,91.5285263907251,12896589920,2026-08-13 10:22:30.813695,13/08/26,10:22:30
39205,0.09,39.205,91.82502231858182,12896629125,2026-08-13 10:23:10.018695,13/08/26,10:23:10
39422,0.09,39.422,91.31956775404596,12896668547,2026-08-13 10:23:49.440695,13/08/26,10:23:49
39246,0.09,39.246,91.72909341079345,12896707793,2026-08-13 10:24:28.686695,13/08/26,10:24:28
38787,0.09,38.787,92.81460283084539,12896746580,2026-08-13 10:25:07.473695,13/08/26,10:25:7
39057,0.09,39.057,92.1729779552961,12896785637,2026-08-13 10:25:46.530695,13/08/26,10:25:46
39014,0.09,39.014,92.27456810375763,12896824651,2026-08-13 10:26:25.544695,13/08/26,10:26:25
39138,0.09,39.138,91.98221677142419,12896863789,2026-08-13 10:27:04.682695,13/08/26,10:27:4
38919,0.09,38.919,92.49980729206814,12896902708,2026-08-13 10:27:43.601695,13/08/26,10:27:43
39290,0.09,39.29,91.62636803257827,12896941998,2026-08-13 10:28:22.891695,13/08/26,10:28:22
39381,0.09,39.381,91.41464157842614,12896981379,2026-08-13 10:29:02.272695,13/08/26,10:29:2
39164,0.09,39.164,91.92115207843938,12897020543,2026-08-13 10:29:41.436695,13/08/26,10:29:41
39296,0.09,39.296,91.61237785016287,12897059839,2026-08-13 10:30:20.732695,13/08/26,10:30:20
39522,0.09,39.522,91.08850766661607,12897099361,2026-08-13 10:31:00.254695,13/08/26,10:31:0
39364,0.09,39.364,91.45412051620771,12897138725,2026-08-13 10:31:39.618695,13/08/26,10:31:39
39208,0.09,39.208,91.81799632728014,12897177933,2026-08-13 10:32:18.826695,13/08/26,10:32:18
38152,0.09,38.152,94.3594044873139,12897216085,2026-08-13 10:32:56.978695,13/08/26,10:32:56
37776,0.09,37.776,95.29860228716646,12897253861,2026-08-13 10:33:34.754695,13/08/26,10:33:34
38230,0.09,38.23,94.16688464556631,12897292091,2026-08-13 10:34:12.984695,13/08/26,10:34:12
38927,0.09,38.927,92.48079738998638,12897331018,2026-08-13 10:34:51.911695,13/08/26,10:34:51
38792,0.09,38.792,92.8026397195298,12897369810,2026-08-13 10:35:30.703695,13/08/26,10:35:30
39034,0.09,39.034,92.22728903007635,12897408844,2026-08-13 10:36:09.737695,13/08/26,10:36:9
38791,0.09,38.791,92.8050320950736,12897447635,2026-08-13 10:36:48.528695,13/08/26,10:36:48
38765,0.09,38.765,92.86727718302592,12897486400,2026-08-13 10:37:27.293695,13/08/26,10:37:27
38683,0.09,38.683,93.06413670087636,12897525083,2026-08-13 10:38:05.976695,13/08/26,10:38:5
38770,0.09,38.77,92.85530049006964,12897563853,2026-08-13 10:38:44.746695,13/08/26,10:38:44
39285,0.09,39.285,91.63802978235968,12897603138,2026-08-13 10:39:24.031695,13/08/26,10:39:24
38751,0.09,38.751,92.90082836571959,12897641889,2026-08-13 10:40:02.782695,13/08/26,10:40:2
17170,0.21,17.17,209.66802562609203,12897659059,2026-08-13 10:40:19.952695,13/08/26,10:40:19
1557,2.31,1.557,2312.1387283236995,12897660616,2026-08-13 10:40:21.509695,13/08/26,10:40:21
1534,2.35,1.534,2346.805736636245,12897662150,2026-08-13 10:40:23.043695,13/08/26,10:40:23
1542,2.33,1.542,2334.6303501945526,12897663692,2026-08-13 10:40:24.585695,13/08/26,10:40:24
1548,2.33,1.548,2325.5813953488373,12897665240,2026-08-13 10:40:26.133695,13/08/26,10:40:26
1542,2.33,1.542,2334.6303501945526,12897666782,2026-08-13 10:40:27.675695,13/08/26,10:40:27
1547,2.33,1.547,2327.0846800258564,12897668329,2026-08-13 10:40:29.222695,13/08/26,10:40:29
1544,2.33,1.544,2331.60621761658,12897669873,2026-08-13 10:40:30.766695,13/08/26,10:40:30
1548,2.33,1.548,2325.5813953488373,12897671421,2026-08-13 10:40:32.314695,13/08/26,10:40:32
1551,2.32,1.551,2321.0831721470017,12897672972,2026-08-13 10:40:33.865695,13/08/26,10:40:33
1549,2.32,1.549,2324.080051646223,12897674521,2026-08-13 10:40:35.414695,13/08/26,10:40:35
1544,2.33,1.544,2331.60621761658,12897676065,2026-08-13 10:40:36.958695,13/08/26,10:40:36
1548,2.33,1.548,2325.5813953488373,12897677613,2026-08-13 10:40:38.506695,13/08/26,10:40:38
1548,2.33,1.548,2325.5813953488373,12897679161,2026-08-13 10:40:40.054695,13/08/26,10:40:40
1548,2.33,1.548,2325.5813953488373,12897680709,2026-08-13 10:40:41.602695,13/08/26,10:40:41
1553,2.32,1.553,2318.09401159047,12897682262,2026-08-13 10:40:43.155695,13/08/26,10:40:43
1550,2.32,1.55,2322.5806451612902,12897683812,2026-08-13 10:40:44.705695,13/08/26,10:40:44
1553,2.32,1.553,2318.09401159047,12897685365,2026-08-13 10:40:46.258695,13/08/26,10:40:46
1545,2.33,1.545,2330.097087378641,12897686910,2026-08-13 10:40:47.803695,13/08/26,10:40:47
1553,2.32,1.553,2318.09401159047,12897688463,2026-08-13 10:40:49.356695,13/08/26,10:40:49
1551,2.32,1.551,2321.0831721470017,12897690014,2026-08-13 10:40:50.907695,13/08/26,10:40:50
1547,2.33,1.547,2327.0846800258564,12897691561,2026-08-13 10:40:52.454695,13/08/26,10:40:52
1543,2.33,1.543,2333.117303953338,12897693104,2026-08-13 10:40:53.997695,13/08/26,10:40:53
1545,2.33,1.545,2330.097087378641,12897694649,2026-08-13 10:40:55.542695,13/08/26,10:40:55
1547,2.33,1.547,2327.0846800258564,12897696196,2026-08-13 10:40:57.089695,13/08/26,10:40:57
1549,2.32,1.549,2324.080051646223,12897697745,2026-08-13 10:40:58.638695,13/08/26,10:40:58
1547,2.33,1.547,2327.0846800258564,12897699292,2026-08-13 10:41:00.185695,13/08/26,10:41:0
1548,2.33,1.548,2325.5813953488373,12897700840,2026-08-13 10:41:01.733695,13/08/26,10:41:1
1553,2.32,1.553,2318.09401159047,12897702393,2026-08-13 10:41:03.286695,13/08/26,10:41:3
1551,2.32,1.551,2321.0831721470017,12897703944,2026-08-13 10:41:04.837695,13/08/26,10:41:4
1553,2.32,1.553,2318.09401159047,12897705497,2026-08-13 10:41:06.390695,13/08/26,10:41:6
1547,2.33,1.547,2327.0846800258564,12897707044,2026-08-13 10:41:07.937695,13/08/26,10:41:7
1550,2.32,1.55,2322.5806451612902,12897708594,2026-08-13 10:41:09.487695,13/08/26,10:41:9
1550,2.32,1.55,2322.5806451612902,12897710144,2026-08-13 10:41:11.037695,13/08/26,10:41:11
1551,2.32,1.551,2321.0831721470017,12897711695,2026-08-13 10:41:12.588695,13/08/26,10:41:12
1554,2.32,1.554,2316.6023166023165,12897713249,2026-08-13 10:41:14.142695,13/08/26,10:41:14
1554,2.32,1.554,2316.6023166023165,12897714803,2026-08-13 10:41:15.696695,13/08/26,10:41:15
1548,2.33,1.548,2325.5813953488373,12897716351,2026-08-13 10:41:17.244695,13/08/26,10:41:17
1557,2.31,1.557,2312.1387283236995,12897717908,2026-08-13 10:41:18.801695,13/08/26,10:41:18
1547,2.33,1.547,2327.0846800258564,12897719455,2026-08-13 10:41:20.348695,13/08/26,10:41:20
1549,2.32,1.549,2324.080051646223,12897721004,2026-08-13 10:41:21.897695,13/08/26,10:41:21
1550,2.32,1.55,2322.5806451612902,12897722554,2026-08-13 10:41:23.447695,13/08/26,10:41:23
1546,2.33,1.546,2328.589909443726,12897724100,2026-08-13 10:41:24.993695,13/08/26,10:41:24
1546,2.33,1.546,2328.589909443726,12897725646,2026-08-13 10:41:26.539695,13/08/26,10:41:26
1546,2.33,1.546,2328.589909443726,12897727192,2026-08-13 10:41:28.085695,13/08/26,10:41:28
1548,2.33,1.548,2325.5813953488373,12897728740,2026-08-13 10:41:29.633695,13/08/26,10:41:29
5516,0.65,5.516,652.6468455402465,12897734256,2026-08-13 10:41:35.149695,13/08/26,10:41:35
27315,0.13,27.315,131.79571663920922,12897761571,2026-08-13 10:42:02.464695,13/08/26,10:42:2
27594,0.13,27.594,130.4631441617743,12897789165,2026-08-13 10:42:30.058695,13/08/26,10:42:30
27535,0.13,27.535,130.74269112039224,12897816700,2026-08-13 10:42:57.593695,13/08/26,10:42:57
27388,0.13,27.388,131.44442821673726,12897844088,2026-08-13 10:43:24.981695,13/08/26,10:43:24
26706,0.13,26.706,134.80116827679174,12897870794,2026-08-13 10:43:51.687695,13/08/26,10:43:51
27875,0.13,27.875,129.14798206278027,12897898669,2026-08-13 10:44:19.562695,13/08/26,10:44:19
27962,0.13,27.962,128.7461554967456,12897926631,2026-08-13 10:44:47.524695,13/08/26,10:44:47
27419,0.13,27.419,131.2958167693935,12897954050,2026-08-13 10:45:14.943695,13/08/26,10:45:14
26726,0.13,26.726,134.70029185063234,12897980776,2026-08-13 10:45:41.669695,13/08/26,10:45:41
26520,0.14,26.52,135.74660633484163,12898007296,2026-08-13 10:46:08.189695,13/08/26,10:46:8
26346,0.14,26.346,136.64313368253246,12898033642,2026-08-13 10:46:34.535695,13/08/26,10:46:34
26725,0.13,26.725,134.70533208606173,12898060367,2026-08-13 10:47:01.260695,13/08/26,10:47:1
26499,0.14,26.499,135.85418317672364,12898086866,2026-08-13 10:47:27.759695,13/08/26,10:47:27
26848,0.13,26.848,134.08820023837902,12898113714,2026-08-13 10:47:54.607695,13/08/26,10:47:54
26859,0.13,26.859,134.0332849324249,12898140573,2026-08-13 10:48:21.466695,13/08/26,10:48:21
27138,0.13,27.138,132.65531726730046,12898167711,2026-08-13 10:48:48.604695,13/08/26,10:48:48
27035,0.13,27.035,133.16071758831146,12898194746,2026-08-13 10:49:15.639695,13/08/26,10:49:15
27090,0.13,27.09,132.89036544850498,12898221836,2026-08-13 10:49:42.729695,13/08/26,10:49:42
27292,0.13,27.292,131.9067858713176,12898249128,2026-08-13 10:50:10.021695,13/08/26,10:50:10
18835,0.19,18.835,191.1335280063711,12898267963,2026-08-13 10:50:28.856695,13/08/26,10:50:28
16780,0.21,16.78,214.54112038140644,12898284743,2026-08-13 10:50:45.636695,13/08/26,10:50:45
16721,0.22,16.721,215.29812810238622,12898301464,2026-08-13 10:51:02.357695,13/08/26,10:51:2
16652,0.22,16.652,216.1902474177276,12898318116,2026-08-13 10:51:19.009695,13/08/26,10:51:19
16773,0.21,16.773,214.63065641209087,12898334889,2026-08-13 10:51:35.782695,13/08/26,10:51:35
16779,0.21,16.779,214.5539066690506,12898351668,2026-08-13 10:51:52.561695,13/08/26,10:51:52
16796,0.21,16.796,214.33674684448678,12898368464,2026-08-13 10:52:09.357695,13/08/26,10:52:9
16748,0.21,16.748,214.9510389300215,12898385212,2026-08-13 10:52:26.105695,13/08/26,10:52:26
17102,0.21,17.102,210.5016957081043,12898402314,2026-08-13 10:52:43.207695,13/08/26,10:52:43
17008,0.21,17.008,211.6650987770461,12898419322,2026-08-13 10:53:00.215695,13/08/26,10:53:0
17053,0.21,17.053,211.10655016712602,12898436375,2026-08-13 10:53:17.268695,13/08/26,10:53:17
17100,0.21,17.1,210.52631578947367,12898453475,2026-08-13 10:53:34.368695,13/08/26,10:53:34
17154,0.21,17.154,209.8635886673662,12898470629,2026-08-13 10:53:51.522695,13/08/26,10:53:51
17092,0.21,17.092,210.62485373274046,12898487721,2026-08-13 10:54:08.614695,13/08/26,10:54:8
17148,0.21,17.148,209.93701889433171,12898504869,2026-08-13 10:54:25.762695,13/08/26,10:54:25
17165,0.21,17.165,209.72909991261287,12898522034,2026-08-13 10:54:42.927695,13/08/26,10:54:42
17194,0.21,17.194,209.37536349889496,12898539228,2026-08-13 10:55:00.121695,13/08/26,10:55:0
17208,0.21,17.208,209.20502092050208,12898556436,2026-08-13 10:55:17.329695,13/08/26,10:55:17
17466,0.21,17.466,206.11473720371006,12898573902,2026-08-13 10:55:34.795695,13/08/26,10:55:34
17469,0.21,17.469,206.07934054611025,12898591371,2026-08-13 10:55:52.264695,13/08/26,10:55:52
17481,0.2,17.481,205.93787540758538,12898608852,2026-08-13 10:56:09.745695,13/08/26,10:56:9
17586,0.2,17.586,204.70829068577277,12898626438,2026-08-13 10:56:27.331695,13/08/26,10:56:27
17461,0.21,17.461,206.1737586621614,12898643899,2026-08-13 10:56:44.792695,13/08/26,10:56:44
17473,0.21,17.473,206.0321639100326,12898661372,2026-08-13 10:57:02.265695,13/08/26,10:57:2
17517,0.2,17.517,205.51464291830794,12898678889,2026-08-13 10:57:19.782695,13/08/26,10:57:19
17650,0.2,17.65,203.96600566572238,12898696539,2026-08-13 10:57:37.432695,13/08/26,10:57:37
17612,0.2,17.612,204.40608675902794,12898714151,2026-08-13 10:57:55.044695,13/08/26,10:57:55
17599,0.2,17.599,204.5570771066538,12898731750,2026-08-13 10:58:12.643695,13/08/26,10:58:12
23882,0.15,23.882,150.74114395779247,12898755632,2026-08-13 10:58:36.525695,13/08/26,10:58:36
27125,0.13,27.125,132.7188940092166,12898782757,2026-08-13 10:59:03.650695,13/08/26,10:59:3
27141,0.13,27.141,132.6406543605615,12898809898,2026-08-13 10:59:30.791695,13/08/26,10:59:30
27286,0.13,27.286,131.9357912482592,12898837184,2026-08-13 10:59:58.077695,13/08/26,10:59:58
26770,0.13,26.77,134.478894284647,12898863954,2026-08-13 11:00:24.847695,13/08/26,11:0:24
26654,0.14,26.654,135.0641554738501,12898890608,2026-08-13 11:00:51.501695,13/08/26,11:0:51
26557,0.14,26.557,135.55748013706366,12898917165,2026-08-13 11:01:18.058695,13/08/26,11:1:18
26445,0.14,26.445,136.13159387407828,12898943610,2026-08-13 11:01:44.503695,13/08/26,11:1:44
26541,0.14,26.541,135.6391997287216,12898970151,2026-08-13 11:02:11.044695,13/08/26,11:2:11
26570,0.14,26.57,135.49115543846443,12898996721,2026-08-13 11:02:37.614695,13/08/26,11:2:37
26669,0.13,26.669,134.98818853350332,12899023390,2026-08-13 11:03:04.283695,13/08/26,11:3:4
27028,0.13,27.028,133.19520497262099,12899050418,2026-08-13 11:03:31.311695,13/08/26,11:3:31
26933,0.13,26.933,133.6650206066907,12899077351,2026-08-13 11:03:58.244695,13/08/26,11:3:58
26835,0.13,26.835,134.15315818893237,12899104186,2026-08-13 11:04:25.079695,13/08/26,11:4:25
26552,0.14,26.552,135.58300692979813,12899130738,2026-08-13 11:04:51.631695,13/08/26,11:4:51
26268,0.14,26.268,137.04888076747372,12899157006,2026-08-13 11:05:17.899695,13/08/26,11:5:17
26264,0.14,26.264,137.0697532744441,12899183270,2026-08-13 11:05:44.163695,13/08/26,11:5:44
26441,0.14,26.441,136.1521878900193,12899209711,2026-08-13 11:06:10.604695,13/08/26,11:6:10
26565,0.14,26.565,135.5166572557877,12899236276,2026-08-13 11:06:37.169695,13/08/26,11:6:37
26537,0.14,26.537,135.65964502392885,12899262813,2026-08-13 11:07:03.706695,13/08/26,11:7:3
26528,0.14,26.528,135.70566948130278,12899289341,2026-08-13 11:07:30.234695,13/08/26,11:7:30
26560,0.14,26.56,135.5421686746988,12899315901,2026-08-13 11:07:56.794695,13/08/26,11:7:56
26695,0.13,26.695,134.85671474058813,12899342596,2026-08-13 11:08:23.489695,13/08/26,11:8:23
26659,0.14,26.659,135.03882366180278,12899369255,2026-08-13 11:08:50.148695,13/08/26,11:8:50
26334,0.14,26.334,136.7053998632946,12899395589,2026-08-13 11:09:16.482695,13/08/26,11:9:16
25998,0.14,25.998,138.4721901684745,12899421587,2026-08-13 11:09:42.480695,13/08/26,11:9:42
26174,0.14,26.174,137.54107129212196,12899447761,2026-08-13 11:10:08.654695,13/08/26,11:10:8
26318,0.14,26.318,136.78850976517973,12899474079,2026-08-13 11:10:34.972695,13/08/26,11:10:34
26656,0.14,26.656,135.05402160864347,12899500735,2026-08-13 11:11:01.628695,13/08/26,11:11:1
26596,0.14,26.596,135.35870055647464,12899527331,2026-08-13 11:11:28.224695,13/08/26,11:11:28
26232,0.14,26.232,137.2369624885636,12899553563,2026-08-13 11:11:54.456695,13/08/26,11:11:54
26372,0.14,26.372,136.5084180191112,12899579935,2026-08-13 11:12:20.828695,13/08/26,11:12:20
26578,0.14,26.578,135.45037248852435,12899606513,2026-08-13 11:12:47.406695,13/08/26,11:12:47
27040,0.13,27.04,133.1360946745562,12899633553,2026-08-13 11:13:14.446695,13/08/26,11:13:14
26824,0.13,26.824,134.2081717864599,12899660377,2026-08-13 11:13:41.270695,13/08/26,11:13:41
26643,0.14,26.643,135.11991892804863,12899687020,2026-08-13 11:14:07.913695,13/08/26,11:14:7
26645,0.14,26.645,135.10977669356353,12899713665,2026-08-13 11:14:34.558695,13/08/26,11:14:34
26696,0.13,26.696,134.85166317051244,12899740361,2026-08-13 11:15:01.254695,13/08/26,11:15:1
26112,0.14,26.112,137.86764705882354,12899766473,2026-08-13 11:15:27.366695,13/08/26,11:15:27
26146,0.14,26.146,137.68836533312935,12899792619,2026-08-13 11:15:53.512695,13/08/26,11:15:53
26044,0.14,26.044,138.22761480571342,12899818663,2026-08-13 11:16:19.556695,13/08/26,11:16:19
26084,0.14,26.084,138.01564177273426,12899844747,2026-08-13 11:16:45.640695,13/08/26,11:16:45
26028,0.14,26.028,138.31258644536652,12899870775,2026-08-13 11:17:11.668695,13/08/26,11:17:11
26420,0.14,26.42,136.26040878122635,12899897195,2026-08-13 11:17:38.088695,13/08/26,11:17:38
26454,0.14,26.454,136.08528010886823,12899923649,2026-08-13 11:18:04.542695,13/08/26,11:18:4
26523,0.14,26.523,135.7312521208008,12899950172,2026-08-13 11:18:31.065695,13/08/26,11:18:31
26490,0.14,26.49,135.90033975084938,12899976662,2026-08-13 11:18:57.555695,13/08/26,11:18:57
26453,0.14,26.453,136.09042452651872,12900003115,2026-08-13 11:19:24.008695,13/08/26,11:19:24
26463,0.14,26.463,136.0389978460492,12900029578,2026-08-13 11:19:50.471695,13/08/26,11:19:50
26506,0.14,26.506,135.81830528936845,12900056084,2026-08-13 11:20:16.977695,13/08/26,11:20:16
26590,0.14,26.59,135.38924407672056,12900082674,2026-08-13 11:20:43.567695,13/08/26,11:20:43
26401,0.14,26.401,136.35847127002765,12900109075,2026-08-13 11:21:09.968695,13/08/26,11:21:9
25775,0.14,25.775,139.6702230843841,12900134850,2026-08-13 11:21:35.743695,13/08/26,11:21:35
26094,0.14,26.094,137.96275005748447,12900160944,2026-08-13 11:22:01.837695,13/08/26,11:22:1
26065,0.14,26.065,138.1162478419336,12900187009,2026-08-13 11:22:27.902695,13/08/26,11:22:27
26101,0.14,26.101,137.92574997126547,12900213110,2026-08-13 11:22:54.003695,13/08/26,11:22:54
25873,0.14,25.873,139.14118965717157,12900238983,2026-08-13 11:23:19.876695,13/08/26,11:23:19
26193,0.14,26.193,137.44130111098386,12900265176,2026-08-13 11:23:46.069695,13/08/26,11:23:46
26232,0.14,26.232,137.2369624885636,12900291408,2026-08-13 11:24:12.301695,13/08/26,11:24:12
26159,0.14,26.159,137.61993960013763,12900317567,2026-08-13 11:24:38.460695,13/08/26,11:24:38
26256,0.14,26.256,137.11151736745887,12900343823,2026-08-13 11:25:04.716695,13/08/26,11:25:4
26150,0.14,26.15,137.66730401529637,12900369973,2026-08-13 11:25:30.866695,13/08/26,11:25:30
26586,0.14,26.586,135.40961408259986,12900396559,2026-08-13 11:25:57.452695,13/08/26,11:25:57
26583,0.14,26.583,135.4248956099763,12900423142,2026-08-13 11:26:24.035695,13/08/26,11:26:24
26582,0.14,26.582,135.42999021894516,12900449724,2026-08-13 11:26:50.617695,13/08/26,11:26:50
26541,0.14,26.541,135.6391997287216,12900476265,2026-08-13 11:27:17.158695,13/08/26,11:27:17
27002,0.13,27.002,133.32345752166506,12900503267,2026-08-13 11:27:44.160695,13/08/26,11:27:44
27004,0.13,27.004,133.31358317286328,12900530271,2026-08-13 11:28:11.164695,13/08/26,11:28:11
27087,0.13,27.087,132.90508361944845,12900557358,2026-08-13 11:28:38.251695,13/08/26,11:28:38
26898,0.13,26.898,133.83894713361587,12900584256,2026-08-13 11:29:05.149695,13/08/26,11:29:5
26792,0.13,26.792,134.3684681994625,12900611048,2026-08-13 11:29:31.941695,13/08/26,11:29:31
19352,0.19,19.352,186.02728400165358,12900630400,2026-08-13 11:29:51.293695,13/08/26,11:29:51
16624,0.22,16.624,216.5543792107796,12900647024,2026-08-13 11:30:07.917695,13/08/26,11:30:7
16515,0.22,16.515,217.98365122615803,12900663539,2026-08-13 11:30:24.432695,13/08/26,11:30:24
16346,0.22,16.346,220.23736693992413,12900679885,2026-08-13 11:30:40.778695,13/08/26,11:30:40
16377,0.22,16.377,219.8204799413812,12900696262,2026-08-13 11:30:57.155695,13/08/26,11:30:57
16437,0.22,16.437,219.01806899069175,12900712699,2026-08-13 11:31:13.592695,13/08/26,11:31:13
16662,0.22,16.662,216.06049693914295,12900729361,2026-08-13 11:31:30.254695,13/08/26,11:31:30
16726,0.22,16.726,215.2337677866794,12900746087,2026-08-13 11:31:46.980695,13/08/26,11:31:46
16711,0.22,16.711,215.4269642750284,12900762798,2026-08-13 11:32:03.691695,13/08/26,11:32:3
16811,0.21,16.811,214.14549997025756,12900779609,2026-08-13 11:32:20.502695,13/08/26,11:32:20
17194,0.21,17.194,209.37536349889496,12900796803,2026-08-13 11:32:37.696695,13/08/26,11:32:37
17225,0.21,17.225,208.99854862119014,12900814028,2026-08-13 11:32:54.921695,13/08/26,11:32:54
17210,0.21,17.21,209.1807088901801,12900831238,2026-08-13 11:33:12.131695,13/08/26,11:33:12
17290,0.21,17.29,208.21283979178716,12900848528,2026-08-13 11:33:29.421695,13/08/26,11:33:29
17322,0.21,17.322,207.82819535850365,12900865850,2026-08-13 11:33:46.743695,13/08/26,11:33:46
17352,0.21,17.352,207.4688796680498,12900883202,2026-08-13 11:34:04.095695,13/08/26,11:34:4
17138,0.21,17.138,210.0595168631112,12900900340,2026-08-13 11:34:21.233695,13/08/26,11:34:21
17311,0.21,17.311,207.96025648431632,12900917651,2026-08-13 11:34:38.544695,13/08/26,11:34:38
17507,0.2,17.507,205.63203290112526,12900935158,2026-08-13 11:34:56.051695,13/08/26,11:34:56
17597,0.2,17.597,204.58032619196453,12900952755,2026-08-13 11:35:13.648695,13/08/26,11:35:13
17809,0.2,17.809,202.14498287382784,12900970564,2026-08-13 11:35:31.457695,13/08/26,11:35:31
17776,0.2,17.776,202.52025202520252,12900988340,2026-08-13 11:35:49.233695,13/08/26,11:35:49
17630,0.2,17.63,204.1973908111174,12901005970,2026-08-13 11:36:06.863695,13/08/26,11:36:6
17730,0.2,17.73,203.0456852791878,12901023700,2026-08-13 11:36:24.593695,13/08/26,11:36:24
17834,0.2,17.834,201.86161264999438,12901041534,2026-08-13 11:36:42.427695,13/08/26,11:36:42
17759,0.2,17.759,202.71411678585505,12901059293,2026-08-13 11:37:00.186695,13/08/26,11:37:0
17784,0.2,17.784,202.42914979757086,12901077077,2026-08-13 11:37:17.970695,13/08/26,11:37:17
17893,0.2,17.893,201.19599843514223,12901094970,2026-08-13 11:37:35.863695,13/08/26,11:37:35
23230,0.15,23.23,154.97201894102454,12901118200,2026-08-13 11:37:59.093695,13/08/26,11:37:59
27563,0.13,27.563,130.609875557813,12901145763,2026-08-13 11:38:26.656695,13/08/26,11:38:26
27528,0.13,27.528,130.77593722755014,12901173291,2026-08-13 11:38:54.184695,13/08/26,11:38:54
27455,0.13,27.455,131.1236568930978,12901200746,2026-08-13 11:39:21.639695,13/08/26,11:39:21
27898,0.13,27.898,129.04150835185317,12901228644,2026-08-13 11:39:49.537695,13/08/26,11:39:49
27322,0.13,27.322,131.76195007686113,12901255966,2026-08-13 11:40:16.859695,13/08/26,11:40:16
27370,0.13,27.37,131.53087321885275,12901283336,2026-08-13 11:40:44.229695,13/08/26,11:40:44
27504,0.13,27.504,130.89005235602093,12901310840,2026-08-13 11:41:11.733695,13/08/26,11:41:11
27636,0.13,27.636,130.2648719062093,12901338476,2026-08-13 11:41:39.369695,13/08/26,11:41:39
27362,0.13,27.362,131.5693297273591,12901365838,2026-08-13 11:42:06.731695,13/08/26,11:42:6
27770,0.13,27.77,129.63629816348578,12901393608,2026-08-13 11:42:34.501695,13/08/26,11:42:34
27383,0.13,27.383,131.46842931745974,12901420991,2026-08-13 11:43:01.884695,13/08/26,11:43:1
27338,0.13,27.338,131.68483429658352,12901448329,2026-08-13 11:43:29.222695,13/08/26,11:43:29
27678,0.13,27.678,130.06720138738348,12901476007,2026-08-13 11:43:56.900695,13/08/26,11:43:56
27431,0.13,27.431,131.23837993510992,12901503438,2026-08-13 11:44:24.331695,13/08/26,11:44:24
27848,0.13,27.848,129.2731973570813,12901531286,2026-08-13 11:44:52.179695,13/08/26,11:44:52
27470,0.13,27.47,131.05205678922462,12901558756,2026-08-13 11:45:19.649695,13/08/26,11:45:19
27834,0.13,27.834,129.33821944384565,12901586590,2026-08-13 11:45:47.483695,13/08/26,11:45:47
27817,0.13,27.817,129.41726282489125,12901614407,2026-08-13 11:46:15.300695,13/08/26,11:46:15
27681,0.13,27.681,130.0531050178823,12901642088,2026-08-13 11:46:42.981695,13/08/26,11:46:42
27845,0.13,27.845,129.28712515711976,12901669933,2026-08-13 11:47:10.826695,13/08/26,11:47:10
27871,0.13,27.871,129.1665171683829,12901697804,2026-08-13 11:47:38.697695,13/08/26,11:47:38
27788,0.13,27.788,129.55232474449403,12901725592,2026-08-13 11:48:06.485695,13/08/26,11:48:6
28043,0.13,28.043,128.37428235210214,12901753635,2026-08-13 11:48:34.528695,13/08/26,11:48:34
27951,0.13,27.951,128.79682301169905,12901781586,2026-08-13 11:49:02.479695,13/08/26,11:49:2
27726,0.13,27.726,129.84202553559837,12901809312,2026-08-13 11:49:30.205695,13/08/26,11:49:30
27623,0.13,27.623,130.32617746081164,12901836935,2026-08-13 11:49:57.828695,13/08/26,11:49:57
27551,0.13,27.551,130.66676345686182,12901864486,2026-08-13 11:50:25.379695,13/08/26,11:50:25
28471,0.13,28.471,126.44445224965754,12901892957,2026-08-13 11:50:53.850695,13/08/26,11:50:53
28281,0.13,28.281,127.29394292988225,12901921238,2026-08-13 11:51:22.131695,13/08/26,11:51:22
28577,0.12,28.577,125.97543479021591,12901949815,2026-08-13 11:51:50.708695,13/08/26,11:51:50
28236,0.13,28.236,127.49681257968551,12901978051,2026-08-13 11:52:18.944695,13/08/26,11:52:18
28428,0.13,28.428,126.6357112705783,12902006479,2026-08-13 11:52:47.372695,13/08/26,11:52:47
27395,0.13,27.395,131.41084139441503,12902033874,2026-08-13 11:53:14.767695,13/08/26,11:53:14
27647,0.13,27.647,130.2130430064745,12902061521,2026-08-13 11:53:42.414695,13/08/26,11:53:42
27207,0.13,27.207,132.31888852133642,12902088728,2026-08-13 11:54:09.621695,13/08/26,11:54:9
27733,0.13,27.733,129.80925251505425,12902116461,2026-08-13 11:54:37.354695,13/08/26,11:54:37
27458,0.13,27.458,131.1093306140287,12902143919,2026-08-13 11:55:04.812695,13/08/26,11:55:4
27268,0.13,27.268,132.0228839665542,12902171187,2026-08-13 11:55:32.080695,13/08/26,11:55:32
27538,0.13,27.538,130.728447962815,12902198725,2026-08-13 11:55:59.618695,13/08/26,11:55:59
27705,0.13,27.705,129.94044396318355,12902226430,2026-08-13 11:56:27.323695,13/08/26,11:56:27
26710,0.13,26.71,134.7809809060277,12902253140,2026-08-13 11:56:54.033695,13/08/26,11:56:54
27166,0.13,27.166,132.51858941323712,12902280306,2026-08-13 11:57:21.199695,13/08/26,11:57:21
27200,0.13,27.2,132.35294117647058,12902307506,2026-08-13 11:57:48.399695,13/08/26,11:57:48
27086,0.13,27.086,132.90999040094513,12902334592,2026-08-13 11:58:15.485695,13/08/26,11:58:15
27306,0.13,27.306,131.83915622940015,12902361898,2026-08-13 11:58:42.791695,13/08/26,11:58:42
27144,0.13,27.144,132.6259946949602,12902389042,2026-08-13 11:59:09.935695,13/08/26,11:59:9
27098,0.13,27.098,132.85113292493912,12902416140,2026-08-13 11:59:37.033695,13/08/26,11:59:37
27152,0.13,27.152,132.58691809074838,12902443292,2026-08-13 12:00:04.185695,13/08/26,12:0:4
26255,0.14,26.255,137.11673966863455,12902469547,2026-08-13 12:00:30.440695,13/08/26,12:0:30
26706,0.13,26.706,134.80116827679174,12902496253,2026-08-13 12:00:57.146695,13/08/26,12:0:57
26590,0.14,26.59,135.38924407672056,12902522843,2026-08-13 12:01:23.736695,13/08/26,12:1:23
26424,0.14,26.424,136.23978201634878,12902549267,2026-08-13 12:01:50.160695,13/08/26,12:1:50
26700,0.13,26.7,134.8314606741573,12902575967,2026-08-13 12:02:16.860695,13/08/26,12:2:16
26694,0.13,26.694,134.86176668914362,12902602661,2026-08-13 12:02:43.554695,13/08/26,12:2:43
26687,0.13,26.687,134.89714093004085,12902629348,2026-08-13 12:03:10.241695,13/08/26,12:3:10
26945,0.13,26.945,133.60549267025422,12902656293,2026-08-13 12:03:37.186695,13/08/26,12:3:37
26249,0.14,26.249,137.1480818316888,12902682542,2026-08-13 12:04:03.435695,13/08/26,12:4:3
26429,0.14,26.429,136.21400734042152,12902708971,2026-08-13 12:04:29.864695,13/08/26,12:4:29
26388,0.14,26.388,136.4256480218281,12902735359,2026-08-13 12:04:56.252695,13/08/26,12:4:56
26403,0.14,26.403,136.34814225656174,12902761762,2026-08-13 12:05:22.655695,13/08/26,12:5:22
26931,0.13,26.931,133.6749470870001,12902788693,2026-08-13 12:05:49.586695,13/08/26,12:5:49
26984,0.13,26.984,133.41239252890603,12902815677,2026-08-13 12:06:16.570695,13/08/26,12:6:16
26923,0.13,26.923,133.7146677561936,12902842600,2026-08-13 12:06:43.493695,13/08/26,12:6:43
26421,0.14,26.421,136.25525150448507,12902869021,2026-08-13 12:07:09.914695,13/08/26,12:7:9
26618,0.14,26.618,135.24682545645803,12902895639,2026-08-13 12:07:36.532695,13/08/26,12:7:36
26202,0.14,26.202,137.39409205404166,12902921841,2026-08-13 12:08:02.734695,13/08/26,12:8:2
26156,0.14,26.156,137.63572411683742,12902947997,2026-08-13 12:08:28.890695,13/08/26,12:8:28
26127,0.14,26.127,137.78849466069582,12902974124,2026-08-13 12:08:55.017695,13/08/26,12:8:55
22901,0.16,22.901,157.19837561678528,12902997025,2026-08-13 12:09:17.918695,13/08/26,12:9:17
15423,0.23,15.423,233.4176230305388,12903012448,2026-08-13 12:09:33.341695,13/08/26,12:9:33
16208,0.22,16.208,222.11253701875617,12903028656,2026-08-13 12:09:49.549695,13/08/26,12:9:49
16305,0.22,16.305,220.79116835326587,12903044961,2026-08-13 12:10:05.854695,13/08/26,12:10:5
16280,0.22,16.28,221.13022113022112,12903061241,2026-08-13 12:10:22.134695,13/08/26,12:10:22
16387,0.22,16.387,219.68633673033503,12903077628,2026-08-13 12:10:38.521695,13/08/26,12:10:38
16457,0.22,16.457,218.75189888801117,12903094085,2026-08-13 12:10:54.978695,13/08/26,12:10:54
16548,0.22,16.548,217.54894851341552,12903110633,2026-08-13 12:11:11.526695,13/08/26,12:11:11
16631,0.22,16.631,216.46323131501413,12903127264,2026-08-13 12:11:28.157695,13/08/26,12:11:28
16935,0.21,16.935,212.57750221434898,12903144199,2026-08-13 12:11:45.092695,13/08/26,12:11:45
16929,0.21,16.929,212.6528442317916,12903161128,2026-08-13 12:12:02.021695,13/08/26,12:12:2
16934,0.21,16.934,212.5900555096256,12903178062,2026-08-13 12:12:18.955695,13/08/26,12:12:18
17069,0.21,17.069,210.90866483098014,12903195131,2026-08-13 12:12:36.024695,13/08/26,12:12:36
17084,0.21,17.084,210.7234839616015,12903212215,2026-08-13 12:12:53.108695,13/08/26,12:12:53
17026,0.21,17.026,211.44132503230352,12903229241,2026-08-13 12:13:10.134695,13/08/26,12:13:10
17125,0.21,17.125,210.2189781021898,12903246366,2026-08-13 12:13:27.259695,13/08/26,12:13:27
17222,0.21,17.222,209.03495528974568,12903263588,2026-08-13 12:13:44.481695,13/08/26,12:13:44
17233,0.21,17.233,208.90152614170486,12903280821,2026-08-13 12:14:01.714695,13/08/26,12:14:1
17211,0.21,17.211,209.16855499389925,12903298032,2026-08-13 12:14:18.925695,13/08/26,12:14:18
17386,0.21,17.386,207.06315426204992,12903315418,2026-08-13 12:14:36.311695,13/08/26,12:14:36
17255,0.21,17.255,208.63517820921473,12903332673,2026-08-13 12:14:53.566695,13/08/26,12:14:53
17250,0.21,17.25,208.69565217391303,12903349923,2026-08-13 12:15:10.816695,13/08/26,12:15:10
17042,0.21,17.042,211.24281187654032,12903366965,2026-08-13 12:15:27.858695,13/08/26,12:15:27
17056,0.21,17.056,211.06941838649155,12903384021,2026-08-13 12:15:44.914695,13/08/26,12:15:44
16968,0.21,16.968,212.16407355021215,12903400989,2026-08-13 12:16:01.882695,13/08/26,12:16:1
17022,0.21,17.022,211.49101163200564,12903418011,2026-08-13 12:16:18.904695,13/08/26,12:16:18
17246,0.21,17.246,208.74405659283312,12903435257,2026-08-13 12:16:36.150695,13/08/26,12:16:36
17203,0.21,17.203,209.2658257280707,12903452460,2026-08-13 12:16:53.353695,13/08/26,12:16:53
17066,0.21,17.066,210.9457400679714,12903469526,2026-08-13 12:17:10.419695,13/08/26,12:17:10
23903,0.15,23.903,150.60871020374012,12903493429,2026-08-13 12:17:34.322695,13/08/26,12:17:34
26443,0.14,26.443,136.14189010324094,12903519872,2026-08-13 12:18:00.765695,13/08/26,12:18:0
26450,0.14,26.45,136.10586011342156,12903546322,2026-08-13 12:18:27.215695,13/08/26,12:18:27
26492,0.14,26.492,135.89008002415824,12903572814,2026-08-13 12:18:53.707695,13/08/26,12:18:53
26392,0.14,26.392,136.40497120339498,12903599206,2026-08-13 12:19:20.099695,13/08/26,12:19:20
26384,0.14,26.384,136.4463311097635,12903625590,2026-08-13 12:19:46.483695,13/08/26,12:19:46
26445,0.14,26.445,136.13159387407828,12903652035,2026-08-13 12:20:12.928695,13/08/26,12:20:12
26437,0.14,26.437,136.17278813783713,12903678472,2026-08-13 12:20:39.365695,13/08/26,12:20:39
26526,0.14,26.526,135.71590137977833,12903704998,2026-08-13 12:21:05.891695,13/08/26,12:21:5
26433,0.14,26.433,136.19339462036092,12903731431,2026-08-13 12:21:32.324695,13/08/26,12:21:32
26534,0.14,26.534,135.67498304062713,12903757965,2026-08-13 12:21:58.858695,13/08/26,12:21:58
26419,0.14,26.419,136.26556644838942,12903784384,2026-08-13 12:22:25.277695,13/08/26,12:22:25
26445,0.14,26.445,136.13159387407828,12903810829,2026-08-13 12:22:51.722695,13/08/26,12:22:51
26341,0.14,26.341,136.6690710299533,12903837170,2026-08-13 12:23:18.063695,13/08/26,12:23:18
26465,0.14,26.465,136.02871717362555,12903863635,2026-08-13 12:23:44.528695,13/08/26,12:23:44
26262,0.14,26.262,137.08019191226867,12903889897,2026-08-13 12:24:10.790695,13/08/26,12:24:10
26479,0.14,26.479,135.95679595150875,12903916376,2026-08-13 12:24:37.269695,13/08/26,12:24:37
26316,0.14,26.316,136.79890560875512,12903942692,2026-08-13 12:25:03.585695,13/08/26,12:25:3
26385,0.14,26.385,136.44115974985786,12903969077,2026-08-13 12:25:29.970695,13/08/26,12:25:29
26570,0.14,26.57,135.49115543846443,12903995647,2026-08-13 12:25:56.540695,13/08/26,12:25:56
26512,0.14,26.512,135.78756789378394,12904022159,2026-08-13 12:26:23.052695,13/08/26,12:26:23
26533,0.14,26.533,135.68009648362417,12904048692,2026-08-13 12:26:49.585695,13/08/26,12:26:49
26479,0.14,26.479,135.95679595150875,12904075171,2026-08-13 12:27:16.064695,13/08/26,12:27:16
26843,0.13,26.843,134.11317661960288,12904102014,2026-08-13 12:27:42.907695,13/08/26,12:27:42
27239,0.13,27.239,132.16344212342597,12904129253,2026-08-13 12:28:10.146695,13/08/26,12:28:10
27175,0.13,27.175,132.47470101195952,12904156428,2026-08-13 12:28:37.321695,13/08/26,12:28:37
27167,0.13,27.167,132.5137114882026,12904183595,2026-08-13 12:29:04.488695,13/08/26,12:29:4
27167,0.13,27.167,132.5137114882026,12904210762,2026-08-13 12:29:31.655695,13/08/26,12:29:31
27101,0.13,27.101,132.83642670012176,12904237863,2026-08-13 12:29:58.756695,13/08/26,12:29:58
27125,0.13,27.125,132.7188940092166,12904264988,2026-08-13 12:30:25.881695,13/08/26,12:30:25
26986,0.13,26.986,133.40250500259393,12904291974,2026-08-13 12:30:52.867695,13/08/26,12:30:52
27032,0.13,27.032,133.17549570878958,12904319006,2026-08-13 12:31:19.899695,13/08/26,12:31:19
27161,0.13,27.161,132.54298442619933,12904346167,2026-08-13 12:31:47.060695,13/08/26,12:31:47
27102,0.13,27.102,132.83152534868276,12904373269,2026-08-13 12:32:14.162695,13/08/26,12:32:14
27104,0.13,27.104,132.82172373081465,12904400373,2026-08-13 12:32:41.266695,13/08/26,12:32:41
27107,0.13,27.107,132.80702401593683,12904427480,2026-08-13 12:33:08.373695,13/08/26,12:33:8
26992,0.13,26.992,133.37285121517488,12904454472,2026-08-13 12:33:35.365695,13/08/26,12:33:35
27099,0.13,27.099,132.8462304882099,12904481571,2026-08-13 12:34:02.464695,13/08/26,12:34:2
26944,0.13,26.944,133.6104513064133,12904508515,2026-08-13 12:34:29.408695,13/08/26,12:34:29
27128,0.13,27.128,132.70421704511944,12904535643,2026-08-13 12:34:56.536695,13/08/26,12:34:56
27022,0.13,27.022,133.2247798090445,12904562665,2026-08-13 12:35:23.558695,13/08/26,12:35:23
27424,0.13,27.424,131.27187864644108,12904590089,2026-08-13 12:35:50.982695,13/08/26,12:35:50
27659,0.13,27.659,130.15654940525687,12904617748,2026-08-13 12:36:18.641695,13/08/26,12:36:18
27736,0.13,27.736,129.79521199884627,12904645484,2026-08-13 12:36:46.377695,13/08/26,12:36:46
27528,0.13,27.528,130.77593722755014,12904673012,2026-08-13 12:37:13.905695,13/08/26,12:37:13
27659,0.13,27.659,130.15654940525687,12904700671,2026-08-13 12:37:41.564695,13/08/26,12:37:41
27599,0.13,27.599,130.43950867785065,12904728270,2026-08-13 12:38:09.163695,13/08/26,12:38:9
27776,0.13,27.776,129.6082949308756,12904756046,2026-08-13 12:38:36.939695,13/08/26,12:38:36
27517,0.13,27.517,130.8282152850965,12904783563,2026-08-13 12:39:04.456695,13/08/26,12:39:4
27530,0.13,27.53,130.76643661460224,12904811093,2026-08-13 12:39:31.986695,13/08/26,12:39:31
27649,0.13,27.649,130.20362400086802,12904838742,2026-08-13 12:39:59.635695,13/08/26,12:39:59
26544,0.14,26.544,135.623869801085,12904865286,2026-08-13 12:40:26.179695,13/08/26,12:40:26
27059,0.13,27.059,133.04261059167004,12904892345,2026-08-13 12:40:53.238695,13/08/26,12:40:53
27243,0.13,27.243,132.14403700033037,12904919588,2026-08-13 12:41:20.481695,13/08/26,12:41:20
27384,0.13,27.384,131.46362839614375,12904946972,2026-08-13 12:41:47.865695,13/08/26,12:41:47
27084,0.13,27.084,132.9198050509526,12904974056,2026-08-13 12:42:14.949695,13/08/26,12:42:14
27259,0.13,27.259,132.06647345830734,12905001315,2026-08-13 12:42:42.208695,13/08/26,12:42:42
27205,0.13,27.205,132.32861606322368,12905028520,2026-08-13 12:43:09.413695,13/08/26,12:43:9
27367,0.13,27.367,131.54529177476522,12905055887,2026-08-13 12:43:36.780695,13/08/26,12:43:36
27279,0.13,27.279,131.96964698119433,12905083166,2026-08-13 12:44:04.059695,13/08/26,12:44:4
27192,0.13,27.192,132.3918799646955,12905110358,2026-08-13 12:44:31.251695,13/08/26,12:44:31
27323,0.13,27.323,131.75712769461626,12905137681,2026-08-13 12:44:58.574695,13/08/26,12:44:58
27336,0.13,27.336,131.69446883230904,12905165017,2026-08-13 12:45:25.910695,13/08/26,12:45:25
27418,0.13,27.418,131.30060544168066,12905192435,2026-08-13 12:45:53.328695,13/08/26,12:45:53
27216,0.13,27.216,132.27513227513228,12905219651,2026-08-13 12:46:20.544695,13/08/26,12:46:20
27257,0.13,27.257,132.07616392119456,12905246908,2026-08-13 12:46:47.801695,13/08/26,12:46:47
27188,0.13,27.188,132.41135795203766,12905274096,2026-08-13 12:47:14.989695,13/08/26,12:47:14
27502,0.13,27.502,130.89957094029526,12905301598,2026-08-13 12:47:42.491695,13/08/26,12:47:42
27360,0.13,27.36,131.57894736842104,12905328958,2026-08-13 12:48:09.851695,13/08/26,12:48:9
24582,0.15,24.582,146.4486209421528,12905353540,2026-08-13 12:48:34.433695,13/08/26,12:48:34
15733,0.23,15.733,228.81840716964342,12905369273,2026-08-13 12:48:50.166695,13/08/26,12:48:50
16719,0.22,16.719,215.3238830073569,12905385992,2026-08-13 12:49:06.885695,13/08/26,12:49:6
16722,0.22,16.722,215.28525296017222,12905402714,2026-08-13 12:49:23.607695,13/08/26,12:49:23
16665,0.22,16.665,216.02160216021602,12905419379,2026-08-13 12:49:40.272695,13/08/26,12:49:40
16746,0.21,16.746,214.9767108563239,12905436125,2026-08-13 12:49:57.018695,13/08/26,12:49:57
16831,0.21,16.831,213.89103440080802,12905452956,2026-08-13 12:50:13.849695,13/08/26,12:50:13
16925,0.21,16.925,212.70310192023635,12905469881,2026-08-13 12:50:30.774695,13/08/26,12:50:30
17012,0.21,17.012,211.6153303550435,12905486893,2026-08-13 12:50:47.786695,13/08/26,12:50:47
17055,0.21,17.055,211.08179419525067,12905503948,2026-08-13 12:51:04.841695,13/08/26,12:51:4
17142,0.21,17.142,210.01050052502626,12905521090,2026-08-13 12:51:21.983695,13/08/26,12:51:21
17426,0.21,17.426,206.58785722483645,12905538516,2026-08-13 12:51:39.409695,13/08/26,12:51:39
17481,0.2,17.481,205.93787540758538,12905555997,2026-08-13 12:51:56.890695,13/08/26,12:51:56
17449,0.21,17.449,206.3155481689495,12905573446,2026-08-13 12:52:14.339695,13/08/26,12:52:14
17567,0.2,17.567,204.92969772869586,12905591013,2026-08-13 12:52:31.906695,13/08/26,12:52:31
17605,0.2,17.605,204.48736154501563,12905608618,2026-08-13 12:52:49.511695,13/08/26,12:52:49
17551,0.2,17.551,205.11651757734603,12905626169,2026-08-13 12:53:07.062695,13/08/26,12:53:7
17665,0.2,17.665,203.79281064251344,12905643834,2026-08-13 12:53:24.727695,13/08/26,12:53:24
17730,0.2,17.73,203.0456852791878,12905661564,2026-08-13 12:53:42.457695,13/08/26,12:53:42
17717,0.2,17.717,203.1946717841621,12905679281,2026-08-13 12:54:00.174695,13/08/26,12:54:0
17744,0.2,17.744,202.88548241659151,12905697025,2026-08-13 12:54:17.918695,13/08/26,12:54:17
17858,0.2,17.858,201.5903236644641,12905714883,2026-08-13 12:54:35.776695,13/08/26,12:54:35
17840,0.2,17.84,201.79372197309416,12905732723,2026-08-13 12:54:53.616695,13/08/26,12:54:53
17746,0.2,17.746,202.86261692775838,12905750469,2026-08-13 12:55:11.362695,13/08/26,12:55:11
17855,0.2,17.855,201.6241949033884,12905768324,2026-08-13 12:55:29.217695,13/08/26,12:55:29
17865,0.2,17.865,201.51133501259446,12905786189,2026-08-13 12:55:47.082695,13/08/26,12:55:47
17887,0.2,17.887,201.2634874489853,12905804076,2026-08-13 12:56:04.969695,13/08/26,12:56:4
17969,0.2,17.969,200.34503867772275,12905822045,2026-08-13 12:56:22.938695,13/08/26,12:56:22
23100,0.16,23.1,155.84415584415584,12905845145,2026-08-13 12:56:46.038695,13/08/26,12:56:46
27591,0.13,27.591,130.47732956398826,12905872736,2026-08-13 12:57:13.629695,13/08/26,12:57:13
27696,0.13,27.696,129.98266897746967,12905900432,2026-08-13 12:57:41.325695,13/08/26,12:57:41
27634,0.13,27.634,130.2742997756387,12905928066,2026-08-13 12:58:08.959695,13/08/26,12:58:8
27788,0.13,27.788,129.55232474449403,12905955854,2026-08-13 12:58:36.747695,13/08/26,12:58:36
27758,0.13,27.758,129.6923409467541,12905983612,2026-08-13 12:59:04.505695,13/08/26,12:59:4
27751,0.13,27.751,129.72505495297466,12906011363,2026-08-13 12:59:32.256695,13/08/26,12:59:32
27622,0.13,27.622,130.33089566287742,12906038985,2026-08-13 12:59:59.878695,13/08/26,12:59:59
27057,0.13,27.057,133.05244483867392,12906066042,2026-08-13 13:00:26.935695,13/08/26,13:0:26
27296,0.13,27.296,131.88745603751465,12906093338,2026-08-13 13:00:54.231695,13/08/26,13:0:54
27096,0.13,27.096,132.86093888396812,12906120434,2026-08-13 13:01:21.327695,13/08/26,13:1:21
27300,0.13,27.3,131.86813186813185,12906147734,2026-08-13 13:01:48.627695,13/08/26,13:1:48
27256,0.13,27.256,132.0810096859407,12906174990,2026-08-13 13:02:15.883695,13/08/26,13:2:15
27137,0.13,27.137,132.66020562331872,12906202127,2026-08-13 13:02:43.020695,13/08/26,13:2:43
27064,0.13,27.064,133.01803133313626,12906229191,2026-08-13 13:03:10.084695,13/08/26,13:3:10
27241,0.13,27.241,132.15373884952828,12906256432,2026-08-13 13:03:37.325695,13/08/26,13:3:37
27263,0.13,27.263,132.0470967978579,12906283695,2026-08-13 13:04:04.588695,13/08/26,13:4:4
27206,0.13,27.206,132.32375211350438,12906310901,2026-08-13 13:04:31.794695,13/08/26,13:4:31
27278,0.13,27.278,131.97448493291296,12906338179,2026-08-13 13:04:59.072695,13/08/26,13:4:59
27261,0.13,27.261,132.05678441729944,12906365440,2026-08-13 13:05:26.333695,13/08/26,13:5:26
27308,0.13,27.308,131.82950051267028,12906392748,2026-08-13 13:05:53.641695,13/08/26,13:5:53
27258,0.13,27.258,132.07131851199648,12906420006,2026-08-13 13:06:20.899695,13/08/26,13:6:20
27834,0.13,27.834,129.33821944384565,12906447840,2026-08-13 13:06:48.733695,13/08/26,13:6:48
28067,0.13,28.067,128.264509922685,12906475907,2026-08-13 13:07:16.800695,13/08/26,13:7:16
28265,0.13,28.265,127.36600035379445,12906504172,2026-08-13 13:07:45.065695,13/08/26,13:7:45
28148,0.13,28.148,127.89540997584197,12906532320,2026-08-13 13:08:13.213695,13/08/26,13:8:13
28284,0.13,28.284,127.28044123886296,12906560604,2026-08-13 13:08:41.497695,13/08/26,13:8:41
28149,0.13,28.149,127.89086646062027,12906588753,2026-08-13 13:09:09.646695,13/08/26,13:9:9
28179,0.13,28.179,127.75471095496647,12906616932,2026-08-13 13:09:37.825695,13/08/26,13:9:37
28009,0.13,28.009,128.53011532007568,12906644941,2026-08-13 13:10:05.834695,13/08/26,13:10:5
27781,0.13,27.781,129.58496814369533,12906672722,2026-08-13 13:10:33.615695,13/08/26,13:10:33
27470,0.13,27.47,131.05205678922462,12906700192,2026-08-13 13:11:01.085695,13/08/26,13:11:1
27417,0.13,27.417,131.3053944632892,12906727609,2026-08-13 13:11:28.502695,13/08/26,13:11:28
27430,0.13,27.43,131.24316441851988,12906755039,2026-08-13 13:11:55.932695,13/08/26,13:11:55
27276,0.13,27.276,131.98416190057193,12906782315,2026-08-13 13:12:23.208695,13/08/26,13:12:23
27445,0.13,27.445,131.1714337766442,12906809760,2026-08-13 13:12:50.653695,13/08/26,13:12:50
28106,0.13,28.106,128.08652956664056,12906837866,2026-08-13 13:13:18.759695,13/08/26,13:13:18
28444,0.13,28.444,126.56447756996204,12906866310,2026-08-13 13:13:47.203695,13/08/26,13:13:47
28262,0.13,28.262,127.37952020380723,12906894572,2026-08-13 13:14:15.465695,13/08/26,13:14:15
28418,0.13,28.418,126.68027306636638,12906922990,2026-08-13 13:14:43.883695,13/08/26,13:14:43
28104,0.13,28.104,128.09564474807857,12906951094,2026-08-13 13:15:11.987695,13/08/26,13:15:11
28334,0.13,28.334,127.05583398037693,12906979428,2026-08-13 13:15:40.321695,13/08/26,13:15:40
28151,0.13,28.151,127.88178039856489,12907007579,2026-08-13 13:16:08.472695,13/08/26,13:16:8
27504,0.13,27.504,130.89005235602093,12907035083,2026-08-13 13:16:35.976695,13/08/26,13:16:35
27476,0.13,27.476,131.02343863735624,12907062559,2026-08-13 13:17:03.452695,13/08/26,13:17:3
27551,0.13,27.551,130.66676345686182,12907090110,2026-08-13 13:17:31.003695,13/08/26,13:17:31
27622,0.13,27.622,130.33089566287742,12907117732,2026-08-13 13:17:58.625695,13/08/26,13:17:58
27974,0.13,27.974,128.69092728962607,12907145706,2026-08-13 13:18:26.599695,13/08/26,13:18:26
28180,0.13,28.18,127.75017743080198,12907173886,2026-08-13 13:18:54.779695,13/08/26,13:18:54
27780,0.13,27.78,129.58963282937364,12907201666,2026-08-13 13:19:22.559695,13/08/26,13:19:22
27863,0.13,27.863,129.20360334493773,12907229529,2026-08-13 13:19:50.422695,13/08/26,13:19:50
27776,0.13,27.776,129.6082949308756,12907257305,2026-08-13 13:20:18.198695,13/08/26,13:20:18
27647,0.13,27.647,130.2130430064745,12907284952,2026-08-13 13:20:45.845695,13/08/26,13:20:45
27511,0.13,27.511,130.856748209807,12907312463,2026-08-13 13:21:13.356695,13/08/26,13:21:13
27627,0.13,27.627,130.30730806819415,12907340090,2026-08-13 13:21:40.983695,13/08/26,13:21:40
27236,0.13,27.236,132.17799970627112,12907367326,2026-08-13 13:22:08.219695,13/08/26,13:22:8
27384,0.13,27.384,131.46362839614375,12907394710,2026-08-13 13:22:35.603695,13/08/26,13:22:35
27489,0.13,27.489,130.96147549929063,12907422199,2026-08-13 13:23:03.092695,13/08/26,13:23:3
27714,0.13,27.714,129.89824637367394,12907449913,2026-08-13 13:23:30.806695,13/08/26,13:23:30
27508,0.13,27.508,130.87101933982842,12907477421,2026-08-13 13:23:58.314695,13/08/26,13:23:58
27415,0.13,27.415,131.31497355462338,12907504836,2026-08-13 13:24:25.729695,13/08/26,13:24:25
27632,0.13,27.632,130.28372900984365,12907532468,2026-08-13 13:24:53.361695,13/08/26,13:24:53
27418,0.13,27.418,131.30060544168066,12907559886,2026-08-13 13:25:20.779695,13/08/26,13:25:20
27686,0.13,27.686,130.02961785740086,12907587572,2026-08-13 13:25:48.465695,13/08/26,13:25:48
27980,0.13,27.98,128.66333095067907,12907615552,2026-08-13 13:26:16.445695,13/08/26,13:26:16
28621,0.12,28.621,125.78176863142448,12907644173,2026-08-13 13:26:45.066695,13/08/26,13:26:45
28628,0.12,28.628,125.75101299427135,12907672801,2026-08-13 13:27:13.694695,13/08/26,13:27:13
28628,0.12,28.628,125.75101299427135,12907701429,2026-08-13 13:27:42.322695,13/08/26,13:27:42
14996,0.24,14.996,240.06401707121898,12907716425,2026-08-13 13:27:57.318695,13/08/26,13:27:57
17183,0.21,17.183,209.5093988244195,12907733608,2026-08-13 13:28:14.501695,13/08/26,13:28:14
17259,0.21,17.259,208.58682426560057,12907750867,2026-08-13 13:28:31.760695,13/08/26,13:28:31
17216,0.21,17.216,209.1078066914498,12907768083,2026-08-13 13:28:48.976695,13/08/26,13:28:48
17195,0.21,17.195,209.36318697295727,12907785278,2026-08-13 13:29:06.171695,13/08/26,13:29:6
17360,0.21,17.36,207.3732718894009,12907802638,2026-08-13 13:29:23.531695,13/08/26,13:29:23
17527,0.2,17.527,205.39738688880013,12907820165,2026-08-13 13:29:41.058695,13/08/26,13:29:41
17563,0.2,17.563,204.9763707794796,12907837728,2026-08-13 13:29:58.621695,13/08/26,13:29:58
17582,0.2,17.582,204.75486292799454,12907855310,2026-08-13 13:30:16.203695,13/08/26,13:30:16
17712,0.2,17.712,203.2520325203252,12907873022,2026-08-13 13:30:33.915695,13/08/26,13:30:33
17684,0.2,17.684,203.5738520696675,12907890706,2026-08-13 13:30:51.599695,13/08/26,13:30:51
17773,0.2,17.773,202.55443650481067,12907908479,2026-08-13 13:31:09.372695,13/08/26,13:31:9
17789,0.2,17.789,202.37225251559954,12907926268,2026-08-13 13:31:27.161695,13/08/26,13:31:27
17941,0.2,17.941,200.65771138732512,12907944209,2026-08-13 13:31:45.102695,13/08/26,13:31:45
18070,0.2,18.07,199.22523519645821,12907962279,2026-08-13 13:32:03.172695,13/08/26,13:32:3
17979,0.2,17.979,200.2336058735191,12907980258,2026-08-13 13:32:21.151695,13/08/26,13:32:21
18109,0.2,18.109,198.7961786956762,12907998367,2026-08-13 13:32:39.260695,13/08/26,13:32:39
18129,0.2,18.129,198.57686579513486,12908016496,2026-08-13 13:32:57.389695,13/08/26,13:32:57
18145,0.2,18.145,198.40176357123175,12908034641,2026-08-13 13:33:15.534695,13/08/26,13:33:15
18169,0.2,18.169,198.13968848037868,12908052810,2026-08-13 13:33:33.703695,13/08/26,13:33:33
18235,0.2,18.235,197.42253907321086,12908071045,2026-08-13 13:33:51.938695,13/08/26,13:33:51
18257,0.2,18.257,197.18464150736705,12908089302,2026-08-13 13:34:10.195695,13/08/26,13:34:10
18316,0.2,18.316,196.54946494867875,12908107618,2026-08-13 13:34:28.511695,13/08/26,13:34:28
18357,0.2,18.357,196.11047556790325,12908125975,2026-08-13 13:34:46.868695,13/08/26,13:34:46
18254,0.2,18.254,197.21704831817684,12908144229,2026-08-13 13:35:05.122695,13/08/26,13:35:5
18391,0.19,18.391,195.7479201783481,12908162620,2026-08-13 13:35:23.513695,13/08/26,13:35:23
18396,0.19,18.396,195.69471624266146,12908181016,2026-08-13 13:35:41.909695,13/08/26,13:35:41
28376,0.13,28.376,126.86777558500141,12908209392,2026-08-13 13:36:10.285695,13/08/26,13:36:10
28723,0.12,28.723,125.33509730877694,12908238115,2026-08-13 13:36:39.008695,13/08/26,13:36:39
28558,0.13,28.558,126.05924784648785,12908266673,2026-08-13 13:37:07.566695,13/08/26,13:37:7
27633,0.13,27.633,130.2790142221257,12908294306,2026-08-13 13:37:35.199695,13/08/26,13:37:35
27314,0.13,27.314,131.80054184667205,12908321620,2026-08-13 13:38:02.513695,13/08/26,13:38:2
27797,0.13,27.797,129.51037881785805,12908349417,2026-08-13 13:38:30.310695,13/08/26,13:38:30
27378,0.13,27.378,131.49243918474687,12908376795,2026-08-13 13:38:57.688695,13/08/26,13:38:57
27904,0.13,27.904,129.0137614678899,12908404699,2026-08-13 13:39:25.592695,13/08/26,13:39:25
28671,0.12,28.671,125.56241498378152,12908433370,2026-08-13 13:39:54.263695,13/08/26,13:39:54
27587,0.13,27.587,130.4962482328633,12908460957,2026-08-13 13:40:21.850695,13/08/26,13:40:21
28018,0.13,28.018,128.48882861017918,12908488975,2026-08-13 13:40:49.868695,13/08/26,13:40:49
28148,0.13,28.148,127.89540997584197,12908517123,2026-08-13 13:41:18.016695,13/08/26,13:41:18
28093,0.13,28.093,128.14580144519988,12908545216,2026-08-13 13:41:46.109695,13/08/26,13:41:46
28122,0.13,28.122,128.01365478984425,12908573338,2026-08-13 13:42:14.231695,13/08/26,13:42:14
28160,0.13,28.16,127.8409090909091,12908601498,2026-08-13 13:42:42.391695,13/08/26,13:42:42
28139,0.13,28.139,127.93631614485234,12908629637,2026-08-13 13:43:10.530695,13/08/26,13:43:10
28110,0.13,28.11,128.068303094984,12908657747,2026-08-13 13:43:38.640695,13/08/26,13:43:38
28174,0.13,28.174,127.77738340313765,12908685921,2026-08-13 13:44:06.814695,13/08/26,13:44:6
28243,0.13,28.243,127.46521261905605,12908714164,2026-08-13 13:44:35.057695,13/08/26,13:44:35
28253,0.13,28.253,127.4200969808516,12908742417,2026-08-13 13:45:03.310695,13/08/26,13:45:3
28126,0.13,28.126,127.99544905070042,12908770543,2026-08-13 13:45:31.436695,13/08/26,13:45:31
28244,0.13,28.244,127.4606996176179,12908798787,2026-08-13 13:45:59.680695,13/08/26,13:45:59
27923,0.13,27.923,128.92597500268596,12908826710,2026-08-13 13:46:27.603695,13/08/26,13:46:27
28099,0.13,28.099,128.11843837858999,12908854809,2026-08-13 13:46:55.702695,13/08/26,13:46:55
27898,0.13,27.898,129.04150835185317,12908882707,2026-08-13 13:47:23.600695,13/08/26,13:47:23
28000,0.13,28.0,128.57142857142858,12908910707,2026-08-13 13:47:51.600695,13/08/26,13:47:51
27609,0.13,27.609,130.39226339237206,12908938316,2026-08-13 13:48:19.209695,13/08/26,13:48:19
28125,0.13,28.125,128.0,12908966441,2026-08-13 13:48:47.334695,13/08/26,13:48:47
27803,0.13,27.803,129.48242995360212,12908994244,2026-08-13 13:49:15.137695,13/08/26,13:49:15
27956,0.13,27.956,128.77378738016884,12909022200,2026-08-13 13:49:43.093695,13/08/26,13:49:43
27938,0.13,27.938,128.85675424153482,12909050138,2026-08-13 13:50:11.031695,13/08/26,13:50:11
27976,0.13,27.976,128.68172719473836,12909078114,2026-08-13 13:50:39.007695,13/08/26,13:50:39
27988,0.13,27.988,128.62655423753037,12909106102,2026-08-13 13:51:06.995695,13/08/26,13:51:6
28021,0.13,28.021,128.47507226722814,12909134123,2026-08-13 13:51:35.016695,13/08/26,13:51:35
28474,0.13,28.474,126.43113015382454,12909162597,2026-08-13 13:52:03.490695,13/08/26,13:52:3
28590,0.12,28.59,125.91815320041972,12909191187,2026-08-13 13:52:32.080695,13/08/26,13:52:32
28744,0.12,28.744,125.24352908433065,12909219931,2026-08-13 13:53:00.824695,13/08/26,13:53:0
28594,0.12,28.594,125.90053857452612,12909248525,2026-08-13 13:53:29.418695,13/08/26,13:53:29
28689,0.12,28.689,125.4836348426226,12909277214,2026-08-13 13:53:58.107695,13/08/26,13:53:58
28649,0.12,28.649,125.6588362595553,12909305863,2026-08-13 13:54:26.756695,13/08/26,13:54:26
28833,0.12,28.833,124.85693476225158,12909334696,2026-08-13 13:54:55.589695,13/08/26,13:54:55
28514,0.13,28.514,126.25377007785649,12909363210,2026-08-13 13:55:24.103695,13/08/26,13:55:24
28748,0.12,28.748,125.2261026854042,12909391958,2026-08-13 13:55:52.851695,13/08/26,13:55:52
28617,0.12,28.617,125.79935003669148,12909420575,2026-08-13 13:56:21.468695,13/08/26,13:56:21
28886,0.12,28.886,124.62784740012462,12909449461,2026-08-13 13:56:50.354695,13/08/26,13:56:50
28747,0.12,28.747,125.23045883048665,12909478208,2026-08-13 13:57:19.101695,13/08/26,13:57:19
28724,0.12,28.724,125.33073388107506,12909506932,2026-08-13 13:57:47.825695,13/08/26,13:57:47
28530,0.13,28.53,126.18296529968454,12909535462,2026-08-13 13:58:16.355695,13/08/26,13:58:16
24561,0.15,24.561,146.57383657017223,12909560023,2026-08-13 13:58:40.916695,13/08/26,13:58:40
6384,0.56,6.384,563.9097744360902,12909566407,2026-08-13 13:58:47.300695,13/08/26,13:58:47
6386,0.56,6.386,563.7331663012841,12909572793,2026-08-13 13:58:53.686695,13/08/26,13:58:53
6385,0.56,6.385,563.8214565387627,12909579178,2026-08-13 13:59:00.071695,13/08/26,13:59:0
4893,0.74,4.893,735.7449417535255,12909584071,2026-08-13 13:59:04.964695,13/08/26,13:59:4
2021,1.78,2.021,1781.2963879267688,12909586092,2026-08-13 13:59:06.985695,13/08/26,13:59:6
1969,1.83,1.969,1828.3392585068564,12909588061,2026-08-13 13:59:08.954695,13/08/26,13:59:8
1930,1.87,1.93,1865.2849740932643,12909589991,2026-08-13 13:59:10.884695,13/08/26,13:59:10
1920,1.88,1.92,1875.0,12909591911,2026-08-13 13:59:12.804695,13/08/26,13:59:12
1923,1.87,1.923,1872.0748829953197,12909593834,2026-08-13 13:59:14.727695,13/08/26,13:59:14
1917,1.88,1.917,1877.9342723004695,12909595751,2026-08-13 13:59:16.644695,13/08/26,13:59:16
1922,1.87,1.922,1873.0489073881374,12909597673,2026-08-13 13:59:18.566695,13/08/26,13:59:18
1954,1.84,1.954,1842.374616171955,12909599627,2026-08-13 13:59:20.520695,13/08/26,13:59:20
1939,1.86,1.939,1856.62712738525,12909601566,2026-08-13 13:59:22.459695,13/08/26,13:59:22
1917,1.88,1.917,1877.9342723004695,12909603483,2026-08-13 13:59:24.376695,13/08/26,13:59:24
1921,1.87,1.921,1874.0239458615304,12909605404,2026-08-13 13:59:26.297695,13/08/26,13:59:26
1924,1.87,1.924,1871.1018711018712,12909607328,2026-08-13 13:59:28.221695,13/08/26,13:59:28
2793,1.29,2.793,1288.936627282492,12909610121,2026-08-13 13:59:31.014695,13/08/26,13:59:31
5913,0.61,5.913,608.8280060882801,12909616034,2026-08-13 13:59:36.927695,13/08/26,13:59:36
5913,0.61,5.913,608.8280060882801,12909621947,2026-08-13 13:59:42.840695,13/08/26,13:59:42
5914,0.61,5.914,608.725059181603,12909627861,2026-08-13 13:59:48.754695,13/08/26,13:59:48
4748,0.76,4.748,758.2139848357203,12909632609,2026-08-13 13:59:53.502695,13/08/26,13:59:53
1933,1.86,1.933,1862.3900672529746,12909634542,2026-08-13 13:59:55.435695,13/08/26,13:59:55
1970,1.83,1.97,1827.4111675126903,12909636512,2026-08-13 13:59:57.405695,13/08/26,13:59:57
1942,1.85,1.942,1853.7590113285273,12909638454,2026-08-13 13:59:59.347695,13/08/26,13:59:59
5027,0.72,5.027,716.1328824348518,12909643481,2026-08-13 14:00:04.374695,13/08/26,14:0:4
5936,0.61,5.936,606.4690026954178,12909649417,2026-08-13 14:00:10.310695,13/08/26,14:0:10
5888,0.61,5.888,611.4130434782609,12909655305,2026-08-13 14:00:16.198695,13/08/26,14:0:16
5779,0.62,5.779,622.945146219069,12909661084,2026-08-13 14:00:21.977695,13/08/26,14:0:21
2690,1.34,2.69,1338.2899628252787,12909663774,2026-08-13 14:00:24.667695,13/08/26,14:0:24
1931,1.86,1.931,1864.3190056965302,12909665705,2026-08-13 14:00:26.598695,13/08/26,14:0:26
1939,1.86,1.939,1856.62712738525,12909667644,2026-08-13 14:00:28.537695,13/08/26,14:0:28
3673,0.98,3.673,980.1252382248842,12909671317,2026-08-13 14:00:32.210695,13/08/26,14:0:32
5973,0.6,5.973,602.7122049221497,12909677290,2026-08-13 14:00:38.183695,13/08/26,14:0:38
6339,0.57,6.339,567.9129200189304,12909683629,2026-08-13 14:00:44.522695,13/08/26,14:0:44
6323,0.57,6.323,569.3499920923613,12909689952,2026-08-13 14:00:50.845695,13/08/26,14:0:50
6316,0.57,6.316,569.9810006333122,12909696268,2026-08-13 14:00:57.161695,13/08/26,14:0:57
6330,0.57,6.33,568.7203791469194,12909702598,2026-08-13 14:01:03.491695,13/08/26,14:1:3
6300,0.57,6.3,571.4285714285714,12909708898,2026-08-13 14:01:09.791695,13/08/26,14:1:9
6316,0.57,6.316,569.9810006333122,12909715214,2026-08-13 14:01:16.107695,13/08/26,14:1:16
6284,0.57,6.284,572.8835136855506,12909721498,2026-08-13 14:01:22.391695,13/08/26,14:1:22
6282,0.57,6.282,573.0659025787966,12909727780,2026-08-13 14:01:28.673695,13/08/26,14:1:28
6303,0.57,6.303,571.1565920990005,12909734083,2026-08-13 14:01:34.976695,13/08/26,14:1:34
6296,0.57,6.296,571.7916137229987,12909740379,2026-08-13 14:01:41.272695,13/08/26,14:1:41
6290,0.57,6.29,572.3370429252782,12909746669,2026-08-13 14:01:47.562695,13/08/26,14:1:47
6291,0.57,6.291,572.2460658082975,12909752960,2026-08-13 14:01:53.853695,13/08/26,14:1:53
6298,0.57,6.298,571.6100349317244,12909759258,2026-08-13 14:02:00.151695,13/08/26,14:2:0
6296,0.57,6.296,571.7916137229987,12909765554,2026-08-13 14:02:06.447695,13/08/26,14:2:6
6299,0.57,6.299,571.5192887759962,12909771853,2026-08-13 14:02:12.746695,13/08/26,14:2:12
6299,0.57,6.299,571.5192887759962,12909778152,2026-08-13 14:02:19.045695,13/08/26,14:2:19
6315,0.57,6.315,570.0712589073635,12909784467,2026-08-13 14:02:25.360695,13/08/26,14:2:25
6305,0.57,6.305,570.9754163362411,12909790772,2026-08-13 14:02:31.665695,13/08/26,14:2:31
6325,0.57,6.325,569.1699604743083,12909797097,2026-08-13 14:02:37.990695,13/08/26,14:2:37
6322,0.57,6.322,569.4400506168934,12909803419,2026-08-13 14:02:44.312695,13/08/26,14:2:44
6328,0.57,6.328,568.9001264222503,12909809747,2026-08-13 14:02:50.640695,13/08/26,14:2:50
6321,0.57,6.321,569.5301376364499,12909816068,2026-08-13 14:02:56.961695,13/08/26,14:2:56
6334,0.57,6.334,568.3612251341964,12909822402,2026-08-13 14:03:03.295695,13/08/26,14:3:3
6304,0.57,6.304,571.0659898477157,12909828706,2026-08-13 14:03:09.599695,13/08/26,14:3:9
6331,0.57,6.331,568.6305480966672,12909835037,2026-08-13 14:03:15.930695,13/08/26,14:3:15
6328,0.57,6.328,568.9001264222503,12909841365,2026-08-13 14:03:22.258695,13/08/26,14:3:22
6326,0.57,6.326,569.079987353778,12909847691,2026-08-13 14:03:28.584695,13/08/26,14:3:28
5463,0.66,5.463,658.9785831960461,12909853154,2026-08-13 14:03:34.047695,13/08/26,14:3:34
5350,0.67,5.35,672.8971962616822,12909858504,2026-08-13 14:03:39.397695,13/08/26,14:3:39
5544,0.65,5.544,649.3506493506494,12909864048,2026-08-13 14:03:44.941695,13/08/26,14:3:44
5533,0.65,5.533,650.6416049159587,12909869581,2026-08-13 14:03:50.474695,13/08/26,14:3:50
5526,0.65,5.526,651.4657980456026,12909875107,2026-08-13 14:03:56.000695,13/08/26,14:3:56
5519,0.65,5.519,652.2920818988947,12909880626,2026-08-13 14:04:01.519695,13/08/26,14:4:1
5523,0.65,5.523,651.8196632265074,12909886149,2026-08-13 14:04:07.042695,13/08/26,14:4:7
5529,0.65,5.529,651.1123168746609,12909891678,2026-08-13 14:04:12.571695,13/08/26,14:4:12
5529,0.65,5.529,651.1123168746609,12909897207,2026-08-13 14:04:18.100695,13/08/26,14:4:18
5521,0.65,5.521,652.0557869951095,12909902728,2026-08-13 14:04:23.621695,13/08/26,14:4:23
5521,0.65,5.521,652.0557869951095,12909908249,2026-08-13 14:04:29.142695,13/08/26,14:4:29
5514,0.65,5.514,652.8835690968444,12909913763,2026-08-13 14:04:34.656695,13/08/26,14:4:34
5517,0.65,5.517,652.5285481239804,12909919280,2026-08-13 14:04:40.173695,13/08/26,14:4:40
5503,0.65,5.503,654.1886243866982,12909924783,2026-08-13 14:04:45.676695,13/08/26,14:4:45
5513,0.65,5.513,653.0019952838745,12909930296,2026-08-13 14:04:51.189695,13/08/26,14:4:51
5514,0.65,5.514,652.8835690968444,12909935810,2026-08-13 14:04:56.703695,13/08/26,14:4:56
5523,0.65,5.523,651.8196632265074,12909941333,2026-08-13 14:05:02.226695,13/08/26,14:5:2
5520,0.65,5.52,652.1739130434783,12909946853,2026-08-13 14:05:07.746695,13/08/26,14:5:7
5551,0.65,5.551,648.5317960727797,12909952404,2026-08-13 14:05:13.297695,13/08/26,14:5:13
5567,0.65,5.567,646.6678641997485,12909957971,2026-08-13 14:05:18.864695,13/08/26,14:5:18
5572,0.65,5.572,646.0875807609476,12909963543,2026-08-13 14:05:24.436695,13/08/26,14:5:24
5568,0.65,5.568,646.551724137931,12909969111,2026-08-13 14:05:30.004695,13/08/26,14:5:30
5591,0.64,5.591,643.8919692362725,12909974702,2026-08-13 14:05:35.595695,13/08/26,14:5:35
5580,0.64,5.58,645.1612903225806,12909980282,2026-08-13 14:05:41.175695,13/08/26,14:5:41
5589,0.64,5.589,644.122383252818,12909985871,2026-08-13 14:05:46.764695,13/08/26,14:5:46
5582,0.64,5.582,644.9301325689717,12909991453,2026-08-13 14:05:52.346695,13/08/26,14:5:52
5575,0.64,5.575,645.7399103139013,12909997028,2026-08-13 14:05:57.921695,13/08/26,14:5:57
5577,0.64,5.577,645.5083378160301,12910002605,2026-08-13 14:06:03.498695,13/08/26,14:6:3
5556,0.65,5.556,647.9481641468683,12910008161,2026-08-13 14:06:09.054695,13/08/26,14:6:9
5573,0.64,5.573,645.9716490220707,12910013734,2026-08-13 14:06:14.627695,13/08/26,14:6:14
5576,0.64,5.576,645.6241032998565,12910019310,2026-08-13 14:06:20.203695,13/08/26,14:6:20
5595,0.64,5.595,643.4316353887399,12910024905,2026-08-13 14:06:25.798695,13/08/26,14:6:25
5597,0.64,5.597,643.2017152045739,12910030502,2026-08-13 14:06:31.395695,13/08/26,14:6:31
5593,0.64,5.593,643.6617200071518,12910036095,2026-08-13 14:06:36.988695,13/08/26,14:6:36
5597,0.64,5.597,643.2017152045739,12910041692,2026-08-13 14:06:42.585695,13/08/26,14:6:42
5592,0.64,5.592,643.7768240343347,12910047284,2026-08-13 14:06:48.177695,13/08/26,14:6:48
5594,0.64,5.594,643.5466571326422,12910052878,2026-08-13 14:06:53.771695,13/08/26,14:6:53
5595,0.64,5.595,643.4316353887399,12910058473,2026-08-13 14:06:59.366695,13/08/26,14:6:59
5586,0.64,5.586,644.468313641246,12910064059,2026-08-13 14:07:04.952695,13/08/26,14:7:4
5578,0.64,5.578,645.392613840086,12910069637,2026-08-13 14:07:10.530695,13/08/26,14:7:10
5590,0.64,5.59,644.0071556350626,12910075227,2026-08-13 14:07:16.120695,13/08/26,14:7:16
5598,0.64,5.598,643.0868167202573,12910080825,2026-08-13 14:07:21.718695,13/08/26,14:7:21
5600,0.64,5.6,642.8571428571429,12910086425,2026-08-13 14:07:27.318695,13/08/26,14:7:27
5582,0.64,5.582,644.9301325689717,12910092007,2026-08-13 14:07:32.900695,13/08/26,14:7:32
5577,0.64,5.577,645.5083378160301,12910097584,2026-08-13 14:07:38.477695,13/08/26,14:7:38
5561,0.65,5.561,647.3655817299046,12910103145,2026-08-13 14:07:44.038695,13/08/26,14:7:44
5582,0.64,5.582,644.9301325689717,12910108727,2026-08-13 14:07:49.620695,13/08/26,14:7:49
5588,0.64,5.588,644.2376521116679,12910114315,2026-08-13 14:07:55.208695,13/08/26,14:7:55
3167,1.14,3.167,1136.7224502683928,12910117482,2026-08-13 14:07:58.375695,13/08/26,14:7:58
1797,2.0,1.797,2003.338898163606,12910119279,2026-08-13 14:08:00.172695,13/08/26,14:8:0
1806,1.99,1.806,1993.3554817275747,12910121085,2026-08-13 14:08:01.978695,13/08/26,14:8:1
1822,1.98,1.822,1975.8507135016466,12910122907,2026-08-13 14:08:03.800695,13/08/26,14:8:3
1828,1.97,1.828,1969.3654266958424,12910124735,2026-08-13 14:08:05.628695,13/08/26,14:8:5
1829,1.97,1.829,1968.2886823400765,12910126564,2026-08-13 14:08:07.457695,13/08/26,14:8:7
1830,1.97,1.83,1967.2131147540983,12910128394,2026-08-13 14:08:09.287695,13/08/26,14:8:9
1835,1.96,1.835,1961.8528610354224,12910130229,2026-08-13 14:08:11.122695,13/08/26,14:8:11
1839,1.96,1.839,1957.5856443719413,12910132068,2026-08-13 14:08:12.961695,13/08/26,14:8:12
1841,1.96,1.841,1955.458989679522,12910133909,2026-08-13 14:08:14.802695,13/08/26,14:8:14
1836,1.96,1.836,1960.7843137254902,12910135745,2026-08-13 14:08:16.638695,13/08/26,14:8:16
1845,1.95,1.845,1951.219512195122,12910137590,2026-08-13 14:08:18.483695,13/08/26,14:8:18
1844,1.95,1.844,1952.2776572668113,12910139434,2026-08-13 14:08:20.327695,13/08/26,14:8:20
1848,1.95,1.848,1948.051948051948,12910141282,2026-08-13 14:08:22.175695,13/08/26,14:8:22
1842,1.95,1.842,1954.3973941368079,12910143124,2026-08-13 14:08:24.017695,13/08/26,14:8:24
1840,1.96,1.84,1956.5217391304348,12910144964,2026-08-13 14:08:25.857695,13/08/26,14:8:25
1846,1.95,1.846,1950.1625135427953,12910146810,2026-08-13 14:08:27.703695,13/08/26,14:8:27
1848,1.95,1.848,1948.051948051948,12910148658,2026-08-13 14:08:29.551695,13/08/26,14:8:29
1843,1.95,1.843,1953.3369506239826,12910150501,2026-08-13 14:08:31.394695,13/08/26,14:8:31
1850,1.95,1.85,1945.945945945946,12910152351,2026-08-13 14:08:33.244695,13/08/26,14:8:33
1855,1.94,1.855,1940.700808625337,12910154206,2026-08-13 14:08:35.099695,13/08/26,14:8:35
1841,1.96,1.841,1955.458989679522,12910156047,2026-08-13 14:08:36.940695,13/08/26,14:8:36
1849,1.95,1.849,1946.998377501352,12910157896,2026-08-13 14:08:38.789695,13/08/26,14:8:38
1847,1.95,1.847,1949.1066594477531,12910159743,2026-08-13 14:08:40.636695,13/08/26,14:8:40
1843,1.95,1.843,1953.3369506239826,12910161586,2026-08-13 14:08:42.479695,13/08/26,14:8:42
1840,1.96,1.84,1956.5217391304348,12910163426,2026-08-13 14:08:44.319695,13/08/26,14:8:44
1836,1.96,1.836,1960.7843137254902,12910165262,2026-08-13 14:08:46.155695,13/08/26,14:8:46
1846,1.95,1.846,1950.1625135427953,12910167108,2026-08-13 14:08:48.001695,13/08/26,14:8:48
1842,1.95,1.842,1954.3973941368079,12910168950,2026-08-13 14:08:49.843695,13/08/26,14:8:49
1843,1.95,1.843,1953.3369506239826,12910170793,2026-08-13 14:08:51.686695,13/08/26,14:8:51
1842,1.95,1.842,1954.3973941368079,12910172635,2026-08-13 14:08:53.528695,13/08/26,14:8:53
1847,1.95,1.847,1949.1066594477531,12910174482,2026-08-13 14:08:55.375695,13/08/26,14:8:55
1837,1.96,1.837,1959.71692977681,12910176319,2026-08-13 14:08:57.212695,13/08/26,14:8:57
1843,1.95,1.843,1953.3369506239826,12910178162,2026-08-13 14:08:59.055695,13/08/26,14:8:59
1843,1.95,1.843,1953.3369506239826,12910180005,2026-08-13 14:09:00.898695,13/08/26,14:9:0
1843,1.95,1.843,1953.3369506239826,12910181848,2026-08-13 14:09:02.741695,13/08/26,14:9:2
1844,1.95,1.844,1952.2776572668113,12910183692,2026-08-13 14:09:04.585695,13/08/26,14:9:4
1835,1.96,1.835,1961.8528610354224,12910185527,2026-08-13 14:09:06.420695,13/08/26,14:9:6
1843,1.95,1.843,1953.3369506239826,12910187370,2026-08-13 14:09:08.263695,13/08/26,14:9:8
1838,1.96,1.838,1958.650707290533,12910189208,2026-08-13 14:09:10.101695,13/08/26,14:9:10
1848,1.95,1.848,1948.051948051948,12910191056,2026-08-13 14:09:11.949695,13/08/26,14:9:11
1846,1.95,1.846,1950.1625135427953,12910192902,2026-08-13 14:09:13.795695,13/08/26,14:9:13
1849,1.95,1.849,1946.998377501352,12910194751,2026-08-13 14:09:15.644695,13/08/26,14:9:15
1844,1.95,1.844,1952.2776572668113,12910196595,2026-08-13 14:09:17.488695,13/08/26,14:9:17
1845,1.95,1.845,1951.219512195122,12910198440,2026-08-13 14:09:19.333695,13/08/26,14:9:19
1848,1.95,1.848,1948.051948051948,12910200288,2026-08-13 14:09:21.181695,13/08/26,14:9:21
1848,1.95,1.848,1948.051948051948,12910202136,2026-08-13 14:09:23.029695,13/08/26,14:9:23
1848,1.95,1.848,1948.051948051948,12910203984,2026-08-13 14:09:24.877695,13/08/26,14:9:24
1844,1.95,1.844,1952.2776572668113,12910205828,2026-08-13 14:09:26.721695,13/08/26,14:9:26
1852,1.94,1.852,1943.8444924406047,12910207680,2026-08-13 14:09:28.573695,13/08/26,14:9:28
1852,1.94,1.852,1943.8444924406047,12910209532,2026-08-13 14:09:30.425695,13/08/26,14:9:30
1851,1.94,1.851,1944.8946515397083,12910211383,2026-08-13 14:09:32.276695,13/08/26,14:9:32
1848,1.95,1.848,1948.051948051948,12910213231,2026-08-13 14:09:34.124695,13/08/26,14:9:34
1847,1.95,1.847,1949.1066594477531,12910215078,2026-08-13 14:09:35.971695,13/08/26,14:9:35
1849,1.95,1.849,1946.998377501352,12910216927,2026-08-13 14:09:37.820695,13/08/26,14:9:37
1851,1.94,1.851,1944.8946515397083,12910218778,2026-08-13 14:09:39.671695,13/08/26,14:9:39
1852,1.94,1.852,1943.8444924406047,12910220630,2026-08-13 14:09:41.523695,13/08/26,14:9:41
1850,1.95,1.85,1945.945945945946,12910222480,2026-08-13 14:09:43.373695,13/08/26,14:9:43
1853,1.94,1.853,1942.7954668105774,12910224333,2026-08-13 14:09:45.226695,13/08/26,14:9:45
1844,1.95,1.844,1952.2776572668113,12910226177,2026-08-13 14:09:47.070695,13/08/26,14:9:47
1850,1.95,1.85,1945.945945945946,12910228027,2026-08-13 14:09:48.920695,13/08/26,14:9:48
1851,1.94,1.851,1944.8946515397083,12910229878,2026-08-13 14:09:50.771695,13/08/26,14:9:50
1850,1.95,1.85,1945.945945945946,12910231728,2026-08-13 14:09:52.621695,13/08/26,14:9:52
1850,1.95,1.85,1945.945945945946,12910233578,2026-08-13 14:09:54.471695,13/08/26,14:9:54
1842,1.95,1.842,1954.3973941368079,12910235420,2026-08-13 14:09:56.313695,13/08/26,14:9:56
1850,1.95,1.85,1945.945945945946,12910237270,2026-08-13 14:09:58.163695,13/08/26,14:9:58
1840,1.96,1.84,1956.5217391304348,12910239110,2026-08-13 14:10:00.003695,13/08/26,14:10:0
1835,1.96,1.835,1961.8528610354224,12910240945,2026-08-13 14:10:01.838695,13/08/26,14:10:1
1835,1.96,1.835,1961.8528610354224,12910242780,2026-08-13 14:10:03.673695,13/08/26,14:10:3
1844,1.95,1.844,1952.2776572668113,12910244624,2026-08-13 14:10:05.517695,13/08/26,14:10:5
1836,1.96,1.836,1960.7843137254902,12910246460,2026-08-13 14:10:07.353695,13/08/26,14:10:7
1843,1.95,1.843,1953.3369506239826,12910248303,2026-08-13 14:10:09.196695,13/08/26,14:10:9
1844,1.95,1.844,1952.2776572668113,12910250147,2026-08-13 14:10:11.040695,13/08/26,14:10:11
1847,1.95,1.847,1949.1066594477531,12910251994,2026-08-13 14:10:12.887695,13/08/26,14:10:12
1844,1.95,1.844,1952.2776572668113,12910253838,2026-08-13 14:10:14.731695,13/08/26,14:10:14
1837,1.96,1.837,1959.71692977681,12910255675,2026-08-13 14:10:16.568695,13/08/26,14:10:16
1845,1.95,1.845,1951.219512195122,12910257520,2026-08-13 14:10:18.413695,13/08/26,14:10:18
1843,1.95,1.843,1953.3369506239826,12910259363,2026-08-13 14:10:20.256695,13/08/26,14:10:20
1844,1.95,1.844,1952.2776572668113,12910261207,2026-08-13 14:10:22.100695,13/08/26,14:10:22
1846,1.95,1.846,1950.1625135427953,12910263053,2026-08-13 14:10:23.946695,13/08/26,14:10:23
1850,1.95,1.85,1945.945945945946,12910264903,2026-08-13 14:10:25.796695,13/08/26,14:10:25
1841,1.96,1.841,1955.458989679522,12910266744,2026-08-13 14:10:27.637695,13/08/26,14:10:27
1840,1.96,1.84,1956.5217391304348,12910268584,2026-08-13 14:10:29.477695,13/08/26,14:10:29
1842,1.95,1.842,1954.3973941368079,12910270426,2026-08-13 14:10:31.319695,13/08/26,14:10:31
2056,1.75,2.056,1750.9727626459144,12910272482,2026-08-13 14:10:33.375695,13/08/26,14:10:33
3031,1.19,3.031,1187.726822830749,12910275513,2026-08-13 14:10:36.406695,13/08/26,14:10:36
3036,1.18,3.036,1185.7707509881423,12910278549,2026-08-13 14:10:39.442695,13/08/26,14:10:39
3038,1.18,3.038,1184.990125082291,12910281587,2026-08-13 14:10:42.480695,13/08/26,14:10:42
3102,1.16,3.102,1160.5415860735009,12910284689,2026-08-13 14:10:45.582695,13/08/26,14:10:45
3142,1.14,3.142,1145.7670273711012,12910287831,2026-08-13 14:10:48.724695,13/08/26,14:10:48
3050,1.18,3.05,1180.327868852459,12910290881,2026-08-13 14:10:51.774695,13/08/26,14:10:51
3040,1.18,3.04,1184.2105263157894,12910293921,2026-08-13 14:10:54.814695,13/08/26,14:10:54
3030,1.19,3.03,1188.118811881188,12910296951,2026-08-13 14:10:57.844695,13/08/26,14:10:57
3050,1.18,3.05,1180.327868852459,12910300001,2026-08-13 14:11:00.894695,13/08/26,14:11:0
3053,1.18,3.053,1179.168031444481,12910303054,2026-08-13 14:11:03.947695,13/08/26,14:11:3
3035,1.19,3.035,1186.161449752883,12910306089,2026-08-13 14:11:06.982695,13/08/26,14:11:6
3047,1.18,3.047,1181.48999015425,12910309136,2026-08-13 14:11:10.029695,13/08/26,14:11:10
3054,1.18,3.054,1178.7819253438115,12910312190,2026-08-13 14:11:13.083695,13/08/26,14:11:13
3061,1.18,3.061,1176.0862463247304,12910315251,2026-08-13 14:11:16.144695,13/08/26,14:11:16
3524,1.02,3.524,1021.5664018161181,12910318775,2026-08-13 14:11:19.668695,13/08/26,14:11:19
3517,1.02,3.517,1023.5996588001137,12910322292,2026-08-13 14:11:23.185695,13/08/26,14:11:23
3495,1.03,3.495,1030.0429184549357,12910325787,2026-08-13 14:11:26.680695,13/08/26,14:11:26
3503,1.03,3.503,1027.6905509563232,12910329290,2026-08-13 14:11:30.183695,13/08/26,14:11:30
3493,1.03,3.493,1030.6326939593473,12910332783,2026-08-13 14:11:33.676695,13/08/26,14:11:33
3505,1.03,3.505,1027.1041369472182,12910336288,2026-08-13 14:11:37.181695,13/08/26,14:11:37
3512,1.02,3.512,1025.0569476082005,12910339800,2026-08-13 14:11:40.693695,13/08/26,14:11:40
3509,1.02,3.509,1025.9333143345682,12910343309,2026-08-13 14:11:44.202695,13/08/26,14:11:44
3508,1.03,3.508,1026.2257696693273,12910346817,2026-08-13 14:11:47.710695,13/08/26,14:11:47
3504,1.03,3.504,1027.3972602739725,12910350321,2026-08-13 14:11:51.214695,13/08/26,14:11:51
3567,1.01,3.567,1009.251471825063,12910353888,2026-08-13 14:11:54.781695,13/08/26,14:11:54
3766,0.95,3.766,955.9214020180563,12910357654,2026-08-13 14:11:58.547695,13/08/26,14:11:58
3750,0.96,3.75,960.0,12910361404,2026-08-13 14:12:02.297695,13/08/26,14:12:2
3756,0.96,3.756,958.4664536741215,12910365160,2026-08-13 14:12:06.053695,13/08/26,14:12:6
3747,0.96,3.747,960.7686148919136,12910368907,2026-08-13 14:12:09.800695,13/08/26,14:12:9
3747,0.96,3.747,960.7686148919136,12910372654,2026-08-13 14:12:13.547695,13/08/26,14:12:13
3737,0.96,3.737,963.3395772009634,12910376391,2026-08-13 14:12:17.284695,13/08/26,14:12:17
3724,0.97,3.724,966.702470461869,12910380115,2026-08-13 14:12:21.008695,13/08/26,14:12:21
4057,0.89,4.057,887.3551885629776,12910384172,2026-08-13 14:12:25.065695,13/08/26,14:12:25
6308,0.57,6.308,570.703868103995,12910390480,2026-08-13 14:12:31.373695,13/08/26,14:12:31
6381,0.56,6.381,564.1748942172073,12910396861,2026-08-13 14:12:37.754695,13/08/26,14:12:37
6383,0.56,6.383,563.9981200062666,12910403244,2026-08-13 14:12:44.137695,13/08/26,14:12:44
6381,0.56,6.381,564.1748942172073,12910409625,2026-08-13 14:12:50.518695,13/08/26,14:12:50
6383,0.56,6.383,563.9981200062666,12910416008,2026-08-13 14:12:56.901695,13/08/26,14:12:56
6400,0.56,6.4,562.5,12910422408,2026-08-13 14:13:03.301695,13/08/26,14:13:3
6383,0.56,6.383,563.9981200062666,12910428791,2026-08-13 14:13:09.684695,13/08/26,14:13:9
6415,0.56,6.415,561.1847233047545,12910435206,2026-08-13 14:13:16.099695,13/08/26,14:13:16
6417,0.56,6.417,561.0098176718093,12910441623,2026-08-13 14:13:22.516695,13/08/26,14:13:22
8786,0.41,8.786,409.7427725927612,12910450409,2026-08-13 14:13:31.302695,13/08/26,14:13:31
11295,0.32,11.295,318.7250996015936,12910461704,2026-08-13 14:13:42.597695,13/08/26,14:13:42
11309,0.32,11.309,318.33053320364314,12910473013,2026-08-13 14:13:53.906695,13/08/26,14:13:53
11266,0.32,11.266,319.54553523877155,12910484279,2026-08-13 14:14:05.172695,13/08/26,14:14:5
11286,0.32,11.286,318.9792663476874,12910495565,2026-08-13 14:14:16.458695,13/08/26,14:14:16
11333,0.32,11.333,317.6564016588723,12910506898,2026-08-13 14:14:27.791695,13/08/26,14:14:27
11293,0.32,11.293,318.7815460904985,12910518191,2026-08-13 14:14:39.084695,13/08/26,14:14:39
11310,0.32,11.31,318.3023872679045,12910529501,2026-08-13 14:14:50.394695,13/08/26,14:14:50
11272,0.32,11.272,319.37544357700494,12910540773,2026-08-13 14:15:01.666695,13/08/26,14:15:1
11297,0.32,11.297,318.66867309905285,12910552070,2026-08-13 14:15:12.963695,13/08/26,14:15:12
11248,0.32,11.248,320.05689900426745,12910563318,2026-08-13 14:15:24.211695,13/08/26,14:15:24
11071,0.32,11.071,325.17387769849154,12910574389,2026-08-13 14:15:35.282695,13/08/26,14:15:35
10946,0.33,10.946,328.8872647542481,12910585335,2026-08-13 14:15:46.228695,13/08/26,14:15:46
10895,0.33,10.895,330.42680128499313,12910596230,2026-08-13 14:15:57.123695,13/08/26,14:15:57
10935,0.33,10.935,329.2181069958848,12910607165,2026-08-13 14:16:08.058695,13/08/26,14:16:8
10989,0.33,10.989,327.6003276003276,12910618154,2026-08-13 14:16:19.047695,13/08/26,14:16:19
10967,0.33,10.967,328.2574997720434,12910629121,2026-08-13 14:16:30.014695,13/08/26,14:16:30
10924,0.33,10.924,329.54961552544853,12910640045,2026-08-13 14:16:40.938695,13/08/26,14:16:40
11047,0.32,11.047,325.88032950122204,12910651092,2026-08-13 14:16:51.985695,13/08/26,14:16:51
13625,0.26,13.625,264.2201834862385,12910664717,2026-08-13 14:17:05.610695,13/08/26,14:17:5
19899,0.18,19.899,180.91361374943463,12910684616,2026-08-13 14:17:25.509695,13/08/26,14:17:25
19988,0.18,19.988,180.10806483890335,12910704604,2026-08-13 14:17:45.497695,13/08/26,14:17:45
20063,0.18,20.063,179.43478044160892,12910724667,2026-08-13 14:18:05.560695,13/08/26,14:18:5
20488,0.17,20.488,175.7126122608356,12910745155,2026-08-13 14:18:26.048695,13/08/26,14:18:26
20697,0.17,20.697,173.9382519205682,12910765852,2026-08-13 14:18:46.745695,13/08/26,14:18:46
21268,0.17,21.268,169.26838442730863,12910787120,2026-08-13 14:19:08.013695,13/08/26,14:19:8
21348,0.17,21.348,168.63406408094434,12910808468,2026-08-13 14:19:29.361695,13/08/26,14:19:29
21305,0.17,21.305,168.97441915043416,12910829773,2026-08-13 14:19:50.666695,13/08/26,14:19:50
19667,0.18,19.667,183.04774495347536,12910849440,2026-08-13 14:20:10.333695,13/08/26,14:20:10
17221,0.21,17.221,209.0470936647117,12910866661,2026-08-13 14:20:27.554695,13/08/26,14:20:27
17271,0.21,17.271,208.44189682126108,12910883932,2026-08-13 14:20:44.825695,13/08/26,14:20:44
17359,0.21,17.359,207.38521804251397,12910901291,2026-08-13 14:21:02.184695,13/08/26,14:21:2
17237,0.21,17.237,208.8530486743633,12910918528,2026-08-13 14:21:19.421695,13/08/26,14:21:19
17249,0.21,17.249,208.7077511739811,12910935777,2026-08-13 14:21:36.670695,13/08/26,14:21:36
17396,0.21,17.396,206.9441250862267,12910953173,2026-08-13 14:21:54.066695,13/08/26,14:21:54
17243,0.21,17.243,208.7803746447834,12910970416,2026-08-13 14:22:11.309695,13/08/26,14:22:11
17433,0.21,17.433,206.50490449148168,12910987849,2026-08-13 14:22:28.742695,13/08/26,14:22:28
17331,0.21,17.331,207.72027003635105,12911005180,2026-08-13 14:22:46.073695,13/08/26,14:22:46
17484,0.2,17.484,205.9025394646534,12911022664,2026-08-13 14:23:03.557695,13/08/26,14:23:3
17309,0.21,17.309,207.98428563175227,12911039973,2026-08-13 14:23:20.866695,13/08/26,14:23:20
17468,0.21,17.468,206.09113808106252,12911057441,2026-08-13 14:23:38.334695,13/08/26,14:23:38
17518,0.2,17.518,205.5029112912433,12911074959,2026-08-13 14:23:55.852695,13/08/26,14:23:55
17374,0.21,17.374,207.2061701392886,12911092333,2026-08-13 14:24:13.226695,13/08/26,14:24:13
17580,0.2,17.58,204.77815699658703,12911109913,2026-08-13 14:24:30.806695,13/08/26,14:24:30
17612,0.2,17.612,204.40608675902794,12911127525,2026-08-13 14:24:48.418695,13/08/26,14:24:48
17441,0.21,17.441,206.41018290235652,12911144966,2026-08-13 14:25:05.859695,13/08/26,14:25:5
17513,0.2,17.513,205.56158282418775,12911162479,2026-08-13 14:25:23.372695,13/08/26,14:25:23
17568,0.2,17.568,204.91803278688525,12911180047,2026-08-13 14:25:40.940695,13/08/26,14:25:40
17596,0.2,17.596,204.5919527165265,12911197643,2026-08-13 14:25:58.536695,13/08/26,14:25:58
17475,0.21,17.475,206.00858369098714,12911215118,2026-08-13 14:26:16.011695,13/08/26,14:26:16
17511,0.2,17.511,205.58506081891383,12911232629,2026-08-13 14:26:33.522695,13/08/26,14:26:33
17587,0.2,17.587,204.69665093534996,12911250216,2026-08-13 14:26:51.109695,13/08/26,14:26:51
17529,0.2,17.529,205.37395173712133,12911267745,2026-08-13 14:27:08.638695,13/08/26,14:27:8
17566,0.2,17.566,204.94136399863373,12911285311,2026-08-13 14:27:26.204695,13/08/26,14:27:26
17628,0.2,17.628,204.22055820285908,12911302939,2026-08-13 14:27:43.832695,13/08/26,14:27:43
17585,0.2,17.585,204.71993176002275,12911320524,2026-08-13 14:28:01.417695,13/08/26,14:28:1
17502,0.2,17.502,205.6907781967775,12911338026,2026-08-13 14:28:18.919695,13/08/26,14:28:18
17630,0.2,17.63,204.1973908111174,12911355656,2026-08-13 14:28:36.549695,13/08/26,14:28:36
17616,0.2,17.616,204.35967302452315,12911373272,2026-08-13 14:28:54.165695,13/08/26,14:28:54
21863,0.16,21.863,164.66175730686547,12911395135,2026-08-13 14:29:16.028695,13/08/26,14:29:16
22207,0.16,22.207,162.1110460665556,12911417342,2026-08-13 14:29:38.235695,13/08/26,14:29:38
22439,0.16,22.439,160.43495699451847,12911439781,2026-08-13 14:30:00.674695,13/08/26,14:30:0
22396,0.16,22.396,160.74298981961064,12911462177,2026-08-13 14:30:23.070695,13/08/26,14:30:23
22118,0.16,22.118,162.7633601591464,12911484295,2026-08-13 14:30:45.188695,13/08/26,14:30:45
22203,0.16,22.203,162.14025131738956,12911506498,2026-08-13 14:31:07.391695,13/08/26,14:31:7
22244,0.16,22.244,161.84139543247616,12911528742,2026-08-13 14:31:29.635695,13/08/26,14:31:29
22422,0.16,22.422,160.55659620016056,12911551164,2026-08-13 14:31:52.057695,13/08/26,14:31:52
22279,0.16,22.279,161.58714484492123,12911573443,2026-08-13 14:32:14.336695,13/08/26,14:32:14
22412,0.16,22.412,160.62823487417455,12911595855,2026-08-13 14:32:36.748695,13/08/26,14:32:36
22440,0.16,22.44,160.42780748663102,12911618295,2026-08-13 14:32:59.188695,13/08/26,14:32:59
22396,0.16,22.396,160.74298981961064,12911640691,2026-08-13 14:33:21.584695,13/08/26,14:33:21
22419,0.16,22.419,160.57808109193095,12911663110,2026-08-13 14:33:44.003695,13/08/26,14:33:44
22255,0.16,22.255,161.76140193215008,12911685365,2026-08-13 14:34:06.258695,13/08/26,14:34:6
22254,0.16,22.254,161.76867080075493,12911707619,2026-08-13 14:34:28.512695,13/08/26,14:34:28
22475,0.16,22.475,160.17797552836484,12911730094,2026-08-13 14:34:50.987695,13/08/26,14:34:50
22338,0.16,22.338,161.16035455278,12911752432,2026-08-13 14:35:13.325695,13/08/26,14:35:13
22368,0.16,22.368,160.94420600858368,12911774800,2026-08-13 14:35:35.693695,13/08/26,14:35:35
22327,0.16,22.327,161.2397545572625,12911797127,2026-08-13 14:35:58.020695,13/08/26,14:35:58
21799,0.17,21.799,165.145190146337,12911818926,2026-08-13 14:36:19.819695,13/08/26,14:36:19
13007,0.28,13.007,276.77404474513725,12911831933,2026-08-13 14:36:32.826695,13/08/26,14:36:32
14789,0.24,14.789,243.42416661031848,12911846722,2026-08-13 14:36:47.615695,13/08/26,14:36:47
14703,0.24,14.703,244.8479902060804,12911861425,2026-08-13 14:37:02.318695,13/08/26,14:37:2
14669,0.25,14.669,245.41550207921466,12911876094,2026-08-13 14:37:16.987695,13/08/26,14:37:16
14777,0.24,14.777,243.6218447587467,12911890871,2026-08-13 14:37:31.764695,13/08/26,14:37:31
14837,0.24,14.837,242.63665161420772,12911905708,2026-08-13 14:37:46.601695,13/08/26,14:37:46
14888,0.24,14.888,241.80548092423427,12911920596,2026-08-13 14:38:01.489695,13/08/26,14:38:1
14898,0.24,14.898,241.64317358034634,12911935494,2026-08-13 14:38:16.387695,13/08/26,14:38:16
15069,0.24,15.069,238.90105514632688,12911950563,2026-08-13 14:38:31.456695,13/08/26,14:38:31
15080,0.24,15.08,238.72679045092838,12911965643,2026-08-13 14:38:46.536695,13/08/26,14:38:46
15177,0.24,15.177,237.20102787112077,12911980820,2026-08-13 14:39:01.713695,13/08/26,14:39:1
15074,0.24,15.074,238.8218123921985,12911995894,2026-08-13 14:39:16.787695,13/08/26,14:39:16
15212,0.24,15.212,236.65527215356298,12912011106,2026-08-13 14:39:31.999695,13/08/26,14:39:31
15239,0.24,15.239,236.2359734890741,12912026345,2026-08-13 14:39:47.238695,13/08/26,14:39:47
15256,0.23,15.256,235.97273203985318,12912041601,2026-08-13 14:40:02.494695,13/08/26,14:40:2
14767,0.24,14.767,243.7868219679014,12912056368,2026-08-13 14:40:17.261695,13/08/26,14:40:17
15074,0.24,15.074,238.8218123921985,12912071442,2026-08-13 14:40:32.335695,13/08/26,14:40:32
15185,0.24,15.185,237.07606190319393,12912086627,2026-08-13 14:40:47.520695,13/08/26,14:40:47
15198,0.24,15.198,236.8732727990525,12912101825,2026-08-13 14:41:02.718695,13/08/26,14:41:2
15217,0.24,15.217,236.57751199316553,12912117042,2026-08-13 14:41:17.935695,13/08/26,14:41:17
15205,0.24,15.205,236.7642222952976,12912132247,2026-08-13 14:41:33.140695,13/08/26,14:41:33
15263,0.23,15.263,235.86450894319597,12912147510,2026-08-13 14:41:48.403695,13/08/26,14:41:48
15282,0.23,15.282,235.57126030624264,12912162792,2026-08-13 14:42:03.685695,13/08/26,14:42:3
15190,0.24,15.19,236.9980250164582,12912177982,2026-08-13 14:42:18.875695,13/08/26,14:42:18
15364,0.23,15.364,234.31398073418382,12912193346,2026-08-13 14:42:34.239695,13/08/26,14:42:34
15380,0.23,15.38,234.0702210663199,12912208726,2026-08-13 14:42:49.619695,13/08/26,14:42:49
15329,0.23,15.329,234.84897905929938,12912224055,2026-08-13 14:43:04.948695,13/08/26,14:43:4
15343,0.23,15.343,234.6346868278694,12912239398,2026-08-13 14:43:20.291695,13/08/26,14:43:20
15447,0.23,15.447,233.05496212856866,12912254845,2026-08-13 14:43:35.738695,13/08/26,14:43:35
15430,0.23,15.43,233.31173039533377,12912270275,2026-08-13 14:43:51.168695,13/08/26,14:43:51
15441,0.23,15.441,233.14552166310472,12912285716,2026-08-13 14:44:06.609695,13/08/26,14:44:6
16329,0.22,16.329,220.4666544185192,12912302045,2026-08-13 14:44:22.938695,13/08/26,14:44:22
22400,0.16,22.4,160.71428571428572,12912324445,2026-08-13 14:44:45.338695,13/08/26,14:44:45
22231,0.16,22.231,161.9360352660699,12912346676,2026-08-13 14:45:07.569695,13/08/26,14:45:7
22342,0.16,22.342,161.13150120848627,12912369018,2026-08-13 14:45:29.911695,13/08/26,14:45:29
22337,0.16,22.337,161.16756950351436,12912391355,2026-08-13 14:45:52.248695,13/08/26,14:45:52
22245,0.16,22.245,161.83412002697236,12912413600,2026-08-13 14:46:14.493695,13/08/26,14:46:14
22235,0.16,22.235,161.90690353046998,12912435835,2026-08-13 14:46:36.728695,13/08/26,14:46:36
22287,0.16,22.287,161.5291425494683,12912458122,2026-08-13 14:46:59.015695,13/08/26,14:46:59
22157,0.16,22.157,162.47686961231213,12912480279,2026-08-13 14:47:21.172695,13/08/26,14:47:21
22307,0.16,22.307,161.38431882368764,12912502586,2026-08-13 14:47:43.479695,13/08/26,14:47:43
22178,0.16,22.178,162.32302281540265,12912524764,2026-08-13 14:48:05.657695,13/08/26,14:48:5
22267,0.16,22.267,161.674226433736,12912547031,2026-08-13 14:48:27.924695,13/08/26,14:48:27
22298,0.16,22.298,161.449457350435,12912569329,2026-08-13 14:48:50.222695,13/08/26,14:48:50
22246,0.16,22.246,161.82684527555514,12912591575,2026-08-13 14:49:12.468695,13/08/26,14:49:12
22351,0.16,22.351,161.06661894322403,12912613926,2026-08-13 14:49:34.819695,13/08/26,14:49:34
22356,0.16,22.356,161.0305958132045,12912636282,2026-08-13 14:49:57.175695,13/08/26,14:49:57
22213,0.16,22.213,162.06725791203348,12912658495,2026-08-13 14:50:19.388695,13/08/26,14:50:19
22448,0.16,22.448,160.37063435495367,12912680943,2026-08-13 14:50:41.836695,13/08/26,14:50:41
22695,0.16,22.695,158.62524785194978,12912703638,2026-08-13 14:51:04.531695,13/08/26,14:51:4
22524,0.16,22.524,159.82951518380395,12912726162,2026-08-13 14:51:27.055695,13/08/26,14:51:27
22593,0.16,22.593,159.34138892577346,12912748755,2026-08-13 14:51:49.648695,13/08/26,14:51:49
22575,0.16,22.575,159.468438538206,12912771330,2026-08-13 14:52:12.223695,13/08/26,14:52:12
22477,0.16,22.477,160.16372291675935,12912793807,2026-08-13 14:52:34.700695,13/08/26,14:52:34
16540,0.22,16.54,217.6541717049577,12912810347,2026-08-13 14:52:51.240695,13/08/26,14:52:51
22343,0.16,22.343,161.12428948664012,12912832690,2026-08-13 14:53:13.583695,13/08/26,14:53:13
21774,0.17,21.774,165.33480297602645,12912854464,2026-08-13 14:53:35.357695,13/08/26,14:53:35
21747,0.17,21.747,165.54007449303353,12912876211,2026-08-13 14:53:57.104695,13/08/26,14:53:57
21110,0.17,21.11,170.5352913311227,12912897321,2026-08-13 14:54:18.214695,13/08/26,14:54:18
21134,0.17,21.134,170.34162960158986,12912918455,2026-08-13 14:54:39.348695,13/08/26,14:54:39
21198,0.17,21.198,169.82734220209454,12912939653,2026-08-13 14:55:00.546695,13/08/26,14:55:0
21488,0.17,21.488,167.53536857781086,12912961141,2026-08-13 14:55:22.034695,13/08/26,14:55:22
21528,0.17,21.528,167.22408026755852,12912982669,2026-08-13 14:55:43.562695,13/08/26,14:55:43
21130,0.17,21.13,170.37387600567914,12913003799,2026-08-13 14:56:04.692695,13/08/26,14:56:4
20953,0.17,20.953,171.8131055218823,12913024752,2026-08-13 14:56:25.645695,13/08/26,14:56:25
20867,0.17,20.867,172.52120573153783,12913045619,2026-08-13 14:56:46.512695,13/08/26,14:56:46
21061,0.17,21.061,170.93205450833293,12913066680,2026-08-13 14:57:07.573695,13/08/26,14:57:7
21344,0.17,21.344,168.6656671664168,12913088024,2026-08-13 14:57:28.917695,13/08/26,14:57:28
21330,0.17,21.33,168.77637130801688,12913109354,2026-08-13 14:57:50.247695,13/08/26,14:57:50
21271,0.17,21.271,169.2445113064736,12913130625,2026-08-13 14:58:11.518695,13/08/26,14:58:11
22031,0.16,22.031,163.40610957287458,12913152656,2026-08-13 14:58:33.549695,13/08/26,14:58:33
22291,0.16,22.291,161.50015701404155,12913174947,2026-08-13 14:58:55.840695,13/08/26,14:58:55
22270,0.16,22.27,161.65244723843736,12913197217,2026-08-13 14:59:18.110695,13/08/26,14:59:18
22410,0.16,22.41,160.6425702811245,12913219627,2026-08-13 14:59:40.520695,13/08/26,14:59:40
22233,0.16,22.233,161.92146808797733,12913241860,2026-08-13 15:00:02.753695,13/08/26,15:0:2
21257,0.17,21.257,169.35597685468315,12913263117,2026-08-13 15:00:24.010695,13/08/26,15:0:24
21471,0.17,21.471,167.66801732569513,12913284588,2026-08-13 15:00:45.481695,13/08/26,15:0:45
21821,0.16,21.821,164.97869025250904,12913306409,2026-08-13 15:01:07.302695,13/08/26,15:1:7
21508,0.17,21.508,167.37957969127766,12913327917,2026-08-13 15:01:28.810695,13/08/26,15:1:28
21125,0.17,21.125,170.41420118343194,12913349042,2026-08-13 15:01:49.935695,13/08/26,15:1:49
21361,0.17,21.361,168.53143579420438,12913370403,2026-08-13 15:02:11.296695,13/08/26,15:2:11
21967,0.16,21.967,163.88218691673873,12913392370,2026-08-13 15:02:33.263695,13/08/26,15:2:33
22295,0.16,22.295,161.47118187934515,12913414665,2026-08-13 15:02:55.558695,13/08/26,15:2:55
22253,0.16,22.253,161.77594032265313,12913436918,2026-08-13 15:03:17.811695,13/08/26,15:3:17
22299,0.16,22.299,161.44221713978206,12913459217,2026-08-13 15:03:40.110695,13/08/26,15:3:40
22388,0.16,22.388,160.80042880114348,12913481605,2026-08-13 15:04:02.498695,13/08/26,15:4:2
22383,0.16,22.383,160.83634901487736,12913503988,2026-08-13 15:04:24.881695,13/08/26,15:4:24
22279,0.16,22.279,161.58714484492123,12913526267,2026-08-13 15:04:47.160695,13/08/26,15:4:47
21915,0.16,21.915,164.2710472279261,12913548182,2026-08-13 15:05:09.075695,13/08/26,15:5:9
21656,0.17,21.656,166.2356852604359,12913569838,2026-08-13 15:05:30.731695,13/08/26,15:5:30
22001,0.16,22.001,163.628925957911,12913591839,2026-08-13 15:05:52.732695,13/08/26,15:5:52
22104,0.16,22.104,162.86644951140065,12913613943,2026-08-13 15:06:14.836695,13/08/26,15:6:14
22369,0.16,22.369,160.93701104206716,12913636312,2026-08-13 15:06:37.205695,13/08/26,15:6:37
22287,0.16,22.287,161.5291425494683,12913658599,2026-08-13 15:06:59.492695,13/08/26,15:6:59
21612,0.17,21.612,166.5741254858412,12913680211,2026-08-13 15:07:21.104695,13/08/26,15:7:21
21860,0.16,21.86,164.6843549862763,12913702071,2026-08-13 15:07:42.964695,13/08/26,15:7:42
22106,0.16,22.106,162.85171446666064,12913724177,2026-08-13 15:08:05.070695,13/08/26,15:8:5
22086,0.16,22.086,162.99918500407497,12913746263,2026-08-13 15:08:27.156695,13/08/26,15:8:27
22436,0.16,22.436,160.45640934212872,12913768699,2026-08-13 15:08:49.592695,13/08/26,15:8:49
22233,0.16,22.233,161.92146808797733,12913790932,2026-08-13 15:09:11.825695,13/08/26,15:9:11
15337,0.23,15.337,234.72647845080525,12913806269,2026-08-13 15:09:27.162695,13/08/26,15:9:27
14649,0.25,14.649,245.75056317837394,12913820918,2026-08-13 15:09:41.811695,13/08/26,15:9:41
14625,0.25,14.625,246.15384615384616,12913835543,2026-08-13 15:09:56.436695,13/08/26,15:9:56
14460,0.25,14.46,248.96265560165975,12913850003,2026-08-13 15:10:10.896695,13/08/26,15:10:10
14455,0.25,14.455,249.04877205119337,12913864458,2026-08-13 15:10:25.351695,13/08/26,15:10:25
14587,0.25,14.587,246.79509151984644,12913879045,2026-08-13 15:10:39.938695,13/08/26,15:10:39
14580,0.25,14.58,246.91358024691357,12913893625,2026-08-13 15:10:54.518695,13/08/26,15:10:54
16553,0.22,16.553,217.48323566725065,12913910178,2026-08-13 15:11:11.071695,13/08/26,15:11:11
19826,0.18,19.826,181.579743770806,12913930004,2026-08-13 15:11:30.897695,13/08/26,15:11:30
18351,0.2,18.351,196.174595389897,12913948355,2026-08-13 15:11:49.248695,13/08/26,15:11:49
16479,0.22,16.479,218.4598580010923,12913964834,2026-08-13 15:12:05.727695,13/08/26,15:12:5
16567,0.22,16.567,217.29945071527735,12913981401,2026-08-13 15:12:22.294695,13/08/26,15:12:22
16954,0.21,16.954,212.339270968503,12913998355,2026-08-13 15:12:39.248695,13/08/26,15:12:39
16819,0.21,16.819,214.0436411201617,12914015174,2026-08-13 15:12:56.067695,13/08/26,15:12:56
16895,0.21,16.895,213.08079313406333,12914032069,2026-08-13 15:13:12.962695,13/08/26,15:13:12
17031,0.21,17.031,211.3792496036639,12914049100,2026-08-13 15:13:29.993695,13/08/26,15:13:29
17275,0.21,17.275,208.39363241678726,12914066375,2026-08-13 15:13:47.268695,13/08/26,15:13:47
17398,0.21,17.398,206.92033567076675,12914083773,2026-08-13 15:14:04.666695,13/08/26,15:14:4
17218,0.21,17.218,209.08351724939018,12914100991,2026-08-13 15:14:21.884695,13/08/26,15:14:21
17294,0.21,17.294,208.16468139239043,12914118285,2026-08-13 15:14:39.178695,13/08/26,15:14:39
17225,0.21,17.225,208.99854862119014,12914135510,2026-08-13 15:14:56.403695,13/08/26,15:14:56
17111,0.21,17.111,210.39097656478287,12914152621,2026-08-13 15:15:13.514695,13/08/26,15:15:13
17282,0.21,17.282,208.30922346950584,12914169903,2026-08-13 15:15:30.796695,13/08/26,15:15:30
17323,0.21,17.323,207.81619811810887,12914187226,2026-08-13 15:15:48.119695,13/08/26,15:15:48
17266,0.21,17.266,208.50225877447005,12914204492,2026-08-13 15:16:05.385695,13/08/26,15:16:5
16938,0.21,16.938,212.53985122210415,12914221430,2026-08-13 15:16:22.323695,13/08/26,15:16:22
17176,0.21,17.176,209.5947834187238,12914238606,2026-08-13 15:16:39.499695,13/08/26,15:16:39
17001,0.21,17.001,211.75224986765485,12914255607,2026-08-13 15:16:56.500695,13/08/26,15:16:56
16868,0.21,16.868,213.4218638842779,12914272475,2026-08-13 15:17:13.368695,13/08/26,15:17:13
24266,0.15,24.266,148.35572405835325,12914296741,2026-08-13 15:17:37.634695,13/08/26,15:17:37
26577,0.14,26.577,135.45546901456146,12914323318,2026-08-13 15:18:04.211695,13/08/26,15:18:4
26826,0.13,26.826,134.19816595839856,12914350144,2026-08-13 15:18:31.037695,13/08/26,15:18:31
27183,0.13,27.183,132.43571349740645,12914377327,2026-08-13 15:18:58.220695,13/08/26,15:18:58
27329,0.13,27.329,131.7282008123239,12914404656,2026-08-13 15:19:25.549695,13/08/26,15:19:25
27412,0.13,27.412,131.3293448124909,12914432068,2026-08-13 15:19:52.961695,13/08/26,15:19:52
27134,0.13,27.134,132.67487285324685,12914459202,2026-08-13 15:20:20.095695,13/08/26,15:20:20
27345,0.13,27.345,131.65112452002194,12914486547,2026-08-13 15:20:47.440695,13/08/26,15:20:47
27914,0.13,27.914,128.96754316830265,12914514461,2026-08-13 15:21:15.354695,13/08/26,15:21:15
27741,0.13,27.741,129.77181788688225,12914542202,2026-08-13 15:21:43.095695,13/08/26,15:21:43
27741,0.13,27.741,129.77181788688225,12914569943,2026-08-13 15:22:10.836695,13/08/26,15:22:10
27306,0.13,27.306,131.83915622940015,12914597249,2026-08-13 15:22:38.142695,13/08/26,15:22:38
27204,0.13,27.204,132.33348037053375,12914624453,2026-08-13 15:23:05.346695,13/08/26,15:23:5
27535,0.13,27.535,130.74269112039224,12914651988,2026-08-13 15:23:32.881695,13/08/26,15:23:32
27723,0.13,27.723,129.85607618223136,12914679711,2026-08-13 15:24:00.604695,13/08/26,15:24:0
27713,0.13,27.713,129.9029336412514,12914707424,2026-08-13 15:24:28.317695,13/08/26,15:24:28
27856,0.13,27.856,129.2360712234348,12914735280,2026-08-13 15:24:56.173695,13/08/26,15:24:56
27744,0.13,27.744,129.75778546712803,12914763024,2026-08-13 15:25:23.917695,13/08/26,15:25:23
27825,0.13,27.825,129.3800539083558,12914790849,2026-08-13 15:25:51.742695,13/08/26,15:25:51
27791,0.13,27.791,129.53833975027888,12914818640,2026-08-13 15:26:19.533695,13/08/26,15:26:19
27896,0.13,27.896,129.05075996558645,12914846536,2026-08-13 15:26:47.429695,13/08/26,15:26:47
27736,0.13,27.736,129.79521199884627,12914874272,2026-08-13 15:27:15.165695,13/08/26,15:27:15
27591,0.13,27.591,130.47732956398826,12914901863,2026-08-13 15:27:42.756695,13/08/26,15:27:42
26612,0.14,26.612,135.277318502931,12914928475,2026-08-13 15:28:09.368695,13/08/26,15:28:9
27187,0.13,27.187,132.41622834442933,12914955662,2026-08-13 15:28:36.555695,13/08/26,15:28:36
27583,0.13,27.583,130.5151723887902,12914983245,2026-08-13 15:29:04.138695,13/08/26,15:29:4
27702,0.13,27.702,129.9545159194282,12915010947,2026-08-13 15:29:31.840695,13/08/26,15:29:31
27863,0.13,27.863,129.20360334493773,12915038810,2026-08-13 15:29:59.703695,13/08/26,15:29:59
27679,0.13,27.679,130.06250225802955,12915066489,2026-08-13 15:30:27.382695,13/08/26,15:30:27
27503,0.13,27.503,130.8948114751118,12915093992,2026-08-13 15:30:54.885695,13/08/26,15:30:54
27703,0.13,27.703,129.94982492870807,12915121695,2026-08-13 15:31:22.588695,13/08/26,15:31:22
27672,0.13,27.672,130.09540329575023,12915149367,2026-08-13 15:31:50.260695,13/08/26,15:31:50
27671,0.13,27.671,130.1001048028622,12915177038,2026-08-13 15:32:17.931695,13/08/26,15:32:17
27251,0.13,27.251,132.1052438442626,12915204289,2026-08-13 15:32:45.182695,13/08/26,15:32:45
27712,0.13,27.712,129.90762124711316,12915232001,2026-08-13 15:33:12.894695,13/08/26,15:33:12
27865,0.13,27.865,129.19432980441414,12915259866,2026-08-13 15:33:40.759695,13/08/26,15:33:40
27774,0.13,27.774,129.61762799740765,12915287640,2026-08-13 15:34:08.533695,13/08/26,15:34:8
27972,0.13,27.972,128.7001287001287,12915315612,2026-08-13 15:34:36.505695,13/08/26,15:34:36
27931,0.13,27.931,128.8890480111704,12915343543,2026-08-13 15:35:04.436695,13/08/26,15:35:4
27784,0.13,27.784,129.5709761013533,12915371327,2026-08-13 15:35:32.220695,13/08/26,15:35:32
27853,0.13,27.853,129.24999102430618,12915399180,2026-08-13 15:36:00.073695,13/08/26,15:36:0
27830,0.13,27.83,129.35680919870643,12915427010,2026-08-13 15:36:27.903695,13/08/26,15:36:27
27907,0.13,27.907,128.99989250008957,12915454917,2026-08-13 15:36:55.810695,13/08/26,15:36:55
27673,0.13,27.673,130.09070212842843,12915482590,2026-08-13 15:37:23.483695,13/08/26,15:37:23
27831,0.13,27.831,129.3521612590277,12915510421,2026-08-13 15:37:51.314695,13/08/26,15:37:51
27792,0.13,27.792,129.5336787564767,12915538213,2026-08-13 15:38:19.106695,13/08/26,15:38:19
27991,0.13,27.991,128.6127683898396,12915566204,2026-08-13 15:38:47.097695,13/08/26,15:38:47
27728,0.13,27.728,129.8326601269475,12915593932,2026-08-13 15:39:14.825695,13/08/26,15:39:14
27894,0.13,27.894,129.0600129060013,12915621826,2026-08-13 15:39:42.719695,13/08/26,15:39:42
27364,0.13,27.364,131.5597134921795,12915649190,2026-08-13 15:40:10.083695,13/08/26,15:40:10
27296,0.13,27.296,131.88745603751465,12915676486,2026-08-13 15:40:37.379695,13/08/26,15:40:37
27246,0.13,27.246,132.1294868971592,12915703732,2026-08-13 15:41:04.625695,13/08/26,15:41:4
27216,0.13,27.216,132.27513227513228,12915730948,2026-08-13 15:41:31.841695,13/08/26,15:41:31
27035,0.13,27.035,133.16071758831146,12915757983,2026-08-13 15:41:58.876695,13/08/26,15:41:58
27312,0.13,27.312,131.81019332161688,12915785295,2026-08-13 15:42:26.188695,13/08/26,15:42:26
27073,0.13,27.073,132.9738115465593,12915812368,2026-08-13 15:42:53.261695,13/08/26,15:42:53
27355,0.13,27.355,131.60299762383477,12915839723,2026-08-13 15:43:20.616695,13/08/26,15:43:20
27221,0.13,27.221,132.25083575180926,12915866944,2026-08-13 15:43:47.837695,13/08/26,15:43:47
17507,0.2,17.507,205.63203290112526,12915884451,2026-08-13 15:44:05.344695,13/08/26,15:44:5
16615,0.22,16.615,216.67168221486608,12915901066,2026-08-13 15:44:21.959695,13/08/26,15:44:21
16745,0.21,16.745,214.98954911914004,12915917811,2026-08-13 15:44:38.704695,13/08/26,15:44:38
16482,0.22,16.482,218.42009464870767,12915934293,2026-08-13 15:44:55.186695,13/08/26,15:44:55
16394,0.22,16.394,219.59253385384898,12915950687,2026-08-13 15:45:11.580695,13/08/26,15:45:11
16509,0.22,16.509,218.06287479556605,12915967196,2026-08-13 15:45:28.089695,13/08/26,15:45:28
16945,0.21,16.945,212.45205075243436,12915984141,2026-08-13 15:45:45.034695,13/08/26,15:45:45
16811,0.21,16.811,214.14549997025756,12916000952,2026-08-13 15:46:01.845695,13/08/26,15:46:1
16570,0.22,16.57,217.2601086300543,12916017522,2026-08-13 15:46:18.415695,13/08/26,15:46:18
16749,0.21,16.749,214.93820526598603,12916034271,2026-08-13 15:46:35.164695,13/08/26,15:46:35
16747,0.21,16.747,214.96387412670927,12916051018,2026-08-13 15:46:51.911695,13/08/26,15:46:51
16773,0.21,16.773,214.63065641209087,12916067791,2026-08-13 15:47:08.684695,13/08/26,15:47:8
16919,0.21,16.919,212.7785330102252,12916084710,2026-08-13 15:47:25.603695,13/08/26,15:47:25
16961,0.21,16.961,212.25163610636164,12916101671,2026-08-13 15:47:42.564695,13/08/26,15:47:42
17030,0.21,17.03,211.39166177334116,12916118701,2026-08-13 15:47:59.594695,13/08/26,15:47:59
16982,0.21,16.982,211.98916499823343,12916135683,2026-08-13 15:48:16.576695,13/08/26,15:48:16
17157,0.21,17.157,209.8268928134289,12916152840,2026-08-13 15:48:33.733695,13/08/26,15:48:33
17179,0.21,17.179,209.55818150066943,12916170019,2026-08-13 15:48:50.912695,13/08/26,15:48:50
17215,0.21,17.215,209.1199535288992,12916187234,2026-08-13 15:49:08.127695,13/08/26,15:49:8
17333,0.21,17.333,207.69630185195868,12916204567,2026-08-13 15:49:25.460695,13/08/26,15:49:25
17397,0.21,17.397,206.93222969477497,12916221964,2026-08-13 15:49:42.857695,13/08/26,15:49:42
17438,0.21,17.438,206.44569331345338,12916239402,2026-08-13 15:50:00.295695,13/08/26,15:50:0
17299,0.21,17.299,208.10451471183305,12916256701,2026-08-13 15:50:17.594695,13/08/26,15:50:17
17421,0.21,17.421,206.6471499913897,12916274122,2026-08-13 15:50:35.015695,13/08/26,15:50:35
17486,0.2,17.486,205.87898890541004,12916291608,2026-08-13 15:50:52.501695,13/08/26,15:50:52
17483,0.2,17.483,205.9143167648573,12916309091,2026-08-13 15:51:09.984695,13/08/26,15:51:9
17615,0.2,17.615,204.37127448197558,12916326706,2026-08-13 15:51:27.599695,13/08/26,15:51:27
17638,0.2,17.638,204.10477378387571,12916344344,2026-08-13 15:51:45.237695,13/08/26,15:51:45
22515,0.16,22.515,159.89340439706862,12916366859,2026-08-13 15:52:07.752695,13/08/26,15:52:7
27316,0.13,27.316,131.7908917850344,12916394175,2026-08-13 15:52:35.068695,13/08/26,15:52:35
26834,0.13,26.834,134.15815756130283,12916421009,2026-08-13 15:53:01.902695,13/08/26,15:53:1
26520,0.14,26.52,135.74660633484163,12916447529,2026-08-13 15:53:28.422695,13/08/26,15:53:28
26546,0.14,26.546,135.61365177427862,12916474075,2026-08-13 15:53:54.968695,13/08/26,15:53:54
26442,0.14,26.442,136.14703880190606,12916500517,2026-08-13 15:54:21.410695,13/08/26,15:54:21
26772,0.13,26.772,134.4688480502017,12916527289,2026-08-13 15:54:48.182695,13/08/26,15:54:48
26556,0.14,26.556,135.56258472661546,12916553845,2026-08-13 15:55:14.738695,13/08/26,15:55:14
26727,0.13,26.727,134.69525199236728,12916580572,2026-08-13 15:55:41.465695,13/08/26,15:55:41
26650,0.14,26.65,135.08442776735458,12916607222,2026-08-13 15:56:08.115695,13/08/26,15:56:8
26735,0.13,26.735,134.6549466990836,12916633957,2026-08-13 15:56:34.850695,13/08/26,15:56:34
26703,0.13,26.703,134.81631277384562,12916660660,2026-08-13 15:57:01.553695,13/08/26,15:57:1
26559,0.14,26.559,135.54727211114877,12916687219,2026-08-13 15:57:28.112695,13/08/26,15:57:28
26770,0.13,26.77,134.478894284647,12916713989,2026-08-13 15:57:54.882695,13/08/26,15:57:54
26591,0.14,26.591,135.38415253281187,12916740580,2026-08-13 15:58:21.473695,13/08/26,15:58:21
26724,0.13,26.724,134.7103726986978,12916767304,2026-08-13 15:58:48.197695,13/08/26,15:58:48
26585,0.14,26.585,135.4147075418469,12916793889,2026-08-13 15:59:14.782695,13/08/26,15:59:14
26735,0.13,26.735,134.6549466990836,12916820624,2026-08-13 15:59:41.517695,13/08/26,15:59:41
26544,0.14,26.544,135.623869801085,12916847168,2026-08-13 16:00:08.061695,13/08/26,16:0:8
25865,0.14,25.865,139.18422578774405,12916873033,2026-08-13 16:00:33.926695,13/08/26,16:0:33
26277,0.14,26.277,137.00194086082885,12916899310,2026-08-13 16:01:00.203695,13/08/26,16:1:0
26146,0.14,26.146,137.68836533312935,12916925456,2026-08-13 16:01:26.349695,13/08/26,16:1:26
26105,0.14,26.105,137.90461597395134,12916951561,2026-08-13 16:01:52.454695,13/08/26,16:1:52
25732,0.14,25.732,139.9036219493238,12916977293,2026-08-13 16:02:18.186695,13/08/26,16:2:18
26096,0.14,26.096,137.952176578786,12917003389,2026-08-13 16:02:44.282695,13/08/26,16:2:44
26178,0.14,26.178,137.520055008022,12917029567,2026-08-13 16:03:10.460695,13/08/26,16:3:10
26294,0.14,26.294,136.91336426561193,12917055861,2026-08-13 16:03:36.754695,13/08/26,16:3:36
26287,0.14,26.287,136.94982310647848,12917082148,2026-08-13 16:04:03.041695,13/08/26,16:4:3
26047,0.14,26.047,138.21169424501863,12917108195,2026-08-13 16:04:29.088695,13/08/26,16:4:29
26484,0.14,26.484,135.9311282283643,12917134679,2026-08-13 16:04:55.572695,13/08/26,16:4:55
26737,0.13,26.737,134.64487414444403,12917161416,2026-08-13 16:05:22.309695,13/08/26,16:5:22
26872,0.13,26.872,133.9684429889848,12917188288,2026-08-13 16:05:49.181695,13/08/26,16:5:49
26719,0.13,26.719,134.73558142146038,12917215007,2026-08-13 16:06:15.900695,13/08/26,16:6:15
26738,0.13,26.738,134.63983843219387,12917241745,2026-08-13 16:06:42.638695,13/08/26,16:6:42
26712,0.13,26.712,134.77088948787062,12917268457,2026-08-13 16:07:09.350695,13/08/26,16:7:9
26823,0.13,26.823,134.213175260038,12917295280,2026-08-13 16:07:36.173695,13/08/26,16:7:36
26799,0.13,26.799,134.3333706481585,12917322079,2026-08-13 16:08:02.972695,13/08/26,16:8:2
26717,0.13,26.717,134.74566755249467,12917348796,2026-08-13 16:08:29.689695,13/08/26,16:8:29
26936,0.13,26.936,133.65013365013365,12917375732,2026-08-13 16:08:56.625695,13/08/26,16:8:56
26733,0.13,26.733,134.66502076085737,12917402465,2026-08-13 16:09:23.358695,13/08/26,16:9:23
26809,0.13,26.809,134.28326308329292,12917429274,2026-08-13 16:09:50.167695,13/08/26,16:9:50
26484,0.14,26.484,135.9311282283643,12917455758,2026-08-13 16:10:16.651695,13/08/26,16:10:16
26731,0.13,26.731,134.67509633010363,12917482489,2026-08-13 16:10:43.382695,13/08/26,16:10:43
26833,0.13,26.833,134.16315730630194,12917509322,2026-08-13 16:11:10.215695,13/08/26,16:11:10
27168,0.13,27.168,132.5088339222615,12917536490,2026-08-13 16:11:37.383695,13/08/26,16:11:37
26975,0.13,26.975,133.4569045412419,12917563465,2026-08-13 16:12:04.358695,13/08/26,16:12:4
26948,0.13,26.948,133.5906189698679,12917590413,2026-08-13 16:12:31.306695,13/08/26,16:12:31
27100,0.13,27.1,132.84132841328415,12917617513,2026-08-13 16:12:58.406695,13/08/26,16:12:58
26903,0.13,26.903,133.81407277998736,12917644416,2026-08-13 16:13:25.309695,13/08/26,16:13:25
27141,0.13,27.141,132.6406543605615,12917671557,2026-08-13 16:13:52.450695,13/08/26,16:13:52
27036,0.13,27.036,133.15579227696404,12917698593,2026-08-13 16:14:19.486695,13/08/26,16:14:19
27146,0.13,27.146,132.6162233846607,12917725739,2026-08-13 16:14:46.632695,13/08/26,16:14:46
27004,0.13,27.004,133.31358317286328,12917752743,2026-08-13 16:15:13.636695,13/08/26,16:15:13
26885,0.13,26.885,133.90366375302213,12917779628,2026-08-13 16:15:40.521695,13/08/26,16:15:40
26063,0.14,26.063,138.12684648735757,12917805691,2026-08-13 16:16:06.584695,13/08/26,16:16:6
26893,0.13,26.893,133.8638307366229,12917832584,2026-08-13 16:16:33.477695,13/08/26,16:16:33
26930,0.13,26.93,133.67991088005942,12917859514,2026-08-13 16:17:00.407695,13/08/26,16:17:0
26872,0.13,26.872,133.9684429889848,12917886386,2026-08-13 16:17:27.279695,13/08/26,16:17:27
27151,0.13,27.151,132.59180140694633,12917913537,2026-08-13 16:17:54.430695,13/08/26,16:17:54
26673,0.13,26.673,134.96794511303565,12917940210,2026-08-13 16:18:21.103695,13/08/26,16:18:21
27025,0.13,27.025,133.2099907493062,12917967235,2026-08-13 16:18:48.128695,13/08/26,16:18:48
26966,0.13,26.966,133.50144626566788,12917994201,2026-08-13 16:19:15.094695,13/08/26,16:19:15
24586,0.15,24.586,146.424794598552,12918018787,2026-08-13 16:19:39.680695,13/08/26,16:19:39
15761,0.23,15.761,228.41190279804582,12918034548,2026-08-13 16:19:55.441695,13/08/26,16:19:55
16506,0.22,16.506,218.10250817884406,12918051054,2026-08-13 16:20:11.947695,13/08/26,16:20:11
16645,0.22,16.645,216.28116551516973,12918067699,2026-08-13 16:20:28.592695,13/08/26,16:20:28
16679,0.22,16.679,215.84027819413635,12918084378,2026-08-13 16:20:45.271695,13/08/26,16:20:45
16608,0.22,16.608,216.76300578034682,12918100986,2026-08-13 16:21:01.879695,13/08/26,16:21:1
16769,0.21,16.769,214.6818534200012,12918117755,2026-08-13 16:21:18.648695,13/08/26,16:21:18
16967,0.21,16.967,212.17657806329936,12918134722,2026-08-13 16:21:35.615695,13/08/26,16:21:35
16982,0.21,16.982,211.98916499823343,12918151704,2026-08-13 16:21:52.597695,13/08/26,16:21:52
17049,0.21,17.049,211.15607953545663,12918168753,2026-08-13 16:22:09.646695,13/08/26,16:22:9
17175,0.21,17.175,209.6069868995633,12918185928,2026-08-13 16:22:26.821695,13/08/26,16:22:26
17284,0.21,17.284,208.28511918537376,12918203212,2026-08-13 16:22:44.105695,13/08/26,16:22:44
17313,0.21,17.313,207.93623288858083,12918220525,2026-08-13 16:23:01.418695,13/08/26,16:23:1
17247,0.21,17.247,208.73195338319707,12918237772,2026-08-13 16:23:18.665695,13/08/26,16:23:18
17413,0.21,17.413,206.74208924366852,12918255185,2026-08-13 16:23:36.078695,13/08/26,16:23:36
17402,0.21,17.402,206.87277324445466,12918272587,2026-08-13 16:23:53.480695,13/08/26,16:23:53
17356,0.21,17.356,207.42106476146577,12918289943,2026-08-13 16:24:10.836695,13/08/26,16:24:10
17483,0.2,17.483,205.9143167648573,12918307426,2026-08-13 16:24:28.319695,13/08/26,16:24:28
17564,0.2,17.564,204.96470052379868,12918324990,2026-08-13 16:24:45.883695,13/08/26,16:24:45
17621,0.2,17.621,204.3016854889053,12918342611,2026-08-13 16:25:03.504695,13/08/26,16:25:3
17563,0.2,17.563,204.9763707794796,12918360174,2026-08-13 16:25:21.067695,13/08/26,16:25:21
17670,0.2,17.67,203.73514431239389,12918377844,2026-08-13 16:25:38.737695,13/08/26,16:25:38
17677,0.2,17.677,203.65446625558636,12918395521,2026-08-13 16:25:56.414695,13/08/26,16:25:56
17504,0.2,17.504,205.6672760511883,12918413025,2026-08-13 16:26:13.918695,13/08/26,16:26:13
17782,0.2,17.782,202.4519176695535,12918430807,2026-08-13 16:26:31.700695,13/08/26,16:26:31
17800,0.2,17.8,202.24719101123594,12918448607,2026-08-13 16:26:49.500695,13/08/26,16:26:49
17498,0.2,17.498,205.73779860555493,12918466105,2026-08-13 16:27:06.998695,13/08/26,16:27:6
17791,0.2,17.791,202.34950255747287,12918483896,2026-08-13 16:27:24.789695,13/08/26,16:27:24
20590,0.17,20.59,174.84215638659543,12918504486,2026-08-13 16:27:45.379695,13/08/26,16:27:45
27096,0.13,27.096,132.86093888396812,12918531582,2026-08-13 16:28:12.475695,13/08/26,16:28:12
27513,0.13,27.513,130.84723585214263,12918559095,2026-08-13 16:28:39.988695,13/08/26,16:28:39
27073,0.13,27.073,132.9738115465593,12918586168,2026-08-13 16:29:07.061695,13/08/26,16:29:7
27297,0.13,27.297,131.88262446422684,12918613465,2026-08-13 16:29:34.358695,13/08/26,16:29:34
27386,0.13,27.386,131.4540276053458,12918640851,2026-08-13 16:30:01.744695,13/08/26,16:30:1
27230,0.13,27.23,132.20712449504222,12918668081,2026-08-13 16:30:28.974695,13/08/26,16:30:28
26871,0.13,26.871,133.973428603327,12918694952,2026-08-13 16:30:55.845695,13/08/26,16:30:55
27151,0.13,27.151,132.59180140694633,12918722103,2026-08-13 16:31:22.996695,13/08/26,16:31:22
27433,0.13,27.433,131.2288120147268,12918749536,2026-08-13 16:31:50.429695,13/08/26,16:31:50
27208,0.13,27.208,132.3140252866804,12918776744,2026-08-13 16:32:17.637695,13/08/26,16:32:17
27440,0.13,27.44,131.19533527696794,12918804184,2026-08-13 16:32:45.077695,13/08/26,16:32:45
27242,0.13,27.242,132.14888774686148,12918831426,2026-08-13 16:33:12.319695,13/08/26,16:33:12
27427,0.13,27.427,131.25751996208115,12918858853,2026-08-13 16:33:39.746695,13/08/26,16:33:39
27296,0.13,27.296,131.88745603751465,12918886149,2026-08-13 16:34:07.042695,13/08/26,16:34:7
27429,0.13,27.429,131.24794925079294,12918913578,2026-08-13 16:34:34.471695,13/08/26,16:34:34
27425,0.13,27.425,131.26709206927984,12918941003,2026-08-13 16:35:01.896695,13/08/26,16:35:1
27310,0.13,27.31,131.81984621017943,12918968313,2026-08-13 16:35:29.206695,13/08/26,16:35:29
27337,0.13,27.337,131.6896513882284,12918995650,2026-08-13 16:35:56.543695,13/08/26,16:35:56
27124,0.13,27.124,132.72378705205722,12919022774,2026-08-13 16:36:23.667695,13/08/26,16:36:23
27384,0.13,27.384,131.46362839614375,12919050158,2026-08-13 16:36:51.051695,13/08/26,16:36:51
27086,0.13,27.086,132.90999040094513,12919077244,2026-08-13 16:37:18.137695,13/08/26,16:37:18
27424,0.13,27.424,131.27187864644108,12919104668,2026-08-13 16:37:45.561695,13/08/26,16:37:45
27052,0.13,27.052,133.07703681798017,12919131720,2026-08-13 16:38:12.613695,13/08/26,16:38:12
27555,0.13,27.555,130.647795318454,12919159275,2026-08-13 16:38:40.168695,13/08/26,16:38:40
27111,0.13,27.111,132.7874294566781,12919186386,2026-08-13 16:39:07.279695,13/08/26,16:39:7
27470,0.13,27.47,131.05205678922462,12919213856,2026-08-13 16:39:34.749695,13/08/26,16:39:34
27266,0.13,27.266,132.03256803344826,12919241122,2026-08-13 16:40:02.015695,13/08/26,16:40:2
26274,0.14,26.274,137.01758392327017,12919267396,2026-08-13 16:40:28.289695,13/08/26,16:40:28
26753,0.13,26.753,134.56434792359735,12919294149,2026-08-13 16:40:55.042695,13/08/26,16:40:55
26617,0.14,26.617,135.2519066761844,12919320766,2026-08-13 16:41:21.659695,13/08/26,16:41:21
27070,0.13,27.07,132.98854820834873,12919347836,2026-08-13 16:41:48.729695,13/08/26,16:41:48
27630,0.13,27.63,130.29315960912052,12919375466,2026-08-13 16:42:16.359695,13/08/26,16:42:16
27808,0.13,27.808,129.45914844649022,12919403274,2026-08-13 16:42:44.167695,13/08/26,16:42:44
27720,0.13,27.72,129.87012987012986,12919430994,2026-08-13 16:43:11.887695,13/08/26,16:43:11
27907,0.13,27.907,128.99989250008957,12919458901,2026-08-13 16:43:39.794695,13/08/26,16:43:39
27826,0.13,27.826,129.37540429813842,12919486727,2026-08-13 16:44:07.620695,13/08/26,16:44:7
23741,0.15,23.741,151.6364095867908,12919510468,2026-08-13 16:44:31.361695,13/08/26,16:44:31
26534,0.14,26.534,135.67498304062713,12919537002,2026-08-13 16:44:57.895695,13/08/26,16:44:57
28404,0.13,28.404,126.74271229404309,12919565406,2026-08-13 16:45:26.299695,13/08/26,16:45:26
28352,0.13,28.352,126.97516930022573,12919593758,2026-08-13 16:45:54.651695,13/08/26,16:45:54
28118,0.13,28.118,128.03186570879865,12919621876,2026-08-13 16:46:22.769695,13/08/26,16:46:22
28523,0.13,28.523,126.21393261578375,12919650399,2026-08-13 16:46:51.292695,13/08/26,16:46:51
28077,0.13,28.077,128.2188267977348,12919678476,2026-08-13 16:47:19.369695,13/08/26,16:47:19
28490,0.13,28.49,126.36012636012636,12919706966,2026-08-13 16:47:47.859695,13/08/26,16:47:47
28092,0.13,28.092,128.15036309269544,12919735058,2026-08-13 16:48:15.951695,13/08/26,16:48:15
27877,0.13,27.877,129.1387165046454,12919762935,2026-08-13 16:48:43.828695,13/08/26,16:48:43
18116,0.2,18.116,198.71936409803487,12919781051,2026-08-13 16:49:01.944695,13/08/26,16:49:1
27153,0.13,27.153,132.5820351342393,12919808204,2026-08-13 16:49:29.097695,13/08/26,16:49:29
27616,0.13,27.616,130.35921205098492,12919835820,2026-08-13 16:49:56.713695,13/08/26,16:49:56
27151,0.13,27.151,132.59180140694633,12919862971,2026-08-13 16:50:23.864695,13/08/26,16:50:23
27876,0.13,27.876,129.14334911752044,12919890847,2026-08-13 16:50:51.740695,13/08/26,16:50:51
27364,0.13,27.364,131.5597134921795,12919918211,2026-08-13 16:51:19.104695,13/08/26,16:51:19
27883,0.13,27.883,129.11092780547287,12919946094,2026-08-13 16:51:46.987695,13/08/26,16:51:46
28069,0.13,28.069,128.2553706936478,12919974163,2026-08-13 16:52:15.056695,13/08/26,16:52:15
28416,0.13,28.416,126.6891891891892,12920002579,2026-08-13 16:52:43.472695,13/08/26,16:52:43
28124,0.13,28.124,128.00455127293415,12920030703,2026-08-13 16:53:11.596695,13/08/26,16:53:11
28223,0.13,28.223,127.55553980795804,12920058926,2026-08-13 16:53:39.819695,13/08/26,16:53:39
28132,0.13,28.132,127.96815014929618,12920087058,2026-08-13 16:54:07.951695,13/08/26,16:54:7
27814,0.13,27.814,129.43122168692025,12920114872,2026-08-13 16:54:35.765695,13/08/26,16:54:35
28017,0.13,28.017,128.493414712496,12920142889,2026-08-13 16:55:03.782695,13/08/26,16:55:3
21782,0.17,21.782,165.27407951519604,12920164671,2026-08-13 16:55:25.564695,13/08/26,16:55:25
16712,0.22,16.712,215.414073719483,12920181383,2026-08-13 16:55:42.276695,13/08/26,16:55:42
16784,0.21,16.784,214.48999046711154,12920198167,2026-08-13 16:55:59.060695,13/08/26,16:55:59
16593,0.22,16.593,216.95895859699874,12920214760,2026-08-13 16:56:15.653695,13/08/26,16:56:15
16893,0.21,16.893,213.10602024507193,12920231653,2026-08-13 16:56:32.546695,13/08/26,16:56:32
17064,0.21,17.064,210.9704641350211,12920248717,2026-08-13 16:56:49.610695,13/08/26,16:56:49
17013,0.21,17.013,211.6028919061894,12920265730,2026-08-13 16:57:06.623695,13/08/26,16:57:6
17177,0.21,17.177,209.58258135879373,12920282907,2026-08-13 16:57:23.800695,13/08/26,16:57:23
17340,0.21,17.34,207.61245674740485,12920300247,2026-08-13 16:57:41.140695,13/08/26,16:57:41
17174,0.21,17.174,209.6191918015605,12920317421,2026-08-13 16:57:58.314695,13/08/26,16:57:58
17285,0.21,17.285,208.27306913508824,12920334706,2026-08-13 16:58:15.599695,13/08/26,16:58:15
17713,0.2,17.713,203.2405577824197,12920352419,2026-08-13 16:58:33.312695,13/08/26,16:58:33
17687,0.2,17.687,203.53932266636514,12920370106,2026-08-13 16:58:50.999695,13/08/26,16:58:50
17509,0.2,17.509,205.60854417728027,12920387615,2026-08-13 16:59:08.508695,13/08/26,16:59:8
17786,0.2,17.786,202.40638704599124,12920405401,2026-08-13 16:59:26.294695,13/08/26,16:59:26
17892,0.2,17.892,201.2072434607646,12920423293,2026-08-13 16:59:44.186695,13/08/26,16:59:44
17822,0.2,17.822,201.99753114128606,12920441115,2026-08-13 17:00:02.008695,13/08/26,17:0:2
17498,0.2,17.498,205.73779860555493,12920458613,2026-08-13 17:00:19.506695,13/08/26,17:0:19
17553,0.2,17.553,205.09314647068877,12920476166,2026-08-13 17:00:37.059695,13/08/26,17:0:37
17777,0.2,17.777,202.5088597626146,12920493943,2026-08-13 17:00:54.836695,13/08/26,17:0:54
17004,0.21,17.004,211.71489061397318,12920510947,2026-08-13 17:01:11.840695,13/08/26,17:1:11
17208,0.21,17.208,209.20502092050208,12920528155,2026-08-13 17:01:29.048695,13/08/26,17:1:29
17834,0.2,17.834,201.86161264999438,12920545989,2026-08-13 17:01:46.882695,13/08/26,17:1:46
17446,0.21,17.446,206.35102602315717,12920563435,2026-08-13 17:02:04.328695,13/08/26,17:2:4
17395,0.21,17.395,206.95602184535787,12920580830,2026-08-13 17:02:21.723695,13/08/26,17:2:21
17510,0.2,17.51,205.59680182752712,12920598340,2026-08-13 17:02:39.233695,13/08/26,17:2:39
17600,0.2,17.6,204.54545454545453,12920615940,2026-08-13 17:02:56.833695,13/08/26,17:2:56
17600,0.2,17.6,204.54545454545453,12920633540,2026-08-13 17:03:14.433695,13/08/26,17:3:14
20735,0.17,20.735,173.61948396431154,12920654275,2026-08-13 17:03:35.168695,13/08/26,17:3:35
27089,0.13,27.089,132.89527114326847,12920681364,2026-08-13 17:04:02.257695,13/08/26,17:4:2
27010,0.13,27.01,133.28396890040725,12920708374,2026-08-13 17:04:29.267695,13/08/26,17:4:29
27068,0.13,27.068,132.9983744643121,12920735442,2026-08-13 17:04:56.335695,13/08/26,17:4:56
26958,0.13,26.958,133.54106387714222,12920762400,2026-08-13 17:05:23.293695,13/08/26,17:5:23
27023,0.13,27.023,133.21984975761387,12920789423,2026-08-13 17:05:50.316695,13/08/26,17:5:50
26788,0.13,26.788,134.38853217858744,12920816211,2026-08-13 17:06:17.104695,13/08/26,17:6:17
27148,0.13,27.148,132.606453514071,12920843359,2026-08-13 17:06:44.252695,13/08/26,17:6:44
26725,0.13,26.725,134.70533208606173,12920870084,2026-08-13 17:07:10.977695,13/08/26,17:7:10
27178,0.13,27.178,132.46007800426815,12920897262,2026-08-13 17:07:38.155695,13/08/26,17:7:38
26862,0.13,26.862,134.01831583649766,12920924124,2026-08-13 17:08:05.017695,13/08/26,17:8:5
26979,0.13,26.979,133.43711775825642,12920951103,2026-08-13 17:08:31.996695,13/08/26,17:8:31
27139,0.13,27.139,132.65042927152805,12920978242,2026-08-13 17:08:59.135695,13/08/26,17:8:59
26865,0.13,26.865,134.00335008375208,12921005107,2026-08-13 17:09:26.000695,13/08/26,17:9:26
27156,0.13,27.156,132.5673884224481,12921032263,2026-08-13 17:09:53.156695,13/08/26,17:9:53
26646,0.14,26.646,135.10470614726412,12921058909,2026-08-13 17:10:19.802695,13/08/26,17:10:19
27206,0.13,27.206,132.32375211350438,12921086115,2026-08-13 17:10:47.008695,13/08/26,17:10:47
27088,0.13,27.088,132.90017720023627,12921113203,2026-08-13 17:11:14.096695,13/08/26,17:11:14
26761,0.13,26.761,134.52412092223759,12921139964,2026-08-13 17:11:40.857695,13/08/26,17:11:40
28609,0.12,28.609,125.83452759621099,12921168573,2026-08-13 17:12:09.466695,13/08/26,17:12:9
28692,0.12,28.692,125.47051442910916,12921197265,2026-08-13 17:12:38.158695,13/08/26,17:12:38
28637,0.12,28.637,125.71149212557181,12921225902,2026-08-13 17:13:06.795695,13/08/26,17:13:6
28642,0.12,28.642,125.6895468193562,12921254544,2026-08-13 17:13:35.437695,13/08/26,17:13:35
28619,0.12,28.619,125.79055871973165,12921283163,2026-08-13 17:14:04.056695,13/08/26,17:14:4
28611,0.12,28.611,125.82573136206354,12921311774,2026-08-13 17:14:32.667695,13/08/26,17:14:32
28554,0.13,28.554,126.07690691321706,12921340328,2026-08-13 17:15:01.221695,13/08/26,17:15:1
28742,0.12,28.742,125.25224410270684,12921369070,2026-08-13 17:15:29.963695,13/08/26,17:15:29
28637,0.12,28.637,125.71149212557181,12921397707,2026-08-13 17:15:58.600695,13/08/26,17:15:58
28603,0.12,28.603,125.86092367933433,12921426310,2026-08-13 17:16:27.203695,13/08/26,17:16:27
28683,0.12,28.683,125.50988390335739,12921454993,2026-08-13 17:16:55.886695,13/08/26,17:16:55
28548,0.13,28.548,126.10340479192938,12921483541,2026-08-13 17:17:24.434695,13/08/26,17:17:24
28466,0.13,28.466,126.46666198271622,12921512007,2026-08-13 17:17:52.900695,13/08/26,17:17:52
28562,0.13,28.562,126.04159372592956,12921540569,2026-08-13 17:18:21.462695,13/08/26,17:18:21
28580,0.12,28.58,125.96221133659903,12921569149,2026-08-13 17:18:50.042695,13/08/26,17:18:50
28657,0.12,28.657,125.62375684823952,12921597806,2026-08-13 17:19:18.699695,13/08/26,17:19:18
28935,0.12,28.935,124.41679626749611,12921626741,2026-08-13 17:19:47.634695,13/08/26,17:19:47
28775,0.12,28.775,125.10860121633362,12921655516,2026-08-13 17:20:16.409695,13/08/26,17:20:16
28732,0.12,28.732,125.29583739384658,12921684248,2026-08-13 17:20:45.141695,13/08/26,17:20:45
28844,0.12,28.844,124.80931909582583,12921713092,2026-08-13 17:21:13.985695,13/08/26,17:21:13
28936,0.12,28.936,124.41249654409732,12921742028,2026-08-13 17:21:42.921695,13/08/26,17:21:42
28878,0.12,28.878,124.66237274049449,12921770906,2026-08-13 17:22:11.799695,13/08/26,17:22:11
29066,0.12,29.066,123.85605174430606,12921799972,2026-08-13 17:22:40.865695,13/08/26,17:22:40
29064,0.12,29.064,123.86457473162676,12921829036,2026-08-13 17:23:09.929695,13/08/26,17:23:9
29141,0.12,29.141,123.53728423870149,12921858177,2026-08-13 17:23:39.070695,13/08/26,17:23:39
29038,0.12,29.038,123.97548040498657,12921887215,2026-08-13 17:24:08.108695,13/08/26,17:24:8
28856,0.12,28.856,124.75741613529249,12921916071,2026-08-13 17:24:36.964695,13/08/26,17:24:36
28984,0.12,28.984,124.20645873585427,12921945055,2026-08-13 17:25:05.948695,13/08/26,17:25:5
28915,0.12,28.915,124.50285319038561,12921973970,2026-08-13 17:25:34.863695,13/08/26,17:25:34
28709,0.12,28.709,125.39621721411405,12922002679,2026-08-13 17:26:03.572695,13/08/26,17:26:3
28846,0.12,28.846,124.80066560354989,12922031525,2026-08-13 17:26:32.418695,13/08/26,17:26:32
28910,0.12,28.91,124.52438602559668,12922060435,2026-08-13 17:27:01.328695,13/08/26,17:27:1
28779,0.12,28.779,125.09121234233295,12922089214,2026-08-13 17:27:30.107695,13/08/26,17:27:30
28696,0.12,28.696,125.45302481182047,12922117910,2026-08-13 17:27:58.803695,13/08/26,17:27:58
28806,0.12,28.806,124.97396375755051,12922146716,2026-08-13 17:28:27.609695,13/08/26,17:28:27
28857,0.12,28.857,124.75309283709325,12922175573,2026-08-13 17:28:56.466695,13/08/26,17:28:56
28731,0.12,28.731,125.30019839198079,12922204304,2026-08-13 17:29:25.197695,13/08/26,17:29:25
28764,0.12,28.764,125.15644555694618,12922233068,2026-08-13 17:29:53.961695,13/08/26,17:29:53
28676,0.12,28.676,125.54052169061237,12922261744,2026-08-13 17:30:22.637695,13/08/26,17:30:22
28750,0.12,28.75,125.21739130434783,12922290494,2026-08-13 17:30:51.387695,13/08/26,17:30:51
28959,0.12,28.959,124.31368486480886,12922319453,2026-08-13 17:31:20.346695,13/08/26,17:31:20
16884,0.21,16.884,213.21961620469082,12922336337,2026-08-13 17:31:37.230695,13/08/26,17:31:37
17390,0.21,17.39,207.01552616446233,12922353727,2026-08-13 17:31:54.620695,13/08/26,17:31:54
17305,0.21,17.305,208.03236058942502,12922371032,2026-08-13 17:32:11.925695,13/08/26,17:32:11
17296,0.21,17.296,208.14061054579093,12922388328,2026-08-13 17:32:29.221695,13/08/26,17:32:29
17343,0.21,17.343,207.57654385054488,12922405671,2026-08-13 17:32:46.564695,13/08/26,17:32:46
17377,0.21,17.377,207.17039765206883,12922423048,2026-08-13 17:33:03.941695,13/08/26,17:33:3
17478,0.2,17.478,205.97322348094747,12922440526,2026-08-13 17:33:21.419695,13/08/26,17:33:21
17490,0.2,17.49,205.8319039451115,12922458016,2026-08-13 17:33:38.909695,13/08/26,17:33:38
17636,0.2,17.636,204.12792016330235,12922475652,2026-08-13 17:33:56.545695,13/08/26,17:33:56
17757,0.2,17.757,202.73694880892043,12922493409,2026-08-13 17:34:14.302695,13/08/26,17:34:14
17807,0.2,17.807,202.16768686471613,12922511216,2026-08-13 17:34:32.109695,13/08/26,17:34:32
17763,0.2,17.763,202.66846816416145,12922528979,2026-08-13 17:34:49.872695,13/08/26,17:34:49
17806,0.2,17.806,202.17904077277322,12922546785,2026-08-13 17:35:07.678695,13/08/26,17:35:7
17872,0.2,17.872,201.43240823634736,12922564657,2026-08-13 17:35:25.550695,13/08/26,17:35:25
17933,0.2,17.933,200.7472257848659,12922582590,2026-08-13 17:35:43.483695,13/08/26,17:35:43
18039,0.2,18.039,199.56760352569432,12922600629,2026-08-13 17:36:01.522695,13/08/26,17:36:1
18110,0.2,18.11,198.78520154610712,12922618739,2026-08-13 17:36:19.632695,13/08/26,17:36:19
18193,0.2,18.193,197.87830484252186,12922636932,2026-08-13 17:36:37.825695,13/08/26,17:36:37
18233,0.2,18.233,197.44419459222289,12922655165,2026-08-13 17:36:56.058695,13/08/26,17:36:56
18277,0.2,18.277,196.96886797614488,12922673442,2026-08-13 17:37:14.335695,13/08/26,17:37:14
18239,0.2,18.239,197.3792422830199,12922691681,2026-08-13 17:37:32.574695,13/08/26,17:37:32
18245,0.2,18.245,197.31433269388873,12922709926,2026-08-13 17:37:50.819695,13/08/26,17:37:50
18265,0.2,18.265,197.09827539009035,12922728191,2026-08-13 17:38:09.084695,13/08/26,17:38:9
18366,0.2,18.366,196.0143743874551,12922746557,2026-08-13 17:38:27.450695,13/08/26,17:38:27
18339,0.2,18.339,196.30296090299362,12922764896,2026-08-13 17:38:45.789695,13/08/26,17:38:45
18353,0.2,18.353,196.15321745763634,12922783249,2026-08-13 17:39:04.142695,13/08/26,17:39:4
18365,0.2,18.365,196.02504764497687,12922801614,2026-08-13 17:39:22.507695,13/08/26,17:39:22
26350,0.14,26.35,136.6223908918406,12922827964,2026-08-13 17:39:48.857695,13/08/26,17:39:48
28721,0.12,28.721,125.34382507572856,12922856685,2026-08-13 17:40:17.578695,13/08/26,17:40:17
28607,0.12,28.607,125.84332506029993,12922885292,2026-08-13 17:40:46.185695,13/08/26,17:40:46
28796,0.12,28.796,125.01736352271149,12922914088,2026-08-13 17:41:14.981695,13/08/26,17:41:14
28961,0.12,28.961,124.30509996201789,12922943049,2026-08-13 17:41:43.942695,13/08/26,17:41:43
28722,0.12,28.722,125.33946104031753,12922971771,2026-08-13 17:42:12.664695,13/08/26,17:42:12
28682,0.12,28.682,125.51425981451781,12923000453,2026-08-13 17:42:41.346695,13/08/26,17:42:41
28651,0.12,28.651,125.65006457017208,12923029104,2026-08-13 17:43:09.997695,13/08/26,17:43:9
28697,0.12,28.697,125.44865316932083,12923057801,2026-08-13 17:43:38.694695,13/08/26,17:43:38
28849,0.12,28.849,124.787687614822,12923086650,2026-08-13 17:44:07.543695,13/08/26,17:44:7
28742,0.12,28.742,125.25224410270684,12923115392,2026-08-13 17:44:36.285695,13/08/26,17:44:36
28841,0.12,28.841,124.82230158454978,12923144233,2026-08-13 17:45:05.126695,13/08/26,17:45:5
28813,0.12,28.813,124.94360184638879,12923173046,2026-08-13 17:45:33.939695,13/08/26,17:45:33
28820,0.12,28.82,124.91325468424705,12923201866,2026-08-13 17:46:02.759695,13/08/26,17:46:2
28720,0.12,28.72,125.34818941504179,12923230586,2026-08-13 17:46:31.479695,13/08/26,17:46:31
28750,0.12,28.75,125.21739130434783,12923259336,2026-08-13 17:47:00.229695,13/08/26,17:47:0
28815,0.12,28.815,124.93492972410203,12923288151,2026-08-13 17:47:29.044695,13/08/26,17:47:29
28963,0.12,28.963,124.29651624486414,12923317114,2026-08-13 17:47:58.007695,13/08/26,17:47:58
28881,0.12,28.881,124.64942349641633,12923345995,2026-08-13 17:48:26.888695,13/08/26,17:48:26
28962,0.12,28.962,124.30080795525171,12923374957,2026-08-13 17:48:55.850695,13/08/26,17:48:55
28897,0.12,28.897,124.58040627054712,12923403854,2026-08-13 17:49:24.747695,13/08/26,17:49:24
28862,0.12,28.862,124.73148083985863,12923432716,2026-08-13 17:49:53.609695,13/08/26,17:49:53
28685,0.12,28.685,125.50113299633955,12923461401,2026-08-13 17:50:22.294695,13/08/26,17:50:22
28672,0.12,28.672,125.55803571428571,12923490073,2026-08-13 17:50:50.966695,13/08/26,17:50:50
28760,0.12,28.76,125.17385257301808,12923518833,2026-08-13 17:51:19.726695,13/08/26,17:51:19
28747,0.12,28.747,125.23045883048665,12923547580,2026-08-13 17:51:48.473695,13/08/26,17:51:48
29064,0.12,29.064,123.86457473162676,12923576644,2026-08-13 17:52:17.537695,13/08/26,17:52:17
28981,0.12,28.981,124.21931610365412,12923605625,2026-08-13 17:52:46.518695,13/08/26,17:52:46
28845,0.12,28.845,124.80499219968799,12923634470,2026-08-13 17:53:15.363695,13/08/26,17:53:15
28855,0.12,28.855,124.7617397331485,12923663325,2026-08-13 17:53:44.218695,13/08/26,17:53:44
28646,0.12,28.646,125.67199609020457,12923691971,2026-08-13 17:54:12.864695,13/08/26,17:54:12
28741,0.12,28.741,125.25660206673393,12923720712,2026-08-13 17:54:41.605695,13/08/26,17:54:41
28756,0.12,28.756,125.19126443177076,12923749468,2026-08-13 17:55:10.361695,13/08/26,17:55:10
28757,0.12,28.757,125.18691101297075,12923778225,2026-08-13 17:55:39.118695,13/08/26,17:55:39
28717,0.12,28.717,125.36128425671205,12923806942,2026-08-13 17:56:07.835695,13/08/26,17:56:7
28786,0.12,28.786,125.06079344125617,12923835728,2026-08-13 17:56:36.621695,13/08/26,17:56:36
28845,0.12,28.845,124.80499219968799,12923864573,2026-08-13 17:57:05.466695,13/08/26,17:57:5
28944,0.12,28.944,124.37810945273633,12923893517,2026-08-13 17:57:34.410695,13/08/26,17:57:34
28936,0.12,28.936,124.41249654409732,12923922453,2026-08-13 17:58:03.346695,13/08/26,17:58:3
28918,0.12,28.918,124.48993706342071,12923951371,2026-08-13 17:58:32.264695,13/08/26,17:58:32
28699,0.12,28.699,125.43991079828565,12923980070,2026-08-13 17:59:00.963695,13/08/26,17:59:0
28723,0.12,28.723,125.33509730877694,12924008793,2026-08-13 17:59:29.686695,13/08/26,17:59:29
28784,0.12,28.784,125.06948304613674,12924037577,2026-08-13 17:59:58.470695,13/08/26,17:59:58
28329,0.13,28.329,127.07825902785132,12924065906,2026-08-13 18:00:26.799695,13/08/26,18:0:26
28399,0.13,28.399,126.76502693756822,12924094305,2026-08-13 18:00:55.198695,13/08/26,18:0:55
28413,0.13,28.413,126.70256572695597,12924122718,2026-08-13 18:01:23.611695,13/08/26,18:1:23
28143,0.13,28.143,127.91813239526702,12924150861,2026-08-13 18:01:51.754695,13/08/26,18:1:51
28192,0.13,28.192,127.69580022701476,12924179053,2026-08-13 18:02:19.946695,13/08/26,18:2:19
28276,0.13,28.276,127.31645211486773,12924207329,2026-08-13 18:02:48.222695,13/08/26,18:2:48
28282,0.13,28.282,127.28944204794568,12924235611,2026-08-13 18:03:16.504695,13/08/26,18:3:16
28180,0.13,28.18,127.75017743080198,12924263791,2026-08-13 18:03:44.684695,13/08/26,18:3:44
28181,0.13,28.181,127.74564422838083,12924291972,2026-08-13 18:04:12.865695,13/08/26,18:4:12
28290,0.13,28.29,127.25344644750795,12924320262,2026-08-13 18:04:41.155695,13/08/26,18:4:41
28229,0.13,28.229,127.52842821212228,12924348491,2026-08-13 18:05:09.384695,13/08/26,18:5:9
28465,0.13,28.465,126.47110486562445,12924376956,2026-08-13 18:05:37.849695,13/08/26,18:5:37
28473,0.13,28.473,126.43557054051206,12924405429,2026-08-13 18:06:06.322695,13/08/26,18:6:6
28526,0.13,28.526,126.20065904788613,12924433955,2026-08-13 18:06:34.848695,13/08/26,18:6:34
28553,0.13,28.553,126.08132245298218,12924462508,2026-08-13 18:07:03.401695,13/08/26,18:7:3
28602,0.12,28.602,125.86532410320956,12924491110,2026-08-13 18:07:32.003695,13/08/26,18:7:32
14653,0.25,14.653,245.68347778611889,12924505763,2026-08-13 18:07:46.656695,13/08/26,18:7:46
17138,0.21,17.138,210.0595168631112,12924522901,2026-08-13 18:08:03.794695,13/08/26,18:8:3
17085,0.21,17.085,210.71115013169447,12924539986,2026-08-13 18:08:20.879695,13/08/26,18:8:20
17089,0.21,17.089,210.66182924688397,12924557075,2026-08-13 18:08:37.968695,13/08/26,18:8:37
17169,0.21,17.169,209.68023763760266,12924574244,2026-08-13 18:08:55.137695,13/08/26,18:8:55
17293,0.21,17.293,208.17671890360262,12924591537,2026-08-13 18:09:12.430695,13/08/26,18:9:12
17410,0.21,17.41,206.7777139574957,12924608947,2026-08-13 18:09:29.840695,13/08/26,18:9:29
17526,0.2,17.526,205.40910647038686,12924626473,2026-08-13 18:09:47.366695,13/08/26,18:9:47
17515,0.2,17.515,205.53811019126462,12924643988,2026-08-13 18:10:04.881695,13/08/26,18:10:4
17648,0.2,17.648,203.98912058023572,12924661636,2026-08-13 18:10:22.529695,13/08/26,18:10:22
17616,0.2,17.616,204.35967302452315,12924679252,2026-08-13 18:10:40.145695,13/08/26,18:10:40
17928,0.2,17.928,200.80321285140562,12924697180,2026-08-13 18:10:58.073695,13/08/26,18:10:58
17962,0.2,17.962,200.42311546598376,12924715142,2026-08-13 18:11:16.035695,13/08/26,18:11:16
17959,0.2,17.959,200.45659557881842,12924733101,2026-08-13 18:11:33.994695,13/08/26,18:11:33
17764,0.2,17.764,202.6570592208962,12924750865,2026-08-13 18:11:51.758695,13/08/26,18:11:51
17854,0.2,17.854,201.63548784586087,12924768719,2026-08-13 18:12:09.612695,13/08/26,18:12:9
17822,0.2,17.822,201.99753114128606,12924786541,2026-08-13 18:12:27.434695,13/08/26,18:12:27
17936,0.2,17.936,200.71364852809992,12924804477,2026-08-13 18:12:45.370695,13/08/26,18:12:45
17990,0.2,17.99,200.1111728738188,12924822467,2026-08-13 18:13:03.360695,13/08/26,18:13:3
18087,0.2,18.087,199.03798308177144,12924840554,2026-08-13 18:13:21.447695,13/08/26,18:13:21
18213,0.2,18.213,197.66101136550816,12924858767,2026-08-13 18:13:39.660695,13/08/26,18:13:39
18147,0.2,18.147,198.37989750371963,12924876914,2026-08-13 18:13:57.807695,13/08/26,18:13:57
18214,0.2,18.214,197.6501592181838,12924895128,2026-08-13 18:14:16.021695,13/08/26,18:14:16
18235,0.2,18.235,197.42253907321086,12924913363,2026-08-13 18:14:34.256695,13/08/26,18:14:34
18278,0.2,18.278,196.9580916949338,12924931641,2026-08-13 18:14:52.534695,13/08/26,18:14:52
18277,0.2,18.277,196.96886797614488,12924949918,2026-08-13 18:15:10.811695,13/08/26,18:15:10
18286,0.2,18.286,196.87192387618944,12924968204,2026-08-13 18:15:29.097695,13/08/26,18:15:29
26339,0.14,26.339,136.67944872622348,12924994543,2026-08-13 18:15:55.436695,13/08/26,18:15:55
28617,0.12,28.617,125.79935003669148,12925023160,2026-08-13 18:16:24.053695,13/08/26,18:16:24
28387,0.13,28.387,126.81861415436643,12925051547,2026-08-13 18:16:52.440695,13/08/26,18:16:52
28312,0.13,28.312,127.15456343599887,12925079859,2026-08-13 18:17:20.752695,13/08/26,18:17:20
28567,0.13,28.567,126.01953302761927,12925108426,2026-08-13 18:17:49.319695,13/08/26,18:17:49
28411,0.13,28.411,126.7114849882088,12925136837,2026-08-13 18:18:17.730695,13/08/26,18:18:17
28833,0.12,28.833,124.85693476225158,12925165670,2026-08-13 18:18:46.563695,13/08/26,18:18:46
28744,0.12,28.744,125.24352908433065,12925194414,2026-08-13 18:19:15.307695,13/08/26,18:19:15
28959,0.12,28.959,124.31368486480886,12925223373,2026-08-13 18:19:44.266695,13/08/26,18:19:44
29254,0.12,29.254,123.06009434607233,12925252627,2026-08-13 18:20:13.520695,13/08/26,18:20:13
29123,0.12,29.123,123.61363870480376,12925281750,2026-08-13 18:20:42.643695,13/08/26,18:20:42
29178,0.12,29.178,123.38062924120914,12925310928,2026-08-13 18:21:11.821695,13/08/26,18:21:11
29088,0.12,29.088,123.76237623762377,12925340016,2026-08-13 18:21:40.909695,13/08/26,18:21:40
29008,0.12,29.008,124.10369553226695,12925369024,2026-08-13 18:22:09.917695,13/08/26,18:22:9
29215,0.12,29.215,123.22437104227281,12925398239,2026-08-13 18:22:39.132695,13/08/26,18:22:39
29100,0.12,29.1,123.71134020618557,12925427339,2026-08-13 18:23:08.232695,13/08/26,18:23:8
29183,0.12,29.183,123.35949011410753,12925456522,2026-08-13 18:23:37.415695,13/08/26,18:23:37
29139,0.12,29.139,123.54576340986307,12925485661,2026-08-13 18:24:06.554695,13/08/26,18:24:6
29156,0.12,29.156,123.47372753464124,12925514817,2026-08-13 18:24:35.710695,13/08/26,18:24:35
28977,0.12,28.977,124.2364634020085,12925543794,2026-08-13 18:25:04.687695,13/08/26,18:25:4
28957,0.12,28.957,124.32227095348276,12925572751,2026-08-13 18:25:33.644695,13/08/26,18:25:33
28860,0.12,28.86,124.74012474012474,12925601611,2026-08-13 18:26:02.504695,13/08/26,18:26:2
28925,0.12,28.925,124.45980985306828,12925630536,2026-08-13 18:26:31.429695,13/08/26,18:26:31
28923,0.12,28.923,124.46841613940462,12925659459,2026-08-13 18:27:00.352695,13/08/26,18:27:0
28921,0.12,28.921,124.47702361605754,12925688380,2026-08-13 18:27:29.273695,13/08/26,18:27:29
28958,0.12,28.958,124.31797776089509,12925717338,2026-08-13 18:27:58.231695,13/08/26,18:27:58
28999,0.12,28.999,124.14221180040691,12925746337,2026-08-13 18:28:27.230695,13/08/26,18:28:27
28894,0.12,28.894,124.59334117809927,12925775231,2026-08-13 18:28:56.124695,13/08/26,18:28:56
28828,0.12,28.828,124.87859025946996,12925804059,2026-08-13 18:29:24.952695,13/08/26,18:29:24
28791,0.12,28.791,125.03907471084715,12925832850,2026-08-13 18:29:53.743695,13/08/26,18:29:53
28687,0.12,28.687,125.49238330951302,12925861537,2026-08-13 18:30:22.430695,13/08/26,18:30:22
28837,0.12,28.837,124.8396157714048,12925890374,2026-08-13 18:30:51.267695,13/08/26,18:30:51
29090,0.12,29.09,123.75386730835339,12925919464,2026-08-13 18:31:20.357695,13/08/26,18:31:20
29110,0.12,29.11,123.66884232222604,12925948574,2026-08-13 18:31:49.467695,13/08/26,18:31:49
28996,0.12,28.996,124.15505586977514,12925977570,2026-08-13 18:32:18.463695,13/08/26,18:32:18
29091,0.12,29.091,123.7496132824585,12926006661,2026-08-13 18:32:47.554695,13/08/26,18:32:47
28955,0.12,28.955,124.33085822828527,12926035616,2026-08-13 18:33:16.509695,13/08/26,18:33:16
29027,0.12,29.027,124.02246184586764,12926064643,2026-08-13 18:33:45.536695,13/08/26,18:33:45
29082,0.12,29.082,123.78791004745203,12926093725,2026-08-13 18:34:14.618695,13/08/26,18:34:14
29095,0.12,29.095,123.7326001031105,12926122820,2026-08-13 18:34:43.713695,13/08/26,18:34:43
29100,0.12,29.1,123.71134020618557,12926151920,2026-08-13 18:35:12.813695,13/08/26,18:35:12
29113,0.12,29.113,123.65609865008759,12926181033,2026-08-13 18:35:41.926695,13/08/26,18:35:41
28771,0.12,28.771,125.12599492544577,12926209804,2026-08-13 18:36:10.697695,13/08/26,18:36:10
29114,0.12,29.114,123.6518513429965,12926238918,2026-08-13 18:36:39.811695,13/08/26,18:36:39
29032,0.12,29.032,124.00110223201985,12926267950,2026-08-13 18:37:08.843695,13/08/26,18:37:8
29096,0.12,29.096,123.72834753918065,12926297046,2026-08-13 18:37:37.939695,13/08/26,18:37:37
28926,0.12,28.926,124.45550715619166,12926325972,2026-08-13 18:38:06.865695,13/08/26,18:38:6
28930,0.12,28.93,124.4382993432423,12926354902,2026-08-13 18:38:35.795695,13/08/26,18:38:35
28957,0.12,28.957,124.32227095348276,12926383859,2026-08-13 18:39:04.752695,13/08/26,18:39:4
28892,0.12,28.892,124.60196594212931,12926412751,2026-08-13 18:39:33.644695,13/08/26,18:39:33
28873,0.12,28.873,124.68396079382121,12926441624,2026-08-13 18:40:02.517695,13/08/26,18:40:2
28868,0.12,28.868,124.70555632534294,12926470492,2026-08-13 18:40:31.385695,13/08/26,18:40:31
28927,0.12,28.927,124.4512047568016,12926499419,2026-08-13 18:41:00.312695,13/08/26,18:41:0
28076,0.13,28.076,128.2233936458185,12926527495,2026-08-13 18:41:28.388695,13/08/26,18:41:28
28418,0.13,28.418,126.68027306636638,12926555913,2026-08-13 18:41:56.806695,13/08/26,18:41:56
28313,0.13,28.313,127.15007240490235,12926584226,2026-08-13 18:42:25.119695,13/08/26,18:42:25
28242,0.13,28.242,127.46972594008923,12926612468,2026-08-13 18:42:53.361695,13/08/26,18:42:53
28406,0.13,28.406,126.73378863620361,12926640874,2026-08-13 18:43:21.767695,13/08/26,18:43:21
28435,0.13,28.435,126.60453666256375,12926669309,2026-08-13 18:43:50.202695,13/08/26,18:43:50
16029,0.22,16.029,224.59292532285232,12926685338,2026-08-13 18:44:06.231695,13/08/26,18:44:6
17078,0.21,17.078,210.79751727368546,12926702416,2026-08-13 18:44:23.309695,13/08/26,18:44:23
17031,0.21,17.031,211.3792496036639,12926719447,2026-08-13 18:44:40.340695,13/08/26,18:44:40
17093,0.21,17.093,210.61253144562102,12926736540,2026-08-13 18:44:57.433695,13/08/26,18:44:57
17077,0.21,17.077,210.80986121684137,12926753617,2026-08-13 18:45:14.510695,13/08/26,18:45:14
17241,0.21,17.241,208.80459370106144,12926770858,2026-08-13 18:45:31.751695,13/08/26,18:45:31
17316,0.21,17.316,207.9002079002079,12926788174,2026-08-13 18:45:49.067695,13/08/26,18:45:49
17380,0.21,17.38,207.13463751438434,12926805554,2026-08-13 18:46:06.447695,13/08/26,18:46:6
17486,0.2,17.486,205.87898890541004,12926823040,2026-08-13 18:46:23.933695,13/08/26,18:46:23
17568,0.2,17.568,204.91803278688525,12926840608,2026-08-13 18:46:41.501695,13/08/26,18:46:41
17620,0.2,17.62,204.3132803632236,12926858228,2026-08-13 18:46:59.121695,13/08/26,18:46:59
17691,0.2,17.691,203.49330167881973,12926875919,2026-08-13 18:47:16.812695,13/08/26,18:47:16
17808,0.2,17.808,202.15633423180594,12926893727,2026-08-13 18:47:34.620695,13/08/26,18:47:34
17769,0.2,17.769,202.60003376667228,12926911496,2026-08-13 18:47:52.389695,13/08/26,18:47:52
17796,0.2,17.796,202.29265003371543,12926929292,2026-08-13 18:48:10.185695,13/08/26,18:48:10
17794,0.2,17.794,202.31538720917163,12926947086,2026-08-13 18:48:27.979695,13/08/26,18:48:27
17870,0.2,17.87,201.45495243424733,12926964956,2026-08-13 18:48:45.849695,13/08/26,18:48:45
17875,0.2,17.875,201.3986013986014,12926982831,2026-08-13 18:49:03.724695,13/08/26,18:49:3
17967,0.2,17.967,200.36734012355987,12927000798,2026-08-13 18:49:21.691695,13/08/26,18:49:21
18058,0.2,18.058,199.35762542917266,12927018856,2026-08-13 18:49:39.749695,13/08/26,18:49:39
18094,0.2,18.094,198.96098154084225,12927036950,2026-08-13 18:49:57.843695,13/08/26,18:49:57
18021,0.2,18.021,199.7669385716664,12927054971,2026-08-13 18:50:15.864695,13/08/26,18:50:15
18075,0.2,18.075,199.1701244813278,12927073046,2026-08-13 18:50:33.939695,13/08/26,18:50:33
18069,0.2,18.069,199.23626099950192,12927091115,2026-08-13 18:50:52.008695,13/08/26,18:50:52
18112,0.2,18.112,198.76325088339223,12927109227,2026-08-13 18:51:10.120695,13/08/26,18:51:10
18159,0.2,18.159,198.24880224681976,12927127386,2026-08-13 18:51:28.279695,13/08/26,18:51:28
18151,0.2,18.151,198.33617982480305,12927145537,2026-08-13 18:51:46.430695,13/08/26,18:51:46
23809,0.15,23.809,151.20332647318241,12927169346,2026-08-13 18:52:10.239695,13/08/26,18:52:10
28392,0.13,28.392,126.79628064243448,12927197738,2026-08-13 18:52:38.631695,13/08/26,18:52:38
28904,0.12,28.904,124.5502352615555,12927226642,2026-08-13 18:53:07.535695,13/08/26,18:53:7
29071,0.12,29.071,123.83474940662516,12927255713,2026-08-13 18:53:36.606695,13/08/26,18:53:36
29019,0.12,29.019,124.05665253799235,12927284732,2026-08-13 18:54:05.625695,13/08/26,18:54:5
29086,0.12,29.086,123.77088633706938,12927313818,2026-08-13 18:54:34.711695,13/08/26,18:54:34
28953,0.12,28.953,124.33944668946224,12927342771,2026-08-13 18:55:03.664695,13/08/26,18:55:3
28810,0.12,28.81,124.9566122874002,12927371581,2026-08-13 18:55:32.474695,13/08/26,18:55:32
28441,0.13,28.441,126.5778277838332,12927400022,2026-08-13 18:56:00.915695,13/08/26,18:56:0
28484,0.13,28.484,126.38674343491083,12927428506,2026-08-13 18:56:29.399695,13/08/26,18:56:29
28500,0.13,28.5,126.3157894736842,12927457006,2026-08-13 18:56:57.899695,13/08/26,18:56:57
28807,0.12,28.807,124.96962543826153,12927485813,2026-08-13 18:57:26.706695,13/08/26,18:57:26
28898,0.12,28.898,124.57609523150391,12927514711,2026-08-13 18:57:55.604695,13/08/26,18:57:55
30022,0.12,30.022,119.91206448604356,12927544733,2026-08-13 18:58:25.626695,13/08/26,18:58:25
31863,0.11,31.863,112.98371151492327,12927576596,2026-08-13 18:58:57.489695,13/08/26,18:58:57
31846,0.11,31.846,113.04402436726747,12927608442,2026-08-13 18:59:29.335695,13/08/26,18:59:29
35931,0.1,35.931,100.19203473323871,12927644373,2026-08-13 19:00:05.266695,13/08/26,19:0:5
37428,0.1,37.428,96.18467457518436,12927681801,2026-08-13 19:00:42.694695,13/08/26,19:0:42
37905,0.09,37.905,94.97427779976256,12927719706,2026-08-13 19:01:20.599695,13/08/26,19:1:20
37986,0.09,37.986,94.77175801611119,12927757692,2026-08-13 19:01:58.585695,13/08/26,19:1:58
38009,0.09,38.009,94.71440974506038,12927795701,2026-08-13 19:02:36.594695,13/08/26,19:2:36
37953,0.09,37.953,94.85416172634574,12927833654,2026-08-13 19:03:14.547695,13/08/26,19:3:14
38053,0.09,38.053,94.60489317530812,12927871707,2026-08-13 19:03:52.600695,13/08/26,19:3:52
38077,0.09,38.077,94.54526354492214,12927909784,2026-08-13 19:04:30.677695,13/08/26,19:4:30
38052,0.09,38.052,94.6073793755913,12927947836,2026-08-13 19:05:08.729695,13/08/26,19:5:8
38279,0.09,38.279,94.046343948379,12927986115,2026-08-13 19:05:47.008695,13/08/26,19:5:47
38279,0.09,38.279,94.046343948379,12928024394,2026-08-13 19:06:25.287695,13/08/26,19:6:25
38128,0.09,38.128,94.41879983214436,12928062522,2026-08-13 19:07:03.415695,13/08/26,19:7:3
38203,0.09,38.203,94.23343716462058,12928100725,2026-08-13 19:07:41.618695,13/08/26,19:7:41
38146,0.09,38.146,94.37424631678289,12928138871,2026-08-13 19:08:19.764695,13/08/26,19:8:19
38032,0.09,38.032,94.65713083718974,12928176903,2026-08-13 19:08:57.796695,13/08/26,19:8:57
38153,0.09,38.153,94.35693130291196,12928215056,2026-08-13 19:09:35.949695,13/08/26,19:9:35
38226,0.09,38.226,94.17673834562864,12928253282,2026-08-13 19:10:14.175695,13/08/26,19:10:14
38222,0.09,38.222,94.18659410810528,12928291504,2026-08-13 19:10:52.397695,13/08/26,19:10:52
38804,0.09,38.804,92.77394083084218,12928330308,2026-08-13 19:11:31.201695,13/08/26,19:11:31
38540,0.09,38.54,93.4094447327452,12928368848,2026-08-13 19:12:09.741695,13/08/26,19:12:9
38309,0.09,38.309,93.97269571119058,12928407157,2026-08-13 19:12:48.050695,13/08/26,19:12:48
38387,0.09,38.387,93.7817490296194,12928445544,2026-08-13 19:13:26.437695,13/08/26,19:13:26
38340,0.09,38.34,93.89671361502347,12928483884,2026-08-13 19:14:04.777695,13/08/26,19:14:4
38213,0.09,38.213,94.2087771177348,12928522097,2026-08-13 19:14:42.990695,13/08/26,19:14:42
38069,0.09,38.069,94.56513173448212,12928560166,2026-08-13 19:15:21.059695,13/08/26,19:15:21
38151,0.09,38.151,94.36187780136825,12928598317,2026-08-13 19:15:59.210695,13/08/26,19:15:59
38153,0.09,38.153,94.35693130291196,12928636470,2026-08-13 19:16:37.363695,13/08/26,19:16:37
38347,0.09,38.347,93.87957336949435,12928674817,2026-08-13 19:17:15.710695,13/08/26,19:17:15
38256,0.09,38.256,94.10288582183188,12928713073,2026-08-13 19:17:53.966695,13/08/26,19:17:53
38110,0.09,38.11,94.46339543426922,12928751183,2026-08-13 19:18:32.076695,13/08/26,19:18:32
38101,0.09,38.101,94.48570903650823,12928789284,2026-08-13 19:19:10.177695,13/08/26,19:19:10
38020,0.09,38.02,94.68700683850605,12928827304,2026-08-13 19:19:48.197695,13/08/26,19:19:48
38715,0.09,38.715,92.98721425803951,12928866019,2026-08-13 19:20:26.912695,13/08/26,19:20:26
22124,0.16,22.124,162.71921894774906,12928888143,2026-08-13 19:20:49.036695,13/08/26,19:20:49
20383,0.18,20.383,176.6177697100525,12928908526,2026-08-13 19:21:09.419695,13/08/26,19:21:9
20379,0.18,20.379,176.65243633151775,12928928905,2026-08-13 19:21:29.798695,13/08/26,19:21:29
20463,0.17,20.463,175.92728338953233,12928949368,2026-08-13 19:21:50.261695,13/08/26,19:21:50
20514,0.17,20.514,175.48990933021352,12928969882,2026-08-13 19:22:10.775695,13/08/26,19:22:10
20711,0.17,20.711,173.82067500362126,12928990593,2026-08-13 19:22:31.486695,13/08/26,19:22:31
20866,0.17,20.866,172.52947378510495,12929011459,2026-08-13 19:22:52.352695,13/08/26,19:22:52
21023,0.17,21.023,171.24102173809638,12929032482,2026-08-13 19:23:13.375695,13/08/26,19:23:13
21154,0.17,21.154,170.18058050486906,12929053636,2026-08-13 19:23:34.529695,13/08/26,19:23:34
21239,0.17,21.239,169.49950562644193,12929074875,2026-08-13 19:23:55.768695,13/08/26,19:23:55
21242,0.17,21.242,169.4755672723849,12929096117,2026-08-13 19:24:17.010695,13/08/26,19:24:17
21401,0.17,21.401,168.216438484183,12929117518,2026-08-13 19:24:38.411695,13/08/26,19:24:38
21494,0.17,21.494,167.4886014701777,12929139012,2026-08-13 19:24:59.905695,13/08/26,19:24:59
21514,0.17,21.514,167.33289950729758,12929160526,2026-08-13 19:25:21.419695,13/08/26,19:25:21
21532,0.17,21.532,167.19301504737135,12929182058,2026-08-13 19:25:42.951695,13/08/26,19:25:42
21635,0.17,21.635,166.39704183036747,12929203693,2026-08-13 19:26:04.586695,13/08/26,19:26:4
21648,0.17,21.648,166.29711751662973,12929225341,2026-08-13 19:26:26.234695,13/08/26,19:26:26
21687,0.17,21.687,165.9980633559275,12929247028,2026-08-13 19:26:47.921695,13/08/26,19:26:47
21768,0.17,21.768,165.38037486218303,12929268796,2026-08-13 19:27:09.689695,13/08/26,19:27:9
21961,0.16,21.961,163.9269614316288,12929290757,2026-08-13 19:27:31.650695,13/08/26,19:27:31
21988,0.16,21.988,163.7256685464799,12929312745,2026-08-13 19:27:53.638695,13/08/26,19:27:53
22065,0.16,22.065,163.15431679129844,12929334810,2026-08-13 19:28:15.703695,13/08/26,19:28:15
22030,0.16,22.03,163.4135270086246,12929356840,2026-08-13 19:28:37.733695,13/08/26,19:28:37
37673,0.09,37.673,95.55915377060494,12929394513,2026-08-13 19:29:15.406695,13/08/26,19:29:15
38907,0.09,38.907,92.52833680314596,12929433420,2026-08-13 19:29:54.313695,13/08/26,19:29:54
38923,0.09,38.923,92.49030136423194,12929472343,2026-08-13 19:30:33.236695,13/08/26,19:30:33
38854,0.09,38.854,92.65455294178206,12929511197,2026-08-13 19:31:12.090695,13/08/26,19:31:12
38888,0.09,38.888,92.57354453816087,12929550085,2026-08-13 19:31:50.978695,13/08/26,19:31:50
38983,0.09,38.983,92.34794654079984,12929589068,2026-08-13 19:32:29.961695,13/08/26,19:32:29
38956,0.09,38.956,92.41195194578499,12929628024,2026-08-13 19:33:08.917695,13/08/26,19:33:8
38954,0.09,38.954,92.41669661652205,12929666978,2026-08-13 19:33:47.871695,13/08/26,19:33:47
38902,0.09,38.902,92.54022929412369,12929705880,2026-08-13 19:34:26.773695,13/08/26,19:34:26
38997,0.09,38.997,92.31479344564967,12929744877,2026-08-13 19:35:05.770695,13/08/26,19:35:5
38984,0.09,38.984,92.34557767289144,12929783861,2026-08-13 19:35:44.754695,13/08/26,19:35:44
38917,0.09,38.917,92.50456098877098,12929822778,2026-08-13 19:36:23.671695,13/08/26,19:36:23
38942,0.09,38.942,92.4451748754558,12929861720,2026-08-13 19:37:02.613695,13/08/26,19:37:2
39048,0.09,39.048,92.19422249539029,12929900768,2026-08-13 19:37:41.661695,13/08/26,19:37:41
38959,0.09,38.959,92.4048358530763,12929939727,2026-08-13 19:38:20.620695,13/08/26,19:38:20
39095,0.09,39.095,92.08338662233022,12929978822,2026-08-13 19:38:59.715695,13/08/26,19:38:59
39054,0.09,39.054,92.18005838070364,12930017876,2026-08-13 19:39:38.769695,13/08/26,19:39:38
39090,0.09,39.09,92.0951650038373,12930056966,2026-08-13 19:40:17.859695,13/08/26,19:40:17
38898,0.09,38.898,92.5497454881999,12930095864,2026-08-13 19:40:56.757695,13/08/26,19:40:56
39019,0.09,39.019,92.2627437914862,12930134883,2026-08-13 19:41:35.776695,13/08/26,19:41:35
38960,0.09,38.96,92.40246406570841,12930173843,2026-08-13 19:42:14.736695,13/08/26,19:42:14
39037,0.09,39.037,92.22020134743961,12930212880,2026-08-13 19:42:53.773695,13/08/26,19:42:53
39050,0.09,39.05,92.18950064020487,12930251930,2026-08-13 19:43:32.823695,13/08/26,19:43:32
39003,0.09,39.003,92.30059226213368,12930290933,2026-08-13 19:44:11.826695,13/08/26,19:44:11
38930,0.09,38.93,92.47367069098382,12930329863,2026-08-13 19:44:50.756695,13/08/26,19:44:50
38973,0.09,38.973,92.37164190593488,12930368836,2026-08-13 19:45:29.729695,13/08/26,19:45:29
38966,0.09,38.966,92.38823589796233,12930407802,2026-08-13 19:46:08.695695,13/08/26,19:46:8
38907,0.09,38.907,92.52833680314596,12930446709,2026-08-13 19:46:47.602695,13/08/26,19:46:47
39193,0.09,39.193,91.85313703977751,12930485902,2026-08-13 19:47:26.795695,13/08/26,19:47:26
38893,0.09,38.893,92.56164348340319,12930524795,2026-08-13 19:48:05.688695,13/08/26,19:48:5
38933,0.09,38.933,92.4665450902833,12930563728,2026-08-13 19:48:44.621695,13/08/26,19:48:44
38960,0.09,38.96,92.40246406570841,12930602688,2026-08-13 19:49:23.581695,13/08/26,19:49:23
38934,0.09,38.934,92.46417013407304,12930641622,2026-08-13 19:50:02.515695,13/08/26,19:50:2
38742,0.09,38.742,92.92240978782716,12930680364,2026-08-13 19:50:41.257695,13/08/26,19:50:41
38845,0.09,38.845,92.67602007980435,12930719209,2026-08-13 19:51:20.102695,13/08/26,19:51:20
38847,0.09,38.847,92.67124874507684,12930758056,2026-08-13 19:51:58.949695,13/08/26,19:51:58
39012,0.09,39.012,92.27929867733005,12930797068,2026-08-13 19:52:37.961695,13/08/26,19:52:37
37557,0.09,37.557,95.85430146177809,12930834625,2026-08-13 19:53:15.518695,13/08/26,19:53:15
37691,0.09,37.691,95.51351781592423,12930872316,2026-08-13 19:53:53.209695,13/08/26,19:53:53
37688,0.09,37.688,95.5211207811505,12930910004,2026-08-13 19:54:30.897695,13/08/26,19:54:30
37757,0.09,37.757,95.34655825409858,12930947761,2026-08-13 19:55:08.654695,13/08/26,19:55:8
37709,0.09,37.709,95.46792542894269,12930985470,2026-08-13 19:55:46.363695,13/08/26,19:55:46
37812,0.09,37.812,95.2078705172961,12931023282,2026-08-13 19:56:24.175695,13/08/26,19:56:24
37501,0.09,37.501,95.99744006826485,12931060783,2026-08-13 19:57:01.676695,13/08/26,19:57:1
33315,0.11,33.315,108.05943268797839,12931094098,2026-08-13 19:57:34.991695,13/08/26,19:57:34
19165,0.19,19.165,187.8424210800939,12931113263,2026-08-13 19:57:54.156695,13/08/26,19:57:54
19475,0.18,19.475,184.85237483953787,12931132738,2026-08-13 19:58:13.631695,13/08/26,19:58:13
19239,0.19,19.239,187.1199126773741,12931151977,2026-08-13 19:58:32.870695,13/08/26,19:58:32
19295,0.19,19.295,186.57683337652242,12931171272,2026-08-13 19:58:52.165695,13/08/26,19:58:52
19456,0.19,19.456,185.0328947368421,12931190728,2026-08-13 19:59:11.621695,13/08/26,19:59:11
19509,0.18,19.509,184.53021682300476,12931210237,2026-08-13 19:59:31.130695,13/08/26,19:59:31
19718,0.18,19.718,182.57429759610508,12931229955,2026-08-13 19:59:50.848695,13/08/26,19:59:50
19695,0.18,19.695,182.7875095201828,12931249650,2026-08-13 20:00:10.543695,13/08/26,20:0:10
19298,0.19,19.298,186.54782879054824,12931268948,2026-08-13 20:00:29.841695,13/08/26,20:0:29
19655,0.18,19.655,183.15950139913508,12931288603,2026-08-13 20:00:49.496695,13/08/26,20:0:49
19612,0.18,19.612,183.5610850499694,12931308215,2026-08-13 20:01:09.108695,13/08/26,20:1:9
19852,0.18,19.852,181.34193028410235,12931328067,2026-08-13 20:01:28.960695,13/08/26,20:1:28
19857,0.18,19.857,181.2962683184771,12931347924,2026-08-13 20:01:48.817695,13/08/26,20:1:48
20015,0.18,20.015,179.86510117411942,12931367939,2026-08-13 20:02:08.832695,13/08/26,20:2:8
20060,0.18,20.06,179.4616151545364,12931387999,2026-08-13 20:02:28.892695,13/08/26,20:2:28
20067,0.18,20.067,179.39901330542682,12931408066,2026-08-13 20:02:48.959695,13/08/26,20:2:48
20133,0.18,20.133,178.8109074653554,12931428199,2026-08-13 20:03:09.092695,13/08/26,20:3:9
20104,0.18,20.104,179.06884202148825,12931448303,2026-08-13 20:03:29.196695,13/08/26,20:3:29
20252,0.18,20.252,177.76022121271973,12931468555,2026-08-13 20:03:49.448695,13/08/26,20:3:49
20229,0.18,20.229,177.9623313065401,12931488784,2026-08-13 20:04:09.677695,13/08/26,20:4:9
20296,0.18,20.296,177.3748521876232,12931509080,2026-08-13 20:04:29.973695,13/08/26,20:4:29
20401,0.18,20.401,176.46193814028723,12931529481,2026-08-13 20:04:50.374695,13/08/26,20:4:50
20341,0.18,20.341,176.98244924045034,12931549822,2026-08-13 20:05:10.715695,13/08/26,20:5:10
20498,0.17,20.498,175.62689042833446,12931570320,2026-08-13 20:05:31.213695,13/08/26,20:5:31
30374,0.12,30.374,118.52242049120959,12931600694,2026-08-13 20:06:01.587695,13/08/26,20:6:1
35325,0.1,35.325,101.91082802547771,12931636019,2026-08-13 20:06:36.912695,13/08/26,20:6:36
35377,0.1,35.377,101.76103117844927,12931671396,2026-08-13 20:07:12.289695,13/08/26,20:7:12
35252,0.1,35.252,102.12186542607512,12931706648,2026-08-13 20:07:47.541695,13/08/26,20:7:47
35283,0.1,35.283,102.0321401241391,12931741931,2026-08-13 20:08:22.824695,13/08/26,20:8:22
35261,0.1,35.261,102.09579989223221,12931777192,2026-08-13 20:08:58.085695,13/08/26,20:8:58
35377,0.1,35.377,101.76103117844927,12931812569,2026-08-13 20:09:33.462695,13/08/26,20:9:33
35457,0.1,35.457,101.53143243929266,12931848026,2026-08-13 20:10:08.919695,13/08/26,20:10:8
35352,0.1,35.352,101.83299389002036,12931883378,2026-08-13 20:10:44.271695,13/08/26,20:10:44
35322,0.1,35.322,101.91948360794972,12931918700,2026-08-13 20:11:19.593695,13/08/26,20:11:19
35557,0.1,35.557,101.24588688584527,12931954257,2026-08-13 20:11:55.150695,13/08/26,20:11:55
35818,0.1,35.818,100.50812440672287,12931990075,2026-08-13 20:12:30.968695,13/08/26,20:12:30
35519,0.1,35.519,101.35420479180156,12932025594,2026-08-13 20:13:06.487695,13/08/26,20:13:6
35602,0.1,35.602,101.11791472389191,12932061196,2026-08-13 20:13:42.089695,13/08/26,20:13:42
35382,0.1,35.382,101.74665083940987,12932096578,2026-08-13 20:14:17.471695,13/08/26,20:14:17
35540,0.1,35.54,101.29431626336522,12932132118,2026-08-13 20:14:53.011695,13/08/26,20:14:53
35523,0.1,35.523,101.34279199391943,12932167641,2026-08-13 20:15:28.534695,13/08/26,20:15:28
35569,0.1,35.569,101.21172931485282,12932203210,2026-08-13 20:16:04.103695,13/08/26,20:16:4
35508,0.1,35.508,101.38560324433931,12932238718,2026-08-13 20:16:39.611695,13/08/26,20:16:39
35477,0.1,35.477,101.47419454858077,12932274195,2026-08-13 20:17:15.088695,13/08/26,20:17:15
35560,0.1,35.56,101.23734533183352,12932309755,2026-08-13 20:17:50.648695,13/08/26,20:17:50
35374,0.1,35.374,101.76966133318257,12932345129,2026-08-13 20:18:26.022695,13/08/26,20:18:26
35394,0.1,35.394,101.712154602475,12932380523,2026-08-13 20:19:01.416695,13/08/26,20:19:1
35392,0.1,35.392,101.71790235081374,12932415915,2026-08-13 20:19:36.808695,13/08/26,20:19:36
35384,0.1,35.384,101.74089984173638,12932451299,2026-08-13 20:20:12.192695,13/08/26,20:20:12
35911,0.1,35.911,100.24783492523183,12932487210,2026-08-13 20:20:48.103695,13/08/26,20:20:48
35925,0.1,35.925,100.20876826722338,12932523135,2026-08-13 20:21:24.028695,13/08/26,20:21:24
36093,0.1,36.093,99.74233230820381,12932559228,2026-08-13 20:22:00.121695,13/08/26,20:22:0
36040,0.1,36.04,99.88901220865705,12932595268,2026-08-13 20:22:36.161695,13/08/26,20:22:36
35926,0.1,35.926,100.20597895674442,12932631194,2026-08-13 20:23:12.087695,13/08/26,20:23:12
36127,0.1,36.127,99.6484623688654,12932667321,2026-08-13 20:23:48.214695,13/08/26,20:23:48
36028,0.1,36.028,99.9222826690352,12932703349,2026-08-13 20:24:24.242695,13/08/26,20:24:24
35998,0.1,35.998,100.00555586421468,12932739347,2026-08-13 20:25:00.240695,13/08/26,20:25:0
36106,0.1,36.106,99.70641998559796,12932775453,2026-08-13 20:25:36.346695,13/08/26,20:25:36
36063,0.1,36.063,99.82530571499875,12932811516,2026-08-13 20:26:12.409695,13/08/26,20:26:12
36144,0.1,36.144,99.60159362549801,12932847660,2026-08-13 20:26:48.553695,13/08/26,20:26:48
36079,0.1,36.079,99.78103605975775,12932883739,2026-08-13 20:27:24.632695,13/08/26,20:27:24
36142,0.1,36.142,99.60710530684523,12932919881,2026-08-13 20:28:00.774695,13/08/26,20:28:0
36052,0.1,36.052,99.85576389659381,12932955933,2026-08-13 20:28:36.826695,13/08/26,20:28:36
36199,0.1,36.199,99.45026105693528,12932992132,2026-08-13 20:29:13.025695,13/08/26,20:29:13
36135,0.1,36.135,99.62640099626401,12933028267,2026-08-13 20:29:49.160695,13/08/26,20:29:49
36083,0.1,36.083,99.76997478036749,12933064350,2026-08-13 20:30:25.243695,13/08/26,20:30:25
36041,0.1,36.041,99.88624067034766,12933100391,2026-08-13 20:31:01.284695,13/08/26,20:31:1
36038,0.1,36.038,99.8945557467118,12933136429,2026-08-13 20:31:37.322695,13/08/26,20:31:37
35899,0.1,35.899,100.28134488425862,12933172328,2026-08-13 20:32:13.221695,13/08/26,20:32:13
36112,0.1,36.112,99.68985378821445,12933208440,2026-08-13 20:32:49.333695,13/08/26,20:32:49
36158,0.1,36.158,99.56302892859118,12933244598,2026-08-13 20:33:25.491695,13/08/26,20:33:25
36333,0.1,36.333,99.08347783007184,12933280931,2026-08-13 20:34:01.824695,13/08/26,20:34:1
36194,0.1,36.194,99.46399955793778,12933317125,2026-08-13 20:34:38.018695,13/08/26,20:34:38
22672,0.16,22.672,158.7861679604799,12933339797,2026-08-13 20:35:00.690695,13/08/26,20:35:0
19734,0.18,19.734,182.42626938279113,12933359531,2026-08-13 20:35:20.424695,13/08/26,20:35:20
19660,0.18,19.66,183.11291963377417,12933379191,2026-08-13 20:35:40.084695,13/08/26,20:35:40
19704,0.18,19.704,182.70401948842874,12933398895,2026-08-13 20:35:59.788695,13/08/26,20:35:59
19744,0.18,19.744,182.33387358184766,12933418639,2026-08-13 20:36:19.532695,13/08/26,20:36:19
19947,0.18,19.947,180.4782674086329,12933438586,2026-08-13 20:36:39.479695,13/08/26,20:36:39
20089,0.18,20.089,179.20254865846982,12933458675,2026-08-13 20:36:59.568695,13/08/26,20:36:59
20093,0.18,20.093,179.16687403573383,12933478768,2026-08-13 20:37:19.661695,13/08/26,20:37:19
20240,0.18,20.24,177.86561264822134,12933499008,2026-08-13 20:37:39.901695,13/08/26,20:37:39
20279,0.18,20.279,177.52354652596281,12933519287,2026-08-13 20:38:00.180695,13/08/26,20:38:0
20396,0.18,20.396,176.5051970974701,12933539683,2026-08-13 20:38:20.576695,13/08/26,20:38:20
20534,0.17,20.534,175.31898314989772,12933560217,2026-08-13 20:38:41.110695,13/08/26,20:38:41
20613,0.17,20.613,174.64706738466018,12933580830,2026-08-13 20:39:01.723695,13/08/26,20:39:1
20633,0.17,20.633,174.47777831628943,12933601463,2026-08-13 20:39:22.356695,13/08/26,20:39:22
20768,0.17,20.768,173.34360554699538,12933622231,2026-08-13 20:39:43.124695,13/08/26,20:39:43
20803,0.17,20.803,173.05196365908762,12933643034,2026-08-13 20:40:03.927695,13/08/26,20:40:3
20859,0.17,20.859,172.58737235725587,12933663893,2026-08-13 20:40:24.786695,13/08/26,20:40:24
20901,0.17,20.901,172.24056265250468,12933684794,2026-08-13 20:40:45.687695,13/08/26,20:40:45
20931,0.17,20.931,171.9936935645693,12933705725,2026-08-13 20:41:06.618695,13/08/26,20:41:6
20954,0.17,20.954,171.80490598453756,12933726679,2026-08-13 20:41:27.572695,13/08/26,20:41:27
21070,0.17,21.07,170.85904129093498,12933747749,2026-08-13 20:41:48.642695,13/08/26,20:41:48
21117,0.17,21.117,170.4787611876687,12933768866,2026-08-13 20:42:09.759695,13/08/26,20:42:9
21173,0.17,21.173,170.0278656779861,12933790039,2026-08-13 20:42:30.932695,13/08/26,20:42:30
21309,0.17,21.309,168.9427002674926,12933811348,2026-08-13 20:42:52.241695,13/08/26,20:42:52
34512,0.1,34.512,104.3115438108484,12933845860,2026-08-13 20:43:26.753695,13/08/26,20:43:26
36264,0.1,36.264,99.27200529450695,12933882124,2026-08-13 20:44:03.017695,13/08/26,20:44:3
36320,0.1,36.32,99.11894273127753,12933918444,2026-08-13 20:44:39.337695,13/08/26,20:44:39
36261,0.1,36.261,99.28021841648052,12933954705,2026-08-13 20:45:15.598695,13/08/26,20:45:15
36392,0.1,36.392,98.92284018465597,12933991097,2026-08-13 20:45:51.990695,13/08/26,20:45:51
36226,0.1,36.226,99.37613868492244,12934027323,2026-08-13 20:46:28.216695,13/08/26,20:46:28
36193,0.1,36.193,99.46674771364628,12934063516,2026-08-13 20:47:04.409695,13/08/26,20:47:4
36253,0.1,36.253,99.30212672054726,12934099769,2026-08-13 20:47:40.662695,13/08/26,20:47:40
36328,0.1,36.328,99.09711517286941,12934136097,2026-08-13 20:48:16.990695,13/08/26,20:48:16
36205,0.1,36.205,99.43377986465958,12934172302,2026-08-13 20:48:53.195695,13/08/26,20:48:53
36177,0.1,36.177,99.51073886723609,12934208479,2026-08-13 20:49:29.372695,13/08/26,20:49:29
36205,0.1,36.205,99.43377986465958,12934244684,2026-08-13 20:50:05.577695,13/08/26,20:50:5
36000,0.1,36.0,100.0,12934280684,2026-08-13 20:50:41.577695,13/08/26,20:50:41
36187,0.1,36.187,99.48323983751071,12934316871,2026-08-13 20:51:17.764695,13/08/26,20:51:17
36211,0.1,36.211,99.41730413410289,12934353082,2026-08-13 20:51:53.975695,13/08/26,20:51:53
36163,0.1,36.163,99.54926305892764,12934389245,2026-08-13 20:52:30.138695,13/08/26,20:52:30
36165,0.1,36.165,99.54375777685608,12934425410,2026-08-13 20:53:06.303695,13/08/26,20:53:6
36104,0.1,36.104,99.71194327498338,12934461514,2026-08-13 20:53:42.407695,13/08/26,20:53:42
36211,0.1,36.211,99.41730413410289,12934497725,2026-08-13 20:54:18.618695,13/08/26,20:54:18
25133,0.14,25.133,143.23797397843472,12934522858,2026-08-13 20:54:43.751695,13/08/26,20:54:43
13075,0.28,13.075,275.33460803059273,12934535933,2026-08-13 20:54:56.826695,13/08/26,20:54:56
30653,0.12,30.653,117.44364336280299,12934566586,2026-08-13 20:55:27.479695,13/08/26,20:55:27
36221,0.1,36.221,99.38985671295657,12934602807,2026-08-13 20:56:03.700695,13/08/26,20:56:3
36168,0.1,36.168,99.53550099535501,12934638975,2026-08-13 20:56:39.868695,13/08/26,20:56:39
36187,0.1,36.187,99.48323983751071,12934675162,2026-08-13 20:57:16.055695,13/08/26,20:57:16
36417,0.1,36.417,98.85493038965319,12934711579,2026-08-13 20:57:52.472695,13/08/26,20:57:52
36294,0.1,36.294,99.18994875185982,12934747873,2026-08-13 20:58:28.766695,13/08/26,20:58:28
36399,0.1,36.399,98.90381603890216,12934784272,2026-08-13 20:59:05.165695,13/08/26,20:59:5
36522,0.1,36.522,98.57072449482504,12934820794,2026-08-13 20:59:41.687695,13/08/26,20:59:41
37976,0.09,37.976,94.79671371392459,12934858770,2026-08-13 21:00:19.663695,13/08/26,21:0:19
37425,0.1,37.425,96.19238476953907,12934896195,2026-08-13 21:00:57.088695,13/08/26,21:0:57
37588,0.09,37.588,95.77524741938916,12934933783,2026-08-13 21:01:34.676695,13/08/26,21:1:34
36060,0.1,36.06,99.83361064891847,12934969843,2026-08-13 21:02:10.736695,13/08/26,21:2:10
35558,0.1,35.558,101.24303954103155,12935005401,2026-08-13 21:02:46.294695,13/08/26,21:2:46
30572,0.12,30.572,117.7548083213398,12935035973,2026-08-13 21:03:16.866695,13/08/26,21:3:16
22164,0.16,22.164,162.42555495397943,12935058137,2026-08-13 21:03:39.030695,13/08/26,21:3:39
19549,0.18,19.549,184.15264207887873,12935077686,2026-08-13 21:03:58.579695,13/08/26,21:3:58
19512,0.18,19.512,184.50184501845018,12935097198,2026-08-13 21:04:18.091695,13/08/26,21:4:18
19068,0.19,19.068,188.79798615481434,12935116266,2026-08-13 21:04:37.159695,13/08/26,21:4:37
19357,0.19,19.357,185.9792323190577,12935135623,2026-08-13 21:04:56.516695,13/08/26,21:4:56
19986,0.18,19.986,180.12608826178325,12935155609,2026-08-13 21:05:16.502695,13/08/26,21:5:16
20041,0.18,20.041,179.63175490244998,12935175650,2026-08-13 21:05:36.543695,13/08/26,21:5:36
19959,0.18,19.959,180.369758003908,12935195609,2026-08-13 21:05:56.502695,13/08/26,21:5:56
18616,0.19,18.616,193.38203695745594,12935214225,2026-08-13 21:06:15.118695,13/08/26,21:6:15
3065,1.17,3.065,1174.5513866231647,12935217290,2026-08-13 21:06:18.183695,13/08/26,21:6:18
2397,1.5,2.397,1501.8773466833543,12935219687,2026-08-13 21:06:20.580695,13/08/26,21:6:20
2399,1.5,2.399,1500.625260525219,12935222086,2026-08-13 21:06:22.979695,13/08/26,21:6:22
2403,1.5,2.403,1498.1273408239701,12935224489,2026-08-13 21:06:25.382695,13/08/26,21:6:25
2414,1.49,2.414,1491.3007456503728,12935226903,2026-08-13 21:06:27.796695,13/08/26,21:6:27
2406,1.5,2.406,1496.2593516209477,12935229309,2026-08-13 21:06:30.202695,13/08/26,21:6:30
2404,1.5,2.404,1497.504159733777,12935231713,2026-08-13 21:06:32.606695,13/08/26,21:6:32
2389,1.51,2.389,1506.906655504395,12935234102,2026-08-13 21:06:34.995695,13/08/26,21:6:34
2389,1.51,2.389,1506.906655504395,12935236491,2026-08-13 21:06:37.384695,13/08/26,21:6:37
2400,1.5,2.4,1500.0,12935238891,2026-08-13 21:06:39.784695,13/08/26,21:6:39
2405,1.5,2.405,1496.8814968814968,12935241296,2026-08-13 21:06:42.189695,13/08/26,21:6:42
2410,1.49,2.41,1493.7759336099584,12935243706,2026-08-13 21:06:44.599695,13/08/26,21:6:44
2393,1.5,2.393,1504.3877977434183,12935246099,2026-08-13 21:06:46.992695,13/08/26,21:6:46
2408,1.5,2.408,1495.016611295681,12935248507,2026-08-13 21:06:49.400695,13/08/26,21:6:49
2417,1.49,2.417,1489.4497310715763,12935250924,2026-08-13 21:06:51.817695,13/08/26,21:6:51
2405,1.5,2.405,1496.8814968814968,12935253329,2026-08-13 21:06:54.222695,13/08/26,21:6:54
2404,1.5,2.404,1497.504159733777,12935255733,2026-08-13 21:06:56.626695,13/08/26,21:6:56
2408,1.5,2.408,1495.016611295681,12935258141,2026-08-13 21:06:59.034695,13/08/26,21:6:59
2415,1.49,2.415,1490.6832298136646,12935260556,2026-08-13 21:07:01.449695,13/08/26,21:7:1
2424,1.49,2.424,1485.148514851485,12935262980,2026-08-13 21:07:03.873695,13/08/26,21:7:3
2418,1.49,2.418,1488.833746898263,12935265398,2026-08-13 21:07:06.291695,13/08/26,21:7:6
2421,1.49,2.421,1486.988847583643,12935267819,2026-08-13 21:07:08.712695,13/08/26,21:7:8
2416,1.49,2.416,1490.0662251655629,12935270235,2026-08-13 21:07:11.128695,13/08/26,21:7:11
2424,1.49,2.424,1485.148514851485,12935272659,2026-08-13 21:07:13.552695,13/08/26,21:7:13
2425,1.48,2.425,1484.5360824742268,12935275084,2026-08-13 21:07:15.977695,13/08/26,21:7:15
2419,1.49,2.419,1488.2182720132287,12935277503,2026-08-13 21:07:18.396695,13/08/26,21:7:18
2422,1.49,2.422,1486.3748967795211,12935279925,2026-08-13 21:07:20.818695,13/08/26,21:7:20
2417,1.49,2.417,1489.4497310715763,12935282342,2026-08-13 21:07:23.235695,13/08/26,21:7:23
2425,1.48,2.425,1484.5360824742268,12935284767,2026-08-13 21:07:25.660695,13/08/26,21:7:25
10209,0.35,10.209,352.63003232441963,12935294976,2026-08-13 21:07:35.869695,13/08/26,21:7:35
19705,0.18,19.705,182.69474752600863,12935314681,2026-08-13 21:07:55.574695,13/08/26,21:7:55
19614,0.18,19.614,183.5423676965433,12935334295,2026-08-13 21:08:15.188695,13/08/26,21:8:15
19550,0.18,19.55,184.14322250639387,12935353845,2026-08-13 21:08:34.738695,13/08/26,21:8:34
19531,0.18,19.531,184.32235932619938,12935373376,2026-08-13 21:08:54.269695,13/08/26,21:8:54
19637,0.18,19.637,183.32739216784643,12935393013,2026-08-13 21:09:13.906695,13/08/26,21:9:13
19710,0.18,19.71,182.64840182648402,12935412723,2026-08-13 21:09:33.616695,13/08/26,21:9:33
19214,0.19,19.214,187.363380868117,12935431937,2026-08-13 21:09:52.830695,13/08/26,21:9:52
19085,0.19,19.085,188.62981399004454,12935451022,2026-08-13 21:10:11.915695,13/08/26,21:10:11
19080,0.19,19.08,188.67924528301887,12935470102,2026-08-13 21:10:30.995695,13/08/26,21:10:30
19013,0.19,19.013,189.3441329616578,12935489115,2026-08-13 21:10:50.008695,13/08/26,21:10:50
12699,0.28,12.699,283.48688873139616,12935501814,2026-08-13 21:11:02.707695,13/08/26,21:11:2
13262,0.27,13.262,271.45226964258785,12935515076,2026-08-13 21:11:15.969695,13/08/26,21:11:15
13278,0.27,13.278,271.1251694532309,12935528354,2026-08-13 21:11:29.247695,13/08/26,21:11:29
13179,0.27,13.179,273.16184839517416,12935541533,2026-08-13 21:11:42.426695,13/08/26,21:11:42
13280,0.27,13.28,271.0843373493976,12935554813,2026-08-13 21:11:55.706695,13/08/26,21:11:55
13278,0.27,13.278,271.1251694532309,12935568091,2026-08-13 21:12:08.984695,13/08/26,21:12:8
13322,0.27,13.322,270.2296952409548,12935581413,2026-08-13 21:12:22.306695,13/08/26,21:12:22
13367,0.27,13.367,269.31996708311516,12935594780,2026-08-13 21:12:35.673695,13/08/26,21:12:35
13211,0.27,13.211,272.50018923624253,12935607991,2026-08-13 21:12:48.884695,13/08/26,21:12:48
13458,0.27,13.458,267.4988854213107,12935621449,2026-08-13 21:13:02.342695,13/08/26,21:13:2
13427,0.27,13.427,268.1164817159455,12935634876,2026-08-13 21:13:15.769695,13/08/26,21:13:15
13490,0.27,13.49,266.8643439584878,12935648366,2026-08-13 21:13:29.259695,13/08/26,21:13:29
13447,0.27,13.447,267.7177065516472,12935661813,2026-08-13 21:13:42.706695,13/08/26,21:13:42
13561,0.26,13.561,265.4671484403805,12935675374,2026-08-13 21:13:56.267695,13/08/26,21:13:56
13563,0.26,13.563,265.42800265428,12935688937,2026-08-13 21:14:09.830695,13/08/26,21:14:9
13572,0.26,13.572,265.2519893899204,12935702509,2026-08-13 21:14:23.402695,13/08/26,21:14:23
13660,0.26,13.66,263.5431918008785,12935716169,2026-08-13 21:14:37.062695,13/08/26,21:14:37
13644,0.26,13.644,263.85224274406335,12935729813,2026-08-13 21:14:50.706695,13/08/26,21:14:50
13676,0.26,13.676,263.23486399532027,12935743489,2026-08-13 21:15:04.382695,13/08/26,21:15:4
13671,0.26,13.671,263.3311389071758,12935757160,2026-08-13 21:15:18.053695,13/08/26,21:15:18
13764,0.26,13.764,261.5518744551003,12935770924,2026-08-13 21:15:31.817695,13/08/26,21:15:31
13724,0.26,13.724,262.3141941125036,12935784648,2026-08-13 21:15:45.541695,13/08/26,21:15:45
13768,0.26,13.768,261.47588611272516,12935798416,2026-08-13 21:15:59.309695,13/08/26,21:15:59
13719,0.26,13.719,262.4097966324076,12935812135,2026-08-13 21:16:13.028695,13/08/26,21:16:13
13787,0.26,13.787,261.11554362805543,12935825922,2026-08-13 21:16:26.815695,13/08/26,21:16:26
13709,0.26,13.709,262.6012108833613,12935839631,2026-08-13 21:16:40.524695,13/08/26,21:16:40
13778,0.26,13.778,261.286108288576,12935853409,2026-08-13 21:16:54.302695,13/08/26,21:16:54
13736,0.26,13.736,262.085032032615,12935867145,2026-08-13 21:17:08.038695,13/08/26,21:17:8
13817,0.26,13.817,260.5485995512774,12935880962,2026-08-13 21:17:21.855695,13/08/26,21:17:21
13867,0.26,13.867,259.6091440109613,12935894829,2026-08-13 21:17:35.722695,13/08/26,21:17:35
13707,0.26,13.707,262.6395272488509,12935908536,2026-08-13 21:17:49.429695,13/08/26,21:17:49
13837,0.26,13.837,260.17200260172,12935922373,2026-08-13 21:18:03.266695,13/08/26,21:18:3
13642,0.26,13.642,263.8909250842985,12935936015,2026-08-13 21:18:16.908695,13/08/26,21:18:16
13931,0.26,13.931,258.41648122891394,12935949946,2026-08-13 21:18:30.839695,13/08/26,21:18:30
13816,0.26,13.816,260.5674580196873,12935963762,2026-08-13 21:18:44.655695,13/08/26,21:18:44
13940,0.26,13.94,258.2496413199426,12935977702,2026-08-13 21:18:58.595695,13/08/26,21:18:58
13881,0.26,13.881,259.3473092716663,12935991583,2026-08-13 21:19:12.476695,13/08/26,21:19:12
16976,0.21,16.976,212.0640904806786,12936008559,2026-08-13 21:19:29.452695,13/08/26,21:19:29
18675,0.19,18.675,192.7710843373494,12936027234,2026-08-13 21:19:48.127695,13/08/26,21:19:48
18682,0.19,18.682,192.69885451236485,12936045916,2026-08-13 21:20:06.809695,13/08/26,21:20:6
18873,0.19,18.873,190.74868860276587,12936064789,2026-08-13 21:20:25.682695,13/08/26,21:20:25
18888,0.19,18.888,190.59720457433292,12936083677,2026-08-13 21:20:44.570695,13/08/26,21:20:44
18850,0.19,18.85,190.9814323607427,12936102527,2026-08-13 21:21:03.420695,13/08/26,21:21:3
19194,0.19,19.194,187.5586120662707,12936121721,2026-08-13 21:21:22.614695,13/08/26,21:21:22
19077,0.19,19.077,188.70891649630445,12936140798,2026-08-13 21:21:41.691695,13/08/26,21:21:41
18982,0.19,18.982,189.6533558107681,12936159780,2026-08-13 21:22:00.673695,13/08/26,21:22:0
18877,0.19,18.877,190.7082693224559,12936178657,2026-08-13 21:22:19.550695,13/08/26,21:22:19
18978,0.19,18.978,189.69332911792603,12936197635,2026-08-13 21:22:38.528695,13/08/26,21:22:38
19110,0.19,19.11,188.38304552590267,12936216745,2026-08-13 21:22:57.638695,13/08/26,21:22:57
18740,0.19,18.74,192.10245464247598,12936235485,2026-08-13 21:23:16.378695,13/08/26,21:23:16
18992,0.19,18.992,189.55349620893008,12936254477,2026-08-13 21:23:35.370695,13/08/26,21:23:35
19250,0.19,19.25,187.01298701298703,12936273727,2026-08-13 21:23:54.620695,13/08/26,21:23:54
19249,0.19,19.249,187.0227024780508,12936292976,2026-08-13 21:24:13.869695,13/08/26,21:24:13
19249,0.19,19.249,187.0227024780508,12936312225,2026-08-13 21:24:33.118695,13/08/26,21:24:33
19302,0.19,19.302,186.50917003419335,12936331527,2026-08-13 21:24:52.420695,13/08/26,21:24:52
19429,0.19,19.429,185.2900303669772,12936350956,2026-08-13 21:25:11.849695,13/08/26,21:25:11
19485,0.18,19.485,184.75750577367205,12936370441,2026-08-13 21:25:31.334695,13/08/26,21:25:31
19346,0.19,19.346,186.08497880698852,12936389787,2026-08-13 21:25:50.680695,13/08/26,21:25:50
19411,0.19,19.411,185.4618515274844,12936409198,2026-08-13 21:26:10.091695,13/08/26,21:26:10
19362,0.19,19.362,185.93120545398202,12936428560,2026-08-13 21:26:29.453695,13/08/26,21:26:29
19362,0.19,19.362,185.93120545398202,12936447922,2026-08-13 21:26:48.815695,13/08/26,21:26:48
19445,0.19,19.445,185.1375674980715,12936467367,2026-08-13 21:27:08.260695,13/08/26,21:27:8
19424,0.19,19.424,185.33772652388797,12936486791,2026-08-13 21:27:27.684695,13/08/26,21:27:27
19306,0.19,19.306,186.4705272972133,12936506097,2026-08-13 21:27:46.990695,13/08/26,21:27:46
19419,0.19,19.419,185.38544724239148,12936525516,2026-08-13 21:28:06.409695,13/08/26,21:28:6
19393,0.19,19.393,185.63399164647038,12936544909,2026-08-13 21:28:25.802695,13/08/26,21:28:25
19261,0.19,19.261,186.9061834795701,12936564170,2026-08-13 21:28:45.063695,13/08/26,21:28:45
19426,0.19,19.426,185.3186451147946,12936583596,2026-08-13 21:29:04.489695,13/08/26,21:29:4
19350,0.19,19.35,186.04651162790697,12936602946,2026-08-13 21:29:23.839695,13/08/26,21:29:23
19346,0.19,19.346,186.08497880698852,12936622292,2026-08-13 21:29:43.185695,13/08/26,21:29:43
19658,0.18,19.658,183.13154949638823,12936641950,2026-08-13 21:30:02.843695,13/08/26,21:30:2
19823,0.18,19.823,181.6072239317964,12936661773,2026-08-13 21:30:22.666695,13/08/26,21:30:22
19616,0.18,19.616,183.5236541598695,12936681389,2026-08-13 21:30:42.282695,13/08/26,21:30:42
19740,0.18,19.74,182.370820668693,12936701129,2026-08-13 21:31:02.022695,13/08/26,21:31:2
19786,0.18,19.786,181.9468310926918,12936720915,2026-08-13 21:31:21.808695,13/08/26,21:31:21
19730,0.18,19.73,182.4632539280284,12936740645,2026-08-13 21:31:41.538695,13/08/26,21:31:41
19785,0.18,19.785,181.9560272934041,12936760430,2026-08-13 21:32:01.323695,13/08/26,21:32:1
19730,0.18,19.73,182.4632539280284,12936780160,2026-08-13 21:32:21.053695,13/08/26,21:32:21
19725,0.18,19.725,182.50950570342206,12936799885,2026-08-13 21:32:40.778695,13/08/26,21:32:40
19756,0.18,19.756,182.2231220894918,12936819641,2026-08-13 21:33:00.534695,13/08/26,21:33:0
19824,0.18,19.824,181.59806295399517,12936839465,2026-08-13 21:33:20.358695,13/08/26,21:33:20
19713,0.18,19.713,182.62060569167554,12936859178,2026-08-13 21:33:40.071695,13/08/26,21:33:40
19708,0.18,19.708,182.66693728435152,12936878886,2026-08-13 21:33:59.779695,13/08/26,21:33:59
19758,0.18,19.758,182.20467658669907,12936898644,2026-08-13 21:34:19.537695,13/08/26,21:34:19
20151,0.18,20.151,178.6511835640911,12936918795,2026-08-13 21:34:39.688695,13/08/26,21:34:39
20371,0.18,20.371,176.72181041676893,12936939166,2026-08-13 21:35:00.059695,13/08/26,21:35:0
20510,0.17,20.51,175.52413456850317,12936959676,2026-08-13 21:35:20.569695,13/08/26,21:35:20
20472,0.17,20.472,175.84994138335287,12936980148,2026-08-13 21:35:41.041695,13/08/26,21:35:41
20359,0.18,20.359,176.8259737708139,12937000507,2026-08-13 21:36:01.400695,13/08/26,21:36:1
20183,0.18,20.183,178.36793340930487,12937020690,2026-08-13 21:36:21.583695,13/08/26,21:36:21
20177,0.18,20.177,178.42097437676563,12937040867,2026-08-13 21:36:41.760695,13/08/26,21:36:41
19843,0.18,19.843,181.42417981152045,12937060710,2026-08-13 21:37:01.603695,13/08/26,21:37:1
20373,0.18,20.373,176.70446178766014,12937081083,2026-08-13 21:37:21.976695,13/08/26,21:37:21
20199,0.18,20.199,178.22664488341007,12937101282,2026-08-13 21:37:42.175695,13/08/26,21:37:42
19880,0.18,19.88,181.08651911468812,12937121162,2026-08-13 21:38:02.055695,13/08/26,21:38:2
20270,0.18,20.27,177.60236803157375,12937141432,2026-08-13 21:38:22.325695,13/08/26,21:38:22
20422,0.18,20.422,176.280481833317,12937161854,2026-08-13 21:38:42.747695,13/08/26,21:38:42
20323,0.18,20.323,177.1392018894848,12937182177,2026-08-13 21:39:03.070695,13/08/26,21:39:3
20262,0.18,20.262,177.67249037607343,12937202439,2026-08-13 21:39:23.332695,13/08/26,21:39:23
20326,0.18,20.326,177.113057168159,12937222765,2026-08-13 21:39:43.658695,13/08/26,21:39:43
20259,0.18,20.259,177.6988005330964,12937243024,2026-08-13 21:40:03.917695,13/08/26,21:40:3
20259,0.18,20.259,177.6988005330964,12937263283,2026-08-13 21:40:24.176695,13/08/26,21:40:24
20190,0.18,20.19,178.30609212481426,12937283473,2026-08-13 21:40:44.366695,13/08/26,21:40:44
16358,0.22,16.358,220.07580388800588,12937299831,2026-08-13 21:41:00.724695,13/08/26,21:41:0
13885,0.26,13.885,259.27259632697155,12937313716,2026-08-13 21:41:14.609695,13/08/26,21:41:14
13830,0.26,13.83,260.3036876355748,12937327546,2026-08-13 21:41:28.439695,13/08/26,21:41:28
13754,0.26,13.754,261.74203867965684,12937341300,2026-08-13 21:41:42.193695,13/08/26,21:41:42
13844,0.26,13.844,260.0404507367813,12937355144,2026-08-13 21:41:56.037695,13/08/26,21:41:56
13854,0.26,13.854,259.852750108272,12937368998,2026-08-13 21:42:09.891695,13/08/26,21:42:9
13852,0.26,13.852,259.8902685532775,12937382850,2026-08-13 21:42:23.743695,13/08/26,21:42:23
13934,0.26,13.934,258.360843978757,12937396784,2026-08-13 21:42:37.677695,13/08/26,21:42:37
13930,0.26,13.93,258.43503230437904,12937410714,2026-08-13 21:42:51.607695,13/08/26,21:42:51
14008,0.26,14.008,256.9960022844089,12937424722,2026-08-13 21:43:05.615695,13/08/26,21:43:5
14005,0.26,14.005,257.0510531952874,12937438727,2026-08-13 21:43:19.620695,13/08/26,21:43:19
14107,0.25,14.107,255.1924576451407,12937452834,2026-08-13 21:43:33.727695,13/08/26,21:43:33
14085,0.25,14.085,255.59105431309905,12937466919,2026-08-13 21:43:47.812695,13/08/26,21:43:47
14140,0.25,14.14,254.5968882602546,12937481059,2026-08-13 21:44:01.952695,13/08/26,21:44:1
14227,0.25,14.227,253.039994376889,12937495286,2026-08-13 21:44:16.179695,13/08/26,21:44:16
14170,0.25,14.17,254.05786873676783,12937509456,2026-08-13 21:44:30.349695,13/08/26,21:44:30
14195,0.25,14.195,253.61042620641072,12937523651,2026-08-13 21:44:44.544695,13/08/26,21:44:44
14277,0.25,14.277,252.15381382643412,12937537928,2026-08-13 21:44:58.821695,13/08/26,21:44:58
14239,0.25,14.239,252.82674345108504,12937552167,2026-08-13 21:45:13.060695,13/08/26,21:45:13
14363,0.25,14.363,250.644015874121,12937566530,2026-08-13 21:45:27.423695,13/08/26,21:45:27
14228,0.25,14.228,253.02220972729828,12937580758,2026-08-13 21:45:41.651695,13/08/26,21:45:41
14275,0.25,14.275,252.1891418563923,12937595033,2026-08-13 21:45:55.926695,13/08/26,21:45:55
14365,0.25,14.365,250.60911938739994,12937609398,2026-08-13 21:46:10.291695,13/08/26,21:46:10
14439,0.25,14.439,249.32474548098898,12937623837,2026-08-13 21:46:24.730695,13/08/26,21:46:24
14382,0.25,14.382,250.31289111389236,12937638219,2026-08-13 21:46:39.112695,13/08/26,21:46:39
14341,0.25,14.341,251.02851962903563,12937652560,2026-08-13 21:46:53.453695,13/08/26,21:46:53
14468,0.25,14.468,248.82499308819465,12937667028,2026-08-13 21:47:07.921695,13/08/26,21:47:7
14698,0.24,14.698,244.93128316777793,12937681726,2026-08-13 21:47:22.619695,13/08/26,21:47:22
14566,0.25,14.566,247.15089935466153,12937696292,2026-08-13 21:47:37.185695,13/08/26,21:47:37
14636,0.25,14.636,245.96884394643345,12937710928,2026-08-13 21:47:51.821695,13/08/26,21:47:51
14453,0.25,14.453,249.08323531446757,12937725381,2026-08-13 21:48:06.274695,13/08/26,21:48:6
14555,0.25,14.555,247.33768464445208,12937739936,2026-08-13 21:48:20.829695,13/08/26,21:48:20
14543,0.25,14.543,247.54177267413877,12937754479,2026-08-13 21:48:35.372695,13/08/26,21:48:35
14486,0.25,14.486,248.51580836669888,12937768965,2026-08-13 21:48:49.858695,13/08/26,21:48:49
15317,0.23,15.317,235.03296990272247,12937784282,2026-08-13 21:49:05.175695,13/08/26,21:49:5
20389,0.18,20.389,176.5657952817696,12937804671,2026-08-13 21:49:25.564695,13/08/26,21:49:25
20345,0.18,20.345,176.94765298599165,12937825016,2026-08-13 21:49:45.909695,13/08/26,21:49:45
20359,0.18,20.359,176.8259737708139,12937845375,2026-08-13 21:50:06.268695,13/08/26,21:50:6
20354,0.18,20.354,176.8694114179031,12937865729,2026-08-13 21:50:26.622695,13/08/26,21:50:26
20401,0.18,20.401,176.46193814028723,12937886130,2026-08-13 21:50:47.023695,13/08/26,21:50:47
20432,0.18,20.432,176.19420516836334,12937906562,2026-08-13 21:51:07.455695,13/08/26,21:51:7
20398,0.18,20.398,176.4878909697029,12937926960,2026-08-13 21:51:27.853695,13/08/26,21:51:27
20392,0.18,20.392,176.53981953707336,12937947352,2026-08-13 21:51:48.245695,13/08/26,21:51:48
20242,0.18,20.242,177.84803873135067,12937967594,2026-08-13 21:52:08.487695,13/08/26,21:52:8
20384,0.18,20.384,176.60910518053376,12937987978,2026-08-13 21:52:28.871695,13/08/26,21:52:28
20251,0.18,20.251,177.76899906177474,12938008229,2026-08-13 21:52:49.122695,13/08/26,21:52:49
20399,0.18,20.399,176.4792391783911,12938028628,2026-08-13 21:53:09.521695,13/08/26,21:53:9
20549,0.17,20.549,175.19100686164776,12938049177,2026-08-13 21:53:30.070695,13/08/26,21:53:30
20363,0.18,20.363,176.7912390119334,12938069540,2026-08-13 21:53:50.433695,13/08/26,21:53:50
20482,0.17,20.482,175.76408553852164,12938090022,2026-08-13 21:54:10.915695,13/08/26,21:54:10
20504,0.17,20.504,175.57549746390947,12938110526,2026-08-13 21:54:31.419695,13/08/26,21:54:31
20376,0.18,20.376,176.67844522968198,12938130902,2026-08-13 21:54:51.795695,13/08/26,21:54:51
20427,0.18,20.427,176.2373329416948,12938151329,2026-08-13 21:55:12.222695,13/08/26,21:55:12
20577,0.17,20.577,174.95261699956262,12938171906,2026-08-13 21:55:32.799695,13/08/26,21:55:32
20429,0.18,20.429,176.2200792990357,12938192335,2026-08-13 21:55:53.228695,13/08/26,21:55:53
20412,0.18,20.412,176.3668430335097,12938212747,2026-08-13 21:56:13.640695,13/08/26,21:56:13
20543,0.17,20.543,175.24217495010467,12938233290,2026-08-13 21:56:34.183695,13/08/26,21:56:34
20399,0.18,20.399,176.4792391783911,12938253689,2026-08-13 21:56:54.582695,13/08/26,21:56:54
20706,0.17,20.706,173.86264850767893,12938274395,2026-08-13 21:57:15.288695,13/08/26,21:57:15
20787,0.17,20.787,173.18516380430077,12938295182,2026-08-13 21:57:36.075695,13/08/26,21:57:36
20640,0.17,20.64,174.41860465116278,12938315822,2026-08-13 21:57:56.715695,13/08/26,21:57:56
20676,0.17,20.676,174.11491584445733,12938336498,2026-08-13 21:58:17.391695,13/08/26,21:58:17
20603,0.17,20.603,174.7318351696355,12938357101,2026-08-13 21:58:37.994695,13/08/26,21:58:37
20697,0.17,20.697,173.9382519205682,12938377798,2026-08-13 21:58:58.691695,13/08/26,21:58:58
20735,0.17,20.735,173.61948396431154,12938398533,2026-08-13 21:59:19.426695,13/08/26,21:59:19
20688,0.17,20.688,174.0139211136891,12938419221,2026-08-13 21:59:40.114695,13/08/26,21:59:40
20553,0.17,20.553,175.15691139979566,12938439774,2026-08-13 22:00:00.667695,13/08/26,22:0:0
20384,0.18,20.384,176.60910518053376,12938460158,2026-08-13 22:00:21.051695,13/08/26,22:0:21
20298,0.18,20.298,177.35737511084835,12938480456,2026-08-13 22:00:41.349695,13/08/26,22:0:41
20352,0.18,20.352,176.88679245283018,12938500808,2026-08-13 22:01:01.701695,13/08/26,22:1:1
20508,0.17,20.508,175.54125219426564,12938521316,2026-08-13 22:01:22.209695,13/08/26,22:1:22
20490,0.17,20.49,175.69546120058564,12938541806,2026-08-13 22:01:42.699695,13/08/26,22:1:42
20505,0.17,20.505,175.5669348939283,12938562311,2026-08-13 22:02:03.204695,13/08/26,22:2:3
20541,0.17,20.541,175.25923762231633,12938582852,2026-08-13 22:02:23.745695,13/08/26,22:2:23
20309,0.18,20.309,177.2613127184992,12938603161,2026-08-13 22:02:44.054695,13/08/26,22:2:44
20455,0.17,20.455,175.99608897580055,12938623616,2026-08-13 22:03:04.509695,13/08/26,22:3:4
20426,0.18,20.426,176.24596103005973,12938644042,2026-08-13 22:03:24.935695,13/08/26,22:3:24
20179,0.18,20.179,178.40329054958124,12938664221,2026-08-13 22:03:45.114695,13/08/26,22:3:45
20138,0.18,20.138,178.76651107359223,12938684359,2026-08-13 22:04:05.252695,13/08/26,22:4:5
20418,0.18,20.418,176.31501616220982,12938704777,2026-08-13 22:04:25.670695,13/08/26,22:4:25
20147,0.18,20.147,178.6866530997171,12938724924,2026-08-13 22:04:45.817695,13/08/26,22:4:45
20298,0.18,20.298,177.35737511084835,12938745222,2026-08-13 22:05:06.115695,13/08/26,22:5:6
20355,0.18,20.355,176.86072218128223,12938765577,2026-08-13 22:05:26.470695,13/08/26,22:5:26
20379,0.18,20.379,176.65243633151775,12938785956,2026-08-13 22:05:46.849695,13/08/26,22:5:46
20370,0.18,20.37,176.73048600883652,12938806326,2026-08-13 22:06:07.219695,13/08/26,22:6:7
20325,0.18,20.325,177.12177121771217,12938826651,2026-08-13 22:06:27.544695,13/08/26,22:6:27
20074,0.18,20.074,179.33645511607054,12938846725,2026-08-13 22:06:47.618695,13/08/26,22:6:47
20373,0.18,20.373,176.70446178766014,12938867098,2026-08-13 22:07:07.991695,13/08/26,22:7:7
20478,0.17,20.478,175.79841781423968,12938887576,2026-08-13 22:07:28.469695,13/08/26,22:7:28
20340,0.18,20.34,176.99115044247787,12938907916,2026-08-13 22:07:48.809695,13/08/26,22:7:48
20278,0.18,20.278,177.53230101587928,12938928194,2026-08-13 22:08:09.087695,13/08/26,22:8:9
20214,0.18,20.214,178.09439002671417,12938948408,2026-08-13 22:08:29.301695,13/08/26,22:8:29
20050,0.18,20.05,179.5511221945137,12938968458,2026-08-13 22:08:49.351695,13/08/26,22:8:49
20261,0.18,20.261,177.68125956270669,12938988719,2026-08-13 22:09:09.612695,13/08/26,22:9:9
20396,0.18,20.396,176.5051970974701,12939009115,2026-08-13 22:09:30.008695,13/08/26,22:9:30
20259,0.18,20.259,177.6988005330964,12939029374,2026-08-13 22:09:50.267695,13/08/26,22:9:50
20318,0.18,20.318,177.1827935820455,12939049692,2026-08-13 22:10:10.585695,13/08/26,22:10:10
20329,0.18,20.329,177.0869201633135,12939070021,2026-08-13 22:10:30.914695,13/08/26,22:10:30
20249,0.18,20.249,177.78655736085733,12939090270,2026-08-13 22:10:51.163695,13/08/26,22:10:51
20251,0.18,20.251,177.76899906177474,12939110521,2026-08-13 22:11:11.414695,13/08/26,22:11:11
20335,0.18,20.335,177.0346692894025,12939130856,2026-08-13 22:11:31.749695,13/08/26,22:11:31
20180,0.18,20.18,178.394449950446,12939151036,2026-08-13 22:11:51.929695,13/08/26,22:11:51
20199,0.18,20.199,178.22664488341007,12939171235,2026-08-13 22:12:12.128695,13/08/26,22:12:12
20219,0.18,20.219,178.05034868193283,12939191454,2026-08-13 22:12:32.347695,13/08/26,22:12:32
20124,0.18,20.124,178.89087656529517,12939211578,2026-08-13 22:12:52.471695,13/08/26,22:12:52
19914,0.18,19.914,180.77734257306417,12939231492,2026-08-13 22:13:12.385695,13/08/26,22:13:12
20025,0.18,20.025,179.77528089887642,12939251517,2026-08-13 22:13:32.410695,13/08/26,22:13:32
12469,0.29,12.469,288.7160157189831,12939263986,2026-08-13 22:13:44.879695,13/08/26,22:13:44
13795,0.26,13.795,260.96411743385283,12939277781,2026-08-13 22:13:58.674695,13/08/26,22:13:58
13817,0.26,13.817,260.5485995512774,12939291598,2026-08-13 22:14:12.491695,13/08/26,22:14:12
13846,0.26,13.846,260.002888920988,12939305444,2026-08-13 22:14:26.337695,13/08/26,22:14:26
13695,0.26,13.695,262.8696604600219,12939319139,2026-08-13 22:14:40.032695,13/08/26,22:14:40
13822,0.26,13.822,260.4543481406453,12939332961,2026-08-13 22:14:53.854695,13/08/26,22:14:53
13855,0.26,13.855,259.8339949476723,12939346816,2026-08-13 22:15:07.709695,13/08/26,22:15:7
13787,0.26,13.787,261.11554362805543,12939360603,2026-08-13 22:15:21.496695,13/08/26,22:15:21
13858,0.26,13.858,259.7777457064511,12939374461,2026-08-13 22:15:35.354695,13/08/26,22:15:35
13922,0.26,13.922,258.583536848154,12939388383,2026-08-13 22:15:49.276695,13/08/26,22:15:49
13879,0.26,13.879,259.3846818935082,12939402262,2026-08-13 22:16:03.155695,13/08/26,22:16:3
13884,0.26,13.884,259.2912705272256,12939416146,2026-08-13 22:16:17.039695,13/08/26,22:16:17
14090,0.25,14.09,255.50035486160397,12939430236,2026-08-13 22:16:31.129695,13/08/26,22:16:31
14142,0.25,14.142,254.56088247772593,12939444378,2026-08-13 22:16:45.271695,13/08/26,22:16:45
14215,0.25,14.215,253.253605346465,12939458593,2026-08-13 22:16:59.486695,13/08/26,22:16:59
14099,0.25,14.099,255.33725796155755,12939472692,2026-08-13 22:17:13.585695,13/08/26,22:17:13
14230,0.25,14.23,252.98664792691497,12939486922,2026-08-13 22:17:27.815695,13/08/26,22:17:27
14217,0.25,14.217,253.21797847647184,12939501139,2026-08-13 22:17:42.032695,13/08/26,22:17:42
14330,0.25,14.33,251.2212142358688,12939515469,2026-08-13 22:17:56.362695,13/08/26,22:17:56
14479,0.25,14.479,248.63595552179018,12939529948,2026-08-13 22:18:10.841695,13/08/26,22:18:10
14494,0.25,14.494,248.37863943700842,12939544442,2026-08-13 22:18:25.335695,13/08/26,22:18:25
14400,0.25,14.4,250.0,12939558842,2026-08-13 22:18:39.735695,13/08/26,22:18:39
14456,0.25,14.456,249.03154399557278,12939573298,2026-08-13 22:18:54.191695,13/08/26,22:18:54
14041,0.26,14.041,256.3919948721601,12939587339,2026-08-13 22:19:08.232695,13/08/26,22:19:8
14202,0.25,14.202,253.48542458808618,12939601541,2026-08-13 22:19:22.434695,13/08/26,22:19:22
14141,0.25,14.141,254.57888409589137,12939615682,2026-08-13 22:19:36.575695,13/08/26,22:19:36
14188,0.25,14.188,253.73555117000282,12939629870,2026-08-13 22:19:50.763695,13/08/26,22:19:50
14172,0.25,14.172,254.0220152413209,12939644042,2026-08-13 22:20:04.935695,13/08/26,22:20:4
14297,0.25,14.297,251.80107714905225,12939658339,2026-08-13 22:20:19.232695,13/08/26,22:20:19
14361,0.25,14.361,250.67892208063506,12939672700,2026-08-13 22:20:33.593695,13/08/26,22:20:33
14329,0.25,14.329,251.23874659780864,12939687029,2026-08-13 22:20:47.922695,13/08/26,22:20:47
14444,0.25,14.444,249.23843810578788,12939701473,2026-08-13 22:21:02.366695,13/08/26,22:21:2
14443,0.25,14.443,249.25569480024924,12939715916,2026-08-13 22:21:16.809695,13/08/26,22:21:16
14567,0.25,14.567,247.13393286194824,12939730483,2026-08-13 22:21:31.376695,13/08/26,22:21:31
18498,0.19,18.498,194.61563412260784,12939748981,2026-08-13 22:21:49.874695,13/08/26,22:21:49
20347,0.18,20.347,176.9302599891876,12939769328,2026-08-13 22:22:10.221695,13/08/26,22:22:10
17933,0.2,17.933,200.7472257848659,12939787261,2026-08-13 22:22:28.154695,13/08/26,22:22:28
16850,0.21,16.85,213.64985163204747,12939804111,2026-08-13 22:22:45.004695,13/08/26,22:22:45
17028,0.21,17.028,211.41649048625794,12939821139,2026-08-13 22:23:02.032695,13/08/26,22:23:2
17496,0.2,17.496,205.76131687242798,12939838635,2026-08-13 22:23:19.528695,13/08/26,22:23:19
20349,0.18,20.349,176.91287041132242,12939858984,2026-08-13 22:23:39.877695,13/08/26,22:23:39
20461,0.17,20.461,175.9444797419481,12939879445,2026-08-13 22:24:00.338695,13/08/26,22:24:0
20544,0.17,20.544,175.2336448598131,12939899989,2026-08-13 22:24:20.882695,13/08/26,22:24:20
20354,0.18,20.354,176.8694114179031,12939920343,2026-08-13 22:24:41.236695,13/08/26,22:24:41
20344,0.18,20.344,176.95635076681086,12939940687,2026-08-13 22:25:01.580695,13/08/26,22:25:1
20385,0.18,20.385,176.60044150110375,12939961072,2026-08-13 22:25:21.965695,13/08/26,22:25:21
20269,0.18,20.269,177.61113029749865,12939981341,2026-08-13 22:25:42.234695,13/08/26,22:25:42
20352,0.18,20.352,176.88679245283018,12940001693,2026-08-13 22:26:02.586695,13/08/26,22:26:2
20396,0.18,20.396,176.5051970974701,12940022089,2026-08-13 22:26:22.982695,13/08/26,22:26:22
20336,0.18,20.336,177.02596380802518,12940042425,2026-08-13 22:26:43.318695,13/08/26,22:26:43
20518,0.17,20.518,175.45569743639732,12940062943,2026-08-13 22:27:03.836695,13/08/26,22:27:3
20318,0.18,20.318,177.1827935820455,12940083261,2026-08-13 22:27:24.154695,13/08/26,22:27:24
19802,0.18,19.802,181.7998182001818,12940103063,2026-08-13 22:27:43.956695,13/08/26,22:27:43
20191,0.18,20.191,178.29726115596057,12940123254,2026-08-13 22:28:04.147695,13/08/26,22:28:4
20148,0.18,20.148,178.6777843954735,12940143402,2026-08-13 22:28:24.295695,13/08/26,22:28:24
19909,0.18,19.909,180.82274348284696,12940163311,2026-08-13 22:28:44.204695,13/08/26,22:28:44
20057,0.18,20.057,179.48845789499924,12940183368,2026-08-13 22:29:04.261695,13/08/26,22:29:4
20180,0.18,20.18,178.394449950446,12940203548,2026-08-13 22:29:24.441695,13/08/26,22:29:24
20044,0.18,20.044,179.60486928756734,12940223592,2026-08-13 22:29:44.485695,13/08/26,22:29:44
20135,0.18,20.135,178.7931462627266,12940243727,2026-08-13 22:30:04.620695,13/08/26,22:30:4
20132,0.18,20.132,178.81978939002582,12940263859,2026-08-13 22:30:24.752695,13/08/26,22:30:24
20029,0.18,20.029,179.73937790204204,12940283888,2026-08-13 22:30:44.781695,13/08/26,22:30:44
20227,0.18,20.227,177.9799278192515,12940304115,2026-08-13 22:31:05.008695,13/08/26,22:31:5
20346,0.18,20.346,176.93895606015926,12940324461,2026-08-13 22:31:25.354695,13/08/26,22:31:25
20370,0.18,20.37,176.73048600883652,12940344831,2026-08-13 22:31:45.724695,13/08/26,22:31:45
20479,0.17,20.479,175.78983348796328,12940365310,2026-08-13 22:32:06.203695,13/08/26,22:32:6
20515,0.17,20.515,175.48135510601998,12940385825,2026-08-13 22:32:26.718695,13/08/26,22:32:26
20492,0.17,20.492,175.67831348819053,12940406317,2026-08-13 22:32:47.210695,13/08/26,22:32:47
20465,0.17,20.465,175.9100903982409,12940426782,2026-08-13 22:33:07.675695,13/08/26,22:33:7
20522,0.17,20.522,175.42149887925154,12940447304,2026-08-13 22:33:28.197695,13/08/26,22:33:28
20301,0.18,20.301,177.33116595241614,12940467605,2026-08-13 22:33:48.498695,13/08/26,22:33:48
20465,0.17,20.465,175.9100903982409,12940488070,2026-08-13 22:34:08.963695,13/08/26,22:34:8
20469,0.17,20.469,175.87571449509014,12940508539,2026-08-13 22:34:29.432695,13/08/26,22:34:29
20325,0.18,20.325,177.12177121771217,12940528864,2026-08-13 22:34:49.757695,13/08/26,22:34:49
20391,0.18,20.391,176.54847726938354,12940549255,2026-08-13 22:35:10.148695,13/08/26,22:35:10
20735,0.17,20.735,173.61948396431154,12940569990,2026-08-13 22:35:30.883695,13/08/26,22:35:30
20578,0.17,20.578,174.94411507435126,12940590568,2026-08-13 22:35:51.461695,13/08/26,22:35:51
20718,0.17,20.718,173.7619461337967,12940611286,2026-08-13 22:36:12.179695,13/08/26,22:36:12
20685,0.17,20.685,174.0391588107324,12940631971,2026-08-13 22:36:32.864695,13/08/26,22:36:32
20390,0.18,20.39,176.55713585090731,12940652361,2026-08-13 22:36:53.254695,13/08/26,22:36:53
20028,0.18,20.028,179.74835230677053,12940672389,2026-08-13 22:37:13.282695,13/08/26,22:37:13
20149,0.18,20.149,178.668916571542,12940692538,2026-08-13 22:37:33.431695,13/08/26,22:37:33
20242,0.18,20.242,177.84803873135067,12940712780,2026-08-13 22:37:53.673695,13/08/26,22:37:53
20506,0.17,20.506,175.5583731590754,12940733286,2026-08-13 22:38:14.179695,13/08/26,22:38:14
20264,0.18,20.264,177.65495459928937,12940753550,2026-08-13 22:38:34.443695,13/08/26,22:38:34
20071,0.18,20.071,179.3632604254895,12940773621,2026-08-13 22:38:54.514695,13/08/26,22:38:54
20151,0.18,20.151,178.6511835640911,12940793772,2026-08-13 22:39:14.665695,13/08/26,22:39:14
20220,0.18,20.22,178.04154302670622,12940813992,2026-08-13 22:39:34.885695,13/08/26,22:39:34
20111,0.18,20.111,179.00651384814282,12940834103,2026-08-13 22:39:54.996695,13/08/26,22:39:54
20282,0.18,20.282,177.49728823587418,12940854385,2026-08-13 22:40:15.278695,13/08/26,22:40:15
20120,0.18,20.12,178.92644135188866,12940874505,2026-08-13 22:40:35.398695,13/08/26,22:40:35
20052,0.18,20.052,179.53321364452424,12940894557,2026-08-13 22:40:55.450695,13/08/26,22:40:55
20114,0.18,20.114,178.9798150541911,12940914671,2026-08-13 22:41:15.564695,13/08/26,22:41:15
20225,0.18,20.225,177.99752781211373,12940934896,2026-08-13 22:41:35.789695,13/08/26,22:41:35
20208,0.18,20.208,178.14726840855107,12940955104,2026-08-13 22:41:55.997695,13/08/26,22:41:55
20401,0.18,20.401,176.46193814028723,12940975505,2026-08-13 22:42:16.398695,13/08/26,22:42:16
20346,0.18,20.346,176.93895606015926,12940995851,2026-08-13 22:42:36.744695,13/08/26,22:42:36
20241,0.18,20.241,177.85682525566918,12941016092,2026-08-13 22:42:56.985695,13/08/26,22:42:56
20234,0.18,20.234,177.9183552436493,12941036326,2026-08-13 22:43:17.219695,13/08/26,22:43:17
20216,0.18,20.216,178.0767708745548,12941056542,2026-08-13 22:43:37.435695,13/08/26,22:43:37
20251,0.18,20.251,177.76899906177474,12941076793,2026-08-13 22:43:57.686695,13/08/26,22:43:57
20300,0.18,20.3,177.3399014778325,12941097093,2026-08-13 22:44:17.986695,13/08/26,22:44:17
20102,0.18,20.102,179.08665804397572,12941117195,2026-08-13 22:44:38.088695,13/08/26,22:44:38
20132,0.18,20.132,178.81978939002582,12941137327,2026-08-13 22:44:58.220695,13/08/26,22:44:58
20371,0.18,20.371,176.72181041676893,12941157698,2026-08-13 22:45:18.591695,13/08/26,22:45:18
19940,0.18,19.94,180.54162487462386,12941177638,2026-08-13 22:45:38.531695,13/08/26,22:45:38
20399,0.18,20.399,176.4792391783911,12941198037,2026-08-13 22:45:58.930695,13/08/26,22:45:58
20342,0.18,20.342,176.97374889391406,12941218379,2026-08-13 22:46:19.272695,13/08/26,22:46:19
20339,0.18,20.339,176.99985250012293,12941238718,2026-08-13 22:46:39.611695,13/08/26,22:46:39
13521,0.27,13.521,266.2524961171511,12941252239,2026-08-13 22:46:53.132695,13/08/26,22:46:53
13911,0.26,13.911,258.7880094888937,12941266150,2026-08-13 22:47:07.043695,13/08/26,22:47:7
13910,0.26,13.91,258.80661394680084,12941280060,2026-08-13 22:47:20.953695,13/08/26,22:47:20
13919,0.26,13.919,258.63927006250447,12941293979,2026-08-13 22:47:34.872695,13/08/26,22:47:34
13847,0.26,13.847,259.9841120820394,12941307826,2026-08-13 22:47:48.719695,13/08/26,22:47:48
13898,0.26,13.898,259.0300762699669,12941321724,2026-08-13 22:48:02.617695,13/08/26,22:48:2
13967,0.26,13.967,257.75041168468533,12941335691,2026-08-13 22:48:16.584695,13/08/26,22:48:16
13998,0.26,13.998,257.1795970852979,12941349689,2026-08-13 22:48:30.582695,13/08/26,22:48:30
13980,0.26,13.98,257.51072961373393,12941363669,2026-08-13 22:48:44.562695,13/08/26,22:48:44
14163,0.25,14.163,254.1834357127727,12941377832,2026-08-13 22:48:58.725695,13/08/26,22:48:58
14267,0.25,14.267,252.33055302446203,12941392099,2026-08-13 22:49:12.992695,13/08/26,22:49:12
14289,0.25,14.289,251.9420533277346,12941406388,2026-08-13 22:49:27.281695,13/08/26,22:49:27
14315,0.25,14.315,251.48445686342995,12941420703,2026-08-13 22:49:41.596695,13/08/26,22:49:41
14385,0.25,14.385,250.2606882168926,12941435088,2026-08-13 22:49:55.981695,13/08/26,22:49:55
14358,0.25,14.358,250.73129962390306,12941449446,2026-08-13 22:50:10.339695,13/08/26,22:50:10
14117,0.25,14.117,255.01168803570164,12941463563,2026-08-13 22:50:24.456695,13/08/26,22:50:24
14305,0.25,14.305,251.6602586508214,12941477868,2026-08-13 22:50:38.761695,13/08/26,22:50:38
14100,0.25,14.1,255.31914893617022,12941491968,2026-08-13 22:50:52.861695,13/08/26,22:50:52
14091,0.25,14.091,255.48222269533744,12941506059,2026-08-13 22:51:06.952695,13/08/26,22:51:6
14356,0.25,14.356,250.76623014767344,12941520415,2026-08-13 22:51:21.308695,13/08/26,22:51:21
14411,0.25,14.411,249.8091735479842,12941534826,2026-08-13 22:51:35.719695,13/08/26,22:51:35
14274,0.25,14.274,252.20680958385876,12941549100,2026-08-13 22:51:49.993695,13/08/26,22:51:49
14425,0.25,14.425,249.56672443674177,12941563525,2026-08-13 22:52:04.418695,13/08/26,22:52:4
14171,0.25,14.171,254.03994072401383,12941577696,2026-08-13 22:52:18.589695,13/08/26,22:52:18
