Interval,kWh,sec,Wh,cumul(ms),dates,days,heure
41501,0.09,41.501,86.74489771330812,14101742401,2026-04-20 00:00:35.912287,20/04/26,0:0:35
41816,0.09,41.816,86.09144824947388,14101784217,2026-04-20 00:01:17.728287,20/04/26,0:1:17
41299,0.09,41.299,87.1691808518366,14101825516,2026-04-20 00:01:59.027287,20/04/26,0:1:59
39469,0.09,39.469,91.21082368441056,14101864985,2026-04-20 00:02:38.496287,20/04/26,0:2:38
24970,0.14,24.97,144.17300760913096,14101889955,2026-04-20 00:03:03.466287,20/04/26,0:3:3
21568,0.17,21.568,166.91394658753708,14101911523,2026-04-20 00:03:25.034287,20/04/26,0:3:25
21622,0.17,21.622,166.49708630098974,14101933145,2026-04-20 00:03:46.656287,20/04/26,0:3:46
21684,0.17,21.684,166.02102933038185,14101954829,2026-04-20 00:04:08.340287,20/04/26,0:4:8
21879,0.16,21.879,164.54134101192923,14101976708,2026-04-20 00:04:30.219287,20/04/26,0:4:30
21996,0.16,21.996,163.66612111292963,14101998704,2026-04-20 00:04:52.215287,20/04/26,0:4:52
22205,0.16,22.205,162.12564737671696,14102020909,2026-04-20 00:05:14.420287,20/04/26,0:5:14
22386,0.16,22.386,160.8147949611364,14102043295,2026-04-20 00:05:36.806287,20/04/26,0:5:36
22437,0.16,22.437,160.4492579221821,14102065732,2026-04-20 00:05:59.243287,20/04/26,0:5:59
22475,0.16,22.475,160.17797552836484,14102088207,2026-04-20 00:06:21.718287,20/04/26,0:6:21
22575,0.16,22.575,159.468438538206,14102110782,2026-04-20 00:06:44.293287,20/04/26,0:6:44
22681,0.16,22.681,158.72316035448173,14102133463,2026-04-20 00:07:06.974287,20/04/26,0:7:6
22896,0.16,22.896,157.23270440251574,14102156359,2026-04-20 00:07:29.870287,20/04/26,0:7:29
22498,0.16,22.498,160.01422348653213,14102178857,2026-04-20 00:07:52.368287,20/04/26,0:7:52
22555,0.16,22.555,159.60984260696077,14102201412,2026-04-20 00:08:14.923287,20/04/26,0:8:14
22634,0.16,22.634,159.05275249624458,14102224046,2026-04-20 00:08:37.557287,20/04/26,0:8:37
22784,0.16,22.784,158.0056179775281,14102246830,2026-04-20 00:09:00.341287,20/04/26,0:9:0
22808,0.16,22.808,157.83935461241668,14102269638,2026-04-20 00:09:23.149287,20/04/26,0:9:23
22825,0.16,22.825,157.72179627601315,14102292463,2026-04-20 00:09:45.974287,20/04/26,0:9:45
22895,0.16,22.895,157.239571958943,14102315358,2026-04-20 00:10:08.869287,20/04/26,0:10:8
23885,0.15,23.885,150.72221059242202,14102339243,2026-04-20 00:10:32.754287,20/04/26,0:10:32
39324,0.09,39.324,91.547146780592,14102378567,2026-04-20 00:11:12.078287,20/04/26,0:11:12
39419,0.09,39.419,91.32651766914432,14102417986,2026-04-20 00:11:51.497287,20/04/26,0:11:51
39444,0.09,39.444,91.26863401277761,14102457430,2026-04-20 00:12:30.941287,20/04/26,0:12:30
39306,0.09,39.306,91.58907037093573,14102496736,2026-04-20 00:13:10.247287,20/04/26,0:13:10
38928,0.09,38.928,92.47842170160295,14102535664,2026-04-20 00:13:49.175287,20/04/26,0:13:49
39225,0.09,39.225,91.77820267686424,14102574889,2026-04-20 00:14:28.400287,20/04/26,0:14:28
39293,0.09,39.293,91.61937240729901,14102614182,2026-04-20 00:15:07.693287,20/04/26,0:15:7
39335,0.09,39.335,91.52154569721623,14102653517,2026-04-20 00:15:47.028287,20/04/26,0:15:47
39301,0.09,39.301,91.60072262792295,14102692818,2026-04-20 00:16:26.329287,20/04/26,0:16:26
39285,0.09,39.285,91.63802978235968,14102732103,2026-04-20 00:17:05.614287,20/04/26,0:17:5
39218,0.09,39.218,91.79458411953695,14102771321,2026-04-20 00:17:44.832287,20/04/26,0:17:44
39269,0.09,39.269,91.67536733810385,14102810590,2026-04-20 00:18:24.101287,20/04/26,0:18:24
39344,0.09,39.344,91.5006100040667,14102849934,2026-04-20 00:19:03.445287,20/04/26,0:19:3
40476,0.09,40.476,88.94159501927068,14102890410,2026-04-20 00:19:43.921287,20/04/26,0:19:43
40626,0.09,40.626,88.61320336730172,14102931036,2026-04-20 00:20:24.547287,20/04/26,0:20:24
40555,0.09,40.555,88.76833929231907,14102971591,2026-04-20 00:21:05.102287,20/04/26,0:21:5
40609,0.09,40.609,88.65029919475978,14103012200,2026-04-20 00:21:45.711287,20/04/26,0:21:45
40731,0.09,40.731,88.38476835825293,14103052931,2026-04-20 00:22:26.442287,20/04/26,0:22:26
40614,0.09,40.614,88.63938543359433,14103093545,2026-04-20 00:23:07.056287,20/04/26,0:23:7
40782,0.09,40.782,88.27423863469177,14103134327,2026-04-20 00:23:47.838287,20/04/26,0:23:47
41898,0.09,41.898,85.92295574967778,14103176225,2026-04-20 00:24:29.736287,20/04/26,0:24:29
41760,0.09,41.76,86.20689655172414,14103217985,2026-04-20 00:25:11.496287,20/04/26,0:25:11
41724,0.09,41.724,86.28127696289906,14103259709,2026-04-20 00:25:53.220287,20/04/26,0:25:53
41830,0.09,41.83,86.06263447286636,14103301539,2026-04-20 00:26:35.050287,20/04/26,0:26:35
41784,0.09,41.784,86.1573808156232,14103343323,2026-04-20 00:27:16.834287,20/04/26,0:27:16
41813,0.09,41.813,86.09762514050654,14103385136,2026-04-20 00:27:58.647287,20/04/26,0:27:58
41599,0.09,41.599,86.54054183994808,14103426735,2026-04-20 00:28:40.246287,20/04/26,0:28:40
41661,0.09,41.661,86.41175199827177,14103468396,2026-04-20 00:29:21.907287,20/04/26,0:29:21
41755,0.09,41.755,86.2172194946713,14103510151,2026-04-20 00:30:03.662287,20/04/26,0:30:3
41742,0.09,41.742,86.24407072013798,14103551893,2026-04-20 00:30:45.404287,20/04/26,0:30:45
41904,0.09,41.904,85.91065292096219,14103593797,2026-04-20 00:31:27.308287,20/04/26,0:31:27
41879,0.09,41.879,85.96193796413478,14103635676,2026-04-20 00:32:09.187287,20/04/26,0:32:9
41725,0.09,41.725,86.27920910724986,14103677401,2026-04-20 00:32:50.912287,20/04/26,0:32:50
41495,0.09,41.495,86.75744065550066,14103718896,2026-04-20 00:33:32.407287,20/04/26,0:33:32
41603,0.09,41.603,86.53222123404562,14103760499,2026-04-20 00:34:14.010287,20/04/26,0:34:14
41692,0.09,41.692,86.3475007195625,14103802191,2026-04-20 00:34:55.702287,20/04/26,0:34:55
41682,0.09,41.682,86.36821649632935,14103843873,2026-04-20 00:35:37.384287,20/04/26,0:35:37
41702,0.09,41.702,86.3267948779435,14103885575,2026-04-20 00:36:19.086287,20/04/26,0:36:19
41164,0.09,41.164,87.45505781751045,14103926739,2026-04-20 00:37:00.250287,20/04/26,0:37:0
40692,0.09,40.692,88.46947803007963,14103967431,2026-04-20 00:37:40.942287,20/04/26,0:37:40
40721,0.09,40.721,88.4064733184352,14104008152,2026-04-20 00:38:21.663287,20/04/26,0:38:21
40884,0.09,40.884,88.05400645729381,14104049036,2026-04-20 00:39:02.547287,20/04/26,0:39:2
40786,0.09,40.786,88.26558132692591,14104089822,2026-04-20 00:39:43.333287,20/04/26,0:39:43
40824,0.09,40.824,88.18342151675485,14104130646,2026-04-20 00:40:24.157287,20/04/26,0:40:24
40684,0.09,40.684,88.48687444695703,14104171330,2026-04-20 00:41:04.841287,20/04/26,0:41:4
40679,0.09,40.679,88.49775068217016,14104212009,2026-04-20 00:41:45.520287,20/04/26,0:41:45
40766,0.09,40.766,88.30888485502625,14104252775,2026-04-20 00:42:26.286287,20/04/26,0:42:26
40770,0.09,40.77,88.30022075055187,14104293545,2026-04-20 00:43:07.056287,20/04/26,0:43:7
40825,0.09,40.825,88.1812614819351,14104334370,2026-04-20 00:43:47.881287,20/04/26,0:43:47
40808,0.09,40.808,88.21799647128014,14104375178,2026-04-20 00:44:28.689287,20/04/26,0:44:28
41240,0.09,41.24,87.29388942774005,14104416418,2026-04-20 00:45:09.929287,20/04/26,0:45:9
41539,0.09,41.539,86.66554322443969,14104457957,2026-04-20 00:45:51.468287,20/04/26,0:45:51
41682,0.09,41.682,86.36821649632935,14104499639,2026-04-20 00:46:33.150287,20/04/26,0:46:33
41587,0.09,41.587,86.56551326135572,14104541226,2026-04-20 00:47:14.737287,20/04/26,0:47:14
41583,0.09,41.583,86.5738402712647,14104582809,2026-04-20 00:47:56.320287,20/04/26,0:47:56
41635,0.09,41.635,86.46571394259637,14104624444,2026-04-20 00:48:37.955287,20/04/26,0:48:37
41653,0.09,41.653,86.42834849830744,14104666097,2026-04-20 00:49:19.608287,20/04/26,0:49:19
41660,0.09,41.66,86.41382621219395,14104707757,2026-04-20 00:50:01.268287,20/04/26,0:50:1
41659,0.09,41.659,86.41590052569673,14104749416,2026-04-20 00:50:42.927287,20/04/26,0:50:42
41523,0.09,41.523,86.69893793801026,14104790939,2026-04-20 00:51:24.450287,20/04/26,0:51:24
41654,0.09,41.654,86.4262735871705,14104832593,2026-04-20 00:52:06.104287,20/04/26,0:52:6
41635,0.09,41.635,86.46571394259637,14104874228,2026-04-20 00:52:47.739287,20/04/26,0:52:47
41724,0.09,41.724,86.28127696289906,14104915952,2026-04-20 00:53:29.463287,20/04/26,0:53:29
41689,0.09,41.689,86.35371440907673,14104957641,2026-04-20 00:54:11.152287,20/04/26,0:54:11
41754,0.09,41.754,86.21928437993965,14104999395,2026-04-20 00:54:52.906287,20/04/26,0:54:52
41598,0.09,41.598,86.54262224145391,14105040993,2026-04-20 00:55:34.504287,20/04/26,0:55:34
41603,0.09,41.603,86.53222123404562,14105082596,2026-04-20 00:56:16.107287,20/04/26,0:56:16
37930,0.09,37.93,94.91167940943843,14105120526,2026-04-20 00:56:54.037287,20/04/26,0:56:54
20216,0.18,20.216,178.0767708745548,14105140742,2026-04-20 00:57:14.253287,20/04/26,0:57:14
21891,0.16,21.891,164.45114430587913,14105162633,2026-04-20 00:57:36.144287,20/04/26,0:57:36
21995,0.16,21.995,163.6735621732212,14105184628,2026-04-20 00:57:58.139287,20/04/26,0:57:58
22111,0.16,22.111,162.81488851702773,14105206739,2026-04-20 00:58:20.250287,20/04/26,0:58:20
22302,0.16,22.302,161.42050040355124,14105229041,2026-04-20 00:58:42.552287,20/04/26,0:58:42
22442,0.16,22.442,160.41351038231886,14105251483,2026-04-20 00:59:04.994287,20/04/26,0:59:4
22597,0.16,22.597,159.313183165907,14105274080,2026-04-20 00:59:27.591287,20/04/26,0:59:27
22723,0.16,22.723,158.42978479954232,14105296803,2026-04-20 00:59:50.314287,20/04/26,0:59:50
22828,0.16,22.828,157.70106886280007,14105319631,2026-04-20 01:00:13.142287,20/04/26,1:0:13
22962,0.16,22.962,156.78076822576432,14105342593,2026-04-20 01:00:36.104287,20/04/26,1:0:36
23063,0.16,23.063,156.09417682001475,14105365656,2026-04-20 01:00:59.167287,20/04/26,1:0:59
23152,0.16,23.152,155.49412577747063,14105388808,2026-04-20 01:01:22.319287,20/04/26,1:1:22
23214,0.16,23.214,155.07883173946757,14105412022,2026-04-20 01:01:45.533287,20/04/26,1:1:45
23233,0.15,23.233,154.9520079197693,14105435255,2026-04-20 01:02:08.766287,20/04/26,1:2:8
23362,0.15,23.362,154.09639585651914,14105458617,2026-04-20 01:02:32.128287,20/04/26,1:2:32
23420,0.15,23.42,153.71477369769428,14105482037,2026-04-20 01:02:55.548287,20/04/26,1:2:55
23492,0.15,23.492,153.2436574152903,14105505529,2026-04-20 01:03:19.040287,20/04/26,1:3:19
23550,0.15,23.55,152.86624203821657,14105529079,2026-04-20 01:03:42.590287,20/04/26,1:3:42
23712,0.15,23.712,151.82186234817814,14105552791,2026-04-20 01:04:06.302287,20/04/26,1:4:6
24168,0.15,24.168,148.95729890764648,14105576959,2026-04-20 01:04:30.470287,20/04/26,1:4:30
41581,0.09,41.581,86.5780043769991,14105618540,2026-04-20 01:05:12.051287,20/04/26,1:5:12
41682,0.09,41.682,86.36821649632935,14105660222,2026-04-20 01:05:53.733287,20/04/26,1:5:53
41613,0.09,41.613,86.51142671761228,14105701835,2026-04-20 01:06:35.346287,20/04/26,1:6:35
41677,0.09,41.677,86.37857811262806,14105743512,2026-04-20 01:07:17.023287,20/04/26,1:7:17
41610,0.09,41.61,86.51766402307138,14105785122,2026-04-20 01:07:58.633287,20/04/26,1:7:58
41559,0.09,41.559,86.62383599220385,14105826681,2026-04-20 01:08:40.192287,20/04/26,1:8:40
41511,0.09,41.511,86.72400086724001,14105868192,2026-04-20 01:09:21.703287,20/04/26,1:9:21
41608,0.09,41.608,86.52182272639877,14105909800,2026-04-20 01:10:03.311287,20/04/26,1:10:3
41577,0.09,41.577,86.58633379031676,14105951377,2026-04-20 01:10:44.888287,20/04/26,1:10:44
41568,0.09,41.568,86.60508083140877,14105992945,2026-04-20 01:11:26.456287,20/04/26,1:11:26
41654,0.09,41.654,86.4262735871705,14106034599,2026-04-20 01:12:08.110287,20/04/26,1:12:8
41714,0.09,41.714,86.30196097233542,14106076313,2026-04-20 01:12:49.824287,20/04/26,1:12:49
41019,0.09,41.019,87.76420683098077,14106117332,2026-04-20 01:13:30.843287,20/04/26,1:13:30
40011,0.09,40.011,89.9752568043788,14106157343,2026-04-20 01:14:10.854287,20/04/26,1:14:10
40605,0.09,40.605,88.65903213889915,14106197948,2026-04-20 01:14:51.459287,20/04/26,1:14:51
40718,0.09,40.718,88.41298688540695,14106238666,2026-04-20 01:15:32.177287,20/04/26,1:15:32
40572,0.09,40.572,88.73114463176574,14106279238,2026-04-20 01:16:12.749287,20/04/26,1:16:12
40676,0.09,40.676,88.50427770675583,14106319914,2026-04-20 01:16:53.425287,20/04/26,1:16:53
40508,0.09,40.508,88.87133405747014,14106360422,2026-04-20 01:17:33.933287,20/04/26,1:17:33
40548,0.09,40.548,88.78366380585972,14106400970,2026-04-20 01:18:14.481287,20/04/26,1:18:14
40561,0.09,40.561,88.7552082049259,14106441531,2026-04-20 01:18:55.042287,20/04/26,1:18:55
40699,0.09,40.699,88.4542617754736,14106482230,2026-04-20 01:19:35.741287,20/04/26,1:19:35
40644,0.09,40.644,88.57395925597874,14106522874,2026-04-20 01:20:16.385287,20/04/26,1:20:16
40554,0.09,40.554,88.7705281846427,14106563428,2026-04-20 01:20:56.939287,20/04/26,1:20:56
40420,0.09,40.42,89.06481939633845,14106603848,2026-04-20 01:21:37.359287,20/04/26,1:21:37
40782,0.09,40.782,88.27423863469177,14106644630,2026-04-20 01:22:18.141287,20/04/26,1:22:18
40726,0.09,40.726,88.3956195059667,14106685356,2026-04-20 01:22:58.867287,20/04/26,1:22:58
40525,0.09,40.525,88.83405305367057,14106725881,2026-04-20 01:23:39.392287,20/04/26,1:23:39
40780,0.09,40.78,88.27856792545366,14106766661,2026-04-20 01:24:20.172287,20/04/26,1:24:20
41298,0.09,41.298,87.17129158797036,14106807959,2026-04-20 01:25:01.470287,20/04/26,1:25:1
41896,0.09,41.896,85.927057475654,14106849855,2026-04-20 01:25:43.366287,20/04/26,1:25:43
41830,0.09,41.83,86.06263447286636,14106891685,2026-04-20 01:26:25.196287,20/04/26,1:26:25
41859,0.09,41.859,86.00301010535368,14106933544,2026-04-20 01:27:07.055287,20/04/26,1:27:7
41907,0.09,41.907,85.90450282768988,14106975451,2026-04-20 01:27:48.962287,20/04/26,1:27:48
41862,0.09,41.862,85.99684678228465,14107017313,2026-04-20 01:28:30.824287,20/04/26,1:28:30
41843,0.09,41.843,86.03589608775661,14107059156,2026-04-20 01:29:12.667287,20/04/26,1:29:12
41846,0.09,41.846,86.02972805047078,14107101002,2026-04-20 01:29:54.513287,20/04/26,1:29:54
40819,0.09,40.819,88.19422327837526,14107141821,2026-04-20 01:30:35.332287,20/04/26,1:30:35
41663,0.09,41.663,86.40760386914049,14107183484,2026-04-20 01:31:16.995287,20/04/26,1:31:16
41563,0.09,41.563,86.61549936241369,14107225047,2026-04-20 01:31:58.558287,20/04/26,1:31:58
41679,0.09,41.679,86.37443316778234,14107266726,2026-04-20 01:32:40.237287,20/04/26,1:32:40
41736,0.09,41.736,86.25646923519264,14107308462,2026-04-20 01:33:21.973287,20/04/26,1:33:21
41781,0.09,41.781,86.16356717168091,14107350243,2026-04-20 01:34:03.754287,20/04/26,1:34:3
41735,0.09,41.735,86.25853600095843,14107391978,2026-04-20 01:34:45.489287,20/04/26,1:34:45
41706,0.09,41.706,86.31851532153647,14107433684,2026-04-20 01:35:27.195287,20/04/26,1:35:27
41673,0.09,41.673,86.38686919588223,14107475357,2026-04-20 01:36:08.868287,20/04/26,1:36:8
41640,0.09,41.64,86.45533141210375,14107516997,2026-04-20 01:36:50.508287,20/04/26,1:36:50
41193,0.09,41.193,87.39348918505571,14107558190,2026-04-20 01:37:31.701287,20/04/26,1:37:31
40988,0.09,40.988,87.83058456133503,14107599178,2026-04-20 01:38:12.689287,20/04/26,1:38:12
40743,0.09,40.743,88.35873647006848,14107639921,2026-04-20 01:38:53.432287,20/04/26,1:38:53
40835,0.09,40.835,88.15966695236929,14107680756,2026-04-20 01:39:34.267287,20/04/26,1:39:34
40953,0.09,40.953,87.90564793788,14107721709,2026-04-20 01:40:15.220287,20/04/26,1:40:15
40870,0.09,40.87,88.08416931734769,14107762579,2026-04-20 01:40:56.090287,20/04/26,1:40:56
40963,0.09,40.963,87.88418816981178,14107803542,2026-04-20 01:41:37.053287,20/04/26,1:41:37
40839,0.09,40.839,88.15103210166752,14107844381,2026-04-20 01:42:17.892287,20/04/26,1:42:17
40709,0.09,40.709,88.43253334643445,14107885090,2026-04-20 01:42:58.601287,20/04/26,1:42:58
40775,0.09,40.775,88.28939301042305,14107925865,2026-04-20 01:43:39.376287,20/04/26,1:43:39
40826,0.09,40.826,88.17910155293195,14107966691,2026-04-20 01:44:20.202287,20/04/26,1:44:20
40858,0.09,40.858,88.11003964951784,14108007549,2026-04-20 01:45:01.060287,20/04/26,1:45:1
41651,0.09,41.651,86.43249861948092,14108049200,2026-04-20 01:45:42.711287,20/04/26,1:45:42
40102,0.09,40.102,89.771083736472,14108089302,2026-04-20 01:46:22.813287,20/04/26,1:46:22
39280,0.09,39.28,91.64969450101833,14108128582,2026-04-20 01:47:02.093287,20/04/26,1:47:2
39022,0.09,39.022,92.25565065860285,14108167604,2026-04-20 01:47:41.115287,20/04/26,1:47:41
38951,0.09,38.951,92.42381453621216,14108206555,2026-04-20 01:48:20.066287,20/04/26,1:48:20
39182,0.09,39.182,91.87892399571231,14108245737,2026-04-20 01:48:59.248287,20/04/26,1:48:59
39289,0.09,39.289,91.62870014507878,14108285026,2026-04-20 01:49:38.537287,20/04/26,1:49:38
39216,0.09,39.216,91.79926560587515,14108324242,2026-04-20 01:50:17.753287,20/04/26,1:50:17
39148,0.09,39.148,91.95872075201798,14108363390,2026-04-20 01:50:56.901287,20/04/26,1:50:56
24620,0.15,24.62,146.2225832656377,14108388010,2026-04-20 01:51:21.521287,20/04/26,1:51:21
21175,0.17,21.175,170.01180637544275,14108409185,2026-04-20 01:51:42.696287,20/04/26,1:51:42
21246,0.17,21.246,169.44365998305562,14108430431,2026-04-20 01:52:03.942287,20/04/26,1:52:3
21299,0.17,21.299,169.02201981313678,14108451730,2026-04-20 01:52:25.241287,20/04/26,1:52:25
21343,0.17,21.343,168.6735697886895,14108473073,2026-04-20 01:52:46.584287,20/04/26,1:52:46
21601,0.17,21.601,166.65895097449192,14108494674,2026-04-20 01:53:08.185287,20/04/26,1:53:8
21736,0.17,21.736,165.62384983437616,14108516410,2026-04-20 01:53:29.921287,20/04/26,1:53:29
21860,0.16,21.86,164.6843549862763,14108538270,2026-04-20 01:53:51.781287,20/04/26,1:53:51
21964,0.16,21.964,163.90457111637224,14108560234,2026-04-20 01:54:13.745287,20/04/26,1:54:13
22089,0.16,22.089,162.97704739915795,14108582323,2026-04-20 01:54:35.834287,20/04/26,1:54:35
22163,0.16,22.163,162.43288363488696,14108604486,2026-04-20 01:54:57.997287,20/04/26,1:54:57
22287,0.16,22.287,161.5291425494683,14108626773,2026-04-20 01:55:20.284287,20/04/26,1:55:20
22387,0.16,22.387,160.80761156028052,14108649160,2026-04-20 01:55:42.671287,20/04/26,1:55:42
22432,0.16,22.432,160.48502139800286,14108671592,2026-04-20 01:56:05.103287,20/04/26,1:56:5
22547,0.16,22.547,159.66647447553999,14108694139,2026-04-20 01:56:27.650287,20/04/26,1:56:27
22588,0.16,22.588,159.37666017354348,14108716727,2026-04-20 01:56:50.238287,20/04/26,1:56:50
22639,0.16,22.639,159.01762445337692,14108739366,2026-04-20 01:57:12.877287,20/04/26,1:57:12
22707,0.16,22.707,158.54141894569958,14108762073,2026-04-20 01:57:35.584287,20/04/26,1:57:35
22772,0.16,22.772,158.08888108203055,14108784845,2026-04-20 01:57:58.356287,20/04/26,1:57:58
22840,0.16,22.84,157.61821366024517,14108807685,2026-04-20 01:58:21.196287,20/04/26,1:58:21
36813,0.1,36.813,97.79154103170076,14108844498,2026-04-20 01:58:58.009287,20/04/26,1:58:58
40258,0.09,40.258,89.4232202295196,14108884756,2026-04-20 01:59:38.267287,20/04/26,1:59:38
40157,0.09,40.157,89.64813108548945,14108924913,2026-04-20 02:00:18.424287,20/04/26,2:0:18
40230,0.09,40.23,89.48545861297539,14108965143,2026-04-20 02:00:58.654287,20/04/26,2:0:58
40184,0.09,40.184,89.58789567987259,14109005327,2026-04-20 02:01:38.838287,20/04/26,2:1:38
40174,0.09,40.174,89.61019564892716,14109045501,2026-04-20 02:02:19.012287,20/04/26,2:2:19
40126,0.09,40.126,89.71739022080446,14109085627,2026-04-20 02:02:59.138287,20/04/26,2:2:59
40268,0.09,40.268,89.40101321148306,14109125895,2026-04-20 02:03:39.406287,20/04/26,2:3:39
40316,0.09,40.316,89.29457287429308,14109166211,2026-04-20 02:04:19.722287,20/04/26,2:4:19
40230,0.09,40.23,89.48545861297539,14109206441,2026-04-20 02:04:59.952287,20/04/26,2:4:59
40317,0.09,40.317,89.29235806235583,14109246758,2026-04-20 02:05:40.269287,20/04/26,2:5:40
40250,0.09,40.25,89.44099378881988,14109287008,2026-04-20 02:06:20.519287,20/04/26,2:6:20
40317,0.09,40.317,89.29235806235583,14109327325,2026-04-20 02:07:00.836287,20/04/26,2:7:0
41011,0.09,41.011,87.78132696105922,14109368336,2026-04-20 02:07:41.847287,20/04/26,2:7:41
41750,0.09,41.75,86.22754491017965,14109410086,2026-04-20 02:08:23.597287,20/04/26,2:8:23
41770,0.09,41.77,86.18625807996169,14109451856,2026-04-20 02:09:05.367287,20/04/26,2:9:5
41785,0.09,41.785,86.15531889434007,14109493641,2026-04-20 02:09:47.152287,20/04/26,2:9:47
41742,0.09,41.742,86.24407072013798,14109535383,2026-04-20 02:10:28.894287,20/04/26,2:10:28
41695,0.09,41.695,86.34128792421154,14109577078,2026-04-20 02:11:10.589287,20/04/26,2:11:10
41596,0.09,41.596,86.54678334455237,14109618674,2026-04-20 02:11:52.185287,20/04/26,2:11:52
41638,0.09,41.638,86.45948412507805,14109660312,2026-04-20 02:12:33.823287,20/04/26,2:12:33
40768,0.09,40.768,88.30455259026688,14109701080,2026-04-20 02:13:14.591287,20/04/26,2:13:14
40433,0.09,40.433,89.03618331560854,14109741513,2026-04-20 02:13:55.024287,20/04/26,2:13:55
40564,0.09,40.564,88.74864411793709,14109782077,2026-04-20 02:14:35.588287,20/04/26,2:14:35
40458,0.09,40.458,88.98116565327005,14109822535,2026-04-20 02:15:16.046287,20/04/26,2:15:16
40436,0.09,40.436,89.02957760411515,14109862971,2026-04-20 02:15:56.482287,20/04/26,2:15:56
40466,0.09,40.466,88.9635743587209,14109903437,2026-04-20 02:16:36.948287,20/04/26,2:16:36
40583,0.09,40.583,88.70709410344233,14109944020,2026-04-20 02:17:17.531287,20/04/26,2:17:17
40464,0.09,40.464,88.96797153024912,14109984484,2026-04-20 02:17:57.995287,20/04/26,2:17:57
40449,0.09,40.449,89.00096417711192,14110024933,2026-04-20 02:18:38.444287,20/04/26,2:18:38
40542,0.09,40.542,88.79680331508065,14110065475,2026-04-20 02:19:18.986287,20/04/26,2:19:18
40421,0.09,40.421,89.06261596694787,14110105896,2026-04-20 02:19:59.407287,20/04/26,2:19:59
40575,0.09,40.575,88.72458410351202,14110146471,2026-04-20 02:20:39.982287,20/04/26,2:20:39
40282,0.09,40.282,89.36994190953776,14110186753,2026-04-20 02:21:20.264287,20/04/26,2:21:20
40431,0.09,40.431,89.04058766787861,14110227184,2026-04-20 02:22:00.695287,20/04/26,2:22:0
40411,0.09,40.411,89.0846551681473,14110267595,2026-04-20 02:22:41.106287,20/04/26,2:22:41
40605,0.09,40.605,88.65903213889915,14110308200,2026-04-20 02:23:21.711287,20/04/26,2:23:21
41543,0.09,41.543,86.65719856534193,14110349743,2026-04-20 02:24:03.254287,20/04/26,2:24:3
41653,0.09,41.653,86.42834849830744,14110391396,2026-04-20 02:24:44.907287,20/04/26,2:24:44
41526,0.09,41.526,86.69267446900737,14110432922,2026-04-20 02:25:26.433287,20/04/26,2:25:26
41716,0.09,41.716,86.29782337712149,14110474638,2026-04-20 02:26:08.149287,20/04/26,2:26:8
41641,0.09,41.641,86.4532552052064,14110516279,2026-04-20 02:26:49.790287,20/04/26,2:26:49
41665,0.09,41.665,86.40345613824553,14110557944,2026-04-20 02:27:31.455287,20/04/26,2:27:31
41532,0.09,41.532,86.68015024559377,14110599476,2026-04-20 02:28:12.987287,20/04/26,2:28:12
41734,0.09,41.734,86.26060286576892,14110641210,2026-04-20 02:28:54.721287,20/04/26,2:28:54
41661,0.09,41.661,86.41175199827177,14110682871,2026-04-20 02:29:36.382287,20/04/26,2:29:36
41574,0.09,41.574,86.59258190215039,14110724445,2026-04-20 02:30:17.956287,20/04/26,2:30:17
41521,0.09,41.521,86.70311408684762,14110765966,2026-04-20 02:30:59.477287,20/04/26,2:30:59
41658,0.09,41.658,86.41797493878727,14110807624,2026-04-20 02:31:41.135287,20/04/26,2:31:41
41650,0.09,41.65,86.43457382953181,14110849274,2026-04-20 02:32:22.785287,20/04/26,2:32:22
41510,0.09,41.51,86.72609009877138,14110890784,2026-04-20 02:33:04.295287,20/04/26,2:33:4
41516,0.09,41.516,86.71355621928895,14110932300,2026-04-20 02:33:45.811287,20/04/26,2:33:45
41458,0.09,41.458,86.83486902407256,14110973758,2026-04-20 02:34:27.269287,20/04/26,2:34:27
41536,0.09,41.536,86.67180277349769,14111015294,2026-04-20 02:35:08.805287,20/04/26,2:35:8
41554,0.09,41.554,86.63425903643451,14111056848,2026-04-20 02:35:50.359287,20/04/26,2:35:50
41442,0.09,41.442,86.8683943825105,14111098290,2026-04-20 02:36:31.801287,20/04/26,2:36:31
41218,0.09,41.218,87.34048231355233,14111139508,2026-04-20 02:37:13.019287,20/04/26,2:37:13
40350,0.09,40.35,89.21933085501858,14111179858,2026-04-20 02:37:53.369287,20/04/26,2:37:53
40450,0.09,40.45,88.99876390605687,14111220308,2026-04-20 02:38:33.819287,20/04/26,2:38:33
40354,0.09,40.354,89.21048718838281,14111260662,2026-04-20 02:39:14.173287,20/04/26,2:39:14
40311,0.09,40.311,89.30564858227282,14111300973,2026-04-20 02:39:54.484287,20/04/26,2:39:54
40450,0.09,40.45,88.99876390605687,14111341423,2026-04-20 02:40:34.934287,20/04/26,2:40:34
40687,0.09,40.687,88.48034998893996,14111382110,2026-04-20 02:41:15.621287,20/04/26,2:41:15
40631,0.09,40.631,88.60229873741724,14111422741,2026-04-20 02:41:56.252287,20/04/26,2:41:56
40710,0.09,40.71,88.43036109064111,14111463451,2026-04-20 02:42:36.962287,20/04/26,2:42:36
40600,0.09,40.6,88.66995073891626,14111504051,2026-04-20 02:43:17.562287,20/04/26,2:43:17
40509,0.09,40.509,88.86914019106865,14111544560,2026-04-20 02:43:58.071287,20/04/26,2:43:58
40795,0.09,40.795,88.24610859173919,14111585355,2026-04-20 02:44:38.866287,20/04/26,2:44:38
29461,0.12,29.461,122.19544482536234,14111614816,2026-04-20 02:45:08.327287,20/04/26,2:45:8
21915,0.16,21.915,164.2710472279261,14111636731,2026-04-20 02:45:30.242287,20/04/26,2:45:30
21888,0.16,21.888,164.47368421052633,14111658619,2026-04-20 02:45:52.130287,20/04/26,2:45:52
21965,0.16,21.965,163.89710903710449,14111680584,2026-04-20 02:46:14.095287,20/04/26,2:46:14
22040,0.16,22.04,163.3393829401089,14111702624,2026-04-20 02:46:36.135287,20/04/26,2:46:36
21708,0.17,21.708,165.8374792703151,14111724332,2026-04-20 02:46:57.843287,20/04/26,2:46:57
22121,0.16,22.121,162.74128656028208,14111746453,2026-04-20 02:47:19.964287,20/04/26,2:47:19
22147,0.16,22.147,162.5502325371382,14111768600,2026-04-20 02:47:42.111287,20/04/26,2:47:42
22296,0.16,22.296,161.46393972012916,14111790896,2026-04-20 02:48:04.407287,20/04/26,2:48:4
22479,0.16,22.479,160.14947284131856,14111813375,2026-04-20 02:48:26.886287,20/04/26,2:48:26
22562,0.16,22.562,159.5603226664303,14111835937,2026-04-20 02:48:49.448287,20/04/26,2:48:49
22669,0.16,22.669,158.8071816136574,14111858606,2026-04-20 02:49:12.117287,20/04/26,2:49:12
22704,0.16,22.704,158.56236786469344,14111881310,2026-04-20 02:49:34.821287,20/04/26,2:49:34
22753,0.16,22.753,158.22089394805081,14111904063,2026-04-20 02:49:57.574287,20/04/26,2:49:57
22890,0.16,22.89,157.27391874180864,14111926953,2026-04-20 02:50:20.464287,20/04/26,2:50:20
22971,0.16,22.971,156.71934177876452,14111949924,2026-04-20 02:50:43.435287,20/04/26,2:50:43
23068,0.16,23.068,156.06034333275534,14111972992,2026-04-20 02:51:06.503287,20/04/26,2:51:6
23113,0.16,23.113,155.75650067061827,14111996105,2026-04-20 02:51:29.616287,20/04/26,2:51:29
23240,0.15,23.24,154.9053356282272,14112019345,2026-04-20 02:51:52.856287,20/04/26,2:51:52
23318,0.15,23.318,154.38716871086714,14112042663,2026-04-20 02:52:16.174287,20/04/26,2:52:16
24436,0.15,24.436,147.32362088721558,14112067099,2026-04-20 02:52:40.610287,20/04/26,2:52:40
40654,0.09,40.654,88.55217198799626,14112107753,2026-04-20 02:53:21.264287,20/04/26,2:53:21
40603,0.09,40.603,88.6633992562126,14112148356,2026-04-20 02:54:01.867287,20/04/26,2:54:1
40581,0.09,40.581,88.71146595697493,14112188937,2026-04-20 02:54:42.448287,20/04/26,2:54:42
40470,0.09,40.47,88.95478131949592,14112229407,2026-04-20 02:55:22.918287,20/04/26,2:55:22
40559,0.09,40.559,88.75958480238664,14112269966,2026-04-20 02:56:03.477287,20/04/26,2:56:3
40564,0.09,40.564,88.74864411793709,14112310530,2026-04-20 02:56:44.041287,20/04/26,2:56:44
40628,0.09,40.628,88.60884119326573,14112351158,2026-04-20 02:57:24.669287,20/04/26,2:57:24
40484,0.09,40.484,88.92401936567533,14112391642,2026-04-20 02:58:05.153287,20/04/26,2:58:5
40970,0.09,40.97,87.86917256529168,14112432612,2026-04-20 02:58:46.123287,20/04/26,2:58:46
41395,0.09,41.395,86.96702500301969,14112474007,2026-04-20 02:59:27.518287,20/04/26,2:59:27
41568,0.09,41.568,86.60508083140877,14112515575,2026-04-20 03:00:09.086287,20/04/26,3:0:9
41607,0.09,41.607,86.52390222799048,14112557182,2026-04-20 03:00:50.693287,20/04/26,3:0:50
41601,0.09,41.601,86.53638133698709,14112598783,2026-04-20 03:01:32.294287,20/04/26,3:1:32
41554,0.09,41.554,86.63425903643451,14112640337,2026-04-20 03:02:13.848287,20/04/26,3:2:13
41459,0.09,41.459,86.83277454834897,14112681796,2026-04-20 03:02:55.307287,20/04/26,3:2:55
41506,0.09,41.506,86.73444803160989,14112723302,2026-04-20 03:03:36.813287,20/04/26,3:3:36
41559,0.09,41.559,86.62383599220385,14112764861,2026-04-20 03:04:18.372287,20/04/26,3:4:18
41670,0.09,41.67,86.39308855291577,14112806531,2026-04-20 03:05:00.042287,20/04/26,3:5:0
41919,0.09,41.919,85.87991125742504,14112848450,2026-04-20 03:05:41.961287,20/04/26,3:5:41
41900,0.09,41.9,85.91885441527447,14112890350,2026-04-20 03:06:23.861287,20/04/26,3:6:23
42008,0.09,42.008,85.69796229289659,14112932358,2026-04-20 03:07:05.869287,20/04/26,3:7:5
40338,0.09,40.338,89.2458723784025,14112972696,2026-04-20 03:07:46.207287,20/04/26,3:7:46
40452,0.09,40.452,88.99436369029961,14113013148,2026-04-20 03:08:26.659287,20/04/26,3:8:26
40515,0.09,40.515,88.85597926693818,14113053663,2026-04-20 03:09:07.174287,20/04/26,3:9:7
40467,0.09,40.467,88.96137593594781,14113094130,2026-04-20 03:09:47.641287,20/04/26,3:9:47
40441,0.09,40.441,89.01857026285205,14113134571,2026-04-20 03:10:28.082287,20/04/26,3:10:28
40338,0.09,40.338,89.2458723784025,14113174909,2026-04-20 03:11:08.420287,20/04/26,3:11:8
40386,0.09,40.386,89.13980092111127,14113215295,2026-04-20 03:11:48.806287,20/04/26,3:11:48
40368,0.09,40.368,89.179548156956,14113255663,2026-04-20 03:12:29.174287,20/04/26,3:12:29
39761,0.09,39.761,90.5409823696587,14113295424,2026-04-20 03:13:08.935287,20/04/26,3:13:8
39315,0.09,39.315,91.56810377718428,14113334739,2026-04-20 03:13:48.250287,20/04/26,3:13:48
39346,0.09,39.346,91.49595892848066,14113374085,2026-04-20 03:14:27.596287,20/04/26,3:14:27
39501,0.09,39.501,91.1369332421964,14113413586,2026-04-20 03:15:07.097287,20/04/26,3:15:7
39381,0.09,39.381,91.41464157842614,14113452967,2026-04-20 03:15:46.478287,20/04/26,3:15:46
39332,0.09,39.332,91.5285263907251,14113492299,2026-04-20 03:16:25.810287,20/04/26,3:16:25
39569,0.09,39.569,90.98031287118704,14113531868,2026-04-20 03:17:05.379287,20/04/26,3:17:5
39441,0.09,39.441,91.27557617707461,14113571309,2026-04-20 03:17:44.820287,20/04/26,3:17:44
39372,0.09,39.372,91.43553794574825,14113610681,2026-04-20 03:18:24.192287,20/04/26,3:18:24
39400,0.09,39.4,91.37055837563452,14113650081,2026-04-20 03:19:03.592287,20/04/26,3:19:3
39397,0.09,39.397,91.37751605452192,14113689478,2026-04-20 03:19:42.989287,20/04/26,3:19:42
39373,0.09,39.373,91.43321565539837,14113728851,2026-04-20 03:20:22.362287,20/04/26,3:20:22
39383,0.09,39.383,91.40999923825001,14113768234,2026-04-20 03:21:01.745287,20/04/26,3:21:1
39331,0.09,39.331,91.53085352520912,14113807565,2026-04-20 03:21:41.076287,20/04/26,3:21:41
39325,0.09,39.325,91.54481881754609,14113846890,2026-04-20 03:22:20.401287,20/04/26,3:22:20
39537,0.09,39.537,91.05394946505805,14113886427,2026-04-20 03:22:59.938287,20/04/26,3:22:59
39807,0.09,39.807,90.43635541487679,14113926234,2026-04-20 03:23:39.745287,20/04/26,3:23:39
40614,0.09,40.614,88.63938543359433,14113966848,2026-04-20 03:24:20.359287,20/04/26,3:24:20
41513,0.09,41.513,86.71982270614025,14114008361,2026-04-20 03:25:01.872287,20/04/26,3:25:1
41985,0.09,41.985,85.7449088960343,14114050346,2026-04-20 03:25:43.857287,20/04/26,3:25:43
42034,0.09,42.034,85.64495408478851,14114092380,2026-04-20 03:26:25.891287,20/04/26,3:26:25
42057,0.09,42.057,85.59811684142949,14114134437,2026-04-20 03:27:07.948287,20/04/26,3:27:7
41754,0.09,41.754,86.21928437993965,14114176191,2026-04-20 03:27:49.702287,20/04/26,3:27:49
41665,0.09,41.665,86.40345613824553,14114217856,2026-04-20 03:28:31.367287,20/04/26,3:28:31
41753,0.09,41.753,86.22134936411754,14114259609,2026-04-20 03:29:13.120287,20/04/26,3:29:13
41784,0.09,41.784,86.1573808156232,14114301393,2026-04-20 03:29:54.904287,20/04/26,3:29:54
41885,0.09,41.885,85.94962397039512,14114343278,2026-04-20 03:30:36.789287,20/04/26,3:30:36
41783,0.09,41.783,86.159442835603,14114385061,2026-04-20 03:31:18.572287,20/04/26,3:31:18
42055,0.09,42.055,85.60218761146118,14114427116,2026-04-20 03:32:00.627287,20/04/26,3:32:0
41782,0.09,41.782,86.16150495428653,14114468898,2026-04-20 03:32:42.409287,20/04/26,3:32:42
41966,0.09,41.966,85.78372968593624,14114510864,2026-04-20 03:33:24.375287,20/04/26,3:33:24
42071,0.09,42.071,85.56963228827459,14114552935,2026-04-20 03:34:06.446287,20/04/26,3:34:6
42029,0.09,42.029,85.65514287753693,14114594964,2026-04-20 03:34:48.475287,20/04/26,3:34:48
41842,0.09,41.842,86.03795229673534,14114636806,2026-04-20 03:35:30.317287,20/04/26,3:35:30
41874,0.09,41.874,85.97220232124947,14114678680,2026-04-20 03:36:12.191287,20/04/26,3:36:12
41800,0.09,41.8,86.1244019138756,14114720480,2026-04-20 03:36:53.991287,20/04/26,3:36:53
41616,0.09,41.616,86.50519031141869,14114762096,2026-04-20 03:37:35.607287,20/04/26,3:37:35
40978,0.09,40.978,87.85201815608376,14114803074,2026-04-20 03:38:16.585287,20/04/26,3:38:16
41198,0.09,41.198,87.382882664207,14114844272,2026-04-20 03:38:57.783287,20/04/26,3:38:57
29472,0.12,29.472,122.14983713355049,14114873744,2026-04-20 03:39:27.255287,20/04/26,3:39:27
21836,0.16,21.836,164.86535995603592,14114895580,2026-04-20 03:39:49.091287,20/04/26,3:39:49
21811,0.17,21.811,165.0543303837513,14114917391,2026-04-20 03:40:10.902287,20/04/26,3:40:10
21952,0.16,21.952,163.9941690962099,14114939343,2026-04-20 03:40:32.854287,20/04/26,3:40:32
21981,0.16,21.981,163.7778081070015,14114961324,2026-04-20 03:40:54.835287,20/04/26,3:40:54
22259,0.16,22.259,161.73233298890335,14114983583,2026-04-20 03:41:17.094287,20/04/26,3:41:17
22357,0.16,22.357,161.02339312072283,14115005940,2026-04-20 03:41:39.451287,20/04/26,3:41:39
22538,0.16,22.538,159.73023338361878,14115028478,2026-04-20 03:42:01.989287,20/04/26,3:42:1
22692,0.16,22.692,158.64621893178213,14115051170,2026-04-20 03:42:24.681287,20/04/26,3:42:24
22731,0.16,22.731,158.37402665962782,14115073901,2026-04-20 03:42:47.412287,20/04/26,3:42:47
22855,0.16,22.855,157.51476700940714,14115096756,2026-04-20 03:43:10.267287,20/04/26,3:43:10
22943,0.16,22.943,156.91060454169028,14115119699,2026-04-20 03:43:33.210287,20/04/26,3:43:33
23033,0.16,23.033,156.29748621543004,14115142732,2026-04-20 03:43:56.243287,20/04/26,3:43:56
23149,0.16,23.149,155.51427707460365,14115165881,2026-04-20 03:44:19.392287,20/04/26,3:44:19
22619,0.16,22.619,159.1582298067996,14115188500,2026-04-20 03:44:42.011287,20/04/26,3:44:42
22913,0.16,22.913,157.11604765853446,14115211413,2026-04-20 03:45:04.924287,20/04/26,3:45:4
23009,0.16,23.009,156.4605154504759,14115234422,2026-04-20 03:45:27.933287,20/04/26,3:45:27
23172,0.16,23.172,155.35991714137754,14115257594,2026-04-20 03:45:51.105287,20/04/26,3:45:51
23420,0.15,23.42,153.71477369769428,14115281014,2026-04-20 03:46:14.525287,20/04/26,3:46:14
23552,0.15,23.552,152.85326086956522,14115304566,2026-04-20 03:46:38.077287,20/04/26,3:46:38
25163,0.14,25.163,143.06720184397727,14115329729,2026-04-20 03:47:03.240287,20/04/26,3:47:3
40891,0.09,40.891,88.03893277249273,14115370620,2026-04-20 03:47:44.131287,20/04/26,3:47:44
40913,0.09,40.913,87.99159191455038,14115411533,2026-04-20 03:48:25.044287,20/04/26,3:48:25
40766,0.09,40.766,88.30888485502625,14115452299,2026-04-20 03:49:05.810287,20/04/26,3:49:5
40804,0.09,40.804,88.22664444662288,14115493103,2026-04-20 03:49:46.614287,20/04/26,3:49:46
40715,0.09,40.715,88.41950141225593,14115533818,2026-04-20 03:50:27.329287,20/04/26,3:50:27
40806,0.09,40.806,88.2223202470225,14115574624,2026-04-20 03:51:08.135287,20/04/26,3:51:8
40966,0.09,40.966,87.87775228238051,14115615590,2026-04-20 03:51:49.101287,20/04/26,3:51:49
40750,0.09,40.75,88.34355828220859,14115656340,2026-04-20 03:52:29.851287,20/04/26,3:52:29
40738,0.09,40.738,88.36958122637341,14115697078,2026-04-20 03:53:10.589287,20/04/26,3:53:10
40942,0.09,40.942,87.92926579063065,14115738020,2026-04-20 03:53:51.531287,20/04/26,3:53:51
40919,0.09,40.919,87.97868960629536,14115778939,2026-04-20 03:54:32.450287,20/04/26,3:54:32
40806,0.09,40.806,88.2223202470225,14115819745,2026-04-20 03:55:13.256287,20/04/26,3:55:13
40865,0.09,40.865,88.09494677596966,14115860610,2026-04-20 03:55:54.121287,20/04/26,3:55:54
41003,0.09,41.003,87.79845377167524,14115901613,2026-04-20 03:56:35.124287,20/04/26,3:56:35
41983,0.09,41.983,85.74899364028298,14115943596,2026-04-20 03:57:17.107287,20/04/26,3:57:17
41942,0.09,41.942,85.83281674693625,14115985538,2026-04-20 03:57:59.049287,20/04/26,3:57:59
41914,0.09,41.914,85.89015603378346,14116027452,2026-04-20 03:58:40.963287,20/04/26,3:58:40
41967,0.09,41.967,85.78168561012224,14116069419,2026-04-20 03:59:22.930287,20/04/26,3:59:22
40167,0.09,40.167,89.62581223392337,14116109586,2026-04-20 04:00:03.097287,20/04/26,4:0:3
40868,0.09,40.868,88.08847998433983,14116150454,2026-04-20 04:00:43.965287,20/04/26,4:0:43
40905,0.09,40.905,88.008800880088,14116191359,2026-04-20 04:01:24.870287,20/04/26,4:1:24
40897,0.09,40.897,88.02601657823313,14116232256,2026-04-20 04:02:05.767287,20/04/26,4:2:5
39054,0.09,39.054,92.18005838070364,14116271310,2026-04-20 04:02:44.821287,20/04/26,4:2:44
39456,0.09,39.456,91.24087591240875,14116310766,2026-04-20 04:03:24.277287,20/04/26,4:3:24
39473,0.09,39.473,91.201580827401,14116350239,2026-04-20 04:04:03.750287,20/04/26,4:4:3
39495,0.09,39.495,91.15077857956703,14116389734,2026-04-20 04:04:43.245287,20/04/26,4:4:43
39453,0.09,39.453,91.24781385445974,14116429187,2026-04-20 04:05:22.698287,20/04/26,4:5:22
39371,0.09,39.371,91.43786035406771,14116468558,2026-04-20 04:06:02.069287,20/04/26,4:6:2
39467,0.09,39.467,91.21544581549142,14116508025,2026-04-20 04:06:41.536287,20/04/26,4:6:41
39160,0.09,39.16,91.93054136874362,14116547185,2026-04-20 04:07:20.696287,20/04/26,4:7:20
37898,0.09,37.898,94.99182014882052,14116585083,2026-04-20 04:07:58.594287,20/04/26,4:7:58
38178,0.09,38.178,94.2951438000943,14116623261,2026-04-20 04:08:36.772287,20/04/26,4:8:36
38075,0.09,38.075,94.55022980958634,14116661336,2026-04-20 04:09:14.847287,20/04/26,4:9:14
38098,0.09,38.098,94.49314924667962,14116699434,2026-04-20 04:09:52.945287,20/04/26,4:9:52
38182,0.09,38.182,94.28526530826043,14116737616,2026-04-20 04:10:31.127287,20/04/26,4:10:31
39132,0.09,39.132,91.99632014719411,14116776748,2026-04-20 04:11:10.259287,20/04/26,4:11:10
39068,0.09,39.068,92.14702569878162,14116815816,2026-04-20 04:11:49.327287,20/04/26,4:11:49
39053,0.09,39.053,92.18241876424347,14116854869,2026-04-20 04:12:28.380287,20/04/26,4:12:28
38255,0.09,38.255,94.1053457064436,14116893124,2026-04-20 04:13:06.635287,20/04/26,4:13:6
37899,0.09,37.899,94.9893137022085,14116931023,2026-04-20 04:13:44.534287,20/04/26,4:13:44
38148,0.09,38.148,94.36929852154766,14116969171,2026-04-20 04:14:22.682287,20/04/26,4:14:22
38147,0.09,38.147,94.37177235431358,14117007318,2026-04-20 04:15:00.829287,20/04/26,4:15:0
38159,0.09,38.159,94.34209491862994,14117045477,2026-04-20 04:15:38.988287,20/04/26,4:15:38
38127,0.09,38.127,94.42127626091747,14117083604,2026-04-20 04:16:17.115287,20/04/26,4:16:17
38281,0.09,38.281,94.041430474648,14117121885,2026-04-20 04:16:55.396287,20/04/26,4:16:55
38150,0.09,38.15,94.36435124508519,14117160035,2026-04-20 04:17:33.546287,20/04/26,4:17:33
38335,0.09,38.335,93.90896047997913,14117198370,2026-04-20 04:18:11.881287,20/04/26,4:18:11
39099,0.09,39.099,92.07396608608916,14117237469,2026-04-20 04:18:50.980287,20/04/26,4:18:50
39588,0.09,39.588,90.93664746892998,14117277057,2026-04-20 04:19:30.568287,20/04/26,4:19:30
39459,0.09,39.459,91.23393902531741,14117316516,2026-04-20 04:20:10.027287,20/04/26,4:20:10
39492,0.09,39.492,91.15770282588879,14117356008,2026-04-20 04:20:49.519287,20/04/26,4:20:49
39429,0.09,39.429,91.30335539831088,14117395437,2026-04-20 04:21:28.948287,20/04/26,4:21:28
39326,0.09,39.326,91.54249097289325,14117434763,2026-04-20 04:22:08.274287,20/04/26,4:22:8
39566,0.09,39.566,90.98721124197543,14117474329,2026-04-20 04:22:47.840287,20/04/26,4:22:47
39214,0.09,39.214,91.8039475697455,14117513543,2026-04-20 04:23:27.054287,20/04/26,4:23:27
40429,0.09,40.429,89.04499245591036,14117553972,2026-04-20 04:24:07.483287,20/04/26,4:24:7
40545,0.09,40.545,88.79023307436182,14117594517,2026-04-20 04:24:48.028287,20/04/26,4:24:48
40611,0.09,40.611,88.64593336780675,14117635128,2026-04-20 04:25:28.639287,20/04/26,4:25:28
40686,0.09,40.686,88.48252470137147,14117675814,2026-04-20 04:26:09.325287,20/04/26,4:26:9
40642,0.09,40.642,88.5783179961616,14117716456,2026-04-20 04:26:49.967287,20/04/26,4:26:49
40505,0.09,40.505,88.8779163066288,14117756961,2026-04-20 04:27:30.472287,20/04/26,4:27:30
40514,0.09,40.514,88.85817248358592,14117797475,2026-04-20 04:28:10.986287,20/04/26,4:28:10
40584,0.09,40.584,88.70490833826139,14117838059,2026-04-20 04:28:51.570287,20/04/26,4:28:51
40699,0.09,40.699,88.4542617754736,14117878758,2026-04-20 04:29:32.269287,20/04/26,4:29:32
40570,0.09,40.57,88.73551885629776,14117919328,2026-04-20 04:30:12.839287,20/04/26,4:30:12
40556,0.09,40.556,88.76615050793964,14117959884,2026-04-20 04:30:53.395287,20/04/26,4:30:53
40549,0.09,40.549,88.78147426570322,14118000433,2026-04-20 04:31:33.944287,20/04/26,4:31:33
40653,0.09,40.653,88.55435023245516,14118041086,2026-04-20 04:32:14.597287,20/04/26,4:32:14
40438,0.09,40.438,89.02517434096642,14118081524,2026-04-20 04:32:55.035287,20/04/26,4:32:55
41363,0.09,41.363,87.03430602229045,14118122887,2026-04-20 04:33:36.398287,20/04/26,4:33:36
31907,0.11,31.907,112.82790610210925,14118154794,2026-04-20 04:34:08.305287,20/04/26,4:34:8
22136,0.16,22.136,162.63100831225154,14118176930,2026-04-20 04:34:30.441287,20/04/26,4:34:30
22086,0.16,22.086,162.99918500407497,14118199016,2026-04-20 04:34:52.527287,20/04/26,4:34:52
22136,0.16,22.136,162.63100831225154,14118221152,2026-04-20 04:35:14.663287,20/04/26,4:35:14
22264,0.16,22.264,161.69601149838303,14118243416,2026-04-20 04:35:36.927287,20/04/26,4:35:36
22564,0.16,22.564,159.54617975536252,14118265980,2026-04-20 04:35:59.491287,20/04/26,4:35:59
22618,0.16,22.618,159.16526660182157,14118288598,2026-04-20 04:36:22.109287,20/04/26,4:36:22
22866,0.16,22.866,157.4389923904487,14118311464,2026-04-20 04:36:44.975287,20/04/26,4:36:44
22919,0.16,22.919,157.07491600855187,14118334383,2026-04-20 04:37:07.894287,20/04/26,4:37:7
23015,0.16,23.015,156.41972626547903,14118357398,2026-04-20 04:37:30.909287,20/04/26,4:37:30
22933,0.16,22.933,156.97902585793398,14118380331,2026-04-20 04:37:53.842287,20/04/26,4:37:53
22883,0.16,22.883,157.32202945417995,14118403214,2026-04-20 04:38:16.725287,20/04/26,4:38:16
23114,0.16,23.114,155.74976204897465,14118426328,2026-04-20 04:38:39.839287,20/04/26,4:38:39
23152,0.16,23.152,155.49412577747063,14118449480,2026-04-20 04:39:02.991287,20/04/26,4:39:2
23140,0.16,23.14,155.57476231633535,14118472620,2026-04-20 04:39:26.131287,20/04/26,4:39:26
23294,0.15,23.294,154.54623508199538,14118495914,2026-04-20 04:39:49.425287,20/04/26,4:39:49
23270,0.15,23.27,154.70562956596476,14118519184,2026-04-20 04:40:12.695287,20/04/26,4:40:12
23476,0.15,23.476,153.34810018742544,14118542660,2026-04-20 04:40:36.171287,20/04/26,4:40:36
23494,0.15,23.494,153.23061207116712,14118566154,2026-04-20 04:40:59.665287,20/04/26,4:40:59
23560,0.15,23.56,152.8013582342954,14118589714,2026-04-20 04:41:23.225287,20/04/26,4:41:23
26842,0.13,26.842,134.11817301244318,14118616556,2026-04-20 04:41:50.067287,20/04/26,4:41:50
41033,0.09,41.033,87.73426266663417,14118657589,2026-04-20 04:42:31.100287,20/04/26,4:42:31
41068,0.09,41.068,87.65949157494886,14118698657,2026-04-20 04:43:12.168287,20/04/26,4:43:12
40915,0.09,40.915,87.9872907246731,14118739572,2026-04-20 04:43:53.083287,20/04/26,4:43:53
41023,0.09,41.023,87.75564926992175,14118780595,2026-04-20 04:44:34.106287,20/04/26,4:44:34
41139,0.09,41.139,87.50820389411507,14118821734,2026-04-20 04:45:15.245287,20/04/26,4:45:15
41342,0.09,41.342,87.07851579507522,14118863076,2026-04-20 04:45:56.587287,20/04/26,4:45:56
41979,0.09,41.979,85.75716429643393,14118905055,2026-04-20 04:46:38.566287,20/04/26,4:46:38
41978,0.09,41.978,85.7592072037734,14118947033,2026-04-20 04:47:20.544287,20/04/26,4:47:20
41946,0.09,41.946,85.82463166928909,14118988979,2026-04-20 04:48:02.490287,20/04/26,4:48:2
42066,0.09,42.066,85.57980316645272,14119031045,2026-04-20 04:48:44.556287,20/04/26,4:48:44
42095,0.09,42.095,85.52084570614088,14119073140,2026-04-20 04:49:26.651287,20/04/26,4:49:26
42034,0.09,42.034,85.64495408478851,14119115174,2026-04-20 04:50:08.685287,20/04/26,4:50:8
41960,0.09,41.96,85.79599618684462,14119157134,2026-04-20 04:50:50.645287,20/04/26,4:50:50
41840,0.09,41.84,86.04206500956023,14119198974,2026-04-20 04:51:32.485287,20/04/26,4:51:32
42036,0.09,42.036,85.64087924636026,14119241010,2026-04-20 04:52:14.521287,20/04/26,4:52:14
41939,0.09,41.939,85.83895657979447,14119282949,2026-04-20 04:52:56.460287,20/04/26,4:52:56
41950,0.09,41.95,85.81644815256257,14119324899,2026-04-20 04:53:38.410287,20/04/26,4:53:38
42006,0.09,42.006,85.70204256534781,14119366905,2026-04-20 04:54:20.416287,20/04/26,4:54:20
41994,0.09,41.994,85.72653236176596,14119408899,2026-04-20 04:55:02.410287,20/04/26,4:55:2
41991,0.09,41.991,85.73265699792813,14119450890,2026-04-20 04:55:44.401287,20/04/26,4:55:44
42028,0.09,42.028,85.65718092700105,14119492918,2026-04-20 04:56:26.429287,20/04/26,4:56:26
42157,0.09,42.157,85.3950708067462,14119535075,2026-04-20 04:57:08.586287,20/04/26,4:57:8
42022,0.09,42.022,85.66941126076817,14119577097,2026-04-20 04:57:50.608287,20/04/26,4:57:50
42118,0.09,42.118,85.4741440714184,14119619215,2026-04-20 04:58:32.726287,20/04/26,4:58:32
42150,0.09,42.15,85.40925266903915,14119661365,2026-04-20 04:59:14.876287,20/04/26,4:59:14
42100,0.09,42.1,85.5106888361045,14119703465,2026-04-20 04:59:56.976287,20/04/26,4:59:56
41977,0.09,41.977,85.76125020844748,14119745442,2026-04-20 05:00:38.953287,20/04/26,5:0:38
41985,0.09,41.985,85.7449088960343,14119787427,2026-04-20 05:01:20.938287,20/04/26,5:1:20
41963,0.09,41.963,85.78986249791483,14119829390,2026-04-20 05:02:02.901287,20/04/26,5:2:2
42079,0.09,42.079,85.55336391073932,14119871469,2026-04-20 05:02:44.980287,20/04/26,5:2:44
41976,0.09,41.976,85.76329331046313,14119913445,2026-04-20 05:03:26.956287,20/04/26,5:3:26
42132,0.09,42.132,85.4457419538593,14119955577,2026-04-20 05:04:09.088287,20/04/26,5:4:9
42045,0.09,42.045,85.62254727078131,14119997622,2026-04-20 05:04:51.133287,20/04/26,5:4:51
41955,0.09,41.955,85.80622095101894,14120039577,2026-04-20 05:05:33.088287,20/04/26,5:5:33
41991,0.09,41.991,85.73265699792813,14120081568,2026-04-20 05:06:15.079287,20/04/26,5:6:15
41982,0.09,41.982,85.75103615835359,14120123550,2026-04-20 05:06:57.061287,20/04/26,5:6:57
42068,0.09,42.068,85.57573452505467,14120165618,2026-04-20 05:07:39.129287,20/04/26,5:7:39
41989,0.09,41.989,85.73674057491247,14120207607,2026-04-20 05:08:21.118287,20/04/26,5:8:21
42074,0.09,42.074,85.56353092170937,14120249681,2026-04-20 05:09:03.192287,20/04/26,5:9:3
42245,0.09,42.245,85.2171854657356,14120291926,2026-04-20 05:09:45.437287,20/04/26,5:9:45
41922,0.09,41.922,85.87376556462002,14120333848,2026-04-20 05:10:27.359287,20/04/26,5:10:27
42055,0.09,42.055,85.60218761146118,14120375903,2026-04-20 05:11:09.414287,20/04/26,5:11:9
41933,0.09,41.933,85.85123888107219,14120417836,2026-04-20 05:11:51.347287,20/04/26,5:11:51
42020,0.09,42.02,85.67348881485007,14120459856,2026-04-20 05:12:33.367287,20/04/26,5:12:33
41162,0.09,41.162,87.45930712793353,14120501018,2026-04-20 05:13:14.529287,20/04/26,5:13:14
40435,0.09,40.435,89.03177939903549,14120541453,2026-04-20 05:13:54.964287,20/04/26,5:13:54
40899,0.09,40.899,88.02171202229883,14120582352,2026-04-20 05:14:35.863287,20/04/26,5:14:35
40937,0.09,40.937,87.94000537411144,14120623289,2026-04-20 05:15:16.800287,20/04/26,5:15:16
41031,0.09,41.031,87.7385391533231,14120664320,2026-04-20 05:15:57.831287,20/04/26,5:15:57
40926,0.09,40.926,87.96364169476617,14120705246,2026-04-20 05:16:38.757287,20/04/26,5:16:38
40982,0.09,40.982,87.84344346298374,14120746228,2026-04-20 05:17:19.739287,20/04/26,5:17:19
40955,0.09,40.955,87.90135514589183,14120787183,2026-04-20 05:18:00.694287,20/04/26,5:18:0
41070,0.09,41.07,87.65522279035793,14120828253,2026-04-20 05:18:41.764287,20/04/26,5:18:41
40864,0.09,40.864,88.09710258418167,14120869117,2026-04-20 05:19:22.628287,20/04/26,5:19:22
40968,0.09,40.968,87.87346221441125,14120910085,2026-04-20 05:20:03.596287,20/04/26,5:20:3
40681,0.09,40.681,88.4933998672599,14120950766,2026-04-20 05:20:44.277287,20/04/26,5:20:44
40617,0.09,40.617,88.63283846665189,14120991383,2026-04-20 05:21:24.894287,20/04/26,5:21:24
40624,0.09,40.624,88.61756597085467,14121032007,2026-04-20 05:22:05.518287,20/04/26,5:22:5
40773,0.09,40.773,88.29372378780074,14121072780,2026-04-20 05:22:46.291287,20/04/26,5:22:46
40991,0.09,40.991,87.8241565221634,14121113771,2026-04-20 05:23:27.282287,20/04/26,5:23:27
40996,0.09,40.996,87.81344521416723,14121154767,2026-04-20 05:24:08.278287,20/04/26,5:24:8
41549,0.09,41.549,86.64468458928013,14121196316,2026-04-20 05:24:49.827287,20/04/26,5:24:49
42203,0.09,42.203,85.30199274933062,14121238519,2026-04-20 05:25:32.030287,20/04/26,5:25:32
42217,0.09,42.217,85.27370490560675,14121280736,2026-04-20 05:26:14.247287,20/04/26,5:26:14
42328,0.09,42.328,85.05008505008504,14121323064,2026-04-20 05:26:56.575287,20/04/26,5:26:56
42295,0.09,42.295,85.11644402411632,14121365359,2026-04-20 05:27:38.870287,20/04/26,5:27:38
42258,0.09,42.258,85.19096975720574,14121407617,2026-04-20 05:28:21.128287,20/04/26,5:28:21
36528,0.1,36.528,98.5545335085414,14121444145,2026-04-20 05:28:57.656287,20/04/26,5:28:57
21190,0.17,21.19,169.89145823501653,14121465335,2026-04-20 05:29:18.846287,20/04/26,5:29:18
22158,0.16,22.158,162.46953696181967,14121487493,2026-04-20 05:29:41.004287,20/04/26,5:29:41
22304,0.16,22.304,161.40602582496413,14121509797,2026-04-20 05:30:03.308287,20/04/26,5:30:3
22537,0.16,22.537,159.73732085015752,14121532334,2026-04-20 05:30:25.845287,20/04/26,5:30:25
22727,0.16,22.727,158.40190082280986,14121555061,2026-04-20 05:30:48.572287,20/04/26,5:30:48
22886,0.16,22.886,157.30140697369572,14121577947,2026-04-20 05:31:11.458287,20/04/26,5:31:11
22991,0.16,22.991,156.58301074333434,14121600938,2026-04-20 05:31:34.449287,20/04/26,5:31:34
23138,0.16,23.138,155.58820987120754,14121624076,2026-04-20 05:31:57.587287,20/04/26,5:31:57
23275,0.15,23.275,154.67239527389904,14121647351,2026-04-20 05:32:20.862287,20/04/26,5:32:20
23329,0.15,23.329,154.31437266921,14121670680,2026-04-20 05:32:44.191287,20/04/26,5:32:44
23379,0.15,23.379,153.98434492493263,14121694059,2026-04-20 05:33:07.570287,20/04/26,5:33:7
23506,0.15,23.506,153.15238662469156,14121717565,2026-04-20 05:33:31.076287,20/04/26,5:33:31
23611,0.15,23.611,152.47130574732117,14121741176,2026-04-20 05:33:54.687287,20/04/26,5:33:54
23688,0.15,23.688,151.9756838905775,14121764864,2026-04-20 05:34:18.375287,20/04/26,5:34:18
23806,0.15,23.806,151.22238091237503,14121788670,2026-04-20 05:34:42.181287,20/04/26,5:34:42
23708,0.15,23.708,151.8474776446769,14121812378,2026-04-20 05:35:05.889287,20/04/26,5:35:5
23746,0.15,23.746,151.60448075465342,14121836124,2026-04-20 05:35:29.635287,20/04/26,5:35:29
23740,0.15,23.74,151.64279696714405,14121859864,2026-04-20 05:35:53.375287,20/04/26,5:35:53
28121,0.13,28.121,128.01820703388927,14121887985,2026-04-20 05:36:21.496287,20/04/26,5:36:21
41831,0.09,41.831,86.06057708398077,14121929816,2026-04-20 05:37:03.327287,20/04/26,5:37:3
41732,0.09,41.732,86.26473689255248,14121971548,2026-04-20 05:37:45.059287,20/04/26,5:37:45
40814,0.09,40.814,88.20502768657813,14122012362,2026-04-20 05:38:25.873287,20/04/26,5:38:25
40919,0.09,40.919,87.97868960629536,14122053281,2026-04-20 05:39:06.792287,20/04/26,5:39:6
41040,0.09,41.04,87.71929824561404,14122094321,2026-04-20 05:39:47.832287,20/04/26,5:39:47
41012,0.09,41.012,87.7791865795377,14122135333,2026-04-20 05:40:28.844287,20/04/26,5:40:28
40956,0.09,40.956,87.89920890711984,14122176289,2026-04-20 05:41:09.800287,20/04/26,5:41:9
40958,0.09,40.958,87.89491674398164,14122217247,2026-04-20 05:41:50.758287,20/04/26,5:41:50
41044,0.09,41.044,87.71074943962577,14122258291,2026-04-20 05:42:31.802287,20/04/26,5:42:31
41035,0.09,41.035,87.7299865968076,14122299326,2026-04-20 05:43:12.837287,20/04/26,5:43:12
41001,0.09,41.001,87.8027365186215,14122340327,2026-04-20 05:43:53.838287,20/04/26,5:43:53
40842,0.09,40.842,88.14455707360071,14122381169,2026-04-20 05:44:34.680287,20/04/26,5:44:34
40918,0.09,40.918,87.98083972823696,14122422087,2026-04-20 05:45:15.598287,20/04/26,5:45:15
41113,0.09,41.113,87.56354437769076,14122463200,2026-04-20 05:45:56.711287,20/04/26,5:45:56
41886,0.09,41.886,85.94757198109153,14122505086,2026-04-20 05:46:38.597287,20/04/26,5:46:38
41786,0.09,41.786,86.15325707174652,14122546872,2026-04-20 05:47:20.383287,20/04/26,5:47:20
41714,0.09,41.714,86.30196097233542,14122588586,2026-04-20 05:48:02.097287,20/04/26,5:48:2
41972,0.09,41.972,85.77146669208044,14122630558,2026-04-20 05:48:44.069287,20/04/26,5:48:44
41906,0.09,41.906,85.90655276094115,14122672464,2026-04-20 05:49:25.975287,20/04/26,5:49:25
41796,0.09,41.796,86.13264427217915,14122714260,2026-04-20 05:50:07.771287,20/04/26,5:50:7
41871,0.09,41.871,85.97836211220176,14122756131,2026-04-20 05:50:49.642287,20/04/26,5:50:49
41822,0.09,41.822,86.07909712591459,14122797953,2026-04-20 05:51:31.464287,20/04/26,5:51:31
41911,0.09,41.911,85.89630407291642,14122839864,2026-04-20 05:52:13.375287,20/04/26,5:52:13
41984,0.09,41.984,85.7469512195122,14122881848,2026-04-20 05:52:55.359287,20/04/26,5:52:55
41872,0.09,41.872,85.97630875047764,14122923720,2026-04-20 05:53:37.231287,20/04/26,5:53:37
41790,0.09,41.79,86.14501076812634,14122965510,2026-04-20 05:54:19.021287,20/04/26,5:54:19
41976,0.09,41.976,85.76329331046313,14123007486,2026-04-20 05:55:00.997287,20/04/26,5:55:0
41916,0.09,41.916,85.8860578299456,14123049402,2026-04-20 05:55:42.913287,20/04/26,5:55:42
41883,0.09,41.883,85.95372824296254,14123091285,2026-04-20 05:56:24.796287,20/04/26,5:56:24
41939,0.09,41.939,85.83895657979447,14123133224,2026-04-20 05:57:06.735287,20/04/26,5:57:6
41869,0.09,41.869,85.98246912990518,14123175093,2026-04-20 05:57:48.604287,20/04/26,5:57:48
40142,0.09,40.142,89.68163021274475,14123215235,2026-04-20 05:58:28.746287,20/04/26,5:58:28
40612,0.09,40.612,88.6437506155816,14123255847,2026-04-20 05:59:09.358287,20/04/26,5:59:9
40713,0.09,40.713,88.42384496352517,14123296560,2026-04-20 05:59:50.071287,20/04/26,5:59:50
40636,0.09,40.636,88.59139679102275,14123337196,2026-04-20 06:00:30.707287,20/04/26,6:0:30
40750,0.09,40.75,88.34355828220859,14123377946,2026-04-20 06:01:11.457287,20/04/26,6:1:11
40549,0.09,40.549,88.78147426570322,14123418495,2026-04-20 06:01:52.006287,20/04/26,6:1:52
40673,0.09,40.673,88.51080569419517,14123459168,2026-04-20 06:02:32.679287,20/04/26,6:2:32
40861,0.09,40.861,88.10357064193241,14123500029,2026-04-20 06:03:13.540287,20/04/26,6:3:13
40794,0.09,40.794,88.24827180467716,14123540823,2026-04-20 06:03:54.334287,20/04/26,6:3:54
40765,0.09,40.765,88.31105114681712,14123581588,2026-04-20 06:04:35.099287,20/04/26,6:4:35
40791,0.09,40.791,88.25476207987056,14123622379,2026-04-20 06:05:15.890287,20/04/26,6:5:15
40738,0.09,40.738,88.36958122637341,14123663117,2026-04-20 06:05:56.628287,20/04/26,6:5:56
40882,0.09,40.882,88.05831417249645,14123703999,2026-04-20 06:06:37.510287,20/04/26,6:6:37
40814,0.09,40.814,88.20502768657813,14123744813,2026-04-20 06:07:18.324287,20/04/26,6:7:18
40909,0.09,40.909,88.00019555599012,14123785722,2026-04-20 06:07:59.233287,20/04/26,6:7:59
40969,0.09,40.969,87.87131733749908,14123826691,2026-04-20 06:08:40.202287,20/04/26,6:8:40
41050,0.09,41.05,87.6979293544458,14123867741,2026-04-20 06:09:21.252287,20/04/26,6:9:21
41998,0.09,41.998,85.7183675413115,14123909739,2026-04-20 06:10:03.250287,20/04/26,6:10:3
41844,0.09,41.844,86.03383997705764,14123951583,2026-04-20 06:10:45.094287,20/04/26,6:10:45
41871,0.09,41.871,85.97836211220176,14123993454,2026-04-20 06:11:26.965287,20/04/26,6:11:26
41939,0.09,41.939,85.83895657979447,14124035393,2026-04-20 06:12:08.904287,20/04/26,6:12:8
40889,0.09,40.889,88.04323901293746,14124076282,2026-04-20 06:12:49.793287,20/04/26,6:12:49
40444,0.09,40.444,89.01196716447434,14124116726,2026-04-20 06:13:30.237287,20/04/26,6:13:30
40716,0.09,40.716,88.41732979664015,14124157442,2026-04-20 06:14:10.953287,20/04/26,6:14:10
40666,0.09,40.666,88.52604141051492,14124198108,2026-04-20 06:14:51.619287,20/04/26,6:14:51
40608,0.09,40.608,88.65248226950355,14124238716,2026-04-20 06:15:32.227287,20/04/26,6:15:32
40705,0.09,40.705,88.4412234369242,14124279421,2026-04-20 06:16:12.932287,20/04/26,6:16:12
40707,0.09,40.707,88.4368781782003,14124320128,2026-04-20 06:16:53.639287,20/04/26,6:16:53
40841,0.09,40.841,88.14671531059474,14124360969,2026-04-20 06:17:34.480287,20/04/26,6:17:34
40998,0.09,40.998,87.80916142250841,14124401967,2026-04-20 06:18:15.478287,20/04/26,6:18:15
40735,0.09,40.735,88.3760893580459,14124442702,2026-04-20 06:18:56.213287,20/04/26,6:18:56
40718,0.09,40.718,88.41298688540695,14124483420,2026-04-20 06:19:36.931287,20/04/26,6:19:36
40726,0.09,40.726,88.3956195059667,14124524146,2026-04-20 06:20:17.657287,20/04/26,6:20:17
40864,0.09,40.864,88.09710258418167,14124565010,2026-04-20 06:20:58.521287,20/04/26,6:20:58
40855,0.09,40.855,88.11650960714722,14124605865,2026-04-20 06:21:39.376287,20/04/26,6:21:39
40747,0.09,40.747,88.35006258129432,14124646612,2026-04-20 06:22:20.123287,20/04/26,6:22:20
40874,0.09,40.874,88.07554924891129,14124687486,2026-04-20 06:23:00.997287,20/04/26,6:23:0
41738,0.09,41.738,86.25233600076669,14124729224,2026-04-20 06:23:42.735287,20/04/26,6:23:42
19240,0.19,19.24,187.1101871101871,14124748464,2026-04-20 06:24:01.975287,20/04/26,6:24:1
22081,0.16,22.081,163.03609437978352,14124770545,2026-04-20 06:24:24.056287,20/04/26,6:24:24
22097,0.16,22.097,162.91804317328143,14124792642,2026-04-20 06:24:46.153287,20/04/26,6:24:46
22205,0.16,22.205,162.12564737671696,14124814847,2026-04-20 06:25:08.358287,20/04/26,6:25:8
22667,0.16,22.667,158.82119380597345,14124837514,2026-04-20 06:25:31.025287,20/04/26,6:25:31
22756,0.16,22.756,158.20003515556337,14124860270,2026-04-20 06:25:53.781287,20/04/26,6:25:53
22807,0.16,22.807,157.84627526636558,14124883077,2026-04-20 06:26:16.588287,20/04/26,6:26:16
22922,0.16,22.922,157.05435825844168,14124905999,2026-04-20 06:26:39.510287,20/04/26,6:26:39
23048,0.16,23.048,156.19576535925026,14124929047,2026-04-20 06:27:02.558287,20/04/26,6:27:2
23169,0.16,23.169,155.38003366567395,14124952216,2026-04-20 06:27:25.727287,20/04/26,6:27:25
23252,0.15,23.252,154.82539136418373,14124975468,2026-04-20 06:27:48.979287,20/04/26,6:27:48
23355,0.15,23.355,154.14258188824664,14124998823,2026-04-20 06:28:12.334287,20/04/26,6:28:12
23335,0.15,23.335,154.2746946646668,14125022158,2026-04-20 06:28:35.669287,20/04/26,6:28:35
23483,0.15,23.483,153.302388962228,14125045641,2026-04-20 06:28:59.152287,20/04/26,6:28:59
23620,0.15,23.62,152.41320914479255,14125069261,2026-04-20 06:29:22.772287,20/04/26,6:29:22
23663,0.15,23.663,152.13624646071926,14125092924,2026-04-20 06:29:46.435287,20/04/26,6:29:46
23729,0.15,23.729,151.71309368283534,14125116653,2026-04-20 06:30:10.164287,20/04/26,6:30:10
23829,0.15,23.829,151.0764194888581,14125140482,2026-04-20 06:30:33.993287,20/04/26,6:30:33
23913,0.15,23.913,150.54572826496047,14125164395,2026-04-20 06:30:57.906287,20/04/26,6:30:57
39139,0.09,39.139,91.97986662919338,14125203534,2026-04-20 06:31:37.045287,20/04/26,6:31:37
40298,0.09,40.298,89.334458285771,14125243832,2026-04-20 06:32:17.343287,20/04/26,6:32:17
40555,0.09,40.555,88.76833929231907,14125284387,2026-04-20 06:32:57.898287,20/04/26,6:32:57
40609,0.09,40.609,88.65029919475978,14125324996,2026-04-20 06:33:38.507287,20/04/26,6:33:38
40573,0.09,40.573,88.72895768121657,14125365569,2026-04-20 06:34:19.080287,20/04/26,6:34:19
40484,0.09,40.484,88.92401936567533,14125406053,2026-04-20 06:34:59.564287,20/04/26,6:34:59
40532,0.09,40.532,88.81871114181388,14125446585,2026-04-20 06:35:40.096287,20/04/26,6:35:40
40509,0.09,40.509,88.86914019106865,14125487094,2026-04-20 06:36:20.605287,20/04/26,6:36:20
40484,0.09,40.484,88.92401936567533,14125527578,2026-04-20 06:37:01.089287,20/04/26,6:37:1
40480,0.09,40.48,88.93280632411067,14125568058,2026-04-20 06:37:41.569287,20/04/26,6:37:41
39606,0.09,39.606,90.89531889107711,14125607664,2026-04-20 06:38:21.175287,20/04/26,6:38:21
39583,0.09,39.583,90.94813430007832,14125647247,2026-04-20 06:39:00.758287,20/04/26,6:39:0
39524,0.09,39.524,91.08389839085113,14125686771,2026-04-20 06:39:40.282287,20/04/26,6:39:40
39504,0.09,39.504,91.13001215066829,14125726275,2026-04-20 06:40:19.786287,20/04/26,6:40:19
39741,0.09,39.741,90.5865478976372,14125766016,2026-04-20 06:40:59.527287,20/04/26,6:40:59
39632,0.09,39.632,90.83568833266048,14125805648,2026-04-20 06:41:39.159287,20/04/26,6:41:39
39563,0.09,39.563,90.99411065894901,14125845211,2026-04-20 06:42:18.722287,20/04/26,6:42:18
39678,0.09,39.678,90.73037955542114,14125884889,2026-04-20 06:42:58.400287,20/04/26,6:42:58
39599,0.09,39.599,90.91138665117806,14125924488,2026-04-20 06:43:37.999287,20/04/26,6:43:37
39564,0.09,39.564,90.99181073703366,14125964052,2026-04-20 06:44:17.563287,20/04/26,6:44:17
39591,0.09,39.591,90.92975676290065,14126003643,2026-04-20 06:44:57.154287,20/04/26,6:44:57
39576,0.09,39.576,90.96422073984233,14126043219,2026-04-20 06:45:36.730287,20/04/26,6:45:36
40419,0.09,40.419,89.06702293475841,14126083638,2026-04-20 06:46:17.149287,20/04/26,6:46:17
40492,0.09,40.492,88.90645065691989,14126124130,2026-04-20 06:46:57.641287,20/04/26,6:46:57
40435,0.09,40.435,89.03177939903549,14126164565,2026-04-20 06:47:38.076287,20/04/26,6:47:38
40549,0.09,40.549,88.78147426570322,14126205114,2026-04-20 06:48:18.625287,20/04/26,6:48:18
41746,0.09,41.746,86.2358070234274,14126246860,2026-04-20 06:49:00.371287,20/04/26,6:49:0
41975,0.09,41.975,85.76533650982728,14126288835,2026-04-20 06:49:42.346287,20/04/26,6:49:42
41780,0.09,41.78,86.1656294877932,14126330615,2026-04-20 06:50:24.126287,20/04/26,6:50:24
41528,0.09,41.528,86.68849932575611,14126372143,2026-04-20 06:51:05.654287,20/04/26,6:51:5
41499,0.09,41.499,86.74907829104316,14126413642,2026-04-20 06:51:47.153287,20/04/26,6:51:47
41793,0.09,41.793,86.13882707630465,14126455435,2026-04-20 06:52:28.946287,20/04/26,6:52:28
40092,0.09,40.092,89.79347500748278,14126495527,2026-04-20 06:53:09.038287,20/04/26,6:53:9
39043,0.09,39.043,92.2060292498015,14126534570,2026-04-20 06:53:48.081287,20/04/26,6:53:48
38998,0.09,38.998,92.31242627827068,14126573568,2026-04-20 06:54:27.079287,20/04/26,6:54:27
39082,0.09,39.082,92.1140166828719,14126612650,2026-04-20 06:55:06.161287,20/04/26,6:55:6
39269,0.09,39.269,91.67536733810385,14126651919,2026-04-20 06:55:45.430287,20/04/26,6:55:45
39443,0.09,39.443,91.27094795020663,14126691362,2026-04-20 06:56:24.873287,20/04/26,6:56:24
39529,0.09,39.529,91.07237724202484,14126730891,2026-04-20 06:57:04.402287,20/04/26,6:57:4
36653,0.1,36.653,98.21842686819633,14126767544,2026-04-20 06:57:41.055287,20/04/26,6:57:41
4056,0.89,4.056,887.5739644970414,14126771600,2026-04-20 06:57:45.111287,20/04/26,6:57:45
1534,2.35,1.534,2346.805736636245,14126773134,2026-04-20 06:57:46.645287,20/04/26,6:57:46
1542,2.33,1.542,2334.6303501945526,14126774676,2026-04-20 06:57:48.187287,20/04/26,6:57:48
1542,2.33,1.542,2334.6303501945526,14126776218,2026-04-20 06:57:49.729287,20/04/26,6:57:49
1551,2.32,1.551,2321.0831721470017,14126777769,2026-04-20 06:57:51.280287,20/04/26,6:57:51
1549,2.32,1.549,2324.080051646223,14126779318,2026-04-20 06:57:52.829287,20/04/26,6:57:52
1549,2.32,1.549,2324.080051646223,14126780867,2026-04-20 06:57:54.378287,20/04/26,6:57:54
1546,2.33,1.546,2328.589909443726,14126782413,2026-04-20 06:57:55.924287,20/04/26,6:57:55
1550,2.32,1.55,2322.5806451612902,14126783963,2026-04-20 06:57:57.474287,20/04/26,6:57:57
1551,2.32,1.551,2321.0831721470017,14126785514,2026-04-20 06:57:59.025287,20/04/26,6:57:59
1551,2.32,1.551,2321.0831721470017,14126787065,2026-04-20 06:58:00.576287,20/04/26,6:58:0
1553,2.32,1.553,2318.09401159047,14126788618,2026-04-20 06:58:02.129287,20/04/26,6:58:2
1557,2.31,1.557,2312.1387283236995,14126790175,2026-04-20 06:58:03.686287,20/04/26,6:58:3
1554,2.32,1.554,2316.6023166023165,14126791729,2026-04-20 06:58:05.240287,20/04/26,6:58:5
1550,2.32,1.55,2322.5806451612902,14126793279,2026-04-20 06:58:06.790287,20/04/26,6:58:6
1552,2.32,1.552,2319.5876288659792,14126794831,2026-04-20 06:58:08.342287,20/04/26,6:58:8
1542,2.33,1.542,2334.6303501945526,14126796373,2026-04-20 06:58:09.884287,20/04/26,6:58:9
1548,2.33,1.548,2325.5813953488373,14126797921,2026-04-20 06:58:11.432287,20/04/26,6:58:11
1548,2.33,1.548,2325.5813953488373,14126799469,2026-04-20 06:58:12.980287,20/04/26,6:58:12
1545,2.33,1.545,2330.097087378641,14126801014,2026-04-20 06:58:14.525287,20/04/26,6:58:14
1548,2.33,1.548,2325.5813953488373,14126802562,2026-04-20 06:58:16.073287,20/04/26,6:58:16
1549,2.32,1.549,2324.080051646223,14126804111,2026-04-20 06:58:17.622287,20/04/26,6:58:17
1554,2.32,1.554,2316.6023166023165,14126805665,2026-04-20 06:58:19.176287,20/04/26,6:58:19
1555,2.32,1.555,2315.112540192926,14126807220,2026-04-20 06:58:20.731287,20/04/26,6:58:20
1553,2.32,1.553,2318.09401159047,14126808773,2026-04-20 06:58:22.284287,20/04/26,6:58:22
1552,2.32,1.552,2319.5876288659792,14126810325,2026-04-20 06:58:23.836287,20/04/26,6:58:23
1557,2.31,1.557,2312.1387283236995,14126811882,2026-04-20 06:58:25.393287,20/04/26,6:58:25
1561,2.31,1.561,2306.2139654067905,14126813443,2026-04-20 06:58:26.954287,20/04/26,6:58:26
1560,2.31,1.56,2307.6923076923076,14126815003,2026-04-20 06:58:28.514287,20/04/26,6:58:28
1553,2.32,1.553,2318.09401159047,14126816556,2026-04-20 06:58:30.067287,20/04/26,6:58:30
1563,2.3,1.563,2303.2629558541266,14126818119,2026-04-20 06:58:31.630287,20/04/26,6:58:31
1564,2.3,1.564,2301.7902813299233,14126819683,2026-04-20 06:58:33.194287,20/04/26,6:58:33
1561,2.31,1.561,2306.2139654067905,14126821244,2026-04-20 06:58:34.755287,20/04/26,6:58:34
1561,2.31,1.561,2306.2139654067905,14126822805,2026-04-20 06:58:36.316287,20/04/26,6:58:36
1561,2.31,1.561,2306.2139654067905,14126824366,2026-04-20 06:58:37.877287,20/04/26,6:58:37
1559,2.31,1.559,2309.1725465041695,14126825925,2026-04-20 06:58:39.436287,20/04/26,6:58:39
1564,2.3,1.564,2301.7902813299233,14126827489,2026-04-20 06:58:41.000287,20/04/26,6:58:41
1563,2.3,1.563,2303.2629558541266,14126829052,2026-04-20 06:58:42.563287,20/04/26,6:58:42
1560,2.31,1.56,2307.6923076923076,14126830612,2026-04-20 06:58:44.123287,20/04/26,6:58:44
1562,2.3,1.562,2304.7375160051215,14126832174,2026-04-20 06:58:45.685287,20/04/26,6:58:45
1563,2.3,1.563,2303.2629558541266,14126833737,2026-04-20 06:58:47.248287,20/04/26,6:58:47
1564,2.3,1.564,2301.7902813299233,14126835301,2026-04-20 06:58:48.812287,20/04/26,6:58:48
1555,2.32,1.555,2315.112540192926,14126836856,2026-04-20 06:58:50.367287,20/04/26,6:58:50
1560,2.31,1.56,2307.6923076923076,14126838416,2026-04-20 06:58:51.927287,20/04/26,6:58:51
1563,2.3,1.563,2303.2629558541266,14126839979,2026-04-20 06:58:53.490287,20/04/26,6:58:53
1567,2.3,1.567,2297.383535417996,14126841546,2026-04-20 06:58:55.057287,20/04/26,6:58:55
1564,2.3,1.564,2301.7902813299233,14126843110,2026-04-20 06:58:56.621287,20/04/26,6:58:56
1561,2.31,1.561,2306.2139654067905,14126844671,2026-04-20 06:58:58.182287,20/04/26,6:58:58
1562,2.3,1.562,2304.7375160051215,14126846233,2026-04-20 06:58:59.744287,20/04/26,6:58:59
1568,2.3,1.568,2295.918367346939,14126847801,2026-04-20 06:59:01.312287,20/04/26,6:59:1
1570,2.29,1.57,2292.9936305732485,14126849371,2026-04-20 06:59:02.882287,20/04/26,6:59:2
1566,2.3,1.566,2298.8505747126437,14126850937,2026-04-20 06:59:04.448287,20/04/26,6:59:4
1566,2.3,1.566,2298.8505747126437,14126852503,2026-04-20 06:59:06.014287,20/04/26,6:59:6
1564,2.3,1.564,2301.7902813299233,14126854067,2026-04-20 06:59:07.578287,20/04/26,6:59:7
1565,2.3,1.565,2300.3194888178914,14126855632,2026-04-20 06:59:09.143287,20/04/26,6:59:9
1563,2.3,1.563,2303.2629558541266,14126857195,2026-04-20 06:59:10.706287,20/04/26,6:59:10
1562,2.3,1.562,2304.7375160051215,14126858757,2026-04-20 06:59:12.268287,20/04/26,6:59:12
7219,0.5,7.219,498.6840282587616,14126865976,2026-04-20 06:59:19.487287,20/04/26,6:59:19
27006,0.13,27.006,133.30371028660298,14126892982,2026-04-20 06:59:46.493287,20/04/26,6:59:46
27347,0.13,27.347,131.64149632500823,14126920329,2026-04-20 07:00:13.840287,20/04/26,7:0:13
27212,0.13,27.212,132.2945759223872,14126947541,2026-04-20 07:00:41.052287,20/04/26,7:0:41
27114,0.13,27.114,132.772737331268,14126974655,2026-04-20 07:01:08.166287,20/04/26,7:1:8
27373,0.13,27.373,131.51645782340262,14127002028,2026-04-20 07:01:35.539287,20/04/26,7:1:35
27195,0.13,27.195,132.37727523441808,14127029223,2026-04-20 07:02:02.734287,20/04/26,7:2:2
27463,0.13,27.463,131.08546043767979,14127056686,2026-04-20 07:02:30.197287,20/04/26,7:2:30
27389,0.13,27.389,131.43962904815803,14127084075,2026-04-20 07:02:57.586287,20/04/26,7:2:57
27569,0.13,27.569,130.5814501795495,14127111644,2026-04-20 07:03:25.155287,20/04/26,7:3:25
27402,0.13,27.402,131.37727173199036,14127139046,2026-04-20 07:03:52.557287,20/04/26,7:3:52
27745,0.13,27.745,129.75310866822852,14127166791,2026-04-20 07:04:20.302287,20/04/26,7:4:20
28009,0.13,28.009,128.53011532007568,14127194800,2026-04-20 07:04:48.311287,20/04/26,7:4:48
27352,0.13,27.352,131.61743199766013,14127222152,2026-04-20 07:05:15.663287,20/04/26,7:5:15
26588,0.14,26.588,135.3994283135249,14127248740,2026-04-20 07:05:42.251287,20/04/26,7:5:42
26726,0.13,26.726,134.70029185063234,14127275466,2026-04-20 07:06:08.977287,20/04/26,7:6:8
26839,0.13,26.839,134.13316442490407,14127302305,2026-04-20 07:06:35.816287,20/04/26,7:6:35
27051,0.13,27.051,133.08195630475768,14127329356,2026-04-20 07:07:02.867287,20/04/26,7:7:2
28644,0.12,28.644,125.68077084206116,14127358000,2026-04-20 07:07:31.511287,20/04/26,7:7:31
28008,0.13,28.008,128.53470437017995,14127386008,2026-04-20 07:07:59.519287,20/04/26,7:7:59
28790,0.12,28.79,125.04341785342133,14127414798,2026-04-20 07:08:28.309287,20/04/26,7:8:28
28280,0.13,28.28,127.2984441301273,14127443078,2026-04-20 07:08:56.589287,20/04/26,7:8:56
29178,0.12,29.178,123.38062924120914,14127472256,2026-04-20 07:09:25.767287,20/04/26,7:9:25
29248,0.12,29.248,123.08533916849015,14127501504,2026-04-20 07:09:55.015287,20/04/26,7:9:55
29217,0.12,29.217,123.21593592771332,14127530721,2026-04-20 07:10:24.232287,20/04/26,7:10:24
29437,0.12,29.437,122.29507082922852,14127560158,2026-04-20 07:10:53.669287,20/04/26,7:10:53
28951,0.12,28.951,124.3480363372595,14127589109,2026-04-20 07:11:22.620287,20/04/26,7:11:22
29314,0.12,29.314,122.80821450501467,14127618423,2026-04-20 07:11:51.934287,20/04/26,7:11:51
28949,0.12,28.949,124.35662717192304,14127647372,2026-04-20 07:12:20.883287,20/04/26,7:12:20
28625,0.12,28.625,125.76419213973799,14127675997,2026-04-20 07:12:49.508287,20/04/26,7:12:49
28608,0.12,28.608,125.83892617449665,14127704605,2026-04-20 07:13:18.116287,20/04/26,7:13:18
28488,0.13,28.488,126.36899747262005,14127733093,2026-04-20 07:13:46.604287,20/04/26,7:13:46
28036,0.13,28.036,128.4063347125125,14127761129,2026-04-20 07:14:14.640287,20/04/26,7:14:14
26668,0.13,26.668,134.99325033748312,14127787797,2026-04-20 07:14:41.308287,20/04/26,7:14:41
26654,0.14,26.654,135.0641554738501,14127814451,2026-04-20 07:15:07.962287,20/04/26,7:15:7
27064,0.13,27.064,133.01803133313626,14127841515,2026-04-20 07:15:35.026287,20/04/26,7:15:35
27365,0.13,27.365,131.55490590169924,14127868880,2026-04-20 07:16:02.391287,20/04/26,7:16:2
27376,0.13,27.376,131.5020455873758,14127896256,2026-04-20 07:16:29.767287,20/04/26,7:16:29
16056,0.22,16.056,224.2152466367713,14127912312,2026-04-20 07:16:45.823287,20/04/26,7:16:45
17696,0.2,17.696,203.4358047016275,14127930008,2026-04-20 07:17:03.519287,20/04/26,7:17:3
17813,0.2,17.813,202.09959018694212,14127947821,2026-04-20 07:17:21.332287,20/04/26,7:17:21
17851,0.2,17.851,201.66937426474706,14127965672,2026-04-20 07:17:39.183287,20/04/26,7:17:39
17826,0.2,17.826,201.95220464490072,14127983498,2026-04-20 07:17:57.009287,20/04/26,7:17:57
18004,0.2,18.004,199.95556542990445,14128001502,2026-04-20 07:18:15.013287,20/04/26,7:18:15
18002,0.2,18.002,199.97778024663927,14128019504,2026-04-20 07:18:33.015287,20/04/26,7:18:33
17997,0.2,17.997,200.03333888981496,14128037501,2026-04-20 07:18:51.012287,20/04/26,7:18:51
18149,0.2,18.149,198.35803625544108,14128055650,2026-04-20 07:19:09.161287,20/04/26,7:19:9
18252,0.2,18.252,197.23865877712032,14128073902,2026-04-20 07:19:27.413287,20/04/26,7:19:27
18295,0.2,18.295,196.77507515714677,14128092197,2026-04-20 07:19:45.708287,20/04/26,7:19:45
18363,0.2,18.363,196.04639764744323,14128110560,2026-04-20 07:20:04.071287,20/04/26,7:20:4
18526,0.19,18.526,194.32149411637698,14128129086,2026-04-20 07:20:22.597287,20/04/26,7:20:22
18530,0.19,18.53,194.27954668105775,14128147616,2026-04-20 07:20:41.127287,20/04/26,7:20:41
18498,0.19,18.498,194.61563412260784,14128166114,2026-04-20 07:20:59.625287,20/04/26,7:20:59
18556,0.19,18.556,194.00732916576848,14128184670,2026-04-20 07:21:18.181287,20/04/26,7:21:18
18605,0.19,18.605,193.49637194302608,14128203275,2026-04-20 07:21:36.786287,20/04/26,7:21:36
18396,0.19,18.396,195.69471624266146,14128221671,2026-04-20 07:21:55.182287,20/04/26,7:21:55
18451,0.19,18.451,195.1113760771774,14128240122,2026-04-20 07:22:13.633287,20/04/26,7:22:13
18489,0.19,18.489,194.71036832711343,14128258611,2026-04-20 07:22:32.122287,20/04/26,7:22:32
18596,0.19,18.596,193.59001935900193,14128277207,2026-04-20 07:22:50.718287,20/04/26,7:22:50
18704,0.19,18.704,192.47219846022242,14128295911,2026-04-20 07:23:09.422287,20/04/26,7:23:9
18827,0.19,18.827,191.21474478143094,14128314738,2026-04-20 07:23:28.249287,20/04/26,7:23:28
18779,0.19,18.779,191.70349858884924,14128333517,2026-04-20 07:23:47.028287,20/04/26,7:23:47
18794,0.19,18.794,191.55049483877832,14128352311,2026-04-20 07:24:05.822287,20/04/26,7:24:5
28126,0.13,28.126,127.99544905070042,14128380437,2026-04-20 07:24:33.948287,20/04/26,7:24:33
27589,0.13,27.589,130.48678821269345,14128408026,2026-04-20 07:25:01.537287,20/04/26,7:25:1
26994,0.13,26.994,133.3629695487886,14128435020,2026-04-20 07:25:28.531287,20/04/26,7:25:28
27031,0.13,27.031,133.18042247789575,14128462051,2026-04-20 07:25:55.562287,20/04/26,7:25:55
27330,0.13,27.33,131.72338090010976,14128489381,2026-04-20 07:26:22.892287,20/04/26,7:26:22
28690,0.12,28.69,125.47926106657371,14128518071,2026-04-20 07:26:51.582287,20/04/26,7:26:51
28422,0.13,28.422,126.6624445851805,14128546493,2026-04-20 07:27:20.004287,20/04/26,7:27:20
28392,0.13,28.392,126.79628064243448,14128574885,2026-04-20 07:27:48.396287,20/04/26,7:27:48
28267,0.13,28.267,127.35698871475572,14128603152,2026-04-20 07:28:16.663287,20/04/26,7:28:16
28334,0.13,28.334,127.05583398037693,14128631486,2026-04-20 07:28:44.997287,20/04/26,7:28:44
28234,0.13,28.234,127.50584401785082,14128659720,2026-04-20 07:29:13.231287,20/04/26,7:29:13
28285,0.13,28.285,127.27594131164929,14128688005,2026-04-20 07:29:41.516287,20/04/26,7:29:41
27626,0.13,27.626,130.31202490407588,14128715631,2026-04-20 07:30:09.142287,20/04/26,7:30:9
27828,0.13,27.828,129.36610608020698,14128743459,2026-04-20 07:30:36.970287,20/04/26,7:30:36
27701,0.13,27.701,129.95920724883578,14128771160,2026-04-20 07:31:04.671287,20/04/26,7:31:4
27518,0.13,27.518,130.82346100734065,14128798678,2026-04-20 07:31:32.189287,20/04/26,7:31:32
27736,0.13,27.736,129.79521199884627,14128826414,2026-04-20 07:31:59.925287,20/04/26,7:31:59
27869,0.13,27.869,129.17578671642326,14128854283,2026-04-20 07:32:27.794287,20/04/26,7:32:27
27909,0.13,27.909,128.9906481780071,14128882192,2026-04-20 07:32:55.703287,20/04/26,7:32:55
27884,0.13,27.884,129.10629751829006,14128910076,2026-04-20 07:33:23.587287,20/04/26,7:33:23
27951,0.13,27.951,128.79682301169905,14128938027,2026-04-20 07:33:51.538287,20/04/26,7:33:51
27715,0.13,27.715,129.89355944434422,14128965742,2026-04-20 07:34:19.253287,20/04/26,7:34:19
27898,0.13,27.898,129.04150835185317,14128993640,2026-04-20 07:34:47.151287,20/04/26,7:34:47
27722,0.13,27.722,129.86076040689704,14129021362,2026-04-20 07:35:14.873287,20/04/26,7:35:14
27849,0.13,27.849,129.26855542389313,14129049211,2026-04-20 07:35:42.722287,20/04/26,7:35:42
27717,0.13,27.717,129.88418660028142,14129076928,2026-04-20 07:36:10.439287,20/04/26,7:36:10
27867,0.13,27.867,129.18505759500485,14129104795,2026-04-20 07:36:38.306287,20/04/26,7:36:38
27807,0.13,27.807,129.46380407810983,14129132602,2026-04-20 07:37:06.113287,20/04/26,7:37:6
27974,0.13,27.974,128.69092728962607,14129160576,2026-04-20 07:37:34.087287,20/04/26,7:37:34
27663,0.13,27.663,130.13772909662725,14129188239,2026-04-20 07:38:01.750287,20/04/26,7:38:1
27376,0.13,27.376,131.5020455873758,14129215615,2026-04-20 07:38:29.126287,20/04/26,7:38:29
27421,0.13,27.421,131.28624047263045,14129243036,2026-04-20 07:38:56.547287,20/04/26,7:38:56
27468,0.13,27.468,131.06159895150722,14129270504,2026-04-20 07:39:24.015287,20/04/26,7:39:24
27561,0.13,27.561,130.6193534342005,14129298065,2026-04-20 07:39:51.576287,20/04/26,7:39:51
27363,0.13,27.363,131.5645214340533,14129325428,2026-04-20 07:40:18.939287,20/04/26,7:40:18
27385,0.13,27.385,131.4588278254519,14129352813,2026-04-20 07:40:46.324287,20/04/26,7:40:46
27360,0.13,27.36,131.57894736842104,14129380173,2026-04-20 07:41:13.684287,20/04/26,7:41:13
27666,0.13,27.666,130.12361743656473,14129407839,2026-04-20 07:41:41.350287,20/04/26,7:41:41
27930,0.13,27.93,128.89366272824918,14129435769,2026-04-20 07:42:09.280287,20/04/26,7:42:9
27544,0.13,27.544,130.699970955562,14129463313,2026-04-20 07:42:36.824287,20/04/26,7:42:36
27488,0.13,27.488,130.9662398137369,14129490801,2026-04-20 07:43:04.312287,20/04/26,7:43:4
28001,0.13,28.001,128.5668368986822,14129518802,2026-04-20 07:43:32.313287,20/04/26,7:43:32
27812,0.13,27.812,129.44052926794188,14129546614,2026-04-20 07:44:00.125287,20/04/26,7:44:0
28514,0.13,28.514,126.25377007785649,14129575128,2026-04-20 07:44:28.639287,20/04/26,7:44:28
27912,0.13,27.912,128.9767841788478,14129603040,2026-04-20 07:44:56.551287,20/04/26,7:44:56
27925,0.13,27.925,128.9167412712623,14129630965,2026-04-20 07:45:24.476287,20/04/26,7:45:24
27861,0.13,27.861,129.2128782168623,14129658826,2026-04-20 07:45:52.337287,20/04/26,7:45:52
28055,0.13,28.055,128.31937266084478,14129686881,2026-04-20 07:46:20.392287,20/04/26,7:46:20
28629,0.12,28.629,125.74662055957246,14129715510,2026-04-20 07:46:49.021287,20/04/26,7:46:49
28560,0.13,28.56,126.05042016806723,14129744070,2026-04-20 07:47:17.581287,20/04/26,7:47:17
28398,0.13,28.398,126.76949080921192,14129772468,2026-04-20 07:47:45.979287,20/04/26,7:47:45
29231,0.12,29.231,123.15692244534911,14129801699,2026-04-20 07:48:15.210287,20/04/26,7:48:15
29232,0.12,29.232,123.15270935960591,14129830931,2026-04-20 07:48:44.442287,20/04/26,7:48:44
29393,0.12,29.393,122.47814105399245,14129860324,2026-04-20 07:49:13.835287,20/04/26,7:49:13
29471,0.12,29.471,122.1539818804927,14129889795,2026-04-20 07:49:43.306287,20/04/26,7:49:43
28930,0.12,28.93,124.4382993432423,14129918725,2026-04-20 07:50:12.236287,20/04/26,7:50:12
29230,0.12,29.23,123.16113581936366,14129947955,2026-04-20 07:50:41.466287,20/04/26,7:50:41
29151,0.12,29.151,123.4949058351343,14129977106,2026-04-20 07:51:10.617287,20/04/26,7:51:10
29072,0.12,29.072,123.83048981838195,14130006178,2026-04-20 07:51:39.689287,20/04/26,7:51:39
29180,0.12,29.18,123.3721727210418,14130035358,2026-04-20 07:52:08.869287,20/04/26,7:52:8
28991,0.12,28.991,124.17646855920803,14130064349,2026-04-20 07:52:37.860287,20/04/26,7:52:37
29633,0.12,29.633,121.48618094691729,14130093982,2026-04-20 07:53:07.493287,20/04/26,7:53:7
29898,0.12,29.898,120.40939193257074,14130123880,2026-04-20 07:53:37.391287,20/04/26,7:53:37
29897,0.12,29.897,120.41341940662943,14130153777,2026-04-20 07:54:07.288287,20/04/26,7:54:7
29832,0.12,29.832,120.67578439259856,14130183609,2026-04-20 07:54:37.120287,20/04/26,7:54:37
29717,0.12,29.717,121.14278022680621,14130213326,2026-04-20 07:55:06.837287,20/04/26,7:55:6
21814,0.17,21.814,165.03163106262033,14130235140,2026-04-20 07:55:28.651287,20/04/26,7:55:28
30115,0.12,30.115,119.54175659970115,14130265255,2026-04-20 07:55:58.766287,20/04/26,7:55:58
29607,0.12,29.607,121.59286655182896,14130294862,2026-04-20 07:56:28.373287,20/04/26,7:56:28
29725,0.12,29.725,121.11017661900758,14130324587,2026-04-20 07:56:58.098287,20/04/26,7:56:58
29907,0.12,29.907,120.37315678603672,14130354494,2026-04-20 07:57:28.005287,20/04/26,7:57:28
30065,0.12,30.065,119.7405621154166,14130384559,2026-04-20 07:57:58.070287,20/04/26,7:57:58
29746,0.12,29.746,121.02467558663349,14130414305,2026-04-20 07:58:27.816287,20/04/26,7:58:27
29831,0.12,29.831,120.67982970735142,14130444136,2026-04-20 07:58:57.647287,20/04/26,7:58:57
29996,0.12,29.996,120.01600213361782,14130474132,2026-04-20 07:59:27.643287,20/04/26,7:59:27
29684,0.12,29.684,121.27745586848134,14130503816,2026-04-20 07:59:57.327287,20/04/26,7:59:57
29783,0.12,29.783,120.87432427895108,14130533599,2026-04-20 08:00:27.110287,20/04/26,8:0:27
29767,0.12,29.767,120.93929519266301,14130563366,2026-04-20 08:00:56.877287,20/04/26,8:0:56
29919,0.12,29.919,120.32487716835456,14130593285,2026-04-20 08:01:26.796287,20/04/26,8:1:26
29902,0.12,29.902,120.39328473011838,14130623187,2026-04-20 08:01:56.698287,20/04/26,8:1:56
29808,0.12,29.808,120.77294685990339,14130652995,2026-04-20 08:02:26.506287,20/04/26,8:2:26
29922,0.12,29.922,120.31281331461801,14130682917,2026-04-20 08:02:56.428287,20/04/26,8:2:56
29960,0.12,29.96,120.16021361815754,14130712877,2026-04-20 08:03:26.388287,20/04/26,8:3:26
29781,0.12,29.781,120.88244182532488,14130742658,2026-04-20 08:03:56.169287,20/04/26,8:3:56
29838,0.12,29.838,120.65151819827067,14130772496,2026-04-20 08:04:26.007287,20/04/26,8:4:26
30181,0.12,30.181,119.28034193698022,14130802677,2026-04-20 08:04:56.188287,20/04/26,8:4:56
30162,0.12,30.162,119.35548040580863,14130832839,2026-04-20 08:05:26.350287,20/04/26,8:5:26
29710,0.12,29.71,121.17132278694042,14130862549,2026-04-20 08:05:56.060287,20/04/26,8:5:56
29854,0.12,29.854,120.58685603269244,14130892403,2026-04-20 08:06:25.914287,20/04/26,8:6:25
29037,0.12,29.037,123.97974997417089,14130921440,2026-04-20 08:06:54.951287,20/04/26,8:6:54
27670,0.13,27.67,130.10480664980122,14130949110,2026-04-20 08:07:22.621287,20/04/26,8:7:22
28503,0.13,28.503,126.30249447426587,14130977613,2026-04-20 08:07:51.124287,20/04/26,8:7:51
28364,0.13,28.364,126.92144972500353,14131005977,2026-04-20 08:08:19.488287,20/04/26,8:8:19
28442,0.13,28.442,126.57337739962028,14131034419,2026-04-20 08:08:47.930287,20/04/26,8:8:47
28276,0.13,28.276,127.31645211486773,14131062695,2026-04-20 08:09:16.206287,20/04/26,8:9:16
28593,0.12,28.593,125.90494176896443,14131091288,2026-04-20 08:09:44.799287,20/04/26,8:9:44
28418,0.13,28.418,126.68027306636638,14131119706,2026-04-20 08:10:13.217287,20/04/26,8:10:13
28461,0.13,28.461,126.48887951934226,14131148167,2026-04-20 08:10:41.678287,20/04/26,8:10:41
28417,0.13,28.417,126.6847309708977,14131176584,2026-04-20 08:11:10.095287,20/04/26,8:11:10
28429,0.13,28.429,126.63125681522389,14131205013,2026-04-20 08:11:38.524287,20/04/26,8:11:38
23046,0.16,23.046,156.20932048945588,14131228059,2026-04-20 08:12:01.570287,20/04/26,8:12:1
17633,0.2,17.633,204.16264957749675,14131245692,2026-04-20 08:12:19.203287,20/04/26,8:12:19
17619,0.2,17.619,204.32487655372043,14131263311,2026-04-20 08:12:36.822287,20/04/26,8:12:36
17712,0.2,17.712,203.2520325203252,14131281023,2026-04-20 08:12:54.534287,20/04/26,8:12:54
17630,0.2,17.63,204.1973908111174,14131298653,2026-04-20 08:13:12.164287,20/04/26,8:13:12
17774,0.2,17.774,202.54304039608417,14131316427,2026-04-20 08:13:29.938287,20/04/26,8:13:29
17752,0.2,17.752,202.79405137449302,14131334179,2026-04-20 08:13:47.690287,20/04/26,8:13:47
17731,0.2,17.731,203.0342338277593,14131351910,2026-04-20 08:14:05.421287,20/04/26,8:14:5
17915,0.2,17.915,200.94892548144014,14131369825,2026-04-20 08:14:23.336287,20/04/26,8:14:23
17647,0.2,17.647,204.00068000226668,14131387472,2026-04-20 08:14:40.983287,20/04/26,8:14:40
17499,0.2,17.499,205.72604148808503,14131404971,2026-04-20 08:14:58.482287,20/04/26,8:14:58
17683,0.2,17.683,203.5853644743539,14131422654,2026-04-20 08:15:16.165287,20/04/26,8:15:16
17985,0.2,17.985,200.16680567139284,14131440639,2026-04-20 08:15:34.150287,20/04/26,8:15:34
18461,0.19,18.461,195.00568766589026,14131459100,2026-04-20 08:15:52.611287,20/04/26,8:15:52
18461,0.19,18.461,195.00568766589026,14131477561,2026-04-20 08:16:11.072287,20/04/26,8:16:11
18641,0.19,18.641,193.12268655115068,14131496202,2026-04-20 08:16:29.713287,20/04/26,8:16:29
18574,0.19,18.574,193.8193173252934,14131514776,2026-04-20 08:16:48.287287,20/04/26,8:16:48
18673,0.19,18.673,192.79173137685427,14131533449,2026-04-20 08:17:06.960287,20/04/26,8:17:6
18869,0.19,18.869,190.78912501987386,14131552318,2026-04-20 08:17:25.829287,20/04/26,8:17:25
18963,0.19,18.963,189.84337921214998,14131571281,2026-04-20 08:17:44.792287,20/04/26,8:17:44
18987,0.19,18.987,189.6034128614315,14131590268,2026-04-20 08:18:03.779287,20/04/26,8:18:3
19032,0.19,19.032,189.15510718789406,14131609300,2026-04-20 08:18:22.811287,20/04/26,8:18:22
19226,0.19,19.226,187.24643711640488,14131628526,2026-04-20 08:18:42.037287,20/04/26,8:18:42
19321,0.19,19.321,186.32575953625587,14131647847,2026-04-20 08:19:01.358287,20/04/26,8:19:1
19320,0.19,19.32,186.33540372670808,14131667167,2026-04-20 08:19:20.678287,20/04/26,8:19:20
20517,0.17,20.517,175.46424915923382,14131687684,2026-04-20 08:19:41.195287,20/04/26,8:19:41
30672,0.12,30.672,117.37089201877934,14131718356,2026-04-20 08:20:11.867287,20/04/26,8:20:11
30312,0.12,30.312,118.76484560570071,14131748668,2026-04-20 08:20:42.179287,20/04/26,8:20:42
29992,0.12,29.992,120.03200853560949,14131778660,2026-04-20 08:21:12.171287,20/04/26,8:21:12
29941,0.12,29.941,120.2364650479276,14131808601,2026-04-20 08:21:42.112287,20/04/26,8:21:42
30629,0.12,30.629,117.53566881060434,14131839230,2026-04-20 08:22:12.741287,20/04/26,8:22:12
30530,0.12,30.53,117.91680314444808,14131869760,2026-04-20 08:22:43.271287,20/04/26,8:22:43
30697,0.12,30.697,117.27530377561325,14131900457,2026-04-20 08:23:13.968287,20/04/26,8:23:13
31182,0.12,31.182,115.45122185876467,14131931639,2026-04-20 08:23:45.150287,20/04/26,8:23:45
30913,0.12,30.913,116.4558599941772,14131962552,2026-04-20 08:24:16.063287,20/04/26,8:24:16
31473,0.11,31.473,114.38375750643408,14131994025,2026-04-20 08:24:47.536287,20/04/26,8:24:47
31572,0.11,31.572,114.02508551881414,14132025597,2026-04-20 08:25:19.108287,20/04/26,8:25:19
31844,0.11,31.844,113.0511242306243,14132057441,2026-04-20 08:25:50.952287,20/04/26,8:25:50
31783,0.11,31.783,113.26809929836705,14132089224,2026-04-20 08:26:22.735287,20/04/26,8:26:22
31859,0.11,31.859,112.99789698358391,14132121083,2026-04-20 08:26:54.594287,20/04/26,8:26:54
31890,0.11,31.89,112.88805268109125,14132152973,2026-04-20 08:27:26.484287,20/04/26,8:27:26
31842,0.11,31.842,113.05822498586772,14132184815,2026-04-20 08:27:58.326287,20/04/26,8:27:58
31761,0.11,31.761,113.34655709832813,14132216576,2026-04-20 08:28:30.087287,20/04/26,8:28:30
31667,0.11,31.667,113.68301386301196,14132248243,2026-04-20 08:29:01.754287,20/04/26,8:29:1
31603,0.11,31.603,113.9132360851818,14132279846,2026-04-20 08:29:33.357287,20/04/26,8:29:33
31499,0.11,31.499,114.28934251881012,14132311345,2026-04-20 08:30:04.856287,20/04/26,8:30:4
31646,0.11,31.646,113.75845288504077,14132342991,2026-04-20 08:30:36.502287,20/04/26,8:30:36
31522,0.11,31.522,114.20595139902291,14132374513,2026-04-20 08:31:08.024287,20/04/26,8:31:8
31057,0.12,31.057,115.91589657726117,14132405570,2026-04-20 08:31:39.081287,20/04/26,8:31:39
30770,0.12,30.77,116.99707507312317,14132436340,2026-04-20 08:32:09.851287,20/04/26,8:32:9
30832,0.12,30.832,116.7618059159315,14132467172,2026-04-20 08:32:40.683287,20/04/26,8:32:40
30928,0.12,30.928,116.39937920331091,14132498100,2026-04-20 08:33:11.611287,20/04/26,8:33:11
31033,0.12,31.033,116.00554248702994,14132529133,2026-04-20 08:33:42.644287,20/04/26,8:33:42
30921,0.12,30.921,116.42573008634908,14132560054,2026-04-20 08:34:13.565287,20/04/26,8:34:13
31047,0.12,31.047,115.95323219634747,14132591101,2026-04-20 08:34:44.612287,20/04/26,8:34:44
30803,0.12,30.803,116.87173327273318,14132621904,2026-04-20 08:35:15.415287,20/04/26,8:35:15
30926,0.12,30.926,116.40690680980404,14132652830,2026-04-20 08:35:46.341287,20/04/26,8:35:46
29439,0.12,29.439,122.28676245796393,14132682269,2026-04-20 08:36:15.780287,20/04/26,8:36:15
30838,0.12,30.838,116.73908813801154,14132713107,2026-04-20 08:36:46.618287,20/04/26,8:36:46
30636,0.12,30.636,117.50881316098707,14132743743,2026-04-20 08:37:17.254287,20/04/26,8:37:17
30890,0.12,30.89,116.5425704111363,14132774633,2026-04-20 08:37:48.144287,20/04/26,8:37:48
30613,0.12,30.613,117.5970992715513,14132805246,2026-04-20 08:38:18.757287,20/04/26,8:38:18
30304,0.12,30.304,118.79619852164731,14132835550,2026-04-20 08:38:49.061287,20/04/26,8:38:49
30260,0.12,30.26,118.96893588896232,14132865810,2026-04-20 08:39:19.321287,20/04/26,8:39:19
30446,0.12,30.446,118.24213361361099,14132896256,2026-04-20 08:39:49.767287,20/04/26,8:39:49
30203,0.12,30.203,119.19345760354932,14132926459,2026-04-20 08:40:19.970287,20/04/26,8:40:19
30450,0.12,30.45,118.22660098522168,14132956909,2026-04-20 08:40:50.420287,20/04/26,8:40:50
30299,0.12,30.299,118.81580250173273,14132987208,2026-04-20 08:41:20.719287,20/04/26,8:41:20
29409,0.12,29.409,122.41150668162807,14133016617,2026-04-20 08:41:50.128287,20/04/26,8:41:50
29764,0.12,29.764,120.9514850154549,14133046381,2026-04-20 08:42:19.892287,20/04/26,8:42:19
30121,0.12,30.121,119.51794429135819,14133076502,2026-04-20 08:42:50.013287,20/04/26,8:42:50
30140,0.12,30.14,119.44260119442602,14133106642,2026-04-20 08:43:20.153287,20/04/26,8:43:20
30712,0.12,30.712,117.21802552748112,14133137354,2026-04-20 08:43:50.865287,20/04/26,8:43:50
30282,0.12,30.282,118.88250445809392,14133167636,2026-04-20 08:44:21.147287,20/04/26,8:44:21
30480,0.12,30.48,118.11023622047244,14133198116,2026-04-20 08:44:51.627287,20/04/26,8:44:51
28723,0.12,28.723,125.33509730877694,14133226839,2026-04-20 08:45:20.350287,20/04/26,8:45:20
27699,0.13,27.699,129.96859092386006,14133254538,2026-04-20 08:45:48.049287,20/04/26,8:45:48
27893,0.13,27.893,129.06463987380346,14133282431,2026-04-20 08:46:15.942287,20/04/26,8:46:15
29222,0.12,29.222,123.19485319279994,14133311653,2026-04-20 08:46:45.164287,20/04/26,8:46:45
29323,0.12,29.323,122.77052143368687,14133340976,2026-04-20 08:47:14.487287,20/04/26,8:47:14
29839,0.12,29.839,120.64747478132645,14133370815,2026-04-20 08:47:44.326287,20/04/26,8:47:44
30087,0.12,30.087,119.65300628178284,14133400902,2026-04-20 08:48:14.413287,20/04/26,8:48:14
30102,0.12,30.102,119.5933824995017,14133431004,2026-04-20 08:48:44.515287,20/04/26,8:48:44
29234,0.12,29.234,123.14428405281521,14133460238,2026-04-20 08:49:13.749287,20/04/26,8:49:13
29699,0.12,29.699,121.21620256574296,14133489937,2026-04-20 08:49:43.448287,20/04/26,8:49:43
29949,0.12,29.949,120.20434739056395,14133519886,2026-04-20 08:50:13.397287,20/04/26,8:50:13
30359,0.12,30.359,118.58098092822557,14133550245,2026-04-20 08:50:43.756287,20/04/26,8:50:43
29672,0.12,29.672,121.32650310056619,14133579917,2026-04-20 08:51:13.428287,20/04/26,8:51:13
30188,0.12,30.188,119.25268318537167,14133610105,2026-04-20 08:51:43.616287,20/04/26,8:51:43
30041,0.12,30.041,119.83622382743584,14133640146,2026-04-20 08:52:13.657287,20/04/26,8:52:13
30130,0.12,30.13,119.48224361101892,14133670276,2026-04-20 08:52:43.787287,20/04/26,8:52:43
30207,0.12,30.207,119.17767404906148,14133700483,2026-04-20 08:53:13.994287,20/04/26,8:53:13
30027,0.12,30.027,119.89209711259866,14133730510,2026-04-20 08:53:44.021287,20/04/26,8:53:44
29938,0.12,29.938,120.24851359476251,14133760448,2026-04-20 08:54:13.959287,20/04/26,8:54:13
30134,0.12,30.134,119.466383487091,14133790582,2026-04-20 08:54:44.093287,20/04/26,8:54:44
31152,0.12,31.152,115.56240369799691,14133821734,2026-04-20 08:55:15.245287,20/04/26,8:55:15
31224,0.12,31.224,115.29592621060722,14133852958,2026-04-20 08:55:46.469287,20/04/26,8:55:46
31089,0.12,31.089,115.79658400077197,14133884047,2026-04-20 08:56:17.558287,20/04/26,8:56:17
31191,0.12,31.191,115.41790901221506,14133915238,2026-04-20 08:56:48.749287,20/04/26,8:56:48
31542,0.11,31.542,114.13353623739775,14133946780,2026-04-20 08:57:20.291287,20/04/26,8:57:20
31983,0.11,31.983,112.5597973923647,14133978763,2026-04-20 08:57:52.274287,20/04/26,8:57:52
31678,0.11,31.678,113.64353810215292,14134010441,2026-04-20 08:58:23.952287,20/04/26,8:58:23
31532,0.11,31.532,114.1697323354053,14134041973,2026-04-20 08:58:55.484287,20/04/26,8:58:55
31375,0.11,31.375,114.7410358565737,14134073348,2026-04-20 08:59:26.859287,20/04/26,8:59:26
30466,0.12,30.466,118.16451125845205,14134103814,2026-04-20 08:59:57.325287,20/04/26,8:59:57
30423,0.12,30.423,118.33152549058278,14134134237,2026-04-20 09:00:27.748287,20/04/26,9:0:27
30536,0.12,30.536,117.89363374377784,14134164773,2026-04-20 09:00:58.284287,20/04/26,9:0:58
30652,0.12,30.652,117.4474748792901,14134195425,2026-04-20 09:01:28.936287,20/04/26,9:1:28
30680,0.12,30.68,117.34028683181225,14134226105,2026-04-20 09:01:59.616287,20/04/26,9:1:59
30848,0.12,30.848,116.70124481327801,14134256953,2026-04-20 09:02:30.464287,20/04/26,9:2:30
30580,0.12,30.58,117.72400261608895,14134287533,2026-04-20 09:03:01.044287,20/04/26,9:3:1
30861,0.12,30.861,116.65208515602217,14134318394,2026-04-20 09:03:31.905287,20/04/26,9:3:31
30250,0.12,30.25,119.00826446280992,14134348644,2026-04-20 09:04:02.155287,20/04/26,9:4:2
29933,0.12,29.933,120.26859987304981,14134378577,2026-04-20 09:04:32.088287,20/04/26,9:4:32
30529,0.12,30.529,117.92066559664582,14134409106,2026-04-20 09:05:02.617287,20/04/26,9:5:2
30909,0.12,30.909,116.47093079685528,14134440015,2026-04-20 09:05:33.526287,20/04/26,9:5:33
30630,0.12,30.63,117.53183153770813,14134470645,2026-04-20 09:06:04.156287,20/04/26,9:6:4
30775,0.12,30.775,116.97806661251015,14134501420,2026-04-20 09:06:34.931287,20/04/26,9:6:34
29709,0.12,29.709,121.17540139351712,14134531129,2026-04-20 09:07:04.640287,20/04/26,9:7:4
16880,0.21,16.88,213.27014218009478,14134548009,2026-04-20 09:07:21.520287,20/04/26,9:7:21
18201,0.2,18.201,197.79133014669523,14134566210,2026-04-20 09:07:39.721287,20/04/26,9:7:39
18131,0.2,18.131,198.5549611163201,14134584341,2026-04-20 09:07:57.852287,20/04/26,9:7:57
18368,0.19,18.368,195.99303135888502,14134602709,2026-04-20 09:08:16.220287,20/04/26,9:8:16
18266,0.2,18.266,197.087484944706,14134620975,2026-04-20 09:08:34.486287,20/04/26,9:8:34
18548,0.19,18.548,194.09100711667026,14134639523,2026-04-20 09:08:53.034287,20/04/26,9:8:53
18497,0.19,18.497,194.62615559279882,14134658020,2026-04-20 09:09:11.531287,20/04/26,9:9:11
18792,0.19,18.792,191.57088122605364,14134676812,2026-04-20 09:09:30.323287,20/04/26,9:9:30
18891,0.19,18.891,190.56693663649358,14134695703,2026-04-20 09:09:49.214287,20/04/26,9:9:49
18761,0.19,18.761,191.88742604338788,14134714464,2026-04-20 09:10:07.975287,20/04/26,9:10:7
18934,0.19,18.934,190.13415020597867,14134733398,2026-04-20 09:10:26.909287,20/04/26,9:10:26
18994,0.19,18.994,189.5335369063915,14134752392,2026-04-20 09:10:45.903287,20/04/26,9:10:45
18988,0.19,18.988,189.59342742784918,14134771380,2026-04-20 09:11:04.891287,20/04/26,9:11:4
19191,0.19,19.191,187.58793184305142,14134790571,2026-04-20 09:11:24.082287,20/04/26,9:11:24
19236,0.19,19.236,187.14909544603867,14134809807,2026-04-20 09:11:43.318287,20/04/26,9:11:43
19183,0.19,19.183,187.6661627482667,14134828990,2026-04-20 09:12:02.501287,20/04/26,9:12:2
19297,0.19,19.297,186.55749598383167,14134848287,2026-04-20 09:12:21.798287,20/04/26,9:12:21
19193,0.19,19.193,187.5683843067785,14134867480,2026-04-20 09:12:40.991287,20/04/26,9:12:40
19277,0.19,19.277,186.7510504746589,14134886757,2026-04-20 09:13:00.268287,20/04/26,9:13:0
19376,0.19,19.376,185.79686209744014,14134906133,2026-04-20 09:13:19.644287,20/04/26,9:13:19
19445,0.19,19.445,185.1375674980715,14134925578,2026-04-20 09:13:39.089287,20/04/26,9:13:39
19418,0.19,19.418,185.39499433515294,14134944996,2026-04-20 09:13:58.507287,20/04/26,9:13:58
19489,0.18,19.489,184.71958540715275,14134964485,2026-04-20 09:14:17.996287,20/04/26,9:14:17
19568,0.18,19.568,183.9738348323794,14134984053,2026-04-20 09:14:37.564287,20/04/26,9:14:37
25646,0.14,25.646,140.3727676830695,14135009699,2026-04-20 09:15:03.210287,20/04/26,9:15:3
30219,0.12,30.219,119.13034845626923,14135039918,2026-04-20 09:15:33.429287,20/04/26,9:15:33
30201,0.12,30.201,119.20135094864409,14135070119,2026-04-20 09:16:03.630287,20/04/26,9:16:3
30263,0.12,30.263,118.9571423850907,14135100382,2026-04-20 09:16:33.893287,20/04/26,9:16:33
30155,0.12,30.155,119.38318686784945,14135130537,2026-04-20 09:17:04.048287,20/04/26,9:17:4
30215,0.12,30.215,119.14611947708092,14135160752,2026-04-20 09:17:34.263287,20/04/26,9:17:34
30111,0.12,30.111,119.55763674404703,14135190863,2026-04-20 09:18:04.374287,20/04/26,9:18:4
30063,0.12,30.063,119.74852809100888,14135220926,2026-04-20 09:18:34.437287,20/04/26,9:18:34
30159,0.12,30.159,119.36735302894658,14135251085,2026-04-20 09:19:04.596287,20/04/26,9:19:4
30151,0.12,30.151,119.39902490796325,14135281236,2026-04-20 09:19:34.747287,20/04/26,9:19:34
30069,0.12,30.069,119.72463334331039,14135311305,2026-04-20 09:20:04.816287,20/04/26,9:20:4
30000,0.12,30.0,120.0,14135341305,2026-04-20 09:20:34.816287,20/04/26,9:20:34
29806,0.12,29.806,120.78105079514192,14135371111,2026-04-20 09:21:04.622287,20/04/26,9:21:4
30012,0.12,30.012,119.95201919232306,14135401123,2026-04-20 09:21:34.634287,20/04/26,9:21:34
29482,0.12,29.482,122.10840512855302,14135430605,2026-04-20 09:22:04.116287,20/04/26,9:22:4
29666,0.12,29.666,121.35104159644037,14135460271,2026-04-20 09:22:33.782287,20/04/26,9:22:33
29989,0.12,29.989,120.04401613925106,14135490260,2026-04-20 09:23:03.771287,20/04/26,9:23:3
30610,0.12,30.61,117.60862463247305,14135520870,2026-04-20 09:23:34.381287,20/04/26,9:23:34
30174,0.12,30.174,119.30801352157486,14135551044,2026-04-20 09:24:04.555287,20/04/26,9:24:4
30140,0.12,30.14,119.44260119442602,14135581184,2026-04-20 09:24:34.695287,20/04/26,9:24:34
30183,0.12,30.183,119.27243812742272,14135611367,2026-04-20 09:25:04.878287,20/04/26,9:25:4
30334,0.12,30.334,118.67871035801411,14135641701,2026-04-20 09:25:35.212287,20/04/26,9:25:35
30877,0.12,30.877,116.59163778864527,14135672578,2026-04-20 09:26:06.089287,20/04/26,9:26:6
30970,0.12,30.97,116.24152405553761,14135703548,2026-04-20 09:26:37.059287,20/04/26,9:26:37
30493,0.12,30.493,118.05988259600564,14135734041,2026-04-20 09:27:07.552287,20/04/26,9:27:7
30515,0.12,30.515,117.97476650827461,14135764556,2026-04-20 09:27:38.067287,20/04/26,9:27:38
30137,0.12,30.137,119.45449115704947,14135794693,2026-04-20 09:28:08.204287,20/04/26,9:28:8
30955,0.12,30.955,116.29785172023905,14135825648,2026-04-20 09:28:39.159287,20/04/26,9:28:39
30925,0.12,30.925,116.410670978173,14135856573,2026-04-20 09:29:10.084287,20/04/26,9:29:10
31078,0.12,31.078,115.83756998519853,14135887651,2026-04-20 09:29:41.162287,20/04/26,9:29:41
31042,0.12,31.042,115.97190902648025,14135918693,2026-04-20 09:30:12.204287,20/04/26,9:30:12
31204,0.12,31.204,115.36982438148955,14135949897,2026-04-20 09:30:43.408287,20/04/26,9:30:43
31082,0.12,31.082,115.82266263432211,14135980979,2026-04-20 09:31:14.490287,20/04/26,9:31:14
30910,0.12,30.91,116.46716273050792,14136011889,2026-04-20 09:31:45.400287,20/04/26,9:31:45
31015,0.12,31.015,116.07286796711269,14136042904,2026-04-20 09:32:16.415287,20/04/26,9:32:16
31322,0.11,31.322,114.93518932379797,14136074226,2026-04-20 09:32:47.737287,20/04/26,9:32:47
31508,0.11,31.508,114.25669671194618,14136105734,2026-04-20 09:33:19.245287,20/04/26,9:33:19
31353,0.11,31.353,114.82154817720792,14136137087,2026-04-20 09:33:50.598287,20/04/26,9:33:50
31444,0.11,31.444,114.48925073145911,14136168531,2026-04-20 09:34:22.042287,20/04/26,9:34:22
31577,0.11,31.577,114.0070304335434,14136200108,2026-04-20 09:34:53.619287,20/04/26,9:34:53
30732,0.12,30.732,117.14174150722374,14136230840,2026-04-20 09:35:24.351287,20/04/26,9:35:24
31574,0.11,31.574,114.01786279850509,14136262414,2026-04-20 09:35:55.925287,20/04/26,9:35:55
31479,0.11,31.479,114.36195558944058,14136293893,2026-04-20 09:36:27.404287,20/04/26,9:36:27
31691,0.11,31.691,113.59692026127291,14136325584,2026-04-20 09:36:59.095287,20/04/26,9:36:59
31754,0.11,31.754,113.37154374252063,14136357338,2026-04-20 09:37:30.849287,20/04/26,9:37:30
31573,0.11,31.573,114.02147404427834,14136388911,2026-04-20 09:38:02.422287,20/04/26,9:38:2
31593,0.11,31.593,113.94929256480866,14136420504,2026-04-20 09:38:34.015287,20/04/26,9:38:34
31262,0.12,31.262,115.15578018041072,14136451766,2026-04-20 09:39:05.277287,20/04/26,9:39:5
31119,0.12,31.119,115.68495131591632,14136482885,2026-04-20 09:39:36.396287,20/04/26,9:39:36
28748,0.12,28.748,125.2261026854042,14136511633,2026-04-20 09:40:05.144287,20/04/26,9:40:5
25289,0.14,25.289,142.35438332872,14136536922,2026-04-20 09:40:30.433287,20/04/26,9:40:30
25382,0.14,25.382,141.83279489401937,14136562304,2026-04-20 09:40:55.815287,20/04/26,9:40:55
25269,0.14,25.269,142.46705449364833,14136587573,2026-04-20 09:41:21.084287,20/04/26,9:41:21
25479,0.14,25.479,141.2928293889085,14136613052,2026-04-20 09:41:46.563287,20/04/26,9:41:46
25324,0.14,25.324,142.1576370241668,14136638376,2026-04-20 09:42:11.887287,20/04/26,9:42:11
25484,0.14,25.484,141.26510751844293,14136663860,2026-04-20 09:42:37.371287,20/04/26,9:42:37
25429,0.14,25.429,141.57064768571317,14136689289,2026-04-20 09:43:02.800287,20/04/26,9:43:2
25533,0.14,25.533,140.99400775467043,14136714822,2026-04-20 09:43:28.333287,20/04/26,9:43:28
25545,0.14,25.545,140.92777451556077,14136740367,2026-04-20 09:43:53.878287,20/04/26,9:43:53
25319,0.14,25.319,142.1857103361112,14136765686,2026-04-20 09:44:19.197287,20/04/26,9:44:19
25522,0.14,25.522,141.05477627145208,14136791208,2026-04-20 09:44:44.719287,20/04/26,9:44:44
25368,0.14,25.368,141.91106906338695,14136816576,2026-04-20 09:45:10.087287,20/04/26,9:45:10
25704,0.14,25.704,140.0560224089636,14136842280,2026-04-20 09:45:35.791287,20/04/26,9:45:35
25706,0.14,25.706,140.04512565159885,14136867986,2026-04-20 09:46:01.497287,20/04/26,9:46:1
25790,0.14,25.79,139.58898797983716,14136893776,2026-04-20 09:46:27.287287,20/04/26,9:46:27
26058,0.14,26.058,138.15335021874282,14136919834,2026-04-20 09:46:53.345287,20/04/26,9:46:53
26125,0.14,26.125,137.79904306220095,14136945959,2026-04-20 09:47:19.470287,20/04/26,9:47:19
26328,0.14,26.328,136.73655423883318,14136972287,2026-04-20 09:47:45.798287,20/04/26,9:47:45
26077,0.14,26.077,138.05269011005868,14136998364,2026-04-20 09:48:11.875287,20/04/26,9:48:11
26212,0.14,26.212,137.34167556844193,14137024576,2026-04-20 09:48:38.087287,20/04/26,9:48:38
26189,0.14,26.189,137.46229332926038,14137050765,2026-04-20 09:49:04.276287,20/04/26,9:49:4
26263,0.14,26.263,137.07497239462361,14137077028,2026-04-20 09:49:30.539287,20/04/26,9:49:30
26130,0.14,26.13,137.7726750861079,14137103158,2026-04-20 09:49:56.669287,20/04/26,9:49:56
26301,0.14,26.301,136.87692483175545,14137129459,2026-04-20 09:50:22.970287,20/04/26,9:50:22
26309,0.14,26.309,136.83530350830515,14137155768,2026-04-20 09:50:49.279287,20/04/26,9:50:49
26053,0.14,26.053,138.17986412313363,14137181821,2026-04-20 09:51:15.332287,20/04/26,9:51:15
26341,0.14,26.341,136.6690710299533,14137208162,2026-04-20 09:51:41.673287,20/04/26,9:51:41
26217,0.14,26.217,137.31548232063165,14137234379,2026-04-20 09:52:07.890287,20/04/26,9:52:7
26347,0.14,26.347,136.63794739439027,14137260726,2026-04-20 09:52:34.237287,20/04/26,9:52:34
26237,0.14,26.237,137.21080916263293,14137286963,2026-04-20 09:53:00.474287,20/04/26,9:53:0
26348,0.14,26.348,136.6327614999241,14137313311,2026-04-20 09:53:26.822287,20/04/26,9:53:26
26434,0.14,26.434,136.1882424150715,14137339745,2026-04-20 09:53:53.256287,20/04/26,9:53:53
26727,0.13,26.727,134.69525199236728,14137366472,2026-04-20 09:54:19.983287,20/04/26,9:54:19
27971,0.13,27.971,128.70472989882379,14137394443,2026-04-20 09:54:47.954287,20/04/26,9:54:47
27388,0.13,27.388,131.44442821673726,14137421831,2026-04-20 09:55:15.342287,20/04/26,9:55:15
34452,0.1,34.452,104.4932079414838,14137456283,2026-04-20 09:55:49.794287,20/04/26,9:55:49
32204,0.11,32.204,111.787355607999,14137488487,2026-04-20 09:56:21.998287,20/04/26,9:56:21
29871,0.12,29.871,120.51822838204278,14137518358,2026-04-20 09:56:51.869287,20/04/26,9:56:51
29870,0.12,29.87,120.52226314027452,14137548228,2026-04-20 09:57:21.739287,20/04/26,9:57:21
30321,0.12,30.321,118.72959335114277,14137578549,2026-04-20 09:57:52.060287,20/04/26,9:57:52
30379,0.12,30.379,118.50291319661608,14137608928,2026-04-20 09:58:22.439287,20/04/26,9:58:22
28400,0.13,28.4,126.7605633802817,14137637328,2026-04-20 09:58:50.839287,20/04/26,9:58:50
27656,0.13,27.656,130.17066820943015,14137664984,2026-04-20 09:59:18.495287,20/04/26,9:59:18
28054,0.13,28.054,128.32394667427104,14137693038,2026-04-20 09:59:46.549287,20/04/26,9:59:46
28069,0.13,28.069,128.2553706936478,14137721107,2026-04-20 10:00:14.618287,20/04/26,10:0:14
28290,0.13,28.29,127.25344644750795,14137749397,2026-04-20 10:00:42.908287,20/04/26,10:0:42
28049,0.13,28.049,128.34682163356982,14137777446,2026-04-20 10:01:10.957287,20/04/26,10:1:10
28646,0.12,28.646,125.67199609020457,14137806092,2026-04-20 10:01:39.603287,20/04/26,10:1:39
29094,0.12,29.094,123.73685295937307,14137835186,2026-04-20 10:02:08.697287,20/04/26,10:2:8
16784,0.21,16.784,214.48999046711154,14137851970,2026-04-20 10:02:25.481287,20/04/26,10:2:25
18070,0.2,18.07,199.22523519645821,14137870040,2026-04-20 10:02:43.551287,20/04/26,10:2:43
17794,0.2,17.794,202.31538720917163,14137887834,2026-04-20 10:03:01.345287,20/04/26,10:3:1
17973,0.2,17.973,200.300450676014,14137905807,2026-04-20 10:03:19.318287,20/04/26,10:3:19
18058,0.2,18.058,199.35762542917266,14137923865,2026-04-20 10:03:37.376287,20/04/26,10:3:37
18175,0.2,18.175,198.07427785419532,14137942040,2026-04-20 10:03:55.551287,20/04/26,10:3:55
18079,0.2,18.079,199.12605785718236,14137960119,2026-04-20 10:04:13.630287,20/04/26,10:4:13
18193,0.2,18.193,197.87830484252186,14137978312,2026-04-20 10:04:31.823287,20/04/26,10:4:31
18127,0.2,18.127,198.59877530755227,14137996439,2026-04-20 10:04:49.950287,20/04/26,10:4:49
18404,0.19,18.404,195.6096500760704,14138014843,2026-04-20 10:05:08.354287,20/04/26,10:5:8
18802,0.19,18.802,191.46899266035527,14138033645,2026-04-20 10:05:27.156287,20/04/26,10:5:27
17995,0.2,17.995,200.0555709919422,14138051640,2026-04-20 10:05:45.151287,20/04/26,10:5:45
18255,0.2,18.255,197.2062448644207,14138069895,2026-04-20 10:06:03.406287,20/04/26,10:6:3
18393,0.19,18.393,195.726635132931,14138088288,2026-04-20 10:06:21.799287,20/04/26,10:6:21
18503,0.19,18.503,194.56304383073015,14138106791,2026-04-20 10:06:40.302287,20/04/26,10:6:40
18137,0.2,18.137,198.48927606550146,14138124928,2026-04-20 10:06:58.439287,20/04/26,10:6:58
17992,0.2,17.992,200.08892841262784,14138142920,2026-04-20 10:07:16.431287,20/04/26,10:7:16
18119,0.2,18.119,198.68646172526078,14138161039,2026-04-20 10:07:34.550287,20/04/26,10:7:34
18314,0.2,18.314,196.5709293436715,14138179353,2026-04-20 10:07:52.864287,20/04/26,10:7:52
18431,0.19,18.431,195.32309695621507,14138197784,2026-04-20 10:08:11.295287,20/04/26,10:8:11
18467,0.19,18.467,194.94232956083826,14138216251,2026-04-20 10:08:29.762287,20/04/26,10:8:29
18472,0.19,18.472,194.889562581204,14138234723,2026-04-20 10:08:48.234287,20/04/26,10:8:48
18451,0.19,18.451,195.1113760771774,14138253174,2026-04-20 10:09:06.685287,20/04/26,10:9:6
18711,0.19,18.711,192.4001924001924,14138271885,2026-04-20 10:09:25.396287,20/04/26,10:9:25
18727,0.19,18.727,192.23580925935815,14138290612,2026-04-20 10:09:44.123287,20/04/26,10:9:44
26123,0.14,26.123,137.809593078896,14138316735,2026-04-20 10:10:10.246287,20/04/26,10:10:10
29171,0.12,29.171,123.41023619347983,14138345906,2026-04-20 10:10:39.417287,20/04/26,10:10:39
28837,0.12,28.837,124.8396157714048,14138374743,2026-04-20 10:11:08.254287,20/04/26,10:11:8
28483,0.13,28.483,126.39118070427975,14138403226,2026-04-20 10:11:36.737287,20/04/26,10:11:36
28768,0.12,28.768,125.13904338153503,14138431994,2026-04-20 10:12:05.505287,20/04/26,10:12:5
28722,0.12,28.722,125.33946104031753,14138460716,2026-04-20 10:12:34.227287,20/04/26,10:12:34
28629,0.12,28.629,125.74662055957246,14138489345,2026-04-20 10:13:02.856287,20/04/26,10:13:2
28735,0.12,28.735,125.28275622063686,14138518080,2026-04-20 10:13:31.591287,20/04/26,10:13:31
29542,0.12,29.542,121.86040213932706,14138547622,2026-04-20 10:14:01.133287,20/04/26,10:14:1
28737,0.12,28.737,125.2740369558409,14138576359,2026-04-20 10:14:29.870287,20/04/26,10:14:29
28808,0.12,28.808,124.96528742016106,14138605167,2026-04-20 10:14:58.678287,20/04/26,10:14:58
28973,0.12,28.973,124.25361543506023,14138634140,2026-04-20 10:15:27.651287,20/04/26,10:15:27
29028,0.12,29.028,124.01818933443572,14138663168,2026-04-20 10:15:56.679287,20/04/26,10:15:56
28965,0.12,28.965,124.28793371310202,14138692133,2026-04-20 10:16:25.644287,20/04/26,10:16:25
29035,0.12,29.035,123.98828999483382,14138721168,2026-04-20 10:16:54.679287,20/04/26,10:16:54
28945,0.12,28.945,124.37381240283295,14138750113,2026-04-20 10:17:23.624287,20/04/26,10:17:23
29123,0.12,29.123,123.61363870480376,14138779236,2026-04-20 10:17:52.747287,20/04/26,10:17:52
28977,0.12,28.977,124.2364634020085,14138808213,2026-04-20 10:18:21.724287,20/04/26,10:18:21
28965,0.12,28.965,124.28793371310202,14138837178,2026-04-20 10:18:50.689287,20/04/26,10:18:50
27525,0.13,27.525,130.79019073569484,14138864703,2026-04-20 10:19:18.214287,20/04/26,10:19:18
28277,0.13,28.277,127.31194964105103,14138892980,2026-04-20 10:19:46.491287,20/04/26,10:19:46
28061,0.13,28.061,128.2919354263925,14138921041,2026-04-20 10:20:14.552287,20/04/26,10:20:14
28264,0.13,28.264,127.3705066515709,14138949305,2026-04-20 10:20:42.816287,20/04/26,10:20:42
28287,0.13,28.287,127.26694241170856,14138977592,2026-04-20 10:21:11.103287,20/04/26,10:21:11
28497,0.13,28.497,126.32908727234445,14139006089,2026-04-20 10:21:39.600287,20/04/26,10:21:39
28338,0.13,28.338,127.03789964005928,14139034427,2026-04-20 10:22:07.938287,20/04/26,10:22:7
28472,0.13,28.472,126.44001123911211,14139062899,2026-04-20 10:22:36.410287,20/04/26,10:22:36
28308,0.13,28.308,127.1725307333616,14139091207,2026-04-20 10:23:04.718287,20/04/26,10:23:4
29038,0.12,29.038,123.97548040498657,14139120245,2026-04-20 10:23:33.756287,20/04/26,10:23:33
28788,0.12,28.788,125.05210504376824,14139149033,2026-04-20 10:24:02.544287,20/04/26,10:24:2
29282,0.12,29.282,122.94242196571273,14139178315,2026-04-20 10:24:31.826287,20/04/26,10:24:31
29459,0.12,29.459,122.20374079228759,14139207774,2026-04-20 10:25:01.285287,20/04/26,10:25:1
29494,0.12,29.494,122.05872380823219,14139237268,2026-04-20 10:25:30.779287,20/04/26,10:25:30
29532,0.12,29.532,121.90166598943519,14139266800,2026-04-20 10:26:00.311287,20/04/26,10:26:0
29565,0.12,29.565,121.76560121765601,14139296365,2026-04-20 10:26:29.876287,20/04/26,10:26:29
29465,0.12,29.465,122.17885627015103,14139325830,2026-04-20 10:26:59.341287,20/04/26,10:26:59
29567,0.12,29.567,121.75736462948558,14139355397,2026-04-20 10:27:28.908287,20/04/26,10:27:28
29445,0.12,29.445,122.26184411614875,14139384842,2026-04-20 10:27:58.353287,20/04/26,10:27:58
28260,0.13,28.26,127.38853503184713,14139413102,2026-04-20 10:28:26.613287,20/04/26,10:28:26
29435,0.12,29.435,122.30338032953966,14139442537,2026-04-20 10:28:56.048287,20/04/26,10:28:56
10305,0.35,10.305,349.34497816593887,14139452842,2026-04-20 10:29:06.353287,20/04/26,10:29:6
3378,1.07,3.378,1065.7193605683838,14139456220,2026-04-20 10:29:09.731287,20/04/26,10:29:9
3415,1.05,3.415,1054.172767203514,14139459635,2026-04-20 10:29:13.146287,20/04/26,10:29:13
3429,1.05,3.429,1049.8687664041995,14139463064,2026-04-20 10:29:16.575287,20/04/26,10:29:16
3436,1.05,3.436,1047.7299185098952,14139466500,2026-04-20 10:29:20.011287,20/04/26,10:29:20
3442,1.04,3.442,1045.9035444509007,14139469942,2026-04-20 10:29:23.453287,20/04/26,10:29:23
3441,1.05,3.441,1046.2074978204012,14139473383,2026-04-20 10:29:26.894287,20/04/26,10:29:26
3447,1.04,3.447,1044.3864229765013,14139476830,2026-04-20 10:29:30.341287,20/04/26,10:29:30
3438,1.05,3.438,1047.1204188481674,14139480268,2026-04-20 10:29:33.779287,20/04/26,10:29:33
3436,1.05,3.436,1047.7299185098952,14139483704,2026-04-20 10:29:37.215287,20/04/26,10:29:37
3440,1.05,3.44,1046.5116279069769,14139487144,2026-04-20 10:29:40.655287,20/04/26,10:29:40
3440,1.05,3.44,1046.5116279069769,14139490584,2026-04-20 10:29:44.095287,20/04/26,10:29:44
3435,1.05,3.435,1048.0349344978165,14139494019,2026-04-20 10:29:47.530287,20/04/26,10:29:47
3430,1.05,3.43,1049.5626822157435,14139497449,2026-04-20 10:29:50.960287,20/04/26,10:29:50
3439,1.05,3.439,1046.8159348647862,14139500888,2026-04-20 10:29:54.399287,20/04/26,10:29:54
3426,1.05,3.426,1050.7880910683011,14139504314,2026-04-20 10:29:57.825287,20/04/26,10:29:57
3436,1.05,3.436,1047.7299185098952,14139507750,2026-04-20 10:30:01.261287,20/04/26,10:30:1
3438,1.05,3.438,1047.1204188481674,14139511188,2026-04-20 10:30:04.699287,20/04/26,10:30:4
3444,1.04,3.444,1045.2961672473868,14139514632,2026-04-20 10:30:08.143287,20/04/26,10:30:8
3451,1.04,3.451,1043.1758910460735,14139518083,2026-04-20 10:30:11.594287,20/04/26,10:30:11
3452,1.04,3.452,1042.8736964078794,14139521535,2026-04-20 10:30:15.046287,20/04/26,10:30:15
3445,1.04,3.445,1044.9927431059507,14139524980,2026-04-20 10:30:18.491287,20/04/26,10:30:18
3447,1.04,3.447,1044.3864229765013,14139528427,2026-04-20 10:30:21.938287,20/04/26,10:30:21
3456,1.04,3.456,1041.6666666666667,14139531883,2026-04-20 10:30:25.394287,20/04/26,10:30:25
3449,1.04,3.449,1043.7808060307336,14139535332,2026-04-20 10:30:28.843287,20/04/26,10:30:28
3452,1.04,3.452,1042.8736964078794,14139538784,2026-04-20 10:30:32.295287,20/04/26,10:30:32
3455,1.04,3.455,1041.9681620839362,14139542239,2026-04-20 10:30:35.750287,20/04/26,10:30:35
3445,1.04,3.445,1044.9927431059507,14139545684,2026-04-20 10:30:39.195287,20/04/26,10:30:39
3454,1.04,3.454,1042.2698320787492,14139549138,2026-04-20 10:30:42.649287,20/04/26,10:30:42
3448,1.04,3.448,1044.0835266821346,14139552586,2026-04-20 10:30:46.097287,20/04/26,10:30:46
3423,1.05,3.423,1051.70902716915,14139556009,2026-04-20 10:30:49.520287,20/04/26,10:30:49
3434,1.05,3.434,1048.34012813046,14139559443,2026-04-20 10:30:52.954287,20/04/26,10:30:52
3443,1.04,3.443,1045.599767644496,14139562886,2026-04-20 10:30:56.397287,20/04/26,10:30:56
3432,1.05,3.432,1048.951048951049,14139566318,2026-04-20 10:30:59.829287,20/04/26,10:30:59
3424,1.05,3.424,1051.4018691588785,14139569742,2026-04-20 10:31:03.253287,20/04/26,10:31:3
3438,1.05,3.438,1047.1204188481674,14139573180,2026-04-20 10:31:06.691287,20/04/26,10:31:6
3426,1.05,3.426,1050.7880910683011,14139576606,2026-04-20 10:31:10.117287,20/04/26,10:31:10
3407,1.06,3.407,1056.6480774875256,14139580013,2026-04-20 10:31:13.524287,20/04/26,10:31:13
3418,1.05,3.418,1053.247513165594,14139583431,2026-04-20 10:31:16.942287,20/04/26,10:31:16
3412,1.05,3.412,1055.0996483001172,14139586843,2026-04-20 10:31:20.354287,20/04/26,10:31:20
3425,1.05,3.425,1051.094890510949,14139590268,2026-04-20 10:31:23.779287,20/04/26,10:31:23
3415,1.05,3.415,1054.172767203514,14139593683,2026-04-20 10:31:27.194287,20/04/26,10:31:27
3421,1.05,3.421,1052.3238819058754,14139597104,2026-04-20 10:31:30.615287,20/04/26,10:31:30
3441,1.05,3.441,1046.2074978204012,14139600545,2026-04-20 10:31:34.056287,20/04/26,10:31:34
3425,1.05,3.425,1051.094890510949,14139603970,2026-04-20 10:31:37.481287,20/04/26,10:31:37
3425,1.05,3.425,1051.094890510949,14139607395,2026-04-20 10:31:40.906287,20/04/26,10:31:40
3428,1.05,3.428,1050.1750291715286,14139610823,2026-04-20 10:31:44.334287,20/04/26,10:31:44
3433,1.05,3.433,1048.6454995630643,14139614256,2026-04-20 10:31:47.767287,20/04/26,10:31:47
3413,1.05,3.413,1054.790506885438,14139617669,2026-04-20 10:31:51.180287,20/04/26,10:31:51
3423,1.05,3.423,1051.70902716915,14139621092,2026-04-20 10:31:54.603287,20/04/26,10:31:54
3401,1.06,3.401,1058.5122022934431,14139624493,2026-04-20 10:31:58.004287,20/04/26,10:31:58
3419,1.05,3.419,1052.939455981281,14139627912,2026-04-20 10:32:01.423287,20/04/26,10:32:1
3407,1.06,3.407,1056.6480774875256,14139631319,2026-04-20 10:32:04.830287,20/04/26,10:32:4
3411,1.05,3.411,1055.4089709762534,14139634730,2026-04-20 10:32:08.241287,20/04/26,10:32:8
3408,1.06,3.408,1056.338028169014,14139638138,2026-04-20 10:32:11.649287,20/04/26,10:32:11
3415,1.05,3.415,1054.172767203514,14139641553,2026-04-20 10:32:15.064287,20/04/26,10:32:15
4844,0.74,4.844,743.1874483897606,14139646397,2026-04-20 10:32:19.908287,20/04/26,10:32:19
7058,0.51,7.058,510.0595069424766,14139653455,2026-04-20 10:32:26.966287,20/04/26,10:32:26
6876,0.52,6.876,523.5602094240837,14139660331,2026-04-20 10:32:33.842287,20/04/26,10:32:33
6756,0.53,6.756,532.8596802841919,14139667087,2026-04-20 10:32:40.598287,20/04/26,10:32:40
5832,0.62,5.832,617.283950617284,14139672919,2026-04-20 10:32:46.430287,20/04/26,10:32:46
5805,0.62,5.805,620.1550387596899,14139678724,2026-04-20 10:32:52.235287,20/04/26,10:32:52
5775,0.62,5.775,623.3766233766233,14139684499,2026-04-20 10:32:58.010287,20/04/26,10:32:58
6542,0.55,6.542,550.2904310608377,14139691041,2026-04-20 10:33:04.552287,20/04/26,10:33:4
7887,0.46,7.887,456.4473183720046,14139698928,2026-04-20 10:33:12.439287,20/04/26,10:33:12
7875,0.46,7.875,457.14285714285717,14139706803,2026-04-20 10:33:20.314287,20/04/26,10:33:20
7897,0.46,7.897,455.86931746232744,14139714700,2026-04-20 10:33:28.211287,20/04/26,10:33:28
7908,0.46,7.908,455.2352048558422,14139722608,2026-04-20 10:33:36.119287,20/04/26,10:33:36
7858,0.46,7.858,458.1318401628913,14139730466,2026-04-20 10:33:43.977287,20/04/26,10:33:43
7973,0.45,7.973,451.5238931393453,14139738439,2026-04-20 10:33:51.950287,20/04/26,10:33:51
7940,0.45,7.94,453.4005037783375,14139746379,2026-04-20 10:33:59.890287,20/04/26,10:33:59
7984,0.45,7.984,450.90180360721445,14139754363,2026-04-20 10:34:07.874287,20/04/26,10:34:7
7970,0.45,7.97,451.693851944793,14139762333,2026-04-20 10:34:15.844287,20/04/26,10:34:15
7941,0.45,7.941,453.3434076312807,14139770274,2026-04-20 10:34:23.785287,20/04/26,10:34:23
7957,0.45,7.957,452.4318210380797,14139778231,2026-04-20 10:34:31.742287,20/04/26,10:34:31
7935,0.45,7.935,453.6862003780718,14139786166,2026-04-20 10:34:39.677287,20/04/26,10:34:39
7005,0.51,7.005,513.9186295503212,14139793171,2026-04-20 10:34:46.682287,20/04/26,10:34:46
5860,0.61,5.86,614.3344709897611,14139799031,2026-04-20 10:34:52.542287,20/04/26,10:34:52
5825,0.62,5.825,618.0257510729614,14139804856,2026-04-20 10:34:58.367287,20/04/26,10:34:58
5850,0.62,5.85,615.3846153846154,14139810706,2026-04-20 10:35:04.217287,20/04/26,10:35:4
5820,0.62,5.82,618.5567010309278,14139816526,2026-04-20 10:35:10.037287,20/04/26,10:35:10
5829,0.62,5.829,617.6016469377251,14139822355,2026-04-20 10:35:15.866287,20/04/26,10:35:15
5851,0.62,5.851,615.2794394120663,14139828206,2026-04-20 10:35:21.717287,20/04/26,10:35:21
5831,0.62,5.831,617.3898130680843,14139834037,2026-04-20 10:35:27.548287,20/04/26,10:35:27
5832,0.62,5.832,617.283950617284,14139839869,2026-04-20 10:35:33.380287,20/04/26,10:35:33
5847,0.62,5.847,615.7003591585428,14139845716,2026-04-20 10:35:39.227287,20/04/26,10:35:39
5850,0.62,5.85,615.3846153846154,14139851566,2026-04-20 10:35:45.077287,20/04/26,10:35:45
5858,0.61,5.858,614.5442130419939,14139857424,2026-04-20 10:35:50.935287,20/04/26,10:35:50
5819,0.62,5.819,618.6630005155525,14139863243,2026-04-20 10:35:56.754287,20/04/26,10:35:56
5851,0.62,5.851,615.2794394120663,14139869094,2026-04-20 10:36:02.605287,20/04/26,10:36:2
5872,0.61,5.872,613.0790190735695,14139874966,2026-04-20 10:36:08.477287,20/04/26,10:36:8
5888,0.61,5.888,611.4130434782609,14139880854,2026-04-20 10:36:14.365287,20/04/26,10:36:14
5910,0.61,5.91,609.1370558375635,14139886764,2026-04-20 10:36:20.275287,20/04/26,10:36:20
5884,0.61,5.884,611.8286879673691,14139892648,2026-04-20 10:36:26.159287,20/04/26,10:36:26
5880,0.61,5.88,612.2448979591836,14139898528,2026-04-20 10:36:32.039287,20/04/26,10:36:32
5888,0.61,5.888,611.4130434782609,14139904416,2026-04-20 10:36:37.927287,20/04/26,10:36:37
5892,0.61,5.892,610.9979633401222,14139910308,2026-04-20 10:36:43.819287,20/04/26,10:36:43
5916,0.61,5.916,608.5192697768763,14139916224,2026-04-20 10:36:49.735287,20/04/26,10:36:49
5899,0.61,5.899,610.27292761485,14139922123,2026-04-20 10:36:55.634287,20/04/26,10:36:55
5888,0.61,5.888,611.4130434782609,14139928011,2026-04-20 10:37:01.522287,20/04/26,10:37:1
5930,0.61,5.93,607.0826306913997,14139933941,2026-04-20 10:37:07.452287,20/04/26,10:37:7
5929,0.61,5.929,607.1850227694383,14139939870,2026-04-20 10:37:13.381287,20/04/26,10:37:13
5917,0.61,5.917,608.4164272435356,14139945787,2026-04-20 10:37:19.298287,20/04/26,10:37:19
5891,0.61,5.891,611.1016805296215,14139951678,2026-04-20 10:37:25.189287,20/04/26,10:37:25
5886,0.61,5.886,611.6207951070336,14139957564,2026-04-20 10:37:31.075287,20/04/26,10:37:31
5877,0.61,5.877,612.5574272588055,14139963441,2026-04-20 10:37:36.952287,20/04/26,10:37:36
5893,0.61,5.893,610.8942813507551,14139969334,2026-04-20 10:37:42.845287,20/04/26,10:37:42
6894,0.52,6.894,522.1932114882507,14139976228,2026-04-20 10:37:49.739287,20/04/26,10:37:49
7052,0.51,7.052,510.4934770277935,14139983280,2026-04-20 10:37:56.791287,20/04/26,10:37:56
7049,0.51,7.049,510.71073911193076,14139990329,2026-04-20 10:38:03.840287,20/04/26,10:38:3
7056,0.51,7.056,510.2040816326531,14139997385,2026-04-20 10:38:10.896287,20/04/26,10:38:10
7057,0.51,7.057,510.13178404421143,14140004442,2026-04-20 10:38:17.953287,20/04/26,10:38:17
7061,0.51,7.061,509.8427984704716,14140011503,2026-04-20 10:38:25.014287,20/04/26,10:38:25
11589,0.31,11.589,310.63939943049445,14140023092,2026-04-20 10:38:36.603287,20/04/26,10:38:36
13357,0.27,13.357,269.5215991614884,14140036449,2026-04-20 10:38:49.960287,20/04/26,10:38:49
13236,0.27,13.236,271.985494106981,14140049685,2026-04-20 10:39:03.196287,20/04/26,10:39:3
13182,0.27,13.182,273.09968138370505,14140062867,2026-04-20 10:39:16.378287,20/04/26,10:39:16
13243,0.27,13.243,271.84172770520274,14140076110,2026-04-20 10:39:29.621287,20/04/26,10:39:29
13153,0.27,13.153,273.70181707595225,14140089263,2026-04-20 10:39:42.774287,20/04/26,10:39:42
13206,0.27,13.206,272.60336210813267,14140102469,2026-04-20 10:39:55.980287,20/04/26,10:39:55
13146,0.27,13.146,273.84755819260613,14140115615,2026-04-20 10:40:09.126287,20/04/26,10:40:9
13235,0.27,13.235,272.0060445787684,14140128850,2026-04-20 10:40:22.361287,20/04/26,10:40:22
13268,0.27,13.268,271.32951462164607,14140142118,2026-04-20 10:40:35.629287,20/04/26,10:40:35
13203,0.27,13.203,272.66530334015,14140155321,2026-04-20 10:40:48.832287,20/04/26,10:40:48
13203,0.27,13.203,272.66530334015,14140168524,2026-04-20 10:41:02.035287,20/04/26,10:41:2
13247,0.27,13.247,271.7596436929116,14140181771,2026-04-20 10:41:15.282287,20/04/26,10:41:15
13226,0.27,13.226,272.19113866626344,14140194997,2026-04-20 10:41:28.508287,20/04/26,10:41:28
13134,0.27,13.134,274.09776153494744,14140208131,2026-04-20 10:41:41.642287,20/04/26,10:41:41
13188,0.27,13.188,272.975432211101,14140221319,2026-04-20 10:41:54.830287,20/04/26,10:41:54
4580,0.79,4.58,786.0262008733624,14140225899,2026-04-20 10:41:59.410287,20/04/26,10:41:59
2247,1.6,2.247,1602.136181575434,14140228146,2026-04-20 10:42:01.657287,20/04/26,10:42:1
2253,1.6,2.253,1597.8695073235685,14140230399,2026-04-20 10:42:03.910287,20/04/26,10:42:3
2251,1.6,2.251,1599.2892047978676,14140232650,2026-04-20 10:42:06.161287,20/04/26,10:42:6
2247,1.6,2.247,1602.136181575434,14140234897,2026-04-20 10:42:08.408287,20/04/26,10:42:8
2254,1.6,2.254,1597.1606033717835,14140237151,2026-04-20 10:42:10.662287,20/04/26,10:42:10
2251,1.6,2.251,1599.2892047978676,14140239402,2026-04-20 10:42:12.913287,20/04/26,10:42:12
2247,1.6,2.247,1602.136181575434,14140241649,2026-04-20 10:42:15.160287,20/04/26,10:42:15
2248,1.6,2.248,1601.423487544484,14140243897,2026-04-20 10:42:17.408287,20/04/26,10:42:17
2256,1.6,2.256,1595.7446808510638,14140246153,2026-04-20 10:42:19.664287,20/04/26,10:42:19
2259,1.59,2.259,1593.6254980079682,14140248412,2026-04-20 10:42:21.923287,20/04/26,10:42:21
2255,1.6,2.255,1596.4523281596453,14140250667,2026-04-20 10:42:24.178287,20/04/26,10:42:24
2255,1.6,2.255,1596.4523281596453,14140252922,2026-04-20 10:42:26.433287,20/04/26,10:42:26
2254,1.6,2.254,1597.1606033717835,14140255176,2026-04-20 10:42:28.687287,20/04/26,10:42:28
2258,1.59,2.258,1594.3312666076174,14140257434,2026-04-20 10:42:30.945287,20/04/26,10:42:30
2268,1.59,2.268,1587.3015873015872,14140259702,2026-04-20 10:42:33.213287,20/04/26,10:42:33
2262,1.59,2.262,1591.5119363395224,14140261964,2026-04-20 10:42:35.475287,20/04/26,10:42:35
2251,1.6,2.251,1599.2892047978676,14140264215,2026-04-20 10:42:37.726287,20/04/26,10:42:37
2260,1.59,2.26,1592.9203539823009,14140266475,2026-04-20 10:42:39.986287,20/04/26,10:42:39
2265,1.59,2.265,1589.4039735099338,14140268740,2026-04-20 10:42:42.251287,20/04/26,10:42:42
2281,1.58,2.281,1578.255151249452,14140271021,2026-04-20 10:42:44.532287,20/04/26,10:42:44
2282,1.58,2.282,1577.5635407537247,14140273303,2026-04-20 10:42:46.814287,20/04/26,10:42:46
2261,1.59,2.261,1592.2158337019018,14140275564,2026-04-20 10:42:49.075287,20/04/26,10:42:49
2275,1.58,2.275,1582.4175824175825,14140277839,2026-04-20 10:42:51.350287,20/04/26,10:42:51
2277,1.58,2.277,1581.0276679841897,14140280116,2026-04-20 10:42:53.627287,20/04/26,10:42:53
2278,1.58,2.278,1580.3336259877085,14140282394,2026-04-20 10:42:55.905287,20/04/26,10:42:55
2278,1.58,2.278,1580.3336259877085,14140284672,2026-04-20 10:42:58.183287,20/04/26,10:42:58
2281,1.58,2.281,1578.255151249452,14140286953,2026-04-20 10:43:00.464287,20/04/26,10:43:0
2277,1.58,2.277,1581.0276679841897,14140289230,2026-04-20 10:43:02.741287,20/04/26,10:43:2
2349,1.53,2.349,1532.5670498084291,14140291579,2026-04-20 10:43:05.090287,20/04/26,10:43:5
2508,1.43,2.508,1435.4066985645934,14140294087,2026-04-20 10:43:07.598287,20/04/26,10:43:7
2524,1.43,2.524,1426.3074484944532,14140296611,2026-04-20 10:43:10.122287,20/04/26,10:43:10
2518,1.43,2.518,1429.7061159650516,14140299129,2026-04-20 10:43:12.640287,20/04/26,10:43:12
2516,1.43,2.516,1430.8426073131955,14140301645,2026-04-20 10:43:15.156287,20/04/26,10:43:15
2517,1.43,2.517,1430.274135876043,14140304162,2026-04-20 10:43:17.673287,20/04/26,10:43:17
2525,1.42,2.525,1425.7425742574258,14140306687,2026-04-20 10:43:20.198287,20/04/26,10:43:20
2539,1.42,2.539,1417.8810555336747,14140309226,2026-04-20 10:43:22.737287,20/04/26,10:43:22
2524,1.43,2.524,1426.3074484944532,14140311750,2026-04-20 10:43:25.261287,20/04/26,10:43:25
2520,1.43,2.52,1428.5714285714287,14140314270,2026-04-20 10:43:27.781287,20/04/26,10:43:27
2531,1.42,2.531,1422.3627024891348,14140316801,2026-04-20 10:43:30.312287,20/04/26,10:43:30
2550,1.41,2.55,1411.764705882353,14140319351,2026-04-20 10:43:32.862287,20/04/26,10:43:32
2552,1.41,2.552,1410.6583072100314,14140321903,2026-04-20 10:43:35.414287,20/04/26,10:43:35
2522,1.43,2.522,1427.4385408406026,14140324425,2026-04-20 10:43:37.936287,20/04/26,10:43:37
2529,1.42,2.529,1423.4875444839859,14140326954,2026-04-20 10:43:40.465287,20/04/26,10:43:40
2536,1.42,2.536,1419.558359621451,14140329490,2026-04-20 10:43:43.001287,20/04/26,10:43:43
2556,1.41,2.556,1408.4507042253522,14140332046,2026-04-20 10:43:45.557287,20/04/26,10:43:45
2549,1.41,2.549,1412.3185562965868,14140334595,2026-04-20 10:43:48.106287,20/04/26,10:43:48
2533,1.42,2.533,1421.239636794315,14140337128,2026-04-20 10:43:50.639287,20/04/26,10:43:50
2540,1.42,2.54,1417.3228346456692,14140339668,2026-04-20 10:43:53.179287,20/04/26,10:43:53
2555,1.41,2.555,1409.0019569471624,14140342223,2026-04-20 10:43:55.734287,20/04/26,10:43:55
2548,1.41,2.548,1412.87284144427,14140344771,2026-04-20 10:43:58.282287,20/04/26,10:43:58
2548,1.41,2.548,1412.87284144427,14140347319,2026-04-20 10:44:00.830287,20/04/26,10:44:0
2545,1.41,2.545,1414.5383104125738,14140349864,2026-04-20 10:44:03.375287,20/04/26,10:44:3
2560,1.41,2.56,1406.25,14140352424,2026-04-20 10:44:05.935287,20/04/26,10:44:5
2571,1.4,2.571,1400.2333722287049,14140354995,2026-04-20 10:44:08.506287,20/04/26,10:44:8
2572,1.4,2.572,1399.6889580093314,14140357567,2026-04-20 10:44:11.078287,20/04/26,10:44:11
9485,0.38,9.485,379.5466526093832,14140367052,2026-04-20 10:44:20.563287,20/04/26,10:44:20
28818,0.12,28.818,124.92192379762648,14140395870,2026-04-20 10:44:49.381287,20/04/26,10:44:49
28597,0.12,28.597,125.88733083889919,14140424467,2026-04-20 10:45:17.978287,20/04/26,10:45:17
28701,0.12,28.701,125.43116964565695,14140453168,2026-04-20 10:45:46.679287,20/04/26,10:45:46
28875,0.12,28.875,124.67532467532467,14140482043,2026-04-20 10:46:15.554287,20/04/26,10:46:15
28949,0.12,28.949,124.35662717192304,14140510992,2026-04-20 10:46:44.503287,20/04/26,10:46:44
28951,0.12,28.951,124.3480363372595,14140539943,2026-04-20 10:47:13.454287,20/04/26,10:47:13
29404,0.12,29.404,122.43232213304313,14140569347,2026-04-20 10:47:42.858287,20/04/26,10:47:42
29192,0.12,29.192,123.32145793368046,14140598539,2026-04-20 10:48:12.050287,20/04/26,10:48:12
29143,0.12,29.143,123.528806231342,14140627682,2026-04-20 10:48:41.193287,20/04/26,10:48:41
29011,0.12,29.011,124.09086208679466,14140656693,2026-04-20 10:49:10.204287,20/04/26,10:49:10
29305,0.12,29.305,122.84593072854462,14140685998,2026-04-20 10:49:39.509287,20/04/26,10:49:39
20896,0.17,20.896,172.28177641653906,14140706894,2026-04-20 10:50:00.405287,20/04/26,10:50:0
17547,0.2,17.547,205.1632757736365,14140724441,2026-04-20 10:50:17.952287,20/04/26,10:50:17
17531,0.2,17.531,205.35052193257658,14140741972,2026-04-20 10:50:35.483287,20/04/26,10:50:35
17607,0.2,17.607,204.46413358323395,14140759579,2026-04-20 10:50:53.090287,20/04/26,10:50:53
17622,0.2,17.622,204.29009193054137,14140777201,2026-04-20 10:51:10.712287,20/04/26,10:51:10
17888,0.2,17.888,201.25223613595708,14140795089,2026-04-20 10:51:28.600287,20/04/26,10:51:28
18208,0.2,18.208,197.7152899824253,14140813297,2026-04-20 10:51:46.808287,20/04/26,10:51:46
18274,0.2,18.274,197.00120389624604,14140831571,2026-04-20 10:52:05.082287,20/04/26,10:52:5
18528,0.19,18.528,194.30051813471502,14140850099,2026-04-20 10:52:23.610287,20/04/26,10:52:23
18590,0.19,18.59,193.65250134480902,14140868689,2026-04-20 10:52:42.200287,20/04/26,10:52:42
18618,0.19,18.618,193.36126329358686,14140887307,2026-04-20 10:53:00.818287,20/04/26,10:53:0
18698,0.19,18.698,192.53396085142796,14140906005,2026-04-20 10:53:19.516287,20/04/26,10:53:19
18764,0.19,18.764,191.85674696226818,14140924769,2026-04-20 10:53:38.280287,20/04/26,10:53:38
18796,0.19,18.796,191.5301127899553,14140943565,2026-04-20 10:53:57.076287,20/04/26,10:53:57
18865,0.19,18.865,190.82957858468063,14140962430,2026-04-20 10:54:15.941287,20/04/26,10:54:15
18969,0.19,18.969,189.78333069745375,14140981399,2026-04-20 10:54:34.910287,20/04/26,10:54:34
19051,0.19,19.051,188.96645845362448,14141000450,2026-04-20 10:54:53.961287,20/04/26,10:54:53
18845,0.19,18.845,191.03210400636775,14141019295,2026-04-20 10:55:12.806287,20/04/26,10:55:12
19121,0.19,19.121,188.2746718267873,14141038416,2026-04-20 10:55:31.927287,20/04/26,10:55:31
19217,0.19,19.217,187.33413123796637,14141057633,2026-04-20 10:55:51.144287,20/04/26,10:55:51
19076,0.19,19.076,188.7188089746278,14141076709,2026-04-20 10:56:10.220287,20/04/26,10:56:10
19261,0.19,19.261,186.9061834795701,14141095970,2026-04-20 10:56:29.481287,20/04/26,10:56:29
19314,0.19,19.314,186.39328984156572,14141115284,2026-04-20 10:56:48.795287,20/04/26,10:56:48
19167,0.19,19.167,187.82282047268743,14141134451,2026-04-20 10:57:07.962287,20/04/26,10:57:7
19279,0.19,19.279,186.73167695419886,14141153730,2026-04-20 10:57:27.241287,20/04/26,10:57:27
28909,0.12,28.909,124.5286934864575,14141182639,2026-04-20 10:57:56.150287,20/04/26,10:57:56
29684,0.12,29.684,121.27745586848134,14141212323,2026-04-20 10:58:25.834287,20/04/26,10:58:25
29903,0.12,29.903,120.38925860281577,14141242226,2026-04-20 10:58:55.737287,20/04/26,10:58:55
29975,0.12,29.975,120.1000834028357,14141272201,2026-04-20 10:59:25.712287,20/04/26,10:59:25
8649,0.42,8.649,416.2330905306972,14141280850,2026-04-20 10:59:34.361287,20/04/26,10:59:34
6562,0.55,6.562,548.6132276744895,14141287412,2026-04-20 10:59:40.923287,20/04/26,10:59:40
6552,0.55,6.552,549.4505494505495,14141293964,2026-04-20 10:59:47.475287,20/04/26,10:59:47
6564,0.55,6.564,548.4460694698355,14141300528,2026-04-20 10:59:54.039287,20/04/26,10:59:54
6451,0.56,6.451,558.0530150364284,14141306979,2026-04-20 11:00:00.490287,20/04/26,11:0:0
6534,0.55,6.534,550.9641873278237,14141313513,2026-04-20 11:00:07.024287,20/04/26,11:0:7
6514,0.55,6.514,552.655818237642,14141320027,2026-04-20 11:00:13.538287,20/04/26,11:0:13
6503,0.55,6.503,553.5906504690143,14141326530,2026-04-20 11:00:20.041287,20/04/26,11:0:20
6474,0.56,6.474,556.0704355885078,14141333004,2026-04-20 11:00:26.515287,20/04/26,11:0:26
6501,0.55,6.501,553.7609598523304,14141339505,2026-04-20 11:00:33.016287,20/04/26,11:0:33
6499,0.55,6.499,553.9313740575473,14141346004,2026-04-20 11:00:39.515287,20/04/26,11:0:39
6519,0.55,6.519,552.2319374137138,14141352523,2026-04-20 11:00:46.034287,20/04/26,11:0:46
6489,0.55,6.489,554.7850208044383,14141359012,2026-04-20 11:00:52.523287,20/04/26,11:0:52
6441,0.56,6.441,558.9194224499302,14141365453,2026-04-20 11:00:58.964287,20/04/26,11:0:58
6496,0.55,6.496,554.1871921182266,14141371949,2026-04-20 11:01:05.460287,20/04/26,11:1:5
6484,0.56,6.484,555.2128315854411,14141378433,2026-04-20 11:01:11.944287,20/04/26,11:1:11
6466,0.56,6.466,556.7584287039901,14141384899,2026-04-20 11:01:18.410287,20/04/26,11:1:18
6450,0.56,6.45,558.1395348837209,14141391349,2026-04-20 11:01:24.860287,20/04/26,11:1:24
6446,0.56,6.446,558.4858827179646,14141397795,2026-04-20 11:01:31.306287,20/04/26,11:1:31
6460,0.56,6.46,557.2755417956656,14141404255,2026-04-20 11:01:37.766287,20/04/26,11:1:37
6439,0.56,6.439,559.093026867526,14141410694,2026-04-20 11:01:44.205287,20/04/26,11:1:44
6477,0.56,6.477,555.812876331635,14141417171,2026-04-20 11:01:50.682287,20/04/26,11:1:50
6448,0.56,6.448,558.3126550868486,14141423619,2026-04-20 11:01:57.130287,20/04/26,11:1:57
6441,0.56,6.441,558.9194224499302,14141430060,2026-04-20 11:02:03.571287,20/04/26,11:2:3
6466,0.56,6.466,556.7584287039901,14141436526,2026-04-20 11:02:10.037287,20/04/26,11:2:10
6493,0.55,6.493,554.4432465732327,14141443019,2026-04-20 11:02:16.530287,20/04/26,11:2:16
6521,0.55,6.521,552.062567090937,14141449540,2026-04-20 11:02:23.051287,20/04/26,11:2:23
6522,0.55,6.522,551.9779208831646,14141456062,2026-04-20 11:02:29.573287,20/04/26,11:2:29
6524,0.55,6.524,551.808706315144,14141462586,2026-04-20 11:02:36.097287,20/04/26,11:2:36
6481,0.56,6.481,555.4698349020213,14141469067,2026-04-20 11:02:42.578287,20/04/26,11:2:42
6479,0.56,6.479,555.6413026701651,14141475546,2026-04-20 11:02:49.057287,20/04/26,11:2:49
6495,0.55,6.495,554.2725173210162,14141482041,2026-04-20 11:02:55.552287,20/04/26,11:2:55
6457,0.56,6.457,557.534458726963,14141488498,2026-04-20 11:03:02.009287,20/04/26,11:3:2
6475,0.56,6.475,555.984555984556,14141494973,2026-04-20 11:03:08.484287,20/04/26,11:3:8
6499,0.55,6.499,553.9313740575473,14141501472,2026-04-20 11:03:14.983287,20/04/26,11:3:14
6496,0.55,6.496,554.1871921182266,14141507968,2026-04-20 11:03:21.479287,20/04/26,11:3:21
6478,0.56,6.478,555.7270762581044,14141514446,2026-04-20 11:03:27.957287,20/04/26,11:3:27
6518,0.55,6.518,552.3166615526235,14141520964,2026-04-20 11:03:34.475287,20/04/26,11:3:34
6520,0.55,6.52,552.1472392638037,14141527484,2026-04-20 11:03:40.995287,20/04/26,11:3:40
6506,0.55,6.506,553.3353827236397,14141533990,2026-04-20 11:03:47.501287,20/04/26,11:3:47
6464,0.56,6.464,556.9306930693069,14141540454,2026-04-20 11:03:53.965287,20/04/26,11:3:53
6477,0.56,6.477,555.812876331635,14141546931,2026-04-20 11:04:00.442287,20/04/26,11:4:0
6491,0.55,6.491,554.6140810352796,14141553422,2026-04-20 11:04:06.933287,20/04/26,11:4:6
6493,0.55,6.493,554.4432465732327,14141559915,2026-04-20 11:04:13.426287,20/04/26,11:4:13
6498,0.55,6.498,554.016620498615,14141566413,2026-04-20 11:04:19.924287,20/04/26,11:4:19
6485,0.56,6.485,555.1272166538165,14141572898,2026-04-20 11:04:26.409287,20/04/26,11:4:26
6506,0.55,6.506,553.3353827236397,14141579404,2026-04-20 11:04:32.915287,20/04/26,11:4:32
6479,0.56,6.479,555.6413026701651,14141585883,2026-04-20 11:04:39.394287,20/04/26,11:4:39
6476,0.56,6.476,555.8987029030266,14141592359,2026-04-20 11:04:45.870287,20/04/26,11:4:45
6468,0.56,6.468,556.5862708719851,14141598827,2026-04-20 11:04:52.338287,20/04/26,11:4:52
6443,0.56,6.443,558.7459258109576,14141605270,2026-04-20 11:04:58.781287,20/04/26,11:4:58
6491,0.55,6.491,554.6140810352796,14141611761,2026-04-20 11:05:05.272287,20/04/26,11:5:5
6487,0.55,6.487,554.95606597811,14141618248,2026-04-20 11:05:11.759287,20/04/26,11:5:11
6467,0.56,6.467,556.6723364775012,14141624715,2026-04-20 11:05:18.226287,20/04/26,11:5:18
6492,0.55,6.492,554.52865064695,14141631207,2026-04-20 11:05:24.718287,20/04/26,11:5:24
6489,0.55,6.489,554.7850208044383,14141637696,2026-04-20 11:05:31.207287,20/04/26,11:5:31
6483,0.56,6.483,555.2984729291994,14141644179,2026-04-20 11:05:37.690287,20/04/26,11:5:37
6487,0.55,6.487,554.95606597811,14141650666,2026-04-20 11:05:44.177287,20/04/26,11:5:44
6487,0.55,6.487,554.95606597811,14141657153,2026-04-20 11:05:50.664287,20/04/26,11:5:50
6473,0.56,6.473,556.1563417271744,14141663626,2026-04-20 11:05:57.137287,20/04/26,11:5:57
6456,0.56,6.456,557.6208178438661,14141670082,2026-04-20 11:06:03.593287,20/04/26,11:6:3
6485,0.56,6.485,555.1272166538165,14141676567,2026-04-20 11:06:10.078287,20/04/26,11:6:10
6510,0.55,6.51,552.9953917050691,14141683077,2026-04-20 11:06:16.588287,20/04/26,11:6:16
6474,0.56,6.474,556.0704355885078,14141689551,2026-04-20 11:06:23.062287,20/04/26,11:6:23
6497,0.55,6.497,554.1018931814684,14141696048,2026-04-20 11:06:29.559287,20/04/26,11:6:29
6499,0.55,6.499,553.9313740575473,14141702547,2026-04-20 11:06:36.058287,20/04/26,11:6:36
6463,0.56,6.463,557.016865232864,14141709010,2026-04-20 11:06:42.521287,20/04/26,11:6:42
6520,0.55,6.52,552.1472392638037,14141715530,2026-04-20 11:06:49.041287,20/04/26,11:6:49
6475,0.56,6.475,555.984555984556,14141722005,2026-04-20 11:06:55.516287,20/04/26,11:6:55
6395,0.56,6.395,562.9397967161846,14141728400,2026-04-20 11:07:01.911287,20/04/26,11:7:1
6469,0.56,6.469,556.5002318750966,14141734869,2026-04-20 11:07:08.380287,20/04/26,11:7:8
6485,0.56,6.485,555.1272166538165,14141741354,2026-04-20 11:07:14.865287,20/04/26,11:7:14
6473,0.56,6.473,556.1563417271744,14141747827,2026-04-20 11:07:21.338287,20/04/26,11:7:21
6465,0.56,6.465,556.8445475638051,14141754292,2026-04-20 11:07:27.803287,20/04/26,11:7:27
6474,0.56,6.474,556.0704355885078,14141760766,2026-04-20 11:07:34.277287,20/04/26,11:7:34
6478,0.56,6.478,555.7270762581044,14141767244,2026-04-20 11:07:40.755287,20/04/26,11:7:40
6493,0.55,6.493,554.4432465732327,14141773737,2026-04-20 11:07:47.248287,20/04/26,11:7:47
6465,0.56,6.465,556.8445475638051,14141780202,2026-04-20 11:07:53.713287,20/04/26,11:7:53
6442,0.56,6.442,558.8326606643899,14141786644,2026-04-20 11:08:00.155287,20/04/26,11:8:0
6459,0.56,6.459,557.361820715281,14141793103,2026-04-20 11:08:06.614287,20/04/26,11:8:6
6424,0.56,6.424,560.3985056039851,14141799527,2026-04-20 11:08:13.038287,20/04/26,11:8:13
6463,0.56,6.463,557.016865232864,14141805990,2026-04-20 11:08:19.501287,20/04/26,11:8:19
6457,0.56,6.457,557.534458726963,14141812447,2026-04-20 11:08:25.958287,20/04/26,11:8:25
6452,0.56,6.452,557.9665220086795,14141818899,2026-04-20 11:08:32.410287,20/04/26,11:8:32
6447,0.56,6.447,558.3992554676594,14141825346,2026-04-20 11:08:38.857287,20/04/26,11:8:38
6432,0.56,6.432,559.7014925373135,14141831778,2026-04-20 11:08:45.289287,20/04/26,11:8:45
6453,0.56,6.453,557.8800557880056,14141838231,2026-04-20 11:08:51.742287,20/04/26,11:8:51
6415,0.56,6.415,561.1847233047545,14141844646,2026-04-20 11:08:58.157287,20/04/26,11:8:58
6469,0.56,6.469,556.5002318750966,14141851115,2026-04-20 11:09:04.626287,20/04/26,11:9:4
6481,0.56,6.481,555.4698349020213,14141857596,2026-04-20 11:09:11.107287,20/04/26,11:9:11
6482,0.56,6.482,555.3841406973156,14141864078,2026-04-20 11:09:17.589287,20/04/26,11:9:17
6451,0.56,6.451,558.0530150364284,14141870529,2026-04-20 11:09:24.040287,20/04/26,11:9:24
6504,0.55,6.504,553.5055350553506,14141877033,2026-04-20 11:09:30.544287,20/04/26,11:9:30
6470,0.56,6.47,556.4142194744977,14141883503,2026-04-20 11:09:37.014287,20/04/26,11:9:37
6424,0.56,6.424,560.3985056039851,14141889927,2026-04-20 11:09:43.438287,20/04/26,11:9:43
6465,0.56,6.465,556.8445475638051,14141896392,2026-04-20 11:09:49.903287,20/04/26,11:9:49
6414,0.56,6.414,561.2722170252573,14141902806,2026-04-20 11:09:56.317287,20/04/26,11:9:56
6397,0.56,6.397,562.7637955291543,14141909203,2026-04-20 11:10:02.714287,20/04/26,11:10:2
6445,0.56,6.445,558.5725368502715,14141915648,2026-04-20 11:10:09.159287,20/04/26,11:10:9
6425,0.56,6.425,560.3112840466927,14141922073,2026-04-20 11:10:15.584287,20/04/26,11:10:15
6440,0.56,6.44,559.0062111801242,14141928513,2026-04-20 11:10:22.024287,20/04/26,11:10:22
6425,0.56,6.425,560.3112840466927,14141934938,2026-04-20 11:10:28.449287,20/04/26,11:10:28
6439,0.56,6.439,559.093026867526,14141941377,2026-04-20 11:10:34.888287,20/04/26,11:10:34
6418,0.56,6.418,560.9224057338735,14141947795,2026-04-20 11:10:41.306287,20/04/26,11:10:41
6350,0.57,6.35,566.9291338582677,14141954145,2026-04-20 11:10:47.656287,20/04/26,11:10:47
6408,0.56,6.408,561.7977528089888,14141960553,2026-04-20 11:10:54.064287,20/04/26,11:10:54
6386,0.56,6.386,563.7331663012841,14141966939,2026-04-20 11:11:00.450287,20/04/26,11:11:0
6433,0.56,6.433,559.6144877972952,14141973372,2026-04-20 11:11:06.883287,20/04/26,11:11:6
6458,0.56,6.458,557.4481263549086,14141979830,2026-04-20 11:11:13.341287,20/04/26,11:11:13
6471,0.56,6.471,556.3282336578582,14141986301,2026-04-20 11:11:19.812287,20/04/26,11:11:19
6451,0.56,6.451,558.0530150364284,14141992752,2026-04-20 11:11:26.263287,20/04/26,11:11:26
6462,0.56,6.462,557.1030640668523,14141999214,2026-04-20 11:11:32.725287,20/04/26,11:11:32
6472,0.56,6.472,556.2422744128554,14142005686,2026-04-20 11:11:39.197287,20/04/26,11:11:39
6484,0.56,6.484,555.2128315854411,14142012170,2026-04-20 11:11:45.681287,20/04/26,11:11:45
6506,0.55,6.506,553.3353827236397,14142018676,2026-04-20 11:11:52.187287,20/04/26,11:11:52
6475,0.56,6.475,555.984555984556,14142025151,2026-04-20 11:11:58.662287,20/04/26,11:11:58
6509,0.55,6.509,553.0803502842218,14142031660,2026-04-20 11:12:05.171287,20/04/26,11:12:5
6513,0.55,6.513,552.7406725011515,14142038173,2026-04-20 11:12:11.684287,20/04/26,11:12:11
6503,0.55,6.503,553.5906504690143,14142044676,2026-04-20 11:12:18.187287,20/04/26,11:12:18
6506,0.55,6.506,553.3353827236397,14142051182,2026-04-20 11:12:24.693287,20/04/26,11:12:24
6519,0.55,6.519,552.2319374137138,14142057701,2026-04-20 11:12:31.212287,20/04/26,11:12:31
6504,0.55,6.504,553.5055350553506,14142064205,2026-04-20 11:12:37.716287,20/04/26,11:12:37
6515,0.55,6.515,552.5709900230238,14142070720,2026-04-20 11:12:44.231287,20/04/26,11:12:44
6527,0.55,6.527,551.5550789030183,14142077247,2026-04-20 11:12:50.758287,20/04/26,11:12:50
6509,0.55,6.509,553.0803502842218,14142083756,2026-04-20 11:12:57.267287,20/04/26,11:12:57
6521,0.55,6.521,552.062567090937,14142090277,2026-04-20 11:13:03.788287,20/04/26,11:13:3
6476,0.56,6.476,555.8987029030266,14142096753,2026-04-20 11:13:10.264287,20/04/26,11:13:10
6489,0.55,6.489,554.7850208044383,14142103242,2026-04-20 11:13:16.753287,20/04/26,11:13:16
6498,0.55,6.498,554.016620498615,14142109740,2026-04-20 11:13:23.251287,20/04/26,11:13:23
6485,0.56,6.485,555.1272166538165,14142116225,2026-04-20 11:13:29.736287,20/04/26,11:13:29
6500,0.55,6.5,553.8461538461538,14142122725,2026-04-20 11:13:36.236287,20/04/26,11:13:36
6507,0.55,6.507,553.2503457814661,14142129232,2026-04-20 11:13:42.743287,20/04/26,11:13:42
6493,0.55,6.493,554.4432465732327,14142135725,2026-04-20 11:13:49.236287,20/04/26,11:13:49
6522,0.55,6.522,551.9779208831646,14142142247,2026-04-20 11:13:55.758287,20/04/26,11:13:55
6495,0.55,6.495,554.2725173210162,14142148742,2026-04-20 11:14:02.253287,20/04/26,11:14:2
6538,0.55,6.538,550.6271030896298,14142155280,2026-04-20 11:14:08.791287,20/04/26,11:14:8
6551,0.55,6.551,549.5344222256144,14142161831,2026-04-20 11:14:15.342287,20/04/26,11:14:15
6528,0.55,6.528,551.4705882352941,14142168359,2026-04-20 11:14:21.870287,20/04/26,11:14:21
6510,0.55,6.51,552.9953917050691,14142174869,2026-04-20 11:14:28.380287,20/04/26,11:14:28
6501,0.55,6.501,553.7609598523304,14142181370,2026-04-20 11:14:34.881287,20/04/26,11:14:34
6489,0.55,6.489,554.7850208044383,14142187859,2026-04-20 11:14:41.370287,20/04/26,11:14:41
6499,0.55,6.499,553.9313740575473,14142194358,2026-04-20 11:14:47.869287,20/04/26,11:14:47
6513,0.55,6.513,552.7406725011515,14142200871,2026-04-20 11:14:54.382287,20/04/26,11:14:54
6445,0.56,6.445,558.5725368502715,14142207316,2026-04-20 11:15:00.827287,20/04/26,11:15:0
6476,0.56,6.476,555.8987029030266,14142213792,2026-04-20 11:15:07.303287,20/04/26,11:15:7
6508,0.55,6.508,553.1653349723417,14142220300,2026-04-20 11:15:13.811287,20/04/26,11:15:13
6540,0.55,6.54,550.4587155963303,14142226840,2026-04-20 11:15:20.351287,20/04/26,11:15:20
6529,0.55,6.529,551.3861234492265,14142233369,2026-04-20 11:15:26.880287,20/04/26,11:15:26
6533,0.55,6.533,551.0485228838206,14142239902,2026-04-20 11:15:33.413287,20/04/26,11:15:33
6479,0.56,6.479,555.6413026701651,14142246381,2026-04-20 11:15:39.892287,20/04/26,11:15:39
6498,0.55,6.498,554.016620498615,14142252879,2026-04-20 11:15:46.390287,20/04/26,11:15:46
6449,0.56,6.449,558.2260815630331,14142259328,2026-04-20 11:15:52.839287,20/04/26,11:15:52
6401,0.56,6.401,562.4121231057647,14142265729,2026-04-20 11:15:59.240287,20/04/26,11:15:59
6449,0.56,6.449,558.2260815630331,14142272178,2026-04-20 11:16:05.689287,20/04/26,11:16:5
6423,0.56,6.423,560.485754320411,14142278601,2026-04-20 11:16:12.112287,20/04/26,11:16:12
6459,0.56,6.459,557.361820715281,14142285060,2026-04-20 11:16:18.571287,20/04/26,11:16:18
6485,0.56,6.485,555.1272166538165,14142291545,2026-04-20 11:16:25.056287,20/04/26,11:16:25
10341,0.35,10.341,348.12880765883375,14142301886,2026-04-20 11:16:35.397287,20/04/26,11:16:35
21797,0.17,21.797,165.1603431664908,14142323683,2026-04-20 11:16:57.194287,20/04/26,11:16:57
21903,0.16,21.903,164.36104643199562,14142345586,2026-04-20 11:17:19.097287,20/04/26,11:17:19
22013,0.16,22.013,163.5397265252351,14142367599,2026-04-20 11:17:41.110287,20/04/26,11:17:41
21945,0.16,21.945,164.04647983595353,14142389544,2026-04-20 11:18:03.055287,20/04/26,11:18:3
22070,0.16,22.07,163.11735387403715,14142411614,2026-04-20 11:18:25.125287,20/04/26,11:18:25
21973,0.16,21.973,163.83743685432123,14142433587,2026-04-20 11:18:47.098287,20/04/26,11:18:47
21921,0.16,21.921,164.22608457643355,14142455508,2026-04-20 11:19:09.019287,20/04/26,11:19:9
22307,0.16,22.307,161.38431882368764,14142477815,2026-04-20 11:19:31.326287,20/04/26,11:19:31
22134,0.16,22.134,162.64570344266738,14142499949,2026-04-20 11:19:53.460287,20/04/26,11:19:53
22333,0.16,22.333,161.19643576769803,14142522282,2026-04-20 11:20:15.793287,20/04/26,11:20:15
22414,0.16,22.414,160.61390202551976,14142544696,2026-04-20 11:20:38.207287,20/04/26,11:20:38
22603,0.16,22.603,159.2708932442596,14142567299,2026-04-20 11:21:00.810287,20/04/26,11:21:0
22733,0.16,22.733,158.36009325649937,14142590032,2026-04-20 11:21:23.543287,20/04/26,11:21:23
22675,0.16,22.675,158.7651598676957,14142612707,2026-04-20 11:21:46.218287,20/04/26,11:21:46
22742,0.16,22.742,158.2974232697212,14142635449,2026-04-20 11:22:08.960287,20/04/26,11:22:8
22790,0.16,22.79,157.96401930671348,14142658239,2026-04-20 11:22:31.750287,20/04/26,11:22:31
22656,0.16,22.656,158.89830508474577,14142680895,2026-04-20 11:22:54.406287,20/04/26,11:22:54
22596,0.16,22.596,159.32023366967604,14142703491,2026-04-20 11:23:17.002287,20/04/26,11:23:17
23030,0.16,23.03,156.31784628745115,14142726521,2026-04-20 11:23:40.032287,20/04/26,11:23:40
22574,0.16,22.574,159.4755027908213,14142749095,2026-04-20 11:24:02.606287,20/04/26,11:24:2
22329,0.16,22.329,161.22531237404272,14142771424,2026-04-20 11:24:24.935287,20/04/26,11:24:24
22407,0.16,22.407,160.66407818985138,14142793831,2026-04-20 11:24:47.342287,20/04/26,11:24:47
22216,0.16,22.216,162.04537270435722,14142816047,2026-04-20 11:25:09.558287,20/04/26,11:25:9
22727,0.16,22.727,158.40190082280986,14142838774,2026-04-20 11:25:32.285287,20/04/26,11:25:32
30405,0.12,30.405,118.40157868771584,14142869179,2026-04-20 11:26:02.690287,20/04/26,11:26:2
30647,0.12,30.647,117.46663621235358,14142899826,2026-04-20 11:26:33.337287,20/04/26,11:26:33
28225,0.13,28.225,127.5465013286094,14142928051,2026-04-20 11:27:01.562287,20/04/26,11:27:1
22729,0.16,22.729,158.38796251484888,14142950780,2026-04-20 11:27:24.291287,20/04/26,11:27:24
22628,0.16,22.628,159.0949266395616,14142973408,2026-04-20 11:27:46.919287,20/04/26,11:27:46
22771,0.16,22.771,158.09582363532564,14142996179,2026-04-20 11:28:09.690287,20/04/26,11:28:9
22098,0.16,22.098,162.9106706489275,14143018277,2026-04-20 11:28:31.788287,20/04/26,11:28:31
22492,0.16,22.492,160.05690912324383,14143040769,2026-04-20 11:28:54.280287,20/04/26,11:28:54
21937,0.16,21.937,164.1063044171947,14143062706,2026-04-20 11:29:16.217287,20/04/26,11:29:16
22239,0.16,22.239,161.87778227438284,14143084945,2026-04-20 11:29:38.456287,20/04/26,11:29:38
22276,0.16,22.276,161.60890644639971,14143107221,2026-04-20 11:30:00.732287,20/04/26,11:30:0
22036,0.16,22.036,163.36903249228536,14143129257,2026-04-20 11:30:22.768287,20/04/26,11:30:22
21867,0.16,21.867,164.631636712855,14143151124,2026-04-20 11:30:44.635287,20/04/26,11:30:44
22145,0.16,22.145,162.56491307292842,14143173269,2026-04-20 11:31:06.780287,20/04/26,11:31:6
22065,0.16,22.065,163.15431679129844,14143195334,2026-04-20 11:31:28.845287,20/04/26,11:31:28
22101,0.16,22.101,162.8885570788652,14143217435,2026-04-20 11:31:50.946287,20/04/26,11:31:50
22193,0.16,22.193,162.21331050331185,14143239628,2026-04-20 11:32:13.139287,20/04/26,11:32:13
22182,0.16,22.182,162.2937516905599,14143261810,2026-04-20 11:32:35.321287,20/04/26,11:32:35
22255,0.16,22.255,161.76140193215008,14143284065,2026-04-20 11:32:57.576287,20/04/26,11:32:57
22235,0.16,22.235,161.90690353046998,14143306300,2026-04-20 11:33:19.811287,20/04/26,11:33:19
22088,0.16,22.088,162.98442593263312,14143328388,2026-04-20 11:33:41.899287,20/04/26,11:33:41
22203,0.16,22.203,162.14025131738956,14143350591,2026-04-20 11:34:04.102287,20/04/26,11:34:4
22136,0.16,22.136,162.63100831225154,14143372727,2026-04-20 11:34:26.238287,20/04/26,11:34:26
21923,0.16,21.923,164.21110249509647,14143394650,2026-04-20 11:34:48.161287,20/04/26,11:34:48
22185,0.16,22.185,162.27180527383368,14143416835,2026-04-20 11:35:10.346287,20/04/26,11:35:10
21980,0.16,21.98,163.7852593266606,14143438815,2026-04-20 11:35:32.326287,20/04/26,11:35:32
21899,0.16,21.899,164.3910680853007,14143460714,2026-04-20 11:35:54.225287,20/04/26,11:35:54
22156,0.16,22.156,162.48420292471565,14143482870,2026-04-20 11:36:16.381287,20/04/26,11:36:16
22165,0.16,22.165,162.41822693435597,14143505035,2026-04-20 11:36:38.546287,20/04/26,11:36:38
22308,0.16,22.308,161.37708445400753,14143527343,2026-04-20 11:37:00.854287,20/04/26,11:37:0
22342,0.16,22.342,161.13150120848627,14143549685,2026-04-20 11:37:23.196287,20/04/26,11:37:23
22182,0.16,22.182,162.2937516905599,14143571867,2026-04-20 11:37:45.378287,20/04/26,11:37:45
22267,0.16,22.267,161.674226433736,14143594134,2026-04-20 11:38:07.645287,20/04/26,11:38:7
22151,0.16,22.151,162.5208794185364,14143616285,2026-04-20 11:38:29.796287,20/04/26,11:38:29
22107,0.16,22.107,162.84434794409012,14143638392,2026-04-20 11:38:51.903287,20/04/26,11:38:51
21951,0.16,21.951,164.00164001640016,14143660343,2026-04-20 11:39:13.854287,20/04/26,11:39:13
21870,0.16,21.87,164.6090534979424,14143682213,2026-04-20 11:39:35.724287,20/04/26,11:39:35
22018,0.16,22.018,163.5025887909892,14143704231,2026-04-20 11:39:57.742287,20/04/26,11:39:57
22047,0.16,22.047,163.28752211185196,14143726278,2026-04-20 11:40:19.789287,20/04/26,11:40:19
22026,0.16,22.026,163.44320348678835,14143748304,2026-04-20 11:40:41.815287,20/04/26,11:40:41
22172,0.16,22.172,162.36694930543027,14143770476,2026-04-20 11:41:03.987287,20/04/26,11:41:3
22011,0.16,22.011,163.55458634319203,14143792487,2026-04-20 11:41:25.998287,20/04/26,11:41:25
21944,0.16,21.944,164.05395552314982,14143814431,2026-04-20 11:41:47.942287,20/04/26,11:41:47
22138,0.16,22.138,162.6163158370223,14143836569,2026-04-20 11:42:10.080287,20/04/26,11:42:10
17053,0.21,17.053,211.10655016712602,14143853622,2026-04-20 11:42:27.133287,20/04/26,11:42:27
15027,0.24,15.027,239.5687762028349,14143868649,2026-04-20 11:42:42.160287,20/04/26,11:42:42
15016,0.24,15.016,239.74427277570592,14143883665,2026-04-20 11:42:57.176287,20/04/26,11:42:57
15008,0.24,15.008,239.8720682302772,14143898673,2026-04-20 11:43:12.184287,20/04/26,11:43:12
15055,0.24,15.055,239.12321487877782,14143913728,2026-04-20 11:43:27.239287,20/04/26,11:43:27
14927,0.24,14.927,241.17371206538488,14143928655,2026-04-20 11:43:42.166287,20/04/26,11:43:42
15093,0.24,15.093,238.5211687537269,14143943748,2026-04-20 11:43:57.259287,20/04/26,11:43:57
15145,0.24,15.145,237.702211951139,14143958893,2026-04-20 11:44:12.404287,20/04/26,11:44:12
15266,0.23,15.266,235.81815799816587,14143974159,2026-04-20 11:44:27.670287,20/04/26,11:44:27
15165,0.24,15.165,237.3887240356083,14143989324,2026-04-20 11:44:42.835287,20/04/26,11:44:42
15339,0.23,15.339,234.69587326422842,14144004663,2026-04-20 11:44:58.174287,20/04/26,11:44:58
15335,0.23,15.335,234.75709162047605,14144019998,2026-04-20 11:45:13.509287,20/04/26,11:45:13
15329,0.23,15.329,234.84897905929938,14144035327,2026-04-20 11:45:28.838287,20/04/26,11:45:28
15240,0.24,15.24,236.2204724409449,14144050567,2026-04-20 11:45:44.078287,20/04/26,11:45:44
15350,0.23,15.35,234.52768729641693,14144065917,2026-04-20 11:45:59.428287,20/04/26,11:45:59
15445,0.23,15.445,233.0851408222726,14144081362,2026-04-20 11:46:14.873287,20/04/26,11:46:14
15463,0.23,15.463,232.81381361960808,14144096825,2026-04-20 11:46:30.336287,20/04/26,11:46:30
15381,0.23,15.381,234.05500292568755,14144112206,2026-04-20 11:46:45.717287,20/04/26,11:46:45
15560,0.23,15.56,231.3624678663239,14144127766,2026-04-20 11:47:01.277287,20/04/26,11:47:1
15700,0.23,15.7,229.29936305732485,14144143466,2026-04-20 11:47:16.977287,20/04/26,11:47:16
15954,0.22,15.954,225.64874012786763,14144159420,2026-04-20 11:47:32.931287,20/04/26,11:47:32
15784,0.23,15.784,228.0790674100355,14144175204,2026-04-20 11:47:48.715287,20/04/26,11:47:48
16060,0.22,16.06,224.15940224159402,14144191264,2026-04-20 11:48:04.775287,20/04/26,11:48:4
16221,0.22,16.221,221.9345293138524,14144207485,2026-04-20 11:48:20.996287,20/04/26,11:48:20
15964,0.22,15.964,225.50739163117012,14144223449,2026-04-20 11:48:36.960287,20/04/26,11:48:36
16193,0.22,16.193,222.31828567899709,14144239642,2026-04-20 11:48:53.153287,20/04/26,11:48:53
16347,0.22,16.347,220.22389429253073,14144255989,2026-04-20 11:49:09.500287,20/04/26,11:49:9
16387,0.22,16.387,219.68633673033503,14144272376,2026-04-20 11:49:25.887287,20/04/26,11:49:25
15632,0.23,15.632,230.29682702149438,14144288008,2026-04-20 11:49:41.519287,20/04/26,11:49:41
17581,0.2,17.581,204.7665092998123,14144305589,2026-04-20 11:49:59.100287,20/04/26,11:49:59
27384,0.13,27.384,131.46362839614375,14144332973,2026-04-20 11:50:26.484287,20/04/26,11:50:26
27152,0.13,27.152,132.58691809074838,14144360125,2026-04-20 11:50:53.636287,20/04/26,11:50:53
22402,0.16,22.402,160.69993750557987,14144382527,2026-04-20 11:51:16.038287,20/04/26,11:51:16
21591,0.17,21.591,166.73614005835765,14144404118,2026-04-20 11:51:37.629287,20/04/26,11:51:37
21413,0.17,21.413,168.1221687759772,14144425531,2026-04-20 11:51:59.042287,20/04/26,11:51:59
21488,0.17,21.488,167.53536857781086,14144447019,2026-04-20 11:52:20.530287,20/04/26,11:52:20
22080,0.16,22.08,163.04347826086956,14144469099,2026-04-20 11:52:42.610287,20/04/26,11:52:42
22298,0.16,22.298,161.449457350435,14144491397,2026-04-20 11:53:04.908287,20/04/26,11:53:4
22250,0.16,22.25,161.79775280898878,14144513647,2026-04-20 11:53:27.158287,20/04/26,11:53:27
21954,0.16,21.954,163.9792292976223,14144535601,2026-04-20 11:53:49.112287,20/04/26,11:53:49
22091,0.16,22.091,162.96229233624553,14144557692,2026-04-20 11:54:11.203287,20/04/26,11:54:11
22061,0.16,22.061,163.1838991886134,14144579753,2026-04-20 11:54:33.264287,20/04/26,11:54:33
21599,0.17,21.599,166.67438307329044,14144601352,2026-04-20 11:54:54.863287,20/04/26,11:54:54
21933,0.16,21.933,164.13623307345097,14144623285,2026-04-20 11:55:16.796287,20/04/26,11:55:16
22035,0.16,22.035,163.37644656228727,14144645320,2026-04-20 11:55:38.831287,20/04/26,11:55:38
21889,0.16,21.889,164.46617022248617,14144667209,2026-04-20 11:56:00.720287,20/04/26,11:56:0
21860,0.16,21.86,164.6843549862763,14144689069,2026-04-20 11:56:22.580287,20/04/26,11:56:22
21582,0.17,21.582,166.80567139282735,14144710651,2026-04-20 11:56:44.162287,20/04/26,11:56:44
21643,0.17,21.643,166.33553573903802,14144732294,2026-04-20 11:57:05.805287,20/04/26,11:57:5
21791,0.17,21.791,165.20581891606628,14144754085,2026-04-20 11:57:27.596287,20/04/26,11:57:27
21991,0.16,21.991,163.70333318175616,14144776076,2026-04-20 11:57:49.587287,20/04/26,11:57:49
21929,0.16,21.929,164.16617264809156,14144798005,2026-04-20 11:58:11.516287,20/04/26,11:58:11
22100,0.16,22.1,162.89592760180994,14144820105,2026-04-20 11:58:33.616287,20/04/26,11:58:33
21973,0.16,21.973,163.83743685432123,14144842078,2026-04-20 11:58:55.589287,20/04/26,11:58:55
22152,0.16,22.152,162.51354279523292,14144864230,2026-04-20 11:59:17.741287,20/04/26,11:59:17
21651,0.17,21.651,166.27407510045725,14144885881,2026-04-20 11:59:39.392287,20/04/26,11:59:39
22028,0.16,22.028,163.4283639004903,14144907909,2026-04-20 12:00:01.420287,20/04/26,12:0:1
22606,0.16,22.606,159.2497567017606,14144930515,2026-04-20 12:00:24.026287,20/04/26,12:0:24
22429,0.16,22.429,160.50648713718846,14144952944,2026-04-20 12:00:46.455287,20/04/26,12:0:46
22496,0.16,22.496,160.02844950213372,14144975440,2026-04-20 12:01:08.951287,20/04/26,12:1:8
22212,0.16,22.212,162.07455429497568,14144997652,2026-04-20 12:01:31.163287,20/04/26,12:1:31
22098,0.16,22.098,162.9106706489275,14145019750,2026-04-20 12:01:53.261287,20/04/26,12:1:53
22378,0.16,22.378,160.8722852801859,14145042128,2026-04-20 12:02:15.639287,20/04/26,12:2:15
22538,0.16,22.538,159.73023338361878,14145064666,2026-04-20 12:02:38.177287,20/04/26,12:2:38
22676,0.16,22.676,158.7581584053625,14145087342,2026-04-20 12:03:00.853287,20/04/26,12:3:0
22438,0.16,22.438,160.44210713967377,14145109780,2026-04-20 12:03:23.291287,20/04/26,12:3:23
22664,0.16,22.664,158.84221673138018,14145132444,2026-04-20 12:03:45.955287,20/04/26,12:3:45
22703,0.16,22.703,158.56935206800864,14145155147,2026-04-20 12:04:08.658287,20/04/26,12:4:8
22464,0.16,22.464,160.25641025641025,14145177611,2026-04-20 12:04:31.122287,20/04/26,12:4:31
22616,0.16,22.616,159.1793420587195,14145200227,2026-04-20 12:04:53.738287,20/04/26,12:4:53
22631,0.16,22.631,159.0738367725686,14145222858,2026-04-20 12:05:16.369287,20/04/26,12:5:16
22654,0.16,22.654,158.91233336276153,14145245512,2026-04-20 12:05:39.023287,20/04/26,12:5:39
21514,0.17,21.514,167.33289950729758,14145267026,2026-04-20 12:06:00.537287,20/04/26,12:6:0
20890,0.17,20.89,172.3312589755864,14145287916,2026-04-20 12:06:21.427287,20/04/26,12:6:21
21440,0.17,21.44,167.91044776119404,14145309356,2026-04-20 12:06:42.867287,20/04/26,12:6:42
21979,0.16,21.979,163.7927112243505,14145331335,2026-04-20 12:07:04.846287,20/04/26,12:7:4
21803,0.17,21.803,165.11489244599366,14145353138,2026-04-20 12:07:26.649287,20/04/26,12:7:26
21873,0.16,21.873,164.5864764778494,14145375011,2026-04-20 12:07:48.522287,20/04/26,12:7:48
21853,0.16,21.853,164.73710703335925,14145396864,2026-04-20 12:08:10.375287,20/04/26,12:8:10
21688,0.17,21.688,165.99040944300995,14145418552,2026-04-20 12:08:32.063287,20/04/26,12:8:32
21892,0.16,21.892,164.44363237712406,14145440444,2026-04-20 12:08:53.955287,20/04/26,12:8:53
21514,0.17,21.514,167.33289950729758,14145461958,2026-04-20 12:09:15.469287,20/04/26,12:9:15
21860,0.16,21.86,164.6843549862763,14145483818,2026-04-20 12:09:37.329287,20/04/26,12:9:37
21945,0.16,21.945,164.04647983595353,14145505763,2026-04-20 12:09:59.274287,20/04/26,12:9:59
21732,0.17,21.732,165.65433462175594,14145527495,2026-04-20 12:10:21.006287,20/04/26,12:10:21
21972,0.16,21.972,163.8448935008192,14145549467,2026-04-20 12:10:42.978287,20/04/26,12:10:42
21906,0.16,21.906,164.33853738701725,14145571373,2026-04-20 12:11:04.884287,20/04/26,12:11:4
21673,0.17,21.673,166.1052922991741,14145593046,2026-04-20 12:11:26.557287,20/04/26,12:11:26
21687,0.17,21.687,165.9980633559275,14145614733,2026-04-20 12:11:48.244287,20/04/26,12:11:48
21901,0.16,21.901,164.376055887859,14145636634,2026-04-20 12:12:10.145287,20/04/26,12:12:10
21743,0.17,21.743,165.57052844593662,14145658377,2026-04-20 12:12:31.888287,20/04/26,12:12:31
21935,0.16,21.935,164.1212673808981,14145680312,2026-04-20 12:12:53.823287,20/04/26,12:12:53
21756,0.17,21.756,165.4715940430226,14145702068,2026-04-20 12:13:15.579287,20/04/26,12:13:15
21913,0.16,21.913,164.28604025007985,14145723981,2026-04-20 12:13:37.492287,20/04/26,12:13:37
21792,0.17,21.792,165.19823788546256,14145745773,2026-04-20 12:13:59.284287,20/04/26,12:13:59
21819,0.16,21.819,164.99381273202255,14145767592,2026-04-20 12:14:21.103287,20/04/26,12:14:21
21879,0.16,21.879,164.54134101192923,14145789471,2026-04-20 12:14:42.982287,20/04/26,12:14:42
21902,0.16,21.902,164.36855081727697,14145811373,2026-04-20 12:15:04.884287,20/04/26,12:15:4
21767,0.17,21.767,165.3879726191023,14145833140,2026-04-20 12:15:26.651287,20/04/26,12:15:26
21947,0.16,21.947,164.03153050530824,14145855087,2026-04-20 12:15:48.598287,20/04/26,12:15:48
21834,0.16,21.834,164.88046166529267,14145876921,2026-04-20 12:16:10.432287,20/04/26,12:16:10
21796,0.17,21.796,165.16792071939807,14145898717,2026-04-20 12:16:32.228287,20/04/26,12:16:32
21961,0.16,21.961,163.9269614316288,14145920678,2026-04-20 12:16:54.189287,20/04/26,12:16:54
21878,0.16,21.878,164.54886187037206,14145942556,2026-04-20 12:17:16.067287,20/04/26,12:17:16
21882,0.16,21.882,164.51878256100906,14145964438,2026-04-20 12:17:37.949287,20/04/26,12:17:37
21941,0.16,21.941,164.07638667335127,14145986379,2026-04-20 12:17:59.890287,20/04/26,12:17:59
21677,0.17,21.677,166.0746413249066,14146008056,2026-04-20 12:18:21.567287,20/04/26,12:18:21
21796,0.17,21.796,165.16792071939807,14146029852,2026-04-20 12:18:43.363287,20/04/26,12:18:43
21891,0.16,21.891,164.45114430587913,14146051743,2026-04-20 12:19:05.254287,20/04/26,12:19:5
21448,0.17,21.448,167.8478179783663,14146073191,2026-04-20 12:19:26.702287,20/04/26,12:19:26
21760,0.17,21.76,165.44117647058823,14146094951,2026-04-20 12:19:48.462287,20/04/26,12:19:48
21918,0.16,21.918,164.24856282507528,14146116869,2026-04-20 12:20:10.380287,20/04/26,12:20:10
21779,0.17,21.779,165.29684558519676,14146138648,2026-04-20 12:20:32.159287,20/04/26,12:20:32
21970,0.16,21.97,163.85980883022305,14146160618,2026-04-20 12:20:54.129287,20/04/26,12:20:54
21791,0.17,21.791,165.20581891606628,14146182409,2026-04-20 12:21:15.920287,20/04/26,12:21:15
21900,0.16,21.9,164.3835616438356,14146204309,2026-04-20 12:21:37.820287,20/04/26,12:21:37
21997,0.16,21.997,163.65868072919034,14146226306,2026-04-20 12:21:59.817287,20/04/26,12:21:59
21824,0.16,21.824,164.9560117302053,14146248130,2026-04-20 12:22:21.641287,20/04/26,12:22:21
22240,0.16,22.24,161.8705035971223,14146270370,2026-04-20 12:22:43.881287,20/04/26,12:22:43
22213,0.16,22.213,162.06725791203348,14146292583,2026-04-20 12:23:06.094287,20/04/26,12:23:6
22080,0.16,22.08,163.04347826086956,14146314663,2026-04-20 12:23:28.174287,20/04/26,12:23:28
22281,0.16,22.281,161.57264036623133,14146336944,2026-04-20 12:23:50.455287,20/04/26,12:23:50
22158,0.16,22.158,162.46953696181967,14146359102,2026-04-20 12:24:12.613287,20/04/26,12:24:12
22215,0.16,22.215,162.05266711681296,14146381317,2026-04-20 12:24:34.828287,20/04/26,12:24:34
22222,0.16,22.222,162.00162001620015,14146403539,2026-04-20 12:24:57.050287,20/04/26,12:24:57
22093,0.16,22.093,162.9475399447789,14146425632,2026-04-20 12:25:19.143287,20/04/26,12:25:19
22547,0.16,22.547,159.66647447553999,14146448179,2026-04-20 12:25:41.690287,20/04/26,12:25:41
22605,0.16,22.605,159.25680159256802,14146470784,2026-04-20 12:26:04.295287,20/04/26,12:26:4
22542,0.16,22.542,159.70188980569603,14146493326,2026-04-20 12:26:26.837287,20/04/26,12:26:26
22681,0.16,22.681,158.72316035448173,14146516007,2026-04-20 12:26:49.518287,20/04/26,12:26:49
22672,0.16,22.672,158.7861679604799,14146538679,2026-04-20 12:27:12.190287,20/04/26,12:27:12
22516,0.16,22.516,159.88630307337004,14146561195,2026-04-20 12:27:34.706287,20/04/26,12:27:34
22678,0.16,22.678,158.74415733309814,14146583873,2026-04-20 12:27:57.384287,20/04/26,12:27:57
21847,0.16,21.847,164.7823499794022,14146605720,2026-04-20 12:28:19.231287,20/04/26,12:28:19
22274,0.16,22.274,161.62341743737093,14146627994,2026-04-20 12:28:41.505287,20/04/26,12:28:41
22272,0.16,22.272,161.63793103448276,14146650266,2026-04-20 12:29:03.777287,20/04/26,12:29:3
21761,0.17,21.761,165.43357382473232,14146672027,2026-04-20 12:29:25.538287,20/04/26,12:29:25
22211,0.16,22.211,162.08185133492412,14146694238,2026-04-20 12:29:47.749287,20/04/26,12:29:47
22176,0.16,22.176,162.33766233766235,14146716414,2026-04-20 12:30:09.925287,20/04/26,12:30:9
22073,0.16,22.073,163.09518416164545,14146738487,2026-04-20 12:30:31.998287,20/04/26,12:30:31
22346,0.16,22.346,161.1026581938602,14146760833,2026-04-20 12:30:54.344287,20/04/26,12:30:54
22174,0.16,22.174,162.35230450076665,14146783007,2026-04-20 12:31:16.518287,20/04/26,12:31:16
22238,0.16,22.238,161.88506160625957,14146805245,2026-04-20 12:31:38.756287,20/04/26,12:31:38
22266,0.16,22.266,161.68148746968473,14146827511,2026-04-20 12:32:01.022287,20/04/26,12:32:1
22133,0.16,22.133,162.65305200379524,14146849644,2026-04-20 12:32:23.155287,20/04/26,12:32:23
22163,0.16,22.163,162.43288363488696,14146871807,2026-04-20 12:32:45.318287,20/04/26,12:32:45
22248,0.16,22.248,161.81229773462783,14146894055,2026-04-20 12:33:07.566287,20/04/26,12:33:7
22042,0.16,22.042,163.32456219943745,14146916097,2026-04-20 12:33:29.608287,20/04/26,12:33:29
22212,0.16,22.212,162.07455429497568,14146938309,2026-04-20 12:33:51.820287,20/04/26,12:33:51
22108,0.16,22.108,162.83698208793197,14146960417,2026-04-20 12:34:13.928287,20/04/26,12:34:13
14811,0.24,14.811,243.06258861656877,14146975228,2026-04-20 12:34:28.739287,20/04/26,12:34:28
15059,0.24,15.059,239.059698519158,14146990287,2026-04-20 12:34:43.798287,20/04/26,12:34:43
14969,0.24,14.969,240.49702718952503,14147005256,2026-04-20 12:34:58.767287,20/04/26,12:34:58
14945,0.24,14.945,240.88323854131818,14147020201,2026-04-20 12:35:13.712287,20/04/26,12:35:13
15022,0.24,15.022,239.64851551058447,14147035223,2026-04-20 12:35:28.734287,20/04/26,12:35:28
15094,0.24,15.094,238.50536637074333,14147050317,2026-04-20 12:35:43.828287,20/04/26,12:35:43
15137,0.24,15.137,237.82783906982888,14147065454,2026-04-20 12:35:58.965287,20/04/26,12:35:58
15097,0.24,15.097,238.45797178247335,14147080551,2026-04-20 12:36:14.062287,20/04/26,12:36:14
15280,0.23,15.28,235.6020942408377,14147095831,2026-04-20 12:36:29.342287,20/04/26,12:36:29
15323,0.23,15.323,234.9409384585264,14147111154,2026-04-20 12:36:44.665287,20/04/26,12:36:44
15424,0.23,15.424,233.40248962655602,14147126578,2026-04-20 12:37:00.089287,20/04/26,12:37:0
15386,0.23,15.386,233.97894189522944,14147141964,2026-04-20 12:37:15.475287,20/04/26,12:37:15
15509,0.23,15.509,232.12328325488426,14147157473,2026-04-20 12:37:30.984287,20/04/26,12:37:30
15556,0.23,15.556,231.42195937258936,14147173029,2026-04-20 12:37:46.540287,20/04/26,12:37:46
15502,0.23,15.502,232.2280996000516,14147188531,2026-04-20 12:38:02.042287,20/04/26,12:38:2
15425,0.23,15.425,233.387358184765,14147203956,2026-04-20 12:38:17.467287,20/04/26,12:38:17
15590,0.23,15.59,230.91725465041694,14147219546,2026-04-20 12:38:33.057287,20/04/26,12:38:33
15623,0.23,15.623,230.42949497535685,14147235169,2026-04-20 12:38:48.680287,20/04/26,12:38:48
15558,0.23,15.558,231.39220979560355,14147250727,2026-04-20 12:39:04.238287,20/04/26,12:39:4
15256,0.23,15.256,235.97273203985318,14147265983,2026-04-20 12:39:19.494287,20/04/26,12:39:19
15531,0.23,15.531,231.79447556499903,14147281514,2026-04-20 12:39:35.025287,20/04/26,12:39:35
15599,0.23,15.599,230.78402461696263,14147297113,2026-04-20 12:39:50.624287,20/04/26,12:39:50
15617,0.23,15.617,230.5180252289172,14147312730,2026-04-20 12:40:06.241287,20/04/26,12:40:6
15536,0.23,15.536,231.71987641606592,14147328266,2026-04-20 12:40:21.777287,20/04/26,12:40:21
15650,0.23,15.65,230.03194888178913,14147343916,2026-04-20 12:40:37.427287,20/04/26,12:40:37
15636,0.23,15.636,230.23791250959326,14147359552,2026-04-20 12:40:53.063287,20/04/26,12:40:53
15719,0.23,15.719,229.02220243018004,14147375271,2026-04-20 12:41:08.782287,20/04/26,12:41:8
15562,0.23,15.562,231.33273358180182,14147390833,2026-04-20 12:41:24.344287,20/04/26,12:41:24
15677,0.23,15.677,229.63577215028386,14147406510,2026-04-20 12:41:40.021287,20/04/26,12:41:40
16874,0.21,16.874,213.34597605784046,14147423384,2026-04-20 12:41:56.895287,20/04/26,12:41:56
21874,0.16,21.874,164.5789521806711,14147445258,2026-04-20 12:42:18.769287,20/04/26,12:42:18
21939,0.16,21.939,164.09134418159442,14147467197,2026-04-20 12:42:40.708287,20/04/26,12:42:40
21991,0.16,21.991,163.70333318175616,14147489188,2026-04-20 12:43:02.699287,20/04/26,12:43:2
21862,0.16,21.862,164.66928917756837,14147511050,2026-04-20 12:43:24.561287,20/04/26,12:43:24
21881,0.16,21.881,164.526301357342,14147532931,2026-04-20 12:43:46.442287,20/04/26,12:43:46
22001,0.16,22.001,163.628925957911,14147554932,2026-04-20 12:44:08.443287,20/04/26,12:44:8
21834,0.16,21.834,164.88046166529267,14147576766,2026-04-20 12:44:30.277287,20/04/26,12:44:30
21835,0.16,21.835,164.87291046485,14147598601,2026-04-20 12:44:52.112287,20/04/26,12:44:52
21888,0.16,21.888,164.47368421052633,14147620489,2026-04-20 12:45:14.000287,20/04/26,12:45:14
21976,0.16,21.976,163.81507098653077,14147642465,2026-04-20 12:45:35.976287,20/04/26,12:45:35
21910,0.16,21.91,164.30853491556368,14147664375,2026-04-20 12:45:57.886287,20/04/26,12:45:57
21773,0.17,21.773,165.34239654618105,14147686148,2026-04-20 12:46:19.659287,20/04/26,12:46:19
21870,0.16,21.87,164.6090534979424,14147708018,2026-04-20 12:46:41.529287,20/04/26,12:46:41
22065,0.16,22.065,163.15431679129844,14147730083,2026-04-20 12:47:03.594287,20/04/26,12:47:3
22057,0.16,22.057,163.21349231536473,14147752140,2026-04-20 12:47:25.651287,20/04/26,12:47:25
22416,0.16,22.416,160.59957173447538,14147774556,2026-04-20 12:47:48.067287,20/04/26,12:47:48
22506,0.16,22.506,159.95734470807784,14147797062,2026-04-20 12:48:10.573287,20/04/26,12:48:10
22468,0.16,22.468,160.22787965105928,14147819530,2026-04-20 12:48:33.041287,20/04/26,12:48:33
22636,0.16,22.636,159.0386994168581,14147842166,2026-04-20 12:48:55.677287,20/04/26,12:48:55
22133,0.16,22.133,162.65305200379524,14147864299,2026-04-20 12:49:17.810287,20/04/26,12:49:17
22583,0.16,22.583,159.4119470398087,14147886882,2026-04-20 12:49:40.393287,20/04/26,12:49:40
22627,0.16,22.627,159.10195783798116,14147909509,2026-04-20 12:50:03.020287,20/04/26,12:50:3
22532,0.16,22.532,159.77276761938577,14147932041,2026-04-20 12:50:25.552287,20/04/26,12:50:25
22682,0.16,22.682,158.716162595891,14147954723,2026-04-20 12:50:48.234287,20/04/26,12:50:48
22499,0.16,22.499,160.00711142717455,14147977222,2026-04-20 12:51:10.733287,20/04/26,12:51:10
22606,0.16,22.606,159.2497567017606,14147999828,2026-04-20 12:51:33.339287,20/04/26,12:51:33
22582,0.16,22.582,159.41900628819414,14148022410,2026-04-20 12:51:55.921287,20/04/26,12:51:55
22604,0.16,22.604,159.26384710670678,14148045014,2026-04-20 12:52:18.525287,20/04/26,12:52:18
22671,0.16,22.671,158.7931718936086,14148067685,2026-04-20 12:52:41.196287,20/04/26,12:52:41
22535,0.16,22.535,159.75149767029066,14148090220,2026-04-20 12:53:03.731287,20/04/26,12:53:3
22724,0.16,22.724,158.42281288505544,14148112944,2026-04-20 12:53:26.455287,20/04/26,12:53:26
22612,0.16,22.612,159.20750044224306,14148135556,2026-04-20 12:53:49.067287,20/04/26,12:53:49
22573,0.16,22.573,159.4825676693395,14148158129,2026-04-20 12:54:11.640287,20/04/26,12:54:11
22816,0.16,22.816,157.78401122019636,14148180945,2026-04-20 12:54:34.456287,20/04/26,12:54:34
22617,0.16,22.617,159.17230401910066,14148203562,2026-04-20 12:54:57.073287,20/04/26,12:54:57
22094,0.16,22.094,162.94016475061102,14148225656,2026-04-20 12:55:19.167287,20/04/26,12:55:19
22521,0.16,22.521,159.85080591447982,14148248177,2026-04-20 12:55:41.688287,20/04/26,12:55:41
22207,0.16,22.207,162.1110460665556,14148270384,2026-04-20 12:56:03.895287,20/04/26,12:56:3
22213,0.16,22.213,162.06725791203348,14148292597,2026-04-20 12:56:26.108287,20/04/26,12:56:26
22374,0.16,22.374,160.90104585679808,14148314971,2026-04-20 12:56:48.482287,20/04/26,12:56:48
22272,0.16,22.272,161.63793103448276,14148337243,2026-04-20 12:57:10.754287,20/04/26,12:57:10
22279,0.16,22.279,161.58714484492123,14148359522,2026-04-20 12:57:33.033287,20/04/26,12:57:33
22215,0.16,22.215,162.05266711681296,14148381737,2026-04-20 12:57:55.248287,20/04/26,12:57:55
22347,0.16,22.347,161.09544905356424,14148404084,2026-04-20 12:58:17.595287,20/04/26,12:58:17
21785,0.17,21.785,165.2513197154005,14148425869,2026-04-20 12:58:39.380287,20/04/26,12:58:39
22391,0.16,22.391,160.77888437318566,14148448260,2026-04-20 12:59:01.771287,20/04/26,12:59:1
22362,0.16,22.362,160.98738932116984,14148470622,2026-04-20 12:59:24.133287,20/04/26,12:59:24
22142,0.16,22.142,162.58693884924577,14148492764,2026-04-20 12:59:46.275287,20/04/26,12:59:46
22301,0.16,22.301,161.4277386664275,14148515065,2026-04-20 13:00:08.576287,20/04/26,13:0:8
22084,0.16,22.084,163.01394674877739,14148537149,2026-04-20 13:00:30.660287,20/04/26,13:0:30
22180,0.16,22.18,162.30838593327323,14148559329,2026-04-20 13:00:52.840287,20/04/26,13:0:52
22265,0.16,22.265,161.6887491578711,14148581594,2026-04-20 13:01:15.105287,20/04/26,13:1:15
22150,0.16,22.15,162.52821670428895,14148603744,2026-04-20 13:01:37.255287,20/04/26,13:1:37
22296,0.16,22.296,161.46393972012916,14148626040,2026-04-20 13:01:59.551287,20/04/26,13:1:59
22383,0.16,22.383,160.83634901487736,14148648423,2026-04-20 13:02:21.934287,20/04/26,13:2:21
22235,0.16,22.235,161.90690353046998,14148670658,2026-04-20 13:02:44.169287,20/04/26,13:2:44
22300,0.16,22.3,161.43497757847533,14148692958,2026-04-20 13:03:06.469287,20/04/26,13:3:6
22222,0.16,22.222,162.00162001620015,14148715180,2026-04-20 13:03:28.691287,20/04/26,13:3:28
22320,0.16,22.32,161.29032258064515,14148737500,2026-04-20 13:03:51.011287,20/04/26,13:3:51
22357,0.16,22.357,161.02339312072283,14148759857,2026-04-20 13:04:13.368287,20/04/26,13:4:13
22253,0.16,22.253,161.77594032265313,14148782110,2026-04-20 13:04:35.621287,20/04/26,13:4:35
22323,0.16,22.323,161.26864668727322,14148804433,2026-04-20 13:04:57.944287,20/04/26,13:4:57
22282,0.16,22.282,161.5653891033121,14148826715,2026-04-20 13:05:20.226287,20/04/26,13:5:20
21963,0.16,21.963,163.91203387515367,14148848678,2026-04-20 13:05:42.189287,20/04/26,13:5:42
22306,0.16,22.306,161.3915538420156,14148870984,2026-04-20 13:06:04.495287,20/04/26,13:6:4
22349,0.16,22.349,161.0810327083986,14148893333,2026-04-20 13:06:26.844287,20/04/26,13:6:26
22260,0.16,22.26,161.72506738544473,14148915593,2026-04-20 13:06:49.104287,20/04/26,13:6:49
22369,0.16,22.369,160.93701104206716,14148937962,2026-04-20 13:07:11.473287,20/04/26,13:7:11
22062,0.16,22.062,163.17650258362795,14148960024,2026-04-20 13:07:33.535287,20/04/26,13:7:33
22290,0.16,22.29,161.50740242261102,14148982314,2026-04-20 13:07:55.825287,20/04/26,13:7:55
22404,0.16,22.404,160.68559185859667,14149004718,2026-04-20 13:08:18.229287,20/04/26,13:8:18
21792,0.17,21.792,165.19823788546256,14149026510,2026-04-20 13:08:40.021287,20/04/26,13:8:40
22388,0.16,22.388,160.80042880114348,14149048898,2026-04-20 13:09:02.409287,20/04/26,13:9:2
22472,0.16,22.472,160.1993592025632,14149071370,2026-04-20 13:09:24.881287,20/04/26,13:9:24
21716,0.17,21.716,165.77638607478357,14149093086,2026-04-20 13:09:46.597287,20/04/26,13:9:46
21760,0.17,21.76,165.44117647058823,14149114846,2026-04-20 13:10:08.357287,20/04/26,13:10:8
21727,0.17,21.727,165.692456390666,14149136573,2026-04-20 13:10:30.084287,20/04/26,13:10:30
21840,0.16,21.84,164.83516483516485,14149158413,2026-04-20 13:10:51.924287,20/04/26,13:10:51
21859,0.16,21.859,164.69188892447048,14149180272,2026-04-20 13:11:13.783287,20/04/26,13:11:13
21898,0.16,21.898,164.39857521234816,14149202170,2026-04-20 13:11:35.681287,20/04/26,13:11:35
21988,0.16,21.988,163.7256685464799,14149224158,2026-04-20 13:11:57.669287,20/04/26,13:11:57
22040,0.16,22.04,163.3393829401089,14149246198,2026-04-20 13:12:19.709287,20/04/26,13:12:19
21840,0.16,21.84,164.83516483516485,14149268038,2026-04-20 13:12:41.549287,20/04/26,13:12:41
22068,0.16,22.068,163.1321370309951,14149290106,2026-04-20 13:13:03.617287,20/04/26,13:13:3
22075,0.16,22.075,163.08040770101925,14149312181,2026-04-20 13:13:25.692287,20/04/26,13:13:25
21960,0.16,21.96,163.9344262295082,14149334141,2026-04-20 13:13:47.652287,20/04/26,13:13:47
22083,0.16,22.083,163.02132862382828,14149356224,2026-04-20 13:14:09.735287,20/04/26,13:14:9
21915,0.16,21.915,164.2710472279261,14149378139,2026-04-20 13:14:31.650287,20/04/26,13:14:31
22153,0.16,22.153,162.5062068342888,14149400292,2026-04-20 13:14:53.803287,20/04/26,13:14:53
22211,0.16,22.211,162.08185133492412,14149422503,2026-04-20 13:15:16.014287,20/04/26,13:15:16
22162,0.16,22.162,162.44021297716813,14149444665,2026-04-20 13:15:38.176287,20/04/26,13:15:38
22457,0.16,22.457,160.306363272031,14149467122,2026-04-20 13:16:00.633287,20/04/26,13:16:0
22631,0.16,22.631,159.0738367725686,14149489753,2026-04-20 13:16:23.264287,20/04/26,13:16:23
22309,0.16,22.309,161.36985073288807,14149512062,2026-04-20 13:16:45.573287,20/04/26,13:16:45
22536,0.16,22.536,159.7444089456869,14149534598,2026-04-20 13:17:08.109287,20/04/26,13:17:8
22372,0.16,22.372,160.91543000178794,14149556970,2026-04-20 13:17:30.481287,20/04/26,13:17:30
22471,0.16,22.471,160.20648836277869,14149579441,2026-04-20 13:17:52.952287,20/04/26,13:17:52
22532,0.16,22.532,159.77276761938577,14149601973,2026-04-20 13:18:15.484287,20/04/26,13:18:15
22000,0.16,22.0,163.63636363636363,14149623973,2026-04-20 13:18:37.484287,20/04/26,13:18:37
22561,0.16,22.561,159.5673950622756,14149646534,2026-04-20 13:19:00.045287,20/04/26,13:19:0
22495,0.16,22.495,160.03556345854633,14149669029,2026-04-20 13:19:22.540287,20/04/26,13:19:22
22329,0.16,22.329,161.22531237404272,14149691358,2026-04-20 13:19:44.869287,20/04/26,13:19:44
22410,0.16,22.41,160.6425702811245,14149713768,2026-04-20 13:20:07.279287,20/04/26,13:20:7
22286,0.16,22.286,161.5363905590954,14149736054,2026-04-20 13:20:29.565287,20/04/26,13:20:29
22414,0.16,22.414,160.61390202551976,14149758468,2026-04-20 13:20:51.979287,20/04/26,13:20:51
22297,0.16,22.297,161.4566982105216,14149780765,2026-04-20 13:21:14.276287,20/04/26,13:21:14
22326,0.16,22.326,161.2469766191884,14149803091,2026-04-20 13:21:36.602287,20/04/26,13:21:36
22882,0.16,22.882,157.3289048160126,14149825973,2026-04-20 13:21:59.484287,20/04/26,13:21:59
22981,0.16,22.981,156.6511465993647,14149848954,2026-04-20 13:22:22.465287,20/04/26,13:22:22
22701,0.16,22.701,158.5833223206026,14149871655,2026-04-20 13:22:45.166287,20/04/26,13:22:45
22937,0.16,22.937,156.95165017221083,14149894592,2026-04-20 13:23:08.103287,20/04/26,13:23:8
22870,0.16,22.87,157.41145605596853,14149917462,2026-04-20 13:23:30.973287,20/04/26,13:23:30
22858,0.16,22.858,157.49409397147608,14149940320,2026-04-20 13:23:53.831287,20/04/26,13:23:53
22984,0.16,22.984,156.63069961712495,14149963304,2026-04-20 13:24:16.815287,20/04/26,13:24:16
22766,0.16,22.766,158.13054555038215,14149986070,2026-04-20 13:24:39.581287,20/04/26,13:24:39
22964,0.16,22.964,156.7671137432503,14150009034,2026-04-20 13:25:02.545287,20/04/26,13:25:2
22865,0.16,22.865,157.44587797944456,14150031899,2026-04-20 13:25:25.410287,20/04/26,13:25:25
22734,0.16,22.734,158.3531274742676,14150054633,2026-04-20 13:25:48.144287,20/04/26,13:25:48
15188,0.24,15.188,237.029233605478,14150069821,2026-04-20 13:26:03.332287,20/04/26,13:26:3
15415,0.23,15.415,233.53876094712942,14150085236,2026-04-20 13:26:18.747287,20/04/26,13:26:18
15321,0.23,15.321,234.9716075974153,14150100557,2026-04-20 13:26:34.068287,20/04/26,13:26:34
15464,0.23,15.464,232.79875840662183,14150116021,2026-04-20 13:26:49.532287,20/04/26,13:26:49
15412,0.23,15.412,233.58422008824292,14150131433,2026-04-20 13:27:04.944287,20/04/26,13:27:4
15516,0.23,15.516,232.0185614849188,14150146949,2026-04-20 13:27:20.460287,20/04/26,13:27:20
15358,0.23,15.358,234.40552155228545,14150162307,2026-04-20 13:27:35.818287,20/04/26,13:27:35
15628,0.23,15.628,230.35577169183517,14150177935,2026-04-20 13:27:51.446287,20/04/26,13:27:51
15603,0.23,15.603,230.72486060373006,14150193538,2026-04-20 13:28:07.049287,20/04/26,13:28:7
15565,0.23,15.565,231.28814648249278,14150209103,2026-04-20 13:28:22.614287,20/04/26,13:28:22
15176,0.24,15.176,237.21665788086452,14150224279,2026-04-20 13:28:37.790287,20/04/26,13:28:37
15501,0.23,15.501,232.24308109154248,14150239780,2026-04-20 13:28:53.291287,20/04/26,13:28:53
15569,0.23,15.569,231.2287237459053,14150255349,2026-04-20 13:29:08.860287,20/04/26,13:29:8
15685,0.23,15.685,229.5186483901817,14150271034,2026-04-20 13:29:24.545287,20/04/26,13:29:24
15570,0.23,15.57,231.21387283236993,14150286604,2026-04-20 13:29:40.115287,20/04/26,13:29:40
15723,0.23,15.723,228.9639381797367,14150302327,2026-04-20 13:29:55.838287,20/04/26,13:29:55
15732,0.23,15.732,228.83295194508008,14150318059,2026-04-20 13:30:11.570287,20/04/26,13:30:11
15383,0.23,15.383,234.02457258012092,14150333442,2026-04-20 13:30:26.953287,20/04/26,13:30:26
15574,0.23,15.574,231.15448824964685,14150349016,2026-04-20 13:30:42.527287,20/04/26,13:30:42
15551,0.23,15.551,231.49636679313227,14150364567,2026-04-20 13:30:58.078287,20/04/26,13:30:58
15629,0.23,15.629,230.3410326956299,14150380196,2026-04-20 13:31:13.707287,20/04/26,13:31:13
15560,0.23,15.56,231.3624678663239,14150395756,2026-04-20 13:31:29.267287,20/04/26,13:31:29
15641,0.23,15.641,230.16431174477336,14150411397,2026-04-20 13:31:44.908287,20/04/26,13:31:44
15697,0.23,15.697,229.34318659616488,14150427094,2026-04-20 13:32:00.605287,20/04/26,13:32:0
15751,0.23,15.751,228.55691702114152,14150442845,2026-04-20 13:32:16.356287,20/04/26,13:32:16
15658,0.23,15.658,229.91442074338997,14150458503,2026-04-20 13:32:32.014287,20/04/26,13:32:32
15822,0.23,15.822,227.53128555176337,14150474325,2026-04-20 13:32:47.836287,20/04/26,13:32:47
15838,0.23,15.838,227.30142694784695,14150490163,2026-04-20 13:33:03.674287,20/04/26,13:33:3
15844,0.23,15.844,227.21534965917698,14150506007,2026-04-20 13:33:19.518287,20/04/26,13:33:19
19341,0.19,19.341,186.13308515588645,14150525348,2026-04-20 13:33:38.859287,20/04/26,13:33:38
22086,0.16,22.086,162.99918500407497,14150547434,2026-04-20 13:34:00.945287,20/04/26,13:34:0
22270,0.16,22.27,161.65244723843736,14150569704,2026-04-20 13:34:23.215287,20/04/26,13:34:23
21985,0.16,21.985,163.74801000682282,14150591689,2026-04-20 13:34:45.200287,20/04/26,13:34:45
22086,0.16,22.086,162.99918500407497,14150613775,2026-04-20 13:35:07.286287,20/04/26,13:35:7
22001,0.16,22.001,163.628925957911,14150635776,2026-04-20 13:35:29.287287,20/04/26,13:35:29
22082,0.16,22.082,163.02871116746672,14150657858,2026-04-20 13:35:51.369287,20/04/26,13:35:51
22205,0.16,22.205,162.12564737671696,14150680063,2026-04-20 13:36:13.574287,20/04/26,13:36:13
21956,0.16,21.956,163.96429222080525,14150702019,2026-04-20 13:36:35.530287,20/04/26,13:36:35
22158,0.16,22.158,162.46953696181967,14150724177,2026-04-20 13:36:57.688287,20/04/26,13:36:57
22155,0.16,22.155,162.49153689911984,14150746332,2026-04-20 13:37:19.843287,20/04/26,13:37:19
21935,0.16,21.935,164.1212673808981,14150768267,2026-04-20 13:37:41.778287,20/04/26,13:37:41
22256,0.16,22.256,161.75413371675054,14150790523,2026-04-20 13:38:04.034287,20/04/26,13:38:4
22033,0.16,22.033,163.3912767212817,14150812556,2026-04-20 13:38:26.067287,20/04/26,13:38:26
21705,0.17,21.705,165.860400829302,14150834261,2026-04-20 13:38:47.772287,20/04/26,13:38:47
21930,0.16,21.93,164.15868673050616,14150856191,2026-04-20 13:39:09.702287,20/04/26,13:39:9
21715,0.17,21.715,165.78402026249137,14150877906,2026-04-20 13:39:31.417287,20/04/26,13:39:31
21548,0.17,21.548,167.06886950064973,14150899454,2026-04-20 13:39:52.965287,20/04/26,13:39:52
21574,0.17,21.574,166.86752572541022,14150921028,2026-04-20 13:40:14.539287,20/04/26,13:40:14
21538,0.17,21.538,167.14643885226113,14150942566,2026-04-20 13:40:36.077287,20/04/26,13:40:36
21600,0.17,21.6,166.66666666666666,14150964166,2026-04-20 13:40:57.677287,20/04/26,13:40:57
21640,0.17,21.64,166.35859519408504,14150985806,2026-04-20 13:41:19.317287,20/04/26,13:41:19
21464,0.17,21.464,167.72269847185987,14151007270,2026-04-20 13:41:40.781287,20/04/26,13:41:40
21626,0.17,21.626,166.46629057615831,14151028896,2026-04-20 13:42:02.407287,20/04/26,13:42:2
21586,0.17,21.586,166.77476141943853,14151050482,2026-04-20 13:42:23.993287,20/04/26,13:42:23
21557,0.17,21.557,166.99911861576285,14151072039,2026-04-20 13:42:45.550287,20/04/26,13:42:45
21681,0.17,21.681,166.04400166044002,14151093720,2026-04-20 13:43:07.231287,20/04/26,13:43:7
21444,0.17,21.444,167.87912702853944,14151115164,2026-04-20 13:43:28.675287,20/04/26,13:43:28
21624,0.17,21.624,166.48168701442842,14151136788,2026-04-20 13:43:50.299287,20/04/26,13:43:50
21563,0.17,21.563,166.95265037332467,14151158351,2026-04-20 13:44:11.862287,20/04/26,13:44:11
21499,0.17,21.499,167.44964882087538,14151179850,2026-04-20 13:44:33.361287,20/04/26,13:44:33
21615,0.17,21.615,166.55100624566273,14151201465,2026-04-20 13:44:54.976287,20/04/26,13:44:54
21648,0.17,21.648,166.29711751662973,14151223113,2026-04-20 13:45:16.624287,20/04/26,13:45:16
21498,0.17,21.498,167.4574379012001,14151244611,2026-04-20 13:45:38.122287,20/04/26,13:45:38
21558,0.17,21.558,166.99137211244087,14151266169,2026-04-20 13:45:59.680287,20/04/26,13:45:59
21517,0.17,21.517,167.30956917785937,14151287686,2026-04-20 13:46:21.197287,20/04/26,13:46:21
21759,0.17,21.759,165.44877981524886,14151309445,2026-04-20 13:46:42.956287,20/04/26,13:46:42
22148,0.16,22.148,162.54289326350008,14151331593,2026-04-20 13:47:05.104287,20/04/26,13:47:5
22214,0.16,22.214,162.05996218600882,14151353807,2026-04-20 13:47:27.318287,20/04/26,13:47:27
22093,0.16,22.093,162.9475399447789,14151375900,2026-04-20 13:47:49.411287,20/04/26,13:47:49
21778,0.17,21.778,165.30443566902377,14151397678,2026-04-20 13:48:11.189287,20/04/26,13:48:11
22074,0.16,22.074,163.08779559662952,14151419752,2026-04-20 13:48:33.263287,20/04/26,13:48:33
22219,0.16,22.219,162.02349340654393,14151441971,2026-04-20 13:48:55.482287,20/04/26,13:48:55
22096,0.16,22.096,162.92541636495292,14151464067,2026-04-20 13:49:17.578287,20/04/26,13:49:17
22054,0.16,22.054,163.23569420513286,14151486121,2026-04-20 13:49:39.632287,20/04/26,13:49:39
22243,0.16,22.243,161.84867149215484,14151508364,2026-04-20 13:50:01.875287,20/04/26,13:50:1
22055,0.16,22.055,163.22829290410337,14151530419,2026-04-20 13:50:23.930287,20/04/26,13:50:23
22084,0.16,22.084,163.01394674877739,14151552503,2026-04-20 13:50:46.014287,20/04/26,13:50:46
22003,0.16,22.003,163.61405262918692,14151574506,2026-04-20 13:51:08.017287,20/04/26,13:51:8
22141,0.16,22.141,162.59428210107944,14151596647,2026-04-20 13:51:30.158287,20/04/26,13:51:30
22244,0.16,22.244,161.84139543247616,14151618891,2026-04-20 13:51:52.402287,20/04/26,13:51:52
22133,0.16,22.133,162.65305200379524,14151641024,2026-04-20 13:52:14.535287,20/04/26,13:52:14
22262,0.16,22.262,161.71053813673524,14151663286,2026-04-20 13:52:36.797287,20/04/26,13:52:36
22296,0.16,22.296,161.46393972012916,14151685582,2026-04-20 13:52:59.093287,20/04/26,13:52:59
22123,0.16,22.123,162.7265741535958,14151707705,2026-04-20 13:53:21.216287,20/04/26,13:53:21
21586,0.17,21.586,166.77476141943853,14151729291,2026-04-20 13:53:42.802287,20/04/26,13:53:42
23228,0.15,23.228,154.98536249354228,14151752519,2026-04-20 13:54:06.030287,20/04/26,13:54:6
23162,0.16,23.162,155.42699248769537,14151775681,2026-04-20 13:54:29.192287,20/04/26,13:54:29
23105,0.16,23.105,155.81043064271802,14151798786,2026-04-20 13:54:52.297287,20/04/26,13:54:52
22962,0.16,22.962,156.78076822576432,14151821748,2026-04-20 13:55:15.259287,20/04/26,13:55:15
23122,0.16,23.122,155.69587405933743,14151844870,2026-04-20 13:55:38.381287,20/04/26,13:55:38
23089,0.16,23.089,155.91840270258564,14151867959,2026-04-20 13:56:01.470287,20/04/26,13:56:1
23114,0.16,23.114,155.74976204897465,14151891073,2026-04-20 13:56:24.584287,20/04/26,13:56:24
23039,0.16,23.039,156.25678197838448,14151914112,2026-04-20 13:56:47.623287,20/04/26,13:56:47
24857,0.14,24.857,144.82841855412963,14151938969,2026-04-20 13:57:12.480287,20/04/26,13:57:12
24747,0.14,24.747,145.47217844587223,14151963716,2026-04-20 13:57:37.227287,20/04/26,13:57:37
24720,0.14,24.72,145.63106796116506,14151988436,2026-04-20 13:58:01.947287,20/04/26,13:58:1
26497,0.14,26.497,135.8644374834887,14152014933,2026-04-20 13:58:28.444287,20/04/26,13:58:28
28778,0.12,28.778,125.09555910765168,14152043711,2026-04-20 13:58:57.222287,20/04/26,13:58:57
28740,0.12,28.74,125.26096033402922,14152072451,2026-04-20 13:59:25.962287,20/04/26,13:59:25
28757,0.12,28.757,125.18691101297075,14152101208,2026-04-20 13:59:54.719287,20/04/26,13:59:54
28730,0.12,28.73,125.30455969369997,14152129938,2026-04-20 14:00:23.449287,20/04/26,14:0:23
28813,0.12,28.813,124.94360184638879,14152158751,2026-04-20 14:00:52.262287,20/04/26,14:0:52
28637,0.12,28.637,125.71149212557181,14152187388,2026-04-20 14:01:20.899287,20/04/26,14:1:20
28663,0.12,28.663,125.59746014025049,14152216051,2026-04-20 14:01:49.562287,20/04/26,14:1:49
28830,0.12,28.83,124.86992715920915,14152244881,2026-04-20 14:02:18.392287,20/04/26,14:2:18
28852,0.12,28.852,124.7747123249688,14152273733,2026-04-20 14:02:47.244287,20/04/26,14:2:47
28811,0.12,28.811,124.9522751726771,14152302544,2026-04-20 14:03:16.055287,20/04/26,14:3:16
28734,0.12,28.734,125.28711630820631,14152331278,2026-04-20 14:03:44.789287,20/04/26,14:3:44
28754,0.12,28.754,125.19997217778396,14152360032,2026-04-20 14:04:13.543287,20/04/26,14:4:13
28669,0.12,28.669,125.57117443928982,14152388701,2026-04-20 14:04:42.212287,20/04/26,14:4:42
28739,0.12,28.739,125.26531890462438,14152417440,2026-04-20 14:05:10.951287,20/04/26,14:5:10
28675,0.12,28.675,125.54489973844812,14152446115,2026-04-20 14:05:39.626287,20/04/26,14:5:39
28716,0.12,28.716,125.36564981195153,14152474831,2026-04-20 14:06:08.342287,20/04/26,14:6:8
28753,0.12,28.753,125.20432650506034,14152503584,2026-04-20 14:06:37.095287,20/04/26,14:6:37
28749,0.12,28.749,125.22174684336846,14152532333,2026-04-20 14:07:05.844287,20/04/26,14:7:5
28710,0.12,28.71,125.39184952978056,14152561043,2026-04-20 14:07:34.554287,20/04/26,14:7:34
28699,0.12,28.699,125.43991079828565,14152589742,2026-04-20 14:08:03.253287,20/04/26,14:8:3
28797,0.12,28.797,125.01302218981144,14152618539,2026-04-20 14:08:32.050287,20/04/26,14:8:32
28748,0.12,28.748,125.2261026854042,14152647287,2026-04-20 14:09:00.798287,20/04/26,14:9:0
28754,0.12,28.754,125.19997217778396,14152676041,2026-04-20 14:09:29.552287,20/04/26,14:9:29
28831,0.12,28.831,124.86559605979674,14152704872,2026-04-20 14:09:58.383287,20/04/26,14:9:58
28435,0.13,28.435,126.60453666256375,14152733307,2026-04-20 14:10:26.818287,20/04/26,14:10:26
27956,0.13,27.956,128.77378738016884,14152761263,2026-04-20 14:10:54.774287,20/04/26,14:10:54
28438,0.13,28.438,126.59118081440326,14152789701,2026-04-20 14:11:23.212287,20/04/26,14:11:23
28344,0.13,28.344,127.01100762066045,14152818045,2026-04-20 14:11:51.556287,20/04/26,14:11:51
28417,0.13,28.417,126.6847309708977,14152846462,2026-04-20 14:12:19.973287,20/04/26,14:12:19
28258,0.13,28.258,127.39755113596149,14152874720,2026-04-20 14:12:48.231287,20/04/26,14:12:48
28281,0.13,28.281,127.29394292988225,14152903001,2026-04-20 14:13:16.512287,20/04/26,14:13:16
28313,0.13,28.313,127.15007240490235,14152931314,2026-04-20 14:13:44.825287,20/04/26,14:13:44
28415,0.13,28.415,126.69364772127398,14152959729,2026-04-20 14:14:13.240287,20/04/26,14:14:13
28330,0.13,28.33,127.07377338510413,14152988059,2026-04-20 14:14:41.570287,20/04/26,14:14:41
28293,0.13,28.293,127.23995334535044,14153016352,2026-04-20 14:15:09.863287,20/04/26,14:15:9
28223,0.13,28.223,127.55553980795804,14153044575,2026-04-20 14:15:38.086287,20/04/26,14:15:38
28157,0.13,28.157,127.85452995702667,14153072732,2026-04-20 14:16:06.243287,20/04/26,14:16:6
28284,0.13,28.284,127.28044123886296,14153101016,2026-04-20 14:16:34.527287,20/04/26,14:16:34
28250,0.13,28.25,127.43362831858407,14153129266,2026-04-20 14:17:02.777287,20/04/26,14:17:2
28168,0.13,28.168,127.80460096563476,14153157434,2026-04-20 14:17:30.945287,20/04/26,14:17:30
28230,0.13,28.23,127.52391073326248,14153185664,2026-04-20 14:17:59.175287,20/04/26,14:17:59
23755,0.15,23.755,151.54704272784676,14153209419,2026-04-20 14:18:22.930287,20/04/26,14:18:22
17191,0.21,17.191,209.41190157640625,14153226610,2026-04-20 14:18:40.121287,20/04/26,14:18:40
17592,0.2,17.592,204.63847203274216,14153244202,2026-04-20 14:18:57.713287,20/04/26,14:18:57
17630,0.2,17.63,204.1973908111174,14153261832,2026-04-20 14:19:15.343287,20/04/26,14:19:15
17691,0.2,17.691,203.49330167881973,14153279523,2026-04-20 14:19:33.034287,20/04/26,14:19:33
17708,0.2,17.708,203.2979444318952,14153297231,2026-04-20 14:19:50.742287,20/04/26,14:19:50
17829,0.2,17.829,201.91822311963654,14153315060,2026-04-20 14:20:08.571287,20/04/26,14:20:8
17949,0.2,17.949,200.56827678422195,14153333009,2026-04-20 14:20:26.520287,20/04/26,14:20:26
18033,0.2,18.033,199.63400432540342,14153351042,2026-04-20 14:20:44.553287,20/04/26,14:20:44
18097,0.2,18.097,198.92799911587556,14153369139,2026-04-20 14:21:02.650287,20/04/26,14:21:2
18192,0.2,18.192,197.88918205804748,14153387331,2026-04-20 14:21:20.842287,20/04/26,14:21:20
18389,0.19,18.389,195.7692098537169,14153405720,2026-04-20 14:21:39.231287,20/04/26,14:21:39
18469,0.19,18.469,194.92121934051653,14153424189,2026-04-20 14:21:57.700287,20/04/26,14:21:57
18544,0.19,18.544,194.13287316652287,14153442733,2026-04-20 14:22:16.244287,20/04/26,14:22:16
18530,0.19,18.53,194.27954668105775,14153461263,2026-04-20 14:22:34.774287,20/04/26,14:22:34
18551,0.19,18.551,194.05961942752413,14153479814,2026-04-20 14:22:53.325287,20/04/26,14:22:53
18620,0.19,18.62,193.3404940923738,14153498434,2026-04-20 14:23:11.945287,20/04/26,14:23:11
18660,0.19,18.66,192.92604501607718,14153517094,2026-04-20 14:23:30.605287,20/04/26,14:23:30
18770,0.19,18.77,191.79541822056473,14153535864,2026-04-20 14:23:49.375287,20/04/26,14:23:49
18779,0.19,18.779,191.70349858884924,14153554643,2026-04-20 14:24:08.154287,20/04/26,14:24:8
18791,0.19,18.791,191.5810760470438,14153573434,2026-04-20 14:24:26.945287,20/04/26,14:24:26
18801,0.19,18.801,191.47917663954044,14153592235,2026-04-20 14:24:45.746287,20/04/26,14:24:45
18858,0.19,18.858,190.90041361756283,14153611093,2026-04-20 14:25:04.604287,20/04/26,14:25:4
18889,0.19,18.889,190.58711419344593,14153629982,2026-04-20 14:25:23.493287,20/04/26,14:25:23
18913,0.19,18.913,190.3452651615291,14153648895,2026-04-20 14:25:42.406287,20/04/26,14:25:42
24378,0.15,24.378,147.67413241447207,14153673273,2026-04-20 14:26:06.784287,20/04/26,14:26:6
28771,0.12,28.771,125.12599492544577,14153702044,2026-04-20 14:26:35.555287,20/04/26,14:26:35
28732,0.12,28.732,125.29583739384658,14153730776,2026-04-20 14:27:04.287287,20/04/26,14:27:4
28790,0.12,28.79,125.04341785342133,14153759566,2026-04-20 14:27:33.077287,20/04/26,14:27:33
28877,0.12,28.877,124.6666897530907,14153788443,2026-04-20 14:28:01.954287,20/04/26,14:28:1
28660,0.12,28.66,125.6106071179344,14153817103,2026-04-20 14:28:30.614287,20/04/26,14:28:30
28681,0.12,28.681,125.5186360308218,14153845784,2026-04-20 14:28:59.295287,20/04/26,14:28:59
28713,0.12,28.713,125.37874830216278,14153874497,2026-04-20 14:29:28.008287,20/04/26,14:29:28
28436,0.13,28.436,126.60008440005626,14153902933,2026-04-20 14:29:56.444287,20/04/26,14:29:56
28016,0.13,28.016,128.49800114220446,14153930949,2026-04-20 14:30:24.460287,20/04/26,14:30:24
28038,0.13,28.038,128.39717526214423,14153958987,2026-04-20 14:30:52.498287,20/04/26,14:30:52
28098,0.13,28.098,128.12299807815504,14153987085,2026-04-20 14:31:20.596287,20/04/26,14:31:20
28105,0.13,28.105,128.09108699519658,14154015190,2026-04-20 14:31:48.701287,20/04/26,14:31:48
28068,0.13,28.068,128.25994014536127,14154043258,2026-04-20 14:32:16.769287,20/04/26,14:32:16
28126,0.13,28.126,127.99544905070042,14154071384,2026-04-20 14:32:44.895287,20/04/26,14:32:44
28201,0.13,28.201,127.6550476933442,14154099585,2026-04-20 14:33:13.096287,20/04/26,14:33:13
28076,0.13,28.076,128.2233936458185,14154127661,2026-04-20 14:33:41.172287,20/04/26,14:33:41
28162,0.13,28.162,127.8318301257013,14154155823,2026-04-20 14:34:09.334287,20/04/26,14:34:9
28098,0.13,28.098,128.12299807815504,14154183921,2026-04-20 14:34:37.432287,20/04/26,14:34:37
28097,0.13,28.097,128.1275581022885,14154212018,2026-04-20 14:35:05.529287,20/04/26,14:35:5
27996,0.13,27.996,128.58979854264896,14154240014,2026-04-20 14:35:33.525287,20/04/26,14:35:33
28031,0.13,28.031,128.42923905675858,14154268045,2026-04-20 14:36:01.556287,20/04/26,14:36:1
28049,0.13,28.049,128.34682163356982,14154296094,2026-04-20 14:36:29.605287,20/04/26,14:36:29
27998,0.13,27.998,128.5806129009215,14154324092,2026-04-20 14:36:57.603287,20/04/26,14:36:57
28002,0.13,28.002,128.562245553889,14154352094,2026-04-20 14:37:25.605287,20/04/26,14:37:25
28098,0.13,28.098,128.12299807815504,14154380192,2026-04-20 14:37:53.703287,20/04/26,14:37:53
28027,0.13,28.027,128.44756841617013,14154408219,2026-04-20 14:38:21.730287,20/04/26,14:38:21
27843,0.13,27.843,129.2964120245663,14154436062,2026-04-20 14:38:49.573287,20/04/26,14:38:49
27625,0.13,27.625,130.31674208144796,14154463687,2026-04-20 14:39:17.198287,20/04/26,14:39:17
27662,0.13,27.662,130.1424336635095,14154491349,2026-04-20 14:39:44.860287,20/04/26,14:39:44
27615,0.13,27.615,130.36393264530147,14154518964,2026-04-20 14:40:12.475287,20/04/26,14:40:12
27667,0.13,27.667,130.11891422994904,14154546631,2026-04-20 14:40:40.142287,20/04/26,14:40:40
27651,0.13,27.651,130.19420635781708,14154574282,2026-04-20 14:41:07.793287,20/04/26,14:41:7
28154,0.13,28.154,127.86815372593593,14154602436,2026-04-20 14:41:35.947287,20/04/26,14:41:35
28067,0.13,28.067,128.264509922685,14154630503,2026-04-20 14:42:04.014287,20/04/26,14:42:4
28141,0.13,28.141,127.92722362389397,14154658644,2026-04-20 14:42:32.155287,20/04/26,14:42:32
28158,0.13,28.158,127.84998934583422,14154686802,2026-04-20 14:43:00.313287,20/04/26,14:43:0
28049,0.13,28.049,128.34682163356982,14154714851,2026-04-20 14:43:28.362287,20/04/26,14:43:28
28156,0.13,28.156,127.85907089075152,14154743007,2026-04-20 14:43:56.518287,20/04/26,14:43:56
28235,0.13,28.235,127.50132813883478,14154771242,2026-04-20 14:44:24.753287,20/04/26,14:44:24
28127,0.13,28.127,127.99089842500089,14154799369,2026-04-20 14:44:52.880287,20/04/26,14:44:52
28118,0.13,28.118,128.03186570879865,14154827487,2026-04-20 14:45:20.998287,20/04/26,14:45:20
28165,0.13,28.165,127.81821409550861,14154855652,2026-04-20 14:45:49.163287,20/04/26,14:45:49
28235,0.13,28.235,127.50132813883478,14154883887,2026-04-20 14:46:17.398287,20/04/26,14:46:17
28327,0.13,28.327,127.08723126345889,14154912214,2026-04-20 14:46:45.725287,20/04/26,14:46:45
28735,0.12,28.735,125.28275622063686,14154940949,2026-04-20 14:47:14.460287,20/04/26,14:47:14
28699,0.12,28.699,125.43991079828565,14154969648,2026-04-20 14:47:43.159287,20/04/26,14:47:43
28731,0.12,28.731,125.30019839198079,14154998379,2026-04-20 14:48:11.890287,20/04/26,14:48:11
28627,0.12,28.627,125.75540573584378,14155027006,2026-04-20 14:48:40.517287,20/04/26,14:48:40
28692,0.12,28.692,125.47051442910916,14155055698,2026-04-20 14:49:09.209287,20/04/26,14:49:9
28662,0.12,28.662,125.60184216035168,14155084360,2026-04-20 14:49:37.871287,20/04/26,14:49:37
28642,0.12,28.642,125.6895468193562,14155113002,2026-04-20 14:50:06.513287,20/04/26,14:50:6
28578,0.12,28.578,125.9710266638673,14155141580,2026-04-20 14:50:35.091287,20/04/26,14:50:35
28693,0.12,28.693,125.46614156762973,14155170273,2026-04-20 14:51:03.784287,20/04/26,14:51:3
28681,0.12,28.681,125.5186360308218,14155198954,2026-04-20 14:51:32.465287,20/04/26,14:51:32
28766,0.12,28.766,125.14774386428422,14155227720,2026-04-20 14:52:01.231287,20/04/26,14:52:1
28734,0.12,28.734,125.28711630820631,14155256454,2026-04-20 14:52:29.965287,20/04/26,14:52:29
28656,0.12,28.656,125.62814070351759,14155285110,2026-04-20 14:52:58.621287,20/04/26,14:52:58
28580,0.12,28.58,125.96221133659903,14155313690,2026-04-20 14:53:27.201287,20/04/26,14:53:27
28492,0.13,28.492,126.35125649305068,14155342182,2026-04-20 14:53:55.693287,20/04/26,14:53:55
28533,0.13,28.533,126.16969824413836,14155370715,2026-04-20 14:54:24.226287,20/04/26,14:54:24
28459,0.13,28.459,126.49776871991286,14155399174,2026-04-20 14:54:52.685287,20/04/26,14:54:52
28492,0.13,28.492,126.35125649305068,14155427666,2026-04-20 14:55:21.177287,20/04/26,14:55:21
28533,0.13,28.533,126.16969824413836,14155456199,2026-04-20 14:55:49.710287,20/04/26,14:55:49
28663,0.12,28.663,125.59746014025049,14155484862,2026-04-20 14:56:18.373287,20/04/26,14:56:18
28588,0.12,28.588,125.92696236183014,14155513450,2026-04-20 14:56:46.961287,20/04/26,14:56:46
28691,0.12,28.691,125.4748875954132,14155542141,2026-04-20 14:57:15.652287,20/04/26,14:57:15
28642,0.12,28.642,125.6895468193562,14155570783,2026-04-20 14:57:44.294287,20/04/26,14:57:44
28671,0.12,28.671,125.56241498378152,14155599454,2026-04-20 14:58:12.965287,20/04/26,14:58:12
28715,0.12,28.715,125.37001567125196,14155628169,2026-04-20 14:58:41.680287,20/04/26,14:58:41
28583,0.12,28.583,125.94899065878319,14155656752,2026-04-20 14:59:10.263287,20/04/26,14:59:10
28560,0.13,28.56,126.05042016806723,14155685312,2026-04-20 14:59:38.823287,20/04/26,14:59:38
28442,0.13,28.442,126.57337739962028,14155713754,2026-04-20 15:00:07.265287,20/04/26,15:0:7
28585,0.12,28.585,125.94017841525276,14155742339,2026-04-20 15:00:35.850287,20/04/26,15:0:35
28585,0.12,28.585,125.94017841525276,14155770924,2026-04-20 15:01:04.435287,20/04/26,15:1:4
28575,0.12,28.575,125.98425196850394,14155799499,2026-04-20 15:01:33.010287,20/04/26,15:1:33
28625,0.12,28.625,125.76419213973799,14155828124,2026-04-20 15:02:01.635287,20/04/26,15:2:1
28646,0.12,28.646,125.67199609020457,14155856770,2026-04-20 15:02:30.281287,20/04/26,15:2:30
28454,0.13,28.454,126.5199971884445,14155885224,2026-04-20 15:02:58.735287,20/04/26,15:2:58
28653,0.12,28.653,125.64129410532928,14155913877,2026-04-20 15:03:27.388287,20/04/26,15:3:27
28639,0.12,28.639,125.70271308355738,14155942516,2026-04-20 15:03:56.027287,20/04/26,15:3:56
28538,0.13,28.538,126.14759268343963,14155971054,2026-04-20 15:04:24.565287,20/04/26,15:4:24
28643,0.12,28.643,125.68515867751283,14155999697,2026-04-20 15:04:53.208287,20/04/26,15:4:53
28578,0.12,28.578,125.9710266638673,14156028275,2026-04-20 15:05:21.786287,20/04/26,15:5:21
28514,0.13,28.514,126.25377007785649,14156056789,2026-04-20 15:05:50.300287,20/04/26,15:5:50
28597,0.12,28.597,125.88733083889919,14156085386,2026-04-20 15:06:18.897287,20/04/26,15:6:18
28655,0.12,28.655,125.63252486477055,14156114041,2026-04-20 15:06:47.552287,20/04/26,15:6:47
28627,0.12,28.627,125.75540573584378,14156142668,2026-04-20 15:07:16.179287,20/04/26,15:7:16
28628,0.12,28.628,125.75101299427135,14156171296,2026-04-20 15:07:44.807287,20/04/26,15:7:44
28613,0.12,28.613,125.81693635759969,14156199909,2026-04-20 15:08:13.420287,20/04/26,15:8:13
28609,0.12,28.609,125.83452759621099,14156228518,2026-04-20 15:08:42.029287,20/04/26,15:8:42
28567,0.13,28.567,126.01953302761927,14156257085,2026-04-20 15:09:10.596287,20/04/26,15:9:10
28658,0.12,28.658,125.61937329890432,14156285743,2026-04-20 15:09:39.254287,20/04/26,15:9:39
28598,0.12,28.598,125.88292887614519,14156314341,2026-04-20 15:10:07.852287,20/04/26,15:10:7
27996,0.13,27.996,128.58979854264896,14156342337,2026-04-20 15:10:35.848287,20/04/26,15:10:35
22404,0.16,22.404,160.68559185859667,14156364741,2026-04-20 15:10:58.252287,20/04/26,15:10:58
17571,0.2,17.571,204.88304592794947,14156382312,2026-04-20 15:11:15.823287,20/04/26,15:11:15
17367,0.21,17.367,207.28968733805493,14156399679,2026-04-20 15:11:33.190287,20/04/26,15:11:33
17368,0.21,17.368,207.27775218793184,14156417047,2026-04-20 15:11:50.558287,20/04/26,15:11:50
17512,0.2,17.512,205.5733211512106,14156434559,2026-04-20 15:12:08.070287,20/04/26,15:12:8
17559,0.2,17.559,205.02306509482318,14156452118,2026-04-20 15:12:25.629287,20/04/26,15:12:25
17633,0.2,17.633,204.16264957749675,14156469751,2026-04-20 15:12:43.262287,20/04/26,15:12:43
17791,0.2,17.791,202.34950255747287,14156487542,2026-04-20 15:13:01.053287,20/04/26,15:13:1
17878,0.2,17.878,201.36480590670098,14156505420,2026-04-20 15:13:18.931287,20/04/26,15:13:18
17978,0.2,17.978,200.24474357548115,14156523398,2026-04-20 15:13:36.909287,20/04/26,15:13:36
18052,0.2,18.052,199.42388654996677,14156541450,2026-04-20 15:13:54.961287,20/04/26,15:13:54
18095,0.2,18.095,198.94998618402875,14156559545,2026-04-20 15:14:13.056287,20/04/26,15:14:13
18141,0.2,18.141,198.4455101703324,14156577686,2026-04-20 15:14:31.197287,20/04/26,15:14:31
18165,0.2,18.165,198.1833195706028,14156595851,2026-04-20 15:14:49.362287,20/04/26,15:14:49
18215,0.2,18.215,197.63930826242108,14156614066,2026-04-20 15:15:07.577287,20/04/26,15:15:7
18227,0.2,18.227,197.50918966368573,14156632293,2026-04-20 15:15:25.804287,20/04/26,15:15:25
18351,0.2,18.351,196.174595389897,14156650644,2026-04-20 15:15:44.155287,20/04/26,15:15:44
18317,0.2,18.317,196.53873450892613,14156668961,2026-04-20 15:16:02.472287,20/04/26,15:16:2
18387,0.19,18.387,195.7905041605482,14156687348,2026-04-20 15:16:20.859287,20/04/26,15:16:20
18465,0.19,18.465,194.9634443541836,14156705813,2026-04-20 15:16:39.324287,20/04/26,15:16:39
18519,0.19,18.519,194.39494573141098,14156724332,2026-04-20 15:16:57.843287,20/04/26,15:16:57
18557,0.19,18.557,193.9968744947998,14156742889,2026-04-20 15:17:16.400287,20/04/26,15:17:16
18447,0.19,18.447,195.15368352577656,14156761336,2026-04-20 15:17:34.847287,20/04/26,15:17:34
17541,0.2,17.541,205.2334530528476,14156778877,2026-04-20 15:17:52.388287,20/04/26,15:17:52
17694,0.2,17.694,203.4587995930824,14156796571,2026-04-20 15:18:10.082287,20/04/26,15:18:10
19009,0.19,19.009,189.38397601136305,14156815580,2026-04-20 15:18:29.091287,20/04/26,15:18:29
25760,0.14,25.76,139.75155279503105,14156841340,2026-04-20 15:18:54.851287,20/04/26,15:18:54
25748,0.14,25.748,139.81668479105173,14156867088,2026-04-20 15:19:20.599287,20/04/26,15:19:20
25657,0.14,25.657,140.3125852593834,14156892745,2026-04-20 15:19:46.256287,20/04/26,15:19:46
25736,0.14,25.736,139.88187752564502,14156918481,2026-04-20 15:20:11.992287,20/04/26,15:20:11
25699,0.14,25.699,140.08327172263512,14156944180,2026-04-20 15:20:37.691287,20/04/26,15:20:37
25706,0.14,25.706,140.04512565159885,14156969886,2026-04-20 15:21:03.397287,20/04/26,15:21:3
25671,0.14,25.671,140.2360640411359,14156995557,2026-04-20 15:21:29.068287,20/04/26,15:21:29
27450,0.13,27.45,131.14754098360655,14157023007,2026-04-20 15:21:56.518287,20/04/26,15:21:56
28216,0.13,28.216,127.58718457612702,14157051223,2026-04-20 15:22:24.734287,20/04/26,15:22:24
28789,0.12,28.789,125.04776129771788,14157080012,2026-04-20 15:22:53.523287,20/04/26,15:22:53
28686,0.12,28.686,125.49675800041832,14157108698,2026-04-20 15:23:22.209287,20/04/26,15:23:22
28708,0.12,28.708,125.40058520273095,14157137406,2026-04-20 15:23:50.917287,20/04/26,15:23:50
28772,0.12,28.772,125.12164604476574,14157166178,2026-04-20 15:24:19.689287,20/04/26,15:24:19
28671,0.12,28.671,125.56241498378152,14157194849,2026-04-20 15:24:48.360287,20/04/26,15:24:48
28760,0.12,28.76,125.17385257301808,14157223609,2026-04-20 15:25:17.120287,20/04/26,15:25:17
28742,0.12,28.742,125.25224410270684,14157252351,2026-04-20 15:25:45.862287,20/04/26,15:25:45
28871,0.12,28.871,124.69259810882893,14157281222,2026-04-20 15:26:14.733287,20/04/26,15:26:14
28700,0.12,28.7,125.43554006968641,14157309922,2026-04-20 15:26:43.433287,20/04/26,15:26:43
28746,0.12,28.746,125.23481527864746,14157338668,2026-04-20 15:27:12.179287,20/04/26,15:27:12
28559,0.13,28.559,126.05483385272593,14157367227,2026-04-20 15:27:40.738287,20/04/26,15:27:40
28678,0.12,28.678,125.5317665109143,14157395905,2026-04-20 15:28:09.416287,20/04/26,15:28:9
28892,0.12,28.892,124.60196594212931,14157424797,2026-04-20 15:28:38.308287,20/04/26,15:28:38
28847,0.12,28.847,124.79633930738032,14157453644,2026-04-20 15:29:07.155287,20/04/26,15:29:7
28751,0.12,28.751,125.21303606831067,14157482395,2026-04-20 15:29:35.906287,20/04/26,15:29:35
28754,0.12,28.754,125.19997217778396,14157511149,2026-04-20 15:30:04.660287,20/04/26,15:30:4
28732,0.12,28.732,125.29583739384658,14157539881,2026-04-20 15:30:33.392287,20/04/26,15:30:33
28730,0.12,28.73,125.30455969369997,14157568611,2026-04-20 15:31:02.122287,20/04/26,15:31:2
28765,0.12,28.765,125.15209455936034,14157597376,2026-04-20 15:31:30.887287,20/04/26,15:31:30
28892,0.12,28.892,124.60196594212931,14157626268,2026-04-20 15:31:59.779287,20/04/26,15:31:59
28735,0.12,28.735,125.28275622063686,14157655003,2026-04-20 15:32:28.514287,20/04/26,15:32:28
28837,0.12,28.837,124.8396157714048,14157683840,2026-04-20 15:32:57.351287,20/04/26,15:32:57
28690,0.12,28.69,125.47926106657371,14157712530,2026-04-20 15:33:26.041287,20/04/26,15:33:26
28745,0.12,28.745,125.23917202991825,14157741275,2026-04-20 15:33:54.786287,20/04/26,15:33:54
28682,0.12,28.682,125.51425981451781,14157769957,2026-04-20 15:34:23.468287,20/04/26,15:34:23
28736,0.12,28.736,125.27839643652561,14157798693,2026-04-20 15:34:52.204287,20/04/26,15:34:52
28838,0.12,28.838,124.8352867743949,14157827531,2026-04-20 15:35:21.042287,20/04/26,15:35:21
28728,0.12,28.728,125.31328320802005,14157856259,2026-04-20 15:35:49.770287,20/04/26,15:35:49
28651,0.12,28.651,125.65006457017208,14157884910,2026-04-20 15:36:18.421287,20/04/26,15:36:18
28671,0.12,28.671,125.56241498378152,14157913581,2026-04-20 15:36:47.092287,20/04/26,15:36:47
28710,0.12,28.71,125.39184952978056,14157942291,2026-04-20 15:37:15.802287,20/04/26,15:37:15
28683,0.12,28.683,125.50988390335739,14157970974,2026-04-20 15:37:44.485287,20/04/26,15:37:44
28645,0.12,28.645,125.67638331296911,14157999619,2026-04-20 15:38:13.130287,20/04/26,15:38:13
28714,0.12,28.714,125.37438183464512,14158028333,2026-04-20 15:38:41.844287,20/04/26,15:38:41
28601,0.12,28.601,125.86972483479599,14158056934,2026-04-20 15:39:10.445287,20/04/26,15:39:10
28411,0.13,28.411,126.7114849882088,14158085345,2026-04-20 15:39:38.856287,20/04/26,15:39:38
28362,0.13,28.362,126.93039983075947,14158113707,2026-04-20 15:40:07.218287,20/04/26,15:40:7
28198,0.13,28.198,127.66862898077878,14158141905,2026-04-20 15:40:35.416287,20/04/26,15:40:35
28359,0.13,28.359,126.94382735639479,14158170264,2026-04-20 15:41:03.775287,20/04/26,15:41:3
27089,0.13,27.089,132.89527114326847,14158197353,2026-04-20 15:41:30.864287,20/04/26,15:41:30
27136,0.13,27.136,132.66509433962264,14158224489,2026-04-20 15:41:58.000287,20/04/26,15:41:58
28154,0.13,28.154,127.86815372593593,14158252643,2026-04-20 15:42:26.154287,20/04/26,15:42:26
28161,0.13,28.161,127.8363694471077,14158280804,2026-04-20 15:42:54.315287,20/04/26,15:42:54
22880,0.16,22.88,157.34265734265733,14158303684,2026-04-20 15:43:17.195287,20/04/26,15:43:17
22272,0.16,22.272,161.63793103448276,14158325956,2026-04-20 15:43:39.467287,20/04/26,15:43:39
22589,0.16,22.589,159.36960467484172,14158348545,2026-04-20 15:44:02.056287,20/04/26,15:44:2
22428,0.16,22.428,160.51364365971108,14158370973,2026-04-20 15:44:24.484287,20/04/26,15:44:24
22518,0.16,22.518,159.8721023181455,14158393491,2026-04-20 15:44:47.002287,20/04/26,15:44:47
22751,0.16,22.751,158.2348028658081,14158416242,2026-04-20 15:45:09.753287,20/04/26,15:45:9
22816,0.16,22.816,157.78401122019636,14158439058,2026-04-20 15:45:32.569287,20/04/26,15:45:32
22876,0.16,22.876,157.37016961007168,14158461934,2026-04-20 15:45:55.445287,20/04/26,15:45:55
22739,0.16,22.739,158.31830775319935,14158484673,2026-04-20 15:46:18.184287,20/04/26,15:46:18
22414,0.16,22.414,160.61390202551976,14158507087,2026-04-20 15:46:40.598287,20/04/26,15:46:40
22494,0.16,22.494,160.04267804747934,14158529581,2026-04-20 15:47:03.092287,20/04/26,15:47:3
22691,0.16,22.691,158.6532105239963,14158552272,2026-04-20 15:47:25.783287,20/04/26,15:47:25
22617,0.16,22.617,159.17230401910066,14158574889,2026-04-20 15:47:48.400287,20/04/26,15:47:48
22596,0.16,22.596,159.32023366967604,14158597485,2026-04-20 15:48:10.996287,20/04/26,15:48:10
22644,0.16,22.644,158.9825119236884,14158620129,2026-04-20 15:48:33.640287,20/04/26,15:48:33
22739,0.16,22.739,158.31830775319935,14158642868,2026-04-20 15:48:56.379287,20/04/26,15:48:56
22512,0.16,22.512,159.9147121535181,14158665380,2026-04-20 15:49:18.891287,20/04/26,15:49:18
22363,0.16,22.363,160.98019049322542,14158687743,2026-04-20 15:49:41.254287,20/04/26,15:49:41
22230,0.16,22.23,161.94331983805668,14158709973,2026-04-20 15:50:03.484287,20/04/26,15:50:3
22277,0.16,22.277,161.6016519279975,14158732250,2026-04-20 15:50:25.761287,20/04/26,15:50:25
22437,0.16,22.437,160.4492579221821,14158754687,2026-04-20 15:50:48.198287,20/04/26,15:50:48
22346,0.16,22.346,161.1026581938602,14158777033,2026-04-20 15:51:10.544287,20/04/26,15:51:10
22466,0.16,22.466,160.24214368378884,14158799499,2026-04-20 15:51:33.010287,20/04/26,15:51:33
22203,0.16,22.203,162.14025131738956,14158821702,2026-04-20 15:51:55.213287,20/04/26,15:51:55
22431,0.16,22.431,160.4921760064197,14158844133,2026-04-20 15:52:17.644287,20/04/26,15:52:17
22334,0.16,22.334,161.18921823229158,14158866467,2026-04-20 15:52:39.978287,20/04/26,15:52:39
22288,0.16,22.288,161.5218951902369,14158888755,2026-04-20 15:53:02.266287,20/04/26,15:53:2
22493,0.16,22.493,160.04979326901702,14158911248,2026-04-20 15:53:24.759287,20/04/26,15:53:24
22403,0.16,22.403,160.6927643619158,14158933651,2026-04-20 15:53:47.162287,20/04/26,15:53:47
18897,0.19,18.897,190.50642959199874,14158952548,2026-04-20 15:54:06.059287,20/04/26,15:54:6
21640,0.17,21.64,166.35859519408504,14158974188,2026-04-20 15:54:27.699287,20/04/26,15:54:27
22297,0.16,22.297,161.4566982105216,14158996485,2026-04-20 15:54:49.996287,20/04/26,15:54:49
22518,0.16,22.518,159.8721023181455,14159019003,2026-04-20 15:55:12.514287,20/04/26,15:55:12
22219,0.16,22.219,162.02349340654393,14159041222,2026-04-20 15:55:34.733287,20/04/26,15:55:34
22443,0.16,22.443,160.40636278572384,14159063665,2026-04-20 15:55:57.176287,20/04/26,15:55:57
22392,0.16,22.392,160.77170418006432,14159086057,2026-04-20 15:56:19.568287,20/04/26,15:56:19
22448,0.16,22.448,160.37063435495367,14159108505,2026-04-20 15:56:42.016287,20/04/26,15:56:42
21051,0.17,21.051,171.01325352714835,14159129556,2026-04-20 15:57:03.067287,20/04/26,15:57:3
13214,0.27,13.214,272.43832299076735,14159142770,2026-04-20 15:57:16.281287,20/04/26,15:57:16
14797,0.24,14.797,243.29255930256133,14159157567,2026-04-20 15:57:31.078287,20/04/26,15:57:31
14935,0.24,14.935,241.04452628054904,14159172502,2026-04-20 15:57:46.013287,20/04/26,15:57:46
14894,0.24,14.894,241.70807036390494,14159187396,2026-04-20 15:58:00.907287,20/04/26,15:58:0
14956,0.24,14.956,240.70607114201658,14159202352,2026-04-20 15:58:15.863287,20/04/26,15:58:15
14935,0.24,14.935,241.04452628054904,14159217287,2026-04-20 15:58:30.798287,20/04/26,15:58:30
15088,0.24,15.088,238.60021208907742,14159232375,2026-04-20 15:58:45.886287,20/04/26,15:58:45
15144,0.24,15.144,237.71790808240888,14159247519,2026-04-20 15:59:01.030287,20/04/26,15:59:1
15165,0.24,15.165,237.3887240356083,14159262684,2026-04-20 15:59:16.195287,20/04/26,15:59:16
15260,0.23,15.26,235.91087811271296,14159277944,2026-04-20 15:59:31.455287,20/04/26,15:59:31
15268,0.23,15.268,235.78726748755568,14159293212,2026-04-20 15:59:46.723287,20/04/26,15:59:46
15277,0.23,15.277,235.64836028015972,14159308489,2026-04-20 16:00:02.000287,20/04/26,16:0:2
15378,0.23,15.378,234.10066328521265,14159323867,2026-04-20 16:00:17.378287,20/04/26,16:0:17
15321,0.23,15.321,234.9716075974153,14159339188,2026-04-20 16:00:32.699287,20/04/26,16:0:32
15414,0.23,15.414,233.55391202802647,14159354602,2026-04-20 16:00:48.113287,20/04/26,16:0:48
15309,0.23,15.309,235.15579071134627,14159369911,2026-04-20 16:01:03.422287,20/04/26,16:1:3
15413,0.23,15.413,233.56906507493673,14159385324,2026-04-20 16:01:18.835287,20/04/26,16:1:18
15429,0.23,15.429,233.326852031888,14159400753,2026-04-20 16:01:34.264287,20/04/26,16:1:34
15486,0.23,15.486,232.4680356450988,14159416239,2026-04-20 16:01:49.750287,20/04/26,16:1:49
15406,0.23,15.406,233.67519148383747,14159431645,2026-04-20 16:02:05.156287,20/04/26,16:2:5
15420,0.23,15.42,233.46303501945525,14159447065,2026-04-20 16:02:20.576287,20/04/26,16:2:20
15448,0.23,15.448,233.03987571206628,14159462513,2026-04-20 16:02:36.024287,20/04/26,16:2:36
15472,0.23,15.472,232.6783867631851,14159477985,2026-04-20 16:02:51.496287,20/04/26,16:2:51
15561,0.23,15.561,231.3475997686524,14159493546,2026-04-20 16:03:07.057287,20/04/26,16:3:7
15513,0.23,15.513,232.0634306710501,14159509059,2026-04-20 16:03:22.570287,20/04/26,16:3:22
15557,0.23,15.557,231.40708362794882,14159524616,2026-04-20 16:03:38.127287,20/04/26,16:3:38
15578,0.23,15.578,231.095134163564,14159540194,2026-04-20 16:03:53.705287,20/04/26,16:3:53
15210,0.24,15.21,236.68639053254438,14159555404,2026-04-20 16:04:08.915287,20/04/26,16:4:8
15253,0.24,15.253,236.0191437749951,14159570657,2026-04-20 16:04:24.168287,20/04/26,16:4:24
15384,0.23,15.384,234.00936037441497,14159586041,2026-04-20 16:04:39.552287,20/04/26,16:4:39
15198,0.24,15.198,236.8732727990525,14159601239,2026-04-20 16:04:54.750287,20/04/26,16:4:54
15380,0.23,15.38,234.0702210663199,14159616619,2026-04-20 16:05:10.130287,20/04/26,16:5:10
15567,0.23,15.567,231.25843129697438,14159632186,2026-04-20 16:05:25.697287,20/04/26,16:5:25
15638,0.23,15.638,230.20846655582557,14159647824,2026-04-20 16:05:41.335287,20/04/26,16:5:41
19949,0.18,19.949,180.4601734422778,14159667773,2026-04-20 16:06:01.284287,20/04/26,16:6:1
21388,0.17,21.388,168.3186833738545,14159689161,2026-04-20 16:06:22.672287,20/04/26,16:6:22
22107,0.16,22.107,162.84434794409012,14159711268,2026-04-20 16:06:44.779287,20/04/26,16:6:44
22270,0.16,22.27,161.65244723843736,14159733538,2026-04-20 16:07:07.049287,20/04/26,16:7:7
22122,0.16,22.122,162.73393002441009,14159755660,2026-04-20 16:07:29.171287,20/04/26,16:7:29
22221,0.16,22.221,162.00891049007694,14159777881,2026-04-20 16:07:51.392287,20/04/26,16:7:51
21728,0.17,21.728,165.68483063328424,14159799609,2026-04-20 16:08:13.120287,20/04/26,16:8:13
22101,0.16,22.101,162.8885570788652,14159821710,2026-04-20 16:08:35.221287,20/04/26,16:8:35
22359,0.16,22.359,161.00898966858983,14159844069,2026-04-20 16:08:57.580287,20/04/26,16:8:57
22339,0.16,22.339,161.1531402479968,14159866408,2026-04-20 16:09:19.919287,20/04/26,16:9:19
21821,0.16,21.821,164.97869025250904,14159888229,2026-04-20 16:09:41.740287,20/04/26,16:9:41
21454,0.17,21.454,167.80087629346508,14159909683,2026-04-20 16:10:03.194287,20/04/26,16:10:3
21574,0.17,21.574,166.86752572541022,14159931257,2026-04-20 16:10:24.768287,20/04/26,16:10:24
21950,0.16,21.95,164.00911161731207,14159953207,2026-04-20 16:10:46.718287,20/04/26,16:10:46
21952,0.16,21.952,163.9941690962099,14159975159,2026-04-20 16:11:08.670287,20/04/26,16:11:8
22159,0.16,22.159,162.4622049731486,14159997318,2026-04-20 16:11:30.829287,20/04/26,16:11:30
22285,0.16,22.285,161.54363921920574,14160019603,2026-04-20 16:11:53.114287,20/04/26,16:11:53
22217,0.16,22.217,162.0380789485529,14160041820,2026-04-20 16:12:15.331287,20/04/26,16:12:15
21958,0.16,21.958,163.94935786501503,14160063778,2026-04-20 16:12:37.289287,20/04/26,16:12:37
21859,0.16,21.859,164.69188892447048,14160085637,2026-04-20 16:12:59.148287,20/04/26,16:12:59
21262,0.17,21.262,169.31615087950334,14160106899,2026-04-20 16:13:20.410287,20/04/26,16:13:20
20993,0.17,20.993,171.48573333968466,14160127892,2026-04-20 16:13:41.403287,20/04/26,16:13:41
21548,0.17,21.548,167.06886950064973,14160149440,2026-04-20 16:14:02.951287,20/04/26,16:14:2
21658,0.17,21.658,166.22033428756117,14160171098,2026-04-20 16:14:24.609287,20/04/26,16:14:24
21620,0.17,21.62,166.51248843663274,14160192718,2026-04-20 16:14:46.229287,20/04/26,16:14:46
21786,0.17,21.786,165.24373450839988,14160214504,2026-04-20 16:15:08.015287,20/04/26,16:15:8
21728,0.17,21.728,165.68483063328424,14160236232,2026-04-20 16:15:29.743287,20/04/26,16:15:29
21776,0.17,21.776,165.31961792799413,14160258008,2026-04-20 16:15:51.519287,20/04/26,16:15:51
21656,0.17,21.656,166.2356852604359,14160279664,2026-04-20 16:16:13.175287,20/04/26,16:16:13
21345,0.17,21.345,168.65776528460998,14160301009,2026-04-20 16:16:34.520287,20/04/26,16:16:34
21702,0.17,21.702,165.8833287254631,14160322711,2026-04-20 16:16:56.222287,20/04/26,16:16:56
21646,0.17,21.646,166.31248267578306,14160344357,2026-04-20 16:17:17.868287,20/04/26,16:17:17
21672,0.17,21.672,166.11295681063123,14160366029,2026-04-20 16:17:39.540287,20/04/26,16:17:39
21592,0.17,21.592,166.72841793256762,14160387621,2026-04-20 16:18:01.132287,20/04/26,16:18:1
21475,0.17,21.475,167.63678696158323,14160409096,2026-04-20 16:18:22.607287,20/04/26,16:18:22
22170,0.16,22.17,162.38159675236807,14160431266,2026-04-20 16:18:44.777287,20/04/26,16:18:44
22126,0.16,22.126,162.70451053059747,14160453392,2026-04-20 16:19:06.903287,20/04/26,16:19:6
22029,0.16,22.029,163.42094511779928,14160475421,2026-04-20 16:19:28.932287,20/04/26,16:19:28
22097,0.16,22.097,162.91804317328143,14160497518,2026-04-20 16:19:51.029287,20/04/26,16:19:51
22195,0.16,22.195,162.19869339941428,14160519713,2026-04-20 16:20:13.224287,20/04/26,16:20:13
22036,0.16,22.036,163.36903249228536,14160541749,2026-04-20 16:20:35.260287,20/04/26,16:20:35
22261,0.16,22.261,161.71780243475135,14160564010,2026-04-20 16:20:57.521287,20/04/26,16:20:57
22083,0.16,22.083,163.02132862382828,14160586093,2026-04-20 16:21:19.604287,20/04/26,16:21:19
22159,0.16,22.159,162.4622049731486,14160608252,2026-04-20 16:21:41.763287,20/04/26,16:21:41
22416,0.16,22.416,160.59957173447538,14160630668,2026-04-20 16:22:04.179287,20/04/26,16:22:4
22128,0.16,22.128,162.68980477223428,14160652796,2026-04-20 16:22:26.307287,20/04/26,16:22:26
22267,0.16,22.267,161.674226433736,14160675063,2026-04-20 16:22:48.574287,20/04/26,16:22:48
22344,0.16,22.344,161.1170784103115,14160697407,2026-04-20 16:23:10.918287,20/04/26,16:23:10
22209,0.16,22.209,162.0964473861948,14160719616,2026-04-20 16:23:33.127287,20/04/26,16:23:33
22261,0.16,22.261,161.71780243475135,14160741877,2026-04-20 16:23:55.388287,20/04/26,16:23:55
22207,0.16,22.207,162.1110460665556,14160764084,2026-04-20 16:24:17.595287,20/04/26,16:24:17
22327,0.16,22.327,161.2397545572625,14160786411,2026-04-20 16:24:39.922287,20/04/26,16:24:39
22455,0.16,22.455,160.32064128256513,14160808866,2026-04-20 16:25:02.377287,20/04/26,16:25:2
22269,0.16,22.269,161.6597063182002,14160831135,2026-04-20 16:25:24.646287,20/04/26,16:25:24
22392,0.16,22.392,160.77170418006432,14160853527,2026-04-20 16:25:47.038287,20/04/26,16:25:47
22404,0.16,22.404,160.68559185859667,14160875931,2026-04-20 16:26:09.442287,20/04/26,16:26:9
22292,0.16,22.292,161.49291225551767,14160898223,2026-04-20 16:26:31.734287,20/04/26,16:26:31
22367,0.16,22.367,160.95140161845575,14160920590,2026-04-20 16:26:54.101287,20/04/26,16:26:54
22373,0.16,22.373,160.90823760783087,14160942963,2026-04-20 16:27:16.474287,20/04/26,16:27:16
22341,0.16,22.341,161.1387135759366,14160965304,2026-04-20 16:27:38.815287,20/04/26,16:27:38
22410,0.16,22.41,160.6425702811245,14160987714,2026-04-20 16:28:01.225287,20/04/26,16:28:1
23732,0.15,23.732,151.69391538850496,14161011446,2026-04-20 16:28:24.957287,20/04/26,16:28:24
17932,0.2,17.932,200.7584207004238,14161029378,2026-04-20 16:28:42.889287,20/04/26,16:28:42
26765,0.13,26.765,134.5040164393798,14161056143,2026-04-20 16:29:09.654287,20/04/26,16:29:9
26044,0.14,26.044,138.22761480571342,14161082187,2026-04-20 16:29:35.698287,20/04/26,16:29:35
26288,0.14,26.288,136.94461351186854,14161108475,2026-04-20 16:30:01.986287,20/04/26,16:30:1
26458,0.14,26.458,136.06470632700885,14161134933,2026-04-20 16:30:28.444287,20/04/26,16:30:28
26586,0.14,26.586,135.40961408259986,14161161519,2026-04-20 16:30:55.030287,20/04/26,16:30:55
26416,0.14,26.416,136.28104179285282,14161187935,2026-04-20 16:31:21.446287,20/04/26,16:31:21
26484,0.14,26.484,135.9311282283643,14161214419,2026-04-20 16:31:47.930287,20/04/26,16:31:47
26365,0.14,26.365,136.54466148302674,14161240784,2026-04-20 16:32:14.295287,20/04/26,16:32:14
26324,0.14,26.324,136.7573317125057,14161267108,2026-04-20 16:32:40.619287,20/04/26,16:32:40
26525,0.14,26.525,135.72101790763432,14161293633,2026-04-20 16:33:07.144287,20/04/26,16:33:7
26337,0.14,26.337,136.6898279986331,14161319970,2026-04-20 16:33:33.481287,20/04/26,16:33:33
26431,0.14,26.431,136.20370020052212,14161346401,2026-04-20 16:33:59.912287,20/04/26,16:33:59
26314,0.14,26.314,136.8093030326062,14161372715,2026-04-20 16:34:26.226287,20/04/26,16:34:26
26538,0.14,26.538,135.65453312231517,14161399253,2026-04-20 16:34:52.764287,20/04/26,16:34:52
26433,0.14,26.433,136.19339462036092,14161425686,2026-04-20 16:35:19.197287,20/04/26,16:35:19
26558,0.14,26.558,135.5523759319226,14161452244,2026-04-20 16:35:45.755287,20/04/26,16:35:45
26529,0.14,26.529,135.70055411059596,14161478773,2026-04-20 16:36:12.284287,20/04/26,16:36:12
26410,0.14,26.41,136.31200302915562,14161505183,2026-04-20 16:36:38.694287,20/04/26,16:36:38
26539,0.14,26.539,135.64942160593844,14161531722,2026-04-20 16:37:05.233287,20/04/26,16:37:5
26284,0.14,26.284,136.96545426875664,14161558006,2026-04-20 16:37:31.517287,20/04/26,16:37:31
26466,0.14,26.466,136.02357742008616,14161584472,2026-04-20 16:37:57.983287,20/04/26,16:37:57
26323,0.14,26.323,136.76252706758348,14161610795,2026-04-20 16:38:24.306287,20/04/26,16:38:24
26181,0.14,26.181,137.50429700928154,14161636976,2026-04-20 16:38:50.487287,20/04/26,16:38:50
26195,0.14,26.195,137.4308074059935,14161663171,2026-04-20 16:39:16.682287,20/04/26,16:39:16
26083,0.14,26.083,138.02093317486487,14161689254,2026-04-20 16:39:42.765287,20/04/26,16:39:42
26141,0.14,26.141,137.7147010443365,14161715395,2026-04-20 16:40:08.906287,20/04/26,16:40:8
25971,0.14,25.971,138.61614878133304,14161741366,2026-04-20 16:40:34.877287,20/04/26,16:40:34
26277,0.14,26.277,137.00194086082885,14161767643,2026-04-20 16:41:01.154287,20/04/26,16:41:1
26062,0.14,26.062,138.1321464200752,14161793705,2026-04-20 16:41:27.216287,20/04/26,16:41:27
26197,0.14,26.197,137.420315303279,14161819902,2026-04-20 16:41:53.413287,20/04/26,16:41:53
25548,0.14,25.548,140.91122592766558,14161845450,2026-04-20 16:42:18.961287,20/04/26,16:42:18
25452,0.14,25.452,141.44271570014143,14161870902,2026-04-20 16:42:44.413287,20/04/26,16:42:44
25553,0.14,25.553,140.8836535827496,14161896455,2026-04-20 16:43:09.966287,20/04/26,16:43:9
25707,0.14,25.707,140.0396779087408,14161922162,2026-04-20 16:43:35.673287,20/04/26,16:43:35
25704,0.14,25.704,140.0560224089636,14161947866,2026-04-20 16:44:01.377287,20/04/26,16:44:1
25599,0.14,25.599,140.6304933786476,14161973465,2026-04-20 16:44:26.976287,20/04/26,16:44:26
25640,0.14,25.64,140.40561622464898,14161999105,2026-04-20 16:44:52.616287,20/04/26,16:44:52
25662,0.14,25.662,140.2852466682254,14162024767,2026-04-20 16:45:18.278287,20/04/26,16:45:18
26227,0.14,26.227,137.26312578640332,14162050994,2026-04-20 16:45:44.505287,20/04/26,16:45:44
26288,0.14,26.288,136.94461351186854,14162077282,2026-04-20 16:46:10.793287,20/04/26,16:46:10
26206,0.14,26.206,137.373120659391,14162103488,2026-04-20 16:46:36.999287,20/04/26,16:46:36
26651,0.14,26.651,135.07935912348503,14162130139,2026-04-20 16:47:03.650287,20/04/26,16:47:3
26548,0.14,26.548,135.60343528702728,14162156687,2026-04-20 16:47:30.198287,20/04/26,16:47:30
26581,0.14,26.581,135.4350852112411,14162183268,2026-04-20 16:47:56.779287,20/04/26,16:47:56
26507,0.14,26.507,135.81318142377486,14162209775,2026-04-20 16:48:23.286287,20/04/26,16:48:23
26649,0.14,26.649,135.08949679162444,14162236424,2026-04-20 16:48:49.935287,20/04/26,16:48:49
26659,0.14,26.659,135.03882366180278,14162263083,2026-04-20 16:49:16.594287,20/04/26,16:49:16
26724,0.13,26.724,134.7103726986978,14162289807,2026-04-20 16:49:43.318287,20/04/26,16:49:43
26630,0.14,26.63,135.18588058580548,14162316437,2026-04-20 16:50:09.948287,20/04/26,16:50:9
26428,0.14,26.428,136.21916149538367,14162342865,2026-04-20 16:50:36.376287,20/04/26,16:50:36
26694,0.13,26.694,134.86176668914362,14162369559,2026-04-20 16:51:03.070287,20/04/26,16:51:3
26580,0.14,26.58,135.44018058690745,14162396139,2026-04-20 16:51:29.650287,20/04/26,16:51:29
26797,0.13,26.797,134.3433966488786,14162422936,2026-04-20 16:51:56.447287,20/04/26,16:51:56
26438,0.14,26.438,136.16763749148953,14162449374,2026-04-20 16:52:22.885287,20/04/26,16:52:22
26561,0.14,26.561,135.53706562252927,14162475935,2026-04-20 16:52:49.446287,20/04/26,16:52:49
26716,0.13,26.716,134.75071118430904,14162502651,2026-04-20 16:53:16.162287,20/04/26,16:53:16
26702,0.13,26.702,134.82136169575313,14162529353,2026-04-20 16:53:42.864287,20/04/26,16:53:42
27149,0.13,27.149,132.6015691185679,14162556502,2026-04-20 16:54:10.013287,20/04/26,16:54:10
20849,0.17,20.849,172.67015204566167,14162577351,2026-04-20 16:54:30.862287,20/04/26,16:54:30
16729,0.22,16.729,215.19517006396077,14162594080,2026-04-20 16:54:47.591287,20/04/26,16:54:47
16552,0.22,16.552,217.49637506041566,14162610632,2026-04-20 16:55:04.143287,20/04/26,16:55:4
16575,0.22,16.575,217.1945701357466,14162627207,2026-04-20 16:55:20.718287,20/04/26,16:55:20
16717,0.22,16.717,215.34964407489383,14162643924,2026-04-20 16:55:37.435287,20/04/26,16:55:37
16832,0.21,16.832,213.87832699619773,14162660756,2026-04-20 16:55:54.267287,20/04/26,16:55:54
16908,0.21,16.908,212.91696238466997,14162677664,2026-04-20 16:56:11.175287,20/04/26,16:56:11
16851,0.21,16.851,213.63717286807903,14162694515,2026-04-20 16:56:28.026287,20/04/26,16:56:28
16978,0.21,16.978,212.03910943574036,14162711493,2026-04-20 16:56:45.004287,20/04/26,16:56:45
17080,0.21,17.08,210.7728337236534,14162728573,2026-04-20 16:57:02.084287,20/04/26,16:57:2
17004,0.21,17.004,211.71489061397318,14162745577,2026-04-20 16:57:19.088287,20/04/26,16:57:19
17096,0.21,17.096,210.5755732335049,14162762673,2026-04-20 16:57:36.184287,20/04/26,16:57:36
17194,0.21,17.194,209.37536349889496,14162779867,2026-04-20 16:57:53.378287,20/04/26,16:57:53
17252,0.21,17.252,208.6714583816369,14162797119,2026-04-20 16:58:10.630287,20/04/26,16:58:10
17155,0.21,17.155,209.8513552900029,14162814274,2026-04-20 16:58:27.785287,20/04/26,16:58:27
17269,0.21,17.269,208.46603740807228,14162831543,2026-04-20 16:58:45.054287,20/04/26,16:58:45
17392,0.21,17.392,206.99172033118674,14162848935,2026-04-20 16:59:02.446287,20/04/26,16:59:2
17290,0.21,17.29,208.21283979178716,14162866225,2026-04-20 16:59:19.736287,20/04/26,16:59:19
17444,0.21,17.444,206.37468470534282,14162883669,2026-04-20 16:59:37.180287,20/04/26,16:59:37
17433,0.21,17.433,206.50490449148168,14162901102,2026-04-20 16:59:54.613287,20/04/26,16:59:54
17529,0.2,17.529,205.37395173712133,14162918631,2026-04-20 17:00:12.142287,20/04/26,17:0:12
17459,0.21,17.459,206.19737671115183,14162936090,2026-04-20 17:00:29.601287,20/04/26,17:0:29
17566,0.2,17.566,204.94136399863373,14162953656,2026-04-20 17:00:47.167287,20/04/26,17:0:47
16828,0.21,16.828,213.92916567625386,14162970484,2026-04-20 17:01:03.995287,20/04/26,17:1:3
14547,0.25,14.547,247.47370591874613,14162985031,2026-04-20 17:01:18.542287,20/04/26,17:1:18
14584,0.25,14.584,246.84585847504115,14162999615,2026-04-20 17:01:33.126287,20/04/26,17:1:33
14597,0.25,14.597,246.62601904500926,14163014212,2026-04-20 17:01:47.723287,20/04/26,17:1:47
14757,0.24,14.757,243.95202276885547,14163028969,2026-04-20 17:02:02.480287,20/04/26,17:2:2
14634,0.25,14.634,246.00246002460025,14163043603,2026-04-20 17:02:17.114287,20/04/26,17:2:17
14796,0.24,14.796,243.30900243309003,14163058399,2026-04-20 17:02:31.910287,20/04/26,17:2:31
14884,0.24,14.884,241.87046492878258,14163073283,2026-04-20 17:02:46.794287,20/04/26,17:2:46
15022,0.24,15.022,239.64851551058447,14163088305,2026-04-20 17:03:01.816287,20/04/26,17:3:1
14923,0.24,14.923,241.2383568987469,14163103228,2026-04-20 17:03:16.739287,20/04/26,17:3:16
14896,0.24,14.896,241.67561761546725,14163118124,2026-04-20 17:03:31.635287,20/04/26,17:3:31
19948,0.18,19.948,180.469219971927,14163138072,2026-04-20 17:03:51.583287,20/04/26,17:3:51
21257,0.17,21.257,169.35597685468315,14163159329,2026-04-20 17:04:12.840287,20/04/26,17:4:12
20955,0.17,20.955,171.7967072297781,14163180284,2026-04-20 17:04:33.795287,20/04/26,17:4:33
21083,0.17,21.083,170.7536878053408,14163201367,2026-04-20 17:04:54.878287,20/04/26,17:4:54
20959,0.17,20.959,171.7639200343528,14163222326,2026-04-20 17:05:15.837287,20/04/26,17:5:15
20955,0.17,20.955,171.7967072297781,14163243281,2026-04-20 17:05:36.792287,20/04/26,17:5:36
21085,0.17,21.085,170.73749110742233,14163264366,2026-04-20 17:05:57.877287,20/04/26,17:5:57
20900,0.17,20.9,172.2488038277512,14163285266,2026-04-20 17:06:18.777287,20/04/26,17:6:18
20956,0.17,20.956,171.78850925749188,14163306222,2026-04-20 17:06:39.733287,20/04/26,17:6:39
20967,0.17,20.967,171.69838317355845,14163327189,2026-04-20 17:07:00.700287,20/04/26,17:7:0
20573,0.17,20.573,174.98663296553735,14163347762,2026-04-20 17:07:21.273287,20/04/26,17:7:21
20998,0.17,20.998,171.44489951423944,14163368760,2026-04-20 17:07:42.271287,20/04/26,17:7:42
21009,0.17,21.009,171.3551335142082,14163389769,2026-04-20 17:08:03.280287,20/04/26,17:8:3
21048,0.17,21.048,171.0376282782212,14163410817,2026-04-20 17:08:24.328287,20/04/26,17:8:24
21112,0.17,21.112,170.5191360363774,14163431929,2026-04-20 17:08:45.440287,20/04/26,17:8:45
21119,0.17,21.119,170.46261660116483,14163453048,2026-04-20 17:09:06.559287,20/04/26,17:9:6
21023,0.17,21.023,171.24102173809638,14163474071,2026-04-20 17:09:27.582287,20/04/26,17:9:27
21074,0.17,21.074,170.8266109898453,14163495145,2026-04-20 17:09:48.656287,20/04/26,17:9:48
21093,0.17,21.093,170.67273503057888,14163516238,2026-04-20 17:10:09.749287,20/04/26,17:10:9
20923,0.17,20.923,172.05945610094156,14163537161,2026-04-20 17:10:30.672287,20/04/26,17:10:30
21217,0.17,21.217,169.6752604043927,14163558378,2026-04-20 17:10:51.889287,20/04/26,17:10:51
21191,0.17,21.191,169.88344108347883,14163579569,2026-04-20 17:11:13.080287,20/04/26,17:11:13
21045,0.17,21.045,171.06200997861725,14163600614,2026-04-20 17:11:34.125287,20/04/26,17:11:34
21278,0.17,21.278,169.18883353698655,14163621892,2026-04-20 17:11:55.403287,20/04/26,17:11:55
21211,0.17,21.211,169.7232568007166,14163643103,2026-04-20 17:12:16.614287,20/04/26,17:12:16
21091,0.17,21.091,170.68891944431275,14163664194,2026-04-20 17:12:37.705287,20/04/26,17:12:37
21282,0.17,21.282,169.15703411333521,14163685476,2026-04-20 17:12:58.987287,20/04/26,17:12:58
21163,0.17,21.163,170.10820772102255,14163706639,2026-04-20 17:13:20.150287,20/04/26,17:13:20
21234,0.17,21.234,169.53941791466517,14163727873,2026-04-20 17:13:41.384287,20/04/26,17:13:41
21371,0.17,21.371,168.45257592064013,14163749244,2026-04-20 17:14:02.755287,20/04/26,17:14:2
20946,0.17,20.946,171.87052420509883,14163770190,2026-04-20 17:14:23.701287,20/04/26,17:14:23
20958,0.17,20.958,171.7721156598912,14163791148,2026-04-20 17:14:44.659287,20/04/26,17:14:44
21229,0.17,21.229,169.57934900372132,14163812377,2026-04-20 17:15:05.888287,20/04/26,17:15:5
20945,0.17,20.945,171.8787300071616,14163833322,2026-04-20 17:15:26.833287,20/04/26,17:15:26
21150,0.17,21.15,170.2127659574468,14163854472,2026-04-20 17:15:47.983287,20/04/26,17:15:47
21211,0.17,21.211,169.7232568007166,14163875683,2026-04-20 17:16:09.194287,20/04/26,17:16:9
21099,0.17,21.099,170.62420019906156,14163896782,2026-04-20 17:16:30.293287,20/04/26,17:16:30
21168,0.17,21.168,170.06802721088437,14163917950,2026-04-20 17:16:51.461287,20/04/26,17:16:51
21027,0.17,21.027,171.20844628334999,14163938977,2026-04-20 17:17:12.488287,20/04/26,17:17:12
20636,0.17,20.636,174.45241325838342,14163959613,2026-04-20 17:17:33.124287,20/04/26,17:17:33
21206,0.17,21.206,169.76327454494012,14163980819,2026-04-20 17:17:54.330287,20/04/26,17:17:54
21246,0.17,21.246,169.44365998305562,14164002065,2026-04-20 17:18:15.576287,20/04/26,17:18:15
21078,0.17,21.078,170.79419299743807,14164023143,2026-04-20 17:18:36.654287,20/04/26,17:18:36
21113,0.17,21.113,170.51105953677828,14164044256,2026-04-20 17:18:57.767287,20/04/26,17:18:57
21071,0.17,21.071,170.85093256134024,14164065327,2026-04-20 17:19:18.838287,20/04/26,17:19:18
21043,0.17,21.043,171.0782683077508,14164086370,2026-04-20 17:19:39.881287,20/04/26,17:19:39
21200,0.17,21.2,169.81132075471697,14164107570,2026-04-20 17:20:01.081287,20/04/26,17:20:1
21119,0.17,21.119,170.46261660116483,14164128689,2026-04-20 17:20:22.200287,20/04/26,17:20:22
21236,0.17,21.236,169.52345074401958,14164149925,2026-04-20 17:20:43.436287,20/04/26,17:20:43
21275,0.17,21.275,169.2126909518214,14164171200,2026-04-20 17:21:04.711287,20/04/26,17:21:4
20723,0.17,20.723,173.72002123244704,14164191923,2026-04-20 17:21:25.434287,20/04/26,17:21:25
21079,0.17,21.079,170.78609042174676,14164213002,2026-04-20 17:21:46.513287,20/04/26,17:21:46
21067,0.17,21.067,170.88337209854274,14164234069,2026-04-20 17:22:07.580287,20/04/26,17:22:7
20969,0.17,20.969,171.68200677190137,14164255038,2026-04-20 17:22:28.549287,20/04/26,17:22:28
21168,0.17,21.168,170.06802721088437,14164276206,2026-04-20 17:22:49.717287,20/04/26,17:22:49
21111,0.17,21.111,170.52721330112263,14164297317,2026-04-20 17:23:10.828287,20/04/26,17:23:10
21031,0.17,21.031,171.17588322000856,14164318348,2026-04-20 17:23:31.859287,20/04/26,17:23:31
21312,0.17,21.312,168.9189189189189,14164339660,2026-04-20 17:23:53.171287,20/04/26,17:23:53
21458,0.17,21.458,167.76959642091526,14164361118,2026-04-20 17:24:14.629287,20/04/26,17:24:14
21284,0.17,21.284,169.14113888366848,14164382402,2026-04-20 17:24:35.913287,20/04/26,17:24:35
21362,0.17,21.362,168.52354648441158,14164403764,2026-04-20 17:24:57.275287,20/04/26,17:24:57
21228,0.17,21.228,169.58733747880157,14164424992,2026-04-20 17:25:18.503287,20/04/26,17:25:18
21320,0.17,21.32,168.85553470919325,14164446312,2026-04-20 17:25:39.823287,20/04/26,17:25:39
21288,0.17,21.288,169.10935738444195,14164467600,2026-04-20 17:26:01.111287,20/04/26,17:26:1
21305,0.17,21.305,168.97441915043416,14164488905,2026-04-20 17:26:22.416287,20/04/26,17:26:22
21385,0.17,21.385,168.34229600187047,14164510290,2026-04-20 17:26:43.801287,20/04/26,17:26:43
21460,0.17,21.46,167.75396085740914,14164531750,2026-04-20 17:27:05.261287,20/04/26,17:27:5
21072,0.17,21.072,170.84282460136674,14164552822,2026-04-20 17:27:26.333287,20/04/26,17:27:26
21307,0.17,21.307,168.9585582203032,14164574129,2026-04-20 17:27:47.640287,20/04/26,17:27:47
21349,0.17,21.349,168.62616515996066,14164595478,2026-04-20 17:28:08.989287,20/04/26,17:28:8
21193,0.17,21.193,169.86740905015807,14164616671,2026-04-20 17:28:30.182287,20/04/26,17:28:30
21467,0.17,21.467,167.6992593282713,14164638138,2026-04-20 17:28:51.649287,20/04/26,17:28:51
21273,0.17,21.273,169.22859963333804,14164659411,2026-04-20 17:29:12.922287,20/04/26,17:29:12
21148,0.17,21.148,170.22886324947984,14164680559,2026-04-20 17:29:34.070287,20/04/26,17:29:34
21504,0.17,21.504,167.41071428571428,14164702063,2026-04-20 17:29:55.574287,20/04/26,17:29:55
21392,0.17,21.392,168.28721017202693,14164723455,2026-04-20 17:30:16.966287,20/04/26,17:30:16
21427,0.17,21.427,168.01232090353292,14164744882,2026-04-20 17:30:38.393287,20/04/26,17:30:38
21507,0.17,21.507,167.38736225414982,14164766389,2026-04-20 17:30:59.900287,20/04/26,17:30:59
21401,0.17,21.401,168.216438484183,14164787790,2026-04-20 17:31:21.301287,20/04/26,17:31:21
21259,0.17,21.259,169.3400442165671,14164809049,2026-04-20 17:31:42.560287,20/04/26,17:31:42
21442,0.17,21.442,167.89478593414793,14164830491,2026-04-20 17:32:04.002287,20/04/26,17:32:4
21217,0.17,21.217,169.6752604043927,14164851708,2026-04-20 17:32:25.219287,20/04/26,17:32:25
21221,0.17,21.221,169.6432778851138,14164872929,2026-04-20 17:32:46.440287,20/04/26,17:32:46
21304,0.17,21.304,168.98235073225686,14164894233,2026-04-20 17:33:07.744287,20/04/26,17:33:7
21200,0.17,21.2,169.81132075471697,14164915433,2026-04-20 17:33:28.944287,20/04/26,17:33:28
21348,0.17,21.348,168.63406408094434,14164936781,2026-04-20 17:33:50.292287,20/04/26,17:33:50
21294,0.17,21.294,169.06170752324599,14164958075,2026-04-20 17:34:11.586287,20/04/26,17:34:11
21139,0.17,21.139,170.30133875774635,14164979214,2026-04-20 17:34:32.725287,20/04/26,17:34:32
21334,0.17,21.334,168.74472672728976,14165000548,2026-04-20 17:34:54.059287,20/04/26,17:34:54
21353,0.17,21.353,168.59457687444387,14165021901,2026-04-20 17:35:15.412287,20/04/26,17:35:15
21338,0.17,21.338,168.71309401068515,14165043239,2026-04-20 17:35:36.750287,20/04/26,17:35:36
21477,0.17,21.477,167.62117614191925,14165064716,2026-04-20 17:35:58.227287,20/04/26,17:35:58
21354,0.17,21.354,168.58668165214948,14165086070,2026-04-20 17:36:19.581287,20/04/26,17:36:19
21363,0.17,21.363,168.51565791321443,14165107433,2026-04-20 17:36:40.944287,20/04/26,17:36:40
21363,0.17,21.363,168.51565791321443,14165128796,2026-04-20 17:37:02.307287,20/04/26,17:37:2
21087,0.17,21.087,170.72129748186086,14165149883,2026-04-20 17:37:23.394287,20/04/26,17:37:23
21149,0.17,21.149,170.2208142228947,14165171032,2026-04-20 17:37:44.543287,20/04/26,17:37:44
21365,0.17,21.365,168.49988298619238,14165192397,2026-04-20 17:38:05.908287,20/04/26,17:38:5
21215,0.17,21.215,169.69125618666038,14165213612,2026-04-20 17:38:27.123287,20/04/26,17:38:27
21396,0.17,21.396,168.25574873808188,14165235008,2026-04-20 17:38:48.519287,20/04/26,17:38:48
21247,0.17,21.247,169.4356850378877,14165256255,2026-04-20 17:39:09.766287,20/04/26,17:39:9
20954,0.17,20.954,171.80490598453756,14165277209,2026-04-20 17:39:30.720287,20/04/26,17:39:30
21216,0.17,21.216,169.68325791855204,14165298425,2026-04-20 17:39:51.936287,20/04/26,17:39:51
21225,0.17,21.225,169.6113074204947,14165319650,2026-04-20 17:40:13.161287,20/04/26,17:40:13
21115,0.17,21.115,170.49490883258346,14165340765,2026-04-20 17:40:34.276287,20/04/26,17:40:34
21155,0.17,21.155,170.17253604348855,14165361920,2026-04-20 17:40:55.431287,20/04/26,17:40:55
21077,0.17,21.077,170.80229634198415,14165382997,2026-04-20 17:41:16.508287,20/04/26,17:41:16
20973,0.17,20.973,171.64926333857818,14165403970,2026-04-20 17:41:37.481287,20/04/26,17:41:37
21228,0.17,21.228,169.58733747880157,14165425198,2026-04-20 17:41:58.709287,20/04/26,17:41:58
20673,0.17,20.673,174.140182847192,14165445871,2026-04-20 17:42:19.382287,20/04/26,17:42:19
20813,0.17,20.813,172.96881756594436,14165466684,2026-04-20 17:42:40.195287,20/04/26,17:42:40
20873,0.17,20.873,172.4716140468548,14165487557,2026-04-20 17:43:01.068287,20/04/26,17:43:1
20781,0.17,20.781,173.235166738848,14165508338,2026-04-20 17:43:21.849287,20/04/26,17:43:21
20974,0.17,20.974,171.64107943167733,14165529312,2026-04-20 17:43:42.823287,20/04/26,17:43:42
20732,0.17,20.732,173.64460737024888,14165550044,2026-04-20 17:44:03.555287,20/04/26,17:44:3
20895,0.17,20.895,172.29002153625268,14165570939,2026-04-20 17:44:24.450287,20/04/26,17:44:24
21104,0.17,21.104,170.58377558756635,14165592043,2026-04-20 17:44:45.554287,20/04/26,17:44:45
21245,0.17,21.245,169.45163567898328,14165613288,2026-04-20 17:45:06.799287,20/04/26,17:45:6
21071,0.17,21.071,170.85093256134024,14165634359,2026-04-20 17:45:27.870287,20/04/26,17:45:27
21134,0.17,21.134,170.34162960158986,14165655493,2026-04-20 17:45:49.004287,20/04/26,17:45:49
21016,0.17,21.016,171.2980586220023,14165676509,2026-04-20 17:46:10.020287,20/04/26,17:46:10
20826,0.17,20.826,172.8608470181504,14165697335,2026-04-20 17:46:30.846287,20/04/26,17:46:30
20918,0.17,20.918,172.10058322975428,14165718253,2026-04-20 17:46:51.764287,20/04/26,17:46:51
21329,0.17,21.329,168.78428430775,14165739582,2026-04-20 17:47:13.093287,20/04/26,17:47:13
20885,0.17,20.885,172.37251615992338,14165760467,2026-04-20 17:47:33.978287,20/04/26,17:47:33
21241,0.17,21.241,169.48354597241183,14165781708,2026-04-20 17:47:55.219287,20/04/26,17:47:55
21070,0.17,21.07,170.85904129093498,14165802778,2026-04-20 17:48:16.289287,20/04/26,17:48:16
21212,0.17,21.212,169.7152555157458,14165823990,2026-04-20 17:48:37.501287,20/04/26,17:48:37
21489,0.17,21.489,167.52757224626552,14165845479,2026-04-20 17:48:58.990287,20/04/26,17:48:58
21198,0.17,21.198,169.82734220209454,14165866677,2026-04-20 17:49:20.188287,20/04/26,17:49:20
21415,0.17,21.415,168.10646742937195,14165888092,2026-04-20 17:49:41.603287,20/04/26,17:49:41
21258,0.17,21.258,169.34801016088062,14165909350,2026-04-20 17:50:02.861287,20/04/26,17:50:2
21270,0.17,21.27,169.2524682651622,14165930620,2026-04-20 17:50:24.131287,20/04/26,17:50:24
21455,0.17,21.455,167.7930552318807,14165952075,2026-04-20 17:50:45.586287,20/04/26,17:50:45
21367,0.17,21.367,168.4841110123087,14165973442,2026-04-20 17:51:06.953287,20/04/26,17:51:6
21318,0.17,21.318,168.87137630171685,14165994760,2026-04-20 17:51:28.271287,20/04/26,17:51:28
15622,0.23,15.622,230.44424529509666,14166010382,2026-04-20 17:51:43.893287,20/04/26,17:51:43
14347,0.25,14.347,250.92353802188612,14166024729,2026-04-20 17:51:58.240287,20/04/26,17:51:58
14264,0.25,14.264,252.38362310712282,14166038993,2026-04-20 17:52:12.504287,20/04/26,17:52:12
14142,0.25,14.142,254.56088247772593,14166053135,2026-04-20 17:52:26.646287,20/04/26,17:52:26
14314,0.25,14.314,251.5020259885427,14166067449,2026-04-20 17:52:40.960287,20/04/26,17:52:40
14347,0.25,14.347,250.92353802188612,14166081796,2026-04-20 17:52:55.307287,20/04/26,17:52:55
14368,0.25,14.368,250.55679287305122,14166096164,2026-04-20 17:53:09.675287,20/04/26,17:53:9
14425,0.25,14.425,249.56672443674177,14166110589,2026-04-20 17:53:24.100287,20/04/26,17:53:24
14466,0.25,14.466,248.8593944421402,14166125055,2026-04-20 17:53:38.566287,20/04/26,17:53:38
14541,0.25,14.541,247.57582009490406,14166139596,2026-04-20 17:53:53.107287,20/04/26,17:53:53
14541,0.25,14.541,247.57582009490406,14166154137,2026-04-20 17:54:07.648287,20/04/26,17:54:7
14436,0.25,14.436,249.37655860349128,14166168573,2026-04-20 17:54:22.084287,20/04/26,17:54:22
14628,0.25,14.628,246.1033634126333,14166183201,2026-04-20 17:54:36.712287,20/04/26,17:54:36
14488,0.25,14.488,248.4815019326339,14166197689,2026-04-20 17:54:51.200287,20/04/26,17:54:51
14569,0.25,14.569,247.1000068638891,14166212258,2026-04-20 17:55:05.769287,20/04/26,17:55:5
14550,0.25,14.55,247.42268041237114,14166226808,2026-04-20 17:55:20.319287,20/04/26,17:55:20
14723,0.24,14.723,244.51538409291584,14166241531,2026-04-20 17:55:35.042287,20/04/26,17:55:35
14695,0.24,14.695,244.9812861517523,14166256226,2026-04-20 17:55:49.737287,20/04/26,17:55:49
14801,0.24,14.801,243.22680899939192,14166271027,2026-04-20 17:56:04.538287,20/04/26,17:56:4
14624,0.25,14.624,246.1706783369803,14166285651,2026-04-20 17:56:19.162287,20/04/26,17:56:19
14700,0.24,14.7,244.89795918367346,14166300351,2026-04-20 17:56:33.862287,20/04/26,17:56:33
14812,0.24,14.812,243.04617877396706,14166315163,2026-04-20 17:56:48.674287,20/04/26,17:56:48
14868,0.24,14.868,242.13075060532688,14166330031,2026-04-20 17:57:03.542287,20/04/26,17:57:3
14736,0.24,14.736,244.29967426710098,14166344767,2026-04-20 17:57:18.278287,20/04/26,17:57:18
14696,0.24,14.696,244.96461622210126,14166359463,2026-04-20 17:57:32.974287,20/04/26,17:57:32
14878,0.24,14.878,241.96800645248018,14166374341,2026-04-20 17:57:47.852287,20/04/26,17:57:47
14889,0.24,14.889,241.78924037880316,14166389230,2026-04-20 17:58:02.741287,20/04/26,17:58:2
14960,0.24,14.96,240.64171122994654,14166404190,2026-04-20 17:58:17.701287,20/04/26,17:58:17
14944,0.24,14.944,240.89935760171306,14166419134,2026-04-20 17:58:32.645287,20/04/26,17:58:32
15048,0.24,15.048,239.23444976076556,14166434182,2026-04-20 17:58:47.693287,20/04/26,17:58:47
14917,0.24,14.917,241.33538915331502,14166449099,2026-04-20 17:59:02.610287,20/04/26,17:59:2
15001,0.24,15.001,239.98400106659557,14166464100,2026-04-20 17:59:17.611287,20/04/26,17:59:17
14950,0.24,14.95,240.80267558528428,14166479050,2026-04-20 17:59:32.561287,20/04/26,17:59:32
15046,0.24,15.046,239.2662501661571,14166494096,2026-04-20 17:59:47.607287,20/04/26,17:59:47
15073,0.24,15.073,238.83765673721223,14166509169,2026-04-20 18:00:02.680287,20/04/26,18:0:2
15109,0.24,15.109,238.26858164008206,14166524278,2026-04-20 18:00:17.789287,20/04/26,18:0:17
15120,0.24,15.12,238.0952380952381,14166539398,2026-04-20 18:00:32.909287,20/04/26,18:0:32
16866,0.21,16.866,213.4471718249733,14166556264,2026-04-20 18:00:49.775287,20/04/26,18:0:49
21496,0.17,21.496,167.4730182359509,14166577760,2026-04-20 18:01:11.271287,20/04/26,18:1:11
21258,0.17,21.258,169.34801016088062,14166599018,2026-04-20 18:01:32.529287,20/04/26,18:1:32
21427,0.17,21.427,168.01232090353292,14166620445,2026-04-20 18:01:53.956287,20/04/26,18:1:53
21443,0.17,21.443,167.8869561162151,14166641888,2026-04-20 18:02:15.399287,20/04/26,18:2:15
21406,0.17,21.406,168.1771465944128,14166663294,2026-04-20 18:02:36.805287,20/04/26,18:2:36
21485,0.17,21.485,167.55876192692577,14166684779,2026-04-20 18:02:58.290287,20/04/26,18:2:58
21239,0.17,21.239,169.49950562644193,14166706018,2026-04-20 18:03:19.529287,20/04/26,18:3:19
21459,0.17,21.459,167.76177827484972,14166727477,2026-04-20 18:03:40.988287,20/04/26,18:3:40
21477,0.17,21.477,167.62117614191925,14166748954,2026-04-20 18:04:02.465287,20/04/26,18:4:2
21378,0.17,21.378,168.39741790625877,14166770332,2026-04-20 18:04:23.843287,20/04/26,18:4:23
21382,0.17,21.382,168.36591525582264,14166791714,2026-04-20 18:04:45.225287,20/04/26,18:4:45
21357,0.17,21.357,168.5630004214075,14166813071,2026-04-20 18:05:06.582287,20/04/26,18:5:6
21272,0.17,21.272,169.2365550959007,14166834343,2026-04-20 18:05:27.854287,20/04/26,18:5:27
21622,0.17,21.622,166.49708630098974,14166855965,2026-04-20 18:05:49.476287,20/04/26,18:5:49
21605,0.17,21.605,166.628095348299,14166877570,2026-04-20 18:06:11.081287,20/04/26,18:6:11
21402,0.17,21.402,168.20857863751053,14166898972,2026-04-20 18:06:32.483287,20/04/26,18:6:32
21360,0.17,21.36,168.53932584269663,14166920332,2026-04-20 18:06:53.843287,20/04/26,18:6:53
21130,0.17,21.13,170.37387600567914,14166941462,2026-04-20 18:07:14.973287,20/04/26,18:7:14
20794,0.17,20.794,173.12686351832258,14166962256,2026-04-20 18:07:35.767287,20/04/26,18:7:35
21178,0.17,21.178,169.98772310888657,14166983434,2026-04-20 18:07:56.945287,20/04/26,18:7:56
21189,0.17,21.189,169.8994761432819,14167004623,2026-04-20 18:08:18.134287,20/04/26,18:8:18
21416,0.17,21.416,168.09861785580875,14167026039,2026-04-20 18:08:39.550287,20/04/26,18:8:39
21305,0.17,21.305,168.97441915043416,14167047344,2026-04-20 18:09:00.855287,20/04/26,18:9:0
21465,0.17,21.465,167.71488469601678,14167068809,2026-04-20 18:09:22.320287,20/04/26,18:9:22
21491,0.17,21.491,167.51198175980642,14167090300,2026-04-20 18:09:43.811287,20/04/26,18:9:43
21331,0.17,21.331,168.7684590502086,14167111631,2026-04-20 18:10:05.142287,20/04/26,18:10:5
21425,0.17,21.425,168.02800466744458,14167133056,2026-04-20 18:10:26.567287,20/04/26,18:10:26
21502,0.17,21.502,167.42628592689053,14167154558,2026-04-20 18:10:48.069287,20/04/26,18:10:48
21267,0.17,21.267,169.27634363097758,14167175825,2026-04-20 18:11:09.336287,20/04/26,18:11:9
21471,0.17,21.471,167.66801732569513,14167197296,2026-04-20 18:11:30.807287,20/04/26,18:11:30
21616,0.17,21.616,166.54330125832718,14167218912,2026-04-20 18:11:52.423287,20/04/26,18:11:52
21757,0.17,21.757,165.46398860136966,14167240669,2026-04-20 18:12:14.180287,20/04/26,18:12:14
21455,0.17,21.455,167.7930552318807,14167262124,2026-04-20 18:12:35.635287,20/04/26,18:12:35
21401,0.17,21.401,168.216438484183,14167283525,2026-04-20 18:12:57.036287,20/04/26,18:12:57
21611,0.17,21.611,166.5818333256212,14167305136,2026-04-20 18:13:18.647287,20/04/26,18:13:18
21673,0.17,21.673,166.1052922991741,14167326809,2026-04-20 18:13:40.320287,20/04/26,18:13:40
21466,0.17,21.466,167.70707164818782,14167348275,2026-04-20 18:14:01.786287,20/04/26,18:14:1
21356,0.17,21.356,168.57089342573516,14167369631,2026-04-20 18:14:23.142287,20/04/26,18:14:23
21670,0.17,21.67,166.12828795569914,14167391301,2026-04-20 18:14:44.812287,20/04/26,18:14:44
21747,0.17,21.747,165.54007449303353,14167413048,2026-04-20 18:15:06.559287,20/04/26,18:15:6
21541,0.17,21.541,167.12316048465718,14167434589,2026-04-20 18:15:28.100287,20/04/26,18:15:28
21676,0.17,21.676,166.08230300793505,14167456265,2026-04-20 18:15:49.776287,20/04/26,18:15:49
21655,0.17,21.655,166.2433618102055,14167477920,2026-04-20 18:16:11.431287,20/04/26,18:16:11
21499,0.17,21.499,167.44964882087538,14167499419,2026-04-20 18:16:32.930287,20/04/26,18:16:32
21697,0.17,21.697,165.9215559754805,14167521116,2026-04-20 18:16:54.627287,20/04/26,18:16:54
21521,0.17,21.521,167.278472189954,14167542637,2026-04-20 18:17:16.148287,20/04/26,18:17:16
21369,0.17,21.369,168.46834199073425,14167564006,2026-04-20 18:17:37.517287,20/04/26,18:17:37
21617,0.17,21.617,166.5355969838553,14167585623,2026-04-20 18:17:59.134287,20/04/26,18:17:59
21612,0.17,21.612,166.5741254858412,14167607235,2026-04-20 18:18:20.746287,20/04/26,18:18:20
21671,0.17,21.671,166.12062202944026,14167628906,2026-04-20 18:18:42.417287,20/04/26,18:18:42
21708,0.17,21.708,165.8374792703151,14167650614,2026-04-20 18:19:04.125287,20/04/26,18:19:4
21543,0.17,21.543,167.10764517476676,14167672157,2026-04-20 18:19:25.668287,20/04/26,18:19:25
21557,0.17,21.557,166.99911861576285,14167693714,2026-04-20 18:19:47.225287,20/04/26,18:19:47
21729,0.17,21.729,165.67720557779924,14167715443,2026-04-20 18:20:08.954287,20/04/26,18:20:8
21677,0.17,21.677,166.0746413249066,14167737120,2026-04-20 18:20:30.631287,20/04/26,18:20:30
21941,0.16,21.941,164.07638667335127,14167759061,2026-04-20 18:20:52.572287,20/04/26,18:20:52
21742,0.17,21.742,165.57814368503358,14167780803,2026-04-20 18:21:14.314287,20/04/26,18:21:14
21485,0.17,21.485,167.55876192692577,14167802288,2026-04-20 18:21:35.799287,20/04/26,18:21:35
21652,0.17,21.652,166.2663957140218,14167823940,2026-04-20 18:21:57.451287,20/04/26,18:21:57
21650,0.17,21.65,166.28175519630486,14167845590,2026-04-20 18:22:19.101287,20/04/26,18:22:19
21687,0.17,21.687,165.9980633559275,14167867277,2026-04-20 18:22:40.788287,20/04/26,18:22:40
21775,0.17,21.775,165.32721010332952,14167889052,2026-04-20 18:23:02.563287,20/04/26,18:23:2
21644,0.17,21.644,166.32785067455183,14167910696,2026-04-20 18:23:24.207287,20/04/26,18:23:24
21773,0.17,21.773,165.34239654618105,14167932469,2026-04-20 18:23:45.980287,20/04/26,18:23:45
21895,0.16,21.895,164.42110070792418,14167954364,2026-04-20 18:24:07.875287,20/04/26,18:24:7
21522,0.17,21.522,167.27069974909395,14167975886,2026-04-20 18:24:29.397287,20/04/26,18:24:29
21719,0.17,21.719,165.75348772963764,14167997605,2026-04-20 18:24:51.116287,20/04/26,18:24:51
21667,0.17,21.667,166.15128998015416,14168019272,2026-04-20 18:25:12.783287,20/04/26,18:25:12
21639,0.17,21.639,166.3662830999584,14168040911,2026-04-20 18:25:34.422287,20/04/26,18:25:34
21674,0.17,21.674,166.09762849497093,14168062585,2026-04-20 18:25:56.096287,20/04/26,18:25:56
21738,0.17,21.738,165.60861164780567,14168084323,2026-04-20 18:26:17.834287,20/04/26,18:26:17
21723,0.17,21.723,165.7229664410993,14168106046,2026-04-20 18:26:39.557287,20/04/26,18:26:39
21739,0.17,21.739,165.60099360596163,14168127785,2026-04-20 18:27:01.296287,20/04/26,18:27:1
21476,0.17,21.476,167.62898118830321,14168149261,2026-04-20 18:27:22.772287,20/04/26,18:27:22
21557,0.17,21.557,166.99911861576285,14168170818,2026-04-20 18:27:44.329287,20/04/26,18:27:44
21684,0.17,21.684,166.02102933038185,14168192502,2026-04-20 18:28:06.013287,20/04/26,18:28:6
21604,0.17,21.604,166.6358081836697,14168214106,2026-04-20 18:28:27.617287,20/04/26,18:28:27
21739,0.17,21.739,165.60099360596163,14168235845,2026-04-20 18:28:49.356287,20/04/26,18:28:49
21346,0.17,21.346,168.649864143165,14168257191,2026-04-20 18:29:10.702287,20/04/26,18:29:10
22532,0.16,22.532,159.77276761938577,14168279723,2026-04-20 18:29:33.234287,20/04/26,18:29:33
22685,0.16,22.685,158.69517302182058,14168302408,2026-04-20 18:29:55.919287,20/04/26,18:29:55
22526,0.16,22.526,159.81532451389506,14168324934,2026-04-20 18:30:18.445287,20/04/26,18:30:18
22621,0.16,22.621,159.14415808319703,14168347555,2026-04-20 18:30:41.066287,20/04/26,18:30:41
22851,0.16,22.851,157.54233950374163,14168370406,2026-04-20 18:31:03.917287,20/04/26,18:31:3
23002,0.16,23.002,156.50812972784976,14168393408,2026-04-20 18:31:26.919287,20/04/26,18:31:26
23034,0.16,23.034,156.29070070330815,14168416442,2026-04-20 18:31:49.953287,20/04/26,18:31:49
22875,0.16,22.875,157.37704918032787,14168439317,2026-04-20 18:32:12.828287,20/04/26,18:32:12
22891,0.16,22.891,157.26704818487616,14168462208,2026-04-20 18:32:35.719287,20/04/26,18:32:35
22907,0.16,22.907,157.15720085563365,14168485115,2026-04-20 18:32:58.626287,20/04/26,18:32:58
22939,0.16,22.939,156.9379659095863,14168508054,2026-04-20 18:33:21.565287,20/04/26,18:33:21
23013,0.16,23.013,156.4333202972233,14168531067,2026-04-20 18:33:44.578287,20/04/26,18:33:44
22984,0.16,22.984,156.63069961712495,14168554051,2026-04-20 18:34:07.562287,20/04/26,18:34:7
23024,0.16,23.024,156.35858234885336,14168577075,2026-04-20 18:34:30.586287,20/04/26,18:34:30
22939,0.16,22.939,156.9379659095863,14168600014,2026-04-20 18:34:53.525287,20/04/26,18:34:53
22995,0.16,22.995,156.55577299412917,14168623009,2026-04-20 18:35:16.520287,20/04/26,18:35:16
23064,0.16,23.064,156.08740894901143,14168646073,2026-04-20 18:35:39.584287,20/04/26,18:35:39
22914,0.16,22.914,157.10919088766693,14168668987,2026-04-20 18:36:02.498287,20/04/26,18:36:2
22976,0.16,22.976,156.68523676880224,14168691963,2026-04-20 18:36:25.474287,20/04/26,18:36:25
22907,0.16,22.907,157.15720085563365,14168714870,2026-04-20 18:36:48.381287,20/04/26,18:36:48
22655,0.16,22.655,158.905318914147,14168737525,2026-04-20 18:37:11.036287,20/04/26,18:37:11
22961,0.16,22.961,156.7875963590436,14168760486,2026-04-20 18:37:33.997287,20/04/26,18:37:33
23039,0.16,23.039,156.25678197838448,14168783525,2026-04-20 18:37:57.036287,20/04/26,18:37:57
23036,0.16,23.036,156.27713144643167,14168806561,2026-04-20 18:38:20.072287,20/04/26,18:38:20
23006,0.16,23.006,156.48091802138572,14168829567,2026-04-20 18:38:43.078287,20/04/26,18:38:43
22600,0.16,22.6,159.2920353982301,14168852167,2026-04-20 18:39:05.678287,20/04/26,18:39:5
22402,0.16,22.402,160.69993750557987,14168874569,2026-04-20 18:39:28.080287,20/04/26,18:39:28
22271,0.16,22.271,161.64518881056082,14168896840,2026-04-20 18:39:50.351287,20/04/26,18:39:50
22325,0.16,22.325,161.2541993281075,14168919165,2026-04-20 18:40:12.676287,20/04/26,18:40:12
22217,0.16,22.217,162.0380789485529,14168941382,2026-04-20 18:40:34.893287,20/04/26,18:40:34
22377,0.16,22.377,160.87947446038342,14168963759,2026-04-20 18:40:57.270287,20/04/26,18:40:57
22322,0.16,22.322,161.27587133769376,14168986081,2026-04-20 18:41:19.592287,20/04/26,18:41:19
22224,0.16,22.224,161.98704103671707,14169008305,2026-04-20 18:41:41.816287,20/04/26,18:41:41
22313,0.16,22.313,161.34092233227267,14169030618,2026-04-20 18:42:04.129287,20/04/26,18:42:4
22310,0.16,22.31,161.36261766024205,14169052928,2026-04-20 18:42:26.439287,20/04/26,18:42:26
22318,0.16,22.318,161.30477641365715,14169075246,2026-04-20 18:42:48.757287,20/04/26,18:42:48
22341,0.16,22.341,161.1387135759366,14169097587,2026-04-20 18:43:11.098287,20/04/26,18:43:11
22414,0.16,22.414,160.61390202551976,14169120001,2026-04-20 18:43:33.512287,20/04/26,18:43:33
22473,0.16,22.473,160.1922306768122,14169142474,2026-04-20 18:43:55.985287,20/04/26,18:43:55
22391,0.16,22.391,160.77888437318566,14169164865,2026-04-20 18:44:18.376287,20/04/26,18:44:18
22414,0.16,22.414,160.61390202551976,14169187279,2026-04-20 18:44:40.790287,20/04/26,18:44:40
22427,0.16,22.427,160.52080082043966,14169209706,2026-04-20 18:45:03.217287,20/04/26,18:45:3
22188,0.16,22.188,162.24986479177934,14169231894,2026-04-20 18:45:25.405287,20/04/26,18:45:25
22388,0.16,22.388,160.80042880114348,14169254282,2026-04-20 18:45:47.793287,20/04/26,18:45:47
22460,0.16,22.46,160.28495102404275,14169276742,2026-04-20 18:46:10.253287,20/04/26,18:46:10
22404,0.16,22.404,160.68559185859667,14169299146,2026-04-20 18:46:32.657287,20/04/26,18:46:32
22323,0.16,22.323,161.26864668727322,14169321469,2026-04-20 18:46:54.980287,20/04/26,18:46:54
22519,0.16,22.519,159.86500288645144,14169343988,2026-04-20 18:47:17.499287,20/04/26,18:47:17
22612,0.16,22.612,159.20750044224306,14169366600,2026-04-20 18:47:40.111287,20/04/26,18:47:40
20543,0.17,20.543,175.24217495010467,14169387143,2026-04-20 18:48:00.654287,20/04/26,18:48:0
13672,0.26,13.672,263.3118782913985,14169400815,2026-04-20 18:48:14.326287,20/04/26,18:48:14
14722,0.24,14.722,244.53199293574244,14169415537,2026-04-20 18:48:29.048287,20/04/26,18:48:29
14820,0.24,14.82,242.914979757085,14169430357,2026-04-20 18:48:43.868287,20/04/26,18:48:43
14873,0.24,14.873,242.04935117326698,14169445230,2026-04-20 18:48:58.741287,20/04/26,18:48:58
14943,0.24,14.943,240.91547881951416,14169460173,2026-04-20 18:49:13.684287,20/04/26,18:49:13
15034,0.24,15.034,239.45723027803646,14169475207,2026-04-20 18:49:28.718287,20/04/26,18:49:28
15128,0.24,15.128,237.9693283976732,14169490335,2026-04-20 18:49:43.846287,20/04/26,18:49:43
15153,0.24,15.153,237.57671748168679,14169505488,2026-04-20 18:49:58.999287,20/04/26,18:49:58
15138,0.24,15.138,237.81212841854935,14169520626,2026-04-20 18:50:14.137287,20/04/26,18:50:14
15208,0.24,15.208,236.7175170962651,14169535834,2026-04-20 18:50:29.345287,20/04/26,18:50:29
15261,0.23,15.261,235.89541969726756,14169551095,2026-04-20 18:50:44.606287,20/04/26,18:50:44
15173,0.24,15.173,237.26356027153497,14169566268,2026-04-20 18:50:59.779287,20/04/26,18:50:59
15245,0.24,15.245,236.1429977041653,14169581513,2026-04-20 18:51:15.024287,20/04/26,18:51:15
15292,0.23,15.292,235.41721161391578,14169596805,2026-04-20 18:51:30.316287,20/04/26,18:51:30
15328,0.23,15.328,234.8643006263048,14169612133,2026-04-20 18:51:45.644287,20/04/26,18:51:45
15338,0.23,15.338,234.71117485982526,14169627471,2026-04-20 18:52:00.982287,20/04/26,18:52:0
15386,0.23,15.386,233.97894189522944,14169642857,2026-04-20 18:52:16.368287,20/04/26,18:52:16
15487,0.23,15.487,232.45302511784078,14169658344,2026-04-20 18:52:31.855287,20/04/26,18:52:31
15545,0.23,15.545,231.58571888066902,14169673889,2026-04-20 18:52:47.400287,20/04/26,18:52:47
15387,0.23,15.387,233.96373562097875,14169689276,2026-04-20 18:53:02.787287,20/04/26,18:53:2
15515,0.23,15.515,232.0335159523042,14169704791,2026-04-20 18:53:18.302287,20/04/26,18:53:18
15478,0.23,15.478,232.58818968859026,14169720269,2026-04-20 18:53:33.780287,20/04/26,18:53:33
15612,0.23,15.612,230.59185242121444,14169735881,2026-04-20 18:53:49.392287,20/04/26,18:53:49
15475,0.23,15.475,232.63327948303714,14169751356,2026-04-20 18:54:04.867287,20/04/26,18:54:4
15563,0.23,15.563,231.31786930540383,14169766919,2026-04-20 18:54:20.430287,20/04/26,18:54:20
15450,0.23,15.45,233.0097087378641,14169782369,2026-04-20 18:54:35.880287,20/04/26,18:54:35
15432,0.23,15.432,233.28149300155522,14169797801,2026-04-20 18:54:51.312287,20/04/26,18:54:51
15515,0.23,15.515,232.0335159523042,14169813316,2026-04-20 18:55:06.827287,20/04/26,18:55:6
15492,0.23,15.492,232.37800154918668,14169828808,2026-04-20 18:55:22.319287,20/04/26,18:55:22
15535,0.23,15.535,231.73479240424848,14169844343,2026-04-20 18:55:37.854287,20/04/26,18:55:37
15657,0.23,15.657,229.92910519256563,14169860000,2026-04-20 18:55:53.511287,20/04/26,18:55:53
15732,0.23,15.732,228.83295194508008,14169875732,2026-04-20 18:56:09.243287,20/04/26,18:56:9
15792,0.23,15.792,227.96352583586625,14169891524,2026-04-20 18:56:25.035287,20/04/26,18:56:25
15702,0.23,15.702,229.2701566679404,14169907226,2026-04-20 18:56:40.737287,20/04/26,18:56:40
15539,0.23,15.539,231.67513997039705,14169922765,2026-04-20 18:56:56.276287,20/04/26,18:56:56
20645,0.17,20.645,174.3763623153306,14169943410,2026-04-20 18:57:16.921287,20/04/26,18:57:16
21683,0.17,21.683,166.0286860674261,14169965093,2026-04-20 18:57:38.604287,20/04/26,18:57:38
21831,0.16,21.831,164.9031194173423,14169986924,2026-04-20 18:58:00.435287,20/04/26,18:58:0
21832,0.16,21.832,164.89556614144377,14170008756,2026-04-20 18:58:22.267287,20/04/26,18:58:22
22336,0.16,22.336,161.17478510028653,14170031092,2026-04-20 18:58:44.603287,20/04/26,18:58:44
22120,0.16,22.12,162.748643761302,14170053212,2026-04-20 18:59:06.723287,20/04/26,18:59:6
22310,0.16,22.31,161.36261766024205,14170075522,2026-04-20 18:59:29.033287,20/04/26,18:59:29
22696,0.16,22.696,158.61825872400422,14170098218,2026-04-20 18:59:51.729287,20/04/26,18:59:51
22432,0.16,22.432,160.48502139800286,14170120650,2026-04-20 19:00:14.161287,20/04/26,19:0:14
22208,0.16,22.208,162.10374639769452,14170142858,2026-04-20 19:00:36.369287,20/04/26,19:0:36
22147,0.16,22.147,162.5502325371382,14170165005,2026-04-20 19:00:58.516287,20/04/26,19:0:58
22405,0.16,22.405,160.6784199955367,14170187410,2026-04-20 19:01:20.921287,20/04/26,19:1:20
22363,0.16,22.363,160.98019049322542,14170209773,2026-04-20 19:01:43.284287,20/04/26,19:1:43
22469,0.16,22.469,160.22074858694202,14170232242,2026-04-20 19:02:05.753287,20/04/26,19:2:5
22226,0.16,22.226,161.97246468100423,14170254468,2026-04-20 19:02:27.979287,20/04/26,19:2:27
22125,0.16,22.125,162.71186440677965,14170276593,2026-04-20 19:02:50.104287,20/04/26,19:2:50
22259,0.16,22.259,161.73233298890335,14170298852,2026-04-20 19:03:12.363287,20/04/26,19:3:12
22243,0.16,22.243,161.84867149215484,14170321095,2026-04-20 19:03:34.606287,20/04/26,19:3:34
22455,0.16,22.455,160.32064128256513,14170343550,2026-04-20 19:03:57.061287,20/04/26,19:3:57
22474,0.16,22.474,160.18510278544096,14170366024,2026-04-20 19:04:19.535287,20/04/26,19:4:19
22297,0.16,22.297,161.4566982105216,14170388321,2026-04-20 19:04:41.832287,20/04/26,19:4:41
22417,0.16,22.417,160.59240754784315,14170410738,2026-04-20 19:05:04.249287,20/04/26,19:5:4
22398,0.16,22.398,160.72863648540047,14170433136,2026-04-20 19:05:26.647287,20/04/26,19:5:26
22560,0.16,22.56,159.5744680851064,14170455696,2026-04-20 19:05:49.207287,20/04/26,19:5:49
24728,0.14,24.728,145.5839534131349,14170480424,2026-04-20 19:06:13.935287,20/04/26,19:6:13
15340,0.23,15.34,234.6805736636245,14170495764,2026-04-20 19:06:29.275287,20/04/26,19:6:29
19696,0.18,19.696,182.77822908204712,14170515460,2026-04-20 19:06:48.971287,20/04/26,19:6:48
19425,0.19,19.425,185.32818532818533,14170534885,2026-04-20 19:07:08.396287,20/04/26,19:7:8
21861,0.16,21.861,164.67682173734048,14170556746,2026-04-20 19:07:30.257287,20/04/26,19:7:30
22003,0.16,22.003,163.61405262918692,14170578749,2026-04-20 19:07:52.260287,20/04/26,19:7:52
22146,0.16,22.146,162.5575724735844,14170600895,2026-04-20 19:08:14.406287,20/04/26,19:8:14
22157,0.16,22.157,162.47686961231213,14170623052,2026-04-20 19:08:36.563287,20/04/26,19:8:36
22168,0.16,22.168,162.3962468422952,14170645220,2026-04-20 19:08:58.731287,20/04/26,19:8:58
22192,0.16,22.192,162.22062004325883,14170667412,2026-04-20 19:09:20.923287,20/04/26,19:9:20
22095,0.16,22.095,162.93279022403257,14170689507,2026-04-20 19:09:43.018287,20/04/26,19:9:43
22184,0.16,22.184,162.27912008654886,14170711691,2026-04-20 19:10:05.202287,20/04/26,19:10:5
22132,0.16,22.132,162.66040122898968,14170733823,2026-04-20 19:10:27.334287,20/04/26,19:10:27
22227,0.16,22.227,161.96517748684033,14170756050,2026-04-20 19:10:49.561287,20/04/26,19:10:49
21807,0.17,21.807,165.0846058605035,14170777857,2026-04-20 19:11:11.368287,20/04/26,19:11:11
22235,0.16,22.235,161.90690353046998,14170800092,2026-04-20 19:11:33.603287,20/04/26,19:11:33
22200,0.16,22.2,162.16216216216216,14170822292,2026-04-20 19:11:55.803287,20/04/26,19:11:55
22086,0.16,22.086,162.99918500407497,14170844378,2026-04-20 19:12:17.889287,20/04/26,19:12:17
22334,0.16,22.334,161.18921823229158,14170866712,2026-04-20 19:12:40.223287,20/04/26,19:12:40
22313,0.16,22.313,161.34092233227267,14170889025,2026-04-20 19:13:02.536287,20/04/26,19:13:2
22265,0.16,22.265,161.6887491578711,14170911290,2026-04-20 19:13:24.801287,20/04/26,19:13:24
22215,0.16,22.215,162.05266711681296,14170933505,2026-04-20 19:13:47.016287,20/04/26,19:13:47
22266,0.16,22.266,161.68148746968473,14170955771,2026-04-20 19:14:09.282287,20/04/26,19:14:9
22279,0.16,22.279,161.58714484492123,14170978050,2026-04-20 19:14:31.561287,20/04/26,19:14:31
22256,0.16,22.256,161.75413371675054,14171000306,2026-04-20 19:14:53.817287,20/04/26,19:14:53
22158,0.16,22.158,162.46953696181967,14171022464,2026-04-20 19:15:15.975287,20/04/26,19:15:15
22307,0.16,22.307,161.38431882368764,14171044771,2026-04-20 19:15:38.282287,20/04/26,19:15:38
22173,0.16,22.173,162.35962657285887,14171066944,2026-04-20 19:16:00.455287,20/04/26,19:16:0
22039,0.16,22.039,163.3467943191615,14171088983,2026-04-20 19:16:22.494287,20/04/26,19:16:22
22189,0.16,22.189,162.24255261616116,14171111172,2026-04-20 19:16:44.683287,20/04/26,19:16:44
22166,0.16,22.166,162.4108995759271,14171133338,2026-04-20 19:17:06.849287,20/04/26,19:17:6
22225,0.16,22.225,161.97975253093364,14171155563,2026-04-20 19:17:29.074287,20/04/26,19:17:29
22178,0.16,22.178,162.32302281540265,14171177741,2026-04-20 19:17:51.252287,20/04/26,19:17:51
22384,0.16,22.384,160.8291636883488,14171200125,2026-04-20 19:18:13.636287,20/04/26,19:18:13
22383,0.16,22.383,160.83634901487736,14171222508,2026-04-20 19:18:36.019287,20/04/26,19:18:36
22327,0.16,22.327,161.2397545572625,14171244835,2026-04-20 19:18:58.346287,20/04/26,19:18:58
22294,0.16,22.294,161.47842468825692,14171267129,2026-04-20 19:19:20.640287,20/04/26,19:19:20
22384,0.16,22.384,160.8291636883488,14171289513,2026-04-20 19:19:43.024287,20/04/26,19:19:43
22628,0.16,22.628,159.0949266395616,14171312141,2026-04-20 19:20:05.652287,20/04/26,19:20:5
22629,0.16,22.629,159.08789606257457,14171334770,2026-04-20 19:20:28.281287,20/04/26,19:20:28
22424,0.16,22.424,160.54227613271496,14171357194,2026-04-20 19:20:50.705287,20/04/26,19:20:50
22567,0.16,22.567,159.52497008906812,14171379761,2026-04-20 19:21:13.272287,20/04/26,19:21:13
22522,0.16,22.522,159.84370837403426,14171402283,2026-04-20 19:21:35.794287,20/04/26,19:21:35
22595,0.16,22.595,159.32728479752157,14171424878,2026-04-20 19:21:58.389287,20/04/26,19:21:58
22599,0.16,22.599,159.2990840302668,14171447477,2026-04-20 19:22:20.988287,20/04/26,19:22:20
22606,0.16,22.606,159.2497567017606,14171470083,2026-04-20 19:22:43.594287,20/04/26,19:22:43
22522,0.16,22.522,159.84370837403426,14171492605,2026-04-20 19:23:06.116287,20/04/26,19:23:6
22366,0.16,22.366,160.95859787176965,14171514971,2026-04-20 19:23:28.482287,20/04/26,19:23:28
22401,0.16,22.401,160.70711128967457,14171537372,2026-04-20 19:23:50.883287,20/04/26,19:23:50
22437,0.16,22.437,160.4492579221821,14171559809,2026-04-20 19:24:13.320287,20/04/26,19:24:13
22532,0.16,22.532,159.77276761938577,14171582341,2026-04-20 19:24:35.852287,20/04/26,19:24:35
22386,0.16,22.386,160.8147949611364,14171604727,2026-04-20 19:24:58.238287,20/04/26,19:24:58
22566,0.16,22.566,159.53203935123636,14171627293,2026-04-20 19:25:20.804287,20/04/26,19:25:20
22414,0.16,22.414,160.61390202551976,14171649707,2026-04-20 19:25:43.218287,20/04/26,19:25:43
22493,0.16,22.493,160.04979326901702,14171672200,2026-04-20 19:26:05.711287,20/04/26,19:26:5
22582,0.16,22.582,159.41900628819414,14171694782,2026-04-20 19:26:28.293287,20/04/26,19:26:28
22506,0.16,22.506,159.95734470807784,14171717288,2026-04-20 19:26:50.799287,20/04/26,19:26:50
22513,0.16,22.513,159.9076089370586,14171739801,2026-04-20 19:27:13.312287,20/04/26,19:27:13
22569,0.16,22.569,159.51083344410475,14171762370,2026-04-20 19:27:35.881287,20/04/26,19:27:35
22432,0.16,22.432,160.48502139800286,14171784802,2026-04-20 19:27:58.313287,20/04/26,19:27:58
22434,0.16,22.434,160.47071409467773,14171807236,2026-04-20 19:28:20.747287,20/04/26,19:28:20
22549,0.16,22.549,159.65231274114151,14171829785,2026-04-20 19:28:43.296287,20/04/26,19:28:43
22525,0.16,22.525,159.82241953385127,14171852310,2026-04-20 19:29:05.821287,20/04/26,19:29:5
22544,0.16,22.544,159.68772178850247,14171874854,2026-04-20 19:29:28.365287,20/04/26,19:29:28
22514,0.16,22.514,159.90050635160344,14171897368,2026-04-20 19:29:50.879287,20/04/26,19:29:50
22575,0.16,22.575,159.468438538206,14171919943,2026-04-20 19:30:13.454287,20/04/26,19:30:13
22685,0.16,22.685,158.69517302182058,14171942628,2026-04-20 19:30:36.139287,20/04/26,19:30:36
22460,0.16,22.46,160.28495102404275,14171965088,2026-04-20 19:30:58.599287,20/04/26,19:30:58
22515,0.16,22.515,159.89340439706862,14171987603,2026-04-20 19:31:21.114287,20/04/26,19:31:21
22551,0.16,22.551,159.63815351869096,14172010154,2026-04-20 19:31:43.665287,20/04/26,19:31:43
22608,0.16,22.608,159.23566878980893,14172032762,2026-04-20 19:32:06.273287,20/04/26,19:32:6
22600,0.16,22.6,159.2920353982301,14172055362,2026-04-20 19:32:28.873287,20/04/26,19:32:28
22536,0.16,22.536,159.7444089456869,14172077898,2026-04-20 19:32:51.409287,20/04/26,19:32:51
22712,0.16,22.712,158.50651637900668,14172100610,2026-04-20 19:33:14.121287,20/04/26,19:33:14
22653,0.16,22.653,158.91934843067145,14172123263,2026-04-20 19:33:36.774287,20/04/26,19:33:36
22555,0.16,22.555,159.60984260696077,14172145818,2026-04-20 19:33:59.329287,20/04/26,19:33:59
22587,0.16,22.587,159.383716296985,14172168405,2026-04-20 19:34:21.916287,20/04/26,19:34:21
22686,0.16,22.686,158.68817773075907,14172191091,2026-04-20 19:34:44.602287,20/04/26,19:34:44
22638,0.16,22.638,159.0246488205672,14172213729,2026-04-20 19:35:07.240287,20/04/26,19:35:7
22639,0.16,22.639,159.01762445337692,14172236368,2026-04-20 19:35:29.879287,20/04/26,19:35:29
22449,0.16,22.449,160.36349057864493,14172258817,2026-04-20 19:35:52.328287,20/04/26,19:35:52
22631,0.16,22.631,159.0738367725686,14172281448,2026-04-20 19:36:14.959287,20/04/26,19:36:14
22690,0.16,22.69,158.66020273248128,14172304138,2026-04-20 19:36:37.649287,20/04/26,19:36:37
22603,0.16,22.603,159.2708932442596,14172326741,2026-04-20 19:37:00.252287,20/04/26,19:37:0
22503,0.16,22.503,159.9786695107319,14172349244,2026-04-20 19:37:22.755287,20/04/26,19:37:22
22549,0.16,22.549,159.65231274114151,14172371793,2026-04-20 19:37:45.304287,20/04/26,19:37:45
22656,0.16,22.656,158.89830508474577,14172394449,2026-04-20 19:38:07.960287,20/04/26,19:38:7
22398,0.16,22.398,160.72863648540047,14172416847,2026-04-20 19:38:30.358287,20/04/26,19:38:30
22207,0.16,22.207,162.1110460665556,14172439054,2026-04-20 19:38:52.565287,20/04/26,19:38:52
22338,0.16,22.338,161.16035455278,14172461392,2026-04-20 19:39:14.903287,20/04/26,19:39:14
22337,0.16,22.337,161.16756950351436,14172483729,2026-04-20 19:39:37.240287,20/04/26,19:39:37
22306,0.16,22.306,161.3915538420156,14172506035,2026-04-20 19:39:59.546287,20/04/26,19:39:59
22128,0.16,22.128,162.68980477223428,14172528163,2026-04-20 19:40:21.674287,20/04/26,19:40:21
22187,0.16,22.187,162.25717762653807,14172550350,2026-04-20 19:40:43.861287,20/04/26,19:40:43
22211,0.16,22.211,162.08185133492412,14172572561,2026-04-20 19:41:06.072287,20/04/26,19:41:6
22227,0.16,22.227,161.96517748684033,14172594788,2026-04-20 19:41:28.299287,20/04/26,19:41:28
22276,0.16,22.276,161.60890644639971,14172617064,2026-04-20 19:41:50.575287,20/04/26,19:41:50
22361,0.16,22.361,160.9945887929878,14172639425,2026-04-20 19:42:12.936287,20/04/26,19:42:12
13224,0.27,13.224,272.2323049001815,14172652649,2026-04-20 19:42:26.160287,20/04/26,19:42:26
14669,0.25,14.669,245.41550207921466,14172667318,2026-04-20 19:42:40.829287,20/04/26,19:42:40
14569,0.25,14.569,247.1000068638891,14172681887,2026-04-20 19:42:55.398287,20/04/26,19:42:55
14669,0.25,14.669,245.41550207921466,14172696556,2026-04-20 19:43:10.067287,20/04/26,19:43:10
14573,0.25,14.573,247.0321828038153,14172711129,2026-04-20 19:43:24.640287,20/04/26,19:43:24
14836,0.24,14.836,242.65300620113237,14172725965,2026-04-20 19:43:39.476287,20/04/26,19:43:39
14866,0.24,14.866,242.16332570967307,14172740831,2026-04-20 19:43:54.342287,20/04/26,19:43:54
14985,0.24,14.985,240.24024024024024,14172755816,2026-04-20 19:44:09.327287,20/04/26,19:44:9
14934,0.24,14.934,241.06066693451186,14172770750,2026-04-20 19:44:24.261287,20/04/26,19:44:24
14968,0.24,14.968,240.51309460181722,14172785718,2026-04-20 19:44:39.229287,20/04/26,19:44:39
15009,0.24,15.009,239.8560863481911,14172800727,2026-04-20 19:44:54.238287,20/04/26,19:44:54
15003,0.24,15.003,239.9520095980804,14172815730,2026-04-20 19:45:09.241287,20/04/26,19:45:9
14985,0.24,14.985,240.24024024024024,14172830715,2026-04-20 19:45:24.226287,20/04/26,19:45:24
14890,0.24,14.89,241.77300201477502,14172845605,2026-04-20 19:45:39.116287,20/04/26,19:45:39
15124,0.24,15.124,238.03226659613858,14172860729,2026-04-20 19:45:54.240287,20/04/26,19:45:54
15182,0.24,15.182,237.12290870768015,14172875911,2026-04-20 19:46:09.422287,20/04/26,19:46:9
15277,0.23,15.277,235.64836028015972,14172891188,2026-04-20 19:46:24.699287,20/04/26,19:46:24
15326,0.23,15.326,234.8949497585802,14172906514,2026-04-20 19:46:40.025287,20/04/26,19:46:40
15365,0.23,15.365,234.29873088187438,14172921879,2026-04-20 19:46:55.390287,20/04/26,19:46:55
15413,0.23,15.413,233.56906507493673,14172937292,2026-04-20 19:47:10.803287,20/04/26,19:47:10
15371,0.23,15.371,234.20727343699173,14172952663,2026-04-20 19:47:26.174287,20/04/26,19:47:26
15521,0.23,15.521,231.9438180529605,14172968184,2026-04-20 19:47:41.695287,20/04/26,19:47:41
15437,0.23,15.437,233.20593379542657,14172983621,2026-04-20 19:47:57.132287,20/04/26,19:47:57
15481,0.23,15.481,232.54311736967895,14172999102,2026-04-20 19:48:12.613287,20/04/26,19:48:12
15408,0.23,15.408,233.6448598130841,14173014510,2026-04-20 19:48:28.021287,20/04/26,19:48:28
15576,0.23,15.576,231.12480739599383,14173030086,2026-04-20 19:48:43.597287,20/04/26,19:48:43
15507,0.23,15.507,232.15322112594313,14173045593,2026-04-20 19:48:59.104287,20/04/26,19:48:59
15575,0.23,15.575,231.13964686998395,14173061168,2026-04-20 19:49:14.679287,20/04/26,19:49:14
15492,0.23,15.492,232.37800154918668,14173076660,2026-04-20 19:49:30.171287,20/04/26,19:49:30
15640,0.23,15.64,230.17902813299233,14173092300,2026-04-20 19:49:45.811287,20/04/26,19:49:45
15581,0.23,15.581,231.0506385982928,14173107881,2026-04-20 19:50:01.392287,20/04/26,19:50:1
15678,0.23,15.678,229.6211251435132,14173123559,2026-04-20 19:50:17.070287,20/04/26,19:50:17
15519,0.23,15.519,231.97370964624008,14173139078,2026-04-20 19:50:32.589287,20/04/26,19:50:32
15704,0.23,15.704,229.2409577177789,14173154782,2026-04-20 19:50:48.293287,20/04/26,19:50:48
15642,0.23,15.642,230.14959723820482,14173170424,2026-04-20 19:51:03.935287,20/04/26,19:51:3
16275,0.22,16.275,221.19815668202764,14173186699,2026-04-20 19:51:20.210287,20/04/26,19:51:20
22470,0.16,22.47,160.21361815754338,14173209169,2026-04-20 19:51:42.680287,20/04/26,19:51:42
22513,0.16,22.513,159.9076089370586,14173231682,2026-04-20 19:52:05.193287,20/04/26,19:52:5
22527,0.16,22.527,159.8082301238514,14173254209,2026-04-20 19:52:27.720287,20/04/26,19:52:27
22611,0.16,22.611,159.214541594799,14173276820,2026-04-20 19:52:50.331287,20/04/26,19:52:50
22498,0.16,22.498,160.01422348653213,14173299318,2026-04-20 19:53:12.829287,20/04/26,19:53:12
22409,0.16,22.409,160.6497389441742,14173321727,2026-04-20 19:53:35.238287,20/04/26,19:53:35
22556,0.16,22.556,159.60276644795175,14173344283,2026-04-20 19:53:57.794287,20/04/26,19:53:57
22519,0.16,22.519,159.86500288645144,14173366802,2026-04-20 19:54:20.313287,20/04/26,19:54:20
22416,0.16,22.416,160.59957173447538,14173389218,2026-04-20 19:54:42.729287,20/04/26,19:54:42
22511,0.16,22.511,159.92181600106613,14173411729,2026-04-20 19:55:05.240287,20/04/26,19:55:5
22425,0.16,22.425,160.5351170568562,14173434154,2026-04-20 19:55:27.665287,20/04/26,19:55:27
22525,0.16,22.525,159.82241953385127,14173456679,2026-04-20 19:55:50.190287,20/04/26,19:55:50
22545,0.16,22.545,159.6806387225549,14173479224,2026-04-20 19:56:12.735287,20/04/26,19:56:12
22449,0.16,22.449,160.36349057864493,14173501673,2026-04-20 19:56:35.184287,20/04/26,19:56:35
22488,0.16,22.488,160.08537886872998,14173524161,2026-04-20 19:56:57.672287,20/04/26,19:56:57
22588,0.16,22.588,159.37666017354348,14173546749,2026-04-20 19:57:20.260287,20/04/26,19:57:20
22408,0.16,22.408,160.65690824705462,14173569157,2026-04-20 19:57:42.668287,20/04/26,19:57:42
22422,0.16,22.422,160.55659620016056,14173591579,2026-04-20 19:58:05.090287,20/04/26,19:58:5
22502,0.16,22.502,159.98577904186294,14173614081,2026-04-20 19:58:27.592287,20/04/26,19:58:27
22635,0.16,22.635,159.04572564612326,14173636716,2026-04-20 19:58:50.227287,20/04/26,19:58:50
22596,0.16,22.596,159.32023366967604,14173659312,2026-04-20 19:59:12.823287,20/04/26,19:59:12
22584,0.16,22.584,159.4048884165781,14173681896,2026-04-20 19:59:35.407287,20/04/26,19:59:35
22509,0.16,22.509,159.93602558976409,14173704405,2026-04-20 19:59:57.916287,20/04/26,19:59:57
22577,0.16,22.577,159.45431191035124,14173726982,2026-04-20 20:00:20.493287,20/04/26,20:0:20
22509,0.16,22.509,159.93602558976409,14173749491,2026-04-20 20:00:43.002287,20/04/26,20:0:43
22508,0.16,22.508,159.94313133108227,14173771999,2026-04-20 20:01:05.510287,20/04/26,20:1:5
22506,0.16,22.506,159.95734470807784,14173794505,2026-04-20 20:01:28.016287,20/04/26,20:1:28
22481,0.16,22.481,160.1352253013656,14173816986,2026-04-20 20:01:50.497287,20/04/26,20:1:50
22627,0.16,22.627,159.10195783798116,14173839613,2026-04-20 20:02:13.124287,20/04/26,20:2:13
21988,0.16,21.988,163.7256685464799,14173861601,2026-04-20 20:02:35.112287,20/04/26,20:2:35
22145,0.16,22.145,162.56491307292842,14173883746,2026-04-20 20:02:57.257287,20/04/26,20:2:57
22130,0.16,22.13,162.67510167193853,14173905876,2026-04-20 20:03:19.387287,20/04/26,20:3:19
22077,0.16,22.077,163.06563391765187,14173927953,2026-04-20 20:03:41.464287,20/04/26,20:3:41
22098,0.16,22.098,162.9106706489275,14173950051,2026-04-20 20:04:03.562287,20/04/26,20:4:3
21988,0.16,21.988,163.7256685464799,14173972039,2026-04-20 20:04:25.550287,20/04/26,20:4:25
22202,0.16,22.202,162.1475542743897,14173994241,2026-04-20 20:04:47.752287,20/04/26,20:4:47
21753,0.17,21.753,165.49441456350849,14174015994,2026-04-20 20:05:09.505287,20/04/26,20:5:9
21274,0.17,21.274,169.22064491868008,14174037268,2026-04-20 20:05:30.779287,20/04/26,20:5:30
21214,0.17,21.214,169.69925520882435,14174058482,2026-04-20 20:05:51.993287,20/04/26,20:5:51
21671,0.17,21.671,166.12062202944026,14174080153,2026-04-20 20:06:13.664287,20/04/26,20:6:13
21287,0.17,21.287,169.1173016394983,14174101440,2026-04-20 20:06:34.951287,20/04/26,20:6:34
21762,0.17,21.762,165.42597187758477,14174123202,2026-04-20 20:06:56.713287,20/04/26,20:6:56
25615,0.14,25.615,140.54265079055241,14174148817,2026-04-20 20:07:22.328287,20/04/26,20:7:22
29052,0.12,29.052,123.91573729863693,14174177869,2026-04-20 20:07:51.380287,20/04/26,20:7:51
28968,0.12,28.968,124.27506213753107,14174206837,2026-04-20 20:08:20.348287,20/04/26,20:8:20
28893,0.12,28.893,124.59765341086076,14174235730,2026-04-20 20:08:49.241287,20/04/26,20:8:49
28978,0.12,28.978,124.23217613361861,14174264708,2026-04-20 20:09:18.219287,20/04/26,20:9:18
19132,0.19,19.132,188.16642274722977,14174283840,2026-04-20 20:09:37.351287,20/04/26,20:9:37
2432,1.48,2.432,1480.2631578947369,14174286272,2026-04-20 20:09:39.783287,20/04/26,20:9:39
2465,1.46,2.465,1460.4462474645031,14174288737,2026-04-20 20:09:42.248287,20/04/26,20:9:42
2484,1.45,2.484,1449.2753623188405,14174291221,2026-04-20 20:09:44.732287,20/04/26,20:9:44
2490,1.45,2.49,1445.7831325301204,14174293711,2026-04-20 20:09:47.222287,20/04/26,20:9:47
2496,1.44,2.496,1442.3076923076924,14174296207,2026-04-20 20:09:49.718287,20/04/26,20:9:49
2496,1.44,2.496,1442.3076923076924,14174298703,2026-04-20 20:09:52.214287,20/04/26,20:9:52
2501,1.44,2.501,1439.4242303078768,14174301204,2026-04-20 20:09:54.715287,20/04/26,20:9:54
2506,1.44,2.506,1436.5522745411013,14174303710,2026-04-20 20:09:57.221287,20/04/26,20:9:57
2512,1.43,2.512,1433.1210191082803,14174306222,2026-04-20 20:09:59.733287,20/04/26,20:9:59
2511,1.43,2.511,1433.6917562724013,14174308733,2026-04-20 20:10:02.244287,20/04/26,20:10:2
2515,1.43,2.515,1431.4115308151092,14174311248,2026-04-20 20:10:04.759287,20/04/26,20:10:4
2519,1.43,2.519,1429.1385470424773,14174313767,2026-04-20 20:10:07.278287,20/04/26,20:10:7
2520,1.43,2.52,1428.5714285714287,14174316287,2026-04-20 20:10:09.798287,20/04/26,20:10:9
2513,1.43,2.513,1432.550736171906,14174318800,2026-04-20 20:10:12.311287,20/04/26,20:10:12
2512,1.43,2.512,1433.1210191082803,14174321312,2026-04-20 20:10:14.823287,20/04/26,20:10:14
2512,1.43,2.512,1433.1210191082803,14174323824,2026-04-20 20:10:17.335287,20/04/26,20:10:17
2506,1.44,2.506,1436.5522745411013,14174326330,2026-04-20 20:10:19.841287,20/04/26,20:10:19
2981,1.21,2.981,1207.648440120765,14174329311,2026-04-20 20:10:22.822287,20/04/26,20:10:22
3401,1.06,3.401,1058.5122022934431,14174332712,2026-04-20 20:10:26.223287,20/04/26,20:10:26
3407,1.06,3.407,1056.6480774875256,14174336119,2026-04-20 20:10:29.630287,20/04/26,20:10:29
3412,1.05,3.412,1055.0996483001172,14174339531,2026-04-20 20:10:33.042287,20/04/26,20:10:33
3412,1.05,3.412,1055.0996483001172,14174342943,2026-04-20 20:10:36.454287,20/04/26,20:10:36
3419,1.05,3.419,1052.939455981281,14174346362,2026-04-20 20:10:39.873287,20/04/26,20:10:39
3427,1.05,3.427,1050.481470674059,14174349789,2026-04-20 20:10:43.300287,20/04/26,20:10:43
3410,1.05,3.41,1055.7184750733138,14174353199,2026-04-20 20:10:46.710287,20/04/26,20:10:46
3409,1.06,3.409,1056.0281607509532,14174356608,2026-04-20 20:10:50.119287,20/04/26,20:10:50
3428,1.05,3.428,1050.1750291715286,14174360036,2026-04-20 20:10:53.547287,20/04/26,20:10:53
3408,1.06,3.408,1056.338028169014,14174363444,2026-04-20 20:10:56.955287,20/04/26,20:10:56
3403,1.06,3.403,1057.8900969732588,14174366847,2026-04-20 20:11:00.358287,20/04/26,20:11:0
3408,1.06,3.408,1056.338028169014,14174370255,2026-04-20 20:11:03.766287,20/04/26,20:11:3
3401,1.06,3.401,1058.5122022934431,14174373656,2026-04-20 20:11:07.167287,20/04/26,20:11:7
3405,1.06,3.405,1057.2687224669603,14174377061,2026-04-20 20:11:10.572287,20/04/26,20:11:10
3416,1.05,3.416,1053.864168618267,14174380477,2026-04-20 20:11:13.988287,20/04/26,20:11:13
3404,1.06,3.404,1057.5793184488837,14174383881,2026-04-20 20:11:17.392287,20/04/26,20:11:17
3392,1.06,3.392,1061.3207547169811,14174387273,2026-04-20 20:11:20.784287,20/04/26,20:11:20
3403,1.06,3.403,1057.8900969732588,14174390676,2026-04-20 20:11:24.187287,20/04/26,20:11:24
3411,1.05,3.411,1055.4089709762534,14174394087,2026-04-20 20:11:27.598287,20/04/26,20:11:27
3411,1.05,3.411,1055.4089709762534,14174397498,2026-04-20 20:11:31.009287,20/04/26,20:11:31
3427,1.05,3.427,1050.481470674059,14174400925,2026-04-20 20:11:34.436287,20/04/26,20:11:34
3421,1.05,3.421,1052.3238819058754,14174404346,2026-04-20 20:11:37.857287,20/04/26,20:11:37
3419,1.05,3.419,1052.939455981281,14174407765,2026-04-20 20:11:41.276287,20/04/26,20:11:41
3432,1.05,3.432,1048.951048951049,14174411197,2026-04-20 20:11:44.708287,20/04/26,20:11:44
3435,1.05,3.435,1048.0349344978165,14174414632,2026-04-20 20:11:48.143287,20/04/26,20:11:48
3429,1.05,3.429,1049.8687664041995,14174418061,2026-04-20 20:11:51.572287,20/04/26,20:11:51
3420,1.05,3.42,1052.6315789473683,14174421481,2026-04-20 20:11:54.992287,20/04/26,20:11:54
3414,1.05,3.414,1054.481546572935,14174424895,2026-04-20 20:11:58.406287,20/04/26,20:11:58
3425,1.05,3.425,1051.094890510949,14174428320,2026-04-20 20:12:01.831287,20/04/26,20:12:1
3435,1.05,3.435,1048.0349344978165,14174431755,2026-04-20 20:12:05.266287,20/04/26,20:12:5
3426,1.05,3.426,1050.7880910683011,14174435181,2026-04-20 20:12:08.692287,20/04/26,20:12:8
3436,1.05,3.436,1047.7299185098952,14174438617,2026-04-20 20:12:12.128287,20/04/26,20:12:12
3443,1.04,3.443,1045.599767644496,14174442060,2026-04-20 20:12:15.571287,20/04/26,20:12:15
3432,1.05,3.432,1048.951048951049,14174445492,2026-04-20 20:12:19.003287,20/04/26,20:12:19
3416,1.05,3.416,1053.864168618267,14174448908,2026-04-20 20:12:22.419287,20/04/26,20:12:22
3420,1.05,3.42,1052.6315789473683,14174452328,2026-04-20 20:12:25.839287,20/04/26,20:12:25
3420,1.05,3.42,1052.6315789473683,14174455748,2026-04-20 20:12:29.259287,20/04/26,20:12:29
3430,1.05,3.43,1049.5626822157435,14174459178,2026-04-20 20:12:32.689287,20/04/26,20:12:32
3422,1.05,3.422,1052.0163646990063,14174462600,2026-04-20 20:12:36.111287,20/04/26,20:12:36
3428,1.05,3.428,1050.1750291715286,14174466028,2026-04-20 20:12:39.539287,20/04/26,20:12:39
3433,1.05,3.433,1048.6454995630643,14174469461,2026-04-20 20:12:42.972287,20/04/26,20:12:42
3431,1.05,3.431,1049.2567764500145,14174472892,2026-04-20 20:12:46.403287,20/04/26,20:12:46
3424,1.05,3.424,1051.4018691588785,14174476316,2026-04-20 20:12:49.827287,20/04/26,20:12:49
3426,1.05,3.426,1050.7880910683011,14174479742,2026-04-20 20:12:53.253287,20/04/26,20:12:53
3428,1.05,3.428,1050.1750291715286,14174483170,2026-04-20 20:12:56.681287,20/04/26,20:12:56
3406,1.06,3.406,1056.958308866706,14174486576,2026-04-20 20:13:00.087287,20/04/26,20:13:0
3501,1.03,3.501,1028.2776349614396,14174490077,2026-04-20 20:13:03.588287,20/04/26,20:13:3
5346,0.67,5.346,673.4006734006734,14174495423,2026-04-20 20:13:08.934287,20/04/26,20:13:8
5370,0.67,5.37,670.391061452514,14174500793,2026-04-20 20:13:14.304287,20/04/26,20:13:14
5388,0.67,5.388,668.1514476614699,14174506181,2026-04-20 20:13:19.692287,20/04/26,20:13:19
5364,0.67,5.364,671.1409395973154,14174511545,2026-04-20 20:13:25.056287,20/04/26,20:13:25
5387,0.67,5.387,668.2754780025989,14174516932,2026-04-20 20:13:30.443287,20/04/26,20:13:30
5386,0.67,5.386,668.3995544002971,14174522318,2026-04-20 20:13:35.829287,20/04/26,20:13:35
5351,0.67,5.351,672.7714445897963,14174527669,2026-04-20 20:13:41.180287,20/04/26,20:13:41
5363,0.67,5.363,671.2660824165579,14174533032,2026-04-20 20:13:46.543287,20/04/26,20:13:46
5332,0.68,5.332,675.1687921980495,14174538364,2026-04-20 20:13:51.875287,20/04/26,20:13:51
5755,0.62,5.755,625.5430060816681,14174544119,2026-04-20 20:13:57.630287,20/04/26,20:13:57
6989,0.51,6.989,515.0951495206754,14174551108,2026-04-20 20:14:04.619287,20/04/26,20:14:4
7056,0.51,7.056,510.2040816326531,14174558164,2026-04-20 20:14:11.675287,20/04/26,20:14:11
7058,0.51,7.058,510.0595069424766,14174565222,2026-04-20 20:14:18.733287,20/04/26,20:14:18
7018,0.51,7.018,512.9666571672841,14174572240,2026-04-20 20:14:25.751287,20/04/26,20:14:25
7033,0.51,7.033,511.8726005971847,14174579273,2026-04-20 20:14:32.784287,20/04/26,20:14:32
7024,0.51,7.024,512.5284738041003,14174586297,2026-04-20 20:14:39.808287,20/04/26,20:14:39
7068,0.51,7.068,509.3378607809847,14174593365,2026-04-20 20:14:46.876287,20/04/26,20:14:46
7065,0.51,7.065,509.5541401273885,14174600430,2026-04-20 20:14:53.941287,20/04/26,20:14:53
7070,0.51,7.07,509.1937765205092,14174607500,2026-04-20 20:15:01.011287,20/04/26,20:15:1
7068,0.51,7.068,509.3378607809847,14174614568,2026-04-20 20:15:08.079287,20/04/26,20:15:8
7033,0.51,7.033,511.8726005971847,14174621601,2026-04-20 20:15:15.112287,20/04/26,20:15:15
7015,0.51,7.015,513.1860299358517,14174628616,2026-04-20 20:15:22.127287,20/04/26,20:15:22
7032,0.51,7.032,511.9453924914676,14174635648,2026-04-20 20:15:29.159287,20/04/26,20:15:29
7020,0.51,7.02,512.8205128205128,14174642668,2026-04-20 20:15:36.179287,20/04/26,20:15:36
7023,0.51,7.023,512.6014523707818,14174649691,2026-04-20 20:15:43.202287,20/04/26,20:15:43
7054,0.51,7.054,510.34873830450806,14174656745,2026-04-20 20:15:50.256287,20/04/26,20:15:50
7046,0.51,7.046,510.928186204939,14174663791,2026-04-20 20:15:57.302287,20/04/26,20:15:57
7036,0.51,7.036,511.654349061967,14174670827,2026-04-20 20:16:04.338287,20/04/26,20:16:4
7030,0.51,7.03,512.0910384068279,14174677857,2026-04-20 20:16:11.368287,20/04/26,20:16:11
7037,0.51,7.037,511.5816399033679,14174684894,2026-04-20 20:16:18.405287,20/04/26,20:16:18
6909,0.52,6.909,521.0594876248372,14174691803,2026-04-20 20:16:25.314287,20/04/26,20:16:25
6925,0.52,6.925,519.85559566787,14174698728,2026-04-20 20:16:32.239287,20/04/26,20:16:32
6955,0.52,6.955,517.6132278936017,14174705683,2026-04-20 20:16:39.194287,20/04/26,20:16:39
6970,0.52,6.97,516.4992826398852,14174712653,2026-04-20 20:16:46.164287,20/04/26,20:16:46
6946,0.52,6.946,518.2839044054132,14174719599,2026-04-20 20:16:53.110287,20/04/26,20:16:53
6948,0.52,6.948,518.1347150259068,14174726547,2026-04-20 20:17:00.058287,20/04/26,20:17:0
6972,0.52,6.972,516.3511187607573,14174733519,2026-04-20 20:17:07.030287,20/04/26,20:17:7
6974,0.52,6.974,516.2030398623458,14174740493,2026-04-20 20:17:14.004287,20/04/26,20:17:14
6973,0.52,6.973,516.2770686935322,14174747466,2026-04-20 20:17:20.977287,20/04/26,20:17:20
8926,0.4,8.926,403.3161550526552,14174756392,2026-04-20 20:17:29.903287,20/04/26,20:17:29
10099,0.36,10.099,356.4709377166056,14174766491,2026-04-20 20:17:40.002287,20/04/26,20:17:40
10101,0.36,10.101,356.4003564003564,14174776592,2026-04-20 20:17:50.103287,20/04/26,20:17:50
10109,0.36,10.109,356.1183104164606,14174786701,2026-04-20 20:18:00.212287,20/04/26,20:18:0
10046,0.36,10.046,358.35158271949035,14174796747,2026-04-20 20:18:10.258287,20/04/26,20:18:10
7592,0.47,7.592,474.18335089567967,14174804339,2026-04-20 20:18:17.850287,20/04/26,20:18:17
6940,0.52,6.94,518.7319884726224,14174811279,2026-04-20 20:18:24.790287,20/04/26,20:18:24
6963,0.52,6.963,517.0185264971994,14174818242,2026-04-20 20:18:31.753287,20/04/26,20:18:31
6996,0.51,6.996,514.5797598627787,14174825238,2026-04-20 20:18:38.749287,20/04/26,20:18:38
6998,0.51,6.998,514.4326950557302,14174832236,2026-04-20 20:18:45.747287,20/04/26,20:18:45
6982,0.51,6.982,515.6115726152965,14174839218,2026-04-20 20:18:52.729287,20/04/26,20:18:52
6982,0.51,6.982,515.6115726152965,14174846200,2026-04-20 20:18:59.711287,20/04/26,20:18:59
6981,0.51,6.981,515.6854318865492,14174853181,2026-04-20 20:19:06.692287,20/04/26,20:19:6
6995,0.51,6.995,514.6533238027163,14174860176,2026-04-20 20:19:13.687287,20/04/26,20:19:13
6969,0.52,6.969,516.5733964700818,14174867145,2026-04-20 20:19:20.656287,20/04/26,20:19:20
6975,0.52,6.975,516.1290322580645,14174874120,2026-04-20 20:19:27.631287,20/04/26,20:19:27
7019,0.51,7.019,512.893574583274,14174881139,2026-04-20 20:19:34.650287,20/04/26,20:19:34
7008,0.51,7.008,513.6986301369863,14174888147,2026-04-20 20:19:41.658287,20/04/26,20:19:41
7000,0.51,7.0,514.2857142857143,14174895147,2026-04-20 20:19:48.658287,20/04/26,20:19:48
7003,0.51,7.003,514.0654005426246,14174902150,2026-04-20 20:19:55.661287,20/04/26,20:19:55
7021,0.51,7.021,512.7474718701039,14174909171,2026-04-20 20:20:02.682287,20/04/26,20:20:2
6998,0.51,6.998,514.4326950557302,14174916169,2026-04-20 20:20:09.680287,20/04/26,20:20:9
7024,0.51,7.024,512.5284738041003,14174923193,2026-04-20 20:20:16.704287,20/04/26,20:20:16
6963,0.52,6.963,517.0185264971994,14174930156,2026-04-20 20:20:23.667287,20/04/26,20:20:23
6981,0.51,6.981,515.6854318865492,14174937137,2026-04-20 20:20:30.648287,20/04/26,20:20:30
6970,0.52,6.97,516.4992826398852,14174944107,2026-04-20 20:20:37.618287,20/04/26,20:20:37
7000,0.51,7.0,514.2857142857143,14174951107,2026-04-20 20:20:44.618287,20/04/26,20:20:44
6993,0.51,6.993,514.8005148005147,14174958100,2026-04-20 20:20:51.611287,20/04/26,20:20:51
6994,0.51,6.994,514.7269087789534,14174965094,2026-04-20 20:20:58.605287,20/04/26,20:20:58
6991,0.51,6.991,514.9477900157345,14174972085,2026-04-20 20:21:05.596287,20/04/26,20:21:5
7007,0.51,7.007,513.7719423433709,14174979092,2026-04-20 20:21:12.603287,20/04/26,20:21:12
7002,0.51,7.002,514.1388174807198,14174986094,2026-04-20 20:21:19.605287,20/04/26,20:21:19
7031,0.51,7.031,512.0182050917366,14174993125,2026-04-20 20:21:26.636287,20/04/26,20:21:26
16446,0.22,16.446,218.89821233126597,14175009571,2026-04-20 20:21:43.082287,20/04/26,20:21:43
29115,0.12,29.115,123.64760432766616,14175038686,2026-04-20 20:22:12.197287,20/04/26,20:22:12
28954,0.12,28.954,124.33515231056158,14175067640,2026-04-20 20:22:41.151287,20/04/26,20:22:41
29128,0.12,29.128,123.59241966492722,14175096768,2026-04-20 20:23:10.279287,20/04/26,20:23:10
29048,0.12,29.048,123.93280088129991,14175125816,2026-04-20 20:23:39.327287,20/04/26,20:23:39
29240,0.12,29.24,123.11901504787961,14175155056,2026-04-20 20:24:08.567287,20/04/26,20:24:8
29222,0.12,29.222,123.19485319279994,14175184278,2026-04-20 20:24:37.789287,20/04/26,20:24:37
29034,0.12,29.034,123.99256044637322,14175213312,2026-04-20 20:25:06.823287,20/04/26,20:25:6
29002,0.12,29.002,124.12937038824909,14175242314,2026-04-20 20:25:35.825287,20/04/26,20:25:35
29100,0.12,29.1,123.71134020618557,14175271414,2026-04-20 20:26:04.925287,20/04/26,20:26:4
28998,0.12,28.998,124.14649286157666,14175300412,2026-04-20 20:26:33.923287,20/04/26,20:26:33
28957,0.12,28.957,124.32227095348276,14175329369,2026-04-20 20:27:02.880287,20/04/26,20:27:2
29048,0.12,29.048,123.93280088129991,14175358417,2026-04-20 20:27:31.928287,20/04/26,20:27:31
28964,0.12,28.964,124.29222483082447,14175387381,2026-04-20 20:28:00.892287,20/04/26,20:28:0
27205,0.13,27.205,132.32861606322368,14175414586,2026-04-20 20:28:28.097287,20/04/26,20:28:28
4813,0.75,4.813,747.9742364429669,14175419399,2026-04-20 20:28:32.910287,20/04/26,20:28:32
5747,0.63,5.747,626.4137811031843,14175425146,2026-04-20 20:28:38.657287,20/04/26,20:28:38
6996,0.51,6.996,514.5797598627787,14175432142,2026-04-20 20:28:45.653287,20/04/26,20:28:45
7016,0.51,7.016,513.1128848346636,14175439158,2026-04-20 20:28:52.669287,20/04/26,20:28:52
7010,0.51,7.01,513.5520684736091,14175446168,2026-04-20 20:28:59.679287,20/04/26,20:28:59
7011,0.51,7.011,513.4788189987163,14175453179,2026-04-20 20:29:06.690287,20/04/26,20:29:6
7012,0.51,7.012,513.4055904164289,14175460191,2026-04-20 20:29:13.702287,20/04/26,20:29:13
6996,0.51,6.996,514.5797598627787,14175467187,2026-04-20 20:29:20.698287,20/04/26,20:29:20
6977,0.51,6.977,515.9810806937079,14175474164,2026-04-20 20:29:27.675287,20/04/26,20:29:27
6559,0.55,6.559,548.86415612136,14175480723,2026-04-20 20:29:34.234287,20/04/26,20:29:34
5313,0.68,5.313,677.5832862789384,14175486036,2026-04-20 20:29:39.547287,20/04/26,20:29:39
5344,0.67,5.344,673.6526946107784,14175491380,2026-04-20 20:29:44.891287,20/04/26,20:29:44
5372,0.67,5.372,670.1414743112434,14175496752,2026-04-20 20:29:50.263287,20/04/26,20:29:50
5339,0.67,5.339,674.2835737029407,14175502091,2026-04-20 20:29:55.602287,20/04/26,20:29:55
5366,0.67,5.366,670.8907938874395,14175507457,2026-04-20 20:30:00.968287,20/04/26,20:30:0
5364,0.67,5.364,671.1409395973154,14175512821,2026-04-20 20:30:06.332287,20/04/26,20:30:6
5361,0.67,5.361,671.5165081141578,14175518182,2026-04-20 20:30:11.693287,20/04/26,20:30:11
5329,0.68,5.329,675.5488834678176,14175523511,2026-04-20 20:30:17.022287,20/04/26,20:30:17
5329,0.68,5.329,675.5488834678176,14175528840,2026-04-20 20:30:22.351287,20/04/26,20:30:22
5327,0.68,5.327,675.802515487141,14175534167,2026-04-20 20:30:27.678287,20/04/26,20:30:27
5356,0.67,5.356,672.1433905899926,14175539523,2026-04-20 20:30:33.034287,20/04/26,20:30:33
5318,0.68,5.318,676.9462203836028,14175544841,2026-04-20 20:30:38.352287,20/04/26,20:30:38
5344,0.67,5.344,673.6526946107784,14175550185,2026-04-20 20:30:43.696287,20/04/26,20:30:43
5334,0.67,5.334,674.9156355455568,14175555519,2026-04-20 20:30:49.030287,20/04/26,20:30:49
5345,0.67,5.345,673.5266604303087,14175560864,2026-04-20 20:30:54.375287,20/04/26,20:30:54
5334,0.67,5.334,674.9156355455568,14175566198,2026-04-20 20:30:59.709287,20/04/26,20:30:59
5337,0.67,5.337,674.5362563237774,14175571535,2026-04-20 20:31:05.046287,20/04/26,20:31:5
5339,0.67,5.339,674.2835737029407,14175576874,2026-04-20 20:31:10.385287,20/04/26,20:31:10
5348,0.67,5.348,673.1488406881077,14175582222,2026-04-20 20:31:15.733287,20/04/26,20:31:15
5353,0.67,5.353,672.5200821968989,14175587575,2026-04-20 20:31:21.086287,20/04/26,20:31:21
5365,0.67,5.365,671.0158434296366,14175592940,2026-04-20 20:31:26.451287,20/04/26,20:31:26
5347,0.67,5.347,673.274733495418,14175598287,2026-04-20 20:31:31.798287,20/04/26,20:31:31
5359,0.67,5.359,671.7671207314797,14175603646,2026-04-20 20:31:37.157287,20/04/26,20:31:37
5345,0.67,5.345,673.5266604303087,14175608991,2026-04-20 20:31:42.502287,20/04/26,20:31:42
5321,0.68,5.321,676.5645555346739,14175614312,2026-04-20 20:31:47.823287,20/04/26,20:31:47
5316,0.68,5.316,677.2009029345372,14175619628,2026-04-20 20:31:53.139287,20/04/26,20:31:53
4138,0.87,4.138,869.9855002416626,14175623766,2026-04-20 20:31:57.277287,20/04/26,20:31:57
4773,0.75,4.773,754.242614707731,14175628539,2026-04-20 20:32:02.050287,20/04/26,20:32:2
4761,0.76,4.761,756.1436672967864,14175633300,2026-04-20 20:32:06.811287,20/04/26,20:32:6
4751,0.76,4.751,757.7352136392338,14175638051,2026-04-20 20:32:11.562287,20/04/26,20:32:11
4759,0.76,4.759,756.4614414793024,14175642810,2026-04-20 20:32:16.321287,20/04/26,20:32:16
4733,0.76,4.733,760.6169448552715,14175647543,2026-04-20 20:32:21.054287,20/04/26,20:32:21
4736,0.76,4.736,760.1351351351351,14175652279,2026-04-20 20:32:25.790287,20/04/26,20:32:25
4739,0.76,4.739,759.6539354294155,14175657018,2026-04-20 20:32:30.529287,20/04/26,20:32:30
4761,0.76,4.761,756.1436672967864,14175661779,2026-04-20 20:32:35.290287,20/04/26,20:32:35
4766,0.75,4.766,755.3503986571549,14175666545,2026-04-20 20:32:40.056287,20/04/26,20:32:40
4783,0.75,4.783,752.6656909889191,14175671328,2026-04-20 20:32:44.839287,20/04/26,20:32:44
4777,0.75,4.777,753.6110529621101,14175676105,2026-04-20 20:32:49.616287,20/04/26,20:32:49
4775,0.75,4.775,753.9267015706806,14175680880,2026-04-20 20:32:54.391287,20/04/26,20:32:54
4762,0.75,4.762,755.984880302394,14175685642,2026-04-20 20:32:59.153287,20/04/26,20:32:59
4775,0.75,4.775,753.9267015706806,14175690417,2026-04-20 20:33:03.928287,20/04/26,20:33:3
4762,0.75,4.762,755.984880302394,14175695179,2026-04-20 20:33:08.690287,20/04/26,20:33:8
4781,0.75,4.781,752.98054800251,14175699960,2026-04-20 20:33:13.471287,20/04/26,20:33:13
4780,0.75,4.78,753.1380753138076,14175704740,2026-04-20 20:33:18.251287,20/04/26,20:33:18
4753,0.76,4.753,757.4163686092994,14175709493,2026-04-20 20:33:23.004287,20/04/26,20:33:23
4764,0.75,4.764,755.6675062972292,14175714257,2026-04-20 20:33:27.768287,20/04/26,20:33:27
4763,0.75,4.763,755.8261599832039,14175719020,2026-04-20 20:33:32.531287,20/04/26,20:33:32
4789,0.75,4.789,751.7226978492379,14175723809,2026-04-20 20:33:37.320287,20/04/26,20:33:37
5376,0.67,5.376,669.6428571428571,14175729185,2026-04-20 20:33:42.696287,20/04/26,20:33:42
8290,0.43,8.29,434.2581423401689,14175737475,2026-04-20 20:33:50.986287,20/04/26,20:33:50
8307,0.43,8.307,433.3694474539545,14175745782,2026-04-20 20:33:59.293287,20/04/26,20:33:59
8328,0.43,8.328,432.27665706051874,14175754110,2026-04-20 20:34:07.621287,20/04/26,20:34:7
8332,0.43,8.332,432.06913106096977,14175762442,2026-04-20 20:34:15.953287,20/04/26,20:34:15
8309,0.43,8.309,433.26513419184016,14175770751,2026-04-20 20:34:24.262287,20/04/26,20:34:24
8314,0.43,8.314,433.0045706038008,14175779065,2026-04-20 20:34:32.576287,20/04/26,20:34:32
8342,0.43,8.342,431.5511867657636,14175787407,2026-04-20 20:34:40.918287,20/04/26,20:34:40
8338,0.43,8.338,431.75821539937635,14175795745,2026-04-20 20:34:49.256287,20/04/26,20:34:49
8333,0.43,8.333,432.01728069122765,14175804078,2026-04-20 20:34:57.589287,20/04/26,20:34:57
13093,0.27,13.093,274.9560834033453,14175817171,2026-04-20 20:35:10.682287,20/04/26,20:35:10
17906,0.2,17.906,201.04992739863732,14175835077,2026-04-20 20:35:28.588287,20/04/26,20:35:28
18030,0.2,18.03,199.66722129783693,14175853107,2026-04-20 20:35:46.618287,20/04/26,20:35:46
18014,0.2,18.014,199.8445653380704,14175871121,2026-04-20 20:36:04.632287,20/04/26,20:36:4
18054,0.2,18.054,199.40179461615153,14175889175,2026-04-20 20:36:22.686287,20/04/26,20:36:22
18205,0.2,18.205,197.74787146388354,14175907380,2026-04-20 20:36:40.891287,20/04/26,20:36:40
18178,0.2,18.178,198.04158873363406,14175925558,2026-04-20 20:36:59.069287,20/04/26,20:36:59
18253,0.2,18.253,197.22785295567851,14175943811,2026-04-20 20:37:17.322287,20/04/26,20:37:17
18224,0.2,18.224,197.54170324846356,14175962035,2026-04-20 20:37:35.546287,20/04/26,20:37:35
18303,0.2,18.303,196.68906736600556,14175980338,2026-04-20 20:37:53.849287,20/04/26,20:37:53
18318,0.2,18.318,196.5280052407468,14175998656,2026-04-20 20:38:12.167287,20/04/26,20:38:12
18177,0.2,18.177,198.05248390823567,14176016833,2026-04-20 20:38:30.344287,20/04/26,20:38:30
18227,0.2,18.227,197.50918966368573,14176035060,2026-04-20 20:38:48.571287,20/04/26,20:38:48
18228,0.2,18.228,197.49835418038182,14176053288,2026-04-20 20:39:06.799287,20/04/26,20:39:6
18218,0.2,18.218,197.60676254254034,14176071506,2026-04-20 20:39:25.017287,20/04/26,20:39:25
18321,0.2,18.321,196.49582446373014,14176089827,2026-04-20 20:39:43.338287,20/04/26,20:39:43
18323,0.2,18.323,196.4743764667358,14176108150,2026-04-20 20:40:01.661287,20/04/26,20:40:1
18446,0.19,18.446,195.16426325490622,14176126596,2026-04-20 20:40:20.107287,20/04/26,20:40:20
18267,0.2,18.267,197.07669568073575,14176144863,2026-04-20 20:40:38.374287,20/04/26,20:40:38
24686,0.14,24.686,145.83164546706635,14176169549,2026-04-20 20:41:03.060287,20/04/26,20:41:3
28707,0.12,28.707,125.40495349566308,14176198256,2026-04-20 20:41:31.767287,20/04/26,20:41:31
28653,0.12,28.653,125.64129410532928,14176226909,2026-04-20 20:42:00.420287,20/04/26,20:42:0
28697,0.12,28.697,125.44865316932083,14176255606,2026-04-20 20:42:29.117287,20/04/26,20:42:29
28688,0.12,28.688,125.48800892359175,14176284294,2026-04-20 20:42:57.805287,20/04/26,20:42:57
28483,0.13,28.483,126.39118070427975,14176312777,2026-04-20 20:43:26.288287,20/04/26,20:43:26
28674,0.12,28.674,125.54927809165098,14176341451,2026-04-20 20:43:54.962287,20/04/26,20:43:54
28544,0.13,28.544,126.12107623318386,14176369995,2026-04-20 20:44:23.506287,20/04/26,20:44:23
28401,0.13,28.401,126.75610013731911,14176398396,2026-04-20 20:44:51.907287,20/04/26,20:44:51
28741,0.12,28.741,125.25660206673393,14176427137,2026-04-20 20:45:20.648287,20/04/26,20:45:20
28577,0.12,28.577,125.97543479021591,14176455714,2026-04-20 20:45:49.225287,20/04/26,20:45:49
28732,0.12,28.732,125.29583739384658,14176484446,2026-04-20 20:46:17.957287,20/04/26,20:46:17
29189,0.12,29.189,123.3341327212306,14176513635,2026-04-20 20:46:47.146287,20/04/26,20:46:47
29215,0.12,29.215,123.22437104227281,14176542850,2026-04-20 20:47:16.361287,20/04/26,20:47:16
29181,0.12,29.181,123.36794489565128,14176572031,2026-04-20 20:47:45.542287,20/04/26,20:47:45
29068,0.12,29.068,123.84752992981973,14176601099,2026-04-20 20:48:14.610287,20/04/26,20:48:14
29086,0.12,29.086,123.77088633706938,14176630185,2026-04-20 20:48:43.696287,20/04/26,20:48:43
29036,0.12,29.036,123.98401983744317,14176659221,2026-04-20 20:49:12.732287,20/04/26,20:49:12
29143,0.12,29.143,123.528806231342,14176688364,2026-04-20 20:49:41.875287,20/04/26,20:49:41
29169,0.12,29.169,123.4186979327368,14176717533,2026-04-20 20:50:11.044287,20/04/26,20:50:11
29148,0.12,29.148,123.50761630300535,14176746681,2026-04-20 20:50:40.192287,20/04/26,20:50:40
29167,0.12,29.167,123.42716083244763,14176775848,2026-04-20 20:51:09.359287,20/04/26,20:51:9
29231,0.12,29.231,123.15692244534911,14176805079,2026-04-20 20:51:38.590287,20/04/26,20:51:38
29542,0.12,29.542,121.86040213932706,14176834621,2026-04-20 20:52:08.132287,20/04/26,20:52:8
30280,0.12,30.28,118.89035667107001,14176864901,2026-04-20 20:52:38.412287,20/04/26,20:52:38
30223,0.12,30.223,119.11458161003209,14176895124,2026-04-20 20:53:08.635287,20/04/26,20:53:8
30284,0.12,30.284,118.87465328226126,14176925408,2026-04-20 20:53:38.919287,20/04/26,20:53:38
30372,0.12,30.372,118.53022520742789,14176955780,2026-04-20 20:54:09.291287,20/04/26,20:54:9
30173,0.12,30.173,119.31196765319989,14176985953,2026-04-20 20:54:39.464287,20/04/26,20:54:39
30300,0.12,30.3,118.81188118811882,14177016253,2026-04-20 20:55:09.764287,20/04/26,20:55:9
30161,0.12,30.161,119.35943768442691,14177046414,2026-04-20 20:55:39.925287,20/04/26,20:55:39
30152,0.12,30.152,119.39506500397984,14177076566,2026-04-20 20:56:10.077287,20/04/26,20:56:10
30260,0.12,30.26,118.96893588896232,14177106826,2026-04-20 20:56:40.337287,20/04/26,20:56:40
30188,0.12,30.188,119.25268318537167,14177137014,2026-04-20 20:57:10.525287,20/04/26,20:57:10
30130,0.12,30.13,119.48224361101892,14177167144,2026-04-20 20:57:40.655287,20/04/26,20:57:40
30145,0.12,30.145,119.42278984906287,14177197289,2026-04-20 20:58:10.800287,20/04/26,20:58:10
30138,0.12,30.138,119.45052757316344,14177227427,2026-04-20 20:58:40.938287,20/04/26,20:58:40
30156,0.12,30.156,119.3792280143255,14177257583,2026-04-20 20:59:11.094287,20/04/26,20:59:11
30133,0.12,30.133,119.47034812331995,14177287716,2026-04-20 20:59:41.227287,20/04/26,20:59:41
30177,0.12,30.177,119.29615269907545,14177317893,2026-04-20 21:00:11.404287,20/04/26,21:0:11
29995,0.12,29.995,120.02000333388898,14177347888,2026-04-20 21:00:41.399287,20/04/26,21:0:41
30295,0.12,30.295,118.83149034494141,14177378183,2026-04-20 21:01:11.694287,20/04/26,21:1:11
30218,0.12,30.218,119.13429082004103,14177408401,2026-04-20 21:01:41.912287,20/04/26,21:1:41
30173,0.12,30.173,119.31196765319989,14177438574,2026-04-20 21:02:12.085287,20/04/26,21:2:12
30173,0.12,30.173,119.31196765319989,14177468747,2026-04-20 21:02:42.258287,20/04/26,21:2:42
30264,0.12,30.264,118.9532117367169,14177499011,2026-04-20 21:03:12.522287,20/04/26,21:3:12
30102,0.12,30.102,119.5933824995017,14177529113,2026-04-20 21:03:42.624287,20/04/26,21:3:42
30004,0.12,30.004,119.98400213304893,14177559117,2026-04-20 21:04:12.628287,20/04/26,21:4:12
30089,0.12,30.089,119.64505300940543,14177589206,2026-04-20 21:04:42.717287,20/04/26,21:4:42
30182,0.12,30.182,119.27638990126566,14177619388,2026-04-20 21:05:12.899287,20/04/26,21:5:12
28907,0.12,28.907,124.53730930224513,14177648295,2026-04-20 21:05:41.806287,20/04/26,21:5:41
29475,0.12,29.475,122.13740458015268,14177677770,2026-04-20 21:06:11.281287,20/04/26,21:6:11
29357,0.12,29.357,122.62833395782948,14177707127,2026-04-20 21:06:40.638287,20/04/26,21:6:40
29682,0.12,29.682,121.2856276531231,14177736809,2026-04-20 21:07:10.320287,20/04/26,21:7:10
29531,0.12,29.531,121.90579391148285,14177766340,2026-04-20 21:07:39.851287,20/04/26,21:7:39
29670,0.12,29.67,121.33468149646107,14177796010,2026-04-20 21:08:09.521287,20/04/26,21:8:9
29208,0.12,29.208,123.25390304026294,14177825218,2026-04-20 21:08:38.729287,20/04/26,21:8:38
29458,0.12,29.458,122.20788919818047,14177854676,2026-04-20 21:09:08.187287,20/04/26,21:9:8
29408,0.12,29.408,122.41566920565832,14177884084,2026-04-20 21:09:37.595287,20/04/26,21:9:37
29425,0.12,29.425,122.34494477485131,14177913509,2026-04-20 21:10:07.020287,20/04/26,21:10:7
29318,0.12,29.318,122.79145917183982,14177942827,2026-04-20 21:10:36.338287,20/04/26,21:10:36
28867,0.12,28.867,124.70987632937263,14177971694,2026-04-20 21:11:05.205287,20/04/26,21:11:5
29705,0.12,29.705,121.191718565898,14178001399,2026-04-20 21:11:34.910287,20/04/26,21:11:34
29662,0.12,29.662,121.3674061088261,14178031061,2026-04-20 21:12:04.572287,20/04/26,21:12:4
29630,0.12,29.63,121.49848126898414,14178060691,2026-04-20 21:12:34.202287,20/04/26,21:12:34
29204,0.12,29.204,123.2707848239967,14178089895,2026-04-20 21:13:03.406287,20/04/26,21:13:3
29649,0.12,29.649,121.4206212688455,14178119544,2026-04-20 21:13:33.055287,20/04/26,21:13:33
29209,0.12,29.209,123.24968331678592,14178148753,2026-04-20 21:14:02.264287,20/04/26,21:14:2
29546,0.12,29.546,121.84390442022608,14178178299,2026-04-20 21:14:31.810287,20/04/26,21:14:31
29763,0.12,29.763,120.95554883580284,14178208062,2026-04-20 21:15:01.573287,20/04/26,21:15:1
29590,0.12,29.59,121.66272389320716,14178237652,2026-04-20 21:15:31.163287,20/04/26,21:15:31
29444,0.12,29.444,122.26599646787122,14178267096,2026-04-20 21:16:00.607287,20/04/26,21:16:0
29345,0.12,29.345,122.67848014994037,14178296441,2026-04-20 21:16:29.952287,20/04/26,21:16:29
29011,0.12,29.011,124.09086208679466,14178325452,2026-04-20 21:16:58.963287,20/04/26,21:16:58
28129,0.13,28.129,127.98179814426393,14178353581,2026-04-20 21:17:27.092287,20/04/26,21:17:27
29105,0.12,29.105,123.69008761381205,14178382686,2026-04-20 21:17:56.197287,20/04/26,21:17:56
29437,0.12,29.437,122.29507082922852,14178412123,2026-04-20 21:18:25.634287,20/04/26,21:18:25
30019,0.12,30.019,119.92404810286818,14178442142,2026-04-20 21:18:55.653287,20/04/26,21:18:55
29692,0.12,29.692,121.24477973865014,14178471834,2026-04-20 21:19:25.345287,20/04/26,21:19:25
30448,0.12,30.448,118.23436678928009,14178502282,2026-04-20 21:19:55.793287,20/04/26,21:19:55
30617,0.12,30.617,117.58173563706437,14178532899,2026-04-20 21:20:26.410287,20/04/26,21:20:26
30222,0.12,30.222,119.11852293031566,14178563121,2026-04-20 21:20:56.632287,20/04/26,21:20:56
29619,0.12,29.619,121.54360376785172,14178592740,2026-04-20 21:21:26.251287,20/04/26,21:21:26
30363,0.12,30.363,118.56535915423378,14178623103,2026-04-20 21:21:56.614287,20/04/26,21:21:56
29711,0.12,29.711,121.16724445491569,14178652814,2026-04-20 21:22:26.325287,20/04/26,21:22:26
29257,0.12,29.257,123.04747581775301,14178682071,2026-04-20 21:22:55.582287,20/04/26,21:22:55
16017,0.22,16.017,224.76119123431354,14178698088,2026-04-20 21:23:11.599287,20/04/26,21:23:11
17622,0.2,17.622,204.29009193054137,14178715710,2026-04-20 21:23:29.221287,20/04/26,21:23:29
17739,0.2,17.739,202.94266869609336,14178733449,2026-04-20 21:23:46.960287,20/04/26,21:23:46
17778,0.2,17.778,202.49746878164024,14178751227,2026-04-20 21:24:04.738287,20/04/26,21:24:4
17754,0.2,17.754,202.77120648867862,14178768981,2026-04-20 21:24:22.492287,20/04/26,21:24:22
17895,0.2,17.895,201.17351215423304,14178786876,2026-04-20 21:24:40.387287,20/04/26,21:24:40
18201,0.2,18.201,197.79133014669523,14178805077,2026-04-20 21:24:58.588287,20/04/26,21:24:58
18089,0.2,18.089,199.01597656034053,14178823166,2026-04-20 21:25:16.677287,20/04/26,21:25:16
18073,0.2,18.073,199.19216510817242,14178841239,2026-04-20 21:25:34.750287,20/04/26,21:25:34
18077,0.2,18.077,199.1480887315373,14178859316,2026-04-20 21:25:52.827287,20/04/26,21:25:52
17892,0.2,17.892,201.2072434607646,14178877208,2026-04-20 21:26:10.719287,20/04/26,21:26:10
17981,0.2,17.981,200.2113341860853,14178895189,2026-04-20 21:26:28.700287,20/04/26,21:26:28
18312,0.2,18.312,196.5923984272608,14178913501,2026-04-20 21:26:47.012287,20/04/26,21:26:47
18229,0.2,18.229,197.4875198858961,14178931730,2026-04-20 21:27:05.241287,20/04/26,21:27:5
18600,0.19,18.6,193.5483870967742,14178950330,2026-04-20 21:27:23.841287,20/04/26,21:27:23
18639,0.19,18.639,193.1434089811685,14178968969,2026-04-20 21:27:42.480287,20/04/26,21:27:42
18399,0.19,18.399,195.66280776129136,14178987368,2026-04-20 21:28:00.879287,20/04/26,21:28:0
18164,0.2,18.164,198.19423034573882,14179005532,2026-04-20 21:28:19.043287,20/04/26,21:28:19
18180,0.2,18.18,198.01980198019803,14179023712,2026-04-20 21:28:37.223287,20/04/26,21:28:37
18224,0.2,18.224,197.54170324846356,14179041936,2026-04-20 21:28:55.447287,20/04/26,21:28:55
18245,0.2,18.245,197.31433269388873,14179060181,2026-04-20 21:29:13.692287,20/04/26,21:29:13
18278,0.2,18.278,196.9580916949338,14179078459,2026-04-20 21:29:31.970287,20/04/26,21:29:31
18412,0.19,18.412,195.5246578318488,14179096871,2026-04-20 21:29:50.382287,20/04/26,21:29:50
18193,0.2,18.193,197.87830484252186,14179115064,2026-04-20 21:30:08.575287,20/04/26,21:30:8
18036,0.2,18.036,199.6007984031936,14179133100,2026-04-20 21:30:26.611287,20/04/26,21:30:26
18119,0.2,18.119,198.68646172526078,14179151219,2026-04-20 21:30:44.730287,20/04/26,21:30:44
18246,0.2,18.246,197.30351857941466,14179169465,2026-04-20 21:31:02.976287,20/04/26,21:31:2
18301,0.2,18.301,196.71056226435715,14179187766,2026-04-20 21:31:21.277287,20/04/26,21:31:21
18292,0.2,18.292,196.80734747430571,14179206058,2026-04-20 21:31:39.569287,20/04/26,21:31:39
23390,0.15,23.39,153.9119281744335,14179229448,2026-04-20 21:32:02.959287,20/04/26,21:32:2
28179,0.13,28.179,127.75471095496647,14179257627,2026-04-20 21:32:31.138287,20/04/26,21:32:31
28216,0.13,28.216,127.58718457612702,14179285843,2026-04-20 21:32:59.354287,20/04/26,21:32:59
28159,0.13,28.159,127.84544905713982,14179314002,2026-04-20 21:33:27.513287,20/04/26,21:33:27
27812,0.13,27.812,129.44052926794188,14179341814,2026-04-20 21:33:55.325287,20/04/26,21:33:55
27046,0.13,27.046,133.1065591954448,14179368860,2026-04-20 21:34:22.371287,20/04/26,21:34:22
27420,0.13,27.42,131.2910284463895,14179396280,2026-04-20 21:34:49.791287,20/04/26,21:34:49
28148,0.13,28.148,127.89540997584197,14179424428,2026-04-20 21:35:17.939287,20/04/26,21:35:17
27839,0.13,27.839,129.3149897625633,14179452267,2026-04-20 21:35:45.778287,20/04/26,21:35:45
28154,0.13,28.154,127.86815372593593,14179480421,2026-04-20 21:36:13.932287,20/04/26,21:36:13
28158,0.13,28.158,127.84998934583422,14179508579,2026-04-20 21:36:42.090287,20/04/26,21:36:42
28149,0.13,28.149,127.89086646062027,14179536728,2026-04-20 21:37:10.239287,20/04/26,21:37:10
28050,0.13,28.05,128.3422459893048,14179564778,2026-04-20 21:37:38.289287,20/04/26,21:37:38
28071,0.13,28.071,128.24623276691247,14179592849,2026-04-20 21:38:06.360287,20/04/26,21:38:6
28040,0.13,28.04,128.38801711840227,14179620889,2026-04-20 21:38:34.400287,20/04/26,21:38:34
27855,0.13,27.855,129.24071082390952,14179648744,2026-04-20 21:39:02.255287,20/04/26,21:39:2
27842,0.13,27.842,129.30105595862366,14179676586,2026-04-20 21:39:30.097287,20/04/26,21:39:30
28368,0.13,28.368,126.90355329949239,14179704954,2026-04-20 21:39:58.465287,20/04/26,21:39:58
28195,0.13,28.195,127.6822131583614,14179733149,2026-04-20 21:40:26.660287,20/04/26,21:40:26
28132,0.13,28.132,127.96815014929618,14179761281,2026-04-20 21:40:54.792287,20/04/26,21:40:54
28307,0.13,28.307,127.17702335111457,14179789588,2026-04-20 21:41:23.099287,20/04/26,21:41:23
28531,0.13,28.531,126.17854263783254,14179818119,2026-04-20 21:41:51.630287,20/04/26,21:41:51
28440,0.13,28.44,126.58227848101266,14179846559,2026-04-20 21:42:20.070287,20/04/26,21:42:20
28380,0.13,28.38,126.84989429175475,14179874939,2026-04-20 21:42:48.450287,20/04/26,21:42:48
28330,0.13,28.33,127.07377338510413,14179903269,2026-04-20 21:43:16.780287,20/04/26,21:43:16
28388,0.13,28.388,126.8141468226011,14179931657,2026-04-20 21:43:45.168287,20/04/26,21:43:45
28393,0.13,28.393,126.79181488395027,14179960050,2026-04-20 21:44:13.561287,20/04/26,21:44:13
28463,0.13,28.463,126.47999156800056,14179988513,2026-04-20 21:44:42.024287,20/04/26,21:44:42
28421,0.13,28.421,126.66690123500229,14180016934,2026-04-20 21:45:10.445287,20/04/26,21:45:10
28369,0.13,28.369,126.89907998167013,14180045303,2026-04-20 21:45:38.814287,20/04/26,21:45:38
17407,0.21,17.407,206.81335095076693,14180062710,2026-04-20 21:45:56.221287,20/04/26,21:45:56
26659,0.14,26.659,135.03882366180278,14180089369,2026-04-20 21:46:22.880287,20/04/26,21:46:22
28445,0.13,28.445,126.5600281244507,14180117814,2026-04-20 21:46:51.325287,20/04/26,21:46:51
28798,0.12,28.798,125.00868115841378,14180146612,2026-04-20 21:47:20.123287,20/04/26,21:47:20
28885,0.12,28.885,124.63216202181063,14180175497,2026-04-20 21:47:49.008287,20/04/26,21:47:49
28761,0.12,28.761,125.16950036507771,14180204258,2026-04-20 21:48:17.769287,20/04/26,21:48:17
28783,0.12,28.783,125.07382830142792,14180233041,2026-04-20 21:48:46.552287,20/04/26,21:48:46
28895,0.12,28.895,124.58902924381381,14180261936,2026-04-20 21:49:15.447287,20/04/26,21:49:15
27834,0.13,27.834,129.33821944384565,14180289770,2026-04-20 21:49:43.281287,20/04/26,21:49:43
27886,0.13,27.886,129.09703794018503,14180317656,2026-04-20 21:50:11.167287,20/04/26,21:50:11
27902,0.13,27.902,129.0230091032901,14180345558,2026-04-20 21:50:39.069287,20/04/26,21:50:39
28144,0.13,28.144,127.91358726549176,14180373702,2026-04-20 21:51:07.213287,20/04/26,21:51:7
28003,0.13,28.003,128.5576545370139,14180401705,2026-04-20 21:51:35.216287,20/04/26,21:51:35
28086,0.13,28.086,128.1777397991882,14180429791,2026-04-20 21:52:03.302287,20/04/26,21:52:3
28176,0.13,28.176,127.76831345826236,14180457967,2026-04-20 21:52:31.478287,20/04/26,21:52:31
28194,0.13,28.194,127.68674185997021,14180486161,2026-04-20 21:52:59.672287,20/04/26,21:52:59
27582,0.13,27.582,130.51990428540353,14180513743,2026-04-20 21:53:27.254287,20/04/26,21:53:27
27850,0.13,27.85,129.26391382405745,14180541593,2026-04-20 21:53:55.104287,20/04/26,21:53:55
28070,0.13,28.07,128.2508015675098,14180569663,2026-04-20 21:54:23.174287,20/04/26,21:54:23
28164,0.13,28.164,127.82275244993609,14180597827,2026-04-20 21:54:51.338287,20/04/26,21:54:51
28203,0.13,28.203,127.64599510690353,14180626030,2026-04-20 21:55:19.541287,20/04/26,21:55:19
28040,0.13,28.04,128.38801711840227,14180654070,2026-04-20 21:55:47.581287,20/04/26,21:55:47
28149,0.13,28.149,127.89086646062027,14180682219,2026-04-20 21:56:15.730287,20/04/26,21:56:15
28122,0.13,28.122,128.01365478984425,14180710341,2026-04-20 21:56:43.852287,20/04/26,21:56:43
28071,0.13,28.071,128.24623276691247,14180738412,2026-04-20 21:57:11.923287,20/04/26,21:57:11
27851,0.13,27.851,129.25927255753834,14180766263,2026-04-20 21:57:39.774287,20/04/26,21:57:39
28053,0.13,28.053,128.32852101379532,14180794316,2026-04-20 21:58:07.827287,20/04/26,21:58:7
27946,0.13,27.946,128.81986688613756,14180822262,2026-04-20 21:58:35.773287,20/04/26,21:58:35
28043,0.13,28.043,128.37428235210214,14180850305,2026-04-20 21:59:03.816287,20/04/26,21:59:3
27966,0.13,27.966,128.72774082814846,14180878271,2026-04-20 21:59:31.782287,20/04/26,21:59:31
28711,0.12,28.711,125.38748214969873,14180906982,2026-04-20 22:00:00.493287,20/04/26,22:0:0
28717,0.12,28.717,125.36128425671205,14180935699,2026-04-20 22:00:29.210287,20/04/26,22:0:29
27838,0.13,27.838,129.31963503125223,14180963537,2026-04-20 22:00:57.048287,20/04/26,22:0:57
28021,0.13,28.021,128.47507226722814,14180991558,2026-04-20 22:01:25.069287,20/04/26,22:1:25
28174,0.13,28.174,127.77738340313765,14181019732,2026-04-20 22:01:53.243287,20/04/26,22:1:53
28268,0.13,28.268,127.35248337342578,14181048000,2026-04-20 22:02:21.511287,20/04/26,22:2:21
28128,0.13,28.128,127.9863481228669,14181076128,2026-04-20 22:02:49.639287,20/04/26,22:2:49
28227,0.13,28.227,127.53746413008821,14181104355,2026-04-20 22:03:17.866287,20/04/26,22:3:17
26939,0.13,26.939,133.6352500092802,14181131294,2026-04-20 22:03:44.805287,20/04/26,22:3:44
27099,0.13,27.099,132.8462304882099,14181158393,2026-04-20 22:04:11.904287,20/04/26,22:4:11
28086,0.13,28.086,128.1777397991882,14181186479,2026-04-20 22:04:39.990287,20/04/26,22:4:39
28123,0.13,28.123,128.0091028695374,14181214602,2026-04-20 22:05:08.113287,20/04/26,22:5:8
26997,0.13,26.997,133.3481497944216,14181241599,2026-04-20 22:05:35.110287,20/04/26,22:5:35
27007,0.13,27.007,133.29877439182434,14181268606,2026-04-20 22:06:02.117287,20/04/26,22:6:2
26963,0.13,26.963,133.51630011497238,14181295569,2026-04-20 22:06:29.080287,20/04/26,22:6:29
26720,0.13,26.72,134.7305389221557,14181322289,2026-04-20 22:06:55.800287,20/04/26,22:6:55
26637,0.14,26.637,135.15035476968126,14181348926,2026-04-20 22:07:22.437287,20/04/26,22:7:22
26646,0.14,26.646,135.10470614726412,14181375572,2026-04-20 22:07:49.083287,20/04/26,22:7:49
26382,0.14,26.382,136.4566750056857,14181401954,2026-04-20 22:08:15.465287,20/04/26,22:8:15
27612,0.13,27.612,130.3780964797914,14181429566,2026-04-20 22:08:43.077287,20/04/26,22:8:43
27919,0.13,27.919,128.9444464343279,14181457485,2026-04-20 22:09:10.996287,20/04/26,22:9:10
27386,0.13,27.386,131.4540276053458,14181484871,2026-04-20 22:09:38.382287,20/04/26,22:9:38
27246,0.13,27.246,132.1294868971592,14181512117,2026-04-20 22:10:05.628287,20/04/26,22:10:5
28088,0.13,28.088,128.16861293078895,14181540205,2026-04-20 22:10:33.716287,20/04/26,22:10:33
28094,0.13,28.094,128.14124012244608,14181568299,2026-04-20 22:11:01.810287,20/04/26,22:11:1
28074,0.13,28.074,128.23252831801668,14181596373,2026-04-20 22:11:29.884287,20/04/26,22:11:29
28248,0.13,28.248,127.44265080713679,14181624621,2026-04-20 22:11:58.132287,20/04/26,22:11:58
28160,0.13,28.16,127.8409090909091,14181652781,2026-04-20 22:12:26.292287,20/04/26,22:12:26
28078,0.13,28.078,128.21426027494834,14181680859,2026-04-20 22:12:54.370287,20/04/26,22:12:54
28284,0.13,28.284,127.28044123886296,14181709143,2026-04-20 22:13:22.654287,20/04/26,22:13:22
28113,0.13,28.113,128.05463664496853,14181737256,2026-04-20 22:13:50.767287,20/04/26,22:13:50
27741,0.13,27.741,129.77181788688225,14181764997,2026-04-20 22:14:18.508287,20/04/26,22:14:18
27937,0.13,27.937,128.86136664638292,14181792934,2026-04-20 22:14:46.445287,20/04/26,22:14:46
28266,0.13,28.266,127.36149437486733,14181821200,2026-04-20 22:15:14.711287,20/04/26,22:15:14
28227,0.13,28.227,127.53746413008821,14181849427,2026-04-20 22:15:42.938287,20/04/26,22:15:42
28146,0.13,28.146,127.90449797484546,14181877573,2026-04-20 22:16:11.084287,20/04/26,22:16:11
21522,0.17,21.522,167.27069974909395,14181899095,2026-04-20 22:16:32.606287,20/04/26,22:16:32
17162,0.21,17.162,209.76576156625103,14181916257,2026-04-20 22:16:49.768287,20/04/26,22:16:49
16961,0.21,16.961,212.25163610636164,14181933218,2026-04-20 22:17:06.729287,20/04/26,22:17:6
16962,0.21,16.962,212.23912274495933,14181950180,2026-04-20 22:17:23.691287,20/04/26,22:17:23
17073,0.21,17.073,210.85925144965736,14181967253,2026-04-20 22:17:40.764287,20/04/26,22:17:40
17169,0.21,17.169,209.68023763760266,14181984422,2026-04-20 22:17:57.933287,20/04/26,22:17:57
17332,0.21,17.332,207.70828525271176,14182001754,2026-04-20 22:18:15.265287,20/04/26,22:18:15
17384,0.21,17.384,207.08697653014266,14182019138,2026-04-20 22:18:32.649287,20/04/26,22:18:32
17474,0.21,17.474,206.02037312578688,14182036612,2026-04-20 22:18:50.123287,20/04/26,22:18:50
17472,0.21,17.472,206.04395604395606,14182054084,2026-04-20 22:19:07.595287,20/04/26,22:19:7
17507,0.2,17.507,205.63203290112526,14182071591,2026-04-20 22:19:25.102287,20/04/26,22:19:25
17670,0.2,17.67,203.73514431239389,14182089261,2026-04-20 22:19:42.772287,20/04/26,22:19:42
17607,0.2,17.607,204.46413358323395,14182106868,2026-04-20 22:20:00.379287,20/04/26,22:20:0
17620,0.2,17.62,204.3132803632236,14182124488,2026-04-20 22:20:17.999287,20/04/26,22:20:17
17587,0.2,17.587,204.69665093534996,14182142075,2026-04-20 22:20:35.586287,20/04/26,22:20:35
17773,0.2,17.773,202.55443650481067,14182159848,2026-04-20 22:20:53.359287,20/04/26,22:20:53
17774,0.2,17.774,202.54304039608417,14182177622,2026-04-20 22:21:11.133287,20/04/26,22:21:11
17800,0.2,17.8,202.24719101123594,14182195422,2026-04-20 22:21:28.933287,20/04/26,22:21:28
17996,0.2,17.996,200.04445432318292,14182213418,2026-04-20 22:21:46.929287,20/04/26,22:21:46
17956,0.2,17.956,200.49008687903765,14182231374,2026-04-20 22:22:04.885287,20/04/26,22:22:4
17945,0.2,17.945,200.61298411813877,14182249319,2026-04-20 22:22:22.830287,20/04/26,22:22:22
17995,0.2,17.995,200.0555709919422,14182267314,2026-04-20 22:22:40.825287,20/04/26,22:22:40
18061,0.2,18.061,199.32451137810753,14182285375,2026-04-20 22:22:58.886287,20/04/26,22:22:58
18089,0.2,18.089,199.01597656034053,14182303464,2026-04-20 22:23:16.975287,20/04/26,22:23:16
18085,0.2,18.085,199.05999447055572,14182321549,2026-04-20 22:23:35.060287,20/04/26,22:23:35
18129,0.2,18.129,198.57686579513486,14182339678,2026-04-20 22:23:53.189287,20/04/26,22:23:53
18169,0.2,18.169,198.13968848037868,14182357847,2026-04-20 22:24:11.358287,20/04/26,22:24:11
18349,0.2,18.349,196.19597798245135,14182376196,2026-04-20 22:24:29.707287,20/04/26,22:24:29
18529,0.19,18.529,194.29003184197745,14182394725,2026-04-20 22:24:48.236287,20/04/26,22:24:48
18026,0.2,18.026,199.71152779318763,14182412751,2026-04-20 22:25:06.262287,20/04/26,22:25:6
20768,0.17,20.768,173.34360554699538,14182433519,2026-04-20 22:25:27.030287,20/04/26,22:25:27
28221,0.13,28.221,127.5645795684065,14182461740,2026-04-20 22:25:55.251287,20/04/26,22:25:55
28215,0.13,28.215,127.59170653907496,14182489955,2026-04-20 22:26:23.466287,20/04/26,22:26:23
28423,0.13,28.423,126.65798824895332,14182518378,2026-04-20 22:26:51.889287,20/04/26,22:26:51
28256,0.13,28.256,127.40656851642129,14182546634,2026-04-20 22:27:20.145287,20/04/26,22:27:20
28259,0.13,28.259,127.39304292437808,14182574893,2026-04-20 22:27:48.404287,20/04/26,22:27:48
28271,0.13,28.271,127.3389692617877,14182603164,2026-04-20 22:28:16.675287,20/04/26,22:28:16
28331,0.13,28.331,127.06928805901663,14182631495,2026-04-20 22:28:45.006287,20/04/26,22:28:45
28124,0.13,28.124,128.00455127293415,14182659619,2026-04-20 22:29:13.130287,20/04/26,22:29:13
28581,0.12,28.581,125.95780413561457,14182688200,2026-04-20 22:29:41.711287,20/04/26,22:29:41
28623,0.12,28.623,125.77297977151242,14182716823,2026-04-20 22:30:10.334287,20/04/26,22:30:10
22334,0.16,22.334,161.18921823229158,14182739157,2026-04-20 22:30:32.668287,20/04/26,22:30:32
22397,0.16,22.397,160.73581283207574,14182761554,2026-04-20 22:30:55.065287,20/04/26,22:30:55
24879,0.14,24.879,144.70034969251176,14182786433,2026-04-20 22:31:19.944287,20/04/26,22:31:19
28813,0.12,28.813,124.94360184638879,14182815246,2026-04-20 22:31:48.757287,20/04/26,22:31:48
28714,0.12,28.714,125.37438183464512,14182843960,2026-04-20 22:32:17.471287,20/04/26,22:32:17
28734,0.12,28.734,125.28711630820631,14182872694,2026-04-20 22:32:46.205287,20/04/26,22:32:46
28724,0.12,28.724,125.33073388107506,14182901418,2026-04-20 22:33:14.929287,20/04/26,22:33:14
28714,0.12,28.714,125.37438183464512,14182930132,2026-04-20 22:33:43.643287,20/04/26,22:33:43
28564,0.13,28.564,126.03276851981515,14182958696,2026-04-20 22:34:12.207287,20/04/26,22:34:12
28730,0.12,28.73,125.30455969369997,14182987426,2026-04-20 22:34:40.937287,20/04/26,22:34:40
28875,0.12,28.875,124.67532467532467,14183016301,2026-04-20 22:35:09.812287,20/04/26,22:35:9
28526,0.13,28.526,126.20065904788613,14183044827,2026-04-20 22:35:38.338287,20/04/26,22:35:38
28797,0.12,28.797,125.01302218981144,14183073624,2026-04-20 22:36:07.135287,20/04/26,22:36:7
28812,0.12,28.812,124.94793835901707,14183102436,2026-04-20 22:36:35.947287,20/04/26,22:36:35
28608,0.12,28.608,125.83892617449665,14183131044,2026-04-20 22:37:04.555287,20/04/26,22:37:4
29246,0.12,29.246,123.09375641113314,14183160290,2026-04-20 22:37:33.801287,20/04/26,22:37:33
28857,0.12,28.857,124.75309283709325,14183189147,2026-04-20 22:38:02.658287,20/04/26,22:38:2
28627,0.12,28.627,125.75540573584378,14183217774,2026-04-20 22:38:31.285287,20/04/26,22:38:31
28783,0.12,28.783,125.07382830142792,14183246557,2026-04-20 22:39:00.068287,20/04/26,22:39:0
28030,0.13,28.03,128.43382090617195,14183274587,2026-04-20 22:39:28.098287,20/04/26,22:39:28
28317,0.13,28.317,127.13211145248437,14183302904,2026-04-20 22:39:56.415287,20/04/26,22:39:56
28179,0.13,28.179,127.75471095496647,14183331083,2026-04-20 22:40:24.594287,20/04/26,22:40:24
28300,0.13,28.3,127.20848056537102,14183359383,2026-04-20 22:40:52.894287,20/04/26,22:40:52
28125,0.13,28.125,128.0,14183387508,2026-04-20 22:41:21.019287,20/04/26,22:41:21
28170,0.13,28.17,127.79552715654953,14183415678,2026-04-20 22:41:49.189287,20/04/26,22:41:49
28264,0.13,28.264,127.3705066515709,14183443942,2026-04-20 22:42:17.453287,20/04/26,22:42:17
28145,0.13,28.145,127.90904245869604,14183472087,2026-04-20 22:42:45.598287,20/04/26,22:42:45
28434,0.13,28.434,126.60898923823592,14183500521,2026-04-20 22:43:14.032287,20/04/26,22:43:14
28265,0.13,28.265,127.36600035379445,14183528786,2026-04-20 22:43:42.297287,20/04/26,22:43:42
28352,0.13,28.352,126.97516930022573,14183557138,2026-04-20 22:44:10.649287,20/04/26,22:44:10
28046,0.13,28.046,128.36055052413892,14183585184,2026-04-20 22:44:38.695287,20/04/26,22:44:38
28253,0.13,28.253,127.4200969808516,14183613437,2026-04-20 22:45:06.948287,20/04/26,22:45:6
28244,0.13,28.244,127.4606996176179,14183641681,2026-04-20 22:45:35.192287,20/04/26,22:45:35
28327,0.13,28.327,127.08723126345889,14183670008,2026-04-20 22:46:03.519287,20/04/26,22:46:3
28307,0.13,28.307,127.17702335111457,14183698315,2026-04-20 22:46:31.826287,20/04/26,22:46:31
28240,0.13,28.24,127.47875354107649,14183726555,2026-04-20 22:47:00.066287,20/04/26,22:47:0
28595,0.12,28.595,125.89613568805736,14183755150,2026-04-20 22:47:28.661287,20/04/26,22:47:28
28942,0.12,28.942,124.3867044433695,14183784092,2026-04-20 22:47:57.603287,20/04/26,22:47:57
28459,0.13,28.459,126.49776871991286,14183812551,2026-04-20 22:48:26.062287,20/04/26,22:48:26
28521,0.13,28.521,126.22278321236983,14183841072,2026-04-20 22:48:54.583287,20/04/26,22:48:54
28473,0.13,28.473,126.43557054051206,14183869545,2026-04-20 22:49:23.056287,20/04/26,22:49:23
28465,0.13,28.465,126.47110486562445,14183898010,2026-04-20 22:49:51.521287,20/04/26,22:49:51
28507,0.13,28.507,126.28477216122356,14183926517,2026-04-20 22:50:20.028287,20/04/26,22:50:20
28425,0.13,28.425,126.64907651715039,14183954942,2026-04-20 22:50:48.453287,20/04/26,22:50:48
28481,0.13,28.481,126.40005617780274,14183983423,2026-04-20 22:51:16.934287,20/04/26,22:51:16
29699,0.12,29.699,121.21620256574296,14184013122,2026-04-20 22:51:46.633287,20/04/26,22:51:46
41091,0.09,41.091,87.61042564065124,14184054213,2026-04-20 22:52:27.724287,20/04/26,22:52:27
41986,0.09,41.986,85.74286666984233,14184096199,2026-04-20 22:53:09.710287,20/04/26,22:53:9
41170,0.09,41.17,87.44231236337139,14184137369,2026-04-20 22:53:50.880287,20/04/26,22:53:50
29855,0.12,29.855,120.58281694858482,14184167224,2026-04-20 22:54:20.735287,20/04/26,22:54:20
30750,0.12,30.75,117.07317073170732,14184197974,2026-04-20 22:54:51.485287,20/04/26,22:54:51
31256,0.12,31.256,115.17788584591759,14184229230,2026-04-20 22:55:22.741287,20/04/26,22:55:22
31146,0.12,31.146,115.58466576767482,14184260376,2026-04-20 22:55:53.887287,20/04/26,22:55:53
31333,0.11,31.333,114.89483930680113,14184291709,2026-04-20 22:56:25.220287,20/04/26,22:56:25
31334,0.11,31.334,114.89117252824408,14184323043,2026-04-20 22:56:56.554287,20/04/26,22:56:56
31306,0.11,31.306,114.99393087587045,14184354349,2026-04-20 22:57:27.860287,20/04/26,22:57:27
31264,0.12,31.264,115.14841351074719,14184385613,2026-04-20 22:57:59.124287,20/04/26,22:57:59
30533,0.12,30.533,117.90521730586579,14184416146,2026-04-20 22:58:29.657287,20/04/26,22:58:29
30520,0.12,30.52,117.95543905635648,14184446666,2026-04-20 22:59:00.177287,20/04/26,22:59:0
30465,0.12,30.465,118.16838995568685,14184477131,2026-04-20 22:59:30.642287,20/04/26,22:59:30
30093,0.12,30.093,119.629149636128,14184507224,2026-04-20 23:00:00.735287,20/04/26,23:0:0
30331,0.12,30.331,118.69044871583529,14184537555,2026-04-20 23:00:31.066287,20/04/26,23:0:31
30556,0.12,30.556,117.81646812410001,14184568111,2026-04-20 23:01:01.622287,20/04/26,23:1:1
30561,0.12,30.561,117.79719250024542,14184598672,2026-04-20 23:01:32.183287,20/04/26,23:1:32
30541,0.12,30.541,117.87433286401885,14184629213,2026-04-20 23:02:02.724287,20/04/26,23:2:2
30343,0.12,30.343,118.64350921135023,14184659556,2026-04-20 23:02:33.067287,20/04/26,23:2:33
30408,0.12,30.408,118.38989739542225,14184689964,2026-04-20 23:03:03.475287,20/04/26,23:3:3
30485,0.12,30.485,118.09086435952108,14184720449,2026-04-20 23:03:33.960287,20/04/26,23:3:33
30258,0.12,30.258,118.9767995240928,14184750707,2026-04-20 23:04:04.218287,20/04/26,23:4:4
30513,0.12,30.513,117.98249926260938,14184781220,2026-04-20 23:04:34.731287,20/04/26,23:4:34
30546,0.12,30.546,117.85503830288745,14184811766,2026-04-20 23:05:05.277287,20/04/26,23:5:5
30397,0.12,30.397,118.43274007303353,14184842163,2026-04-20 23:05:35.674287,20/04/26,23:5:35
30107,0.12,30.107,119.57352110804796,14184872270,2026-04-20 23:06:05.781287,20/04/26,23:6:5
30420,0.12,30.42,118.34319526627219,14184902690,2026-04-20 23:06:36.201287,20/04/26,23:6:36
30419,0.12,30.419,118.34708570301456,14184933109,2026-04-20 23:07:06.620287,20/04/26,23:7:6
30498,0.12,30.498,118.04052724768837,14184963607,2026-04-20 23:07:37.118287,20/04/26,23:7:37
30305,0.12,30.305,118.79227850189737,14184993912,2026-04-20 23:08:07.423287,20/04/26,23:8:7
29349,0.12,29.349,122.66176019625881,14185023261,2026-04-20 23:08:36.772287,20/04/26,23:8:36
29597,0.12,29.597,121.63394938676217,14185052858,2026-04-20 23:09:06.369287,20/04/26,23:9:6
29795,0.12,29.795,120.82564188622253,14185082653,2026-04-20 23:09:36.164287,20/04/26,23:9:36
29666,0.12,29.666,121.35104159644037,14185112319,2026-04-20 23:10:05.830287,20/04/26,23:10:5
29771,0.12,29.771,120.92304591716771,14185142090,2026-04-20 23:10:35.601287,20/04/26,23:10:35
22160,0.16,22.16,162.4548736462094,14185164250,2026-04-20 23:10:57.761287,20/04/26,23:10:57
17721,0.2,17.721,203.14880650076182,14185181971,2026-04-20 23:11:15.482287,20/04/26,23:11:15
17508,0.2,17.508,205.620287868403,14185199479,2026-04-20 23:11:32.990287,20/04/26,23:11:32
17626,0.2,17.626,204.24373085215024,14185217105,2026-04-20 23:11:50.616287,20/04/26,23:11:50
17705,0.2,17.705,203.33239197966677,14185234810,2026-04-20 23:12:08.321287,20/04/26,23:12:8
17743,0.2,17.743,202.89691709406526,14185252553,2026-04-20 23:12:26.064287,20/04/26,23:12:26
17891,0.2,17.891,201.2184897434464,14185270444,2026-04-20 23:12:43.955287,20/04/26,23:12:43
17971,0.2,17.971,200.32274219575984,14185288415,2026-04-20 23:13:01.926287,20/04/26,23:13:1
18050,0.2,18.05,199.4459833795014,14185306465,2026-04-20 23:13:19.976287,20/04/26,23:13:19
18077,0.2,18.077,199.1480887315373,14185324542,2026-04-20 23:13:38.053287,20/04/26,23:13:38
18133,0.2,18.133,198.53306126950864,14185342675,2026-04-20 23:13:56.186287,20/04/26,23:13:56
18165,0.2,18.165,198.1833195706028,14185360840,2026-04-20 23:14:14.351287,20/04/26,23:14:14
18324,0.2,18.324,196.46365422396858,14185379164,2026-04-20 23:14:32.675287,20/04/26,23:14:32
18343,0.2,18.343,196.26015373712042,14185397507,2026-04-20 23:14:51.018287,20/04/26,23:14:51
18407,0.19,18.407,195.5777693268865,14185415914,2026-04-20 23:15:09.425287,20/04/26,23:15:9
18455,0.19,18.455,195.06908696830126,14185434369,2026-04-20 23:15:27.880287,20/04/26,23:15:27
18420,0.19,18.42,195.43973941368077,14185452789,2026-04-20 23:15:46.300287,20/04/26,23:15:46
18490,0.19,18.49,194.6998377501352,14185471279,2026-04-20 23:16:04.790287,20/04/26,23:16:4
18619,0.19,18.619,193.3508781352382,14185489898,2026-04-20 23:16:23.409287,20/04/26,23:16:23
18657,0.19,18.657,192.9570670525808,14185508555,2026-04-20 23:16:42.066287,20/04/26,23:16:42
18621,0.19,18.621,193.33011116481393,14185527176,2026-04-20 23:17:00.687287,20/04/26,23:17:0
18652,0.19,18.652,193.00879262277505,14185545828,2026-04-20 23:17:19.339287,20/04/26,23:17:19
18543,0.19,18.543,194.1433425012134,14185564371,2026-04-20 23:17:37.882287,20/04/26,23:17:37
18525,0.19,18.525,194.33198380566802,14185582896,2026-04-20 23:17:56.407287,20/04/26,23:17:56
18729,0.19,18.729,192.21528111484864,14185601625,2026-04-20 23:18:15.136287,20/04/26,23:18:15
18850,0.19,18.85,190.9814323607427,14185620475,2026-04-20 23:18:33.986287,20/04/26,23:18:33
18928,0.19,18.928,190.19442096365174,14185639403,2026-04-20 23:18:52.914287,20/04/26,23:18:52
19259,0.19,19.259,186.92559322913962,14185658662,2026-04-20 23:19:12.173287,20/04/26,23:19:12
19327,0.19,19.327,186.26791535158068,14185677989,2026-04-20 23:19:31.500287,20/04/26,23:19:31
26547,0.14,26.547,135.6085433382303,14185704536,2026-04-20 23:19:58.047287,20/04/26,23:19:58
31050,0.12,31.05,115.94202898550725,14185735586,2026-04-20 23:20:29.097287,20/04/26,23:20:29
31282,0.12,31.282,115.08215587238668,14185766868,2026-04-20 23:21:00.379287,20/04/26,23:21:0
31302,0.12,31.302,115.00862564692352,14185798170,2026-04-20 23:21:31.681287,20/04/26,23:21:31
31202,0.12,31.202,115.37721940901224,14185829372,2026-04-20 23:22:02.883287,20/04/26,23:22:2
31286,0.12,31.286,115.06744230646295,14185860658,2026-04-20 23:22:34.169287,20/04/26,23:22:34
31132,0.12,31.132,115.63664396762174,14185891790,2026-04-20 23:23:05.301287,20/04/26,23:23:5
31280,0.12,31.28,115.08951406649616,14185923070,2026-04-20 23:23:36.581287,20/04/26,23:23:36
31188,0.12,31.188,115.42901115813774,14185954258,2026-04-20 23:24:07.769287,20/04/26,23:24:7
30387,0.12,30.387,118.47171487807286,14185984645,2026-04-20 23:24:38.156287,20/04/26,23:24:38
30514,0.12,30.514,117.9786327587337,14186015159,2026-04-20 23:25:08.670287,20/04/26,23:25:8
30392,0.12,30.392,118.45222426954462,14186045551,2026-04-20 23:25:39.062287,20/04/26,23:25:39
30145,0.12,30.145,119.42278984906287,14186075696,2026-04-20 23:26:09.207287,20/04/26,23:26:9
28897,0.12,28.897,124.58040627054712,14186104593,2026-04-20 23:26:38.104287,20/04/26,23:26:38
28973,0.12,28.973,124.25361543506023,14186133566,2026-04-20 23:27:07.077287,20/04/26,23:27:7
29511,0.12,29.511,121.98841110094541,14186163077,2026-04-20 23:27:36.588287,20/04/26,23:27:36
29478,0.12,29.478,122.12497455729697,14186192555,2026-04-20 23:28:06.066287,20/04/26,23:28:6
29967,0.12,29.967,120.13214535989589,14186222522,2026-04-20 23:28:36.033287,20/04/26,23:28:36
29794,0.12,29.794,120.82969725448076,14186252316,2026-04-20 23:29:05.827287,20/04/26,23:29:5
29911,0.12,29.911,120.3570592758517,14186282227,2026-04-20 23:29:35.738287,20/04/26,23:29:35
30154,0.12,30.154,119.38714598394907,14186312381,2026-04-20 23:30:05.892287,20/04/26,23:30:5
30134,0.12,30.134,119.466383487091,14186342515,2026-04-20 23:30:36.026287,20/04/26,23:30:36
30273,0.12,30.273,118.91784758695867,14186372788,2026-04-20 23:31:06.299287,20/04/26,23:31:6
30352,0.12,30.352,118.60832894043226,14186403140,2026-04-20 23:31:36.651287,20/04/26,23:31:36
30121,0.12,30.121,119.51794429135819,14186433261,2026-04-20 23:32:06.772287,20/04/26,23:32:6
30099,0.12,30.099,119.60530250174425,14186463360,2026-04-20 23:32:36.871287,20/04/26,23:32:36
30110,0.12,30.11,119.56160743938891,14186493470,2026-04-20 23:33:06.981287,20/04/26,23:33:6
30098,0.12,30.098,119.609276363878,14186523568,2026-04-20 23:33:37.079287,20/04/26,23:33:37
30092,0.12,30.092,119.63312508307855,14186553660,2026-04-20 23:34:07.171287,20/04/26,23:34:7
30227,0.12,30.227,119.0988189367122,14186583887,2026-04-20 23:34:37.398287,20/04/26,23:34:37
31000,0.12,31.0,116.12903225806451,14186614887,2026-04-20 23:35:08.398287,20/04/26,23:35:8
31076,0.12,31.076,115.84502509975543,14186645963,2026-04-20 23:35:39.474287,20/04/26,23:35:39
30686,0.12,30.686,117.3173434139347,14186676649,2026-04-20 23:36:10.160287,20/04/26,23:36:10
31103,0.12,31.103,115.74446194900814,14186707752,2026-04-20 23:36:41.263287,20/04/26,23:36:41
31148,0.12,31.148,115.57724412482342,14186738900,2026-04-20 23:37:12.411287,20/04/26,23:37:12
31126,0.12,31.126,115.65893465270192,14186770026,2026-04-20 23:37:43.537287,20/04/26,23:37:43
30785,0.12,30.785,116.94006821503979,14186800811,2026-04-20 23:38:14.322287,20/04/26,23:38:14
31142,0.12,31.142,115.59951191317192,14186831953,2026-04-20 23:38:45.464287,20/04/26,23:38:45
31066,0.12,31.066,115.88231507113886,14186863019,2026-04-20 23:39:16.530287,20/04/26,23:39:16
30726,0.12,30.726,117.16461628588166,14186893745,2026-04-20 23:39:47.256287,20/04/26,23:39:47
30022,0.12,30.022,119.91206448604356,14186923767,2026-04-20 23:40:17.278287,20/04/26,23:40:17
30483,0.12,30.483,118.09861234130499,14186954250,2026-04-20 23:40:47.761287,20/04/26,23:40:47
30386,0.12,30.386,118.4756137694991,14186984636,2026-04-20 23:41:18.147287,20/04/26,23:41:18
30597,0.12,30.597,117.65859397980194,14187015233,2026-04-20 23:41:48.744287,20/04/26,23:41:48
30497,0.12,30.497,118.04439780962062,14187045730,2026-04-20 23:42:19.241287,20/04/26,23:42:19
30503,0.12,30.503,118.02117824476281,14187076233,2026-04-20 23:42:49.744287,20/04/26,23:42:49
30316,0.12,30.316,118.74917535294894,14187106549,2026-04-20 23:43:20.060287,20/04/26,23:43:20
30533,0.12,30.533,117.90521730586579,14187137082,2026-04-20 23:43:50.593287,20/04/26,23:43:50
30503,0.12,30.503,118.02117824476281,14187167585,2026-04-20 23:44:21.096287,20/04/26,23:44:21
30561,0.12,30.561,117.79719250024542,14187198146,2026-04-20 23:44:51.657287,20/04/26,23:44:51
30636,0.12,30.636,117.50881316098707,14187228782,2026-04-20 23:45:22.293287,20/04/26,23:45:22
30220,0.12,30.22,119.12640635340834,14187259002,2026-04-20 23:45:52.513287,20/04/26,23:45:52
30482,0.12,30.482,118.10248671347024,14187289484,2026-04-20 23:46:22.995287,20/04/26,23:46:22
30484,0.12,30.484,118.09473822333027,14187319968,2026-04-20 23:46:53.479287,20/04/26,23:46:53
30349,0.12,30.349,118.62005337902401,14187350317,2026-04-20 23:47:23.828287,20/04/26,23:47:23
30864,0.12,30.864,116.64074650077761,14187381181,2026-04-20 23:47:54.692287,20/04/26,23:47:54
30919,0.12,30.919,116.43326110158802,14187412100,2026-04-20 23:48:25.611287,20/04/26,23:48:25
31045,0.12,31.045,115.96070220647447,14187443145,2026-04-20 23:48:56.656287,20/04/26,23:48:56
31076,0.12,31.076,115.84502509975543,14187474221,2026-04-20 23:49:27.732287,20/04/26,23:49:27
30975,0.12,30.975,116.2227602905569,14187505196,2026-04-20 23:49:58.707287,20/04/26,23:49:58
30767,0.12,30.767,117.00848311502584,14187535963,2026-04-20 23:50:29.474287,20/04/26,23:50:29
31142,0.12,31.142,115.59951191317192,14187567105,2026-04-20 23:51:00.616287,20/04/26,23:51:0
31121,0.12,31.121,115.67751678930625,14187598226,2026-04-20 23:51:31.737287,20/04/26,23:51:31
31039,0.12,31.039,115.98311801282257,14187629265,2026-04-20 23:52:02.776287,20/04/26,23:52:2
30948,0.12,30.948,116.32415664986429,14187660213,2026-04-20 23:52:33.724287,20/04/26,23:52:33
30740,0.12,30.74,117.11125569290826,14187690953,2026-04-20 23:53:04.464287,20/04/26,23:53:4
31185,0.12,31.185,115.44011544011543,14187722138,2026-04-20 23:53:35.649287,20/04/26,23:53:35
30991,0.12,30.991,116.16275692943113,14187753129,2026-04-20 23:54:06.640287,20/04/26,23:54:6
31024,0.12,31.024,116.03919546157813,14187784153,2026-04-20 23:54:37.664287,20/04/26,23:54:37
31059,0.12,31.059,115.90843233845263,14187815212,2026-04-20 23:55:08.723287,20/04/26,23:55:8
31050,0.12,31.05,115.94202898550725,14187846262,2026-04-20 23:55:39.773287,20/04/26,23:55:39
30743,0.12,30.743,117.09982760303158,14187877005,2026-04-20 23:56:10.516287,20/04/26,23:56:10
31113,0.12,31.113,115.70726063060457,14187908118,2026-04-20 23:56:41.629287,20/04/26,23:56:41
30988,0.12,30.988,116.17400283980896,14187939106,2026-04-20 23:57:12.617287,20/04/26,23:57:12
31067,0.12,31.067,115.87858499372324,14187970173,2026-04-20 23:57:43.684287,20/04/26,23:57:43
30768,0.12,30.768,117.00468018720748,14188000941,2026-04-20 23:58:14.452287,20/04/26,23:58:14
30219,0.12,30.219,119.13034845626923,14188031160,2026-04-20 23:58:44.671287,20/04/26,23:58:44
30118,0.12,30.118,119.529849259579,14188061278,2026-04-20 23:59:14.789287,20/04/26,23:59:14
30219,0.12,30.219,119.13034845626923,14188091497,2026-04-20 23:59:45.008287,20/04/26,23:59:45
