Interval,kWh,sec,Wh,cumul(ms),dates,days,heure
29043,0.12,29.043,123.95413696932135,12714216145,2026-09-24 00:00:16.983576,24/09/26,0:0:16
29039,0.12,29.039,123.97121112985984,12714245184,2026-09-24 00:00:46.022576,24/09/26,0:0:46
29107,0.12,29.107,123.68158862129384,12714274291,2026-09-24 00:01:15.129576,24/09/26,0:1:15
28827,0.12,28.827,124.8829222603809,12714303118,2026-09-24 00:01:43.956576,24/09/26,0:1:43
28674,0.12,28.674,125.54927809165098,12714331792,2026-09-24 00:02:12.630576,24/09/26,0:2:12
28946,0.12,28.946,124.36951564983072,12714360738,2026-09-24 00:02:41.576576,24/09/26,0:2:41
28998,0.12,28.998,124.14649286157666,12714389736,2026-09-24 00:03:10.574576,24/09/26,0:3:10
28682,0.12,28.682,125.51425981451781,12714418418,2026-09-24 00:03:39.256576,24/09/26,0:3:39
28877,0.12,28.877,124.6666897530907,12714447295,2026-09-24 00:04:08.133576,24/09/26,0:4:8
28805,0.12,28.805,124.97830237805937,12714476100,2026-09-24 00:04:36.938576,24/09/26,0:4:36
28708,0.12,28.708,125.40058520273095,12714504808,2026-09-24 00:05:05.646576,24/09/26,0:5:5
28931,0.12,28.931,124.43399813349002,12714533739,2026-09-24 00:05:34.577576,24/09/26,0:5:34
27324,0.13,27.324,131.75230566534916,12714561063,2026-09-24 00:06:01.901576,24/09/26,0:6:1
27265,0.13,27.265,132.0374105996699,12714588328,2026-09-24 00:06:29.166576,24/09/26,0:6:29
27958,0.13,27.958,128.76457543458045,12714616286,2026-09-24 00:06:57.124576,24/09/26,0:6:57
28771,0.12,28.771,125.12599492544577,12714645057,2026-09-24 00:07:25.895576,24/09/26,0:7:25
28335,0.13,28.335,127.05134992059291,12714673392,2026-09-24 00:07:54.230576,24/09/26,0:7:54
28433,0.13,28.433,126.61344212710583,12714701825,2026-09-24 00:08:22.663576,24/09/26,0:8:22
28489,0.13,28.489,126.36456176067956,12714730314,2026-09-24 00:08:51.152576,24/09/26,0:8:51
28396,0.13,28.396,126.77841949570362,12714758710,2026-09-24 00:09:19.548576,24/09/26,0:9:19
28423,0.13,28.423,126.65798824895332,12714787133,2026-09-24 00:09:47.971576,24/09/26,0:9:47
28808,0.12,28.808,124.96528742016106,12714815941,2026-09-24 00:10:16.779576,24/09/26,0:10:16
28658,0.12,28.658,125.61937329890432,12714844599,2026-09-24 00:10:45.437576,24/09/26,0:10:45
28869,0.12,28.869,124.70123662059649,12714873468,2026-09-24 00:11:14.306576,24/09/26,0:11:14
28833,0.12,28.833,124.85693476225158,12714902301,2026-09-24 00:11:43.139576,24/09/26,0:11:43
28922,0.12,28.922,124.47271972892608,12714931223,2026-09-24 00:12:12.061576,24/09/26,0:12:12
29112,0.12,29.112,123.6603462489695,12714960335,2026-09-24 00:12:41.173576,24/09/26,0:12:41
29454,0.12,29.454,122.22448563862294,12714989789,2026-09-24 00:13:10.627576,24/09/26,0:13:10
29012,0.12,29.012,124.08658486143665,12715018801,2026-09-24 00:13:39.639576,24/09/26,0:13:39
28984,0.12,28.984,124.20645873585427,12715047785,2026-09-24 00:14:08.623576,24/09/26,0:14:8
29151,0.12,29.151,123.4949058351343,12715076936,2026-09-24 00:14:37.774576,24/09/26,0:14:37
29400,0.12,29.4,122.44897959183673,12715106336,2026-09-24 00:15:07.174576,24/09/26,0:15:7
29226,0.12,29.226,123.17799219872717,12715135562,2026-09-24 00:15:36.400576,24/09/26,0:15:36
29193,0.12,29.193,123.31723358339327,12715164755,2026-09-24 00:16:05.593576,24/09/26,0:16:5
29733,0.12,29.733,121.07759055594794,12715194488,2026-09-24 00:16:35.326576,24/09/26,0:16:35
29820,0.12,29.82,120.72434607645876,12715224308,2026-09-24 00:17:05.146576,24/09/26,0:17:5
29887,0.12,29.887,120.45370897045538,12715254195,2026-09-24 00:17:35.033576,24/09/26,0:17:35
29753,0.12,29.753,120.99620206365745,12715283948,2026-09-24 00:18:04.786576,24/09/26,0:18:4
29619,0.12,29.619,121.54360376785172,12715313567,2026-09-24 00:18:34.405576,24/09/26,0:18:34
30142,0.12,30.142,119.43467586756022,12715343709,2026-09-24 00:19:04.547576,24/09/26,0:19:4
30334,0.12,30.334,118.67871035801411,12715374043,2026-09-24 00:19:34.881576,24/09/26,0:19:34
30036,0.12,30.036,119.85617259288854,12715404079,2026-09-24 00:20:04.917576,24/09/26,0:20:4
30201,0.12,30.201,119.20135094864409,12715434280,2026-09-24 00:20:35.118576,24/09/26,0:20:35
29710,0.12,29.71,121.17132278694042,12715463990,2026-09-24 00:21:04.828576,24/09/26,0:21:4
30006,0.12,30.006,119.9760047990402,12715493996,2026-09-24 00:21:34.834576,24/09/26,0:21:34
30087,0.12,30.087,119.65300628178284,12715524083,2026-09-24 00:22:04.921576,24/09/26,0:22:4
29929,0.12,29.929,120.28467372782251,12715554012,2026-09-24 00:22:34.850576,24/09/26,0:22:34
30100,0.12,30.1,119.60132890365449,12715584112,2026-09-24 00:23:04.950576,24/09/26,0:23:4
29913,0.12,29.913,120.34901213519205,12715614025,2026-09-24 00:23:34.863576,24/09/26,0:23:34
29629,0.12,29.629,121.50258192986601,12715643654,2026-09-24 00:24:04.492576,24/09/26,0:24:4
29100,0.12,29.1,123.71134020618557,12715672754,2026-09-24 00:24:33.592576,24/09/26,0:24:33
29194,0.12,29.194,123.31300952250463,12715701948,2026-09-24 00:25:02.786576,24/09/26,0:25:2
29696,0.12,29.696,121.22844827586206,12715731644,2026-09-24 00:25:32.482576,24/09/26,0:25:32
29536,0.12,29.536,121.8851570964247,12715761180,2026-09-24 00:26:02.018576,24/09/26,0:26:2
29792,0.12,29.792,120.83780880773362,12715790972,2026-09-24 00:26:31.810576,24/09/26,0:26:31
29726,0.12,29.726,121.1061024019377,12715820698,2026-09-24 00:27:01.536576,24/09/26,0:27:1
29590,0.12,29.59,121.66272389320716,12715850288,2026-09-24 00:27:31.126576,24/09/26,0:27:31
29874,0.12,29.874,120.50612572805784,12715880162,2026-09-24 00:28:01.000576,24/09/26,0:28:1
29913,0.12,29.913,120.34901213519205,12715910075,2026-09-24 00:28:30.913576,24/09/26,0:28:30
29763,0.12,29.763,120.95554883580284,12715939838,2026-09-24 00:29:00.676576,24/09/26,0:29:0
29944,0.12,29.944,120.22441891530858,12715969782,2026-09-24 00:29:30.620576,24/09/26,0:29:30
29860,0.12,29.86,120.56262558606832,12715999642,2026-09-24 00:30:00.480576,24/09/26,0:30:0
29832,0.12,29.832,120.67578439259856,12716029474,2026-09-24 00:30:30.312576,24/09/26,0:30:30
30121,0.12,30.121,119.51794429135819,12716059595,2026-09-24 00:31:00.433576,24/09/26,0:31:0
26479,0.14,26.479,135.95679595150875,12716086074,2026-09-24 00:31:26.912576,24/09/26,0:31:26
16859,0.21,16.859,213.53579690373095,12716102933,2026-09-24 00:31:43.771576,24/09/26,0:31:43
17746,0.2,17.746,202.86261692775838,12716120679,2026-09-24 00:32:01.517576,24/09/26,0:32:1
17707,0.2,17.707,203.30942565087253,12716138386,2026-09-24 00:32:19.224576,24/09/26,0:32:19
17870,0.2,17.87,201.45495243424733,12716156256,2026-09-24 00:32:37.094576,24/09/26,0:32:37
18035,0.2,18.035,199.61186581646797,12716174291,2026-09-24 00:32:55.129576,24/09/26,0:32:55
18058,0.2,18.058,199.35762542917266,12716192349,2026-09-24 00:33:13.187576,24/09/26,0:33:13
18224,0.2,18.224,197.54170324846356,12716210573,2026-09-24 00:33:31.411576,24/09/26,0:33:31
18246,0.2,18.246,197.30351857941466,12716228819,2026-09-24 00:33:49.657576,24/09/26,0:33:49
18327,0.2,18.327,196.43149451628744,12716247146,2026-09-24 00:34:07.984576,24/09/26,0:34:7
18395,0.19,18.395,195.70535471595542,12716265541,2026-09-24 00:34:26.379576,24/09/26,0:34:26
18497,0.19,18.497,194.62615559279882,12716284038,2026-09-24 00:34:44.876576,24/09/26,0:34:44
18532,0.19,18.532,194.25857975393913,12716302570,2026-09-24 00:35:03.408576,24/09/26,0:35:3
18605,0.19,18.605,193.49637194302608,12716321175,2026-09-24 00:35:22.013576,24/09/26,0:35:22
18734,0.19,18.734,192.16397992953986,12716339909,2026-09-24 00:35:40.747576,24/09/26,0:35:40
18721,0.19,18.721,192.29742000961488,12716358630,2026-09-24 00:35:59.468576,24/09/26,0:35:59
18692,0.19,18.692,192.59576289321635,12716377322,2026-09-24 00:36:18.160576,24/09/26,0:36:18
18531,0.19,18.531,194.2690626517727,12716395853,2026-09-24 00:36:36.691576,24/09/26,0:36:36
18821,0.19,18.821,191.27570267254663,12716414674,2026-09-24 00:36:55.512576,24/09/26,0:36:55
18701,0.19,18.701,192.5030747018876,12716433375,2026-09-24 00:37:14.213576,24/09/26,0:37:14
18767,0.19,18.767,191.82607768956146,12716452142,2026-09-24 00:37:32.980576,24/09/26,0:37:32
19015,0.19,19.015,189.3242177228504,12716471157,2026-09-24 00:37:51.995576,24/09/26,0:37:51
18572,0.19,18.572,193.84018953262978,12716489729,2026-09-24 00:38:10.567576,24/09/26,0:38:10
18642,0.19,18.642,193.1123270035404,12716508371,2026-09-24 00:38:29.209576,24/09/26,0:38:29
18625,0.19,18.625,193.28859060402684,12716526996,2026-09-24 00:38:47.834576,24/09/26,0:38:47
20465,0.17,20.465,175.9100903982409,12716547461,2026-09-24 00:39:08.299576,24/09/26,0:39:8
29269,0.12,29.269,122.99702757183368,12716576730,2026-09-24 00:39:37.568576,24/09/26,0:39:37
29256,0.12,29.256,123.05168170631666,12716605986,2026-09-24 00:40:06.824576,24/09/26,0:40:6
29680,0.12,29.68,121.29380053908356,12716635666,2026-09-24 00:40:36.504576,24/09/26,0:40:36
29651,0.12,29.651,121.41243128393646,12716665317,2026-09-24 00:41:06.155576,24/09/26,0:41:6
29601,0.12,29.601,121.61751292186075,12716694918,2026-09-24 00:41:35.756576,24/09/26,0:41:35
29011,0.12,29.011,124.09086208679466,12716723929,2026-09-24 00:42:04.767576,24/09/26,0:42:4
29445,0.12,29.445,122.26184411614875,12716753374,2026-09-24 00:42:34.212576,24/09/26,0:42:34
29982,0.12,29.982,120.07204322593556,12716783356,2026-09-24 00:43:04.194576,24/09/26,0:43:4
29864,0.12,29.864,120.54647736405036,12716813220,2026-09-24 00:43:34.058576,24/09/26,0:43:34
29236,0.12,29.236,123.13585989875496,12716842456,2026-09-24 00:44:03.294576,24/09/26,0:44:3
29176,0.12,29.176,123.38908692075678,12716871632,2026-09-24 00:44:32.470576,24/09/26,0:44:32
29366,0.12,29.366,122.59075120888102,12716900998,2026-09-24 00:45:01.836576,24/09/26,0:45:1
29565,0.12,29.565,121.76560121765601,12716930563,2026-09-24 00:45:31.401576,24/09/26,0:45:31
29618,0.12,29.618,121.54770747518401,12716960181,2026-09-24 00:46:01.019576,24/09/26,0:46:1
28663,0.12,28.663,125.59746014025049,12716988844,2026-09-24 00:46:29.682576,24/09/26,0:46:29
28700,0.12,28.7,125.43554006968641,12717017544,2026-09-24 00:46:58.382576,24/09/26,0:46:58
29145,0.12,29.145,123.52032938754503,12717046689,2026-09-24 00:47:27.527576,24/09/26,0:47:27
29389,0.12,29.389,122.49481098370138,12717076078,2026-09-24 00:47:56.916576,24/09/26,0:47:56
29687,0.12,29.687,121.2652002560043,12717105765,2026-09-24 00:48:26.603576,24/09/26,0:48:26
30532,0.12,30.532,117.90907899908294,12717136297,2026-09-24 00:48:57.135576,24/09/26,0:48:57
29313,0.12,29.313,122.81240405280933,12717165610,2026-09-24 00:49:26.448576,24/09/26,0:49:26
29360,0.12,29.36,122.6158038147139,12717194970,2026-09-24 00:49:55.808576,24/09/26,0:49:55
29815,0.12,29.815,120.74459164849908,12717224785,2026-09-24 00:50:25.623576,24/09/26,0:50:25
29686,0.12,29.686,121.26928518493565,12717254471,2026-09-24 00:50:55.309576,24/09/26,0:50:55
29548,0.12,29.548,121.83565723568431,12717284019,2026-09-24 00:51:24.857576,24/09/26,0:51:24
29685,0.12,29.685,121.2733703890854,12717313704,2026-09-24 00:51:54.542576,24/09/26,0:51:54
29845,0.12,29.845,120.6232199698442,12717343549,2026-09-24 00:52:24.387576,24/09/26,0:52:24
29910,0.12,29.91,120.36108324974924,12717373459,2026-09-24 00:52:54.297576,24/09/26,0:52:54
29902,0.12,29.902,120.39328473011838,12717403361,2026-09-24 00:53:24.199576,24/09/26,0:53:24
29996,0.12,29.996,120.01600213361782,12717433357,2026-09-24 00:53:54.195576,24/09/26,0:53:54
29803,0.12,29.803,120.79320873737544,12717463160,2026-09-24 00:54:23.998576,24/09/26,0:54:23
29749,0.12,29.749,121.01247100742881,12717492909,2026-09-24 00:54:53.747576,24/09/26,0:54:53
29707,0.12,29.707,121.18355943043727,12717522616,2026-09-24 00:55:23.454576,24/09/26,0:55:23
29647,0.12,29.647,121.42881235875468,12717552263,2026-09-24 00:55:53.101576,24/09/26,0:55:53
29905,0.12,29.905,120.38120715599398,12717582168,2026-09-24 00:56:23.006576,24/09/26,0:56:23
29896,0.12,29.896,120.41744715012042,12717612064,2026-09-24 00:56:52.902576,24/09/26,0:56:52
29782,0.12,29.782,120.87838291585521,12717641846,2026-09-24 00:57:22.684576,24/09/26,0:57:22
29896,0.12,29.896,120.41744715012042,12717671742,2026-09-24 00:57:52.580576,24/09/26,0:57:52
29214,0.12,29.214,123.22858903265558,12717700956,2026-09-24 00:58:21.794576,24/09/26,0:58:21
29427,0.12,29.427,122.3366296258538,12717730383,2026-09-24 00:58:51.221576,24/09/26,0:58:51
29502,0.12,29.502,122.02562538133007,12717759885,2026-09-24 00:59:20.723576,24/09/26,0:59:20
28906,0.12,28.906,124.54161765723379,12717788791,2026-09-24 00:59:49.629576,24/09/26,0:59:49
29153,0.12,29.153,123.48643364319281,12717817944,2026-09-24 01:00:18.782576,24/09/26,1:0:18
28853,0.12,28.853,124.7703878279555,12717846797,2026-09-24 01:00:47.635576,24/09/26,1:0:47
29185,0.12,29.185,123.3510364913483,12717875982,2026-09-24 01:01:16.820576,24/09/26,1:1:16
28932,0.12,28.932,124.4296972210701,12717904914,2026-09-24 01:01:45.752576,24/09/26,1:1:45
29205,0.12,29.205,123.26656394453005,12717934119,2026-09-24 01:02:14.957576,24/09/26,1:2:14
28908,0.12,28.908,124.53300124533001,12717963027,2026-09-24 01:02:43.865576,24/09/26,1:2:43
28820,0.12,28.82,124.91325468424705,12717991847,2026-09-24 01:03:12.685576,24/09/26,1:3:12
29395,0.12,29.395,122.46980779044056,12718021242,2026-09-24 01:03:42.080576,24/09/26,1:3:42
29298,0.12,29.298,122.87528158918697,12718050540,2026-09-24 01:04:11.378576,24/09/26,1:4:11
29368,0.12,29.368,122.58240261509125,12718079908,2026-09-24 01:04:40.746576,24/09/26,1:4:40
29361,0.12,29.361,122.6116276693573,12718109269,2026-09-24 01:05:10.107576,24/09/26,1:5:10
29377,0.12,29.377,122.54484801034823,12718138646,2026-09-24 01:05:39.484576,24/09/26,1:5:39
28673,0.12,28.673,125.55365675025286,12718167319,2026-09-24 01:06:08.157576,24/09/26,1:6:8
28617,0.12,28.617,125.79935003669148,12718195936,2026-09-24 01:06:36.774576,24/09/26,1:6:36
29250,0.12,29.25,123.07692307692308,12718225186,2026-09-24 01:07:06.024576,24/09/26,1:7:6
28930,0.12,28.93,124.4382993432423,12718254116,2026-09-24 01:07:34.954576,24/09/26,1:7:34
29009,0.12,29.009,124.09941742217933,12718283125,2026-09-24 01:08:03.963576,24/09/26,1:8:3
29033,0.12,29.033,123.99683119209176,12718312158,2026-09-24 01:08:32.996576,24/09/26,1:8:32
29044,0.12,29.044,123.94986916402699,12718341202,2026-09-24 01:09:02.040576,24/09/26,1:9:2
28957,0.12,28.957,124.32227095348276,12718370159,2026-09-24 01:09:30.997576,24/09/26,1:9:30
29165,0.12,29.165,123.43562489285102,12718399324,2026-09-24 01:10:00.162576,24/09/26,1:10:0
28961,0.12,28.961,124.30509996201789,12718428285,2026-09-24 01:10:29.123576,24/09/26,1:10:29
29013,0.12,29.013,124.08230793092751,12718457298,2026-09-24 01:10:58.136576,24/09/26,1:10:58
29055,0.12,29.055,123.902942694889,12718486353,2026-09-24 01:11:27.191576,24/09/26,1:11:27
29146,0.12,29.146,123.51609140190764,12718515499,2026-09-24 01:11:56.337576,24/09/26,1:11:56
29060,0.12,29.06,123.88162422573986,12718544559,2026-09-24 01:12:25.397576,24/09/26,1:12:25
28991,0.12,28.991,124.17646855920803,12718573550,2026-09-24 01:12:54.388576,24/09/26,1:12:54
28859,0.12,28.859,124.74444713954053,12718602409,2026-09-24 01:13:23.247576,24/09/26,1:13:23
29083,0.12,29.083,123.78365368084448,12718631492,2026-09-24 01:13:52.330576,24/09/26,1:13:52
28974,0.12,28.974,124.24932698281218,12718660466,2026-09-24 01:14:21.304576,24/09/26,1:14:21
29438,0.12,29.438,122.29091650247979,12718689904,2026-09-24 01:14:50.742576,24/09/26,1:14:50
21439,0.17,21.439,167.91827977051167,12718711343,2026-09-24 01:15:12.181576,24/09/26,1:15:12
17671,0.2,17.671,203.72361496236772,12718729014,2026-09-24 01:15:29.852576,24/09/26,1:15:29
17498,0.2,17.498,205.73779860555493,12718746512,2026-09-24 01:15:47.350576,24/09/26,1:15:47
17415,0.21,17.415,206.71834625322998,12718763927,2026-09-24 01:16:04.765576,24/09/26,1:16:4
17686,0.2,17.686,203.55083116589392,12718781613,2026-09-24 01:16:22.451576,24/09/26,1:16:22
17778,0.2,17.778,202.49746878164024,12718799391,2026-09-24 01:16:40.229576,24/09/26,1:16:40
18081,0.2,18.081,199.1040318566451,12718817472,2026-09-24 01:16:58.310576,24/09/26,1:16:58
17932,0.2,17.932,200.7584207004238,12718835404,2026-09-24 01:17:16.242576,24/09/26,1:17:16
18214,0.2,18.214,197.6501592181838,12718853618,2026-09-24 01:17:34.456576,24/09/26,1:17:34
18070,0.2,18.07,199.22523519645821,12718871688,2026-09-24 01:17:52.526576,24/09/26,1:17:52
18269,0.2,18.269,197.05512069626144,12718889957,2026-09-24 01:18:10.795576,24/09/26,1:18:10
18500,0.19,18.5,194.59459459459458,12718908457,2026-09-24 01:18:29.295576,24/09/26,1:18:29
18493,0.19,18.493,194.66825285243064,12718926950,2026-09-24 01:18:47.788576,24/09/26,1:18:47
18508,0.19,18.508,194.51048195374972,12718945458,2026-09-24 01:19:06.296576,24/09/26,1:19:6
18415,0.19,18.415,195.492804778713,12718963873,2026-09-24 01:19:24.711576,24/09/26,1:19:24
18414,0.19,18.414,195.50342130987292,12718982287,2026-09-24 01:19:43.125576,24/09/26,1:19:43
18482,0.19,18.482,194.78411427334703,12719000769,2026-09-24 01:20:01.607576,24/09/26,1:20:1
18589,0.19,18.589,193.66291893055032,12719019358,2026-09-24 01:20:20.196576,24/09/26,1:20:20
18609,0.19,18.609,193.45477994518782,12719037967,2026-09-24 01:20:38.805576,24/09/26,1:20:38
18649,0.19,18.649,193.03984127835272,12719056616,2026-09-24 01:20:57.454576,24/09/26,1:20:57
18705,0.19,18.705,192.46190858059342,12719075321,2026-09-24 01:21:16.159576,24/09/26,1:21:16
18792,0.19,18.792,191.57088122605364,12719094113,2026-09-24 01:21:34.951576,24/09/26,1:21:34
18668,0.19,18.668,192.8433683308335,12719112781,2026-09-24 01:21:53.619576,24/09/26,1:21:53
18901,0.19,18.901,190.46611290407915,12719131682,2026-09-24 01:22:12.520576,24/09/26,1:22:12
18863,0.19,18.863,190.84981180088002,12719150545,2026-09-24 01:22:31.383576,24/09/26,1:22:31
23912,0.15,23.912,150.55202408832386,12719174457,2026-09-24 01:22:55.295576,24/09/26,1:22:55
29622,0.12,29.622,121.53129430828439,12719204079,2026-09-24 01:23:24.917576,24/09/26,1:23:24
29604,0.12,29.604,121.60518848804216,12719233683,2026-09-24 01:23:54.521576,24/09/26,1:23:54
29770,0.12,29.77,120.92710782667115,12719263453,2026-09-24 01:24:24.291576,24/09/26,1:24:24
29524,0.12,29.524,121.93469719550197,12719292977,2026-09-24 01:24:53.815576,24/09/26,1:24:53
28969,0.12,28.969,124.27077220477062,12719321946,2026-09-24 01:25:22.784576,24/09/26,1:25:22
29242,0.12,29.242,123.11059435059161,12719351188,2026-09-24 01:25:52.026576,24/09/26,1:25:52
29124,0.12,29.124,123.60939431396787,12719380312,2026-09-24 01:26:21.150576,24/09/26,1:26:21
29152,0.12,29.152,123.49066959385291,12719409464,2026-09-24 01:26:50.302576,24/09/26,1:26:50
29290,0.12,29.29,122.90884260839877,12719438754,2026-09-24 01:27:19.592576,24/09/26,1:27:19
29069,0.12,29.069,123.8432694623138,12719467823,2026-09-24 01:27:48.661576,24/09/26,1:27:48
29234,0.12,29.234,123.14428405281521,12719497057,2026-09-24 01:28:17.895576,24/09/26,1:28:17
28993,0.12,28.993,124.16790259717862,12719526050,2026-09-24 01:28:46.888576,24/09/26,1:28:46
29297,0.12,29.297,122.87947571423695,12719555347,2026-09-24 01:29:16.185576,24/09/26,1:29:16
29177,0.12,29.177,123.38485793604552,12719584524,2026-09-24 01:29:45.362576,24/09/26,1:29:45
28923,0.12,28.923,124.46841613940462,12719613447,2026-09-24 01:30:14.285576,24/09/26,1:30:14
28642,0.12,28.642,125.6895468193562,12719642089,2026-09-24 01:30:42.927576,24/09/26,1:30:42
28841,0.12,28.841,124.82230158454978,12719670930,2026-09-24 01:31:11.768576,24/09/26,1:31:11
28689,0.12,28.689,125.4836348426226,12719699619,2026-09-24 01:31:40.457576,24/09/26,1:31:40
28945,0.12,28.945,124.37381240283295,12719728564,2026-09-24 01:32:09.402576,24/09/26,1:32:9
29147,0.12,29.147,123.51185370707105,12719757711,2026-09-24 01:32:38.549576,24/09/26,1:32:38
29347,0.12,29.347,122.67011960336662,12719787058,2026-09-24 01:33:07.896576,24/09/26,1:33:7
29742,0.12,29.742,121.04095218882388,12719816800,2026-09-24 01:33:37.638576,24/09/26,1:33:37
29628,0.12,29.628,121.50668286755771,12719846428,2026-09-24 01:34:07.266576,24/09/26,1:34:7
29718,0.12,29.718,121.13870381586916,12719876146,2026-09-24 01:34:36.984576,24/09/26,1:34:36
29668,0.12,29.668,121.34286099501146,12719905814,2026-09-24 01:35:06.652576,24/09/26,1:35:6
29811,0.12,29.811,120.76079299587401,12719935625,2026-09-24 01:35:36.463576,24/09/26,1:35:36
29427,0.12,29.427,122.3366296258538,12719965052,2026-09-24 01:36:05.890576,24/09/26,1:36:5
28183,0.13,28.183,127.73657878863145,12719993235,2026-09-24 01:36:34.073576,24/09/26,1:36:34
29330,0.12,29.33,122.74122059324924,12720022565,2026-09-24 01:37:03.403576,24/09/26,1:37:3
29870,0.12,29.87,120.52226314027452,12720052435,2026-09-24 01:37:33.273576,24/09/26,1:37:33
29684,0.12,29.684,121.27745586848134,12720082119,2026-09-24 01:38:02.957576,24/09/26,1:38:2
29927,0.12,29.927,120.29271226651518,12720112046,2026-09-24 01:38:32.884576,24/09/26,1:38:32
28494,0.13,28.494,126.34238787113077,12720140540,2026-09-24 01:39:01.378576,24/09/26,1:39:1
28150,0.13,28.15,127.88632326820604,12720168690,2026-09-24 01:39:29.528576,24/09/26,1:39:29
29013,0.12,29.013,124.08230793092751,12720197703,2026-09-24 01:39:58.541576,24/09/26,1:39:58
28770,0.12,28.77,125.1303441084463,12720226473,2026-09-24 01:40:27.311576,24/09/26,1:40:27
28751,0.12,28.751,125.21303606831067,12720255224,2026-09-24 01:40:56.062576,24/09/26,1:40:56
28720,0.12,28.72,125.34818941504179,12720283944,2026-09-24 01:41:24.782576,24/09/26,1:41:24
28699,0.12,28.699,125.43991079828565,12720312643,2026-09-24 01:41:53.481576,24/09/26,1:41:53
28739,0.12,28.739,125.26531890462438,12720341382,2026-09-24 01:42:22.220576,24/09/26,1:42:22
28639,0.12,28.639,125.70271308355738,12720370021,2026-09-24 01:42:50.859576,24/09/26,1:42:50
28571,0.13,28.571,126.00189002835043,12720398592,2026-09-24 01:43:19.430576,24/09/26,1:43:19
28698,0.12,28.698,125.44428183148652,12720427290,2026-09-24 01:43:48.128576,24/09/26,1:43:48
28866,0.12,28.866,124.71419663271669,12720456156,2026-09-24 01:44:16.994576,24/09/26,1:44:16
28523,0.13,28.523,126.21393261578375,12720484679,2026-09-24 01:44:45.517576,24/09/26,1:44:45
28756,0.12,28.756,125.19126443177076,12720513435,2026-09-24 01:45:14.273576,24/09/26,1:45:14
28695,0.12,28.695,125.45739675901726,12720542130,2026-09-24 01:45:42.968576,24/09/26,1:45:42
28749,0.12,28.749,125.22174684336846,12720570879,2026-09-24 01:46:11.717576,24/09/26,1:46:11
28759,0.12,28.759,125.178205083626,12720599638,2026-09-24 01:46:40.476576,24/09/26,1:46:40
28693,0.12,28.693,125.46614156762973,12720628331,2026-09-24 01:47:09.169576,24/09/26,1:47:9
28770,0.12,28.77,125.1303441084463,12720657101,2026-09-24 01:47:37.939576,24/09/26,1:47:37
29238,0.12,29.238,123.12743689718859,12720686339,2026-09-24 01:48:07.177576,24/09/26,1:48:7
29456,0.12,29.456,122.21618685497012,12720715795,2026-09-24 01:48:36.633576,24/09/26,1:48:36
29419,0.12,29.419,122.36989700533668,12720745214,2026-09-24 01:49:06.052576,24/09/26,1:49:6
29427,0.12,29.427,122.3366296258538,12720774641,2026-09-24 01:49:35.479576,24/09/26,1:49:35
29529,0.12,29.529,121.914050594331,12720804170,2026-09-24 01:50:05.008576,24/09/26,1:50:5
29488,0.12,29.488,122.08355941399891,12720833658,2026-09-24 01:50:34.496576,24/09/26,1:50:34
29625,0.12,29.625,121.51898734177215,12720863283,2026-09-24 01:51:04.121576,24/09/26,1:51:4
29527,0.12,29.527,121.92230839570563,12720892810,2026-09-24 01:51:33.648576,24/09/26,1:51:33
29447,0.12,29.447,122.25354025876999,12720922257,2026-09-24 01:52:03.095576,24/09/26,1:52:3
29419,0.12,29.419,122.36989700533668,12720951676,2026-09-24 01:52:32.514576,24/09/26,1:52:32
29350,0.12,29.35,122.65758091993186,12720981026,2026-09-24 01:53:01.864576,24/09/26,1:53:1
29357,0.12,29.357,122.62833395782948,12721010383,2026-09-24 01:53:31.221576,24/09/26,1:53:31
29513,0.12,29.513,121.9801443431708,12721039896,2026-09-24 01:54:00.734576,24/09/26,1:54:0
29390,0.12,29.39,122.49064307587615,12721069286,2026-09-24 01:54:30.124576,24/09/26,1:54:30
29368,0.12,29.368,122.58240261509125,12721098654,2026-09-24 01:54:59.492576,24/09/26,1:54:59
29710,0.12,29.71,121.17132278694042,12721128364,2026-09-24 01:55:29.202576,24/09/26,1:55:29
29998,0.12,29.998,120.00800053336889,12721158362,2026-09-24 01:55:59.200576,24/09/26,1:55:59
29958,0.12,29.958,120.16823552974164,12721188320,2026-09-24 01:56:29.158576,24/09/26,1:56:29
29780,0.12,29.78,120.88650100738751,12721218100,2026-09-24 01:56:58.938576,24/09/26,1:56:58
29835,0.12,29.835,120.66365007541478,12721247935,2026-09-24 01:57:28.773576,24/09/26,1:57:28
30023,0.12,30.023,119.9080704792992,12721277958,2026-09-24 01:57:58.796576,24/09/26,1:57:58
29851,0.12,29.851,120.59897490871327,12721307809,2026-09-24 01:58:28.647576,24/09/26,1:58:28
30024,0.12,30.024,119.9040767386091,12721337833,2026-09-24 01:58:58.671576,24/09/26,1:58:58
18337,0.2,18.337,196.3243714893385,12721356170,2026-09-24 01:59:17.008576,24/09/26,1:59:17
17933,0.2,17.933,200.7472257848659,12721374103,2026-09-24 01:59:34.941576,24/09/26,1:59:34
17863,0.2,17.863,201.53389688182276,12721391966,2026-09-24 01:59:52.804576,24/09/26,1:59:52
17864,0.2,17.864,201.52261531571875,12721409830,2026-09-24 02:00:10.668576,24/09/26,2:0:10
17779,0.2,17.779,202.4860790820631,12721427609,2026-09-24 02:00:28.447576,24/09/26,2:0:28
17884,0.2,17.884,201.29724893759786,12721445493,2026-09-24 02:00:46.331576,24/09/26,2:0:46
18010,0.2,18.01,199.88895058300943,12721463503,2026-09-24 02:01:04.341576,24/09/26,2:1:4
18028,0.2,18.028,199.68937208786332,12721481531,2026-09-24 02:01:22.369576,24/09/26,2:1:22
18128,0.2,18.128,198.58781994704324,12721499659,2026-09-24 02:01:40.497576,24/09/26,2:1:40
18278,0.2,18.278,196.9580916949338,12721517937,2026-09-24 02:01:58.775576,24/09/26,2:1:58
18401,0.19,18.401,195.64154122058585,12721536338,2026-09-24 02:02:17.176576,24/09/26,2:2:17
18434,0.19,18.434,195.2913095367256,12721554772,2026-09-24 02:02:35.610576,24/09/26,2:2:35
18451,0.19,18.451,195.1113760771774,12721573223,2026-09-24 02:02:54.061576,24/09/26,2:2:54
18542,0.19,18.542,194.15381296516017,12721591765,2026-09-24 02:03:12.603576,24/09/26,2:3:12
18622,0.19,18.622,193.3197293523789,12721610387,2026-09-24 02:03:31.225576,24/09/26,2:3:31
18588,0.19,18.588,193.67333763718528,12721628975,2026-09-24 02:03:49.813576,24/09/26,2:3:49
18650,0.19,18.65,193.02949061662198,12721647625,2026-09-24 02:04:08.463576,24/09/26,2:4:8
18764,0.19,18.764,191.85674696226818,12721666389,2026-09-24 02:04:27.227576,24/09/26,2:4:27
18740,0.19,18.74,192.10245464247598,12721685129,2026-09-24 02:04:45.967576,24/09/26,2:4:45
18856,0.19,18.856,190.92066185829444,12721703985,2026-09-24 02:05:04.823576,24/09/26,2:5:4
18955,0.19,18.955,189.9235030335004,12721722940,2026-09-24 02:05:23.778576,24/09/26,2:5:23
19004,0.19,19.004,189.43380340980846,12721741944,2026-09-24 02:05:42.782576,24/09/26,2:5:42
18544,0.19,18.544,194.13287316652287,12721760488,2026-09-24 02:06:01.326576,24/09/26,2:6:1
18717,0.19,18.717,192.3385157877865,12721779205,2026-09-24 02:06:20.043576,24/09/26,2:6:20
18836,0.19,18.836,191.12338076024633,12721798041,2026-09-24 02:06:38.879576,24/09/26,2:6:38
27988,0.13,27.988,128.62655423753037,12721826029,2026-09-24 02:07:06.867576,24/09/26,2:7:6
29479,0.12,29.479,122.12083177855422,12721855508,2026-09-24 02:07:36.346576,24/09/26,2:7:36
29450,0.12,29.45,122.24108658743633,12721884958,2026-09-24 02:08:05.796576,24/09/26,2:8:5
29562,0.12,29.562,121.77795818956768,12721914520,2026-09-24 02:08:35.358576,24/09/26,2:8:35
29671,0.12,29.671,121.33059216069563,12721944191,2026-09-24 02:09:05.029576,24/09/26,2:9:5
29536,0.12,29.536,121.8851570964247,12721973727,2026-09-24 02:09:34.565576,24/09/26,2:9:34
29562,0.12,29.562,121.77795818956768,12722003289,2026-09-24 02:10:04.127576,24/09/26,2:10:4
29451,0.12,29.451,122.23693592747276,12722032740,2026-09-24 02:10:33.578576,24/09/26,2:10:33
29465,0.12,29.465,122.17885627015103,12722062205,2026-09-24 02:11:03.043576,24/09/26,2:11:3
29559,0.12,29.559,121.79031766974525,12722091764,2026-09-24 02:11:32.602576,24/09/26,2:11:32
29460,0.12,29.46,122.19959266802444,12722121224,2026-09-24 02:12:02.062576,24/09/26,2:12:2
29388,0.12,29.388,122.49897917517355,12722150612,2026-09-24 02:12:31.450576,24/09/26,2:12:31
29290,0.12,29.29,122.90884260839877,12722179902,2026-09-24 02:13:00.740576,24/09/26,2:13:0
29407,0.12,29.407,122.41983201278607,12722209309,2026-09-24 02:13:30.147576,24/09/26,2:13:30
29510,0.12,29.51,121.99254490003389,12722238819,2026-09-24 02:13:59.657576,24/09/26,2:13:59
29625,0.12,29.625,121.51898734177215,12722268444,2026-09-24 02:14:29.282576,24/09/26,2:14:29
29632,0.12,29.632,121.49028077753779,12722298076,2026-09-24 02:14:58.914576,24/09/26,2:14:58
29329,0.12,29.329,122.74540557127757,12722327405,2026-09-24 02:15:28.243576,24/09/26,2:15:28
29260,0.12,29.26,123.03485987696514,12722356665,2026-09-24 02:15:57.503576,24/09/26,2:15:57
29362,0.12,29.362,122.60745180845991,12722386027,2026-09-24 02:16:26.865576,24/09/26,2:16:26
29094,0.12,29.094,123.73685295937307,12722415121,2026-09-24 02:16:55.959576,24/09/26,2:16:55
29329,0.12,29.329,122.74540557127757,12722444450,2026-09-24 02:17:25.288576,24/09/26,2:17:25
29324,0.12,29.324,122.76633474287273,12722473774,2026-09-24 02:17:54.612576,24/09/26,2:17:54
29493,0.12,29.493,122.06286237412267,12722503267,2026-09-24 02:18:24.105576,24/09/26,2:18:24
29564,0.12,29.564,121.76971992964417,12722532831,2026-09-24 02:18:53.669576,24/09/26,2:18:53
29628,0.12,29.628,121.50668286755771,12722562459,2026-09-24 02:19:23.297576,24/09/26,2:19:23
29609,0.12,29.609,121.58465331487048,12722592068,2026-09-24 02:19:52.906576,24/09/26,2:19:52
29593,0.12,29.593,121.6503902950022,12722621661,2026-09-24 02:20:22.499576,24/09/26,2:20:22
29599,0.12,29.599,121.62573059900673,12722651260,2026-09-24 02:20:52.098576,24/09/26,2:20:52
29493,0.12,29.493,122.06286237412267,12722680753,2026-09-24 02:21:21.591576,24/09/26,2:21:21
30317,0.12,30.317,118.74525843586107,12722711070,2026-09-24 02:21:51.908576,24/09/26,2:21:51
33311,0.11,33.311,108.07240851370418,12722744381,2026-09-24 02:22:25.219576,24/09/26,2:22:25
32798,0.11,32.798,109.76279041404963,12722777179,2026-09-24 02:22:58.017576,24/09/26,2:22:58
36094,0.1,36.094,99.73956890341886,12722813273,2026-09-24 02:23:34.111576,24/09/26,2:23:34
39190,0.09,39.19,91.86016841030876,12722852463,2026-09-24 02:24:13.301576,24/09/26,2:24:13
39238,0.09,39.238,91.74779550435802,12722891701,2026-09-24 02:24:52.539576,24/09/26,2:24:52
39304,0.09,39.304,91.59373091797272,12722931005,2026-09-24 02:25:31.843576,24/09/26,2:25:31
39273,0.09,39.273,91.66603009701322,12722970278,2026-09-24 02:26:11.116576,24/09/26,2:26:11
39507,0.09,39.507,91.12309211025894,12723009785,2026-09-24 02:26:50.623576,24/09/26,2:26:50
39310,0.09,39.31,91.57975069956754,12723049095,2026-09-24 02:27:29.933576,24/09/26,2:27:29
38930,0.09,38.93,92.47367069098382,12723088025,2026-09-24 02:28:08.863576,24/09/26,2:28:8
39090,0.09,39.09,92.0951650038373,12723127115,2026-09-24 02:28:47.953576,24/09/26,2:28:47
39176,0.09,39.176,91.8929957116602,12723166291,2026-09-24 02:29:27.129576,24/09/26,2:29:27
39391,0.09,39.391,91.391434591658,12723205682,2026-09-24 02:30:06.520576,24/09/26,2:30:6
39650,0.09,39.65,90.79445145018916,12723245332,2026-09-24 02:30:46.170576,24/09/26,2:30:46
39422,0.09,39.422,91.31956775404596,12723284754,2026-09-24 02:31:25.592576,24/09/26,2:31:25
39515,0.09,39.515,91.10464380614957,12723324269,2026-09-24 02:32:05.107576,24/09/26,2:32:5
39595,0.09,39.595,90.92057077913879,12723363864,2026-09-24 02:32:44.702576,24/09/26,2:32:44
39389,0.09,39.389,91.39607504633273,12723403253,2026-09-24 02:33:24.091576,24/09/26,2:33:24
40200,0.09,40.2,89.55223880597015,12723443453,2026-09-24 02:34:04.291576,24/09/26,2:34:4
40226,0.09,40.226,89.49435688360762,12723483679,2026-09-24 02:34:44.517576,24/09/26,2:34:44
40191,0.09,40.191,89.57229230424721,12723523870,2026-09-24 02:35:24.708576,24/09/26,2:35:24
39221,0.09,39.221,91.7875627852426,12723563091,2026-09-24 02:36:03.929576,24/09/26,2:36:3
39901,0.09,39.901,90.22330267411844,12723602992,2026-09-24 02:36:43.830576,24/09/26,2:36:43
40076,0.09,40.076,89.82932428386067,12723643068,2026-09-24 02:37:23.906576,24/09/26,2:37:23
40212,0.09,40.212,89.52551477170994,12723683280,2026-09-24 02:38:04.118576,24/09/26,2:38:4
40226,0.09,40.226,89.49435688360762,12723723506,2026-09-24 02:38:44.344576,24/09/26,2:38:44
40132,0.09,40.132,89.70397687630819,12723763638,2026-09-24 02:39:24.476576,24/09/26,2:39:24
40218,0.09,40.218,89.51215873489483,12723803856,2026-09-24 02:40:04.694576,24/09/26,2:40:4
40082,0.09,40.082,89.81587745122499,12723843938,2026-09-24 02:40:44.776576,24/09/26,2:40:44
40163,0.09,40.163,89.63473844085352,12723884101,2026-09-24 02:41:24.939576,24/09/26,2:41:24
39961,0.09,39.961,90.08783563974876,12723924062,2026-09-24 02:42:04.900576,24/09/26,2:42:4
38296,0.09,38.296,94.00459578023815,12723962358,2026-09-24 02:42:43.196576,24/09/26,2:42:43
18507,0.19,18.507,194.5209920570595,12723980865,2026-09-24 02:43:01.703576,24/09/26,2:43:1
20951,0.17,20.951,171.82950694477591,12724001816,2026-09-24 02:43:22.654576,24/09/26,2:43:22
20932,0.17,20.932,171.98547678196064,12724022748,2026-09-24 02:43:43.586576,24/09/26,2:43:43
20997,0.17,20.997,171.45306472353192,12724043745,2026-09-24 02:44:04.583576,24/09/26,2:44:4
21214,0.17,21.214,169.69925520882435,12724064959,2026-09-24 02:44:25.797576,24/09/26,2:44:25
21487,0.17,21.487,167.54316563503514,12724086446,2026-09-24 02:44:47.284576,24/09/26,2:44:47
21649,0.17,21.649,166.2894360016629,12724108095,2026-09-24 02:45:08.933576,24/09/26,2:45:8
21713,0.17,21.713,165.79929074747847,12724129808,2026-09-24 02:45:30.646576,24/09/26,2:45:30
21790,0.17,21.79,165.21340064249657,12724151598,2026-09-24 02:45:52.436576,24/09/26,2:45:52
21837,0.16,21.837,164.85781013875533,12724173435,2026-09-24 02:46:14.273576,24/09/26,2:46:14
21992,0.16,21.992,163.6958894143325,12724195427,2026-09-24 02:46:36.265576,24/09/26,2:46:36
22070,0.16,22.07,163.11735387403715,12724217497,2026-09-24 02:46:58.335576,24/09/26,2:46:58
22139,0.16,22.139,162.6089705948778,12724239636,2026-09-24 02:47:20.474576,24/09/26,2:47:20
22268,0.16,22.268,161.66696604993712,12724261904,2026-09-24 02:47:42.742576,24/09/26,2:47:42
22259,0.16,22.259,161.73233298890335,12724284163,2026-09-24 02:48:05.001576,24/09/26,2:48:5
22464,0.16,22.464,160.25641025641025,12724306627,2026-09-24 02:48:27.465576,24/09/26,2:48:27
22415,0.16,22.415,160.60673656033907,12724329042,2026-09-24 02:48:49.880576,24/09/26,2:48:49
22474,0.16,22.474,160.18510278544096,12724351516,2026-09-24 02:49:12.354576,24/09/26,2:49:12
22510,0.16,22.51,159.92892047978677,12724374026,2026-09-24 02:49:34.864576,24/09/26,2:49:34
22571,0.16,22.571,159.49669930441718,12724396597,2026-09-24 02:49:57.435576,24/09/26,2:49:57
26196,0.14,26.196,137.42556115437472,12724422793,2026-09-24 02:50:23.631576,24/09/26,2:50:23
40157,0.09,40.157,89.64813108548945,12724462950,2026-09-24 02:51:03.788576,24/09/26,2:51:3
40374,0.09,40.374,89.16629514043692,12724503324,2026-09-24 02:51:44.162576,24/09/26,2:51:44
39968,0.09,39.968,90.07205764611689,12724543292,2026-09-24 02:52:24.130576,24/09/26,2:52:24
40045,0.09,40.045,89.89886377824946,12724583337,2026-09-24 02:53:04.175576,24/09/26,2:53:4
40031,0.09,40.031,89.93030401438885,12724623368,2026-09-24 02:53:44.206576,24/09/26,2:53:44
40138,0.09,40.138,89.69056754198017,12724663506,2026-09-24 02:54:24.344576,24/09/26,2:54:24
40197,0.09,40.197,89.5589223076349,12724703703,2026-09-24 02:55:04.541576,24/09/26,2:55:4
40222,0.09,40.222,89.50325692407141,12724743925,2026-09-24 02:55:44.763576,24/09/26,2:55:44
40065,0.09,40.065,89.85398727068514,12724783990,2026-09-24 02:56:24.828576,24/09/26,2:56:24
40288,0.09,40.288,89.35663224781572,12724824278,2026-09-24 02:57:05.116576,24/09/26,2:57:5
40279,0.09,40.279,89.37659822736414,12724864557,2026-09-24 02:57:45.395576,24/09/26,2:57:45
39143,0.09,39.143,91.97046726106839,12724903700,2026-09-24 02:58:24.538576,24/09/26,2:58:24
38920,0.09,38.92,92.49743062692703,12724942620,2026-09-24 02:59:03.458576,24/09/26,2:59:3
38875,0.09,38.875,92.60450160771704,12724981495,2026-09-24 02:59:42.333576,24/09/26,2:59:42
38811,0.09,38.811,92.75720800803896,12725020306,2026-09-24 03:00:21.144576,24/09/26,3:0:21
39206,0.09,39.206,91.82268020200989,12725059512,2026-09-24 03:01:00.350576,24/09/26,3:1:0
39109,0.09,39.109,92.05042317625099,12725098621,2026-09-24 03:01:39.459576,24/09/26,3:1:39
39058,0.09,39.058,92.17061805519995,12725137679,2026-09-24 03:02:18.517576,24/09/26,3:2:18
39135,0.09,39.135,91.98926791874281,12725176814,2026-09-24 03:02:57.652576,24/09/26,3:2:57
39100,0.09,39.1,92.07161125319693,12725215914,2026-09-24 03:03:36.752576,24/09/26,3:3:36
39168,0.09,39.168,91.91176470588235,12725255082,2026-09-24 03:04:15.920576,24/09/26,3:4:15
39190,0.09,39.19,91.86016841030876,12725294272,2026-09-24 03:04:55.110576,24/09/26,3:4:55
38998,0.09,38.998,92.31242627827068,12725333270,2026-09-24 03:05:34.108576,24/09/26,3:5:34
37538,0.09,37.538,95.90281847727636,12725370808,2026-09-24 03:06:11.646576,24/09/26,3:6:11
37709,0.09,37.709,95.46792542894269,12725408517,2026-09-24 03:06:49.355576,24/09/26,3:6:49
37988,0.09,37.988,94.76676845319575,12725446505,2026-09-24 03:07:27.343576,24/09/26,3:7:27
38122,0.09,38.122,94.4336603536016,12725484627,2026-09-24 03:08:05.465576,24/09/26,3:8:5
38251,0.09,38.251,94.11518653107109,12725522878,2026-09-24 03:08:43.716576,24/09/26,3:8:43
38186,0.09,38.186,94.27538888597915,12725561064,2026-09-24 03:09:21.902576,24/09/26,3:9:21
39099,0.09,39.099,92.07396608608916,12725600163,2026-09-24 03:10:01.001576,24/09/26,3:10:1
39394,0.09,39.394,91.3844747931157,12725639557,2026-09-24 03:10:40.395576,24/09/26,3:10:40
39260,0.09,39.26,91.69638308711157,12725678817,2026-09-24 03:11:19.655576,24/09/26,3:11:19
39524,0.09,39.524,91.08389839085113,12725718341,2026-09-24 03:11:59.179576,24/09/26,3:11:59
39422,0.09,39.422,91.31956775404596,12725757763,2026-09-24 03:12:38.601576,24/09/26,3:12:38
39231,0.09,39.231,91.76416609314063,12725796994,2026-09-24 03:13:17.832576,24/09/26,3:13:17
39560,0.09,39.56,91.0010111223458,12725836554,2026-09-24 03:13:57.392576,24/09/26,3:13:57
39628,0.09,39.628,90.84485717169677,12725876182,2026-09-24 03:14:37.020576,24/09/26,3:14:37
39577,0.09,39.577,90.9619223286252,12725915759,2026-09-24 03:15:16.597576,24/09/26,3:15:16
39366,0.09,39.366,91.44947416552355,12725955125,2026-09-24 03:15:55.963576,24/09/26,3:15:55
39544,0.09,39.544,91.0378312765527,12725994669,2026-09-24 03:16:35.507576,24/09/26,3:16:35
39270,0.09,39.27,91.67303284950344,12726033939,2026-09-24 03:17:14.777576,24/09/26,3:17:14
39635,0.09,39.635,90.82881291787561,12726073574,2026-09-24 03:17:54.412576,24/09/26,3:17:54
39425,0.09,39.425,91.3126188966392,12726112999,2026-09-24 03:18:33.837576,24/09/26,3:18:33
39614,0.09,39.614,90.87696268995809,12726152613,2026-09-24 03:19:13.451576,24/09/26,3:19:13
39375,0.09,39.375,91.42857142857143,12726191988,2026-09-24 03:19:52.826576,24/09/26,3:19:52
39401,0.09,39.401,91.36823938478719,12726231389,2026-09-24 03:20:32.227576,24/09/26,3:20:32
39528,0.09,39.528,91.07468123861567,12726270917,2026-09-24 03:21:11.755576,24/09/26,3:21:11
40592,0.09,40.592,88.6874260938116,12726311509,2026-09-24 03:21:52.347576,24/09/26,3:21:52
40512,0.09,40.512,88.86255924170617,12726352021,2026-09-24 03:22:32.859576,24/09/26,3:22:32
40553,0.09,40.553,88.7727171849185,12726392574,2026-09-24 03:23:13.412576,24/09/26,3:23:13
40656,0.09,40.656,88.5478158205431,12726433230,2026-09-24 03:23:54.068576,24/09/26,3:23:54
40126,0.09,40.126,89.71739022080446,12726473356,2026-09-24 03:24:34.194576,24/09/26,3:24:34
40125,0.09,40.125,89.7196261682243,12726513481,2026-09-24 03:25:14.319576,24/09/26,3:25:14
39812,0.09,39.812,90.42499748819452,12726553293,2026-09-24 03:25:54.131576,24/09/26,3:25:54
39331,0.09,39.331,91.53085352520912,12726592624,2026-09-24 03:26:33.462576,24/09/26,3:26:33
26906,0.13,26.906,133.79915260536683,12726619530,2026-09-24 03:27:00.368576,24/09/26,3:27:0
20992,0.17,20.992,171.4939024390244,12726640522,2026-09-24 03:27:21.360576,24/09/26,3:27:21
20750,0.17,20.75,173.49397590361446,12726661272,2026-09-24 03:27:42.110576,24/09/26,3:27:42
20684,0.17,20.684,174.04757300328757,12726681956,2026-09-24 03:28:02.794576,24/09/26,3:28:2
20927,0.17,20.927,172.02656854780906,12726702883,2026-09-24 03:28:23.721576,24/09/26,3:28:23
21189,0.17,21.189,169.8994761432819,12726724072,2026-09-24 03:28:44.910576,24/09/26,3:28:44
21305,0.17,21.305,168.97441915043416,12726745377,2026-09-24 03:29:06.215576,24/09/26,3:29:6
21473,0.17,21.473,167.65240068923765,12726766850,2026-09-24 03:29:27.688576,24/09/26,3:29:27
21718,0.17,21.718,165.76111980845383,12726788568,2026-09-24 03:29:49.406576,24/09/26,3:29:49
21701,0.17,21.701,165.89097276623198,12726810269,2026-09-24 03:30:11.107576,24/09/26,3:30:11
21820,0.16,21.82,164.98625114573787,12726832089,2026-09-24 03:30:32.927576,24/09/26,3:30:32
21898,0.16,21.898,164.39857521234816,12726853987,2026-09-24 03:30:54.825576,24/09/26,3:30:54
21950,0.16,21.95,164.00911161731207,12726875937,2026-09-24 03:31:16.775576,24/09/26,3:31:16
22035,0.16,22.035,163.37644656228727,12726897972,2026-09-24 03:31:38.810576,24/09/26,3:31:38
22002,0.16,22.002,163.6214889555495,12726919974,2026-09-24 03:32:00.812576,24/09/26,3:32:0
22133,0.16,22.133,162.65305200379524,12726942107,2026-09-24 03:32:22.945576,24/09/26,3:32:22
22275,0.16,22.275,161.6161616161616,12726964382,2026-09-24 03:32:45.220576,24/09/26,3:32:45
22162,0.16,22.162,162.44021297716813,12726986544,2026-09-24 03:33:07.382576,24/09/26,3:33:7
22317,0.16,22.317,161.31200430165345,12727008861,2026-09-24 03:33:29.699576,24/09/26,3:33:29
22587,0.16,22.587,159.383716296985,12727031448,2026-09-24 03:33:52.286576,24/09/26,3:33:52
22664,0.16,22.664,158.84221673138018,12727054112,2026-09-24 03:34:14.950576,24/09/26,3:34:14
30486,0.12,30.486,118.08699074985239,12727084598,2026-09-24 03:34:45.436576,24/09/26,3:34:45
40283,0.09,40.283,89.36772335724747,12727124881,2026-09-24 03:35:25.719576,24/09/26,3:35:25
40489,0.09,40.489,88.91303810911606,12727165370,2026-09-24 03:36:06.208576,24/09/26,3:36:6
39715,0.09,39.715,90.64585169331487,12727205085,2026-09-24 03:36:45.923576,24/09/26,3:36:45
38763,0.09,38.763,92.87206872533086,12727243848,2026-09-24 03:37:24.686576,24/09/26,3:37:24
40102,0.09,40.102,89.771083736472,12727283950,2026-09-24 03:38:04.788576,24/09/26,3:38:4
40064,0.09,40.064,89.85623003194888,12727324014,2026-09-24 03:38:44.852576,24/09/26,3:38:44
40238,0.09,40.238,89.4676673790944,12727364252,2026-09-24 03:39:25.090576,24/09/26,3:39:25
40366,0.09,40.366,89.18396670465243,12727404618,2026-09-24 03:40:05.456576,24/09/26,3:40:5
40536,0.09,40.536,88.80994671403197,12727445154,2026-09-24 03:40:45.992576,24/09/26,3:40:45
40404,0.09,40.404,89.1000891000891,12727485558,2026-09-24 03:41:26.396576,24/09/26,3:41:26
40357,0.09,40.357,89.20385558886935,12727525915,2026-09-24 03:42:06.753576,24/09/26,3:42:6
40483,0.09,40.483,88.92621594249438,12727566398,2026-09-24 03:42:47.236576,24/09/26,3:42:47
40569,0.09,40.569,88.73770613029653,12727606967,2026-09-24 03:43:27.805576,24/09/26,3:43:27
40393,0.09,40.393,89.12435322951997,12727647360,2026-09-24 03:44:08.198576,24/09/26,3:44:8
40307,0.09,40.307,89.31451112709951,12727687667,2026-09-24 03:44:48.505576,24/09/26,3:44:48
40194,0.09,40.194,89.56560680698611,12727727861,2026-09-24 03:45:28.699576,24/09/26,3:45:28
40497,0.09,40.497,88.89547373879546,12727768358,2026-09-24 03:46:09.196576,24/09/26,3:46:9
40515,0.09,40.515,88.85597926693818,12727808873,2026-09-24 03:46:49.711576,24/09/26,3:46:49
40537,0.09,40.537,88.80775587734662,12727849410,2026-09-24 03:47:30.248576,24/09/26,3:47:30
40635,0.09,40.635,88.59357696566998,12727890045,2026-09-24 03:48:10.883576,24/09/26,3:48:10
40696,0.09,40.696,88.46078238647533,12727930741,2026-09-24 03:48:51.579576,24/09/26,3:48:51
40548,0.09,40.548,88.78366380585972,12727971289,2026-09-24 03:49:32.127576,24/09/26,3:49:32
40600,0.09,40.6,88.66995073891626,12728011889,2026-09-24 03:50:12.727576,24/09/26,3:50:12
40593,0.09,40.593,88.6852412977607,12728052482,2026-09-24 03:50:53.320576,24/09/26,3:50:53
40561,0.09,40.561,88.7552082049259,12728093043,2026-09-24 03:51:33.881576,24/09/26,3:51:33
40292,0.09,40.292,89.34776134220192,12728133335,2026-09-24 03:52:14.173576,24/09/26,3:52:14
40162,0.09,40.162,89.63697027040486,12728173497,2026-09-24 03:52:54.335576,24/09/26,3:52:54
40398,0.09,40.398,89.11332244170504,12728213895,2026-09-24 03:53:34.733576,24/09/26,3:53:34
40631,0.09,40.631,88.60229873741724,12728254526,2026-09-24 03:54:15.364576,24/09/26,3:54:15
40460,0.09,40.46,88.97676717745922,12728294986,2026-09-24 03:54:55.824576,24/09/26,3:54:55
40369,0.09,40.369,89.17733904728875,12728335355,2026-09-24 03:55:36.193576,24/09/26,3:55:36
40227,0.09,40.227,89.49213215004848,12728375582,2026-09-24 03:56:16.420576,24/09/26,3:56:16
40396,0.09,40.396,89.1177344291514,12728415978,2026-09-24 03:56:56.816576,24/09/26,3:56:56
40587,0.09,40.587,88.69835168896445,12728456565,2026-09-24 03:57:37.403576,24/09/26,3:57:37
39191,0.09,39.191,91.85782450052308,12728495756,2026-09-24 03:58:16.594576,24/09/26,3:58:16
39037,0.09,39.037,92.22020134743961,12728534793,2026-09-24 03:58:55.631576,24/09/26,3:58:55
38992,0.09,38.992,92.32663110381617,12728573785,2026-09-24 03:59:34.623576,24/09/26,3:59:34
39017,0.09,39.017,92.2674731527283,12728612802,2026-09-24 04:00:13.640576,24/09/26,4:0:13
39221,0.09,39.221,91.7875627852426,12728652023,2026-09-24 04:00:52.861576,24/09/26,4:0:52
39224,0.09,39.224,91.7805425249847,12728691247,2026-09-24 04:01:32.085576,24/09/26,4:1:32
39098,0.09,39.098,92.07632103943936,12728730345,2026-09-24 04:02:11.183576,24/09/26,4:2:11
39370,0.09,39.37,91.44018288036575,12728769715,2026-09-24 04:02:50.553576,24/09/26,4:2:50
39252,0.09,39.252,91.71507184347294,12728808967,2026-09-24 04:03:29.805576,24/09/26,4:3:29
39180,0.09,39.18,91.88361408882082,12728848147,2026-09-24 04:04:08.985576,24/09/26,4:4:8
39245,0.09,39.245,91.73143075551026,12728887392,2026-09-24 04:04:48.230576,24/09/26,4:4:48
39054,0.09,39.054,92.18005838070364,12728926446,2026-09-24 04:05:27.284576,24/09/26,4:5:27
38218,0.09,38.218,94.19645193364383,12728964664,2026-09-24 04:06:05.502576,24/09/26,4:6:5
38369,0.09,38.369,93.8257447418489,12729003033,2026-09-24 04:06:43.871576,24/09/26,4:6:43
37895,0.09,37.895,94.99934028235916,12729040928,2026-09-24 04:07:21.766576,24/09/26,4:7:21
38008,0.09,38.008,94.71690170490423,12729078936,2026-09-24 04:07:59.774576,24/09/26,4:7:59
38431,0.09,38.431,93.67437745569983,12729117367,2026-09-24 04:08:38.205576,24/09/26,4:8:38
38723,0.09,38.723,92.96800351212458,12729156090,2026-09-24 04:09:16.928576,24/09/26,4:9:16
39699,0.09,39.699,90.6823849467241,12729195789,2026-09-24 04:09:56.627576,24/09/26,4:9:56
39704,0.09,39.704,90.67096514205117,12729235493,2026-09-24 04:10:36.331576,24/09/26,4:10:36
25165,0.14,25.165,143.05583151202066,12729260658,2026-09-24 04:11:01.496576,24/09/26,4:11:1
20948,0.17,20.948,171.854114951308,12729281606,2026-09-24 04:11:22.444576,24/09/26,4:11:22
20828,0.17,20.828,172.84424812752064,12729302434,2026-09-24 04:11:43.272576,24/09/26,4:11:43
20852,0.17,20.852,172.64530980241705,12729323286,2026-09-24 04:12:04.124576,24/09/26,4:12:4
20955,0.17,20.955,171.7967072297781,12729344241,2026-09-24 04:12:25.079576,24/09/26,4:12:25
21133,0.17,21.133,170.3496900582028,12729365374,2026-09-24 04:12:46.212576,24/09/26,4:12:46
21336,0.17,21.336,168.7289088863892,12729386710,2026-09-24 04:13:07.548576,24/09/26,4:13:7
21337,0.17,21.337,168.72100107793972,12729408047,2026-09-24 04:13:28.885576,24/09/26,4:13:28
21451,0.17,21.451,167.82434385343342,12729429498,2026-09-24 04:13:50.336576,24/09/26,4:13:50
21715,0.17,21.715,165.78402026249137,12729451213,2026-09-24 04:14:12.051576,24/09/26,4:14:12
21721,0.17,21.721,165.7382256802173,12729472934,2026-09-24 04:14:33.772576,24/09/26,4:14:33
21864,0.16,21.864,164.6542261251372,12729494798,2026-09-24 04:14:55.636576,24/09/26,4:14:55
21909,0.16,21.909,164.31603450636726,12729516707,2026-09-24 04:15:17.545576,24/09/26,4:15:17
21880,0.16,21.88,164.53382084095065,12729538587,2026-09-24 04:15:39.425576,24/09/26,4:15:39
21955,0.16,21.955,163.97176041903893,12729560542,2026-09-24 04:16:01.380576,24/09/26,4:16:1
22203,0.16,22.203,162.14025131738956,12729582745,2026-09-24 04:16:23.583576,24/09/26,4:16:23
22487,0.16,22.487,160.09249788766843,12729605232,2026-09-24 04:16:46.070576,24/09/26,4:16:46
22637,0.16,22.637,159.03167380836683,12729627869,2026-09-24 04:17:08.707576,24/09/26,4:17:8
22849,0.16,22.849,157.55612937108845,12729650718,2026-09-24 04:17:31.556576,24/09/26,4:17:31
22880,0.16,22.88,157.34265734265733,12729673598,2026-09-24 04:17:54.436576,24/09/26,4:17:54
33104,0.11,33.104,108.74818753020783,12729706702,2026-09-24 04:18:27.540576,24/09/26,4:18:27
40455,0.09,40.455,88.98776418242491,12729747157,2026-09-24 04:19:07.995576,24/09/26,4:19:7
40460,0.09,40.46,88.97676717745922,12729787617,2026-09-24 04:19:48.455576,24/09/26,4:19:48
40357,0.09,40.357,89.20385558886935,12729827974,2026-09-24 04:20:28.812576,24/09/26,4:20:28
40611,0.09,40.611,88.64593336780675,12729868585,2026-09-24 04:21:09.423576,24/09/26,4:21:9
40491,0.09,40.491,88.90864636585908,12729909076,2026-09-24 04:21:49.914576,24/09/26,4:21:49
40378,0.09,40.378,89.15746198424885,12729949454,2026-09-24 04:22:30.292576,24/09/26,4:22:30
40414,0.09,40.414,89.07804226258227,12729989868,2026-09-24 04:23:10.706576,24/09/26,4:23:10
40657,0.09,40.657,88.54563789753303,12730030525,2026-09-24 04:23:51.363576,24/09/26,4:23:51
40096,0.09,40.096,89.78451715881883,12730070621,2026-09-24 04:24:31.459576,24/09/26,4:24:31
39835,0.09,39.835,90.37278774946655,12730110456,2026-09-24 04:25:11.294576,24/09/26,4:25:11
39825,0.09,39.825,90.3954802259887,12730150281,2026-09-24 04:25:51.119576,24/09/26,4:25:51
39624,0.09,39.624,90.85402786190188,12730189905,2026-09-24 04:26:30.743576,24/09/26,4:26:30
39687,0.09,39.687,90.7098042180059,12730229592,2026-09-24 04:27:10.430576,24/09/26,4:27:10
39832,0.09,39.832,90.37959429604338,12730269424,2026-09-24 04:27:50.262576,24/09/26,4:27:50
39710,0.09,39.71,90.65726517250063,12730309134,2026-09-24 04:28:29.972576,24/09/26,4:28:29
39754,0.09,39.754,90.55692508929918,12730348888,2026-09-24 04:29:09.726576,24/09/26,4:29:9
39640,0.09,39.64,90.81735620585268,12730388528,2026-09-24 04:29:49.366576,24/09/26,4:29:49
39482,0.09,39.482,91.18079124664403,12730428010,2026-09-24 04:30:28.848576,24/09/26,4:30:28
39501,0.09,39.501,91.1369332421964,12730467511,2026-09-24 04:31:08.349576,24/09/26,4:31:8
39621,0.09,39.621,90.86090709472249,12730507132,2026-09-24 04:31:47.970576,24/09/26,4:31:47
39772,0.09,39.772,90.51594086291864,12730546904,2026-09-24 04:32:27.742576,24/09/26,4:32:27
39657,0.09,39.657,90.77842499432634,12730586561,2026-09-24 04:33:07.399576,24/09/26,4:33:7
40075,0.09,40.075,89.83156581409857,12730626636,2026-09-24 04:33:47.474576,24/09/26,4:33:47
40293,0.09,40.293,89.34554389099844,12730666929,2026-09-24 04:34:27.767576,24/09/26,4:34:27
40152,0.09,40.152,89.65929468021518,12730707081,2026-09-24 04:35:07.919576,24/09/26,4:35:7
40258,0.09,40.258,89.4232202295196,12730747339,2026-09-24 04:35:48.177576,24/09/26,4:35:48
40424,0.09,40.424,89.05600633287156,12730787763,2026-09-24 04:36:28.601576,24/09/26,4:36:28
39063,0.09,39.063,92.1588203670993,12730826826,2026-09-24 04:37:07.664576,24/09/26,4:37:7
39620,0.09,39.62,90.86320040383644,12730866446,2026-09-24 04:37:47.284576,24/09/26,4:37:47
40263,0.09,40.263,89.41211534162879,12730906709,2026-09-24 04:38:27.547576,24/09/26,4:38:27
40494,0.09,40.494,88.90205956437991,12730947203,2026-09-24 04:39:08.041576,24/09/26,4:39:8
40303,0.09,40.303,89.32337543110934,12730987506,2026-09-24 04:39:48.344576,24/09/26,4:39:48
40388,0.09,40.388,89.13538674853918,12731027894,2026-09-24 04:40:28.732576,24/09/26,4:40:28
40484,0.09,40.484,88.92401936567533,12731068378,2026-09-24 04:41:09.216576,24/09/26,4:41:9
40347,0.09,40.347,89.22596475574392,12731108725,2026-09-24 04:41:49.563576,24/09/26,4:41:49
40494,0.09,40.494,88.90205956437991,12731149219,2026-09-24 04:42:30.057576,24/09/26,4:42:30
40451,0.09,40.451,88.99656374378878,12731189670,2026-09-24 04:43:10.508576,24/09/26,4:43:10
40374,0.09,40.374,89.16629514043692,12731230044,2026-09-24 04:43:50.882576,24/09/26,4:43:50
40237,0.09,40.237,89.4698908964386,12731270281,2026-09-24 04:44:31.119576,24/09/26,4:44:31
40301,0.09,40.301,89.32780824297164,12731310582,2026-09-24 04:45:11.420576,24/09/26,4:45:11
40618,0.09,40.618,88.6306563592496,12731351200,2026-09-24 04:45:52.038576,24/09/26,4:45:52
40668,0.09,40.668,88.5216878135143,12731391868,2026-09-24 04:46:32.706576,24/09/26,4:46:32
40219,0.09,40.219,89.50993311618886,12731432087,2026-09-24 04:47:12.925576,24/09/26,4:47:12
40015,0.09,40.015,89.96626265150569,12731472102,2026-09-24 04:47:52.940576,24/09/26,4:47:52
39992,0.09,39.992,90.01800360072015,12731512094,2026-09-24 04:48:32.932576,24/09/26,4:48:32
40158,0.09,40.158,89.64589870013447,12731552252,2026-09-24 04:49:13.090576,24/09/26,4:49:13
40007,0.09,40.007,89.98425275576774,12731592259,2026-09-24 04:49:53.097576,24/09/26,4:49:53
40322,0.09,40.322,89.28128565051337,12731632581,2026-09-24 04:50:33.419576,24/09/26,4:50:33
39941,0.09,39.941,90.13294609549085,12731672522,2026-09-24 04:51:13.360576,24/09/26,4:51:13
39759,0.09,39.759,90.54553685957896,12731712281,2026-09-24 04:51:53.119576,24/09/26,4:51:53
39832,0.09,39.832,90.37959429604338,12731752113,2026-09-24 04:52:32.951576,24/09/26,4:52:32
39857,0.09,39.857,90.32290438316983,12731791970,2026-09-24 04:53:12.808576,24/09/26,4:53:12
40080,0.09,40.08,89.82035928143712,12731832050,2026-09-24 04:53:52.888576,24/09/26,4:53:52
39684,0.09,39.684,90.71666162685213,12731871734,2026-09-24 04:54:32.572576,24/09/26,4:54:32
21964,0.16,21.964,163.90457111637224,12731893698,2026-09-24 04:54:54.536576,24/09/26,4:54:54
20917,0.17,20.917,172.1088110149639,12731914615,2026-09-24 04:55:15.453576,24/09/26,4:55:15
20831,0.17,20.831,172.819355767846,12731935446,2026-09-24 04:55:36.284576,24/09/26,4:55:36
20956,0.17,20.956,171.78850925749188,12731956402,2026-09-24 04:55:57.240576,24/09/26,4:55:57
21233,0.17,21.233,169.54740262798475,12731977635,2026-09-24 04:56:18.473576,24/09/26,4:56:18
21408,0.17,21.408,168.16143497757847,12731999043,2026-09-24 04:56:39.881576,24/09/26,4:56:39
21489,0.17,21.489,167.52757224626552,12732020532,2026-09-24 04:57:01.370576,24/09/26,4:57:1
21779,0.17,21.779,165.29684558519676,12732042311,2026-09-24 04:57:23.149576,24/09/26,4:57:23
21833,0.16,21.833,164.8880135574589,12732064144,2026-09-24 04:57:44.982576,24/09/26,4:57:44
21904,0.16,21.904,164.35354273192112,12732086048,2026-09-24 04:58:06.886576,24/09/26,4:58:6
22074,0.16,22.074,163.08779559662952,12732108122,2026-09-24 04:58:28.960576,24/09/26,4:58:28
22180,0.16,22.18,162.30838593327323,12732130302,2026-09-24 04:58:51.140576,24/09/26,4:58:51
22339,0.16,22.339,161.1531402479968,12732152641,2026-09-24 04:59:13.479576,24/09/26,4:59:13
22447,0.16,22.447,160.37777876776406,12732175088,2026-09-24 04:59:35.926576,24/09/26,4:59:35
22480,0.16,22.48,160.1423487544484,12732197568,2026-09-24 04:59:58.406576,24/09/26,4:59:58
22554,0.16,22.554,159.6169193934557,12732220122,2026-09-24 05:00:20.960576,24/09/26,5:0:20
22636,0.16,22.636,159.0386994168581,12732242758,2026-09-24 05:00:43.596576,24/09/26,5:0:43
22666,0.16,22.666,158.82820082943616,12732265424,2026-09-24 05:01:06.262576,24/09/26,5:1:6
22722,0.16,22.722,158.43675732770004,12732288146,2026-09-24 05:01:28.984576,24/09/26,5:1:28
22847,0.16,22.847,157.5699216527334,12732310993,2026-09-24 05:01:51.831576,24/09/26,5:1:51
39064,0.09,39.064,92.15646119189023,12732350057,2026-09-24 05:02:30.895576,24/09/26,5:2:30
40284,0.09,40.284,89.36550491510278,12732390341,2026-09-24 05:03:11.179576,24/09/26,5:3:11
40430,0.09,40.43,89.04279000742024,12732430771,2026-09-24 05:03:51.609576,24/09/26,5:3:51
40750,0.09,40.75,88.34355828220859,12732471521,2026-09-24 05:04:32.359576,24/09/26,5:4:32
39828,0.09,39.828,90.38867128653209,12732511349,2026-09-24 05:05:12.187576,24/09/26,5:5:12
39526,0.09,39.526,91.07928958154126,12732550875,2026-09-24 05:05:51.713576,24/09/26,5:5:51
39591,0.09,39.591,90.92975676290065,12732590466,2026-09-24 05:06:31.304576,24/09/26,5:6:31
39344,0.09,39.344,91.5006100040667,12732629810,2026-09-24 05:07:10.648576,24/09/26,5:7:10
39377,0.09,39.377,91.423927673515,12732669187,2026-09-24 05:07:50.025576,24/09/26,5:7:50
39584,0.09,39.584,90.94583670169766,12732708771,2026-09-24 05:08:29.609576,24/09/26,5:8:29
38896,0.09,38.896,92.5545043192102,12732747667,2026-09-24 05:09:08.505576,24/09/26,5:9:8
39142,0.09,39.142,91.97281692299832,12732786809,2026-09-24 05:09:47.647576,24/09/26,5:9:47
39303,0.09,39.303,91.59606136936112,12732826112,2026-09-24 05:10:26.950576,24/09/26,5:10:26
39145,0.09,39.145,91.96576829735598,12732865257,2026-09-24 05:11:06.095576,24/09/26,5:11:6
38938,0.09,38.938,92.45467152909754,12732904195,2026-09-24 05:11:45.033576,24/09/26,5:11:45
38908,0.09,38.908,92.52595867173847,12732943103,2026-09-24 05:12:23.941576,24/09/26,5:12:23
39135,0.09,39.135,91.98926791874281,12732982238,2026-09-24 05:13:03.076576,24/09/26,5:13:3
39446,0.09,39.446,91.2640064898849,12733021684,2026-09-24 05:13:42.522576,24/09/26,5:13:42
39411,0.09,39.411,91.34505594884676,12733061095,2026-09-24 05:14:21.933576,24/09/26,5:14:21
39391,0.09,39.391,91.391434591658,12733100486,2026-09-24 05:15:01.324576,24/09/26,5:15:1
39341,0.09,39.341,91.50758750413056,12733139827,2026-09-24 05:15:40.665576,24/09/26,5:15:40
40029,0.09,40.029,89.93479727197781,12733179856,2026-09-24 05:16:20.694576,24/09/26,5:16:20
40081,0.09,40.081,89.8181183104214,12733219937,2026-09-24 05:17:00.775576,24/09/26,5:17:0
40232,0.09,40.232,89.48101014118114,12733260169,2026-09-24 05:17:41.007576,24/09/26,5:17:41
40028,0.09,40.028,89.9370440691516,12733300197,2026-09-24 05:18:21.035576,24/09/26,5:18:21
40379,0.09,40.379,89.15525396864707,12733340576,2026-09-24 05:19:01.414576,24/09/26,5:19:1
40161,0.09,40.161,89.63920221110033,12733380737,2026-09-24 05:19:41.575576,24/09/26,5:19:41
40316,0.09,40.316,89.29457287429308,12733421053,2026-09-24 05:20:21.891576,24/09/26,5:20:21
40462,0.09,40.462,88.97236913647373,12733461515,2026-09-24 05:21:02.353576,24/09/26,5:21:2
40358,0.09,40.358,89.20164527479062,12733501873,2026-09-24 05:21:42.711576,24/09/26,5:21:42
40457,0.09,40.457,88.98336505425513,12733542330,2026-09-24 05:22:23.168576,24/09/26,5:22:23
40045,0.09,40.045,89.89886377824946,12733582375,2026-09-24 05:23:03.213576,24/09/26,5:23:3
39207,0.09,39.207,91.82033820491239,12733621582,2026-09-24 05:23:42.420576,24/09/26,5:23:42
39256,0.09,39.256,91.70572651314448,12733660838,2026-09-24 05:24:21.676576,24/09/26,5:24:21
39596,0.09,39.596,90.91827457318921,12733700434,2026-09-24 05:25:01.272576,24/09/26,5:25:1
39168,0.09,39.168,91.91176470588235,12733739602,2026-09-24 05:25:40.440576,24/09/26,5:25:40
38755,0.09,38.755,92.89123984002065,12733778357,2026-09-24 05:26:19.195576,24/09/26,5:26:19
38556,0.09,38.556,93.37068160597572,12733816913,2026-09-24 05:26:57.751576,24/09/26,5:26:57
38623,0.09,38.623,93.20870983610801,12733855536,2026-09-24 05:27:36.374576,24/09/26,5:27:36
38629,0.09,38.629,93.19423231251133,12733894165,2026-09-24 05:28:15.003576,24/09/26,5:28:15
38948,0.09,38.948,92.43093355242888,12733933113,2026-09-24 05:28:53.951576,24/09/26,5:28:53
38857,0.09,38.857,92.64739943896852,12733971970,2026-09-24 05:29:32.808576,24/09/26,5:29:32
38721,0.09,38.721,92.9728054544046,12734010691,2026-09-24 05:30:11.529576,24/09/26,5:30:11
39406,0.09,39.406,91.35664619601076,12734050097,2026-09-24 05:30:50.935576,24/09/26,5:30:50
39195,0.09,39.195,91.84845005740529,12734089292,2026-09-24 05:31:30.130576,24/09/26,5:31:30
38830,0.09,38.83,92.71182075714654,12734128122,2026-09-24 05:32:08.960576,24/09/26,5:32:8
39054,0.09,39.054,92.18005838070364,12734167176,2026-09-24 05:32:48.014576,24/09/26,5:32:48
38738,0.09,38.738,92.93200474985802,12734205914,2026-09-24 05:33:26.752576,24/09/26,5:33:26
39659,0.09,39.659,90.77384704606773,12734245573,2026-09-24 05:34:06.411576,24/09/26,5:34:6
39603,0.09,39.603,90.90220437845618,12734285176,2026-09-24 05:34:46.014576,24/09/26,5:34:46
39247,0.09,39.247,91.72675618518613,12734324423,2026-09-24 05:35:25.261576,24/09/26,5:35:25
39739,0.09,39.739,90.59110697299882,12734364162,2026-09-24 05:36:05.000576,24/09/26,5:36:5
39893,0.09,39.893,90.24139573358734,12734404055,2026-09-24 05:36:44.893576,24/09/26,5:36:44
40065,0.09,40.065,89.85398727068514,12734444120,2026-09-24 05:37:24.958576,24/09/26,5:37:24
39838,0.09,39.838,90.3659822280235,12734483958,2026-09-24 05:38:04.796576,24/09/26,5:38:4
30719,0.12,30.719,117.19131482144601,12734514677,2026-09-24 05:38:35.515576,24/09/26,5:38:35
21010,0.17,21.01,171.34697762970015,12734535687,2026-09-24 05:38:56.525576,24/09/26,5:38:56
20862,0.17,20.862,172.5625539257981,12734556549,2026-09-24 05:39:17.387576,24/09/26,5:39:17
20958,0.17,20.958,171.7721156598912,12734577507,2026-09-24 05:39:38.345576,24/09/26,5:39:38
21089,0.17,21.089,170.70510692778225,12734598596,2026-09-24 05:39:59.434576,24/09/26,5:39:59
21308,0.17,21.308,168.95062887178526,12734619904,2026-09-24 05:40:20.742576,24/09/26,5:40:20
21267,0.17,21.267,169.27634363097758,12734641171,2026-09-24 05:40:42.009576,24/09/26,5:40:42
21402,0.17,21.402,168.20857863751053,12734662573,2026-09-24 05:41:03.411576,24/09/26,5:41:3
21679,0.17,21.679,166.05932007933944,12734684252,2026-09-24 05:41:25.090576,24/09/26,5:41:25
21693,0.17,21.693,165.9521504632831,12734705945,2026-09-24 05:41:46.783576,24/09/26,5:41:46
21750,0.17,21.75,165.51724137931035,12734727695,2026-09-24 05:42:08.533576,24/09/26,5:42:8
21940,0.16,21.94,164.08386508659981,12734749635,2026-09-24 05:42:30.473576,24/09/26,5:42:30
22120,0.16,22.12,162.748643761302,12734771755,2026-09-24 05:42:52.593576,24/09/26,5:42:52
22122,0.16,22.122,162.73393002441009,12734793877,2026-09-24 05:43:14.715576,24/09/26,5:43:14
22253,0.16,22.253,161.77594032265313,12734816130,2026-09-24 05:43:36.968576,24/09/26,5:43:36
22258,0.16,22.258,161.7395992452152,12734838388,2026-09-24 05:43:59.226576,24/09/26,5:43:59
22246,0.16,22.246,161.82684527555514,12734860634,2026-09-24 05:44:21.472576,24/09/26,5:44:21
22468,0.16,22.468,160.22787965105928,12734883102,2026-09-24 05:44:43.940576,24/09/26,5:44:43
22563,0.16,22.563,159.55325089748703,12734905665,2026-09-24 05:45:06.503576,24/09/26,5:45:6
22514,0.16,22.514,159.90050635160344,12734928179,2026-09-24 05:45:29.017576,24/09/26,5:45:29
22663,0.16,22.663,158.84922561002514,12734950842,2026-09-24 05:45:51.680576,24/09/26,5:45:51
28106,0.13,28.106,128.08652956664056,12734978948,2026-09-24 05:46:19.786576,24/09/26,5:46:19
40284,0.09,40.284,89.36550491510278,12735019232,2026-09-24 05:47:00.070576,24/09/26,5:47:0
40262,0.09,40.262,89.41433609855447,12735059494,2026-09-24 05:47:40.332576,24/09/26,5:47:40
40307,0.09,40.307,89.31451112709951,12735099801,2026-09-24 05:48:20.639576,24/09/26,5:48:20
40353,0.09,40.353,89.21269794067355,12735140154,2026-09-24 05:49:00.992576,24/09/26,5:49:0
40076,0.09,40.076,89.82932428386067,12735180230,2026-09-24 05:49:41.068576,24/09/26,5:49:41
39618,0.09,39.618,90.86778736937755,12735219848,2026-09-24 05:50:20.686576,24/09/26,5:50:20
39228,0.09,39.228,91.77118384827165,12735259076,2026-09-24 05:50:59.914576,24/09/26,5:50:59
40041,0.09,40.041,89.90784445942909,12735299117,2026-09-24 05:51:39.955576,24/09/26,5:51:39
40257,0.09,40.257,89.4254415381176,12735339374,2026-09-24 05:52:20.212576,24/09/26,5:52:20
40295,0.09,40.295,89.34110931877404,12735379669,2026-09-24 05:53:00.507576,24/09/26,5:53:0
40258,0.09,40.258,89.4232202295196,12735419927,2026-09-24 05:53:40.765576,24/09/26,5:53:40
39944,0.09,39.944,90.12617664730622,12735459871,2026-09-24 05:54:20.709576,24/09/26,5:54:20
39978,0.09,39.978,90.04952723998198,12735499849,2026-09-24 05:55:00.687576,24/09/26,5:55:0
40016,0.09,40.016,89.9640143942423,12735539865,2026-09-24 05:55:40.703576,24/09/26,5:55:40
39912,0.09,39.912,90.19843656043295,12735579777,2026-09-24 05:56:20.615576,24/09/26,5:56:20
40111,0.09,40.111,89.7509411383411,12735619888,2026-09-24 05:57:00.726576,24/09/26,5:57:0
40318,0.09,40.318,89.29014336028573,12735660206,2026-09-24 05:57:41.044576,24/09/26,5:57:41
40495,0.09,40.495,88.89986418076306,12735700701,2026-09-24 05:58:21.539576,24/09/26,5:58:21
40455,0.09,40.455,88.98776418242491,12735741156,2026-09-24 05:59:01.994576,24/09/26,5:59:1
40383,0.09,40.383,89.14642299977713,12735781539,2026-09-24 05:59:42.377576,24/09/26,5:59:42
40281,0.09,40.281,89.37216057198182,12735821820,2026-09-24 06:00:22.658576,24/09/26,6:0:22
40069,0.09,40.069,89.84501734507974,12735861889,2026-09-24 06:01:02.727576,24/09/26,6:1:2
40221,0.09,40.221,89.50548221078542,12735902110,2026-09-24 06:01:42.948576,24/09/26,6:1:42
40414,0.09,40.414,89.07804226258227,12735942524,2026-09-24 06:02:23.362576,24/09/26,6:2:23
40557,0.09,40.557,88.76396183149642,12735983081,2026-09-24 06:03:03.919576,24/09/26,6:3:3
40379,0.09,40.379,89.15525396864707,12736023460,2026-09-24 06:03:44.298576,24/09/26,6:3:44
40170,0.09,40.17,89.61911874533234,12736063630,2026-09-24 06:04:24.468576,24/09/26,6:4:24
40087,0.09,40.087,89.80467483223988,12736103717,2026-09-24 06:05:04.555576,24/09/26,6:5:4
39334,0.09,39.334,91.52387247673768,12736143051,2026-09-24 06:05:43.889576,24/09/26,6:5:43
39453,0.09,39.453,91.24781385445974,12736182504,2026-09-24 06:06:23.342576,24/09/26,6:6:23
39534,0.09,39.534,91.06085900743663,12736222038,2026-09-24 06:07:02.876576,24/09/26,6:7:2
39655,0.09,39.655,90.78300340436263,12736261693,2026-09-24 06:07:42.531576,24/09/26,6:7:42
39447,0.09,39.447,91.26169290440338,12736301140,2026-09-24 06:08:21.978576,24/09/26,6:8:21
39708,0.09,39.708,90.66183136899366,12736340848,2026-09-24 06:09:01.686576,24/09/26,6:9:1
39761,0.09,39.761,90.5409823696587,12736380609,2026-09-24 06:09:41.447576,24/09/26,6:9:41
39820,0.09,39.82,90.40683073832245,12736420429,2026-09-24 06:10:21.267576,24/09/26,6:10:21
39757,0.09,39.757,90.55009180773197,12736460186,2026-09-24 06:11:01.024576,24/09/26,6:11:1
39575,0.09,39.575,90.96651926721415,12736499761,2026-09-24 06:11:40.599576,24/09/26,6:11:40
39610,0.09,39.61,90.88613986367079,12736539371,2026-09-24 06:12:20.209576,24/09/26,6:12:20
39685,0.09,39.685,90.71437570870606,12736579056,2026-09-24 06:12:59.894576,24/09/26,6:12:59
39650,0.09,39.65,90.79445145018916,12736618706,2026-09-24 06:13:39.544576,24/09/26,6:13:39
39479,0.09,39.479,91.18772005369944,12736658185,2026-09-24 06:14:19.023576,24/09/26,6:14:19
39851,0.09,39.851,90.33650347544604,12736698036,2026-09-24 06:14:58.874576,24/09/26,6:14:58
39350,0.09,39.35,91.4866581956798,12736737386,2026-09-24 06:15:38.224576,24/09/26,6:15:38
39424,0.09,39.424,91.31493506493507,12736776810,2026-09-24 06:16:17.648576,24/09/26,6:16:17
39480,0.09,39.48,91.1854103343465,12736816290,2026-09-24 06:16:57.128576,24/09/26,6:16:57
39075,0.09,39.075,92.13051823416507,12736855365,2026-09-24 06:17:36.203576,24/09/26,6:17:36
39216,0.09,39.216,91.79926560587515,12736894581,2026-09-24 06:18:15.419576,24/09/26,6:18:15
39252,0.09,39.252,91.71507184347294,12736933833,2026-09-24 06:18:54.671576,24/09/26,6:18:54
39106,0.09,39.106,92.05748478494348,12736972939,2026-09-24 06:19:33.777576,24/09/26,6:19:33
39717,0.09,39.717,90.6412871062769,12737012656,2026-09-24 06:20:13.494576,24/09/26,6:20:13
39533,0.09,39.533,91.0631624212683,12737052189,2026-09-24 06:20:53.027576,24/09/26,6:20:53
39411,0.09,39.411,91.34505594884676,12737091600,2026-09-24 06:21:32.438576,24/09/26,6:21:32
39550,0.09,39.55,91.02402022756004,12737131150,2026-09-24 06:22:11.988576,24/09/26,6:22:11
39332,0.09,39.332,91.5285263907251,12737170482,2026-09-24 06:22:51.320576,24/09/26,6:22:51
22235,0.16,22.235,161.90690353046998,12737192717,2026-09-24 06:23:13.555576,24/09/26,6:23:13
20849,0.17,20.849,172.67015204566167,12737213566,2026-09-24 06:23:34.404576,24/09/26,6:23:34
20808,0.17,20.808,173.01038062283737,12737234374,2026-09-24 06:23:55.212576,24/09/26,6:23:55
20772,0.17,20.772,173.3102253032929,12737255146,2026-09-24 06:24:15.984576,24/09/26,6:24:15
20989,0.17,20.989,171.5184144075468,12737276135,2026-09-24 06:24:36.973576,24/09/26,6:24:36
21404,0.17,21.404,168.19286114744907,12737297539,2026-09-24 06:24:58.377576,24/09/26,6:24:58
21515,0.17,21.515,167.32512200790146,12737319054,2026-09-24 06:25:19.892576,24/09/26,6:25:19
21637,0.17,21.637,166.38166104358274,12737340691,2026-09-24 06:25:41.529576,24/09/26,6:25:41
21636,0.17,21.636,166.38935108153078,12737362327,2026-09-24 06:26:03.165576,24/09/26,6:26:3
21651,0.17,21.651,166.27407510045725,12737383978,2026-09-24 06:26:24.816576,24/09/26,6:26:24
21758,0.17,21.758,165.45638385881054,12737405736,2026-09-24 06:26:46.574576,24/09/26,6:26:46
21841,0.16,21.841,164.82761778306855,12737427577,2026-09-24 06:27:08.415576,24/09/26,6:27:8
21859,0.16,21.859,164.69188892447048,12737449436,2026-09-24 06:27:30.274576,24/09/26,6:27:30
22045,0.16,22.045,163.30233613064186,12737471481,2026-09-24 06:27:52.319576,24/09/26,6:27:52
22111,0.16,22.111,162.81488851702773,12737493592,2026-09-24 06:28:14.430576,24/09/26,6:28:14
22249,0.16,22.249,161.80502494494135,12737515841,2026-09-24 06:28:36.679576,24/09/26,6:28:36
22271,0.16,22.271,161.64518881056082,12737538112,2026-09-24 06:28:58.950576,24/09/26,6:28:58
22326,0.16,22.326,161.2469766191884,12737560438,2026-09-24 06:29:21.276576,24/09/26,6:29:21
22478,0.16,22.478,160.15659756206068,12737582916,2026-09-24 06:29:43.754576,24/09/26,6:29:43
22441,0.16,22.441,160.42065861592621,12737605357,2026-09-24 06:30:06.195576,24/09/26,6:30:6
22450,0.16,22.45,160.35634743875278,12737627807,2026-09-24 06:30:28.645576,24/09/26,6:30:28
33641,0.11,33.641,107.0122766861865,12737661448,2026-09-24 06:31:02.286576,24/09/26,6:31:2
39551,0.09,39.551,91.02171879345654,12737700999,2026-09-24 06:31:41.837576,24/09/26,6:31:41
39902,0.09,39.902,90.22104155180192,12737740901,2026-09-24 06:32:21.739576,24/09/26,6:32:21
39932,0.09,39.932,90.15326054292296,12737780833,2026-09-24 06:33:01.671576,24/09/26,6:33:1
39730,0.09,39.73,90.61162849232318,12737820563,2026-09-24 06:33:41.401576,24/09/26,6:33:41
40428,0.09,40.428,89.04719501335708,12737860991,2026-09-24 06:34:21.829576,24/09/26,6:34:21
40411,0.09,40.411,89.0846551681473,12737901402,2026-09-24 06:35:02.240576,24/09/26,6:35:2
40276,0.09,40.276,89.38325553679611,12737941678,2026-09-24 06:35:42.516576,24/09/26,6:35:42
40558,0.09,40.558,88.76177326298141,12737982236,2026-09-24 06:36:23.074576,24/09/26,6:36:23
40614,0.09,40.614,88.63938543359433,12738022850,2026-09-24 06:37:03.688576,24/09/26,6:37:3
40445,0.09,40.445,89.00976634936333,12738063295,2026-09-24 06:37:44.133576,24/09/26,6:37:44
39138,0.09,39.138,91.98221677142419,12738102433,2026-09-24 06:38:23.271576,24/09/26,6:38:23
39230,0.09,39.23,91.76650522559265,12738141663,2026-09-24 06:39:02.501576,24/09/26,6:39:2
39421,0.09,39.421,91.32188427487887,12738181084,2026-09-24 06:39:41.922576,24/09/26,6:39:41
39777,0.09,39.777,90.50456293838148,12738220861,2026-09-24 06:40:21.699576,24/09/26,6:40:21
38657,0.09,38.657,93.12672995835166,12738259518,2026-09-24 06:41:00.356576,24/09/26,6:41:0
38179,0.09,38.179,94.29267398307971,12738297697,2026-09-24 06:41:38.535576,24/09/26,6:41:38
39347,0.09,39.347,91.49363356799756,12738337044,2026-09-24 06:42:17.882576,24/09/26,6:42:17
39460,0.09,39.46,91.2316269640142,12738376504,2026-09-24 06:42:57.342576,24/09/26,6:42:57
39425,0.09,39.425,91.3126188966392,12738415929,2026-09-24 06:43:36.767576,24/09/26,6:43:36
39522,0.09,39.522,91.08850766661607,12738455451,2026-09-24 06:44:16.289576,24/09/26,6:44:16
39667,0.09,39.667,90.75553986941286,12738495118,2026-09-24 06:44:55.956576,24/09/26,6:44:55
39422,0.09,39.422,91.31956775404596,12738534540,2026-09-24 06:45:35.378576,24/09/26,6:45:35
39674,0.09,39.674,90.73952714624187,12738574214,2026-09-24 06:46:15.052576,24/09/26,6:46:15
39386,0.09,39.386,91.40303661199411,12738613600,2026-09-24 06:46:54.438576,24/09/26,6:46:54
39038,0.09,39.038,92.21783902863876,12738652638,2026-09-24 06:47:33.476576,24/09/26,6:47:33
39318,0.09,39.318,91.56111704562795,12738691956,2026-09-24 06:48:12.794576,24/09/26,6:48:12
39338,0.09,39.338,91.51456606843256,12738731294,2026-09-24 06:48:52.132576,24/09/26,6:48:52
39597,0.09,39.597,90.91597848321842,12738770891,2026-09-24 06:49:31.729576,24/09/26,6:49:31
40369,0.09,40.369,89.17733904728875,12738811260,2026-09-24 06:50:12.098576,24/09/26,6:50:12
40511,0.09,40.511,88.86475278319469,12738851771,2026-09-24 06:50:52.609576,24/09/26,6:50:52
40663,0.09,40.663,88.53257260900573,12738892434,2026-09-24 06:51:33.272576,24/09/26,6:51:33
40439,0.09,40.439,89.02297287272188,12738932873,2026-09-24 06:52:13.711576,24/09/26,6:52:13
40481,0.09,40.481,88.930609421704,12738973354,2026-09-24 06:52:54.192576,24/09/26,6:52:54
40547,0.09,40.547,88.78585345401633,12739013901,2026-09-24 06:53:34.739576,24/09/26,6:53:34
40398,0.09,40.398,89.11332244170504,12739054299,2026-09-24 06:54:15.137576,24/09/26,6:54:15
40412,0.09,40.412,89.08245075720083,12739094711,2026-09-24 06:54:55.549576,24/09/26,6:54:55
40114,0.09,40.114,89.74422894749962,12739134825,2026-09-24 06:55:35.663576,24/09/26,6:55:35
40650,0.09,40.65,88.56088560885608,12739175475,2026-09-24 06:56:16.313576,24/09/26,6:56:16
40718,0.09,40.718,88.41298688540695,12739216193,2026-09-24 06:56:57.031576,24/09/26,6:56:57
40326,0.09,40.326,89.27242969796161,12739256519,2026-09-24 06:57:37.357576,24/09/26,6:57:37
39240,0.09,39.24,91.74311926605505,12739295759,2026-09-24 06:58:16.597576,24/09/26,6:58:16
39460,0.09,39.46,91.2316269640142,12739335219,2026-09-24 06:58:56.057576,24/09/26,6:58:56
39354,0.09,39.354,91.47735935355999,12739374573,2026-09-24 06:59:35.411576,24/09/26,6:59:35
39682,0.09,39.682,90.7212338087798,12739414255,2026-09-24 07:00:15.093576,24/09/26,7:0:15
39691,0.09,39.691,90.70066261872968,12739453946,2026-09-24 07:00:54.784576,24/09/26,7:0:54
39644,0.09,39.644,90.80819291696095,12739493590,2026-09-24 07:01:34.428576,24/09/26,7:1:34
39691,0.09,39.691,90.70066261872968,12739533281,2026-09-24 07:02:14.119576,24/09/26,7:2:14
39731,0.09,39.731,90.60934786438801,12739573012,2026-09-24 07:02:53.850576,24/09/26,7:2:53
39716,0.09,39.716,90.64356934233055,12739612728,2026-09-24 07:03:33.566576,24/09/26,7:3:33
39779,0.09,39.779,90.50001256944618,12739652507,2026-09-24 07:04:13.345576,24/09/26,7:4:13
39722,0.09,39.722,90.62987764966518,12739692229,2026-09-24 07:04:53.067576,24/09/26,7:4:53
38932,0.09,38.932,92.46892016849893,12739731161,2026-09-24 07:05:31.999576,24/09/26,7:5:31
39401,0.09,39.401,91.36823938478719,12739770562,2026-09-24 07:06:11.400576,24/09/26,7:6:11
39650,0.09,39.65,90.79445145018916,12739810212,2026-09-24 07:06:51.050576,24/09/26,7:6:51
25942,0.14,25.942,138.77110477218412,12739836154,2026-09-24 07:07:16.992576,24/09/26,7:7:16
20888,0.17,20.888,172.34775947912678,12739857042,2026-09-24 07:07:37.880576,24/09/26,7:7:37
20902,0.17,20.902,172.2323222658119,12739877944,2026-09-24 07:07:58.782576,24/09/26,7:7:58
20914,0.17,20.914,172.13349909151765,12739898858,2026-09-24 07:08:19.696576,24/09/26,7:8:19
21086,0.17,21.086,170.72939391065162,12739919944,2026-09-24 07:08:40.782576,24/09/26,7:8:40
21258,0.17,21.258,169.34801016088062,12739941202,2026-09-24 07:09:02.040576,24/09/26,7:9:2
21439,0.17,21.439,167.91827977051167,12739962641,2026-09-24 07:09:23.479576,24/09/26,7:9:23
21425,0.17,21.425,168.02800466744458,12739984066,2026-09-24 07:09:44.904576,24/09/26,7:9:44
21635,0.17,21.635,166.39704183036747,12740005701,2026-09-24 07:10:06.539576,24/09/26,7:10:6
21683,0.17,21.683,166.0286860674261,12740027384,2026-09-24 07:10:28.222576,24/09/26,7:10:28
21758,0.17,21.758,165.45638385881054,12740049142,2026-09-24 07:10:49.980576,24/09/26,7:10:49
21899,0.16,21.899,164.3910680853007,12740071041,2026-09-24 07:11:11.879576,24/09/26,7:11:11
22024,0.16,22.024,163.45804576825282,12740093065,2026-09-24 07:11:33.903576,24/09/26,7:11:33
22061,0.16,22.061,163.1838991886134,12740115126,2026-09-24 07:11:55.964576,24/09/26,7:11:55
22178,0.16,22.178,162.32302281540265,12740137304,2026-09-24 07:12:18.142576,24/09/26,7:12:18
22143,0.16,22.143,162.5795962606693,12740159447,2026-09-24 07:12:40.285576,24/09/26,7:12:40
22262,0.16,22.262,161.71053813673524,12740181709,2026-09-24 07:13:02.547576,24/09/26,7:13:2
22384,0.16,22.384,160.8291636883488,12740204093,2026-09-24 07:13:24.931576,24/09/26,7:13:24
22349,0.16,22.349,161.0810327083986,12740226442,2026-09-24 07:13:47.280576,24/09/26,7:13:47
22453,0.16,22.453,160.3349218367256,12740248895,2026-09-24 07:14:09.733576,24/09/26,7:14:9
22610,0.16,22.61,159.2215833701902,12740271505,2026-09-24 07:14:32.343576,24/09/26,7:14:32
31715,0.11,31.715,113.51095696042881,12740303220,2026-09-24 07:15:04.058576,24/09/26,7:15:4
39656,0.09,39.656,90.78071414161792,12740342876,2026-09-24 07:15:43.714576,24/09/26,7:15:43
40653,0.09,40.653,88.55435023245516,12740383529,2026-09-24 07:16:24.367576,24/09/26,7:16:24
40619,0.09,40.619,88.62847435928998,12740424148,2026-09-24 07:17:04.986576,24/09/26,7:17:4
40534,0.09,40.534,88.81432871169882,12740464682,2026-09-24 07:17:45.520576,24/09/26,7:17:45
40499,0.09,40.499,88.89108373046248,12740505181,2026-09-24 07:18:26.019576,24/09/26,7:18:26
40386,0.09,40.386,89.13980092111127,12740545567,2026-09-24 07:19:06.405576,24/09/26,7:19:6
40637,0.09,40.637,88.58921672367546,12740586204,2026-09-24 07:19:47.042576,24/09/26,7:19:47
40655,0.09,40.655,88.54999385069488,12740626859,2026-09-24 07:20:27.697576,24/09/26,7:20:27
40573,0.09,40.573,88.72895768121657,12740667432,2026-09-24 07:21:08.270576,24/09/26,7:21:8
40460,0.09,40.46,88.97676717745922,12740707892,2026-09-24 07:21:48.730576,24/09/26,7:21:48
40519,0.09,40.519,88.84720748290925,12740748411,2026-09-24 07:22:29.249576,24/09/26,7:22:29
40665,0.09,40.665,88.52821836960531,12740789076,2026-09-24 07:23:09.914576,24/09/26,7:23:9
40637,0.09,40.637,88.58921672367546,12740829713,2026-09-24 07:23:50.551576,24/09/26,7:23:50
40377,0.09,40.377,89.1596701092206,12740870090,2026-09-24 07:24:30.928576,24/09/26,7:24:30
40552,0.09,40.552,88.77490629315447,12740910642,2026-09-24 07:25:11.480576,24/09/26,7:25:11
40550,0.09,40.55,88.77928483353884,12740951192,2026-09-24 07:25:52.030576,24/09/26,7:25:52
40063,0.09,40.063,89.85847290517435,12740991255,2026-09-24 07:26:32.093576,24/09/26,7:26:32
39800,0.09,39.8,90.45226130653266,12741031055,2026-09-24 07:27:11.893576,24/09/26,7:27:11
39498,0.09,39.498,91.14385538508279,12741070553,2026-09-24 07:27:51.391576,24/09/26,7:27:51
38850,0.09,38.85,92.66409266409266,12741109403,2026-09-24 07:28:30.241576,24/09/26,7:28:30
39407,0.09,39.407,91.3543279112848,12741148810,2026-09-24 07:29:09.648576,24/09/26,7:29:9
39560,0.09,39.56,91.0010111223458,12741188370,2026-09-24 07:29:49.208576,24/09/26,7:29:49
39649,0.09,39.649,90.79674140583622,12741228019,2026-09-24 07:30:28.857576,24/09/26,7:30:28
39602,0.09,39.602,90.90449977273875,12741267621,2026-09-24 07:31:08.459576,24/09/26,7:31:8
39646,0.09,39.646,90.8036119658982,12741307267,2026-09-24 07:31:48.105576,24/09/26,7:31:48
39802,0.09,39.802,90.44771619516607,12741347069,2026-09-24 07:32:27.907576,24/09/26,7:32:27
39713,0.09,39.713,90.65041674011029,12741386782,2026-09-24 07:33:07.620576,24/09/26,7:33:7
39741,0.09,39.741,90.5865478976372,12741426523,2026-09-24 07:33:47.361576,24/09/26,7:33:47
40194,0.09,40.194,89.56560680698611,12741466717,2026-09-24 07:34:27.555576,24/09/26,7:34:27
40464,0.09,40.464,88.96797153024912,12741507181,2026-09-24 07:35:08.019576,24/09/26,7:35:8
40487,0.09,40.487,88.91743028626473,12741547668,2026-09-24 07:35:48.506576,24/09/26,7:35:48
40740,0.09,40.74,88.36524300441826,12741588408,2026-09-24 07:36:29.246576,24/09/26,7:36:29
40793,0.09,40.793,88.25043512367318,12741629201,2026-09-24 07:37:10.039576,24/09/26,7:37:10
40723,0.09,40.723,88.40213147361442,12741669924,2026-09-24 07:37:50.762576,24/09/26,7:37:50
40884,0.09,40.884,88.05400645729381,12741710808,2026-09-24 07:38:31.646576,24/09/26,7:38:31
40958,0.09,40.958,87.89491674398164,12741751766,2026-09-24 07:39:12.604576,24/09/26,7:39:12
40958,0.09,40.958,87.89491674398164,12741792724,2026-09-24 07:39:53.562576,24/09/26,7:39:53
40668,0.09,40.668,88.5216878135143,12741833392,2026-09-24 07:40:34.230576,24/09/26,7:40:34
40866,0.09,40.866,88.09279107326384,12741874258,2026-09-24 07:41:15.096576,24/09/26,7:41:15
41137,0.09,41.137,87.51245837080974,12741915395,2026-09-24 07:41:56.233576,24/09/26,7:41:56
41185,0.09,41.185,87.4104649751123,12741956580,2026-09-24 07:42:37.418576,24/09/26,7:42:37
40965,0.09,40.965,87.87989747345294,12741997545,2026-09-24 07:43:18.383576,24/09/26,7:43:18
40888,0.09,40.888,88.04539229113676,12742038433,2026-09-24 07:43:59.271576,24/09/26,7:43:59
41071,0.09,41.071,87.65308855396752,12742079504,2026-09-24 07:44:40.342576,24/09/26,7:44:40
40913,0.09,40.913,87.99159191455038,12742120417,2026-09-24 07:45:21.255576,24/09/26,7:45:21
41010,0.09,41.01,87.78346744696415,12742161427,2026-09-24 07:46:02.265576,24/09/26,7:46:2
40947,0.09,40.947,87.91852882995092,12742202374,2026-09-24 07:46:43.212576,24/09/26,7:46:43
40868,0.09,40.868,88.08847998433983,12742243242,2026-09-24 07:47:24.080576,24/09/26,7:47:24
40910,0.09,40.91,87.99804448790027,12742284152,2026-09-24 07:48:04.990576,24/09/26,7:48:4
40837,0.09,40.837,88.15534931557167,12742324989,2026-09-24 07:48:45.827576,24/09/26,7:48:45
40685,0.09,40.685,88.48469952070788,12742365674,2026-09-24 07:49:26.512576,24/09/26,7:49:26
40976,0.09,40.976,87.8563061304178,12742406650,2026-09-24 07:50:07.488576,24/09/26,7:50:7
41142,0.09,41.142,87.5018229546449,12742447792,2026-09-24 07:50:48.630576,24/09/26,7:50:48
41063,0.09,41.063,87.67016535567299,12742488855,2026-09-24 07:51:29.693576,24/09/26,7:51:29
26445,0.14,26.445,136.13159387407828,12742515300,2026-09-24 07:51:56.138576,24/09/26,7:51:56
21225,0.17,21.225,169.6113074204947,12742536525,2026-09-24 07:52:17.363576,24/09/26,7:52:17
21178,0.17,21.178,169.98772310888657,12742557703,2026-09-24 07:52:38.541576,24/09/26,7:52:38
21234,0.17,21.234,169.53941791466517,12742578937,2026-09-24 07:52:59.775576,24/09/26,7:52:59
21381,0.17,21.381,168.3737898133857,12742600318,2026-09-24 07:53:21.156576,24/09/26,7:53:21
21620,0.17,21.62,166.51248843663274,12742621938,2026-09-24 07:53:42.776576,24/09/26,7:53:42
21738,0.17,21.738,165.60861164780567,12742643676,2026-09-24 07:54:04.514576,24/09/26,7:54:4
21921,0.16,21.921,164.22608457643355,12742665597,2026-09-24 07:54:26.435576,24/09/26,7:54:26
22048,0.16,22.048,163.2801161103048,12742687645,2026-09-24 07:54:48.483576,24/09/26,7:54:48
22164,0.16,22.164,162.42555495397943,12742709809,2026-09-24 07:55:10.647576,24/09/26,7:55:10
22155,0.16,22.155,162.49153689911984,12742731964,2026-09-24 07:55:32.802576,24/09/26,7:55:32
22393,0.16,22.393,160.76452462823204,12742754357,2026-09-24 07:55:55.195576,24/09/26,7:55:55
22414,0.16,22.414,160.61390202551976,12742776771,2026-09-24 07:56:17.609576,24/09/26,7:56:17
22484,0.16,22.484,160.11385874399573,12742799255,2026-09-24 07:56:40.093576,24/09/26,7:56:40
22560,0.16,22.56,159.5744680851064,12742821815,2026-09-24 07:57:02.653576,24/09/26,7:57:2
22011,0.16,22.011,163.55458634319203,12742843826,2026-09-24 07:57:24.664576,24/09/26,7:57:24
22291,0.16,22.291,161.50015701404155,12742866117,2026-09-24 07:57:46.955576,24/09/26,7:57:46
22374,0.16,22.374,160.90104585679808,12742888491,2026-09-24 07:58:09.329576,24/09/26,7:58:9
22425,0.16,22.425,160.5351170568562,12742910916,2026-09-24 07:58:31.754576,24/09/26,7:58:31
22417,0.16,22.417,160.59240754784315,12742933333,2026-09-24 07:58:54.171576,24/09/26,7:58:54
22651,0.16,22.651,158.93338042470532,12742955984,2026-09-24 07:59:16.822576,24/09/26,7:59:16
35811,0.1,35.811,100.52777079668259,12742991795,2026-09-24 07:59:52.633576,24/09/26,7:59:52
39519,0.09,39.519,91.09542245502163,12743031314,2026-09-24 08:00:32.152576,24/09/26,8:0:32
39457,0.09,39.457,91.23856349950579,12743070771,2026-09-24 08:01:11.609576,24/09/26,8:1:11
39686,0.09,39.686,90.71208990576022,12743110457,2026-09-24 08:01:51.295576,24/09/26,8:1:51
39785,0.09,39.785,90.48636420761594,12743150242,2026-09-24 08:02:31.080576,24/09/26,8:2:31
39803,0.09,39.803,90.44544381076803,12743190045,2026-09-24 08:03:10.883576,24/09/26,8:3:10
39651,0.09,39.651,90.79216161004767,12743229696,2026-09-24 08:03:50.534576,24/09/26,8:3:50
39647,0.09,39.647,90.80132166368199,12743269343,2026-09-24 08:04:30.181576,24/09/26,8:4:30
38381,0.09,38.381,93.79640968187384,12743307724,2026-09-24 08:05:08.562576,24/09/26,8:5:8
38012,0.09,38.012,94.7069346522151,12743345736,2026-09-24 08:05:46.574576,24/09/26,8:5:46
38377,0.09,38.377,93.80618599682101,12743384113,2026-09-24 08:06:24.951576,24/09/26,8:6:24
38807,0.09,38.807,92.76676888190275,12743422920,2026-09-24 08:07:03.758576,24/09/26,8:7:3
38907,0.09,38.907,92.52833680314596,12743461827,2026-09-24 08:07:42.665576,24/09/26,8:7:42
38909,0.09,38.909,92.52358066257165,12743500736,2026-09-24 08:08:21.574576,24/09/26,8:8:21
38844,0.09,38.844,92.67840593141798,12743539580,2026-09-24 08:09:00.418576,24/09/26,8:9:0
40204,0.09,40.204,89.54332902198786,12743579784,2026-09-24 08:09:40.622576,24/09/26,8:9:40
40212,0.09,40.212,89.52551477170994,12743619996,2026-09-24 08:10:20.834576,24/09/26,8:10:20
40551,0.09,40.551,88.77709550935859,12743660547,2026-09-24 08:11:01.385576,24/09/26,8:11:1
39901,0.09,39.901,90.22330267411844,12743700448,2026-09-24 08:11:41.286576,24/09/26,8:11:41
39562,0.09,39.562,90.99641069713361,12743740010,2026-09-24 08:12:20.848576,24/09/26,8:12:20
39793,0.09,39.793,90.46817279421003,12743779803,2026-09-24 08:13:00.641576,24/09/26,8:13:0
39943,0.09,39.943,90.12843301704929,12743819746,2026-09-24 08:13:40.584576,24/09/26,8:13:40
40341,0.09,40.341,89.23923551721573,12743860087,2026-09-24 08:14:20.925576,24/09/26,8:14:20
40382,0.09,40.382,89.14863057798028,12743900469,2026-09-24 08:15:01.307576,24/09/26,8:15:1
39954,0.09,39.954,90.10361916203634,12743940423,2026-09-24 08:15:41.261576,24/09/26,8:15:41
40847,0.09,40.847,88.13376747374348,12743981270,2026-09-24 08:16:22.108576,24/09/26,8:16:22
41385,0.09,41.385,86.98803914461762,12744022655,2026-09-24 08:17:03.493576,24/09/26,8:17:3
41372,0.09,41.372,87.01537271584647,12744064027,2026-09-24 08:17:44.865576,24/09/26,8:17:44
41401,0.09,41.401,86.95442139078766,12744105428,2026-09-24 08:18:26.266576,24/09/26,8:18:26
41362,0.09,41.362,87.03641023161356,12744146790,2026-09-24 08:19:07.628576,24/09/26,8:19:7
41149,0.09,41.149,87.48693771416073,12744187939,2026-09-24 08:19:48.777576,24/09/26,8:19:48
41250,0.09,41.25,87.27272727272727,12744229189,2026-09-24 08:20:30.027576,24/09/26,8:20:30
40495,0.09,40.495,88.89986418076306,12744269684,2026-09-24 08:21:10.522576,24/09/26,8:21:10
40539,0.09,40.539,88.80337452823207,12744310223,2026-09-24 08:21:51.061576,24/09/26,8:21:51
39889,0.09,39.889,90.25044498483291,12744350112,2026-09-24 08:22:30.950576,24/09/26,8:22:30
39544,0.09,39.544,91.0378312765527,12744389656,2026-09-24 08:23:10.494576,24/09/26,8:23:10
39798,0.09,39.798,90.45680687471732,12744429454,2026-09-24 08:23:50.292576,24/09/26,8:23:50
39565,0.09,39.565,90.98951093137875,12744469019,2026-09-24 08:24:29.857576,24/09/26,8:24:29
39894,0.09,39.894,90.23913370431644,12744508913,2026-09-24 08:25:09.751576,24/09/26,8:25:9
39744,0.09,39.744,90.57971014492753,12744548657,2026-09-24 08:25:49.495576,24/09/26,8:25:49
40062,0.09,40.062,89.86071589036993,12744588719,2026-09-24 08:26:29.557576,24/09/26,8:26:29
39307,0.09,39.307,91.58674027526904,12744628026,2026-09-24 08:27:08.864576,24/09/26,8:27:8
38793,0.09,38.793,92.80024746732659,12744666819,2026-09-24 08:27:47.657576,24/09/26,8:27:47
38800,0.09,38.8,92.78350515463917,12744705619,2026-09-24 08:28:26.457576,24/09/26,8:28:26
38925,0.09,38.925,92.48554913294798,12744744544,2026-09-24 08:29:05.382576,24/09/26,8:29:5
39119,0.09,39.119,92.02689230297298,12744783663,2026-09-24 08:29:44.501576,24/09/26,8:29:44
39072,0.09,39.072,92.13759213759214,12744822735,2026-09-24 08:30:23.573576,24/09/26,8:30:23
38878,0.09,38.878,92.59735583106126,12744861613,2026-09-24 08:31:02.451576,24/09/26,8:31:2
39140,0.09,39.14,91.97751660705161,12744900753,2026-09-24 08:31:41.591576,24/09/26,8:31:41
39077,0.09,39.077,92.12580290196279,12744939830,2026-09-24 08:32:20.668576,24/09/26,8:32:20
39312,0.09,39.312,91.57509157509158,12744979142,2026-09-24 08:32:59.980576,24/09/26,8:32:59
39256,0.09,39.256,91.70572651314448,12745018398,2026-09-24 08:33:39.236576,24/09/26,8:33:39
39223,0.09,39.223,91.78288249241517,12745057621,2026-09-24 08:34:18.459576,24/09/26,8:34:18
39878,0.09,39.878,90.27533978634837,12745097499,2026-09-24 08:34:58.337576,24/09/26,8:34:58
40039,0.09,40.039,89.91233547291391,12745137538,2026-09-24 08:35:38.376576,24/09/26,8:35:38
34032,0.1,34.032,105.78279266572638,12745171570,2026-09-24 08:36:12.408576,24/09/26,8:36:12
20420,0.18,20.42,176.2977473065622,12745191990,2026-09-24 08:36:32.828576,24/09/26,8:36:32
20950,0.17,20.95,171.83770883054893,12745212940,2026-09-24 08:36:53.778576,24/09/26,8:36:53
20902,0.17,20.902,172.2323222658119,12745233842,2026-09-24 08:37:14.680576,24/09/26,8:37:14
21104,0.17,21.104,170.58377558756635,12745254946,2026-09-24 08:37:35.784576,24/09/26,8:37:35
21243,0.17,21.243,169.46758932354186,12745276189,2026-09-24 08:37:57.027576,24/09/26,8:37:57
21428,0.17,21.428,168.00448011946986,12745297617,2026-09-24 08:38:18.455576,24/09/26,8:38:18
21926,0.16,21.926,164.1886344978564,12745319543,2026-09-24 08:38:40.381576,24/09/26,8:38:40
22081,0.16,22.081,163.03609437978352,12745341624,2026-09-24 08:39:02.462576,24/09/26,8:39:2
22166,0.16,22.166,162.4108995759271,12745363790,2026-09-24 08:39:24.628576,24/09/26,8:39:24
22333,0.16,22.333,161.19643576769803,12745386123,2026-09-24 08:39:46.961576,24/09/26,8:39:46
22399,0.16,22.399,160.7214607794991,12745408522,2026-09-24 08:40:09.360576,24/09/26,8:40:9
22435,0.16,22.435,160.46356139959883,12745430957,2026-09-24 08:40:31.795576,24/09/26,8:40:31
22577,0.16,22.577,159.45431191035124,12745453534,2026-09-24 08:40:54.372576,24/09/26,8:40:54
22660,0.16,22.66,158.8702559576346,12745476194,2026-09-24 08:41:17.032576,24/09/26,8:41:17
22849,0.16,22.849,157.55612937108845,12745499043,2026-09-24 08:41:39.881576,24/09/26,8:41:39
22847,0.16,22.847,157.5699216527334,12745521890,2026-09-24 08:42:02.728576,24/09/26,8:42:2
22899,0.16,22.899,157.21210533211058,12745544789,2026-09-24 08:42:25.627576,24/09/26,8:42:25
22904,0.16,22.904,157.17778553964374,12745567693,2026-09-24 08:42:48.531576,24/09/26,8:42:48
22908,0.16,22.908,157.1503404924044,12745590601,2026-09-24 08:43:11.439576,24/09/26,8:43:11
35020,0.1,35.02,102.79840091376356,12745625621,2026-09-24 08:43:46.459576,24/09/26,8:43:46
40925,0.09,40.925,87.96579108124618,12745666546,2026-09-24 08:44:27.384576,24/09/26,8:44:27
40886,0.09,40.886,88.04969916352786,12745707432,2026-09-24 08:45:08.270576,24/09/26,8:45:8
41412,0.09,41.412,86.93132425383946,12745748844,2026-09-24 08:45:49.682576,24/09/26,8:45:49
41451,0.09,41.451,86.84953318375914,12745790295,2026-09-24 08:46:31.133576,24/09/26,8:46:31
41011,0.09,41.011,87.78132696105922,12745831306,2026-09-24 08:47:12.144576,24/09/26,8:47:12
40695,0.09,40.695,88.46295613711759,12745872001,2026-09-24 08:47:52.839576,24/09/26,8:47:52
41013,0.09,41.013,87.77704630239192,12745913014,2026-09-24 08:48:33.852576,24/09/26,8:48:33
40870,0.09,40.87,88.08416931734769,12745953884,2026-09-24 08:49:14.722576,24/09/26,8:49:14
40923,0.09,40.923,87.97009016934243,12745994807,2026-09-24 08:49:55.645576,24/09/26,8:49:55
40928,0.09,40.928,87.95934323690383,12746035735,2026-09-24 08:50:36.573576,24/09/26,8:50:36
40645,0.09,40.645,88.57178004674621,12746076380,2026-09-24 08:51:17.218576,24/09/26,8:51:17
40811,0.09,40.811,88.2115116022641,12746117191,2026-09-24 08:51:58.029576,24/09/26,8:51:58
40829,0.09,40.829,88.17262240074457,12746158020,2026-09-24 08:52:38.858576,24/09/26,8:52:38
41055,0.09,41.055,87.68724881256851,12746199075,2026-09-24 08:53:19.913576,24/09/26,8:53:19
40999,0.09,40.999,87.8070196834069,12746240074,2026-09-24 08:54:00.912576,24/09/26,8:54:0
41176,0.09,41.176,87.42957062366428,12746281250,2026-09-24 08:54:42.088576,24/09/26,8:54:42
40883,0.09,40.883,88.05616026221168,12746322133,2026-09-24 08:55:22.971576,24/09/26,8:55:22
40999,0.09,40.999,87.8070196834069,12746363132,2026-09-24 08:56:03.970576,24/09/26,8:56:3
40433,0.09,40.433,89.03618331560854,12746403565,2026-09-24 08:56:44.403576,24/09/26,8:56:44
40922,0.09,40.922,87.97223987097405,12746444487,2026-09-24 08:57:25.325576,24/09/26,8:57:25
40929,0.09,40.929,87.95719416550612,12746485416,2026-09-24 08:58:06.254576,24/09/26,8:58:6
40868,0.09,40.868,88.08847998433983,12746526284,2026-09-24 08:58:47.122576,24/09/26,8:58:47
40957,0.09,40.957,87.89706277315233,12746567241,2026-09-24 08:59:28.079576,24/09/26,8:59:28
41096,0.09,41.096,87.59976640062293,12746608337,2026-09-24 09:00:09.175576,24/09/26,9:0:9
41064,0.09,41.064,87.66803039158387,12746649401,2026-09-24 09:00:50.239576,24/09/26,9:0:50
41113,0.09,41.113,87.56354437769076,12746690514,2026-09-24 09:01:31.352576,24/09/26,9:1:31
41320,0.09,41.32,87.12487899322362,12746731834,2026-09-24 09:02:12.672576,24/09/26,9:2:12
41214,0.09,41.214,87.34895909157082,12746773048,2026-09-24 09:02:53.886576,24/09/26,9:2:53
41179,0.09,41.179,87.4232011462153,12746814227,2026-09-24 09:03:35.065576,24/09/26,9:3:35
41163,0.09,41.163,87.45718242110634,12746855390,2026-09-24 09:04:16.228576,24/09/26,9:4:16
39947,0.09,39.947,90.11940821588605,12746895337,2026-09-24 09:04:56.175576,24/09/26,9:4:56
39985,0.09,39.985,90.03376266099788,12746935322,2026-09-24 09:05:36.160576,24/09/26,9:5:36
40313,0.09,40.313,89.30121796938953,12746975635,2026-09-24 09:06:16.473576,24/09/26,9:6:16
40425,0.09,40.425,89.05380333951763,12747016060,2026-09-24 09:06:56.898576,24/09/26,9:6:56
40367,0.09,40.367,89.18175737607451,12747056427,2026-09-24 09:07:37.265576,24/09/26,9:7:37
40279,0.09,40.279,89.37659822736414,12747096706,2026-09-24 09:08:17.544576,24/09/26,9:8:17
40403,0.09,40.403,89.1022943840804,12747137109,2026-09-24 09:08:57.947576,24/09/26,9:8:57
40204,0.09,40.204,89.54332902198786,12747177313,2026-09-24 09:09:38.151576,24/09/26,9:9:38
40142,0.09,40.142,89.68163021274475,12747217455,2026-09-24 09:10:18.293576,24/09/26,9:10:18
40154,0.09,40.154,89.6548289087015,12747257609,2026-09-24 09:10:58.447576,24/09/26,9:10:58
40401,0.09,40.401,89.10670527957228,12747298010,2026-09-24 09:11:38.848576,24/09/26,9:11:38
40406,0.09,40.406,89.09567885957532,12747338416,2026-09-24 09:12:19.254576,24/09/26,9:12:19
40302,0.09,40.302,89.32559178204555,12747378718,2026-09-24 09:12:59.556576,24/09/26,9:12:59
40453,0.09,40.453,88.9921637455813,12747419171,2026-09-24 09:13:40.009576,24/09/26,9:13:40
40213,0.09,40.213,89.52328848879715,12747459384,2026-09-24 09:14:20.222576,24/09/26,9:14:20
39857,0.09,39.857,90.32290438316983,12747499241,2026-09-24 09:15:00.079576,24/09/26,9:15:0
40557,0.09,40.557,88.76396183149642,12747539798,2026-09-24 09:15:40.636576,24/09/26,9:15:40
41209,0.09,41.209,87.35955737824261,12747581007,2026-09-24 09:16:21.845576,24/09/26,9:16:21
41251,0.09,41.251,87.27061162153645,12747622258,2026-09-24 09:17:03.096576,24/09/26,9:17:3
41343,0.09,41.343,87.07640954937958,12747663601,2026-09-24 09:17:44.439576,24/09/26,9:17:44
41176,0.09,41.176,87.42957062366428,12747704777,2026-09-24 09:18:25.615576,24/09/26,9:18:25
41257,0.09,41.257,87.25791986814359,12747746034,2026-09-24 09:19:06.872576,24/09/26,9:19:6
41228,0.09,41.228,87.31929756476181,12747787262,2026-09-24 09:19:48.100576,24/09/26,9:19:48
25517,0.14,25.517,141.08241564447232,12747812779,2026-09-24 09:20:13.617576,24/09/26,9:20:13
21445,0.17,21.445,167.87129867101888,12747834224,2026-09-24 09:20:35.062576,24/09/26,9:20:35
21403,0.17,21.403,168.2007195253002,12747855627,2026-09-24 09:20:56.465576,24/09/26,9:20:56
21299,0.17,21.299,169.02201981313678,12747876926,2026-09-24 09:21:17.764576,24/09/26,9:21:17
21489,0.17,21.489,167.52757224626552,12747898415,2026-09-24 09:21:39.253576,24/09/26,9:21:39
21692,0.17,21.692,165.95980084823898,12747920107,2026-09-24 09:22:00.945576,24/09/26,9:22:0
21882,0.16,21.882,164.51878256100906,12747941989,2026-09-24 09:22:22.827576,24/09/26,9:22:22
21980,0.16,21.98,163.7852593266606,12747963969,2026-09-24 09:22:44.807576,24/09/26,9:22:44
22066,0.16,22.066,163.14692286776037,12747986035,2026-09-24 09:23:06.873576,24/09/26,9:23:6
22172,0.16,22.172,162.36694930543027,12748008207,2026-09-24 09:23:29.045576,24/09/26,9:23:29
21978,0.16,21.978,163.8001638001638,12748030185,2026-09-24 09:23:51.023576,24/09/26,9:23:51
22308,0.16,22.308,161.37708445400753,12748052493,2026-09-24 09:24:13.331576,24/09/26,9:24:13
22310,0.16,22.31,161.36261766024205,12748074803,2026-09-24 09:24:35.641576,24/09/26,9:24:35
22368,0.16,22.368,160.94420600858368,12748097171,2026-09-24 09:24:58.009576,24/09/26,9:24:58
22453,0.16,22.453,160.3349218367256,12748119624,2026-09-24 09:25:20.462576,24/09/26,9:25:20
22642,0.16,22.642,158.99655507464004,12748142266,2026-09-24 09:25:43.104576,24/09/26,9:25:43
22637,0.16,22.637,159.03167380836683,12748164903,2026-09-24 09:26:05.741576,24/09/26,9:26:5
22409,0.16,22.409,160.6497389441742,12748187312,2026-09-24 09:26:28.150576,24/09/26,9:26:28
22566,0.16,22.566,159.53203935123636,12748209878,2026-09-24 09:26:50.716576,24/09/26,9:26:50
23383,0.15,23.383,153.95800367788564,12748233261,2026-09-24 09:27:14.099576,24/09/26,9:27:14
39790,0.09,39.79,90.47499371701433,12748273051,2026-09-24 09:27:53.889576,24/09/26,9:27:53
40060,0.09,40.06,89.86520219670494,12748313111,2026-09-24 09:28:33.949576,24/09/26,9:28:33
40446,0.09,40.446,89.00756564307966,12748353557,2026-09-24 09:29:14.395576,24/09/26,9:29:14
40309,0.09,40.309,89.31007963482101,12748393866,2026-09-24 09:29:54.704576,24/09/26,9:29:54
40363,0.09,40.363,89.19059534722395,12748434229,2026-09-24 09:30:35.067576,24/09/26,9:30:35
40376,0.09,40.376,89.16187834357044,12748474605,2026-09-24 09:31:15.443576,24/09/26,9:31:15
40322,0.09,40.322,89.28128565051337,12748514927,2026-09-24 09:31:55.765576,24/09/26,9:31:55
40302,0.09,40.302,89.32559178204555,12748555229,2026-09-24 09:32:36.067576,24/09/26,9:32:36
40223,0.09,40.223,89.50103174800488,12748595452,2026-09-24 09:33:16.290576,24/09/26,9:33:16
40391,0.09,40.391,89.12876630932634,12748635843,2026-09-24 09:33:56.681576,24/09/26,9:33:56
41106,0.09,41.106,87.57845569989783,12748676949,2026-09-24 09:34:37.787576,24/09/26,9:34:37
41169,0.09,41.169,87.44443634773738,12748718118,2026-09-24 09:35:18.956576,24/09/26,9:35:18
41208,0.09,41.208,87.361677344205,12748759326,2026-09-24 09:36:00.164576,24/09/26,9:36:0
41150,0.09,41.15,87.48481166464155,12748800476,2026-09-24 09:36:41.314576,24/09/26,9:36:41
41129,0.09,41.129,87.52948041527875,12748841605,2026-09-24 09:37:22.443576,24/09/26,9:37:22
41106,0.09,41.106,87.57845569989783,12748882711,2026-09-24 09:38:03.549576,24/09/26,9:38:3
41165,0.09,41.165,87.45293331713835,12748923876,2026-09-24 09:38:44.714576,24/09/26,9:38:44
41207,0.09,41.207,87.3637974130609,12748965083,2026-09-24 09:39:25.921576,24/09/26,9:39:25
41175,0.09,41.175,87.43169398907104,12749006258,2026-09-24 09:40:07.096576,24/09/26,9:40:7
41229,0.09,41.229,87.31717965509714,12749047487,2026-09-24 09:40:48.325576,24/09/26,9:40:48
40904,0.09,40.904,88.01095247408567,12749088391,2026-09-24 09:41:29.229576,24/09/26,9:41:29
40932,0.09,40.932,87.95074758135443,12749129323,2026-09-24 09:42:10.161576,24/09/26,9:42:10
40961,0.09,40.961,87.8884792851737,12749170284,2026-09-24 09:42:51.122576,24/09/26,9:42:51
41091,0.09,41.091,87.61042564065124,12749211375,2026-09-24 09:43:32.213576,24/09/26,9:43:32
41304,0.09,41.304,87.15862870424172,12749252679,2026-09-24 09:44:13.517576,24/09/26,9:44:13
41196,0.09,41.196,87.3871249635887,12749293875,2026-09-24 09:44:54.713576,24/09/26,9:44:54
40806,0.09,40.806,88.2223202470225,12749334681,2026-09-24 09:45:35.519576,24/09/26,9:45:35
41017,0.09,41.017,87.76848623741375,12749375698,2026-09-24 09:46:16.536576,24/09/26,9:46:16
41005,0.09,41.005,87.79417144250701,12749416703,2026-09-24 09:46:57.541576,24/09/26,9:46:57
41020,0.09,41.02,87.76206728425159,12749457723,2026-09-24 09:47:38.561576,24/09/26,9:47:38
41286,0.09,41.286,87.19662839703531,12749499009,2026-09-24 09:48:19.847576,24/09/26,9:48:19
41367,0.09,41.367,87.02589020233519,12749540376,2026-09-24 09:49:01.214576,24/09/26,9:49:1
41287,0.09,41.287,87.19451643374428,12749581663,2026-09-24 09:49:42.501576,24/09/26,9:49:42
41191,0.09,41.191,87.39773251438422,12749622854,2026-09-24 09:50:23.692576,24/09/26,9:50:23
41347,0.09,41.347,87.06798558541128,12749664201,2026-09-24 09:51:05.039576,24/09/26,9:51:5
41185,0.09,41.185,87.4104649751123,12749705386,2026-09-24 09:51:46.224576,24/09/26,9:51:46
40894,0.09,40.894,88.03247420159437,12749746280,2026-09-24 09:52:27.118576,24/09/26,9:52:27
41276,0.09,41.276,87.21775365830023,12749787556,2026-09-24 09:53:08.394576,24/09/26,9:53:8
41204,0.09,41.204,87.37015823706436,12749828760,2026-09-24 09:53:49.598576,24/09/26,9:53:49
41054,0.09,41.054,87.68938471281726,12749869814,2026-09-24 09:54:30.652576,24/09/26,9:54:30
41238,0.09,41.238,87.29812309035356,12749911052,2026-09-24 09:55:11.890576,24/09/26,9:55:11
41268,0.09,41.268,87.23466123873219,12749952320,2026-09-24 09:55:53.158576,24/09/26,9:55:53
41446,0.09,41.446,86.86001061622352,12749993766,2026-09-24 09:56:34.604576,24/09/26,9:56:34
41355,0.09,41.355,87.05114254624591,12750035121,2026-09-24 09:57:15.959576,24/09/26,9:57:15
41198,0.09,41.198,87.382882664207,12750076319,2026-09-24 09:57:57.157576,24/09/26,9:57:57
41387,0.09,41.387,86.98383550390218,12750117706,2026-09-24 09:58:38.544576,24/09/26,9:58:38
41237,0.09,41.237,87.30024007566021,12750158943,2026-09-24 09:59:19.781576,24/09/26,9:59:19
40677,0.09,40.677,88.50210192492072,12750199620,2026-09-24 10:00:00.458576,24/09/26,10:0:0
40645,0.09,40.645,88.57178004674621,12750240265,2026-09-24 10:00:41.103576,24/09/26,10:0:41
40319,0.09,40.319,89.28792876807461,12750280584,2026-09-24 10:01:21.422576,24/09/26,10:1:21
40639,0.09,40.639,88.58485691084918,12750321223,2026-09-24 10:02:02.061576,24/09/26,10:2:2
40739,0.09,40.739,88.36741206215174,12750361962,2026-09-24 10:02:42.800576,24/09/26,10:2:42
40190,0.09,40.19,89.57452102513064,12750402152,2026-09-24 10:03:22.990576,24/09/26,10:3:22
40580,0.09,40.58,88.71365204534253,12750442732,2026-09-24 10:04:03.570576,24/09/26,10:4:3
20674,0.17,20.674,174.1317596981716,12750463406,2026-09-24 10:04:24.244576,24/09/26,10:4:24
20412,0.18,20.412,176.3668430335097,12750483818,2026-09-24 10:04:44.656576,24/09/26,10:4:44
20777,0.17,20.777,173.26851807286903,12750504595,2026-09-24 10:05:05.433576,24/09/26,10:5:5
20836,0.17,20.836,172.77788443079285,12750525431,2026-09-24 10:05:26.269576,24/09/26,10:5:26
21031,0.17,21.031,171.17588322000856,12750546462,2026-09-24 10:05:47.300576,24/09/26,10:5:47
21364,0.17,21.364,168.50777008050926,12750567826,2026-09-24 10:06:08.664576,24/09/26,10:6:8
21549,0.17,21.549,167.06111652512877,12750589375,2026-09-24 10:06:30.213576,24/09/26,10:6:30
21686,0.17,21.686,166.00571797473023,12750611061,2026-09-24 10:06:51.899576,24/09/26,10:6:51
21919,0.16,21.919,164.24106939185182,12750632980,2026-09-24 10:07:13.818576,24/09/26,10:7:13
21912,0.16,21.912,164.29353778751369,12750654892,2026-09-24 10:07:35.730576,24/09/26,10:7:35
21972,0.16,21.972,163.8448935008192,12750676864,2026-09-24 10:07:57.702576,24/09/26,10:7:57
22109,0.16,22.109,162.8296168980958,12750698973,2026-09-24 10:08:19.811576,24/09/26,10:8:19
22187,0.16,22.187,162.25717762653807,12750721160,2026-09-24 10:08:41.998576,24/09/26,10:8:41
22101,0.16,22.101,162.8885570788652,12750743261,2026-09-24 10:09:04.099576,24/09/26,10:9:4
22355,0.16,22.355,161.03779915007829,12750765616,2026-09-24 10:09:26.454576,24/09/26,10:9:26
22411,0.16,22.411,160.63540225781983,12750788027,2026-09-24 10:09:48.865576,24/09/26,10:9:48
22400,0.16,22.4,160.71428571428572,12750810427,2026-09-24 10:10:11.265576,24/09/26,10:10:11
22383,0.16,22.383,160.83634901487736,12750832810,2026-09-24 10:10:33.648576,24/09/26,10:10:33
22426,0.16,22.426,160.52795861945955,12750855236,2026-09-24 10:10:56.074576,24/09/26,10:10:56
22494,0.16,22.494,160.04267804747934,12750877730,2026-09-24 10:11:18.568576,24/09/26,10:11:18
37850,0.09,37.85,95.112285336856,12750915580,2026-09-24 10:11:56.418576,24/09/26,10:11:56
39913,0.09,39.913,90.19617668428833,12750955493,2026-09-24 10:12:36.331576,24/09/26,10:12:36
40101,0.09,40.101,89.77332236103838,12750995594,2026-09-24 10:13:16.432576,24/09/26,10:13:16
40376,0.09,40.376,89.16187834357044,12751035970,2026-09-24 10:13:56.808576,24/09/26,10:13:56
40353,0.09,40.353,89.21269794067355,12751076323,2026-09-24 10:14:37.161576,24/09/26,10:14:37
41051,0.09,41.051,87.69579303792842,12751117374,2026-09-24 10:15:18.212576,24/09/26,10:15:18
41317,0.09,41.317,87.13120507297238,12751158691,2026-09-24 10:15:59.529576,24/09/26,10:15:59
41270,0.09,41.27,87.23043372910104,12751199961,2026-09-24 10:16:40.799576,24/09/26,10:16:40
41578,0.09,41.578,86.58425128673818,12751241539,2026-09-24 10:17:22.377576,24/09/26,10:17:22
41182,0.09,41.182,87.41683259676557,12751282721,2026-09-24 10:18:03.559576,24/09/26,10:18:3
41423,0.09,41.423,86.90823938391715,12751324144,2026-09-24 10:18:44.982576,24/09/26,10:18:44
41271,0.09,41.271,87.22832012793486,12751365415,2026-09-24 10:19:26.253576,24/09/26,10:19:26
41538,0.09,41.538,86.66762964032934,12751406953,2026-09-24 10:20:07.791576,24/09/26,10:20:7
41509,0.09,41.509,86.72817943096678,12751448462,2026-09-24 10:20:49.300576,24/09/26,10:20:49
40461,0.09,40.461,88.97456810261734,12751488923,2026-09-24 10:21:29.761576,24/09/26,10:21:29
40214,0.09,40.214,89.52106231660616,12751529137,2026-09-24 10:22:09.975576,24/09/26,10:22:9
40073,0.09,40.073,89.8360492101914,12751569210,2026-09-24 10:22:50.048576,24/09/26,10:22:50
39865,0.09,39.865,90.30477862786906,12751609075,2026-09-24 10:23:29.913576,24/09/26,10:23:29
39601,0.09,39.601,90.9067952829474,12751648676,2026-09-24 10:24:09.514576,24/09/26,10:24:9
39423,0.09,39.423,91.31725135073434,12751688099,2026-09-24 10:24:48.937576,24/09/26,10:24:48
39671,0.09,39.671,90.74638904993571,12751727770,2026-09-24 10:25:28.608576,24/09/26,10:25:28
39645,0.09,39.645,90.80590238365494,12751767415,2026-09-24 10:26:08.253576,24/09/26,10:26:8
39125,0.09,39.125,92.01277955271566,12751806540,2026-09-24 10:26:47.378576,24/09/26,10:26:47
39281,0.09,39.281,91.64736131972201,12751845821,2026-09-24 10:27:26.659576,24/09/26,10:27:26
38982,0.09,38.982,92.35031553024473,12751884803,2026-09-24 10:28:05.641576,24/09/26,10:28:5
38175,0.09,38.175,94.30255402750491,12751922978,2026-09-24 10:28:43.816576,24/09/26,10:28:43
38147,0.09,38.147,94.37177235431358,12751961125,2026-09-24 10:29:21.963576,24/09/26,10:29:21
38271,0.09,38.271,94.06600297875676,12751999396,2026-09-24 10:30:00.234576,24/09/26,10:30:0
38297,0.09,38.297,94.00214115988197,12752037693,2026-09-24 10:30:38.531576,24/09/26,10:30:38
38370,0.09,38.37,93.82329945269743,12752076063,2026-09-24 10:31:16.901576,24/09/26,10:31:16
38029,0.09,38.029,94.66459806989403,12752114092,2026-09-24 10:31:54.930576,24/09/26,10:31:54
37345,0.1,37.345,96.39844691391083,12752151437,2026-09-24 10:32:32.275576,24/09/26,10:32:32
38915,0.09,38.915,92.5093151740974,12752190352,2026-09-24 10:33:11.190576,24/09/26,10:33:11
39913,0.09,39.913,90.19617668428833,12752230265,2026-09-24 10:33:51.103576,24/09/26,10:33:51
40292,0.09,40.292,89.34776134220192,12752270557,2026-09-24 10:34:31.395576,24/09/26,10:34:31
40946,0.09,40.946,87.92067601230889,12752311503,2026-09-24 10:35:12.341576,24/09/26,10:35:12
40232,0.09,40.232,89.48101014118114,12752351735,2026-09-24 10:35:52.573576,24/09/26,10:35:52
40138,0.09,40.138,89.69056754198017,12752391873,2026-09-24 10:36:32.711576,24/09/26,10:36:32
40254,0.09,40.254,89.43210612609927,12752432127,2026-09-24 10:37:12.965576,24/09/26,10:37:12
39997,0.09,39.997,90.00675050628797,12752472124,2026-09-24 10:37:52.962576,24/09/26,10:37:52
40062,0.09,40.062,89.86071589036993,12752512186,2026-09-24 10:38:33.024576,24/09/26,10:38:33
40382,0.09,40.382,89.14863057798028,12752552568,2026-09-24 10:39:13.406576,24/09/26,10:39:13
40211,0.09,40.211,89.52774116535277,12752592779,2026-09-24 10:39:53.617576,24/09/26,10:39:53
40391,0.09,40.391,89.12876630932634,12752633170,2026-09-24 10:40:34.008576,24/09/26,10:40:34
39658,0.09,39.658,90.7761359624792,12752672828,2026-09-24 10:41:13.666576,24/09/26,10:41:13
39766,0.09,39.766,90.52959814917266,12752712594,2026-09-24 10:41:53.432576,24/09/26,10:41:53
39956,0.09,39.956,90.09910901992191,12752752550,2026-09-24 10:42:33.388576,24/09/26,10:42:33
40167,0.09,40.167,89.62581223392337,12752792717,2026-09-24 10:43:13.555576,24/09/26,10:43:13
40108,0.09,40.108,89.7576543333001,12752832825,2026-09-24 10:43:53.663576,24/09/26,10:43:53
39933,0.09,39.933,90.15100292990759,12752872758,2026-09-24 10:44:33.596576,24/09/26,10:44:33
40222,0.09,40.222,89.50325692407141,12752912980,2026-09-24 10:45:13.818576,24/09/26,10:45:13
40591,0.09,40.591,88.68961099751176,12752953571,2026-09-24 10:45:54.409576,24/09/26,10:45:54
40306,0.09,40.306,89.31672703815809,12752993877,2026-09-24 10:46:34.715576,24/09/26,10:46:34
40126,0.09,40.126,89.71739022080446,12753034003,2026-09-24 10:47:14.841576,24/09/26,10:47:14
39917,0.09,39.917,90.1871383119974,12753073920,2026-09-24 10:47:54.758576,24/09/26,10:47:54
21441,0.17,21.441,167.90261648244018,12753095361,2026-09-24 10:48:16.199576,24/09/26,10:48:16
21178,0.17,21.178,169.98772310888657,12753116539,2026-09-24 10:48:37.377576,24/09/26,10:48:37
20962,0.17,20.962,171.73933784944185,12753137501,2026-09-24 10:48:58.339576,24/09/26,10:48:58
21132,0.17,21.132,170.35775127768312,12753158633,2026-09-24 10:49:19.471576,24/09/26,10:49:19
21356,0.17,21.356,168.57089342573516,12753179989,2026-09-24 10:49:40.827576,24/09/26,10:49:40
21612,0.17,21.612,166.5741254858412,12753201601,2026-09-24 10:50:02.439576,24/09/26,10:50:2
21642,0.17,21.642,166.3432215137233,12753223243,2026-09-24 10:50:24.081576,24/09/26,10:50:24
21719,0.17,21.719,165.75348772963764,12753244962,2026-09-24 10:50:45.800576,24/09/26,10:50:45
21888,0.16,21.888,164.47368421052633,12753266850,2026-09-24 10:51:07.688576,24/09/26,10:51:7
21941,0.16,21.941,164.07638667335127,12753288791,2026-09-24 10:51:29.629576,24/09/26,10:51:29
22410,0.16,22.41,160.6425702811245,12753311201,2026-09-24 10:51:52.039576,24/09/26,10:51:52
22465,0.16,22.465,160.24927665257067,12753333666,2026-09-24 10:52:14.504576,24/09/26,10:52:14
22575,0.16,22.575,159.468438538206,12753356241,2026-09-24 10:52:37.079576,24/09/26,10:52:37
22633,0.16,22.633,159.05977996730437,12753378874,2026-09-24 10:52:59.712576,24/09/26,10:52:59
22734,0.16,22.734,158.3531274742676,12753401608,2026-09-24 10:53:22.446576,24/09/26,10:53:22
22870,0.16,22.87,157.41145605596853,12753424478,2026-09-24 10:53:45.316576,24/09/26,10:53:45
22895,0.16,22.895,157.239571958943,12753447373,2026-09-24 10:54:08.211576,24/09/26,10:54:8
22982,0.16,22.982,156.64433034548776,12753470355,2026-09-24 10:54:31.193576,24/09/26,10:54:31
23117,0.16,23.117,155.72954968205218,12753493472,2026-09-24 10:54:54.310576,24/09/26,10:54:54
23252,0.15,23.252,154.82539136418373,12753516724,2026-09-24 10:55:17.562576,24/09/26,10:55:17
30777,0.12,30.777,116.97046495759821,12753547501,2026-09-24 10:55:48.339576,24/09/26,10:55:48
41573,0.09,41.573,86.59466480648499,12753589074,2026-09-24 10:56:29.912576,24/09/26,10:56:29
41679,0.09,41.679,86.37443316778234,12753630753,2026-09-24 10:57:11.591576,24/09/26,10:57:11
41645,0.09,41.645,86.44495137471485,12753672398,2026-09-24 10:57:53.236576,24/09/26,10:57:53
41798,0.09,41.798,86.12852289583233,12753714196,2026-09-24 10:58:35.034576,24/09/26,10:58:35
41592,0.09,41.592,86.55510675129833,12753755788,2026-09-24 10:59:16.626576,24/09/26,10:59:16
30645,0.12,30.645,117.47430249632893,12753786433,2026-09-24 10:59:47.271576,24/09/26,10:59:47
2802,1.28,2.802,1284.796573875803,12753789235,2026-09-24 10:59:50.073576,24/09/26,10:59:50
1537,2.34,1.537,2342.225113858165,12753790772,2026-09-24 10:59:51.610576,24/09/26,10:59:51
1535,2.35,1.535,2345.2768729641693,12753792307,2026-09-24 10:59:53.145576,24/09/26,10:59:53
1544,2.33,1.544,2331.60621761658,12753793851,2026-09-24 10:59:54.689576,24/09/26,10:59:54
1541,2.34,1.541,2336.145360155743,12753795392,2026-09-24 10:59:56.230576,24/09/26,10:59:56
1551,2.32,1.551,2321.0831721470017,12753796943,2026-09-24 10:59:57.781576,24/09/26,10:59:57
1548,2.33,1.548,2325.5813953488373,12753798491,2026-09-24 10:59:59.329576,24/09/26,10:59:59
1558,2.31,1.558,2310.6546854942235,12753800049,2026-09-24 11:00:00.887576,24/09/26,11:0:0
1554,2.32,1.554,2316.6023166023165,12753801603,2026-09-24 11:00:02.441576,24/09/26,11:0:2
1555,2.32,1.555,2315.112540192926,12753803158,2026-09-24 11:00:03.996576,24/09/26,11:0:3
1557,2.31,1.557,2312.1387283236995,12753804715,2026-09-24 11:00:05.553576,24/09/26,11:0:5
1561,2.31,1.561,2306.2139654067905,12753806276,2026-09-24 11:00:07.114576,24/09/26,11:0:7
1557,2.31,1.557,2312.1387283236995,12753807833,2026-09-24 11:00:08.671576,24/09/26,11:0:8
1558,2.31,1.558,2310.6546854942235,12753809391,2026-09-24 11:00:10.229576,24/09/26,11:0:10
1561,2.31,1.561,2306.2139654067905,12753810952,2026-09-24 11:00:11.790576,24/09/26,11:0:11
1556,2.31,1.556,2313.624678663239,12753812508,2026-09-24 11:00:13.346576,24/09/26,11:0:13
1558,2.31,1.558,2310.6546854942235,12753814066,2026-09-24 11:00:14.904576,24/09/26,11:0:14
1559,2.31,1.559,2309.1725465041695,12753815625,2026-09-24 11:00:16.463576,24/09/26,11:0:16
1559,2.31,1.559,2309.1725465041695,12753817184,2026-09-24 11:00:18.022576,24/09/26,11:0:18
1553,2.32,1.553,2318.09401159047,12753818737,2026-09-24 11:00:19.575576,24/09/26,11:0:19
1560,2.31,1.56,2307.6923076923076,12753820297,2026-09-24 11:00:21.135576,24/09/26,11:0:21
1557,2.31,1.557,2312.1387283236995,12753821854,2026-09-24 11:00:22.692576,24/09/26,11:0:22
1561,2.31,1.561,2306.2139654067905,12753823415,2026-09-24 11:00:24.253576,24/09/26,11:0:24
1558,2.31,1.558,2310.6546854942235,12753824973,2026-09-24 11:00:25.811576,24/09/26,11:0:25
1562,2.3,1.562,2304.7375160051215,12753826535,2026-09-24 11:00:27.373576,24/09/26,11:0:27
1555,2.32,1.555,2315.112540192926,12753828090,2026-09-24 11:00:28.928576,24/09/26,11:0:28
1559,2.31,1.559,2309.1725465041695,12753829649,2026-09-24 11:00:30.487576,24/09/26,11:0:30
1559,2.31,1.559,2309.1725465041695,12753831208,2026-09-24 11:00:32.046576,24/09/26,11:0:32
1559,2.31,1.559,2309.1725465041695,12753832767,2026-09-24 11:00:33.605576,24/09/26,11:0:33
1562,2.3,1.562,2304.7375160051215,12753834329,2026-09-24 11:00:35.167576,24/09/26,11:0:35
1558,2.31,1.558,2310.6546854942235,12753835887,2026-09-24 11:00:36.725576,24/09/26,11:0:36
1561,2.31,1.561,2306.2139654067905,12753837448,2026-09-24 11:00:38.286576,24/09/26,11:0:38
1559,2.31,1.559,2309.1725465041695,12753839007,2026-09-24 11:00:39.845576,24/09/26,11:0:39
1557,2.31,1.557,2312.1387283236995,12753840564,2026-09-24 11:00:41.402576,24/09/26,11:0:41
1558,2.31,1.558,2310.6546854942235,12753842122,2026-09-24 11:00:42.960576,24/09/26,11:0:42
1563,2.3,1.563,2303.2629558541266,12753843685,2026-09-24 11:00:44.523576,24/09/26,11:0:44
1561,2.31,1.561,2306.2139654067905,12753845246,2026-09-24 11:00:46.084576,24/09/26,11:0:46
1563,2.3,1.563,2303.2629558541266,12753846809,2026-09-24 11:00:47.647576,24/09/26,11:0:47
1558,2.31,1.558,2310.6546854942235,12753848367,2026-09-24 11:00:49.205576,24/09/26,11:0:49
1563,2.3,1.563,2303.2629558541266,12753849930,2026-09-24 11:00:50.768576,24/09/26,11:0:50
1561,2.31,1.561,2306.2139654067905,12753851491,2026-09-24 11:00:52.329576,24/09/26,11:0:52
1557,2.31,1.557,2312.1387283236995,12753853048,2026-09-24 11:00:53.886576,24/09/26,11:0:53
1557,2.31,1.557,2312.1387283236995,12753854605,2026-09-24 11:00:55.443576,24/09/26,11:0:55
1558,2.31,1.558,2310.6546854942235,12753856163,2026-09-24 11:00:57.001576,24/09/26,11:0:57
1554,2.32,1.554,2316.6023166023165,12753857717,2026-09-24 11:00:58.555576,24/09/26,11:0:58
1552,2.32,1.552,2319.5876288659792,12753859269,2026-09-24 11:01:00.107576,24/09/26,11:1:0
1553,2.32,1.553,2318.09401159047,12753860822,2026-09-24 11:01:01.660576,24/09/26,11:1:1
1578,2.28,1.578,2281.3688212927755,12753862400,2026-09-24 11:01:03.238576,24/09/26,11:1:3
15581,0.23,15.581,231.0506385982928,12753877981,2026-09-24 11:01:18.819576,24/09/26,11:1:18
27404,0.13,27.404,131.36768354984673,12753905385,2026-09-24 11:01:46.223576,24/09/26,11:1:46
27490,0.13,27.49,130.956711531466,12753932875,2026-09-24 11:02:13.713576,24/09/26,11:2:13
27857,0.13,27.857,129.2314319560613,12753960732,2026-09-24 11:02:41.570576,24/09/26,11:2:41
28142,0.13,28.142,127.92267784805628,12753988874,2026-09-24 11:03:09.712576,24/09/26,11:3:9
27892,0.13,27.892,129.06926717338305,12754016766,2026-09-24 11:03:37.604576,24/09/26,11:3:37
27929,0.13,27.929,128.8982777757886,12754044695,2026-09-24 11:04:05.533576,24/09/26,11:4:5
27594,0.13,27.594,130.4631441617743,12754072289,2026-09-24 11:04:33.127576,24/09/26,11:4:33
27771,0.13,27.771,129.63163011774873,12754100060,2026-09-24 11:05:00.898576,24/09/26,11:5:0
27712,0.13,27.712,129.90762124711316,12754127772,2026-09-24 11:05:28.610576,24/09/26,11:5:28
27678,0.13,27.678,130.06720138738348,12754155450,2026-09-24 11:05:56.288576,24/09/26,11:5:56
27653,0.13,27.653,130.184790077026,12754183103,2026-09-24 11:06:23.941576,24/09/26,11:6:23
27397,0.13,27.397,131.40124831185895,12754210500,2026-09-24 11:06:51.338576,24/09/26,11:6:51
27787,0.13,27.787,129.55698708028933,12754238287,2026-09-24 11:07:19.125576,24/09/26,11:7:19
27651,0.13,27.651,130.19420635781708,12754265938,2026-09-24 11:07:46.776576,24/09/26,11:7:46
27892,0.13,27.892,129.06926717338305,12754293830,2026-09-24 11:08:14.668576,24/09/26,11:8:14
27836,0.13,27.836,129.32892656990947,12754321666,2026-09-24 11:08:42.504576,24/09/26,11:8:42
27799,0.13,27.799,129.5010611892514,12754349465,2026-09-24 11:09:10.303576,24/09/26,11:9:10
27748,0.13,27.748,129.73908029407525,12754377213,2026-09-24 11:09:38.051576,24/09/26,11:9:38
27831,0.13,27.831,129.3521612590277,12754405044,2026-09-24 11:10:05.882576,24/09/26,11:10:5
27651,0.13,27.651,130.19420635781708,12754432695,2026-09-24 11:10:33.533576,24/09/26,11:10:33
27457,0.13,27.457,131.11410569253744,12754460152,2026-09-24 11:11:00.990576,24/09/26,11:11:0
27727,0.13,27.727,129.83734266238685,12754487879,2026-09-24 11:11:28.717576,24/09/26,11:11:28
27578,0.13,27.578,130.5388353035028,12754515457,2026-09-24 11:11:56.295576,24/09/26,11:11:56
27616,0.13,27.616,130.35921205098492,12754543073,2026-09-24 11:12:23.911576,24/09/26,11:12:23
27534,0.13,27.534,130.74743952930922,12754570607,2026-09-24 11:12:51.445576,24/09/26,11:12:51
27548,0.13,27.548,130.68099317554814,12754598155,2026-09-24 11:13:18.993576,24/09/26,11:13:18
27746,0.13,27.746,129.74843220644416,12754625901,2026-09-24 11:13:46.739576,24/09/26,11:13:46
27896,0.13,27.896,129.05075996558645,12754653797,2026-09-24 11:14:14.635576,24/09/26,11:14:14
27669,0.13,27.669,130.10950883660414,12754681466,2026-09-24 11:14:42.304576,24/09/26,11:14:42
28229,0.13,28.229,127.52842821212228,12754709695,2026-09-24 11:15:10.533576,24/09/26,11:15:10
28222,0.13,28.222,127.56005952802778,12754737917,2026-09-24 11:15:38.755576,24/09/26,11:15:38
28225,0.13,28.225,127.5465013286094,12754766142,2026-09-24 11:16:06.980576,24/09/26,11:16:6
28091,0.13,28.091,128.15492506496741,12754794233,2026-09-24 11:16:35.071576,24/09/26,11:16:35
28134,0.13,28.134,127.95905310300704,12754822367,2026-09-24 11:17:03.205576,24/09/26,11:17:3
28103,0.13,28.103,128.10020282532113,12754850470,2026-09-24 11:17:31.308576,24/09/26,11:17:31
28095,0.13,28.095,128.13667912439936,12754878565,2026-09-24 11:17:59.403576,24/09/26,11:17:59
27700,0.13,27.7,129.9638989169675,12754906265,2026-09-24 11:18:27.103576,24/09/26,11:18:27
27504,0.13,27.504,130.89005235602093,12754933769,2026-09-24 11:18:54.607576,24/09/26,11:18:54
27660,0.13,27.66,130.1518438177874,12754961429,2026-09-24 11:19:22.267576,24/09/26,11:19:22
27442,0.13,27.442,131.1857736316595,12754988871,2026-09-24 11:19:49.709576,24/09/26,11:19:49
27332,0.13,27.332,131.71374213376262,12755016203,2026-09-24 11:20:17.041576,24/09/26,11:20:17
27297,0.13,27.297,131.88262446422684,12755043500,2026-09-24 11:20:44.338576,24/09/26,11:20:44
27414,0.13,27.414,131.31976362442546,12755070914,2026-09-24 11:21:11.752576,24/09/26,11:21:11
27314,0.13,27.314,131.80054184667205,12755098228,2026-09-24 11:21:39.066576,24/09/26,11:21:39
27483,0.13,27.483,130.9900665866172,12755125711,2026-09-24 11:22:06.549576,24/09/26,11:22:6
27581,0.13,27.581,130.52463652514413,12755153292,2026-09-24 11:22:34.130576,24/09/26,11:22:34
27458,0.13,27.458,131.1093306140287,12755180750,2026-09-24 11:23:01.588576,24/09/26,11:23:1
27711,0.13,27.711,129.91230919129586,12755208461,2026-09-24 11:23:29.299576,24/09/26,11:23:29
27520,0.13,27.52,130.8139534883721,12755235981,2026-09-24 11:23:56.819576,24/09/26,11:23:56
27805,0.13,27.805,129.47311634598094,12755263786,2026-09-24 11:24:24.624576,24/09/26,11:24:24
27708,0.13,27.708,129.926375054136,12755291494,2026-09-24 11:24:52.332576,24/09/26,11:24:52
27583,0.13,27.583,130.5151723887902,12755319077,2026-09-24 11:25:19.915576,24/09/26,11:25:19
27883,0.13,27.883,129.11092780547287,12755346960,2026-09-24 11:25:47.798576,24/09/26,11:25:47
27564,0.13,27.564,130.605137135394,12755374524,2026-09-24 11:26:15.362576,24/09/26,11:26:15
27083,0.13,27.083,132.92471291954362,12755401607,2026-09-24 11:26:42.445576,24/09/26,11:26:42
20272,0.18,20.272,177.5848460931334,12755421879,2026-09-24 11:27:02.717576,24/09/26,11:27:2
17038,0.21,17.038,211.29240521187933,12755438917,2026-09-24 11:27:19.755576,24/09/26,11:27:19
16896,0.21,16.896,213.0681818181818,12755455813,2026-09-24 11:27:36.651576,24/09/26,11:27:36
16912,0.21,16.912,212.86660359508042,12755472725,2026-09-24 11:27:53.563576,24/09/26,11:27:53
16576,0.22,16.576,217.18146718146718,12755489301,2026-09-24 11:28:10.139576,24/09/26,11:28:10
16736,0.22,16.736,215.10516252390056,12755506037,2026-09-24 11:28:26.875576,24/09/26,11:28:26
16797,0.21,16.797,214.3239864261475,12755522834,2026-09-24 11:28:43.672576,24/09/26,11:28:43
16847,0.21,16.847,213.68789695494746,12755539681,2026-09-24 11:29:00.519576,24/09/26,11:29:0
16912,0.21,16.912,212.86660359508042,12755556593,2026-09-24 11:29:17.431576,24/09/26,11:29:17
17036,0.21,17.036,211.3172106128199,12755573629,2026-09-24 11:29:34.467576,24/09/26,11:29:34
17235,0.21,17.235,208.87728459530027,12755590864,2026-09-24 11:29:51.702576,24/09/26,11:29:51
17059,0.21,17.059,211.03229966586554,12755607923,2026-09-24 11:30:08.761576,24/09/26,11:30:8
17210,0.21,17.21,209.1807088901801,12755625133,2026-09-24 11:30:25.971576,24/09/26,11:30:25
17145,0.21,17.145,209.9737532808399,12755642278,2026-09-24 11:30:43.116576,24/09/26,11:30:43
17359,0.21,17.359,207.38521804251397,12755659637,2026-09-24 11:31:00.475576,24/09/26,11:31:0
17391,0.21,17.391,207.00362256339486,12755677028,2026-09-24 11:31:17.866576,24/09/26,11:31:17
17501,0.2,17.501,205.70253128392665,12755694529,2026-09-24 11:31:35.367576,24/09/26,11:31:35
17472,0.21,17.472,206.04395604395606,12755712001,2026-09-24 11:31:52.839576,24/09/26,11:31:52
17218,0.21,17.218,209.08351724939018,12755729219,2026-09-24 11:32:10.057576,24/09/26,11:32:10
17398,0.21,17.398,206.92033567076675,12755746617,2026-09-24 11:32:27.455576,24/09/26,11:32:27
17449,0.21,17.449,206.3155481689495,12755764066,2026-09-24 11:32:44.904576,24/09/26,11:32:44
17522,0.2,17.522,205.45599817372445,12755781588,2026-09-24 11:33:02.426576,24/09/26,11:33:2
17613,0.2,17.613,204.39448134900357,12755799201,2026-09-24 11:33:20.039576,24/09/26,11:33:20
17766,0.2,17.766,202.63424518743668,12755816967,2026-09-24 11:33:37.805576,24/09/26,11:33:37
17821,0.2,17.821,202.008865944672,12755834788,2026-09-24 11:33:55.626576,24/09/26,11:33:55
17666,0.2,17.666,203.78127476508547,12755852454,2026-09-24 11:34:13.292576,24/09/26,11:34:13
17765,0.2,17.765,202.64565156206024,12755870219,2026-09-24 11:34:31.057576,24/09/26,11:34:31
26529,0.14,26.529,135.70055411059596,12755896748,2026-09-24 11:34:57.586576,24/09/26,11:34:57
26838,0.13,26.838,134.1381623071764,12755923586,2026-09-24 11:35:24.424576,24/09/26,11:35:24
26805,0.13,26.805,134.30330162283155,12755950391,2026-09-24 11:35:51.229576,24/09/26,11:35:51
26819,0.13,26.819,134.2331928856408,12755977210,2026-09-24 11:36:18.048576,24/09/26,11:36:18
27116,0.13,27.116,132.76294438707774,12756004326,2026-09-24 11:36:45.164576,24/09/26,11:36:45
26921,0.13,26.921,133.72460161212436,12756031247,2026-09-24 11:37:12.085576,24/09/26,11:37:12
27818,0.13,27.818,129.41261053993816,12756059065,2026-09-24 11:37:39.903576,24/09/26,11:37:39
27315,0.13,27.315,131.79571663920922,12756086380,2026-09-24 11:38:07.218576,24/09/26,11:38:7
27478,0.13,27.478,131.01390203071549,12756113858,2026-09-24 11:38:34.696576,24/09/26,11:38:34
27402,0.13,27.402,131.37727173199036,12756141260,2026-09-24 11:39:02.098576,24/09/26,11:39:2
28680,0.12,28.68,125.52301255230125,12756169940,2026-09-24 11:39:30.778576,24/09/26,11:39:30
28654,0.12,28.654,125.63690933203043,12756198594,2026-09-24 11:39:59.432576,24/09/26,11:39:59
28044,0.13,28.044,128.36970474967907,12756226638,2026-09-24 11:40:27.476576,24/09/26,11:40:27
28360,0.13,28.36,126.93935119887165,12756254998,2026-09-24 11:40:55.836576,24/09/26,11:40:55
28574,0.12,28.574,125.98866102050816,12756283572,2026-09-24 11:41:24.410576,24/09/26,11:41:24
28348,0.13,28.348,126.99308593198815,12756311920,2026-09-24 11:41:52.758576,24/09/26,11:41:52
28358,0.13,28.358,126.94830382960717,12756340278,2026-09-24 11:42:21.116576,24/09/26,11:42:21
28497,0.13,28.497,126.32908727234445,12756368775,2026-09-24 11:42:49.613576,24/09/26,11:42:49
28467,0.13,28.467,126.46221941195068,12756397242,2026-09-24 11:43:18.080576,24/09/26,11:43:18
28117,0.13,28.117,128.0364192481417,12756425359,2026-09-24 11:43:46.197576,24/09/26,11:43:46
27858,0.13,27.858,129.22679302175317,12756453217,2026-09-24 11:44:14.055576,24/09/26,11:44:14
27809,0.13,27.809,129.45449314969974,12756481026,2026-09-24 11:44:41.864576,24/09/26,11:44:41
28415,0.13,28.415,126.69364772127398,12756509441,2026-09-24 11:45:10.279576,24/09/26,11:45:10
28027,0.13,28.027,128.44756841617013,12756537468,2026-09-24 11:45:38.306576,24/09/26,11:45:38
28489,0.13,28.489,126.36456176067956,12756565957,2026-09-24 11:46:06.795576,24/09/26,11:46:6
28675,0.12,28.675,125.54489973844812,12756594632,2026-09-24 11:46:35.470576,24/09/26,11:46:35
28329,0.13,28.329,127.07825902785132,12756622961,2026-09-24 11:47:03.799576,24/09/26,11:47:3
28489,0.13,28.489,126.36456176067956,12756651450,2026-09-24 11:47:32.288576,24/09/26,11:47:32
28067,0.13,28.067,128.264509922685,12756679517,2026-09-24 11:48:00.355576,24/09/26,11:48:0
27946,0.13,27.946,128.81986688613756,12756707463,2026-09-24 11:48:28.301576,24/09/26,11:48:28
27865,0.13,27.865,129.19432980441414,12756735328,2026-09-24 11:48:56.166576,24/09/26,11:48:56
28390,0.13,28.39,126.80521310320536,12756763718,2026-09-24 11:49:24.556576,24/09/26,11:49:24
28105,0.13,28.105,128.09108699519658,12756791823,2026-09-24 11:49:52.661576,24/09/26,11:49:52
28602,0.12,28.602,125.86532410320956,12756820425,2026-09-24 11:50:21.263576,24/09/26,11:50:21
28049,0.13,28.049,128.34682163356982,12756848474,2026-09-24 11:50:49.312576,24/09/26,11:50:49
29151,0.12,29.151,123.4949058351343,12756877625,2026-09-24 11:51:18.463576,24/09/26,11:51:18
27839,0.13,27.839,129.3149897625633,12756905464,2026-09-24 11:51:46.302576,24/09/26,11:51:46
27780,0.13,27.78,129.58963282937364,12756933244,2026-09-24 11:52:14.082576,24/09/26,11:52:14
28105,0.13,28.105,128.09108699519658,12756961349,2026-09-24 11:52:42.187576,24/09/26,11:52:42
28277,0.13,28.277,127.31194964105103,12756989626,2026-09-24 11:53:10.464576,24/09/26,11:53:10
28121,0.13,28.121,128.01820703388927,12757017747,2026-09-24 11:53:38.585576,24/09/26,11:53:38
28233,0.13,28.233,127.51036021676761,12757045980,2026-09-24 11:54:06.818576,24/09/26,11:54:6
28022,0.13,28.022,128.47048747412748,12757074002,2026-09-24 11:54:34.840576,24/09/26,11:54:34
28154,0.13,28.154,127.86815372593593,12757102156,2026-09-24 11:55:02.994576,24/09/26,11:55:2
28413,0.13,28.413,126.70256572695597,12757130569,2026-09-24 11:55:31.407576,24/09/26,11:55:31
28036,0.13,28.036,128.4063347125125,12757158605,2026-09-24 11:55:59.443576,24/09/26,11:55:59
27281,0.13,27.281,131.95997214178365,12757185886,2026-09-24 11:56:26.724576,24/09/26,11:56:26
27519,0.13,27.519,130.81870707511175,12757213405,2026-09-24 11:56:54.243576,24/09/26,11:56:54
27661,0.13,27.661,130.1471385705506,12757241066,2026-09-24 11:57:21.904576,24/09/26,11:57:21
27453,0.13,27.453,131.13320948530216,12757268519,2026-09-24 11:57:49.357576,24/09/26,11:57:49
27501,0.13,27.501,130.90433075160902,12757296020,2026-09-24 11:58:16.858576,24/09/26,11:58:16
27632,0.13,27.632,130.28372900984365,12757323652,2026-09-24 11:58:44.490576,24/09/26,11:58:44
27722,0.13,27.722,129.86076040689704,12757351374,2026-09-24 11:59:12.212576,24/09/26,11:59:12
27245,0.13,27.245,132.13433657551843,12757378619,2026-09-24 11:59:39.457576,24/09/26,11:59:39
27207,0.13,27.207,132.31888852133642,12757405826,2026-09-24 12:00:06.664576,24/09/26,12:0:6
26915,0.13,26.915,133.75441203789708,12757432741,2026-09-24 12:00:33.579576,24/09/26,12:0:33
27149,0.13,27.149,132.6015691185679,12757459890,2026-09-24 12:01:00.728576,24/09/26,12:1:0
26974,0.13,26.974,133.461852153926,12757486864,2026-09-24 12:01:27.702576,24/09/26,12:1:27
27328,0.13,27.328,131.73302107728338,12757514192,2026-09-24 12:01:55.030576,24/09/26,12:1:55
26901,0.13,26.901,133.82402141184343,12757541093,2026-09-24 12:02:21.931576,24/09/26,12:2:21
27034,0.13,27.034,133.16564326403787,12757568127,2026-09-24 12:02:48.965576,24/09/26,12:2:48
27621,0.13,27.621,130.33561420658194,12757595748,2026-09-24 12:03:16.586576,24/09/26,12:3:16
27313,0.13,27.313,131.80536740746166,12757623061,2026-09-24 12:03:43.899576,24/09/26,12:3:43
28026,0.13,28.026,128.45215157353886,12757651087,2026-09-24 12:04:11.925576,24/09/26,12:4:11
28392,0.13,28.392,126.79628064243448,12757679479,2026-09-24 12:04:40.317576,24/09/26,12:4:40
27974,0.13,27.974,128.69092728962607,12757707453,2026-09-24 12:05:08.291576,24/09/26,12:5:8
27976,0.13,27.976,128.68172719473836,12757735429,2026-09-24 12:05:36.267576,24/09/26,12:5:36
28596,0.12,28.596,125.8917331095258,12757764025,2026-09-24 12:06:04.863576,24/09/26,12:6:4
28891,0.12,28.891,124.60627877193589,12757792916,2026-09-24 12:06:33.754576,24/09/26,12:6:33
27912,0.13,27.912,128.9767841788478,12757820828,2026-09-24 12:07:01.666576,24/09/26,12:7:1
28897,0.12,28.897,124.58040627054712,12757849725,2026-09-24 12:07:30.563576,24/09/26,12:7:30
27471,0.13,27.471,131.04728622911435,12757877196,2026-09-24 12:07:58.034576,24/09/26,12:7:58
15323,0.23,15.323,234.9409384585264,12757892519,2026-09-24 12:08:13.357576,24/09/26,12:8:13
17496,0.2,17.496,205.76131687242798,12757910015,2026-09-24 12:08:30.853576,24/09/26,12:8:30
17365,0.21,17.365,207.31356176216528,12757927380,2026-09-24 12:08:48.218576,24/09/26,12:8:48
17346,0.21,17.346,207.54064337599448,12757944726,2026-09-24 12:09:05.564576,24/09/26,12:9:5
17124,0.21,17.124,210.2312543798178,12757961850,2026-09-24 12:09:22.688576,24/09/26,12:9:22
17367,0.21,17.367,207.28968733805493,12757979217,2026-09-24 12:09:40.055576,24/09/26,12:9:40
17597,0.2,17.597,204.58032619196453,12757996814,2026-09-24 12:09:57.652576,24/09/26,12:9:57
17324,0.21,17.324,207.80420226275686,12758014138,2026-09-24 12:10:14.976576,24/09/26,12:10:14
17810,0.2,17.81,202.1336327905671,12758031948,2026-09-24 12:10:32.786576,24/09/26,12:10:32
18049,0.2,18.049,199.45703363067207,12758049997,2026-09-24 12:10:50.835576,24/09/26,12:10:50
17548,0.2,17.548,205.15158422612262,12758067545,2026-09-24 12:11:08.383576,24/09/26,12:11:8
18051,0.2,18.051,199.43493435266745,12758085596,2026-09-24 12:11:26.434576,24/09/26,12:11:26
17691,0.2,17.691,203.49330167881973,12758103287,2026-09-24 12:11:44.125576,24/09/26,12:11:44
17828,0.2,17.828,201.92954902400717,12758121115,2026-09-24 12:12:01.953576,24/09/26,12:12:1
18315,0.2,18.315,196.56019656019657,12758139430,2026-09-24 12:12:20.268576,24/09/26,12:12:20
17715,0.2,17.715,203.21761219305674,12758157145,2026-09-24 12:12:37.983576,24/09/26,12:12:37
17884,0.2,17.884,201.29724893759786,12758175029,2026-09-24 12:12:55.867576,24/09/26,12:12:55
18354,0.2,18.354,196.1425302386401,12758193383,2026-09-24 12:13:14.221576,24/09/26,12:13:14
18613,0.19,18.613,193.41320582388653,12758211996,2026-09-24 12:13:32.834576,24/09/26,12:13:32
18387,0.19,18.387,195.7905041605482,12758230383,2026-09-24 12:13:51.221576,24/09/26,12:13:51
18626,0.19,18.626,193.2782132502953,12758249009,2026-09-24 12:14:09.847576,24/09/26,12:14:9
18620,0.19,18.62,193.3404940923738,12758267629,2026-09-24 12:14:28.467576,24/09/26,12:14:28
18251,0.2,18.251,197.24946578269683,12758285880,2026-09-24 12:14:46.718576,24/09/26,12:14:46
18414,0.19,18.414,195.50342130987292,12758304294,2026-09-24 12:15:05.132576,24/09/26,12:15:5
18824,0.19,18.824,191.24521886952826,12758323118,2026-09-24 12:15:23.956576,24/09/26,12:15:23
27010,0.13,27.01,133.28396890040725,12758350128,2026-09-24 12:15:50.966576,24/09/26,12:15:50
28942,0.12,28.942,124.3867044433695,12758379070,2026-09-24 12:16:19.908576,24/09/26,12:16:19
29359,0.12,29.359,122.61998024455873,12758408429,2026-09-24 12:16:49.267576,24/09/26,12:16:49
29846,0.12,29.846,120.61917844937345,12758438275,2026-09-24 12:17:19.113576,24/09/26,12:17:19
29941,0.12,29.941,120.2364650479276,12758468216,2026-09-24 12:17:49.054576,24/09/26,12:17:49
30027,0.12,30.027,119.89209711259866,12758498243,2026-09-24 12:18:19.081576,24/09/26,12:18:19
28716,0.12,28.716,125.36564981195153,12758526959,2026-09-24 12:18:47.797576,24/09/26,12:18:47
29136,0.12,29.136,123.55848434925865,12758556095,2026-09-24 12:19:16.933576,24/09/26,12:19:16
28920,0.12,28.92,124.48132780082987,12758585015,2026-09-24 12:19:45.853576,24/09/26,12:19:45
29124,0.12,29.124,123.60939431396787,12758614139,2026-09-24 12:20:14.977576,24/09/26,12:20:14
28921,0.12,28.921,124.47702361605754,12758643060,2026-09-24 12:20:43.898576,24/09/26,12:20:43
27826,0.13,27.826,129.37540429813842,12758670886,2026-09-24 12:21:11.724576,24/09/26,12:21:11
24180,0.15,24.18,148.8833746898263,12758695066,2026-09-24 12:21:35.904576,24/09/26,12:21:35
21806,0.17,21.806,165.09217646519306,12758716872,2026-09-24 12:21:57.710576,24/09/26,12:21:57
22882,0.16,22.882,157.3289048160126,12758739754,2026-09-24 12:22:20.592576,24/09/26,12:22:20
22804,0.16,22.804,157.8670408700228,12758762558,2026-09-24 12:22:43.396576,24/09/26,12:22:43
22837,0.16,22.837,157.63891929763105,12758785395,2026-09-24 12:23:06.233576,24/09/26,12:23:6
23379,0.15,23.379,153.98434492493263,12758808774,2026-09-24 12:23:29.612576,24/09/26,12:23:29
23061,0.16,23.061,156.1077143228828,12758831835,2026-09-24 12:23:52.673576,24/09/26,12:23:52
22809,0.16,22.809,157.83243456530317,12758854644,2026-09-24 12:24:15.482576,24/09/26,12:24:15
23143,0.16,23.143,155.55459534200406,12758877787,2026-09-24 12:24:38.625576,24/09/26,12:24:38
23098,0.16,23.098,155.85765001298813,12758900885,2026-09-24 12:25:01.723576,24/09/26,12:25:1
23319,0.15,23.319,154.38054805094558,12758924204,2026-09-24 12:25:25.042576,24/09/26,12:25:25
22619,0.16,22.619,159.1582298067996,12758946823,2026-09-24 12:25:47.661576,24/09/26,12:25:47
22475,0.16,22.475,160.17797552836484,12758969298,2026-09-24 12:26:10.136576,24/09/26,12:26:10
22682,0.16,22.682,158.716162595891,12758991980,2026-09-24 12:26:32.818576,24/09/26,12:26:32
22700,0.16,22.7,158.59030837004406,12759014680,2026-09-24 12:26:55.518576,24/09/26,12:26:55
22747,0.16,22.747,158.26262803886226,12759037427,2026-09-24 12:27:18.265576,24/09/26,12:27:18
22415,0.16,22.415,160.60673656033907,12759059842,2026-09-24 12:27:40.680576,24/09/26,12:27:40
22243,0.16,22.243,161.84867149215484,12759082085,2026-09-24 12:28:02.923576,24/09/26,12:28:2
22990,0.16,22.99,156.589821661592,12759105075,2026-09-24 12:28:25.913576,24/09/26,12:28:25
22726,0.16,22.726,158.40887089677022,12759127801,2026-09-24 12:28:48.639576,24/09/26,12:28:48
22647,0.16,22.647,158.96145184792687,12759150448,2026-09-24 12:29:11.286576,24/09/26,12:29:11
22863,0.16,22.863,157.45965096444036,12759173311,2026-09-24 12:29:34.149576,24/09/26,12:29:34
22647,0.16,22.647,158.96145184792687,12759195958,2026-09-24 12:29:56.796576,24/09/26,12:29:56
22781,0.16,22.781,158.02642553004696,12759218739,2026-09-24 12:30:19.577576,24/09/26,12:30:19
22925,0.16,22.925,157.03380588876772,12759241664,2026-09-24 12:30:42.502576,24/09/26,12:30:42
22998,0.16,22.998,156.53535090007827,12759264662,2026-09-24 12:31:05.500576,24/09/26,12:31:5
23096,0.16,23.096,155.87114651887774,12759287758,2026-09-24 12:31:28.596576,24/09/26,12:31:28
22559,0.16,22.559,159.58154173500597,12759310317,2026-09-24 12:31:51.155576,24/09/26,12:31:51
22581,0.16,22.581,159.42606616181746,12759332898,2026-09-24 12:32:13.736576,24/09/26,12:32:13
22855,0.16,22.855,157.51476700940714,12759355753,2026-09-24 12:32:36.591576,24/09/26,12:32:36
22924,0.16,22.924,157.04065608096317,12759378677,2026-09-24 12:32:59.515576,24/09/26,12:32:59
23164,0.16,23.164,155.4135727853566,12759401841,2026-09-24 12:33:22.679576,24/09/26,12:33:22
22937,0.16,22.937,156.95165017221083,12759424778,2026-09-24 12:33:45.616576,24/09/26,12:33:45
22791,0.16,22.791,157.95708832433854,12759447569,2026-09-24 12:34:08.407576,24/09/26,12:34:8
22324,0.16,22.324,161.2614226841068,12759469893,2026-09-24 12:34:30.731576,24/09/26,12:34:30
23192,0.16,23.192,155.2259399793032,12759493085,2026-09-24 12:34:53.923576,24/09/26,12:34:53
23763,0.15,23.763,151.49602322939023,12759516848,2026-09-24 12:35:17.686576,24/09/26,12:35:17
23556,0.15,23.556,152.82730514518593,12759540404,2026-09-24 12:35:41.242576,24/09/26,12:35:41
23665,0.15,23.665,152.1233889710543,12759564069,2026-09-24 12:36:04.907576,24/09/26,12:36:4
23668,0.15,23.668,152.1041068108839,12759587737,2026-09-24 12:36:28.575576,24/09/26,12:36:28
22337,0.16,22.337,161.16756950351436,12759610074,2026-09-24 12:36:50.912576,24/09/26,12:36:50
22125,0.16,22.125,162.71186440677965,12759632199,2026-09-24 12:37:13.037576,24/09/26,12:37:13
21380,0.17,21.38,168.38166510757716,12759653579,2026-09-24 12:37:34.417576,24/09/26,12:37:34
21768,0.17,21.768,165.38037486218303,12759675347,2026-09-24 12:37:56.185576,24/09/26,12:37:56
22773,0.16,22.773,158.08193913845344,12759698120,2026-09-24 12:38:18.958576,24/09/26,12:38:18
23374,0.15,23.374,154.01728416188928,12759721494,2026-09-24 12:38:42.332576,24/09/26,12:38:42
25128,0.14,25.128,143.26647564469914,12759746622,2026-09-24 12:39:07.460576,24/09/26,12:39:7
25204,0.14,25.204,142.83447071893352,12759771826,2026-09-24 12:39:32.664576,24/09/26,12:39:32
24297,0.15,24.297,148.16644030127176,12759796123,2026-09-24 12:39:56.961576,24/09/26,12:39:56
24618,0.15,24.618,146.23446258835,12759820741,2026-09-24 12:40:21.579576,24/09/26,12:40:21
24587,0.15,24.587,146.41883922398014,12759845328,2026-09-24 12:40:46.166576,24/09/26,12:40:46
25365,0.14,25.365,141.92785334121822,12759870693,2026-09-24 12:41:11.531576,24/09/26,12:41:11
26536,0.14,26.536,135.66475731082303,12759897229,2026-09-24 12:41:38.067576,24/09/26,12:41:38
27523,0.13,27.523,130.79969480071213,12759924752,2026-09-24 12:42:05.590576,24/09/26,12:42:5
27683,0.13,27.683,130.04370913557057,12759952435,2026-09-24 12:42:33.273576,24/09/26,12:42:33
27368,0.13,27.368,131.54048523823442,12759979803,2026-09-24 12:43:00.641576,24/09/26,12:43:0
27705,0.13,27.705,129.94044396318355,12760007508,2026-09-24 12:43:28.346576,24/09/26,12:43:28
27522,0.13,27.522,130.80444735120994,12760035030,2026-09-24 12:43:55.868576,24/09/26,12:43:55
27705,0.13,27.705,129.94044396318355,12760062735,2026-09-24 12:44:23.573576,24/09/26,12:44:23
27578,0.13,27.578,130.5388353035028,12760090313,2026-09-24 12:44:51.151576,24/09/26,12:44:51
27634,0.13,27.634,130.2742997756387,12760117947,2026-09-24 12:45:18.785576,24/09/26,12:45:18
27533,0.13,27.533,130.75218828315113,12760145480,2026-09-24 12:45:46.318576,24/09/26,12:45:46
27835,0.13,27.835,129.3335728399497,12760173315,2026-09-24 12:46:14.153576,24/09/26,12:46:14
27557,0.13,27.557,130.63831331422142,12760200872,2026-09-24 12:46:41.710576,24/09/26,12:46:41
27860,0.13,27.86,129.21751615218952,12760228732,2026-09-24 12:47:09.570576,24/09/26,12:47:9
27679,0.13,27.679,130.06250225802955,12760256411,2026-09-24 12:47:37.249576,24/09/26,12:47:37
27601,0.13,27.601,130.43005688199702,12760284012,2026-09-24 12:48:04.850576,24/09/26,12:48:4
27591,0.13,27.591,130.47732956398826,12760311603,2026-09-24 12:48:32.441576,24/09/26,12:48:32
27288,0.13,27.288,131.92612137203167,12760338891,2026-09-24 12:48:59.729576,24/09/26,12:48:59
17294,0.21,17.294,208.16468139239043,12760356185,2026-09-24 12:49:17.023576,24/09/26,12:49:17
17029,0.21,17.029,211.4040754007869,12760373214,2026-09-24 12:49:34.052576,24/09/26,12:49:34
16950,0.21,16.95,212.38938053097345,12760390164,2026-09-24 12:49:51.002576,24/09/26,12:49:51
16974,0.21,16.974,212.08907741251326,12760407138,2026-09-24 12:50:07.976576,24/09/26,12:50:7
17033,0.21,17.033,211.3544296365878,12760424171,2026-09-24 12:50:25.009576,24/09/26,12:50:25
16950,0.21,16.95,212.38938053097345,12760441121,2026-09-24 12:50:41.959576,24/09/26,12:50:41
17256,0.21,17.256,208.6230876216968,12760458377,2026-09-24 12:50:59.215576,24/09/26,12:50:59
17224,0.21,17.224,209.01068276823037,12760475601,2026-09-24 12:51:16.439576,24/09/26,12:51:16
17399,0.21,17.399,206.90844301396632,12760493000,2026-09-24 12:51:33.838576,24/09/26,12:51:33
17403,0.21,17.403,206.8608860541286,12760510403,2026-09-24 12:51:51.241576,24/09/26,12:51:51
17504,0.2,17.504,205.6672760511883,12760527907,2026-09-24 12:52:08.745576,24/09/26,12:52:8
17507,0.2,17.507,205.63203290112526,12760545414,2026-09-24 12:52:26.252576,24/09/26,12:52:26
17299,0.21,17.299,208.10451471183305,12760562713,2026-09-24 12:52:43.551576,24/09/26,12:52:43
17604,0.2,17.604,204.49897750511246,12760580317,2026-09-24 12:53:01.155576,24/09/26,12:53:1
17767,0.2,17.767,202.6228400968087,12760598084,2026-09-24 12:53:18.922576,24/09/26,12:53:18
17607,0.2,17.607,204.46413358323395,12760615691,2026-09-24 12:53:36.529576,24/09/26,12:53:36
17648,0.2,17.648,203.98912058023572,12760633339,2026-09-24 12:53:54.177576,24/09/26,12:53:54
17727,0.2,17.727,203.0800473853444,12760651066,2026-09-24 12:54:11.904576,24/09/26,12:54:11
17441,0.21,17.441,206.41018290235652,12760668507,2026-09-24 12:54:29.345576,24/09/26,12:54:29
16845,0.21,16.845,213.713268032057,12760685352,2026-09-24 12:54:46.190576,24/09/26,12:54:46
17085,0.21,17.085,210.71115013169447,12760702437,2026-09-24 12:55:03.275576,24/09/26,12:55:3
17074,0.21,17.074,210.84690172191637,12760719511,2026-09-24 12:55:20.349576,24/09/26,12:55:20
17145,0.21,17.145,209.9737532808399,12760736656,2026-09-24 12:55:37.494576,24/09/26,12:55:37
17449,0.21,17.449,206.3155481689495,12760754105,2026-09-24 12:55:54.943576,24/09/26,12:55:54
16929,0.21,16.929,212.6528442317916,12760771034,2026-09-24 12:56:11.872576,24/09/26,12:56:11
17268,0.21,17.268,208.47810979847117,12760788302,2026-09-24 12:56:29.140576,24/09/26,12:56:29
20148,0.18,20.148,178.6777843954735,12760808450,2026-09-24 12:56:49.288576,24/09/26,12:56:49
24563,0.15,24.563,146.56190204779546,12760833013,2026-09-24 12:57:13.851576,24/09/26,12:57:13
24138,0.15,24.138,149.14243102162564,12760857151,2026-09-24 12:57:37.989576,24/09/26,12:57:37
23964,0.15,23.964,150.22533800701052,12760881115,2026-09-24 12:58:01.953576,24/09/26,12:58:1
25195,0.14,25.195,142.88549315340344,12760906310,2026-09-24 12:58:27.148576,24/09/26,12:58:27
26177,0.14,26.177,137.5253084769072,12760932487,2026-09-24 12:58:53.325576,24/09/26,12:58:53
25572,0.14,25.572,140.77897700610043,12760958059,2026-09-24 12:59:18.897576,24/09/26,12:59:18
21257,0.17,21.257,169.35597685468315,12760979316,2026-09-24 12:59:40.154576,24/09/26,12:59:40
21988,0.16,21.988,163.7256685464799,12761001304,2026-09-24 13:00:02.142576,24/09/26,13:0:2
22675,0.16,22.675,158.7651598676957,12761023979,2026-09-24 13:00:24.817576,24/09/26,13:0:24
22311,0.16,22.311,161.35538523598225,12761046290,2026-09-24 13:00:47.128576,24/09/26,13:0:47
22330,0.16,22.33,161.21809225257502,12761068620,2026-09-24 13:01:09.458576,24/09/26,13:1:9
22765,0.16,22.765,158.1374917636723,12761091385,2026-09-24 13:01:32.223576,24/09/26,13:1:32
22555,0.16,22.555,159.60984260696077,12761113940,2026-09-24 13:01:54.778576,24/09/26,13:1:54
22816,0.16,22.816,157.78401122019636,12761136756,2026-09-24 13:02:17.594576,24/09/26,13:2:17
22807,0.16,22.807,157.84627526636558,12761159563,2026-09-24 13:02:40.401576,24/09/26,13:2:40
22806,0.16,22.806,157.85319652722967,12761182369,2026-09-24 13:03:03.207576,24/09/26,13:3:3
22225,0.16,22.225,161.97975253093364,12761204594,2026-09-24 13:03:25.432576,24/09/26,13:3:25
21250,0.17,21.25,169.41176470588235,12761225844,2026-09-24 13:03:46.682576,24/09/26,13:3:46
21742,0.17,21.742,165.57814368503358,12761247586,2026-09-24 13:04:08.424576,24/09/26,13:4:8
21157,0.17,21.157,170.15644940208915,12761268743,2026-09-24 13:04:29.581576,24/09/26,13:4:29
20930,0.17,20.93,172.00191113234592,12761289673,2026-09-24 13:04:50.511576,24/09/26,13:4:50
21940,0.16,21.94,164.08386508659981,12761311613,2026-09-24 13:05:12.451576,24/09/26,13:5:12
22338,0.16,22.338,161.16035455278,12761333951,2026-09-24 13:05:34.789576,24/09/26,13:5:34
21382,0.17,21.382,168.36591525582264,12761355333,2026-09-24 13:05:56.171576,24/09/26,13:5:56
22079,0.16,22.079,163.05086281081572,12761377412,2026-09-24 13:06:18.250576,24/09/26,13:6:18
21603,0.17,21.603,166.64352173309263,12761399015,2026-09-24 13:06:39.853576,24/09/26,13:6:39
22803,0.16,22.803,157.87396395211155,12761421818,2026-09-24 13:07:02.656576,24/09/26,13:7:2
22113,0.16,22.113,162.8001628001628,12761443931,2026-09-24 13:07:24.769576,24/09/26,13:7:24
22562,0.16,22.562,159.5603226664303,12761466493,2026-09-24 13:07:47.331576,24/09/26,13:7:47
22807,0.16,22.807,157.84627526636558,12761489300,2026-09-24 13:08:10.138576,24/09/26,13:8:10
22503,0.16,22.503,159.9786695107319,12761511803,2026-09-24 13:08:32.641576,24/09/26,13:8:32
22652,0.16,22.652,158.92636411795868,12761534455,2026-09-24 13:08:55.293576,24/09/26,13:8:55
22647,0.16,22.647,158.96145184792687,12761557102,2026-09-24 13:09:17.940576,24/09/26,13:9:17
22915,0.16,22.915,157.10233471525203,12761580017,2026-09-24 13:09:40.855576,24/09/26,13:9:40
22596,0.16,22.596,159.32023366967604,12761602613,2026-09-24 13:10:03.451576,24/09/26,13:10:3
22751,0.16,22.751,158.2348028658081,12761625364,2026-09-24 13:10:26.202576,24/09/26,13:10:26
22793,0.16,22.793,157.9432281840916,12761648157,2026-09-24 13:10:48.995576,24/09/26,13:10:48
22790,0.16,22.79,157.96401930671348,12761670947,2026-09-24 13:11:11.785576,24/09/26,13:11:11
22995,0.16,22.995,156.55577299412917,12761693942,2026-09-24 13:11:34.780576,24/09/26,13:11:34
22851,0.16,22.851,157.54233950374163,12761716793,2026-09-24 13:11:57.631576,24/09/26,13:11:57
23077,0.16,23.077,155.99948000173333,12761739870,2026-09-24 13:12:20.708576,24/09/26,13:12:20
22717,0.16,22.717,158.47162917638772,12761762587,2026-09-24 13:12:43.425576,24/09/26,13:12:43
22408,0.16,22.408,160.65690824705462,12761784995,2026-09-24 13:13:05.833576,24/09/26,13:13:5
22850,0.16,22.85,157.5492341356674,12761807845,2026-09-24 13:13:28.683576,24/09/26,13:13:28
22815,0.16,22.815,157.79092702169626,12761830660,2026-09-24 13:13:51.498576,24/09/26,13:13:51
23411,0.15,23.411,153.77386698560505,12761854071,2026-09-24 13:14:14.909576,24/09/26,13:14:14
22987,0.16,22.987,156.61025797189717,12761877058,2026-09-24 13:14:37.896576,24/09/26,13:14:37
22996,0.16,22.996,156.5489650373978,12761900054,2026-09-24 13:15:00.892576,24/09/26,13:15:0
23337,0.15,23.337,154.26147319706902,12761923391,2026-09-24 13:15:24.229576,24/09/26,13:15:24
23098,0.16,23.098,155.85765001298813,12761946489,2026-09-24 13:15:47.327576,24/09/26,13:15:47
22956,0.16,22.956,156.82174594877156,12761969445,2026-09-24 13:16:10.283576,24/09/26,13:16:10
23262,0.15,23.262,154.75883415011606,12761992707,2026-09-24 13:16:33.545576,24/09/26,13:16:33
23156,0.16,23.156,155.4672655035412,12762015863,2026-09-24 13:16:56.701576,24/09/26,13:16:56
22999,0.16,22.999,156.52854471933563,12762038862,2026-09-24 13:17:19.700576,24/09/26,13:17:19
22953,0.16,22.953,156.84224284407267,12762061815,2026-09-24 13:17:42.653576,24/09/26,13:17:42
23229,0.15,23.229,154.97869043006585,12762085044,2026-09-24 13:18:05.882576,24/09/26,13:18:5
23020,0.16,23.02,156.38575152041702,12762108064,2026-09-24 13:18:28.902576,24/09/26,13:18:28
23083,0.16,23.083,155.9589308148854,12762131147,2026-09-24 13:18:51.985576,24/09/26,13:18:51
23047,0.16,23.047,156.20254263027726,12762154194,2026-09-24 13:19:15.032576,24/09/26,13:19:15
21363,0.17,21.363,168.51565791321443,12762175557,2026-09-24 13:19:36.395576,24/09/26,13:19:36
22737,0.16,22.737,158.33223380393193,12762198294,2026-09-24 13:19:59.132576,24/09/26,13:19:59
22432,0.16,22.432,160.48502139800286,12762220726,2026-09-24 13:20:21.564576,24/09/26,13:20:21
22465,0.16,22.465,160.24927665257067,12762243191,2026-09-24 13:20:44.029576,24/09/26,13:20:44
23516,0.15,23.516,153.08725973805068,12762266707,2026-09-24 13:21:07.545576,24/09/26,13:21:7
23415,0.15,23.415,153.74759769378605,12762290122,2026-09-24 13:21:30.960576,24/09/26,13:21:30
23644,0.15,23.644,152.25850109964472,12762313766,2026-09-24 13:21:54.604576,24/09/26,13:21:54
23640,0.15,23.64,152.28426395939087,12762337406,2026-09-24 13:22:18.244576,24/09/26,13:22:18
22915,0.16,22.915,157.10233471525203,12762360321,2026-09-24 13:22:41.159576,24/09/26,13:22:41
21293,0.17,21.293,169.06964730193022,12762381614,2026-09-24 13:23:02.452576,24/09/26,13:23:2
21475,0.17,21.475,167.63678696158323,12762403089,2026-09-24 13:23:23.927576,24/09/26,13:23:23
21579,0.17,21.579,166.828861393021,12762424668,2026-09-24 13:23:45.506576,24/09/26,13:23:45
21980,0.16,21.98,163.7852593266606,12762446648,2026-09-24 13:24:07.486576,24/09/26,13:24:7
22032,0.16,22.032,163.3986928104575,12762468680,2026-09-24 13:24:29.518576,24/09/26,13:24:29
22545,0.16,22.545,159.6806387225549,12762491225,2026-09-24 13:24:52.063576,24/09/26,13:24:52
22240,0.16,22.24,161.8705035971223,12762513465,2026-09-24 13:25:14.303576,24/09/26,13:25:14
22134,0.16,22.134,162.64570344266738,12762535599,2026-09-24 13:25:36.437576,24/09/26,13:25:36
22555,0.16,22.555,159.60984260696077,12762558154,2026-09-24 13:25:58.992576,24/09/26,13:25:58
22587,0.16,22.587,159.383716296985,12762580741,2026-09-24 13:26:21.579576,24/09/26,13:26:21
21619,0.17,21.619,166.520190573107,12762602360,2026-09-24 13:26:43.198576,24/09/26,13:26:43
21131,0.17,21.131,170.36581326013913,12762623491,2026-09-24 13:27:04.329576,24/09/26,13:27:4
21018,0.17,21.018,171.2817584927205,12762644509,2026-09-24 13:27:25.347576,24/09/26,13:27:25
22104,0.16,22.104,162.86644951140065,12762666613,2026-09-24 13:27:47.451576,24/09/26,13:27:47
22073,0.16,22.073,163.09518416164545,12762688686,2026-09-24 13:28:09.524576,24/09/26,13:28:9
22251,0.16,22.251,161.79048132668194,12762710937,2026-09-24 13:28:31.775576,24/09/26,13:28:31
22372,0.16,22.372,160.91543000178794,12762733309,2026-09-24 13:28:54.147576,24/09/26,13:28:54
22239,0.16,22.239,161.87778227438284,12762755548,2026-09-24 13:29:16.386576,24/09/26,13:29:16
22360,0.16,22.36,161.00178890876566,12762777908,2026-09-24 13:29:38.746576,24/09/26,13:29:38
13960,0.26,13.96,257.87965616045847,12762791868,2026-09-24 13:29:52.706576,24/09/26,13:29:52
14668,0.25,14.668,245.43223343332426,12762806536,2026-09-24 13:30:07.374576,24/09/26,13:30:7
14262,0.25,14.262,252.4190155658393,12762820798,2026-09-24 13:30:21.636576,24/09/26,13:30:21
14760,0.24,14.76,243.90243902439025,12762835558,2026-09-24 13:30:36.396576,24/09/26,13:30:36
14811,0.24,14.811,243.06258861656877,12762850369,2026-09-24 13:30:51.207576,24/09/26,13:30:51
14824,0.24,14.824,242.84943335132218,12762865193,2026-09-24 13:31:06.031576,24/09/26,13:31:6
15071,0.24,15.071,238.86935173512043,12762880264,2026-09-24 13:31:21.102576,24/09/26,13:31:21
15028,0.24,15.028,239.55283470854405,12762895292,2026-09-24 13:31:36.130576,24/09/26,13:31:36
15182,0.24,15.182,237.12290870768015,12762910474,2026-09-24 13:31:51.312576,24/09/26,13:31:51
15198,0.24,15.198,236.8732727990525,12762925672,2026-09-24 13:32:06.510576,24/09/26,13:32:6
15284,0.23,15.284,235.54043444124574,12762940956,2026-09-24 13:32:21.794576,24/09/26,13:32:21
15268,0.23,15.268,235.78726748755568,12762956224,2026-09-24 13:32:37.062576,24/09/26,13:32:37
14803,0.24,14.803,243.19394717287037,12762971027,2026-09-24 13:32:51.865576,24/09/26,13:32:51
15047,0.24,15.047,239.25034890675883,12762986074,2026-09-24 13:33:06.912576,24/09/26,13:33:6
15556,0.23,15.556,231.42195937258936,12763001630,2026-09-24 13:33:22.468576,24/09/26,13:33:22
15675,0.23,15.675,229.66507177033492,12763017305,2026-09-24 13:33:38.143576,24/09/26,13:33:38
15751,0.23,15.751,228.55691702114152,12763033056,2026-09-24 13:33:53.894576,24/09/26,13:33:53
15562,0.23,15.562,231.33273358180182,12763048618,2026-09-24 13:34:09.456576,24/09/26,13:34:9
15354,0.23,15.354,234.46658851113716,12763063972,2026-09-24 13:34:24.810576,24/09/26,13:34:24
15392,0.23,15.392,233.8877338877339,12763079364,2026-09-24 13:34:40.202576,24/09/26,13:34:40
15526,0.23,15.526,231.8691227618189,12763094890,2026-09-24 13:34:55.728576,24/09/26,13:34:55
15767,0.23,15.767,228.32498255850828,12763110657,2026-09-24 13:35:11.495576,24/09/26,13:35:11
15545,0.23,15.545,231.58571888066902,12763126202,2026-09-24 13:35:27.040576,24/09/26,13:35:27
15657,0.23,15.657,229.92910519256563,12763141859,2026-09-24 13:35:42.697576,24/09/26,13:35:42
15858,0.23,15.858,227.01475595913735,12763157717,2026-09-24 13:35:58.555576,24/09/26,13:35:58
15410,0.23,15.41,233.61453601557432,12763173127,2026-09-24 13:36:13.965576,24/09/26,13:36:13
15647,0.23,15.647,230.07605291749218,12763188774,2026-09-24 13:36:29.612576,24/09/26,13:36:29
15566,0.23,15.566,231.27328793524347,12763204340,2026-09-24 13:36:45.178576,24/09/26,13:36:45
15462,0.23,15.462,232.8288707799767,12763219802,2026-09-24 13:37:00.640576,24/09/26,13:37:0
15893,0.23,15.893,226.51481784433398,12763235695,2026-09-24 13:37:16.533576,24/09/26,13:37:16
22480,0.16,22.48,160.1423487544484,12763258175,2026-09-24 13:37:39.013576,24/09/26,13:37:39
22579,0.16,22.579,159.44018778511006,12763280754,2026-09-24 13:38:01.592576,24/09/26,13:38:1
22553,0.16,22.553,159.62399680752006,12763303307,2026-09-24 13:38:24.145576,24/09/26,13:38:24
22580,0.16,22.58,159.43312666076173,12763325887,2026-09-24 13:38:46.725576,24/09/26,13:38:46
23075,0.16,23.075,156.01300108342363,12763348962,2026-09-24 13:39:09.800576,24/09/26,13:39:9
23391,0.15,23.391,153.90534821085032,12763372353,2026-09-24 13:39:33.191576,24/09/26,13:39:33
23547,0.15,23.547,152.88571792585043,12763395900,2026-09-24 13:39:56.738576,24/09/26,13:39:56
22839,0.16,22.839,157.62511493497965,12763418739,2026-09-24 13:40:19.577576,24/09/26,13:40:19
23448,0.15,23.448,153.53121801432957,12763442187,2026-09-24 13:40:43.025576,24/09/26,13:40:43
23171,0.16,23.171,155.36662207069182,12763465358,2026-09-24 13:41:06.196576,24/09/26,13:41:6
22621,0.16,22.621,159.14415808319703,12763487979,2026-09-24 13:41:28.817576,24/09/26,13:41:28
23230,0.15,23.23,154.97201894102454,12763511209,2026-09-24 13:41:52.047576,24/09/26,13:41:52
23177,0.16,23.177,155.32640117357727,12763534386,2026-09-24 13:42:15.224576,24/09/26,13:42:15
23428,0.15,23.428,153.6622844459621,12763557814,2026-09-24 13:42:38.652576,24/09/26,13:42:38
23317,0.15,23.317,154.39378993867135,12763581131,2026-09-24 13:43:01.969576,24/09/26,13:43:1
23388,0.15,23.388,153.9250897896357,12763604519,2026-09-24 13:43:25.357576,24/09/26,13:43:25
23515,0.15,23.515,153.09376993408463,12763628034,2026-09-24 13:43:48.872576,24/09/26,13:43:48
23232,0.15,23.232,154.95867768595042,12763651266,2026-09-24 13:44:12.104576,24/09/26,13:44:12
23442,0.15,23.442,153.57051446122344,12763674708,2026-09-24 13:44:35.546576,24/09/26,13:44:35
23575,0.15,23.575,152.70413573700955,12763698283,2026-09-24 13:44:59.121576,24/09/26,13:44:59
23342,0.15,23.342,154.22842944049353,12763721625,2026-09-24 13:45:22.463576,24/09/26,13:45:22
23420,0.15,23.42,153.71477369769428,12763745045,2026-09-24 13:45:45.883576,24/09/26,13:45:45
23673,0.15,23.673,152.0719807375491,12763768718,2026-09-24 13:46:09.556576,24/09/26,13:46:9
23511,0.15,23.511,153.1198162562205,12763792229,2026-09-24 13:46:33.067576,24/09/26,13:46:33
24431,0.15,24.431,147.35377184724325,12763816660,2026-09-24 13:46:57.498576,24/09/26,13:46:57
22852,0.16,22.852,157.53544547523194,12763839512,2026-09-24 13:47:20.350576,24/09/26,13:47:20
23383,0.15,23.383,153.95800367788564,12763862895,2026-09-24 13:47:43.733576,24/09/26,13:47:43
23213,0.16,23.213,155.08551242838064,12763886108,2026-09-24 13:48:06.946576,24/09/26,13:48:6
23315,0.15,23.315,154.40703409822004,12763909423,2026-09-24 13:48:30.261576,24/09/26,13:48:30
23613,0.15,23.613,152.458391563969,12763933036,2026-09-24 13:48:53.874576,24/09/26,13:48:53
23048,0.16,23.048,156.19576535925026,12763956084,2026-09-24 13:49:16.922576,24/09/26,13:49:16
23250,0.15,23.25,154.83870967741936,12763979334,2026-09-24 13:49:40.172576,24/09/26,13:49:40
23303,0.15,23.303,154.4865467965498,12764002637,2026-09-24 13:50:03.475576,24/09/26,13:50:3
23394,0.15,23.394,153.8856116953065,12764026031,2026-09-24 13:50:26.869576,24/09/26,13:50:26
23466,0.15,23.466,153.4134492457172,12764049497,2026-09-24 13:50:50.335576,24/09/26,13:50:50
22986,0.16,22.986,156.61707126076743,12764072483,2026-09-24 13:51:13.321576,24/09/26,13:51:13
23502,0.15,23.502,153.17845289762573,12764095985,2026-09-24 13:51:36.823576,24/09/26,13:51:36
23384,0.15,23.384,153.9514197742046,12764119369,2026-09-24 13:52:00.207576,24/09/26,13:52:0
23322,0.15,23.322,154.36068947774635,12764142691,2026-09-24 13:52:23.529576,24/09/26,13:52:23
23376,0.15,23.376,154.0041067761807,12764166067,2026-09-24 13:52:46.905576,24/09/26,13:52:46
23106,0.16,23.106,155.80368735393404,12764189173,2026-09-24 13:53:10.011576,24/09/26,13:53:10
23480,0.15,23.48,153.32197614991483,12764212653,2026-09-24 13:53:33.491576,24/09/26,13:53:33
23548,0.15,23.548,152.87922541192458,12764236201,2026-09-24 13:53:57.039576,24/09/26,13:53:57
23274,0.15,23.274,154.67904098994586,12764259475,2026-09-24 13:54:20.313576,24/09/26,13:54:20
23345,0.15,23.345,154.20860998072393,12764282820,2026-09-24 13:54:43.658576,24/09/26,13:54:43
23089,0.16,23.089,155.91840270258564,12764305909,2026-09-24 13:55:06.747576,24/09/26,13:55:6
22685,0.16,22.685,158.69517302182058,12764328594,2026-09-24 13:55:29.432576,24/09/26,13:55:29
23528,0.15,23.528,153.00918055083304,12764352122,2026-09-24 13:55:52.960576,24/09/26,13:55:52
23348,0.15,23.348,154.18879561418538,12764375470,2026-09-24 13:56:16.308576,24/09/26,13:56:16
23385,0.15,23.385,153.9448364336113,12764398855,2026-09-24 13:56:39.693576,24/09/26,13:56:39
22517,0.16,22.517,159.8792023804237,12764421372,2026-09-24 13:57:02.210576,24/09/26,13:57:2
23461,0.15,23.461,153.44614466561526,12764444833,2026-09-24 13:57:25.671576,24/09/26,13:57:25
23232,0.15,23.232,154.95867768595042,12764468065,2026-09-24 13:57:48.903576,24/09/26,13:57:48
26297,0.14,26.297,136.8977449899228,12764494362,2026-09-24 13:58:15.200576,24/09/26,13:58:15
26032,0.14,26.032,138.29133374308543,12764520394,2026-09-24 13:58:41.232576,24/09/26,13:58:41
26584,0.14,26.584,135.4198013842913,12764546978,2026-09-24 13:59:07.816576,24/09/26,13:59:7
26955,0.13,26.955,133.5559265442404,12764573933,2026-09-24 13:59:34.771576,24/09/26,13:59:34
27153,0.13,27.153,132.5820351342393,12764601086,2026-09-24 14:00:01.924576,24/09/26,14:0:1
26924,0.13,26.924,133.70970138166692,12764628010,2026-09-24 14:00:28.848576,24/09/26,14:0:28
27064,0.13,27.064,133.01803133313626,12764655074,2026-09-24 14:00:55.912576,24/09/26,14:0:55
27113,0.13,27.113,132.77763434514807,12764682187,2026-09-24 14:01:23.025576,24/09/26,14:1:23
27211,0.13,27.211,132.29943772738966,12764709398,2026-09-24 14:01:50.236576,24/09/26,14:1:50
26624,0.14,26.624,135.21634615384616,12764736022,2026-09-24 14:02:16.860576,24/09/26,14:2:16
26834,0.13,26.834,134.15815756130283,12764762856,2026-09-24 14:02:43.694576,24/09/26,14:2:43
25451,0.14,25.451,141.44827315233192,12764788307,2026-09-24 14:03:09.145576,24/09/26,14:3:9
26868,0.13,26.868,133.98838767306833,12764815175,2026-09-24 14:03:36.013576,24/09/26,14:3:36
27060,0.13,27.06,133.03769401330376,12764842235,2026-09-24 14:04:03.073576,24/09/26,14:4:3
26976,0.13,26.976,133.45195729537366,12764869211,2026-09-24 14:04:30.049576,24/09/26,14:4:30
26846,0.13,26.846,134.0981896744394,12764896057,2026-09-24 14:04:56.895576,24/09/26,14:4:56
26392,0.14,26.392,136.40497120339498,12764922449,2026-09-24 14:05:23.287576,24/09/26,14:5:23
26413,0.14,26.413,136.2965206527089,12764948862,2026-09-24 14:05:49.700576,24/09/26,14:5:49
26278,0.14,26.278,136.9967273004034,12764975140,2026-09-24 14:06:15.978576,24/09/26,14:6:15
26928,0.13,26.928,133.6898395721925,12765002068,2026-09-24 14:06:42.906576,24/09/26,14:6:42
26465,0.14,26.465,136.02871717362555,12765028533,2026-09-24 14:07:09.371576,24/09/26,14:7:9
26009,0.14,26.009,138.41362605252027,12765054542,2026-09-24 14:07:35.380576,24/09/26,14:7:35
26715,0.13,26.715,134.7557551937114,12765081257,2026-09-24 14:08:02.095576,24/09/26,14:8:2
26660,0.14,26.66,135.0337584396099,12765107917,2026-09-24 14:08:28.755576,24/09/26,14:8:28
26617,0.14,26.617,135.2519066761844,12765134534,2026-09-24 14:08:55.372576,24/09/26,14:8:55
26936,0.13,26.936,133.65013365013365,12765161470,2026-09-24 14:09:22.308576,24/09/26,14:9:22
27119,0.13,27.119,132.74825767911796,12765188589,2026-09-24 14:09:49.427576,24/09/26,14:9:49
27162,0.13,27.162,132.5381047051027,12765215751,2026-09-24 14:10:16.589576,24/09/26,14:10:16
27211,0.13,27.211,132.29943772738966,12765242962,2026-09-24 14:10:43.800576,24/09/26,14:10:43
25743,0.14,25.743,139.84384104416733,12765268705,2026-09-24 14:11:09.543576,24/09/26,14:11:9
17220,0.21,17.22,209.05923344947735,12765285925,2026-09-24 14:11:26.763576,24/09/26,14:11:26
16464,0.22,16.464,218.6588921282799,12765302389,2026-09-24 14:11:43.227576,24/09/26,14:11:43
16765,0.21,16.765,214.7330748583358,12765319154,2026-09-24 14:11:59.992576,24/09/26,14:11:59
16778,0.21,16.778,214.5666944808678,12765335932,2026-09-24 14:12:16.770576,24/09/26,14:12:16
16821,0.21,16.821,214.01819154628143,12765352753,2026-09-24 14:12:33.591576,24/09/26,14:12:33
16993,0.21,16.993,211.85193903371976,12765369746,2026-09-24 14:12:50.584576,24/09/26,14:12:50
17057,0.21,17.057,211.05704402884447,12765386803,2026-09-24 14:13:07.641576,24/09/26,14:13:7
17034,0.21,17.034,211.34202183867558,12765403837,2026-09-24 14:13:24.675576,24/09/26,14:13:24
17314,0.21,17.314,207.92422317199953,12765421151,2026-09-24 14:13:41.989576,24/09/26,14:13:41
17890,0.2,17.89,201.22973728339855,12765439041,2026-09-24 14:13:59.879576,24/09/26,14:13:59
18452,0.19,18.452,195.10080208107522,12765457493,2026-09-24 14:14:18.331576,24/09/26,14:14:18
16989,0.21,16.989,211.9018188239449,12765474482,2026-09-24 14:14:35.320576,24/09/26,14:14:35
18365,0.2,18.365,196.02504764497687,12765492847,2026-09-24 14:14:53.685576,24/09/26,14:14:53
19324,0.19,19.324,186.29683295383978,12765512171,2026-09-24 14:15:13.009576,24/09/26,14:15:13
19280,0.19,19.28,186.7219917012448,12765531451,2026-09-24 14:15:32.289576,24/09/26,14:15:32
19433,0.19,19.433,185.2518911130551,12765550884,2026-09-24 14:15:51.722576,24/09/26,14:15:51
19416,0.19,19.416,185.4140914709518,12765570300,2026-09-24 14:16:11.138576,24/09/26,14:16:11
16967,0.21,16.967,212.17657806329936,12765587267,2026-09-24 14:16:28.105576,24/09/26,14:16:28
17778,0.2,17.778,202.49746878164024,12765605045,2026-09-24 14:16:45.883576,24/09/26,14:16:45
17669,0.2,17.669,203.74667496745712,12765622714,2026-09-24 14:17:03.552576,24/09/26,14:17:3
18182,0.2,18.182,197.9980200197998,12765640896,2026-09-24 14:17:21.734576,24/09/26,14:17:21
18226,0.2,18.226,197.52002633600353,12765659122,2026-09-24 14:17:39.960576,24/09/26,14:17:39
17898,0.2,17.898,201.1397921555481,12765677020,2026-09-24 14:17:57.858576,24/09/26,14:17:57
17888,0.2,17.888,201.25223613595708,12765694908,2026-09-24 14:18:15.746576,24/09/26,14:18:15
18131,0.2,18.131,198.5549611163201,12765713039,2026-09-24 14:18:33.877576,24/09/26,14:18:33
17384,0.21,17.384,207.08697653014266,12765730423,2026-09-24 14:18:51.261576,24/09/26,14:18:51
22738,0.16,22.738,158.32527047233705,12765753161,2026-09-24 14:19:13.999576,24/09/26,14:19:13
23764,0.15,23.764,151.48964820737248,12765776925,2026-09-24 14:19:37.763576,24/09/26,14:19:37
23748,0.15,23.748,151.59171298635675,12765800673,2026-09-24 14:20:01.511576,24/09/26,14:20:1
22752,0.16,22.752,158.22784810126583,12765823425,2026-09-24 14:20:24.263576,24/09/26,14:20:24
23308,0.15,23.308,154.45340655568904,12765846733,2026-09-24 14:20:47.571576,24/09/26,14:20:47
23056,0.16,23.056,156.1415683553088,12765869789,2026-09-24 14:21:10.627576,24/09/26,14:21:10
22766,0.16,22.766,158.13054555038215,12765892555,2026-09-24 14:21:33.393576,24/09/26,14:21:33
23195,0.16,23.195,155.2058633326148,12765915750,2026-09-24 14:21:56.588576,24/09/26,14:21:56
23241,0.15,23.241,154.8986704530786,12765938991,2026-09-24 14:22:19.829576,24/09/26,14:22:19
23637,0.15,23.637,152.30359182637392,12765962628,2026-09-24 14:22:43.466576,24/09/26,14:22:43
23738,0.15,23.738,151.65557334232034,12765986366,2026-09-24 14:23:07.204576,24/09/26,14:23:7
22874,0.16,22.874,157.38392935210283,12766009240,2026-09-24 14:23:30.078576,24/09/26,14:23:30
23037,0.16,23.037,156.27034770152363,12766032277,2026-09-24 14:23:53.115576,24/09/26,14:23:53
22719,0.16,22.719,158.4576785950086,12766054996,2026-09-24 14:24:15.834576,24/09/26,14:24:15
23069,0.16,23.069,156.05357839524905,12766078065,2026-09-24 14:24:38.903576,24/09/26,14:24:38
23487,0.15,23.487,153.2762804955933,12766101552,2026-09-24 14:25:02.390576,24/09/26,14:25:2
23568,0.15,23.568,152.74949083503054,12766125120,2026-09-24 14:25:25.958576,24/09/26,14:25:25
23659,0.15,23.659,152.1619679614523,12766148779,2026-09-24 14:25:49.617576,24/09/26,14:25:49
23281,0.15,23.281,154.63253296679696,12766172060,2026-09-24 14:26:12.898576,24/09/26,14:26:12
23342,0.15,23.342,154.22842944049353,12766195402,2026-09-24 14:26:36.240576,24/09/26,14:26:36
23587,0.15,23.587,152.6264467715267,12766218989,2026-09-24 14:26:59.827576,24/09/26,14:26:59
23512,0.15,23.512,153.11330384484518,12766242501,2026-09-24 14:27:23.339576,24/09/26,14:27:23
23294,0.15,23.294,154.54623508199538,12766265795,2026-09-24 14:27:46.633576,24/09/26,14:27:46
23487,0.15,23.487,153.2762804955933,12766289282,2026-09-24 14:28:10.120576,24/09/26,14:28:10
23435,0.15,23.435,153.6163857478131,12766312717,2026-09-24 14:28:33.555576,24/09/26,14:28:33
23214,0.16,23.214,155.07883173946757,12766335931,2026-09-24 14:28:56.769576,24/09/26,14:28:56
23547,0.15,23.547,152.88571792585043,12766359478,2026-09-24 14:29:20.316576,24/09/26,14:29:20
23666,0.15,23.666,152.1169610411561,12766383144,2026-09-24 14:29:43.982576,24/09/26,14:29:43
23795,0.15,23.795,151.2922882958605,12766406939,2026-09-24 14:30:07.777576,24/09/26,14:30:7
23721,0.15,23.721,151.76425951688378,12766430660,2026-09-24 14:30:31.498576,24/09/26,14:30:31
23892,0.15,23.892,150.67805123053742,12766454552,2026-09-24 14:30:55.390576,24/09/26,14:30:55
23814,0.15,23.814,151.17157974300832,12766478366,2026-09-24 14:31:19.204576,24/09/26,14:31:19
23810,0.15,23.81,151.1969760604788,12766502176,2026-09-24 14:31:43.014576,24/09/26,14:31:43
23813,0.15,23.813,151.17792802250872,12766525989,2026-09-24 14:32:06.827576,24/09/26,14:32:6
23781,0.15,23.781,151.38135486312603,12766549770,2026-09-24 14:32:30.608576,24/09/26,14:32:30
23537,0.15,23.537,152.95067340782597,12766573307,2026-09-24 14:32:54.145576,24/09/26,14:32:54
23432,0.15,23.432,153.63605326049847,12766596739,2026-09-24 14:33:17.577576,24/09/26,14:33:17
23303,0.15,23.303,154.4865467965498,12766620042,2026-09-24 14:33:40.880576,24/09/26,14:33:40
23477,0.15,23.477,153.3415683434851,12766643519,2026-09-24 14:34:04.357576,24/09/26,14:34:4
23307,0.15,23.307,154.46003346634058,12766666826,2026-09-24 14:34:27.664576,24/09/26,14:34:27
23495,0.15,23.495,153.22409023196425,12766690321,2026-09-24 14:34:51.159576,24/09/26,14:34:51
23356,0.15,23.356,154.13598218873094,12766713677,2026-09-24 14:35:14.515576,24/09/26,14:35:14
23505,0.15,23.505,153.15890236119975,12766737182,2026-09-24 14:35:38.020576,24/09/26,14:35:38
23535,0.15,23.535,152.96367112810708,12766760717,2026-09-24 14:36:01.555576,24/09/26,14:36:1
23370,0.15,23.37,154.0436456996149,12766784087,2026-09-24 14:36:24.925576,24/09/26,14:36:24
23649,0.15,23.649,152.2263097805404,12766807736,2026-09-24 14:36:48.574576,24/09/26,14:36:48
23399,0.15,23.399,153.85272874909185,12766831135,2026-09-24 14:37:11.973576,24/09/26,14:37:11
23543,0.15,23.543,152.91169349700547,12766854678,2026-09-24 14:37:35.516576,24/09/26,14:37:35
23662,0.15,23.662,152.14267602062378,12766878340,2026-09-24 14:37:59.178576,24/09/26,14:37:59
23321,0.15,23.321,154.3673084344582,12766901661,2026-09-24 14:38:22.499576,24/09/26,14:38:22
23280,0.15,23.28,154.63917525773195,12766924941,2026-09-24 14:38:45.779576,24/09/26,14:38:45
23331,0.15,23.331,154.3011444001543,12766948272,2026-09-24 14:39:09.110576,24/09/26,14:39:9
23744,0.15,23.744,151.61725067385444,12766972016,2026-09-24 14:39:32.854576,24/09/26,14:39:32
23022,0.16,23.022,156.3721657544957,12766995038,2026-09-24 14:39:55.876576,24/09/26,14:39:55
22743,0.16,22.743,158.29046299960427,12767017781,2026-09-24 14:40:18.619576,24/09/26,14:40:18
22854,0.16,22.854,157.52165922814387,12767040635,2026-09-24 14:40:41.473576,24/09/26,14:40:41
23721,0.15,23.721,151.76425951688378,12767064356,2026-09-24 14:41:05.194576,24/09/26,14:41:5
23510,0.15,23.51,153.12632922160782,12767087866,2026-09-24 14:41:28.704576,24/09/26,14:41:28
23699,0.15,23.699,151.9051436769484,12767111565,2026-09-24 14:41:52.403576,24/09/26,14:41:52
23639,0.15,23.639,152.29070603663436,12767135204,2026-09-24 14:42:16.042576,24/09/26,14:42:16
23159,0.16,23.159,155.4471263871497,12767158363,2026-09-24 14:42:39.201576,24/09/26,14:42:39
23508,0.15,23.508,153.1393568147014,12767181871,2026-09-24 14:43:02.709576,24/09/26,14:43:2
23474,0.15,23.474,153.36116554485815,12767205345,2026-09-24 14:43:26.183576,24/09/26,14:43:26
23538,0.15,23.538,152.94417537598775,12767228883,2026-09-24 14:43:49.721576,24/09/26,14:43:49
23684,0.15,23.684,152.00135112312108,12767252567,2026-09-24 14:44:13.405576,24/09/26,14:44:13
23994,0.15,23.994,150.03750937734435,12767276561,2026-09-24 14:44:37.399576,24/09/26,14:44:37
24017,0.15,24.017,149.89382520714494,12767300578,2026-09-24 14:45:01.416576,24/09/26,14:45:1
24161,0.15,24.161,149.0004552791689,12767324739,2026-09-24 14:45:25.577576,24/09/26,14:45:25
24449,0.15,24.449,147.24528610577119,12767349188,2026-09-24 14:45:50.026576,24/09/26,14:45:50
24415,0.15,24.415,147.45033790702436,12767373603,2026-09-24 14:46:14.441576,24/09/26,14:46:14
24445,0.15,24.445,147.26938024135816,12767398048,2026-09-24 14:46:38.886576,24/09/26,14:46:38
24406,0.15,24.406,147.50471195607636,12767422454,2026-09-24 14:47:03.292576,24/09/26,14:47:3
23926,0.15,23.926,150.46393045222771,12767446380,2026-09-24 14:47:27.218576,24/09/26,14:47:27
23609,0.15,23.609,152.48422211868356,12767469989,2026-09-24 14:47:50.827576,24/09/26,14:47:50
22973,0.16,22.973,156.70569799329647,12767492962,2026-09-24 14:48:13.800576,24/09/26,14:48:13
23476,0.15,23.476,153.34810018742544,12767516438,2026-09-24 14:48:37.276576,24/09/26,14:48:37
24212,0.15,24.212,148.68660168511482,12767540650,2026-09-24 14:49:01.488576,24/09/26,14:49:1
23547,0.15,23.547,152.88571792585043,12767564197,2026-09-24 14:49:25.035576,24/09/26,14:49:25
24132,0.15,24.132,149.17951268025857,12767588329,2026-09-24 14:49:49.167576,24/09/26,14:49:49
23294,0.15,23.294,154.54623508199538,12767611623,2026-09-24 14:50:12.461576,24/09/26,14:50:12
23106,0.16,23.106,155.80368735393404,12767634729,2026-09-24 14:50:35.567576,24/09/26,14:50:35
23449,0.15,23.449,153.52467056164443,12767658178,2026-09-24 14:50:59.016576,24/09/26,14:50:59
23211,0.16,23.211,155.09887553315238,12767681389,2026-09-24 14:51:22.227576,24/09/26,14:51:22
23021,0.16,23.021,156.37895834238304,12767704410,2026-09-24 14:51:45.248576,24/09/26,14:51:45
23007,0.16,23.007,156.47411657321686,12767727417,2026-09-24 14:52:08.255576,24/09/26,14:52:8
23163,0.16,23.163,155.42028234684625,12767750580,2026-09-24 14:52:31.418576,24/09/26,14:52:31
23266,0.15,23.266,154.7322272844494,12767773846,2026-09-24 14:52:54.684576,24/09/26,14:52:54
23193,0.16,23.193,155.21924718665113,12767797039,2026-09-24 14:53:17.877576,24/09/26,14:53:17
18217,0.2,18.217,197.61760992479552,12767815256,2026-09-24 14:53:36.094576,24/09/26,14:53:36
15425,0.23,15.425,233.387358184765,12767830681,2026-09-24 14:53:51.519576,24/09/26,14:53:51
15226,0.24,15.226,236.43767240246947,12767845907,2026-09-24 14:54:06.745576,24/09/26,14:54:6
15413,0.23,15.413,233.56906507493673,12767861320,2026-09-24 14:54:22.158576,24/09/26,14:54:22
15483,0.23,15.483,232.5130788606859,12767876803,2026-09-24 14:54:37.641576,24/09/26,14:54:37
15392,0.23,15.392,233.8877338877339,12767892195,2026-09-24 14:54:53.033576,24/09/26,14:54:53
15465,0.23,15.465,232.78370514064017,12767907660,2026-09-24 14:55:08.498576,24/09/26,14:55:8
15502,0.23,15.502,232.2280996000516,12767923162,2026-09-24 14:55:24.000576,24/09/26,14:55:24
15567,0.23,15.567,231.25843129697438,12767938729,2026-09-24 14:55:39.567576,24/09/26,14:55:39
15828,0.23,15.828,227.44503411675512,12767954557,2026-09-24 14:55:55.395576,24/09/26,14:55:55
15797,0.23,15.797,227.8913717794518,12767970354,2026-09-24 14:56:11.192576,24/09/26,14:56:11
15706,0.23,15.706,229.21176620399848,12767986060,2026-09-24 14:56:26.898576,24/09/26,14:56:26
15415,0.23,15.415,233.53876094712942,12768001475,2026-09-24 14:56:42.313576,24/09/26,14:56:42
15618,0.23,15.618,230.5032654629274,12768017093,2026-09-24 14:56:57.931576,24/09/26,14:56:57
15559,0.23,15.559,231.3773378751848,12768032652,2026-09-24 14:57:13.490576,24/09/26,14:57:13
15024,0.24,15.024,239.61661341853036,12768047676,2026-09-24 14:57:28.514576,24/09/26,14:57:28
15458,0.23,15.458,232.88911890283347,12768063134,2026-09-24 14:57:43.972576,24/09/26,14:57:43
15736,0.23,15.736,228.7747839349263,12768078870,2026-09-24 14:57:59.708576,24/09/26,14:57:59
15630,0.23,15.63,230.32629558541268,12768094500,2026-09-24 14:58:15.338576,24/09/26,14:58:15
15576,0.23,15.576,231.12480739599383,12768110076,2026-09-24 14:58:30.914576,24/09/26,14:58:30
15802,0.23,15.802,227.8192633843817,12768125878,2026-09-24 14:58:46.716576,24/09/26,14:58:46
15844,0.23,15.844,227.21534965917698,12768141722,2026-09-24 14:59:02.560576,24/09/26,14:59:2
15802,0.23,15.802,227.8192633843817,12768157524,2026-09-24 14:59:18.362576,24/09/26,14:59:18
15910,0.23,15.91,226.27278441231928,12768173434,2026-09-24 14:59:34.272576,24/09/26,14:59:34
15922,0.23,15.922,226.1022484612486,12768189356,2026-09-24 14:59:50.194576,24/09/26,14:59:50
15780,0.23,15.78,228.13688212927758,12768205136,2026-09-24 15:00:05.974576,24/09/26,15:0:5
15760,0.23,15.76,228.4263959390863,12768220896,2026-09-24 15:00:21.734576,24/09/26,15:0:21
15701,0.23,15.701,229.28475893255208,12768236597,2026-09-24 15:00:37.435576,24/09/26,15:0:37
15941,0.22,15.941,225.8327582962173,12768252538,2026-09-24 15:00:53.376576,24/09/26,15:0:53
15873,0.23,15.873,226.8002268002268,12768268411,2026-09-24 15:01:09.249576,24/09/26,15:1:9
22966,0.16,22.966,156.75346163894451,12768291377,2026-09-24 15:01:32.215576,24/09/26,15:1:32
23140,0.16,23.14,155.57476231633535,12768314517,2026-09-24 15:01:55.355576,24/09/26,15:1:55
22925,0.16,22.925,157.03380588876772,12768337442,2026-09-24 15:02:18.280576,24/09/26,15:2:18
22571,0.16,22.571,159.49669930441718,12768360013,2026-09-24 15:02:40.851576,24/09/26,15:2:40
22430,0.16,22.43,160.49933125278645,12768382443,2026-09-24 15:03:03.281576,24/09/26,15:3:3
22784,0.16,22.784,158.0056179775281,12768405227,2026-09-24 15:03:26.065576,24/09/26,15:3:26
22725,0.16,22.725,158.41584158415841,12768427952,2026-09-24 15:03:48.790576,24/09/26,15:3:48
22610,0.16,22.61,159.2215833701902,12768450562,2026-09-24 15:04:11.400576,24/09/26,15:4:11
22485,0.16,22.485,160.1067378252168,12768473047,2026-09-24 15:04:33.885576,24/09/26,15:4:33
22162,0.16,22.162,162.44021297716813,12768495209,2026-09-24 15:04:56.047576,24/09/26,15:4:56
22468,0.16,22.468,160.22787965105928,12768517677,2026-09-24 15:05:18.515576,24/09/26,15:5:18
22815,0.16,22.815,157.79092702169626,12768540492,2026-09-24 15:05:41.330576,24/09/26,15:5:41
23340,0.15,23.34,154.24164524421593,12768563832,2026-09-24 15:06:04.670576,24/09/26,15:6:4
22625,0.16,22.625,159.11602209944752,12768586457,2026-09-24 15:06:27.295576,24/09/26,15:6:27
22825,0.16,22.825,157.72179627601315,12768609282,2026-09-24 15:06:50.120576,24/09/26,15:6:50
23088,0.16,23.088,155.92515592515593,12768632370,2026-09-24 15:07:13.208576,24/09/26,15:7:13
22791,0.16,22.791,157.95708832433854,12768655161,2026-09-24 15:07:35.999576,24/09/26,15:7:35
23228,0.15,23.228,154.98536249354228,12768678389,2026-09-24 15:07:59.227576,24/09/26,15:7:59
22823,0.16,22.823,157.73561757875828,12768701212,2026-09-24 15:08:22.050576,24/09/26,15:8:22
22930,0.16,22.93,156.99956389010032,12768724142,2026-09-24 15:08:44.980576,24/09/26,15:8:44
23009,0.16,23.009,156.4605154504759,12768747151,2026-09-24 15:09:07.989576,24/09/26,15:9:7
23181,0.16,23.181,155.29959880936974,12768770332,2026-09-24 15:09:31.170576,24/09/26,15:9:31
23386,0.15,23.386,153.93825365603354,12768793718,2026-09-24 15:09:54.556576,24/09/26,15:9:54
23393,0.15,23.393,153.89218997135896,12768817111,2026-09-24 15:10:17.949576,24/09/26,15:10:17
23325,0.15,23.325,154.34083601286173,12768840436,2026-09-24 15:10:41.274576,24/09/26,15:10:41
23244,0.15,23.244,154.87867836861125,12768863680,2026-09-24 15:11:04.518576,24/09/26,15:11:4
23154,0.16,23.154,155.48069448043535,12768886834,2026-09-24 15:11:27.672576,24/09/26,15:11:27
22910,0.16,22.91,157.1366215626364,12768909744,2026-09-24 15:11:50.582576,24/09/26,15:11:50
22737,0.16,22.737,158.33223380393193,12768932481,2026-09-24 15:12:13.319576,24/09/26,15:12:13
23266,0.15,23.266,154.7322272844494,12768955747,2026-09-24 15:12:36.585576,24/09/26,15:12:36
23347,0.15,23.347,154.1953998372382,12768979094,2026-09-24 15:12:59.932576,24/09/26,15:12:59
23193,0.16,23.193,155.21924718665113,12769002287,2026-09-24 15:13:23.125576,24/09/26,15:13:23
22774,0.16,22.774,158.0749978045139,12769025061,2026-09-24 15:13:45.899576,24/09/26,15:13:45
22819,0.16,22.819,157.76326745256145,12769047880,2026-09-24 15:14:08.718576,24/09/26,15:14:8
22700,0.16,22.7,158.59030837004406,12769070580,2026-09-24 15:14:31.418576,24/09/26,15:14:31
22534,0.16,22.534,159.75858702405253,12769093114,2026-09-24 15:14:53.952576,24/09/26,15:14:53
22180,0.16,22.18,162.30838593327323,12769115294,2026-09-24 15:15:16.132576,24/09/26,15:15:16
22090,0.16,22.09,162.96966953372566,12769137384,2026-09-24 15:15:38.222576,24/09/26,15:15:38
21531,0.17,21.531,167.20078027030792,12769158915,2026-09-24 15:15:59.753576,24/09/26,15:15:59
21280,0.17,21.28,169.17293233082708,12769180195,2026-09-24 15:16:21.033576,24/09/26,15:16:21
21079,0.17,21.079,170.78609042174676,12769201274,2026-09-24 15:16:42.112576,24/09/26,15:16:42
21471,0.17,21.471,167.66801732569513,12769222745,2026-09-24 15:17:03.583576,24/09/26,15:17:3
21348,0.17,21.348,168.63406408094434,12769244093,2026-09-24 15:17:24.931576,24/09/26,15:17:24
21317,0.17,21.317,168.8792982126941,12769265410,2026-09-24 15:17:46.248576,24/09/26,15:17:46
21307,0.17,21.307,168.9585582203032,12769286717,2026-09-24 15:18:07.555576,24/09/26,15:18:7
21234,0.17,21.234,169.53941791466517,12769307951,2026-09-24 15:18:28.789576,24/09/26,15:18:28
21182,0.17,21.182,169.9556226985176,12769329133,2026-09-24 15:18:49.971576,24/09/26,15:18:49
21288,0.17,21.288,169.10935738444195,12769350421,2026-09-24 15:19:11.259576,24/09/26,15:19:11
20999,0.17,20.999,171.436735082623,12769371420,2026-09-24 15:19:32.258576,24/09/26,15:19:32
21318,0.17,21.318,168.87137630171685,12769392738,2026-09-24 15:19:53.576576,24/09/26,15:19:53
21435,0.17,21.435,167.94961511546535,12769414173,2026-09-24 15:20:15.011576,24/09/26,15:20:15
21032,0.17,21.032,171.1677443895017,12769435205,2026-09-24 15:20:36.043576,24/09/26,15:20:36
21291,0.17,21.291,169.08552909680145,12769456496,2026-09-24 15:20:57.334576,24/09/26,15:20:57
21293,0.17,21.293,169.06964730193022,12769477789,2026-09-24 15:21:18.627576,24/09/26,15:21:18
21322,0.17,21.322,168.83969608854704,12769499111,2026-09-24 15:21:39.949576,24/09/26,15:21:39
21180,0.17,21.18,169.97167138810198,12769520291,2026-09-24 15:22:01.129576,24/09/26,15:22:1
21260,0.17,21.26,169.33207902163687,12769541551,2026-09-24 15:22:22.389576,24/09/26,15:22:22
21232,0.17,21.232,169.55538809344387,12769562783,2026-09-24 15:22:43.621576,24/09/26,15:22:43
21508,0.17,21.508,167.37957969127766,12769584291,2026-09-24 15:23:05.129576,24/09/26,15:23:5
21337,0.17,21.337,168.72100107793972,12769605628,2026-09-24 15:23:26.466576,24/09/26,15:23:26
21545,0.17,21.545,167.09213274541656,12769627173,2026-09-24 15:23:48.011576,24/09/26,15:23:48
21475,0.17,21.475,167.63678696158323,12769648648,2026-09-24 15:24:09.486576,24/09/26,15:24:9
21274,0.17,21.274,169.22064491868008,12769669922,2026-09-24 15:24:30.760576,24/09/26,15:24:30
21354,0.17,21.354,168.58668165214948,12769691276,2026-09-24 15:24:52.114576,24/09/26,15:24:52
21429,0.17,21.429,167.99664006719865,12769712705,2026-09-24 15:25:13.543576,24/09/26,15:25:13
21018,0.17,21.018,171.2817584927205,12769733723,2026-09-24 15:25:34.561576,24/09/26,15:25:34
21209,0.17,21.209,169.73926163421189,12769754932,2026-09-24 15:25:55.770576,24/09/26,15:25:55
21262,0.17,21.262,169.31615087950334,12769776194,2026-09-24 15:26:17.032576,24/09/26,15:26:17
21237,0.17,21.237,169.51546828648114,12769797431,2026-09-24 15:26:38.269576,24/09/26,15:26:38
20878,0.17,20.878,172.43030941661078,12769818309,2026-09-24 15:26:59.147576,24/09/26,15:26:59
21587,0.17,21.587,166.76703571594015,12769839896,2026-09-24 15:27:20.734576,24/09/26,15:27:20
21299,0.17,21.299,169.02201981313678,12769861195,2026-09-24 15:27:42.033576,24/09/26,15:27:42
21327,0.17,21.327,168.80011253340837,12769882522,2026-09-24 15:28:03.360576,24/09/26,15:28:3
21230,0.17,21.23,169.57136128120584,12769903752,2026-09-24 15:28:24.590576,24/09/26,15:28:24
21562,0.17,21.562,166.96039328448197,12769925314,2026-09-24 15:28:46.152576,24/09/26,15:28:46
21995,0.16,21.995,163.6735621732212,12769947309,2026-09-24 15:29:08.147576,24/09/26,15:29:8
21897,0.16,21.897,164.40608302507192,12769969206,2026-09-24 15:29:30.044576,24/09/26,15:29:30
21907,0.16,21.907,164.33103574200027,12769991113,2026-09-24 15:29:51.951576,24/09/26,15:29:51
22084,0.16,22.084,163.01394674877739,12770013197,2026-09-24 15:30:14.035576,24/09/26,15:30:14
21664,0.17,21.664,166.17429837518463,12770034861,2026-09-24 15:30:35.699576,24/09/26,15:30:35
21907,0.16,21.907,164.33103574200027,12770056768,2026-09-24 15:30:57.606576,24/09/26,15:30:57
21855,0.16,21.855,164.7220315717227,12770078623,2026-09-24 15:31:19.461576,24/09/26,15:31:19
21579,0.17,21.579,166.828861393021,12770100202,2026-09-24 15:31:41.040576,24/09/26,15:31:41
21956,0.16,21.956,163.96429222080525,12770122158,2026-09-24 15:32:02.996576,24/09/26,15:32:2
21928,0.16,21.928,164.17365924844947,12770144086,2026-09-24 15:32:24.924576,24/09/26,15:32:24
21913,0.16,21.913,164.28604025007985,12770165999,2026-09-24 15:32:46.837576,24/09/26,15:32:46
22156,0.16,22.156,162.48420292471565,12770188155,2026-09-24 15:33:08.993576,24/09/26,15:33:8
21812,0.17,21.812,165.04676324958737,12770209967,2026-09-24 15:33:30.805576,24/09/26,15:33:30
21834,0.16,21.834,164.88046166529267,12770231801,2026-09-24 15:33:52.639576,24/09/26,15:33:52
21980,0.16,21.98,163.7852593266606,12770253781,2026-09-24 15:34:14.619576,24/09/26,15:34:14
21857,0.16,21.857,164.70695886901223,12770275638,2026-09-24 15:34:36.476576,24/09/26,15:34:36
22038,0.16,22.038,163.35420637081404,12770297676,2026-09-24 15:34:58.514576,24/09/26,15:34:58
20829,0.17,20.829,172.83594987757454,12770318505,2026-09-24 15:35:19.343576,24/09/26,15:35:19
12988,0.28,12.988,277.1789344009855,12770331493,2026-09-24 15:35:32.331576,24/09/26,15:35:32
14586,0.25,14.586,246.81201151789386,12770346079,2026-09-24 15:35:46.917576,24/09/26,15:35:46
14658,0.25,14.658,245.59967253376996,12770360737,2026-09-24 15:36:01.575576,24/09/26,15:36:1
14788,0.24,14.788,243.44062753583987,12770375525,2026-09-24 15:36:16.363576,24/09/26,15:36:16
14736,0.24,14.736,244.29967426710098,12770390261,2026-09-24 15:36:31.099576,24/09/26,15:36:31
14690,0.25,14.69,245.0646698434309,12770404951,2026-09-24 15:36:45.789576,24/09/26,15:36:45
14704,0.24,14.704,244.83133841131664,12770419655,2026-09-24 15:37:00.493576,24/09/26,15:37:0
14863,0.24,14.863,242.2122048038754,12770434518,2026-09-24 15:37:15.356576,24/09/26,15:37:15
15022,0.24,15.022,239.64851551058447,12770449540,2026-09-24 15:37:30.378576,24/09/26,15:37:30
14951,0.24,14.951,240.78656946023676,12770464491,2026-09-24 15:37:45.329576,24/09/26,15:37:45
15077,0.24,15.077,238.77429196789814,12770479568,2026-09-24 15:38:00.406576,24/09/26,15:38:0
14985,0.24,14.985,240.24024024024024,12770494553,2026-09-24 15:38:15.391576,24/09/26,15:38:15
15061,0.24,15.061,239.02795299116926,12770509614,2026-09-24 15:38:30.452576,24/09/26,15:38:30
15030,0.24,15.03,239.52095808383234,12770524644,2026-09-24 15:38:45.482576,24/09/26,15:38:45
15079,0.24,15.079,238.7426221898004,12770539723,2026-09-24 15:39:00.561576,24/09/26,15:39:0
15061,0.24,15.061,239.02795299116926,12770554784,2026-09-24 15:39:15.622576,24/09/26,15:39:15
15188,0.24,15.188,237.029233605478,12770569972,2026-09-24 15:39:30.810576,24/09/26,15:39:30
15157,0.24,15.157,237.51401992478722,12770585129,2026-09-24 15:39:45.967576,24/09/26,15:39:45
15191,0.24,15.191,236.9824238035679,12770600320,2026-09-24 15:40:01.158576,24/09/26,15:40:1
15263,0.23,15.263,235.86450894319597,12770615583,2026-09-24 15:40:16.421576,24/09/26,15:40:16
15198,0.24,15.198,236.8732727990525,12770630781,2026-09-24 15:40:31.619576,24/09/26,15:40:31
15211,0.24,15.211,236.67083032016305,12770645992,2026-09-24 15:40:46.830576,24/09/26,15:40:46
15457,0.23,15.457,232.90418580578378,12770661449,2026-09-24 15:41:02.287576,24/09/26,15:41:2
15561,0.23,15.561,231.3475997686524,12770677010,2026-09-24 15:41:17.848576,24/09/26,15:41:17
16122,0.22,16.122,223.2973576479345,12770693132,2026-09-24 15:41:33.970576,24/09/26,15:41:33
16000,0.22,16.0,225.0,12770709132,2026-09-24 15:41:49.970576,24/09/26,15:41:49
16300,0.22,16.3,220.85889570552146,12770725432,2026-09-24 15:42:06.270576,24/09/26,15:42:6
16312,0.22,16.312,220.69641981363412,12770741744,2026-09-24 15:42:22.582576,24/09/26,15:42:22
16269,0.22,16.269,221.27973446431864,12770758013,2026-09-24 15:42:38.851576,24/09/26,15:42:38
16360,0.22,16.36,220.04889975550122,12770774373,2026-09-24 15:42:55.211576,24/09/26,15:42:55
23493,0.15,23.493,153.23713446558548,12770797866,2026-09-24 15:43:18.704576,24/09/26,15:43:18
23957,0.15,23.957,150.26923237467128,12770821823,2026-09-24 15:43:42.661576,24/09/26,15:43:42
23853,0.15,23.853,150.92441202364483,12770845676,2026-09-24 15:44:06.514576,24/09/26,15:44:6
22453,0.16,22.453,160.3349218367256,12770868129,2026-09-24 15:44:28.967576,24/09/26,15:44:28
23074,0.16,23.074,156.0197625032504,12770891203,2026-09-24 15:44:52.041576,24/09/26,15:44:52
23261,0.15,23.261,154.7654872963329,12770914464,2026-09-24 15:45:15.302576,24/09/26,15:45:15
23310,0.15,23.31,154.44015444015443,12770937774,2026-09-24 15:45:38.612576,24/09/26,15:45:38
23558,0.15,23.558,152.81433058833517,12770961332,2026-09-24 15:46:02.170576,24/09/26,15:46:2
23610,0.15,23.61,152.47776365946632,12770984942,2026-09-24 15:46:25.780576,24/09/26,15:46:25
22093,0.16,22.093,162.9475399447789,12771007035,2026-09-24 15:46:47.873576,24/09/26,15:46:47
21635,0.17,21.635,166.39704183036747,12771028670,2026-09-24 15:47:09.508576,24/09/26,15:47:9
21205,0.17,21.205,169.77128035840605,12771049875,2026-09-24 15:47:30.713576,24/09/26,15:47:30
21572,0.17,21.572,166.8829964769145,12771071447,2026-09-24 15:47:52.285576,24/09/26,15:47:52
21332,0.17,21.332,168.76054753422088,12771092779,2026-09-24 15:48:13.617576,24/09/26,15:48:13
21251,0.17,21.251,169.4037927626935,12771114030,2026-09-24 15:48:34.868576,24/09/26,15:48:34
21057,0.17,21.057,170.96452486109132,12771135087,2026-09-24 15:48:55.925576,24/09/26,15:48:55
21187,0.17,21.187,169.91551423042432,12771156274,2026-09-24 15:49:17.112576,24/09/26,15:49:17
21070,0.17,21.07,170.85904129093498,12771177344,2026-09-24 15:49:38.182576,24/09/26,15:49:38
21298,0.17,21.298,169.02995586440042,12771198642,2026-09-24 15:49:59.480576,24/09/26,15:49:59
21216,0.17,21.216,169.68325791855204,12771219858,2026-09-24 15:50:20.696576,24/09/26,15:50:20
21073,0.17,21.073,170.83471741090494,12771240931,2026-09-24 15:50:41.769576,24/09/26,15:50:41
21195,0.17,21.195,169.85138004246284,12771262126,2026-09-24 15:51:02.964576,24/09/26,15:51:2
21076,0.17,21.076,170.8104004554944,12771283202,2026-09-24 15:51:24.040576,24/09/26,15:51:24
21142,0.17,21.142,170.27717339892158,12771304344,2026-09-24 15:51:45.182576,24/09/26,15:51:45
21358,0.17,21.358,168.5551081561944,12771325702,2026-09-24 15:52:06.540576,24/09/26,15:52:6
21261,0.17,21.261,169.3241145759842,12771346963,2026-09-24 15:52:27.801576,24/09/26,15:52:27
21388,0.17,21.388,168.3186833738545,12771368351,2026-09-24 15:52:49.189576,24/09/26,15:52:49
21412,0.17,21.412,168.13002054922472,12771389763,2026-09-24 15:53:10.601576,24/09/26,15:53:10
21400,0.17,21.4,168.22429906542055,12771411163,2026-09-24 15:53:32.001576,24/09/26,15:53:32
20728,0.17,20.728,173.67811655731379,12771431891,2026-09-24 15:53:52.729576,24/09/26,15:53:52
20674,0.17,20.674,174.1317596981716,12771452565,2026-09-24 15:54:13.403576,24/09/26,15:54:13
20053,0.18,20.053,179.52426070912082,12771472618,2026-09-24 15:54:33.456576,24/09/26,15:54:33
20523,0.17,20.523,175.412951322906,12771493141,2026-09-24 15:54:53.979576,24/09/26,15:54:53
20875,0.17,20.875,172.4550898203593,12771514016,2026-09-24 15:55:14.854576,24/09/26,15:55:14
20688,0.17,20.688,174.0139211136891,12771534704,2026-09-24 15:55:35.542576,24/09/26,15:55:35
20815,0.17,20.815,172.95219793418207,12771555519,2026-09-24 15:55:56.357576,24/09/26,15:55:56
20998,0.17,20.998,171.44489951423944,12771576517,2026-09-24 15:56:17.355576,24/09/26,15:56:17
20800,0.17,20.8,173.07692307692307,12771597317,2026-09-24 15:56:38.155576,24/09/26,15:56:38
21053,0.17,21.053,170.99700755236785,12771618370,2026-09-24 15:56:59.208576,24/09/26,15:56:59
20793,0.17,20.793,173.13518972731208,12771639163,2026-09-24 15:57:20.001576,24/09/26,15:57:20
19973,0.18,19.973,180.24332849346618,12771659136,2026-09-24 15:57:39.974576,24/09/26,15:57:39
19772,0.18,19.772,182.0756625531054,12771678908,2026-09-24 15:57:59.746576,24/09/26,15:57:59
20765,0.17,20.765,173.36864916927522,12771699673,2026-09-24 15:58:20.511576,24/09/26,15:58:20
20169,0.18,20.169,178.491744756805,12771719842,2026-09-24 15:58:40.680576,24/09/26,15:58:40
21665,0.17,21.665,166.1666282021694,12771741507,2026-09-24 15:59:02.345576,24/09/26,15:59:2
23348,0.15,23.348,154.18879561418538,12771764855,2026-09-24 15:59:25.693576,24/09/26,15:59:25
24389,0.15,24.389,147.60752798392718,12771789244,2026-09-24 15:59:50.082576,24/09/26,15:59:50
21429,0.17,21.429,167.99664006719865,12771810673,2026-09-24 16:00:11.511576,24/09/26,16:0:11
20851,0.17,20.851,172.653589755887,12771831524,2026-09-24 16:00:32.362576,24/09/26,16:0:32
20824,0.17,20.824,172.87744909719555,12771852348,2026-09-24 16:00:53.186576,24/09/26,16:0:53
21079,0.17,21.079,170.78609042174676,12771873427,2026-09-24 16:01:14.265576,24/09/26,16:1:14
20659,0.17,20.659,174.25819255530277,12771894086,2026-09-24 16:01:34.924576,24/09/26,16:1:34
20179,0.18,20.179,178.40329054958124,12771914265,2026-09-24 16:01:55.103576,24/09/26,16:1:55
20535,0.17,20.535,175.31044558071585,12771934800,2026-09-24 16:02:15.638576,24/09/26,16:2:15
20454,0.18,20.454,176.00469345849223,12771955254,2026-09-24 16:02:36.092576,24/09/26,16:2:36
20543,0.17,20.543,175.24217495010467,12771975797,2026-09-24 16:02:56.635576,24/09/26,16:2:56
21041,0.17,21.041,171.09452972767454,12771996838,2026-09-24 16:03:17.676576,24/09/26,16:3:17
20685,0.17,20.685,174.0391588107324,12772017523,2026-09-24 16:03:38.361576,24/09/26,16:3:38
20902,0.17,20.902,172.2323222658119,12772038425,2026-09-24 16:03:59.263576,24/09/26,16:3:59
20555,0.17,20.555,175.13986864509852,12772058980,2026-09-24 16:04:19.818576,24/09/26,16:4:19
20724,0.17,20.724,173.71163867979155,12772079704,2026-09-24 16:04:40.542576,24/09/26,16:4:40
21150,0.17,21.15,170.2127659574468,12772100854,2026-09-24 16:05:01.692576,24/09/26,16:5:1
20799,0.17,20.799,173.08524448290783,12772121653,2026-09-24 16:05:22.491576,24/09/26,16:5:22
20360,0.18,20.36,176.81728880157172,12772142013,2026-09-24 16:05:42.851576,24/09/26,16:5:42
20448,0.18,20.448,176.05633802816902,12772162461,2026-09-24 16:06:03.299576,24/09/26,16:6:3
21350,0.17,21.35,168.61826697892272,12772183811,2026-09-24 16:06:24.649576,24/09/26,16:6:24
21832,0.16,21.832,164.89556614144377,12772205643,2026-09-24 16:06:46.481576,24/09/26,16:6:46
22452,0.16,22.452,160.34206306787814,12772228095,2026-09-24 16:07:08.933576,24/09/26,16:7:8
22456,0.16,22.456,160.31350195938725,12772250551,2026-09-24 16:07:31.389576,24/09/26,16:7:31
22673,0.16,22.673,158.77916464517267,12772273224,2026-09-24 16:07:54.062576,24/09/26,16:7:54
22490,0.16,22.49,160.07114273010228,12772295714,2026-09-24 16:08:16.552576,24/09/26,16:8:16
22375,0.16,22.375,160.89385474860336,12772318089,2026-09-24 16:08:38.927576,24/09/26,16:8:38
22558,0.16,22.558,159.5886160120578,12772340647,2026-09-24 16:09:01.485576,24/09/26,16:9:1
22069,0.16,22.069,163.12474511758575,12772362716,2026-09-24 16:09:23.554576,24/09/26,16:9:23
22452,0.16,22.452,160.34206306787814,12772385168,2026-09-24 16:09:46.006576,24/09/26,16:9:46
22424,0.16,22.424,160.54227613271496,12772407592,2026-09-24 16:10:08.430576,24/09/26,16:10:8
22184,0.16,22.184,162.27912008654886,12772429776,2026-09-24 16:10:30.614576,24/09/26,16:10:30
22141,0.16,22.141,162.59428210107944,12772451917,2026-09-24 16:10:52.755576,24/09/26,16:10:52
22119,0.16,22.119,162.75600162756,12772474036,2026-09-24 16:11:14.874576,24/09/26,16:11:14
21955,0.16,21.955,163.97176041903893,12772495991,2026-09-24 16:11:36.829576,24/09/26,16:11:36
22365,0.16,22.365,160.96579476861166,12772518356,2026-09-24 16:11:59.194576,24/09/26,16:11:59
22194,0.16,22.194,162.20600162206003,12772540550,2026-09-24 16:12:21.388576,24/09/26,16:12:21
22894,0.16,22.894,157.24644011531404,12772563444,2026-09-24 16:12:44.282576,24/09/26,16:12:44
22604,0.16,22.604,159.26384710670678,12772586048,2026-09-24 16:13:06.886576,24/09/26,16:13:6
22516,0.16,22.516,159.88630307337004,12772608564,2026-09-24 16:13:29.402576,24/09/26,16:13:29
22816,0.16,22.816,157.78401122019636,12772631380,2026-09-24 16:13:52.218576,24/09/26,16:13:52
23271,0.15,23.271,154.69898156503803,12772654651,2026-09-24 16:14:15.489576,24/09/26,16:14:15
23215,0.16,23.215,155.07215162610382,12772677866,2026-09-24 16:14:38.704576,24/09/26,16:14:38
23296,0.15,23.296,154.53296703296704,12772701162,2026-09-24 16:15:02.000576,24/09/26,16:15:2
23257,0.15,23.257,154.79210560261427,12772724419,2026-09-24 16:15:25.257576,24/09/26,16:15:25
23339,0.15,23.339,154.24825399545824,12772747758,2026-09-24 16:15:48.596576,24/09/26,16:15:48
23346,0.15,23.346,154.20200462606013,12772771104,2026-09-24 16:16:11.942576,24/09/26,16:16:11
23032,0.16,23.032,156.30427231677666,12772794136,2026-09-24 16:16:34.974576,24/09/26,16:16:34
23296,0.15,23.296,154.53296703296704,12772817432,2026-09-24 16:16:58.270576,24/09/26,16:16:58
21766,0.17,21.766,165.39557107415234,12772839198,2026-09-24 16:17:20.036576,24/09/26,16:17:20
12501,0.29,12.501,287.97696184305255,12772851699,2026-09-24 16:17:32.537576,24/09/26,16:17:32
13979,0.26,13.979,257.5291508691609,12772865678,2026-09-24 16:17:46.516576,24/09/26,16:17:46
14001,0.26,14.001,257.124491107778,12772879679,2026-09-24 16:18:00.517576,24/09/26,16:18:0
14032,0.26,14.032,256.5564424173318,12772893711,2026-09-24 16:18:14.549576,24/09/26,16:18:14
13938,0.26,13.938,258.2866982350409,12772907649,2026-09-24 16:18:28.487576,24/09/26,16:18:28
14139,0.25,14.139,254.61489497135582,12772921788,2026-09-24 16:18:42.626576,24/09/26,16:18:42
14148,0.25,14.148,254.4529262086514,12772935936,2026-09-24 16:18:56.774576,24/09/26,16:18:56
14093,0.25,14.093,255.4459660824523,12772950029,2026-09-24 16:19:10.867576,24/09/26,16:19:10
14182,0.25,14.182,253.84289945000705,12772964211,2026-09-24 16:19:25.049576,24/09/26,16:19:25
14270,0.25,14.27,252.27750525578136,12772978481,2026-09-24 16:19:39.319576,24/09/26,16:19:39
14267,0.25,14.267,252.33055302446203,12772992748,2026-09-24 16:19:53.586576,24/09/26,16:19:53
14328,0.25,14.328,251.25628140703517,12773007076,2026-09-24 16:20:07.914576,24/09/26,16:20:7
14687,0.25,14.687,245.11472730986586,12773021763,2026-09-24 16:20:22.601576,24/09/26,16:20:22
14453,0.25,14.453,249.08323531446757,12773036216,2026-09-24 16:20:37.054576,24/09/26,16:20:37
14426,0.25,14.426,249.5494246499376,12773050642,2026-09-24 16:20:51.480576,24/09/26,16:20:51
14409,0.25,14.409,249.84384759525295,12773065051,2026-09-24 16:21:05.889576,24/09/26,16:21:5
14419,0.25,14.419,249.6705735487898,12773079470,2026-09-24 16:21:20.308576,24/09/26,16:21:20
14435,0.25,14.435,249.39383443020435,12773093905,2026-09-24 16:21:34.743576,24/09/26,16:21:34
14813,0.24,14.813,243.02977114696552,12773108718,2026-09-24 16:21:49.556576,24/09/26,16:21:49
14407,0.25,14.407,249.87853126952177,12773123125,2026-09-24 16:22:03.963576,24/09/26,16:22:3
14404,0.25,14.404,249.93057484032212,12773137529,2026-09-24 16:22:18.367576,24/09/26,16:22:18
14218,0.25,14.218,253.20016880011252,12773151747,2026-09-24 16:22:32.585576,24/09/26,16:22:32
14507,0.25,14.507,248.15606259047357,12773166254,2026-09-24 16:22:47.092576,24/09/26,16:22:47
14693,0.25,14.693,245.01463281834887,12773180947,2026-09-24 16:23:01.785576,24/09/26,16:23:1
14753,0.24,14.753,244.0181657967871,12773195700,2026-09-24 16:23:16.538576,24/09/26,16:23:16
14762,0.24,14.762,243.86939439100394,12773210462,2026-09-24 16:23:31.300576,24/09/26,16:23:31
14654,0.25,14.654,245.66671216050224,12773225116,2026-09-24 16:23:45.954576,24/09/26,16:23:45
14709,0.24,14.709,244.7481133999592,12773239825,2026-09-24 16:24:00.663576,24/09/26,16:24:0
14610,0.25,14.61,246.4065708418891,12773254435,2026-09-24 16:24:15.273576,24/09/26,16:24:15
14561,0.25,14.561,247.23576677426001,12773268996,2026-09-24 16:24:29.834576,24/09/26,16:24:29
14605,0.25,14.605,246.49092776446423,12773283601,2026-09-24 16:24:44.439576,24/09/26,16:24:44
15378,0.23,15.378,234.10066328521265,12773298979,2026-09-24 16:24:59.817576,24/09/26,16:24:59
21360,0.17,21.36,168.53932584269663,12773320339,2026-09-24 16:25:21.177576,24/09/26,16:25:21
21596,0.17,21.596,166.6975365808483,12773341935,2026-09-24 16:25:42.773576,24/09/26,16:25:42
21684,0.17,21.684,166.02102933038185,12773363619,2026-09-24 16:26:04.457576,24/09/26,16:26:4
21806,0.17,21.806,165.09217646519306,12773385425,2026-09-24 16:26:26.263576,24/09/26,16:26:26
21808,0.17,21.808,165.07703595011006,12773407233,2026-09-24 16:26:48.071576,24/09/26,16:26:48
21583,0.17,21.583,166.79794282537182,12773428816,2026-09-24 16:27:09.654576,24/09/26,16:27:9
21708,0.17,21.708,165.8374792703151,12773450524,2026-09-24 16:27:31.362576,24/09/26,16:27:31
22211,0.16,22.211,162.08185133492412,12773472735,2026-09-24 16:27:53.573576,24/09/26,16:27:53
21597,0.17,21.597,166.68981803028197,12773494332,2026-09-24 16:28:15.170576,24/09/26,16:28:15
21909,0.16,21.909,164.31603450636726,12773516241,2026-09-24 16:28:37.079576,24/09/26,16:28:37
22110,0.16,22.11,162.82225237449117,12773538351,2026-09-24 16:28:59.189576,24/09/26,16:28:59
22490,0.16,22.49,160.07114273010228,12773560841,2026-09-24 16:29:21.679576,24/09/26,16:29:21
22361,0.16,22.361,160.9945887929878,12773583202,2026-09-24 16:29:44.040576,24/09/26,16:29:44
22512,0.16,22.512,159.9147121535181,12773605714,2026-09-24 16:30:06.552576,24/09/26,16:30:6
21876,0.16,21.876,164.56390565002744,12773627590,2026-09-24 16:30:28.428576,24/09/26,16:30:28
22837,0.16,22.837,157.63891929763105,12773650427,2026-09-24 16:30:51.265576,24/09/26,16:30:51
22990,0.16,22.99,156.589821661592,12773673417,2026-09-24 16:31:14.255576,24/09/26,16:31:14
22470,0.16,22.47,160.21361815754338,12773695887,2026-09-24 16:31:36.725576,24/09/26,16:31:36
22532,0.16,22.532,159.77276761938577,12773718419,2026-09-24 16:31:59.257576,24/09/26,16:31:59
22354,0.16,22.354,161.0450031314306,12773740773,2026-09-24 16:32:21.611576,24/09/26,16:32:21
22297,0.16,22.297,161.4566982105216,12773763070,2026-09-24 16:32:43.908576,24/09/26,16:32:43
22671,0.16,22.671,158.7931718936086,12773785741,2026-09-24 16:33:06.579576,24/09/26,16:33:6
21950,0.16,21.95,164.00911161731207,12773807691,2026-09-24 16:33:28.529576,24/09/26,16:33:28
22587,0.16,22.587,159.383716296985,12773830278,2026-09-24 16:33:51.116576,24/09/26,16:33:51
23017,0.16,23.017,156.40613459616804,12773853295,2026-09-24 16:34:14.133576,24/09/26,16:34:14
22727,0.16,22.727,158.40190082280986,12773876022,2026-09-24 16:34:36.860576,24/09/26,16:34:36
22598,0.16,22.598,159.3061332861315,12773898620,2026-09-24 16:34:59.458576,24/09/26,16:34:59
22732,0.16,22.732,158.36705965159246,12773921352,2026-09-24 16:35:22.190576,24/09/26,16:35:22
22674,0.16,22.674,158.77216194760518,12773944026,2026-09-24 16:35:44.864576,24/09/26,16:35:44
22697,0.16,22.697,158.6112702119223,12773966723,2026-09-24 16:36:07.561576,24/09/26,16:36:7
22844,0.16,22.844,157.59061460339694,12773989567,2026-09-24 16:36:30.405576,24/09/26,16:36:30
22599,0.16,22.599,159.2990840302668,12774012166,2026-09-24 16:36:53.004576,24/09/26,16:36:53
21816,0.17,21.816,165.01650165016503,12774033982,2026-09-24 16:37:14.820576,24/09/26,16:37:14
22467,0.16,22.467,160.23501134997997,12774056449,2026-09-24 16:37:37.287576,24/09/26,16:37:37
22945,0.16,22.945,156.89692743517105,12774079394,2026-09-24 16:38:00.232576,24/09/26,16:38:0
22351,0.16,22.351,161.06661894322403,12774101745,2026-09-24 16:38:22.583576,24/09/26,16:38:22
22996,0.16,22.996,156.5489650373978,12774124741,2026-09-24 16:38:45.579576,24/09/26,16:38:45
22525,0.16,22.525,159.82241953385127,12774147266,2026-09-24 16:39:08.104576,24/09/26,16:39:8
22479,0.16,22.479,160.14947284131856,12774169745,2026-09-24 16:39:30.583576,24/09/26,16:39:30
22220,0.16,22.22,162.016201620162,12774191965,2026-09-24 16:39:52.803576,24/09/26,16:39:52
22628,0.16,22.628,159.0949266395616,12774214593,2026-09-24 16:40:15.431576,24/09/26,16:40:15
22745,0.16,22.745,158.27654429544955,12774237338,2026-09-24 16:40:38.176576,24/09/26,16:40:38
22897,0.16,22.897,157.22583744595363,12774260235,2026-09-24 16:41:01.073576,24/09/26,16:41:1
22873,0.16,22.873,157.39081012547544,12774283108,2026-09-24 16:41:23.946576,24/09/26,16:41:23
22591,0.16,22.591,159.35549555132576,12774305699,2026-09-24 16:41:46.537576,24/09/26,16:41:46
23257,0.15,23.257,154.79210560261427,12774328956,2026-09-24 16:42:09.794576,24/09/26,16:42:9
23040,0.16,23.04,156.25,12774351996,2026-09-24 16:42:32.834576,24/09/26,16:42:32
22676,0.16,22.676,158.7581584053625,12774374672,2026-09-24 16:42:55.510576,24/09/26,16:42:55
23182,0.16,23.182,155.29289966353204,12774397854,2026-09-24 16:43:18.692576,24/09/26,16:43:18
22904,0.16,22.904,157.17778553964374,12774420758,2026-09-24 16:43:41.596576,24/09/26,16:43:41
23161,0.16,23.161,155.43370320797894,12774443919,2026-09-24 16:44:04.757576,24/09/26,16:44:4
23117,0.16,23.117,155.72954968205218,12774467036,2026-09-24 16:44:27.874576,24/09/26,16:44:27
23207,0.16,23.207,155.12560865256174,12774490243,2026-09-24 16:44:51.081576,24/09/26,16:44:51
22902,0.16,22.902,157.19151165837044,12774513145,2026-09-24 16:45:13.983576,24/09/26,16:45:13
23238,0.15,23.238,154.91866769945779,12774536383,2026-09-24 16:45:37.221576,24/09/26,16:45:37
23270,0.15,23.27,154.70562956596476,12774559653,2026-09-24 16:46:00.491576,24/09/26,16:46:0
23063,0.16,23.063,156.09417682001475,12774582716,2026-09-24 16:46:23.554576,24/09/26,16:46:23
22462,0.16,22.462,160.270679369602,12774605178,2026-09-24 16:46:46.016576,24/09/26,16:46:46
22978,0.16,22.978,156.67159892070677,12774628156,2026-09-24 16:47:08.994576,24/09/26,16:47:8
22952,0.16,22.952,156.84907633321714,12774651108,2026-09-24 16:47:31.946576,24/09/26,16:47:31
22581,0.16,22.581,159.42606616181746,12774673689,2026-09-24 16:47:54.527576,24/09/26,16:47:54
22929,0.16,22.929,157.00641109511972,12774696618,2026-09-24 16:48:17.456576,24/09/26,16:48:17
22030,0.16,22.03,163.4135270086246,12774718648,2026-09-24 16:48:39.486576,24/09/26,16:48:39
23116,0.16,23.116,155.73628655476725,12774741764,2026-09-24 16:49:02.602576,24/09/26,16:49:2
22987,0.16,22.987,156.61025797189717,12774764751,2026-09-24 16:49:25.589576,24/09/26,16:49:25
22583,0.16,22.583,159.4119470398087,12774787334,2026-09-24 16:49:48.172576,24/09/26,16:49:48
23274,0.15,23.274,154.67904098994586,12774810608,2026-09-24 16:50:11.446576,24/09/26,16:50:11
23510,0.15,23.51,153.12632922160782,12774834118,2026-09-24 16:50:34.956576,24/09/26,16:50:34
23518,0.15,23.518,153.07424100688834,12774857636,2026-09-24 16:50:58.474576,24/09/26,16:50:58
22902,0.16,22.902,157.19151165837044,12774880538,2026-09-24 16:51:21.376576,24/09/26,16:51:21
22369,0.16,22.369,160.93701104206716,12774902907,2026-09-24 16:51:43.745576,24/09/26,16:51:43
23004,0.16,23.004,156.49452269170578,12774925911,2026-09-24 16:52:06.749576,24/09/26,16:52:6
23013,0.16,23.013,156.4333202972233,12774948924,2026-09-24 16:52:29.762576,24/09/26,16:52:29
22248,0.16,22.248,161.81229773462783,12774971172,2026-09-24 16:52:52.010576,24/09/26,16:52:52
22662,0.16,22.662,158.85623510722795,12774993834,2026-09-24 16:53:14.672576,24/09/26,16:53:14
22746,0.16,22.746,158.26958586125033,12775016580,2026-09-24 16:53:37.418576,24/09/26,16:53:37
23254,0.15,23.254,154.81207534187666,12775039834,2026-09-24 16:54:00.672576,24/09/26,16:54:0
23575,0.15,23.575,152.70413573700955,12775063409,2026-09-24 16:54:24.247576,24/09/26,16:54:24
22814,0.16,22.814,157.79784342947312,12775086223,2026-09-24 16:54:47.061576,24/09/26,16:54:47
22435,0.16,22.435,160.46356139959883,12775108658,2026-09-24 16:55:09.496576,24/09/26,16:55:9
22586,0.16,22.586,159.39077304524926,12775131244,2026-09-24 16:55:32.082576,24/09/26,16:55:32
22248,0.16,22.248,161.81229773462783,12775153492,2026-09-24 16:55:54.330576,24/09/26,16:55:54
22627,0.16,22.627,159.10195783798116,12775176119,2026-09-24 16:56:16.957576,24/09/26,16:56:16
22572,0.16,22.572,159.4896331738437,12775198691,2026-09-24 16:56:39.529576,24/09/26,16:56:39
22742,0.16,22.742,158.2974232697212,12775221433,2026-09-24 16:57:02.271576,24/09/26,16:57:2
23097,0.16,23.097,155.86439797376283,12775244530,2026-09-24 16:57:25.368576,24/09/26,16:57:25
22699,0.16,22.699,158.59729503502356,12775267229,2026-09-24 16:57:48.067576,24/09/26,16:57:48
23199,0.16,23.199,155.1791025475236,12775290428,2026-09-24 16:58:11.266576,24/09/26,16:58:11
19894,0.18,19.894,180.95908314064542,12775310322,2026-09-24 16:58:31.160576,24/09/26,16:58:31
14325,0.25,14.325,251.3089005235602,12775324647,2026-09-24 16:58:45.485576,24/09/26,16:58:45
15114,0.24,15.114,238.18975784041285,12775339761,2026-09-24 16:59:00.599576,24/09/26,16:59:0
15164,0.24,15.164,237.4043787918755,12775354925,2026-09-24 16:59:15.763576,24/09/26,16:59:15
15100,0.24,15.1,238.41059602649005,12775370025,2026-09-24 16:59:30.863576,24/09/26,16:59:30
15073,0.24,15.073,238.83765673721223,12775385098,2026-09-24 16:59:45.936576,24/09/26,16:59:45
15156,0.24,15.156,237.52969121140143,12775400254,2026-09-24 17:00:01.092576,24/09/26,17:0:1
15289,0.23,15.289,235.4634050624632,12775415543,2026-09-24 17:00:16.381576,24/09/26,17:0:16
15306,0.23,15.306,235.2018816150529,12775430849,2026-09-24 17:00:31.687576,24/09/26,17:0:31
15327,0.23,15.327,234.87962419260128,12775446176,2026-09-24 17:00:47.014576,24/09/26,17:0:47
15342,0.23,15.342,234.64998044583496,12775461518,2026-09-24 17:01:02.356576,24/09/26,17:1:2
15396,0.23,15.396,233.8269680436477,12775476914,2026-09-24 17:01:17.752576,24/09/26,17:1:17
15506,0.23,15.506,232.16819295756483,12775492420,2026-09-24 17:01:33.258576,24/09/26,17:1:33
14748,0.24,14.748,244.10089503661513,12775507168,2026-09-24 17:01:48.006576,24/09/26,17:1:48
14318,0.25,14.318,251.4317642128789,12775521486,2026-09-24 17:02:02.324576,24/09/26,17:2:2
14478,0.25,14.478,248.65312888520515,12775535964,2026-09-24 17:02:16.802576,24/09/26,17:2:16
14558,0.25,14.558,247.286715208133,12775550522,2026-09-24 17:02:31.360576,24/09/26,17:2:31
15467,0.23,15.467,232.75360444818,12775565989,2026-09-24 17:02:46.827576,24/09/26,17:2:46
14755,0.24,14.755,243.98508980006778,12775580744,2026-09-24 17:03:01.582576,24/09/26,17:3:1
15674,0.23,15.674,229.67972438433074,12775596418,2026-09-24 17:03:17.256576,24/09/26,17:3:17
15660,0.23,15.66,229.88505747126436,12775612078,2026-09-24 17:03:32.916576,24/09/26,17:3:32
15732,0.23,15.732,228.83295194508008,12775627810,2026-09-24 17:03:48.648576,24/09/26,17:3:48
15804,0.23,15.804,227.79043280182233,12775643614,2026-09-24 17:04:04.452576,24/09/26,17:4:4
15836,0.23,15.836,227.33013387218995,12775659450,2026-09-24 17:04:20.288576,24/09/26,17:4:20
15582,0.23,15.582,231.03581055063535,12775675032,2026-09-24 17:04:35.870576,24/09/26,17:4:35
15509,0.23,15.509,232.12328325488426,12775690541,2026-09-24 17:04:51.379576,24/09/26,17:4:51
15346,0.23,15.346,234.58881793301185,12775705887,2026-09-24 17:05:06.725576,24/09/26,17:5:6
14478,0.25,14.478,248.65312888520515,12775720365,2026-09-24 17:05:21.203576,24/09/26,17:5:21
14702,0.24,14.702,244.86464426608626,12775735067,2026-09-24 17:05:35.905576,24/09/26,17:5:35
14640,0.25,14.64,245.9016393442623,12775749707,2026-09-24 17:05:50.545576,24/09/26,17:5:50
14433,0.25,14.433,249.42839326543339,12775764140,2026-09-24 17:06:04.978576,24/09/26,17:6:4
14514,0.25,14.514,248.03637866887144,12775778654,2026-09-24 17:06:19.492576,24/09/26,17:6:19
19481,0.18,19.481,184.79544171243776,12775798135,2026-09-24 17:06:38.973576,24/09/26,17:6:38
19885,0.18,19.885,181.04098566758864,12775818020,2026-09-24 17:06:58.858576,24/09/26,17:6:58
20116,0.18,20.116,178.9620202823623,12775838136,2026-09-24 17:07:18.974576,24/09/26,17:7:18
20055,0.18,20.055,179.50635751682873,12775858191,2026-09-24 17:07:39.029576,24/09/26,17:7:39
20047,0.18,20.047,179.57799171945928,12775878238,2026-09-24 17:07:59.076576,24/09/26,17:7:59
20146,0.18,20.146,178.69552268440384,12775898384,2026-09-24 17:08:19.222576,24/09/26,17:8:19
19658,0.18,19.658,183.13154949638823,12775918042,2026-09-24 17:08:38.880576,24/09/26,17:8:38
19927,0.18,19.927,180.65940683494756,12775937969,2026-09-24 17:08:58.807576,24/09/26,17:8:58
20037,0.18,20.037,179.66761491241203,12775958006,2026-09-24 17:09:18.844576,24/09/26,17:9:18
19916,0.18,19.916,180.75918859208676,12775977922,2026-09-24 17:09:38.760576,24/09/26,17:9:38
19934,0.18,19.934,180.59596669007726,12775997856,2026-09-24 17:09:58.694576,24/09/26,17:9:58
19265,0.19,19.265,186.86737607059433,12776017121,2026-09-24 17:10:17.959576,24/09/26,17:10:17
20055,0.18,20.055,179.50635751682873,12776037176,2026-09-24 17:10:38.014576,24/09/26,17:10:38
20091,0.18,20.091,179.1847095714499,12776057267,2026-09-24 17:10:58.105576,24/09/26,17:10:58
19678,0.18,19.678,182.94542128265067,12776076945,2026-09-24 17:11:17.783576,24/09/26,17:11:17
19658,0.18,19.658,183.13154949638823,12776096603,2026-09-24 17:11:37.441576,24/09/26,17:11:37
19847,0.18,19.847,181.38761525671387,12776116450,2026-09-24 17:11:57.288576,24/09/26,17:11:57
20246,0.18,20.246,177.81290131383977,12776136696,2026-09-24 17:12:17.534576,24/09/26,17:12:17
20401,0.18,20.401,176.46193814028723,12776157097,2026-09-24 17:12:37.935576,24/09/26,17:12:37
21948,0.16,21.948,164.02405686167305,12776179045,2026-09-24 17:12:59.883576,24/09/26,17:12:59
20739,0.17,20.739,173.58599739621005,12776199784,2026-09-24 17:13:20.622576,24/09/26,17:13:20
22481,0.16,22.481,160.1352253013656,12776222265,2026-09-24 17:13:43.103576,24/09/26,17:13:43
22317,0.16,22.317,161.31200430165345,12776244582,2026-09-24 17:14:05.420576,24/09/26,17:14:5
22334,0.16,22.334,161.18921823229158,12776266916,2026-09-24 17:14:27.754576,24/09/26,17:14:27
22905,0.16,22.905,157.17092337917487,12776289821,2026-09-24 17:14:50.659576,24/09/26,17:14:50
23058,0.16,23.058,156.12802498048399,12776312879,2026-09-24 17:15:13.717576,24/09/26,17:15:13
23112,0.16,23.112,155.76323987538942,12776335991,2026-09-24 17:15:36.829576,24/09/26,17:15:36
22537,0.16,22.537,159.73732085015752,12776358528,2026-09-24 17:15:59.366576,24/09/26,17:15:59
22107,0.16,22.107,162.84434794409012,12776380635,2026-09-24 17:16:21.473576,24/09/26,17:16:21
21781,0.17,21.781,165.28166750837886,12776402416,2026-09-24 17:16:43.254576,24/09/26,17:16:43
20762,0.17,20.762,173.39370002889896,12776423178,2026-09-24 17:17:04.016576,24/09/26,17:17:4
20671,0.17,20.671,174.15703159015044,12776443849,2026-09-24 17:17:24.687576,24/09/26,17:17:24
20596,0.17,20.596,174.79122159642648,12776464445,2026-09-24 17:17:45.283576,24/09/26,17:17:45
20102,0.18,20.102,179.08665804397572,12776484547,2026-09-24 17:18:05.385576,24/09/26,17:18:5
20253,0.18,20.253,177.75144423048437,12776504800,2026-09-24 17:18:25.638576,24/09/26,17:18:25
20086,0.18,20.086,179.22931395001493,12776524886,2026-09-24 17:18:45.724576,24/09/26,17:18:45
20252,0.18,20.252,177.76022121271973,12776545138,2026-09-24 17:19:05.976576,24/09/26,17:19:5
20273,0.18,20.273,177.57608642036206,12776565411,2026-09-24 17:19:26.249576,24/09/26,17:19:26
20256,0.18,20.256,177.72511848341233,12776585667,2026-09-24 17:19:46.505576,24/09/26,17:19:46
20230,0.18,20.23,177.95353435491845,12776605897,2026-09-24 17:20:06.735576,24/09/26,17:20:6
20298,0.18,20.298,177.35737511084835,12776626195,2026-09-24 17:20:27.033576,24/09/26,17:20:27
19911,0.18,19.911,180.80458038270302,12776646106,2026-09-24 17:20:46.944576,24/09/26,17:20:46
19765,0.18,19.765,182.14014672400708,12776665871,2026-09-24 17:21:06.709576,24/09/26,17:21:6
19439,0.19,19.439,185.19471166212253,12776685310,2026-09-24 17:21:26.148576,24/09/26,17:21:26
19650,0.18,19.65,183.206106870229,12776704960,2026-09-24 17:21:45.798576,24/09/26,17:21:45
19499,0.18,19.499,184.62485255654136,12776724459,2026-09-24 17:22:05.297576,24/09/26,17:22:5
19658,0.18,19.658,183.13154949638823,12776744117,2026-09-24 17:22:24.955576,24/09/26,17:22:24
19466,0.18,19.466,184.93784033699785,12776763583,2026-09-24 17:22:44.421576,24/09/26,17:22:44
19370,0.19,19.37,185.8544140423335,12776782953,2026-09-24 17:23:03.791576,24/09/26,17:23:3
19550,0.18,19.55,184.14322250639387,12776802503,2026-09-24 17:23:23.341576,24/09/26,17:23:23
19522,0.18,19.522,184.4073353140047,12776822025,2026-09-24 17:23:42.863576,24/09/26,17:23:42
19479,0.18,19.479,184.8144155244109,12776841504,2026-09-24 17:24:02.342576,24/09/26,17:24:2
19557,0.18,19.557,184.07731247123792,12776861061,2026-09-24 17:24:21.899576,24/09/26,17:24:21
20085,0.18,20.085,179.2382374906647,12776881146,2026-09-24 17:24:41.984576,24/09/26,17:24:41
22807,0.16,22.807,157.84627526636558,12776903953,2026-09-24 17:25:04.791576,24/09/26,17:25:4
25176,0.14,25.176,142.99332697807435,12776929129,2026-09-24 17:25:29.967576,24/09/26,17:25:29
24073,0.15,24.073,149.54513355211233,12776953202,2026-09-24 17:25:54.040576,24/09/26,17:25:54
23097,0.16,23.097,155.86439797376283,12776976299,2026-09-24 17:26:17.137576,24/09/26,17:26:17
22987,0.16,22.987,156.61025797189717,12776999286,2026-09-24 17:26:40.124576,24/09/26,17:26:40
20829,0.17,20.829,172.83594987757454,12777020115,2026-09-24 17:27:00.953576,24/09/26,17:27:0
19425,0.19,19.425,185.32818532818533,12777039540,2026-09-24 17:27:20.378576,24/09/26,17:27:20
19834,0.18,19.834,181.5065039830594,12777059374,2026-09-24 17:27:40.212576,24/09/26,17:27:40
19219,0.19,19.219,187.31463655757324,12777078593,2026-09-24 17:27:59.431576,24/09/26,17:27:59
19553,0.18,19.553,184.11496956988697,12777098146,2026-09-24 17:28:18.984576,24/09/26,17:28:18
19757,0.18,19.757,182.21389887128612,12777117903,2026-09-24 17:28:38.741576,24/09/26,17:28:38
19713,0.18,19.713,182.62060569167554,12777137616,2026-09-24 17:28:58.454576,24/09/26,17:28:58
19968,0.18,19.968,180.28846153846155,12777157584,2026-09-24 17:29:18.422576,24/09/26,17:29:18
19835,0.18,19.835,181.49735316359968,12777177419,2026-09-24 17:29:38.257576,24/09/26,17:29:38
19553,0.18,19.553,184.11496956988697,12777196972,2026-09-24 17:29:57.810576,24/09/26,17:29:57
19749,0.18,19.749,182.28771077016557,12777216721,2026-09-24 17:30:17.559576,24/09/26,17:30:17
19604,0.18,19.604,183.63599265456028,12777236325,2026-09-24 17:30:37.163576,24/09/26,17:30:37
19465,0.18,19.465,184.94734138196765,12777255790,2026-09-24 17:30:56.628576,24/09/26,17:30:56
19048,0.19,19.048,188.9962200755985,12777274838,2026-09-24 17:31:15.676576,24/09/26,17:31:15
19023,0.19,19.023,189.24459864374705,12777293861,2026-09-24 17:31:34.699576,24/09/26,17:31:34
19137,0.19,19.137,188.11725975858286,12777312998,2026-09-24 17:31:53.836576,24/09/26,17:31:53
19351,0.19,19.351,186.03689731796806,12777332349,2026-09-24 17:32:13.187576,24/09/26,17:32:13
19465,0.18,19.465,184.94734138196765,12777351814,2026-09-24 17:32:32.652576,24/09/26,17:32:32
19369,0.19,19.369,185.86400949971605,12777371183,2026-09-24 17:32:52.021576,24/09/26,17:32:52
19504,0.18,19.504,184.57752255947497,12777390687,2026-09-24 17:33:11.525576,24/09/26,17:33:11
19529,0.18,19.529,184.3412361103999,12777410216,2026-09-24 17:33:31.054576,24/09/26,17:33:31
19472,0.18,19.472,184.88085456039443,12777429688,2026-09-24 17:33:50.526576,24/09/26,17:33:50
19460,0.18,19.46,184.99486125385405,12777449148,2026-09-24 17:34:09.986576,24/09/26,17:34:9
19512,0.18,19.512,184.50184501845018,12777468660,2026-09-24 17:34:29.498576,24/09/26,17:34:29
18803,0.19,18.803,191.4588097643993,12777487463,2026-09-24 17:34:48.301576,24/09/26,17:34:48
18740,0.19,18.74,192.10245464247598,12777506203,2026-09-24 17:35:07.041576,24/09/26,17:35:7
18805,0.19,18.805,191.43844722148364,12777525008,2026-09-24 17:35:25.846576,24/09/26,17:35:25
19238,0.19,19.238,187.1296392556399,12777544246,2026-09-24 17:35:45.084576,24/09/26,17:35:45
20912,0.17,20.912,172.14996174445295,12777565158,2026-09-24 17:36:05.996576,24/09/26,17:36:5
22820,0.16,22.82,157.75635407537249,12777587978,2026-09-24 17:36:28.816576,24/09/26,17:36:28
22292,0.16,22.292,161.49291225551767,12777610270,2026-09-24 17:36:51.108576,24/09/26,17:36:51
21515,0.17,21.515,167.32512200790146,12777631785,2026-09-24 17:37:12.623576,24/09/26,17:37:12
20982,0.17,20.982,171.57563625965113,12777652767,2026-09-24 17:37:33.605576,24/09/26,17:37:33
21714,0.17,21.714,165.79165515335728,12777674481,2026-09-24 17:37:55.319576,24/09/26,17:37:55
21634,0.17,21.634,166.40473329019136,12777696115,2026-09-24 17:38:16.953576,24/09/26,17:38:16
21257,0.17,21.257,169.35597685468315,12777717372,2026-09-24 17:38:38.210576,24/09/26,17:38:38
22054,0.16,22.054,163.23569420513286,12777739426,2026-09-24 17:39:00.264576,24/09/26,17:39:0
21687,0.17,21.687,165.9980633559275,12777761113,2026-09-24 17:39:21.951576,24/09/26,17:39:21
22093,0.16,22.093,162.9475399447789,12777783206,2026-09-24 17:39:44.044576,24/09/26,17:39:44
21595,0.17,21.595,166.7052558462607,12777804801,2026-09-24 17:40:05.639576,24/09/26,17:40:5
12417,0.29,12.417,289.9251026818072,12777817218,2026-09-24 17:40:18.056576,24/09/26,17:40:18
13550,0.26,13.55,265.6826568265683,12777830768,2026-09-24 17:40:31.606576,24/09/26,17:40:31
13637,0.26,13.637,263.9876805749065,12777844405,2026-09-24 17:40:45.243576,24/09/26,17:40:45
13766,0.26,13.766,261.5138747639111,12777858171,2026-09-24 17:40:59.009576,24/09/26,17:40:59
13786,0.26,13.786,261.13448425939356,12777871957,2026-09-24 17:41:12.795576,24/09/26,17:41:12
13649,0.26,13.649,263.75558648985276,12777885606,2026-09-24 17:41:26.444576,24/09/26,17:41:26
13983,0.26,13.983,257.4554816562969,12777899589,2026-09-24 17:41:40.427576,24/09/26,17:41:40
13687,0.26,13.687,263.02330678746256,12777913276,2026-09-24 17:41:54.114576,24/09/26,17:41:54
14065,0.25,14.065,255.95449697831498,12777927341,2026-09-24 17:42:08.179576,24/09/26,17:42:8
14256,0.25,14.256,252.5252525252525,12777941597,2026-09-24 17:42:22.435576,24/09/26,17:42:22
14498,0.25,14.498,248.31011173955028,12777956095,2026-09-24 17:42:36.933576,24/09/26,17:42:36
13794,0.26,13.794,260.98303610265333,12777969889,2026-09-24 17:42:50.727576,24/09/26,17:42:50
13889,0.26,13.889,259.19792641658864,12777983778,2026-09-24 17:43:04.616576,24/09/26,17:43:4
14233,0.25,14.233,252.93332396543244,12777998011,2026-09-24 17:43:18.849576,24/09/26,17:43:18
14182,0.25,14.182,253.84289945000705,12778012193,2026-09-24 17:43:33.031576,24/09/26,17:43:33
14183,0.25,14.183,253.82500176267362,12778026376,2026-09-24 17:43:47.214576,24/09/26,17:43:47
14084,0.25,14.084,255.60920193126952,12778040460,2026-09-24 17:44:01.298576,24/09/26,17:44:1
14022,0.26,14.022,256.73940949935815,12778054482,2026-09-24 17:44:15.320576,24/09/26,17:44:15
14424,0.25,14.424,249.58402662229616,12778068906,2026-09-24 17:44:29.744576,24/09/26,17:44:29
14311,0.25,14.311,251.5547480958703,12778083217,2026-09-24 17:44:44.055576,24/09/26,17:44:44
13878,0.26,13.878,259.40337224383916,12778097095,2026-09-24 17:44:57.933576,24/09/26,17:44:57
14190,0.25,14.19,253.6997885835095,12778111285,2026-09-24 17:45:12.123576,24/09/26,17:45:12
13742,0.26,13.742,261.97060107699025,12778125027,2026-09-24 17:45:25.865576,24/09/26,17:45:25
14006,0.26,14.006,257.0327002713123,12778139033,2026-09-24 17:45:39.871576,24/09/26,17:45:39
14000,0.26,14.0,257.14285714285717,12778153033,2026-09-24 17:45:53.871576,24/09/26,17:45:53
14429,0.25,14.429,249.4975396770393,12778167462,2026-09-24 17:46:08.300576,24/09/26,17:46:8
14164,0.25,14.164,254.16548997458344,12778181626,2026-09-24 17:46:22.464576,24/09/26,17:46:22
14205,0.25,14.205,253.43189017951426,12778195831,2026-09-24 17:46:36.669576,24/09/26,17:46:36
14194,0.25,14.194,253.6282936452022,12778210025,2026-09-24 17:46:50.863576,24/09/26,17:46:50
14195,0.25,14.195,253.61042620641072,12778224220,2026-09-24 17:47:05.058576,24/09/26,17:47:5
14255,0.25,14.255,252.54296737986672,12778238475,2026-09-24 17:47:19.313576,24/09/26,17:47:19
15228,0.24,15.228,236.4066193853428,12778253703,2026-09-24 17:47:34.541576,24/09/26,17:47:34
16717,0.22,16.717,215.34964407489383,12778270420,2026-09-24 17:47:51.258576,24/09/26,17:47:51
21252,0.17,21.252,169.3958215697346,12778291672,2026-09-24 17:48:12.510576,24/09/26,17:48:12
21875,0.16,21.875,164.57142857142858,12778313547,2026-09-24 17:48:34.385576,24/09/26,17:48:34
21378,0.17,21.378,168.39741790625877,12778334925,2026-09-24 17:48:55.763576,24/09/26,17:48:55
21841,0.16,21.841,164.82761778306855,12778356766,2026-09-24 17:49:17.604576,24/09/26,17:49:17
21633,0.17,21.633,166.4124254611011,12778378399,2026-09-24 17:49:39.237576,24/09/26,17:49:39
21508,0.17,21.508,167.37957969127766,12778399907,2026-09-24 17:50:00.745576,24/09/26,17:50:0
21813,0.17,21.813,165.03919680924218,12778421720,2026-09-24 17:50:22.558576,24/09/26,17:50:22
23166,0.16,23.166,155.4001554001554,12778444886,2026-09-24 17:50:45.724576,24/09/26,17:50:45
24095,0.15,24.095,149.40859099398216,12778468981,2026-09-24 17:51:09.819576,24/09/26,17:51:9
25491,0.14,25.491,141.22631517006002,12778494472,2026-09-24 17:51:35.310576,24/09/26,17:51:35
25385,0.14,25.385,141.81603309040773,12778519857,2026-09-24 17:52:00.695576,24/09/26,17:52:0
25551,0.14,25.551,140.89468122578373,12778545408,2026-09-24 17:52:26.246576,24/09/26,17:52:26
25297,0.14,25.297,142.30936474680792,12778570705,2026-09-24 17:52:51.543576,24/09/26,17:52:51
24734,0.14,24.734,145.54863750303227,12778595439,2026-09-24 17:53:16.277576,24/09/26,17:53:16
23548,0.15,23.548,152.87922541192458,12778618987,2026-09-24 17:53:39.825576,24/09/26,17:53:39
24502,0.15,24.502,146.92678148722553,12778643489,2026-09-24 17:54:04.327576,24/09/26,17:54:4
25481,0.14,25.481,141.28173933519093,12778668970,2026-09-24 17:54:29.808576,24/09/26,17:54:29
25099,0.14,25.099,143.43200924339615,12778694069,2026-09-24 17:54:54.907576,24/09/26,17:54:54
23151,0.16,23.151,155.5008422962291,12778717220,2026-09-24 17:55:18.058576,24/09/26,17:55:18
23780,0.15,23.78,151.38772077375947,12778741000,2026-09-24 17:55:41.838576,24/09/26,17:55:41
24673,0.14,24.673,145.90848295707858,12778765673,2026-09-24 17:56:06.511576,24/09/26,17:56:6
24926,0.14,24.926,144.42750541603147,12778790599,2026-09-24 17:56:31.437576,24/09/26,17:56:31
23483,0.15,23.483,153.302388962228,12778814082,2026-09-24 17:56:54.920576,24/09/26,17:56:54
23853,0.15,23.853,150.92441202364483,12778837935,2026-09-24 17:57:18.773576,24/09/26,17:57:18
24436,0.15,24.436,147.32362088721558,12778862371,2026-09-24 17:57:43.209576,24/09/26,17:57:43
24463,0.15,24.463,147.16101868127376,12778886834,2026-09-24 17:58:07.672576,24/09/26,17:58:7
24546,0.15,24.546,146.66340747983378,12778911380,2026-09-24 17:58:32.218576,24/09/26,17:58:32
24381,0.15,24.381,147.65596160944997,12778935761,2026-09-24 17:58:56.599576,24/09/26,17:58:56
24669,0.14,24.669,145.93214155417732,12778960430,2026-09-24 17:59:21.268576,24/09/26,17:59:21
24286,0.15,24.286,148.23355019352712,12778984716,2026-09-24 17:59:45.554576,24/09/26,17:59:45
24238,0.15,24.238,148.52710619688094,12779008954,2026-09-24 18:00:09.792576,24/09/26,18:0:9
24112,0.15,24.112,149.30325149303252,12779033066,2026-09-24 18:00:33.904576,24/09/26,18:0:33
23380,0.15,23.38,153.97775876817792,12779056446,2026-09-24 18:00:57.284576,24/09/26,18:0:57
26110,0.14,26.11,137.87820758330142,12779082556,2026-09-24 18:01:23.394576,24/09/26,18:1:23
26295,0.14,26.295,136.90815744438106,12779108851,2026-09-24 18:01:49.689576,24/09/26,18:1:49
26103,0.14,26.103,137.91518216296978,12779134954,2026-09-24 18:02:15.792576,24/09/26,18:2:15
26400,0.14,26.4,136.36363636363637,12779161354,2026-09-24 18:02:42.192576,24/09/26,18:2:42
26607,0.14,26.607,135.3027398804826,12779187961,2026-09-24 18:03:08.799576,24/09/26,18:3:8
26386,0.14,26.386,136.4359887819298,12779214347,2026-09-24 18:03:35.185576,24/09/26,18:3:35
26206,0.14,26.206,137.373120659391,12779240553,2026-09-24 18:04:01.391576,24/09/26,18:4:1
26403,0.14,26.403,136.34814225656174,12779266956,2026-09-24 18:04:27.794576,24/09/26,18:4:27
26267,0.14,26.267,137.05409829824495,12779293223,2026-09-24 18:04:54.061576,24/09/26,18:4:54
26326,0.14,26.326,136.74694218643165,12779319549,2026-09-24 18:05:20.387576,24/09/26,18:5:20
25934,0.14,25.934,138.81391223875994,12779345483,2026-09-24 18:05:46.321576,24/09/26,18:5:46
26390,0.14,26.39,136.41530882910195,12779371873,2026-09-24 18:06:12.711576,24/09/26,18:6:12
26031,0.14,26.031,138.29664630632706,12779397904,2026-09-24 18:06:38.742576,24/09/26,18:6:38
25822,0.14,25.822,139.41600185888004,12779423726,2026-09-24 18:07:04.564576,24/09/26,18:7:4
25256,0.14,25.256,142.54038644282548,12779448982,2026-09-24 18:07:29.820576,24/09/26,18:7:29
25808,0.14,25.808,139.49163050216987,12779474790,2026-09-24 18:07:55.628576,24/09/26,18:7:55
25490,0.14,25.49,141.2318556296587,12779500280,2026-09-24 18:08:21.118576,24/09/26,18:8:21
25446,0.14,25.446,141.47606696533836,12779525726,2026-09-24 18:08:46.564576,24/09/26,18:8:46
25606,0.14,25.606,140.5920487385769,12779551332,2026-09-24 18:09:12.170576,24/09/26,18:9:12
25254,0.14,25.254,142.55167498218103,12779576586,2026-09-24 18:09:37.424576,24/09/26,18:9:37
25296,0.14,25.296,142.31499051233396,12779601882,2026-09-24 18:10:02.720576,24/09/26,18:10:2
26047,0.14,26.047,138.21169424501863,12779627929,2026-09-24 18:10:28.767576,24/09/26,18:10:28
25165,0.14,25.165,143.05583151202066,12779653094,2026-09-24 18:10:53.932576,24/09/26,18:10:53
25086,0.14,25.086,143.50633819660368,12779678180,2026-09-24 18:11:19.018576,24/09/26,18:11:19
25148,0.14,25.148,143.15253698107205,12779703328,2026-09-24 18:11:44.166576,24/09/26,18:11:44
25398,0.14,25.398,141.74344436569808,12779728726,2026-09-24 18:12:09.564576,24/09/26,18:12:9
26212,0.14,26.212,137.34167556844193,12779754938,2026-09-24 18:12:35.776576,24/09/26,18:12:35
25624,0.14,25.624,140.4932875429285,12779780562,2026-09-24 18:13:01.400576,24/09/26,18:13:1
25719,0.14,25.719,139.97433803802636,12779806281,2026-09-24 18:13:27.119576,24/09/26,18:13:27
25695,0.14,25.695,140.10507880910683,12779831976,2026-09-24 18:13:52.814576,24/09/26,18:13:52
25944,0.14,25.944,138.7604070305273,12779857920,2026-09-24 18:14:18.758576,24/09/26,18:14:18
25765,0.14,25.765,139.72443236949348,12779883685,2026-09-24 18:14:44.523576,24/09/26,18:14:44
25706,0.14,25.706,140.04512565159885,12779909391,2026-09-24 18:15:10.229576,24/09/26,18:15:10
25936,0.14,25.936,138.80320789636028,12779935327,2026-09-24 18:15:36.165576,24/09/26,18:15:36
25784,0.14,25.784,139.62147067949115,12779961111,2026-09-24 18:16:01.949576,24/09/26,18:16:1
26201,0.14,26.201,137.3993359032098,12779987312,2026-09-24 18:16:28.150576,24/09/26,18:16:28
25788,0.14,25.788,139.59981386691484,12780013100,2026-09-24 18:16:53.938576,24/09/26,18:16:53
25988,0.14,25.988,138.5254732953671,12780039088,2026-09-24 18:17:19.926576,24/09/26,18:17:19
26192,0.14,26.192,137.44654856444717,12780065280,2026-09-24 18:17:46.118576,24/09/26,18:17:46
26298,0.14,26.298,136.89253935660506,12780091578,2026-09-24 18:18:12.416576,24/09/26,18:18:12
26611,0.14,26.611,135.28240201420465,12780118189,2026-09-24 18:18:39.027576,24/09/26,18:18:39
26858,0.13,26.858,134.0382753741902,12780145047,2026-09-24 18:19:05.885576,24/09/26,18:19:5
27166,0.13,27.166,132.51858941323712,12780172213,2026-09-24 18:19:33.051576,24/09/26,18:19:33
27032,0.13,27.032,133.17549570878958,12780199245,2026-09-24 18:20:00.083576,24/09/26,18:20:0
26370,0.14,26.37,136.51877133105802,12780225615,2026-09-24 18:20:26.453576,24/09/26,18:20:26
26020,0.14,26.02,138.35511145272866,12780251635,2026-09-24 18:20:52.473576,24/09/26,18:20:52
26033,0.14,26.033,138.2860215879845,12780277668,2026-09-24 18:21:18.506576,24/09/26,18:21:18
25846,0.14,25.846,139.28654337228198,12780303514,2026-09-24 18:21:44.352576,24/09/26,18:21:44
16093,0.22,16.093,223.6997452308457,12780319607,2026-09-24 18:22:00.445576,24/09/26,18:22:0
16365,0.22,16.365,219.98166819431714,12780335972,2026-09-24 18:22:16.810576,24/09/26,18:22:16
16382,0.22,16.382,219.75338786472958,12780352354,2026-09-24 18:22:33.192576,24/09/26,18:22:33
16196,0.22,16.196,222.2771054581378,12780368550,2026-09-24 18:22:49.388576,24/09/26,18:22:49
16178,0.22,16.178,222.52441587340834,12780384728,2026-09-24 18:23:05.566576,24/09/26,18:23:5
16519,0.22,16.519,217.9308674859253,12780401247,2026-09-24 18:23:22.085576,24/09/26,18:23:22
16557,0.22,16.557,217.43069396629824,12780417804,2026-09-24 18:23:38.642576,24/09/26,18:23:38
16529,0.22,16.529,217.79901990441044,12780434333,2026-09-24 18:23:55.171576,24/09/26,18:23:55
16610,0.22,16.61,216.73690547862734,12780450943,2026-09-24 18:24:11.781576,24/09/26,18:24:11
16703,0.22,16.703,215.5301442854577,12780467646,2026-09-24 18:24:28.484576,24/09/26,18:24:28
16746,0.21,16.746,214.9767108563239,12780484392,2026-09-24 18:24:45.230576,24/09/26,18:24:45
16535,0.22,16.535,217.7199879044451,12780500927,2026-09-24 18:25:01.765576,24/09/26,18:25:1
16816,0.21,16.816,214.08182683158896,12780517743,2026-09-24 18:25:18.581576,24/09/26,18:25:18
17026,0.21,17.026,211.44132503230352,12780534769,2026-09-24 18:25:35.607576,24/09/26,18:25:35
16749,0.21,16.749,214.93820526598603,12780551518,2026-09-24 18:25:52.356576,24/09/26,18:25:52
16959,0.21,16.959,212.2766672563241,12780568477,2026-09-24 18:26:09.315576,24/09/26,18:26:9
16794,0.21,16.794,214.36227224008576,12780585271,2026-09-24 18:26:26.109576,24/09/26,18:26:26
16878,0.21,16.878,213.2954141485958,12780602149,2026-09-24 18:26:42.987576,24/09/26,18:26:42
16993,0.21,16.993,211.85193903371976,12780619142,2026-09-24 18:26:59.980576,24/09/26,18:26:59
17176,0.21,17.176,209.5947834187238,12780636318,2026-09-24 18:27:17.156576,24/09/26,18:27:17
16998,0.21,16.998,211.7896223085069,12780653316,2026-09-24 18:27:34.154576,24/09/26,18:27:34
17039,0.21,17.039,211.28000469511122,12780670355,2026-09-24 18:27:51.193576,24/09/26,18:27:51
16949,0.21,16.949,212.40191161720455,12780687304,2026-09-24 18:28:08.142576,24/09/26,18:28:8
17201,0.21,17.201,209.29015754897972,12780704505,2026-09-24 18:28:25.343576,24/09/26,18:28:25
17175,0.21,17.175,209.6069868995633,12780721680,2026-09-24 18:28:42.518576,24/09/26,18:28:42
16924,0.21,16.924,212.71567005436066,12780738604,2026-09-24 18:28:59.442576,24/09/26,18:28:59
17198,0.21,17.198,209.32666589138273,12780755802,2026-09-24 18:29:16.640576,24/09/26,18:29:16
19485,0.18,19.485,184.75750577367205,12780775287,2026-09-24 18:29:36.125576,24/09/26,18:29:36
26003,0.14,26.003,138.4455639733877,12780801290,2026-09-24 18:30:02.128576,24/09/26,18:30:2
26128,0.14,26.128,137.78322106552358,12780827418,2026-09-24 18:30:28.256576,24/09/26,18:30:28
25694,0.14,25.694,140.1105316416284,12780853112,2026-09-24 18:30:53.950576,24/09/26,18:30:53
25938,0.14,25.938,138.79250520471894,12780879050,2026-09-24 18:31:19.888576,24/09/26,18:31:19
26185,0.14,26.185,137.4832919610464,12780905235,2026-09-24 18:31:46.073576,24/09/26,18:31:46
26131,0.14,26.131,137.76740270177183,12780931366,2026-09-24 18:32:12.204576,24/09/26,18:32:12
26771,0.13,26.771,134.47387097979157,12780958137,2026-09-24 18:32:38.975576,24/09/26,18:32:38
26368,0.14,26.368,136.52912621359224,12780984505,2026-09-24 18:33:05.343576,24/09/26,18:33:5
26829,0.13,26.829,134.1831600134183,12781011334,2026-09-24 18:33:32.172576,24/09/26,18:33:32
26375,0.14,26.375,136.49289099526067,12781037709,2026-09-24 18:33:58.547576,24/09/26,18:33:58
26610,0.14,26.61,135.28748590755356,12781064319,2026-09-24 18:34:25.157576,24/09/26,18:34:25
26343,0.14,26.343,136.6586949094636,12781090662,2026-09-24 18:34:51.500576,24/09/26,18:34:51
26204,0.14,26.204,137.3836055564036,12781116866,2026-09-24 18:35:17.704576,24/09/26,18:35:17
26128,0.14,26.128,137.78322106552358,12781142994,2026-09-24 18:35:43.832576,24/09/26,18:35:43
26395,0.14,26.395,136.38946770221634,12781169389,2026-09-24 18:36:10.227576,24/09/26,18:36:10
26379,0.14,26.379,136.47219379051518,12781195768,2026-09-24 18:36:36.606576,24/09/26,18:36:36
26240,0.14,26.24,137.1951219512195,12781222008,2026-09-24 18:37:02.846576,24/09/26,18:37:2
26727,0.13,26.727,134.69525199236728,12781248735,2026-09-24 18:37:29.573576,24/09/26,18:37:29
26330,0.14,26.33,136.72616786935055,12781275065,2026-09-24 18:37:55.903576,24/09/26,18:37:55
26338,0.14,26.338,136.6846381653884,12781301403,2026-09-24 18:38:22.241576,24/09/26,18:38:22
26436,0.14,26.436,136.17793917385384,12781327839,2026-09-24 18:38:48.677576,24/09/26,18:38:48
26367,0.14,26.367,136.53430424394128,12781354206,2026-09-24 18:39:15.044576,24/09/26,18:39:15
26734,0.13,26.734,134.65998354155758,12781380940,2026-09-24 18:39:41.778576,24/09/26,18:39:41
26366,0.14,26.366,136.53948266707124,12781407306,2026-09-24 18:40:08.144576,24/09/26,18:40:8
26464,0.14,26.464,136.03385731559854,12781433770,2026-09-24 18:40:34.608576,24/09/26,18:40:34
26312,0.14,26.312,136.81970203709335,12781460082,2026-09-24 18:41:00.920576,24/09/26,18:41:0
26102,0.14,26.102,137.9204658646847,12781486184,2026-09-24 18:41:27.022576,24/09/26,18:41:27
26197,0.14,26.197,137.420315303279,12781512381,2026-09-24 18:41:53.219576,24/09/26,18:41:53
26341,0.14,26.341,136.6690710299533,12781538722,2026-09-24 18:42:19.560576,24/09/26,18:42:19
26309,0.14,26.309,136.83530350830515,12781565031,2026-09-24 18:42:45.869576,24/09/26,18:42:45
26306,0.14,26.306,136.85090853797612,12781591337,2026-09-24 18:43:12.175576,24/09/26,18:43:12
26225,0.14,26.225,137.2735938989514,12781617562,2026-09-24 18:43:38.400576,24/09/26,18:43:38
25673,0.14,25.673,140.22513925135357,12781643235,2026-09-24 18:44:04.073576,24/09/26,18:44:4
21375,0.17,21.375,168.42105263157896,12781664610,2026-09-24 18:44:25.448576,24/09/26,18:44:25
20120,0.18,20.12,178.92644135188866,12781684730,2026-09-24 18:44:45.568576,24/09/26,18:44:45
20824,0.17,20.824,172.87744909719555,12781705554,2026-09-24 18:45:06.392576,24/09/26,18:45:6
20926,0.17,20.926,172.03478925738315,12781726480,2026-09-24 18:45:27.318576,24/09/26,18:45:27
21382,0.17,21.382,168.36591525582264,12781747862,2026-09-24 18:45:48.700576,24/09/26,18:45:48
21209,0.17,21.209,169.73926163421189,12781769071,2026-09-24 18:46:09.909576,24/09/26,18:46:9
21996,0.16,21.996,163.66612111292963,12781791067,2026-09-24 18:46:31.905576,24/09/26,18:46:31
21890,0.16,21.89,164.45865692096848,12781812957,2026-09-24 18:46:53.795576,24/09/26,18:46:53
21152,0.17,21.152,170.19667170953102,12781834109,2026-09-24 18:47:14.947576,24/09/26,18:47:14
21601,0.17,21.601,166.65895097449192,12781855710,2026-09-24 18:47:36.548576,24/09/26,18:47:36
21598,0.17,21.598,166.68210019446246,12781877308,2026-09-24 18:47:58.146576,24/09/26,18:47:58
21811,0.17,21.811,165.0543303837513,12781899119,2026-09-24 18:48:19.957576,24/09/26,18:48:19
21839,0.16,21.839,164.84271257841476,12781920958,2026-09-24 18:48:41.796576,24/09/26,18:48:41
21708,0.17,21.708,165.8374792703151,12781942666,2026-09-24 18:49:03.504576,24/09/26,18:49:3
21232,0.17,21.232,169.55538809344387,12781963898,2026-09-24 18:49:24.736576,24/09/26,18:49:24
21752,0.17,21.752,165.50202280250093,12781985650,2026-09-24 18:49:46.488576,24/09/26,18:49:46
23220,0.16,23.22,155.03875968992247,12782008870,2026-09-24 18:50:09.708576,24/09/26,18:50:9
24909,0.14,24.909,144.52607491268216,12782033779,2026-09-24 18:50:34.617576,24/09/26,18:50:34
24892,0.14,24.892,144.62477904547646,12782058671,2026-09-24 18:50:59.509576,24/09/26,18:50:59
24326,0.15,24.326,147.98980514675657,12782082997,2026-09-24 18:51:23.835576,24/09/26,18:51:23
25023,0.14,25.023,143.867641769572,12782108020,2026-09-24 18:51:48.858576,24/09/26,18:51:48
25123,0.14,25.123,143.2949886558134,12782133143,2026-09-24 18:52:13.981576,24/09/26,18:52:13
24631,0.15,24.631,146.15728147456457,12782157774,2026-09-24 18:52:38.612576,24/09/26,18:52:38
24392,0.15,24.392,147.5893735651033,12782182166,2026-09-24 18:53:03.004576,24/09/26,18:53:3
23054,0.16,23.054,156.1551140799861,12782205220,2026-09-24 18:53:26.058576,24/09/26,18:53:26
24584,0.15,24.584,146.43670680117148,12782229804,2026-09-24 18:53:50.642576,24/09/26,18:53:50
21573,0.17,21.573,166.87526074259492,12782251377,2026-09-24 18:54:12.215576,24/09/26,18:54:12
22135,0.16,22.135,162.63835554551616,12782273512,2026-09-24 18:54:34.350576,24/09/26,18:54:34
23876,0.15,23.876,150.77902496230524,12782297388,2026-09-24 18:54:58.226576,24/09/26,18:54:58
24962,0.14,24.962,144.2192132040702,12782322350,2026-09-24 18:55:23.188576,24/09/26,18:55:23
23828,0.15,23.828,151.08275977841194,12782346178,2026-09-24 18:55:47.016576,24/09/26,18:55:47
22096,0.16,22.096,162.92541636495292,12782368274,2026-09-24 18:56:09.112576,24/09/26,18:56:9
23379,0.15,23.379,153.98434492493263,12782391653,2026-09-24 18:56:32.491576,24/09/26,18:56:32
24622,0.15,24.622,146.2107058727967,12782416275,2026-09-24 18:56:57.113576,24/09/26,18:56:57
24648,0.15,24.648,146.0564751703992,12782440923,2026-09-24 18:57:21.761576,24/09/26,18:57:21
25270,0.14,25.27,142.46141669964385,12782466193,2026-09-24 18:57:47.031576,24/09/26,18:57:47
25100,0.14,25.1,143.42629482071712,12782491293,2026-09-24 18:58:12.131576,24/09/26,18:58:12
25445,0.14,25.445,141.48162703871094,12782516738,2026-09-24 18:58:37.576576,24/09/26,18:58:37
25256,0.14,25.256,142.54038644282548,12782541994,2026-09-24 18:59:02.832576,24/09/26,18:59:2
24931,0.14,24.931,144.39853997031807,12782566925,2026-09-24 18:59:27.763576,24/09/26,18:59:27
25594,0.14,25.594,140.65796671094787,12782592519,2026-09-24 18:59:53.357576,24/09/26,18:59:53
24445,0.15,24.445,147.26938024135816,12782616964,2026-09-24 19:00:17.802576,24/09/26,19:0:17
26175,0.14,26.175,137.53581661891118,12782643139,2026-09-24 19:00:43.977576,24/09/26,19:0:43
26724,0.13,26.724,134.7103726986978,12782669863,2026-09-24 19:01:10.701576,24/09/26,19:1:10
26496,0.14,26.496,135.8695652173913,12782696359,2026-09-24 19:01:37.197576,24/09/26,19:1:37
26873,0.13,26.873,133.9634577456927,12782723232,2026-09-24 19:02:04.070576,24/09/26,19:2:4
23523,0.15,23.523,153.04170386430303,12782746755,2026-09-24 19:02:27.593576,24/09/26,19:2:27
21045,0.17,21.045,171.06200997861725,12782767800,2026-09-24 19:02:48.638576,24/09/26,19:2:48
20785,0.17,20.785,173.20182824152033,12782788585,2026-09-24 19:03:09.423576,24/09/26,19:3:9
21183,0.17,21.183,169.9475994901572,12782809768,2026-09-24 19:03:30.606576,24/09/26,19:3:30
16245,0.22,16.245,221.60664819944597,12782826013,2026-09-24 19:03:46.851576,24/09/26,19:3:46
14132,0.25,14.132,254.7410133031418,12782840145,2026-09-24 19:04:00.983576,24/09/26,19:4:0
14420,0.25,14.42,249.65325936199721,12782854565,2026-09-24 19:04:15.403576,24/09/26,19:4:15
14259,0.25,14.259,252.47212286976645,12782868824,2026-09-24 19:04:29.662576,24/09/26,19:4:29
14103,0.25,14.103,255.26483726866624,12782882927,2026-09-24 19:04:43.765576,24/09/26,19:4:43
14055,0.26,14.055,256.136606189968,12782896982,2026-09-24 19:04:57.820576,24/09/26,19:4:57
14258,0.25,14.258,252.4898302707252,12782911240,2026-09-24 19:05:12.078576,24/09/26,19:5:12
14098,0.25,14.098,255.35536955596538,12782925338,2026-09-24 19:05:26.176576,24/09/26,19:5:26
14609,0.25,14.609,246.42343760695462,12782939947,2026-09-24 19:05:40.785576,24/09/26,19:5:40
14813,0.24,14.813,243.02977114696552,12782954760,2026-09-24 19:05:55.598576,24/09/26,19:5:55
14750,0.24,14.75,244.0677966101695,12782969510,2026-09-24 19:06:10.348576,24/09/26,19:6:10
14770,0.24,14.77,243.73730534867977,12782984280,2026-09-24 19:06:25.118576,24/09/26,19:6:25
14916,0.24,14.916,241.35156878519712,12782999196,2026-09-24 19:06:40.034576,24/09/26,19:6:40
15122,0.24,15.122,238.06374818145747,12783014318,2026-09-24 19:06:55.156576,24/09/26,19:6:55
14906,0.24,14.906,241.51348450288475,12783029224,2026-09-24 19:07:10.062576,24/09/26,19:7:10
14978,0.24,14.978,240.35251702496996,12783044202,2026-09-24 19:07:25.040576,24/09/26,19:7:25
17316,0.21,17.316,207.9002079002079,12783061518,2026-09-24 19:07:42.356576,24/09/26,19:7:42
17331,0.21,17.331,207.72027003635105,12783078849,2026-09-24 19:07:59.687576,24/09/26,19:7:59
16979,0.21,16.979,212.02662112020732,12783095828,2026-09-24 19:08:16.666576,24/09/26,19:8:16
17134,0.21,17.134,210.10855608731177,12783112962,2026-09-24 19:08:33.800576,24/09/26,19:8:33
16691,0.22,16.691,215.68509975435865,12783129653,2026-09-24 19:08:50.491576,24/09/26,19:8:50
16906,0.21,16.906,212.94215071572222,12783146559,2026-09-24 19:09:07.397576,24/09/26,19:9:7
16963,0.21,16.963,212.22661085892827,12783163522,2026-09-24 19:09:24.360576,24/09/26,19:9:24
17094,0.21,17.094,210.6002106002106,12783180616,2026-09-24 19:09:41.454576,24/09/26,19:9:41
17176,0.21,17.176,209.5947834187238,12783197792,2026-09-24 19:09:58.630576,24/09/26,19:9:58
16858,0.21,16.858,213.54846363744215,12783214650,2026-09-24 19:10:15.488576,24/09/26,19:10:15
17381,0.21,17.381,207.12272021172544,12783232031,2026-09-24 19:10:32.869576,24/09/26,19:10:32
17397,0.21,17.397,206.93222969477497,12783249428,2026-09-24 19:10:50.266576,24/09/26,19:10:50
17599,0.2,17.599,204.5570771066538,12783267027,2026-09-24 19:11:07.865576,24/09/26,19:11:7
19728,0.18,19.728,182.4817518248175,12783286755,2026-09-24 19:11:27.593576,24/09/26,19:11:27
26063,0.14,26.063,138.12684648735757,12783312818,2026-09-24 19:11:53.656576,24/09/26,19:11:53
26334,0.14,26.334,136.7053998632946,12783339152,2026-09-24 19:12:19.990576,24/09/26,19:12:19
26534,0.14,26.534,135.67498304062713,12783365686,2026-09-24 19:12:46.524576,24/09/26,19:12:46
26353,0.14,26.353,136.60683793116533,12783392039,2026-09-24 19:13:12.877576,24/09/26,19:13:12
26984,0.13,26.984,133.41239252890603,12783419023,2026-09-24 19:13:39.861576,24/09/26,19:13:39
26684,0.13,26.684,134.91230700044972,12783445707,2026-09-24 19:14:06.545576,24/09/26,19:14:6
26148,0.14,26.148,137.67783386874714,12783471855,2026-09-24 19:14:32.693576,24/09/26,19:14:32
26289,0.14,26.289,136.93940431359124,12783498144,2026-09-24 19:14:58.982576,24/09/26,19:14:58
27159,0.13,27.159,132.5527449464266,12783525303,2026-09-24 19:15:26.141576,24/09/26,19:15:26
26447,0.14,26.447,136.12129920217794,12783551750,2026-09-24 19:15:52.588576,24/09/26,19:15:52
27108,0.13,27.108,132.80212483399734,12783578858,2026-09-24 19:16:19.696576,24/09/26,19:16:19
27351,0.13,27.351,131.62224415926292,12783606209,2026-09-24 19:16:47.047576,24/09/26,19:16:47
27301,0.13,27.301,131.86330171056005,12783633510,2026-09-24 19:17:14.348576,24/09/26,19:17:14
27153,0.13,27.153,132.5820351342393,12783660663,2026-09-24 19:17:41.501576,24/09/26,19:17:41
27504,0.13,27.504,130.89005235602093,12783688167,2026-09-24 19:18:09.005576,24/09/26,19:18:9
27473,0.13,27.473,131.0377461507662,12783715640,2026-09-24 19:18:36.478576,24/09/26,19:18:36
27593,0.13,27.593,130.46787228644945,12783743233,2026-09-24 19:19:04.071576,24/09/26,19:19:4
27514,0.13,27.514,130.8424801919023,12783770747,2026-09-24 19:19:31.585576,24/09/26,19:19:31
27372,0.13,27.372,131.521262604121,12783798119,2026-09-24 19:19:58.957576,24/09/26,19:19:58
26736,0.13,26.736,134.64991023339317,12783824855,2026-09-24 19:20:25.693576,24/09/26,19:20:25
26849,0.13,26.849,134.08320607843868,12783851704,2026-09-24 19:20:52.542576,24/09/26,19:20:52
26688,0.13,26.688,134.89208633093526,12783878392,2026-09-24 19:21:19.230576,24/09/26,19:21:19
26823,0.13,26.823,134.213175260038,12783905215,2026-09-24 19:21:46.053576,24/09/26,19:21:46
27013,0.13,27.013,133.269166697516,12783932228,2026-09-24 19:22:13.066576,24/09/26,19:22:13
26613,0.14,26.613,135.27223537368954,12783958841,2026-09-24 19:22:39.679576,24/09/26,19:22:39
26668,0.13,26.668,134.99325033748312,12783985509,2026-09-24 19:23:06.347576,24/09/26,19:23:6
26751,0.13,26.751,134.5744084333296,12784012260,2026-09-24 19:23:33.098576,24/09/26,19:23:33
27113,0.13,27.113,132.77763434514807,12784039373,2026-09-24 19:24:00.211576,24/09/26,19:24:0
27275,0.13,27.275,131.98900091659027,12784066648,2026-09-24 19:24:27.486576,24/09/26,19:24:27
27209,0.13,27.209,132.30916240949685,12784093857,2026-09-24 19:24:54.695576,24/09/26,19:24:54
27424,0.13,27.424,131.27187864644108,12784121281,2026-09-24 19:25:22.119576,24/09/26,19:25:22
26702,0.13,26.702,134.82136169575313,12784147983,2026-09-24 19:25:48.821576,24/09/26,19:25:48
26876,0.13,26.876,133.94850424170264,12784174859,2026-09-24 19:26:15.697576,24/09/26,19:26:15
27155,0.13,27.155,132.57227030012888,12784202014,2026-09-24 19:26:42.852576,24/09/26,19:26:42
27155,0.13,27.155,132.57227030012888,12784229169,2026-09-24 19:27:10.007576,24/09/26,19:27:10
26487,0.14,26.487,135.91573224600748,12784255656,2026-09-24 19:27:36.494576,24/09/26,19:27:36
26716,0.13,26.716,134.75071118430904,12784282372,2026-09-24 19:28:03.210576,24/09/26,19:28:3
26619,0.14,26.619,135.24174461850558,12784308991,2026-09-24 19:28:29.829576,24/09/26,19:28:29
26969,0.13,26.969,133.486595721013,12784335960,2026-09-24 19:28:56.798576,24/09/26,19:28:56
27112,0.13,27.112,132.78253172027146,12784363072,2026-09-24 19:29:23.910576,24/09/26,19:29:23
27404,0.13,27.404,131.36768354984673,12784390476,2026-09-24 19:29:51.314576,24/09/26,19:29:51
27169,0.13,27.169,132.50395671537413,12784417645,2026-09-24 19:30:18.483576,24/09/26,19:30:18
26689,0.13,26.689,134.88703211060738,12784444334,2026-09-24 19:30:45.172576,24/09/26,19:30:45
27090,0.13,27.09,132.89036544850498,12784471424,2026-09-24 19:31:12.262576,24/09/26,19:31:12
27123,0.13,27.123,132.7286804557018,12784498547,2026-09-24 19:31:39.385576,24/09/26,19:31:39
27365,0.13,27.365,131.55490590169924,12784525912,2026-09-24 19:32:06.750576,24/09/26,19:32:6
27547,0.13,27.547,130.68573710385886,12784553459,2026-09-24 19:32:34.297576,24/09/26,19:32:34
27638,0.13,27.638,130.25544540125912,12784581097,2026-09-24 19:33:01.935576,24/09/26,19:33:1
27187,0.13,27.187,132.41622834442933,12784608284,2026-09-24 19:33:29.122576,24/09/26,19:33:29
26953,0.13,26.953,133.56583682706935,12784635237,2026-09-24 19:33:56.075576,24/09/26,19:33:56
26934,0.13,26.934,133.66005791935842,12784662171,2026-09-24 19:34:23.009576,24/09/26,19:34:23
27290,0.13,27.29,131.916452913155,12784689461,2026-09-24 19:34:50.299576,24/09/26,19:34:50
27444,0.13,27.444,131.17621337997377,12784716905,2026-09-24 19:35:17.743576,24/09/26,19:35:17
27619,0.13,27.619,130.34505231905572,12784744524,2026-09-24 19:35:45.362576,24/09/26,19:35:45
27665,0.13,27.665,130.12832098319177,12784772189,2026-09-24 19:36:13.027576,24/09/26,19:36:13
28161,0.13,28.161,127.8363694471077,12784800350,2026-09-24 19:36:41.188576,24/09/26,19:36:41
28307,0.13,28.307,127.17702335111457,12784828657,2026-09-24 19:37:09.495576,24/09/26,19:37:9
28241,0.13,28.241,127.47423958075139,12784856898,2026-09-24 19:37:37.736576,24/09/26,19:37:37
28254,0.13,28.254,127.41558717349756,12784885152,2026-09-24 19:38:05.990576,24/09/26,19:38:5
28003,0.13,28.003,128.5576545370139,12784913155,2026-09-24 19:38:33.993576,24/09/26,19:38:33
28084,0.13,28.084,128.18686796752598,12784941239,2026-09-24 19:39:02.077576,24/09/26,19:39:2
28043,0.13,28.043,128.37428235210214,12784969282,2026-09-24 19:39:30.120576,24/09/26,19:39:30
28039,0.13,28.039,128.39259602696245,12784997321,2026-09-24 19:39:58.159576,24/09/26,19:39:58
27184,0.13,27.184,132.4308416715715,12785024505,2026-09-24 19:40:25.343576,24/09/26,19:40:25
27457,0.13,27.457,131.11410569253744,12785051962,2026-09-24 19:40:52.800576,24/09/26,19:40:52
27372,0.13,27.372,131.521262604121,12785079334,2026-09-24 19:41:20.172576,24/09/26,19:41:20
27595,0.13,27.595,130.45841637977895,12785106929,2026-09-24 19:41:47.767576,24/09/26,19:41:47
27671,0.13,27.671,130.1001048028622,12785134600,2026-09-24 19:42:15.438576,24/09/26,19:42:15
27586,0.13,27.586,130.50097875734068,12785162186,2026-09-24 19:42:43.024576,24/09/26,19:42:43
27373,0.13,27.373,131.51645782340262,12785189559,2026-09-24 19:43:10.397576,24/09/26,19:43:10
27062,0.13,27.062,133.02786194664105,12785216621,2026-09-24 19:43:37.459576,24/09/26,19:43:37
27221,0.13,27.221,132.25083575180926,12785243842,2026-09-24 19:44:04.680576,24/09/26,19:44:4
27278,0.13,27.278,131.97448493291296,12785271120,2026-09-24 19:44:31.958576,24/09/26,19:44:31
27690,0.13,27.69,130.01083423618635,12785298810,2026-09-24 19:44:59.648576,24/09/26,19:44:59
27410,0.13,27.41,131.33892739875958,12785326220,2026-09-24 19:45:27.058576,24/09/26,19:45:27
27335,0.13,27.335,131.6992866288641,12785353555,2026-09-24 19:45:54.393576,24/09/26,19:45:54
26875,0.13,26.875,133.95348837209303,12785380430,2026-09-24 19:46:21.268576,24/09/26,19:46:21
27490,0.13,27.49,130.956711531466,12785407920,2026-09-24 19:46:48.758576,24/09/26,19:46:48
14937,0.24,14.937,241.01225145611568,12785422857,2026-09-24 19:47:03.695576,24/09/26,19:47:3
16896,0.21,16.896,213.0681818181818,12785439753,2026-09-24 19:47:20.591576,24/09/26,19:47:20
16949,0.21,16.949,212.40191161720455,12785456702,2026-09-24 19:47:37.540576,24/09/26,19:47:37
17004,0.21,17.004,211.71489061397318,12785473706,2026-09-24 19:47:54.544576,24/09/26,19:47:54
16962,0.21,16.962,212.23912274495933,12785490668,2026-09-24 19:48:11.506576,24/09/26,19:48:11
17090,0.21,17.09,210.64950263311877,12785507758,2026-09-24 19:48:28.596576,24/09/26,19:48:28
17289,0.21,17.289,208.2248828735034,12785525047,2026-09-24 19:48:45.885576,24/09/26,19:48:45
17370,0.21,17.37,207.2538860103627,12785542417,2026-09-24 19:49:03.255576,24/09/26,19:49:3
17080,0.21,17.08,210.7728337236534,12785559497,2026-09-24 19:49:20.335576,24/09/26,19:49:20
16441,0.22,16.441,218.9647831640411,12785575938,2026-09-24 19:49:36.776576,24/09/26,19:49:36
16514,0.22,16.514,217.9968511565944,12785592452,2026-09-24 19:49:53.290576,24/09/26,19:49:53
16998,0.21,16.998,211.7896223085069,12785609450,2026-09-24 19:50:10.288576,24/09/26,19:50:10
16648,0.22,16.648,216.2421912542047,12785626098,2026-09-24 19:50:26.936576,24/09/26,19:50:26
16780,0.21,16.78,214.54112038140644,12785642878,2026-09-24 19:50:43.716576,24/09/26,19:50:43
16630,0.22,16.63,216.47624774503907,12785659508,2026-09-24 19:51:00.346576,24/09/26,19:51:0
16995,0.21,16.995,211.8270079435128,12785676503,2026-09-24 19:51:17.341576,24/09/26,19:51:17
17169,0.21,17.169,209.68023763760266,12785693672,2026-09-24 19:51:34.510576,24/09/26,19:51:34
17139,0.21,17.139,210.04726063364257,12785710811,2026-09-24 19:51:51.649576,24/09/26,19:51:51
17160,0.21,17.16,209.7902097902098,12785727971,2026-09-24 19:52:08.809576,24/09/26,19:52:8
17322,0.21,17.322,207.82819535850365,12785745293,2026-09-24 19:52:26.131576,24/09/26,19:52:26
17497,0.2,17.497,205.74955706692575,12785762790,2026-09-24 19:52:43.628576,24/09/26,19:52:43
17544,0.2,17.544,205.1983584131327,12785780334,2026-09-24 19:53:01.172576,24/09/26,19:53:1
17589,0.2,17.589,204.6733754050827,12785797923,2026-09-24 19:53:18.761576,24/09/26,19:53:18
17658,0.2,17.658,203.8735983690112,12785815581,2026-09-24 19:53:36.419576,24/09/26,19:53:36
17722,0.2,17.722,203.13734341496445,12785833303,2026-09-24 19:53:54.141576,24/09/26,19:53:54
17756,0.2,17.756,202.74836674926786,12785851059,2026-09-24 19:54:11.897576,24/09/26,19:54:11
18071,0.2,18.071,199.21421061369045,12785869130,2026-09-24 19:54:29.968576,24/09/26,19:54:29
26870,0.13,26.87,133.9784145887607,12785896000,2026-09-24 19:54:56.838576,24/09/26,19:54:56
26551,0.14,26.551,135.58811344205492,12785922551,2026-09-24 19:55:23.389576,24/09/26,19:55:23
26537,0.14,26.537,135.65964502392885,12785949088,2026-09-24 19:55:49.926576,24/09/26,19:55:49
26764,0.13,26.764,134.509041996712,12785975852,2026-09-24 19:56:16.690576,24/09/26,19:56:16
8921,0.4,8.921,403.5422037888129,12785984773,2026-09-24 19:56:25.611576,24/09/26,19:56:25
2465,1.46,2.465,1460.4462474645031,12785987238,2026-09-24 19:56:28.076576,24/09/26,19:56:28
2480,1.45,2.48,1451.6129032258063,12785989718,2026-09-24 19:56:30.556576,24/09/26,19:56:30
2468,1.46,2.468,1458.6709886547812,12785992186,2026-09-24 19:56:33.024576,24/09/26,19:56:33
2468,1.46,2.468,1458.6709886547812,12785994654,2026-09-24 19:56:35.492576,24/09/26,19:56:35
2466,1.46,2.466,1459.85401459854,12785997120,2026-09-24 19:56:37.958576,24/09/26,19:56:37
2477,1.45,2.477,1453.3710133225677,12785999597,2026-09-24 19:56:40.435576,24/09/26,19:56:40
2477,1.45,2.477,1453.3710133225677,12786002074,2026-09-24 19:56:42.912576,24/09/26,19:56:42
2474,1.46,2.474,1455.1333872271625,12786004548,2026-09-24 19:56:45.386576,24/09/26,19:56:45
2476,1.45,2.476,1453.9579967689822,12786007024,2026-09-24 19:56:47.862576,24/09/26,19:56:47
2478,1.45,2.478,1452.7845036319613,12786009502,2026-09-24 19:56:50.340576,24/09/26,19:56:50
2473,1.46,2.473,1455.7217953902143,12786011975,2026-09-24 19:56:52.813576,24/09/26,19:56:52
2476,1.45,2.476,1453.9579967689822,12786014451,2026-09-24 19:56:55.289576,24/09/26,19:56:55
2475,1.45,2.475,1454.5454545454545,12786016926,2026-09-24 19:56:57.764576,24/09/26,19:56:57
2479,1.45,2.479,1452.1984671238401,12786019405,2026-09-24 19:57:00.243576,24/09/26,19:57:0
2475,1.45,2.475,1454.5454545454545,12786021880,2026-09-24 19:57:02.718576,24/09/26,19:57:2
2488,1.45,2.488,1446.9453376205788,12786024368,2026-09-24 19:57:05.206576,24/09/26,19:57:5
2486,1.45,2.486,1448.1094127111826,12786026854,2026-09-24 19:57:07.692576,24/09/26,19:57:7
2487,1.45,2.487,1447.5271411338963,12786029341,2026-09-24 19:57:10.179576,24/09/26,19:57:10
2489,1.45,2.489,1446.364001607071,12786031830,2026-09-24 19:57:12.668576,24/09/26,19:57:12
2491,1.45,2.491,1445.2027298273786,12786034321,2026-09-24 19:57:15.159576,24/09/26,19:57:15
2497,1.44,2.497,1441.7300760913097,12786036818,2026-09-24 19:57:17.656576,24/09/26,19:57:17
2502,1.44,2.502,1438.8489208633093,12786039320,2026-09-24 19:57:20.158576,24/09/26,19:57:20
2490,1.45,2.49,1445.7831325301204,12786041810,2026-09-24 19:57:22.648576,24/09/26,19:57:22
2493,1.44,2.493,1444.043321299639,12786044303,2026-09-24 19:57:25.141576,24/09/26,19:57:25
2581,1.39,2.581,1394.8082138705927,12786046884,2026-09-24 19:57:27.722576,24/09/26,19:57:27
23547,0.15,23.547,152.88571792585043,12786070431,2026-09-24 19:57:51.269576,24/09/26,19:57:51
26326,0.14,26.326,136.74694218643165,12786096757,2026-09-24 19:58:17.595576,24/09/26,19:58:17
26372,0.14,26.372,136.5084180191112,12786123129,2026-09-24 19:58:43.967576,24/09/26,19:58:43
26072,0.14,26.072,138.07916538815587,12786149201,2026-09-24 19:59:10.039576,24/09/26,19:59:10
26051,0.14,26.051,138.1904725346436,12786175252,2026-09-24 19:59:36.090576,24/09/26,19:59:36
26051,0.14,26.051,138.1904725346436,12786201303,2026-09-24 20:00:02.141576,24/09/26,20:0:2
26101,0.14,26.101,137.92574997126547,12786227404,2026-09-24 20:00:28.242576,24/09/26,20:0:28
25129,0.14,25.129,143.26077440407497,12786252533,2026-09-24 20:00:53.371576,24/09/26,20:0:53
25702,0.14,25.702,140.0669208621897,12786278235,2026-09-24 20:01:19.073576,24/09/26,20:1:19
25697,0.14,25.697,140.09417441724716,12786303932,2026-09-24 20:01:44.770576,24/09/26,20:1:44
25293,0.14,25.293,142.33187047799785,12786329225,2026-09-24 20:02:10.063576,24/09/26,20:2:10
25335,0.14,25.335,142.09591474245116,12786354560,2026-09-24 20:02:35.398576,24/09/26,20:2:35
25793,0.14,25.793,139.57275229713488,12786380353,2026-09-24 20:03:01.191576,24/09/26,20:3:1
25559,0.14,25.559,140.85058100864666,12786405912,2026-09-24 20:03:26.750576,24/09/26,20:3:26
25812,0.14,25.812,139.4700139470014,12786431724,2026-09-24 20:03:52.562576,24/09/26,20:3:52
25432,0.14,25.432,141.55394778232147,12786457156,2026-09-24 20:04:17.994576,24/09/26,20:4:17
25557,0.14,25.557,140.86160347458622,12786482713,2026-09-24 20:04:43.551576,24/09/26,20:4:43
25431,0.14,25.431,141.559513979002,12786508144,2026-09-24 20:05:08.982576,24/09/26,20:5:8
25348,0.14,25.348,142.02303929304088,12786533492,2026-09-24 20:05:34.330576,24/09/26,20:5:34
25670,0.14,25.67,140.24152707440592,12786559162,2026-09-24 20:06:00.000576,24/09/26,20:6:0
25814,0.14,25.814,139.45920818160687,12786584976,2026-09-24 20:06:25.814576,24/09/26,20:6:25
26332,0.14,26.332,136.7157830776242,12786611308,2026-09-24 20:06:52.146576,24/09/26,20:6:52
25957,0.14,25.957,138.6909118927457,12786637265,2026-09-24 20:07:18.103576,24/09/26,20:7:18
26164,0.14,26.164,137.5936401161902,12786663429,2026-09-24 20:07:44.267576,24/09/26,20:7:44
26344,0.14,26.344,136.6535074400243,12786689773,2026-09-24 20:08:10.611576,24/09/26,20:8:10
25594,0.14,25.594,140.65796671094787,12786715367,2026-09-24 20:08:36.205576,24/09/26,20:8:36
25082,0.14,25.082,143.52922414480503,12786740449,2026-09-24 20:09:01.287576,24/09/26,20:9:1
25623,0.14,25.623,140.49877063575693,12786766072,2026-09-24 20:09:26.910576,24/09/26,20:9:26
25329,0.14,25.329,142.12957479568874,12786791401,2026-09-24 20:09:52.239576,24/09/26,20:9:52
25123,0.14,25.123,143.2949886558134,12786816524,2026-09-24 20:10:17.362576,24/09/26,20:10:17
25264,0.14,25.264,142.49525015832805,12786841788,2026-09-24 20:10:42.626576,24/09/26,20:10:42
25197,0.14,25.197,142.87415168472438,12786866985,2026-09-24 20:11:07.823576,24/09/26,20:11:7
25259,0.14,25.259,142.52345698562888,12786892244,2026-09-24 20:11:33.082576,24/09/26,20:11:33
26012,0.14,26.012,138.3976626172536,12786918256,2026-09-24 20:11:59.094576,24/09/26,20:11:59
26251,0.14,26.251,137.13763285208182,12786944507,2026-09-24 20:12:25.345576,24/09/26,20:12:25
26327,0.14,26.327,136.74174801534545,12786970834,2026-09-24 20:12:51.672576,24/09/26,20:12:51
26324,0.14,26.324,136.7573317125057,12786997158,2026-09-24 20:13:17.996576,24/09/26,20:13:17
26379,0.14,26.379,136.47219379051518,12787023537,2026-09-24 20:13:44.375576,24/09/26,20:13:44
26159,0.14,26.159,137.61993960013763,12787049696,2026-09-24 20:14:10.534576,24/09/26,20:14:10
26330,0.14,26.33,136.72616786935055,12787076026,2026-09-24 20:14:36.864576,24/09/26,20:14:36
26471,0.14,26.471,135.99788447735259,12787102497,2026-09-24 20:15:03.335576,24/09/26,20:15:3
26304,0.14,26.304,136.86131386861314,12787128801,2026-09-24 20:15:29.639576,24/09/26,20:15:29
26555,0.14,26.555,135.56768970062134,12787155356,2026-09-24 20:15:56.194576,24/09/26,20:15:56
26479,0.14,26.479,135.95679595150875,12787181835,2026-09-24 20:16:22.673576,24/09/26,20:16:22
26244,0.14,26.244,137.17421124828533,12787208079,2026-09-24 20:16:48.917576,24/09/26,20:16:48
26436,0.14,26.436,136.17793917385384,12787234515,2026-09-24 20:17:15.353576,24/09/26,20:17:15
26508,0.14,26.508,135.80805794477138,12787261023,2026-09-24 20:17:41.861576,24/09/26,20:17:41
26447,0.14,26.447,136.12129920217794,12787287470,2026-09-24 20:18:08.308576,24/09/26,20:18:8
26413,0.14,26.413,136.2965206527089,12787313883,2026-09-24 20:18:34.721576,24/09/26,20:18:34
26292,0.14,26.292,136.92377909630306,12787340175,2026-09-24 20:19:01.013576,24/09/26,20:19:1
26381,0.14,26.381,136.46184754179143,12787366556,2026-09-24 20:19:27.394576,24/09/26,20:19:27
26495,0.14,26.495,135.87469333836572,12787393051,2026-09-24 20:19:53.889576,24/09/26,20:19:53
26435,0.14,26.435,136.1830905995839,12787419486,2026-09-24 20:20:20.324576,24/09/26,20:20:20
16365,0.22,16.365,219.98166819431714,12787435851,2026-09-24 20:20:36.689576,24/09/26,20:20:36
16544,0.22,16.544,217.60154738878143,12787452395,2026-09-24 20:20:53.233576,24/09/26,20:20:53
16592,0.22,16.592,216.97203471552555,12787468987,2026-09-24 20:21:09.825576,24/09/26,20:21:9
16353,0.22,16.353,220.1430930104568,12787485340,2026-09-24 20:21:26.178576,24/09/26,20:21:26
16154,0.22,16.154,222.85502042837686,12787501494,2026-09-24 20:21:42.332576,24/09/26,20:21:42
16383,0.22,16.383,219.73997436366966,12787517877,2026-09-24 20:21:58.715576,24/09/26,20:21:58
16527,0.22,16.527,217.82537665638046,12787534404,2026-09-24 20:22:15.242576,24/09/26,20:22:15
16530,0.22,16.53,217.7858439201452,12787550934,2026-09-24 20:22:31.772576,24/09/26,20:22:31
16522,0.22,16.522,217.8912964532139,12787567456,2026-09-24 20:22:48.294576,24/09/26,20:22:48
16779,0.21,16.779,214.5539066690506,12787584235,2026-09-24 20:23:05.073576,24/09/26,20:23:5
16604,0.22,16.604,216.81522524692846,12787600839,2026-09-24 20:23:21.677576,24/09/26,20:23:21
16697,0.22,16.697,215.60759417859495,12787617536,2026-09-24 20:23:38.374576,24/09/26,20:23:38
16867,0.21,16.867,213.43451710440505,12787634403,2026-09-24 20:23:55.241576,24/09/26,20:23:55
17001,0.21,17.001,211.75224986765485,12787651404,2026-09-24 20:24:12.242576,24/09/26,20:24:12
16813,0.21,16.813,214.12002617022543,12787668217,2026-09-24 20:24:29.055576,24/09/26,20:24:29
16781,0.21,16.781,214.52833561766283,12787684998,2026-09-24 20:24:45.836576,24/09/26,20:24:45
16544,0.22,16.544,217.60154738878143,12787701542,2026-09-24 20:25:02.380576,24/09/26,20:25:2
16861,0.21,16.861,213.51046794377558,12787718403,2026-09-24 20:25:19.241576,24/09/26,20:25:19
16930,0.21,16.93,212.64028352037803,12787735333,2026-09-24 20:25:36.171576,24/09/26,20:25:36
17118,0.21,17.118,210.3049421661409,12787752451,2026-09-24 20:25:53.289576,24/09/26,20:25:53
17207,0.21,17.207,209.21717905503573,12787769658,2026-09-24 20:26:10.496576,24/09/26,20:26:10
17173,0.21,17.173,209.6313981249636,12787786831,2026-09-24 20:26:27.669576,24/09/26,20:26:27
17116,0.21,17.116,210.32951624211265,12787803947,2026-09-24 20:26:44.785576,24/09/26,20:26:44
17185,0.21,17.185,209.4850160023276,12787821132,2026-09-24 20:27:01.970576,24/09/26,20:27:1
17086,0.21,17.086,210.69881774552266,12787838218,2026-09-24 20:27:19.056576,24/09/26,20:27:19
17282,0.21,17.282,208.30922346950584,12787855500,2026-09-24 20:27:36.338576,24/09/26,20:27:36
17028,0.21,17.028,211.41649048625794,12787872528,2026-09-24 20:27:53.366576,24/09/26,20:27:53
22698,0.16,22.698,158.60428231562253,12787895226,2026-09-24 20:28:16.064576,24/09/26,20:28:16
25312,0.14,25.312,142.22503160556258,12787920538,2026-09-24 20:28:41.376576,24/09/26,20:28:41
25648,0.14,25.648,140.361821584529,12787946186,2026-09-24 20:29:07.024576,24/09/26,20:29:7
25680,0.14,25.68,140.18691588785046,12787971866,2026-09-24 20:29:32.704576,24/09/26,20:29:32
25345,0.14,25.345,142.03985006904716,12787997211,2026-09-24 20:29:58.049576,24/09/26,20:29:58
25513,0.14,25.513,141.10453494297025,12788022724,2026-09-24 20:30:23.562576,24/09/26,20:30:23
25292,0.14,25.292,142.33749802309032,12788048016,2026-09-24 20:30:48.854576,24/09/26,20:30:48
26179,0.14,26.179,137.51480194048665,12788074195,2026-09-24 20:31:15.033576,24/09/26,20:31:15
25804,0.14,25.804,139.5132537591071,12788099999,2026-09-24 20:31:40.837576,24/09/26,20:31:40
26238,0.14,26.238,137.2055796935742,12788126237,2026-09-24 20:32:07.075576,24/09/26,20:32:7
25803,0.14,25.803,139.51866062085804,12788152040,2026-09-24 20:32:32.878576,24/09/26,20:32:32
25792,0.14,25.792,139.57816377171216,12788177832,2026-09-24 20:32:58.670576,24/09/26,20:32:58
25579,0.14,25.579,140.74045115133507,12788203411,2026-09-24 20:33:24.249576,24/09/26,20:33:24
25271,0.14,25.271,142.4557793518262,12788228682,2026-09-24 20:33:49.520576,24/09/26,20:33:49
25625,0.14,25.625,140.4878048780488,12788254307,2026-09-24 20:34:15.145576,24/09/26,20:34:15
25232,0.14,25.232,142.67596702599874,12788279539,2026-09-24 20:34:40.377576,24/09/26,20:34:40
25243,0.14,25.243,142.6137939230678,12788304782,2026-09-24 20:35:05.620576,24/09/26,20:35:5
25199,0.14,25.199,142.86281201634986,12788329981,2026-09-24 20:35:30.819576,24/09/26,20:35:30
25538,0.14,25.538,140.96640300728328,12788355519,2026-09-24 20:35:56.357576,24/09/26,20:35:56
25424,0.14,25.424,141.59848961611075,12788380943,2026-09-24 20:36:21.781576,24/09/26,20:36:21
25262,0.14,25.262,142.50653154936268,12788406205,2026-09-24 20:36:47.043576,24/09/26,20:36:47
25469,0.14,25.469,141.3483057835015,12788431674,2026-09-24 20:37:12.512576,24/09/26,20:37:12
25156,0.14,25.156,143.10701224359994,12788456830,2026-09-24 20:37:37.668576,24/09/26,20:37:37
25171,0.14,25.171,143.0217313575146,12788482001,2026-09-24 20:38:02.839576,24/09/26,20:38:2
25116,0.14,25.116,143.33492594362158,12788507117,2026-09-24 20:38:27.955576,24/09/26,20:38:27
25555,0.14,25.555,140.8726276658188,12788532672,2026-09-24 20:38:53.510576,24/09/26,20:38:53
25918,0.14,25.918,138.89960645111506,12788558590,2026-09-24 20:39:19.428576,24/09/26,20:39:19
25340,0.14,25.34,142.0678768745067,12788583930,2026-09-24 20:39:44.768576,24/09/26,20:39:44
25236,0.14,25.236,142.65335235378032,12788609166,2026-09-24 20:40:10.004576,24/09/26,20:40:10
25545,0.14,25.545,140.92777451556077,12788634711,2026-09-24 20:40:35.549576,24/09/26,20:40:35
25876,0.14,25.876,139.12505796877414,12788660587,2026-09-24 20:41:01.425576,24/09/26,20:41:1
25755,0.14,25.755,139.77868375072802,12788686342,2026-09-24 20:41:27.180576,24/09/26,20:41:27
24961,0.14,24.961,144.22499098593806,12788711303,2026-09-24 20:41:52.141576,24/09/26,20:41:52
25743,0.14,25.743,139.84384104416733,12788737046,2026-09-24 20:42:17.884576,24/09/26,20:42:17
25732,0.14,25.732,139.9036219493238,12788762778,2026-09-24 20:42:43.616576,24/09/26,20:42:43
26203,0.14,26.203,137.38884860512155,12788788981,2026-09-24 20:43:09.819576,24/09/26,20:43:9
25762,0.14,25.762,139.74070336154026,12788814743,2026-09-24 20:43:35.581576,24/09/26,20:43:35
25725,0.14,25.725,139.94169096209913,12788840468,2026-09-24 20:44:01.306576,24/09/26,20:44:1
25733,0.14,25.733,139.89818520965298,12788866201,2026-09-24 20:44:27.039576,24/09/26,20:44:27
25743,0.14,25.743,139.84384104416733,12788891944,2026-09-24 20:44:52.782576,24/09/26,20:44:52
25765,0.14,25.765,139.72443236949348,12788917709,2026-09-24 20:45:18.547576,24/09/26,20:45:18
25551,0.14,25.551,140.89468122578373,12788943260,2026-09-24 20:45:44.098576,24/09/26,20:45:44
26161,0.14,26.161,137.60941860020642,12788969421,2026-09-24 20:46:10.259576,24/09/26,20:46:10
25872,0.14,25.872,139.14656771799628,12788995293,2026-09-24 20:46:36.131576,24/09/26,20:46:36
25975,0.14,25.975,138.59480269489893,12789021268,2026-09-24 20:47:02.106576,24/09/26,20:47:2
25356,0.14,25.356,141.9782300047326,12789046624,2026-09-24 20:47:27.462576,24/09/26,20:47:27
25179,0.14,25.179,142.9762897652806,12789071803,2026-09-24 20:47:52.641576,24/09/26,20:47:52
25103,0.14,25.103,143.4091542843485,12789096906,2026-09-24 20:48:17.744576,24/09/26,20:48:17
24978,0.14,24.978,144.1268316118184,12789121884,2026-09-24 20:48:42.722576,24/09/26,20:48:42
25562,0.14,25.562,140.83405054377593,12789147446,2026-09-24 20:49:08.284576,24/09/26,20:49:8
25332,0.14,25.332,142.11274277593557,12789172778,2026-09-24 20:49:33.616576,24/09/26,20:49:33
25383,0.14,25.383,141.82720718591182,12789198161,2026-09-24 20:49:58.999576,24/09/26,20:49:58
25223,0.14,25.223,142.72687626372755,12789223384,2026-09-24 20:50:24.222576,24/09/26,20:50:24
24894,0.14,24.894,144.61315979754158,12789248278,2026-09-24 20:50:49.116576,24/09/26,20:50:49
25733,0.14,25.733,139.89818520965298,12789274011,2026-09-24 20:51:14.849576,24/09/26,20:51:14
25389,0.14,25.389,141.79369018078697,12789299400,2026-09-24 20:51:40.238576,24/09/26,20:51:40
25679,0.14,25.679,140.19237509248802,12789325079,2026-09-24 20:52:05.917576,24/09/26,20:52:5
25566,0.14,25.566,140.81201595869516,12789350645,2026-09-24 20:52:31.483576,24/09/26,20:52:31
25703,0.14,25.703,140.06147142356923,12789376348,2026-09-24 20:52:57.186576,24/09/26,20:52:57
26101,0.14,26.101,137.92574997126547,12789402449,2026-09-24 20:53:23.287576,24/09/26,20:53:23
25093,0.14,25.093,143.46630534411986,12789427542,2026-09-24 20:53:48.380576,24/09/26,20:53:48
25424,0.14,25.424,141.59848961611075,12789452966,2026-09-24 20:54:13.804576,24/09/26,20:54:13
25103,0.14,25.103,143.4091542843485,12789478069,2026-09-24 20:54:38.907576,24/09/26,20:54:38
24969,0.14,24.969,144.17878168929474,12789503038,2026-09-24 20:55:03.876576,24/09/26,20:55:3
24441,0.15,24.441,147.29348226340986,12789527479,2026-09-24 20:55:28.317576,24/09/26,20:55:28
24582,0.15,24.582,146.4486209421528,12789552061,2026-09-24 20:55:52.899576,24/09/26,20:55:52
25039,0.14,25.039,143.7757098925676,12789577100,2026-09-24 20:56:17.938576,24/09/26,20:56:17
24503,0.15,24.503,146.9207852099743,12789601603,2026-09-24 20:56:42.441576,24/09/26,20:56:42
25448,0.14,25.448,141.46494812951903,12789627051,2026-09-24 20:57:07.889576,24/09/26,20:57:7
25444,0.14,25.444,141.4871875491275,12789652495,2026-09-24 20:57:33.333576,24/09/26,20:57:33
25758,0.14,25.758,139.7624039133473,12789678253,2026-09-24 20:57:59.091576,24/09/26,20:57:59
26004,0.14,26.004,138.4402399630826,12789704257,2026-09-24 20:58:25.095576,24/09/26,20:58:25
26009,0.14,26.009,138.41362605252027,12789730266,2026-09-24 20:58:51.104576,24/09/26,20:58:51
26260,0.14,26.26,137.0906321401371,12789756526,2026-09-24 20:59:17.364576,24/09/26,20:59:17
25746,0.14,25.746,139.82754602656723,12789782272,2026-09-24 20:59:43.110576,24/09/26,20:59:43
26200,0.14,26.2,137.40458015267177,12789808472,2026-09-24 21:00:09.310576,24/09/26,21:0:9
25508,0.14,25.508,141.1321938215462,12789833980,2026-09-24 21:00:34.818576,24/09/26,21:0:34
24776,0.14,24.776,145.30190506942202,12789858756,2026-09-24 21:00:59.594576,24/09/26,21:0:59
25108,0.14,25.108,143.38059582603154,12789883864,2026-09-24 21:01:24.702576,24/09/26,21:1:24
25617,0.14,25.617,140.53167818245697,12789909481,2026-09-24 21:01:50.319576,24/09/26,21:1:50
25804,0.14,25.804,139.5132537591071,12789935285,2026-09-24 21:02:16.123576,24/09/26,21:2:16
16928,0.21,16.928,212.66540642722117,12789952213,2026-09-24 21:02:33.051576,24/09/26,21:2:33
16139,0.22,16.139,223.06214759278765,12789968352,2026-09-24 21:02:49.190576,24/09/26,21:2:49
16331,0.22,16.331,220.43965464454106,12789984683,2026-09-24 21:03:05.521576,24/09/26,21:3:5
16235,0.22,16.235,221.74314752078843,12790000918,2026-09-24 21:03:21.756576,24/09/26,21:3:21
16214,0.22,16.214,222.03034414703342,12790017132,2026-09-24 21:03:37.970576,24/09/26,21:3:37
16481,0.22,16.481,218.4333474910503,12790033613,2026-09-24 21:03:54.451576,24/09/26,21:3:54
16628,0.22,16.628,216.5022853019004,12790050241,2026-09-24 21:04:11.079576,24/09/26,21:4:11
16601,0.22,16.601,216.8544063610626,12790066842,2026-09-24 21:04:27.680576,24/09/26,21:4:27
16447,0.22,16.447,218.88490302182768,12790083289,2026-09-24 21:04:44.127576,24/09/26,21:4:44
16647,0.22,16.647,216.25518111371417,12790099936,2026-09-24 21:05:00.774576,24/09/26,21:5:0
16802,0.21,16.802,214.2602071182002,12790116738,2026-09-24 21:05:17.576576,24/09/26,21:5:17
16715,0.22,16.715,215.3754113072091,12790133453,2026-09-24 21:05:34.291576,24/09/26,21:5:34
16785,0.21,16.785,214.47721179624665,12790150238,2026-09-24 21:05:51.076576,24/09/26,21:5:51
16847,0.21,16.847,213.68789695494746,12790167085,2026-09-24 21:06:07.923576,24/09/26,21:6:7
16795,0.21,16.795,214.3495087823757,12790183880,2026-09-24 21:06:24.718576,24/09/26,21:6:24
16604,0.22,16.604,216.81522524692846,12790200484,2026-09-24 21:06:41.322576,24/09/26,21:6:41
17176,0.21,17.176,209.5947834187238,12790217660,2026-09-24 21:06:58.498576,24/09/26,21:6:58
17236,0.21,17.236,208.86516593177072,12790234896,2026-09-24 21:07:15.734576,24/09/26,21:7:15
16854,0.21,16.854,213.59914560341758,12790251750,2026-09-24 21:07:32.588576,24/09/26,21:7:32
16976,0.21,16.976,212.0640904806786,12790268726,2026-09-24 21:07:49.564576,24/09/26,21:7:49
17124,0.21,17.124,210.2312543798178,12790285850,2026-09-24 21:08:06.688576,24/09/26,21:8:6
16986,0.21,16.986,211.93924408336278,12790302836,2026-09-24 21:08:23.674576,24/09/26,21:8:23
16951,0.21,16.951,212.37685092324938,12790319787,2026-09-24 21:08:40.625576,24/09/26,21:8:40
17234,0.21,17.234,208.8894046651967,12790337021,2026-09-24 21:08:57.859576,24/09/26,21:8:57
17310,0.21,17.31,207.97227036395148,12790354331,2026-09-24 21:09:15.169576,24/09/26,21:9:15
17000,0.21,17.0,211.76470588235293,12790371331,2026-09-24 21:09:32.169576,24/09/26,21:9:32
17206,0.21,17.206,209.22933860281296,12790388537,2026-09-24 21:09:49.375576,24/09/26,21:9:49
20392,0.18,20.392,176.53981953707336,12790408929,2026-09-24 21:10:09.767576,24/09/26,21:10:9
25998,0.14,25.998,138.4721901684745,12790434927,2026-09-24 21:10:35.765576,24/09/26,21:10:35
26008,0.14,26.008,138.41894801599508,12790460935,2026-09-24 21:11:01.773576,24/09/26,21:11:1
26120,0.14,26.12,137.82542113323123,12790487055,2026-09-24 21:11:27.893576,24/09/26,21:11:27
25879,0.14,25.879,139.10893002047993,12790512934,2026-09-24 21:11:53.772576,24/09/26,21:11:53
26044,0.14,26.044,138.22761480571342,12790538978,2026-09-24 21:12:19.816576,24/09/26,21:12:19
25822,0.14,25.822,139.41600185888004,12790564800,2026-09-24 21:12:45.638576,24/09/26,21:12:45
26516,0.14,26.516,135.76708402473977,12790591316,2026-09-24 21:13:12.154576,24/09/26,21:13:12
26326,0.14,26.326,136.74694218643165,12790617642,2026-09-24 21:13:38.480576,24/09/26,21:13:38
26370,0.14,26.37,136.51877133105802,12790644012,2026-09-24 21:14:04.850576,24/09/26,21:14:4
25844,0.14,25.844,139.29732239591394,12790669856,2026-09-24 21:14:30.694576,24/09/26,21:14:30
25885,0.14,25.885,139.07668533899943,12790695741,2026-09-24 21:14:56.579576,24/09/26,21:14:56
26367,0.14,26.367,136.53430424394128,12790722108,2026-09-24 21:15:22.946576,24/09/26,21:15:22
25992,0.14,25.992,138.50415512465375,12790748100,2026-09-24 21:15:48.938576,24/09/26,21:15:48
26348,0.14,26.348,136.6327614999241,12790774448,2026-09-24 21:16:15.286576,24/09/26,21:16:15
26005,0.14,26.005,138.43491636223803,12790800453,2026-09-24 21:16:41.291576,24/09/26,21:16:41
26616,0.14,26.616,135.2569882777277,12790827069,2026-09-24 21:17:07.907576,24/09/26,21:17:7
25636,0.14,25.636,140.42752379466376,12790852705,2026-09-24 21:17:33.543576,24/09/26,21:17:33
25752,0.14,25.752,139.79496738117427,12790878457,2026-09-24 21:17:59.295576,24/09/26,21:17:59
25227,0.14,25.227,142.70424545130217,12790903684,2026-09-24 21:18:24.522576,24/09/26,21:18:24
25299,0.14,25.299,142.29811454998222,12790928983,2026-09-24 21:18:49.821576,24/09/26,21:18:49
25271,0.14,25.271,142.4557793518262,12790954254,2026-09-24 21:19:15.092576,24/09/26,21:19:15
24852,0.14,24.852,144.8575567358764,12790979106,2026-09-24 21:19:39.944576,24/09/26,21:19:39
25544,0.14,25.544,140.93329157532102,12791004650,2026-09-24 21:20:05.488576,24/09/26,21:20:5
25729,0.14,25.729,139.91993470403048,12791030379,2026-09-24 21:20:31.217576,24/09/26,21:20:31
25422,0.14,25.422,141.60962945480293,12791055801,2026-09-24 21:20:56.639576,24/09/26,21:20:56
25714,0.14,25.714,140.0015555728397,12791081515,2026-09-24 21:21:22.353576,24/09/26,21:21:22
25364,0.14,25.364,141.9334489828103,12791106879,2026-09-24 21:21:47.717576,24/09/26,21:21:47
25930,0.14,25.93,138.83532587736212,12791132809,2026-09-24 21:22:13.647576,24/09/26,21:22:13
25119,0.14,25.119,143.31780723754926,12791157928,2026-09-24 21:22:38.766576,24/09/26,21:22:38
25862,0.14,25.862,139.20037120098988,12791183790,2026-09-24 21:23:04.628576,24/09/26,21:23:4
26058,0.14,26.058,138.15335021874282,12791209848,2026-09-24 21:23:30.686576,24/09/26,21:23:30
26385,0.14,26.385,136.44115974985786,12791236233,2026-09-24 21:23:57.071576,24/09/26,21:23:57
26304,0.14,26.304,136.86131386861314,12791262537,2026-09-24 21:24:23.375576,24/09/26,21:24:23
25831,0.14,25.831,139.36742673531802,12791288368,2026-09-24 21:24:49.206576,24/09/26,21:24:49
26304,0.14,26.304,136.86131386861314,12791314672,2026-09-24 21:25:15.510576,24/09/26,21:25:15
25021,0.14,25.021,143.87914152112225,12791339693,2026-09-24 21:25:40.531576,24/09/26,21:25:40
25316,0.14,25.316,142.20255964607364,12791365009,2026-09-24 21:26:05.847576,24/09/26,21:26:5
25916,0.14,25.916,138.9103256675413,12791390925,2026-09-24 21:26:31.763576,24/09/26,21:26:31
25451,0.14,25.451,141.44827315233192,12791416376,2026-09-24 21:26:57.214576,24/09/26,21:26:57
24671,0.14,24.671,145.9203112966641,12791441047,2026-09-24 21:27:21.885576,24/09/26,21:27:21
25069,0.14,25.069,143.60365391519406,12791466116,2026-09-24 21:27:46.954576,24/09/26,21:27:46
24001,0.15,24.001,149.99375026040582,12791490117,2026-09-24 21:28:10.955576,24/09/26,21:28:10
23653,0.15,23.653,152.20056652433095,12791513770,2026-09-24 21:28:34.608576,24/09/26,21:28:34
23912,0.15,23.912,150.55202408832386,12791537682,2026-09-24 21:28:58.520576,24/09/26,21:28:58
23799,0.15,23.799,151.26685995209883,12791561481,2026-09-24 21:29:22.319576,24/09/26,21:29:22
24248,0.15,24.248,148.46585285384361,12791585729,2026-09-24 21:29:46.567576,24/09/26,21:29:46
23837,0.15,23.837,151.02571632336284,12791609566,2026-09-24 21:30:10.404576,24/09/26,21:30:10
24640,0.15,24.64,146.1038961038961,12791634206,2026-09-24 21:30:35.044576,24/09/26,21:30:35
24320,0.15,24.32,148.02631578947367,12791658526,2026-09-24 21:30:59.364576,24/09/26,21:30:59
24250,0.15,24.25,148.4536082474227,12791682776,2026-09-24 21:31:23.614576,24/09/26,21:31:23
24424,0.15,24.424,147.3960039305601,12791707200,2026-09-24 21:31:48.038576,24/09/26,21:31:48
24756,0.14,24.756,145.4192922927775,12791731956,2026-09-24 21:32:12.794576,24/09/26,21:32:12
24668,0.14,24.668,145.93805740230258,12791756624,2026-09-24 21:32:37.462576,24/09/26,21:32:37
24749,0.14,24.749,145.46042264333911,12791781373,2026-09-24 21:33:02.211576,24/09/26,21:33:2
24696,0.14,24.696,145.7725947521866,12791806069,2026-09-24 21:33:26.907576,24/09/26,21:33:26
24948,0.14,24.948,144.3001443001443,12791831017,2026-09-24 21:33:51.855576,24/09/26,21:33:51
24664,0.14,24.664,145.96172559195588,12791855681,2026-09-24 21:34:16.519576,24/09/26,21:34:16
24504,0.15,24.504,146.91478942213516,12791880185,2026-09-24 21:34:41.023576,24/09/26,21:34:41
25208,0.14,25.208,142.81180577594415,12791905393,2026-09-24 21:35:06.231576,24/09/26,21:35:6
25279,0.14,25.279,142.41069662565766,12791930672,2026-09-24 21:35:31.510576,24/09/26,21:35:31
25147,0.14,25.147,143.15822960989382,12791955819,2026-09-24 21:35:56.657576,24/09/26,21:35:56
24836,0.14,24.836,144.9508777580931,12791980655,2026-09-24 21:36:21.493576,24/09/26,21:36:21
24975,0.14,24.975,144.14414414414415,12792005630,2026-09-24 21:36:46.468576,24/09/26,21:36:46
25453,0.14,25.453,141.43715868463443,12792031083,2026-09-24 21:37:11.921576,24/09/26,21:37:11
25133,0.14,25.133,143.23797397843472,12792056216,2026-09-24 21:37:37.054576,24/09/26,21:37:37
25417,0.14,25.417,141.63748672148563,12792081633,2026-09-24 21:38:02.471576,24/09/26,21:38:2
24833,0.14,24.833,144.96838883743405,12792106466,2026-09-24 21:38:27.304576,24/09/26,21:38:27
24965,0.14,24.965,144.20188263568997,12792131431,2026-09-24 21:38:52.269576,24/09/26,21:38:52
25516,0.14,25.516,141.08794481893713,12792156947,2026-09-24 21:39:17.785576,24/09/26,21:39:17
25504,0.14,25.504,141.1543287327478,12792182451,2026-09-24 21:39:43.289576,24/09/26,21:39:43
25562,0.14,25.562,140.83405054377593,12792208013,2026-09-24 21:40:08.851576,24/09/26,21:40:8
25480,0.14,25.48,141.287284144427,12792233493,2026-09-24 21:40:34.331576,24/09/26,21:40:34
25507,0.14,25.507,141.13772689849844,12792259000,2026-09-24 21:40:59.838576,24/09/26,21:40:59
25532,0.14,25.532,140.99953000156665,12792284532,2026-09-24 21:41:25.370576,24/09/26,21:41:25
22834,0.16,22.834,157.65963037575546,12792307366,2026-09-24 21:41:48.204576,24/09/26,21:41:48
14952,0.24,14.952,240.77046548956662,12792322318,2026-09-24 21:42:03.156576,24/09/26,21:42:3
16094,0.22,16.094,223.6858456567665,12792338412,2026-09-24 21:42:19.250576,24/09/26,21:42:19
16053,0.22,16.053,224.25714819659876,12792354465,2026-09-24 21:42:35.303576,24/09/26,21:42:35
16044,0.22,16.044,224.3829468960359,12792370509,2026-09-24 21:42:51.347576,24/09/26,21:42:51
16163,0.22,16.163,222.73092866423312,12792386672,2026-09-24 21:43:07.510576,24/09/26,21:43:7
16187,0.22,16.187,222.40069191326373,12792402859,2026-09-24 21:43:23.697576,24/09/26,21:43:23
16179,0.22,16.179,222.51066196921937,12792419038,2026-09-24 21:43:39.876576,24/09/26,21:43:39
16422,0.22,16.422,219.21812203142127,12792435460,2026-09-24 21:43:56.298576,24/09/26,21:43:56
16507,0.22,16.507,218.08929545041497,12792451967,2026-09-24 21:44:12.805576,24/09/26,21:44:12
16456,0.22,16.456,218.76519202722412,12792468423,2026-09-24 21:44:29.261576,24/09/26,21:44:29
16562,0.22,16.562,217.3650525298877,12792484985,2026-09-24 21:44:45.823576,24/09/26,21:44:45
16660,0.22,16.66,216.08643457382954,12792501645,2026-09-24 21:45:02.483576,24/09/26,21:45:2
16720,0.22,16.72,215.311004784689,12792518365,2026-09-24 21:45:19.203576,24/09/26,21:45:19
16700,0.22,16.7,215.5688622754491,12792535065,2026-09-24 21:45:35.903576,24/09/26,21:45:35
16783,0.21,16.783,214.5027706607877,12792551848,2026-09-24 21:45:52.686576,24/09/26,21:45:52
16851,0.21,16.851,213.63717286807903,12792568699,2026-09-24 21:46:09.537576,24/09/26,21:46:9
16828,0.21,16.828,213.92916567625386,12792585527,2026-09-24 21:46:26.365576,24/09/26,21:46:26
16857,0.21,16.857,213.56113187399893,12792602384,2026-09-24 21:46:43.222576,24/09/26,21:46:43
16868,0.21,16.868,213.4218638842779,12792619252,2026-09-24 21:47:00.090576,24/09/26,21:47:0
16719,0.22,16.719,215.3238830073569,12792635971,2026-09-24 21:47:16.809576,24/09/26,21:47:16
16750,0.21,16.75,214.92537313432837,12792652721,2026-09-24 21:47:33.559576,24/09/26,21:47:33
16944,0.21,16.944,212.46458923512748,12792669665,2026-09-24 21:47:50.503576,24/09/26,21:47:50
17052,0.21,17.052,211.118930330753,12792686717,2026-09-24 21:48:07.555576,24/09/26,21:48:7
17008,0.21,17.008,211.6650987770461,12792703725,2026-09-24 21:48:24.563576,24/09/26,21:48:24
17041,0.21,17.041,211.2552080276979,12792720766,2026-09-24 21:48:41.604576,24/09/26,21:48:41
17257,0.21,17.257,208.6109984354175,12792738023,2026-09-24 21:48:58.861576,24/09/26,21:48:58
17230,0.21,17.23,208.9378990133488,12792755253,2026-09-24 21:49:16.091576,24/09/26,21:49:16
22307,0.16,22.307,161.38431882368764,12792777560,2026-09-24 21:49:38.398576,24/09/26,21:49:38
25876,0.14,25.876,139.12505796877414,12792803436,2026-09-24 21:50:04.274576,24/09/26,21:50:4
26112,0.14,26.112,137.86764705882354,12792829548,2026-09-24 21:50:30.386576,24/09/26,21:50:30
26145,0.14,26.145,137.69363166953528,12792855693,2026-09-24 21:50:56.531576,24/09/26,21:50:56
26553,0.14,26.553,135.57790080216924,12792882246,2026-09-24 21:51:23.084576,24/09/26,21:51:23
26420,0.14,26.42,136.26040878122635,12792908666,2026-09-24 21:51:49.504576,24/09/26,21:51:49
26112,0.14,26.112,137.86764705882354,12792934778,2026-09-24 21:52:15.616576,24/09/26,21:52:15
25999,0.14,25.999,138.46686411015807,12792960777,2026-09-24 21:52:41.615576,24/09/26,21:52:41
25576,0.14,25.576,140.75695964967156,12792986353,2026-09-24 21:53:07.191576,24/09/26,21:53:7
25874,0.14,25.874,139.13581201205844,12793012227,2026-09-24 21:53:33.065576,24/09/26,21:53:33
26165,0.14,26.165,137.5883814255685,12793038392,2026-09-24 21:53:59.230576,24/09/26,21:53:59
25990,0.14,25.99,138.5148133897653,12793064382,2026-09-24 21:54:25.220576,24/09/26,21:54:25
26175,0.14,26.175,137.53581661891118,12793090557,2026-09-24 21:54:51.395576,24/09/26,21:54:51
26539,0.14,26.539,135.64942160593844,12793117096,2026-09-24 21:55:17.934576,24/09/26,21:55:17
26581,0.14,26.581,135.4350852112411,12793143677,2026-09-24 21:55:44.515576,24/09/26,21:55:44
26544,0.14,26.544,135.623869801085,12793170221,2026-09-24 21:56:11.059576,24/09/26,21:56:11
25796,0.14,25.796,139.55652039075827,12793196017,2026-09-24 21:56:36.855576,24/09/26,21:56:36
26062,0.14,26.062,138.1321464200752,12793222079,2026-09-24 21:57:02.917576,24/09/26,21:57:2
26123,0.14,26.123,137.809593078896,12793248202,2026-09-24 21:57:29.040576,24/09/26,21:57:29
26033,0.14,26.033,138.2860215879845,12793274235,2026-09-24 21:57:55.073576,24/09/26,21:57:55
26134,0.14,26.134,137.75158796969464,12793300369,2026-09-24 21:58:21.207576,24/09/26,21:58:21
26169,0.14,26.169,137.56735068210477,12793326538,2026-09-24 21:58:47.376576,24/09/26,21:58:47
26149,0.14,26.149,137.67256874067843,12793352687,2026-09-24 21:59:13.525576,24/09/26,21:59:13
26040,0.14,26.04,138.24884792626727,12793378727,2026-09-24 21:59:39.565576,24/09/26,21:59:39
26198,0.14,26.198,137.4150698526605,12793404925,2026-09-24 22:00:05.763576,24/09/26,22:0:5
26070,0.14,26.07,138.0897583429229,12793430995,2026-09-24 22:00:31.833576,24/09/26,22:0:31
25929,0.14,25.929,138.84068031933356,12793456924,2026-09-24 22:00:57.762576,24/09/26,22:0:57
26189,0.14,26.189,137.46229332926038,12793483113,2026-09-24 22:01:23.951576,24/09/26,22:1:23
26043,0.14,26.043,138.2329224743693,12793509156,2026-09-24 22:01:49.994576,24/09/26,22:1:49
26061,0.14,26.061,138.13744675952572,12793535217,2026-09-24 22:02:16.055576,24/09/26,22:2:16
25892,0.14,25.892,139.0390854317936,12793561109,2026-09-24 22:02:41.947576,24/09/26,22:2:41
26176,0.14,26.176,137.53056234718827,12793587285,2026-09-24 22:03:08.123576,24/09/26,22:3:8
26073,0.14,26.073,138.0738695201933,12793613358,2026-09-24 22:03:34.196576,24/09/26,22:3:34
26301,0.14,26.301,136.87692483175545,12793639659,2026-09-24 22:04:00.497576,24/09/26,22:4:0
26095,0.14,26.095,137.95746311553938,12793665754,2026-09-24 22:04:26.592576,24/09/26,22:4:26
26000,0.14,26.0,138.46153846153845,12793691754,2026-09-24 22:04:52.592576,24/09/26,22:4:52
26163,0.14,26.163,137.59889920880633,12793717917,2026-09-24 22:05:18.755576,24/09/26,22:5:18
25648,0.14,25.648,140.361821584529,12793743565,2026-09-24 22:05:44.403576,24/09/26,22:5:44
25768,0.14,25.768,139.70816516609747,12793769333,2026-09-24 22:06:10.171576,24/09/26,22:6:10
25484,0.14,25.484,141.26510751844293,12793794817,2026-09-24 22:06:35.655576,24/09/26,22:6:35
25633,0.14,25.633,140.4439589591542,12793820450,2026-09-24 22:07:01.288576,24/09/26,22:7:1
24969,0.14,24.969,144.17878168929474,12793845419,2026-09-24 22:07:26.257576,24/09/26,22:7:26
24460,0.15,24.46,147.1790678659035,12793869879,2026-09-24 22:07:50.717576,24/09/26,22:7:50
25805,0.14,25.805,139.50784731641156,12793895684,2026-09-24 22:08:16.522576,24/09/26,22:8:16
25411,0.14,25.411,141.67092991224274,12793921095,2026-09-24 22:08:41.933576,24/09/26,22:8:41
24750,0.14,24.75,145.45454545454547,12793945845,2026-09-24 22:09:06.683576,24/09/26,22:9:6
24724,0.14,24.724,145.60750687591005,12793970569,2026-09-24 22:09:31.407576,24/09/26,22:9:31
25536,0.14,25.536,140.97744360902254,12793996105,2026-09-24 22:09:56.943576,24/09/26,22:9:56
25357,0.14,25.357,141.972630831723,12794021462,2026-09-24 22:10:22.300576,24/09/26,22:10:22
25577,0.14,25.577,140.75145638659734,12794047039,2026-09-24 22:10:47.877576,24/09/26,22:10:47
26158,0.14,26.158,137.6252007034177,12794073197,2026-09-24 22:11:14.035576,24/09/26,22:11:14
25250,0.14,25.25,142.5742574257426,12794098447,2026-09-24 22:11:39.285576,24/09/26,22:11:39
25758,0.14,25.758,139.7624039133473,12794124205,2026-09-24 22:12:05.043576,24/09/26,22:12:5
25541,0.14,25.541,140.94984534669746,12794149746,2026-09-24 22:12:30.584576,24/09/26,22:12:30
25188,0.14,25.188,142.92520247737016,12794174934,2026-09-24 22:12:55.772576,24/09/26,22:12:55
25014,0.14,25.014,143.91940513312545,12794199948,2026-09-24 22:13:20.786576,24/09/26,22:13:20
25356,0.14,25.356,141.9782300047326,12794225304,2026-09-24 22:13:46.142576,24/09/26,22:13:46
25821,0.14,25.821,139.42140118508192,12794251125,2026-09-24 22:14:11.963576,24/09/26,22:14:11
25571,0.14,25.571,140.7844824214931,12794276696,2026-09-24 22:14:37.534576,24/09/26,22:14:37
25914,0.14,25.914,138.9210465385506,12794302610,2026-09-24 22:15:03.448576,24/09/26,22:15:3
26077,0.14,26.077,138.05269011005868,12794328687,2026-09-24 22:15:29.525576,24/09/26,22:15:29
25813,0.14,25.813,139.46461085499556,12794354500,2026-09-24 22:15:55.338576,24/09/26,22:15:55
26029,0.14,26.029,138.30727265742058,12794380529,2026-09-24 22:16:21.367576,24/09/26,22:16:21
25934,0.14,25.934,138.81391223875994,12794406463,2026-09-24 22:16:47.301576,24/09/26,22:16:47
26416,0.14,26.416,136.28104179285282,12794432879,2026-09-24 22:17:13.717576,24/09/26,22:17:13
26336,0.14,26.336,136.69501822600242,12794459215,2026-09-24 22:17:40.053576,24/09/26,22:17:40
26662,0.14,26.662,135.02362913509864,12794485877,2026-09-24 22:18:06.715576,24/09/26,22:18:6
24943,0.14,24.943,144.32907028023894,12794510820,2026-09-24 22:18:31.658576,24/09/26,22:18:31
25377,0.14,25.377,141.8607400401939,12794536197,2026-09-24 22:18:57.035576,24/09/26,22:18:57
25026,0.14,25.026,143.85039558858787,12794561223,2026-09-24 22:19:22.061576,24/09/26,22:19:22
25358,0.14,25.358,141.96703210032337,12794586581,2026-09-24 22:19:47.419576,24/09/26,22:19:47
25720,0.14,25.72,139.96889580093313,12794612301,2026-09-24 22:20:13.139576,24/09/26,22:20:13
