Interval,kWh,sec,Wh,cumul(ms),dates,days,heure
29773,0.12,29.773,120.91492291673664,12693263990,2026-09-25 00:00:08.427040,25/09/26,0:0:8
29928,0.12,29.928,120.28869286287089,12693293918,2026-09-25 00:00:38.355040,25/09/26,0:0:38
29812,0.12,29.812,120.75674225144238,12693323730,2026-09-25 00:01:08.167040,25/09/26,0:1:8
28380,0.13,28.38,126.84989429175475,12693352110,2026-09-25 00:01:36.547040,25/09/26,0:1:36
27508,0.13,27.508,130.87101933982842,12693379618,2026-09-25 00:02:04.055040,25/09/26,0:2:4
27638,0.13,27.638,130.25544540125912,12693407256,2026-09-25 00:02:31.693040,25/09/26,0:2:31
28636,0.12,28.636,125.71588210643945,12693435892,2026-09-25 00:03:00.329040,25/09/26,0:3:0
28628,0.12,28.628,125.75101299427135,12693464520,2026-09-25 00:03:28.957040,25/09/26,0:3:28
28629,0.12,28.629,125.74662055957246,12693493149,2026-09-25 00:03:57.586040,25/09/26,0:3:57
28723,0.12,28.723,125.33509730877694,12693521872,2026-09-25 00:04:26.309040,25/09/26,0:4:26
28684,0.12,28.684,125.50550829730861,12693550556,2026-09-25 00:04:54.993040,25/09/26,0:4:54
28652,0.12,28.652,125.64567918469915,12693579208,2026-09-25 00:05:23.645040,25/09/26,0:5:23
28645,0.12,28.645,125.67638331296911,12693607853,2026-09-25 00:05:52.290040,25/09/26,0:5:52
28593,0.12,28.593,125.90494176896443,12693636446,2026-09-25 00:06:20.883040,25/09/26,0:6:20
28677,0.12,28.677,125.53614394811173,12693665123,2026-09-25 00:06:49.560040,25/09/26,0:6:49
28635,0.12,28.635,125.72027239392352,12693693758,2026-09-25 00:07:18.195040,25/09/26,0:7:18
28685,0.12,28.685,125.50113299633955,12693722443,2026-09-25 00:07:46.880040,25/09/26,0:7:46
28690,0.12,28.69,125.47926106657371,12693751133,2026-09-25 00:08:15.570040,25/09/26,0:8:15
28663,0.12,28.663,125.59746014025049,12693779796,2026-09-25 00:08:44.233040,25/09/26,0:8:44
28656,0.12,28.656,125.62814070351759,12693808452,2026-09-25 00:09:12.889040,25/09/26,0:9:12
28678,0.12,28.678,125.5317665109143,12693837130,2026-09-25 00:09:41.567040,25/09/26,0:9:41
28665,0.12,28.665,125.58869701726844,12693865795,2026-09-25 00:10:10.232040,25/09/26,0:10:10
27897,0.13,27.897,129.04613399290247,12693893692,2026-09-25 00:10:38.129040,25/09/26,0:10:38
27907,0.13,27.907,128.99989250008957,12693921599,2026-09-25 00:11:06.036040,25/09/26,0:11:6
27918,0.13,27.918,128.9490651192779,12693949517,2026-09-25 00:11:33.954040,25/09/26,0:11:33
28284,0.13,28.284,127.28044123886296,12693977801,2026-09-25 00:12:02.238040,25/09/26,0:12:2
28402,0.13,28.402,126.75163720864728,12694006203,2026-09-25 00:12:30.640040,25/09/26,0:12:30
29131,0.12,29.131,123.5796917373245,12694035334,2026-09-25 00:12:59.771040,25/09/26,0:12:59
29128,0.12,29.128,123.59241966492722,12694064462,2026-09-25 00:13:28.899040,25/09/26,0:13:28
29202,0.12,29.202,123.27922745017464,12694093664,2026-09-25 00:13:58.101040,25/09/26,0:13:58
29124,0.12,29.124,123.60939431396787,12694122788,2026-09-25 00:14:27.225040,25/09/26,0:14:27
29113,0.12,29.113,123.65609865008759,12694151901,2026-09-25 00:14:56.338040,25/09/26,0:14:56
29189,0.12,29.189,123.3341327212306,12694181090,2026-09-25 00:15:25.527040,25/09/26,0:15:25
29118,0.12,29.118,123.634865031939,12694210208,2026-09-25 00:15:54.645040,25/09/26,0:15:54
29136,0.12,29.136,123.55848434925865,12694239344,2026-09-25 00:16:23.781040,25/09/26,0:16:23
29113,0.12,29.113,123.65609865008759,12694268457,2026-09-25 00:16:52.894040,25/09/26,0:16:52
29225,0.12,29.225,123.18220701454234,12694297682,2026-09-25 00:17:22.119040,25/09/26,0:17:22
29099,0.12,29.099,123.71559160108595,12694326781,2026-09-25 00:17:51.218040,25/09/26,0:17:51
29097,0.12,29.097,123.72409526755335,12694355878,2026-09-25 00:18:20.315040,25/09/26,0:18:20
29103,0.12,29.103,123.69858777445624,12694384981,2026-09-25 00:18:49.418040,25/09/26,0:18:49
29171,0.12,29.171,123.41023619347983,12694414152,2026-09-25 00:19:18.589040,25/09/26,0:19:18
29128,0.12,29.128,123.59241966492722,12694443280,2026-09-25 00:19:47.717040,25/09/26,0:19:47
29128,0.12,29.128,123.59241966492722,12694472408,2026-09-25 00:20:16.845040,25/09/26,0:20:16
29315,0.12,29.315,122.80402524304964,12694501723,2026-09-25 00:20:46.160040,25/09/26,0:20:46
29837,0.12,29.837,120.65556188624862,12694531560,2026-09-25 00:21:15.997040,25/09/26,0:21:15
28877,0.12,28.877,124.6666897530907,12694560437,2026-09-25 00:21:44.874040,25/09/26,0:21:44
29098,0.12,29.098,123.7198432881985,12694589535,2026-09-25 00:22:13.972040,25/09/26,0:22:13
29162,0.12,29.162,123.44832316027707,12694618697,2026-09-25 00:22:43.134040,25/09/26,0:22:43
29183,0.12,29.183,123.35949011410753,12694647880,2026-09-25 00:23:12.317040,25/09/26,0:23:12
28823,0.12,28.823,124.90025326995801,12694676703,2026-09-25 00:23:41.140040,25/09/26,0:23:41
28705,0.12,28.705,125.41369099460024,12694705408,2026-09-25 00:24:09.845040,25/09/26,0:24:9
28680,0.12,28.68,125.52301255230125,12694734088,2026-09-25 00:24:38.525040,25/09/26,0:24:38
28622,0.12,28.622,125.77737404793515,12694762710,2026-09-25 00:25:07.147040,25/09/26,0:25:7
28716,0.12,28.716,125.36564981195153,12694791426,2026-09-25 00:25:35.863040,25/09/26,0:25:35
28651,0.12,28.651,125.65006457017208,12694820077,2026-09-25 00:26:04.514040,25/09/26,0:26:4
28601,0.12,28.601,125.86972483479599,12694848678,2026-09-25 00:26:33.115040,25/09/26,0:26:33
28662,0.12,28.662,125.60184216035168,12694877340,2026-09-25 00:27:01.777040,25/09/26,0:27:1
28748,0.12,28.748,125.2261026854042,12694906088,2026-09-25 00:27:30.525040,25/09/26,0:27:30
28653,0.12,28.653,125.64129410532928,12694934741,2026-09-25 00:27:59.178040,25/09/26,0:27:59
28790,0.12,28.79,125.04341785342133,12694963531,2026-09-25 00:28:27.968040,25/09/26,0:28:27
28661,0.12,28.661,125.60622448623565,12694992192,2026-09-25 00:28:56.629040,25/09/26,0:28:56
28794,0.12,28.794,125.0260470931444,12695020986,2026-09-25 00:29:25.423040,25/09/26,0:29:25
28677,0.12,28.677,125.53614394811173,12695049663,2026-09-25 00:29:54.100040,25/09/26,0:29:54
28694,0.12,28.694,125.46176901094306,12695078357,2026-09-25 00:30:22.794040,25/09/26,0:30:22
28756,0.12,28.756,125.19126443177076,12695107113,2026-09-25 00:30:51.550040,25/09/26,0:30:51
28708,0.12,28.708,125.40058520273095,12695135821,2026-09-25 00:31:20.258040,25/09/26,0:31:20
29188,0.12,29.188,123.33835822940935,12695165009,2026-09-25 00:31:49.446040,25/09/26,0:31:49
29894,0.12,29.894,120.42550344550746,12695194903,2026-09-25 00:32:19.340040,25/09/26,0:32:19
29887,0.12,29.887,120.45370897045538,12695224790,2026-09-25 00:32:49.227040,25/09/26,0:32:49
29969,0.12,29.969,120.12412826587473,12695254759,2026-09-25 00:33:19.196040,25/09/26,0:33:19
29833,0.12,29.833,120.67173934904301,12695284592,2026-09-25 00:33:49.029040,25/09/26,0:33:49
29824,0.12,29.824,120.70815450643777,12695314416,2026-09-25 00:34:18.853040,25/09/26,0:34:18
15925,0.23,15.925,226.0596546310832,12695330341,2026-09-25 00:34:34.778040,25/09/26,0:34:34
17352,0.21,17.352,207.4688796680498,12695347693,2026-09-25 00:34:52.130040,25/09/26,0:34:52
17505,0.2,17.505,205.65552699228792,12695365198,2026-09-25 00:35:09.635040,25/09/26,0:35:9
17543,0.2,17.543,205.21005529270934,12695382741,2026-09-25 00:35:27.178040,25/09/26,0:35:27
17529,0.2,17.529,205.37395173712133,12695400270,2026-09-25 00:35:44.707040,25/09/26,0:35:44
17677,0.2,17.677,203.65446625558636,12695417947,2026-09-25 00:36:02.384040,25/09/26,0:36:2
17833,0.2,17.833,201.87293220434026,12695435780,2026-09-25 00:36:20.217040,25/09/26,0:36:20
17859,0.2,17.859,201.57903578027884,12695453639,2026-09-25 00:36:38.076040,25/09/26,0:36:38
17527,0.2,17.527,205.39738688880013,12695471166,2026-09-25 00:36:55.603040,25/09/26,0:36:55
17783,0.2,17.783,202.44053309340381,12695488949,2026-09-25 00:37:13.386040,25/09/26,0:37:13
17815,0.2,17.815,202.07690148751053,12695506764,2026-09-25 00:37:31.201040,25/09/26,0:37:31
17903,0.2,17.903,201.08361727084846,12695524667,2026-09-25 00:37:49.104040,25/09/26,0:37:49
17930,0.2,17.93,200.7808142777468,12695542597,2026-09-25 00:38:07.034040,25/09/26,0:38:7
17946,0.2,17.946,200.60180541624874,12695560543,2026-09-25 00:38:24.980040,25/09/26,0:38:24
17999,0.2,17.999,200.01111172842937,12695578542,2026-09-25 00:38:42.979040,25/09/26,0:38:42
18019,0.2,18.019,199.7891114934236,12695596561,2026-09-25 00:39:00.998040,25/09/26,0:39:0
18085,0.2,18.085,199.05999447055572,12695614646,2026-09-25 00:39:19.083040,25/09/26,0:39:19
18084,0.2,18.084,199.07100199071002,12695632730,2026-09-25 00:39:37.167040,25/09/26,0:39:37
18175,0.2,18.175,198.07427785419532,12695650905,2026-09-25 00:39:55.342040,25/09/26,0:39:55
18241,0.2,18.241,197.3576010087166,12695669146,2026-09-25 00:40:13.583040,25/09/26,0:40:13
18281,0.2,18.281,196.9257699250588,12695687427,2026-09-25 00:40:31.864040,25/09/26,0:40:31
18289,0.2,18.289,196.8396303789163,12695705716,2026-09-25 00:40:50.153040,25/09/26,0:40:50
18310,0.2,18.31,196.61387220098308,12695724026,2026-09-25 00:41:08.463040,25/09/26,0:41:8
18413,0.19,18.413,195.5140389941889,12695742439,2026-09-25 00:41:26.876040,25/09/26,0:41:26
18355,0.2,18.355,196.13184418414602,12695760794,2026-09-25 00:41:45.231040,25/09/26,0:41:45
20930,0.17,20.93,172.00191113234592,12695781724,2026-09-25 00:42:06.161040,25/09/26,0:42:6
28406,0.13,28.406,126.73378863620361,12695810130,2026-09-25 00:42:34.567040,25/09/26,0:42:34
28465,0.13,28.465,126.47110486562445,12695838595,2026-09-25 00:43:03.032040,25/09/26,0:43:3
28426,0.13,28.426,126.64462112150848,12695867021,2026-09-25 00:43:31.458040,25/09/26,0:43:31
28433,0.13,28.433,126.61344212710583,12695895454,2026-09-25 00:43:59.891040,25/09/26,0:43:59
28411,0.13,28.411,126.7114849882088,12695923865,2026-09-25 00:44:28.302040,25/09/26,0:44:28
28479,0.13,28.479,126.40893289792479,12695952344,2026-09-25 00:44:56.781040,25/09/26,0:44:56
28407,0.13,28.407,126.7293272784877,12695980751,2026-09-25 00:45:25.188040,25/09/26,0:45:25
28477,0.13,28.477,126.41781086490852,12696009228,2026-09-25 00:45:53.665040,25/09/26,0:45:53
28576,0.12,28.576,125.97984322508398,12696037804,2026-09-25 00:46:22.241040,25/09/26,0:46:22
29145,0.12,29.145,123.52032938754503,12696066949,2026-09-25 00:46:51.386040,25/09/26,0:46:51
29623,0.12,29.623,121.52719170914492,12696096572,2026-09-25 00:47:21.009040,25/09/26,0:47:21
29985,0.12,29.985,120.0600300150075,12696126557,2026-09-25 00:47:50.994040,25/09/26,0:47:50
29917,0.12,29.917,120.33292108165925,12696156474,2026-09-25 00:48:20.911040,25/09/26,0:48:20
29925,0.12,29.925,120.30075187969925,12696186399,2026-09-25 00:48:50.836040,25/09/26,0:48:50
29976,0.12,29.976,120.0960768614892,12696216375,2026-09-25 00:49:20.812040,25/09/26,0:49:20
30062,0.12,30.062,119.75251147628235,12696246437,2026-09-25 00:49:50.874040,25/09/26,0:49:50
30007,0.12,30.007,119.97200653180924,12696276444,2026-09-25 00:50:20.881040,25/09/26,0:50:20
30096,0.12,30.096,119.61722488038278,12696306540,2026-09-25 00:50:50.977040,25/09/26,0:50:50
30124,0.12,30.124,119.50604169433011,12696336664,2026-09-25 00:51:21.101040,25/09/26,0:51:21
29891,0.12,29.891,120.43758991000635,12696366555,2026-09-25 00:51:50.992040,25/09/26,0:51:50
29918,0.12,29.918,120.32889899057423,12696396473,2026-09-25 00:52:20.910040,25/09/26,0:52:20
30042,0.12,30.042,119.83223487118035,12696426515,2026-09-25 00:52:50.952040,25/09/26,0:52:50
30006,0.12,30.006,119.9760047990402,12696456521,2026-09-25 00:53:20.958040,25/09/26,0:53:20
30065,0.12,30.065,119.7405621154166,12696486586,2026-09-25 00:53:51.023040,25/09/26,0:53:51
30089,0.12,30.089,119.64505300940543,12696516675,2026-09-25 00:54:21.112040,25/09/26,0:54:21
30136,0.12,30.136,119.45845500398195,12696546811,2026-09-25 00:54:51.248040,25/09/26,0:54:51
30190,0.12,30.19,119.24478304074196,12696577001,2026-09-25 00:55:21.438040,25/09/26,0:55:21
30051,0.12,30.051,119.79634621144055,12696607052,2026-09-25 00:55:51.489040,25/09/26,0:55:51
29062,0.12,29.062,123.87309889202395,12696636114,2026-09-25 00:56:20.551040,25/09/26,0:56:20
29380,0.12,29.38,122.53233492171545,12696665494,2026-09-25 00:56:49.931040,25/09/26,0:56:49
29222,0.12,29.222,123.19485319279994,12696694716,2026-09-25 00:57:19.153040,25/09/26,0:57:19
29331,0.12,29.331,122.737035900583,12696724047,2026-09-25 00:57:48.484040,25/09/26,0:57:48
29451,0.12,29.451,122.23693592747276,12696753498,2026-09-25 00:58:17.935040,25/09/26,0:58:17
29280,0.12,29.28,122.95081967213115,12696782778,2026-09-25 00:58:47.215040,25/09/26,0:58:47
29343,0.12,29.343,122.68684183621306,12696812121,2026-09-25 00:59:16.558040,25/09/26,0:59:16
29396,0.12,29.396,122.46564158388897,12696841517,2026-09-25 00:59:45.954040,25/09/26,0:59:45
29437,0.12,29.437,122.29507082922852,12696870954,2026-09-25 01:00:15.391040,25/09/26,1:0:15
29304,0.12,29.304,122.85012285012284,12696900258,2026-09-25 01:00:44.695040,25/09/26,1:0:44
29208,0.12,29.208,123.25390304026294,12696929466,2026-09-25 01:01:13.903040,25/09/26,1:1:13
28574,0.12,28.574,125.98866102050816,12696958040,2026-09-25 01:01:42.477040,25/09/26,1:1:42
28902,0.12,28.902,124.55885405854266,12696986942,2026-09-25 01:02:11.379040,25/09/26,1:2:11
28820,0.12,28.82,124.91325468424705,12697015762,2026-09-25 01:02:40.199040,25/09/26,1:2:40
28866,0.12,28.866,124.71419663271669,12697044628,2026-09-25 01:03:09.065040,25/09/26,1:3:9
28862,0.12,28.862,124.73148083985863,12697073490,2026-09-25 01:03:37.927040,25/09/26,1:3:37
28911,0.12,28.911,124.52007886271662,12697102401,2026-09-25 01:04:06.838040,25/09/26,1:4:6
28756,0.12,28.756,125.19126443177076,12697131157,2026-09-25 01:04:35.594040,25/09/26,1:4:35
28697,0.12,28.697,125.44865316932083,12697159854,2026-09-25 01:05:04.291040,25/09/26,1:5:4
28947,0.12,28.947,124.36521919369883,12697188801,2026-09-25 01:05:33.238040,25/09/26,1:5:33
28922,0.12,28.922,124.47271972892608,12697217723,2026-09-25 01:06:02.160040,25/09/26,1:6:2
29451,0.12,29.451,122.23693592747276,12697247174,2026-09-25 01:06:31.611040,25/09/26,1:6:31
29634,0.12,29.634,121.48208139299453,12697276808,2026-09-25 01:07:01.245040,25/09/26,1:7:1
29432,0.12,29.432,122.31584669747214,12697306240,2026-09-25 01:07:30.677040,25/09/26,1:7:30
29576,0.12,29.576,121.72031376791993,12697335816,2026-09-25 01:08:00.253040,25/09/26,1:8:0
29489,0.12,29.489,122.07941944453864,12697365305,2026-09-25 01:08:29.742040,25/09/26,1:8:29
29654,0.12,29.654,121.40014837795913,12697394959,2026-09-25 01:08:59.396040,25/09/26,1:8:59
29559,0.12,29.559,121.79031766974525,12697424518,2026-09-25 01:09:28.955040,25/09/26,1:9:28
29637,0.12,29.637,121.4697843911327,12697454155,2026-09-25 01:09:58.592040,25/09/26,1:9:58
29634,0.12,29.634,121.48208139299453,12697483789,2026-09-25 01:10:28.226040,25/09/26,1:10:28
29601,0.12,29.601,121.61751292186075,12697513390,2026-09-25 01:10:57.827040,25/09/26,1:10:57
29627,0.12,29.627,121.51078408208728,12697543017,2026-09-25 01:11:27.454040,25/09/26,1:11:27
29586,0.12,29.586,121.67917258162645,12697572603,2026-09-25 01:11:57.040040,25/09/26,1:11:57
30050,0.12,30.05,119.80033277870216,12697602653,2026-09-25 01:12:27.090040,25/09/26,1:12:27
30236,0.12,30.236,119.0633681703929,12697632889,2026-09-25 01:12:57.326040,25/09/26,1:12:57
30104,0.12,30.104,119.58543715120913,12697662993,2026-09-25 01:13:27.430040,25/09/26,1:13:27
30100,0.12,30.1,119.60132890365449,12697693093,2026-09-25 01:13:57.530040,25/09/26,1:13:57
30047,0.12,30.047,119.81229407261957,12697723140,2026-09-25 01:14:27.577040,25/09/26,1:14:27
30146,0.12,30.146,119.41882836860611,12697753286,2026-09-25 01:14:57.723040,25/09/26,1:14:57
30210,0.12,30.21,119.16583912611718,12697783496,2026-09-25 01:15:27.933040,25/09/26,1:15:27
30137,0.12,30.137,119.45449115704947,12697813633,2026-09-25 01:15:58.070040,25/09/26,1:15:58
30055,0.12,30.055,119.78040259524205,12697843688,2026-09-25 01:16:28.125040,25/09/26,1:16:28
30230,0.12,30.23,119.08699966920278,12697873918,2026-09-25 01:16:58.355040,25/09/26,1:16:58
30040,0.12,30.04,119.84021304926765,12697903958,2026-09-25 01:17:28.395040,25/09/26,1:17:28
30138,0.12,30.138,119.45052757316344,12697934096,2026-09-25 01:17:58.533040,25/09/26,1:17:58
16176,0.22,16.176,222.55192878338278,12697950272,2026-09-25 01:18:14.709040,25/09/26,1:18:14
17840,0.2,17.84,201.79372197309416,12697968112,2026-09-25 01:18:32.549040,25/09/26,1:18:32
17916,0.2,17.916,200.93770931011386,12697986028,2026-09-25 01:18:50.465040,25/09/26,1:18:50
17898,0.2,17.898,201.1397921555481,12698003926,2026-09-25 01:19:08.363040,25/09/26,1:19:8
17969,0.2,17.969,200.34503867772275,12698021895,2026-09-25 01:19:26.332040,25/09/26,1:19:26
18041,0.2,18.041,199.54547974059088,12698039936,2026-09-25 01:19:44.373040,25/09/26,1:19:44
18161,0.2,18.161,198.2269698805132,12698058097,2026-09-25 01:20:02.534040,25/09/26,1:20:2
18294,0.2,18.294,196.78583142013775,12698076391,2026-09-25 01:20:20.828040,25/09/26,1:20:20
18334,0.2,18.334,196.35649612741355,12698094725,2026-09-25 01:20:39.162040,25/09/26,1:20:39
18434,0.19,18.434,195.2913095367256,12698113159,2026-09-25 01:20:57.596040,25/09/26,1:20:57
18432,0.19,18.432,195.3125,12698131591,2026-09-25 01:21:16.028040,25/09/26,1:21:16
18421,0.19,18.421,195.4291297975137,12698150012,2026-09-25 01:21:34.449040,25/09/26,1:21:34
18454,0.19,18.454,195.07965752682344,12698168466,2026-09-25 01:21:52.903040,25/09/26,1:21:52
18566,0.19,18.566,193.9028331358397,12698187032,2026-09-25 01:22:11.469040,25/09/26,1:22:11
18598,0.19,18.598,193.5692009893537,12698205630,2026-09-25 01:22:30.067040,25/09/26,1:22:30
18706,0.19,18.706,192.45161980113332,12698224336,2026-09-25 01:22:48.773040,25/09/26,1:22:48
18782,0.19,18.782,191.67287828772228,12698243118,2026-09-25 01:23:07.555040,25/09/26,1:23:7
18770,0.19,18.77,191.79541822056473,12698261888,2026-09-25 01:23:26.325040,25/09/26,1:23:26
18324,0.2,18.324,196.46365422396858,12698280212,2026-09-25 01:23:44.649040,25/09/26,1:23:44
18418,0.19,18.418,195.46096210229123,12698298630,2026-09-25 01:24:03.067040,25/09/26,1:24:3
18383,0.19,18.383,195.83310667464505,12698317013,2026-09-25 01:24:21.450040,25/09/26,1:24:21
18452,0.19,18.452,195.10080208107522,12698335465,2026-09-25 01:24:39.902040,25/09/26,1:24:39
18525,0.19,18.525,194.33198380566802,12698353990,2026-09-25 01:24:58.427040,25/09/26,1:24:58
18559,0.19,18.559,193.97596853278733,12698372549,2026-09-25 01:25:16.986040,25/09/26,1:25:16
18562,0.19,18.562,193.94461803684948,12698391111,2026-09-25 01:25:35.548040,25/09/26,1:25:35
27776,0.13,27.776,129.6082949308756,12698418887,2026-09-25 01:26:03.324040,25/09/26,1:26:3
28784,0.12,28.784,125.06948304613674,12698447671,2026-09-25 01:26:32.108040,25/09/26,1:26:32
28908,0.12,28.908,124.53300124533001,12698476579,2026-09-25 01:27:01.016040,25/09/26,1:27:1
28734,0.12,28.734,125.28711630820631,12698505313,2026-09-25 01:27:29.750040,25/09/26,1:27:29
28934,0.12,28.934,124.42109628810397,12698534247,2026-09-25 01:27:58.684040,25/09/26,1:27:58
28854,0.12,28.854,124.76606363069246,12698563101,2026-09-25 01:28:27.538040,25/09/26,1:28:27
28797,0.12,28.797,125.01302218981144,12698591898,2026-09-25 01:28:56.335040,25/09/26,1:28:56
28780,0.12,28.78,125.0868658790827,12698620678,2026-09-25 01:29:25.115040,25/09/26,1:29:25
28867,0.12,28.867,124.70987632937263,12698649545,2026-09-25 01:29:53.982040,25/09/26,1:29:53
28883,0.12,28.883,124.64079216147907,12698678428,2026-09-25 01:30:22.865040,25/09/26,1:30:22
29340,0.12,29.34,122.69938650306749,12698707768,2026-09-25 01:30:52.205040,25/09/26,1:30:52
31570,0.11,31.57,114.03230915426037,12698739338,2026-09-25 01:31:23.775040,25/09/26,1:31:23
31346,0.11,31.346,114.84718943405858,12698770684,2026-09-25 01:31:55.121040,25/09/26,1:31:55
35569,0.1,35.569,101.21172931485282,12698806253,2026-09-25 01:32:30.690040,25/09/26,1:32:30
38848,0.09,38.848,92.66886326194398,12698845101,2026-09-25 01:33:09.538040,25/09/26,1:33:9
38829,0.09,38.829,92.71420845244533,12698883930,2026-09-25 01:33:48.367040,25/09/26,1:33:48
38781,0.09,38.781,92.82896263634254,12698922711,2026-09-25 01:34:27.148040,25/09/26,1:34:27
38111,0.09,38.111,94.46091679567579,12698960822,2026-09-25 01:35:05.259040,25/09/26,1:35:5
37722,0.09,37.722,95.43502465404804,12698998544,2026-09-25 01:35:42.981040,25/09/26,1:35:42
37722,0.09,37.722,95.43502465404804,12699036266,2026-09-25 01:36:20.703040,25/09/26,1:36:20
37954,0.09,37.954,94.85166253886284,12699074220,2026-09-25 01:36:58.657040,25/09/26,1:36:58
37971,0.09,37.971,94.80919649205973,12699112191,2026-09-25 01:37:36.628040,25/09/26,1:37:36
37983,0.09,37.983,94.77924334570729,12699150174,2026-09-25 01:38:14.611040,25/09/26,1:38:14
37977,0.09,37.977,94.79421755272928,12699188151,2026-09-25 01:38:52.588040,25/09/26,1:38:52
37936,0.09,37.936,94.89666807254324,12699226087,2026-09-25 01:39:30.524040,25/09/26,1:39:30
37950,0.09,37.95,94.86166007905139,12699264037,2026-09-25 01:40:08.474040,25/09/26,1:40:8
37971,0.09,37.971,94.80919649205973,12699302008,2026-09-25 01:40:46.445040,25/09/26,1:40:46
37944,0.09,37.944,94.87666034155598,12699339952,2026-09-25 01:41:24.389040,25/09/26,1:41:24
37747,0.09,37.747,95.37181762789096,12699377699,2026-09-25 01:42:02.136040,25/09/26,1:42:2
37900,0.09,37.9,94.9868073878628,12699415599,2026-09-25 01:42:40.036040,25/09/26,1:42:40
37679,0.09,37.679,95.54393694100162,12699453278,2026-09-25 01:43:17.715040,25/09/26,1:43:17
38012,0.09,38.012,94.7069346522151,12699491290,2026-09-25 01:43:55.727040,25/09/26,1:43:55
38057,0.09,38.057,94.59494968074205,12699529347,2026-09-25 01:44:33.784040,25/09/26,1:44:33
38018,0.09,38.018,94.69198800568152,12699567365,2026-09-25 01:45:11.802040,25/09/26,1:45:11
37991,0.09,37.991,94.75928509383802,12699605356,2026-09-25 01:45:49.793040,25/09/26,1:45:49
37781,0.09,37.781,95.28599031259098,12699643137,2026-09-25 01:46:27.574040,25/09/26,1:46:27
37871,0.09,37.871,95.05954424229621,12699681008,2026-09-25 01:47:05.445040,25/09/26,1:47:5
38076,0.09,38.076,94.54774661203908,12699719084,2026-09-25 01:47:43.521040,25/09/26,1:47:43
38070,0.09,38.07,94.56264775413712,12699757154,2026-09-25 01:48:21.591040,25/09/26,1:48:21
37918,0.09,37.918,94.94171633524975,12699795072,2026-09-25 01:48:59.509040,25/09/26,1:48:59
38126,0.09,38.126,94.42375281959818,12699833198,2026-09-25 01:49:37.635040,25/09/26,1:49:37
38144,0.09,38.144,94.37919463087249,12699871342,2026-09-25 01:50:15.779040,25/09/26,1:50:15
37961,0.09,37.961,94.83417191327942,12699909303,2026-09-25 01:50:53.740040,25/09/26,1:50:53
38097,0.09,38.097,94.49562957713206,12699947400,2026-09-25 01:51:31.837040,25/09/26,1:51:31
38297,0.09,38.297,94.00214115988197,12699985697,2026-09-25 01:52:10.134040,25/09/26,1:52:10
39315,0.09,39.315,91.56810377718428,12700025012,2026-09-25 01:52:49.449040,25/09/26,1:52:49
39339,0.09,39.339,91.51223976206818,12700064351,2026-09-25 01:53:28.788040,25/09/26,1:53:28
39212,0.09,39.212,91.80863001122106,12700103563,2026-09-25 01:54:08.000040,25/09/26,1:54:8
39293,0.09,39.293,91.61937240729901,12700142856,2026-09-25 01:54:47.293040,25/09/26,1:54:47
39380,0.09,39.38,91.41696292534282,12700182236,2026-09-25 01:55:26.673040,25/09/26,1:55:26
39214,0.09,39.214,91.8039475697455,12700221450,2026-09-25 01:56:05.887040,25/09/26,1:56:5
39299,0.09,39.299,91.60538436092521,12700260749,2026-09-25 01:56:45.186040,25/09/26,1:56:45
39951,0.09,39.951,90.11038522189682,12700300700,2026-09-25 01:57:25.137040,25/09/26,1:57:25
39657,0.09,39.657,90.77842499432634,12700340357,2026-09-25 01:58:04.794040,25/09/26,1:58:4
39495,0.09,39.495,91.15077857956703,12700379852,2026-09-25 01:58:44.289040,25/09/26,1:58:44
40171,0.09,40.171,89.61688780463518,12700420023,2026-09-25 01:59:24.460040,25/09/26,1:59:24
40162,0.09,40.162,89.63697027040486,12700460185,2026-09-25 02:00:04.622040,25/09/26,2:0:4
40084,0.09,40.084,89.81139606825666,12700500269,2026-09-25 02:00:44.706040,25/09/26,2:0:44
40101,0.09,40.101,89.77332236103838,12700540370,2026-09-25 02:01:24.807040,25/09/26,2:1:24
27456,0.13,27.456,131.11888111888112,12700567826,2026-09-25 02:01:52.263040,25/09/26,2:1:52
20810,0.17,20.81,172.99375300336376,12700588636,2026-09-25 02:02:13.073040,25/09/26,2:2:13
20690,0.17,20.69,173.99710004833253,12700609326,2026-09-25 02:02:33.763040,25/09/26,2:2:33
20721,0.17,20.721,173.736788765021,12700630047,2026-09-25 02:02:54.484040,25/09/26,2:2:54
20832,0.17,20.832,172.8110599078341,12700650879,2026-09-25 02:03:15.316040,25/09/26,2:3:15
21040,0.17,21.04,171.10266159695817,12700671919,2026-09-25 02:03:36.356040,25/09/26,2:3:36
21240,0.17,21.24,169.4915254237288,12700693159,2026-09-25 02:03:57.596040,25/09/26,2:3:57
21296,0.17,21.296,169.045830202855,12700714455,2026-09-25 02:04:18.892040,25/09/26,2:4:18
21448,0.17,21.448,167.8478179783663,12700735903,2026-09-25 02:04:40.340040,25/09/26,2:4:40
21598,0.17,21.598,166.68210019446246,12700757501,2026-09-25 02:05:01.938040,25/09/26,2:5:1
21606,0.17,21.606,166.62038322688142,12700779107,2026-09-25 02:05:23.544040,25/09/26,2:5:23
21711,0.17,21.711,165.81456404587536,12700800818,2026-09-25 02:05:45.255040,25/09/26,2:5:45
21836,0.16,21.836,164.86535995603592,12700822654,2026-09-25 02:06:07.091040,25/09/26,2:6:7
21889,0.16,21.889,164.46617022248617,12700844543,2026-09-25 02:06:28.980040,25/09/26,2:6:28
21904,0.16,21.904,164.35354273192112,12700866447,2026-09-25 02:06:50.884040,25/09/26,2:6:50
21959,0.16,21.959,163.94189170727265,12700888406,2026-09-25 02:07:12.843040,25/09/26,2:7:12
22077,0.16,22.077,163.06563391765187,12700910483,2026-09-25 02:07:34.920040,25/09/26,2:7:34
22157,0.16,22.157,162.47686961231213,12700932640,2026-09-25 02:07:57.077040,25/09/26,2:7:57
22353,0.16,22.353,161.05220775734801,12700954993,2026-09-25 02:08:19.430040,25/09/26,2:8:19
22327,0.16,22.327,161.2397545572625,12700977320,2026-09-25 02:08:41.757040,25/09/26,2:8:41
22756,0.16,22.756,158.20003515556337,12701000076,2026-09-25 02:09:04.513040,25/09/26,2:9:4
39122,0.09,39.122,92.01983538673892,12701039198,2026-09-25 02:09:43.635040,25/09/26,2:9:43
39293,0.09,39.293,91.61937240729901,12701078491,2026-09-25 02:10:22.928040,25/09/26,2:10:22
39361,0.09,39.361,91.4610909275679,12701117852,2026-09-25 02:11:02.289040,25/09/26,2:11:2
39256,0.09,39.256,91.70572651314448,12701157108,2026-09-25 02:11:41.545040,25/09/26,2:11:41
40151,0.09,40.151,89.66152773280865,12701197259,2026-09-25 02:12:21.696040,25/09/26,2:12:21
40162,0.09,40.162,89.63697027040486,12701237421,2026-09-25 02:13:01.858040,25/09/26,2:13:1
40072,0.09,40.072,89.83829107606309,12701277493,2026-09-25 02:13:41.930040,25/09/26,2:13:41
40233,0.09,40.233,89.47878607113563,12701317726,2026-09-25 02:14:22.163040,25/09/26,2:14:22
40140,0.09,40.14,89.68609865470852,12701357866,2026-09-25 02:15:02.303040,25/09/26,2:15:2
40160,0.09,40.16,89.64143426294821,12701398026,2026-09-25 02:15:42.463040,25/09/26,2:15:42
40214,0.09,40.214,89.52106231660616,12701438240,2026-09-25 02:16:22.677040,25/09/26,2:16:22
40088,0.09,40.088,89.80243464378367,12701478328,2026-09-25 02:17:02.765040,25/09/26,2:17:2
40176,0.09,40.176,89.60573476702508,12701518504,2026-09-25 02:17:42.941040,25/09/26,2:17:42
40087,0.09,40.087,89.80467483223988,12701558591,2026-09-25 02:18:23.028040,25/09/26,2:18:23
40238,0.09,40.238,89.4676673790944,12701598829,2026-09-25 02:19:03.266040,25/09/26,2:19:3
40185,0.09,40.185,89.58566629339306,12701639014,2026-09-25 02:19:43.451040,25/09/26,2:19:43
40020,0.09,40.02,89.95502248875562,12701679034,2026-09-25 02:20:23.471040,25/09/26,2:20:23
40087,0.09,40.087,89.80467483223988,12701719121,2026-09-25 02:21:03.558040,25/09/26,2:21:3
40096,0.09,40.096,89.78451715881883,12701759217,2026-09-25 02:21:43.654040,25/09/26,2:21:43
40062,0.09,40.062,89.86071589036993,12701799279,2026-09-25 02:22:23.716040,25/09/26,2:22:23
40210,0.09,40.21,89.52996766973389,12701839489,2026-09-25 02:23:03.926040,25/09/26,2:23:3
40074,0.09,40.074,89.83380745620602,12701879563,2026-09-25 02:23:44.000040,25/09/26,2:23:44
39198,0.09,39.198,91.84142048063677,12701918761,2026-09-25 02:24:23.198040,25/09/26,2:24:23
39244,0.09,39.244,91.73376821934563,12701958005,2026-09-25 02:25:02.442040,25/09/26,2:25:2
39235,0.09,39.235,91.75481075570282,12701997240,2026-09-25 02:25:41.677040,25/09/26,2:25:41
39345,0.09,39.345,91.49828440716736,12702036585,2026-09-25 02:26:21.022040,25/09/26,2:26:21
39151,0.09,39.151,91.95167428673597,12702075736,2026-09-25 02:27:00.173040,25/09/26,2:27:0
39172,0.09,39.172,91.90237925048504,12702114908,2026-09-25 02:27:39.345040,25/09/26,2:27:39
39365,0.09,39.365,91.45179728184935,12702154273,2026-09-25 02:28:18.710040,25/09/26,2:28:18
39428,0.09,39.428,91.30567109668256,12702193701,2026-09-25 02:28:58.138040,25/09/26,2:28:58
39461,0.09,39.461,91.22931501989306,12702233162,2026-09-25 02:29:37.599040,25/09/26,2:29:37
39291,0.09,39.291,91.62403603878751,12702272453,2026-09-25 02:30:16.890040,25/09/26,2:30:16
39474,0.09,39.474,91.19927040583676,12702311927,2026-09-25 02:30:56.364040,25/09/26,2:30:56
37796,0.09,37.796,95.24817440999047,12702349723,2026-09-25 02:31:34.160040,25/09/26,2:31:34
38750,0.09,38.75,92.90322580645162,12702388473,2026-09-25 02:32:12.910040,25/09/26,2:32:12
38833,0.09,38.833,92.70465840908506,12702427306,2026-09-25 02:32:51.743040,25/09/26,2:32:51
38839,0.09,38.839,92.69033703236438,12702466145,2026-09-25 02:33:30.582040,25/09/26,2:33:30
38915,0.09,38.915,92.5093151740974,12702505060,2026-09-25 02:34:09.497040,25/09/26,2:34:9
38407,0.09,38.407,93.7329132710183,12702543467,2026-09-25 02:34:47.904040,25/09/26,2:34:47
37837,0.09,37.837,95.14496392420118,12702581304,2026-09-25 02:35:25.741040,25/09/26,2:35:25
37886,0.09,37.886,95.0219078287494,12702619190,2026-09-25 02:36:03.627040,25/09/26,2:36:3
37979,0.09,37.979,94.78922562468733,12702657169,2026-09-25 02:36:41.606040,25/09/26,2:36:41
38093,0.09,38.093,94.50555220119182,12702695262,2026-09-25 02:37:19.699040,25/09/26,2:37:19
38177,0.09,38.177,94.29761374649658,12702733439,2026-09-25 02:37:57.876040,25/09/26,2:37:57
38033,0.09,38.033,94.65464202140247,12702771472,2026-09-25 02:38:35.909040,25/09/26,2:38:35
37995,0.09,37.995,94.749309119621,12702809467,2026-09-25 02:39:13.904040,25/09/26,2:39:13
38115,0.09,38.115,94.45100354191263,12702847582,2026-09-25 02:39:52.019040,25/09/26,2:39:52
38049,0.09,38.049,94.61483876054561,12702885631,2026-09-25 02:40:30.068040,25/09/26,2:40:30
37998,0.09,37.998,94.74182851729039,12702923629,2026-09-25 02:41:08.066040,25/09/26,2:41:8
38016,0.09,38.016,94.6969696969697,12702961645,2026-09-25 02:41:46.082040,25/09/26,2:41:46
38036,0.09,38.036,94.64717635923861,12702999681,2026-09-25 02:42:24.118040,25/09/26,2:42:24
38012,0.09,38.012,94.7069346522151,12703037693,2026-09-25 02:43:02.130040,25/09/26,2:43:2
39457,0.09,39.457,91.23856349950579,12703077150,2026-09-25 02:43:41.587040,25/09/26,2:43:41
39373,0.09,39.373,91.43321565539837,12703116523,2026-09-25 02:44:20.960040,25/09/26,2:44:20
36040,0.1,36.04,99.88901220865705,12703152563,2026-09-25 02:44:57.000040,25/09/26,2:44:57
19099,0.19,19.099,188.49154405989842,12703171662,2026-09-25 02:45:16.099040,25/09/26,2:45:16
20813,0.17,20.813,172.96881756594436,12703192475,2026-09-25 02:45:36.912040,25/09/26,2:45:36
20748,0.17,20.748,173.5106998264893,12703213223,2026-09-25 02:45:57.660040,25/09/26,2:45:57
20862,0.17,20.862,172.5625539257981,12703234085,2026-09-25 02:46:18.522040,25/09/26,2:46:18
21158,0.17,21.158,170.14840722185463,12703255243,2026-09-25 02:46:39.680040,25/09/26,2:46:39
21474,0.17,21.474,167.64459346186086,12703276717,2026-09-25 02:47:01.154040,25/09/26,2:47:1
21575,0.17,21.575,166.8597914252607,12703298292,2026-09-25 02:47:22.729040,25/09/26,2:47:22
21724,0.17,21.724,165.7153378751611,12703320016,2026-09-25 02:47:44.453040,25/09/26,2:47:44
21812,0.17,21.812,165.04676324958737,12703341828,2026-09-25 02:48:06.265040,25/09/26,2:48:6
22045,0.16,22.045,163.30233613064186,12703363873,2026-09-25 02:48:28.310040,25/09/26,2:48:28
22069,0.16,22.069,163.12474511758575,12703385942,2026-09-25 02:48:50.379040,25/09/26,2:48:50
22096,0.16,22.096,162.92541636495292,12703408038,2026-09-25 02:49:12.475040,25/09/26,2:49:12
22208,0.16,22.208,162.10374639769452,12703430246,2026-09-25 02:49:34.683040,25/09/26,2:49:34
22214,0.16,22.214,162.05996218600882,12703452460,2026-09-25 02:49:56.897040,25/09/26,2:49:56
22330,0.16,22.33,161.21809225257502,12703474790,2026-09-25 02:50:19.227040,25/09/26,2:50:19
22497,0.16,22.497,160.0213361781571,12703497287,2026-09-25 02:50:41.724040,25/09/26,2:50:41
22457,0.16,22.457,160.306363272031,12703519744,2026-09-25 02:51:04.181040,25/09/26,2:51:4
22474,0.16,22.474,160.18510278544096,12703542218,2026-09-25 02:51:26.655040,25/09/26,2:51:26
22603,0.16,22.603,159.2708932442596,12703564821,2026-09-25 02:51:49.258040,25/09/26,2:51:49
22657,0.16,22.657,158.89129187447588,12703587478,2026-09-25 02:52:11.915040,25/09/26,2:52:11
24986,0.14,24.986,144.08068518370288,12703612464,2026-09-25 02:52:36.901040,25/09/26,2:52:36
40317,0.09,40.317,89.29235806235583,12703652781,2026-09-25 02:53:17.218040,25/09/26,2:53:17
40353,0.09,40.353,89.21269794067355,12703693134,2026-09-25 02:53:57.571040,25/09/26,2:53:57
40267,0.09,40.267,89.40323341694192,12703733401,2026-09-25 02:54:37.838040,25/09/26,2:54:37
40247,0.09,40.247,89.44766069520709,12703773648,2026-09-25 02:55:18.085040,25/09/26,2:55:18
40424,0.09,40.424,89.05600633287156,12703814072,2026-09-25 02:55:58.509040,25/09/26,2:55:58
40338,0.09,40.338,89.2458723784025,12703854410,2026-09-25 02:56:38.847040,25/09/26,2:56:38
40326,0.09,40.326,89.27242969796161,12703894736,2026-09-25 02:57:19.173040,25/09/26,2:57:19
40258,0.09,40.258,89.4232202295196,12703934994,2026-09-25 02:57:59.431040,25/09/26,2:57:59
40274,0.09,40.274,89.38769429408552,12703975268,2026-09-25 02:58:39.705040,25/09/26,2:58:39
40204,0.09,40.204,89.54332902198786,12704015472,2026-09-25 02:59:19.909040,25/09/26,2:59:19
39718,0.09,39.718,90.63900498514528,12704055190,2026-09-25 02:59:59.627040,25/09/26,2:59:59
39656,0.09,39.656,90.78071414161792,12704094846,2026-09-25 03:00:39.283040,25/09/26,3:0:39
37868,0.09,37.868,95.06707510298934,12704132714,2026-09-25 03:01:17.151040,25/09/26,3:1:17
37471,0.1,37.471,96.07429745669985,12704170185,2026-09-25 03:01:54.622040,25/09/26,3:1:54
37665,0.09,37.665,95.57945041816009,12704207850,2026-09-25 03:02:32.287040,25/09/26,3:2:32
37704,0.09,37.704,95.48058561425843,12704245554,2026-09-25 03:03:09.991040,25/09/26,3:3:9
37767,0.09,37.767,95.32131225673207,12704283321,2026-09-25 03:03:47.758040,25/09/26,3:3:47
37781,0.09,37.781,95.28599031259098,12704321102,2026-09-25 03:04:25.539040,25/09/26,3:4:25
37620,0.09,37.62,95.69377990430623,12704358722,2026-09-25 03:05:03.159040,25/09/26,3:5:3
37676,0.09,37.676,95.55154474997346,12704396398,2026-09-25 03:05:40.835040,25/09/26,3:5:40
37678,0.09,37.678,95.54647274271458,12704434076,2026-09-25 03:06:18.513040,25/09/26,3:6:18
37792,0.09,37.792,95.25825571549534,12704471868,2026-09-25 03:06:56.305040,25/09/26,3:6:56
37655,0.09,37.655,95.60483335546408,12704509523,2026-09-25 03:07:33.960040,25/09/26,3:7:33
37761,0.09,37.761,95.33645825057599,12704547284,2026-09-25 03:08:11.721040,25/09/26,3:8:11
37807,0.09,37.807,95.22046181923983,12704585091,2026-09-25 03:08:49.528040,25/09/26,3:8:49
37708,0.09,37.708,95.47045719741169,12704622799,2026-09-25 03:09:27.236040,25/09/26,3:9:27
37716,0.09,37.716,95.45020680878142,12704660515,2026-09-25 03:10:04.952040,25/09/26,3:10:4
37864,0.09,37.864,95.07711810690894,12704698379,2026-09-25 03:10:42.816040,25/09/26,3:10:42
37651,0.09,37.651,95.61499030570238,12704736030,2026-09-25 03:11:20.467040,25/09/26,3:11:20
38312,0.09,38.312,93.96533723115473,12704774342,2026-09-25 03:11:58.779040,25/09/26,3:11:58
38693,0.09,38.693,93.04008476985501,12704813035,2026-09-25 03:12:37.472040,25/09/26,3:12:37
38607,0.09,38.607,93.2473385655451,12704851642,2026-09-25 03:13:16.079040,25/09/26,3:13:16
39597,0.09,39.597,90.91597848321842,12704891239,2026-09-25 03:13:55.676040,25/09/26,3:13:55
39899,0.09,39.899,90.22782525877841,12704931138,2026-09-25 03:14:35.575040,25/09/26,3:14:35
39959,0.09,39.959,90.0923446532696,12704971097,2026-09-25 03:15:15.534040,25/09/26,3:15:15
40014,0.09,40.014,89.9685110211426,12705011111,2026-09-25 03:15:55.548040,25/09/26,3:15:55
39975,0.09,39.975,90.0562851782364,12705051086,2026-09-25 03:16:35.523040,25/09/26,3:16:35
39956,0.09,39.956,90.09910901992191,12705091042,2026-09-25 03:17:15.479040,25/09/26,3:17:15
39927,0.09,39.927,90.16455030430535,12705130969,2026-09-25 03:17:55.406040,25/09/26,3:17:55
39917,0.09,39.917,90.1871383119974,12705170886,2026-09-25 03:18:35.323040,25/09/26,3:18:35
40066,0.09,40.066,89.85174462137473,12705210952,2026-09-25 03:19:15.389040,25/09/26,3:19:15
39959,0.09,39.959,90.0923446532696,12705250911,2026-09-25 03:19:55.348040,25/09/26,3:19:55
39991,0.09,39.991,90.0202545572754,12705290902,2026-09-25 03:20:35.339040,25/09/26,3:20:35
39813,0.09,39.813,90.42272624519629,12705330715,2026-09-25 03:21:15.152040,25/09/26,3:21:15
39817,0.09,39.817,90.41364241404425,12705370532,2026-09-25 03:21:54.969040,25/09/26,3:21:54
40094,0.09,40.094,89.78899585972964,12705410626,2026-09-25 03:22:35.063040,25/09/26,3:22:35
39988,0.09,39.988,90.02700810243073,12705450614,2026-09-25 03:23:15.051040,25/09/26,3:23:15
39940,0.09,39.94,90.13520280420632,12705490554,2026-09-25 03:23:54.991040,25/09/26,3:23:54
39343,0.09,39.343,91.50293571918766,12705529897,2026-09-25 03:24:34.334040,25/09/26,3:24:34
39136,0.09,39.136,91.9869174161897,12705569033,2026-09-25 03:25:13.470040,25/09/26,3:25:13
39250,0.09,39.25,91.71974522292993,12705608283,2026-09-25 03:25:52.720040,25/09/26,3:25:52
39147,0.09,39.147,91.96106981377883,12705647430,2026-09-25 03:26:31.867040,25/09/26,3:26:31
39118,0.09,39.118,92.02924484891865,12705686548,2026-09-25 03:27:10.985040,25/09/26,3:27:10
39144,0.09,39.144,91.96811771919069,12705725692,2026-09-25 03:27:50.129040,25/09/26,3:27:50
36493,0.1,36.493,98.64905598333927,12705762185,2026-09-25 03:28:26.622040,25/09/26,3:28:26
18963,0.19,18.963,189.84337921214998,12705781148,2026-09-25 03:28:45.585040,25/09/26,3:28:45
20779,0.17,20.779,173.2518408008085,12705801927,2026-09-25 03:29:06.364040,25/09/26,3:29:6
20697,0.17,20.697,173.9382519205682,12705822624,2026-09-25 03:29:27.061040,25/09/26,3:29:27
20792,0.17,20.792,173.14351673720662,12705843416,2026-09-25 03:29:47.853040,25/09/26,3:29:47
20909,0.17,20.909,172.1746616289636,12705864325,2026-09-25 03:30:08.762040,25/09/26,3:30:8
21159,0.17,21.159,170.1403658017865,12705885484,2026-09-25 03:30:29.921040,25/09/26,3:30:29
21289,0.17,21.289,169.10141387571045,12705906773,2026-09-25 03:30:51.210040,25/09/26,3:30:51
21426,0.17,21.426,168.02016241949033,12705928199,2026-09-25 03:31:12.636040,25/09/26,3:31:12
21399,0.17,21.399,168.23216038132622,12705949598,2026-09-25 03:31:34.035040,25/09/26,3:31:34
21589,0.17,21.589,166.75158645606558,12705971187,2026-09-25 03:31:55.624040,25/09/26,3:31:55
21861,0.16,21.861,164.67682173734048,12705993048,2026-09-25 03:32:17.485040,25/09/26,3:32:17
21942,0.16,21.942,164.06890894175552,12706014990,2026-09-25 03:32:39.427040,25/09/26,3:32:39
22044,0.16,22.044,163.3097441480675,12706037034,2026-09-25 03:33:01.471040,25/09/26,3:33:1
22143,0.16,22.143,162.5795962606693,12706059177,2026-09-25 03:33:23.614040,25/09/26,3:33:23
22158,0.16,22.158,162.46953696181967,12706081335,2026-09-25 03:33:45.772040,25/09/26,3:33:45
22326,0.16,22.326,161.2469766191884,12706103661,2026-09-25 03:34:08.098040,25/09/26,3:34:8
22390,0.16,22.39,160.78606520768201,12706126051,2026-09-25 03:34:30.488040,25/09/26,3:34:30
22491,0.16,22.491,160.0640256102441,12706148542,2026-09-25 03:34:52.979040,25/09/26,3:34:52
22455,0.16,22.455,160.32064128256513,12706170997,2026-09-25 03:35:15.434040,25/09/26,3:35:15
22596,0.16,22.596,159.32023366967604,12706193593,2026-09-25 03:35:38.030040,25/09/26,3:35:38
22654,0.16,22.654,158.91233336276153,12706216247,2026-09-25 03:36:00.684040,25/09/26,3:36:0
37637,0.09,37.637,95.65055663310041,12706253884,2026-09-25 03:36:38.321040,25/09/26,3:36:38
39960,0.09,39.96,90.09009009009009,12706293844,2026-09-25 03:37:18.281040,25/09/26,3:37:18
39946,0.09,39.946,90.12166424673309,12706333790,2026-09-25 03:37:58.227040,25/09/26,3:37:58
39848,0.09,39.848,90.34330455731781,12706373638,2026-09-25 03:38:38.075040,25/09/26,3:38:38
39917,0.09,39.917,90.1871383119974,12706413555,2026-09-25 03:39:17.992040,25/09/26,3:39:17
39879,0.09,39.879,90.27307605506658,12706453434,2026-09-25 03:39:57.871040,25/09/26,3:39:57
39760,0.09,39.76,90.54325955734406,12706493194,2026-09-25 03:40:37.631040,25/09/26,3:40:37
40090,0.09,40.09,89.79795460214517,12706533284,2026-09-25 03:41:17.721040,25/09/26,3:41:17
40053,0.09,40.053,89.88090779716875,12706573337,2026-09-25 03:41:57.774040,25/09/26,3:41:57
40033,0.09,40.033,89.92581120575525,12706613370,2026-09-25 03:42:37.807040,25/09/26,3:42:37
40197,0.09,40.197,89.5589223076349,12706653567,2026-09-25 03:43:18.004040,25/09/26,3:43:18
40143,0.09,40.143,89.67939615873253,12706693710,2026-09-25 03:43:58.147040,25/09/26,3:43:58
40087,0.09,40.087,89.80467483223988,12706733797,2026-09-25 03:44:38.234040,25/09/26,3:44:38
40260,0.09,40.26,89.41877794336811,12706774057,2026-09-25 03:45:18.494040,25/09/26,3:45:18
40093,0.09,40.093,89.79123537774674,12706814150,2026-09-25 03:45:58.587040,25/09/26,3:45:58
40051,0.09,40.051,89.88539611994707,12706854201,2026-09-25 03:46:38.638040,25/09/26,3:46:38
39959,0.09,39.959,90.0923446532696,12706894160,2026-09-25 03:47:18.597040,25/09/26,3:47:18
40140,0.09,40.14,89.68609865470852,12706934300,2026-09-25 03:47:58.737040,25/09/26,3:47:58
40034,0.09,40.034,89.9235649697757,12706974334,2026-09-25 03:48:38.771040,25/09/26,3:48:38
39997,0.09,39.997,90.00675050628797,12707014331,2026-09-25 03:49:18.768040,25/09/26,3:49:18
40008,0.09,40.008,89.98200359928015,12707054339,2026-09-25 03:49:58.776040,25/09/26,3:49:58
40089,0.09,40.089,89.80019456708823,12707094428,2026-09-25 03:50:38.865040,25/09/26,3:50:38
39969,0.09,39.969,90.06980409817609,12707134397,2026-09-25 03:51:18.834040,25/09/26,3:51:18
39980,0.09,39.98,90.04502251125562,12707174377,2026-09-25 03:51:58.814040,25/09/26,3:51:58
39992,0.09,39.992,90.01800360072015,12707214369,2026-09-25 03:52:38.806040,25/09/26,3:52:38
40115,0.09,40.115,89.74199177365075,12707254484,2026-09-25 03:53:18.921040,25/09/26,3:53:18
40126,0.09,40.126,89.71739022080446,12707294610,2026-09-25 03:53:59.047040,25/09/26,3:53:59
40034,0.09,40.034,89.9235649697757,12707334644,2026-09-25 03:54:39.081040,25/09/26,3:54:39
40098,0.09,40.098,89.78003890468352,12707374742,2026-09-25 03:55:19.179040,25/09/26,3:55:19
40096,0.09,40.096,89.78451715881883,12707414838,2026-09-25 03:55:59.275040,25/09/26,3:55:59
40025,0.09,40.025,89.94378513429106,12707454863,2026-09-25 03:56:39.300040,25/09/26,3:56:39
40063,0.09,40.063,89.85847290517435,12707494926,2026-09-25 03:57:19.363040,25/09/26,3:57:19
40154,0.09,40.154,89.6548289087015,12707535080,2026-09-25 03:57:59.517040,25/09/26,3:57:59
40003,0.09,40.003,89.99325050621204,12707575083,2026-09-25 03:58:39.520040,25/09/26,3:58:39
40040,0.09,40.04,89.91008991008991,12707615123,2026-09-25 03:59:19.560040,25/09/26,3:59:19
40094,0.09,40.094,89.78899585972964,12707655217,2026-09-25 03:59:59.654040,25/09/26,3:59:59
39996,0.09,39.996,90.00900090009002,12707695213,2026-09-25 04:00:39.650040,25/09/26,4:0:39
38113,0.09,38.113,94.45595990869258,12707733326,2026-09-25 04:01:17.763040,25/09/26,4:1:17
37739,0.09,37.739,95.39203476509711,12707771065,2026-09-25 04:01:55.502040,25/09/26,4:1:55
37772,0.09,37.772,95.3086942708885,12707808837,2026-09-25 04:02:33.274040,25/09/26,4:2:33
37806,0.09,37.806,95.222980479289,12707846643,2026-09-25 04:03:11.080040,25/09/26,4:3:11
37863,0.09,37.863,95.07962918944617,12707884506,2026-09-25 04:03:48.943040,25/09/26,4:3:48
37943,0.09,37.943,94.87916084653295,12707922449,2026-09-25 04:04:26.886040,25/09/26,4:4:26
37812,0.09,37.812,95.2078705172961,12707960261,2026-09-25 04:05:04.698040,25/09/26,4:5:4
37956,0.09,37.956,94.84666455896301,12707998217,2026-09-25 04:05:42.654040,25/09/26,4:5:42
38041,0.09,38.041,94.63473620567282,12708036258,2026-09-25 04:06:20.695040,25/09/26,4:6:20
37974,0.09,37.974,94.80170643071575,12708074232,2026-09-25 04:06:58.669040,25/09/26,4:6:58
37930,0.09,37.93,94.91167940943843,12708112162,2026-09-25 04:07:36.599040,25/09/26,4:7:36
37978,0.09,37.978,94.79172152298699,12708150140,2026-09-25 04:08:14.577040,25/09/26,4:8:14
37976,0.09,37.976,94.79671371392459,12708188116,2026-09-25 04:08:52.553040,25/09/26,4:8:52
37943,0.09,37.943,94.87916084653295,12708226059,2026-09-25 04:09:30.496040,25/09/26,4:9:30
38045,0.09,38.045,94.62478643711394,12708264104,2026-09-25 04:10:08.541040,25/09/26,4:10:8
37898,0.09,37.898,94.99182014882052,12708302002,2026-09-25 04:10:46.439040,25/09/26,4:10:46
37865,0.09,37.865,95.07460715700515,12708339867,2026-09-25 04:11:24.304040,25/09/26,4:11:24
38597,0.09,38.597,93.27149778480192,12708378464,2026-09-25 04:12:02.901040,25/09/26,4:12:2
30128,0.12,30.128,119.49017525225703,12708408592,2026-09-25 04:12:33.029040,25/09/26,4:12:33
20857,0.17,20.857,172.60392194467084,12708429449,2026-09-25 04:12:53.886040,25/09/26,4:12:53
20918,0.17,20.918,172.10058322975428,12708450367,2026-09-25 04:13:14.804040,25/09/26,4:13:14
21049,0.17,21.049,171.02950258919662,12708471416,2026-09-25 04:13:35.853040,25/09/26,4:13:35
21160,0.17,21.16,170.13232514177693,12708492576,2026-09-25 04:13:57.013040,25/09/26,4:13:57
21317,0.17,21.317,168.8792982126941,12708513893,2026-09-25 04:14:18.330040,25/09/26,4:14:18
21502,0.17,21.502,167.42628592689053,12708535395,2026-09-25 04:14:39.832040,25/09/26,4:14:39
21603,0.17,21.603,166.64352173309263,12708556998,2026-09-25 04:15:01.435040,25/09/26,4:15:1
21683,0.17,21.683,166.0286860674261,12708578681,2026-09-25 04:15:23.118040,25/09/26,4:15:23
21841,0.16,21.841,164.82761778306855,12708600522,2026-09-25 04:15:44.959040,25/09/26,4:15:44
21945,0.16,21.945,164.04647983595353,12708622467,2026-09-25 04:16:06.904040,25/09/26,4:16:6
22001,0.16,22.001,163.628925957911,12708644468,2026-09-25 04:16:28.905040,25/09/26,4:16:28
22054,0.16,22.054,163.23569420513286,12708666522,2026-09-25 04:16:50.959040,25/09/26,4:16:50
22160,0.16,22.16,162.4548736462094,12708688682,2026-09-25 04:17:13.119040,25/09/26,4:17:13
22210,0.16,22.21,162.0891490319676,12708710892,2026-09-25 04:17:35.329040,25/09/26,4:17:35
22383,0.16,22.383,160.83634901487736,12708733275,2026-09-25 04:17:57.712040,25/09/26,4:17:57
22416,0.16,22.416,160.59957173447538,12708755691,2026-09-25 04:18:20.128040,25/09/26,4:18:20
22469,0.16,22.469,160.22074858694202,12708778160,2026-09-25 04:18:42.597040,25/09/26,4:18:42
22584,0.16,22.584,159.4048884165781,12708800744,2026-09-25 04:19:05.181040,25/09/26,4:19:5
22651,0.16,22.651,158.93338042470532,12708823395,2026-09-25 04:19:27.832040,25/09/26,4:19:27
22721,0.16,22.721,158.44373046960962,12708846116,2026-09-25 04:19:50.553040,25/09/26,4:19:50
27106,0.13,27.106,132.81192355935954,12708873222,2026-09-25 04:20:17.659040,25/09/26,4:20:17
40013,0.09,40.013,89.97075950316147,12708913235,2026-09-25 04:20:57.672040,25/09/26,4:20:57
40108,0.09,40.108,89.7576543333001,12708953343,2026-09-25 04:21:37.780040,25/09/26,4:21:37
40123,0.09,40.123,89.72409839742791,12708993466,2026-09-25 04:22:17.903040,25/09/26,4:22:17
40185,0.09,40.185,89.58566629339306,12709033651,2026-09-25 04:22:58.088040,25/09/26,4:22:58
40046,0.09,40.046,89.89661888827848,12709073697,2026-09-25 04:23:38.134040,25/09/26,4:23:38
40084,0.09,40.084,89.81139606825666,12709113781,2026-09-25 04:24:18.218040,25/09/26,4:24:18
39342,0.09,39.342,91.50526155253927,12709153123,2026-09-25 04:24:57.560040,25/09/26,4:24:57
39330,0.09,39.33,91.53318077803203,12709192453,2026-09-25 04:25:36.890040,25/09/26,4:25:36
38120,0.09,38.12,94.43861490031479,12709230573,2026-09-25 04:26:15.010040,25/09/26,4:26:15
38037,0.09,38.037,94.64468806688225,12709268610,2026-09-25 04:26:53.047040,25/09/26,4:26:53
38143,0.09,38.143,94.38166898251318,12709306753,2026-09-25 04:27:31.190040,25/09/26,4:27:31
38135,0.09,38.135,94.40146846728727,12709344888,2026-09-25 04:28:09.325040,25/09/26,4:28:9
38161,0.09,38.161,94.3371504939598,12709383049,2026-09-25 04:28:47.486040,25/09/26,4:28:47
38234,0.09,38.234,94.15703300727101,12709421283,2026-09-25 04:29:25.720040,25/09/26,4:29:25
38184,0.09,38.184,94.28032683846638,12709459467,2026-09-25 04:30:03.904040,25/09/26,4:30:3
38270,0.09,38.27,94.06846093545859,12709497737,2026-09-25 04:30:42.174040,25/09/26,4:30:42
38044,0.09,38.044,94.62727368310378,12709535781,2026-09-25 04:31:20.218040,25/09/26,4:31:20
38256,0.09,38.256,94.10288582183188,12709574037,2026-09-25 04:31:58.474040,25/09/26,4:31:58
38447,0.09,38.447,93.63539417899966,12709612484,2026-09-25 04:32:36.921040,25/09/26,4:32:36
39049,0.09,39.049,92.19186150733694,12709651533,2026-09-25 04:33:15.970040,25/09/26,4:33:15
38922,0.09,38.922,92.49267766301834,12709690455,2026-09-25 04:33:54.892040,25/09/26,4:33:54
38969,0.09,38.969,92.38112345710694,12709729424,2026-09-25 04:34:33.861040,25/09/26,4:34:33
38952,0.09,38.952,92.42144177449168,12709768376,2026-09-25 04:35:12.813040,25/09/26,4:35:12
38909,0.09,38.909,92.52358066257165,12709807285,2026-09-25 04:35:51.722040,25/09/26,4:35:51
39002,0.09,39.002,92.30295882262448,12709846287,2026-09-25 04:36:30.724040,25/09/26,4:36:30
39014,0.09,39.014,92.27456810375763,12709885301,2026-09-25 04:37:09.738040,25/09/26,4:37:9
38950,0.09,38.95,92.42618741976894,12709924251,2026-09-25 04:37:48.688040,25/09/26,4:37:48
38929,0.09,38.929,92.4760461352719,12709963180,2026-09-25 04:38:27.617040,25/09/26,4:38:27
39024,0.09,39.024,92.25092250922509,12710002204,2026-09-25 04:39:06.641040,25/09/26,4:39:6
38910,0.09,38.91,92.52120277563608,12710041114,2026-09-25 04:39:45.551040,25/09/26,4:39:45
39007,0.09,39.007,92.29112723357346,12710080121,2026-09-25 04:40:24.558040,25/09/26,4:40:24
38975,0.09,38.975,92.36690186016678,12710119096,2026-09-25 04:41:03.533040,25/09/26,4:41:3
38879,0.09,38.879,92.59497415056971,12710157975,2026-09-25 04:41:42.412040,25/09/26,4:41:42
39202,0.09,39.202,91.83204938523545,12710197177,2026-09-25 04:42:21.614040,25/09/26,4:42:21
40372,0.09,40.372,89.17071237491331,12710237549,2026-09-25 04:43:01.986040,25/09/26,4:43:1
40306,0.09,40.306,89.31672703815809,12710277855,2026-09-25 04:43:42.292040,25/09/26,4:43:42
40275,0.09,40.275,89.3854748603352,12710318130,2026-09-25 04:44:22.567040,25/09/26,4:44:22
40256,0.09,40.256,89.42766295707472,12710358386,2026-09-25 04:45:02.823040,25/09/26,4:45:2
40326,0.09,40.326,89.27242969796161,12710398712,2026-09-25 04:45:43.149040,25/09/26,4:45:43
40038,0.09,40.038,89.91458114790949,12710438750,2026-09-25 04:46:23.187040,25/09/26,4:46:23
32682,0.11,32.682,110.15237745548008,12710471432,2026-09-25 04:46:55.869040,25/09/26,4:46:55
33074,0.11,33.074,108.84682832436354,12710504506,2026-09-25 04:47:28.943040,25/09/26,4:47:28
33959,0.11,33.959,106.01018875703053,12710538465,2026-09-25 04:48:02.902040,25/09/26,4:48:2
34870,0.1,34.87,103.24060797246918,12710573335,2026-09-25 04:48:37.772040,25/09/26,4:48:37
35694,0.1,35.694,100.85728693898135,12710609029,2026-09-25 04:49:13.466040,25/09/26,4:49:13
35653,0.1,35.653,100.97327013154573,12710644682,2026-09-25 04:49:49.119040,25/09/26,4:49:49
35816,0.1,35.816,100.51373687737325,12710680498,2026-09-25 04:50:24.935040,25/09/26,4:50:24
36101,0.1,36.101,99.72022935652753,12710716599,2026-09-25 04:51:01.036040,25/09/26,4:51:1
34835,0.1,34.835,103.34433759150279,12710751434,2026-09-25 04:51:35.871040,25/09/26,4:51:35
34343,0.1,34.343,104.8248551378738,12710785777,2026-09-25 04:52:10.214040,25/09/26,4:52:10
34786,0.1,34.786,103.48990973380096,12710820563,2026-09-25 04:52:45.000040,25/09/26,4:52:45
35147,0.1,35.147,102.42694966853502,12710855710,2026-09-25 04:53:20.147040,25/09/26,4:53:20
34188,0.1,34.188,105.3001053001053,12710889898,2026-09-25 04:53:54.335040,25/09/26,4:53:54
34749,0.1,34.749,103.6001036001036,12710924647,2026-09-25 04:54:29.084040,25/09/26,4:54:29
36066,0.1,36.066,99.81700216270171,12710960713,2026-09-25 04:55:05.150040,25/09/26,4:55:5
36060,0.1,36.06,99.83361064891847,12710996773,2026-09-25 04:55:41.210040,25/09/26,4:55:41
36175,0.1,36.175,99.51624049758121,12711032948,2026-09-25 04:56:17.385040,25/09/26,4:56:17
23676,0.15,23.676,152.0527116066903,12711056624,2026-09-25 04:56:41.061040,25/09/26,4:56:41
19766,0.18,19.766,182.13093190326825,12711076390,2026-09-25 04:57:00.827040,25/09/26,4:57:0
19334,0.19,19.334,186.2004758456605,12711095724,2026-09-25 04:57:20.161040,25/09/26,4:57:20
19564,0.18,19.564,184.01144960130853,12711115288,2026-09-25 04:57:39.725040,25/09/26,4:57:39
19644,0.18,19.644,183.26206475259622,12711134932,2026-09-25 04:57:59.369040,25/09/26,4:57:59
19807,0.18,19.807,181.75392537991618,12711154739,2026-09-25 04:58:19.176040,25/09/26,4:58:19
19911,0.18,19.911,180.80458038270302,12711174650,2026-09-25 04:58:39.087040,25/09/26,4:58:39
19751,0.18,19.751,182.26925218976254,12711194401,2026-09-25 04:58:58.838040,25/09/26,4:58:58
19827,0.18,19.827,181.57058556513846,12711214228,2026-09-25 04:59:18.665040,25/09/26,4:59:18
19880,0.18,19.88,181.08651911468812,12711234108,2026-09-25 04:59:38.545040,25/09/26,4:59:38
20056,0.18,20.056,179.4974072596729,12711254164,2026-09-25 04:59:58.601040,25/09/26,4:59:58
20005,0.18,20.005,179.9550112471882,12711274169,2026-09-25 05:00:18.606040,25/09/26,5:0:18
20084,0.18,20.084,179.24716191993627,12711294253,2026-09-25 05:00:38.690040,25/09/26,5:0:38
20122,0.18,20.122,178.90865719113407,12711314375,2026-09-25 05:00:58.812040,25/09/26,5:0:58
20249,0.18,20.249,177.78655736085733,12711334624,2026-09-25 05:01:19.061040,25/09/26,5:1:19
20473,0.17,20.473,175.84135202461778,12711355097,2026-09-25 05:01:39.534040,25/09/26,5:1:39
20710,0.17,20.71,173.82906808305165,12711375807,2026-09-25 05:02:00.244040,25/09/26,5:2:0
20862,0.17,20.862,172.5625539257981,12711396669,2026-09-25 05:02:21.106040,25/09/26,5:2:21
20839,0.17,20.839,172.75301118095877,12711417508,2026-09-25 05:02:41.945040,25/09/26,5:2:41
20947,0.17,20.947,171.86231918651836,12711438455,2026-09-25 05:03:02.892040,25/09/26,5:3:2
20968,0.17,20.968,171.69019458222053,12711459423,2026-09-25 05:03:23.860040,25/09/26,5:3:23
21006,0.17,21.006,171.3796058269066,12711480429,2026-09-25 05:03:44.866040,25/09/26,5:3:44
21104,0.17,21.104,170.58377558756635,12711501533,2026-09-25 05:04:05.970040,25/09/26,5:4:5
33234,0.11,33.234,108.32280194981044,12711534767,2026-09-25 05:04:39.204040,25/09/26,5:4:39
35402,0.1,35.402,101.68917010338399,12711570169,2026-09-25 05:05:14.606040,25/09/26,5:5:14
35256,0.1,35.256,102.11027910142954,12711605425,2026-09-25 05:05:49.862040,25/09/26,5:5:49
35361,0.1,35.361,101.80707559175363,12711640786,2026-09-25 05:06:25.223040,25/09/26,5:6:25
35304,0.1,35.304,101.97144799456153,12711676090,2026-09-25 05:07:00.527040,25/09/26,5:7:0
35311,0.1,35.311,101.95123332672539,12711711401,2026-09-25 05:07:35.838040,25/09/26,5:7:35
35778,0.1,35.778,100.6204930404159,12711747179,2026-09-25 05:08:11.616040,25/09/26,5:8:11
36310,0.1,36.31,99.14624070503993,12711783489,2026-09-25 05:08:47.926040,25/09/26,5:8:47
36380,0.1,36.38,98.95547003848269,12711819869,2026-09-25 05:09:24.306040,25/09/26,5:9:24
36346,0.1,36.346,99.04803829857481,12711856215,2026-09-25 05:10:00.652040,25/09/26,5:10:0
36443,0.1,36.443,98.78440304036441,12711892658,2026-09-25 05:10:37.095040,25/09/26,5:10:37
36440,0.1,36.44,98.79253567508233,12711929098,2026-09-25 05:11:13.535040,25/09/26,5:11:13
36368,0.1,36.368,98.98812142542894,12711965466,2026-09-25 05:11:49.903040,25/09/26,5:11:49
37326,0.1,37.326,96.44751647645073,12712002792,2026-09-25 05:12:27.229040,25/09/26,5:12:27
37451,0.1,37.451,96.12560412272036,12712040243,2026-09-25 05:13:04.680040,25/09/26,5:13:4
37191,0.1,37.191,96.79761232556264,12712077434,2026-09-25 05:13:41.871040,25/09/26,5:13:41
37435,0.1,37.435,96.16668892747428,12712114869,2026-09-25 05:14:19.306040,25/09/26,5:14:19
37156,0.1,37.156,96.88879319625363,12712152025,2026-09-25 05:14:56.462040,25/09/26,5:14:56
37324,0.1,37.324,96.45268459972137,12712189349,2026-09-25 05:15:33.786040,25/09/26,5:15:33
37315,0.1,37.315,96.47594801018357,12712226664,2026-09-25 05:16:11.101040,25/09/26,5:16:11
36872,0.1,36.872,97.63506183553916,12712263536,2026-09-25 05:16:47.973040,25/09/26,5:16:47
37232,0.1,37.232,96.69101847872797,12712300768,2026-09-25 05:17:25.205040,25/09/26,5:17:25
37355,0.1,37.355,96.37264087806184,12712338123,2026-09-25 05:18:02.560040,25/09/26,5:18:2
37321,0.1,37.321,96.46043782320945,12712375444,2026-09-25 05:18:39.881040,25/09/26,5:18:39
37417,0.1,37.417,96.21295133228212,12712412861,2026-09-25 05:19:17.298040,25/09/26,5:19:17
37026,0.1,37.026,97.22897423432183,12712449887,2026-09-25 05:19:54.324040,25/09/26,5:19:54
37390,0.1,37.39,96.28242845680663,12712487277,2026-09-25 05:20:31.714040,25/09/26,5:20:31
37266,0.1,37.266,96.60280148124295,12712524543,2026-09-25 05:21:08.980040,25/09/26,5:21:8
37060,0.1,37.06,97.13977334052888,12712561603,2026-09-25 05:21:46.040040,25/09/26,5:21:46
37434,0.1,37.434,96.16925789389325,12712599037,2026-09-25 05:22:23.474040,25/09/26,5:22:23
37177,0.1,37.177,96.83406407187239,12712636214,2026-09-25 05:23:00.651040,25/09/26,5:23:0
37372,0.1,37.372,96.32880231189125,12712673586,2026-09-25 05:23:38.023040,25/09/26,5:23:38
37472,0.1,37.472,96.07173356105892,12712711058,2026-09-25 05:24:15.495040,25/09/26,5:24:15
36912,0.1,36.912,97.52925877763329,12712747970,2026-09-25 05:24:52.407040,25/09/26,5:24:52
36465,0.1,36.465,98.72480460715755,12712784435,2026-09-25 05:25:28.872040,25/09/26,5:25:28
36709,0.1,36.709,98.06859353292108,12712821144,2026-09-25 05:26:05.581040,25/09/26,5:26:5
35115,0.1,35.115,102.52029047415634,12712856259,2026-09-25 05:26:40.696040,25/09/26,5:26:40
35446,0.1,35.446,101.56294081137504,12712891705,2026-09-25 05:27:16.142040,25/09/26,5:27:16
35399,0.1,35.399,101.69778807310941,12712927104,2026-09-25 05:27:51.541040,25/09/26,5:27:51
35577,0.1,35.577,101.18897040222616,12712962681,2026-09-25 05:28:27.118040,25/09/26,5:28:27
35559,0.1,35.559,101.24019235636548,12712998240,2026-09-25 05:29:02.677040,25/09/26,5:29:2
35467,0.1,35.467,101.50280542476105,12713033707,2026-09-25 05:29:38.144040,25/09/26,5:29:38
35665,0.1,35.665,100.93929622879574,12713069372,2026-09-25 05:30:13.809040,25/09/26,5:30:13
35509,0.1,35.509,101.38274803570926,12713104881,2026-09-25 05:30:49.318040,25/09/26,5:30:49
35336,0.1,35.336,101.87910346388952,12713140217,2026-09-25 05:31:24.654040,25/09/26,5:31:24
35401,0.1,35.401,101.69204259766673,12713175618,2026-09-25 05:32:00.055040,25/09/26,5:32:0
35572,0.1,35.572,101.20319352299562,12713211190,2026-09-25 05:32:35.627040,25/09/26,5:32:35
35438,0.1,35.438,101.5858682769908,12713246628,2026-09-25 05:33:11.065040,25/09/26,5:33:11
36191,0.1,36.191,99.47224448067199,12713282819,2026-09-25 05:33:47.256040,25/09/26,5:33:47
36296,0.1,36.296,99.18448313863787,12713319115,2026-09-25 05:34:23.552040,25/09/26,5:34:23
36084,0.1,36.084,99.76720984369804,12713355199,2026-09-25 05:34:59.636040,25/09/26,5:34:59
36096,0.1,36.096,99.73404255319149,12713391295,2026-09-25 05:35:35.732040,25/09/26,5:35:35
36204,0.1,36.204,99.43652635067949,12713427499,2026-09-25 05:36:11.936040,25/09/26,5:36:11
35817,0.1,35.817,100.5109305636988,12713463316,2026-09-25 05:36:47.753040,25/09/26,5:36:47
36269,0.1,36.269,99.25831977722022,12713499585,2026-09-25 05:37:24.022040,25/09/26,5:37:24
36266,0.1,36.266,99.26653063475432,12713535851,2026-09-25 05:38:00.288040,25/09/26,5:38:0
36218,0.1,36.218,99.3980893478381,12713572069,2026-09-25 05:38:36.506040,25/09/26,5:38:36
36365,0.1,36.365,98.99628763921353,12713608434,2026-09-25 05:39:12.871040,25/09/26,5:39:12
36237,0.1,36.237,99.34597234870436,12713644671,2026-09-25 05:39:49.108040,25/09/26,5:39:49
34670,0.1,34.67,103.83616959907701,12713679341,2026-09-25 05:40:23.778040,25/09/26,5:40:23
17719,0.2,17.719,203.1717365539816,12713697060,2026-09-25 05:40:41.497040,25/09/26,5:40:41
19933,0.18,19.933,180.6050268399137,12713716993,2026-09-25 05:41:01.430040,25/09/26,5:41:1
19865,0.18,19.865,181.22325698464635,12713736858,2026-09-25 05:41:21.295040,25/09/26,5:41:21
19757,0.18,19.757,182.21389887128612,12713756615,2026-09-25 05:41:41.052040,25/09/26,5:41:41
20179,0.18,20.179,178.40329054958124,12713776794,2026-09-25 05:42:01.231040,25/09/26,5:42:1
20442,0.18,20.442,176.10801291458762,12713797236,2026-09-25 05:42:21.673040,25/09/26,5:42:21
20666,0.17,20.666,174.19916771508758,12713817902,2026-09-25 05:42:42.339040,25/09/26,5:42:42
20837,0.17,20.837,172.7695925517109,12713838739,2026-09-25 05:43:03.176040,25/09/26,5:43:3
20954,0.17,20.954,171.80490598453756,12713859693,2026-09-25 05:43:24.130040,25/09/26,5:43:24
21053,0.17,21.053,170.99700755236785,12713880746,2026-09-25 05:43:45.183040,25/09/26,5:43:45
21197,0.17,21.197,169.83535405953674,12713901943,2026-09-25 05:44:06.380040,25/09/26,5:44:6
21165,0.17,21.165,170.0921332388377,12713923108,2026-09-25 05:44:27.545040,25/09/26,5:44:27
21235,0.17,21.235,169.53143395337887,12713944343,2026-09-25 05:44:48.780040,25/09/26,5:44:48
21355,0.17,21.355,168.57878716928118,12713965698,2026-09-25 05:45:10.135040,25/09/26,5:45:10
21397,0.17,21.397,168.24788521755386,12713987095,2026-09-25 05:45:31.532040,25/09/26,5:45:31
21508,0.17,21.508,167.37957969127766,12714008603,2026-09-25 05:45:53.040040,25/09/26,5:45:53
21533,0.17,21.533,167.18525054567408,12714030136,2026-09-25 05:46:14.573040,25/09/26,5:46:14
20781,0.17,20.781,173.235166738848,12714050917,2026-09-25 05:46:35.354040,25/09/26,5:46:35
20967,0.17,20.967,171.69838317355845,12714071884,2026-09-25 05:46:56.321040,25/09/26,5:46:56
20501,0.17,20.501,175.6011901858446,12714092385,2026-09-25 05:47:16.822040,25/09/26,5:47:16
20651,0.17,20.651,174.32569851338917,12714113036,2026-09-25 05:47:37.473040,25/09/26,5:47:37
20525,0.17,20.525,175.3958587088916,12714133561,2026-09-25 05:47:57.998040,25/09/26,5:47:57
31901,0.11,31.901,112.84912698661483,12714165462,2026-09-25 05:48:29.899040,25/09/26,5:48:29
34472,0.1,34.472,104.43258296588536,12714199934,2026-09-25 05:49:04.371040,25/09/26,5:49:4
34110,0.1,34.11,105.54089709762533,12714234044,2026-09-25 05:49:38.481040,25/09/26,5:49:38
34517,0.1,34.517,104.2964336413941,12714268561,2026-09-25 05:50:12.998040,25/09/26,5:50:12
33973,0.1,33.973,105.96650281105583,12714302534,2026-09-25 05:50:46.971040,25/09/26,5:50:46
33182,0.11,33.182,108.49255620517148,12714335716,2026-09-25 05:51:20.153040,25/09/26,5:51:20
33555,0.11,33.555,107.28654447921323,12714369271,2026-09-25 05:51:53.708040,25/09/26,5:51:53
33978,0.1,33.978,105.95090941197245,12714403249,2026-09-25 05:52:27.686040,25/09/26,5:52:27
33805,0.11,33.805,106.49312231918356,12714437054,2026-09-25 05:53:01.491040,25/09/26,5:53:1
32774,0.11,32.774,109.84316836516751,12714469828,2026-09-25 05:53:34.265040,25/09/26,5:53:34
32874,0.11,32.874,109.50903449534587,12714502702,2026-09-25 05:54:07.139040,25/09/26,5:54:7
32734,0.11,32.734,109.9773935357732,12714535436,2026-09-25 05:54:39.873040,25/09/26,5:54:39
33126,0.11,33.126,108.67596449918493,12714568562,2026-09-25 05:55:12.999040,25/09/26,5:55:12
33054,0.11,33.054,108.91268832819023,12714601616,2026-09-25 05:55:46.053040,25/09/26,5:55:46
32999,0.11,32.999,109.0942149762114,12714634615,2026-09-25 05:56:19.052040,25/09/26,5:56:19
33308,0.11,33.308,108.08214242824546,12714667923,2026-09-25 05:56:52.360040,25/09/26,5:56:52
33463,0.11,33.463,107.58150793413621,12714701386,2026-09-25 05:57:25.823040,25/09/26,5:57:25
33243,0.11,33.243,108.29347531811209,12714734629,2026-09-25 05:57:59.066040,25/09/26,5:57:59
34047,0.1,34.047,105.73618821041501,12714768676,2026-09-25 05:58:33.113040,25/09/26,5:58:33
34852,0.1,34.852,103.29392861241823,12714803528,2026-09-25 05:59:07.965040,25/09/26,5:59:7
36715,0.1,36.715,98.05256707067956,12714840243,2026-09-25 05:59:44.680040,25/09/26,5:59:44
37255,0.1,37.255,96.6313246544088,12714877498,2026-09-25 06:00:21.935040,25/09/26,6:0:21
37669,0.09,37.669,95.56930101675117,12714915167,2026-09-25 06:00:59.604040,25/09/26,6:0:59
36175,0.1,36.175,99.51624049758121,12714951342,2026-09-25 06:01:35.779040,25/09/26,6:1:35
36849,0.1,36.849,97.69600260522674,12714988191,2026-09-25 06:02:12.628040,25/09/26,6:2:12
35950,0.1,35.95,100.13908205841446,12715024141,2026-09-25 06:02:48.578040,25/09/26,6:2:48
36080,0.1,36.08,99.77827050997783,12715060221,2026-09-25 06:03:24.658040,25/09/26,6:3:24
35617,0.1,35.617,101.0753291967319,12715095838,2026-09-25 06:04:00.275040,25/09/26,6:4:0
35391,0.1,35.391,101.72077646859371,12715131229,2026-09-25 06:04:35.666040,25/09/26,6:4:35
35826,0.1,35.826,100.48568079048735,12715167055,2026-09-25 06:05:11.492040,25/09/26,6:5:11
35050,0.1,35.05,102.71041369472182,12715202105,2026-09-25 06:05:46.542040,25/09/26,6:5:46
35510,0.1,35.51,101.37989298789074,12715237615,2026-09-25 06:06:22.052040,25/09/26,6:6:22
35682,0.1,35.682,100.89120564990752,12715273297,2026-09-25 06:06:57.734040,25/09/26,6:6:57
35788,0.1,35.788,100.5923773331843,12715309085,2026-09-25 06:07:33.522040,25/09/26,6:7:33
35128,0.1,35.128,102.48235026189934,12715344213,2026-09-25 06:08:08.650040,25/09/26,6:8:8
34387,0.1,34.387,104.69072614650885,12715378600,2026-09-25 06:08:43.037040,25/09/26,6:8:43
34470,0.1,34.47,104.43864229765013,12715413070,2026-09-25 06:09:17.507040,25/09/26,6:9:17
35083,0.1,35.083,102.61380155630933,12715448153,2026-09-25 06:09:52.590040,25/09/26,6:9:52
34864,0.1,34.864,103.25837540156034,12715483017,2026-09-25 06:10:27.454040,25/09/26,6:10:27
34896,0.1,34.896,103.1636863823934,12715517913,2026-09-25 06:11:02.350040,25/09/26,6:11:2
34632,0.1,34.632,103.95010395010395,12715552545,2026-09-25 06:11:36.982040,25/09/26,6:11:36
35560,0.1,35.56,101.23734533183352,12715588105,2026-09-25 06:12:12.542040,25/09/26,6:12:12
35669,0.1,35.669,100.92797667442316,12715623774,2026-09-25 06:12:48.211040,25/09/26,6:12:48
35724,0.1,35.724,100.77258985555929,12715659498,2026-09-25 06:13:23.935040,25/09/26,6:13:23
35630,0.1,35.63,101.03845074375526,12715695128,2026-09-25 06:13:59.565040,25/09/26,6:13:59
35428,0.1,35.428,101.614542170035,12715730556,2026-09-25 06:14:34.993040,25/09/26,6:14:34
35184,0.1,35.184,102.31923601637108,12715765740,2026-09-25 06:15:10.177040,25/09/26,6:15:10
34748,0.1,34.748,103.6030850696443,12715800488,2026-09-25 06:15:44.925040,25/09/26,6:15:44
34648,0.1,34.648,103.90210113137843,12715835136,2026-09-25 06:16:19.573040,25/09/26,6:16:19
34560,0.1,34.56,104.16666666666667,12715869696,2026-09-25 06:16:54.133040,25/09/26,6:16:54
34665,0.1,34.665,103.8511466897447,12715904361,2026-09-25 06:17:28.798040,25/09/26,6:17:28
34156,0.1,34.156,105.39875863684273,12715938517,2026-09-25 06:18:02.954040,25/09/26,6:18:2
34513,0.1,34.513,104.30852142670878,12715973030,2026-09-25 06:18:37.467040,25/09/26,6:18:37
34575,0.1,34.575,104.12147505422993,12716007605,2026-09-25 06:19:12.042040,25/09/26,6:19:12
35147,0.1,35.147,102.42694966853502,12716042752,2026-09-25 06:19:47.189040,25/09/26,6:19:47
35396,0.1,35.396,101.70640750367274,12716078148,2026-09-25 06:20:22.585040,25/09/26,6:20:22
35561,0.1,35.561,101.23449846742217,12716113709,2026-09-25 06:20:58.146040,25/09/26,6:20:58
35932,0.1,35.932,100.18924635422465,12716149641,2026-09-25 06:21:34.078040,25/09/26,6:21:34
35401,0.1,35.401,101.69204259766673,12716185042,2026-09-25 06:22:09.479040,25/09/26,6:22:9
34860,0.1,34.86,103.27022375215147,12716219902,2026-09-25 06:22:44.339040,25/09/26,6:22:44
35194,0.1,35.194,102.29016309598227,12716255096,2026-09-25 06:23:19.533040,25/09/26,6:23:19
36072,0.1,36.072,99.8003992015968,12716291168,2026-09-25 06:23:55.605040,25/09/26,6:23:55
36210,0.1,36.21,99.42004971002486,12716327378,2026-09-25 06:24:31.815040,25/09/26,6:24:31
22375,0.16,22.375,160.89385474860336,12716349753,2026-09-25 06:24:54.190040,25/09/26,6:24:54
19843,0.18,19.843,181.42417981152045,12716369596,2026-09-25 06:25:14.033040,25/09/26,6:25:14
19734,0.18,19.734,182.42626938279113,12716389330,2026-09-25 06:25:33.767040,25/09/26,6:25:33
19829,0.18,19.829,181.5522719249584,12716409159,2026-09-25 06:25:53.596040,25/09/26,6:25:53
19869,0.18,19.869,181.18677336554433,12716429028,2026-09-25 06:26:13.465040,25/09/26,6:26:13
20042,0.18,20.042,179.6227921365133,12716449070,2026-09-25 06:26:33.507040,25/09/26,6:26:33
20223,0.18,20.223,178.01513128615932,12716469293,2026-09-25 06:26:53.730040,25/09/26,6:26:53
20124,0.18,20.124,178.89087656529517,12716489417,2026-09-25 06:27:13.854040,25/09/26,6:27:13
20233,0.18,20.233,177.9271487174418,12716509650,2026-09-25 06:27:34.087040,25/09/26,6:27:34
19762,0.18,19.762,182.16779678170226,12716529412,2026-09-25 06:27:53.849040,25/09/26,6:27:53
19818,0.18,19.818,181.65304268846504,12716549230,2026-09-25 06:28:13.667040,25/09/26,6:28:13
20148,0.18,20.148,178.6777843954735,12716569378,2026-09-25 06:28:33.815040,25/09/26,6:28:33
19927,0.18,19.927,180.65940683494756,12716589305,2026-09-25 06:28:53.742040,25/09/26,6:28:53
20090,0.18,20.09,179.1936286709806,12716609395,2026-09-25 06:29:13.832040,25/09/26,6:29:13
20131,0.18,20.131,178.82867219710894,12716629526,2026-09-25 06:29:33.963040,25/09/26,6:29:33
20501,0.17,20.501,175.6011901858446,12716650027,2026-09-25 06:29:54.464040,25/09/26,6:29:54
20455,0.17,20.455,175.99608897580055,12716670482,2026-09-25 06:30:14.919040,25/09/26,6:30:14
20591,0.17,20.591,174.83366519353115,12716691073,2026-09-25 06:30:35.510040,25/09/26,6:30:35
20685,0.17,20.685,174.0391588107324,12716711758,2026-09-25 06:30:56.195040,25/09/26,6:30:56
20651,0.17,20.651,174.32569851338917,12716732409,2026-09-25 06:31:16.846040,25/09/26,6:31:16
20644,0.17,20.644,174.38480914551442,12716753053,2026-09-25 06:31:37.490040,25/09/26,6:31:37
20736,0.17,20.736,173.61111111111111,12716773789,2026-09-25 06:31:58.226040,25/09/26,6:31:58
20843,0.17,20.843,172.71985798589455,12716794632,2026-09-25 06:32:19.069040,25/09/26,6:32:19
33258,0.11,33.258,108.24463287028685,12716827890,2026-09-25 06:32:52.327040,25/09/26,6:32:52
34871,0.1,34.871,103.23764732872587,12716862761,2026-09-25 06:33:27.198040,25/09/26,6:33:27
34880,0.1,34.88,103.21100917431193,12716897641,2026-09-25 06:34:02.078040,25/09/26,6:34:2
34986,0.1,34.986,102.89830217801406,12716932627,2026-09-25 06:34:37.064040,25/09/26,6:34:37
34972,0.1,34.972,102.93949445270502,12716967599,2026-09-25 06:35:12.036040,25/09/26,6:35:12
34217,0.1,34.217,105.21086009878131,12717001816,2026-09-25 06:35:46.253040,25/09/26,6:35:46
34122,0.1,34.122,105.50378055213645,12717035938,2026-09-25 06:36:20.375040,25/09/26,6:36:20
34038,0.1,34.038,105.76414595452141,12717069976,2026-09-25 06:36:54.413040,25/09/26,6:36:54
33974,0.1,33.974,105.96338376405487,12717103950,2026-09-25 06:37:28.387040,25/09/26,6:37:28
33482,0.11,33.482,107.52045875395736,12717137432,2026-09-25 06:38:01.869040,25/09/26,6:38:1
33650,0.11,33.65,106.98365527488856,12717171082,2026-09-25 06:38:35.519040,25/09/26,6:38:35
33612,0.11,33.612,107.10460549803642,12717204694,2026-09-25 06:39:09.131040,25/09/26,6:39:9
33358,0.11,33.358,107.92013909706817,12717238052,2026-09-25 06:39:42.489040,25/09/26,6:39:42
35272,0.1,35.272,102.06396008165117,12717273324,2026-09-25 06:40:17.761040,25/09/26,6:40:17
35817,0.1,35.817,100.5109305636988,12717309141,2026-09-25 06:40:53.578040,25/09/26,6:40:53
35879,0.1,35.879,100.3372446277767,12717345020,2026-09-25 06:41:29.457040,25/09/26,6:41:29
36570,0.1,36.57,98.44134536505332,12717381590,2026-09-25 06:42:06.027040,25/09/26,6:42:6
37196,0.1,37.196,96.78460049467685,12717418786,2026-09-25 06:42:43.223040,25/09/26,6:42:43
37318,0.1,37.318,96.4681922932633,12717456104,2026-09-25 06:43:20.541040,25/09/26,6:43:20
37510,0.09,37.51,95.97440682484671,12717493614,2026-09-25 06:43:58.051040,25/09/26,6:43:58
37379,0.1,37.379,96.31076272773483,12717530993,2026-09-25 06:44:35.430040,25/09/26,6:44:35
37175,0.1,37.175,96.83927370544721,12717568168,2026-09-25 06:45:12.605040,25/09/26,6:45:12
36609,0.1,36.609,98.33647463738426,12717604777,2026-09-25 06:45:49.214040,25/09/26,6:45:49
36792,0.1,36.792,97.84735812133073,12717641569,2026-09-25 06:46:26.006040,25/09/26,6:46:26
37483,0.1,37.483,96.04353973801457,12717679052,2026-09-25 06:47:03.489040,25/09/26,6:47:3
37398,0.1,37.398,96.26183218353923,12717716450,2026-09-25 06:47:40.887040,25/09/26,6:47:40
37462,0.1,37.462,96.09737867705942,12717753912,2026-09-25 06:48:18.349040,25/09/26,6:48:18
37368,0.1,37.368,96.33911368015414,12717791280,2026-09-25 06:48:55.717040,25/09/26,6:48:55
37367,0.1,37.367,96.34169186715552,12717828647,2026-09-25 06:49:33.084040,25/09/26,6:49:33
37564,0.09,37.564,95.83643914386114,12717866211,2026-09-25 06:50:10.648040,25/09/26,6:50:10
37499,0.1,37.499,96.0025600682685,12717903710,2026-09-25 06:50:48.147040,25/09/26,6:50:48
37407,0.1,37.407,96.2386719063277,12717941117,2026-09-25 06:51:25.554040,25/09/26,6:51:25
37511,0.09,37.511,95.97184825784437,12717978628,2026-09-25 06:52:03.065040,25/09/26,6:52:3
37604,0.09,37.604,95.73449633017763,12718016232,2026-09-25 06:52:40.669040,25/09/26,6:52:40
37641,0.09,37.641,95.64039212560772,12718053873,2026-09-25 06:53:18.310040,25/09/26,6:53:18
37668,0.09,37.668,95.57183816502071,12718091541,2026-09-25 06:53:55.978040,25/09/26,6:53:55
36995,0.1,36.995,97.31044735775104,12718128536,2026-09-25 06:54:32.973040,25/09/26,6:54:32
35948,0.1,35.948,100.14465338822744,12718164484,2026-09-25 06:55:08.921040,25/09/26,6:55:8
35346,0.1,35.346,101.85028008827024,12718199830,2026-09-25 06:55:44.267040,25/09/26,6:55:44
35506,0.1,35.506,101.39131414408833,12718235336,2026-09-25 06:56:19.773040,25/09/26,6:56:19
35771,0.1,35.771,100.64018338877862,12718271107,2026-09-25 06:56:55.544040,25/09/26,6:56:55
35899,0.1,35.899,100.28134488425862,12718307006,2026-09-25 06:57:31.443040,25/09/26,6:57:31
35901,0.1,35.901,100.27575833542241,12718342907,2026-09-25 06:58:07.344040,25/09/26,6:58:7
35803,0.1,35.803,100.55023322067983,12718378710,2026-09-25 06:58:43.147040,25/09/26,6:58:43
35654,0.1,35.654,100.97043809951198,12718414364,2026-09-25 06:59:18.801040,25/09/26,6:59:18
35940,0.1,35.94,100.1669449081803,12718450304,2026-09-25 06:59:54.741040,25/09/26,6:59:54
35867,0.1,35.867,100.37081439763571,12718486171,2026-09-25 07:00:30.608040,25/09/26,7:0:30
35821,0.1,35.821,100.49970687585494,12718521992,2026-09-25 07:01:06.429040,25/09/26,7:1:6
35634,0.1,35.634,101.02710894089914,12718557626,2026-09-25 07:01:42.063040,25/09/26,7:1:42
36015,0.1,36.015,99.95835068721367,12718593641,2026-09-25 07:02:18.078040,25/09/26,7:2:18
36006,0.1,36.006,99.98333611064822,12718629647,2026-09-25 07:02:54.084040,25/09/26,7:2:54
36077,0.1,36.077,99.7865676192588,12718665724,2026-09-25 07:03:30.161040,25/09/26,7:3:30
35943,0.1,35.943,100.15858442534012,12718701667,2026-09-25 07:04:06.104040,25/09/26,7:4:6
35950,0.1,35.95,100.13908205841446,12718737617,2026-09-25 07:04:42.054040,25/09/26,7:4:42
36026,0.1,36.026,99.92782990062733,12718773643,2026-09-25 07:05:18.080040,25/09/26,7:5:18
36011,0.1,36.011,99.96945377801228,12718809654,2026-09-25 07:05:54.091040,25/09/26,7:5:54
36273,0.1,36.273,99.24737407989413,12718845927,2026-09-25 07:06:30.364040,25/09/26,7:6:30
36956,0.1,36.956,97.41313995021106,12718882883,2026-09-25 07:07:07.320040,25/09/26,7:7:7
36848,0.1,36.848,97.69865392965697,12718919731,2026-09-25 07:07:44.168040,25/09/26,7:7:44
36704,0.1,36.704,98.0819529206626,12718956435,2026-09-25 07:08:20.872040,25/09/26,7:8:20
36929,0.1,36.929,97.4843618836145,12718993364,2026-09-25 07:08:57.801040,25/09/26,7:8:57
19562,0.18,19.562,184.0302627543196,12719012926,2026-09-25 07:09:17.363040,25/09/26,7:9:17
20062,0.18,20.062,179.443724454192,12719032988,2026-09-25 07:09:37.425040,25/09/26,7:9:37
20101,0.18,20.101,179.09556738470724,12719053089,2026-09-25 07:09:57.526040,25/09/26,7:9:57
20213,0.18,20.213,178.10320091030525,12719073302,2026-09-25 07:10:17.739040,25/09/26,7:10:17
20315,0.18,20.315,177.20895889736647,12719093617,2026-09-25 07:10:38.054040,25/09/26,7:10:38
20264,0.18,20.264,177.65495459928937,12719113881,2026-09-25 07:10:58.318040,25/09/26,7:10:58
19617,0.18,19.617,183.51429882244992,12719133498,2026-09-25 07:11:17.935040,25/09/26,7:11:17
20374,0.18,20.374,176.6957887503681,12719153872,2026-09-25 07:11:38.309040,25/09/26,7:11:38
20992,0.17,20.992,171.4939024390244,12719174864,2026-09-25 07:11:59.301040,25/09/26,7:11:59
21140,0.17,21.14,170.29328287606432,12719196004,2026-09-25 07:12:20.441040,25/09/26,7:12:20
21243,0.17,21.243,169.46758932354186,12719217247,2026-09-25 07:12:41.684040,25/09/26,7:12:41
21246,0.17,21.246,169.44365998305562,12719238493,2026-09-25 07:13:02.930040,25/09/26,7:13:2
21337,0.17,21.337,168.72100107793972,12719259830,2026-09-25 07:13:24.267040,25/09/26,7:13:24
21481,0.17,21.481,167.58996322331362,12719281311,2026-09-25 07:13:45.748040,25/09/26,7:13:45
21508,0.17,21.508,167.37957969127766,12719302819,2026-09-25 07:14:07.256040,25/09/26,7:14:7
21614,0.17,21.614,166.55871194596097,12719324433,2026-09-25 07:14:28.870040,25/09/26,7:14:28
21707,0.17,21.707,165.84511908600913,12719346140,2026-09-25 07:14:50.577040,25/09/26,7:14:50
21679,0.17,21.679,166.05932007933944,12719367819,2026-09-25 07:15:12.256040,25/09/26,7:15:12
21838,0.16,21.838,164.85026101291328,12719389657,2026-09-25 07:15:34.094040,25/09/26,7:15:34
21899,0.16,21.899,164.3910680853007,12719411556,2026-09-25 07:15:55.993040,25/09/26,7:15:55
21962,0.16,21.962,163.91949731354157,12719433518,2026-09-25 07:16:17.955040,25/09/26,7:16:17
22156,0.16,22.156,162.48420292471565,12719455674,2026-09-25 07:16:40.111040,25/09/26,7:16:40
37785,0.09,37.785,95.27590313616514,12719493459,2026-09-25 07:17:17.896040,25/09/26,7:17:17
37876,0.09,37.876,95.04699545886577,12719531335,2026-09-25 07:17:55.772040,25/09/26,7:17:55
37718,0.09,37.718,95.44514555384697,12719569053,2026-09-25 07:18:33.490040,25/09/26,7:18:33
37786,0.09,37.786,95.27338167575293,12719606839,2026-09-25 07:19:11.276040,25/09/26,7:19:11
37826,0.09,37.826,95.17263258076456,12719644665,2026-09-25 07:19:49.102040,25/09/26,7:19:49
37788,0.09,37.788,95.26833915528739,12719682453,2026-09-25 07:20:26.890040,25/09/26,7:20:26
37931,0.09,37.931,94.90917719016109,12719720384,2026-09-25 07:21:04.821040,25/09/26,7:21:4
37507,0.09,37.507,95.98208334444237,12719757891,2026-09-25 07:21:42.328040,25/09/26,7:21:42
37772,0.09,37.772,95.3086942708885,12719795663,2026-09-25 07:22:20.100040,25/09/26,7:22:20
37825,0.09,37.825,95.17514871116987,12719833488,2026-09-25 07:22:57.925040,25/09/26,7:22:57
37809,0.09,37.809,95.21542489883362,12719871297,2026-09-25 07:23:35.734040,25/09/26,7:23:35
37840,0.09,37.84,95.13742071881607,12719909137,2026-09-25 07:24:13.574040,25/09/26,7:24:13
37759,0.09,37.759,95.34150798485129,12719946896,2026-09-25 07:24:51.333040,25/09/26,7:24:51
36460,0.1,36.46,98.73834339001645,12719983356,2026-09-25 07:25:27.793040,25/09/26,7:25:27
36003,0.1,36.003,99.99166736105325,12720019359,2026-09-25 07:26:03.796040,25/09/26,7:26:3
36277,0.1,36.277,99.23643079637236,12720055636,2026-09-25 07:26:40.073040,25/09/26,7:26:40
36218,0.1,36.218,99.3980893478381,12720091854,2026-09-25 07:27:16.291040,25/09/26,7:27:16
36473,0.1,36.473,98.70315027554629,12720128327,2026-09-25 07:27:52.764040,25/09/26,7:27:52
36311,0.1,36.311,99.14351023105945,12720164638,2026-09-25 07:28:29.075040,25/09/26,7:28:29
36245,0.1,36.245,99.3240446958201,12720200883,2026-09-25 07:29:05.320040,25/09/26,7:29:5
35059,0.1,35.059,102.68404689238142,12720235942,2026-09-25 07:29:40.379040,25/09/26,7:29:40
34855,0.1,34.855,103.28503801463205,12720270797,2026-09-25 07:30:15.234040,25/09/26,7:30:15
34277,0.1,34.277,105.02669428479739,12720305074,2026-09-25 07:30:49.511040,25/09/26,7:30:49
34533,0.1,34.533,104.24811050299714,12720339607,2026-09-25 07:31:24.044040,25/09/26,7:31:24
35447,0.1,35.447,101.56007560583406,12720375054,2026-09-25 07:31:59.491040,25/09/26,7:31:59
36288,0.1,36.288,99.2063492063492,12720411342,2026-09-25 07:32:35.779040,25/09/26,7:32:35
36296,0.1,36.296,99.18448313863787,12720447638,2026-09-25 07:33:12.075040,25/09/26,7:33:12
36817,0.1,36.817,97.78091642447782,12720484455,2026-09-25 07:33:48.892040,25/09/26,7:33:48
36988,0.1,36.988,97.32886341516168,12720521443,2026-09-25 07:34:25.880040,25/09/26,7:34:25
37184,0.1,37.184,96.815834767642,12720558627,2026-09-25 07:35:03.064040,25/09/26,7:35:3
37384,0.1,37.384,96.29788144660817,12720596011,2026-09-25 07:35:40.448040,25/09/26,7:35:40
37440,0.1,37.44,96.15384615384616,12720633451,2026-09-25 07:36:17.888040,25/09/26,7:36:17
37549,0.09,37.549,95.87472369437269,12720671000,2026-09-25 07:36:55.437040,25/09/26,7:36:55
38249,0.09,38.249,94.12010771523438,12720709249,2026-09-25 07:37:33.686040,25/09/26,7:37:33
38283,0.09,38.283,94.03651751430138,12720747532,2026-09-25 07:38:11.969040,25/09/26,7:38:11
38209,0.09,38.209,94.21863958753174,12720785741,2026-09-25 07:38:50.178040,25/09/26,7:38:50
38298,0.09,38.298,93.9996866677111,12720824039,2026-09-25 07:39:28.476040,25/09/26,7:39:28
38182,0.09,38.182,94.28526530826043,12720862221,2026-09-25 07:40:06.658040,25/09/26,7:40:6
38201,0.09,38.201,94.2383707232795,12720900422,2026-09-25 07:40:44.859040,25/09/26,7:40:44
38158,0.09,38.158,94.34456732533151,12720938580,2026-09-25 07:41:23.017040,25/09/26,7:41:23
38351,0.09,38.351,93.86978175275742,12720976931,2026-09-25 07:42:01.368040,25/09/26,7:42:1
38289,0.09,38.289,94.02178171276346,12721015220,2026-09-25 07:42:39.657040,25/09/26,7:42:39
38293,0.09,38.293,94.0119604105189,12721053513,2026-09-25 07:43:17.950040,25/09/26,7:43:17
38195,0.09,38.195,94.25317449928001,12721091708,2026-09-25 07:43:56.145040,25/09/26,7:43:56
38337,0.09,38.337,93.90406135065342,12721130045,2026-09-25 07:44:34.482040,25/09/26,7:44:34
38341,0.09,38.341,93.89426462533581,12721168386,2026-09-25 07:45:12.823040,25/09/26,7:45:12
38267,0.09,38.267,94.07583557634516,12721206653,2026-09-25 07:45:51.090040,25/09/26,7:45:51
38286,0.09,38.286,94.02914903620122,12721244939,2026-09-25 07:46:29.376040,25/09/26,7:46:29
38278,0.09,38.278,94.0488008777888,12721283217,2026-09-25 07:47:07.654040,25/09/26,7:47:7
38347,0.09,38.347,93.87957336949435,12721321564,2026-09-25 07:47:46.001040,25/09/26,7:47:46
38381,0.09,38.381,93.79640968187384,12721359945,2026-09-25 07:48:24.382040,25/09/26,7:48:24
38319,0.09,38.319,93.94817192515463,12721398264,2026-09-25 07:49:02.701040,25/09/26,7:49:2
38061,0.09,38.061,94.58500827618822,12721436325,2026-09-25 07:49:40.762040,25/09/26,7:49:40
38413,0.09,38.413,93.71827245984433,12721474738,2026-09-25 07:50:19.175040,25/09/26,7:50:19
38446,0.09,38.446,93.63782968319201,12721513184,2026-09-25 07:50:57.621040,25/09/26,7:50:57
38065,0.09,38.065,94.57506896098778,12721551249,2026-09-25 07:51:35.686040,25/09/26,7:51:35
38415,0.09,38.415,93.713393205779,12721589664,2026-09-25 07:52:14.101040,25/09/26,7:52:14
38479,0.09,38.479,93.5575248837028,12721628143,2026-09-25 07:52:52.580040,25/09/26,7:52:52
38358,0.09,38.358,93.85265133740027,12721666501,2026-09-25 07:53:30.938040,25/09/26,7:53:30
17677,0.2,17.677,203.65446625558636,12721684178,2026-09-25 07:53:48.615040,25/09/26,7:53:48
20551,0.17,20.551,175.17395747165588,12721704729,2026-09-25 07:54:09.166040,25/09/26,7:54:9
20550,0.17,20.55,175.1824817518248,12721725279,2026-09-25 07:54:29.716040,25/09/26,7:54:29
20689,0.17,20.689,174.00551017448885,12721745968,2026-09-25 07:54:50.405040,25/09/26,7:54:50
20830,0.17,20.83,172.8276524243879,12721766798,2026-09-25 07:55:11.235040,25/09/26,7:55:11
20945,0.17,20.945,171.8787300071616,12721787743,2026-09-25 07:55:32.180040,25/09/26,7:55:32
21140,0.17,21.14,170.29328287606432,12721808883,2026-09-25 07:55:53.320040,25/09/26,7:55:53
21303,0.17,21.303,168.99028305872412,12721830186,2026-09-25 07:56:14.623040,25/09/26,7:56:14
21403,0.17,21.403,168.2007195253002,12721851589,2026-09-25 07:56:36.026040,25/09/26,7:56:36
21428,0.17,21.428,168.00448011946986,12721873017,2026-09-25 07:56:57.454040,25/09/26,7:56:57
21481,0.17,21.481,167.58996322331362,12721894498,2026-09-25 07:57:18.935040,25/09/26,7:57:18
21630,0.17,21.63,166.4355062413315,12721916128,2026-09-25 07:57:40.565040,25/09/26,7:57:40
21711,0.17,21.711,165.81456404587536,12721937839,2026-09-25 07:58:02.276040,25/09/26,7:58:2
21788,0.17,21.788,165.22856618322012,12721959627,2026-09-25 07:58:24.064040,25/09/26,7:58:24
21874,0.16,21.874,164.5789521806711,12721981501,2026-09-25 07:58:45.938040,25/09/26,7:58:45
21952,0.16,21.952,163.9941690962099,12722003453,2026-09-25 07:59:07.890040,25/09/26,7:59:7
21978,0.16,21.978,163.8001638001638,12722025431,2026-09-25 07:59:29.868040,25/09/26,7:59:29
22166,0.16,22.166,162.4108995759271,12722047597,2026-09-25 07:59:52.034040,25/09/26,7:59:52
22175,0.16,22.175,162.34498308906427,12722069772,2026-09-25 08:00:14.209040,25/09/26,8:0:14
22130,0.16,22.13,162.67510167193853,12722091902,2026-09-25 08:00:36.339040,25/09/26,8:0:36
22246,0.16,22.246,161.82684527555514,12722114148,2026-09-25 08:00:58.585040,25/09/26,8:0:58
29662,0.12,29.662,121.3674061088261,12722143810,2026-09-25 08:01:28.247040,25/09/26,8:1:28
36449,0.1,36.449,98.76814178715466,12722180259,2026-09-25 08:02:04.696040,25/09/26,8:2:4
36561,0.1,36.561,98.46557807499795,12722216820,2026-09-25 08:02:41.257040,25/09/26,8:2:41
36384,0.1,36.384,98.94459102902374,12722253204,2026-09-25 08:03:17.641040,25/09/26,8:3:17
36320,0.1,36.32,99.11894273127753,12722289524,2026-09-25 08:03:53.961040,25/09/26,8:3:53
36211,0.1,36.211,99.41730413410289,12722325735,2026-09-25 08:04:30.172040,25/09/26,8:4:30
36175,0.1,36.175,99.51624049758121,12722361910,2026-09-25 08:05:06.347040,25/09/26,8:5:6
36047,0.1,36.047,99.86961466973673,12722397957,2026-09-25 08:05:42.394040,25/09/26,8:5:42
36116,0.1,36.116,99.67881271458633,12722434073,2026-09-25 08:06:18.510040,25/09/26,8:6:18
36072,0.1,36.072,99.8003992015968,12722470145,2026-09-25 08:06:54.582040,25/09/26,8:6:54
36385,0.1,36.385,98.94187165040539,12722506530,2026-09-25 08:07:30.967040,25/09/26,8:7:30
36439,0.1,36.439,98.7952468509015,12722542969,2026-09-25 08:08:07.406040,25/09/26,8:8:7
36462,0.1,36.462,98.73292743129834,12722579431,2026-09-25 08:08:43.868040,25/09/26,8:8:43
36360,0.1,36.36,99.00990099009901,12722615791,2026-09-25 08:09:20.228040,25/09/26,8:9:20
36447,0.1,36.447,98.77356161000905,12722652238,2026-09-25 08:09:56.675040,25/09/26,8:9:56
36560,0.1,36.56,98.46827133479212,12722688798,2026-09-25 08:10:33.235040,25/09/26,8:10:33
36513,0.1,36.513,98.59502095144195,12722725311,2026-09-25 08:11:09.748040,25/09/26,8:11:9
36424,0.1,36.424,98.83593235229519,12722761735,2026-09-25 08:11:46.172040,25/09/26,8:11:46
37128,0.1,37.128,96.96186166774402,12722798863,2026-09-25 08:12:23.300040,25/09/26,8:12:23
37312,0.1,37.312,96.483704974271,12722836175,2026-09-25 08:13:00.612040,25/09/26,8:13:0
38419,0.09,38.419,93.70363622166116,12722874594,2026-09-25 08:13:39.031040,25/09/26,8:13:39
38523,0.09,38.523,93.45066583599409,12722913117,2026-09-25 08:14:17.554040,25/09/26,8:14:17
38431,0.09,38.431,93.67437745569983,12722951548,2026-09-25 08:14:55.985040,25/09/26,8:14:55
38483,0.09,38.483,93.5478003274173,12722990031,2026-09-25 08:15:34.468040,25/09/26,8:15:34
38588,0.09,38.588,93.29325178812066,12723028619,2026-09-25 08:16:13.056040,25/09/26,8:16:13
38603,0.09,38.603,93.25700075123694,12723067222,2026-09-25 08:16:51.659040,25/09/26,8:16:51
38545,0.09,38.545,93.39732779867687,12723105767,2026-09-25 08:17:30.204040,25/09/26,8:17:30
38625,0.09,38.625,93.20388349514563,12723144392,2026-09-25 08:18:08.829040,25/09/26,8:18:8
38594,0.09,38.594,93.27874799191584,12723182986,2026-09-25 08:18:47.423040,25/09/26,8:18:47
38588,0.09,38.588,93.29325178812066,12723221574,2026-09-25 08:19:26.011040,25/09/26,8:19:26
38554,0.09,38.554,93.37552523732946,12723260128,2026-09-25 08:20:04.565040,25/09/26,8:20:4
38323,0.09,38.323,93.93836599431151,12723298451,2026-09-25 08:20:42.888040,25/09/26,8:20:42
38214,0.09,38.214,94.20631182289213,12723336665,2026-09-25 08:21:21.102040,25/09/26,8:21:21
38237,0.09,38.237,94.14964563119491,12723374902,2026-09-25 08:21:59.339040,25/09/26,8:21:59
38231,0.09,38.231,94.16442154272711,12723413133,2026-09-25 08:22:37.570040,25/09/26,8:22:37
38370,0.09,38.37,93.82329945269743,12723451503,2026-09-25 08:23:15.940040,25/09/26,8:23:15
38384,0.09,38.384,93.78907878282618,12723489887,2026-09-25 08:23:54.324040,25/09/26,8:23:54
36548,0.1,36.548,98.50060194812302,12723526435,2026-09-25 08:24:30.872040,25/09/26,8:24:30
37085,0.1,37.085,97.07428879600917,12723563520,2026-09-25 08:25:07.957040,25/09/26,8:25:7
37192,0.1,37.192,96.79500967950096,12723600712,2026-09-25 08:25:45.149040,25/09/26,8:25:45
36418,0.1,36.418,98.85221593717392,12723637130,2026-09-25 08:26:21.567040,25/09/26,8:26:21
36494,0.1,36.494,98.64635282512194,12723673624,2026-09-25 08:26:58.061040,25/09/26,8:26:58
36291,0.1,36.291,99.19814830123171,12723709915,2026-09-25 08:27:34.352040,25/09/26,8:27:34
36364,0.1,36.364,98.9990100098999,12723746279,2026-09-25 08:28:10.716040,25/09/26,8:28:10
36419,0.1,36.419,98.8495016337626,12723782698,2026-09-25 08:28:47.135040,25/09/26,8:28:47
36398,0.1,36.398,98.90653332600692,12723819096,2026-09-25 08:29:23.533040,25/09/26,8:29:23
36487,0.1,36.487,98.66527804423494,12723855583,2026-09-25 08:30:00.020040,25/09/26,8:30:0
36527,0.1,36.527,98.55723163687135,12723892110,2026-09-25 08:30:36.547040,25/09/26,8:30:36
36544,0.1,36.544,98.51138353765324,12723928654,2026-09-25 08:31:13.091040,25/09/26,8:31:13
36367,0.1,36.367,98.9908433469904,12723965021,2026-09-25 08:31:49.458040,25/09/26,8:31:49
36517,0.1,36.517,98.58422104773119,12724001538,2026-09-25 08:32:25.975040,25/09/26,8:32:25
36321,0.1,36.321,99.11621376063434,12724037859,2026-09-25 08:33:02.296040,25/09/26,8:33:2
36485,0.1,36.485,98.67068658352748,12724074344,2026-09-25 08:33:38.781040,25/09/26,8:33:38
37098,0.1,37.098,97.0402717127608,12724111442,2026-09-25 08:34:15.879040,25/09/26,8:34:15
37156,0.1,37.156,96.88879319625363,12724148598,2026-09-25 08:34:53.035040,25/09/26,8:34:53
37069,0.1,37.069,97.11618872912676,12724185667,2026-09-25 08:35:30.104040,25/09/26,8:35:30
37172,0.1,37.172,96.84708920692995,12724222839,2026-09-25 08:36:07.276040,25/09/26,8:36:7
37255,0.1,37.255,96.6313246544088,12724260094,2026-09-25 08:36:44.531040,25/09/26,8:36:44
37042,0.1,37.042,97.18697694508936,12724297136,2026-09-25 08:37:21.573040,25/09/26,8:37:21
37212,0.1,37.212,96.74298613350533,12724334348,2026-09-25 08:37:58.785040,25/09/26,8:37:58
20957,0.17,20.957,171.7803120675669,12724355305,2026-09-25 08:38:19.742040,25/09/26,8:38:19
20153,0.18,20.153,178.63345407631618,12724375458,2026-09-25 08:38:39.895040,25/09/26,8:38:39
20079,0.18,20.079,179.29179740026893,12724395537,2026-09-25 08:38:59.974040,25/09/26,8:38:59
20095,0.18,20.095,179.14904205026127,12724415632,2026-09-25 08:39:20.069040,25/09/26,8:39:20
20258,0.18,20.258,177.70757231710928,12724435890,2026-09-25 08:39:40.327040,25/09/26,8:39:40
20450,0.18,20.45,176.03911980440097,12724456340,2026-09-25 08:40:00.777040,25/09/26,8:40:0
20606,0.17,20.606,174.70639619528293,12724476946,2026-09-25 08:40:21.383040,25/09/26,8:40:21
20724,0.17,20.724,173.71163867979155,12724497670,2026-09-25 08:40:42.107040,25/09/26,8:40:42
20814,0.17,20.814,172.96050735082156,12724518484,2026-09-25 08:41:02.921040,25/09/26,8:41:2
20838,0.17,20.838,172.76130146847106,12724539322,2026-09-25 08:41:23.759040,25/09/26,8:41:23
21015,0.17,21.015,171.30620985010705,12724560337,2026-09-25 08:41:44.774040,25/09/26,8:41:44
20975,0.17,20.975,171.63289630512514,12724581312,2026-09-25 08:42:05.749040,25/09/26,8:42:5
21399,0.17,21.399,168.23216038132622,12724602711,2026-09-25 08:42:27.148040,25/09/26,8:42:27
21568,0.17,21.568,166.91394658753708,12724624279,2026-09-25 08:42:48.716040,25/09/26,8:42:48
21680,0.17,21.68,166.05166051660515,12724645959,2026-09-25 08:43:10.396040,25/09/26,8:43:10
21778,0.17,21.778,165.30443566902377,12724667737,2026-09-25 08:43:32.174040,25/09/26,8:43:32
21907,0.16,21.907,164.33103574200027,12724689644,2026-09-25 08:43:54.081040,25/09/26,8:43:54
21925,0.16,21.925,164.19612314709235,12724711569,2026-09-25 08:44:16.006040,25/09/26,8:44:16
21953,0.16,21.953,163.9866988566483,12724733522,2026-09-25 08:44:37.959040,25/09/26,8:44:37
22007,0.16,22.007,163.58431408188304,12724755529,2026-09-25 08:44:59.966040,25/09/26,8:44:59
22083,0.16,22.083,163.02132862382828,12724777612,2026-09-25 08:45:22.049040,25/09/26,8:45:22
25015,0.14,25.015,143.91365180891466,12724802627,2026-09-25 08:45:47.064040,25/09/26,8:45:47
38371,0.09,38.371,93.82085429100101,12724840998,2026-09-25 08:46:25.435040,25/09/26,8:46:25
38483,0.09,38.483,93.5478003274173,12724879481,2026-09-25 08:47:03.918040,25/09/26,8:47:3
38495,0.09,38.495,93.51863878425769,12724917976,2026-09-25 08:47:42.413040,25/09/26,8:47:42
38484,0.09,38.484,93.54536950420955,12724956460,2026-09-25 08:48:20.897040,25/09/26,8:48:20
38501,0.09,38.501,93.50406482948495,12724994961,2026-09-25 08:48:59.398040,25/09/26,8:48:59
38425,0.09,38.425,93.68900455432662,12725033386,2026-09-25 08:49:37.823040,25/09/26,8:49:37
38471,0.09,38.471,93.57698006290452,12725071857,2026-09-25 08:50:16.294040,25/09/26,8:50:16
38461,0.09,38.461,93.60131041834586,12725110318,2026-09-25 08:50:54.755040,25/09/26,8:50:54
38114,0.09,38.114,94.4534816602823,12725148432,2026-09-25 08:51:32.869040,25/09/26,8:51:32
38397,0.09,38.397,93.75732479099929,12725186829,2026-09-25 08:52:11.266040,25/09/26,8:52:11
38511,0.09,38.511,93.4797849964945,12725225340,2026-09-25 08:52:49.777040,25/09/26,8:52:49
38325,0.09,38.325,93.9334637964775,12725263665,2026-09-25 08:53:28.102040,25/09/26,8:53:28
38153,0.09,38.153,94.35693130291196,12725301818,2026-09-25 08:54:06.255040,25/09/26,8:54:6
38270,0.09,38.27,94.06846093545859,12725340088,2026-09-25 08:54:44.525040,25/09/26,8:54:44
38297,0.09,38.297,94.00214115988197,12725378385,2026-09-25 08:55:22.822040,25/09/26,8:55:22
38263,0.09,38.263,94.08567022972585,12725416648,2026-09-25 08:56:01.085040,25/09/26,8:56:1
38209,0.09,38.209,94.21863958753174,12725454857,2026-09-25 08:56:39.294040,25/09/26,8:56:39
38231,0.09,38.231,94.16442154272711,12725493088,2026-09-25 08:57:17.525040,25/09/26,8:57:17
38355,0.09,38.355,93.85999217833398,12725531443,2026-09-25 08:57:55.880040,25/09/26,8:57:55
38183,0.09,38.183,94.28279600869497,12725569626,2026-09-25 08:58:34.063040,25/09/26,8:58:34
38338,0.09,38.338,93.90161197767229,12725607964,2026-09-25 08:59:12.401040,25/09/26,8:59:12
38440,0.09,38.44,93.65244536940686,12725646404,2026-09-25 08:59:50.841040,25/09/26,8:59:50
38387,0.09,38.387,93.7817490296194,12725684791,2026-09-25 09:00:29.228040,25/09/26,9:0:29
37859,0.09,37.859,95.08967484613963,12725722650,2026-09-25 09:01:07.087040,25/09/26,9:1:7
36963,0.1,36.963,97.39469198928658,12725759613,2026-09-25 09:01:44.050040,25/09/26,9:1:44
37606,0.09,37.606,95.72940488219965,12725797219,2026-09-25 09:02:21.656040,25/09/26,9:2:21
37592,0.09,37.592,95.76505639497765,12725834811,2026-09-25 09:02:59.248040,25/09/26,9:2:59
37572,0.09,37.572,95.81603321622485,12725872383,2026-09-25 09:03:36.820040,25/09/26,9:3:36
37710,0.09,37.71,95.4653937947494,12725910093,2026-09-25 09:04:14.530040,25/09/26,9:4:14
37494,0.1,37.494,96.01536245799328,12725947587,2026-09-25 09:04:52.024040,25/09/26,9:4:52
37640,0.09,37.64,95.64293304994686,12725985227,2026-09-25 09:05:29.664040,25/09/26,9:5:29
37750,0.09,37.75,95.36423841059603,12726022977,2026-09-25 09:06:07.414040,25/09/26,9:6:7
37772,0.09,37.772,95.3086942708885,12726060749,2026-09-25 09:06:45.186040,25/09/26,9:6:45
38210,0.09,38.21,94.2161737764983,12726098959,2026-09-25 09:07:23.396040,25/09/26,9:7:23
39910,0.09,39.91,90.20295665246805,12726138869,2026-09-25 09:08:03.306040,25/09/26,9:8:3
40081,0.09,40.081,89.8181183104214,12726178950,2026-09-25 09:08:43.387040,25/09/26,9:8:43
39983,0.09,39.983,90.03826626316184,12726218933,2026-09-25 09:09:23.370040,25/09/26,9:9:23
40061,0.09,40.061,89.86295898754399,12726258994,2026-09-25 09:10:03.431040,25/09/26,9:10:3
39932,0.09,39.932,90.15326054292296,12726298926,2026-09-25 09:10:43.363040,25/09/26,9:10:43
39740,0.09,39.74,90.58882737795672,12726338666,2026-09-25 09:11:23.103040,25/09/26,9:11:23
40225,0.09,40.225,89.49658172778123,12726378891,2026-09-25 09:12:03.328040,25/09/26,9:12:3
41024,0.09,41.024,87.75351014040561,12726419915,2026-09-25 09:12:44.352040,25/09/26,9:12:44
40850,0.09,40.85,88.12729498164015,12726460765,2026-09-25 09:13:25.202040,25/09/26,9:13:25
40871,0.09,40.871,88.08201414205672,12726501636,2026-09-25 09:14:06.073040,25/09/26,9:14:6
40909,0.09,40.909,88.00019555599012,12726542545,2026-09-25 09:14:46.982040,25/09/26,9:14:46
41014,0.09,41.014,87.77490612961428,12726583559,2026-09-25 09:15:27.996040,25/09/26,9:15:27
41100,0.09,41.1,87.5912408759124,12726624659,2026-09-25 09:16:09.096040,25/09/26,9:16:9
40885,0.09,40.885,88.0518527577351,12726665544,2026-09-25 09:16:49.981040,25/09/26,9:16:49
40951,0.09,40.951,87.90994114917828,12726706495,2026-09-25 09:17:30.932040,25/09/26,9:17:30
40082,0.09,40.082,89.81587745122499,12726746577,2026-09-25 09:18:11.014040,25/09/26,9:18:11
38072,0.09,38.072,94.5576801849128,12726784649,2026-09-25 09:18:49.086040,25/09/26,9:18:49
37963,0.09,37.963,94.82917577641388,12726822612,2026-09-25 09:19:27.049040,25/09/26,9:19:27
37883,0.09,37.883,95.02943272708075,12726860495,2026-09-25 09:20:04.932040,25/09/26,9:20:4
37882,0.09,37.882,95.03194129137849,12726898377,2026-09-25 09:20:42.814040,25/09/26,9:20:42
37883,0.09,37.883,95.02943272708075,12726936260,2026-09-25 09:21:20.697040,25/09/26,9:21:20
37984,0.09,37.984,94.77674810446504,12726974244,2026-09-25 09:21:58.681040,25/09/26,9:21:58
27318,0.13,27.318,131.78124313639358,12727001562,2026-09-25 09:22:25.999040,25/09/26,9:22:25
20513,0.17,20.513,175.4984643884366,12727022075,2026-09-25 09:22:46.512040,25/09/26,9:22:46
20473,0.17,20.473,175.84135202461778,12727042548,2026-09-25 09:23:06.985040,25/09/26,9:23:6
19769,0.18,19.769,182.10329303454904,12727062317,2026-09-25 09:23:26.754040,25/09/26,9:23:26
20087,0.18,20.087,179.22039129785432,12727082404,2026-09-25 09:23:46.841040,25/09/26,9:23:46
20373,0.18,20.373,176.70446178766014,12727102777,2026-09-25 09:24:07.214040,25/09/26,9:24:7
20523,0.17,20.523,175.412951322906,12727123300,2026-09-25 09:24:27.737040,25/09/26,9:24:27
20587,0.17,20.587,174.86763491523777,12727143887,2026-09-25 09:24:48.324040,25/09/26,9:24:48
20678,0.17,20.678,174.09807524905696,12727164565,2026-09-25 09:25:09.002040,25/09/26,9:25:9
20749,0.17,20.749,173.50233746204637,12727185314,2026-09-25 09:25:29.751040,25/09/26,9:25:29
20922,0.17,20.922,172.06767995411528,12727206236,2026-09-25 09:25:50.673040,25/09/26,9:25:50
20892,0.17,20.892,172.3147616312464,12727227128,2026-09-25 09:26:11.565040,25/09/26,9:26:11
20799,0.17,20.799,173.08524448290783,12727247927,2026-09-25 09:26:32.364040,25/09/26,9:26:32
20793,0.17,20.793,173.13518972731208,12727268720,2026-09-25 09:26:53.157040,25/09/26,9:26:53
20840,0.17,20.84,172.7447216890595,12727289560,2026-09-25 09:27:13.997040,25/09/26,9:27:13
20984,0.17,20.984,171.5592832634388,12727310544,2026-09-25 09:27:34.981040,25/09/26,9:27:34
21012,0.17,21.012,171.33066818960594,12727331556,2026-09-25 09:27:55.993040,25/09/26,9:27:55
21136,0.17,21.136,170.32551097653294,12727352692,2026-09-25 09:28:17.129040,25/09/26,9:28:17
21141,0.17,21.141,170.28522775649213,12727373833,2026-09-25 09:28:38.270040,25/09/26,9:28:38
21295,0.17,21.295,169.05376849025592,12727395128,2026-09-25 09:28:59.565040,25/09/26,9:28:59
21237,0.17,21.237,169.51546828648114,12727416365,2026-09-25 09:29:20.802040,25/09/26,9:29:20
21324,0.17,21.324,168.82386043894203,12727437689,2026-09-25 09:29:42.126040,25/09/26,9:29:42
26463,0.14,26.463,136.0389978460492,12727464152,2026-09-25 09:30:08.589040,25/09/26,9:30:8
36074,0.1,36.074,99.79486610855464,12727500226,2026-09-25 09:30:44.663040,25/09/26,9:30:44
36105,0.1,36.105,99.70918155380141,12727536331,2026-09-25 09:31:20.768040,25/09/26,9:31:20
35916,0.1,35.916,100.23387905111927,12727572247,2026-09-25 09:31:56.684040,25/09/26,9:31:56
36449,0.1,36.449,98.76814178715466,12727608696,2026-09-25 09:32:33.133040,25/09/26,9:32:33
36682,0.1,36.682,98.14077749304836,12727645378,2026-09-25 09:33:09.815040,25/09/26,9:33:9
36767,0.1,36.767,97.9138901732532,12727682145,2026-09-25 09:33:46.582040,25/09/26,9:33:46
37059,0.1,37.059,97.1423945600259,12727719204,2026-09-25 09:34:23.641040,25/09/26,9:34:23
37465,0.1,37.465,96.08968370479114,12727756669,2026-09-25 09:35:01.106040,25/09/26,9:35:1
37455,0.1,37.455,96.1153384060873,12727794124,2026-09-25 09:35:38.561040,25/09/26,9:35:38
37370,0.1,37.37,96.33395772009634,12727831494,2026-09-25 09:36:15.931040,25/09/26,9:36:15
37435,0.1,37.435,96.16668892747428,12727868929,2026-09-25 09:36:53.366040,25/09/26,9:36:53
37469,0.1,37.469,96.0794256585444,12727906398,2026-09-25 09:37:30.835040,25/09/26,9:37:30
37321,0.1,37.321,96.46043782320945,12727943719,2026-09-25 09:38:08.156040,25/09/26,9:38:8
31674,0.11,31.674,113.65788975184694,12727975393,2026-09-25 09:38:39.830040,25/09/26,9:38:39
10300,0.35,10.3,349.5145631067961,12727985693,2026-09-25 09:38:50.130040,25/09/26,9:38:50
1538,2.34,1.538,2340.702210663199,12727987231,2026-09-25 09:38:51.668040,25/09/26,9:38:51
1546,2.33,1.546,2328.589909443726,12727988777,2026-09-25 09:38:53.214040,25/09/26,9:38:53
1557,2.31,1.557,2312.1387283236995,12727990334,2026-09-25 09:38:54.771040,25/09/26,9:38:54
1555,2.32,1.555,2315.112540192926,12727991889,2026-09-25 09:38:56.326040,25/09/26,9:38:56
1553,2.32,1.553,2318.09401159047,12727993442,2026-09-25 09:38:57.879040,25/09/26,9:38:57
1554,2.32,1.554,2316.6023166023165,12727994996,2026-09-25 09:38:59.433040,25/09/26,9:38:59
1559,2.31,1.559,2309.1725465041695,12727996555,2026-09-25 09:39:00.992040,25/09/26,9:39:0
1554,2.32,1.554,2316.6023166023165,12727998109,2026-09-25 09:39:02.546040,25/09/26,9:39:2
1552,2.32,1.552,2319.5876288659792,12727999661,2026-09-25 09:39:04.098040,25/09/26,9:39:4
1552,2.32,1.552,2319.5876288659792,12728001213,2026-09-25 09:39:05.650040,25/09/26,9:39:5
1555,2.32,1.555,2315.112540192926,12728002768,2026-09-25 09:39:07.205040,25/09/26,9:39:7
1547,2.33,1.547,2327.0846800258564,12728004315,2026-09-25 09:39:08.752040,25/09/26,9:39:8
1554,2.32,1.554,2316.6023166023165,12728005869,2026-09-25 09:39:10.306040,25/09/26,9:39:10
1549,2.32,1.549,2324.080051646223,12728007418,2026-09-25 09:39:11.855040,25/09/26,9:39:11
1549,2.32,1.549,2324.080051646223,12728008967,2026-09-25 09:39:13.404040,25/09/26,9:39:13
1555,2.32,1.555,2315.112540192926,12728010522,2026-09-25 09:39:14.959040,25/09/26,9:39:14
1559,2.31,1.559,2309.1725465041695,12728012081,2026-09-25 09:39:16.518040,25/09/26,9:39:16
1551,2.32,1.551,2321.0831721470017,12728013632,2026-09-25 09:39:18.069040,25/09/26,9:39:18
1557,2.31,1.557,2312.1387283236995,12728015189,2026-09-25 09:39:19.626040,25/09/26,9:39:19
1559,2.31,1.559,2309.1725465041695,12728016748,2026-09-25 09:39:21.185040,25/09/26,9:39:21
1564,2.3,1.564,2301.7902813299233,12728018312,2026-09-25 09:39:22.749040,25/09/26,9:39:22
1564,2.3,1.564,2301.7902813299233,12728019876,2026-09-25 09:39:24.313040,25/09/26,9:39:24
1565,2.3,1.565,2300.3194888178914,12728021441,2026-09-25 09:39:25.878040,25/09/26,9:39:25
1570,2.29,1.57,2292.9936305732485,12728023011,2026-09-25 09:39:27.448040,25/09/26,9:39:27
1560,2.31,1.56,2307.6923076923076,12728024571,2026-09-25 09:39:29.008040,25/09/26,9:39:29
1556,2.31,1.556,2313.624678663239,12728026127,2026-09-25 09:39:30.564040,25/09/26,9:39:30
1554,2.32,1.554,2316.6023166023165,12728027681,2026-09-25 09:39:32.118040,25/09/26,9:39:32
1558,2.31,1.558,2310.6546854942235,12728029239,2026-09-25 09:39:33.676040,25/09/26,9:39:33
1556,2.31,1.556,2313.624678663239,12728030795,2026-09-25 09:39:35.232040,25/09/26,9:39:35
1561,2.31,1.561,2306.2139654067905,12728032356,2026-09-25 09:39:36.793040,25/09/26,9:39:36
1546,2.33,1.546,2328.589909443726,12728033902,2026-09-25 09:39:38.339040,25/09/26,9:39:38
1547,2.33,1.547,2327.0846800258564,12728035449,2026-09-25 09:39:39.886040,25/09/26,9:39:39
1547,2.33,1.547,2327.0846800258564,12728036996,2026-09-25 09:39:41.433040,25/09/26,9:39:41
1548,2.33,1.548,2325.5813953488373,12728038544,2026-09-25 09:39:42.981040,25/09/26,9:39:42
1547,2.33,1.547,2327.0846800258564,12728040091,2026-09-25 09:39:44.528040,25/09/26,9:39:44
1548,2.33,1.548,2325.5813953488373,12728041639,2026-09-25 09:39:46.076040,25/09/26,9:39:46
1551,2.32,1.551,2321.0831721470017,12728043190,2026-09-25 09:39:47.627040,25/09/26,9:39:47
1546,2.33,1.546,2328.589909443726,12728044736,2026-09-25 09:39:49.173040,25/09/26,9:39:49
1549,2.32,1.549,2324.080051646223,12728046285,2026-09-25 09:39:50.722040,25/09/26,9:39:50
1553,2.32,1.553,2318.09401159047,12728047838,2026-09-25 09:39:52.275040,25/09/26,9:39:52
1551,2.32,1.551,2321.0831721470017,12728049389,2026-09-25 09:39:53.826040,25/09/26,9:39:53
1552,2.32,1.552,2319.5876288659792,12728050941,2026-09-25 09:39:55.378040,25/09/26,9:39:55
1551,2.32,1.551,2321.0831721470017,12728052492,2026-09-25 09:39:56.929040,25/09/26,9:39:56
1540,2.34,1.54,2337.6623376623374,12728054032,2026-09-25 09:39:58.469040,25/09/26,9:39:58
1547,2.33,1.547,2327.0846800258564,12728055579,2026-09-25 09:40:00.016040,25/09/26,9:40:0
1547,2.33,1.547,2327.0846800258564,12728057126,2026-09-25 09:40:01.563040,25/09/26,9:40:1
8774,0.41,8.774,410.30316845224525,12728065900,2026-09-25 09:40:10.337040,25/09/26,9:40:10
26251,0.14,26.251,137.13763285208182,12728092151,2026-09-25 09:40:36.588040,25/09/26,9:40:36
26594,0.14,26.594,135.36888019854104,12728118745,2026-09-25 09:41:03.182040,25/09/26,9:41:3
25800,0.14,25.8,139.53488372093022,12728144545,2026-09-25 09:41:28.982040,25/09/26,9:41:28
25733,0.14,25.733,139.89818520965298,12728170278,2026-09-25 09:41:54.715040,25/09/26,9:41:54
25752,0.14,25.752,139.79496738117427,12728196030,2026-09-25 09:42:20.467040,25/09/26,9:42:20
25872,0.14,25.872,139.14656771799628,12728221902,2026-09-25 09:42:46.339040,25/09/26,9:42:46
25363,0.14,25.363,141.9390450656468,12728247265,2026-09-25 09:43:11.702040,25/09/26,9:43:11
25415,0.14,25.415,141.64863269722605,12728272680,2026-09-25 09:43:37.117040,25/09/26,9:43:37
25365,0.14,25.365,141.92785334121822,12728298045,2026-09-25 09:44:02.482040,25/09/26,9:44:2
25329,0.14,25.329,142.12957479568874,12728323374,2026-09-25 09:44:27.811040,25/09/26,9:44:27
25362,0.14,25.362,141.94464158978,12728348736,2026-09-25 09:44:53.173040,25/09/26,9:44:53
25389,0.14,25.389,141.79369018078697,12728374125,2026-09-25 09:45:18.562040,25/09/26,9:45:18
25532,0.14,25.532,140.99953000156665,12728399657,2026-09-25 09:45:44.094040,25/09/26,9:45:44
25620,0.14,25.62,140.5152224824356,12728425277,2026-09-25 09:46:09.714040,25/09/26,9:46:9
26585,0.14,26.585,135.4147075418469,12728451862,2026-09-25 09:46:36.299040,25/09/26,9:46:36
26218,0.14,26.218,137.3102448699367,12728478080,2026-09-25 09:47:02.517040,25/09/26,9:47:2
26381,0.14,26.381,136.46184754179143,12728504461,2026-09-25 09:47:28.898040,25/09/26,9:47:28
26210,0.14,26.21,137.35215566577642,12728530671,2026-09-25 09:47:55.108040,25/09/26,9:47:55
26578,0.14,26.578,135.45037248852435,12728557249,2026-09-25 09:48:21.686040,25/09/26,9:48:21
27216,0.13,27.216,132.27513227513228,12728584465,2026-09-25 09:48:48.902040,25/09/26,9:48:48
27037,0.13,27.037,133.15086732995525,12728611502,2026-09-25 09:49:15.939040,25/09/26,9:49:15
27336,0.13,27.336,131.69446883230904,12728638838,2026-09-25 09:49:43.275040,25/09/26,9:49:43
27269,0.13,27.269,132.01804246580366,12728666107,2026-09-25 09:50:10.544040,25/09/26,9:50:10
27304,0.13,27.304,131.84881336067974,12728693411,2026-09-25 09:50:37.848040,25/09/26,9:50:37
27186,0.13,27.186,132.42109909512249,12728720597,2026-09-25 09:51:05.034040,25/09/26,9:51:5
27335,0.13,27.335,131.6992866288641,12728747932,2026-09-25 09:51:32.369040,25/09/26,9:51:32
27406,0.13,27.406,131.3580967671313,12728775338,2026-09-25 09:51:59.775040,25/09/26,9:51:59
27483,0.13,27.483,130.9900665866172,12728802821,2026-09-25 09:52:27.258040,25/09/26,9:52:27
28171,0.13,28.171,127.79099073515317,12728830992,2026-09-25 09:52:55.429040,25/09/26,9:52:55
28148,0.13,28.148,127.89540997584197,12728859140,2026-09-25 09:53:23.577040,25/09/26,9:53:23
28253,0.13,28.253,127.4200969808516,12728887393,2026-09-25 09:53:51.830040,25/09/26,9:53:51
28007,0.13,28.007,128.53929374799156,12728915400,2026-09-25 09:54:19.837040,25/09/26,9:54:19
28085,0.13,28.085,128.18230372084741,12728943485,2026-09-25 09:54:47.922040,25/09/26,9:54:47
28489,0.13,28.489,126.36456176067956,12728971974,2026-09-25 09:55:16.411040,25/09/26,9:55:16
28656,0.12,28.656,125.62814070351759,12729000630,2026-09-25 09:55:45.067040,25/09/26,9:55:45
28593,0.12,28.593,125.90494176896443,12729029223,2026-09-25 09:56:13.660040,25/09/26,9:56:13
28732,0.12,28.732,125.29583739384658,12729057955,2026-09-25 09:56:42.392040,25/09/26,9:56:42
28514,0.13,28.514,126.25377007785649,12729086469,2026-09-25 09:57:10.906040,25/09/26,9:57:10
28769,0.12,28.769,125.13469359379889,12729115238,2026-09-25 09:57:39.675040,25/09/26,9:57:39
28545,0.13,28.545,126.11665790856543,12729143783,2026-09-25 09:58:08.220040,25/09/26,9:58:8
28764,0.12,28.764,125.15644555694618,12729172547,2026-09-25 09:58:36.984040,25/09/26,9:58:36
28603,0.12,28.603,125.86092367933433,12729201150,2026-09-25 09:59:05.587040,25/09/26,9:59:5
28829,0.12,28.829,124.87425855908981,12729229979,2026-09-25 09:59:34.416040,25/09/26,9:59:34
28687,0.12,28.687,125.49238330951302,12729258666,2026-09-25 10:00:03.103040,25/09/26,10:0:3
28774,0.12,28.774,125.1129491902412,12729287440,2026-09-25 10:00:31.877040,25/09/26,10:0:31
28727,0.12,28.727,125.31764542068437,12729316167,2026-09-25 10:01:00.604040,25/09/26,10:1:0
27230,0.13,27.23,132.20712449504222,12729343397,2026-09-25 10:01:27.834040,25/09/26,10:1:27
27813,0.13,27.813,129.43587531010678,12729371210,2026-09-25 10:01:55.647040,25/09/26,10:1:55
27879,0.13,27.879,129.1294522759066,12729399089,2026-09-25 10:02:23.526040,25/09/26,10:2:23
28241,0.13,28.241,127.47423958075139,12729427330,2026-09-25 10:02:51.767040,25/09/26,10:2:51
28158,0.13,28.158,127.84998934583422,12729455488,2026-09-25 10:03:19.925040,25/09/26,10:3:19
28275,0.13,28.275,127.3209549071618,12729483763,2026-09-25 10:03:48.200040,25/09/26,10:3:48
18768,0.19,18.768,191.8158567774936,12729502531,2026-09-25 10:04:06.968040,25/09/26,10:4:6
17297,0.21,17.297,208.1285772099208,12729519828,2026-09-25 10:04:24.265040,25/09/26,10:4:24
17307,0.21,17.307,208.00832033281333,12729537135,2026-09-25 10:04:41.572040,25/09/26,10:4:41
17269,0.21,17.269,208.46603740807228,12729554404,2026-09-25 10:04:58.841040,25/09/26,10:4:58
17234,0.21,17.234,208.8894046651967,12729571638,2026-09-25 10:05:16.075040,25/09/26,10:5:16
17396,0.21,17.396,206.9441250862267,12729589034,2026-09-25 10:05:33.471040,25/09/26,10:5:33
17516,0.2,17.516,205.52637588490524,12729606550,2026-09-25 10:05:50.987040,25/09/26,10:5:50
17428,0.21,17.428,206.56414964425062,12729623978,2026-09-25 10:06:08.415040,25/09/26,10:6:8
17694,0.2,17.694,203.4587995930824,12729641672,2026-09-25 10:06:26.109040,25/09/26,10:6:26
17792,0.2,17.792,202.33812949640287,12729659464,2026-09-25 10:06:43.901040,25/09/26,10:6:43
17819,0.2,17.819,202.03153936809025,12729677283,2026-09-25 10:07:01.720040,25/09/26,10:7:1
17766,0.2,17.766,202.63424518743668,12729695049,2026-09-25 10:07:19.486040,25/09/26,10:7:19
17777,0.2,17.777,202.5088597626146,12729712826,2026-09-25 10:07:37.263040,25/09/26,10:7:37
17896,0.2,17.896,201.1622708985248,12729730722,2026-09-25 10:07:55.159040,25/09/26,10:7:55
17778,0.2,17.778,202.49746878164024,12729748500,2026-09-25 10:08:12.937040,25/09/26,10:8:12
18027,0.2,18.027,199.70044932601098,12729766527,2026-09-25 10:08:30.964040,25/09/26,10:8:30
18072,0.2,18.072,199.20318725099602,12729784599,2026-09-25 10:08:49.036040,25/09/26,10:8:49
18030,0.2,18.03,199.66722129783693,12729802629,2026-09-25 10:09:07.066040,25/09/26,10:9:7
18402,0.19,18.402,195.63090968373004,12729821031,2026-09-25 10:09:25.468040,25/09/26,10:9:25
18630,0.19,18.63,193.23671497584542,12729839661,2026-09-25 10:09:44.098040,25/09/26,10:9:44
18679,0.19,18.679,192.7298035226725,12729858340,2026-09-25 10:10:02.777040,25/09/26,10:10:2
18782,0.19,18.782,191.67287828772228,12729877122,2026-09-25 10:10:21.559040,25/09/26,10:10:21
18759,0.19,18.759,191.90788421557653,12729895881,2026-09-25 10:10:40.318040,25/09/26,10:10:40
18906,0.19,18.906,190.4157410345922,12729914787,2026-09-25 10:10:59.224040,25/09/26,10:10:59
18851,0.19,18.851,190.97130125722774,12729933638,2026-09-25 10:11:18.075040,25/09/26,10:11:18
22487,0.16,22.487,160.09249788766843,12729956125,2026-09-25 10:11:40.562040,25/09/26,10:11:40
29743,0.12,29.743,121.0368826278452,12729985868,2026-09-25 10:12:10.305040,25/09/26,10:12:10
30087,0.12,30.087,119.65300628178284,12730015955,2026-09-25 10:12:40.392040,25/09/26,10:12:40
29983,0.12,29.983,120.06803855518127,12730045938,2026-09-25 10:13:10.375040,25/09/26,10:13:10
30037,0.12,30.037,119.8521823084862,12730075975,2026-09-25 10:13:40.412040,25/09/26,10:13:40
29868,0.12,29.868,120.53033346725593,12730105843,2026-09-25 10:14:10.280040,25/09/26,10:14:10
30114,0.12,30.114,119.54572624028691,12730135957,2026-09-25 10:14:40.394040,25/09/26,10:14:40
29682,0.12,29.682,121.2856276531231,12730165639,2026-09-25 10:15:10.076040,25/09/26,10:15:10
29802,0.12,29.802,120.79726192872961,12730195441,2026-09-25 10:15:39.878040,25/09/26,10:15:39
29636,0.12,29.636,121.47388311513025,12730225077,2026-09-25 10:16:09.514040,25/09/26,10:16:9
29373,0.12,29.373,122.56153610458584,12730254450,2026-09-25 10:16:38.887040,25/09/26,10:16:38
28637,0.12,28.637,125.71149212557181,12730283087,2026-09-25 10:17:07.524040,25/09/26,10:17:7
29761,0.12,29.761,120.9636772957898,12730312848,2026-09-25 10:17:37.285040,25/09/26,10:17:37
29374,0.12,29.374,122.55736365493293,12730342222,2026-09-25 10:18:06.659040,25/09/26,10:18:6
29541,0.12,29.541,121.86452726718798,12730371763,2026-09-25 10:18:36.200040,25/09/26,10:18:36
29443,0.12,29.443,122.27014910165404,12730401206,2026-09-25 10:19:05.643040,25/09/26,10:19:5
29588,0.12,29.588,121.67094768149249,12730430794,2026-09-25 10:19:35.231040,25/09/26,10:19:35
29368,0.12,29.368,122.58240261509125,12730460162,2026-09-25 10:20:04.599040,25/09/26,10:20:4
29577,0.12,29.577,121.71619839740339,12730489739,2026-09-25 10:20:34.176040,25/09/26,10:20:34
29389,0.12,29.389,122.49481098370138,12730519128,2026-09-25 10:21:03.565040,25/09/26,10:21:3
29135,0.12,29.135,123.56272524455123,12730548263,2026-09-25 10:21:32.700040,25/09/26,10:21:32
29365,0.12,29.365,122.59492593223224,12730577628,2026-09-25 10:22:02.065040,25/09/26,10:22:2
29669,0.12,29.669,121.3387711078904,12730607297,2026-09-25 10:22:31.734040,25/09/26,10:22:31
29588,0.12,29.588,121.67094768149249,12730636885,2026-09-25 10:23:01.322040,25/09/26,10:23:1
29576,0.12,29.576,121.72031376791993,12730666461,2026-09-25 10:23:30.898040,25/09/26,10:23:30
27414,0.13,27.414,131.31976362442546,12730693875,2026-09-25 10:23:58.312040,25/09/26,10:23:58
27821,0.13,27.821,129.39865569174364,12730721696,2026-09-25 10:24:26.133040,25/09/26,10:24:26
29620,0.12,29.62,121.53950033760972,12730751316,2026-09-25 10:24:55.753040,25/09/26,10:24:55
29500,0.12,29.5,122.03389830508475,12730780816,2026-09-25 10:25:25.253040,25/09/26,10:25:25
29362,0.12,29.362,122.60745180845991,12730810178,2026-09-25 10:25:54.615040,25/09/26,10:25:54
28875,0.12,28.875,124.67532467532467,12730839053,2026-09-25 10:26:23.490040,25/09/26,10:26:23
29158,0.12,29.158,123.46525824816517,12730868211,2026-09-25 10:26:52.648040,25/09/26,10:26:52
29064,0.12,29.064,123.86457473162676,12730897275,2026-09-25 10:27:21.712040,25/09/26,10:27:21
29131,0.12,29.131,123.5796917373245,12730926406,2026-09-25 10:27:50.843040,25/09/26,10:27:50
29130,0.12,29.13,123.58393408856848,12730955536,2026-09-25 10:28:19.973040,25/09/26,10:28:19
29273,0.12,29.273,122.98022068117378,12730984809,2026-09-25 10:28:49.246040,25/09/26,10:28:49
29044,0.12,29.044,123.94986916402699,12731013853,2026-09-25 10:29:18.290040,25/09/26,10:29:18
29287,0.12,29.287,122.921432717588,12731043140,2026-09-25 10:29:47.577040,25/09/26,10:29:47
29185,0.12,29.185,123.3510364913483,12731072325,2026-09-25 10:30:16.762040,25/09/26,10:30:16
29262,0.12,29.262,123.02645068689769,12731101587,2026-09-25 10:30:46.024040,25/09/26,10:30:46
29083,0.12,29.083,123.78365368084448,12731130670,2026-09-25 10:31:15.107040,25/09/26,10:31:15
29188,0.12,29.188,123.33835822940935,12731159858,2026-09-25 10:31:44.295040,25/09/26,10:31:44
29211,0.12,29.211,123.24124473657184,12731189069,2026-09-25 10:32:13.506040,25/09/26,10:32:13
29339,0.12,29.339,122.70356862878762,12731218408,2026-09-25 10:32:42.845040,25/09/26,10:32:42
28961,0.12,28.961,124.30509996201789,12731247369,2026-09-25 10:33:11.806040,25/09/26,10:33:11
29577,0.12,29.577,121.71619839740339,12731276946,2026-09-25 10:33:41.383040,25/09/26,10:33:41
29393,0.12,29.393,122.47814105399245,12731306339,2026-09-25 10:34:10.776040,25/09/26,10:34:10
29737,0.12,29.737,121.06130409927027,12731336076,2026-09-25 10:34:40.513040,25/09/26,10:34:40
30020,0.12,30.02,119.92005329780146,12731366096,2026-09-25 10:35:10.533040,25/09/26,10:35:10
30134,0.12,30.134,119.466383487091,12731396230,2026-09-25 10:35:40.667040,25/09/26,10:35:40
29814,0.12,29.814,120.74864157778225,12731426044,2026-09-25 10:36:10.481040,25/09/26,10:36:10
30095,0.12,30.095,119.62119953480645,12731456139,2026-09-25 10:36:40.576040,25/09/26,10:36:40
29812,0.12,29.812,120.75674225144238,12731485951,2026-09-25 10:37:10.388040,25/09/26,10:37:10
29925,0.12,29.925,120.30075187969925,12731515876,2026-09-25 10:37:40.313040,25/09/26,10:37:40
29253,0.12,29.253,123.06430109732335,12731545129,2026-09-25 10:38:09.566040,25/09/26,10:38:9
29994,0.12,29.994,120.02400480096018,12731575123,2026-09-25 10:38:39.560040,25/09/26,10:38:39
29787,0.12,29.787,120.85809245644073,12731604910,2026-09-25 10:39:09.347040,25/09/26,10:39:9
30207,0.12,30.207,119.17767404906148,12731635117,2026-09-25 10:39:39.554040,25/09/26,10:39:39
29857,0.12,29.857,120.57473959205547,12731664974,2026-09-25 10:40:09.411040,25/09/26,10:40:9
29933,0.12,29.933,120.26859987304981,12731694907,2026-09-25 10:40:39.344040,25/09/26,10:40:39
29715,0.12,29.715,121.15093387178193,12731724622,2026-09-25 10:41:09.059040,25/09/26,10:41:9
29713,0.12,29.713,121.1590886144112,12731754335,2026-09-25 10:41:38.772040,25/09/26,10:41:38
29805,0.12,29.805,120.78510317060896,12731784140,2026-09-25 10:42:08.577040,25/09/26,10:42:8
29915,0.12,29.915,120.34096607053317,12731814055,2026-09-25 10:42:38.492040,25/09/26,10:42:38
29744,0.12,29.744,121.03281334050565,12731843799,2026-09-25 10:43:08.236040,25/09/26,10:43:8
29537,0.12,29.537,121.88103057182516,12731873336,2026-09-25 10:43:37.773040,25/09/26,10:43:37
29178,0.12,29.178,123.38062924120914,12731902514,2026-09-25 10:44:06.951040,25/09/26,10:44:6
29383,0.12,29.383,122.5198243882517,12731931897,2026-09-25 10:44:36.334040,25/09/26,10:44:36
29253,0.12,29.253,123.06430109732335,12731961150,2026-09-25 10:45:05.587040,25/09/26,10:45:5
29358,0.12,29.358,122.6241569589209,12731990508,2026-09-25 10:45:34.945040,25/09/26,10:45:34
29268,0.12,29.268,123.00123001230013,12732019776,2026-09-25 10:46:04.213040,25/09/26,10:46:4
29062,0.12,29.062,123.87309889202395,12732048838,2026-09-25 10:46:33.275040,25/09/26,10:46:33
29021,0.12,29.021,124.0481030977568,12732077859,2026-09-25 10:47:02.296040,25/09/26,10:47:2
29341,0.12,29.341,122.69520466241778,12732107200,2026-09-25 10:47:31.637040,25/09/26,10:47:31
29070,0.12,29.07,123.83900928792569,12732136270,2026-09-25 10:48:00.707040,25/09/26,10:48:0
22808,0.16,22.808,157.83935461241668,12732159078,2026-09-25 10:48:23.515040,25/09/26,10:48:23
17604,0.2,17.604,204.49897750511246,12732176682,2026-09-25 10:48:41.119040,25/09/26,10:48:41
17439,0.21,17.439,206.43385515224497,12732194121,2026-09-25 10:48:58.558040,25/09/26,10:48:58
17041,0.21,17.041,211.2552080276979,12732211162,2026-09-25 10:49:15.599040,25/09/26,10:49:15
17483,0.2,17.483,205.9143167648573,12732228645,2026-09-25 10:49:33.082040,25/09/26,10:49:33
17477,0.2,17.477,205.98500886879899,12732246122,2026-09-25 10:49:50.559040,25/09/26,10:49:50
17640,0.2,17.64,204.08163265306123,12732263762,2026-09-25 10:50:08.199040,25/09/26,10:50:8
17906,0.2,17.906,201.04992739863732,12732281668,2026-09-25 10:50:26.105040,25/09/26,10:50:26
17877,0.2,17.877,201.37606981037086,12732299545,2026-09-25 10:50:43.982040,25/09/26,10:50:43
17971,0.2,17.971,200.32274219575984,12732317516,2026-09-25 10:51:01.953040,25/09/26,10:51:1
17666,0.2,17.666,203.78127476508547,12732335182,2026-09-25 10:51:19.619040,25/09/26,10:51:19
17653,0.2,17.653,203.9313431144848,12732352835,2026-09-25 10:51:37.272040,25/09/26,10:51:37
17855,0.2,17.855,201.6241949033884,12732370690,2026-09-25 10:51:55.127040,25/09/26,10:51:55
17914,0.2,17.914,200.9601429049905,12732388604,2026-09-25 10:52:13.041040,25/09/26,10:52:13
18164,0.2,18.164,198.19423034573882,12732406768,2026-09-25 10:52:31.205040,25/09/26,10:52:31
18232,0.2,18.232,197.45502413339184,12732425000,2026-09-25 10:52:49.437040,25/09/26,10:52:49
17810,0.2,17.81,202.1336327905671,12732442810,2026-09-25 10:53:07.247040,25/09/26,10:53:7
18321,0.2,18.321,196.49582446373014,12732461131,2026-09-25 10:53:25.568040,25/09/26,10:53:25
18390,0.19,18.39,195.75856443719414,12732479521,2026-09-25 10:53:43.958040,25/09/26,10:53:43
18433,0.19,18.433,195.3019041935659,12732497954,2026-09-25 10:54:02.391040,25/09/26,10:54:2
18401,0.19,18.401,195.64154122058585,12732516355,2026-09-25 10:54:20.792040,25/09/26,10:54:20
18559,0.19,18.559,193.97596853278733,12732534914,2026-09-25 10:54:39.351040,25/09/26,10:54:39
18524,0.19,18.524,194.34247462751026,12732553438,2026-09-25 10:54:57.875040,25/09/26,10:54:57
18528,0.19,18.528,194.30051813471502,12732571966,2026-09-25 10:55:16.403040,25/09/26,10:55:16
18606,0.19,18.606,193.48597226701065,12732590572,2026-09-25 10:55:35.009040,25/09/26,10:55:35
18733,0.19,18.733,192.1742379757647,12732609305,2026-09-25 10:55:53.742040,25/09/26,10:55:53
28689,0.12,28.689,125.4836348426226,12732637994,2026-09-25 10:56:22.431040,25/09/26,10:56:22
28510,0.13,28.51,126.27148368993336,12732666504,2026-09-25 10:56:50.941040,25/09/26,10:56:50
29675,0.12,29.675,121.31423757371525,12732696179,2026-09-25 10:57:20.616040,25/09/26,10:57:20
29510,0.12,29.51,121.99254490003389,12732725689,2026-09-25 10:57:50.126040,25/09/26,10:57:50
29409,0.12,29.409,122.41150668162807,12732755098,2026-09-25 10:58:19.535040,25/09/26,10:58:19
30089,0.12,30.089,119.64505300940543,12732785187,2026-09-25 10:58:49.624040,25/09/26,10:58:49
29876,0.12,29.876,120.49805864238854,12732815063,2026-09-25 10:59:19.500040,25/09/26,10:59:19
29944,0.12,29.944,120.22441891530858,12732845007,2026-09-25 10:59:49.444040,25/09/26,10:59:49
29837,0.12,29.837,120.65556188624862,12732874844,2026-09-25 11:00:19.281040,25/09/26,11:0:19
29626,0.12,29.626,121.51488557348276,12732904470,2026-09-25 11:00:48.907040,25/09/26,11:0:48
28729,0.12,28.729,125.30892129903582,12732933199,2026-09-25 11:01:17.636040,25/09/26,11:1:17
28340,0.13,28.34,127.02893436838391,12732961539,2026-09-25 11:01:45.976040,25/09/26,11:1:45
28754,0.12,28.754,125.19997217778396,12732990293,2026-09-25 11:02:14.730040,25/09/26,11:2:14
29018,0.12,29.018,124.06092770004824,12733019311,2026-09-25 11:02:43.748040,25/09/26,11:2:43
28695,0.12,28.695,125.45739675901726,12733048006,2026-09-25 11:03:12.443040,25/09/26,11:3:12
28908,0.12,28.908,124.53300124533001,12733076914,2026-09-25 11:03:41.351040,25/09/26,11:3:41
29115,0.12,29.115,123.64760432766616,12733106029,2026-09-25 11:04:10.466040,25/09/26,11:4:10
28861,0.12,28.861,124.73580264024116,12733134890,2026-09-25 11:04:39.327040,25/09/26,11:4:39
28767,0.12,28.767,125.14339347168631,12733163657,2026-09-25 11:05:08.094040,25/09/26,11:5:8
29268,0.12,29.268,123.00123001230013,12733192925,2026-09-25 11:05:37.362040,25/09/26,11:5:37
28880,0.12,28.88,124.65373961218836,12733221805,2026-09-25 11:06:06.242040,25/09/26,11:6:6
29149,0.12,29.149,123.5033791896806,12733250954,2026-09-25 11:06:35.391040,25/09/26,11:6:35
29148,0.12,29.148,123.50761630300535,12733280102,2026-09-25 11:07:04.539040,25/09/26,11:7:4
29128,0.12,29.128,123.59241966492722,12733309230,2026-09-25 11:07:33.667040,25/09/26,11:7:33
29013,0.12,29.013,124.08230793092751,12733338243,2026-09-25 11:08:02.680040,25/09/26,11:8:2
29029,0.12,29.029,124.0139171173654,12733367272,2026-09-25 11:08:31.709040,25/09/26,11:8:31
28702,0.12,28.702,125.42679952616542,12733395974,2026-09-25 11:09:00.411040,25/09/26,11:9:0
28577,0.12,28.577,125.97543479021591,12733424551,2026-09-25 11:09:28.988040,25/09/26,11:9:28
28869,0.12,28.869,124.70123662059649,12733453420,2026-09-25 11:09:57.857040,25/09/26,11:9:57
29035,0.12,29.035,123.98828999483382,12733482455,2026-09-25 11:10:26.892040,25/09/26,11:10:26
29499,0.12,29.499,122.03803518763348,12733511954,2026-09-25 11:10:56.391040,25/09/26,11:10:56
29673,0.12,29.673,121.32241431604488,12733541627,2026-09-25 11:11:26.064040,25/09/26,11:11:26
29889,0.12,29.889,120.44564890093345,12733571516,2026-09-25 11:11:55.953040,25/09/26,11:11:55
30318,0.12,30.318,118.74134177716208,12733601834,2026-09-25 11:12:26.271040,25/09/26,11:12:26
30423,0.12,30.423,118.33152549058278,12733632257,2026-09-25 11:12:56.694040,25/09/26,11:12:56
30168,0.12,30.168,119.33174224343675,12733662425,2026-09-25 11:13:26.862040,25/09/26,11:13:26
30486,0.12,30.486,118.08699074985239,12733692911,2026-09-25 11:13:57.348040,25/09/26,11:13:57
30195,0.12,30.195,119.22503725782414,12733723106,2026-09-25 11:14:27.543040,25/09/26,11:14:27
30239,0.12,30.239,119.05155593769635,12733753345,2026-09-25 11:14:57.782040,25/09/26,11:14:57
29854,0.12,29.854,120.58685603269244,12733783199,2026-09-25 11:15:27.636040,25/09/26,11:15:27
29525,0.12,29.525,121.93056731583404,12733812724,2026-09-25 11:15:57.161040,25/09/26,11:15:57
29863,0.12,29.863,120.55051401399726,12733842587,2026-09-25 11:16:27.024040,25/09/26,11:16:27
29059,0.12,29.059,123.88588733266802,12733871646,2026-09-25 11:16:56.083040,25/09/26,11:16:56
28049,0.13,28.049,128.34682163356982,12733899695,2026-09-25 11:17:24.132040,25/09/26,11:17:24
29112,0.12,29.112,123.6603462489695,12733928807,2026-09-25 11:17:53.244040,25/09/26,11:17:53
29232,0.12,29.232,123.15270935960591,12733958039,2026-09-25 11:18:22.476040,25/09/26,11:18:22
29157,0.12,29.157,123.4694927461673,12733987196,2026-09-25 11:18:51.633040,25/09/26,11:18:51
29442,0.12,29.442,122.27430201752598,12734016638,2026-09-25 11:19:21.075040,25/09/26,11:19:21
29451,0.12,29.451,122.23693592747276,12734046089,2026-09-25 11:19:50.526040,25/09/26,11:19:50
29159,0.12,29.159,123.46102404060495,12734075248,2026-09-25 11:20:19.685040,25/09/26,11:20:19
29324,0.12,29.324,122.76633474287273,12734104572,2026-09-25 11:20:49.009040,25/09/26,11:20:49
29289,0.12,29.289,122.91303902488988,12734133861,2026-09-25 11:21:18.298040,25/09/26,11:21:18
29094,0.12,29.094,123.73685295937307,12734162955,2026-09-25 11:21:47.392040,25/09/26,11:21:47
29064,0.12,29.064,123.86457473162676,12734192019,2026-09-25 11:22:16.456040,25/09/26,11:22:16
29293,0.12,29.293,122.89625507800498,12734221312,2026-09-25 11:22:45.749040,25/09/26,11:22:45
28833,0.12,28.833,124.85693476225158,12734250145,2026-09-25 11:23:14.582040,25/09/26,11:23:14
28488,0.13,28.488,126.36899747262005,12734278633,2026-09-25 11:23:43.070040,25/09/26,11:23:43
28521,0.13,28.521,126.22278321236983,12734307154,2026-09-25 11:24:11.591040,25/09/26,11:24:11
28719,0.12,28.719,125.35255405828893,12734335873,2026-09-25 11:24:40.310040,25/09/26,11:24:40
28334,0.13,28.334,127.05583398037693,12734364207,2026-09-25 11:25:08.644040,25/09/26,11:25:8
28788,0.12,28.788,125.05210504376824,12734392995,2026-09-25 11:25:37.432040,25/09/26,11:25:37
28314,0.13,28.314,127.14558169103624,12734421309,2026-09-25 11:26:05.746040,25/09/26,11:26:5
28490,0.13,28.49,126.36012636012636,12734449799,2026-09-25 11:26:34.236040,25/09/26,11:26:34
28223,0.13,28.223,127.55553980795804,12734478022,2026-09-25 11:27:02.459040,25/09/26,11:27:2
27537,0.13,27.537,130.7331953371827,12734505559,2026-09-25 11:27:29.996040,25/09/26,11:27:29
28146,0.13,28.146,127.90449797484546,12734533705,2026-09-25 11:27:58.142040,25/09/26,11:27:58
28196,0.13,28.196,127.67768477798269,12734561901,2026-09-25 11:28:26.338040,25/09/26,11:28:26
28575,0.12,28.575,125.98425196850394,12734590476,2026-09-25 11:28:54.913040,25/09/26,11:28:54
28340,0.13,28.34,127.02893436838391,12734618816,2026-09-25 11:29:23.253040,25/09/26,11:29:23
28876,0.12,28.876,124.6710070646904,12734647692,2026-09-25 11:29:52.129040,25/09/26,11:29:52
28983,0.12,28.983,124.21074422937583,12734676675,2026-09-25 11:30:21.112040,25/09/26,11:30:21
28853,0.12,28.853,124.7703878279555,12734705528,2026-09-25 11:30:49.965040,25/09/26,11:30:49
28536,0.13,28.536,126.15643397813288,12734734064,2026-09-25 11:31:18.501040,25/09/26,11:31:18
28803,0.12,28.803,124.9869805228622,12734762867,2026-09-25 11:31:47.304040,25/09/26,11:31:47
28863,0.12,28.863,124.72715933894605,12734791730,2026-09-25 11:32:16.167040,25/09/26,11:32:16
24589,0.15,24.589,146.40692992801658,12734816319,2026-09-25 11:32:40.756040,25/09/26,11:32:40
17215,0.21,17.215,209.1199535288992,12734833534,2026-09-25 11:32:57.971040,25/09/26,11:32:57
17462,0.21,17.462,206.16195166647577,12734850996,2026-09-25 11:33:15.433040,25/09/26,11:33:15
17550,0.2,17.55,205.12820512820514,12734868546,2026-09-25 11:33:32.983040,25/09/26,11:33:32
17586,0.2,17.586,204.70829068577277,12734886132,2026-09-25 11:33:50.569040,25/09/26,11:33:50
17660,0.2,17.66,203.85050962627406,12734903792,2026-09-25 11:34:08.229040,25/09/26,11:34:8
17697,0.2,17.697,203.42430920495,12734921489,2026-09-25 11:34:25.926040,25/09/26,11:34:25
18008,0.2,18.008,199.91115059973345,12734939497,2026-09-25 11:34:43.934040,25/09/26,11:34:43
18049,0.2,18.049,199.45703363067207,12734957546,2026-09-25 11:35:01.983040,25/09/26,11:35:1
18275,0.2,18.275,196.99042407660738,12734975821,2026-09-25 11:35:20.258040,25/09/26,11:35:20
18529,0.19,18.529,194.29003184197745,12734994350,2026-09-25 11:35:38.787040,25/09/26,11:35:38
18532,0.19,18.532,194.25857975393913,12735012882,2026-09-25 11:35:57.319040,25/09/26,11:35:57
18492,0.19,18.492,194.6787800129786,12735031374,2026-09-25 11:36:15.811040,25/09/26,11:36:15
18661,0.19,18.661,192.91570655377527,12735050035,2026-09-25 11:36:34.472040,25/09/26,11:36:34
18637,0.19,18.637,193.16413585877555,12735068672,2026-09-25 11:36:53.109040,25/09/26,11:36:53
18464,0.19,18.464,194.9740034662045,12735087136,2026-09-25 11:37:11.573040,25/09/26,11:37:11
18297,0.2,18.297,196.75356615838663,12735105433,2026-09-25 11:37:29.870040,25/09/26,11:37:29
18167,0.2,18.167,198.16150162382343,12735123600,2026-09-25 11:37:48.037040,25/09/26,11:37:48
18247,0.2,18.247,197.29270565024387,12735141847,2026-09-25 11:38:06.284040,25/09/26,11:38:6
18276,0.2,18.276,196.9796454366382,12735160123,2026-09-25 11:38:24.560040,25/09/26,11:38:24
18460,0.19,18.46,195.01625135427952,12735178583,2026-09-25 11:38:43.020040,25/09/26,11:38:43
18701,0.19,18.701,192.5030747018876,12735197284,2026-09-25 11:39:01.721040,25/09/26,11:39:1
18736,0.19,18.736,192.14346712211784,12735216020,2026-09-25 11:39:20.457040,25/09/26,11:39:20
18785,0.19,18.785,191.64226776683523,12735234805,2026-09-25 11:39:39.242040,25/09/26,11:39:39
18709,0.19,18.709,192.42076006200224,12735253514,2026-09-25 11:39:57.951040,25/09/26,11:39:57
19317,0.19,19.317,186.36434228917534,12735272831,2026-09-25 11:40:17.268040,25/09/26,11:40:17
28063,0.13,28.063,128.2827922887788,12735300894,2026-09-25 11:40:45.331040,25/09/26,11:40:45
29074,0.12,29.074,123.82197152094655,12735329968,2026-09-25 11:41:14.405040,25/09/26,11:41:14
29212,0.12,29.212,123.23702587977543,12735359180,2026-09-25 11:41:43.617040,25/09/26,11:41:43
28342,0.13,28.342,127.01997036200692,12735387522,2026-09-25 11:42:11.959040,25/09/26,11:42:11
28766,0.12,28.766,125.14774386428422,12735416288,2026-09-25 11:42:40.725040,25/09/26,11:42:40
28989,0.12,28.989,124.18503570319777,12735445277,2026-09-25 11:43:09.714040,25/09/26,11:43:9
28300,0.13,28.3,127.20848056537102,12735473577,2026-09-25 11:43:38.014040,25/09/26,11:43:38
29008,0.12,29.008,124.10369553226695,12735502585,2026-09-25 11:44:07.022040,25/09/26,11:44:7
28618,0.12,28.618,125.79495422461387,12735531203,2026-09-25 11:44:35.640040,25/09/26,11:44:35
28192,0.13,28.192,127.69580022701476,12735559395,2026-09-25 11:45:03.832040,25/09/26,11:45:3
28477,0.13,28.477,126.41781086490852,12735587872,2026-09-25 11:45:32.309040,25/09/26,11:45:32
28247,0.13,28.247,127.44716253053421,12735616119,2026-09-25 11:46:00.556040,25/09/26,11:46:0
26930,0.13,26.93,133.67991088005942,12735643049,2026-09-25 11:46:27.486040,25/09/26,11:46:27
27265,0.13,27.265,132.0374105996699,12735670314,2026-09-25 11:46:54.751040,25/09/26,11:46:54
27535,0.13,27.535,130.74269112039224,12735697849,2026-09-25 11:47:22.286040,25/09/26,11:47:22
28142,0.13,28.142,127.92267784805628,12735725991,2026-09-25 11:47:50.428040,25/09/26,11:47:50
28895,0.12,28.895,124.58902924381381,12735754886,2026-09-25 11:48:19.323040,25/09/26,11:48:19
28967,0.12,28.967,124.279352366486,12735783853,2026-09-25 11:48:48.290040,25/09/26,11:48:48
28768,0.12,28.768,125.13904338153503,12735812621,2026-09-25 11:49:17.058040,25/09/26,11:49:17
29047,0.12,29.047,123.93706751127483,12735841668,2026-09-25 11:49:46.105040,25/09/26,11:49:46
28963,0.12,28.963,124.29651624486414,12735870631,2026-09-25 11:50:15.068040,25/09/26,11:50:15
29055,0.12,29.055,123.902942694889,12735899686,2026-09-25 11:50:44.123040,25/09/26,11:50:44
28884,0.12,28.884,124.63647694225176,12735928570,2026-09-25 11:51:13.007040,25/09/26,11:51:13
29161,0.12,29.161,123.45255649669079,12735957731,2026-09-25 11:51:42.168040,25/09/26,11:51:42
28926,0.12,28.926,124.45550715619166,12735986657,2026-09-25 11:52:11.094040,25/09/26,11:52:11
28967,0.12,28.967,124.279352366486,12736015624,2026-09-25 11:52:40.061040,25/09/26,11:52:40
28868,0.12,28.868,124.70555632534294,12736044492,2026-09-25 11:53:08.929040,25/09/26,11:53:8
29306,0.12,29.306,122.84173889305944,12736073798,2026-09-25 11:53:38.235040,25/09/26,11:53:38
28811,0.12,28.811,124.9522751726771,12736102609,2026-09-25 11:54:07.046040,25/09/26,11:54:7
29127,0.12,29.127,123.59666289010197,12736131736,2026-09-25 11:54:36.173040,25/09/26,11:54:36
29244,0.12,29.244,123.10217480508823,12736160980,2026-09-25 11:55:05.417040,25/09/26,11:55:5
28933,0.12,28.933,124.42539660595168,12736189913,2026-09-25 11:55:34.350040,25/09/26,11:55:34
29199,0.12,29.199,123.29189355799856,12736219112,2026-09-25 11:56:03.549040,25/09/26,11:56:3
29431,0.12,29.431,122.32000271822228,12736248543,2026-09-25 11:56:32.980040,25/09/26,11:56:32
28784,0.12,28.784,125.06948304613674,12736277327,2026-09-25 11:57:01.764040,25/09/26,11:57:1
29061,0.12,29.061,123.87736141220192,12736306388,2026-09-25 11:57:30.825040,25/09/26,11:57:30
29386,0.12,29.386,122.50731640917444,12736335774,2026-09-25 11:58:00.211040,25/09/26,11:58:0
29730,0.12,29.73,121.08980827447023,12736365504,2026-09-25 11:58:29.941040,25/09/26,11:58:29
29800,0.12,29.8,120.80536912751678,12736395304,2026-09-25 11:58:59.741040,25/09/26,11:58:59
29152,0.12,29.152,123.49066959385291,12736424456,2026-09-25 11:59:28.893040,25/09/26,11:59:28
29760,0.12,29.76,120.96774193548387,12736454216,2026-09-25 11:59:58.653040,25/09/26,11:59:58
29604,0.12,29.604,121.60518848804216,12736483820,2026-09-25 12:00:28.257040,25/09/26,12:0:28
29869,0.12,29.869,120.52629816866985,12736513689,2026-09-25 12:00:58.126040,25/09/26,12:0:58
27687,0.13,27.687,130.02492144327664,12736541376,2026-09-25 12:01:25.813040,25/09/26,12:1:25
28575,0.12,28.575,125.98425196850394,12736569951,2026-09-25 12:01:54.388040,25/09/26,12:1:54
28514,0.13,28.514,126.25377007785649,12736598465,2026-09-25 12:02:22.902040,25/09/26,12:2:22
28643,0.12,28.643,125.68515867751283,12736627108,2026-09-25 12:02:51.545040,25/09/26,12:2:51
28170,0.13,28.17,127.79552715654953,12736655278,2026-09-25 12:03:19.715040,25/09/26,12:3:19
28568,0.13,28.568,126.01512181461776,12736683846,2026-09-25 12:03:48.283040,25/09/26,12:3:48
28587,0.12,28.587,125.9313674047644,12736712433,2026-09-25 12:04:16.870040,25/09/26,12:4:16
28590,0.12,28.59,125.91815320041972,12736741023,2026-09-25 12:04:45.460040,25/09/26,12:4:45
28468,0.13,28.468,126.45777715329493,12736769491,2026-09-25 12:05:13.928040,25/09/26,12:5:13
28473,0.13,28.473,126.43557054051206,12736797964,2026-09-25 12:05:42.401040,25/09/26,12:5:42
28539,0.13,28.539,126.1431725007884,12736826503,2026-09-25 12:06:10.940040,25/09/26,12:6:10
28677,0.12,28.677,125.53614394811173,12736855180,2026-09-25 12:06:39.617040,25/09/26,12:6:39
28476,0.13,28.476,126.42225031605562,12736883656,2026-09-25 12:07:08.093040,25/09/26,12:7:8
28539,0.13,28.539,126.1431725007884,12736912195,2026-09-25 12:07:36.632040,25/09/26,12:7:36
28198,0.13,28.198,127.66862898077878,12736940393,2026-09-25 12:08:04.830040,25/09/26,12:8:4
28091,0.13,28.091,128.15492506496741,12736968484,2026-09-25 12:08:32.921040,25/09/26,12:8:32
27165,0.13,27.165,132.52346769740475,12736995649,2026-09-25 12:09:00.086040,25/09/26,12:9:0
27555,0.13,27.555,130.647795318454,12737023204,2026-09-25 12:09:27.641040,25/09/26,12:9:27
27628,0.13,27.628,130.30259157376574,12737050832,2026-09-25 12:09:55.269040,25/09/26,12:9:55
26623,0.14,26.623,135.22142508357436,12737077455,2026-09-25 12:10:21.892040,25/09/26,12:10:21
26427,0.14,26.427,136.2243160404132,12737103882,2026-09-25 12:10:48.319040,25/09/26,12:10:48
26614,0.14,26.614,135.26715262643722,12737130496,2026-09-25 12:11:14.933040,25/09/26,12:11:14
26787,0.13,26.787,134.39354910964275,12737157283,2026-09-25 12:11:41.720040,25/09/26,12:11:41
26655,0.14,26.655,135.05908835115363,12737183938,2026-09-25 12:12:08.375040,25/09/26,12:12:8
27087,0.13,27.087,132.90508361944845,12737211025,2026-09-25 12:12:35.462040,25/09/26,12:12:35
27772,0.13,27.772,129.6269624081809,12737238797,2026-09-25 12:13:03.234040,25/09/26,12:13:3
27550,0.13,27.55,130.6715063520871,12737266347,2026-09-25 12:13:30.784040,25/09/26,12:13:30
27751,0.13,27.751,129.72505495297466,12737294098,2026-09-25 12:13:58.535040,25/09/26,12:13:58
27594,0.13,27.594,130.4631441617743,12737321692,2026-09-25 12:14:26.129040,25/09/26,12:14:26
27809,0.13,27.809,129.45449314969974,12737349501,2026-09-25 12:14:53.938040,25/09/26,12:14:53
27567,0.13,27.567,130.5909239307868,12737377068,2026-09-25 12:15:21.505040,25/09/26,12:15:21
27690,0.13,27.69,130.01083423618635,12737404758,2026-09-25 12:15:49.195040,25/09/26,12:15:49
27755,0.13,27.755,129.70635921455593,12737432513,2026-09-25 12:16:16.950040,25/09/26,12:16:16
28020,0.13,28.02,128.4796573875803,12737460533,2026-09-25 12:16:44.970040,25/09/26,12:16:44
27933,0.13,27.933,128.8798195682526,12737488466,2026-09-25 12:17:12.903040,25/09/26,12:17:12
17450,0.21,17.45,206.30372492836676,12737505916,2026-09-25 12:17:30.353040,25/09/26,12:17:30
17167,0.21,17.167,209.70466592881692,12737523083,2026-09-25 12:17:47.520040,25/09/26,12:17:47
17063,0.21,17.063,210.9828283420266,12737540146,2026-09-25 12:18:04.583040,25/09/26,12:18:4
17081,0.21,17.081,210.76049411626954,12737557227,2026-09-25 12:18:21.664040,25/09/26,12:18:21
17133,0.21,17.133,210.12081947119594,12737574360,2026-09-25 12:18:38.797040,25/09/26,12:18:38
17178,0.21,17.178,209.57038071952496,12737591538,2026-09-25 12:18:55.975040,25/09/26,12:18:55
17283,0.21,17.283,208.29717063009895,12737608821,2026-09-25 12:19:13.258040,25/09/26,12:19:13
17262,0.21,17.262,208.55057351407717,12737626083,2026-09-25 12:19:30.520040,25/09/26,12:19:30
17472,0.21,17.472,206.04395604395606,12737643555,2026-09-25 12:19:47.992040,25/09/26,12:19:47
17469,0.21,17.469,206.07934054611025,12737661024,2026-09-25 12:20:05.461040,25/09/26,12:20:5
17535,0.2,17.535,205.30367835757056,12737678559,2026-09-25 12:20:22.996040,25/09/26,12:20:22
17564,0.2,17.564,204.96470052379868,12737696123,2026-09-25 12:20:40.560040,25/09/26,12:20:40
17624,0.2,17.624,204.26690876078075,12737713747,2026-09-25 12:20:58.184040,25/09/26,12:20:58
17581,0.2,17.581,204.7665092998123,12737731328,2026-09-25 12:21:15.765040,25/09/26,12:21:15
17625,0.2,17.625,204.25531914893617,12737748953,2026-09-25 12:21:33.390040,25/09/26,12:21:33
17894,0.2,17.894,201.1847546663686,12737766847,2026-09-25 12:21:51.284040,25/09/26,12:21:51
18123,0.2,18.123,198.6426088395961,12737784970,2026-09-25 12:22:09.407040,25/09/26,12:22:9
18431,0.19,18.431,195.32309695621507,12737803401,2026-09-25 12:22:27.838040,25/09/26,12:22:27
18618,0.19,18.618,193.36126329358686,12737822019,2026-09-25 12:22:46.456040,25/09/26,12:22:46
18533,0.19,18.533,194.24809798737388,12737840552,2026-09-25 12:23:04.989040,25/09/26,12:23:4
18733,0.19,18.733,192.1742379757647,12737859285,2026-09-25 12:23:23.722040,25/09/26,12:23:23
18675,0.19,18.675,192.7710843373494,12737877960,2026-09-25 12:23:42.397040,25/09/26,12:23:42
18703,0.19,18.703,192.48248944019676,12737896663,2026-09-25 12:24:01.100040,25/09/26,12:24:1
18692,0.19,18.692,192.59576289321635,12737915355,2026-09-25 12:24:19.792040,25/09/26,12:24:19
18776,0.19,18.776,191.73412867490413,12737934131,2026-09-25 12:24:38.568040,25/09/26,12:24:38
19579,0.18,19.579,183.87047346646918,12737953710,2026-09-25 12:24:58.147040,25/09/26,12:24:58
29371,0.12,29.371,122.56988185625276,12737983081,2026-09-25 12:25:27.518040,25/09/26,12:25:27
29435,0.12,29.435,122.30338032953966,12738012516,2026-09-25 12:25:56.953040,25/09/26,12:25:56
29269,0.12,29.269,122.99702757183368,12738041785,2026-09-25 12:26:26.222040,25/09/26,12:26:26
29269,0.12,29.269,122.99702757183368,12738071054,2026-09-25 12:26:55.491040,25/09/26,12:26:55
29119,0.12,29.119,123.63061918335107,12738100173,2026-09-25 12:27:24.610040,25/09/26,12:27:24
29295,0.12,29.295,122.88786482334869,12738129468,2026-09-25 12:27:53.905040,25/09/26,12:27:53
29103,0.12,29.103,123.69858777445624,12738158571,2026-09-25 12:28:23.008040,25/09/26,12:28:23
29419,0.12,29.419,122.36989700533668,12738187990,2026-09-25 12:28:52.427040,25/09/26,12:28:52
28981,0.12,28.981,124.21931610365412,12738216971,2026-09-25 12:29:21.408040,25/09/26,12:29:21
29351,0.12,29.351,122.65340192838404,12738246322,2026-09-25 12:29:50.759040,25/09/26,12:29:50
29340,0.12,29.34,122.69938650306749,12738275662,2026-09-25 12:30:20.099040,25/09/26,12:30:20
29213,0.12,29.213,123.23280731181323,12738304875,2026-09-25 12:30:49.312040,25/09/26,12:30:49
28233,0.13,28.233,127.51036021676761,12738333108,2026-09-25 12:31:17.545040,25/09/26,12:31:17
28815,0.12,28.815,124.93492972410203,12738361923,2026-09-25 12:31:46.360040,25/09/26,12:31:46
28755,0.12,28.755,125.19561815336463,12738390678,2026-09-25 12:32:15.115040,25/09/26,12:32:15
28560,0.13,28.56,126.05042016806723,12738419238,2026-09-25 12:32:43.675040,25/09/26,12:32:43
28052,0.13,28.052,128.33309567945244,12738447290,2026-09-25 12:33:11.727040,25/09/26,12:33:11
28391,0.13,28.391,126.80074671550844,12738475681,2026-09-25 12:33:40.118040,25/09/26,12:33:40
28147,0.13,28.147,127.89995381390557,12738503828,2026-09-25 12:34:08.265040,25/09/26,12:34:8
28516,0.13,28.516,126.2449151353626,12738532344,2026-09-25 12:34:36.781040,25/09/26,12:34:36
28105,0.13,28.105,128.09108699519658,12738560449,2026-09-25 12:35:04.886040,25/09/26,12:35:4
28080,0.13,28.08,128.2051282051282,12738588529,2026-09-25 12:35:32.966040,25/09/26,12:35:32
28467,0.13,28.467,126.46221941195068,12738616996,2026-09-25 12:36:01.433040,25/09/26,12:36:1
27880,0.13,27.88,129.1248206599713,12738644876,2026-09-25 12:36:29.313040,25/09/26,12:36:29
28003,0.13,28.003,128.5576545370139,12738672879,2026-09-25 12:36:57.316040,25/09/26,12:36:57
28381,0.13,28.381,126.84542475599874,12738701260,2026-09-25 12:37:25.697040,25/09/26,12:37:25
27880,0.13,27.88,129.1248206599713,12738729140,2026-09-25 12:37:53.577040,25/09/26,12:37:53
28269,0.13,28.269,127.34797835084368,12738757409,2026-09-25 12:38:21.846040,25/09/26,12:38:21
28493,0.13,28.493,126.34682202646265,12738785902,2026-09-25 12:38:50.339040,25/09/26,12:38:50
28185,0.13,28.185,127.72751463544438,12738814087,2026-09-25 12:39:18.524040,25/09/26,12:39:18
28180,0.13,28.18,127.75017743080198,12738842267,2026-09-25 12:39:46.704040,25/09/26,12:39:46
28113,0.13,28.113,128.05463664496853,12738870380,2026-09-25 12:40:14.817040,25/09/26,12:40:14
28758,0.12,28.758,125.18255789693303,12738899138,2026-09-25 12:40:43.575040,25/09/26,12:40:43
28201,0.13,28.201,127.6550476933442,12738927339,2026-09-25 12:41:11.776040,25/09/26,12:41:11
28426,0.13,28.426,126.64462112150848,12738955765,2026-09-25 12:41:40.202040,25/09/26,12:41:40
27393,0.13,27.393,131.420435877779,12738983158,2026-09-25 12:42:07.595040,25/09/26,12:42:7
27905,0.13,27.905,129.00913814728543,12739011063,2026-09-25 12:42:35.500040,25/09/26,12:42:35
27846,0.13,27.846,129.2824822236587,12739038909,2026-09-25 12:43:03.346040,25/09/26,12:43:3
27769,0.13,27.769,129.64096654542834,12739066678,2026-09-25 12:43:31.115040,25/09/26,12:43:31
27787,0.13,27.787,129.55698708028933,12739094465,2026-09-25 12:43:58.902040,25/09/26,12:43:58
27809,0.13,27.809,129.45449314969974,12739122274,2026-09-25 12:44:26.711040,25/09/26,12:44:26
27789,0.13,27.789,129.5476627442513,12739150063,2026-09-25 12:44:54.500040,25/09/26,12:44:54
27905,0.13,27.905,129.00913814728543,12739177968,2026-09-25 12:45:22.405040,25/09/26,12:45:22
27382,0.13,27.382,131.47323058943832,12739205350,2026-09-25 12:45:49.787040,25/09/26,12:45:49
26968,0.13,26.968,133.49154553544943,12739232318,2026-09-25 12:46:16.755040,25/09/26,12:46:16
27344,0.13,27.344,131.65593914569925,12739259662,2026-09-25 12:46:44.099040,25/09/26,12:46:44
27358,0.13,27.358,131.58856641567365,12739287020,2026-09-25 12:47:11.457040,25/09/26,12:47:11
27566,0.13,27.566,130.5956613219183,12739314586,2026-09-25 12:47:39.023040,25/09/26,12:47:39
27406,0.13,27.406,131.3580967671313,12739341992,2026-09-25 12:48:06.429040,25/09/26,12:48:6
27359,0.13,27.359,131.58375671625424,12739369351,2026-09-25 12:48:33.788040,25/09/26,12:48:33
27472,0.13,27.472,131.0425160163075,12739396823,2026-09-25 12:49:01.260040,25/09/26,12:49:1
27449,0.13,27.449,131.15231884585958,12739424272,2026-09-25 12:49:28.709040,25/09/26,12:49:28
27555,0.13,27.555,130.647795318454,12739451827,2026-09-25 12:49:56.264040,25/09/26,12:49:56
27495,0.13,27.495,130.9328968903437,12739479322,2026-09-25 12:50:23.759040,25/09/26,12:50:23
27461,0.13,27.461,131.09500746513237,12739506783,2026-09-25 12:50:51.220040,25/09/26,12:50:51
27362,0.13,27.362,131.5693297273591,12739534145,2026-09-25 12:51:18.582040,25/09/26,12:51:18
27368,0.13,27.368,131.54048523823442,12739561513,2026-09-25 12:51:45.950040,25/09/26,12:51:45
27392,0.13,27.392,131.42523364485982,12739588905,2026-09-25 12:52:13.342040,25/09/26,12:52:13
27532,0.13,27.532,130.75693738195554,12739616437,2026-09-25 12:52:40.874040,25/09/26,12:52:40
27347,0.13,27.347,131.64149632500823,12739643784,2026-09-25 12:53:08.221040,25/09/26,12:53:8
27345,0.13,27.345,131.65112452002194,12739671129,2026-09-25 12:53:35.566040,25/09/26,12:53:35
27245,0.13,27.245,132.13433657551843,12739698374,2026-09-25 12:54:02.811040,25/09/26,12:54:2
26856,0.13,26.856,134.04825737265415,12739725230,2026-09-25 12:54:29.667040,25/09/26,12:54:29
27054,0.13,27.054,133.06719893546241,12739752284,2026-09-25 12:54:56.721040,25/09/26,12:54:56
27032,0.13,27.032,133.17549570878958,12739779316,2026-09-25 12:55:23.753040,25/09/26,12:55:23
27073,0.13,27.073,132.9738115465593,12739806389,2026-09-25 12:55:50.826040,25/09/26,12:55:50
33868,0.11,33.868,106.2950277548128,12739840257,2026-09-25 12:56:24.694040,25/09/26,12:56:24
34406,0.1,34.406,104.63291286403535,12739874663,2026-09-25 12:56:59.100040,25/09/26,12:56:59
31420,0.11,31.42,114.57670273711012,12739906083,2026-09-25 12:57:30.520040,25/09/26,12:57:30
31441,0.11,31.441,114.50017493082281,12739937524,2026-09-25 12:58:01.961040,25/09/26,12:58:1
31306,0.11,31.306,114.99393087587045,12739968830,2026-09-25 12:58:33.267040,25/09/26,12:58:33
31119,0.12,31.119,115.68495131591632,12739999949,2026-09-25 12:59:04.386040,25/09/26,12:59:4
24817,0.14,24.817,145.06185276221944,12740024766,2026-09-25 12:59:29.203040,25/09/26,12:59:29
18516,0.19,18.516,194.42644199611146,12740043282,2026-09-25 12:59:47.719040,25/09/26,12:59:47
18226,0.2,18.226,197.52002633600353,12740061508,2026-09-25 13:00:05.945040,25/09/26,13:0:5
18267,0.2,18.267,197.07669568073575,12740079775,2026-09-25 13:00:24.212040,25/09/26,13:0:24
18335,0.2,18.335,196.3457867466594,12740098110,2026-09-25 13:00:42.547040,25/09/26,13:0:42
18213,0.2,18.213,197.66101136550816,12740116323,2026-09-25 13:01:00.760040,25/09/26,13:1:0
18341,0.2,18.341,196.28155498609672,12740134664,2026-09-25 13:01:19.101040,25/09/26,13:1:19
18569,0.19,18.569,193.87150627389735,12740153233,2026-09-25 13:01:37.670040,25/09/26,13:1:37
18756,0.19,18.756,191.93857965451056,12740171989,2026-09-25 13:01:56.426040,25/09/26,13:1:56
18827,0.19,18.827,191.21474478143094,12740190816,2026-09-25 13:02:15.253040,25/09/26,13:2:15
19076,0.19,19.076,188.7188089746278,12740209892,2026-09-25 13:02:34.329040,25/09/26,13:2:34
19078,0.19,19.078,188.69902505503723,12740228970,2026-09-25 13:02:53.407040,25/09/26,13:2:53
19024,0.19,19.024,189.23465096719931,12740247994,2026-09-25 13:03:12.431040,25/09/26,13:3:12
19237,0.19,19.237,187.13936684514218,12740267231,2026-09-25 13:03:31.668040,25/09/26,13:3:31
19160,0.19,19.16,187.89144050104383,12740286391,2026-09-25 13:03:50.828040,25/09/26,13:3:50
19086,0.19,19.086,188.6199308393587,12740305477,2026-09-25 13:04:09.914040,25/09/26,13:4:9
19307,0.19,19.307,186.46086911482882,12740324784,2026-09-25 13:04:29.221040,25/09/26,13:4:29
19327,0.19,19.327,186.26791535158068,12740344111,2026-09-25 13:04:48.548040,25/09/26,13:4:48
19194,0.19,19.194,187.5586120662707,12740363305,2026-09-25 13:05:07.742040,25/09/26,13:5:7
19428,0.19,19.428,185.2995676343422,12740382733,2026-09-25 13:05:27.170040,25/09/26,13:5:27
19408,0.19,19.408,185.49051937345425,12740402141,2026-09-25 13:05:46.578040,25/09/26,13:5:46
19384,0.19,19.384,185.72018159306646,12740421525,2026-09-25 13:06:05.962040,25/09/26,13:6:5
19533,0.18,19.533,184.30348640761787,12740441058,2026-09-25 13:06:25.495040,25/09/26,13:6:25
19546,0.18,19.546,184.18090657935127,12740460604,2026-09-25 13:06:45.041040,25/09/26,13:6:45
20487,0.17,20.487,175.72118904671254,12740481091,2026-09-25 13:07:05.528040,25/09/26,13:7:5
31251,0.12,31.251,115.19631371796102,12740512342,2026-09-25 13:07:36.779040,25/09/26,13:7:36
30949,0.12,30.949,116.32039807425119,12740543291,2026-09-25 13:08:07.728040,25/09/26,13:8:7
31201,0.12,31.201,115.38091727829236,12740574492,2026-09-25 13:08:38.929040,25/09/26,13:8:38
30927,0.12,30.927,116.40314288485789,12740605419,2026-09-25 13:09:09.856040,25/09/26,13:9:9
31082,0.12,31.082,115.82266263432211,12740636501,2026-09-25 13:09:40.938040,25/09/26,13:9:40
31061,0.12,31.061,115.9009690608802,12740667562,2026-09-25 13:10:11.999040,25/09/26,13:10:11
31164,0.12,31.164,115.51790527531767,12740698726,2026-09-25 13:10:43.163040,25/09/26,13:10:43
31195,0.12,31.195,115.4031094726719,12740729921,2026-09-25 13:11:14.358040,25/09/26,13:11:14
31160,0.12,31.16,115.53273427471117,12740761081,2026-09-25 13:11:45.518040,25/09/26,13:11:45
31298,0.12,31.298,115.02332417406863,12740792379,2026-09-25 13:12:16.816040,25/09/26,13:12:16
31781,0.11,31.781,113.2752273370882,12740824160,2026-09-25 13:12:48.597040,25/09/26,13:12:48
31730,0.11,31.73,113.45729593444689,12740855890,2026-09-25 13:13:20.327040,25/09/26,13:13:20
31744,0.11,31.744,113.40725806451613,12740887634,2026-09-25 13:13:52.071040,25/09/26,13:13:52
31648,0.11,31.648,113.75126390293225,12740919282,2026-09-25 13:14:23.719040,25/09/26,13:14:23
31702,0.11,31.702,113.55750425840641,12740950984,2026-09-25 13:14:55.421040,25/09/26,13:14:55
31775,0.11,31.775,113.29661683713611,12740982759,2026-09-25 13:15:27.196040,25/09/26,13:15:27
31880,0.11,31.88,112.92346298619825,12741014639,2026-09-25 13:15:59.076040,25/09/26,13:15:59
31602,0.11,31.602,113.91684070628442,12741046241,2026-09-25 13:16:30.678040,25/09/26,13:16:30
31623,0.11,31.623,113.84119153780476,12741077864,2026-09-25 13:17:02.301040,25/09/26,13:17:2
33707,0.11,33.707,106.80274127035928,12741111571,2026-09-25 13:17:36.008040,25/09/26,13:17:36
35669,0.1,35.669,100.92797667442316,12741147240,2026-09-25 13:18:11.677040,25/09/26,13:18:11
34094,0.1,34.094,105.59042646800023,12741181334,2026-09-25 13:18:45.771040,25/09/26,13:18:45
31906,0.11,31.906,112.83144236193819,12741213240,2026-09-25 13:19:17.677040,25/09/26,13:19:17
31953,0.11,31.953,112.66547741996057,12741245193,2026-09-25 13:19:49.630040,25/09/26,13:19:49
32177,0.11,32.177,111.88115734841656,12741277370,2026-09-25 13:20:21.807040,25/09/26,13:20:21
32724,0.11,32.724,110.01100110011001,12741310094,2026-09-25 13:20:54.531040,25/09/26,13:20:54
28748,0.12,28.748,125.2261026854042,12741338842,2026-09-25 13:21:23.279040,25/09/26,13:21:23
6617,0.54,6.617,544.0531963125284,12741345459,2026-09-25 13:21:29.896040,25/09/26,13:21:29
1448,2.49,1.448,2486.1878453038676,12741346907,2026-09-25 13:21:31.344040,25/09/26,13:21:31
1450,2.48,1.45,2482.7586206896553,12741348357,2026-09-25 13:21:32.794040,25/09/26,13:21:32
1451,2.48,1.451,2481.0475534114403,12741349808,2026-09-25 13:21:34.245040,25/09/26,13:21:34
1455,2.47,1.455,2474.226804123711,12741351263,2026-09-25 13:21:35.700040,25/09/26,13:21:35
1450,2.48,1.45,2482.7586206896553,12741352713,2026-09-25 13:21:37.150040,25/09/26,13:21:37
1447,2.49,1.447,2487.90601243953,12741354160,2026-09-25 13:21:38.597040,25/09/26,13:21:38
1451,2.48,1.451,2481.0475534114403,12741355611,2026-09-25 13:21:40.048040,25/09/26,13:21:40
1454,2.47,1.454,2475.9284731774414,12741357065,2026-09-25 13:21:41.502040,25/09/26,13:21:41
1472,2.44,1.472,2445.6521739130435,12741358537,2026-09-25 13:21:42.974040,25/09/26,13:21:42
1471,2.45,1.471,2447.3147518694764,12741360008,2026-09-25 13:21:44.445040,25/09/26,13:21:44
1469,2.45,1.469,2450.646698434309,12741361477,2026-09-25 13:21:45.914040,25/09/26,13:21:45
1468,2.45,1.468,2452.316076294278,12741362945,2026-09-25 13:21:47.382040,25/09/26,13:21:47
1471,2.45,1.471,2447.3147518694764,12741364416,2026-09-25 13:21:48.853040,25/09/26,13:21:48
1478,2.43,1.478,2435.723951285521,12741365894,2026-09-25 13:21:50.331040,25/09/26,13:21:50
1476,2.44,1.476,2439.0243902439024,12741367370,2026-09-25 13:21:51.807040,25/09/26,13:21:51
1477,2.44,1.477,2437.3730534867977,12741368847,2026-09-25 13:21:53.284040,25/09/26,13:21:53
1477,2.44,1.477,2437.3730534867977,12741370324,2026-09-25 13:21:54.761040,25/09/26,13:21:54
1479,2.43,1.479,2434.077079107505,12741371803,2026-09-25 13:21:56.240040,25/09/26,13:21:56
1482,2.43,1.482,2429.1497975708503,12741373285,2026-09-25 13:21:57.722040,25/09/26,13:21:57
1481,2.43,1.481,2430.7900067521946,12741374766,2026-09-25 13:21:59.203040,25/09/26,13:21:59
1484,2.42,1.484,2425.876010781671,12741376250,2026-09-25 13:22:00.687040,25/09/26,13:22:0
1489,2.42,1.489,2417.73002014775,12741377739,2026-09-25 13:22:02.176040,25/09/26,13:22:2
1479,2.43,1.479,2434.077079107505,12741379218,2026-09-25 13:22:03.655040,25/09/26,13:22:3
1485,2.42,1.485,2424.242424242424,12741380703,2026-09-25 13:22:05.140040,25/09/26,13:22:5
1487,2.42,1.487,2420.9818426361803,12741382190,2026-09-25 13:22:06.627040,25/09/26,13:22:6
1488,2.42,1.488,2419.3548387096776,12741383678,2026-09-25 13:22:08.115040,25/09/26,13:22:8
1488,2.42,1.488,2419.3548387096776,12741385166,2026-09-25 13:22:09.603040,25/09/26,13:22:9
1490,2.42,1.49,2416.1073825503354,12741386656,2026-09-25 13:22:11.093040,25/09/26,13:22:11
1494,2.41,1.494,2409.6385542168673,12741388150,2026-09-25 13:22:12.587040,25/09/26,13:22:12
1489,2.42,1.489,2417.73002014775,12741389639,2026-09-25 13:22:14.076040,25/09/26,13:22:14
1497,2.4,1.497,2404.809619238477,12741391136,2026-09-25 13:22:15.573040,25/09/26,13:22:15
1499,2.4,1.499,2401.601067378252,12741392635,2026-09-25 13:22:17.072040,25/09/26,13:22:17
1499,2.4,1.499,2401.601067378252,12741394134,2026-09-25 13:22:18.571040,25/09/26,13:22:18
1494,2.41,1.494,2409.6385542168673,12741395628,2026-09-25 13:22:20.065040,25/09/26,13:22:20
1495,2.41,1.495,2408.0267558528426,12741397123,2026-09-25 13:22:21.560040,25/09/26,13:22:21
1498,2.4,1.498,2403.2042723631507,12741398621,2026-09-25 13:22:23.058040,25/09/26,13:22:23
1501,2.4,1.501,2398.4010659560295,12741400122,2026-09-25 13:22:24.559040,25/09/26,13:22:24
1501,2.4,1.501,2398.4010659560295,12741401623,2026-09-25 13:22:26.060040,25/09/26,13:22:26
1504,2.39,1.504,2393.6170212765956,12741403127,2026-09-25 13:22:27.564040,25/09/26,13:22:27
1502,2.4,1.502,2396.804260985353,12741404629,2026-09-25 13:22:29.066040,25/09/26,13:22:29
1505,2.39,1.505,2392.0265780730897,12741406134,2026-09-25 13:22:30.571040,25/09/26,13:22:30
1508,2.39,1.508,2387.2679045092837,12741407642,2026-09-25 13:22:32.079040,25/09/26,13:22:32
1507,2.39,1.507,2388.8520238885203,12741409149,2026-09-25 13:22:33.586040,25/09/26,13:22:33
1512,2.38,1.512,2380.9523809523807,12741410661,2026-09-25 13:22:35.098040,25/09/26,13:22:35
1507,2.39,1.507,2388.8520238885203,12741412168,2026-09-25 13:22:36.605040,25/09/26,13:22:36
1508,2.39,1.508,2387.2679045092837,12741413676,2026-09-25 13:22:38.113040,25/09/26,13:22:38
1509,2.38,1.509,2385.685884691849,12741415185,2026-09-25 13:22:39.622040,25/09/26,13:22:39
1509,2.38,1.509,2385.685884691849,12741416694,2026-09-25 13:22:41.131040,25/09/26,13:22:41
1510,2.38,1.51,2384.1059602649007,12741418204,2026-09-25 13:22:42.641040,25/09/26,13:22:42
1512,2.38,1.512,2380.9523809523807,12741419716,2026-09-25 13:22:44.153040,25/09/26,13:22:44
1510,2.38,1.51,2384.1059602649007,12741421226,2026-09-25 13:22:45.663040,25/09/26,13:22:45
1509,2.38,1.509,2385.685884691849,12741422735,2026-09-25 13:22:47.172040,25/09/26,13:22:47
1515,2.38,1.515,2376.237623762376,12741424250,2026-09-25 13:22:48.687040,25/09/26,13:22:48
1512,2.38,1.512,2380.9523809523807,12741425762,2026-09-25 13:22:50.199040,25/09/26,13:22:50
1512,2.38,1.512,2380.9523809523807,12741427274,2026-09-25 13:22:51.711040,25/09/26,13:22:51
1509,2.38,1.509,2385.685884691849,12741428783,2026-09-25 13:22:53.220040,25/09/26,13:22:53
1512,2.38,1.512,2380.9523809523807,12741430295,2026-09-25 13:22:54.732040,25/09/26,13:22:54
1510,2.38,1.51,2384.1059602649007,12741431805,2026-09-25 13:22:56.242040,25/09/26,13:22:56
1512,2.38,1.512,2380.9523809523807,12741433317,2026-09-25 13:22:57.754040,25/09/26,13:22:57
1513,2.38,1.513,2379.3787177792465,12741434830,2026-09-25 13:22:59.267040,25/09/26,13:22:59
1513,2.38,1.513,2379.3787177792465,12741436343,2026-09-25 13:23:00.780040,25/09/26,13:23:0
1513,2.38,1.513,2379.3787177792465,12741437856,2026-09-25 13:23:02.293040,25/09/26,13:23:2
1500,2.4,1.5,2400.0,12741439356,2026-09-25 13:23:03.793040,25/09/26,13:23:3
1501,2.4,1.501,2398.4010659560295,12741440857,2026-09-25 13:23:05.294040,25/09/26,13:23:5
1501,2.4,1.501,2398.4010659560295,12741442358,2026-09-25 13:23:06.795040,25/09/26,13:23:6
1505,2.39,1.505,2392.0265780730897,12741443863,2026-09-25 13:23:08.300040,25/09/26,13:23:8
1503,2.39,1.503,2395.2095808383233,12741445366,2026-09-25 13:23:09.803040,25/09/26,13:23:9
1503,2.39,1.503,2395.2095808383233,12741446869,2026-09-25 13:23:11.306040,25/09/26,13:23:11
1505,2.39,1.505,2392.0265780730897,12741448374,2026-09-25 13:23:12.811040,25/09/26,13:23:12
1502,2.4,1.502,2396.804260985353,12741449876,2026-09-25 13:23:14.313040,25/09/26,13:23:14
1502,2.4,1.502,2396.804260985353,12741451378,2026-09-25 13:23:15.815040,25/09/26,13:23:15
1501,2.4,1.501,2398.4010659560295,12741452879,2026-09-25 13:23:17.316040,25/09/26,13:23:17
1503,2.39,1.503,2395.2095808383233,12741454382,2026-09-25 13:23:18.819040,25/09/26,13:23:18
1506,2.39,1.506,2390.438247011952,12741455888,2026-09-25 13:23:20.325040,25/09/26,13:23:20
1502,2.4,1.502,2396.804260985353,12741457390,2026-09-25 13:23:21.827040,25/09/26,13:23:21
1500,2.4,1.5,2400.0,12741458890,2026-09-25 13:23:23.327040,25/09/26,13:23:23
1505,2.39,1.505,2392.0265780730897,12741460395,2026-09-25 13:23:24.832040,25/09/26,13:23:24
1501,2.4,1.501,2398.4010659560295,12741461896,2026-09-25 13:23:26.333040,25/09/26,13:23:26
1495,2.41,1.495,2408.0267558528426,12741463391,2026-09-25 13:23:27.828040,25/09/26,13:23:27
1496,2.41,1.496,2406.4171122994653,12741464887,2026-09-25 13:23:29.324040,25/09/26,13:23:29
1497,2.4,1.497,2404.809619238477,12741466384,2026-09-25 13:23:30.821040,25/09/26,13:23:30
1501,2.4,1.501,2398.4010659560295,12741467885,2026-09-25 13:23:32.322040,25/09/26,13:23:32
1495,2.41,1.495,2408.0267558528426,12741469380,2026-09-25 13:23:33.817040,25/09/26,13:23:33
1500,2.4,1.5,2400.0,12741470880,2026-09-25 13:23:35.317040,25/09/26,13:23:35
1498,2.4,1.498,2403.2042723631507,12741472378,2026-09-25 13:23:36.815040,25/09/26,13:23:36
1501,2.4,1.501,2398.4010659560295,12741473879,2026-09-25 13:23:38.316040,25/09/26,13:23:38
1502,2.4,1.502,2396.804260985353,12741475381,2026-09-25 13:23:39.818040,25/09/26,13:23:39
1503,2.39,1.503,2395.2095808383233,12741476884,2026-09-25 13:23:41.321040,25/09/26,13:23:41
1507,2.39,1.507,2388.8520238885203,12741478391,2026-09-25 13:23:42.828040,25/09/26,13:23:42
1502,2.4,1.502,2396.804260985353,12741479893,2026-09-25 13:23:44.330040,25/09/26,13:23:44
1505,2.39,1.505,2392.0265780730897,12741481398,2026-09-25 13:23:45.835040,25/09/26,13:23:45
1502,2.4,1.502,2396.804260985353,12741482900,2026-09-25 13:23:47.337040,25/09/26,13:23:47
1499,2.4,1.499,2401.601067378252,12741484399,2026-09-25 13:23:48.836040,25/09/26,13:23:48
1496,2.41,1.496,2406.4171122994653,12741485895,2026-09-25 13:23:50.332040,25/09/26,13:23:50
1500,2.4,1.5,2400.0,12741487395,2026-09-25 13:23:51.832040,25/09/26,13:23:51
1500,2.4,1.5,2400.0,12741488895,2026-09-25 13:23:53.332040,25/09/26,13:23:53
1504,2.39,1.504,2393.6170212765956,12741490399,2026-09-25 13:23:54.836040,25/09/26,13:23:54
1500,2.4,1.5,2400.0,12741491899,2026-09-25 13:23:56.336040,25/09/26,13:23:56
1501,2.4,1.501,2398.4010659560295,12741493400,2026-09-25 13:23:57.837040,25/09/26,13:23:57
1498,2.4,1.498,2403.2042723631507,12741494898,2026-09-25 13:23:59.335040,25/09/26,13:23:59
1498,2.4,1.498,2403.2042723631507,12741496396,2026-09-25 13:24:00.833040,25/09/26,13:24:0
1504,2.39,1.504,2393.6170212765956,12741497900,2026-09-25 13:24:02.337040,25/09/26,13:24:2
1490,2.42,1.49,2416.1073825503354,12741499390,2026-09-25 13:24:03.827040,25/09/26,13:24:3
1497,2.4,1.497,2404.809619238477,12741500887,2026-09-25 13:24:05.324040,25/09/26,13:24:5
1501,2.4,1.501,2398.4010659560295,12741502388,2026-09-25 13:24:06.825040,25/09/26,13:24:6
1504,2.39,1.504,2393.6170212765956,12741503892,2026-09-25 13:24:08.329040,25/09/26,13:24:8
1499,2.4,1.499,2401.601067378252,12741505391,2026-09-25 13:24:09.828040,25/09/26,13:24:9
1504,2.39,1.504,2393.6170212765956,12741506895,2026-09-25 13:24:11.332040,25/09/26,13:24:11
1507,2.39,1.507,2388.8520238885203,12741508402,2026-09-25 13:24:12.839040,25/09/26,13:24:12
1505,2.39,1.505,2392.0265780730897,12741509907,2026-09-25 13:24:14.344040,25/09/26,13:24:14
1506,2.39,1.506,2390.438247011952,12741511413,2026-09-25 13:24:15.850040,25/09/26,13:24:15
1507,2.39,1.507,2388.8520238885203,12741512920,2026-09-25 13:24:17.357040,25/09/26,13:24:17
1506,2.39,1.506,2390.438247011952,12741514426,2026-09-25 13:24:18.863040,25/09/26,13:24:18
1504,2.39,1.504,2393.6170212765956,12741515930,2026-09-25 13:24:20.367040,25/09/26,13:24:20
1506,2.39,1.506,2390.438247011952,12741517436,2026-09-25 13:24:21.873040,25/09/26,13:24:21
1498,2.4,1.498,2403.2042723631507,12741518934,2026-09-25 13:24:23.371040,25/09/26,13:24:23
1506,2.39,1.506,2390.438247011952,12741520440,2026-09-25 13:24:24.877040,25/09/26,13:24:24
1503,2.39,1.503,2395.2095808383233,12741521943,2026-09-25 13:24:26.380040,25/09/26,13:24:26
1504,2.39,1.504,2393.6170212765956,12741523447,2026-09-25 13:24:27.884040,25/09/26,13:24:27
1502,2.4,1.502,2396.804260985353,12741524949,2026-09-25 13:24:29.386040,25/09/26,13:24:29
1505,2.39,1.505,2392.0265780730897,12741526454,2026-09-25 13:24:30.891040,25/09/26,13:24:30
1507,2.39,1.507,2388.8520238885203,12741527961,2026-09-25 13:24:32.398040,25/09/26,13:24:32
1502,2.4,1.502,2396.804260985353,12741529463,2026-09-25 13:24:33.900040,25/09/26,13:24:33
1505,2.39,1.505,2392.0265780730897,12741530968,2026-09-25 13:24:35.405040,25/09/26,13:24:35
1498,2.4,1.498,2403.2042723631507,12741532466,2026-09-25 13:24:36.903040,25/09/26,13:24:36
1500,2.4,1.5,2400.0,12741533966,2026-09-25 13:24:38.403040,25/09/26,13:24:38
1501,2.4,1.501,2398.4010659560295,12741535467,2026-09-25 13:24:39.904040,25/09/26,13:24:39
1501,2.4,1.501,2398.4010659560295,12741536968,2026-09-25 13:24:41.405040,25/09/26,13:24:41
1498,2.4,1.498,2403.2042723631507,12741538466,2026-09-25 13:24:42.903040,25/09/26,13:24:42
1499,2.4,1.499,2401.601067378252,12741539965,2026-09-25 13:24:44.402040,25/09/26,13:24:44
1498,2.4,1.498,2403.2042723631507,12741541463,2026-09-25 13:24:45.900040,25/09/26,13:24:45
1500,2.4,1.5,2400.0,12741542963,2026-09-25 13:24:47.400040,25/09/26,13:24:47
1499,2.4,1.499,2401.601067378252,12741544462,2026-09-25 13:24:48.899040,25/09/26,13:24:48
1499,2.4,1.499,2401.601067378252,12741545961,2026-09-25 13:24:50.398040,25/09/26,13:24:50
1502,2.4,1.502,2396.804260985353,12741547463,2026-09-25 13:24:51.900040,25/09/26,13:24:51
1496,2.41,1.496,2406.4171122994653,12741548959,2026-09-25 13:24:53.396040,25/09/26,13:24:53
1507,2.39,1.507,2388.8520238885203,12741550466,2026-09-25 13:24:54.903040,25/09/26,13:24:54
1498,2.4,1.498,2403.2042723631507,12741551964,2026-09-25 13:24:56.401040,25/09/26,13:24:56
1500,2.4,1.5,2400.0,12741553464,2026-09-25 13:24:57.901040,25/09/26,13:24:57
1499,2.4,1.499,2401.601067378252,12741554963,2026-09-25 13:24:59.400040,25/09/26,13:24:59
1504,2.39,1.504,2393.6170212765956,12741556467,2026-09-25 13:25:00.904040,25/09/26,13:25:0
1508,2.39,1.508,2387.2679045092837,12741557975,2026-09-25 13:25:02.412040,25/09/26,13:25:2
1494,2.41,1.494,2409.6385542168673,12741559469,2026-09-25 13:25:03.906040,25/09/26,13:25:3
1502,2.4,1.502,2396.804260985353,12741560971,2026-09-25 13:25:05.408040,25/09/26,13:25:5
1495,2.41,1.495,2408.0267558528426,12741562466,2026-09-25 13:25:06.903040,25/09/26,13:25:6
1497,2.4,1.497,2404.809619238477,12741563963,2026-09-25 13:25:08.400040,25/09/26,13:25:8
1498,2.4,1.498,2403.2042723631507,12741565461,2026-09-25 13:25:09.898040,25/09/26,13:25:9
1499,2.4,1.499,2401.601067378252,12741566960,2026-09-25 13:25:11.397040,25/09/26,13:25:11
1494,2.41,1.494,2409.6385542168673,12741568454,2026-09-25 13:25:12.891040,25/09/26,13:25:12
1495,2.41,1.495,2408.0267558528426,12741569949,2026-09-25 13:25:14.386040,25/09/26,13:25:14
1502,2.4,1.502,2396.804260985353,12741571451,2026-09-25 13:25:15.888040,25/09/26,13:25:15
1503,2.39,1.503,2395.2095808383233,12741572954,2026-09-25 13:25:17.391040,25/09/26,13:25:17
1500,2.4,1.5,2400.0,12741574454,2026-09-25 13:25:18.891040,25/09/26,13:25:18
1496,2.41,1.496,2406.4171122994653,12741575950,2026-09-25 13:25:20.387040,25/09/26,13:25:20
1497,2.4,1.497,2404.809619238477,12741577447,2026-09-25 13:25:21.884040,25/09/26,13:25:21
1490,2.42,1.49,2416.1073825503354,12741578937,2026-09-25 13:25:23.374040,25/09/26,13:25:23
1501,2.4,1.501,2398.4010659560295,12741580438,2026-09-25 13:25:24.875040,25/09/26,13:25:24
1496,2.41,1.496,2406.4171122994653,12741581934,2026-09-25 13:25:26.371040,25/09/26,13:25:26
1498,2.4,1.498,2403.2042723631507,12741583432,2026-09-25 13:25:27.869040,25/09/26,13:25:27
1498,2.4,1.498,2403.2042723631507,12741584930,2026-09-25 13:25:29.367040,25/09/26,13:25:29
1496,2.41,1.496,2406.4171122994653,12741586426,2026-09-25 13:25:30.863040,25/09/26,13:25:30
1504,2.39,1.504,2393.6170212765956,12741587930,2026-09-25 13:25:32.367040,25/09/26,13:25:32
1498,2.4,1.498,2403.2042723631507,12741589428,2026-09-25 13:25:33.865040,25/09/26,13:25:33
1509,2.38,1.509,2385.685884691849,12741590937,2026-09-25 13:25:35.374040,25/09/26,13:25:35
1490,2.42,1.49,2416.1073825503354,12741592427,2026-09-25 13:25:36.864040,25/09/26,13:25:36
1491,2.41,1.491,2414.486921529175,12741593918,2026-09-25 13:25:38.355040,25/09/26,13:25:38
1497,2.4,1.497,2404.809619238477,12741595415,2026-09-25 13:25:39.852040,25/09/26,13:25:39
1498,2.4,1.498,2403.2042723631507,12741596913,2026-09-25 13:25:41.350040,25/09/26,13:25:41
1493,2.41,1.493,2411.2525117213663,12741598406,2026-09-25 13:25:42.843040,25/09/26,13:25:42
1495,2.41,1.495,2408.0267558528426,12741599901,2026-09-25 13:25:44.338040,25/09/26,13:25:44
1496,2.41,1.496,2406.4171122994653,12741601397,2026-09-25 13:25:45.834040,25/09/26,13:25:45
1496,2.41,1.496,2406.4171122994653,12741602893,2026-09-25 13:25:47.330040,25/09/26,13:25:47
1491,2.41,1.491,2414.486921529175,12741604384,2026-09-25 13:25:48.821040,25/09/26,13:25:48
1491,2.41,1.491,2414.486921529175,12741605875,2026-09-25 13:25:50.312040,25/09/26,13:25:50
1495,2.41,1.495,2408.0267558528426,12741607370,2026-09-25 13:25:51.807040,25/09/26,13:25:51
1490,2.42,1.49,2416.1073825503354,12741608860,2026-09-25 13:25:53.297040,25/09/26,13:25:53
1495,2.41,1.495,2408.0267558528426,12741610355,2026-09-25 13:25:54.792040,25/09/26,13:25:54
1489,2.42,1.489,2417.73002014775,12741611844,2026-09-25 13:25:56.281040,25/09/26,13:25:56
1492,2.41,1.492,2412.868632707775,12741613336,2026-09-25 13:25:57.773040,25/09/26,13:25:57
1682,2.14,1.682,2140.309155766944,12741615018,2026-09-25 13:25:59.455040,25/09/26,13:25:59
3675,0.98,3.675,979.5918367346939,12741618693,2026-09-25 13:26:03.130040,25/09/26,13:26:3
3661,0.98,3.661,983.3378858235454,12741622354,2026-09-25 13:26:06.791040,25/09/26,13:26:6
1936,1.86,1.936,1859.504132231405,12741624290,2026-09-25 13:26:08.727040,25/09/26,13:26:8
1464,2.46,1.464,2459.0163934426228,12741625754,2026-09-25 13:26:10.191040,25/09/26,13:26:10
1803,2.0,1.803,1996.6722129783693,12741627557,2026-09-25 13:26:11.994040,25/09/26,13:26:11
3748,0.96,3.748,960.5122732123799,12741631305,2026-09-25 13:26:15.742040,25/09/26,13:26:15
1651,2.18,1.651,2180.496668685645,12741632956,2026-09-25 13:26:17.393040,25/09/26,13:26:17
1549,2.32,1.549,2324.080051646223,12741634505,2026-09-25 13:26:18.942040,25/09/26,13:26:18
3553,1.01,3.553,1013.2282578103011,12741638058,2026-09-25 13:26:22.495040,25/09/26,13:26:22
2051,1.75,2.051,1755.2413456850318,12741640109,2026-09-25 13:26:24.546040,25/09/26,13:26:24
1478,2.43,1.478,2435.723951285521,12741641587,2026-09-25 13:26:26.024040,25/09/26,13:26:26
1751,2.06,1.751,2055.9680182752713,12741643338,2026-09-25 13:26:27.775040,25/09/26,13:26:27
3751,0.96,3.751,959.7440682484671,12741647089,2026-09-25 13:26:31.526040,25/09/26,13:26:31
1698,2.12,1.698,2120.141342756184,12741648787,2026-09-25 13:26:33.224040,25/09/26,13:26:33
1526,2.36,1.526,2359.1087811271295,12741650313,2026-09-25 13:26:34.750040,25/09/26,13:26:34
2713,1.33,2.713,1326.9443420567636,12741653026,2026-09-25 13:26:37.463040,25/09/26,13:26:37
3056,1.18,3.056,1178.0104712041884,12741656082,2026-09-25 13:26:40.519040,25/09/26,13:26:40
3635,0.99,3.635,990.3713892709766,12741659717,2026-09-25 13:26:44.154040,25/09/26,13:26:44
3755,0.96,3.755,958.7217043941412,12741663472,2026-09-25 13:26:47.909040,25/09/26,13:26:47
1607,2.24,1.607,2240.19912881145,12741665079,2026-09-25 13:26:49.516040,25/09/26,13:26:49
1591,2.26,1.591,2262.727844123193,12741666670,2026-09-25 13:26:51.107040,25/09/26,13:26:51
3621,0.99,3.621,994.2004971002485,12741670291,2026-09-25 13:26:54.728040,25/09/26,13:26:54
3679,0.98,3.679,978.5267735797771,12741673970,2026-09-25 13:26:58.407040,25/09/26,13:26:58
1656,2.17,1.656,2173.913043478261,12741675626,2026-09-25 13:27:00.063040,25/09/26,13:27:0
1480,2.43,1.48,2432.4324324324325,12741677106,2026-09-25 13:27:01.543040,25/09/26,13:27:1
1478,2.43,1.478,2435.723951285521,12741678584,2026-09-25 13:27:03.021040,25/09/26,13:27:3
1476,2.44,1.476,2439.0243902439024,12741680060,2026-09-25 13:27:04.497040,25/09/26,13:27:4
1477,2.44,1.477,2437.3730534867977,12741681537,2026-09-25 13:27:05.974040,25/09/26,13:27:5
1481,2.43,1.481,2430.7900067521946,12741683018,2026-09-25 13:27:07.455040,25/09/26,13:27:7
1484,2.42,1.484,2425.876010781671,12741684502,2026-09-25 13:27:08.939040,25/09/26,13:27:8
1485,2.42,1.485,2424.242424242424,12741685987,2026-09-25 13:27:10.424040,25/09/26,13:27:10
1495,2.41,1.495,2408.0267558528426,12741687482,2026-09-25 13:27:11.919040,25/09/26,13:27:11
1489,2.42,1.489,2417.73002014775,12741688971,2026-09-25 13:27:13.408040,25/09/26,13:27:13
1493,2.41,1.493,2411.2525117213663,12741690464,2026-09-25 13:27:14.901040,25/09/26,13:27:14
1489,2.42,1.489,2417.73002014775,12741691953,2026-09-25 13:27:16.390040,25/09/26,13:27:16
1492,2.41,1.492,2412.868632707775,12741693445,2026-09-25 13:27:17.882040,25/09/26,13:27:17
1494,2.41,1.494,2409.6385542168673,12741694939,2026-09-25 13:27:19.376040,25/09/26,13:27:19
1493,2.41,1.493,2411.2525117213663,12741696432,2026-09-25 13:27:20.869040,25/09/26,13:27:20
1497,2.4,1.497,2404.809619238477,12741697929,2026-09-25 13:27:22.366040,25/09/26,13:27:22
1488,2.42,1.488,2419.3548387096776,12741699417,2026-09-25 13:27:23.854040,25/09/26,13:27:23
1498,2.4,1.498,2403.2042723631507,12741700915,2026-09-25 13:27:25.352040,25/09/26,13:27:25
1487,2.42,1.487,2420.9818426361803,12741702402,2026-09-25 13:27:26.839040,25/09/26,13:27:26
1483,2.43,1.483,2427.5118004045853,12741703885,2026-09-25 13:27:28.322040,25/09/26,13:27:28
1489,2.42,1.489,2417.73002014775,12741705374,2026-09-25 13:27:29.811040,25/09/26,13:27:29
1491,2.41,1.491,2414.486921529175,12741706865,2026-09-25 13:27:31.302040,25/09/26,13:27:31
1488,2.42,1.488,2419.3548387096776,12741708353,2026-09-25 13:27:32.790040,25/09/26,13:27:32
1487,2.42,1.487,2420.9818426361803,12741709840,2026-09-25 13:27:34.277040,25/09/26,13:27:34
1488,2.42,1.488,2419.3548387096776,12741711328,2026-09-25 13:27:35.765040,25/09/26,13:27:35
1485,2.42,1.485,2424.242424242424,12741712813,2026-09-25 13:27:37.250040,25/09/26,13:27:37
1483,2.43,1.483,2427.5118004045853,12741714296,2026-09-25 13:27:38.733040,25/09/26,13:27:38
1482,2.43,1.482,2429.1497975708503,12741715778,2026-09-25 13:27:40.215040,25/09/26,13:27:40
1489,2.42,1.489,2417.73002014775,12741717267,2026-09-25 13:27:41.704040,25/09/26,13:27:41
1484,2.42,1.484,2425.876010781671,12741718751,2026-09-25 13:27:43.188040,25/09/26,13:27:43
1490,2.42,1.49,2416.1073825503354,12741720241,2026-09-25 13:27:44.678040,25/09/26,13:27:44
1486,2.42,1.486,2422.6110363391654,12741721727,2026-09-25 13:27:46.164040,25/09/26,13:27:46
1492,2.41,1.492,2412.868632707775,12741723219,2026-09-25 13:27:47.656040,25/09/26,13:27:47
1489,2.42,1.489,2417.73002014775,12741724708,2026-09-25 13:27:49.145040,25/09/26,13:27:49
1486,2.42,1.486,2422.6110363391654,12741726194,2026-09-25 13:27:50.631040,25/09/26,13:27:50
1495,2.41,1.495,2408.0267558528426,12741727689,2026-09-25 13:27:52.126040,25/09/26,13:27:52
1486,2.42,1.486,2422.6110363391654,12741729175,2026-09-25 13:27:53.612040,25/09/26,13:27:53
1493,2.41,1.493,2411.2525117213663,12741730668,2026-09-25 13:27:55.105040,25/09/26,13:27:55
1488,2.42,1.488,2419.3548387096776,12741732156,2026-09-25 13:27:56.593040,25/09/26,13:27:56
1489,2.42,1.489,2417.73002014775,12741733645,2026-09-25 13:27:58.082040,25/09/26,13:27:58
1488,2.42,1.488,2419.3548387096776,12741735133,2026-09-25 13:27:59.570040,25/09/26,13:27:59
1486,2.42,1.486,2422.6110363391654,12741736619,2026-09-25 13:28:01.056040,25/09/26,13:28:1
1486,2.42,1.486,2422.6110363391654,12741738105,2026-09-25 13:28:02.542040,25/09/26,13:28:2
1478,2.43,1.478,2435.723951285521,12741739583,2026-09-25 13:28:04.020040,25/09/26,13:28:4
1488,2.42,1.488,2419.3548387096776,12741741071,2026-09-25 13:28:05.508040,25/09/26,13:28:5
1482,2.43,1.482,2429.1497975708503,12741742553,2026-09-25 13:28:06.990040,25/09/26,13:28:6
1481,2.43,1.481,2430.7900067521946,12741744034,2026-09-25 13:28:08.471040,25/09/26,13:28:8
1482,2.43,1.482,2429.1497975708503,12741745516,2026-09-25 13:28:09.953040,25/09/26,13:28:9
1481,2.43,1.481,2430.7900067521946,12741746997,2026-09-25 13:28:11.434040,25/09/26,13:28:11
1477,2.44,1.477,2437.3730534867977,12741748474,2026-09-25 13:28:12.911040,25/09/26,13:28:12
1480,2.43,1.48,2432.4324324324325,12741749954,2026-09-25 13:28:14.391040,25/09/26,13:28:14
1483,2.43,1.483,2427.5118004045853,12741751437,2026-09-25 13:28:15.874040,25/09/26,13:28:15
1484,2.42,1.484,2425.876010781671,12741752921,2026-09-25 13:28:17.358040,25/09/26,13:28:17
1480,2.43,1.48,2432.4324324324325,12741754401,2026-09-25 13:28:18.838040,25/09/26,13:28:18
1475,2.44,1.475,2440.677966101695,12741755876,2026-09-25 13:28:20.313040,25/09/26,13:28:20
1482,2.43,1.482,2429.1497975708503,12741757358,2026-09-25 13:28:21.795040,25/09/26,13:28:21
1476,2.44,1.476,2439.0243902439024,12741758834,2026-09-25 13:28:23.271040,25/09/26,13:28:23
1479,2.43,1.479,2434.077079107505,12741760313,2026-09-25 13:28:24.750040,25/09/26,13:28:24
1481,2.43,1.481,2430.7900067521946,12741761794,2026-09-25 13:28:26.231040,25/09/26,13:28:26
1481,2.43,1.481,2430.7900067521946,12741763275,2026-09-25 13:28:27.712040,25/09/26,13:28:27
1483,2.43,1.483,2427.5118004045853,12741764758,2026-09-25 13:28:29.195040,25/09/26,13:28:29
1483,2.43,1.483,2427.5118004045853,12741766241,2026-09-25 13:28:30.678040,25/09/26,13:28:30
1487,2.42,1.487,2420.9818426361803,12741767728,2026-09-25 13:28:32.165040,25/09/26,13:28:32
1478,2.43,1.478,2435.723951285521,12741769206,2026-09-25 13:28:33.643040,25/09/26,13:28:33
1482,2.43,1.482,2429.1497975708503,12741770688,2026-09-25 13:28:35.125040,25/09/26,13:28:35
1482,2.43,1.482,2429.1497975708503,12741772170,2026-09-25 13:28:36.607040,25/09/26,13:28:36
1479,2.43,1.479,2434.077079107505,12741773649,2026-09-25 13:28:38.086040,25/09/26,13:28:38
1476,2.44,1.476,2439.0243902439024,12741775125,2026-09-25 13:28:39.562040,25/09/26,13:28:39
1473,2.44,1.473,2443.9918533604887,12741776598,2026-09-25 13:28:41.035040,25/09/26,13:28:41
1478,2.43,1.478,2435.723951285521,12741778076,2026-09-25 13:28:42.513040,25/09/26,13:28:42
1472,2.44,1.472,2445.6521739130435,12741779548,2026-09-25 13:28:43.985040,25/09/26,13:28:43
1476,2.44,1.476,2439.0243902439024,12741781024,2026-09-25 13:28:45.461040,25/09/26,13:28:45
1476,2.44,1.476,2439.0243902439024,12741782500,2026-09-25 13:28:46.937040,25/09/26,13:28:46
1475,2.44,1.475,2440.677966101695,12741783975,2026-09-25 13:28:48.412040,25/09/26,13:28:48
1478,2.43,1.478,2435.723951285521,12741785453,2026-09-25 13:28:49.890040,25/09/26,13:28:49
1473,2.44,1.473,2443.9918533604887,12741786926,2026-09-25 13:28:51.363040,25/09/26,13:28:51
1474,2.44,1.474,2442.3337856173675,12741788400,2026-09-25 13:28:52.837040,25/09/26,13:28:52
1475,2.44,1.475,2440.677966101695,12741789875,2026-09-25 13:28:54.312040,25/09/26,13:28:54
1477,2.44,1.477,2437.3730534867977,12741791352,2026-09-25 13:28:55.789040,25/09/26,13:28:55
1478,2.43,1.478,2435.723951285521,12741792830,2026-09-25 13:28:57.267040,25/09/26,13:28:57
1472,2.44,1.472,2445.6521739130435,12741794302,2026-09-25 13:28:58.739040,25/09/26,13:28:58
1471,2.45,1.471,2447.3147518694764,12741795773,2026-09-25 13:29:00.210040,25/09/26,13:29:0
1476,2.44,1.476,2439.0243902439024,12741797249,2026-09-25 13:29:01.686040,25/09/26,13:29:1
1473,2.44,1.473,2443.9918533604887,12741798722,2026-09-25 13:29:03.159040,25/09/26,13:29:3
1473,2.44,1.473,2443.9918533604887,12741800195,2026-09-25 13:29:04.632040,25/09/26,13:29:4
1469,2.45,1.469,2450.646698434309,12741801664,2026-09-25 13:29:06.101040,25/09/26,13:29:6
1470,2.45,1.47,2448.9795918367345,12741803134,2026-09-25 13:29:07.571040,25/09/26,13:29:7
1472,2.44,1.472,2445.6521739130435,12741804606,2026-09-25 13:29:09.043040,25/09/26,13:29:9
1478,2.43,1.478,2435.723951285521,12741806084,2026-09-25 13:29:10.521040,25/09/26,13:29:10
1478,2.43,1.478,2435.723951285521,12741807562,2026-09-25 13:29:11.999040,25/09/26,13:29:11
1470,2.45,1.47,2448.9795918367345,12741809032,2026-09-25 13:29:13.469040,25/09/26,13:29:13
7470,0.48,7.47,481.9277108433735,12741816502,2026-09-25 13:29:20.939040,25/09/26,13:29:20
19020,0.19,19.02,189.2744479495268,12741835522,2026-09-25 13:29:39.959040,25/09/26,13:29:39
18922,0.19,18.922,190.25472994398055,12741854444,2026-09-25 13:29:58.881040,25/09/26,13:29:58
19030,0.19,19.03,189.17498686284813,12741873474,2026-09-25 13:30:17.911040,25/09/26,13:30:17
18907,0.19,18.907,190.40566985772466,12741892381,2026-09-25 13:30:36.818040,25/09/26,13:30:36
8410,0.43,8.41,428.0618311533888,12741900791,2026-09-25 13:30:45.228040,25/09/26,13:30:45
1535,2.35,1.535,2345.2768729641693,12741902326,2026-09-25 13:30:46.763040,25/09/26,13:30:46
3496,1.03,3.496,1029.7482837528605,12741905822,2026-09-25 13:30:50.259040,25/09/26,13:30:50
2032,1.77,2.032,1771.6535433070867,12741907854,2026-09-25 13:30:52.291040,25/09/26,13:30:52
1458,2.47,1.458,2469.135802469136,12741909312,2026-09-25 13:30:53.749040,25/09/26,13:30:53
1690,2.13,1.69,2130.1775147928993,12741911002,2026-09-25 13:30:55.439040,25/09/26,13:30:55
3709,0.97,3.709,970.6120248045295,12741914711,2026-09-25 13:30:59.148040,25/09/26,13:30:59
1719,2.09,1.719,2094.240837696335,12741916430,2026-09-25 13:31:00.867040,25/09/26,13:31:0
1477,2.44,1.477,2437.3730534867977,12741917907,2026-09-25 13:31:02.344040,25/09/26,13:31:2
1963,1.83,1.963,1833.9276617422313,12741919870,2026-09-25 13:31:04.307040,25/09/26,13:31:4
3601,1.0,3.601,999.7222993612885,12741923471,2026-09-25 13:31:07.908040,25/09/26,13:31:7
3716,0.97,3.716,968.783638320775,12741927187,2026-09-25 13:31:11.624040,25/09/26,13:31:11
3728,0.96,3.728,965.6652360515021,12741930915,2026-09-25 13:31:15.352040,25/09/26,13:31:15
1681,2.14,1.681,2141.5823914336706,12741932596,2026-09-25 13:31:17.033040,25/09/26,13:31:17
1513,2.38,1.513,2379.3787177792465,12741934109,2026-09-25 13:31:18.546040,25/09/26,13:31:18
2553,1.41,2.553,1410.105757931845,12741936662,2026-09-25 13:31:21.099040,25/09/26,13:31:21
3055,1.18,3.055,1178.3960720130933,12741939717,2026-09-25 13:31:24.154040,25/09/26,13:31:24
1481,2.43,1.481,2430.7900067521946,12741941198,2026-09-25 13:31:25.635040,25/09/26,13:31:25
1676,2.15,1.676,2147.9713603818614,12741942874,2026-09-25 13:31:27.311040,25/09/26,13:31:27
3706,0.97,3.706,971.3977334052887,12741946580,2026-09-25 13:31:31.017040,25/09/26,13:31:31
1778,2.02,1.778,2024.7469066366705,12741948358,2026-09-25 13:31:32.795040,25/09/26,13:31:32
1480,2.43,1.48,2432.4324324324325,12741949838,2026-09-25 13:31:34.275040,25/09/26,13:31:34
1861,1.93,1.861,1934.4438473938742,12741951699,2026-09-25 13:31:36.136040,25/09/26,13:31:36
3724,0.97,3.724,966.702470461869,12741955423,2026-09-25 13:31:39.860040,25/09/26,13:31:39
1555,2.32,1.555,2315.112540192926,12741956978,2026-09-25 13:31:41.415040,25/09/26,13:31:41
1609,2.24,1.609,2237.414543194531,12741958587,2026-09-25 13:31:43.024040,25/09/26,13:31:43
1764,2.04,1.764,2040.8163265306123,12741960351,2026-09-25 13:31:44.788040,25/09/26,13:31:44
1474,2.44,1.474,2442.3337856173675,12741961825,2026-09-25 13:31:46.262040,25/09/26,13:31:46
1461,2.46,1.461,2464.065708418891,12741963286,2026-09-25 13:31:47.723040,25/09/26,13:31:47
1465,2.46,1.465,2457.3378839590446,12741964751,2026-09-25 13:31:49.188040,25/09/26,13:31:49
1467,2.45,1.467,2453.98773006135,12741966218,2026-09-25 13:31:50.655040,25/09/26,13:31:50
1472,2.44,1.472,2445.6521739130435,12741967690,2026-09-25 13:31:52.127040,25/09/26,13:31:52
1465,2.46,1.465,2457.3378839590446,12741969155,2026-09-25 13:31:53.592040,25/09/26,13:31:53
1472,2.44,1.472,2445.6521739130435,12741970627,2026-09-25 13:31:55.064040,25/09/26,13:31:55
1467,2.45,1.467,2453.98773006135,12741972094,2026-09-25 13:31:56.531040,25/09/26,13:31:56
1467,2.45,1.467,2453.98773006135,12741973561,2026-09-25 13:31:57.998040,25/09/26,13:31:57
1468,2.45,1.468,2452.316076294278,12741975029,2026-09-25 13:31:59.466040,25/09/26,13:31:59
1469,2.45,1.469,2450.646698434309,12741976498,2026-09-25 13:32:00.935040,25/09/26,13:32:0
1474,2.44,1.474,2442.3337856173675,12741977972,2026-09-25 13:32:02.409040,25/09/26,13:32:2
1473,2.44,1.473,2443.9918533604887,12741979445,2026-09-25 13:32:03.882040,25/09/26,13:32:3
1479,2.43,1.479,2434.077079107505,12741980924,2026-09-25 13:32:05.361040,25/09/26,13:32:5
1479,2.43,1.479,2434.077079107505,12741982403,2026-09-25 13:32:06.840040,25/09/26,13:32:6
1958,1.84,1.958,1838.6108273748723,12741984361,2026-09-25 13:32:08.798040,25/09/26,13:32:8
18618,0.19,18.618,193.36126329358686,12742002979,2026-09-25 13:32:27.416040,25/09/26,13:32:27
19207,0.19,19.207,187.43166553860573,12742022186,2026-09-25 13:32:46.623040,25/09/26,13:32:46
19174,0.19,19.174,187.75425054761655,12742041360,2026-09-25 13:33:05.797040,25/09/26,13:33:5
11200,0.32,11.2,321.42857142857144,12742052560,2026-09-25 13:33:16.997040,25/09/26,13:33:16
1496,2.41,1.496,2406.4171122994653,12742054056,2026-09-25 13:33:18.493040,25/09/26,13:33:18
1473,2.44,1.473,2443.9918533604887,12742055529,2026-09-25 13:33:19.966040,25/09/26,13:33:19
1482,2.43,1.482,2429.1497975708503,12742057011,2026-09-25 13:33:21.448040,25/09/26,13:33:21
1479,2.43,1.479,2434.077079107505,12742058490,2026-09-25 13:33:22.927040,25/09/26,13:33:22
1480,2.43,1.48,2432.4324324324325,12742059970,2026-09-25 13:33:24.407040,25/09/26,13:33:24
1485,2.42,1.485,2424.242424242424,12742061455,2026-09-25 13:33:25.892040,25/09/26,13:33:25
1485,2.42,1.485,2424.242424242424,12742062940,2026-09-25 13:33:27.377040,25/09/26,13:33:27
1481,2.43,1.481,2430.7900067521946,12742064421,2026-09-25 13:33:28.858040,25/09/26,13:33:28
1481,2.43,1.481,2430.7900067521946,12742065902,2026-09-25 13:33:30.339040,25/09/26,13:33:30
1489,2.42,1.489,2417.73002014775,12742067391,2026-09-25 13:33:31.828040,25/09/26,13:33:31
1483,2.43,1.483,2427.5118004045853,12742068874,2026-09-25 13:33:33.311040,25/09/26,13:33:33
1488,2.42,1.488,2419.3548387096776,12742070362,2026-09-25 13:33:34.799040,25/09/26,13:33:34
1484,2.42,1.484,2425.876010781671,12742071846,2026-09-25 13:33:36.283040,25/09/26,13:33:36
1488,2.42,1.488,2419.3548387096776,12742073334,2026-09-25 13:33:37.771040,25/09/26,13:33:37
1491,2.41,1.491,2414.486921529175,12742074825,2026-09-25 13:33:39.262040,25/09/26,13:33:39
1489,2.42,1.489,2417.73002014775,12742076314,2026-09-25 13:33:40.751040,25/09/26,13:33:40
1494,2.41,1.494,2409.6385542168673,12742077808,2026-09-25 13:33:42.245040,25/09/26,13:33:42
1489,2.42,1.489,2417.73002014775,12742079297,2026-09-25 13:33:43.734040,25/09/26,13:33:43
1499,2.4,1.499,2401.601067378252,12742080796,2026-09-25 13:33:45.233040,25/09/26,13:33:45
1491,2.41,1.491,2414.486921529175,12742082287,2026-09-25 13:33:46.724040,25/09/26,13:33:46
1492,2.41,1.492,2412.868632707775,12742083779,2026-09-25 13:33:48.216040,25/09/26,13:33:48
1495,2.41,1.495,2408.0267558528426,12742085274,2026-09-25 13:33:49.711040,25/09/26,13:33:49
1491,2.41,1.491,2414.486921529175,12742086765,2026-09-25 13:33:51.202040,25/09/26,13:33:51
1485,2.42,1.485,2424.242424242424,12742088250,2026-09-25 13:33:52.687040,25/09/26,13:33:52
1487,2.42,1.487,2420.9818426361803,12742089737,2026-09-25 13:33:54.174040,25/09/26,13:33:54
1496,2.41,1.496,2406.4171122994653,12742091233,2026-09-25 13:33:55.670040,25/09/26,13:33:55
1492,2.41,1.492,2412.868632707775,12742092725,2026-09-25 13:33:57.162040,25/09/26,13:33:57
1484,2.42,1.484,2425.876010781671,12742094209,2026-09-25 13:33:58.646040,25/09/26,13:33:58
1486,2.42,1.486,2422.6110363391654,12742095695,2026-09-25 13:34:00.132040,25/09/26,13:34:0
1494,2.41,1.494,2409.6385542168673,12742097189,2026-09-25 13:34:01.626040,25/09/26,13:34:1
1482,2.43,1.482,2429.1497975708503,12742098671,2026-09-25 13:34:03.108040,25/09/26,13:34:3
1492,2.41,1.492,2412.868632707775,12742100163,2026-09-25 13:34:04.600040,25/09/26,13:34:4
1482,2.43,1.482,2429.1497975708503,12742101645,2026-09-25 13:34:06.082040,25/09/26,13:34:6
1492,2.41,1.492,2412.868632707775,12742103137,2026-09-25 13:34:07.574040,25/09/26,13:34:7
1491,2.41,1.491,2414.486921529175,12742104628,2026-09-25 13:34:09.065040,25/09/26,13:34:9
1492,2.41,1.492,2412.868632707775,12742106120,2026-09-25 13:34:10.557040,25/09/26,13:34:10
1497,2.4,1.497,2404.809619238477,12742107617,2026-09-25 13:34:12.054040,25/09/26,13:34:12
1487,2.42,1.487,2420.9818426361803,12742109104,2026-09-25 13:34:13.541040,25/09/26,13:34:13
1493,2.41,1.493,2411.2525117213663,12742110597,2026-09-25 13:34:15.034040,25/09/26,13:34:15
1486,2.42,1.486,2422.6110363391654,12742112083,2026-09-25 13:34:16.520040,25/09/26,13:34:16
1486,2.42,1.486,2422.6110363391654,12742113569,2026-09-25 13:34:18.006040,25/09/26,13:34:18
14867,0.24,14.867,242.14703706194928,12742128436,2026-09-25 13:34:32.873040,25/09/26,13:34:32
19164,0.19,19.164,187.8522229179712,12742147600,2026-09-25 13:34:52.037040,25/09/26,13:34:52
19240,0.19,19.24,187.1101871101871,12742166840,2026-09-25 13:35:11.277040,25/09/26,13:35:11
19137,0.19,19.137,188.11725975858286,12742185977,2026-09-25 13:35:30.414040,25/09/26,13:35:30
19645,0.18,19.645,183.25273606515654,12742205622,2026-09-25 13:35:50.059040,25/09/26,13:35:50
5796,0.62,5.796,621.1180124223603,12742211418,2026-09-25 13:35:55.855040,25/09/26,13:35:55
3710,0.97,3.71,970.3504043126685,12742215128,2026-09-25 13:35:59.565040,25/09/26,13:35:59
3708,0.97,3.708,970.8737864077669,12742218836,2026-09-25 13:36:03.273040,25/09/26,13:36:3
1677,2.15,1.677,2146.690518783542,12742220513,2026-09-25 13:36:04.950040,25/09/26,13:36:4
1459,2.47,1.459,2467.443454420836,12742221972,2026-09-25 13:36:06.409040,25/09/26,13:36:6
1993,1.81,1.993,1806.3221274460611,12742223965,2026-09-25 13:36:08.402040,25/09/26,13:36:8
3480,1.03,3.48,1034.4827586206898,12742227445,2026-09-25 13:36:11.882040,25/09/26,13:36:11
1526,2.36,1.526,2359.1087811271295,12742228971,2026-09-25 13:36:13.408040,25/09/26,13:36:13
1574,2.29,1.574,2287.166454891995,12742230545,2026-09-25 13:36:14.982040,25/09/26,13:36:14
3538,1.02,3.538,1017.5240248728095,12742234083,2026-09-25 13:36:18.520040,25/09/26,13:36:18
1930,1.87,1.93,1865.2849740932643,12742236013,2026-09-25 13:36:20.450040,25/09/26,13:36:20
1452,2.48,1.452,2479.3388429752067,12742237465,2026-09-25 13:36:21.902040,25/09/26,13:36:21
1737,2.07,1.737,2072.538860103627,12742239202,2026-09-25 13:36:23.639040,25/09/26,13:36:23
3674,0.98,3.674,979.858464888405,12742242876,2026-09-25 13:36:27.313040,25/09/26,13:36:27
1671,2.15,1.671,2154.3985637342907,12742244547,2026-09-25 13:36:28.984040,25/09/26,13:36:28
1485,2.42,1.485,2424.242424242424,12742246032,2026-09-25 13:36:30.469040,25/09/26,13:36:30
2265,1.59,2.265,1589.4039735099338,12742248297,2026-09-25 13:36:32.734040,25/09/26,13:36:32
3278,1.1,3.278,1098.2306284319707,12742251575,2026-09-25 13:36:36.012040,25/09/26,13:36:36
3687,0.98,3.687,976.4035801464605,12742255262,2026-09-25 13:36:39.699040,25/09/26,13:36:39
3681,0.98,3.681,977.9951100244499,12742258943,2026-09-25 13:36:43.380040,25/09/26,13:36:43
1658,2.17,1.658,2171.2907117008444,12742260601,2026-09-25 13:36:45.038040,25/09/26,13:36:45
1504,2.39,1.504,2393.6170212765956,12742262105,2026-09-25 13:36:46.542040,25/09/26,13:36:46
2466,1.46,2.466,1459.85401459854,12742264571,2026-09-25 13:36:49.008040,25/09/26,13:36:49
3091,1.16,3.091,1164.6716273050793,12742267662,2026-09-25 13:36:52.099040,25/09/26,13:36:52
1505,2.39,1.505,2392.0265780730897,12742269167,2026-09-25 13:36:53.604040,25/09/26,13:36:53
1445,2.49,1.445,2491.349480968858,12742270612,2026-09-25 13:36:55.049040,25/09/26,13:36:55
1447,2.49,1.447,2487.90601243953,12742272059,2026-09-25 13:36:56.496040,25/09/26,13:36:56
1436,2.51,1.436,2506.963788300836,12742273495,2026-09-25 13:36:57.932040,25/09/26,13:36:57
1408,2.56,1.408,2556.818181818182,12742274903,2026-09-25 13:36:59.340040,25/09/26,13:36:59
1548,2.33,1.548,2325.5813953488373,12742276451,2026-09-25 13:37:00.888040,25/09/26,13:37:0
3460,1.04,3.46,1040.4624277456646,12742279911,2026-09-25 13:37:04.348040,25/09/26,13:37:4
1982,1.82,1.982,1816.3471241170535,12742281893,2026-09-25 13:37:06.330040,25/09/26,13:37:6
1453,2.48,1.453,2477.632484514797,12742283346,2026-09-25 13:37:07.783040,25/09/26,13:37:7
1691,2.13,1.691,2128.917800118273,12742285037,2026-09-25 13:37:09.474040,25/09/26,13:37:9
3630,0.99,3.63,991.7355371900826,12742288667,2026-09-25 13:37:13.104040,25/09/26,13:37:13
1714,2.1,1.714,2100.3500583430573,12742290381,2026-09-25 13:37:14.818040,25/09/26,13:37:14
1452,2.48,1.452,2479.3388429752067,12742291833,2026-09-25 13:37:16.270040,25/09/26,13:37:16
1825,1.97,1.825,1972.6027397260275,12742293658,2026-09-25 13:37:18.095040,25/09/26,13:37:18
3631,0.99,3.631,991.4624070503993,12742297289,2026-09-25 13:37:21.726040,25/09/26,13:37:21
3638,0.99,3.638,989.5547003848268,12742300927,2026-09-25 13:37:25.364040,25/09/26,13:37:25
3613,1.0,3.613,996.401882092444,12742304540,2026-09-25 13:37:28.977040,25/09/26,13:37:28
1760,2.05,1.76,2045.4545454545455,12742306300,2026-09-25 13:37:30.737040,25/09/26,13:37:30
1437,2.51,1.437,2505.2192066805846,12742307737,2026-09-25 13:37:32.174040,25/09/26,13:37:32
1821,1.98,1.821,1976.9357495881384,12742309558,2026-09-25 13:37:33.995040,25/09/26,13:37:33
3645,0.99,3.645,987.6543209876543,12742313203,2026-09-25 13:37:37.640040,25/09/26,13:37:37
3385,1.06,3.385,1063.5155096011817,12742316588,2026-09-25 13:37:41.025040,25/09/26,13:37:41
1515,2.38,1.515,2376.237623762376,12742318103,2026-09-25 13:37:42.540040,25/09/26,13:37:42
2360,1.52,2.36,1525.4237288135594,12742320463,2026-09-25 13:37:44.900040,25/09/26,13:37:44
6638,0.54,6.638,542.3320277191925,12742327101,2026-09-25 13:37:51.538040,25/09/26,13:37:51
1614,2.23,1.614,2230.4832713754645,12742328715,2026-09-25 13:37:53.152040,25/09/26,13:37:53
3173,1.13,3.173,1134.572959344469,12742331888,2026-09-25 13:37:56.325040,25/09/26,13:37:56
17950,0.2,17.95,200.55710306406687,12742349838,2026-09-25 13:38:14.275040,25/09/26,13:38:14
18876,0.19,18.876,190.71837253655434,12742368714,2026-09-25 13:38:33.151040,25/09/26,13:38:33
18741,0.19,18.741,192.09220425804386,12742387455,2026-09-25 13:38:51.892040,25/09/26,13:38:51
18698,0.19,18.698,192.53396085142796,12742406153,2026-09-25 13:39:10.590040,25/09/26,13:39:10
17021,0.21,17.021,211.5034369308501,12742423174,2026-09-25 13:39:27.611040,25/09/26,13:39:27
16288,0.22,16.288,221.02161100196463,12742439462,2026-09-25 13:39:43.899040,25/09/26,13:39:43
16007,0.22,16.007,224.90160554757293,12742455469,2026-09-25 13:39:59.906040,25/09/26,13:39:59
15784,0.23,15.784,228.0790674100355,12742471253,2026-09-25 13:40:15.690040,25/09/26,13:40:15
15165,0.24,15.165,237.3887240356083,12742486418,2026-09-25 13:40:30.855040,25/09/26,13:40:30
15893,0.23,15.893,226.51481784433398,12742502311,2026-09-25 13:40:46.748040,25/09/26,13:40:46
15487,0.23,15.487,232.45302511784078,12742517798,2026-09-25 13:41:02.235040,25/09/26,13:41:2
15732,0.23,15.732,228.83295194508008,12742533530,2026-09-25 13:41:17.967040,25/09/26,13:41:17
14593,0.25,14.593,246.69362022887685,12742548123,2026-09-25 13:41:32.560040,25/09/26,13:41:32
14767,0.24,14.767,243.7868219679014,12742562890,2026-09-25 13:41:47.327040,25/09/26,13:41:47
14775,0.24,14.775,243.6548223350254,12742577665,2026-09-25 13:42:02.102040,25/09/26,13:42:2
15134,0.24,15.134,237.87498348090392,12742592799,2026-09-25 13:42:17.236040,25/09/26,13:42:17
16459,0.22,16.459,218.72531745549549,12742609258,2026-09-25 13:42:33.695040,25/09/26,13:42:33
16556,0.22,16.556,217.4438270113554,12742625814,2026-09-25 13:42:50.251040,25/09/26,13:42:50
17477,0.2,17.477,205.98500886879899,12742643291,2026-09-25 13:43:07.728040,25/09/26,13:43:7
17490,0.2,17.49,205.8319039451115,12742660781,2026-09-25 13:43:25.218040,25/09/26,13:43:25
17781,0.2,17.781,202.46330352623588,12742678562,2026-09-25 13:43:42.999040,25/09/26,13:43:42
17532,0.2,17.532,205.3388090349076,12742696094,2026-09-25 13:44:00.531040,25/09/26,13:44:0
18301,0.2,18.301,196.71056226435715,12742714395,2026-09-25 13:44:18.832040,25/09/26,13:44:18
18014,0.2,18.014,199.8445653380704,12742732409,2026-09-25 13:44:36.846040,25/09/26,13:44:36
11114,0.32,11.114,323.91578189670685,12742743523,2026-09-25 13:44:47.960040,25/09/26,13:44:47
12250,0.29,12.25,293.8775510204082,12742755773,2026-09-25 13:45:00.210040,25/09/26,13:45:0
12373,0.29,12.373,290.9561141194537,12742768146,2026-09-25 13:45:12.583040,25/09/26,13:45:12
12368,0.29,12.368,291.07373868046574,12742780514,2026-09-25 13:45:24.951040,25/09/26,13:45:24
12347,0.29,12.347,291.56880213817124,12742792861,2026-09-25 13:45:37.298040,25/09/26,13:45:37
12029,0.3,12.029,299.27674785933993,12742804890,2026-09-25 13:45:49.327040,25/09/26,13:45:49
12779,0.28,12.779,281.71218405196026,12742817669,2026-09-25 13:46:02.106040,25/09/26,13:46:2
12695,0.28,12.695,283.57621110673495,12742830364,2026-09-25 13:46:14.801040,25/09/26,13:46:14
13108,0.27,13.108,274.641440341776,12742843472,2026-09-25 13:46:27.909040,25/09/26,13:46:27
12949,0.28,12.949,278.01374623523054,12742856421,2026-09-25 13:46:40.858040,25/09/26,13:46:40
12773,0.28,12.773,281.8445157754639,12742869194,2026-09-25 13:46:53.631040,25/09/26,13:46:53
13557,0.26,13.557,265.545474662536,12742882751,2026-09-25 13:47:07.188040,25/09/26,13:47:7
13804,0.26,13.804,260.7939727615184,12742896555,2026-09-25 13:47:20.992040,25/09/26,13:47:20
13936,0.26,13.936,258.3237657864523,12742910491,2026-09-25 13:47:34.928040,25/09/26,13:47:34
13604,0.26,13.604,264.6280505733608,12742924095,2026-09-25 13:47:48.532040,25/09/26,13:47:48
13271,0.27,13.271,271.2681787355889,12742937366,2026-09-25 13:48:01.803040,25/09/26,13:48:1
13726,0.26,13.726,262.2759726067317,12742951092,2026-09-25 13:48:15.529040,25/09/26,13:48:15
14014,0.26,14.014,256.88597117168547,12742965106,2026-09-25 13:48:29.543040,25/09/26,13:48:29
13189,0.27,13.189,272.95473500644476,12742978295,2026-09-25 13:48:42.732040,25/09/26,13:48:42
13175,0.27,13.175,273.2447817836812,12742991470,2026-09-25 13:48:55.907040,25/09/26,13:48:55
13414,0.27,13.414,268.3763232443716,12743004884,2026-09-25 13:49:09.321040,25/09/26,13:49:9
13409,0.27,13.409,268.47639645014544,12743018293,2026-09-25 13:49:22.730040,25/09/26,13:49:22
13302,0.27,13.302,270.6359945872801,12743031595,2026-09-25 13:49:36.032040,25/09/26,13:49:36
13452,0.27,13.452,267.6181980374665,12743045047,2026-09-25 13:49:49.484040,25/09/26,13:49:49
13504,0.27,13.504,266.5876777251185,12743058551,2026-09-25 13:50:02.988040,25/09/26,13:50:2
13515,0.27,13.515,266.37069922308547,12743072066,2026-09-25 13:50:16.503040,25/09/26,13:50:16
13500,0.27,13.5,266.6666666666667,12743085566,2026-09-25 13:50:30.003040,25/09/26,13:50:30
13625,0.26,13.625,264.2201834862385,12743099191,2026-09-25 13:50:43.628040,25/09/26,13:50:43
13703,0.26,13.703,262.7161935342626,12743112894,2026-09-25 13:50:57.331040,25/09/26,13:50:57
13671,0.26,13.671,263.3311389071758,12743126565,2026-09-25 13:51:11.002040,25/09/26,13:51:11
13661,0.26,13.661,263.52390015372225,12743140226,2026-09-25 13:51:24.663040,25/09/26,13:51:24
13692,0.26,13.692,262.9272567922875,12743153918,2026-09-25 13:51:38.355040,25/09/26,13:51:38
14357,0.25,14.357,250.74876366929024,12743168275,2026-09-25 13:51:52.712040,25/09/26,13:51:52
14639,0.25,14.639,245.91843705171118,12743182914,2026-09-25 13:52:07.351040,25/09/26,13:52:7
14690,0.25,14.69,245.0646698434309,12743197604,2026-09-25 13:52:22.041040,25/09/26,13:52:22
14562,0.25,14.562,247.21878862793574,12743212166,2026-09-25 13:52:36.603040,25/09/26,13:52:36
14525,0.25,14.525,247.8485370051635,12743226691,2026-09-25 13:52:51.128040,25/09/26,13:52:51
14591,0.25,14.591,246.7274347200329,12743241282,2026-09-25 13:53:05.719040,25/09/26,13:53:5
14718,0.24,14.718,244.59845087647778,12743256000,2026-09-25 13:53:20.437040,25/09/26,13:53:20
20591,0.17,20.591,174.83366519353115,12743276591,2026-09-25 13:53:41.028040,25/09/26,13:53:41
20685,0.17,20.685,174.0391588107324,12743297276,2026-09-25 13:54:01.713040,25/09/26,13:54:1
20678,0.17,20.678,174.09807524905696,12743317954,2026-09-25 13:54:22.391040,25/09/26,13:54:22
20653,0.17,20.653,174.30881712099938,12743338607,2026-09-25 13:54:43.044040,25/09/26,13:54:43
20603,0.17,20.603,174.7318351696355,12743359210,2026-09-25 13:55:03.647040,25/09/26,13:55:3
20270,0.18,20.27,177.60236803157375,12743379480,2026-09-25 13:55:23.917040,25/09/26,13:55:23
20727,0.17,20.727,173.68649587494573,12743400207,2026-09-25 13:55:44.644040,25/09/26,13:55:44
20653,0.17,20.653,174.30881712099938,12743420860,2026-09-25 13:56:05.297040,25/09/26,13:56:5
20633,0.17,20.633,174.47777831628943,12743441493,2026-09-25 13:56:25.930040,25/09/26,13:56:25
20863,0.17,20.863,172.55428270143315,12743462356,2026-09-25 13:56:46.793040,25/09/26,13:56:46
20644,0.17,20.644,174.38480914551442,12743483000,2026-09-25 13:57:07.437040,25/09/26,13:57:7
21025,0.17,21.025,171.22473246135553,12743504025,2026-09-25 13:57:28.462040,25/09/26,13:57:28
20978,0.17,20.978,171.60835160644484,12743525003,2026-09-25 13:57:49.440040,25/09/26,13:57:49
20934,0.17,20.934,171.96904557179707,12743545937,2026-09-25 13:58:10.374040,25/09/26,13:58:10
20826,0.17,20.826,172.8608470181504,12743566763,2026-09-25 13:58:31.200040,25/09/26,13:58:31
20578,0.17,20.578,174.94411507435126,12743587341,2026-09-25 13:58:51.778040,25/09/26,13:58:51
20892,0.17,20.892,172.3147616312464,12743608233,2026-09-25 13:59:12.670040,25/09/26,13:59:12
21035,0.17,21.035,171.14333254100308,12743629268,2026-09-25 13:59:33.705040,25/09/26,13:59:33
21011,0.17,21.011,171.33882252153634,12743650279,2026-09-25 13:59:54.716040,25/09/26,13:59:54
20985,0.17,20.985,171.55110793423873,12743671264,2026-09-25 14:00:15.701040,25/09/26,14:0:15
21160,0.17,21.16,170.13232514177693,12743692424,2026-09-25 14:00:36.861040,25/09/26,14:0:36
21021,0.17,21.021,171.25731411445696,12743713445,2026-09-25 14:00:57.882040,25/09/26,14:0:57
20403,0.18,20.403,176.444640494045,12743733848,2026-09-25 14:01:18.285040,25/09/26,14:1:18
20739,0.17,20.739,173.58599739621005,12743754587,2026-09-25 14:01:39.024040,25/09/26,14:1:39
20840,0.17,20.84,172.7447216890595,12743775427,2026-09-25 14:01:59.864040,25/09/26,14:1:59
20737,0.17,20.737,173.60273906543858,12743796164,2026-09-25 14:02:20.601040,25/09/26,14:2:20
20862,0.17,20.862,172.5625539257981,12743817026,2026-09-25 14:02:41.463040,25/09/26,14:2:41
20793,0.17,20.793,173.13518972731208,12743837819,2026-09-25 14:03:02.256040,25/09/26,14:3:2
20814,0.17,20.814,172.96050735082156,12743858633,2026-09-25 14:03:23.070040,25/09/26,14:3:23
20966,0.17,20.966,171.7065725460269,12743879599,2026-09-25 14:03:44.036040,25/09/26,14:3:44
20839,0.17,20.839,172.75301118095877,12743900438,2026-09-25 14:04:04.875040,25/09/26,14:4:4
20897,0.17,20.897,172.27353208594536,12743921335,2026-09-25 14:04:25.772040,25/09/26,14:4:25
20833,0.17,20.833,172.80276484423752,12743942168,2026-09-25 14:04:46.605040,25/09/26,14:4:46
20823,0.17,20.823,172.885751332661,12743962991,2026-09-25 14:05:07.428040,25/09/26,14:5:7
20958,0.17,20.958,171.7721156598912,12743983949,2026-09-25 14:05:28.386040,25/09/26,14:5:28
20746,0.17,20.746,173.52742697387447,12744004695,2026-09-25 14:05:49.132040,25/09/26,14:5:49
20717,0.17,20.717,173.77033354250133,12744025412,2026-09-25 14:06:09.849040,25/09/26,14:6:9
20885,0.17,20.885,172.37251615992338,12744046297,2026-09-25 14:06:30.734040,25/09/26,14:6:30
20879,0.17,20.879,172.422050864505,12744067176,2026-09-25 14:06:51.613040,25/09/26,14:6:51
20839,0.17,20.839,172.75301118095877,12744088015,2026-09-25 14:07:12.452040,25/09/26,14:7:12
20947,0.17,20.947,171.86231918651836,12744108962,2026-09-25 14:07:33.399040,25/09/26,14:7:33
20651,0.17,20.651,174.32569851338917,12744129613,2026-09-25 14:07:54.050040,25/09/26,14:7:54
20707,0.17,20.707,173.85425218525137,12744150320,2026-09-25 14:08:14.757040,25/09/26,14:8:14
20794,0.17,20.794,173.12686351832258,12744171114,2026-09-25 14:08:35.551040,25/09/26,14:8:35
20883,0.17,20.883,172.389024565436,12744191997,2026-09-25 14:08:56.434040,25/09/26,14:8:56
20873,0.17,20.873,172.4716140468548,12744212870,2026-09-25 14:09:17.307040,25/09/26,14:9:17
20994,0.17,20.994,171.47756501857674,12744233864,2026-09-25 14:09:38.301040,25/09/26,14:9:38
20873,0.17,20.873,172.4716140468548,12744254737,2026-09-25 14:09:59.174040,25/09/26,14:9:59
20847,0.17,20.847,172.68671751331127,12744275584,2026-09-25 14:10:20.021040,25/09/26,14:10:20
20972,0.17,20.972,171.65744802593935,12744296556,2026-09-25 14:10:40.993040,25/09/26,14:10:40
21088,0.17,21.088,170.7132018209408,12744317644,2026-09-25 14:11:02.081040,25/09/26,14:11:2
20794,0.17,20.794,173.12686351832258,12744338438,2026-09-25 14:11:22.875040,25/09/26,14:11:22
21031,0.17,21.031,171.17588322000856,12744359469,2026-09-25 14:11:43.906040,25/09/26,14:11:43
20963,0.17,20.963,171.7311453513333,12744380432,2026-09-25 14:12:04.869040,25/09/26,14:12:4
21032,0.17,21.032,171.1677443895017,12744401464,2026-09-25 14:12:25.901040,25/09/26,14:12:25
21132,0.17,21.132,170.35775127768312,12744422596,2026-09-25 14:12:47.033040,25/09/26,14:12:47
21033,0.17,21.033,171.15960633290544,12744443629,2026-09-25 14:13:08.066040,25/09/26,14:13:8
21276,0.17,21.276,169.20473773265653,12744464905,2026-09-25 14:13:29.342040,25/09/26,14:13:29
21176,0.17,21.176,170.00377786173027,12744486081,2026-09-25 14:13:50.518040,25/09/26,14:13:50
21300,0.17,21.3,169.01408450704224,12744507381,2026-09-25 14:14:11.818040,25/09/26,14:14:11
21765,0.17,21.765,165.40317022742937,12744529146,2026-09-25 14:14:33.583040,25/09/26,14:14:33
21531,0.17,21.531,167.20078027030792,12744550677,2026-09-25 14:14:55.114040,25/09/26,14:14:55
21640,0.17,21.64,166.35859519408504,12744572317,2026-09-25 14:15:16.754040,25/09/26,14:15:16
21502,0.17,21.502,167.42628592689053,12744593819,2026-09-25 14:15:38.256040,25/09/26,14:15:38
21479,0.17,21.479,167.6055682294334,12744615298,2026-09-25 14:15:59.735040,25/09/26,14:15:59
21680,0.17,21.68,166.05166051660515,12744636978,2026-09-25 14:16:21.415040,25/09/26,14:16:21
21793,0.17,21.793,165.19065755058963,12744658771,2026-09-25 14:16:43.208040,25/09/26,14:16:43
21431,0.17,21.431,167.98096215762214,12744680202,2026-09-25 14:17:04.639040,25/09/26,14:17:4
21555,0.17,21.555,167.01461377870564,12744701757,2026-09-25 14:17:26.194040,25/09/26,14:17:26
21541,0.17,21.541,167.12316048465718,12744723298,2026-09-25 14:17:47.735040,25/09/26,14:17:47
21687,0.17,21.687,165.9980633559275,12744744985,2026-09-25 14:18:09.422040,25/09/26,14:18:9
21895,0.16,21.895,164.42110070792418,12744766880,2026-09-25 14:18:31.317040,25/09/26,14:18:31
21683,0.17,21.683,166.0286860674261,12744788563,2026-09-25 14:18:53.000040,25/09/26,14:18:53
21777,0.17,21.777,165.31202644992422,12744810340,2026-09-25 14:19:14.777040,25/09/26,14:19:14
22026,0.16,22.026,163.44320348678835,12744832366,2026-09-25 14:19:36.803040,25/09/26,14:19:36
21872,0.16,21.872,164.5940014630578,12744854238,2026-09-25 14:19:58.675040,25/09/26,14:19:58
21893,0.16,21.893,164.43612113460924,12744876131,2026-09-25 14:20:20.568040,25/09/26,14:20:20
21979,0.16,21.979,163.7927112243505,12744898110,2026-09-25 14:20:42.547040,25/09/26,14:20:42
21851,0.16,21.851,164.75218525467943,12744919961,2026-09-25 14:21:04.398040,25/09/26,14:21:4
21963,0.16,21.963,163.91203387515367,12744941924,2026-09-25 14:21:26.361040,25/09/26,14:21:26
21824,0.16,21.824,164.9560117302053,12744963748,2026-09-25 14:21:48.185040,25/09/26,14:21:48
21761,0.17,21.761,165.43357382473232,12744985509,2026-09-25 14:22:09.946040,25/09/26,14:22:9
22001,0.16,22.001,163.628925957911,12745007510,2026-09-25 14:22:31.947040,25/09/26,14:22:31
21791,0.17,21.791,165.20581891606628,12745029301,2026-09-25 14:22:53.738040,25/09/26,14:22:53
21898,0.16,21.898,164.39857521234816,12745051199,2026-09-25 14:23:15.636040,25/09/26,14:23:15
21926,0.16,21.926,164.1886344978564,12745073125,2026-09-25 14:23:37.562040,25/09/26,14:23:37
21825,0.16,21.825,164.94845360824743,12745094950,2026-09-25 14:23:59.387040,25/09/26,14:23:59
20945,0.17,20.945,171.8787300071616,12745115895,2026-09-25 14:24:20.332040,25/09/26,14:24:20
21508,0.17,21.508,167.37957969127766,12745137403,2026-09-25 14:24:41.840040,25/09/26,14:24:41
21403,0.17,21.403,168.2007195253002,12745158806,2026-09-25 14:25:03.243040,25/09/26,14:25:3
21480,0.17,21.48,167.5977653631285,12745180286,2026-09-25 14:25:24.723040,25/09/26,14:25:24
21676,0.17,21.676,166.08230300793505,12745201962,2026-09-25 14:25:46.399040,25/09/26,14:25:46
21517,0.17,21.517,167.30956917785937,12745223479,2026-09-25 14:26:07.916040,25/09/26,14:26:7
21710,0.17,21.71,165.82220175034547,12745245189,2026-09-25 14:26:29.626040,25/09/26,14:26:29
21483,0.17,21.483,167.57436112274823,12745266672,2026-09-25 14:26:51.109040,25/09/26,14:26:51
21273,0.17,21.273,169.22859963333804,12745287945,2026-09-25 14:27:12.382040,25/09/26,14:27:12
21418,0.17,21.418,168.08292090764778,12745309363,2026-09-25 14:27:33.800040,25/09/26,14:27:33
21695,0.17,21.695,165.93685180917262,12745331058,2026-09-25 14:27:55.495040,25/09/26,14:27:55
21684,0.17,21.684,166.02102933038185,12745352742,2026-09-25 14:28:17.179040,25/09/26,14:28:17
21926,0.16,21.926,164.1886344978564,12745374668,2026-09-25 14:28:39.105040,25/09/26,14:28:39
21732,0.17,21.732,165.65433462175594,12745396400,2026-09-25 14:29:00.837040,25/09/26,14:29:0
21585,0.17,21.585,166.78248783877692,12745417985,2026-09-25 14:29:22.422040,25/09/26,14:29:22
21877,0.16,21.877,164.55638341637336,12745439862,2026-09-25 14:29:44.299040,25/09/26,14:29:44
21595,0.17,21.595,166.7052558462607,12745461457,2026-09-25 14:30:05.894040,25/09/26,14:30:5
21799,0.17,21.799,165.145190146337,12745483256,2026-09-25 14:30:27.693040,25/09/26,14:30:27
21841,0.16,21.841,164.82761778306855,12745505097,2026-09-25 14:30:49.534040,25/09/26,14:30:49
21565,0.17,21.565,166.93716670530952,12745526662,2026-09-25 14:31:11.099040,25/09/26,14:31:11
21631,0.17,21.631,166.4278119365725,12745548293,2026-09-25 14:31:32.730040,25/09/26,14:31:32
21617,0.17,21.617,166.5355969838553,12745569910,2026-09-25 14:31:54.347040,25/09/26,14:31:54
12182,0.29,12.182,295.51797734362174,12745582092,2026-09-25 14:32:06.529040,25/09/26,14:32:6
14089,0.25,14.089,255.518489601817,12745596181,2026-09-25 14:32:20.618040,25/09/26,14:32:20
14182,0.25,14.182,253.84289945000705,12745610363,2026-09-25 14:32:34.800040,25/09/26,14:32:34
14127,0.25,14.127,254.8311743469951,12745624490,2026-09-25 14:32:48.927040,25/09/26,14:32:48
14107,0.25,14.107,255.1924576451407,12745638597,2026-09-25 14:33:03.034040,25/09/26,14:33:3
13813,0.26,13.813,260.62404980815177,12745652410,2026-09-25 14:33:16.847040,25/09/26,14:33:16
14313,0.25,14.313,251.5195975686439,12745666723,2026-09-25 14:33:31.160040,25/09/26,14:33:31
14350,0.25,14.35,250.87108013937282,12745681073,2026-09-25 14:33:45.510040,25/09/26,14:33:45
14332,0.25,14.332,251.18615685180018,12745695405,2026-09-25 14:33:59.842040,25/09/26,14:33:59
14378,0.25,14.378,250.38252886354152,12745709783,2026-09-25 14:34:14.220040,25/09/26,14:34:14
14496,0.25,14.496,248.34437086092714,12745724279,2026-09-25 14:34:28.716040,25/09/26,14:34:28
14467,0.25,14.467,248.84219257620794,12745738746,2026-09-25 14:34:43.183040,25/09/26,14:34:43
14483,0.25,14.483,248.56728578333218,12745753229,2026-09-25 14:34:57.666040,25/09/26,14:34:57
14513,0.25,14.513,248.05346930338317,12745767742,2026-09-25 14:35:12.179040,25/09/26,14:35:12
14652,0.25,14.652,245.7002457002457,12745782394,2026-09-25 14:35:26.831040,25/09/26,14:35:26
14583,0.25,14.583,246.86278543509565,12745796977,2026-09-25 14:35:41.414040,25/09/26,14:35:41
14601,0.25,14.601,246.5584549003493,12745811578,2026-09-25 14:35:56.015040,25/09/26,14:35:56
14690,0.25,14.69,245.0646698434309,12745826268,2026-09-25 14:36:10.705040,25/09/26,14:36:10
14859,0.24,14.859,242.27740763173833,12745841127,2026-09-25 14:36:25.564040,25/09/26,14:36:25
14815,0.24,14.815,242.99696253796827,12745855942,2026-09-25 14:36:40.379040,25/09/26,14:36:40
14833,0.24,14.833,242.70208319288074,12745870775,2026-09-25 14:36:55.212040,25/09/26,14:36:55
14882,0.24,14.882,241.9029700309098,12745885657,2026-09-25 14:37:10.094040,25/09/26,14:37:10
14853,0.24,14.853,242.37527772167238,12745900510,2026-09-25 14:37:24.947040,25/09/26,14:37:24
14950,0.24,14.95,240.80267558528428,12745915460,2026-09-25 14:37:39.897040,25/09/26,14:37:39
14949,0.24,14.949,240.81878386514148,12745930409,2026-09-25 14:37:54.846040,25/09/26,14:37:54
14852,0.24,14.852,242.39159709130084,12745945261,2026-09-25 14:38:09.698040,25/09/26,14:38:9
15028,0.24,15.028,239.55283470854405,12745960289,2026-09-25 14:38:24.726040,25/09/26,14:38:24
14976,0.24,14.976,240.3846153846154,12745975265,2026-09-25 14:38:39.702040,25/09/26,14:38:39
14987,0.24,14.987,240.2081804230333,12745990252,2026-09-25 14:38:54.689040,25/09/26,14:38:54
15002,0.24,15.002,239.96800426609786,12746005254,2026-09-25 14:39:09.691040,25/09/26,14:39:9
15043,0.24,15.043,239.31396662899687,12746020297,2026-09-25 14:39:24.734040,25/09/26,14:39:24
15163,0.24,15.163,237.42003561300535,12746035460,2026-09-25 14:39:39.897040,25/09/26,14:39:39
15091,0.24,15.091,238.55277980253132,12746050551,2026-09-25 14:39:54.988040,25/09/26,14:39:54
15119,0.24,15.119,238.11098617633442,12746065670,2026-09-25 14:40:10.107040,25/09/26,14:40:10
15157,0.24,15.157,237.51401992478722,12746080827,2026-09-25 14:40:25.264040,25/09/26,14:40:25
15172,0.24,15.172,237.2791985235961,12746095999,2026-09-25 14:40:40.436040,25/09/26,14:40:40
15186,0.24,15.186,237.06045041485578,12746111185,2026-09-25 14:40:55.622040,25/09/26,14:40:55
21359,0.17,21.359,168.54721662999205,12746132544,2026-09-25 14:41:16.981040,25/09/26,14:41:16
22080,0.16,22.08,163.04347826086956,12746154624,2026-09-25 14:41:39.061040,25/09/26,14:41:39
22174,0.16,22.174,162.35230450076665,12746176798,2026-09-25 14:42:01.235040,25/09/26,14:42:1
22084,0.16,22.084,163.01394674877739,12746198882,2026-09-25 14:42:23.319040,25/09/26,14:42:23
21943,0.16,21.943,164.06143189171945,12746220825,2026-09-25 14:42:45.262040,25/09/26,14:42:45
21895,0.16,21.895,164.42110070792418,12746242720,2026-09-25 14:43:07.157040,25/09/26,14:43:7
22167,0.16,22.167,162.40357287860334,12746264887,2026-09-25 14:43:29.324040,25/09/26,14:43:29
22071,0.16,22.071,163.10996330025824,12746286958,2026-09-25 14:43:51.395040,25/09/26,14:43:51
21792,0.17,21.792,165.19823788546256,12746308750,2026-09-25 14:44:13.187040,25/09/26,14:44:13
22201,0.16,22.201,162.15485788928427,12746330951,2026-09-25 14:44:35.388040,25/09/26,14:44:35
21849,0.16,21.849,164.76726623644103,12746352800,2026-09-25 14:44:57.237040,25/09/26,14:44:57
22070,0.16,22.07,163.11735387403715,12746374870,2026-09-25 14:45:19.307040,25/09/26,14:45:19
22115,0.16,22.115,162.7854397467782,12746396985,2026-09-25 14:45:41.422040,25/09/26,14:45:41
21810,0.17,21.81,165.06189821182943,12746418795,2026-09-25 14:46:03.232040,25/09/26,14:46:3
21538,0.17,21.538,167.14643885226113,12746440333,2026-09-25 14:46:24.770040,25/09/26,14:46:24
21805,0.17,21.805,165.09974776427424,12746462138,2026-09-25 14:46:46.575040,25/09/26,14:46:46
21747,0.17,21.747,165.54007449303353,12746483885,2026-09-25 14:47:08.322040,25/09/26,14:47:8
21749,0.17,21.749,165.52485171732033,12746505634,2026-09-25 14:47:30.071040,25/09/26,14:47:30
21856,0.16,21.856,164.71449487554904,12746527490,2026-09-25 14:47:51.927040,25/09/26,14:47:51
21692,0.17,21.692,165.95980084823898,12746549182,2026-09-25 14:48:13.619040,25/09/26,14:48:13
21908,0.16,21.908,164.32353478181486,12746571090,2026-09-25 14:48:35.527040,25/09/26,14:48:35
21784,0.17,21.784,165.2589056188028,12746592874,2026-09-25 14:48:57.311040,25/09/26,14:48:57
21750,0.17,21.75,165.51724137931035,12746614624,2026-09-25 14:49:19.061040,25/09/26,14:49:19
21881,0.16,21.881,164.526301357342,12746636505,2026-09-25 14:49:40.942040,25/09/26,14:49:40
21789,0.17,21.789,165.22098306484924,12746658294,2026-09-25 14:50:02.731040,25/09/26,14:50:2
21747,0.17,21.747,165.54007449303353,12746680041,2026-09-25 14:50:24.478040,25/09/26,14:50:24
21895,0.16,21.895,164.42110070792418,12746701936,2026-09-25 14:50:46.373040,25/09/26,14:50:46
21752,0.17,21.752,165.50202280250093,12746723688,2026-09-25 14:51:08.125040,25/09/26,14:51:8
21697,0.17,21.697,165.9215559754805,12746745385,2026-09-25 14:51:29.822040,25/09/26,14:51:29
21832,0.16,21.832,164.89556614144377,12746767217,2026-09-25 14:51:51.654040,25/09/26,14:51:51
21779,0.17,21.779,165.29684558519676,12746788996,2026-09-25 14:52:13.433040,25/09/26,14:52:13
21946,0.16,21.946,164.03900483003736,12746810942,2026-09-25 14:52:35.379040,25/09/26,14:52:35
21753,0.17,21.753,165.49441456350849,12746832695,2026-09-25 14:52:57.132040,25/09/26,14:52:57
21728,0.17,21.728,165.68483063328424,12746854423,2026-09-25 14:53:18.860040,25/09/26,14:53:18
21900,0.16,21.9,164.3835616438356,12746876323,2026-09-25 14:53:40.760040,25/09/26,14:53:40
21807,0.17,21.807,165.0846058605035,12746898130,2026-09-25 14:54:02.567040,25/09/26,14:54:2
21784,0.17,21.784,165.2589056188028,12746919914,2026-09-25 14:54:24.351040,25/09/26,14:54:24
21850,0.16,21.85,164.75972540045765,12746941764,2026-09-25 14:54:46.201040,25/09/26,14:54:46
21662,0.17,21.662,166.18964084572062,12746963426,2026-09-25 14:55:07.863040,25/09/26,14:55:7
21894,0.16,21.894,164.4286105782406,12746985320,2026-09-25 14:55:29.757040,25/09/26,14:55:29
21809,0.17,21.809,165.06946673391718,12747007129,2026-09-25 14:55:51.566040,25/09/26,14:55:51
21755,0.17,21.755,165.47920018386577,12747028884,2026-09-25 14:56:13.321040,25/09/26,14:56:13
18877,0.19,18.877,190.7082693224559,12747047761,2026-09-25 14:56:32.198040,25/09/26,14:56:32
18094,0.2,18.094,198.96098154084225,12747065855,2026-09-25 14:56:50.292040,25/09/26,14:56:50
21751,0.17,21.751,165.50963174106937,12747087606,2026-09-25 14:57:12.043040,25/09/26,14:57:12
21950,0.16,21.95,164.00911161731207,12747109556,2026-09-25 14:57:33.993040,25/09/26,14:57:33
21780,0.17,21.78,165.28925619834712,12747131336,2026-09-25 14:57:55.773040,25/09/26,14:57:55
21943,0.16,21.943,164.06143189171945,12747153279,2026-09-25 14:58:17.716040,25/09/26,14:58:17
22159,0.16,22.159,162.4622049731486,12747175438,2026-09-25 14:58:39.875040,25/09/26,14:58:39
22129,0.16,22.129,162.68245288987302,12747197567,2026-09-25 14:59:02.004040,25/09/26,14:59:2
22193,0.16,22.193,162.21331050331185,12747219760,2026-09-25 14:59:24.197040,25/09/26,14:59:24
22249,0.16,22.249,161.80502494494135,12747242009,2026-09-25 14:59:46.446040,25/09/26,14:59:46
22079,0.16,22.079,163.05086281081572,12747264088,2026-09-25 15:00:08.525040,25/09/26,15:0:8
22380,0.16,22.38,160.85790884718497,12747286468,2026-09-25 15:00:30.905040,25/09/26,15:0:30
22313,0.16,22.313,161.34092233227267,12747308781,2026-09-25 15:00:53.218040,25/09/26,15:0:53
21700,0.17,21.7,165.89861751152074,12747330481,2026-09-25 15:01:14.918040,25/09/26,15:1:14
21839,0.16,21.839,164.84271257841476,12747352320,2026-09-25 15:01:36.757040,25/09/26,15:1:36
21876,0.16,21.876,164.56390565002744,12747374196,2026-09-25 15:01:58.633040,25/09/26,15:1:58
21903,0.16,21.903,164.36104643199562,12747396099,2026-09-25 15:02:20.536040,25/09/26,15:2:20
22000,0.16,22.0,163.63636363636363,12747418099,2026-09-25 15:02:42.536040,25/09/26,15:2:42
21908,0.16,21.908,164.32353478181486,12747440007,2026-09-25 15:03:04.444040,25/09/26,15:3:4
21897,0.16,21.897,164.40608302507192,12747461904,2026-09-25 15:03:26.341040,25/09/26,15:3:26
24317,0.15,24.317,148.04457786733562,12747486221,2026-09-25 15:03:50.658040,25/09/26,15:3:50
22918,0.16,22.918,157.0817697879396,12747509139,2026-09-25 15:04:13.576040,25/09/26,15:4:13
21003,0.17,21.003,171.40408513069562,12747530142,2026-09-25 15:04:34.579040,25/09/26,15:4:34
20827,0.17,20.827,172.852547174341,12747550969,2026-09-25 15:04:55.406040,25/09/26,15:4:55
20986,0.17,20.986,171.54293338416088,12747571955,2026-09-25 15:05:16.392040,25/09/26,15:5:16
21549,0.17,21.549,167.06111652512877,12747593504,2026-09-25 15:05:37.941040,25/09/26,15:5:37
21457,0.17,21.457,167.7774152957077,12747614961,2026-09-25 15:05:59.398040,25/09/26,15:5:59
21677,0.17,21.677,166.0746413249066,12747636638,2026-09-25 15:06:21.075040,25/09/26,15:6:21
21432,0.17,21.432,167.97312430011198,12747658070,2026-09-25 15:06:42.507040,25/09/26,15:6:42
21718,0.17,21.718,165.76111980845383,12747679788,2026-09-25 15:07:04.225040,25/09/26,15:7:4
21853,0.16,21.853,164.73710703335925,12747701641,2026-09-25 15:07:26.078040,25/09/26,15:7:26
21261,0.17,21.261,169.3241145759842,12747722902,2026-09-25 15:07:47.339040,25/09/26,15:7:47
20951,0.17,20.951,171.82950694477591,12747743853,2026-09-25 15:08:08.290040,25/09/26,15:8:8
21264,0.17,21.264,169.3002257336343,12747765117,2026-09-25 15:08:29.554040,25/09/26,15:8:29
21172,0.17,21.172,170.03589646703193,12747786289,2026-09-25 15:08:50.726040,25/09/26,15:8:50
21103,0.17,21.103,170.59185897739658,12747807392,2026-09-25 15:09:11.829040,25/09/26,15:9:11
21043,0.17,21.043,171.0782683077508,12747828435,2026-09-25 15:09:32.872040,25/09/26,15:9:32
21023,0.17,21.023,171.24102173809638,12747849458,2026-09-25 15:09:53.895040,25/09/26,15:9:53
20643,0.17,20.643,174.39325679407062,12747870101,2026-09-25 15:10:14.538040,25/09/26,15:10:14
20855,0.17,20.855,172.62047470630543,12747890956,2026-09-25 15:10:35.393040,25/09/26,15:10:35
20844,0.17,20.844,172.71157167530225,12747911800,2026-09-25 15:10:56.237040,25/09/26,15:10:56
20661,0.17,20.661,174.24132423406417,12747932461,2026-09-25 15:11:16.898040,25/09/26,15:11:16
20784,0.17,20.784,173.21016166281754,12747953245,2026-09-25 15:11:37.682040,25/09/26,15:11:37
20642,0.17,20.642,174.4017052611181,12747973887,2026-09-25 15:11:58.324040,25/09/26,15:11:58
20960,0.17,20.96,171.75572519083968,12747994847,2026-09-25 15:12:19.284040,25/09/26,15:12:19
23511,0.15,23.511,153.1198162562205,12748018358,2026-09-25 15:12:42.795040,25/09/26,15:12:42
26373,0.14,26.373,136.50324195199636,12748044731,2026-09-25 15:13:09.168040,25/09/26,15:13:9
26682,0.13,26.682,134.922419608725,12748071413,2026-09-25 15:13:35.850040,25/09/26,15:13:35
26783,0.13,26.783,134.4136205802188,12748098196,2026-09-25 15:14:02.633040,25/09/26,15:14:2
26695,0.13,26.695,134.85671474058813,12748124891,2026-09-25 15:14:29.328040,25/09/26,15:14:29
14271,0.25,14.271,252.25982762245113,12748139162,2026-09-25 15:14:43.599040,25/09/26,15:14:43
16215,0.22,16.215,222.01665124884366,12748155377,2026-09-25 15:14:59.814040,25/09/26,15:14:59
16188,0.22,16.188,222.3869532987398,12748171565,2026-09-25 15:15:16.002040,25/09/26,15:15:16
16409,0.22,16.409,219.39179718447193,12748187974,2026-09-25 15:15:32.411040,25/09/26,15:15:32
16164,0.22,16.164,222.71714922048997,12748204138,2026-09-25 15:15:48.575040,25/09/26,15:15:48
16299,0.22,16.299,220.87244616234125,12748220437,2026-09-25 15:16:04.874040,25/09/26,15:16:4
16399,0.22,16.399,219.52558082809927,12748236836,2026-09-25 15:16:21.273040,25/09/26,15:16:21
16883,0.21,16.883,213.232245454007,12748253719,2026-09-25 15:16:38.156040,25/09/26,15:16:38
17025,0.21,17.025,211.45374449339207,12748270744,2026-09-25 15:16:55.181040,25/09/26,15:16:55
17012,0.21,17.012,211.6153303550435,12748287756,2026-09-25 15:17:12.193040,25/09/26,15:17:12
17118,0.21,17.118,210.3049421661409,12748304874,2026-09-25 15:17:29.311040,25/09/26,15:17:29
17117,0.21,17.117,210.31722848630017,12748321991,2026-09-25 15:17:46.428040,25/09/26,15:17:46
17250,0.21,17.25,208.69565217391303,12748339241,2026-09-25 15:18:03.678040,25/09/26,15:18:3
17302,0.21,17.302,208.06843139521442,12748356543,2026-09-25 15:18:20.980040,25/09/26,15:18:20
17296,0.21,17.296,208.14061054579093,12748373839,2026-09-25 15:18:38.276040,25/09/26,15:18:38
17331,0.21,17.331,207.72027003635105,12748391170,2026-09-25 15:18:55.607040,25/09/26,15:18:55
17293,0.21,17.293,208.17671890360262,12748408463,2026-09-25 15:19:12.900040,25/09/26,15:19:12
17524,0.2,17.524,205.4325496461995,12748425987,2026-09-25 15:19:30.424040,25/09/26,15:19:30
17456,0.21,17.456,206.23281393217232,12748443443,2026-09-25 15:19:47.880040,25/09/26,15:19:47
17343,0.21,17.343,207.57654385054488,12748460786,2026-09-25 15:20:05.223040,25/09/26,15:20:5
17322,0.21,17.322,207.82819535850365,12748478108,2026-09-25 15:20:22.545040,25/09/26,15:20:22
17534,0.2,17.534,205.31538724763317,12748495642,2026-09-25 15:20:40.079040,25/09/26,15:20:40
17435,0.21,17.435,206.48121594493836,12748513077,2026-09-25 15:20:57.514040,25/09/26,15:20:57
17400,0.21,17.4,206.89655172413794,12748530477,2026-09-25 15:21:14.914040,25/09/26,15:21:14
17475,0.21,17.475,206.00858369098714,12748547952,2026-09-25 15:21:32.389040,25/09/26,15:21:32
17615,0.2,17.615,204.37127448197558,12748565567,2026-09-25 15:21:50.004040,25/09/26,15:21:50
17725,0.2,17.725,203.10296191819464,12748583292,2026-09-25 15:22:07.729040,25/09/26,15:22:7
17934,0.2,17.934,200.73603211776515,12748601226,2026-09-25 15:22:25.663040,25/09/26,15:22:25
17852,0.2,17.852,201.6580775263276,12748619078,2026-09-25 15:22:43.515040,25/09/26,15:22:43
17943,0.2,17.943,200.63534525998998,12748637021,2026-09-25 15:23:01.458040,25/09/26,15:23:1
18783,0.19,18.783,191.66267369429804,12748655804,2026-09-25 15:23:20.241040,25/09/26,15:23:20
28057,0.13,28.057,128.3102256121467,12748683861,2026-09-25 15:23:48.298040,25/09/26,15:23:48
27888,0.13,27.888,129.08777969018934,12748711749,2026-09-25 15:24:16.186040,25/09/26,15:24:16
27962,0.13,27.962,128.7461554967456,12748739711,2026-09-25 15:24:44.148040,25/09/26,15:24:44
27891,0.13,27.891,129.07389480477573,12748767602,2026-09-25 15:25:12.039040,25/09/26,15:25:12
28171,0.13,28.171,127.79099073515317,12748795773,2026-09-25 15:25:40.210040,25/09/26,15:25:40
27861,0.13,27.861,129.2128782168623,12748823634,2026-09-25 15:26:08.071040,25/09/26,15:26:8
28145,0.13,28.145,127.90904245869604,12748851779,2026-09-25 15:26:36.216040,25/09/26,15:26:36
28024,0.13,28.024,128.4613188695404,12748879803,2026-09-25 15:27:04.240040,25/09/26,15:27:4
28012,0.13,28.012,128.51635013565615,12748907815,2026-09-25 15:27:32.252040,25/09/26,15:27:32
28065,0.13,28.065,128.27365045430253,12748935880,2026-09-25 15:28:00.317040,25/09/26,15:28:0
28044,0.13,28.044,128.36970474967907,12748963924,2026-09-25 15:28:28.361040,25/09/26,15:28:28
27971,0.13,27.971,128.70472989882379,12748991895,2026-09-25 15:28:56.332040,25/09/26,15:28:56
27978,0.13,27.978,128.67252841518336,12749019873,2026-09-25 15:29:24.310040,25/09/26,15:29:24
28072,0.13,28.072,128.24166429182102,12749047945,2026-09-25 15:29:52.382040,25/09/26,15:29:52
27896,0.13,27.896,129.05075996558645,12749075841,2026-09-25 15:30:20.278040,25/09/26,15:30:20
27986,0.13,27.986,128.6357464446509,12749103827,2026-09-25 15:30:48.264040,25/09/26,15:30:48
27838,0.13,27.838,129.31963503125223,12749131665,2026-09-25 15:31:16.102040,25/09/26,15:31:16
27887,0.13,27.887,129.09240864919138,12749159552,2026-09-25 15:31:43.989040,25/09/26,15:31:43
27822,0.13,27.822,129.39400474444685,12749187374,2026-09-25 15:32:11.811040,25/09/26,15:32:11
28008,0.13,28.008,128.53470437017995,12749215382,2026-09-25 15:32:39.819040,25/09/26,15:32:39
27732,0.13,27.732,129.81393336218088,12749243114,2026-09-25 15:33:07.551040,25/09/26,15:33:7
27565,0.13,27.565,130.6003990567749,12749270679,2026-09-25 15:33:35.116040,25/09/26,15:33:35
27433,0.13,27.433,131.2288120147268,12749298112,2026-09-25 15:34:02.549040,25/09/26,15:34:2
27470,0.13,27.47,131.05205678922462,12749325582,2026-09-25 15:34:30.019040,25/09/26,15:34:30
27425,0.13,27.425,131.26709206927984,12749353007,2026-09-25 15:34:57.444040,25/09/26,15:34:57
27448,0.13,27.448,131.1570970562518,12749380455,2026-09-25 15:35:24.892040,25/09/26,15:35:24
27487,0.13,27.487,130.97100447484266,12749407942,2026-09-25 15:35:52.379040,25/09/26,15:35:52
27574,0.13,27.574,130.55777181402772,12749435516,2026-09-25 15:36:19.953040,25/09/26,15:36:19
27600,0.13,27.6,130.43478260869566,12749463116,2026-09-25 15:36:47.553040,25/09/26,15:36:47
27587,0.13,27.587,130.4962482328633,12749490703,2026-09-25 15:37:15.140040,25/09/26,15:37:15
27548,0.13,27.548,130.68099317554814,12749518251,2026-09-25 15:37:42.688040,25/09/26,15:37:42
27501,0.13,27.501,130.90433075160902,12749545752,2026-09-25 15:38:10.189040,25/09/26,15:38:10
27618,0.13,27.618,130.3497718878992,12749573370,2026-09-25 15:38:37.807040,25/09/26,15:38:37
27464,0.13,27.464,131.08068744538303,12749600834,2026-09-25 15:39:05.271040,25/09/26,15:39:5
27706,0.13,27.706,129.93575398830578,12749628540,2026-09-25 15:39:32.977040,25/09/26,15:39:32
27516,0.13,27.516,130.8329699084169,12749656056,2026-09-25 15:40:00.493040,25/09/26,15:40:0
27477,0.13,27.477,131.01867016049786,12749683533,2026-09-25 15:40:27.970040,25/09/26,15:40:27
27604,0.13,27.604,130.4158817562672,12749711137,2026-09-25 15:40:55.574040,25/09/26,15:40:55
27461,0.13,27.461,131.09500746513237,12749738598,2026-09-25 15:41:23.035040,25/09/26,15:41:23
27900,0.13,27.9,129.03225806451613,12749766498,2026-09-25 15:41:50.935040,25/09/26,15:41:50
27892,0.13,27.892,129.06926717338305,12749794390,2026-09-25 15:42:18.827040,25/09/26,15:42:18
28013,0.13,28.013,128.5117623960304,12749822403,2026-09-25 15:42:46.840040,25/09/26,15:42:46
28046,0.13,28.046,128.36055052413892,12749850449,2026-09-25 15:43:14.886040,25/09/26,15:43:14
27957,0.13,27.957,128.7691812426226,12749878406,2026-09-25 15:43:42.843040,25/09/26,15:43:42
27702,0.13,27.702,129.9545159194282,12749906108,2026-09-25 15:44:10.545040,25/09/26,15:44:10
27758,0.13,27.758,129.6923409467541,12749933866,2026-09-25 15:44:38.303040,25/09/26,15:44:38
27681,0.13,27.681,130.0531050178823,12749961547,2026-09-25 15:45:05.984040,25/09/26,15:45:5
27987,0.13,27.987,128.63115017686783,12749989534,2026-09-25 15:45:33.971040,25/09/26,15:45:33
27815,0.13,27.815,129.4265683983462,12750017349,2026-09-25 15:46:01.786040,25/09/26,15:46:1
26956,0.13,26.956,133.5509719542959,12750044305,2026-09-25 15:46:28.742040,25/09/26,15:46:28
27410,0.13,27.41,131.33892739875958,12750071715,2026-09-25 15:46:56.152040,25/09/26,15:46:56
27363,0.13,27.363,131.5645214340533,12750099078,2026-09-25 15:47:23.515040,25/09/26,15:47:23
27485,0.13,27.485,130.9805348371839,12750126563,2026-09-25 15:47:51.000040,25/09/26,15:47:51
27465,0.13,27.465,131.07591480065537,12750154028,2026-09-25 15:48:18.465040,25/09/26,15:48:18
27640,0.13,27.64,130.24602026049203,12750181668,2026-09-25 15:48:46.105040,25/09/26,15:48:46
27510,0.13,27.51,130.86150490730643,12750209178,2026-09-25 15:49:13.615040,25/09/26,15:49:13
27579,0.13,27.579,130.53410203415643,12750236757,2026-09-25 15:49:41.194040,25/09/26,15:49:41
27345,0.13,27.345,131.65112452002194,12750264102,2026-09-25 15:50:08.539040,25/09/26,15:50:8
27586,0.13,27.586,130.50097875734068,12750291688,2026-09-25 15:50:36.125040,25/09/26,15:50:36
27543,0.13,27.543,130.7047162618451,12750319231,2026-09-25 15:51:03.668040,25/09/26,15:51:3
27313,0.13,27.313,131.80536740746166,12750346544,2026-09-25 15:51:30.981040,25/09/26,15:51:30
27486,0.13,27.486,130.97576948264572,12750374030,2026-09-25 15:51:58.467040,25/09/26,15:51:58
27492,0.13,27.492,130.94718463553033,12750401522,2026-09-25 15:52:25.959040,25/09/26,15:52:25
27541,0.13,27.541,130.71420790820957,12750429063,2026-09-25 15:52:53.500040,25/09/26,15:52:53
27474,0.13,27.474,131.0329766324525,12750456537,2026-09-25 15:53:20.974040,25/09/26,15:53:20
27576,0.13,27.576,130.54830287206266,12750484113,2026-09-25 15:53:48.550040,25/09/26,15:53:48
27437,0.13,27.437,131.2096803586398,12750511550,2026-09-25 15:54:15.987040,25/09/26,15:54:15
27474,0.13,27.474,131.0329766324525,12750539024,2026-09-25 15:54:43.461040,25/09/26,15:54:43
27288,0.13,27.288,131.92612137203167,12750566312,2026-09-25 15:55:10.749040,25/09/26,15:55:10
27589,0.13,27.589,130.48678821269345,12750593901,2026-09-25 15:55:38.338040,25/09/26,15:55:38
27318,0.13,27.318,131.78124313639358,12750621219,2026-09-25 15:56:05.656040,25/09/26,15:56:5
27587,0.13,27.587,130.4962482328633,12750648806,2026-09-25 15:56:33.243040,25/09/26,15:56:33
27383,0.13,27.383,131.46842931745974,12750676189,2026-09-25 15:57:00.626040,25/09/26,15:57:0
27669,0.13,27.669,130.10950883660414,12750703858,2026-09-25 15:57:28.295040,25/09/26,15:57:28
28012,0.13,28.012,128.51635013565615,12750731870,2026-09-25 15:57:56.307040,25/09/26,15:57:56
27909,0.13,27.909,128.9906481780071,12750759779,2026-09-25 15:58:24.216040,25/09/26,15:58:24
27937,0.13,27.937,128.86136664638292,12750787716,2026-09-25 15:58:52.153040,25/09/26,15:58:52
22628,0.16,22.628,159.0949266395616,12750810344,2026-09-25 15:59:14.781040,25/09/26,15:59:14
16784,0.21,16.784,214.48999046711154,12750827128,2026-09-25 15:59:31.565040,25/09/26,15:59:31
16486,0.22,16.486,218.3670993570302,12750843614,2026-09-25 15:59:48.051040,25/09/26,15:59:48
16476,0.22,16.476,218.4996358339403,12750860090,2026-09-25 16:00:04.527040,25/09/26,16:0:4
16483,0.22,16.483,218.406843414427,12750876573,2026-09-25 16:00:21.010040,25/09/26,16:0:21
16685,0.22,16.685,215.7626610728199,12750893258,2026-09-25 16:00:37.695040,25/09/26,16:0:37
16838,0.21,16.838,213.80211426535217,12750910096,2026-09-25 16:00:54.533040,25/09/26,16:0:54
16246,0.22,16.246,221.5930075095408,12750926342,2026-09-25 16:01:10.779040,25/09/26,16:1:10
16456,0.22,16.456,218.76519202722412,12750942798,2026-09-25 16:01:27.235040,25/09/26,16:1:27
16615,0.22,16.615,216.67168221486608,12750959413,2026-09-25 16:01:43.850040,25/09/26,16:1:43
16693,0.22,16.693,215.6592583717726,12750976106,2026-09-25 16:02:00.543040,25/09/26,16:2:0
16610,0.22,16.61,216.73690547862734,12750992716,2026-09-25 16:02:17.153040,25/09/26,16:2:17
16786,0.21,16.786,214.46443464792088,12751009502,2026-09-25 16:02:33.939040,25/09/26,16:2:33
16746,0.21,16.746,214.9767108563239,12751026248,2026-09-25 16:02:50.685040,25/09/26,16:2:50
16740,0.22,16.74,215.05376344086022,12751042988,2026-09-25 16:03:07.425040,25/09/26,16:3:7
16908,0.21,16.908,212.91696238466997,12751059896,2026-09-25 16:03:24.333040,25/09/26,16:3:24
16832,0.21,16.832,213.87832699619773,12751076728,2026-09-25 16:03:41.165040,25/09/26,16:3:41
16865,0.21,16.865,213.45982804624964,12751093593,2026-09-25 16:03:58.030040,25/09/26,16:3:58
16956,0.21,16.956,212.31422505307856,12751110549,2026-09-25 16:04:14.986040,25/09/26,16:4:14
16990,0.21,16.99,211.88934667451443,12751127539,2026-09-25 16:04:31.976040,25/09/26,16:4:31
17122,0.21,17.122,210.25581123700502,12751144661,2026-09-25 16:04:49.098040,25/09/26,16:4:49
17051,0.21,17.051,211.1313119465134,12751161712,2026-09-25 16:05:06.149040,25/09/26,16:5:6
17245,0.21,17.245,208.75616120614671,12751178957,2026-09-25 16:05:23.394040,25/09/26,16:5:23
17226,0.21,17.226,208.9864158829676,12751196183,2026-09-25 16:05:40.620040,25/09/26,16:5:40
17176,0.21,17.176,209.5947834187238,12751213359,2026-09-25 16:05:57.796040,25/09/26,16:5:57
17152,0.21,17.152,209.88805970149255,12751230511,2026-09-25 16:06:14.948040,25/09/26,16:6:14
17321,0.21,17.321,207.84019398418104,12751247832,2026-09-25 16:06:32.269040,25/09/26,16:6:32
16916,0.21,16.916,212.81626862142352,12751264748,2026-09-25 16:06:49.185040,25/09/26,16:6:49
17233,0.21,17.233,208.90152614170486,12751281981,2026-09-25 16:07:06.418040,25/09/26,16:7:6
17432,0.21,17.432,206.5167508031207,12751299413,2026-09-25 16:07:23.850040,25/09/26,16:7:23
17296,0.21,17.296,208.14061054579093,12751316709,2026-09-25 16:07:41.146040,25/09/26,16:7:41
17347,0.21,17.347,207.52867931054362,12751334056,2026-09-25 16:07:58.493040,25/09/26,16:7:58
22803,0.16,22.803,157.87396395211155,12751356859,2026-09-25 16:08:21.296040,25/09/26,16:8:21
26639,0.14,26.639,135.1402079657645,12751383498,2026-09-25 16:08:47.935040,25/09/26,16:8:47
26677,0.13,26.677,134.94770776324174,12751410175,2026-09-25 16:09:14.612040,25/09/26,16:9:14
26054,0.14,26.054,138.17456052813387,12751436229,2026-09-25 16:09:40.666040,25/09/26,16:9:40
26082,0.14,26.082,138.02622498274673,12751462311,2026-09-25 16:10:06.748040,25/09/26,16:10:6
26374,0.14,26.374,136.4980662773944,12751488685,2026-09-25 16:10:33.122040,25/09/26,16:10:33
26223,0.14,26.223,137.2840636082828,12751514908,2026-09-25 16:10:59.345040,25/09/26,16:10:59
26294,0.14,26.294,136.91336426561193,12751541202,2026-09-25 16:11:25.639040,25/09/26,16:11:25
26405,0.14,26.405,136.33781480780155,12751567607,2026-09-25 16:11:52.044040,25/09/26,16:11:52
26848,0.13,26.848,134.08820023837902,12751594455,2026-09-25 16:12:18.892040,25/09/26,16:12:18
27428,0.13,27.428,131.25273443196733,12751621883,2026-09-25 16:12:46.320040,25/09/26,16:12:46
27162,0.13,27.162,132.5381047051027,12751649045,2026-09-25 16:13:13.482040,25/09/26,16:13:13
27380,0.13,27.38,131.4828341855369,12751676425,2026-09-25 16:13:40.862040,25/09/26,16:13:40
27161,0.13,27.161,132.54298442619933,12751703586,2026-09-25 16:14:08.023040,25/09/26,16:14:8
27555,0.13,27.555,130.647795318454,12751731141,2026-09-25 16:14:35.578040,25/09/26,16:14:35
27145,0.13,27.145,132.62110885982685,12751758286,2026-09-25 16:15:02.723040,25/09/26,16:15:2
27501,0.13,27.501,130.90433075160902,12751785787,2026-09-25 16:15:30.224040,25/09/26,16:15:30
27298,0.13,27.298,131.87779324492638,12751813085,2026-09-25 16:15:57.522040,25/09/26,16:15:57
27631,0.13,27.631,130.28844413882956,12751840716,2026-09-25 16:16:25.153040,25/09/26,16:16:25
27275,0.13,27.275,131.98900091659027,12751867991,2026-09-25 16:16:52.428040,25/09/26,16:16:52
27554,0.13,27.554,130.65253683675692,12751895545,2026-09-25 16:17:19.982040,25/09/26,16:17:19
27447,0.13,27.447,131.1618756148213,12751922992,2026-09-25 16:17:47.429040,25/09/26,16:17:47
27588,0.13,27.588,130.49151805132666,12751950580,2026-09-25 16:18:15.017040,25/09/26,16:18:15
27440,0.13,27.44,131.19533527696794,12751978020,2026-09-25 16:18:42.457040,25/09/26,16:18:42
27706,0.13,27.706,129.93575398830578,12752005726,2026-09-25 16:19:10.163040,25/09/26,16:19:10
27790,0.13,27.79,129.543001079525,12752033516,2026-09-25 16:19:37.953040,25/09/26,16:19:37
27418,0.13,27.418,131.30060544168066,12752060934,2026-09-25 16:20:05.371040,25/09/26,16:20:5
27697,0.13,27.697,129.97797595407445,12752088631,2026-09-25 16:20:33.068040,25/09/26,16:20:33
27395,0.13,27.395,131.41084139441503,12752116026,2026-09-25 16:21:00.463040,25/09/26,16:21:0
27556,0.13,27.556,130.643054144288,12752143582,2026-09-25 16:21:28.019040,25/09/26,16:21:28
27579,0.13,27.579,130.53410203415643,12752171161,2026-09-25 16:21:55.598040,25/09/26,16:21:55
27696,0.13,27.696,129.98266897746967,12752198857,2026-09-25 16:22:23.294040,25/09/26,16:22:23
27803,0.13,27.803,129.48242995360212,12752226660,2026-09-25 16:22:51.097040,25/09/26,16:22:51
27711,0.13,27.711,129.91230919129586,12752254371,2026-09-25 16:23:18.808040,25/09/26,16:23:18
27402,0.13,27.402,131.37727173199036,12752281773,2026-09-25 16:23:46.210040,25/09/26,16:23:46
27593,0.13,27.593,130.46787228644945,12752309366,2026-09-25 16:24:13.803040,25/09/26,16:24:13
27467,0.13,27.467,131.0663705537554,12752336833,2026-09-25 16:24:41.270040,25/09/26,16:24:41
27469,0.13,27.469,131.05682769667627,12752364302,2026-09-25 16:25:08.739040,25/09/26,16:25:8
27799,0.13,27.799,129.5010611892514,12752392101,2026-09-25 16:25:36.538040,25/09/26,16:25:36
27359,0.13,27.359,131.58375671625424,12752419460,2026-09-25 16:26:03.897040,25/09/26,16:26:3
27655,0.13,27.655,130.17537515819924,12752447115,2026-09-25 16:26:31.552040,25/09/26,16:26:31
27496,0.13,27.496,130.92813500145476,12752474611,2026-09-25 16:26:59.048040,25/09/26,16:26:59
27624,0.13,27.624,130.32145960034754,12752502235,2026-09-25 16:27:26.672040,25/09/26,16:27:26
27308,0.13,27.308,131.82950051267028,12752529543,2026-09-25 16:27:53.980040,25/09/26,16:27:53
27480,0.13,27.48,131.00436681222706,12752557023,2026-09-25 16:28:21.460040,25/09/26,16:28:21
27406,0.13,27.406,131.3580967671313,12752584429,2026-09-25 16:28:48.866040,25/09/26,16:28:48
27500,0.13,27.5,130.9090909090909,12752611929,2026-09-25 16:29:16.366040,25/09/26,16:29:16
27351,0.13,27.351,131.62224415926292,12752639280,2026-09-25 16:29:43.717040,25/09/26,16:29:43
27641,0.13,27.641,130.24130820158462,12752666921,2026-09-25 16:30:11.358040,25/09/26,16:30:11
27618,0.13,27.618,130.3497718878992,12752694539,2026-09-25 16:30:38.976040,25/09/26,16:30:38
27308,0.13,27.308,131.82950051267028,12752721847,2026-09-25 16:31:06.284040,25/09/26,16:31:6
27514,0.13,27.514,130.8424801919023,12752749361,2026-09-25 16:31:33.798040,25/09/26,16:31:33
27502,0.13,27.502,130.89957094029526,12752776863,2026-09-25 16:32:01.300040,25/09/26,16:32:1
27604,0.13,27.604,130.4158817562672,12752804467,2026-09-25 16:32:28.904040,25/09/26,16:32:28
27649,0.13,27.649,130.20362400086802,12752832116,2026-09-25 16:32:56.553040,25/09/26,16:32:56
27674,0.13,27.674,130.08600130086,12752859790,2026-09-25 16:33:24.227040,25/09/26,16:33:24
27039,0.13,27.039,133.14101852879173,12752886829,2026-09-25 16:33:51.266040,25/09/26,16:33:51
27094,0.13,27.094,132.87074629069167,12752913923,2026-09-25 16:34:18.360040,25/09/26,16:34:18
26986,0.13,26.986,133.40250500259393,12752940909,2026-09-25 16:34:45.346040,25/09/26,16:34:45
27135,0.13,27.135,132.66998341625208,12752968044,2026-09-25 16:35:12.481040,25/09/26,16:35:12
27329,0.13,27.329,131.7282008123239,12752995373,2026-09-25 16:35:39.810040,25/09/26,16:35:39
26928,0.13,26.928,133.6898395721925,12753022301,2026-09-25 16:36:06.738040,25/09/26,16:36:6
27181,0.13,27.181,132.44545822449504,12753049482,2026-09-25 16:36:33.919040,25/09/26,16:36:33
26763,0.13,26.763,134.5140679296043,12753076245,2026-09-25 16:37:00.682040,25/09/26,16:37:0
26973,0.13,26.973,133.4668001334668,12753103218,2026-09-25 16:37:27.655040,25/09/26,16:37:27
26632,0.14,26.632,135.17572844698108,12753129850,2026-09-25 16:37:54.287040,25/09/26,16:37:54
26837,0.13,26.837,134.1431605619108,12753156687,2026-09-25 16:38:21.124040,25/09/26,16:38:21
26713,0.13,26.713,134.76584434544978,12753183400,2026-09-25 16:38:47.837040,25/09/26,16:38:47
25907,0.14,25.907,138.95858262245724,12753209307,2026-09-25 16:39:13.744040,25/09/26,16:39:13
26276,0.14,26.276,137.00715481808496,12753235583,2026-09-25 16:39:40.020040,25/09/26,16:39:40
26044,0.14,26.044,138.22761480571342,12753261627,2026-09-25 16:40:06.064040,25/09/26,16:40:6
26331,0.14,26.331,136.72097527629032,12753287958,2026-09-25 16:40:32.395040,25/09/26,16:40:32
26045,0.14,26.045,138.22230754463428,12753314003,2026-09-25 16:40:58.440040,25/09/26,16:40:58
26231,0.14,26.231,137.24219435019634,12753340234,2026-09-25 16:41:24.671040,25/09/26,16:41:24
26568,0.14,26.568,135.50135501355012,12753366802,2026-09-25 16:41:51.239040,25/09/26,16:41:51
26632,0.14,26.632,135.17572844698108,12753393434,2026-09-25 16:42:17.871040,25/09/26,16:42:17
26808,0.13,26.808,134.2882721575649,12753420242,2026-09-25 16:42:44.679040,25/09/26,16:42:44
26604,0.14,26.604,135.31799729364005,12753446846,2026-09-25 16:43:11.283040,25/09/26,16:43:11
26744,0.13,26.744,134.6096320670057,12753473590,2026-09-25 16:43:38.027040,25/09/26,16:43:38
26444,0.14,26.444,136.13674179397972,12753500034,2026-09-25 16:44:04.471040,25/09/26,16:44:4
26384,0.14,26.384,136.4463311097635,12753526418,2026-09-25 16:44:30.855040,25/09/26,16:44:30
19962,0.18,19.962,180.34265103697024,12753546380,2026-09-25 16:44:50.817040,25/09/26,16:44:50
16182,0.22,16.182,222.4694104560623,12753562562,2026-09-25 16:45:06.999040,25/09/26,16:45:6
16021,0.22,16.021,224.70507458960114,12753578583,2026-09-25 16:45:23.020040,25/09/26,16:45:23
16040,0.22,16.04,224.43890274314214,12753594623,2026-09-25 16:45:39.060040,25/09/26,16:45:39
15950,0.22,15.95,225.70532915360502,12753610573,2026-09-25 16:45:55.010040,25/09/26,16:45:55
15788,0.23,15.788,228.0212819863187,12753626361,2026-09-25 16:46:10.798040,25/09/26,16:46:10
16114,0.22,16.114,223.4082164577386,12753642475,2026-09-25 16:46:26.912040,25/09/26,16:46:26
15985,0.22,15.985,225.2111354394745,12753658460,2026-09-25 16:46:42.897040,25/09/26,16:46:42
16282,0.22,16.282,221.10305859231053,12753674742,2026-09-25 16:46:59.179040,25/09/26,16:46:59
16261,0.22,16.261,221.38859848717792,12753691003,2026-09-25 16:47:15.440040,25/09/26,16:47:15
16422,0.22,16.422,219.21812203142127,12753707425,2026-09-25 16:47:31.862040,25/09/26,16:47:31
16443,0.22,16.443,218.93814997263274,12753723868,2026-09-25 16:47:48.305040,25/09/26,16:47:48
16464,0.22,16.464,218.6588921282799,12753740332,2026-09-25 16:48:04.769040,25/09/26,16:48:4
16511,0.22,16.511,218.03646054145722,12753756843,2026-09-25 16:48:21.280040,25/09/26,16:48:21
16593,0.22,16.593,216.95895859699874,12753773436,2026-09-25 16:48:37.873040,25/09/26,16:48:37
16507,0.22,16.507,218.08929545041497,12753789943,2026-09-25 16:48:54.380040,25/09/26,16:48:54
16561,0.22,16.561,217.3781776462774,12753806504,2026-09-25 16:49:10.941040,25/09/26,16:49:10
16769,0.21,16.769,214.6818534200012,12753823273,2026-09-25 16:49:27.710040,25/09/26,16:49:27
16571,0.22,16.571,217.24699776718364,12753839844,2026-09-25 16:49:44.281040,25/09/26,16:49:44
16809,0.21,16.809,214.17097983223275,12753856653,2026-09-25 16:50:01.090040,25/09/26,16:50:1
16733,0.22,16.733,215.14372796270843,12753873386,2026-09-25 16:50:17.823040,25/09/26,16:50:17
16854,0.21,16.854,213.59914560341758,12753890240,2026-09-25 16:50:34.677040,25/09/26,16:50:34
16660,0.22,16.66,216.08643457382954,12753906900,2026-09-25 16:50:51.337040,25/09/26,16:50:51
16794,0.21,16.794,214.36227224008576,12753923694,2026-09-25 16:51:08.131040,25/09/26,16:51:8
16886,0.21,16.886,213.1943621935331,12753940580,2026-09-25 16:51:25.017040,25/09/26,16:51:25
16458,0.22,16.458,218.7386073641998,12753957038,2026-09-25 16:51:41.475040,25/09/26,16:51:41
15442,0.23,15.442,233.1304235202694,12753972480,2026-09-25 16:51:56.917040,25/09/26,16:51:56
17102,0.21,17.102,210.5016957081043,12753989582,2026-09-25 16:52:14.019040,25/09/26,16:52:14
17211,0.21,17.211,209.16855499389925,12754006793,2026-09-25 16:52:31.230040,25/09/26,16:52:31
17162,0.21,17.162,209.76576156625103,12754023955,2026-09-25 16:52:48.392040,25/09/26,16:52:48
16802,0.21,16.802,214.2602071182002,12754040757,2026-09-25 16:53:05.194040,25/09/26,16:53:5
17052,0.21,17.052,211.118930330753,12754057809,2026-09-25 16:53:22.246040,25/09/26,16:53:22
16949,0.21,16.949,212.40191161720455,12754074758,2026-09-25 16:53:39.195040,25/09/26,16:53:39
24271,0.15,24.271,148.3251617156277,12754099029,2026-09-25 16:54:03.466040,25/09/26,16:54:3
25608,0.14,25.608,140.58106841611996,12754124637,2026-09-25 16:54:29.074040,25/09/26,16:54:29
25270,0.14,25.27,142.46141669964385,12754149907,2026-09-25 16:54:54.344040,25/09/26,16:54:54
26278,0.14,26.278,136.9967273004034,12754176185,2026-09-25 16:55:20.622040,25/09/26,16:55:20
26254,0.14,26.254,137.1219623676392,12754202439,2026-09-25 16:55:46.876040,25/09/26,16:55:46
26423,0.14,26.423,136.24493812209062,12754228862,2026-09-25 16:56:13.299040,25/09/26,16:56:13
26368,0.14,26.368,136.52912621359224,12754255230,2026-09-25 16:56:39.667040,25/09/26,16:56:39
26169,0.14,26.169,137.56735068210477,12754281399,2026-09-25 16:57:05.836040,25/09/26,16:57:5
26787,0.13,26.787,134.39354910964275,12754308186,2026-09-25 16:57:32.623040,25/09/26,16:57:32
26806,0.13,26.806,134.29829142729238,12754334992,2026-09-25 16:57:59.429040,25/09/26,16:57:59
26826,0.13,26.826,134.19816595839856,12754361818,2026-09-25 16:58:26.255040,25/09/26,16:58:26
26616,0.14,26.616,135.2569882777277,12754388434,2026-09-25 16:58:52.871040,25/09/26,16:58:52
26831,0.13,26.831,134.1731579143528,12754415265,2026-09-25 16:59:19.702040,25/09/26,16:59:19
26462,0.14,26.462,136.04413876502153,12754441727,2026-09-25 16:59:46.164040,25/09/26,16:59:46
26858,0.13,26.858,134.0382753741902,12754468585,2026-09-25 17:00:13.022040,25/09/26,17:0:13
26889,0.13,26.889,133.8837442820484,12754495474,2026-09-25 17:00:39.911040,25/09/26,17:0:39
26366,0.14,26.366,136.53948266707124,12754521840,2026-09-25 17:01:06.277040,25/09/26,17:1:6
26209,0.14,26.209,137.3573963142432,12754548049,2026-09-25 17:01:32.486040,25/09/26,17:1:32
26419,0.14,26.419,136.26556644838942,12754574468,2026-09-25 17:01:58.905040,25/09/26,17:1:58
26476,0.14,26.476,135.97220123885782,12754600944,2026-09-25 17:02:25.381040,25/09/26,17:2:25
26255,0.14,26.255,137.11673966863455,12754627199,2026-09-25 17:02:51.636040,25/09/26,17:2:51
26500,0.14,26.5,135.8490566037736,12754653699,2026-09-25 17:03:18.136040,25/09/26,17:3:18
26179,0.14,26.179,137.51480194048665,12754679878,2026-09-25 17:03:44.315040,25/09/26,17:3:44
26551,0.14,26.551,135.58811344205492,12754706429,2026-09-25 17:04:10.866040,25/09/26,17:4:10
28163,0.13,28.163,127.82729112665554,12754734592,2026-09-25 17:04:39.029040,25/09/26,17:4:39
28009,0.13,28.009,128.53011532007568,12754762601,2026-09-25 17:05:07.038040,25/09/26,17:5:7
28016,0.13,28.016,128.49800114220446,12754790617,2026-09-25 17:05:35.054040,25/09/26,17:5:35
27996,0.13,27.996,128.58979854264896,12754818613,2026-09-25 17:06:03.050040,25/09/26,17:6:3
28017,0.13,28.017,128.493414712496,12754846630,2026-09-25 17:06:31.067040,25/09/26,17:6:31
28056,0.13,28.056,128.3147989734816,12754874686,2026-09-25 17:06:59.123040,25/09/26,17:6:59
28061,0.13,28.061,128.2919354263925,12754902747,2026-09-25 17:07:27.184040,25/09/26,17:7:27
28097,0.13,28.097,128.1275581022885,12754930844,2026-09-25 17:07:55.281040,25/09/26,17:7:55
28083,0.13,28.083,128.1914325392586,12754958927,2026-09-25 17:08:23.364040,25/09/26,17:8:23
28141,0.13,28.141,127.92722362389397,12754987068,2026-09-25 17:08:51.505040,25/09/26,17:8:51
28059,0.13,28.059,128.30107986742223,12755015127,2026-09-25 17:09:19.564040,25/09/26,17:9:19
28152,0.13,28.152,127.8772378516624,12755043279,2026-09-25 17:09:47.716040,25/09/26,17:9:47
28052,0.13,28.052,128.33309567945244,12755071331,2026-09-25 17:10:15.768040,25/09/26,17:10:15
28028,0.13,28.028,128.44298558584273,12755099359,2026-09-25 17:10:43.796040,25/09/26,17:10:43
28152,0.13,28.152,127.8772378516624,12755127511,2026-09-25 17:11:11.948040,25/09/26,17:11:11
28214,0.13,28.214,127.59622882257035,12755155725,2026-09-25 17:11:40.162040,25/09/26,17:11:40
28270,0.13,28.27,127.3434736469756,12755183995,2026-09-25 17:12:08.432040,25/09/26,17:12:8
28459,0.13,28.459,126.49776871991286,12755212454,2026-09-25 17:12:36.891040,25/09/26,17:12:36
28607,0.12,28.607,125.84332506029993,12755241061,2026-09-25 17:13:05.498040,25/09/26,17:13:5
28649,0.12,28.649,125.6588362595553,12755269710,2026-09-25 17:13:34.147040,25/09/26,17:13:34
28667,0.12,28.667,125.57993511703353,12755298377,2026-09-25 17:14:02.814040,25/09/26,17:14:2
28601,0.12,28.601,125.86972483479599,12755326978,2026-09-25 17:14:31.415040,25/09/26,17:14:31
28553,0.13,28.553,126.08132245298218,12755355531,2026-09-25 17:14:59.968040,25/09/26,17:14:59
28626,0.12,28.626,125.75979878432194,12755384157,2026-09-25 17:15:28.594040,25/09/26,17:15:28
28584,0.12,28.584,125.94458438287154,12755412741,2026-09-25 17:15:57.178040,25/09/26,17:15:57
28470,0.13,28.47,126.44889357218125,12755441211,2026-09-25 17:16:25.648040,25/09/26,17:16:25
28602,0.12,28.602,125.86532410320956,12755469813,2026-09-25 17:16:54.250040,25/09/26,17:16:54
28538,0.13,28.538,126.14759268343963,12755498351,2026-09-25 17:17:22.788040,25/09/26,17:17:22
28553,0.13,28.553,126.08132245298218,12755526904,2026-09-25 17:17:51.341040,25/09/26,17:17:51
28540,0.13,28.54,126.13875262789068,12755555444,2026-09-25 17:18:19.881040,25/09/26,17:18:19
28490,0.13,28.49,126.36012636012636,12755583934,2026-09-25 17:18:48.371040,25/09/26,17:18:48
28721,0.12,28.721,125.34382507572856,12755612655,2026-09-25 17:19:17.092040,25/09/26,17:19:17
28561,0.13,28.561,126.04600679247926,12755641216,2026-09-25 17:19:45.653040,25/09/26,17:19:45
28790,0.12,28.79,125.04341785342133,12755670006,2026-09-25 17:20:14.443040,25/09/26,17:20:14
29219,0.12,29.219,123.2075019678976,12755699225,2026-09-25 17:20:43.662040,25/09/26,17:20:43
29160,0.12,29.16,123.45679012345678,12755728385,2026-09-25 17:21:12.822040,25/09/26,17:21:12
29089,0.12,29.089,123.75812162673175,12755757474,2026-09-25 17:21:41.911040,25/09/26,17:21:41
29287,0.12,29.287,122.921432717588,12755786761,2026-09-25 17:22:11.198040,25/09/26,17:22:11
29257,0.12,29.257,123.04747581775301,12755816018,2026-09-25 17:22:40.455040,25/09/26,17:22:40
29275,0.12,29.275,122.97181895815542,12755845293,2026-09-25 17:23:09.730040,25/09/26,17:23:9
29060,0.12,29.06,123.88162422573986,12755874353,2026-09-25 17:23:38.790040,25/09/26,17:23:38
29098,0.12,29.098,123.7198432881985,12755903451,2026-09-25 17:24:07.888040,25/09/26,17:24:7
29240,0.12,29.24,123.11901504787961,12755932691,2026-09-25 17:24:37.128040,25/09/26,17:24:37
29211,0.12,29.211,123.24124473657184,12755961902,2026-09-25 17:25:06.339040,25/09/26,17:25:6
29240,0.12,29.24,123.11901504787961,12755991142,2026-09-25 17:25:35.579040,25/09/26,17:25:35
29237,0.12,29.237,123.13164825392482,12756020379,2026-09-25 17:26:04.816040,25/09/26,17:26:4
29137,0.12,29.137,123.55424374506642,12756049516,2026-09-25 17:26:33.953040,25/09/26,17:26:33
29218,0.12,29.218,123.21171880347731,12756078734,2026-09-25 17:27:03.171040,25/09/26,17:27:3
29227,0.12,29.227,123.17377767133131,12756107961,2026-09-25 17:27:32.398040,25/09/26,17:27:32
29271,0.12,29.271,122.98862355232141,12756137232,2026-09-25 17:28:01.669040,25/09/26,17:28:1
29307,0.12,29.307,122.83754734363804,12756166539,2026-09-25 17:28:30.976040,25/09/26,17:28:30
29194,0.12,29.194,123.31300952250463,12756195733,2026-09-25 17:29:00.170040,25/09/26,17:29:0
29116,0.12,29.116,123.6433576040665,12756224849,2026-09-25 17:29:29.286040,25/09/26,17:29:29
29164,0.12,29.164,123.43985735838706,12756254013,2026-09-25 17:29:58.450040,25/09/26,17:29:58
29217,0.12,29.217,123.21593592771332,12756283230,2026-09-25 17:30:27.667040,25/09/26,17:30:27
15897,0.23,15.897,226.45782223060954,12756299127,2026-09-25 17:30:43.564040,25/09/26,17:30:43
16962,0.21,16.962,212.23912274495933,12756316089,2026-09-25 17:31:00.526040,25/09/26,17:31:0
16863,0.21,16.863,213.4851449919943,12756332952,2026-09-25 17:31:17.389040,25/09/26,17:31:17
16914,0.21,16.914,212.8414331323164,12756349866,2026-09-25 17:31:34.303040,25/09/26,17:31:34
16992,0.21,16.992,211.864406779661,12756366858,2026-09-25 17:31:51.295040,25/09/26,17:31:51
17133,0.21,17.133,210.12081947119594,12756383991,2026-09-25 17:32:08.428040,25/09/26,17:32:8
17235,0.21,17.235,208.87728459530027,12756401226,2026-09-25 17:32:25.663040,25/09/26,17:32:25
17238,0.21,17.238,208.84093282283328,12756418464,2026-09-25 17:32:42.901040,25/09/26,17:32:42
17347,0.21,17.347,207.52867931054362,12756435811,2026-09-25 17:33:00.248040,25/09/26,17:33:0
17374,0.21,17.374,207.2061701392886,12756453185,2026-09-25 17:33:17.622040,25/09/26,17:33:17
17454,0.21,17.454,206.2564455139223,12756470639,2026-09-25 17:33:35.076040,25/09/26,17:33:35
17467,0.21,17.467,206.1029369668518,12756488106,2026-09-25 17:33:52.543040,25/09/26,17:33:52
17422,0.21,17.422,206.6352887154173,12756505528,2026-09-25 17:34:09.965040,25/09/26,17:34:9
17468,0.21,17.468,206.09113808106252,12756522996,2026-09-25 17:34:27.433040,25/09/26,17:34:27
17508,0.2,17.508,205.620287868403,12756540504,2026-09-25 17:34:44.941040,25/09/26,17:34:44
17581,0.2,17.581,204.7665092998123,12756558085,2026-09-25 17:35:02.522040,25/09/26,17:35:2
17551,0.2,17.551,205.11651757734603,12756575636,2026-09-25 17:35:20.073040,25/09/26,17:35:20
17581,0.2,17.581,204.7665092998123,12756593217,2026-09-25 17:35:37.654040,25/09/26,17:35:37
17695,0.2,17.695,203.4473014975982,12756610912,2026-09-25 17:35:55.349040,25/09/26,17:35:55
17687,0.2,17.687,203.53932266636514,12756628599,2026-09-25 17:36:13.036040,25/09/26,17:36:13
17798,0.2,17.798,202.26991796831103,12756646397,2026-09-25 17:36:30.834040,25/09/26,17:36:30
17804,0.2,17.804,202.2017524151876,12756664201,2026-09-25 17:36:48.638040,25/09/26,17:36:48
17951,0.2,17.951,200.54593058882514,12756682152,2026-09-25 17:37:06.589040,25/09/26,17:37:6
17947,0.2,17.947,200.59062796010474,12756700099,2026-09-25 17:37:24.536040,25/09/26,17:37:24
17943,0.2,17.943,200.63534525998998,12756718042,2026-09-25 17:37:42.479040,25/09/26,17:37:42
18040,0.2,18.04,199.55654101995566,12756736082,2026-09-25 17:38:00.519040,25/09/26,17:38:0
18044,0.2,18.044,199.51230325870094,12756754126,2026-09-25 17:38:18.563040,25/09/26,17:38:18
18125,0.2,18.125,198.6206896551724,12756772251,2026-09-25 17:38:36.688040,25/09/26,17:38:36
18243,0.2,18.243,197.33596447952638,12756790494,2026-09-25 17:38:54.931040,25/09/26,17:38:54
18389,0.19,18.389,195.7692098537169,12756808883,2026-09-25 17:39:13.320040,25/09/26,17:39:13
21459,0.17,21.459,167.76177827484972,12756830342,2026-09-25 17:39:34.779040,25/09/26,17:39:34
29327,0.12,29.327,122.75377638353736,12756859669,2026-09-25 17:40:04.106040,25/09/26,17:40:4
28435,0.13,28.435,126.60453666256375,12756888104,2026-09-25 17:40:32.541040,25/09/26,17:40:32
28775,0.12,28.775,125.10860121633362,12756916879,2026-09-25 17:41:01.316040,25/09/26,17:41:1
28488,0.13,28.488,126.36899747262005,12756945367,2026-09-25 17:41:29.804040,25/09/26,17:41:29
28757,0.12,28.757,125.18691101297075,12756974124,2026-09-25 17:41:58.561040,25/09/26,17:41:58
29033,0.12,29.033,123.99683119209176,12757003157,2026-09-25 17:42:27.594040,25/09/26,17:42:27
22477,0.16,22.477,160.16372291675935,12757025634,2026-09-25 17:42:50.071040,25/09/26,17:42:50
27917,0.13,27.917,128.9536841351148,12757053551,2026-09-25 17:43:17.988040,25/09/26,17:43:17
29066,0.12,29.066,123.85605174430606,12757082617,2026-09-25 17:43:47.054040,25/09/26,17:43:47
29187,0.12,29.187,123.34258402713537,12757111804,2026-09-25 17:44:16.241040,25/09/26,17:44:16
29269,0.12,29.269,122.99702757183368,12757141073,2026-09-25 17:44:45.510040,25/09/26,17:44:45
29214,0.12,29.214,123.22858903265558,12757170287,2026-09-25 17:45:14.724040,25/09/26,17:45:14
29089,0.12,29.089,123.75812162673175,12757199376,2026-09-25 17:45:43.813040,25/09/26,17:45:43
29116,0.12,29.116,123.6433576040665,12757228492,2026-09-25 17:46:12.929040,25/09/26,17:46:12
29077,0.12,29.077,123.80919627196754,12757257569,2026-09-25 17:46:42.006040,25/09/26,17:46:42
29009,0.12,29.009,124.09941742217933,12757286578,2026-09-25 17:47:11.015040,25/09/26,17:47:11
29078,0.12,29.078,123.80493844143339,12757315656,2026-09-25 17:47:40.093040,25/09/26,17:47:40
29025,0.12,29.025,124.03100775193798,12757344681,2026-09-25 17:48:09.118040,25/09/26,17:48:9
29087,0.12,29.087,123.76663114105958,12757373768,2026-09-25 17:48:38.205040,25/09/26,17:48:38
28915,0.12,28.915,124.50285319038561,12757402683,2026-09-25 17:49:07.120040,25/09/26,17:49:7
29124,0.12,29.124,123.60939431396787,12757431807,2026-09-25 17:49:36.244040,25/09/26,17:49:36
29130,0.12,29.13,123.58393408856848,12757460937,2026-09-25 17:50:05.374040,25/09/26,17:50:5
29089,0.12,29.089,123.75812162673175,12757490026,2026-09-25 17:50:34.463040,25/09/26,17:50:34
29073,0.12,29.073,123.82623052316582,12757519099,2026-09-25 17:51:03.536040,25/09/26,17:51:3
28952,0.12,28.952,124.34374136501796,12757548051,2026-09-25 17:51:32.488040,25/09/26,17:51:32
29047,0.12,29.047,123.93706751127483,12757577098,2026-09-25 17:52:01.535040,25/09/26,17:52:1
29043,0.12,29.043,123.95413696932135,12757606141,2026-09-25 17:52:30.578040,25/09/26,17:52:30
29100,0.12,29.1,123.71134020618557,12757635241,2026-09-25 17:52:59.678040,25/09/26,17:52:59
29023,0.12,29.023,124.03955483581987,12757664264,2026-09-25 17:53:28.701040,25/09/26,17:53:28
29104,0.12,29.104,123.69433754810335,12757693368,2026-09-25 17:53:57.805040,25/09/26,17:53:57
29102,0.12,29.102,123.70283829290084,12757722470,2026-09-25 17:54:26.907040,25/09/26,17:54:26
28881,0.12,28.881,124.64942349641633,12757751351,2026-09-25 17:54:55.788040,25/09/26,17:54:55
28097,0.13,28.097,128.1275581022885,12757779448,2026-09-25 17:55:23.885040,25/09/26,17:55:23
28463,0.13,28.463,126.47999156800056,12757807911,2026-09-25 17:55:52.348040,25/09/26,17:55:52
28533,0.13,28.533,126.16969824413836,12757836444,2026-09-25 17:56:20.881040,25/09/26,17:56:20
28553,0.13,28.553,126.08132245298218,12757864997,2026-09-25 17:56:49.434040,25/09/26,17:56:49
28588,0.12,28.588,125.92696236183014,12757893585,2026-09-25 17:57:18.022040,25/09/26,17:57:18
28546,0.13,28.546,126.11223989350522,12757922131,2026-09-25 17:57:46.568040,25/09/26,17:57:46
28561,0.13,28.561,126.04600679247926,12757950692,2026-09-25 17:58:15.129040,25/09/26,17:58:15
28621,0.12,28.621,125.78176863142448,12757979313,2026-09-25 17:58:43.750040,25/09/26,17:58:43
28556,0.13,28.556,126.06807676145118,12758007869,2026-09-25 17:59:12.306040,25/09/26,17:59:12
28585,0.12,28.585,125.94017841525276,12758036454,2026-09-25 17:59:40.891040,25/09/26,17:59:40
28480,0.13,28.48,126.40449438202248,12758064934,2026-09-25 18:00:09.371040,25/09/26,18:0:9
28588,0.12,28.588,125.92696236183014,12758093522,2026-09-25 18:00:37.959040,25/09/26,18:0:37
28491,0.13,28.491,126.35569127092766,12758122013,2026-09-25 18:01:06.450040,25/09/26,18:1:6
28198,0.13,28.198,127.66862898077878,12758150211,2026-09-25 18:01:34.648040,25/09/26,18:1:34
28510,0.13,28.51,126.27148368993336,12758178721,2026-09-25 18:02:03.158040,25/09/26,18:2:3
28450,0.13,28.45,126.5377855887522,12758207171,2026-09-25 18:02:31.608040,25/09/26,18:2:31
28505,0.13,28.505,126.29363269601824,12758235676,2026-09-25 18:03:00.113040,25/09/26,18:3:0
28530,0.13,28.53,126.18296529968454,12758264206,2026-09-25 18:03:28.643040,25/09/26,18:3:28
28503,0.13,28.503,126.30249447426587,12758292709,2026-09-25 18:03:57.146040,25/09/26,18:3:57
28633,0.12,28.633,125.72905388886949,12758321342,2026-09-25 18:04:25.779040,25/09/26,18:4:25
28550,0.13,28.55,126.09457092819615,12758349892,2026-09-25 18:04:54.329040,25/09/26,18:4:54
28615,0.12,28.615,125.80814258256159,12758378507,2026-09-25 18:05:22.944040,25/09/26,18:5:22
28543,0.13,28.543,126.12549486739306,12758407050,2026-09-25 18:05:51.487040,25/09/26,18:5:51
28533,0.13,28.533,126.16969824413836,12758435583,2026-09-25 18:06:20.020040,25/09/26,18:6:20
28562,0.13,28.562,126.04159372592956,12758464145,2026-09-25 18:06:48.582040,25/09/26,18:6:48
28557,0.13,28.557,126.06366214938544,12758492702,2026-09-25 18:07:17.139040,25/09/26,18:7:17
28550,0.13,28.55,126.09457092819615,12758521252,2026-09-25 18:07:45.689040,25/09/26,18:7:45
28524,0.13,28.524,126.20950778291964,12758549776,2026-09-25 18:08:14.213040,25/09/26,18:8:14
28583,0.12,28.583,125.94899065878319,12758578359,2026-09-25 18:08:42.796040,25/09/26,18:8:42
28574,0.12,28.574,125.98866102050816,12758606933,2026-09-25 18:09:11.370040,25/09/26,18:9:11
28547,0.13,28.547,126.10782218797071,12758635480,2026-09-25 18:09:39.917040,25/09/26,18:9:39
28606,0.12,28.606,125.84772425365308,12758664086,2026-09-25 18:10:08.523040,25/09/26,18:10:8
28601,0.12,28.601,125.86972483479599,12758692687,2026-09-25 18:10:37.124040,25/09/26,18:10:37
28714,0.12,28.714,125.37438183464512,12758721401,2026-09-25 18:11:05.838040,25/09/26,18:11:5
28518,0.13,28.518,126.23606143488323,12758749919,2026-09-25 18:11:34.356040,25/09/26,18:11:34
28634,0.12,28.634,125.72466298805615,12758778553,2026-09-25 18:12:02.990040,25/09/26,18:12:2
28934,0.12,28.934,124.42109628810397,12758807487,2026-09-25 18:12:31.924040,25/09/26,18:12:31
29121,0.12,29.121,123.62212836097662,12758836608,2026-09-25 18:13:01.045040,25/09/26,18:13:1
29092,0.12,29.092,123.74535954901691,12758865700,2026-09-25 18:13:30.137040,25/09/26,18:13:30
29070,0.12,29.07,123.83900928792569,12758894770,2026-09-25 18:13:59.207040,25/09/26,18:13:59
29032,0.12,29.032,124.00110223201985,12758923802,2026-09-25 18:14:28.239040,25/09/26,18:14:28
29155,0.12,29.155,123.47796261361688,12758952957,2026-09-25 18:14:57.394040,25/09/26,18:14:57
29088,0.12,29.088,123.76237623762377,12758982045,2026-09-25 18:15:26.482040,25/09/26,18:15:26
29077,0.12,29.077,123.80919627196754,12759011122,2026-09-25 18:15:55.559040,25/09/26,18:15:55
27236,0.13,27.236,132.17799970627112,12759038358,2026-09-25 18:16:22.795040,25/09/26,18:16:22
15351,0.23,15.351,234.5124096150088,12759053709,2026-09-25 18:16:38.146040,25/09/26,18:16:38
16872,0.21,16.872,213.37126600284495,12759070581,2026-09-25 18:16:55.018040,25/09/26,18:16:55
16590,0.22,16.59,216.998191681736,12759087171,2026-09-25 18:17:11.608040,25/09/26,18:17:11
16695,0.22,16.695,215.63342318059298,12759103866,2026-09-25 18:17:28.303040,25/09/26,18:17:28
16841,0.21,16.841,213.76402826435483,12759120707,2026-09-25 18:17:45.144040,25/09/26,18:17:45
16996,0.21,16.996,211.8145445987291,12759137703,2026-09-25 18:18:02.140040,25/09/26,18:18:2
17092,0.21,17.092,210.62485373274046,12759154795,2026-09-25 18:18:19.232040,25/09/26,18:18:19
17208,0.21,17.208,209.20502092050208,12759172003,2026-09-25 18:18:36.440040,25/09/26,18:18:36
17242,0.21,17.242,208.79248347059504,12759189245,2026-09-25 18:18:53.682040,25/09/26,18:18:53
17346,0.21,17.346,207.54064337599448,12759206591,2026-09-25 18:19:11.028040,25/09/26,18:19:11
17344,0.21,17.344,207.56457564575646,12759223935,2026-09-25 18:19:28.372040,25/09/26,18:19:28
17403,0.21,17.403,206.8608860541286,12759241338,2026-09-25 18:19:45.775040,25/09/26,18:19:45
17489,0.2,17.489,205.84367316599005,12759258827,2026-09-25 18:20:03.264040,25/09/26,18:20:3
17520,0.2,17.52,205.4794520547945,12759276347,2026-09-25 18:20:20.784040,25/09/26,18:20:20
17621,0.2,17.621,204.3016854889053,12759293968,2026-09-25 18:20:38.405040,25/09/26,18:20:38
17626,0.2,17.626,204.24373085215024,12759311594,2026-09-25 18:20:56.031040,25/09/26,18:20:56
17673,0.2,17.673,203.70056017654048,12759329267,2026-09-25 18:21:13.704040,25/09/26,18:21:13
17715,0.2,17.715,203.21761219305674,12759346982,2026-09-25 18:21:31.419040,25/09/26,18:21:31
17750,0.2,17.75,202.81690140845072,12759364732,2026-09-25 18:21:49.169040,25/09/26,18:21:49
17816,0.2,17.816,202.0655590480467,12759382548,2026-09-25 18:22:06.985040,25/09/26,18:22:6
17862,0.2,17.862,201.54517971111858,12759400410,2026-09-25 18:22:24.847040,25/09/26,18:22:24
17854,0.2,17.854,201.63548784586087,12759418264,2026-09-25 18:22:42.701040,25/09/26,18:22:42
17954,0.2,17.954,200.51242063050017,12759436218,2026-09-25 18:23:00.655040,25/09/26,18:23:0
17855,0.2,17.855,201.6241949033884,12759454073,2026-09-25 18:23:18.510040,25/09/26,18:23:18
17960,0.2,17.96,200.44543429844097,12759472033,2026-09-25 18:23:36.470040,25/09/26,18:23:36
18005,0.2,18.005,199.9444598722577,12759490038,2026-09-25 18:23:54.475040,25/09/26,18:23:54
17974,0.2,17.974,200.28930677645488,12759508012,2026-09-25 18:24:12.449040,25/09/26,18:24:12
18041,0.2,18.041,199.54547974059088,12759526053,2026-09-25 18:24:30.490040,25/09/26,18:24:30
18094,0.2,18.094,198.96098154084225,12759544147,2026-09-25 18:24:48.584040,25/09/26,18:24:48
18113,0.2,18.113,198.75227736984488,12759562260,2026-09-25 18:25:06.697040,25/09/26,18:25:6
23917,0.15,23.917,150.52055023623365,12759586177,2026-09-25 18:25:30.614040,25/09/26,18:25:30
28595,0.12,28.595,125.89613568805736,12759614772,2026-09-25 18:25:59.209040,25/09/26,18:25:59
28540,0.13,28.54,126.13875262789068,12759643312,2026-09-25 18:26:27.749040,25/09/26,18:26:27
28662,0.12,28.662,125.60184216035168,12759671974,2026-09-25 18:26:56.411040,25/09/26,18:26:56
29078,0.12,29.078,123.80493844143339,12759701052,2026-09-25 18:27:25.489040,25/09/26,18:27:25
29433,0.12,29.433,122.3116909591275,12759730485,2026-09-25 18:27:54.922040,25/09/26,18:27:54
29551,0.12,29.551,121.82328855199485,12759760036,2026-09-25 18:28:24.473040,25/09/26,18:28:24
29427,0.12,29.427,122.3366296258538,12759789463,2026-09-25 18:28:53.900040,25/09/26,18:28:53
29402,0.12,29.402,122.44065029589824,12759818865,2026-09-25 18:29:23.302040,25/09/26,18:29:23
29445,0.12,29.445,122.26184411614875,12759848310,2026-09-25 18:29:52.747040,25/09/26,18:29:52
29729,0.12,29.729,121.09388139527061,12759878039,2026-09-25 18:30:22.476040,25/09/26,18:30:22
29977,0.12,29.977,120.09207058745038,12759908016,2026-09-25 18:30:52.453040,25/09/26,18:30:52
30142,0.12,30.142,119.43467586756022,12759938158,2026-09-25 18:31:22.595040,25/09/26,18:31:22
30217,0.12,30.217,119.13823344474964,12759968375,2026-09-25 18:31:52.812040,25/09/26,18:31:52
30184,0.12,30.184,119.26848661542539,12759998559,2026-09-25 18:32:22.996040,25/09/26,18:32:22
30280,0.12,30.28,118.89035667107001,12760028839,2026-09-25 18:32:53.276040,25/09/26,18:32:53
29863,0.12,29.863,120.55051401399726,12760058702,2026-09-25 18:33:23.139040,25/09/26,18:33:23
29867,0.12,29.867,120.53436903605987,12760088569,2026-09-25 18:33:53.006040,25/09/26,18:33:53
29120,0.12,29.12,123.62637362637362,12760117689,2026-09-25 18:34:22.126040,25/09/26,18:34:22
28763,0.12,28.763,125.16079685707332,12760146452,2026-09-25 18:34:50.889040,25/09/26,18:34:50
28693,0.12,28.693,125.46614156762973,12760175145,2026-09-25 18:35:19.582040,25/09/26,18:35:19
28649,0.12,28.649,125.6588362595553,12760203794,2026-09-25 18:35:48.231040,25/09/26,18:35:48
28693,0.12,28.693,125.46614156762973,12760232487,2026-09-25 18:36:16.924040,25/09/26,18:36:16
28590,0.12,28.59,125.91815320041972,12760261077,2026-09-25 18:36:45.514040,25/09/26,18:36:45
28863,0.12,28.863,124.72715933894605,12760289940,2026-09-25 18:37:14.377040,25/09/26,18:37:14
28697,0.12,28.697,125.44865316932083,12760318637,2026-09-25 18:37:43.074040,25/09/26,18:37:43
28695,0.12,28.695,125.45739675901726,12760347332,2026-09-25 18:38:11.769040,25/09/26,18:38:11
28769,0.12,28.769,125.13469359379889,12760376101,2026-09-25 18:38:40.538040,25/09/26,18:38:40
28675,0.12,28.675,125.54489973844812,12760404776,2026-09-25 18:39:09.213040,25/09/26,18:39:9
28742,0.12,28.742,125.25224410270684,12760433518,2026-09-25 18:39:37.955040,25/09/26,18:39:37
28702,0.12,28.702,125.42679952616542,12760462220,2026-09-25 18:40:06.657040,25/09/26,18:40:6
28708,0.12,28.708,125.40058520273095,12760490928,2026-09-25 18:40:35.365040,25/09/26,18:40:35
28632,0.12,28.632,125.73344509639564,12760519560,2026-09-25 18:41:03.997040,25/09/26,18:41:3
28351,0.13,28.351,126.97964798419808,12760547911,2026-09-25 18:41:32.348040,25/09/26,18:41:32
28611,0.12,28.611,125.82573136206354,12760576522,2026-09-25 18:42:00.959040,25/09/26,18:42:0
28886,0.12,28.886,124.62784740012462,12760605408,2026-09-25 18:42:29.845040,25/09/26,18:42:29
29187,0.12,29.187,123.34258402713537,12760634595,2026-09-25 18:42:59.032040,25/09/26,18:42:59
29121,0.12,29.121,123.62212836097662,12760663716,2026-09-25 18:43:28.153040,25/09/26,18:43:28
29255,0.12,29.255,123.05588788241326,12760692971,2026-09-25 18:43:57.408040,25/09/26,18:43:57
29186,0.12,29.186,123.34681011443843,12760722157,2026-09-25 18:44:26.594040,25/09/26,18:44:26
29121,0.12,29.121,123.62212836097662,12760751278,2026-09-25 18:44:55.715040,25/09/26,18:44:55
29135,0.12,29.135,123.56272524455123,12760780413,2026-09-25 18:45:24.850040,25/09/26,18:45:24
29227,0.12,29.227,123.17377767133131,12760809640,2026-09-25 18:45:54.077040,25/09/26,18:45:54
29137,0.12,29.137,123.55424374506642,12760838777,2026-09-25 18:46:23.214040,25/09/26,18:46:23
29065,0.12,29.065,123.86031309134698,12760867842,2026-09-25 18:46:52.279040,25/09/26,18:46:52
29049,0.12,29.049,123.928534545079,12760896891,2026-09-25 18:47:21.328040,25/09/26,18:47:21
29100,0.12,29.1,123.71134020618557,12760925991,2026-09-25 18:47:50.428040,25/09/26,18:47:50
29150,0.12,29.15,123.4991423670669,12760955141,2026-09-25 18:48:19.578040,25/09/26,18:48:19
29108,0.12,29.108,123.67733956300674,12760984249,2026-09-25 18:48:48.686040,25/09/26,18:48:48
29196,0.12,29.196,123.30456226880395,12761013445,2026-09-25 18:49:17.882040,25/09/26,18:49:17
29080,0.12,29.08,123.79642365887207,12761042525,2026-09-25 18:49:46.962040,25/09/26,18:49:46
29098,0.12,29.098,123.7198432881985,12761071623,2026-09-25 18:50:16.060040,25/09/26,18:50:16
29023,0.12,29.023,124.03955483581987,12761100646,2026-09-25 18:50:45.083040,25/09/26,18:50:45
29063,0.12,29.063,123.86883666517565,12761129709,2026-09-25 18:51:14.146040,25/09/26,18:51:14
29006,0.12,29.006,124.11225263738537,12761158715,2026-09-25 18:51:43.152040,25/09/26,18:51:43
29110,0.12,29.11,123.66884232222604,12761187825,2026-09-25 18:52:12.262040,25/09/26,18:52:12
29202,0.12,29.202,123.27922745017464,12761217027,2026-09-25 18:52:41.464040,25/09/26,18:52:41
29181,0.12,29.181,123.36794489565128,12761246208,2026-09-25 18:53:10.645040,25/09/26,18:53:10
28971,0.12,28.971,124.26219322771047,12761275179,2026-09-25 18:53:39.616040,25/09/26,18:53:39
28947,0.12,28.947,124.36521919369883,12761304126,2026-09-25 18:54:08.563040,25/09/26,18:54:8
29067,0.12,29.067,123.85179069047373,12761333193,2026-09-25 18:54:37.630040,25/09/26,18:54:37
29022,0.12,29.022,124.04382881951624,12761362215,2026-09-25 18:55:06.652040,25/09/26,18:55:6
29071,0.12,29.071,123.83474940662516,12761391286,2026-09-25 18:55:35.723040,25/09/26,18:55:35
28997,0.12,28.997,124.15077421802255,12761420283,2026-09-25 18:56:04.720040,25/09/26,18:56:4
29006,0.12,29.006,124.11225263738537,12761449289,2026-09-25 18:56:33.726040,25/09/26,18:56:33
29006,0.12,29.006,124.11225263738537,12761478295,2026-09-25 18:57:02.732040,25/09/26,18:57:2
28978,0.12,28.978,124.23217613361861,12761507273,2026-09-25 18:57:31.710040,25/09/26,18:57:31
29094,0.12,29.094,123.73685295937307,12761536367,2026-09-25 18:58:00.804040,25/09/26,18:58:0
28994,0.12,28.994,124.16362005932262,12761565361,2026-09-25 18:58:29.798040,25/09/26,18:58:29
29092,0.12,29.092,123.74535954901691,12761594453,2026-09-25 18:58:58.890040,25/09/26,18:58:58
29043,0.12,29.043,123.95413696932135,12761623496,2026-09-25 18:59:27.933040,25/09/26,18:59:27
29077,0.12,29.077,123.80919627196754,12761652573,2026-09-25 18:59:57.010040,25/09/26,18:59:57
29207,0.12,29.207,123.25812305269285,12761681780,2026-09-25 19:00:26.217040,25/09/26,19:0:26
29100,0.12,29.1,123.71134020618557,12761710880,2026-09-25 19:00:55.317040,25/09/26,19:0:55
28135,0.13,28.135,127.95450506486583,12761739015,2026-09-25 19:01:23.452040,25/09/26,19:1:23
18047,0.2,18.047,199.4791378068377,12761757062,2026-09-25 19:01:41.499040,25/09/26,19:1:41
16772,0.21,16.772,214.64345337467208,12761773834,2026-09-25 19:01:58.271040,25/09/26,19:1:58
16733,0.22,16.733,215.14372796270843,12761790567,2026-09-25 19:02:15.004040,25/09/26,19:2:15
16809,0.21,16.809,214.17097983223275,12761807376,2026-09-25 19:02:31.813040,25/09/26,19:2:31
16858,0.21,16.858,213.54846363744215,12761824234,2026-09-25 19:02:48.671040,25/09/26,19:2:48
16986,0.21,16.986,211.93924408336278,12761841220,2026-09-25 19:03:05.657040,25/09/26,19:3:5
17177,0.21,17.177,209.58258135879373,12761858397,2026-09-25 19:03:22.834040,25/09/26,19:3:22
17170,0.21,17.17,209.66802562609203,12761875567,2026-09-25 19:03:40.004040,25/09/26,19:3:40
17308,0.21,17.308,207.99630228795934,12761892875,2026-09-25 19:03:57.312040,25/09/26,19:3:57
17354,0.21,17.354,207.4449694594906,12761910229,2026-09-25 19:04:14.666040,25/09/26,19:4:14
17427,0.21,17.427,206.57600275434672,12761927656,2026-09-25 19:04:32.093040,25/09/26,19:4:32
17444,0.21,17.444,206.37468470534282,12761945100,2026-09-25 19:04:49.537040,25/09/26,19:4:49
17560,0.2,17.56,205.0113895216401,12761962660,2026-09-25 19:05:07.097040,25/09/26,19:5:7
17569,0.2,17.569,204.90636917297513,12761980229,2026-09-25 19:05:24.666040,25/09/26,19:5:24
17622,0.2,17.622,204.29009193054137,12761997851,2026-09-25 19:05:42.288040,25/09/26,19:5:42
17730,0.2,17.73,203.0456852791878,12762015581,2026-09-25 19:06:00.018040,25/09/26,19:6:0
17828,0.2,17.828,201.92954902400717,12762033409,2026-09-25 19:06:17.846040,25/09/26,19:6:17
17816,0.2,17.816,202.0655590480467,12762051225,2026-09-25 19:06:35.662040,25/09/26,19:6:35
17782,0.2,17.782,202.4519176695535,12762069007,2026-09-25 19:06:53.444040,25/09/26,19:6:53
17830,0.2,17.83,201.90689848569826,12762086837,2026-09-25 19:07:11.274040,25/09/26,19:7:11
17891,0.2,17.891,201.2184897434464,12762104728,2026-09-25 19:07:29.165040,25/09/26,19:7:29
17957,0.2,17.957,200.47892186890905,12762122685,2026-09-25 19:07:47.122040,25/09/26,19:7:47
17951,0.2,17.951,200.54593058882514,12762140636,2026-09-25 19:08:05.073040,25/09/26,19:8:5
18005,0.2,18.005,199.9444598722577,12762158641,2026-09-25 19:08:23.078040,25/09/26,19:8:23
18003,0.2,18.003,199.96667222129645,12762176644,2026-09-25 19:08:41.081040,25/09/26,19:8:41
18064,0.2,18.064,199.29140832595218,12762194708,2026-09-25 19:08:59.145040,25/09/26,19:8:59
18070,0.2,18.07,199.22523519645821,12762212778,2026-09-25 19:09:17.215040,25/09/26,19:9:17
18152,0.2,18.152,198.3252534156016,12762230930,2026-09-25 19:09:35.367040,25/09/26,19:9:35
18156,0.2,18.156,198.28155981493722,12762249086,2026-09-25 19:09:53.523040,25/09/26,19:9:53
18156,0.2,18.156,198.28155981493722,12762267242,2026-09-25 19:10:11.679040,25/09/26,19:10:11
19775,0.18,19.775,182.0480404551201,12762287017,2026-09-25 19:10:31.454040,25/09/26,19:10:31
28841,0.12,28.841,124.82230158454978,12762315858,2026-09-25 19:11:00.295040,25/09/26,19:11:0
28623,0.12,28.623,125.77297977151242,12762344481,2026-09-25 19:11:28.918040,25/09/26,19:11:28
28696,0.12,28.696,125.45302481182047,12762373177,2026-09-25 19:11:57.614040,25/09/26,19:11:57
28880,0.12,28.88,124.65373961218836,12762402057,2026-09-25 19:12:26.494040,25/09/26,19:12:26
29225,0.12,29.225,123.18220701454234,12762431282,2026-09-25 19:12:55.719040,25/09/26,19:12:55
29240,0.12,29.24,123.11901504787961,12762460522,2026-09-25 19:13:24.959040,25/09/26,19:13:24
29305,0.12,29.305,122.84593072854462,12762489827,2026-09-25 19:13:54.264040,25/09/26,19:13:54
29231,0.12,29.231,123.15692244534911,12762519058,2026-09-25 19:14:23.495040,25/09/26,19:14:23
29263,0.12,29.263,123.0222465229129,12762548321,2026-09-25 19:14:52.758040,25/09/26,19:14:52
29330,0.12,29.33,122.74122059324924,12762577651,2026-09-25 19:15:22.088040,25/09/26,19:15:22
29277,0.12,29.277,122.96341838303105,12762606928,2026-09-25 19:15:51.365040,25/09/26,19:15:51
29204,0.12,29.204,123.2707848239967,12762636132,2026-09-25 19:16:20.569040,25/09/26,19:16:20
29134,0.12,29.134,123.56696643097412,12762665266,2026-09-25 19:16:49.703040,25/09/26,19:16:49
29204,0.12,29.204,123.2707848239967,12762694470,2026-09-25 19:17:18.907040,25/09/26,19:17:18
29146,0.12,29.146,123.51609140190764,12762723616,2026-09-25 19:17:48.053040,25/09/26,19:17:48
29141,0.12,29.141,123.53728423870149,12762752757,2026-09-25 19:18:17.194040,25/09/26,19:18:17
29441,0.12,29.441,122.27845521551578,12762782198,2026-09-25 19:18:46.635040,25/09/26,19:18:46
29119,0.12,29.119,123.63061918335107,12762811317,2026-09-25 19:19:15.754040,25/09/26,19:19:15
29088,0.12,29.088,123.76237623762377,12762840405,2026-09-25 19:19:44.842040,25/09/26,19:19:44
29050,0.12,29.05,123.92426850258175,12762869455,2026-09-25 19:20:13.892040,25/09/26,19:20:13
29144,0.12,29.144,123.52456766401318,12762898599,2026-09-25 19:20:43.036040,25/09/26,19:20:43
28934,0.12,28.934,124.42109628810397,12762927533,2026-09-25 19:21:11.970040,25/09/26,19:21:11
28951,0.12,28.951,124.3480363372595,12762956484,2026-09-25 19:21:40.921040,25/09/26,19:21:40
29087,0.12,29.087,123.76663114105958,12762985571,2026-09-25 19:22:10.008040,25/09/26,19:22:10
29058,0.12,29.058,123.89015073301672,12763014629,2026-09-25 19:22:39.066040,25/09/26,19:22:39
29005,0.12,29.005,124.11653163247716,12763043634,2026-09-25 19:23:08.071040,25/09/26,19:23:8
29112,0.12,29.112,123.6603462489695,12763072746,2026-09-25 19:23:37.183040,25/09/26,19:23:37
29027,0.12,29.027,124.02246184586764,12763101773,2026-09-25 19:24:06.210040,25/09/26,19:24:6
29094,0.12,29.094,123.73685295937307,12763130867,2026-09-25 19:24:35.304040,25/09/26,19:24:35
29071,0.12,29.071,123.83474940662516,12763159938,2026-09-25 19:25:04.375040,25/09/26,19:25:4
29096,0.12,29.096,123.72834753918065,12763189034,2026-09-25 19:25:33.471040,25/09/26,19:25:33
29127,0.12,29.127,123.59666289010197,12763218161,2026-09-25 19:26:02.598040,25/09/26,19:26:2
29011,0.12,29.011,124.09086208679466,12763247172,2026-09-25 19:26:31.609040,25/09/26,19:26:31
29004,0.12,29.004,124.12081092263136,12763276176,2026-09-25 19:27:00.613040,25/09/26,19:27:0
29079,0.12,29.079,123.80068090374498,12763305255,2026-09-25 19:27:29.692040,25/09/26,19:27:29
29008,0.12,29.008,124.10369553226695,12763334263,2026-09-25 19:27:58.700040,25/09/26,19:27:58
28911,0.12,28.911,124.52007886271662,12763363174,2026-09-25 19:28:27.611040,25/09/26,19:28:27
29023,0.12,29.023,124.03955483581987,12763392197,2026-09-25 19:28:56.634040,25/09/26,19:28:56
29067,0.12,29.067,123.85179069047373,12763421264,2026-09-25 19:29:25.701040,25/09/26,19:29:25
29105,0.12,29.105,123.69008761381205,12763450369,2026-09-25 19:29:54.806040,25/09/26,19:29:54
29157,0.12,29.157,123.4694927461673,12763479526,2026-09-25 19:30:23.963040,25/09/26,19:30:23
28998,0.12,28.998,124.14649286157666,12763508524,2026-09-25 19:30:52.961040,25/09/26,19:30:52
28868,0.12,28.868,124.70555632534294,12763537392,2026-09-25 19:31:21.829040,25/09/26,19:31:21
28986,0.12,28.986,124.1978886358932,12763566378,2026-09-25 19:31:50.815040,25/09/26,19:31:50
29070,0.12,29.07,123.83900928792569,12763595448,2026-09-25 19:32:19.885040,25/09/26,19:32:19
29108,0.12,29.108,123.67733956300674,12763624556,2026-09-25 19:32:48.993040,25/09/26,19:32:48
29062,0.12,29.062,123.87309889202395,12763653618,2026-09-25 19:33:18.055040,25/09/26,19:33:18
29079,0.12,29.079,123.80068090374498,12763682697,2026-09-25 19:33:47.134040,25/09/26,19:33:47
29163,0.12,29.163,123.44409011418578,12763711860,2026-09-25 19:34:16.297040,25/09/26,19:34:16
28840,0.12,28.84,124.82662968099861,12763740700,2026-09-25 19:34:45.137040,25/09/26,19:34:45
28600,0.12,28.6,125.87412587412588,12763769300,2026-09-25 19:35:13.737040,25/09/26,19:35:13
28601,0.12,28.601,125.86972483479599,12763797901,2026-09-25 19:35:42.338040,25/09/26,19:35:42
28506,0.13,28.506,126.28920227320565,12763826407,2026-09-25 19:36:10.844040,25/09/26,19:36:10
28240,0.13,28.24,127.47875354107649,12763854647,2026-09-25 19:36:39.084040,25/09/26,19:36:39
28529,0.13,28.529,126.1873882715833,12763883176,2026-09-25 19:37:07.613040,25/09/26,19:37:7
28441,0.13,28.441,126.5778277838332,12763911617,2026-09-25 19:37:36.054040,25/09/26,19:37:36
28180,0.13,28.18,127.75017743080198,12763939797,2026-09-25 19:38:04.234040,25/09/26,19:38:4
28679,0.12,28.679,125.5273893789881,12763968476,2026-09-25 19:38:32.913040,25/09/26,19:38:32
28674,0.12,28.674,125.54927809165098,12763997150,2026-09-25 19:39:01.587040,25/09/26,19:39:1
28638,0.12,28.638,125.70710245128849,12764025788,2026-09-25 19:39:30.225040,25/09/26,19:39:30
28441,0.13,28.441,126.5778277838332,12764054229,2026-09-25 19:39:58.666040,25/09/26,19:39:58
28333,0.13,28.333,127.06031835668655,12764082562,2026-09-25 19:40:26.999040,25/09/26,19:40:26
28739,0.12,28.739,125.26531890462438,12764111301,2026-09-25 19:40:55.738040,25/09/26,19:40:55
28530,0.13,28.53,126.18296529968454,12764139831,2026-09-25 19:41:24.268040,25/09/26,19:41:24
28615,0.12,28.615,125.80814258256159,12764168446,2026-09-25 19:41:52.883040,25/09/26,19:41:52
28696,0.12,28.696,125.45302481182047,12764197142,2026-09-25 19:42:21.579040,25/09/26,19:42:21
28973,0.12,28.973,124.25361543506023,12764226115,2026-09-25 19:42:50.552040,25/09/26,19:42:50
29083,0.12,29.083,123.78365368084448,12764255198,2026-09-25 19:43:19.635040,25/09/26,19:43:19
29103,0.12,29.103,123.69858777445624,12764284301,2026-09-25 19:43:48.738040,25/09/26,19:43:48
29280,0.12,29.28,122.95081967213115,12764313581,2026-09-25 19:44:18.018040,25/09/26,19:44:18
28816,0.12,28.816,124.9305941143809,12764342397,2026-09-25 19:44:46.834040,25/09/26,19:44:46
28862,0.12,28.862,124.73148083985863,12764371259,2026-09-25 19:45:15.696040,25/09/26,19:45:15
29093,0.12,29.093,123.74110610799849,12764400352,2026-09-25 19:45:44.789040,25/09/26,19:45:44
29069,0.12,29.069,123.8432694623138,12764429421,2026-09-25 19:46:13.858040,25/09/26,19:46:13
29116,0.12,29.116,123.6433576040665,12764458537,2026-09-25 19:46:42.974040,25/09/26,19:46:42
25535,0.14,25.535,140.9829645584492,12764484072,2026-09-25 19:47:08.509040,25/09/26,19:47:8
16193,0.22,16.193,222.31828567899709,12764500265,2026-09-25 19:47:24.702040,25/09/26,19:47:24
16822,0.21,16.822,214.00546902865295,12764517087,2026-09-25 19:47:41.524040,25/09/26,19:47:41
16790,0.21,16.79,214.41334127456818,12764533877,2026-09-25 19:47:58.314040,25/09/26,19:47:58
16911,0.21,16.911,212.87919105907397,12764550788,2026-09-25 19:48:15.225040,25/09/26,19:48:15
17130,0.21,17.13,210.15761821366024,12764567918,2026-09-25 19:48:32.355040,25/09/26,19:48:32
17200,0.21,17.2,209.30232558139534,12764585118,2026-09-25 19:48:49.555040,25/09/26,19:48:49
17345,0.21,17.345,207.55260882098588,12764602463,2026-09-25 19:49:06.900040,25/09/26,19:49:6
17427,0.21,17.427,206.57600275434672,12764619890,2026-09-25 19:49:24.327040,25/09/26,19:49:24
17469,0.21,17.469,206.07934054611025,12764637359,2026-09-25 19:49:41.796040,25/09/26,19:49:41
17590,0.2,17.59,204.6617396247868,12764654949,2026-09-25 19:49:59.386040,25/09/26,19:49:59
17594,0.2,17.594,204.61520973058998,12764672543,2026-09-25 19:50:16.980040,25/09/26,19:50:16
17652,0.2,17.652,203.94289598912306,12764690195,2026-09-25 19:50:34.632040,25/09/26,19:50:34
17707,0.2,17.707,203.30942565087253,12764707902,2026-09-25 19:50:52.339040,25/09/26,19:50:52
17744,0.2,17.744,202.88548241659151,12764725646,2026-09-25 19:51:10.083040,25/09/26,19:51:10
17827,0.2,17.827,201.94087619902396,12764743473,2026-09-25 19:51:27.910040,25/09/26,19:51:27
17754,0.2,17.754,202.77120648867862,12764761227,2026-09-25 19:51:45.664040,25/09/26,19:51:45
17879,0.2,17.879,201.35354326304602,12764779106,2026-09-25 19:52:03.543040,25/09/26,19:52:3
17946,0.2,17.946,200.60180541624874,12764797052,2026-09-25 19:52:21.489040,25/09/26,19:52:21
17968,0.2,17.968,200.35618878005343,12764815020,2026-09-25 19:52:39.457040,25/09/26,19:52:39
17976,0.2,17.976,200.26702269692925,12764832996,2026-09-25 19:52:57.433040,25/09/26,19:52:57
18062,0.2,18.062,199.31347580555862,12764851058,2026-09-25 19:53:15.495040,25/09/26,19:53:15
18094,0.2,18.094,198.96098154084225,12764869152,2026-09-25 19:53:33.589040,25/09/26,19:53:33
18109,0.2,18.109,198.7961786956762,12764887261,2026-09-25 19:53:51.698040,25/09/26,19:53:51
18142,0.2,18.142,198.43457171204938,12764905403,2026-09-25 19:54:09.840040,25/09/26,19:54:9
18195,0.2,18.195,197.8565539983512,12764923598,2026-09-25 19:54:28.035040,25/09/26,19:54:28
18223,0.2,18.223,197.55254348899743,12764941821,2026-09-25 19:54:46.258040,25/09/26,19:54:46
18114,0.2,18.114,198.74130506790328,12764959935,2026-09-25 19:55:04.372040,25/09/26,19:55:4
18176,0.2,18.176,198.06338028169014,12764978111,2026-09-25 19:55:22.548040,25/09/26,19:55:22
18235,0.2,18.235,197.42253907321086,12764996346,2026-09-25 19:55:40.783040,25/09/26,19:55:40
18407,0.19,18.407,195.5777693268865,12765014753,2026-09-25 19:55:59.190040,25/09/26,19:55:59
27567,0.13,27.567,130.5909239307868,12765042320,2026-09-25 19:56:26.757040,25/09/26,19:56:26
28172,0.13,28.172,127.78645463580861,12765070492,2026-09-25 19:56:54.929040,25/09/26,19:56:54
28161,0.13,28.161,127.8363694471077,12765098653,2026-09-25 19:57:23.090040,25/09/26,19:57:23
28312,0.13,28.312,127.15456343599887,12765126965,2026-09-25 19:57:51.402040,25/09/26,19:57:51
28333,0.13,28.333,127.06031835668655,12765155298,2026-09-25 19:58:19.735040,25/09/26,19:58:19
28310,0.13,28.31,127.16354645001766,12765183608,2026-09-25 19:58:48.045040,25/09/26,19:58:48
28258,0.13,28.258,127.39755113596149,12765211866,2026-09-25 19:59:16.303040,25/09/26,19:59:16
28227,0.13,28.227,127.53746413008821,12765240093,2026-09-25 19:59:44.530040,25/09/26,19:59:44
28204,0.13,28.204,127.64146929513544,12765268297,2026-09-25 20:00:12.734040,25/09/26,20:0:12
28270,0.13,28.27,127.3434736469756,12765296567,2026-09-25 20:00:41.004040,25/09/26,20:0:41
27825,0.13,27.825,129.3800539083558,12765324392,2026-09-25 20:01:08.829040,25/09/26,20:1:8
27686,0.13,27.686,130.02961785740086,12765352078,2026-09-25 20:01:36.515040,25/09/26,20:1:36
27813,0.13,27.813,129.43587531010678,12765379891,2026-09-25 20:02:04.328040,25/09/26,20:2:4
27541,0.13,27.541,130.71420790820957,12765407432,2026-09-25 20:02:31.869040,25/09/26,20:2:31
27452,0.13,27.452,131.13798630336586,12765434884,2026-09-25 20:02:59.321040,25/09/26,20:2:59
27769,0.13,27.769,129.64096654542834,12765462653,2026-09-25 20:03:27.090040,25/09/26,20:3:27
27774,0.13,27.774,129.61762799740765,12765490427,2026-09-25 20:03:54.864040,25/09/26,20:3:54
27721,0.13,27.721,129.86544496951768,12765518148,2026-09-25 20:04:22.585040,25/09/26,20:4:22
27782,0.13,27.782,129.58030379382333,12765545930,2026-09-25 20:04:50.367040,25/09/26,20:4:50
27797,0.13,27.797,129.51037881785805,12765573727,2026-09-25 20:05:18.164040,25/09/26,20:5:18
27789,0.13,27.789,129.5476627442513,12765601516,2026-09-25 20:05:45.953040,25/09/26,20:5:45
27824,0.13,27.824,129.38470385278896,12765629340,2026-09-25 20:06:13.777040,25/09/26,20:6:13
27836,0.13,27.836,129.32892656990947,12765657176,2026-09-25 20:06:41.613040,25/09/26,20:6:41
27736,0.13,27.736,129.79521199884627,12765684912,2026-09-25 20:07:09.349040,25/09/26,20:7:9
27762,0.13,27.762,129.67365463583315,12765712674,2026-09-25 20:07:37.111040,25/09/26,20:7:37
27785,0.13,27.785,129.56631275868276,12765740459,2026-09-25 20:08:04.896040,25/09/26,20:8:4
27692,0.13,27.692,130.001444460494,12765768151,2026-09-25 20:08:32.588040,25/09/26,20:8:32
27682,0.13,27.682,130.0484069070154,12765795833,2026-09-25 20:09:00.270040,25/09/26,20:9:0
27755,0.13,27.755,129.70635921455593,12765823588,2026-09-25 20:09:28.025040,25/09/26,20:9:28
27788,0.13,27.788,129.55232474449403,12765851376,2026-09-25 20:09:55.813040,25/09/26,20:9:55
27824,0.13,27.824,129.38470385278896,12765879200,2026-09-25 20:10:23.637040,25/09/26,20:10:23
27769,0.13,27.769,129.64096654542834,12765906969,2026-09-25 20:10:51.406040,25/09/26,20:10:51
27767,0.13,27.767,129.6503043180754,12765934736,2026-09-25 20:11:19.173040,25/09/26,20:11:19
28172,0.13,28.172,127.78645463580861,12765962908,2026-09-25 20:11:47.345040,25/09/26,20:11:47
28225,0.13,28.225,127.5465013286094,12765991133,2026-09-25 20:12:15.570040,25/09/26,20:12:15
28219,0.13,28.219,127.57362061022715,12766019352,2026-09-25 20:12:43.789040,25/09/26,20:12:43
28225,0.13,28.225,127.5465013286094,12766047577,2026-09-25 20:13:12.014040,25/09/26,20:13:12
28250,0.13,28.25,127.43362831858407,12766075827,2026-09-25 20:13:40.264040,25/09/26,20:13:40
28642,0.12,28.642,125.6895468193562,12766104469,2026-09-25 20:14:08.906040,25/09/26,20:14:8
28988,0.12,28.988,124.18931971850421,12766133457,2026-09-25 20:14:37.894040,25/09/26,20:14:37
28976,0.12,28.976,124.24075096631695,12766162433,2026-09-25 20:15:06.870040,25/09/26,20:15:6
28921,0.12,28.921,124.47702361605754,12766191354,2026-09-25 20:15:35.791040,25/09/26,20:15:35
28926,0.12,28.926,124.45550715619166,12766220280,2026-09-25 20:16:04.717040,25/09/26,20:16:4
28977,0.12,28.977,124.2364634020085,12766249257,2026-09-25 20:16:33.694040,25/09/26,20:16:33
28918,0.12,28.918,124.48993706342071,12766278175,2026-09-25 20:17:02.612040,25/09/26,20:17:2
28897,0.12,28.897,124.58040627054712,12766307072,2026-09-25 20:17:31.509040,25/09/26,20:17:31
28888,0.12,28.888,124.61921905289394,12766335960,2026-09-25 20:18:00.397040,25/09/26,20:18:0
28824,0.12,28.824,124.89592006661115,12766364784,2026-09-25 20:18:29.221040,25/09/26,20:18:29
28829,0.12,28.829,124.87425855908981,12766393613,2026-09-25 20:18:58.050040,25/09/26,20:18:58
28796,0.12,28.796,125.01736352271149,12766422409,2026-09-25 20:19:26.846040,25/09/26,20:19:26
28913,0.12,28.913,124.51146543077509,12766451322,2026-09-25 20:19:55.759040,25/09/26,20:19:55
28777,0.12,28.777,125.09990617507037,12766480099,2026-09-25 20:20:24.536040,25/09/26,20:20:24
28879,0.12,28.879,124.65805602687074,12766508978,2026-09-25 20:20:53.415040,25/09/26,20:20:53
28816,0.12,28.816,124.9305941143809,12766537794,2026-09-25 20:21:22.231040,25/09/26,20:21:22
28908,0.12,28.908,124.53300124533001,12766566702,2026-09-25 20:21:51.139040,25/09/26,20:21:51
28756,0.12,28.756,125.19126443177076,12766595458,2026-09-25 20:22:19.895040,25/09/26,20:22:19
28805,0.12,28.805,124.97830237805937,12766624263,2026-09-25 20:22:48.700040,25/09/26,20:22:48
28823,0.12,28.823,124.90025326995801,12766653086,2026-09-25 20:23:17.523040,25/09/26,20:23:17
28880,0.12,28.88,124.65373961218836,12766681966,2026-09-25 20:23:46.403040,25/09/26,20:23:46
28851,0.12,28.851,124.77903712176354,12766710817,2026-09-25 20:24:15.254040,25/09/26,20:24:15
28912,0.12,28.912,124.51577199778639,12766739729,2026-09-25 20:24:44.166040,25/09/26,20:24:44
28882,0.12,28.882,124.64510767952358,12766768611,2026-09-25 20:25:13.048040,25/09/26,20:25:13
28894,0.12,28.894,124.59334117809927,12766797505,2026-09-25 20:25:41.942040,25/09/26,20:25:41
28880,0.12,28.88,124.65373961218836,12766826385,2026-09-25 20:26:10.822040,25/09/26,20:26:10
28891,0.12,28.891,124.60627877193589,12766855276,2026-09-25 20:26:39.713040,25/09/26,20:26:39
29099,0.12,29.099,123.71559160108595,12766884375,2026-09-25 20:27:08.812040,25/09/26,20:27:8
28938,0.12,28.938,124.40389798880365,12766913313,2026-09-25 20:27:37.750040,25/09/26,20:27:37
28800,0.12,28.8,125.0,12766942113,2026-09-25 20:28:06.550040,25/09/26,20:28:6
29151,0.12,29.151,123.4949058351343,12766971264,2026-09-25 20:28:35.701040,25/09/26,20:28:35
29107,0.12,29.107,123.68158862129384,12767000371,2026-09-25 20:29:04.808040,25/09/26,20:29:4
29667,0.12,29.667,121.34695115785216,12767030038,2026-09-25 20:29:34.475040,25/09/26,20:29:34
29578,0.12,29.578,121.71208330515924,12767059616,2026-09-25 20:30:04.053040,25/09/26,20:30:4
29763,0.12,29.763,120.95554883580284,12767089379,2026-09-25 20:30:33.816040,25/09/26,20:30:33
29029,0.12,29.029,124.0139171173654,12767118408,2026-09-25 20:31:02.845040,25/09/26,20:31:2
28685,0.12,28.685,125.50113299633955,12767147093,2026-09-25 20:31:31.530040,25/09/26,20:31:31
28870,0.12,28.87,124.69691721510218,12767175963,2026-09-25 20:32:00.400040,25/09/26,20:32:0
28795,0.12,28.795,125.02170515714533,12767204758,2026-09-25 20:32:29.195040,25/09/26,20:32:29
19406,0.19,19.406,185.50963619499123,12767224164,2026-09-25 20:32:48.601040,25/09/26,20:32:48
16913,0.21,16.913,212.85401761958258,12767241077,2026-09-25 20:33:05.514040,25/09/26,20:33:5
16827,0.21,16.827,213.9418791228383,12767257904,2026-09-25 20:33:22.341040,25/09/26,20:33:22
16869,0.21,16.869,213.40921216432508,12767274773,2026-09-25 20:33:39.210040,25/09/26,20:33:39
16968,0.21,16.968,212.16407355021215,12767291741,2026-09-25 20:33:56.178040,25/09/26,20:33:56
17024,0.21,17.024,211.46616541353384,12767308765,2026-09-25 20:34:13.202040,25/09/26,20:34:13
17232,0.21,17.232,208.91364902506965,12767325997,2026-09-25 20:34:30.434040,25/09/26,20:34:30
17265,0.21,17.265,208.51433536055603,12767343262,2026-09-25 20:34:47.699040,25/09/26,20:34:47
17298,0.21,17.298,208.1165452653486,12767360560,2026-09-25 20:35:04.997040,25/09/26,20:35:4
17253,0.21,17.253,208.65936358894106,12767377813,2026-09-25 20:35:22.250040,25/09/26,20:35:22
17317,0.21,17.317,207.88820234451694,12767395130,2026-09-25 20:35:39.567040,25/09/26,20:35:39
17398,0.21,17.398,206.92033567076675,12767412528,2026-09-25 20:35:56.965040,25/09/26,20:35:56
17423,0.21,17.423,206.62342880101016,12767429951,2026-09-25 20:36:14.388040,25/09/26,20:36:14
17444,0.21,17.444,206.37468470534282,12767447395,2026-09-25 20:36:31.832040,25/09/26,20:36:31
17481,0.2,17.481,205.93787540758538,12767464876,2026-09-25 20:36:49.313040,25/09/26,20:36:49
17581,0.2,17.581,204.7665092998123,12767482457,2026-09-25 20:37:06.894040,25/09/26,20:37:6
17649,0.2,17.649,203.9775624681285,12767500106,2026-09-25 20:37:24.543040,25/09/26,20:37:24
17644,0.2,17.644,204.03536613012923,12767517750,2026-09-25 20:37:42.187040,25/09/26,20:37:42
17699,0.2,17.699,203.40132210859372,12767535449,2026-09-25 20:37:59.886040,25/09/26,20:37:59
17683,0.2,17.683,203.5853644743539,12767553132,2026-09-25 20:38:17.569040,25/09/26,20:38:17
17778,0.2,17.778,202.49746878164024,12767570910,2026-09-25 20:38:35.347040,25/09/26,20:38:35
17796,0.2,17.796,202.29265003371543,12767588706,2026-09-25 20:38:53.143040,25/09/26,20:38:53
17834,0.2,17.834,201.86161264999438,12767606540,2026-09-25 20:39:10.977040,25/09/26,20:39:10
17839,0.2,17.839,201.80503391445708,12767624379,2026-09-25 20:39:28.816040,25/09/26,20:39:28
17915,0.2,17.915,200.94892548144014,12767642294,2026-09-25 20:39:46.731040,25/09/26,20:39:46
17992,0.2,17.992,200.08892841262784,12767660286,2026-09-25 20:40:04.723040,25/09/26,20:40:4
18016,0.2,18.016,199.82238010657193,12767678302,2026-09-25 20:40:22.739040,25/09/26,20:40:22
18020,0.2,18.02,199.7780244173141,12767696322,2026-09-25 20:40:40.759040,25/09/26,20:40:40
18143,0.2,18.143,198.4236344595712,12767714465,2026-09-25 20:40:58.902040,25/09/26,20:40:58
18030,0.2,18.03,199.66722129783693,12767732495,2026-09-25 20:41:16.932040,25/09/26,20:41:16
18337,0.2,18.337,196.3243714893385,12767750832,2026-09-25 20:41:35.269040,25/09/26,20:41:35
28471,0.13,28.471,126.44445224965754,12767779303,2026-09-25 20:42:03.740040,25/09/26,20:42:3
28346,0.13,28.346,127.00204614407677,12767807649,2026-09-25 20:42:32.086040,25/09/26,20:42:32
28541,0.13,28.541,126.13433306471391,12767836190,2026-09-25 20:43:00.627040,25/09/26,20:43:0
28811,0.12,28.811,124.9522751726771,12767865001,2026-09-25 20:43:29.438040,25/09/26,20:43:29
28824,0.12,28.824,124.89592006661115,12767893825,2026-09-25 20:43:58.262040,25/09/26,20:43:58
28844,0.12,28.844,124.80931909582583,12767922669,2026-09-25 20:44:27.106040,25/09/26,20:44:27
28842,0.12,28.842,124.8179737882255,12767951511,2026-09-25 20:44:55.948040,25/09/26,20:44:55
28960,0.12,28.96,124.30939226519337,12767980471,2026-09-25 20:45:24.908040,25/09/26,20:45:24
28803,0.12,28.803,124.9869805228622,12768009274,2026-09-25 20:45:53.711040,25/09/26,20:45:53
28820,0.12,28.82,124.91325468424705,12768038094,2026-09-25 20:46:22.531040,25/09/26,20:46:22
28905,0.12,28.905,124.54592631032693,12768066999,2026-09-25 20:46:51.436040,25/09/26,20:46:51
28879,0.12,28.879,124.65805602687074,12768095878,2026-09-25 20:47:20.315040,25/09/26,20:47:20
29006,0.12,29.006,124.11225263738537,12768124884,2026-09-25 20:47:49.321040,25/09/26,20:47:49
28834,0.12,28.834,124.85260456405632,12768153718,2026-09-25 20:48:18.155040,25/09/26,20:48:18
28876,0.12,28.876,124.6710070646904,12768182594,2026-09-25 20:48:47.031040,25/09/26,20:48:47
28927,0.12,28.927,124.4512047568016,12768211521,2026-09-25 20:49:15.958040,25/09/26,20:49:15
28781,0.12,28.781,125.08251971786943,12768240302,2026-09-25 20:49:44.739040,25/09/26,20:49:44
28847,0.12,28.847,124.79633930738032,12768269149,2026-09-25 20:50:13.586040,25/09/26,20:50:13
28846,0.12,28.846,124.80066560354989,12768297995,2026-09-25 20:50:42.432040,25/09/26,20:50:42
28742,0.12,28.742,125.25224410270684,12768326737,2026-09-25 20:51:11.174040,25/09/26,20:51:11
28687,0.12,28.687,125.49238330951302,12768355424,2026-09-25 20:51:39.861040,25/09/26,20:51:39
28798,0.12,28.798,125.00868115841378,12768384222,2026-09-25 20:52:08.659040,25/09/26,20:52:8
28847,0.12,28.847,124.79633930738032,12768413069,2026-09-25 20:52:37.506040,25/09/26,20:52:37
28870,0.12,28.87,124.69691721510218,12768441939,2026-09-25 20:53:06.376040,25/09/26,20:53:6
28901,0.12,28.901,124.56316390436317,12768470840,2026-09-25 20:53:35.277040,25/09/26,20:53:35
28649,0.12,28.649,125.6588362595553,12768499489,2026-09-25 20:54:03.926040,25/09/26,20:54:3
28880,0.12,28.88,124.65373961218836,12768528369,2026-09-25 20:54:32.806040,25/09/26,20:54:32
28904,0.12,28.904,124.5502352615555,12768557273,2026-09-25 20:55:01.710040,25/09/26,20:55:1
28820,0.12,28.82,124.91325468424705,12768586093,2026-09-25 20:55:30.530040,25/09/26,20:55:30
28844,0.12,28.844,124.80931909582583,12768614937,2026-09-25 20:55:59.374040,25/09/26,20:55:59
28785,0.12,28.785,125.06513809275664,12768643722,2026-09-25 20:56:28.159040,25/09/26,20:56:28
28774,0.12,28.774,125.1129491902412,12768672496,2026-09-25 20:56:56.933040,25/09/26,20:56:56
28861,0.12,28.861,124.73580264024116,12768701357,2026-09-25 20:57:25.794040,25/09/26,20:57:25
28817,0.12,28.817,124.92625880556616,12768730174,2026-09-25 20:57:54.611040,25/09/26,20:57:54
28774,0.12,28.774,125.1129491902412,12768758948,2026-09-25 20:58:23.385040,25/09/26,20:58:23
28854,0.12,28.854,124.76606363069246,12768787802,2026-09-25 20:58:52.239040,25/09/26,20:58:52
28852,0.12,28.852,124.7747123249688,12768816654,2026-09-25 20:59:21.091040,25/09/26,20:59:21
28902,0.12,28.902,124.55885405854266,12768845556,2026-09-25 20:59:49.993040,25/09/26,20:59:49
28902,0.12,28.902,124.55885405854266,12768874458,2026-09-25 21:00:18.895040,25/09/26,21:0:18
28806,0.12,28.806,124.97396375755051,12768903264,2026-09-25 21:00:47.701040,25/09/26,21:0:47
28181,0.13,28.181,127.74564422838083,12768931445,2026-09-25 21:01:15.882040,25/09/26,21:1:15
28198,0.13,28.198,127.66862898077878,12768959643,2026-09-25 21:01:44.080040,25/09/26,21:1:44
28380,0.13,28.38,126.84989429175475,12768988023,2026-09-25 21:02:12.460040,25/09/26,21:2:12
28371,0.13,28.371,126.89013429205879,12769016394,2026-09-25 21:02:40.831040,25/09/26,21:2:40
28401,0.13,28.401,126.75610013731911,12769044795,2026-09-25 21:03:09.232040,25/09/26,21:3:9
28419,0.13,28.419,126.67581547556212,12769073214,2026-09-25 21:03:37.651040,25/09/26,21:3:37
28380,0.13,28.38,126.84989429175475,12769101594,2026-09-25 21:04:06.031040,25/09/26,21:4:6
28425,0.13,28.425,126.64907651715039,12769130019,2026-09-25 21:04:34.456040,25/09/26,21:4:34
28375,0.13,28.375,126.87224669603525,12769158394,2026-09-25 21:05:02.831040,25/09/26,21:5:2
28377,0.13,28.377,126.86330478908975,12769186771,2026-09-25 21:05:31.208040,25/09/26,21:5:31
28384,0.13,28.384,126.83201803833146,12769215155,2026-09-25 21:05:59.592040,25/09/26,21:5:59
28383,0.13,28.383,126.83648662932036,12769243538,2026-09-25 21:06:27.975040,25/09/26,21:6:27
28413,0.13,28.413,126.70256572695597,12769271951,2026-09-25 21:06:56.388040,25/09/26,21:6:56
29060,0.12,29.06,123.88162422573986,12769301011,2026-09-25 21:07:25.448040,25/09/26,21:7:25
29698,0.12,29.698,121.22028419422183,12769330709,2026-09-25 21:07:55.146040,25/09/26,21:7:55
29319,0.12,29.319,122.78727105290085,12769360028,2026-09-25 21:08:24.465040,25/09/26,21:8:24
29395,0.12,29.395,122.46980779044056,12769389423,2026-09-25 21:08:53.860040,25/09/26,21:8:53
29331,0.12,29.331,122.737035900583,12769418754,2026-09-25 21:09:23.191040,25/09/26,21:9:23
29454,0.12,29.454,122.22448563862294,12769448208,2026-09-25 21:09:52.645040,25/09/26,21:9:52
29353,0.12,29.353,122.64504479950942,12769477561,2026-09-25 21:10:21.998040,25/09/26,21:10:21
29417,0.12,29.417,122.37821667743141,12769506978,2026-09-25 21:10:51.415040,25/09/26,21:10:51
28631,0.12,28.631,125.73783661066676,12769535609,2026-09-25 21:11:20.046040,25/09/26,21:11:20
29486,0.12,29.486,122.09184019534695,12769565095,2026-09-25 21:11:49.532040,25/09/26,21:11:49
30000,0.12,30.0,120.0,12769595095,2026-09-25 21:12:19.532040,25/09/26,21:12:19
29779,0.12,29.779,120.89056046207058,12769624874,2026-09-25 21:12:49.311040,25/09/26,21:12:49
29565,0.12,29.565,121.76560121765601,12769654439,2026-09-25 21:13:18.876040,25/09/26,21:13:18
29707,0.12,29.707,121.18355943043727,12769684146,2026-09-25 21:13:48.583040,25/09/26,21:13:48
29706,0.12,29.706,121.18763886083619,12769713852,2026-09-25 21:14:18.289040,25/09/26,21:14:18
29678,0.12,29.678,121.30197452658535,12769743530,2026-09-25 21:14:47.967040,25/09/26,21:14:47
29595,0.12,29.595,121.64216928535225,12769773125,2026-09-25 21:15:17.562040,25/09/26,21:15:17
28870,0.12,28.87,124.69691721510218,12769801995,2026-09-25 21:15:46.432040,25/09/26,21:15:46
28430,0.13,28.43,126.6268026732325,12769830425,2026-09-25 21:16:14.862040,25/09/26,21:16:14
28510,0.13,28.51,126.27148368993336,12769858935,2026-09-25 21:16:43.372040,25/09/26,21:16:43
28429,0.13,28.429,126.63125681522389,12769887364,2026-09-25 21:17:11.801040,25/09/26,21:17:11
28618,0.12,28.618,125.79495422461387,12769915982,2026-09-25 21:17:40.419040,25/09/26,21:17:40
28651,0.12,28.651,125.65006457017208,12769944633,2026-09-25 21:18:09.070040,25/09/26,21:18:9
14557,0.25,14.557,247.303702685993,12769959190,2026-09-25 21:18:23.627040,25/09/26,21:18:23
16795,0.21,16.795,214.3495087823757,12769975985,2026-09-25 21:18:40.422040,25/09/26,21:18:40
16692,0.22,16.692,215.67217828900073,12769992677,2026-09-25 21:18:57.114040,25/09/26,21:18:57
16662,0.22,16.662,216.06049693914295,12770009339,2026-09-25 21:19:13.776040,25/09/26,21:19:13
16870,0.21,16.87,213.3965619442798,12770026209,2026-09-25 21:19:30.646040,25/09/26,21:19:30
17047,0.21,17.047,211.18085293600046,12770043256,2026-09-25 21:19:47.693040,25/09/26,21:19:47
17162,0.21,17.162,209.76576156625103,12770060418,2026-09-25 21:20:04.855040,25/09/26,21:20:4
17159,0.21,17.159,209.80243603939624,12770077577,2026-09-25 21:20:22.014040,25/09/26,21:20:22
17147,0.21,17.147,209.9492622616201,12770094724,2026-09-25 21:20:39.161040,25/09/26,21:20:39
17259,0.21,17.259,208.58682426560057,12770111983,2026-09-25 21:20:56.420040,25/09/26,21:20:56
17053,0.21,17.053,211.10655016712602,12770129036,2026-09-25 21:21:13.473040,25/09/26,21:21:13
17114,0.21,17.114,210.35409606170387,12770146150,2026-09-25 21:21:30.587040,25/09/26,21:21:30
17126,0.21,17.126,210.2067032582039,12770163276,2026-09-25 21:21:47.713040,25/09/26,21:21:47
17228,0.21,17.228,208.96215463199442,12770180504,2026-09-25 21:22:04.941040,25/09/26,21:22:4
17300,0.21,17.3,208.09248554913296,12770197804,2026-09-25 21:22:22.241040,25/09/26,21:22:22
17289,0.21,17.289,208.2248828735034,12770215093,2026-09-25 21:22:39.530040,25/09/26,21:22:39
17376,0.21,17.376,207.18232044198896,12770232469,2026-09-25 21:22:56.906040,25/09/26,21:22:56
17444,0.21,17.444,206.37468470534282,12770249913,2026-09-25 21:23:14.350040,25/09/26,21:23:14
17637,0.2,17.637,204.1163463174009,12770267550,2026-09-25 21:23:31.987040,25/09/26,21:23:31
17716,0.2,17.716,203.20614134116053,12770285266,2026-09-25 21:23:49.703040,25/09/26,21:23:49
17710,0.2,17.71,203.27498588368152,12770302976,2026-09-25 21:24:07.413040,25/09/26,21:24:7
17754,0.2,17.754,202.77120648867862,12770320730,2026-09-25 21:24:25.167040,25/09/26,21:24:25
17816,0.2,17.816,202.0655590480467,12770338546,2026-09-25 21:24:42.983040,25/09/26,21:24:42
17795,0.2,17.795,202.30401798257938,12770356341,2026-09-25 21:25:00.778040,25/09/26,21:25:0
17778,0.2,17.778,202.49746878164024,12770374119,2026-09-25 21:25:18.556040,25/09/26,21:25:18
17759,0.2,17.759,202.71411678585505,12770391878,2026-09-25 21:25:36.315040,25/09/26,21:25:36
17791,0.2,17.791,202.34950255747287,12770409669,2026-09-25 21:25:54.106040,25/09/26,21:25:54
17911,0.2,17.911,200.9938026910837,12770427580,2026-09-25 21:26:12.017040,25/09/26,21:26:12
18044,0.2,18.044,199.51230325870094,12770445624,2026-09-25 21:26:30.061040,25/09/26,21:26:30
18332,0.2,18.332,196.37791839406503,12770463956,2026-09-25 21:26:48.393040,25/09/26,21:26:48
22044,0.16,22.044,163.3097441480675,12770486000,2026-09-25 21:27:10.437040,25/09/26,21:27:10
28203,0.13,28.203,127.64599510690353,12770514203,2026-09-25 21:27:38.640040,25/09/26,21:27:38
28116,0.13,28.116,128.04097311139566,12770542319,2026-09-25 21:28:06.756040,25/09/26,21:28:6
28188,0.13,28.188,127.7139208173691,12770570507,2026-09-25 21:28:34.944040,25/09/26,21:28:34
28388,0.13,28.388,126.8141468226011,12770598895,2026-09-25 21:29:03.332040,25/09/26,21:29:3
28309,0.13,28.309,127.16803843300717,12770627204,2026-09-25 21:29:31.641040,25/09/26,21:29:31
28489,0.13,28.489,126.36456176067956,12770655693,2026-09-25 21:30:00.130040,25/09/26,21:30:0
25022,0.14,25.022,143.87339141555432,12770680715,2026-09-25 21:30:25.152040,25/09/26,21:30:25
20098,0.18,20.098,179.12230072644044,12770700813,2026-09-25 21:30:45.250040,25/09/26,21:30:45
17418,0.21,17.418,206.68274199104374,12770718231,2026-09-25 21:31:02.668040,25/09/26,21:31:2
21444,0.17,21.444,167.87912702853944,12770739675,2026-09-25 21:31:24.112040,25/09/26,21:31:24
22231,0.16,22.231,161.9360352660699,12770761906,2026-09-25 21:31:46.343040,25/09/26,21:31:46
25217,0.14,25.217,142.76083594400603,12770787123,2026-09-25 21:32:11.560040,25/09/26,21:32:11
25373,0.14,25.373,141.88310408702165,12770812496,2026-09-25 21:32:36.933040,25/09/26,21:32:36
22969,0.16,22.969,156.73298794026732,12770835465,2026-09-25 21:32:59.902040,25/09/26,21:32:59
22564,0.16,22.564,159.54617975536252,12770858029,2026-09-25 21:33:22.466040,25/09/26,21:33:22
22506,0.16,22.506,159.95734470807784,12770880535,2026-09-25 21:33:44.972040,25/09/26,21:33:44
23045,0.16,23.045,156.21609893686266,12770903580,2026-09-25 21:34:08.017040,25/09/26,21:34:8
22646,0.16,22.646,158.96847125320144,12770926226,2026-09-25 21:34:30.663040,25/09/26,21:34:30
23437,0.15,23.437,153.60327686990655,12770949663,2026-09-25 21:34:54.100040,25/09/26,21:34:54
21520,0.17,21.52,167.28624535315984,12770971183,2026-09-25 21:35:15.620040,25/09/26,21:35:15
21210,0.17,21.21,169.73125884016974,12770992393,2026-09-25 21:35:36.830040,25/09/26,21:35:36
22336,0.16,22.336,161.17478510028653,12771014729,2026-09-25 21:35:59.166040,25/09/26,21:35:59
21336,0.17,21.336,168.7289088863892,12771036065,2026-09-25 21:36:20.502040,25/09/26,21:36:20
20306,0.18,20.306,177.2875012311632,12771056371,2026-09-25 21:36:40.808040,25/09/26,21:36:40
21098,0.17,21.098,170.63228742060858,12771077469,2026-09-25 21:37:01.906040,25/09/26,21:37:1
20869,0.17,20.869,172.50467200153338,12771098338,2026-09-25 21:37:22.775040,25/09/26,21:37:22
20648,0.17,20.648,174.35102673382409,12771118986,2026-09-25 21:37:43.423040,25/09/26,21:37:43
20831,0.17,20.831,172.819355767846,12771139817,2026-09-25 21:38:04.254040,25/09/26,21:38:4
21063,0.17,21.063,170.91582395670133,12771160880,2026-09-25 21:38:25.317040,25/09/26,21:38:25
21028,0.17,21.028,171.20030435609664,12771181908,2026-09-25 21:38:46.345040,25/09/26,21:38:46
21071,0.17,21.071,170.85093256134024,12771202979,2026-09-25 21:39:07.416040,25/09/26,21:39:7
20981,0.17,20.981,171.58381392688622,12771223960,2026-09-25 21:39:28.397040,25/09/26,21:39:28
20988,0.17,20.988,171.52658662092625,12771244948,2026-09-25 21:39:49.385040,25/09/26,21:39:49
20975,0.17,20.975,171.63289630512514,12771265923,2026-09-25 21:40:10.360040,25/09/26,21:40:10
21688,0.17,21.688,165.99040944300995,12771287611,2026-09-25 21:40:32.048040,25/09/26,21:40:32
22622,0.16,22.622,159.13712315445142,12771310233,2026-09-25 21:40:54.670040,25/09/26,21:40:54
22749,0.16,22.749,158.24871422919688,12771332982,2026-09-25 21:41:17.419040,25/09/26,21:41:17
23998,0.15,23.998,150.01250104175347,12771356980,2026-09-25 21:41:41.417040,25/09/26,21:41:41
26311,0.14,26.311,136.82490213218807,12771383291,2026-09-25 21:42:07.728040,25/09/26,21:42:7
26272,0.14,26.272,137.02801461632157,12771409563,2026-09-25 21:42:34.000040,25/09/26,21:42:34
26755,0.13,26.755,134.55428891795927,12771436318,2026-09-25 21:43:00.755040,25/09/26,21:43:0
27071,0.13,27.071,132.9836356248384,12771463389,2026-09-25 21:43:27.826040,25/09/26,21:43:27
27354,0.13,27.354,131.60780872998464,12771490743,2026-09-25 21:43:55.180040,25/09/26,21:43:55
27255,0.13,27.255,132.08585580627408,12771517998,2026-09-25 21:44:22.435040,25/09/26,21:44:22
27259,0.13,27.259,132.06647345830734,12771545257,2026-09-25 21:44:49.694040,25/09/26,21:44:49
22634,0.16,22.634,159.05275249624458,12771567891,2026-09-25 21:45:12.328040,25/09/26,21:45:12
22427,0.16,22.427,160.52080082043966,12771590318,2026-09-25 21:45:34.755040,25/09/26,21:45:34
22492,0.16,22.492,160.05690912324383,12771612810,2026-09-25 21:45:57.247040,25/09/26,21:45:57
22394,0.16,22.394,160.75734571760293,12771635204,2026-09-25 21:46:19.641040,25/09/26,21:46:19
22518,0.16,22.518,159.8721023181455,12771657722,2026-09-25 21:46:42.159040,25/09/26,21:46:42
22571,0.16,22.571,159.49669930441718,12771680293,2026-09-25 21:47:04.730040,25/09/26,21:47:4
22539,0.16,22.539,159.72314654598696,12771702832,2026-09-25 21:47:27.269040,25/09/26,21:47:27
22616,0.16,22.616,159.1793420587195,12771725448,2026-09-25 21:47:49.885040,25/09/26,21:47:49
22646,0.16,22.646,158.96847125320144,12771748094,2026-09-25 21:48:12.531040,25/09/26,21:48:12
22536,0.16,22.536,159.7444089456869,12771770630,2026-09-25 21:48:35.067040,25/09/26,21:48:35
22521,0.16,22.521,159.85080591447982,12771793151,2026-09-25 21:48:57.588040,25/09/26,21:48:57
22518,0.16,22.518,159.8721023181455,12771815669,2026-09-25 21:49:20.106040,25/09/26,21:49:20
22608,0.16,22.608,159.23566878980893,12771838277,2026-09-25 21:49:42.714040,25/09/26,21:49:42
22493,0.16,22.493,160.04979326901702,12771860770,2026-09-25 21:50:05.207040,25/09/26,21:50:5
22486,0.16,22.486,160.09961753980255,12771883256,2026-09-25 21:50:27.693040,25/09/26,21:50:27
22573,0.16,22.573,159.4825676693395,12771905829,2026-09-25 21:50:50.266040,25/09/26,21:50:50
22626,0.16,22.626,159.10898965791569,12771928455,2026-09-25 21:51:12.892040,25/09/26,21:51:12
22577,0.16,22.577,159.45431191035124,12771951032,2026-09-25 21:51:35.469040,25/09/26,21:51:35
22529,0.16,22.529,159.79404323316615,12771973561,2026-09-25 21:51:57.998040,25/09/26,21:51:57
22631,0.16,22.631,159.0738367725686,12771996192,2026-09-25 21:52:20.629040,25/09/26,21:52:20
22672,0.16,22.672,158.7861679604799,12772018864,2026-09-25 21:52:43.301040,25/09/26,21:52:43
22657,0.16,22.657,158.89129187447588,12772041521,2026-09-25 21:53:05.958040,25/09/26,21:53:5
22569,0.16,22.569,159.51083344410475,12772064090,2026-09-25 21:53:28.527040,25/09/26,21:53:28
22537,0.16,22.537,159.73732085015752,12772086627,2026-09-25 21:53:51.064040,25/09/26,21:53:51
22485,0.16,22.485,160.1067378252168,12772109112,2026-09-25 21:54:13.549040,25/09/26,21:54:13
22472,0.16,22.472,160.1993592025632,12772131584,2026-09-25 21:54:36.021040,25/09/26,21:54:36
21872,0.16,21.872,164.5940014630578,12772153456,2026-09-25 21:54:57.893040,25/09/26,21:54:57
22500,0.16,22.5,160.0,12772175956,2026-09-25 21:55:20.393040,25/09/26,21:55:20
22890,0.16,22.89,157.27391874180864,12772198846,2026-09-25 21:55:43.283040,25/09/26,21:55:43
22332,0.16,22.332,161.20365394948954,12772221178,2026-09-25 21:56:05.615040,25/09/26,21:56:5
22460,0.16,22.46,160.28495102404275,12772243638,2026-09-25 21:56:28.075040,25/09/26,21:56:28
22610,0.16,22.61,159.2215833701902,12772266248,2026-09-25 21:56:50.685040,25/09/26,21:56:50
22234,0.16,22.234,161.91418548169472,12772288482,2026-09-25 21:57:12.919040,25/09/26,21:57:12
22283,0.16,22.283,161.5581384912265,12772310765,2026-09-25 21:57:35.202040,25/09/26,21:57:35
22359,0.16,22.359,161.00898966858983,12772333124,2026-09-25 21:57:57.561040,25/09/26,21:57:57
22754,0.16,22.754,158.21394040608246,12772355878,2026-09-25 21:58:20.315040,25/09/26,21:58:20
22499,0.16,22.499,160.00711142717455,12772378377,2026-09-25 21:58:42.814040,25/09/26,21:58:42
22827,0.16,22.827,157.7079773951899,12772401204,2026-09-25 21:59:05.641040,25/09/26,21:59:5
20540,0.17,20.54,175.26777020447906,12772421744,2026-09-25 21:59:26.181040,25/09/26,21:59:26
13700,0.26,13.7,262.77372262773724,12772435444,2026-09-25 21:59:39.881040,25/09/26,21:59:39
14563,0.25,14.563,247.20181281329397,12772450007,2026-09-25 21:59:54.444040,25/09/26,21:59:54
14605,0.25,14.605,246.49092776446423,12772464612,2026-09-25 22:00:09.049040,25/09/26,22:0:9
14502,0.25,14.502,248.24162184526273,12772479114,2026-09-25 22:00:23.551040,25/09/26,22:0:23
14586,0.25,14.586,246.81201151789386,12772493700,2026-09-25 22:00:38.137040,25/09/26,22:0:38
14311,0.25,14.311,251.5547480958703,12772508011,2026-09-25 22:00:52.448040,25/09/26,22:0:52
14342,0.25,14.342,251.01101659461722,12772522353,2026-09-25 22:01:06.790040,25/09/26,22:1:6
14285,0.25,14.285,252.0126006300315,12772536638,2026-09-25 22:01:21.075040,25/09/26,22:1:21
14264,0.25,14.264,252.38362310712282,12772550902,2026-09-25 22:01:35.339040,25/09/26,22:1:35
14319,0.25,14.319,251.41420490257698,12772565221,2026-09-25 22:01:49.658040,25/09/26,22:1:49
14501,0.25,14.501,248.25874077649817,12772579722,2026-09-25 22:02:04.159040,25/09/26,22:2:4
14475,0.25,14.475,248.70466321243524,12772594197,2026-09-25 22:02:18.634040,25/09/26,22:2:18
14502,0.25,14.502,248.24162184526273,12772608699,2026-09-25 22:02:33.136040,25/09/26,22:2:33
14893,0.24,14.893,241.72430000671457,12772623592,2026-09-25 22:02:48.029040,25/09/26,22:2:48
14878,0.24,14.878,241.96800645248018,12772638470,2026-09-25 22:03:02.907040,25/09/26,22:3:2
14968,0.24,14.968,240.51309460181722,12772653438,2026-09-25 22:03:17.875040,25/09/26,22:3:17
14980,0.24,14.98,240.32042723631508,12772668418,2026-09-25 22:03:32.855040,25/09/26,22:3:32
15047,0.24,15.047,239.25034890675883,12772683465,2026-09-25 22:03:47.902040,25/09/26,22:3:47
14691,0.25,14.691,245.04798856442721,12772698156,2026-09-25 22:04:02.593040,25/09/26,22:4:2
14777,0.24,14.777,243.6218447587467,12772712933,2026-09-25 22:04:17.370040,25/09/26,22:4:17
14796,0.24,14.796,243.30900243309003,12772727729,2026-09-25 22:04:32.166040,25/09/26,22:4:32
15160,0.24,15.16,237.467018469657,12772742889,2026-09-25 22:04:47.326040,25/09/26,22:4:47
15105,0.24,15.105,238.33167825223435,12772757994,2026-09-25 22:05:02.431040,25/09/26,22:5:2
15199,0.24,15.199,236.85768800578987,12772773193,2026-09-25 22:05:17.630040,25/09/26,22:5:17
15165,0.24,15.165,237.3887240356083,12772788358,2026-09-25 22:05:32.795040,25/09/26,22:5:32
15225,0.24,15.225,236.45320197044336,12772803583,2026-09-25 22:05:48.020040,25/09/26,22:5:48
15227,0.24,15.227,236.42214487423655,12772818810,2026-09-25 22:06:03.247040,25/09/26,22:6:3
15272,0.23,15.272,235.7255107386066,12772834082,2026-09-25 22:06:18.519040,25/09/26,22:6:18
15245,0.24,15.245,236.1429977041653,12772849327,2026-09-25 22:06:33.764040,25/09/26,22:6:33
15346,0.23,15.346,234.58881793301185,12772864673,2026-09-25 22:06:49.110040,25/09/26,22:6:49
15224,0.24,15.224,236.46873357856018,12772879897,2026-09-25 22:07:04.334040,25/09/26,22:7:4
15322,0.23,15.322,234.9562720271505,12772895219,2026-09-25 22:07:19.656040,25/09/26,22:7:19
15409,0.23,15.409,233.62969693036538,12772910628,2026-09-25 22:07:35.065040,25/09/26,22:7:35
15379,0.23,15.379,234.0854411860329,12772926007,2026-09-25 22:07:50.444040,25/09/26,22:7:50
15302,0.23,15.302,235.263364266109,12772941309,2026-09-25 22:08:05.746040,25/09/26,22:8:5
19598,0.18,19.598,183.69221349117257,12772960907,2026-09-25 22:08:25.344040,25/09/26,22:8:25
22277,0.16,22.277,161.6016519279975,12772983184,2026-09-25 22:08:47.621040,25/09/26,22:8:47
22239,0.16,22.239,161.87778227438284,12773005423,2026-09-25 22:09:09.860040,25/09/26,22:9:9
22319,0.16,22.319,161.29754917335006,12773027742,2026-09-25 22:09:32.179040,25/09/26,22:9:32
22161,0.16,22.161,162.4475429809124,12773049903,2026-09-25 22:09:54.340040,25/09/26,22:9:54
21954,0.16,21.954,163.9792292976223,12773071857,2026-09-25 22:10:16.294040,25/09/26,22:10:16
22029,0.16,22.029,163.42094511779928,12773093886,2026-09-25 22:10:38.323040,25/09/26,22:10:38
22085,0.16,22.085,163.00656554222323,12773115971,2026-09-25 22:11:00.408040,25/09/26,22:11:0
22248,0.16,22.248,161.81229773462783,12773138219,2026-09-25 22:11:22.656040,25/09/26,22:11:22
22434,0.16,22.434,160.47071409467773,12773160653,2026-09-25 22:11:45.090040,25/09/26,22:11:45
22363,0.16,22.363,160.98019049322542,12773183016,2026-09-25 22:12:07.453040,25/09/26,22:12:7
22646,0.16,22.646,158.96847125320144,12773205662,2026-09-25 22:12:30.099040,25/09/26,22:12:30
22604,0.16,22.604,159.26384710670678,12773228266,2026-09-25 22:12:52.703040,25/09/26,22:12:52
22701,0.16,22.701,158.5833223206026,12773250967,2026-09-25 22:13:15.404040,25/09/26,22:13:15
22247,0.16,22.247,161.81957117813639,12773273214,2026-09-25 22:13:37.651040,25/09/26,22:13:37
22171,0.16,22.171,162.3742726985702,12773295385,2026-09-25 22:13:59.822040,25/09/26,22:13:59
22550,0.16,22.55,159.64523281596453,12773317935,2026-09-25 22:14:22.372040,25/09/26,22:14:22
22649,0.16,22.649,158.94741489690495,12773340584,2026-09-25 22:14:45.021040,25/09/26,22:14:45
22364,0.16,22.364,160.97299230906813,12773362948,2026-09-25 22:15:07.385040,25/09/26,22:15:7
22570,0.16,22.57,159.5037660611431,12773385518,2026-09-25 22:15:29.955040,25/09/26,22:15:29
22621,0.16,22.621,159.14415808319703,12773408139,2026-09-25 22:15:52.576040,25/09/26,22:15:52
22598,0.16,22.598,159.3061332861315,12773430737,2026-09-25 22:16:15.174040,25/09/26,22:16:15
22593,0.16,22.593,159.34138892577346,12773453330,2026-09-25 22:16:37.767040,25/09/26,22:16:37
22502,0.16,22.502,159.98577904186294,12773475832,2026-09-25 22:17:00.269040,25/09/26,22:17:0
22610,0.16,22.61,159.2215833701902,12773498442,2026-09-25 22:17:22.879040,25/09/26,22:17:22
22706,0.16,22.706,158.54840130362018,12773521148,2026-09-25 22:17:45.585040,25/09/26,22:17:45
22285,0.16,22.285,161.54363921920574,12773543433,2026-09-25 22:18:07.870040,25/09/26,22:18:7
22074,0.16,22.074,163.08779559662952,12773565507,2026-09-25 22:18:29.944040,25/09/26,22:18:29
22331,0.16,22.331,161.2108727777529,12773587838,2026-09-25 22:18:52.275040,25/09/26,22:18:52
22256,0.16,22.256,161.75413371675054,12773610094,2026-09-25 22:19:14.531040,25/09/26,22:19:14
22343,0.16,22.343,161.12428948664012,12773632437,2026-09-25 22:19:36.874040,25/09/26,22:19:36
22391,0.16,22.391,160.77888437318566,12773654828,2026-09-25 22:19:59.265040,25/09/26,22:19:59
22377,0.16,22.377,160.87947446038342,12773677205,2026-09-25 22:20:21.642040,25/09/26,22:20:21
22519,0.16,22.519,159.86500288645144,12773699724,2026-09-25 22:20:44.161040,25/09/26,22:20:44
21993,0.16,21.993,163.6884463238303,12773721717,2026-09-25 22:21:06.154040,25/09/26,22:21:6
22178,0.16,22.178,162.32302281540265,12773743895,2026-09-25 22:21:28.332040,25/09/26,22:21:28
22273,0.16,22.273,161.63067391011538,12773766168,2026-09-25 22:21:50.605040,25/09/26,22:21:50
22072,0.16,22.072,163.10257339615802,12773788240,2026-09-25 22:22:12.677040,25/09/26,22:22:12
22400,0.16,22.4,160.71428571428572,12773810640,2026-09-25 22:22:35.077040,25/09/26,22:22:35
22381,0.16,22.381,160.85072159420938,12773833021,2026-09-25 22:22:57.458040,25/09/26,22:22:57
22753,0.16,22.753,158.22089394805081,12773855774,2026-09-25 22:23:20.211040,25/09/26,22:23:20
26825,0.13,26.825,134.2031686859273,12773882599,2026-09-25 22:23:47.036040,25/09/26,22:23:47
27140,0.13,27.14,132.64554163596168,12773909739,2026-09-25 22:24:14.176040,25/09/26,22:24:14
27088,0.13,27.088,132.90017720023627,12773936827,2026-09-25 22:24:41.264040,25/09/26,22:24:41
27089,0.13,27.089,132.89527114326847,12773963916,2026-09-25 22:25:08.353040,25/09/26,22:25:8
27671,0.13,27.671,130.1001048028622,12773991587,2026-09-25 22:25:36.024040,25/09/26,22:25:36
27442,0.13,27.442,131.1857736316595,12774019029,2026-09-25 22:26:03.466040,25/09/26,22:26:3
27339,0.13,27.339,131.68001755733567,12774046368,2026-09-25 22:26:30.805040,25/09/26,22:26:30
27308,0.13,27.308,131.82950051267028,12774073676,2026-09-25 22:26:58.113040,25/09/26,22:26:58
27851,0.13,27.851,129.25927255753834,12774101527,2026-09-25 22:27:25.964040,25/09/26,22:27:25
27551,0.13,27.551,130.66676345686182,12774129078,2026-09-25 22:27:53.515040,25/09/26,22:27:53
27727,0.13,27.727,129.83734266238685,12774156805,2026-09-25 22:28:21.242040,25/09/26,22:28:21
27713,0.13,27.713,129.9029336412514,12774184518,2026-09-25 22:28:48.955040,25/09/26,22:28:48
27785,0.13,27.785,129.56631275868276,12774212303,2026-09-25 22:29:16.740040,25/09/26,22:29:16
26757,0.13,26.757,134.54423141607805,12774239060,2026-09-25 22:29:43.497040,25/09/26,22:29:43
26818,0.13,26.818,134.23819822507272,12774265878,2026-09-25 22:30:10.315040,25/09/26,22:30:10
26812,0.13,26.812,134.26823810234222,12774292690,2026-09-25 22:30:37.127040,25/09/26,22:30:37
26548,0.14,26.548,135.60343528702728,12774319238,2026-09-25 22:31:03.675040,25/09/26,22:31:3
27266,0.13,27.266,132.03256803344826,12774346504,2026-09-25 22:31:30.941040,25/09/26,22:31:30
27156,0.13,27.156,132.5673884224481,12774373660,2026-09-25 22:31:58.097040,25/09/26,22:31:58
27204,0.13,27.204,132.33348037053375,12774400864,2026-09-25 22:32:25.301040,25/09/26,22:32:25
26570,0.14,26.57,135.49115543846443,12774427434,2026-09-25 22:32:51.871040,25/09/26,22:32:51
26602,0.14,26.602,135.3281708142245,12774454036,2026-09-25 22:33:18.473040,25/09/26,22:33:18
26584,0.14,26.584,135.4198013842913,12774480620,2026-09-25 22:33:45.057040,25/09/26,22:33:45
26579,0.14,26.579,135.44527634598742,12774507199,2026-09-25 22:34:11.636040,25/09/26,22:34:11
26320,0.14,26.32,136.77811550151975,12774533519,2026-09-25 22:34:37.956040,25/09/26,22:34:37
26373,0.14,26.373,136.50324195199636,12774559892,2026-09-25 22:35:04.329040,25/09/26,22:35:4
26237,0.14,26.237,137.21080916263293,12774586129,2026-09-25 22:35:30.566040,25/09/26,22:35:30
26047,0.14,26.047,138.21169424501863,12774612176,2026-09-25 22:35:56.613040,25/09/26,22:35:56
26346,0.14,26.346,136.64313368253246,12774638522,2026-09-25 22:36:22.959040,25/09/26,22:36:22
25915,0.14,25.915,138.9156858961991,12774664437,2026-09-25 22:36:48.874040,25/09/26,22:36:48
26339,0.14,26.339,136.67944872622348,12774690776,2026-09-25 22:37:15.213040,25/09/26,22:37:15
26062,0.14,26.062,138.1321464200752,12774716838,2026-09-25 22:37:41.275040,25/09/26,22:37:41
26208,0.14,26.208,137.36263736263737,12774743046,2026-09-25 22:38:07.483040,25/09/26,22:38:7
26203,0.14,26.203,137.38884860512155,12774769249,2026-09-25 22:38:33.686040,25/09/26,22:38:33
26123,0.14,26.123,137.809593078896,12774795372,2026-09-25 22:38:59.809040,25/09/26,22:38:59
25928,0.14,25.928,138.8460351743289,12774821300,2026-09-25 22:39:25.737040,25/09/26,22:39:25
26275,0.14,26.275,137.01236917221695,12774847575,2026-09-25 22:39:52.012040,25/09/26,22:39:52
26328,0.14,26.328,136.73655423883318,12774873903,2026-09-25 22:40:18.340040,25/09/26,22:40:18
26126,0.14,26.126,137.79376865957283,12774900029,2026-09-25 22:40:44.466040,25/09/26,22:40:44
26714,0.13,26.714,134.7607995807442,12774926743,2026-09-25 22:41:11.180040,25/09/26,22:41:11
26361,0.14,26.361,136.56538067599863,12774953104,2026-09-25 22:41:37.541040,25/09/26,22:41:37
26696,0.13,26.696,134.85166317051244,12774979800,2026-09-25 22:42:04.237040,25/09/26,22:42:4
26753,0.13,26.753,134.56434792359735,12775006553,2026-09-25 22:42:30.990040,25/09/26,22:42:30
26671,0.13,26.671,134.97806606426457,12775033224,2026-09-25 22:42:57.661040,25/09/26,22:42:57
27119,0.13,27.119,132.74825767911796,12775060343,2026-09-25 22:43:24.780040,25/09/26,22:43:24
27094,0.13,27.094,132.87074629069167,12775087437,2026-09-25 22:43:51.874040,25/09/26,22:43:51
24230,0.15,24.23,148.57614527445315,12775111667,2026-09-25 22:44:16.104040,25/09/26,22:44:16
15363,0.23,15.363,234.32923257176333,12775127030,2026-09-25 22:44:31.467040,25/09/26,22:44:31
16261,0.22,16.261,221.38859848717792,12775143291,2026-09-25 22:44:47.728040,25/09/26,22:44:47
16288,0.22,16.288,221.02161100196463,12775159579,2026-09-25 22:45:04.016040,25/09/26,22:45:4
16522,0.22,16.522,217.8912964532139,12775176101,2026-09-25 22:45:20.538040,25/09/26,22:45:20
16183,0.22,16.183,222.45566335042946,12775192284,2026-09-25 22:45:36.721040,25/09/26,22:45:36
16500,0.22,16.5,218.1818181818182,12775208784,2026-09-25 22:45:53.221040,25/09/26,22:45:53
16671,0.22,16.671,215.94385459780457,12775225455,2026-09-25 22:46:09.892040,25/09/26,22:46:9
16788,0.21,16.788,214.43888491779842,12775242243,2026-09-25 22:46:26.680040,25/09/26,22:46:26
16705,0.22,16.705,215.5043400179587,12775258948,2026-09-25 22:46:43.385040,25/09/26,22:46:43
16831,0.21,16.831,213.89103440080802,12775275779,2026-09-25 22:47:00.216040,25/09/26,22:47:0
16930,0.21,16.93,212.64028352037803,12775292709,2026-09-25 22:47:17.146040,25/09/26,22:47:17
16901,0.21,16.901,213.00514762440093,12775309610,2026-09-25 22:47:34.047040,25/09/26,22:47:34
17017,0.21,17.017,211.55315272962332,12775326627,2026-09-25 22:47:51.064040,25/09/26,22:47:51
17022,0.21,17.022,211.49101163200564,12775343649,2026-09-25 22:48:08.086040,25/09/26,22:48:8
17140,0.21,17.14,210.0350058343057,12775360789,2026-09-25 22:48:25.226040,25/09/26,22:48:25
17075,0.21,17.075,210.8345534407028,12775377864,2026-09-25 22:48:42.301040,25/09/26,22:48:42
17162,0.21,17.162,209.76576156625103,12775395026,2026-09-25 22:48:59.463040,25/09/26,22:48:59
17302,0.21,17.302,208.06843139521442,12775412328,2026-09-25 22:49:16.765040,25/09/26,22:49:16
17218,0.21,17.218,209.08351724939018,12775429546,2026-09-25 22:49:33.983040,25/09/26,22:49:33
17334,0.21,17.334,207.68431983385256,12775446880,2026-09-25 22:49:51.317040,25/09/26,22:49:51
17368,0.21,17.368,207.27775218793184,12775464248,2026-09-25 22:50:08.685040,25/09/26,22:50:8
17392,0.21,17.392,206.99172033118674,12775481640,2026-09-25 22:50:26.077040,25/09/26,22:50:26
17309,0.21,17.309,207.98428563175227,12775498949,2026-09-25 22:50:43.386040,25/09/26,22:50:43
17429,0.21,17.429,206.55229789431408,12775516378,2026-09-25 22:51:00.815040,25/09/26,22:51:0
17538,0.2,17.538,205.26855969893944,12775533916,2026-09-25 22:51:18.353040,25/09/26,22:51:18
17508,0.2,17.508,205.620287868403,12775551424,2026-09-25 22:51:35.861040,25/09/26,22:51:35
17584,0.2,17.584,204.73157415832574,12775569008,2026-09-25 22:51:53.445040,25/09/26,22:51:53
17593,0.2,17.593,204.62684022054225,12775586601,2026-09-25 22:52:11.038040,25/09/26,22:52:11
17689,0.2,17.689,203.5163095709198,12775604290,2026-09-25 22:52:28.727040,25/09/26,22:52:28
17538,0.2,17.538,205.26855969893944,12775621828,2026-09-25 22:52:46.265040,25/09/26,22:52:46
17805,0.2,17.805,202.19039595619208,12775639633,2026-09-25 22:53:04.070040,25/09/26,22:53:4
27188,0.13,27.188,132.41135795203766,12775666821,2026-09-25 22:53:31.258040,25/09/26,22:53:31
27337,0.13,27.337,131.6896513882284,12775694158,2026-09-25 22:53:58.595040,25/09/26,22:53:58
27261,0.13,27.261,132.05678441729944,12775721419,2026-09-25 22:54:25.856040,25/09/26,22:54:25
27106,0.13,27.106,132.81192355935954,12775748525,2026-09-25 22:54:52.962040,25/09/26,22:54:52
26267,0.14,26.267,137.05409829824495,12775774792,2026-09-25 22:55:19.229040,25/09/26,22:55:19
25965,0.14,25.965,138.6481802426343,12775800757,2026-09-25 22:55:45.194040,25/09/26,22:55:45
26840,0.13,26.84,134.12816691505216,12775827597,2026-09-25 22:56:12.034040,25/09/26,22:56:12
26924,0.13,26.924,133.70970138166692,12775854521,2026-09-25 22:56:38.958040,25/09/26,22:56:38
26904,0.13,26.904,133.80909901873326,12775881425,2026-09-25 22:57:05.862040,25/09/26,22:57:5
26901,0.13,26.901,133.82402141184343,12775908326,2026-09-25 22:57:32.763040,25/09/26,22:57:32
26929,0.13,26.929,133.68487504177654,12775935255,2026-09-25 22:57:59.692040,25/09/26,22:57:59
27032,0.13,27.032,133.17549570878958,12775962287,2026-09-25 22:58:26.724040,25/09/26,22:58:26
26882,0.13,26.882,133.91860724648464,12775989169,2026-09-25 22:58:53.606040,25/09/26,22:58:53
26912,0.13,26.912,133.769322235434,12776016081,2026-09-25 22:59:20.518040,25/09/26,22:59:20
25602,0.14,25.602,140.61401453011484,12776041683,2026-09-25 22:59:46.120040,25/09/26,22:59:46
24891,0.14,24.891,144.6305893696517,12776066574,2026-09-25 23:00:11.011040,25/09/26,23:0:11
23749,0.15,23.749,151.58532990862773,12776090323,2026-09-25 23:00:34.760040,25/09/26,23:0:34
24413,0.15,24.413,147.4624175644124,12776114736,2026-09-25 23:00:59.173040,25/09/26,23:0:59
25283,0.14,25.283,142.3881659613179,12776140019,2026-09-25 23:01:24.456040,25/09/26,23:1:24
25467,0.14,25.467,141.35940629049358,12776165486,2026-09-25 23:01:49.923040,25/09/26,23:1:49
25631,0.14,25.631,140.4549178728883,12776191117,2026-09-25 23:02:15.554040,25/09/26,23:2:15
25780,0.14,25.78,139.64313421256787,12776216897,2026-09-25 23:02:41.334040,25/09/26,23:2:41
24862,0.14,24.862,144.79929209234976,12776241759,2026-09-25 23:03:06.196040,25/09/26,23:3:6
25192,0.14,25.192,142.9025087329311,12776266951,2026-09-25 23:03:31.388040,25/09/26,23:3:31
25295,0.14,25.295,142.32061672267247,12776292246,2026-09-25 23:03:56.683040,25/09/26,23:3:56
25281,0.14,25.281,142.3994304022784,12776317527,2026-09-25 23:04:21.964040,25/09/26,23:4:21
25130,0.14,25.13,143.25507361719062,12776342657,2026-09-25 23:04:47.094040,25/09/26,23:4:47
25203,0.14,25.203,142.84013807880015,12776367860,2026-09-25 23:05:12.297040,25/09/26,23:5:12
25079,0.14,25.079,143.5463933968659,12776392939,2026-09-25 23:05:37.376040,25/09/26,23:5:37
26223,0.14,26.223,137.2840636082828,12776419162,2026-09-25 23:06:03.599040,25/09/26,23:6:3
26078,0.14,26.078,138.0473962727203,12776445240,2026-09-25 23:06:29.677040,25/09/26,23:6:29
25936,0.14,25.936,138.80320789636028,12776471176,2026-09-25 23:06:55.613040,25/09/26,23:6:55
25582,0.14,25.582,140.72394652490033,12776496758,2026-09-25 23:07:21.195040,25/09/26,23:7:21
24417,0.15,24.417,147.43826022852932,12776521175,2026-09-25 23:07:45.612040,25/09/26,23:7:45
24637,0.15,24.637,146.12168689369648,12776545812,2026-09-25 23:08:10.249040,25/09/26,23:8:10
24718,0.14,24.718,145.64285136337892,12776570530,2026-09-25 23:08:34.967040,25/09/26,23:8:34
24522,0.15,24.522,146.80694886224614,12776595052,2026-09-25 23:08:59.489040,25/09/26,23:8:59
24653,0.15,24.653,146.02685271569382,12776619705,2026-09-25 23:09:24.142040,25/09/26,23:9:24
24628,0.15,24.628,146.17508526879973,12776644333,2026-09-25 23:09:48.770040,25/09/26,23:9:48
24434,0.15,24.434,147.3356797904559,12776668767,2026-09-25 23:10:13.204040,25/09/26,23:10:13
16861,0.21,16.861,213.51046794377558,12776685628,2026-09-25 23:10:30.065040,25/09/26,23:10:30
18684,0.19,18.684,192.67822736030828,12776704312,2026-09-25 23:10:48.749040,25/09/26,23:10:48
25016,0.14,25.016,143.9078989446754,12776729328,2026-09-25 23:11:13.765040,25/09/26,23:11:13
25054,0.14,25.054,143.68963039833957,12776754382,2026-09-25 23:11:38.819040,25/09/26,23:11:38
25077,0.14,25.077,143.5578418471109,12776779459,2026-09-25 23:12:03.896040,25/09/26,23:12:3
25307,0.14,25.307,142.2531315446319,12776804766,2026-09-25 23:12:29.203040,25/09/26,23:12:29
26269,0.14,26.269,137.04366363394115,12776831035,2026-09-25 23:12:55.472040,25/09/26,23:12:55
26453,0.14,26.453,136.09042452651872,12776857488,2026-09-25 23:13:21.925040,25/09/26,23:13:21
26610,0.14,26.61,135.28748590755356,12776884098,2026-09-25 23:13:48.535040,25/09/26,23:13:48
26660,0.14,26.66,135.0337584396099,12776910758,2026-09-25 23:14:15.195040,25/09/26,23:14:15
27016,0.13,27.016,133.25436778205508,12776937774,2026-09-25 23:14:42.211040,25/09/26,23:14:42
