Interval,kWh,sec,Wh,cumul(ms),dates,days,heure
16984,0.21,16.984,211.9642016015073,4340932595,2026-06-26 00:00:05.702593,26/06/26,0:0:5
16866,0.21,16.866,213.4471718249733,4340949461,2026-06-26 00:00:22.568593,26/06/26,0:0:22
16872,0.21,16.872,213.37126600284495,4340966333,2026-06-26 00:00:39.440593,26/06/26,0:0:39
17045,0.21,17.045,211.20563215019067,4340983378,2026-06-26 00:00:56.485593,26/06/26,0:0:56
17068,0.21,17.068,210.92102179517227,4341000446,2026-06-26 00:01:13.553593,26/06/26,0:1:13
17063,0.21,17.063,210.9828283420266,4341017509,2026-06-26 00:01:30.616593,26/06/26,0:1:30
17002,0.21,17.002,211.73979531819785,4341034511,2026-06-26 00:01:47.618593,26/06/26,0:1:47
13194,0.27,13.194,272.8512960436562,4341047705,2026-06-26 00:02:00.812593,26/06/26,0:2:0
12033,0.3,12.033,299.1772625280479,4341059738,2026-06-26 00:02:12.845593,26/06/26,0:2:12
11960,0.3,11.96,301.0033444816053,4341071698,2026-06-26 00:02:24.805593,26/06/26,0:2:24
11908,0.3,11.908,302.31776956667784,4341083606,2026-06-26 00:02:36.713593,26/06/26,0:2:36
11835,0.3,11.835,304.1825095057034,4341095441,2026-06-26 00:02:48.548593,26/06/26,0:2:48
11887,0.3,11.887,302.8518549676117,4341107328,2026-06-26 00:03:00.435593,26/06/26,0:3:0
12006,0.3,12.006,299.85007496251876,4341119334,2026-06-26 00:03:12.441593,26/06/26,0:3:12
12048,0.3,12.048,298.804780876494,4341131382,2026-06-26 00:03:24.489593,26/06/26,0:3:24
12099,0.3,12.099,297.54525167369206,4341143481,2026-06-26 00:03:36.588593,26/06/26,0:3:36
12020,0.3,12.02,299.5008319467554,4341155501,2026-06-26 00:03:48.608593,26/06/26,0:3:48
12105,0.3,12.105,297.3977695167286,4341167606,2026-06-26 00:04:00.713593,26/06/26,0:4:0
12148,0.3,12.148,296.3450773789924,4341179754,2026-06-26 00:04:12.861593,26/06/26,0:4:12
12208,0.29,12.208,294.8885976408912,4341191962,2026-06-26 00:04:25.069593,26/06/26,0:4:25
12206,0.29,12.206,294.93691627068654,4341204168,2026-06-26 00:04:37.275593,26/06/26,0:4:37
12259,0.29,12.259,293.6617994942491,4341216427,2026-06-26 00:04:49.534593,26/06/26,0:4:49
12319,0.29,12.319,292.23151229807615,4341228746,2026-06-26 00:05:01.853593,26/06/26,0:5:1
12344,0.29,12.344,291.6396629941672,4341241090,2026-06-26 00:05:14.197593,26/06/26,0:5:14
12437,0.29,12.437,289.45887271850125,4341253527,2026-06-26 00:05:26.634593,26/06/26,0:5:26
12427,0.29,12.427,289.6918001126579,4341265954,2026-06-26 00:05:39.061593,26/06/26,0:5:39
12411,0.29,12.411,290.06526468455405,4341278365,2026-06-26 00:05:51.472593,26/06/26,0:5:51
12391,0.29,12.391,290.5334516988137,4341290756,2026-06-26 00:06:03.863593,26/06/26,0:6:3
12492,0.29,12.492,288.1844380403458,4341303248,2026-06-26 00:06:16.355593,26/06/26,0:6:16
12552,0.29,12.552,286.80688336520075,4341315800,2026-06-26 00:06:28.907593,26/06/26,0:6:28
12485,0.29,12.485,288.3460152182619,4341328285,2026-06-26 00:06:41.392593,26/06/26,0:6:41
12460,0.29,12.46,288.9245585874799,4341340745,2026-06-26 00:06:53.852593,26/06/26,0:6:53
12549,0.29,12.549,286.8754482428879,4341353294,2026-06-26 00:07:06.401593,26/06/26,0:7:6
12472,0.29,12.472,288.6465683130212,4341365766,2026-06-26 00:07:18.873593,26/06/26,0:7:18
12405,0.29,12.405,290.2055622732769,4341378171,2026-06-26 00:07:31.278593,26/06/26,0:7:31
12493,0.29,12.493,288.16137036740577,4341390664,2026-06-26 00:07:43.771593,26/06/26,0:7:43
12472,0.29,12.472,288.6465683130212,4341403136,2026-06-26 00:07:56.243593,26/06/26,0:7:56
12511,0.29,12.511,287.74678283110865,4341415647,2026-06-26 00:08:08.754593,26/06/26,0:8:8
12529,0.29,12.529,287.3333865432197,4341428176,2026-06-26 00:08:21.283593,26/06/26,0:8:21
12429,0.29,12.429,289.64518464880524,4341440605,2026-06-26 00:08:33.712593,26/06/26,0:8:33
12463,0.29,12.463,288.85501083206293,4341453068,2026-06-26 00:08:46.175593,26/06/26,0:8:46
12530,0.29,12.53,287.31045490822027,4341465598,2026-06-26 00:08:58.705593,26/06/26,0:8:58
12555,0.29,12.555,286.7383512544803,4341478153,2026-06-26 00:09:11.260593,26/06/26,0:9:11
12551,0.29,12.551,286.8297346824954,4341490704,2026-06-26 00:09:23.811593,26/06/26,0:9:23
12395,0.29,12.395,290.43969342476805,4341503099,2026-06-26 00:09:36.206593,26/06/26,0:9:36
12340,0.29,12.34,291.7341977309562,4341515439,2026-06-26 00:09:48.546593,26/06/26,0:9:48
12542,0.29,12.542,287.035560516664,4341527981,2026-06-26 00:10:01.088593,26/06/26,0:10:1
12489,0.29,12.489,288.2536632236368,4341540470,2026-06-26 00:10:13.577593,26/06/26,0:10:13
12580,0.29,12.58,286.1685214626391,4341553050,2026-06-26 00:10:26.157593,26/06/26,0:10:26
12620,0.28,12.62,285.26148969889067,4341565670,2026-06-26 00:10:38.777593,26/06/26,0:10:38
12536,0.29,12.536,287.1729419272495,4341578206,2026-06-26 00:10:51.313593,26/06/26,0:10:51
12656,0.28,12.656,284.45006321112515,4341590862,2026-06-26 00:11:03.969593,26/06/26,0:11:3
12658,0.28,12.658,284.4051192921473,4341603520,2026-06-26 00:11:16.627593,26/06/26,0:11:16
12650,0.28,12.65,284.5849802371541,4341616170,2026-06-26 00:11:29.277593,26/06/26,0:11:29
12600,0.28,12.6,285.7142857142857,4341628770,2026-06-26 00:11:41.877593,26/06/26,0:11:41
12611,0.28,12.611,285.4650701768297,4341641381,2026-06-26 00:11:54.488593,26/06/26,0:11:54
15937,0.22,15.937,225.8894396686955,4341657318,2026-06-26 00:12:10.425593,26/06/26,0:12:10
17176,0.21,17.176,209.5947834187238,4341674494,2026-06-26 00:12:27.601593,26/06/26,0:12:27
17005,0.21,17.005,211.7024404586886,4341691499,2026-06-26 00:12:44.606593,26/06/26,0:12:44
17110,0.21,17.11,210.4032729398013,4341708609,2026-06-26 00:13:01.716593,26/06/26,0:13:1
17217,0.21,17.217,209.09566126502875,4341725826,2026-06-26 00:13:18.933593,26/06/26,0:13:18
17136,0.21,17.136,210.08403361344537,4341742962,2026-06-26 00:13:36.069593,26/06/26,0:13:36
16888,0.21,16.888,213.16911416390337,4341759850,2026-06-26 00:13:52.957593,26/06/26,0:13:52
17129,0.21,17.129,210.16988732558818,4341776979,2026-06-26 00:14:10.086593,26/06/26,0:14:10
17211,0.21,17.211,209.16855499389925,4341794190,2026-06-26 00:14:27.297593,26/06/26,0:14:27
17084,0.21,17.084,210.7234839616015,4341811274,2026-06-26 00:14:44.381593,26/06/26,0:14:44
17154,0.21,17.154,209.8635886673662,4341828428,2026-06-26 00:15:01.535593,26/06/26,0:15:1
17156,0.21,17.156,209.83912333877362,4341845584,2026-06-26 00:15:18.691593,26/06/26,0:15:18
17053,0.21,17.053,211.10655016712602,4341862637,2026-06-26 00:15:35.744593,26/06/26,0:15:35
17048,0.21,17.048,211.16846550915062,4341879685,2026-06-26 00:15:52.792593,26/06/26,0:15:52
17193,0.21,17.193,209.38754144128424,4341896878,2026-06-26 00:16:09.985593,26/06/26,0:16:9
17175,0.21,17.175,209.6069868995633,4341914053,2026-06-26 00:16:27.160593,26/06/26,0:16:27
17102,0.21,17.102,210.5016957081043,4341931155,2026-06-26 00:16:44.262593,26/06/26,0:16:44
16999,0.21,16.999,211.77716336255074,4341948154,2026-06-26 00:17:01.261593,26/06/26,0:17:1
17130,0.21,17.13,210.15761821366024,4341965284,2026-06-26 00:17:18.391593,26/06/26,0:17:18
17149,0.21,17.149,209.92477695492448,4341982433,2026-06-26 00:17:35.540593,26/06/26,0:17:35
17063,0.21,17.063,210.9828283420266,4341999496,2026-06-26 00:17:52.603593,26/06/26,0:17:52
16885,0.21,16.885,213.2069884512881,4342016381,2026-06-26 00:18:09.488593,26/06/26,0:18:9
17099,0.21,17.099,210.53862798994092,4342033480,2026-06-26 00:18:26.587593,26/06/26,0:18:26
17000,0.21,17.0,211.76470588235293,4342050480,2026-06-26 00:18:43.587593,26/06/26,0:18:43
17044,0.21,17.044,211.2180239380427,4342067524,2026-06-26 00:19:00.631593,26/06/26,0:19:0
17056,0.21,17.056,211.06941838649155,4342084580,2026-06-26 00:19:17.687593,26/06/26,0:19:17
17006,0.21,17.006,211.68999176761142,4342101586,2026-06-26 00:19:34.693593,26/06/26,0:19:34
16681,0.22,16.681,215.81439961632995,4342118267,2026-06-26 00:19:51.374593,26/06/26,0:19:51
16806,0.21,16.806,214.20921099607284,4342135073,2026-06-26 00:20:08.180593,26/06/26,0:20:8
17042,0.21,17.042,211.24281187654032,4342152115,2026-06-26 00:20:25.222593,26/06/26,0:20:25
16981,0.21,16.981,212.00164890171368,4342169096,2026-06-26 00:20:42.203593,26/06/26,0:20:42
17108,0.21,17.108,210.4278700023381,4342186204,2026-06-26 00:20:59.311593,26/06/26,0:20:59
17386,0.21,17.386,207.06315426204992,4342203590,2026-06-26 00:21:16.697593,26/06/26,0:21:16
17171,0.21,17.171,209.65581503698095,4342220761,2026-06-26 00:21:33.868593,26/06/26,0:21:33
17188,0.21,17.188,209.4484524086572,4342237949,2026-06-26 00:21:51.056593,26/06/26,0:21:51
17236,0.21,17.236,208.86516593177072,4342255185,2026-06-26 00:22:08.292593,26/06/26,0:22:8
17250,0.21,17.25,208.69565217391303,4342272435,2026-06-26 00:22:25.542593,26/06/26,0:22:25
17019,0.21,17.019,211.52829190904282,4342289454,2026-06-26 00:22:42.561593,26/06/26,0:22:42
17152,0.21,17.152,209.88805970149255,4342306606,2026-06-26 00:22:59.713593,26/06/26,0:22:59
17271,0.21,17.271,208.44189682126108,4342323877,2026-06-26 00:23:16.984593,26/06/26,0:23:16
16992,0.21,16.992,211.864406779661,4342340869,2026-06-26 00:23:33.976593,26/06/26,0:23:33
17162,0.21,17.162,209.76576156625103,4342358031,2026-06-26 00:23:51.138593,26/06/26,0:23:51
17302,0.21,17.302,208.06843139521442,4342375333,2026-06-26 00:24:08.440593,26/06/26,0:24:8
17218,0.21,17.218,209.08351724939018,4342392551,2026-06-26 00:24:25.658593,26/06/26,0:24:25
17193,0.21,17.193,209.38754144128424,4342409744,2026-06-26 00:24:42.851593,26/06/26,0:24:42
17152,0.21,17.152,209.88805970149255,4342426896,2026-06-26 00:25:00.003593,26/06/26,0:25:0
17330,0.21,17.33,207.73225620311598,4342444226,2026-06-26 00:25:17.333593,26/06/26,0:25:17
17338,0.21,17.338,207.63640558311224,4342461564,2026-06-26 00:25:34.671593,26/06/26,0:25:34
17358,0.21,17.358,207.39716557207052,4342478922,2026-06-26 00:25:52.029593,26/06/26,0:25:52
17406,0.21,17.406,206.82523267838675,4342496328,2026-06-26 00:26:09.435593,26/06/26,0:26:9
17419,0.21,17.419,206.67087662896836,4342513747,2026-06-26 00:26:26.854593,26/06/26,0:26:26
17320,0.21,17.32,207.85219399538107,4342531067,2026-06-26 00:26:44.174593,26/06/26,0:26:44
17250,0.21,17.25,208.69565217391303,4342548317,2026-06-26 00:27:01.424593,26/06/26,0:27:1
17357,0.21,17.357,207.40911447830845,4342565674,2026-06-26 00:27:18.781593,26/06/26,0:27:18
17275,0.21,17.275,208.39363241678726,4342582949,2026-06-26 00:27:36.056593,26/06/26,0:27:36
17271,0.21,17.271,208.44189682126108,4342600220,2026-06-26 00:27:53.327593,26/06/26,0:27:53
16965,0.21,16.965,212.20159151193633,4342617185,2026-06-26 00:28:10.292593,26/06/26,0:28:10
15925,0.23,15.925,226.0596546310832,4342633110,2026-06-26 00:28:26.217593,26/06/26,0:28:26
18569,0.19,18.569,193.87150627389735,4342651679,2026-06-26 00:28:44.786593,26/06/26,0:28:44
18509,0.19,18.509,194.49997298611487,4342670188,2026-06-26 00:29:03.295593,26/06/26,0:29:3
18629,0.19,18.629,193.24708787374524,4342688817,2026-06-26 00:29:21.924593,26/06/26,0:29:21
18551,0.19,18.551,194.05961942752413,4342707368,2026-06-26 00:29:40.475593,26/06/26,0:29:40
18493,0.19,18.493,194.66825285243064,4342725861,2026-06-26 00:29:58.968593,26/06/26,0:29:58
18517,0.19,18.517,194.4159421072528,4342744378,2026-06-26 00:30:17.485593,26/06/26,0:30:17
18613,0.19,18.613,193.41320582388653,4342762991,2026-06-26 00:30:36.098593,26/06/26,0:30:36
18630,0.19,18.63,193.23671497584542,4342781621,2026-06-26 00:30:54.728593,26/06/26,0:30:54
18788,0.19,18.788,191.61166702150308,4342800409,2026-06-26 00:31:13.516593,26/06/26,0:31:13
18661,0.19,18.661,192.91570655377527,4342819070,2026-06-26 00:31:32.177593,26/06/26,0:31:32
18520,0.19,18.52,194.38444924406048,4342837590,2026-06-26 00:31:50.697593,26/06/26,0:31:50
15675,0.23,15.675,229.66507177033492,4342853265,2026-06-26 00:32:06.372593,26/06/26,0:32:6
12632,0.28,12.632,284.9905003166561,4342865897,2026-06-26 00:32:19.004593,26/06/26,0:32:19
12693,0.28,12.693,283.62089340581423,4342878590,2026-06-26 00:32:31.697593,26/06/26,0:32:31
12609,0.28,12.609,285.5103497501784,4342891199,2026-06-26 00:32:44.306593,26/06/26,0:32:44
12586,0.29,12.586,286.0320991577944,4342903785,2026-06-26 00:32:56.892593,26/06/26,0:32:56
12637,0.28,12.637,284.87773996992956,4342916422,2026-06-26 00:33:09.529593,26/06/26,0:33:9
12680,0.28,12.68,283.9116719242902,4342929102,2026-06-26 00:33:22.209593,26/06/26,0:33:22
12797,0.28,12.797,281.31593342189575,4342941899,2026-06-26 00:33:35.006593,26/06/26,0:33:35
12775,0.28,12.775,281.8003913894325,4342954674,2026-06-26 00:33:47.781593,26/06/26,0:33:47
12925,0.28,12.925,278.52998065764024,4342967599,2026-06-26 00:34:00.706593,26/06/26,0:34:0
12925,0.28,12.925,278.52998065764024,4342980524,2026-06-26 00:34:13.631593,26/06/26,0:34:13
12957,0.28,12.957,277.8420930771012,4342993481,2026-06-26 00:34:26.588593,26/06/26,0:34:26
12943,0.28,12.943,278.142625357336,4343006424,2026-06-26 00:34:39.531593,26/06/26,0:34:39
12943,0.28,12.943,278.142625357336,4343019367,2026-06-26 00:34:52.474593,26/06/26,0:34:52
12975,0.28,12.975,277.4566473988439,4343032342,2026-06-26 00:35:05.449593,26/06/26,0:35:5
13017,0.28,13.017,276.56141968195436,4343045359,2026-06-26 00:35:18.466593,26/06/26,0:35:18
13052,0.28,13.052,275.81979773214834,4343058411,2026-06-26 00:35:31.518593,26/06/26,0:35:31
13032,0.28,13.032,276.24309392265195,4343071443,2026-06-26 00:35:44.550593,26/06/26,0:35:44
13005,0.28,13.005,276.8166089965398,4343084448,2026-06-26 00:35:57.555593,26/06/26,0:35:57
13067,0.28,13.067,275.5031759393893,4343097515,2026-06-26 00:36:10.622593,26/06/26,0:36:10
13185,0.27,13.185,273.03754266211604,4343110700,2026-06-26 00:36:23.807593,26/06/26,0:36:23
13182,0.27,13.182,273.09968138370505,4343123882,2026-06-26 00:36:36.989593,26/06/26,0:36:36
13121,0.27,13.121,274.3693316058227,4343137003,2026-06-26 00:36:50.110593,26/06/26,0:36:50
13022,0.28,13.022,276.45522961142683,4343150025,2026-06-26 00:37:03.132593,26/06/26,0:37:3
13043,0.28,13.043,276.0101203710803,4343163068,2026-06-26 00:37:16.175593,26/06/26,0:37:16
13206,0.27,13.206,272.60336210813267,4343176274,2026-06-26 00:37:29.381593,26/06/26,0:37:29
13107,0.27,13.107,274.6623941405356,4343189381,2026-06-26 00:37:42.488593,26/06/26,0:37:42
13111,0.27,13.111,274.57859812371294,4343202492,2026-06-26 00:37:55.599593,26/06/26,0:37:55
13126,0.27,13.126,274.2648179186348,4343215618,2026-06-26 00:38:08.725593,26/06/26,0:38:8
13228,0.27,13.228,272.1499848805564,4343228846,2026-06-26 00:38:21.953593,26/06/26,0:38:21
13164,0.27,13.164,273.47310847766636,4343242010,2026-06-26 00:38:35.117593,26/06/26,0:38:35
13094,0.27,13.094,274.93508477165113,4343255104,2026-06-26 00:38:48.211593,26/06/26,0:38:48
13274,0.27,13.274,271.20687057405456,4343268378,2026-06-26 00:39:01.485593,26/06/26,0:39:1
13246,0.27,13.246,271.7801600483165,4343281624,2026-06-26 00:39:14.731593,26/06/26,0:39:14
13294,0.27,13.294,270.7988566270498,4343294918,2026-06-26 00:39:28.025593,26/06/26,0:39:28
13246,0.27,13.246,271.7801600483165,4343308164,2026-06-26 00:39:41.271593,26/06/26,0:39:41
12821,0.28,12.821,280.7893300054598,4343320985,2026-06-26 00:39:54.092593,26/06/26,0:39:54
13067,0.28,13.067,275.5031759393893,4343334052,2026-06-26 00:40:07.159593,26/06/26,0:40:7
13002,0.28,13.002,276.8804799261652,4343347054,2026-06-26 00:40:20.161593,26/06/26,0:40:20
13049,0.28,13.049,275.8832094413365,4343360103,2026-06-26 00:40:33.210593,26/06/26,0:40:33
12849,0.28,12.849,280.1774457156199,4343372952,2026-06-26 00:40:46.059593,26/06/26,0:40:46
12915,0.28,12.915,278.74564459930315,4343385867,2026-06-26 00:40:58.974593,26/06/26,0:40:58
12990,0.28,12.99,277.1362586605081,4343398857,2026-06-26 00:41:11.964593,26/06/26,0:41:11
12987,0.28,12.987,277.2002772002772,4343411844,2026-06-26 00:41:24.951593,26/06/26,0:41:24
13266,0.27,13.266,271.37042062415196,4343425110,2026-06-26 00:41:38.217593,26/06/26,0:41:38
16252,0.22,16.252,221.5111986217081,4343441362,2026-06-26 00:41:54.469593,26/06/26,0:41:54
17907,0.2,17.907,201.03869994974033,4343459269,2026-06-26 00:42:12.376593,26/06/26,0:42:12
18035,0.2,18.035,199.61186581646797,4343477304,2026-06-26 00:42:30.411593,26/06/26,0:42:30
18004,0.2,18.004,199.95556542990445,4343495308,2026-06-26 00:42:48.415593,26/06/26,0:42:48
18205,0.2,18.205,197.74787146388354,4343513513,2026-06-26 00:43:06.620593,26/06/26,0:43:6
18309,0.2,18.309,196.62461084712436,4343531822,2026-06-26 00:43:24.929593,26/06/26,0:43:24
18272,0.2,18.272,197.0227670753065,4343550094,2026-06-26 00:43:43.201593,26/06/26,0:43:43
17945,0.2,17.945,200.61298411813877,4343568039,2026-06-26 00:44:01.146593,26/06/26,0:44:1
19152,0.19,19.152,187.9699248120301,4343587191,2026-06-26 00:44:20.298593,26/06/26,0:44:20
18776,0.19,18.776,191.73412867490413,4343605967,2026-06-26 00:44:39.074593,26/06/26,0:44:39
18722,0.19,18.722,192.28714880888793,4343624689,2026-06-26 00:44:57.796593,26/06/26,0:44:57
18683,0.19,18.683,192.68854038430658,4343643372,2026-06-26 00:45:16.479593,26/06/26,0:45:16
19741,0.18,19.741,182.36158249328807,4343663113,2026-06-26 00:45:36.220593,26/06/26,0:45:36
20141,0.18,20.141,178.73988381907552,4343683254,2026-06-26 00:45:56.361593,26/06/26,0:45:56
20777,0.17,20.777,173.26851807286903,4343704031,2026-06-26 00:46:17.138593,26/06/26,0:46:17
20736,0.17,20.736,173.61111111111111,4343724767,2026-06-26 00:46:37.874593,26/06/26,0:46:37
20681,0.17,20.681,174.07282046322712,4343745448,2026-06-26 00:46:58.555593,26/06/26,0:46:58
20753,0.17,20.753,173.46889606321977,4343766201,2026-06-26 00:47:19.308593,26/06/26,0:47:19
20668,0.17,20.668,174.18231081865687,4343786869,2026-06-26 00:47:39.976593,26/06/26,0:47:39
20691,0.17,20.691,173.9886907351022,4343807560,2026-06-26 00:48:00.667593,26/06/26,0:48:0
20802,0.17,20.802,173.06028266512834,4343828362,2026-06-26 00:48:21.469593,26/06/26,0:48:21
20758,0.17,20.758,173.4271124385779,4343849120,2026-06-26 00:48:42.227593,26/06/26,0:48:42
20807,0.17,20.807,173.01869563127792,4343869927,2026-06-26 00:49:03.034593,26/06/26,0:49:3
21196,0.17,21.196,169.84336667295716,4343891123,2026-06-26 00:49:24.230593,26/06/26,0:49:24
21135,0.17,21.135,170.33356990773598,4343912258,2026-06-26 00:49:45.365593,26/06/26,0:49:45
21187,0.17,21.187,169.91551423042432,4343933445,2026-06-26 00:50:06.552593,26/06/26,0:50:6
21086,0.17,21.086,170.72939391065162,4343954531,2026-06-26 00:50:27.638593,26/06/26,0:50:27
20997,0.17,20.997,171.45306472353192,4343975528,2026-06-26 00:50:48.635593,26/06/26,0:50:48
21139,0.17,21.139,170.30133875774635,4343996667,2026-06-26 00:51:09.774593,26/06/26,0:51:9
21134,0.17,21.134,170.34162960158986,4344017801,2026-06-26 00:51:30.908593,26/06/26,0:51:30
21124,0.17,21.124,170.42226850975194,4344038925,2026-06-26 00:51:52.032593,26/06/26,0:51:52
21245,0.17,21.245,169.45163567898328,4344060170,2026-06-26 00:52:13.277593,26/06/26,0:52:13
21085,0.17,21.085,170.73749110742233,4344081255,2026-06-26 00:52:34.362593,26/06/26,0:52:34
21086,0.17,21.086,170.72939391065162,4344102341,2026-06-26 00:52:55.448593,26/06/26,0:52:55
21379,0.17,21.379,168.3895411385004,4344123720,2026-06-26 00:53:16.827593,26/06/26,0:53:16
21489,0.17,21.489,167.52757224626552,4344145209,2026-06-26 00:53:38.316593,26/06/26,0:53:38
21203,0.17,21.203,169.78729425081357,4344166412,2026-06-26 00:53:59.519593,26/06/26,0:53:59
21752,0.17,21.752,165.50202280250093,4344188164,2026-06-26 00:54:21.271593,26/06/26,0:54:21
21772,0.17,21.772,165.3499908138894,4344209936,2026-06-26 00:54:43.043593,26/06/26,0:54:43
21616,0.17,21.616,166.54330125832718,4344231552,2026-06-26 00:55:04.659593,26/06/26,0:55:4
21904,0.16,21.904,164.35354273192112,4344253456,2026-06-26 00:55:26.563593,26/06/26,0:55:26
21990,0.16,21.99,163.71077762619373,4344275446,2026-06-26 00:55:48.553593,26/06/26,0:55:48
22089,0.16,22.089,162.97704739915795,4344297535,2026-06-26 00:56:10.642593,26/06/26,0:56:10
22126,0.16,22.126,162.70451053059747,4344319661,2026-06-26 00:56:32.768593,26/06/26,0:56:32
22177,0.16,22.177,162.33034224647156,4344341838,2026-06-26 00:56:54.945593,26/06/26,0:56:54
22209,0.16,22.209,162.0964473861948,4344364047,2026-06-26 00:57:17.154593,26/06/26,0:57:17
22092,0.16,22.092,162.95491580662684,4344386139,2026-06-26 00:57:39.246593,26/06/26,0:57:39
21950,0.16,21.95,164.00911161731207,4344408089,2026-06-26 00:58:01.196593,26/06/26,0:58:1
21980,0.16,21.98,163.7852593266606,4344430069,2026-06-26 00:58:23.176593,26/06/26,0:58:23
22086,0.16,22.086,162.99918500407497,4344452155,2026-06-26 00:58:45.262593,26/06/26,0:58:45
22147,0.16,22.147,162.5502325371382,4344474302,2026-06-26 00:59:07.409593,26/06/26,0:59:7
22261,0.16,22.261,161.71780243475135,4344496563,2026-06-26 00:59:29.670593,26/06/26,0:59:29
22196,0.16,22.196,162.19138583528564,4344518759,2026-06-26 00:59:51.866593,26/06/26,0:59:51
22135,0.16,22.135,162.63835554551616,4344540894,2026-06-26 01:00:14.001593,26/06/26,1:0:14
22027,0.16,22.027,163.4357833567894,4344562921,2026-06-26 01:00:36.028593,26/06/26,1:0:36
22038,0.16,22.038,163.35420637081404,4344584959,2026-06-26 01:00:58.066593,26/06/26,1:0:58
22163,0.16,22.163,162.43288363488696,4344607122,2026-06-26 01:01:20.229593,26/06/26,1:1:20
22199,0.16,22.199,162.1694670931123,4344629321,2026-06-26 01:01:42.428593,26/06/26,1:1:42
21441,0.17,21.441,167.90261648244018,4344650762,2026-06-26 01:02:03.869593,26/06/26,1:2:3
12738,0.28,12.738,282.6189354686764,4344663500,2026-06-26 01:02:16.607593,26/06/26,1:2:16
14293,0.25,14.293,251.87154551178898,4344677793,2026-06-26 01:02:30.900593,26/06/26,1:2:30
14169,0.25,14.169,254.07579928011856,4344691962,2026-06-26 01:02:45.069593,26/06/26,1:2:45
14143,0.25,14.143,254.54288340521813,4344706105,2026-06-26 01:02:59.212593,26/06/26,1:2:59
14218,0.25,14.218,253.20016880011252,4344720323,2026-06-26 01:03:13.430593,26/06/26,1:3:13
14348,0.25,14.348,250.90604962364094,4344734671,2026-06-26 01:03:27.778593,26/06/26,1:3:27
14392,0.25,14.392,250.13896609227348,4344749063,2026-06-26 01:03:42.170593,26/06/26,1:3:42
14377,0.25,14.377,250.39994435556792,4344763440,2026-06-26 01:03:56.547593,26/06/26,1:3:56
14482,0.25,14.482,248.58444966164893,4344777922,2026-06-26 01:04:11.029593,26/06/26,1:4:11
14601,0.25,14.601,246.5584549003493,4344792523,2026-06-26 01:04:25.630593,26/06/26,1:4:25
14551,0.25,14.551,247.40567658580167,4344807074,2026-06-26 01:04:40.181593,26/06/26,1:4:40
14549,0.25,14.549,247.439686576397,4344821623,2026-06-26 01:04:54.730593,26/06/26,1:4:54
14657,0.25,14.657,245.61642901002935,4344836280,2026-06-26 01:05:09.387593,26/06/26,1:5:9
14719,0.24,14.719,244.58183300495958,4344850999,2026-06-26 01:05:24.106593,26/06/26,1:5:24
14682,0.25,14.682,245.1982018798529,4344865681,2026-06-26 01:05:38.788593,26/06/26,1:5:38
14710,0.24,14.71,244.73147518694765,4344880391,2026-06-26 01:05:53.498593,26/06/26,1:5:53
14833,0.24,14.833,242.70208319288074,4344895224,2026-06-26 01:06:08.331593,26/06/26,1:6:8
14826,0.24,14.826,242.81667341157427,4344910050,2026-06-26 01:06:23.157593,26/06/26,1:6:23
14874,0.24,14.874,242.03307785397337,4344924924,2026-06-26 01:06:38.031593,26/06/26,1:6:38
14848,0.24,14.848,242.45689655172413,4344939772,2026-06-26 01:06:52.879593,26/06/26,1:6:52
14935,0.24,14.935,241.04452628054904,4344954707,2026-06-26 01:07:07.814593,26/06/26,1:7:7
14957,0.24,14.957,240.68997793675203,4344969664,2026-06-26 01:07:22.771593,26/06/26,1:7:22
14907,0.24,14.907,241.4972831555645,4344984571,2026-06-26 01:07:37.678593,26/06/26,1:7:37
14905,0.24,14.905,241.52968802415296,4344999476,2026-06-26 01:07:52.583593,26/06/26,1:7:52
14996,0.24,14.996,240.06401707121898,4345014472,2026-06-26 01:08:07.579593,26/06/26,1:8:7
15024,0.24,15.024,239.61661341853036,4345029496,2026-06-26 01:08:22.603593,26/06/26,1:8:22
15037,0.24,15.037,239.4094566735386,4345044533,2026-06-26 01:08:37.640593,26/06/26,1:8:37
15020,0.24,15.02,239.6804260985353,4345059553,2026-06-26 01:08:52.660593,26/06/26,1:8:52
15103,0.24,15.103,238.36323909157122,4345074656,2026-06-26 01:09:07.763593,26/06/26,1:9:7
15057,0.24,15.057,239.09145248057382,4345089713,2026-06-26 01:09:22.820593,26/06/26,1:9:22
15076,0.24,15.076,238.79013000795968,4345104789,2026-06-26 01:09:37.896593,26/06/26,1:9:37
15014,0.24,15.014,239.77620887171972,4345119803,2026-06-26 01:09:52.910593,26/06/26,1:9:52
15172,0.24,15.172,237.2791985235961,4345134975,2026-06-26 01:10:08.082593,26/06/26,1:10:8
15088,0.24,15.088,238.60021208907742,4345150063,2026-06-26 01:10:23.170593,26/06/26,1:10:23
15162,0.24,15.162,237.43569449940642,4345165225,2026-06-26 01:10:38.332593,26/06/26,1:10:38
15183,0.24,15.183,237.10729104919977,4345180408,2026-06-26 01:10:53.515593,26/06/26,1:10:53
15221,0.24,15.221,236.51534064778923,4345195629,2026-06-26 01:11:08.736593,26/06/26,1:11:8
15244,0.24,15.244,236.15848858567304,4345210873,2026-06-26 01:11:23.980593,26/06/26,1:11:23
18645,0.19,18.645,193.08125502815767,4345229518,2026-06-26 01:11:42.625593,26/06/26,1:11:42
22075,0.16,22.075,163.08040770101925,4345251593,2026-06-26 01:12:04.700593,26/06/26,1:12:4
22174,0.16,22.174,162.35230450076665,4345273767,2026-06-26 01:12:26.874593,26/06/26,1:12:26
21927,0.16,21.927,164.18114653167328,4345295694,2026-06-26 01:12:48.801593,26/06/26,1:12:48
22071,0.16,22.071,163.10996330025824,4345317765,2026-06-26 01:13:10.872593,26/06/26,1:13:10
22137,0.16,22.137,162.62366174278358,4345339902,2026-06-26 01:13:33.009593,26/06/26,1:13:33
22020,0.16,22.02,163.48773841961852,4345361922,2026-06-26 01:13:55.029593,26/06/26,1:13:55
22191,0.16,22.191,162.22793024199,4345384113,2026-06-26 01:14:17.220593,26/06/26,1:14:17
22169,0.16,22.169,162.38892146691325,4345406282,2026-06-26 01:14:39.389593,26/06/26,1:14:39
22117,0.16,22.117,162.77071935615137,4345428399,2026-06-26 01:15:01.506593,26/06/26,1:15:1
22201,0.16,22.201,162.15485788928427,4345450600,2026-06-26 01:15:23.707593,26/06/26,1:15:23
22070,0.16,22.07,163.11735387403715,4345472670,2026-06-26 01:15:45.777593,26/06/26,1:15:45
22121,0.16,22.121,162.74128656028208,4345494791,2026-06-26 01:16:07.898593,26/06/26,1:16:7
22180,0.16,22.18,162.30838593327323,4345516971,2026-06-26 01:16:30.078593,26/06/26,1:16:30
22127,0.16,22.127,162.6971573191124,4345539098,2026-06-26 01:16:52.205593,26/06/26,1:16:52
22198,0.16,22.198,162.17677268222363,4345561296,2026-06-26 01:17:14.403593,26/06/26,1:17:14
22093,0.16,22.093,162.9475399447789,4345583389,2026-06-26 01:17:36.496593,26/06/26,1:17:36
22051,0.16,22.051,163.25790213595755,4345605440,2026-06-26 01:17:58.547593,26/06/26,1:17:58
22119,0.16,22.119,162.75600162756,4345627559,2026-06-26 01:18:20.666593,26/06/26,1:18:20
22073,0.16,22.073,163.09518416164545,4345649632,2026-06-26 01:18:42.739593,26/06/26,1:18:42
22060,0.16,22.06,163.19129646418858,4345671692,2026-06-26 01:19:04.799593,26/06/26,1:19:4
22240,0.16,22.24,161.8705035971223,4345693932,2026-06-26 01:19:27.039593,26/06/26,1:19:27
22074,0.16,22.074,163.08779559662952,4345716006,2026-06-26 01:19:49.113593,26/06/26,1:19:49
22006,0.16,22.006,163.59174770517131,4345738012,2026-06-26 01:20:11.119593,26/06/26,1:20:11
22071,0.16,22.071,163.10996330025824,4345760083,2026-06-26 01:20:33.190593,26/06/26,1:20:33
22080,0.16,22.08,163.04347826086956,4345782163,2026-06-26 01:20:55.270593,26/06/26,1:20:55
22135,0.16,22.135,162.63835554551616,4345804298,2026-06-26 01:21:17.405593,26/06/26,1:21:17
22090,0.16,22.09,162.96966953372566,4345826388,2026-06-26 01:21:39.495593,26/06/26,1:21:39
22080,0.16,22.08,163.04347826086956,4345848468,2026-06-26 01:22:01.575593,26/06/26,1:22:1
22217,0.16,22.217,162.0380789485529,4345870685,2026-06-26 01:22:23.792593,26/06/26,1:22:23
22064,0.16,22.064,163.16171138506164,4345892749,2026-06-26 01:22:45.856593,26/06/26,1:22:45
22154,0.16,22.154,162.49887153561434,4345914903,2026-06-26 01:23:08.010593,26/06/26,1:23:8
22159,0.16,22.159,162.4622049731486,4345937062,2026-06-26 01:23:30.169593,26/06/26,1:23:30
21980,0.16,21.98,163.7852593266606,4345959042,2026-06-26 01:23:52.149593,26/06/26,1:23:52
22272,0.16,22.272,161.63793103448276,4345981314,2026-06-26 01:24:14.421593,26/06/26,1:24:14
22202,0.16,22.202,162.1475542743897,4346003516,2026-06-26 01:24:36.623593,26/06/26,1:24:36
22056,0.16,22.056,163.2208922742111,4346025572,2026-06-26 01:24:58.679593,26/06/26,1:24:58
22160,0.16,22.16,162.4548736462094,4346047732,2026-06-26 01:25:20.839593,26/06/26,1:25:20
22110,0.16,22.11,162.82225237449117,4346069842,2026-06-26 01:25:42.949593,26/06/26,1:25:42
22071,0.16,22.071,163.10996330025824,4346091913,2026-06-26 01:26:05.020593,26/06/26,1:26:5
22259,0.16,22.259,161.73233298890335,4346114172,2026-06-26 01:26:27.279593,26/06/26,1:26:27
22012,0.16,22.012,163.54715609667454,4346136184,2026-06-26 01:26:49.291593,26/06/26,1:26:49
22102,0.16,22.102,162.88118722287575,4346158286,2026-06-26 01:27:11.393593,26/06/26,1:27:11
22159,0.16,22.159,162.4622049731486,4346180445,2026-06-26 01:27:33.552593,26/06/26,1:27:33
22128,0.16,22.128,162.68980477223428,4346202573,2026-06-26 01:27:55.680593,26/06/26,1:27:55
22219,0.16,22.219,162.02349340654393,4346224792,2026-06-26 01:28:17.899593,26/06/26,1:28:17
22121,0.16,22.121,162.74128656028208,4346246913,2026-06-26 01:28:40.020593,26/06/26,1:28:40
22001,0.16,22.001,163.628925957911,4346268914,2026-06-26 01:29:02.021593,26/06/26,1:29:2
22212,0.16,22.212,162.07455429497568,4346291126,2026-06-26 01:29:24.233593,26/06/26,1:29:24
22111,0.16,22.111,162.81488851702773,4346313237,2026-06-26 01:29:46.344593,26/06/26,1:29:46
22146,0.16,22.146,162.5575724735844,4346335383,2026-06-26 01:30:08.490593,26/06/26,1:30:8
22127,0.16,22.127,162.6971573191124,4346357510,2026-06-26 01:30:30.617593,26/06/26,1:30:30
22057,0.16,22.057,163.21349231536473,4346379567,2026-06-26 01:30:52.674593,26/06/26,1:30:52
22206,0.16,22.206,162.11834639286678,4346401773,2026-06-26 01:31:14.880593,26/06/26,1:31:14
22184,0.16,22.184,162.27912008654886,4346423957,2026-06-26 01:31:37.064593,26/06/26,1:31:37
22080,0.16,22.08,163.04347826086956,4346446037,2026-06-26 01:31:59.144593,26/06/26,1:31:59
22148,0.16,22.148,162.54289326350008,4346468185,2026-06-26 01:32:21.292593,26/06/26,1:32:21
22130,0.16,22.13,162.67510167193853,4346490315,2026-06-26 01:32:43.422593,26/06/26,1:32:43
12114,0.3,12.114,297.1768202080238,4346502429,2026-06-26 01:32:55.536593,26/06/26,1:32:55
14283,0.25,14.283,252.0478890989288,4346516712,2026-06-26 01:33:09.819593,26/06/26,1:33:9
14207,0.25,14.207,253.39621313437038,4346530919,2026-06-26 01:33:24.026593,26/06/26,1:33:24
14195,0.25,14.195,253.61042620641072,4346545114,2026-06-26 01:33:38.221593,26/06/26,1:33:38
14223,0.25,14.223,253.11115798354777,4346559337,2026-06-26 01:33:52.444593,26/06/26,1:33:52
14329,0.25,14.329,251.23874659780864,4346573666,2026-06-26 01:34:06.773593,26/06/26,1:34:6
14423,0.25,14.423,249.60133120709978,4346588089,2026-06-26 01:34:21.196593,26/06/26,1:34:21
14440,0.25,14.44,249.30747922437672,4346602529,2026-06-26 01:34:35.636593,26/06/26,1:34:35
14464,0.25,14.464,248.89380530973452,4346616993,2026-06-26 01:34:50.100593,26/06/26,1:34:50
14555,0.25,14.555,247.33768464445208,4346631548,2026-06-26 01:35:04.655593,26/06/26,1:35:4
14668,0.25,14.668,245.43223343332426,4346646216,2026-06-26 01:35:19.323593,26/06/26,1:35:19
14648,0.25,14.648,245.76734025122883,4346660864,2026-06-26 01:35:33.971593,26/06/26,1:35:33
14628,0.25,14.628,246.1033634126333,4346675492,2026-06-26 01:35:48.599593,26/06/26,1:35:48
14717,0.24,14.717,244.61507100631923,4346690209,2026-06-26 01:36:03.316593,26/06/26,1:36:3
14737,0.24,14.737,244.28309696681822,4346704946,2026-06-26 01:36:18.053593,26/06/26,1:36:18
14744,0.24,14.744,244.16711882799783,4346719690,2026-06-26 01:36:32.797593,26/06/26,1:36:32
14590,0.25,14.59,246.7443454420836,4346734280,2026-06-26 01:36:47.387593,26/06/26,1:36:47
14210,0.25,14.21,253.3427163969036,4346748490,2026-06-26 01:37:01.597593,26/06/26,1:37:1
14259,0.25,14.259,252.47212286976645,4346762749,2026-06-26 01:37:15.856593,26/06/26,1:37:15
14248,0.25,14.248,252.66704098820887,4346776997,2026-06-26 01:37:30.104593,26/06/26,1:37:30
14303,0.25,14.303,251.69544850730617,4346791300,2026-06-26 01:37:44.407593,26/06/26,1:37:44
14391,0.25,14.391,250.1563477173233,4346805691,2026-06-26 01:37:58.798593,26/06/26,1:37:58
14453,0.25,14.453,249.08323531446757,4346820144,2026-06-26 01:38:13.251593,26/06/26,1:38:13
14465,0.25,14.465,248.8765986864846,4346834609,2026-06-26 01:38:27.716593,26/06/26,1:38:27
14451,0.25,14.451,249.11770811708533,4346849060,2026-06-26 01:38:42.167593,26/06/26,1:38:42
14334,0.25,14.334,251.15110925073253,4346863394,2026-06-26 01:38:56.501593,26/06/26,1:38:56
14497,0.25,14.497,248.32724011864525,4346877891,2026-06-26 01:39:10.998593,26/06/26,1:39:10
14503,0.25,14.503,248.22450527477073,4346892394,2026-06-26 01:39:25.501593,26/06/26,1:39:25
14541,0.25,14.541,247.57582009490406,4346906935,2026-06-26 01:39:40.042593,26/06/26,1:39:40
14128,0.25,14.128,254.81313703284258,4346921063,2026-06-26 01:39:54.170593,26/06/26,1:39:54
16823,0.21,16.823,213.9927480235392,4346937886,2026-06-26 01:40:10.993593,26/06/26,1:40:10
20374,0.18,20.374,176.6957887503681,4346958260,2026-06-26 01:40:31.367593,26/06/26,1:40:31
20536,0.17,20.536,175.3019088430074,4346978796,2026-06-26 01:40:51.903593,26/06/26,1:40:51
20604,0.17,20.604,174.72335468841,4346999400,2026-06-26 01:41:12.507593,26/06/26,1:41:12
20605,0.17,20.605,174.71487503033245,4347020005,2026-06-26 01:41:33.112593,26/06/26,1:41:33
20563,0.17,20.563,175.0717307785829,4347040568,2026-06-26 01:41:53.675593,26/06/26,1:41:53
20753,0.17,20.753,173.46889606321977,4347061321,2026-06-26 01:42:14.428593,26/06/26,1:42:14
24996,0.14,24.996,144.02304368698992,4347086317,2026-06-26 01:42:39.424593,26/06/26,1:42:39
36187,0.1,36.187,99.48323983751071,4347122504,2026-06-26 01:43:15.611593,26/06/26,1:43:15
35771,0.1,35.771,100.64018338877862,4347158275,2026-06-26 01:43:51.382593,26/06/26,1:43:51
35705,0.1,35.705,100.82621481585213,4347193980,2026-06-26 01:44:27.087593,26/06/26,1:44:27
34004,0.1,34.004,105.86989765909892,4347227984,2026-06-26 01:45:01.091593,26/06/26,1:45:1
25991,0.14,25.991,138.5094840521719,4347253975,2026-06-26 01:45:27.082593,26/06/26,1:45:27
24794,0.14,24.794,145.19641848834397,4347278769,2026-06-26 01:45:51.876593,26/06/26,1:45:51
24768,0.14,24.768,145.34883720930233,4347303537,2026-06-26 01:46:16.644593,26/06/26,1:46:16
25380,0.14,25.38,141.84397163120568,4347328917,2026-06-26 01:46:42.024593,26/06/26,1:46:42
25268,0.14,25.268,142.47269273389267,4347354185,2026-06-26 01:47:07.292593,26/06/26,1:47:7
25276,0.14,25.276,142.4275993036873,4347379461,2026-06-26 01:47:32.568593,26/06/26,1:47:32
25604,0.14,25.604,140.6030307764412,4347405065,2026-06-26 01:47:58.172593,26/06/26,1:47:58
25405,0.14,25.405,141.70438889982287,4347430470,2026-06-26 01:48:23.577593,26/06/26,1:48:23
25704,0.14,25.704,140.0560224089636,4347456174,2026-06-26 01:48:49.281593,26/06/26,1:48:49
25057,0.14,25.057,143.67242686674382,4347481231,2026-06-26 01:49:14.338593,26/06/26,1:49:14
25215,0.14,25.215,142.77215942891135,4347506446,2026-06-26 01:49:39.553593,26/06/26,1:49:39
25190,0.14,25.19,142.9138547042477,4347531636,2026-06-26 01:50:04.743593,26/06/26,1:50:4
25593,0.14,25.593,140.6634626655726,4347557229,2026-06-26 01:50:30.336593,26/06/26,1:50:30
24913,0.14,24.913,144.5028699875567,4347582142,2026-06-26 01:50:55.249593,26/06/26,1:50:55
25119,0.14,25.119,143.31780723754926,4347607261,2026-06-26 01:51:20.368593,26/06/26,1:51:20
25514,0.14,25.514,141.09900446813515,4347632775,2026-06-26 01:51:45.882593,26/06/26,1:51:45
25461,0.14,25.461,141.39271827500883,4347658236,2026-06-26 01:52:11.343593,26/06/26,1:52:11
25551,0.14,25.551,140.89468122578373,4347683787,2026-06-26 01:52:36.894593,26/06/26,1:52:36
25345,0.14,25.345,142.03985006904716,4347709132,2026-06-26 01:53:02.239593,26/06/26,1:53:2
25615,0.14,25.615,140.54265079055241,4347734747,2026-06-26 01:53:27.854593,26/06/26,1:53:27
25772,0.14,25.772,139.6864814527394,4347760519,2026-06-26 01:53:53.626593,26/06/26,1:53:53
26491,0.14,26.491,135.8952096938583,4347787010,2026-06-26 01:54:20.117593,26/06/26,1:54:20
26438,0.14,26.438,136.16763749148953,4347813448,2026-06-26 01:54:46.555593,26/06/26,1:54:46
26264,0.14,26.264,137.0697532744441,4347839712,2026-06-26 01:55:12.819593,26/06/26,1:55:12
26621,0.14,26.621,135.23158408775026,4347866333,2026-06-26 01:55:39.440593,26/06/26,1:55:39
26567,0.14,26.567,135.50645537697142,4347892900,2026-06-26 01:56:06.007593,26/06/26,1:56:6
26677,0.13,26.677,134.94770776324174,4347919577,2026-06-26 01:56:32.684593,26/06/26,1:56:32
26439,0.14,26.439,136.16248723476681,4347946016,2026-06-26 01:56:59.123593,26/06/26,1:56:59
26764,0.13,26.764,134.509041996712,4347972780,2026-06-26 01:57:25.887593,26/06/26,1:57:25
26586,0.14,26.586,135.40961408259986,4347999366,2026-06-26 01:57:52.473593,26/06/26,1:57:52
26678,0.13,26.678,134.94264937401604,4348026044,2026-06-26 01:58:19.151593,26/06/26,1:58:19
26559,0.14,26.559,135.54727211114877,4348052603,2026-06-26 01:58:45.710593,26/06/26,1:58:45
26581,0.14,26.581,135.4350852112411,4348079184,2026-06-26 01:59:12.291593,26/06/26,1:59:12
26575,0.14,26.575,135.4656632173095,4348105759,2026-06-26 01:59:38.866593,26/06/26,1:59:38
26566,0.14,26.566,135.5115561243695,4348132325,2026-06-26 02:00:05.432593,26/06/26,2:0:5
26589,0.14,26.589,135.3943360036105,4348158914,2026-06-26 02:00:32.021593,26/06/26,2:0:32
26706,0.13,26.706,134.80116827679174,4348185620,2026-06-26 02:00:58.727593,26/06/26,2:0:58
26499,0.14,26.499,135.85418317672364,4348212119,2026-06-26 02:01:25.226593,26/06/26,2:1:25
26179,0.14,26.179,137.51480194048665,4348238298,2026-06-26 02:01:51.405593,26/06/26,2:1:51
26441,0.14,26.441,136.1521878900193,4348264739,2026-06-26 02:02:17.846593,26/06/26,2:2:17
26430,0.14,26.43,136.2088535754824,4348291169,2026-06-26 02:02:44.276593,26/06/26,2:2:44
26377,0.14,26.377,136.4825416082193,4348317546,2026-06-26 02:03:10.653593,26/06/26,2:3:10
18070,0.2,18.07,199.22523519645821,4348335616,2026-06-26 02:03:28.723593,26/06/26,2:3:28
16017,0.22,16.017,224.76119123431354,4348351633,2026-06-26 02:03:44.740593,26/06/26,2:3:44
15809,0.23,15.809,227.718388259852,4348367442,2026-06-26 02:04:00.549593,26/06/26,2:4:0
15939,0.22,15.939,225.86109542631283,4348383381,2026-06-26 02:04:16.488593,26/06/26,2:4:16
15947,0.22,15.947,225.74778955289395,4348399328,2026-06-26 02:04:32.435593,26/06/26,2:4:32
15925,0.23,15.925,226.0596546310832,4348415253,2026-06-26 02:04:48.360593,26/06/26,2:4:48
15975,0.22,15.975,225.35211267605635,4348431228,2026-06-26 02:05:04.335593,26/06/26,2:5:4
15994,0.22,15.994,225.0844066524947,4348447222,2026-06-26 02:05:20.329593,26/06/26,2:5:20
15891,0.23,15.891,226.54332641117614,4348463113,2026-06-26 02:05:36.220593,26/06/26,2:5:36
15950,0.22,15.95,225.70532915360502,4348479063,2026-06-26 02:05:52.170593,26/06/26,2:5:52
16173,0.22,16.173,222.59321090706734,4348495236,2026-06-26 02:06:08.343593,26/06/26,2:6:8
16472,0.22,16.472,218.5526954832443,4348511708,2026-06-26 02:06:24.815593,26/06/26,2:6:24
16533,0.22,16.533,217.74632553075668,4348528241,2026-06-26 02:06:41.348593,26/06/26,2:6:41
16560,0.22,16.56,217.3913043478261,4348544801,2026-06-26 02:06:57.908593,26/06/26,2:6:57
16667,0.22,16.667,215.99568008639827,4348561468,2026-06-26 02:07:14.575593,26/06/26,2:7:14
16566,0.22,16.566,217.31256791017748,4348578034,2026-06-26 02:07:31.141593,26/06/26,2:7:31
16609,0.22,16.609,216.7499548437594,4348594643,2026-06-26 02:07:47.750593,26/06/26,2:7:47
16774,0.21,16.774,214.61786097531893,4348611417,2026-06-26 02:08:04.524593,26/06/26,2:8:4
16740,0.22,16.74,215.05376344086022,4348628157,2026-06-26 02:08:21.264593,26/06/26,2:8:21
16797,0.21,16.797,214.3239864261475,4348644954,2026-06-26 02:08:38.061593,26/06/26,2:8:38
16788,0.21,16.788,214.43888491779842,4348661742,2026-06-26 02:08:54.849593,26/06/26,2:8:54
16842,0.21,16.842,213.75133594584966,4348678584,2026-06-26 02:09:11.691593,26/06/26,2:9:11
16931,0.21,16.931,212.6277242927175,4348695515,2026-06-26 02:09:28.622593,26/06/26,2:9:28
16973,0.21,16.973,212.10157308666706,4348712488,2026-06-26 02:09:45.595593,26/06/26,2:9:45
16889,0.21,16.889,213.15649239149744,4348729377,2026-06-26 02:10:02.484593,26/06/26,2:10:2
17071,0.21,17.071,210.88395524573838,4348746448,2026-06-26 02:10:19.555593,26/06/26,2:10:19
16945,0.21,16.945,212.45205075243436,4348763393,2026-06-26 02:10:36.500593,26/06/26,2:10:36
17021,0.21,17.021,211.5034369308501,4348780414,2026-06-26 02:10:53.521593,26/06/26,2:10:53
17107,0.21,17.107,210.44017069036067,4348797521,2026-06-26 02:11:10.628593,26/06/26,2:11:10
17257,0.21,17.257,208.6109984354175,4348814778,2026-06-26 02:11:27.885593,26/06/26,2:11:27
16870,0.21,16.87,213.3965619442798,4348831648,2026-06-26 02:11:44.755593,26/06/26,2:11:44
16848,0.21,16.848,213.67521367521368,4348848496,2026-06-26 02:12:01.603593,26/06/26,2:12:1
16960,0.21,16.96,212.26415094339623,4348865456,2026-06-26 02:12:18.563593,26/06/26,2:12:18
16986,0.21,16.986,211.93924408336278,4348882442,2026-06-26 02:12:35.549593,26/06/26,2:12:35
23836,0.15,23.836,151.03205235777816,4348906278,2026-06-26 02:12:59.385593,26/06/26,2:12:59
26193,0.14,26.193,137.44130111098386,4348932471,2026-06-26 02:13:25.578593,26/06/26,2:13:25
25902,0.14,25.902,138.9854065323141,4348958373,2026-06-26 02:13:51.480593,26/06/26,2:13:51
26157,0.14,26.157,137.6304622089689,4348984530,2026-06-26 02:14:17.637593,26/06/26,2:14:17
26157,0.14,26.157,137.6304622089689,4349010687,2026-06-26 02:14:43.794593,26/06/26,2:14:43
26074,0.14,26.074,138.06857405844903,4349036761,2026-06-26 02:15:09.868593,26/06/26,2:15:9
26190,0.14,26.19,137.4570446735395,4349062951,2026-06-26 02:15:36.058593,26/06/26,2:15:36
25959,0.14,25.959,138.68022651103664,4349088910,2026-06-26 02:16:02.017593,26/06/26,2:16:2
26207,0.14,26.207,137.3678788110047,4349115117,2026-06-26 02:16:28.224593,26/06/26,2:16:28
26003,0.14,26.003,138.4455639733877,4349141120,2026-06-26 02:16:54.227593,26/06/26,2:16:54
26202,0.14,26.202,137.39409205404166,4349167322,2026-06-26 02:17:20.429593,26/06/26,2:17:20
25981,0.14,25.981,138.56279588930371,4349193303,2026-06-26 02:17:46.410593,26/06/26,2:17:46
26061,0.14,26.061,138.13744675952572,4349219364,2026-06-26 02:18:12.471593,26/06/26,2:18:12
26075,0.14,26.075,138.06327900287633,4349245439,2026-06-26 02:18:38.546593,26/06/26,2:18:38
26013,0.14,26.013,138.39234229039326,4349271452,2026-06-26 02:19:04.559593,26/06/26,2:19:4
26154,0.14,26.154,137.64624913971093,4349297606,2026-06-26 02:19:30.713593,26/06/26,2:19:30
25829,0.14,25.829,139.3782182817763,4349323435,2026-06-26 02:19:56.542593,26/06/26,2:19:56
26227,0.14,26.227,137.26312578640332,4349349662,2026-06-26 02:20:22.769593,26/06/26,2:20:22
25724,0.14,25.724,139.9471310838128,4349375386,2026-06-26 02:20:48.493593,26/06/26,2:20:48
26197,0.14,26.197,137.420315303279,4349401583,2026-06-26 02:21:14.690593,26/06/26,2:21:14
26082,0.14,26.082,138.02622498274673,4349427665,2026-06-26 02:21:40.772593,26/06/26,2:21:40
26246,0.14,26.246,137.16375828697707,4349453911,2026-06-26 02:22:07.018593,26/06/26,2:22:7
26471,0.14,26.471,135.99788447735259,4349480382,2026-06-26 02:22:33.489593,26/06/26,2:22:33
26560,0.14,26.56,135.5421686746988,4349506942,2026-06-26 02:23:00.049593,26/06/26,2:23:0
26647,0.14,26.647,135.09963598153638,4349533589,2026-06-26 02:23:26.696593,26/06/26,2:23:26
26495,0.14,26.495,135.87469333836572,4349560084,2026-06-26 02:23:53.191593,26/06/26,2:23:53
26744,0.13,26.744,134.6096320670057,4349586828,2026-06-26 02:24:19.935593,26/06/26,2:24:19
26564,0.14,26.564,135.5217587712694,4349613392,2026-06-26 02:24:46.499593,26/06/26,2:24:46
26308,0.14,26.308,136.84050478941768,4349639700,2026-06-26 02:25:12.807593,26/06/26,2:25:12
26465,0.14,26.465,136.02871717362555,4349666165,2026-06-26 02:25:39.272593,26/06/26,2:25:39
26603,0.14,26.603,135.32308386272226,4349692768,2026-06-26 02:26:05.875593,26/06/26,2:26:5
26622,0.14,26.622,135.2265043948614,4349719390,2026-06-26 02:26:32.497593,26/06/26,2:26:32
26530,0.14,26.53,135.69543912551828,4349745920,2026-06-26 02:26:59.027593,26/06/26,2:26:59
26755,0.13,26.755,134.55428891795927,4349772675,2026-06-26 02:27:25.782593,26/06/26,2:27:25
26551,0.14,26.551,135.58811344205492,4349799226,2026-06-26 02:27:52.333593,26/06/26,2:27:52
26566,0.14,26.566,135.5115561243695,4349825792,2026-06-26 02:28:18.899593,26/06/26,2:28:18
26444,0.14,26.444,136.13674179397972,4349852236,2026-06-26 02:28:45.343593,26/06/26,2:28:45
26470,0.14,26.47,136.0030222893842,4349878706,2026-06-26 02:29:11.813593,26/06/26,2:29:11
26395,0.14,26.395,136.38946770221634,4349905101,2026-06-26 02:29:38.208593,26/06/26,2:29:38
26322,0.14,26.322,136.7677228174151,4349931423,2026-06-26 02:30:04.530593,26/06/26,2:30:4
26445,0.14,26.445,136.13159387407828,4349957868,2026-06-26 02:30:30.975593,26/06/26,2:30:30
26546,0.14,26.546,135.61365177427862,4349984414,2026-06-26 02:30:57.521593,26/06/26,2:30:57
26654,0.14,26.654,135.0641554738501,4350011068,2026-06-26 02:31:24.175593,26/06/26,2:31:24
26418,0.14,26.418,136.2707245060186,4350037486,2026-06-26 02:31:50.593593,26/06/26,2:31:50
26753,0.13,26.753,134.56434792359735,4350064239,2026-06-26 02:32:17.346593,26/06/26,2:32:17
26463,0.14,26.463,136.0389978460492,4350090702,2026-06-26 02:32:43.809593,26/06/26,2:32:43
26468,0.14,26.468,136.0132990781321,4350117170,2026-06-26 02:33:10.277593,26/06/26,2:33:10
26382,0.14,26.382,136.4566750056857,4350143552,2026-06-26 02:33:36.659593,26/06/26,2:33:36
26293,0.14,26.293,136.91857148290418,4350169845,2026-06-26 02:34:02.952593,26/06/26,2:34:2
21417,0.17,21.417,168.09076901526825,4350191262,2026-06-26 02:34:24.369593,26/06/26,2:34:24
16205,0.22,16.205,222.15365627892626,4350207467,2026-06-26 02:34:40.574593,26/06/26,2:34:40
15915,0.23,15.915,226.20169651272386,4350223382,2026-06-26 02:34:56.489593,26/06/26,2:34:56
15923,0.23,15.923,226.08804873453494,4350239305,2026-06-26 02:35:12.412593,26/06/26,2:35:12
15955,0.22,15.955,225.63459730492008,4350255260,2026-06-26 02:35:28.367593,26/06/26,2:35:28
15910,0.23,15.91,226.27278441231928,4350271170,2026-06-26 02:35:44.277593,26/06/26,2:35:44
15987,0.22,15.987,225.1829611559392,4350287157,2026-06-26 02:36:00.264593,26/06/26,2:36:0
16083,0.22,16.083,223.8388360380526,4350303240,2026-06-26 02:36:16.347593,26/06/26,2:36:16
16384,0.22,16.384,219.7265625,4350319624,2026-06-26 02:36:32.731593,26/06/26,2:36:32
16365,0.22,16.365,219.98166819431714,4350335989,2026-06-26 02:36:49.096593,26/06/26,2:36:49
16458,0.22,16.458,218.7386073641998,4350352447,2026-06-26 02:37:05.554593,26/06/26,2:37:5
16522,0.22,16.522,217.8912964532139,4350368969,2026-06-26 02:37:22.076593,26/06/26,2:37:22
16588,0.22,16.588,217.02435495538944,4350385557,2026-06-26 02:37:38.664593,26/06/26,2:37:38
16545,0.22,16.545,217.58839528558477,4350402102,2026-06-26 02:37:55.209593,26/06/26,2:37:55
16600,0.22,16.6,216.86746987951807,4350418702,2026-06-26 02:38:11.809593,26/06/26,2:38:11
16549,0.22,16.549,217.53580276753883,4350435251,2026-06-26 02:38:28.358593,26/06/26,2:38:28
16624,0.22,16.624,216.5543792107796,4350451875,2026-06-26 02:38:44.982593,26/06/26,2:38:44
16734,0.22,16.734,215.13087128002869,4350468609,2026-06-26 02:39:01.716593,26/06/26,2:39:1
16732,0.22,16.732,215.1565861821659,4350485341,2026-06-26 02:39:18.448593,26/06/26,2:39:18
16836,0.21,16.836,213.82751247327155,4350502177,2026-06-26 02:39:35.284593,26/06/26,2:39:35
16479,0.22,16.479,218.4598580010923,4350518656,2026-06-26 02:39:51.763593,26/06/26,2:39:51
16606,0.22,16.606,216.78911236902326,4350535262,2026-06-26 02:40:08.369593,26/06/26,2:40:8
16581,0.22,16.581,217.11597611724264,4350551843,2026-06-26 02:40:24.950593,26/06/26,2:40:24
16787,0.21,16.787,214.45165902186216,4350568630,2026-06-26 02:40:41.737593,26/06/26,2:40:41
16850,0.21,16.85,213.64985163204747,4350585480,2026-06-26 02:40:58.587593,26/06/26,2:40:58
16907,0.21,16.907,212.92955580528775,4350602387,2026-06-26 02:41:15.494593,26/06/26,2:41:15
16932,0.21,16.932,212.61516654854714,4350619319,2026-06-26 02:41:32.426593,26/06/26,2:41:32
16911,0.21,16.911,212.87919105907397,4350636230,2026-06-26 02:41:49.337593,26/06/26,2:41:49
17016,0.21,17.016,211.56558533145275,4350653246,2026-06-26 02:42:06.353593,26/06/26,2:42:6
17059,0.21,17.059,211.03229966586554,4350670305,2026-06-26 02:42:23.412593,26/06/26,2:42:23
16927,0.21,16.927,212.67797010692976,4350687232,2026-06-26 02:42:40.339593,26/06/26,2:42:40
17003,0.21,17.003,211.72734223372345,4350704235,2026-06-26 02:42:57.342593,26/06/26,2:42:57
17092,0.21,17.092,210.62485373274046,4350721327,2026-06-26 02:43:14.434593,26/06/26,2:43:14
16822,0.21,16.822,214.00546902865295,4350738149,2026-06-26 02:43:31.256593,26/06/26,2:43:31
23596,0.15,23.596,152.5682319037125,4350761745,2026-06-26 02:43:54.852593,26/06/26,2:43:54
25849,0.14,25.849,139.27037796433132,4350787594,2026-06-26 02:44:20.701593,26/06/26,2:44:20
25944,0.14,25.944,138.7604070305273,4350813538,2026-06-26 02:44:46.645593,26/06/26,2:44:46
26235,0.14,26.235,137.22126929674099,4350839773,2026-06-26 02:45:12.880593,26/06/26,2:45:12
26298,0.14,26.298,136.89253935660506,4350866071,2026-06-26 02:45:39.178593,26/06/26,2:45:39
25969,0.14,25.969,138.62682429050022,4350892040,2026-06-26 02:46:05.147593,26/06/26,2:46:5
25999,0.14,25.999,138.46686411015807,4350918039,2026-06-26 02:46:31.146593,26/06/26,2:46:31
25379,0.14,25.379,141.8495606603885,4350943418,2026-06-26 02:46:56.525593,26/06/26,2:46:56
25434,0.14,25.434,141.54281670205236,4350968852,2026-06-26 02:47:21.959593,26/06/26,2:47:21
25711,0.14,25.711,140.01789117498348,4350994563,2026-06-26 02:47:47.670593,26/06/26,2:47:47
25781,0.14,25.781,139.63771769908072,4351020344,2026-06-26 02:48:13.451593,26/06/26,2:48:13
25486,0.14,25.486,141.25402181589894,4351045830,2026-06-26 02:48:38.937593,26/06/26,2:48:38
25508,0.14,25.508,141.1321938215462,4351071338,2026-06-26 02:49:04.445593,26/06/26,2:49:4
25798,0.14,25.798,139.5457012171486,4351097136,2026-06-26 02:49:30.243593,26/06/26,2:49:30
25373,0.14,25.373,141.88310408702165,4351122509,2026-06-26 02:49:55.616593,26/06/26,2:49:55
25512,0.14,25.512,141.11006585136406,4351148021,2026-06-26 02:50:21.128593,26/06/26,2:50:21
25679,0.14,25.679,140.19237509248802,4351173700,2026-06-26 02:50:46.807593,26/06/26,2:50:46
25900,0.14,25.9,138.996138996139,4351199600,2026-06-26 02:51:12.707593,26/06/26,2:51:12
25895,0.14,25.895,139.02297740876617,4351225495,2026-06-26 02:51:38.602593,26/06/26,2:51:38
25766,0.14,25.766,139.71900954746565,4351251261,2026-06-26 02:52:04.368593,26/06/26,2:52:4
25597,0.14,25.597,140.64148142360432,4351276858,2026-06-26 02:52:29.965593,26/06/26,2:52:29
25982,0.14,25.982,138.5574628589023,4351302840,2026-06-26 02:52:55.947593,26/06/26,2:52:55
26059,0.14,26.059,138.14804865881268,4351328899,2026-06-26 02:53:22.006593,26/06/26,2:53:22
25790,0.14,25.79,139.58898797983716,4351354689,2026-06-26 02:53:47.796593,26/06/26,2:53:47
26371,0.14,26.371,136.51359447878352,4351381060,2026-06-26 02:54:14.167593,26/06/26,2:54:14
26648,0.14,26.648,135.09456619633744,4351407708,2026-06-26 02:54:40.815593,26/06/26,2:54:40
26602,0.14,26.602,135.3281708142245,4351434310,2026-06-26 02:55:07.417593,26/06/26,2:55:7
25806,0.14,25.806,139.50244129272264,4351460116,2026-06-26 02:55:33.223593,26/06/26,2:55:33
25985,0.14,25.985,138.5414662305176,4351486101,2026-06-26 02:55:59.208593,26/06/26,2:55:59
25982,0.14,25.982,138.5574628589023,4351512083,2026-06-26 02:56:25.190593,26/06/26,2:56:25
25510,0.14,25.51,141.12112896903176,4351537593,2026-06-26 02:56:50.700593,26/06/26,2:56:50
26109,0.14,26.109,137.88348845225784,4351563702,2026-06-26 02:57:16.809593,26/06/26,2:57:16
26137,0.14,26.137,137.73577686804148,4351589839,2026-06-26 02:57:42.946593,26/06/26,2:57:42
26180,0.14,26.18,137.50954927425516,4351616019,2026-06-26 02:58:09.126593,26/06/26,2:58:9
26284,0.14,26.284,136.96545426875664,4351642303,2026-06-26 02:58:35.410593,26/06/26,2:58:35
26136,0.14,26.136,137.7410468319559,4351668439,2026-06-26 02:59:01.546593,26/06/26,2:59:1
26294,0.14,26.294,136.91336426561193,4351694733,2026-06-26 02:59:27.840593,26/06/26,2:59:27
26078,0.14,26.078,138.0473962727203,4351720811,2026-06-26 02:59:53.918593,26/06/26,2:59:53
26197,0.14,26.197,137.420315303279,4351747008,2026-06-26 03:00:20.115593,26/06/26,3:0:20
25875,0.14,25.875,139.1304347826087,4351772883,2026-06-26 03:00:45.990593,26/06/26,3:0:45
26102,0.14,26.102,137.9204658646847,4351798985,2026-06-26 03:01:12.092593,26/06/26,3:1:12
26117,0.14,26.117,137.8412528238312,4351825102,2026-06-26 03:01:38.209593,26/06/26,3:1:38
25997,0.14,25.997,138.47751663653497,4351851099,2026-06-26 03:02:04.206593,26/06/26,3:2:4
26101,0.14,26.101,137.92574997126547,4351877200,2026-06-26 03:02:30.307593,26/06/26,3:2:30
26090,0.14,26.09,137.9839018781142,4351903290,2026-06-26 03:02:56.397593,26/06/26,3:2:56
26158,0.14,26.158,137.6252007034177,4351929448,2026-06-26 03:03:22.555593,26/06/26,3:3:22
25870,0.14,25.87,139.15732508697332,4351955318,2026-06-26 03:03:48.425593,26/06/26,3:3:48
26257,0.14,26.257,137.10629546406673,4351981575,2026-06-26 03:04:14.682593,26/06/26,3:4:14
26234,0.14,26.234,137.22649996188153,4352007809,2026-06-26 03:04:40.916593,26/06/26,3:4:40
26147,0.14,26.147,137.6830993995487,4352033956,2026-06-26 03:05:07.063593,26/06/26,3:5:7
26246,0.14,26.246,137.16375828697707,4352060202,2026-06-26 03:05:33.309593,26/06/26,3:5:33
19786,0.18,19.786,181.9468310926918,4352079988,2026-06-26 03:05:53.095593,26/06/26,3:5:53
13526,0.27,13.526,266.15407363596034,4352093514,2026-06-26 03:06:06.621593,26/06/26,3:6:6
13880,0.26,13.88,259.3659942363112,4352107394,2026-06-26 03:06:20.501593,26/06/26,3:6:20
13841,0.26,13.841,260.0968138140308,4352121235,2026-06-26 03:06:34.342593,26/06/26,3:6:34
14445,0.25,14.445,249.22118380062307,4352135680,2026-06-26 03:06:48.787593,26/06/26,3:6:48
15894,0.23,15.894,226.50056625141562,4352151574,2026-06-26 03:07:04.681593,26/06/26,3:7:4
15991,0.22,15.991,225.12663373147396,4352167565,2026-06-26 03:07:20.672593,26/06/26,3:7:20
15709,0.23,15.709,229.1679928703291,4352183274,2026-06-26 03:07:36.381593,26/06/26,3:7:36
15989,0.22,15.989,225.15479392082057,4352199263,2026-06-26 03:07:52.370593,26/06/26,3:7:52
16042,0.22,16.042,224.4109213315048,4352215305,2026-06-26 03:08:08.412593,26/06/26,3:8:8
15979,0.22,15.979,225.29570060704674,4352231284,2026-06-26 03:08:24.391593,26/06/26,3:8:24
16259,0.22,16.259,221.41583123193308,4352247543,2026-06-26 03:08:40.650593,26/06/26,3:8:40
16246,0.22,16.246,221.5930075095408,4352263789,2026-06-26 03:08:56.896593,26/06/26,3:8:56
16313,0.22,16.313,220.68289094587138,4352280102,2026-06-26 03:09:13.209593,26/06/26,3:9:13
16428,0.22,16.428,219.1380569758948,4352296530,2026-06-26 03:09:29.637593,26/06/26,3:9:29
16453,0.22,16.453,218.8050811402176,4352312983,2026-06-26 03:09:46.090593,26/06/26,3:9:46
16441,0.22,16.441,218.9647831640411,4352329424,2026-06-26 03:10:02.531593,26/06/26,3:10:2
16597,0.22,16.597,216.9066698800988,4352346021,2026-06-26 03:10:19.128593,26/06/26,3:10:19
16542,0.22,16.542,217.6278563656148,4352362563,2026-06-26 03:10:35.670593,26/06/26,3:10:35
16588,0.22,16.588,217.02435495538944,4352379151,2026-06-26 03:10:52.258593,26/06/26,3:10:52
16692,0.22,16.692,215.67217828900073,4352395843,2026-06-26 03:11:08.950593,26/06/26,3:11:8
16779,0.21,16.779,214.5539066690506,4352412622,2026-06-26 03:11:25.729593,26/06/26,3:11:25
16722,0.22,16.722,215.28525296017222,4352429344,2026-06-26 03:11:42.451593,26/06/26,3:11:42
16723,0.22,16.723,215.27237935777075,4352446067,2026-06-26 03:11:59.174593,26/06/26,3:11:59
16817,0.21,16.817,214.069096747339,4352462884,2026-06-26 03:12:15.991593,26/06/26,3:12:15
16816,0.21,16.816,214.08182683158896,4352479700,2026-06-26 03:12:32.807593,26/06/26,3:12:32
16723,0.22,16.723,215.27237935777075,4352496423,2026-06-26 03:12:49.530593,26/06/26,3:12:49
16634,0.22,16.634,216.42419141517374,4352513057,2026-06-26 03:13:06.164593,26/06/26,3:13:6
16634,0.22,16.634,216.42419141517374,4352529691,2026-06-26 03:13:22.798593,26/06/26,3:13:22
16923,0.21,16.923,212.7282396738167,4352546614,2026-06-26 03:13:39.721593,26/06/26,3:13:39
16943,0.21,16.943,212.47712919789885,4352563557,2026-06-26 03:13:56.664593,26/06/26,3:13:56
17045,0.21,17.045,211.20563215019067,4352580602,2026-06-26 03:14:13.709593,26/06/26,3:14:13
16998,0.21,16.998,211.7896223085069,4352597600,2026-06-26 03:14:30.707593,26/06/26,3:14:30
16996,0.21,16.996,211.8145445987291,4352614596,2026-06-26 03:14:47.703593,26/06/26,3:14:47
19415,0.19,19.415,185.42364151429308,4352634011,2026-06-26 03:15:07.118593,26/06/26,3:15:7
26050,0.14,26.05,138.1957773512476,4352660061,2026-06-26 03:15:33.168593,26/06/26,3:15:33
25958,0.14,25.958,138.68556899607057,4352686019,2026-06-26 03:15:59.126593,26/06/26,3:15:59
26053,0.14,26.053,138.17986412313363,4352712072,2026-06-26 03:16:25.179593,26/06/26,3:16:25
25899,0.14,25.899,139.0015058496467,4352737971,2026-06-26 03:16:51.078593,26/06/26,3:16:51
26122,0.14,26.122,137.81486869305567,4352764093,2026-06-26 03:17:17.200593,26/06/26,3:17:17
26013,0.14,26.013,138.39234229039326,4352790106,2026-06-26 03:17:43.213593,26/06/26,3:17:43
25428,0.14,25.428,141.57621519584708,4352815534,2026-06-26 03:18:08.641593,26/06/26,3:18:8
25915,0.14,25.915,138.9156858961991,4352841449,2026-06-26 03:18:34.556593,26/06/26,3:18:34
26646,0.14,26.646,135.10470614726412,4352868095,2026-06-26 03:19:01.202593,26/06/26,3:19:1
26881,0.13,26.881,133.92358915218927,4352894976,2026-06-26 03:19:28.083593,26/06/26,3:19:28
26732,0.13,26.732,134.67005835702528,4352921708,2026-06-26 03:19:54.815593,26/06/26,3:19:54
26884,0.13,26.884,133.9086445469424,4352948592,2026-06-26 03:20:21.699593,26/06/26,3:20:21
26255,0.14,26.255,137.11673966863455,4352974847,2026-06-26 03:20:47.954593,26/06/26,3:20:47
26322,0.14,26.322,136.7677228174151,4353001169,2026-06-26 03:21:14.276593,26/06/26,3:21:14
26468,0.14,26.468,136.0132990781321,4353027637,2026-06-26 03:21:40.744593,26/06/26,3:21:40
26249,0.14,26.249,137.1480818316888,4353053886,2026-06-26 03:22:06.993593,26/06/26,3:22:6
26310,0.14,26.31,136.83010262257696,4353080196,2026-06-26 03:22:33.303593,26/06/26,3:22:33
26189,0.14,26.189,137.46229332926038,4353106385,2026-06-26 03:22:59.492593,26/06/26,3:22:59
26311,0.14,26.311,136.82490213218807,4353132696,2026-06-26 03:23:25.803593,26/06/26,3:23:25
26212,0.14,26.212,137.34167556844193,4353158908,2026-06-26 03:23:52.015593,26/06/26,3:23:52
26240,0.14,26.24,137.1951219512195,4353185148,2026-06-26 03:24:18.255593,26/06/26,3:24:18
26374,0.14,26.374,136.4980662773944,4353211522,2026-06-26 03:24:44.629593,26/06/26,3:24:44
26291,0.14,26.291,136.9289871058537,4353237813,2026-06-26 03:25:10.920593,26/06/26,3:25:10
26480,0.14,26.48,135.95166163141994,4353264293,2026-06-26 03:25:37.400593,26/06/26,3:25:37
26224,0.14,26.224,137.27882855399633,4353290517,2026-06-26 03:26:03.624593,26/06/26,3:26:3
26514,0.14,26.514,135.77732518669382,4353317031,2026-06-26 03:26:30.138593,26/06/26,3:26:30
26378,0.14,26.378,136.47736750322238,4353343409,2026-06-26 03:26:56.516593,26/06/26,3:26:56
26570,0.14,26.57,135.49115543846443,4353369979,2026-06-26 03:27:23.086593,26/06/26,3:27:23
26316,0.14,26.316,136.79890560875512,4353396295,2026-06-26 03:27:49.402593,26/06/26,3:27:49
26453,0.14,26.453,136.09042452651872,4353422748,2026-06-26 03:28:15.855593,26/06/26,3:28:15
24749,0.14,24.749,145.46042264333911,4353447497,2026-06-26 03:28:40.604593,26/06/26,3:28:40
26742,0.13,26.742,134.6196993493381,4353474239,2026-06-26 03:29:07.346593,26/06/26,3:29:7
26795,0.13,26.795,134.35342414629596,4353501034,2026-06-26 03:29:34.141593,26/06/26,3:29:34
26735,0.13,26.735,134.6549466990836,4353527769,2026-06-26 03:30:00.876593,26/06/26,3:30:0
26847,0.13,26.847,134.09319477036541,4353554616,2026-06-26 03:30:27.723593,26/06/26,3:30:27
26565,0.14,26.565,135.5166572557877,4353581181,2026-06-26 03:30:54.288593,26/06/26,3:30:54
26653,0.14,26.653,135.0692229767756,4353607834,2026-06-26 03:31:20.941593,26/06/26,3:31:20
26798,0.13,26.798,134.33838346145234,4353634632,2026-06-26 03:31:47.739593,26/06/26,3:31:47
26943,0.13,26.943,133.61541031065582,4353661575,2026-06-26 03:32:14.682593,26/06/26,3:32:14
26986,0.13,26.986,133.40250500259393,4353688561,2026-06-26 03:32:41.668593,26/06/26,3:32:41
26878,0.13,26.878,133.93853709353374,4353715439,2026-06-26 03:33:08.546593,26/06/26,3:33:8
26820,0.13,26.82,134.2281879194631,4353742259,2026-06-26 03:33:35.366593,26/06/26,3:33:35
26763,0.13,26.763,134.5140679296043,4353769022,2026-06-26 03:34:02.129593,26/06/26,3:34:2
26839,0.13,26.839,134.13316442490407,4353795861,2026-06-26 03:34:28.968593,26/06/26,3:34:28
26239,0.14,26.239,137.20035062311825,4353822100,2026-06-26 03:34:55.207593,26/06/26,3:34:55
26291,0.14,26.291,136.9289871058537,4353848391,2026-06-26 03:35:21.498593,26/06/26,3:35:21
26129,0.14,26.129,137.77794787400973,4353874520,2026-06-26 03:35:47.627593,26/06/26,3:35:47
26341,0.14,26.341,136.6690710299533,4353900861,2026-06-26 03:36:13.968593,26/06/26,3:36:13
26314,0.14,26.314,136.8093030326062,4353927175,2026-06-26 03:36:40.282593,26/06/26,3:36:40
26107,0.14,26.107,137.89405140383806,4353953282,2026-06-26 03:37:06.389593,26/06/26,3:37:6
26158,0.14,26.158,137.6252007034177,4353979440,2026-06-26 03:37:32.547593,26/06/26,3:37:32
15796,0.23,15.796,227.9057989364396,4353995236,2026-06-26 03:37:48.343593,26/06/26,3:37:48
15906,0.23,15.906,226.32968691059978,4354011142,2026-06-26 03:38:04.249593,26/06/26,3:38:4
15759,0.23,15.759,228.44089091947458,4354026901,2026-06-26 03:38:20.008593,26/06/26,3:38:20
15831,0.23,15.831,227.4019329164298,4354042732,2026-06-26 03:38:35.839593,26/06/26,3:38:35
15798,0.23,15.798,227.87694644891758,4354058530,2026-06-26 03:38:51.637593,26/06/26,3:38:51
15952,0.22,15.952,225.67703109327985,4354074482,2026-06-26 03:39:07.589593,26/06/26,3:39:7
15962,0.22,15.962,225.53564716200978,4354090444,2026-06-26 03:39:23.551593,26/06/26,3:39:23
16096,0.22,16.096,223.65805168986083,4354106540,2026-06-26 03:39:39.647593,26/06/26,3:39:39
15785,0.23,15.785,228.06461830852075,4354122325,2026-06-26 03:39:55.432593,26/06/26,3:39:55
16031,0.22,16.031,224.56490549560226,4354138356,2026-06-26 03:40:11.463593,26/06/26,3:40:11
16128,0.22,16.128,223.21428571428572,4354154484,2026-06-26 03:40:27.591593,26/06/26,3:40:27
15676,0.23,15.676,229.6504210257719,4354170160,2026-06-26 03:40:43.267593,26/06/26,3:40:43
15994,0.22,15.994,225.0844066524947,4354186154,2026-06-26 03:40:59.261593,26/06/26,3:40:59
15965,0.22,15.965,225.49326652051363,4354202119,2026-06-26 03:41:15.226593,26/06/26,3:41:15
16892,0.21,16.892,213.11863604072934,4354219011,2026-06-26 03:41:32.118593,26/06/26,3:41:32
16891,0.21,16.891,213.13125333017584,4354235902,2026-06-26 03:41:49.009593,26/06/26,3:41:49
16942,0.21,16.942,212.48967064101052,4354252844,2026-06-26 03:42:05.951593,26/06/26,3:42:5
16966,0.21,16.966,212.18908405045386,4354269810,2026-06-26 03:42:22.917593,26/06/26,3:42:22
16971,0.21,16.971,212.12656885274882,4354286781,2026-06-26 03:42:39.888593,26/06/26,3:42:39
17000,0.21,17.0,211.76470588235293,4354303781,2026-06-26 03:42:56.888593,26/06/26,3:42:56
17032,0.21,17.032,211.36683889149836,4354320813,2026-06-26 03:43:13.920593,26/06/26,3:43:13
17099,0.21,17.099,210.53862798994092,4354337912,2026-06-26 03:43:31.019593,26/06/26,3:43:31
17030,0.21,17.03,211.39166177334116,4354354942,2026-06-26 03:43:48.049593,26/06/26,3:43:48
17128,0.21,17.128,210.18215787015413,4354372070,2026-06-26 03:44:05.177593,26/06/26,3:44:5
17196,0.21,17.196,209.35101186322402,4354389266,2026-06-26 03:44:22.373593,26/06/26,3:44:22
17202,0.21,17.202,209.27799093128706,4354406468,2026-06-26 03:44:39.575593,26/06/26,3:44:39
17329,0.21,17.329,207.744243753246,4354423797,2026-06-26 03:44:56.904593,26/06/26,3:44:56
17256,0.21,17.256,208.6230876216968,4354441053,2026-06-26 03:45:14.160593,26/06/26,3:45:14
17255,0.21,17.255,208.63517820921473,4354458308,2026-06-26 03:45:31.415593,26/06/26,3:45:31
17243,0.21,17.243,208.7803746447834,4354475551,2026-06-26 03:45:48.658593,26/06/26,3:45:48
17360,0.21,17.36,207.3732718894009,4354492911,2026-06-26 03:46:06.018593,26/06/26,3:46:6
17171,0.21,17.171,209.65581503698095,4354510082,2026-06-26 03:46:23.189593,26/06/26,3:46:23
17143,0.21,17.143,209.99825001458322,4354527225,2026-06-26 03:46:40.332593,26/06/26,3:46:40
26198,0.14,26.198,137.4150698526605,4354553423,2026-06-26 03:47:06.530593,26/06/26,3:47:6
26417,0.14,26.417,136.2758829541583,4354579840,2026-06-26 03:47:32.947593,26/06/26,3:47:32
26246,0.14,26.246,137.16375828697707,4354606086,2026-06-26 03:47:59.193593,26/06/26,3:47:59
26177,0.14,26.177,137.5253084769072,4354632263,2026-06-26 03:48:25.370593,26/06/26,3:48:25
26340,0.14,26.34,136.6742596810934,4354658603,2026-06-26 03:48:51.710593,26/06/26,3:48:51
26447,0.14,26.447,136.12129920217794,4354685050,2026-06-26 03:49:18.157593,26/06/26,3:49:18
26496,0.14,26.496,135.8695652173913,4354711546,2026-06-26 03:49:44.653593,26/06/26,3:49:44
26314,0.14,26.314,136.8093030326062,4354737860,2026-06-26 03:50:10.967593,26/06/26,3:50:10
26287,0.14,26.287,136.94982310647848,4354764147,2026-06-26 03:50:37.254593,26/06/26,3:50:37
26146,0.14,26.146,137.68836533312935,4354790293,2026-06-26 03:51:03.400593,26/06/26,3:51:3
25912,0.14,25.912,138.9317690645261,4354816205,2026-06-26 03:51:29.312593,26/06/26,3:51:29
26840,0.13,26.84,134.12816691505216,4354843045,2026-06-26 03:51:56.152593,26/06/26,3:51:56
27138,0.13,27.138,132.65531726730046,4354870183,2026-06-26 03:52:23.290593,26/06/26,3:52:23
27429,0.13,27.429,131.24794925079294,4354897612,2026-06-26 03:52:50.719593,26/06/26,3:52:50
27434,0.13,27.434,131.22402857767733,4354925046,2026-06-26 03:53:18.153593,26/06/26,3:53:18
27396,0.13,27.396,131.4060446780552,4354952442,2026-06-26 03:53:45.549593,26/06/26,3:53:45
27856,0.13,27.856,129.2360712234348,4354980298,2026-06-26 03:54:13.405593,26/06/26,3:54:13
28262,0.13,28.262,127.37952020380723,4355008560,2026-06-26 03:54:41.667593,26/06/26,3:54:41
28297,0.13,28.297,127.22196699296745,4355036857,2026-06-26 03:55:09.964593,26/06/26,3:55:9
28257,0.13,28.257,127.40205966663127,4355065114,2026-06-26 03:55:38.221593,26/06/26,3:55:38
28106,0.13,28.106,128.08652956664056,4355093220,2026-06-26 03:56:06.327593,26/06/26,3:56:6
28091,0.13,28.091,128.15492506496741,4355121311,2026-06-26 03:56:34.418593,26/06/26,3:56:34
28202,0.13,28.202,127.65052123962839,4355149513,2026-06-26 03:57:02.620593,26/06/26,3:57:2
28198,0.13,28.198,127.66862898077878,4355177711,2026-06-26 03:57:30.818593,26/06/26,3:57:30
27992,0.13,27.992,128.60817376393254,4355205703,2026-06-26 03:57:58.810593,26/06/26,3:57:58
28191,0.13,28.191,127.7003298925189,4355233894,2026-06-26 03:58:27.001593,26/06/26,3:58:27
28322,0.13,28.322,127.10966739637031,4355262216,2026-06-26 03:58:55.323593,26/06/26,3:58:55
28396,0.13,28.396,126.77841949570362,4355290612,2026-06-26 03:59:23.719593,26/06/26,3:59:23
28402,0.13,28.402,126.75163720864728,4355319014,2026-06-26 03:59:52.121593,26/06/26,3:59:52
28404,0.13,28.404,126.74271229404309,4355347418,2026-06-26 04:00:20.525593,26/06/26,4:0:20
28300,0.13,28.3,127.20848056537102,4355375718,2026-06-26 04:00:48.825593,26/06/26,4:0:48
28099,0.13,28.099,128.11843837858999,4355403817,2026-06-26 04:01:16.924593,26/06/26,4:1:16
28179,0.13,28.179,127.75471095496647,4355431996,2026-06-26 04:01:45.103593,26/06/26,4:1:45
28903,0.12,28.903,124.55454451095042,4355460899,2026-06-26 04:02:14.006593,26/06/26,4:2:14
28973,0.12,28.973,124.25361543506023,4355489872,2026-06-26 04:02:42.979593,26/06/26,4:2:42
28989,0.12,28.989,124.18503570319777,4355518861,2026-06-26 04:03:11.968593,26/06/26,4:3:11
29027,0.12,29.027,124.02246184586764,4355547888,2026-06-26 04:03:40.995593,26/06/26,4:3:40
29136,0.12,29.136,123.55848434925865,4355577024,2026-06-26 04:04:10.131593,26/06/26,4:4:10
29097,0.12,29.097,123.72409526755335,4355606121,2026-06-26 04:04:39.228593,26/06/26,4:4:39
29089,0.12,29.089,123.75812162673175,4355635210,2026-06-26 04:05:08.317593,26/06/26,4:5:8
29034,0.12,29.034,123.99256044637322,4355664244,2026-06-26 04:05:37.351593,26/06/26,4:5:37
28836,0.12,28.836,124.84394506866417,4355693080,2026-06-26 04:06:06.187593,26/06/26,4:6:6
28935,0.12,28.935,124.41679626749611,4355722015,2026-06-26 04:06:35.122593,26/06/26,4:6:35
28920,0.12,28.92,124.48132780082987,4355750935,2026-06-26 04:07:04.042593,26/06/26,4:7:4
29057,0.12,29.057,123.89441442681625,4355779992,2026-06-26 04:07:33.099593,26/06/26,4:7:33
29053,0.12,29.053,123.9114721371287,4355809045,2026-06-26 04:08:02.152593,26/06/26,4:8:2
29137,0.12,29.137,123.55424374506642,4355838182,2026-06-26 04:08:31.289593,26/06/26,4:8:31
29058,0.12,29.058,123.89015073301672,4355867240,2026-06-26 04:09:00.347593,26/06/26,4:9:0
29049,0.12,29.049,123.928534545079,4355896289,2026-06-26 04:09:29.396593,26/06/26,4:9:29
21194,0.17,21.194,169.8593941681608,4355917483,2026-06-26 04:09:50.590593,26/06/26,4:9:50
16796,0.21,16.796,214.33674684448678,4355934279,2026-06-26 04:10:07.386593,26/06/26,4:10:7
16929,0.21,16.929,212.6528442317916,4355951208,2026-06-26 04:10:24.315593,26/06/26,4:10:24
16898,0.21,16.898,213.04296366433897,4355968106,2026-06-26 04:10:41.213593,26/06/26,4:10:41
16935,0.21,16.935,212.57750221434898,4355985041,2026-06-26 04:10:58.148593,26/06/26,4:10:58
16957,0.21,16.957,212.30170431090406,4356001998,2026-06-26 04:11:15.105593,26/06/26,4:11:15
17226,0.21,17.226,208.9864158829676,4356019224,2026-06-26 04:11:32.331593,26/06/26,4:11:32
17387,0.21,17.387,207.05124518318283,4356036611,2026-06-26 04:11:49.718593,26/06/26,4:11:49
17392,0.21,17.392,206.99172033118674,4356054003,2026-06-26 04:12:07.110593,26/06/26,4:12:7
17488,0.2,17.488,205.85544373284537,4356071491,2026-06-26 04:12:24.598593,26/06/26,4:12:24
17573,0.2,17.573,204.8597279918056,4356089064,2026-06-26 04:12:42.171593,26/06/26,4:12:42
17461,0.21,17.461,206.1737586621614,4356106525,2026-06-26 04:12:59.632593,26/06/26,4:12:59
17543,0.2,17.543,205.21005529270934,4356124068,2026-06-26 04:13:17.175593,26/06/26,4:13:17
17663,0.2,17.663,203.81588631602784,4356141731,2026-06-26 04:13:34.838593,26/06/26,4:13:34
17736,0.2,17.736,202.97699594046009,4356159467,2026-06-26 04:13:52.574593,26/06/26,4:13:52
17811,0.2,17.811,202.122283981809,4356177278,2026-06-26 04:14:10.385593,26/06/26,4:14:10
17845,0.2,17.845,201.73718128327263,4356195123,2026-06-26 04:14:28.230593,26/06/26,4:14:28
17834,0.2,17.834,201.86161264999438,4356212957,2026-06-26 04:14:46.064593,26/06/26,4:14:46
17880,0.2,17.88,201.34228187919464,4356230837,2026-06-26 04:15:03.944593,26/06/26,4:15:3
17948,0.2,17.948,200.57945174949856,4356248785,2026-06-26 04:15:21.892593,26/06/26,4:15:21
17982,0.2,17.982,200.20020020020021,4356266767,2026-06-26 04:15:39.874593,26/06/26,4:15:39
17912,0.2,17.912,200.9825815096025,4356284679,2026-06-26 04:15:57.786593,26/06/26,4:15:57
18107,0.2,18.107,198.81813663224167,4356302786,2026-06-26 04:16:15.893593,26/06/26,4:16:15
18143,0.2,18.143,198.4236344595712,4356320929,2026-06-26 04:16:34.036593,26/06/26,4:16:34
18208,0.2,18.208,197.7152899824253,4356339137,2026-06-26 04:16:52.244593,26/06/26,4:16:52
18218,0.2,18.218,197.60676254254034,4356357355,2026-06-26 04:17:10.462593,26/06/26,4:17:10
17939,0.2,17.939,200.68008250181168,4356375294,2026-06-26 04:17:28.401593,26/06/26,4:17:28
17762,0.2,17.762,202.67987839207296,4356393056,2026-06-26 04:17:46.163593,26/06/26,4:17:46
17853,0.2,17.853,201.6467820534364,4356410909,2026-06-26 04:18:04.016593,26/06/26,4:18:4
17989,0.2,17.989,200.12229695925288,4356428898,2026-06-26 04:18:22.005593,26/06/26,4:18:22
18068,0.2,18.068,199.24728802302414,4356446966,2026-06-26 04:18:40.073593,26/06/26,4:18:40
26734,0.13,26.734,134.65998354155758,4356473700,2026-06-26 04:19:06.807593,26/06/26,4:19:6
28423,0.13,28.423,126.65798824895332,4356502123,2026-06-26 04:19:35.230593,26/06/26,4:19:35
28384,0.13,28.384,126.83201803833146,4356530507,2026-06-26 04:20:03.614593,26/06/26,4:20:3
28829,0.12,28.829,124.87425855908981,4356559336,2026-06-26 04:20:32.443593,26/06/26,4:20:32
28877,0.12,28.877,124.6666897530907,4356588213,2026-06-26 04:21:01.320593,26/06/26,4:21:1
29055,0.12,29.055,123.902942694889,4356617268,2026-06-26 04:21:30.375593,26/06/26,4:21:30
29042,0.12,29.042,123.95840506852146,4356646310,2026-06-26 04:21:59.417593,26/06/26,4:21:59
29563,0.12,29.563,121.77383892027196,4356675873,2026-06-26 04:22:28.980593,26/06/26,4:22:28
29277,0.12,29.277,122.96341838303105,4356705150,2026-06-26 04:22:58.257593,26/06/26,4:22:58
29044,0.12,29.044,123.94986916402699,4356734194,2026-06-26 04:23:27.301593,26/06/26,4:23:27
29090,0.12,29.09,123.75386730835339,4356763284,2026-06-26 04:23:56.391593,26/06/26,4:23:56
29195,0.12,29.195,123.30878575098475,4356792479,2026-06-26 04:24:25.586593,26/06/26,4:24:25
29482,0.12,29.482,122.10840512855302,4356821961,2026-06-26 04:24:55.068593,26/06/26,4:24:55
29212,0.12,29.212,123.23702587977543,4356851173,2026-06-26 04:25:24.280593,26/06/26,4:25:24
29198,0.12,29.198,123.29611617234058,4356880371,2026-06-26 04:25:53.478593,26/06/26,4:25:53
29579,0.12,29.579,121.70796849115926,4356909950,2026-06-26 04:26:23.057593,26/06/26,4:26:23
29652,0.12,29.652,121.40833670578714,4356939602,2026-06-26 04:26:52.709593,26/06/26,4:26:52
29318,0.12,29.318,122.79145917183982,4356968920,2026-06-26 04:27:22.027593,26/06/26,4:27:22
29254,0.12,29.254,123.06009434607233,4356998174,2026-06-26 04:27:51.281593,26/06/26,4:27:51
29229,0.12,29.229,123.16534948167916,4357027403,2026-06-26 04:28:20.510593,26/06/26,4:28:20
29225,0.12,29.225,123.18220701454234,4357056628,2026-06-26 04:28:49.735593,26/06/26,4:28:49
29191,0.12,29.191,123.32568257339591,4357085819,2026-06-26 04:29:18.926593,26/06/26,4:29:18
29237,0.12,29.237,123.13164825392482,4357115056,2026-06-26 04:29:48.163593,26/06/26,4:29:48
29115,0.12,29.115,123.64760432766616,4357144171,2026-06-26 04:30:17.278593,26/06/26,4:30:17
29273,0.12,29.273,122.98022068117378,4357173444,2026-06-26 04:30:46.551593,26/06/26,4:30:46
29188,0.12,29.188,123.33835822940935,4357202632,2026-06-26 04:31:15.739593,26/06/26,4:31:15
29096,0.12,29.096,123.72834753918065,4357231728,2026-06-26 04:31:44.835593,26/06/26,4:31:44
29217,0.12,29.217,123.21593592771332,4357260945,2026-06-26 04:32:14.052593,26/06/26,4:32:14
29186,0.12,29.186,123.34681011443843,4357290131,2026-06-26 04:32:43.238593,26/06/26,4:32:43
29318,0.12,29.318,122.79145917183982,4357319449,2026-06-26 04:33:12.556593,26/06/26,4:33:12
29221,0.12,29.221,123.19906916258854,4357348670,2026-06-26 04:33:41.777593,26/06/26,4:33:41
29345,0.12,29.345,122.67848014994037,4357378015,2026-06-26 04:34:11.122593,26/06/26,4:34:11
29199,0.12,29.199,123.29189355799856,4357407214,2026-06-26 04:34:40.321593,26/06/26,4:34:40
29258,0.12,29.258,123.04327021669287,4357436472,2026-06-26 04:35:09.579593,26/06/26,4:35:9
28989,0.12,28.989,124.18503570319777,4357465461,2026-06-26 04:35:38.568593,26/06/26,4:35:38
28762,0.12,28.762,125.1651484597733,4357494223,2026-06-26 04:36:07.330593,26/06/26,4:36:7
29042,0.12,29.042,123.95840506852146,4357523265,2026-06-26 04:36:36.372593,26/06/26,4:36:36
28773,0.12,28.773,125.11729746637472,4357552038,2026-06-26 04:37:05.145593,26/06/26,4:37:5
28647,0.12,28.647,125.66760917373547,4357580685,2026-06-26 04:37:33.792593,26/06/26,4:37:33
28516,0.13,28.516,126.2449151353626,4357609201,2026-06-26 04:38:02.308593,26/06/26,4:38:2
28149,0.13,28.149,127.89086646062027,4357637350,2026-06-26 04:38:30.457593,26/06/26,4:38:30
28192,0.13,28.192,127.69580022701476,4357665542,2026-06-26 04:38:58.649593,26/06/26,4:38:58
28550,0.13,28.55,126.09457092819615,4357694092,2026-06-26 04:39:27.199593,26/06/26,4:39:27
28618,0.12,28.618,125.79495422461387,4357722710,2026-06-26 04:39:55.817593,26/06/26,4:39:55
28546,0.13,28.546,126.11223989350522,4357751256,2026-06-26 04:40:24.363593,26/06/26,4:40:24
28445,0.13,28.445,126.5600281244507,4357779701,2026-06-26 04:40:52.808593,26/06/26,4:40:52
28255,0.13,28.255,127.41107768536543,4357807956,2026-06-26 04:41:21.063593,26/06/26,4:41:21
28490,0.13,28.49,126.36012636012636,4357836446,2026-06-26 04:41:49.553593,26/06/26,4:41:49
16153,0.22,16.153,222.86881693803008,4357852599,2026-06-26 04:42:05.706593,26/06/26,4:42:5
16896,0.21,16.896,213.0681818181818,4357869495,2026-06-26 04:42:22.602593,26/06/26,4:42:22
16712,0.22,16.712,215.414073719483,4357886207,2026-06-26 04:42:39.314593,26/06/26,4:42:39
16690,0.22,16.69,215.69802276812462,4357902897,2026-06-26 04:42:56.004593,26/06/26,4:42:56
16810,0.21,16.81,214.15823914336704,4357919707,2026-06-26 04:43:12.814593,26/06/26,4:43:12
16926,0.21,16.926,212.69053527118044,4357936633,2026-06-26 04:43:29.740593,26/06/26,4:43:29
16612,0.22,16.612,216.71081146159403,4357953245,2026-06-26 04:43:46.352593,26/06/26,4:43:46
16382,0.22,16.382,219.75338786472958,4357969627,2026-06-26 04:44:02.734593,26/06/26,4:44:2
16369,0.22,16.369,219.9279125175637,4357985996,2026-06-26 04:44:19.103593,26/06/26,4:44:19
16633,0.22,16.633,216.43720315036373,4358002629,2026-06-26 04:44:35.736593,26/06/26,4:44:35
17093,0.21,17.093,210.61253144562102,4358019722,2026-06-26 04:44:52.829593,26/06/26,4:44:52
17175,0.21,17.175,209.6069868995633,4358036897,2026-06-26 04:45:10.004593,26/06/26,4:45:10
17190,0.21,17.19,209.4240837696335,4358054087,2026-06-26 04:45:27.194593,26/06/26,4:45:27
17235,0.21,17.235,208.87728459530027,4358071322,2026-06-26 04:45:44.429593,26/06/26,4:45:44
17416,0.21,17.416,206.70647680293982,4358088738,2026-06-26 04:46:01.845593,26/06/26,4:46:1
17395,0.21,17.395,206.95602184535787,4358106133,2026-06-26 04:46:19.240593,26/06/26,4:46:19
17242,0.21,17.242,208.79248347059504,4358123375,2026-06-26 04:46:36.482593,26/06/26,4:46:36
17299,0.21,17.299,208.10451471183305,4358140674,2026-06-26 04:46:53.781593,26/06/26,4:46:53
17314,0.21,17.314,207.92422317199953,4358157988,2026-06-26 04:47:11.095593,26/06/26,4:47:11
17407,0.21,17.407,206.81335095076693,4358175395,2026-06-26 04:47:28.502593,26/06/26,4:47:28
17400,0.21,17.4,206.89655172413794,4358192795,2026-06-26 04:47:45.902593,26/06/26,4:47:45
17535,0.2,17.535,205.30367835757056,4358210330,2026-06-26 04:48:03.437593,26/06/26,4:48:3
17444,0.21,17.444,206.37468470534282,4358227774,2026-06-26 04:48:20.881593,26/06/26,4:48:20
17778,0.2,17.778,202.49746878164024,4358245552,2026-06-26 04:48:38.659593,26/06/26,4:48:38
17850,0.2,17.85,201.68067226890756,4358263402,2026-06-26 04:48:56.509593,26/06/26,4:48:56
17812,0.2,17.812,202.11093644733887,4358281214,2026-06-26 04:49:14.321593,26/06/26,4:49:14
17908,0.2,17.908,201.0274737547465,4358299122,2026-06-26 04:49:32.229593,26/06/26,4:49:32
17917,0.2,17.917,200.92649439080202,4358317039,2026-06-26 04:49:50.146593,26/06/26,4:49:50
17909,0.2,17.909,201.01624881344574,4358334948,2026-06-26 04:50:08.055593,26/06/26,4:50:8
17963,0.2,17.963,200.41195791348883,4358352911,2026-06-26 04:50:26.018593,26/06/26,4:50:26
17925,0.2,17.925,200.836820083682,4358370836,2026-06-26 04:50:43.943593,26/06/26,4:50:43
24812,0.14,24.812,145.09108495889086,4358395648,2026-06-26 04:51:08.755593,26/06/26,4:51:8
28480,0.13,28.48,126.40449438202248,4358424128,2026-06-26 04:51:37.235593,26/06/26,4:51:37
28375,0.13,28.375,126.87224669603525,4358452503,2026-06-26 04:52:05.610593,26/06/26,4:52:5
28479,0.13,28.479,126.40893289792479,4358480982,2026-06-26 04:52:34.089593,26/06/26,4:52:34
29064,0.12,29.064,123.86457473162676,4358510046,2026-06-26 04:53:03.153593,26/06/26,4:53:3
29643,0.12,29.643,121.44519785446818,4358539689,2026-06-26 04:53:32.796593,26/06/26,4:53:32
29567,0.12,29.567,121.75736462948558,4358569256,2026-06-26 04:54:02.363593,26/06/26,4:54:2
32498,0.11,32.498,110.77604775678503,4358601754,2026-06-26 04:54:34.861593,26/06/26,4:54:34
36487,0.1,36.487,98.66527804423494,4358638241,2026-06-26 04:55:11.348593,26/06/26,4:55:11
36944,0.1,36.944,97.444781290602,4358675185,2026-06-26 04:55:48.292593,26/06/26,4:55:48
36992,0.1,36.992,97.31833910034602,4358712177,2026-06-26 04:56:25.284593,26/06/26,4:56:25
37007,0.1,37.007,97.27889318237091,4358749184,2026-06-26 04:57:02.291593,26/06/26,4:57:2
36968,0.1,36.968,97.38151915169877,4358786152,2026-06-26 04:57:39.259593,26/06/26,4:57:39
36906,0.1,36.906,97.54511461550968,4358823058,2026-06-26 04:58:16.165593,26/06/26,4:58:16
37098,0.1,37.098,97.0402717127608,4358860156,2026-06-26 04:58:53.263593,26/06/26,4:58:53
37045,0.1,37.045,97.1791064921042,4358897201,2026-06-26 04:59:30.308593,26/06/26,4:59:30
37014,0.1,37.014,97.26049602852974,4358934215,2026-06-26 05:00:07.322593,26/06/26,5:0:7
36988,0.1,36.988,97.32886341516168,4358971203,2026-06-26 05:00:44.310593,26/06/26,5:0:44
37028,0.1,37.028,97.22372258831155,4359008231,2026-06-26 05:01:21.338593,26/06/26,5:1:21
37024,0.1,37.024,97.23422644770959,4359045255,2026-06-26 05:01:58.362593,26/06/26,5:1:58
36801,0.1,36.801,97.82342871117633,4359082056,2026-06-26 05:02:35.163593,26/06/26,5:2:35
36872,0.1,36.872,97.63506183553916,4359118928,2026-06-26 05:03:12.035593,26/06/26,5:3:12
36841,0.1,36.841,97.71721723080263,4359155769,2026-06-26 05:03:48.876593,26/06/26,5:3:48
36480,0.1,36.48,98.6842105263158,4359192249,2026-06-26 05:04:25.356593,26/06/26,5:4:25
36294,0.1,36.294,99.18994875185982,4359228543,2026-06-26 05:05:01.650593,26/06/26,5:5:1
36624,0.1,36.624,98.2961992136304,4359265167,2026-06-26 05:05:38.274593,26/06/26,5:5:38
37444,0.1,37.444,96.14357440444397,4359302611,2026-06-26 05:06:15.718593,26/06/26,5:6:15
38316,0.09,38.316,93.95552771688068,4359340927,2026-06-26 05:06:54.034593,26/06/26,5:6:54
38361,0.09,38.361,93.84531164463908,4359379288,2026-06-26 05:07:32.395593,26/06/26,5:7:32
38435,0.09,38.435,93.66462859372967,4359417723,2026-06-26 05:08:10.830593,26/06/26,5:8:10
38331,0.09,38.331,93.91876027236441,4359456054,2026-06-26 05:08:49.161593,26/06/26,5:8:49
37520,0.09,37.52,95.94882729211088,4359493574,2026-06-26 05:09:26.681593,26/06/26,5:9:26
36360,0.1,36.36,99.00990099009901,4359529934,2026-06-26 05:10:03.041593,26/06/26,5:10:3
36414,0.1,36.414,98.86307464162135,4359566348,2026-06-26 05:10:39.455593,26/06/26,5:10:39
36054,0.1,36.054,99.85022466300549,4359602402,2026-06-26 05:11:15.509593,26/06/26,5:11:15
37702,0.09,37.702,95.48565062861387,4359640104,2026-06-26 05:11:53.211593,26/06/26,5:11:53
38292,0.09,38.292,94.01441554371671,4359678396,2026-06-26 05:12:31.503593,26/06/26,5:12:31
38242,0.09,38.242,94.13733591339366,4359716638,2026-06-26 05:13:09.745593,26/06/26,5:13:9
38351,0.09,38.351,93.86978175275742,4359754989,2026-06-26 05:13:48.096593,26/06/26,5:13:48
28964,0.12,28.964,124.29222483082447,4359783953,2026-06-26 05:14:17.060593,26/06/26,5:14:17
20012,0.18,20.012,179.8920647611433,4359803965,2026-06-26 05:14:37.072593,26/06/26,5:14:37
19231,0.19,19.231,187.19775362695648,4359823196,2026-06-26 05:14:56.303593,26/06/26,5:14:56
19135,0.19,19.135,188.13692187091718,4359842331,2026-06-26 05:15:15.438593,26/06/26,5:15:15
19259,0.19,19.259,186.92559322913962,4359861590,2026-06-26 05:15:34.697593,26/06/26,5:15:34
19476,0.18,19.476,184.84288354898337,4359881066,2026-06-26 05:15:54.173593,26/06/26,5:15:54
19592,0.18,19.592,183.7484687627603,4359900658,2026-06-26 05:16:13.765593,26/06/26,5:16:13
19712,0.18,19.712,182.62987012987014,4359920370,2026-06-26 05:16:33.477593,26/06/26,5:16:33
19853,0.18,19.853,181.33279605097465,4359940223,2026-06-26 05:16:53.330593,26/06/26,5:16:53
19975,0.18,19.975,180.2252816020025,4359960198,2026-06-26 05:17:13.305593,26/06/26,5:17:13
20001,0.18,20.001,179.9910004499775,4359980199,2026-06-26 05:17:33.306593,26/06/26,5:17:33
20165,0.18,20.165,178.52715100421523,4360000364,2026-06-26 05:17:53.471593,26/06/26,5:17:53
20143,0.18,20.143,178.72213672243458,4360020507,2026-06-26 05:18:13.614593,26/06/26,5:18:13
20476,0.17,20.476,175.8155889822231,4360040983,2026-06-26 05:18:34.090593,26/06/26,5:18:34
20490,0.17,20.49,175.69546120058564,4360061473,2026-06-26 05:18:54.580593,26/06/26,5:18:54
20485,0.17,20.485,175.73834513058335,4360081958,2026-06-26 05:19:15.065593,26/06/26,5:19:15
20554,0.17,20.554,175.1483896078622,4360102512,2026-06-26 05:19:35.619593,26/06/26,5:19:35
20584,0.17,20.584,174.89312087057908,4360123096,2026-06-26 05:19:56.203593,26/06/26,5:19:56
20696,0.17,20.696,173.94665635871667,4360143792,2026-06-26 05:20:16.899593,26/06/26,5:20:16
20706,0.17,20.706,173.86264850767893,4360164498,2026-06-26 05:20:37.605593,26/06/26,5:20:37
20835,0.17,20.835,172.78617710583154,4360185333,2026-06-26 05:20:58.440593,26/06/26,5:20:58
20751,0.17,20.751,173.48561515107707,4360206084,2026-06-26 05:21:19.191593,26/06/26,5:21:19
20778,0.17,20.778,173.26017903551835,4360226862,2026-06-26 05:21:39.969593,26/06/26,5:21:39
20625,0.17,20.625,174.54545454545453,4360247487,2026-06-26 05:22:00.594593,26/06/26,5:22:0
20879,0.17,20.879,172.422050864505,4360268366,2026-06-26 05:22:21.473593,26/06/26,5:22:21
20824,0.17,20.824,172.87744909719555,4360289190,2026-06-26 05:22:42.297593,26/06/26,5:22:42
21004,0.17,21.004,171.39592458579318,4360310194,2026-06-26 05:23:03.301593,26/06/26,5:23:3
34259,0.1,34.259,105.08187629528007,4360344453,2026-06-26 05:23:37.560593,26/06/26,5:23:37
36826,0.1,36.826,97.75701949709445,4360381279,2026-06-26 05:24:14.386593,26/06/26,5:24:14
36660,0.1,36.66,98.19967266775778,4360417939,2026-06-26 05:24:51.046593,26/06/26,5:24:51
36685,0.1,36.685,98.13275180591522,4360454624,2026-06-26 05:25:27.731593,26/06/26,5:25:27
36970,0.1,36.97,97.37625101433595,4360491594,2026-06-26 05:26:04.701593,26/06/26,5:26:4
36667,0.1,36.667,98.18092562794884,4360528261,2026-06-26 05:26:41.368593,26/06/26,5:26:41
36909,0.1,36.909,97.53718605218239,4360565170,2026-06-26 05:27:18.277593,26/06/26,5:27:18
36413,0.1,36.413,98.86578969049515,4360601583,2026-06-26 05:27:54.690593,26/06/26,5:27:54
36440,0.1,36.44,98.79253567508233,4360638023,2026-06-26 05:28:31.130593,26/06/26,5:28:31
35855,0.1,35.855,100.40440663784689,4360673878,2026-06-26 05:29:06.985593,26/06/26,5:29:6
36470,0.1,36.47,98.71126953660543,4360710348,2026-06-26 05:29:43.455593,26/06/26,5:29:43
36523,0.1,36.523,98.56802562768667,4360746871,2026-06-26 05:30:19.978593,26/06/26,5:30:19
36277,0.1,36.277,99.23643079637236,4360783148,2026-06-26 05:30:56.255593,26/06/26,5:30:56
36870,0.1,36.87,97.64035801464605,4360820018,2026-06-26 05:31:33.125593,26/06/26,5:31:33
36683,0.1,36.683,98.13810211814737,4360856701,2026-06-26 05:32:09.808593,26/06/26,5:32:9
36245,0.1,36.245,99.3240446958201,4360892946,2026-06-26 05:32:46.053593,26/06/26,5:32:46
36469,0.1,36.469,98.7139762538046,4360929415,2026-06-26 05:33:22.522593,26/06/26,5:33:22
36437,0.1,36.437,98.80066964898317,4360965852,2026-06-26 05:33:58.959593,26/06/26,5:33:58
36641,0.1,36.641,98.25059359733632,4361002493,2026-06-26 05:34:35.600593,26/06/26,5:34:35
36005,0.1,36.005,99.98611303985558,4361038498,2026-06-26 05:35:11.605593,26/06/26,5:35:11
36367,0.1,36.367,98.9908433469904,4361074865,2026-06-26 05:35:47.972593,26/06/26,5:35:47
36554,0.1,36.554,98.48443398807244,4361111419,2026-06-26 05:36:24.526593,26/06/26,5:36:24
36683,0.1,36.683,98.13810211814737,4361148102,2026-06-26 05:37:01.209593,26/06/26,5:37:1
37943,0.09,37.943,94.87916084653295,4361186045,2026-06-26 05:37:39.152593,26/06/26,5:37:39
37997,0.09,37.997,94.74432192015159,4361224042,2026-06-26 05:38:17.149593,26/06/26,5:38:17
37539,0.09,37.539,95.90026372572524,4361261581,2026-06-26 05:38:54.688593,26/06/26,5:38:54
35871,0.1,35.871,100.35962197875722,4361297452,2026-06-26 05:39:30.559593,26/06/26,5:39:30
35911,0.1,35.911,100.24783492523183,4361333363,2026-06-26 05:40:06.470593,26/06/26,5:40:6
35841,0.1,35.841,100.44362601489914,4361369204,2026-06-26 05:40:42.311593,26/06/26,5:40:42
35810,0.1,35.81,100.53057805082379,4361405014,2026-06-26 05:41:18.121593,26/06/26,5:41:18
37523,0.09,37.523,95.94115609093089,4361442537,2026-06-26 05:41:55.644593,26/06/26,5:41:55
38465,0.09,38.465,93.59157675809178,4361481002,2026-06-26 05:42:34.109593,26/06/26,5:42:34
38581,0.09,38.581,93.31017858531402,4361519583,2026-06-26 05:43:12.690593,26/06/26,5:43:12
37543,0.09,37.543,95.89004608049437,4361557126,2026-06-26 05:43:50.233593,26/06/26,5:43:50
37292,0.1,37.292,96.53544996245843,4361594418,2026-06-26 05:44:27.525593,26/06/26,5:44:27
37745,0.09,37.745,95.37687110875612,4361632163,2026-06-26 05:45:05.270593,26/06/26,5:45:5
37147,0.1,37.147,96.91226747785824,4361669310,2026-06-26 05:45:42.417593,26/06/26,5:45:42
37776,0.09,37.776,95.29860228716646,4361707086,2026-06-26 05:46:20.193593,26/06/26,5:46:20
27228,0.13,27.228,132.21683561040106,4361734314,2026-06-26 05:46:47.421593,26/06/26,5:46:47
19564,0.18,19.564,184.01144960130853,4361753878,2026-06-26 05:47:06.985593,26/06/26,5:47:6
19411,0.19,19.411,185.4618515274844,4361773289,2026-06-26 05:47:26.396593,26/06/26,5:47:26
19360,0.19,19.36,185.9504132231405,4361792649,2026-06-26 05:47:45.756593,26/06/26,5:47:45
19443,0.19,19.443,185.1566116340071,4361812092,2026-06-26 05:48:05.199593,26/06/26,5:48:5
19655,0.18,19.655,183.15950139913508,4361831747,2026-06-26 05:48:24.854593,26/06/26,5:48:24
19799,0.18,19.799,181.82736501843527,4361851546,2026-06-26 05:48:44.653593,26/06/26,5:48:44
19950,0.18,19.95,180.45112781954887,4361871496,2026-06-26 05:49:04.603593,26/06/26,5:49:4
20053,0.18,20.053,179.52426070912082,4361891549,2026-06-26 05:49:24.656593,26/06/26,5:49:24
20195,0.18,20.195,178.26194602624412,4361911744,2026-06-26 05:49:44.851593,26/06/26,5:49:44
20239,0.18,20.239,177.87440090913583,4361931983,2026-06-26 05:50:05.090593,26/06/26,5:50:5
20179,0.18,20.179,178.40329054958124,4361952162,2026-06-26 05:50:25.269593,26/06/26,5:50:25
20206,0.18,20.206,178.16490151440166,4361972368,2026-06-26 05:50:45.475593,26/06/26,5:50:45
20393,0.18,20.393,176.53116265385182,4361992761,2026-06-26 05:51:05.868593,26/06/26,5:51:5
20551,0.17,20.551,175.17395747165588,4362013312,2026-06-26 05:51:26.419593,26/06/26,5:51:26
20613,0.17,20.613,174.64706738466018,4362033925,2026-06-26 05:51:47.032593,26/06/26,5:51:47
20611,0.17,20.611,174.6640143612634,4362054536,2026-06-26 05:52:07.643593,26/06/26,5:52:7
20676,0.17,20.676,174.11491584445733,4362075212,2026-06-26 05:52:28.319593,26/06/26,5:52:28
20796,0.17,20.796,173.11021350259665,4362096008,2026-06-26 05:52:49.115593,26/06/26,5:52:49
20765,0.17,20.765,173.36864916927522,4362116773,2026-06-26 05:53:09.880593,26/06/26,5:53:9
20868,0.17,20.868,172.51293847038528,4362137641,2026-06-26 05:53:30.748593,26/06/26,5:53:30
20895,0.17,20.895,172.29002153625268,4362158536,2026-06-26 05:53:51.643593,26/06/26,5:53:51
20956,0.17,20.956,171.78850925749188,4362179492,2026-06-26 05:54:12.599593,26/06/26,5:54:12
20982,0.17,20.982,171.57563625965113,4362200474,2026-06-26 05:54:33.581593,26/06/26,5:54:33
21162,0.17,21.162,170.1162461015027,4362221636,2026-06-26 05:54:54.743593,26/06/26,5:54:54
21480,0.17,21.48,167.5977653631285,4362243116,2026-06-26 05:55:16.223593,26/06/26,5:55:16
28449,0.13,28.449,126.54223347042075,4362271565,2026-06-26 05:55:44.672593,26/06/26,5:55:44
38666,0.09,38.666,93.10505353540579,4362310231,2026-06-26 05:56:23.338593,26/06/26,5:56:23
38703,0.09,38.703,93.01604526780869,4362348934,2026-06-26 05:57:02.041593,26/06/26,5:57:2
38715,0.09,38.715,92.98721425803951,4362387649,2026-06-26 05:57:40.756593,26/06/26,5:57:40
38693,0.09,38.693,93.04008476985501,4362426342,2026-06-26 05:58:19.449593,26/06/26,5:58:19
38757,0.09,38.757,92.88644631937457,4362465099,2026-06-26 05:58:58.206593,26/06/26,5:58:58
38708,0.09,38.708,93.0040301746409,4362503807,2026-06-26 05:59:36.914593,26/06/26,5:59:36
38796,0.09,38.796,92.79307145066501,4362542603,2026-06-26 06:00:15.710593,26/06/26,6:0:15
38679,0.09,38.679,93.07376095555728,4362581282,2026-06-26 06:00:54.389593,26/06/26,6:0:54
38750,0.09,38.75,92.90322580645162,4362620032,2026-06-26 06:01:33.139593,26/06/26,6:1:33
38110,0.09,38.11,94.46339543426922,4362658142,2026-06-26 06:02:11.249593,26/06/26,6:2:11
37357,0.1,37.357,96.3674813288005,4362695499,2026-06-26 06:02:48.606593,26/06/26,6:2:48
37422,0.1,37.422,96.2000962000962,4362732921,2026-06-26 06:03:26.028593,26/06/26,6:3:26
37539,0.09,37.539,95.90026372572524,4362770460,2026-06-26 06:04:03.567593,26/06/26,6:4:3
37448,0.1,37.448,96.13330484939115,4362807908,2026-06-26 06:04:41.015593,26/06/26,6:4:41
37490,0.1,37.49,96.0256068284876,4362845398,2026-06-26 06:05:18.505593,26/06/26,6:5:18
37491,0.1,37.491,96.02304553092742,4362882889,2026-06-26 06:05:55.996593,26/06/26,6:5:55
37390,0.1,37.39,96.28242845680663,4362920279,2026-06-26 06:06:33.386593,26/06/26,6:6:33
37507,0.09,37.507,95.98208334444237,4362957786,2026-06-26 06:07:10.893593,26/06/26,6:7:10
37602,0.09,37.602,95.73958831977022,4362995388,2026-06-26 06:07:48.495593,26/06/26,6:7:48
37751,0.09,37.751,95.36171227252258,4363033139,2026-06-26 06:08:26.246593,26/06/26,6:8:26
37768,0.09,37.768,95.31878839228978,4363070907,2026-06-26 06:09:04.014593,26/06/26,6:9:4
37850,0.09,37.85,95.112285336856,4363108757,2026-06-26 06:09:41.864593,26/06/26,6:9:41
38047,0.09,38.047,94.6198123373722,4363146804,2026-06-26 06:10:19.911593,26/06/26,6:10:19
37996,0.09,37.996,94.74681545425834,4363184800,2026-06-26 06:10:57.907593,26/06/26,6:10:57
37928,0.09,37.928,94.91668424383042,4363222728,2026-06-26 06:11:35.835593,26/06/26,6:11:35
37883,0.09,37.883,95.02943272708075,4363260611,2026-06-26 06:12:13.718593,26/06/26,6:12:13
37972,0.09,37.972,94.80669967344359,4363298583,2026-06-26 06:12:51.690593,26/06/26,6:12:51
37941,0.09,37.941,94.88416225191745,4363336524,2026-06-26 06:13:29.631593,26/06/26,6:13:29
38671,0.09,38.671,93.09301543792506,4363375195,2026-06-26 06:14:08.302593,26/06/26,6:14:8
39265,0.09,39.265,91.68470648159939,4363414460,2026-06-26 06:14:47.567593,26/06/26,6:14:47
38066,0.09,38.066,94.57258445857195,4363452526,2026-06-26 06:15:25.633593,26/06/26,6:15:25
37868,0.09,37.868,95.06707510298934,4363490394,2026-06-26 06:16:03.501593,26/06/26,6:16:3
37953,0.09,37.953,94.85416172634574,4363528347,2026-06-26 06:16:41.454593,26/06/26,6:16:41
37022,0.1,37.022,97.2394792285668,4363565369,2026-06-26 06:17:18.476593,26/06/26,6:17:18
37040,0.1,37.04,97.19222462203024,4363602409,2026-06-26 06:17:55.516593,26/06/26,6:17:55
36956,0.1,36.956,97.41313995021106,4363639365,2026-06-26 06:18:32.472593,26/06/26,6:18:32
37103,0.1,37.103,97.0271945664771,4363676468,2026-06-26 06:19:09.575593,26/06/26,6:19:9
27852,0.13,27.852,129.25463162429986,4363704320,2026-06-26 06:19:37.427593,26/06/26,6:19:37
19662,0.18,19.662,183.094293561184,4363723982,2026-06-26 06:19:57.089593,26/06/26,6:19:57
19475,0.18,19.475,184.85237483953787,4363743457,2026-06-26 06:20:16.564593,26/06/26,6:20:16
19408,0.19,19.408,185.49051937345425,4363762865,2026-06-26 06:20:35.972593,26/06/26,6:20:35
19513,0.18,19.513,184.49238968892533,4363782378,2026-06-26 06:20:55.485593,26/06/26,6:20:55
19711,0.18,19.711,182.63913550809193,4363802089,2026-06-26 06:21:15.196593,26/06/26,6:21:15
19872,0.18,19.872,181.15942028985506,4363821961,2026-06-26 06:21:35.068593,26/06/26,6:21:35
20062,0.18,20.062,179.443724454192,4363842023,2026-06-26 06:21:55.130593,26/06/26,6:21:55
20037,0.18,20.037,179.66761491241203,4363862060,2026-06-26 06:22:15.167593,26/06/26,6:22:15
20137,0.18,20.137,178.77538858817104,4363882197,2026-06-26 06:22:35.304593,26/06/26,6:22:35
20285,0.18,20.285,177.47103771259552,4363902482,2026-06-26 06:22:55.589593,26/06/26,6:22:55
20387,0.18,20.387,176.5831166920096,4363922869,2026-06-26 06:23:15.976593,26/06/26,6:23:15
20516,0.17,20.516,175.47280171573405,4363943385,2026-06-26 06:23:36.492593,26/06/26,6:23:36
20514,0.17,20.514,175.48990933021352,4363963899,2026-06-26 06:23:57.006593,26/06/26,6:23:57
20685,0.17,20.685,174.0391588107324,4363984584,2026-06-26 06:24:17.691593,26/06/26,6:24:17
20731,0.17,20.731,173.65298345472962,4364005315,2026-06-26 06:24:38.422593,26/06/26,6:24:38
20737,0.17,20.737,173.60273906543858,4364026052,2026-06-26 06:24:59.159593,26/06/26,6:24:59
20768,0.17,20.768,173.34360554699538,4364046820,2026-06-26 06:25:19.927593,26/06/26,6:25:19
20834,0.17,20.834,172.79447057694154,4364067654,2026-06-26 06:25:40.761593,26/06/26,6:25:40
20900,0.17,20.9,172.2488038277512,4364088554,2026-06-26 06:26:01.661593,26/06/26,6:26:1
20954,0.17,20.954,171.80490598453756,4364109508,2026-06-26 06:26:22.615593,26/06/26,6:26:22
20947,0.17,20.947,171.86231918651836,4364130455,2026-06-26 06:26:43.562593,26/06/26,6:26:43
21434,0.17,21.434,167.95745077913594,4364151889,2026-06-26 06:27:04.996593,26/06/26,6:27:4
21463,0.17,21.463,167.73051297581884,4364173352,2026-06-26 06:27:26.459593,26/06/26,6:27:26
21478,0.17,21.478,167.61337182232984,4364194830,2026-06-26 06:27:47.937593,26/06/26,6:27:47
21492,0.17,21.492,167.50418760469012,4364216322,2026-06-26 06:28:09.429593,26/06/26,6:28:9
26833,0.13,26.833,134.16315730630194,4364243155,2026-06-26 06:28:36.262593,26/06/26,6:28:36
38299,0.09,38.299,93.9972323037155,4364281454,2026-06-26 06:29:14.561593,26/06/26,6:29:14
38311,0.09,38.311,93.96778992978518,4364319765,2026-06-26 06:29:52.872593,26/06/26,6:29:52
38181,0.09,38.181,94.28773473717294,4364357946,2026-06-26 06:30:31.053593,26/06/26,6:30:31
38239,0.09,38.239,94.14472135777609,4364396185,2026-06-26 06:31:09.292593,26/06/26,6:31:9
38340,0.09,38.34,93.89671361502347,4364434525,2026-06-26 06:31:47.632593,26/06/26,6:31:47
38338,0.09,38.338,93.90161197767229,4364472863,2026-06-26 06:32:25.970593,26/06/26,6:32:25
39565,0.09,39.565,90.98951093137875,4364512428,2026-06-26 06:33:05.535593,26/06/26,6:33:5
39403,0.09,39.403,91.36360175621145,4364551831,2026-06-26 06:33:44.938593,26/06/26,6:33:44
39479,0.09,39.479,91.18772005369944,4364591310,2026-06-26 06:34:24.417593,26/06/26,6:34:24
39474,0.09,39.474,91.19927040583676,4364630784,2026-06-26 06:35:03.891593,26/06/26,6:35:3
39455,0.09,39.455,91.24318844252946,4364670239,2026-06-26 06:35:43.346593,26/06/26,6:35:43
39429,0.09,39.429,91.30335539831088,4364709668,2026-06-26 06:36:22.775593,26/06/26,6:36:22
39356,0.09,39.356,91.47271064132534,4364749024,2026-06-26 06:37:02.131593,26/06/26,6:37:2
40297,0.09,40.297,89.33667518673846,4364789321,2026-06-26 06:37:42.428593,26/06/26,6:37:42
40379,0.09,40.379,89.15525396864707,4364829700,2026-06-26 06:38:22.807593,26/06/26,6:38:22
40315,0.09,40.315,89.29678779610566,4364870015,2026-06-26 06:39:03.122593,26/06/26,6:39:3
40343,0.09,40.343,89.23481149146072,4364910358,2026-06-26 06:39:43.465593,26/06/26,6:39:43
40278,0.09,40.278,89.37881722031878,4364950636,2026-06-26 06:40:23.743593,26/06/26,6:40:23
40306,0.09,40.306,89.31672703815809,4364990942,2026-06-26 06:41:04.049593,26/06/26,6:41:4
40323,0.09,40.323,89.27907149765642,4365031265,2026-06-26 06:41:44.372593,26/06/26,6:41:44
40378,0.09,40.378,89.15746198424885,4365071643,2026-06-26 06:42:24.750593,26/06/26,6:42:24
40170,0.09,40.17,89.61911874533234,4365111813,2026-06-26 06:43:04.920593,26/06/26,6:43:4
39664,0.09,39.664,90.76240419524001,4365151477,2026-06-26 06:43:44.584593,26/06/26,6:43:44
39132,0.09,39.132,91.99632014719411,4365190609,2026-06-26 06:44:23.716593,26/06/26,6:44:23
39317,0.09,39.317,91.56344583767836,4365229926,2026-06-26 06:45:03.033593,26/06/26,6:45:3
38950,0.09,38.95,92.42618741976894,4365268876,2026-06-26 06:45:41.983593,26/06/26,6:45:41
39141,0.09,39.141,91.97516670498965,4365308017,2026-06-26 06:46:21.124593,26/06/26,6:46:21
39357,0.09,39.357,91.4703864623828,4365347374,2026-06-26 06:47:00.481593,26/06/26,6:47:0
38684,0.09,38.684,93.06173094819563,4365386058,2026-06-26 06:47:39.165593,26/06/26,6:47:39
38657,0.09,38.657,93.12672995835166,4365424715,2026-06-26 06:48:17.822593,26/06/26,6:48:17
38590,0.09,38.59,93.28841668826121,4365463305,2026-06-26 06:48:56.412593,26/06/26,6:48:56
38698,0.09,38.698,93.02806346581218,4365502003,2026-06-26 06:49:35.110593,26/06/26,6:49:35
38849,0.09,38.849,92.66647790161909,4365540852,2026-06-26 06:50:13.959593,26/06/26,6:50:13
38532,0.09,38.532,93.42883836810962,4365579384,2026-06-26 06:50:52.491593,26/06/26,6:50:52
38620,0.09,38.62,93.21595028482652,4365618004,2026-06-26 06:51:31.111593,26/06/26,6:51:31
38597,0.09,38.597,93.27149778480192,4365656601,2026-06-26 06:52:09.708593,26/06/26,6:52:9
23312,0.15,23.312,154.42690459849004,4365679913,2026-06-26 06:52:33.020593,26/06/26,6:52:33
19942,0.18,19.942,180.5235182027881,4365699855,2026-06-26 06:52:52.962593,26/06/26,6:52:52
19874,0.18,19.874,181.141189493811,4365719729,2026-06-26 06:53:12.836593,26/06/26,6:53:12
19884,0.18,19.884,181.05009052504525,4365739613,2026-06-26 06:53:32.720593,26/06/26,6:53:32
20037,0.18,20.037,179.66761491241203,4365759650,2026-06-26 06:53:52.757593,26/06/26,6:53:52
20336,0.18,20.336,177.02596380802518,4365779986,2026-06-26 06:54:13.093593,26/06/26,6:54:13
20606,0.17,20.606,174.70639619528293,4365800592,2026-06-26 06:54:33.699593,26/06/26,6:54:33
20811,0.17,20.811,172.98544039210034,4365821403,2026-06-26 06:54:54.510593,26/06/26,6:54:54
20926,0.17,20.926,172.03478925738315,4365842329,2026-06-26 06:55:15.436593,26/06/26,6:55:15
21155,0.17,21.155,170.17253604348855,4365863484,2026-06-26 06:55:36.591593,26/06/26,6:55:36
21304,0.17,21.304,168.98235073225686,4365884788,2026-06-26 06:55:57.895593,26/06/26,6:55:57
21393,0.17,21.393,168.27934371055952,4365906181,2026-06-26 06:56:19.288593,26/06/26,6:56:19
21405,0.17,21.405,168.18500350385423,4365927586,2026-06-26 06:56:40.693593,26/06/26,6:56:40
21518,0.17,21.518,167.3017938470118,4365949104,2026-06-26 06:57:02.211593,26/06/26,6:57:2
21611,0.17,21.611,166.5818333256212,4365970715,2026-06-26 06:57:23.822593,26/06/26,6:57:23
21750,0.17,21.75,165.51724137931035,4365992465,2026-06-26 06:57:45.572593,26/06/26,6:57:45
21729,0.17,21.729,165.67720557779924,4366014194,2026-06-26 06:58:07.301593,26/06/26,6:58:7
21824,0.16,21.824,164.9560117302053,4366036018,2026-06-26 06:58:29.125593,26/06/26,6:58:29
21899,0.16,21.899,164.3910680853007,4366057917,2026-06-26 06:58:51.024593,26/06/26,6:58:51
21934,0.16,21.934,164.1287498860217,4366079851,2026-06-26 06:59:12.958593,26/06/26,6:59:12
22016,0.16,22.016,163.5174418604651,4366101867,2026-06-26 06:59:34.974593,26/06/26,6:59:34
22049,0.16,22.049,163.27271078053425,4366123916,2026-06-26 06:59:57.023593,26/06/26,6:59:57
22112,0.16,22.112,162.80752532561505,4366146028,2026-06-26 07:00:19.135593,26/06/26,7:0:19
22175,0.16,22.175,162.34498308906427,4366168203,2026-06-26 07:00:41.310593,26/06/26,7:0:41
22206,0.16,22.206,162.11834639286678,4366190409,2026-06-26 07:01:03.516593,26/06/26,7:1:3
36598,0.1,36.598,98.36603093065195,4366227007,2026-06-26 07:01:40.114593,26/06/26,7:1:40
40300,0.09,40.3,89.33002481389578,4366267307,2026-06-26 07:02:20.414593,26/06/26,7:2:20
40136,0.09,40.136,89.69503687462627,4366307443,2026-06-26 07:03:00.550593,26/06/26,7:3:0
40396,0.09,40.396,89.1177344291514,4366347839,2026-06-26 07:03:40.946593,26/06/26,7:3:40
40286,0.09,40.286,89.36106836121729,4366388125,2026-06-26 07:04:21.232593,26/06/26,7:4:21
40120,0.09,40.12,89.7308075772682,4366428245,2026-06-26 07:05:01.352593,26/06/26,7:5:1
40302,0.09,40.302,89.32559178204555,4366468547,2026-06-26 07:05:41.654593,26/06/26,7:5:41
40181,0.09,40.181,89.59458450511436,4366508728,2026-06-26 07:06:21.835593,26/06/26,7:6:21
40104,0.09,40.104,89.76660682226212,4366548832,2026-06-26 07:07:01.939593,26/06/26,7:7:1
40250,0.09,40.25,89.44099378881988,4366589082,2026-06-26 07:07:42.189593,26/06/26,7:7:42
40201,0.09,40.201,89.5500111937514,4366629283,2026-06-26 07:08:22.390593,26/06/26,7:8:22
40088,0.09,40.088,89.80243464378367,4366669371,2026-06-26 07:09:02.478593,26/06/26,7:9:2
40279,0.09,40.279,89.37659822736414,4366709650,2026-06-26 07:09:42.757593,26/06/26,7:9:42
40318,0.09,40.318,89.29014336028573,4366749968,2026-06-26 07:10:23.075593,26/06/26,7:10:23
40215,0.09,40.215,89.51883625512869,4366790183,2026-06-26 07:11:03.290593,26/06/26,7:11:3
40275,0.09,40.275,89.3854748603352,4366830458,2026-06-26 07:11:43.565593,26/06/26,7:11:43
40257,0.09,40.257,89.4254415381176,4366870715,2026-06-26 07:12:23.822593,26/06/26,7:12:23
40111,0.09,40.111,89.7509411383411,4366910826,2026-06-26 07:13:03.933593,26/06/26,7:13:3
40168,0.09,40.168,89.62358095996814,4366950994,2026-06-26 07:13:44.101593,26/06/26,7:13:44
40113,0.09,40.113,89.74646623289208,4366991107,2026-06-26 07:14:24.214593,26/06/26,7:14:24
40152,0.09,40.152,89.65929468021518,4367031259,2026-06-26 07:15:04.366593,26/06/26,7:15:4
40242,0.09,40.242,89.45877441479051,4367071501,2026-06-26 07:15:44.608593,26/06/26,7:15:44
40254,0.09,40.254,89.43210612609927,4367111755,2026-06-26 07:16:24.862593,26/06/26,7:16:24
40256,0.09,40.256,89.42766295707472,4367152011,2026-06-26 07:17:05.118593,26/06/26,7:17:5
38994,0.09,38.994,92.32189567625788,4367191005,2026-06-26 07:17:44.112593,26/06/26,7:17:44
39278,0.09,39.278,91.65436122002139,4367230283,2026-06-26 07:18:23.390593,26/06/26,7:18:23
39378,0.09,39.378,91.42160597287825,4367269661,2026-06-26 07:19:02.768593,26/06/26,7:19:2
39500,0.09,39.5,91.13924050632912,4367309161,2026-06-26 07:19:42.268593,26/06/26,7:19:42
39550,0.09,39.55,91.02402022756004,4367348711,2026-06-26 07:20:21.818593,26/06/26,7:20:21
39373,0.09,39.373,91.43321565539837,4367388084,2026-06-26 07:21:01.191593,26/06/26,7:21:1
39411,0.09,39.411,91.34505594884676,4367427495,2026-06-26 07:21:40.602593,26/06/26,7:21:40
39516,0.09,39.516,91.10233829334953,4367467011,2026-06-26 07:22:20.118593,26/06/26,7:22:20
39442,0.09,39.442,91.27326200496933,4367506453,2026-06-26 07:22:59.560593,26/06/26,7:22:59
39450,0.09,39.45,91.25475285171103,4367545903,2026-06-26 07:23:39.010593,26/06/26,7:23:39
39365,0.09,39.365,91.45179728184935,4367585268,2026-06-26 07:24:18.375593,26/06/26,7:24:18
39324,0.09,39.324,91.547146780592,4367624592,2026-06-26 07:24:57.699593,26/06/26,7:24:57
30903,0.12,30.903,116.49354431608582,4367655495,2026-06-26 07:25:28.602593,26/06/26,7:25:28
20378,0.18,20.378,176.66110511335754,4367675873,2026-06-26 07:25:48.980593,26/06/26,7:25:48
20132,0.18,20.132,178.81978939002582,4367696005,2026-06-26 07:26:09.112593,26/06/26,7:26:9
20062,0.18,20.062,179.443724454192,4367716067,2026-06-26 07:26:29.174593,26/06/26,7:26:29
20131,0.18,20.131,178.82867219710894,4367736198,2026-06-26 07:26:49.305593,26/06/26,7:26:49
20305,0.18,20.305,177.29623245506033,4367756503,2026-06-26 07:27:09.610593,26/06/26,7:27:9
20528,0.17,20.528,175.3702260327358,4367777031,2026-06-26 07:27:30.138593,26/06/26,7:27:30
20679,0.17,20.679,174.08965617292907,4367797710,2026-06-26 07:27:50.817593,26/06/26,7:27:50
20829,0.17,20.829,172.83594987757454,4367818539,2026-06-26 07:28:11.646593,26/06/26,7:28:11
20883,0.17,20.883,172.389024565436,4367839422,2026-06-26 07:28:32.529593,26/06/26,7:28:32
21003,0.17,21.003,171.40408513069562,4367860425,2026-06-26 07:28:53.532593,26/06/26,7:28:53
21249,0.17,21.249,169.41973739940704,4367881674,2026-06-26 07:29:14.781593,26/06/26,7:29:14
21400,0.17,21.4,168.22429906542055,4367903074,2026-06-26 07:29:36.181593,26/06/26,7:29:36
21447,0.17,21.447,167.85564414603442,4367924521,2026-06-26 07:29:57.628593,26/06/26,7:29:57
21530,0.17,21.53,167.2085462145843,4367946051,2026-06-26 07:30:19.158593,26/06/26,7:30:19
21540,0.17,21.54,167.13091922005572,4367967591,2026-06-26 07:30:40.698593,26/06/26,7:30:40
21614,0.17,21.614,166.55871194596097,4367989205,2026-06-26 07:31:02.312593,26/06/26,7:31:2
21688,0.17,21.688,165.99040944300995,4368010893,2026-06-26 07:31:24.000593,26/06/26,7:31:24
21789,0.17,21.789,165.22098306484924,4368032682,2026-06-26 07:31:45.789593,26/06/26,7:31:45
21888,0.16,21.888,164.47368421052633,4368054570,2026-06-26 07:32:07.677593,26/06/26,7:32:7
21944,0.16,21.944,164.05395552314982,4368076514,2026-06-26 07:32:29.621593,26/06/26,7:32:29
22012,0.16,22.012,163.54715609667454,4368098526,2026-06-26 07:32:51.633593,26/06/26,7:32:51
22113,0.16,22.113,162.8001628001628,4368120639,2026-06-26 07:33:13.746593,26/06/26,7:33:13
22094,0.16,22.094,162.94016475061102,4368142733,2026-06-26 07:33:35.840593,26/06/26,7:33:35
22110,0.16,22.11,162.82225237449117,4368164843,2026-06-26 07:33:57.950593,26/06/26,7:33:57
31046,0.12,31.046,115.95696708110546,4368195889,2026-06-26 07:34:28.996593,26/06/26,7:34:28
40231,0.09,40.231,89.48323432179166,4368236120,2026-06-26 07:35:09.227593,26/06/26,7:35:9
40245,0.09,40.245,89.45210585165859,4368276365,2026-06-26 07:35:49.472593,26/06/26,7:35:49
40351,0.09,40.351,89.2171197739833,4368316716,2026-06-26 07:36:29.823593,26/06/26,7:36:29
39403,0.09,39.403,91.36360175621145,4368356119,2026-06-26 07:37:09.226593,26/06/26,7:37:9
39017,0.09,39.017,92.2674731527283,4368395136,2026-06-26 07:37:48.243593,26/06/26,7:37:48
39023,0.09,39.023,92.25328652333239,4368434159,2026-06-26 07:38:27.266593,26/06/26,7:38:27
38986,0.09,38.986,92.34084030164675,4368473145,2026-06-26 07:39:06.252593,26/06/26,7:39:6
39107,0.09,39.107,92.05513079499833,4368512252,2026-06-26 07:39:45.359593,26/06/26,7:39:45
39045,0.09,39.045,92.20130618517096,4368551297,2026-06-26 07:40:24.404593,26/06/26,7:40:24
39098,0.09,39.098,92.07632103943936,4368590395,2026-06-26 07:41:03.502593,26/06/26,7:41:3
38939,0.09,38.939,92.45229718277305,4368629334,2026-06-26 07:41:42.441593,26/06/26,7:41:42
39010,0.09,39.01,92.28402973596513,4368668344,2026-06-26 07:42:21.451593,26/06/26,7:42:21
38896,0.09,38.896,92.5545043192102,4368707240,2026-06-26 07:43:00.347593,26/06/26,7:43:0
38850,0.09,38.85,92.66409266409266,4368746090,2026-06-26 07:43:39.197593,26/06/26,7:43:39
37615,0.09,37.615,95.70650006646285,4368783705,2026-06-26 07:44:16.812593,26/06/26,7:44:16
38222,0.09,38.222,94.18659410810528,4368821927,2026-06-26 07:44:55.034593,26/06/26,7:44:55
38202,0.09,38.202,94.23590387937804,4368860129,2026-06-26 07:45:33.236593,26/06/26,7:45:33
38263,0.09,38.263,94.08567022972585,4368898392,2026-06-26 07:46:11.499593,26/06/26,7:46:11
38181,0.09,38.181,94.28773473717294,4368936573,2026-06-26 07:46:49.680593,26/06/26,7:46:49
38198,0.09,38.198,94.24577202994921,4368974771,2026-06-26 07:47:27.878593,26/06/26,7:47:27
37284,0.1,37.284,96.5561635017702,4369012055,2026-06-26 07:48:05.162593,26/06/26,7:48:5
37515,0.09,37.515,95.96161535385846,4369049570,2026-06-26 07:48:42.677593,26/06/26,7:48:42
37445,0.1,37.445,96.14100680998799,4369087015,2026-06-26 07:49:20.122593,26/06/26,7:49:20
37396,0.1,37.396,96.26698042571398,4369124411,2026-06-26 07:49:57.518593,26/06/26,7:49:57
37464,0.1,37.464,96.09224855861628,4369161875,2026-06-26 07:50:34.982593,26/06/26,7:50:34
37473,0.1,37.473,96.06916980225762,4369199348,2026-06-26 07:51:12.455593,26/06/26,7:51:12
37619,0.09,37.619,95.69632366623249,4369236967,2026-06-26 07:51:50.074593,26/06/26,7:51:50
37510,0.09,37.51,95.97440682484671,4369274477,2026-06-26 07:52:27.584593,26/06/26,7:52:27
37533,0.09,37.533,95.9155942770362,4369312010,2026-06-26 07:53:05.117593,26/06/26,7:53:5
37543,0.09,37.543,95.89004608049437,4369349553,2026-06-26 07:53:42.660593,26/06/26,7:53:42
37779,0.09,37.779,95.29103470181848,4369387332,2026-06-26 07:54:20.439593,26/06/26,7:54:20
38389,0.09,38.389,93.77686316392716,4369425721,2026-06-26 07:54:58.828593,26/06/26,7:54:58
38651,0.09,38.651,93.141186515226,4369464372,2026-06-26 07:55:37.479593,26/06/26,7:55:37
39032,0.09,39.032,92.23201475712236,4369503404,2026-06-26 07:56:16.511593,26/06/26,7:56:16
39162,0.09,39.162,91.92584648383637,4369542566,2026-06-26 07:56:55.673593,26/06/26,7:56:55
39108,0.09,39.108,92.05277692543726,4369581674,2026-06-26 07:57:34.781593,26/06/26,7:57:34
39192,0.09,39.192,91.85548071034906,4369620866,2026-06-26 07:58:13.973593,26/06/26,7:58:13
19261,0.19,19.261,186.9061834795701,4369640127,2026-06-26 07:58:33.234593,26/06/26,7:58:33
20081,0.18,20.081,179.27394054080972,4369660208,2026-06-26 07:58:53.315593,26/06/26,7:58:53
20003,0.18,20.003,179.97300404939259,4369680211,2026-06-26 07:59:13.318593,26/06/26,7:59:13
20078,0.18,20.078,179.30072716406016,4369700289,2026-06-26 07:59:33.396593,26/06/26,7:59:33
20274,0.18,20.274,177.56732761171943,4369720563,2026-06-26 07:59:53.670593,26/06/26,7:59:53
20559,0.17,20.559,175.10579308332117,4369741122,2026-06-26 08:00:14.229593,26/06/26,8:0:14
20924,0.17,20.924,172.05123303383675,4369762046,2026-06-26 08:00:35.153593,26/06/26,8:0:35
21051,0.17,21.051,171.01325352714835,4369783097,2026-06-26 08:00:56.204593,26/06/26,8:0:56
21147,0.17,21.147,170.23691303731025,4369804244,2026-06-26 08:01:17.351593,26/06/26,8:1:17
20663,0.17,20.663,174.2244591782413,4369824907,2026-06-26 08:01:38.014593,26/06/26,8:1:38
21075,0.17,21.075,170.8185053380783,4369845982,2026-06-26 08:01:59.089593,26/06/26,8:1:59
21174,0.17,21.174,170.01983564749222,4369867156,2026-06-26 08:02:20.263593,26/06/26,8:2:20
21212,0.17,21.212,169.7152555157458,4369888368,2026-06-26 08:02:41.475593,26/06/26,8:2:41
21347,0.17,21.347,168.6419637419778,4369909715,2026-06-26 08:03:02.822593,26/06/26,8:3:2
21485,0.17,21.485,167.55876192692577,4369931200,2026-06-26 08:03:24.307593,26/06/26,8:3:24
21429,0.17,21.429,167.99664006719865,4369952629,2026-06-26 08:03:45.736593,26/06/26,8:3:45
21546,0.17,21.546,167.0843776106934,4369974175,2026-06-26 08:04:07.282593,26/06/26,8:4:7
21623,0.17,21.623,166.48938630162328,4369995798,2026-06-26 08:04:28.905593,26/06/26,8:4:28
21624,0.17,21.624,166.48168701442842,4370017422,2026-06-26 08:04:50.529593,26/06/26,8:4:50
21730,0.17,21.73,165.66958122411413,4370039152,2026-06-26 08:05:12.259593,26/06/26,8:5:12
21770,0.17,21.77,165.36518144235185,4370060922,2026-06-26 08:05:34.029593,26/06/26,8:5:34
21815,0.17,21.815,165.0240660096264,4370082737,2026-06-26 08:05:55.844593,26/06/26,8:5:55
21847,0.16,21.847,164.7823499794022,4370104584,2026-06-26 08:06:17.691593,26/06/26,8:6:17
21876,0.16,21.876,164.56390565002744,4370126460,2026-06-26 08:06:39.567593,26/06/26,8:6:39
24016,0.15,24.016,149.90006662225184,4370150476,2026-06-26 08:07:03.583593,26/06/26,8:7:3
39368,0.09,39.368,91.44482828693356,4370189844,2026-06-26 08:07:42.951593,26/06/26,8:7:42
39361,0.09,39.361,91.4610909275679,4370229205,2026-06-26 08:08:22.312593,26/06/26,8:8:22
39438,0.09,39.438,91.28251939753537,4370268643,2026-06-26 08:09:01.750593,26/06/26,8:9:1
39460,0.09,39.46,91.2316269640142,4370308103,2026-06-26 08:09:41.210593,26/06/26,8:9:41
39517,0.09,39.517,91.1000328972341,4370347620,2026-06-26 08:10:20.727593,26/06/26,8:10:20
39472,0.09,39.472,91.20389136603161,4370387092,2026-06-26 08:11:00.199593,26/06/26,8:11:0
39411,0.09,39.411,91.34505594884676,4370426503,2026-06-26 08:11:39.610593,26/06/26,8:11:39
39298,0.09,39.298,91.60771540536415,4370465801,2026-06-26 08:12:18.908593,26/06/26,8:12:18
39437,0.09,39.437,91.28483403910033,4370505238,2026-06-26 08:12:58.345593,26/06/26,8:12:58
40052,0.09,40.052,89.88315190252672,4370545290,2026-06-26 08:13:38.397593,26/06/26,8:13:38
40263,0.09,40.263,89.41211534162879,4370585553,2026-06-26 08:14:18.660593,26/06/26,8:14:18
40312,0.09,40.312,89.30343322087715,4370625865,2026-06-26 08:14:58.972593,26/06/26,8:14:58
40380,0.09,40.38,89.15304606240713,4370666245,2026-06-26 08:15:39.352593,26/06/26,8:15:39
40383,0.09,40.383,89.14642299977713,4370706628,2026-06-26 08:16:19.735593,26/06/26,8:16:19
40267,0.09,40.267,89.40323341694192,4370746895,2026-06-26 08:17:00.002593,26/06/26,8:17:0
40214,0.09,40.214,89.52106231660616,4370787109,2026-06-26 08:17:40.216593,26/06/26,8:17:40
40375,0.09,40.375,89.16408668730651,4370827484,2026-06-26 08:18:20.591593,26/06/26,8:18:20
40282,0.09,40.282,89.36994190953776,4370867766,2026-06-26 08:19:00.873593,26/06/26,8:19:0
40279,0.09,40.279,89.37659822736414,4370908045,2026-06-26 08:19:41.152593,26/06/26,8:19:41
40354,0.09,40.354,89.21048718838281,4370948399,2026-06-26 08:20:21.506593,26/06/26,8:20:21
40201,0.09,40.201,89.5500111937514,4370988600,2026-06-26 08:21:01.707593,26/06/26,8:21:1
40179,0.09,40.179,89.59904427686105,4371028779,2026-06-26 08:21:41.886593,26/06/26,8:21:41
40225,0.09,40.225,89.49658172778123,4371069004,2026-06-26 08:22:22.111593,26/06/26,8:22:22
40259,0.09,40.259,89.42099903127252,4371109263,2026-06-26 08:23:02.370593,26/06/26,8:23:2
40279,0.09,40.279,89.37659822736414,4371149542,2026-06-26 08:23:42.649593,26/06/26,8:23:42
40283,0.09,40.283,89.36772335724747,4371189825,2026-06-26 08:24:22.932593,26/06/26,8:24:22
40432,0.09,40.432,89.0383854372774,4371230257,2026-06-26 08:25:03.364593,26/06/26,8:25:3
40288,0.09,40.288,89.35663224781572,4371270545,2026-06-26 08:25:43.652593,26/06/26,8:25:43
40256,0.09,40.256,89.42766295707472,4371310801,2026-06-26 08:26:23.908593,26/06/26,8:26:23
40395,0.09,40.395,89.11994058670628,4371351196,2026-06-26 08:27:04.303593,26/06/26,8:27:4
40266,0.09,40.266,89.4054537326777,4371391462,2026-06-26 08:27:44.569593,26/06/26,8:27:44
40276,0.09,40.276,89.38325553679611,4371431738,2026-06-26 08:28:24.845593,26/06/26,8:28:24
40222,0.09,40.222,89.50325692407141,4371471960,2026-06-26 08:29:05.067593,26/06/26,8:29:5
40401,0.09,40.401,89.10670527957228,4371512361,2026-06-26 08:29:45.468593,26/06/26,8:29:45
40349,0.09,40.349,89.22154204565169,4371552710,2026-06-26 08:30:25.817593,26/06/26,8:30:25
40309,0.09,40.309,89.31007963482101,4371593019,2026-06-26 08:31:06.126593,26/06/26,8:31:6
19839,0.18,19.839,181.46075911084228,4371612858,2026-06-26 08:31:25.965593,26/06/26,8:31:25
20433,0.18,20.433,176.18558214652768,4371633291,2026-06-26 08:31:46.398593,26/06/26,8:31:46
20317,0.18,20.317,177.1915144952503,4371653608,2026-06-26 08:32:06.715593,26/06/26,8:32:6
20494,0.17,20.494,175.66116912267006,4371674102,2026-06-26 08:32:27.209593,26/06/26,8:32:27
20652,0.17,20.652,174.31725740848344,4371694754,2026-06-26 08:32:47.861593,26/06/26,8:32:47
20830,0.17,20.83,172.8276524243879,4371715584,2026-06-26 08:33:08.691593,26/06/26,8:33:8
21004,0.17,21.004,171.39592458579318,4371736588,2026-06-26 08:33:29.695593,26/06/26,8:33:29
21018,0.17,21.018,171.2817584927205,4371757606,2026-06-26 08:33:50.713593,26/06/26,8:33:50
21221,0.17,21.221,169.6432778851138,4371778827,2026-06-26 08:34:11.934593,26/06/26,8:34:11
21308,0.17,21.308,168.95062887178526,4371800135,2026-06-26 08:34:33.242593,26/06/26,8:34:33
21340,0.17,21.34,168.69728209934397,4371821475,2026-06-26 08:34:54.582593,26/06/26,8:34:54
21492,0.17,21.492,167.50418760469012,4371842967,2026-06-26 08:35:16.074593,26/06/26,8:35:16
21546,0.17,21.546,167.0843776106934,4371864513,2026-06-26 08:35:37.620593,26/06/26,8:35:37
21629,0.17,21.629,166.44320125757085,4371886142,2026-06-26 08:35:59.249593,26/06/26,8:35:59
21665,0.17,21.665,166.1666282021694,4371907807,2026-06-26 08:36:20.914593,26/06/26,8:36:20
21690,0.17,21.69,165.97510373443984,4371929497,2026-06-26 08:36:42.604593,26/06/26,8:36:42
21488,0.17,21.488,167.53536857781086,4371950985,2026-06-26 08:37:04.092593,26/06/26,8:37:4
21445,0.17,21.445,167.87129867101888,4371972430,2026-06-26 08:37:25.537593,26/06/26,8:37:25
21527,0.17,21.527,167.23184837645746,4371993957,2026-06-26 08:37:47.064593,26/06/26,8:37:47
21584,0.17,21.584,166.79021497405486,4372015541,2026-06-26 08:38:08.648593,26/06/26,8:38:8
21614,0.17,21.614,166.55871194596097,4372037155,2026-06-26 08:38:30.262593,26/06/26,8:38:30
21699,0.17,21.699,165.9062629614268,4372058854,2026-06-26 08:38:51.961593,26/06/26,8:38:51
21749,0.17,21.749,165.52485171732033,4372080603,2026-06-26 08:39:13.710593,26/06/26,8:39:13
21813,0.17,21.813,165.03919680924218,4372102416,2026-06-26 08:39:35.523593,26/06/26,8:39:35
30117,0.12,30.117,119.53381810937344,4372132533,2026-06-26 08:40:05.640593,26/06/26,8:40:5
39029,0.09,39.029,92.23910425580978,4372171562,2026-06-26 08:40:44.669593,26/06/26,8:40:44
39040,0.09,39.04,92.21311475409836,4372210602,2026-06-26 08:41:23.709593,26/06/26,8:41:23
38998,0.09,38.998,92.31242627827068,4372249600,2026-06-26 08:42:02.707593,26/06/26,8:42:2
39085,0.09,39.085,92.10694639887424,4372288685,2026-06-26 08:42:41.792593,26/06/26,8:42:41
38961,0.09,38.961,92.4000924000924,4372327646,2026-06-26 08:43:20.753593,26/06/26,8:43:20
37913,0.09,37.913,94.95423733284098,4372365559,2026-06-26 08:43:58.666593,26/06/26,8:43:58
38232,0.09,38.232,94.16195856873823,4372403791,2026-06-26 08:44:36.898593,26/06/26,8:44:36
38157,0.09,38.157,94.34703986162434,4372441948,2026-06-26 08:45:15.055593,26/06/26,8:45:15
38171,0.09,38.171,94.31243614262137,4372480119,2026-06-26 08:45:53.226593,26/06/26,8:45:53
38227,0.09,38.227,94.174274727287,4372518346,2026-06-26 08:46:31.453593,26/06/26,8:46:31
38209,0.09,38.209,94.21863958753174,4372556555,2026-06-26 08:47:09.662593,26/06/26,8:47:9
38181,0.09,38.181,94.28773473717294,4372594736,2026-06-26 08:47:47.843593,26/06/26,8:47:47
38047,0.09,38.047,94.6198123373722,4372632783,2026-06-26 08:48:25.890593,26/06/26,8:48:25
38623,0.09,38.623,93.20870983610801,4372671406,2026-06-26 08:49:04.513593,26/06/26,8:49:4
38554,0.09,38.554,93.37552523732946,4372709960,2026-06-26 08:49:43.067593,26/06/26,8:49:43
38722,0.09,38.722,92.97040442125923,4372748682,2026-06-26 08:50:21.789593,26/06/26,8:50:21
38617,0.09,38.617,93.22319185850792,4372787299,2026-06-26 08:51:00.406593,26/06/26,8:51:0
38618,0.09,38.618,93.22077787560205,4372825917,2026-06-26 08:51:39.024593,26/06/26,8:51:39
38508,0.09,38.508,93.48706762231225,4372864425,2026-06-26 08:52:17.532593,26/06/26,8:52:17
38624,0.09,38.624,93.2062966031483,4372903049,2026-06-26 08:52:56.156593,26/06/26,8:52:56
38528,0.09,38.528,93.43853820598007,4372941577,2026-06-26 08:53:34.684593,26/06/26,8:53:34
38588,0.09,38.588,93.29325178812066,4372980165,2026-06-26 08:54:13.272593,26/06/26,8:54:13
39386,0.09,39.386,91.40303661199411,4373019551,2026-06-26 08:54:52.658593,26/06/26,8:54:52
39518,0.09,39.518,91.09772761779442,4373059069,2026-06-26 08:55:32.176593,26/06/26,8:55:32
39985,0.09,39.985,90.03376266099788,4373099054,2026-06-26 08:56:12.161593,26/06/26,8:56:12
40349,0.09,40.349,89.22154204565169,4373139403,2026-06-26 08:56:52.510593,26/06/26,8:56:52
40263,0.09,40.263,89.41211534162879,4373179666,2026-06-26 08:57:32.773593,26/06/26,8:57:32
40301,0.09,40.301,89.32780824297164,4373219967,2026-06-26 08:58:13.074593,26/06/26,8:58:13
40281,0.09,40.281,89.37216057198182,4373260248,2026-06-26 08:58:53.355593,26/06/26,8:58:53
40319,0.09,40.319,89.28792876807461,4373300567,2026-06-26 08:59:33.674593,26/06/26,8:59:33
40443,0.09,40.443,89.01416808842075,4373341010,2026-06-26 09:00:14.117593,26/06/26,9:0:14
40272,0.09,40.272,89.39213349225268,4373381282,2026-06-26 09:00:54.389593,26/06/26,9:0:54
40330,0.09,40.33,89.26357550210761,4373421612,2026-06-26 09:01:34.719593,26/06/26,9:1:34
40240,0.09,40.24,89.46322067594433,4373461852,2026-06-26 09:02:14.959593,26/06/26,9:2:14
40229,0.09,40.229,89.48768301474061,4373502081,2026-06-26 09:02:55.188593,26/06/26,9:2:55
40371,0.09,40.371,89.17292115627555,4373542452,2026-06-26 09:03:35.559593,26/06/26,9:3:35
40344,0.09,40.344,89.2325996430696,4373582796,2026-06-26 09:04:15.903593,26/06/26,9:4:15
24377,0.15,24.377,147.68019034335643,4373607173,2026-06-26 09:04:40.280593,26/06/26,9:4:40
20436,0.18,20.436,176.15971814445098,4373627609,2026-06-26 09:05:00.716593,26/06/26,9:5:0
20323,0.18,20.323,177.1392018894848,4373647932,2026-06-26 09:05:21.039593,26/06/26,9:5:21
20336,0.18,20.336,177.02596380802518,4373668268,2026-06-26 09:05:41.375593,26/06/26,9:5:41
20562,0.17,20.562,175.08024511234316,4373688830,2026-06-26 09:06:01.937593,26/06/26,9:6:1
20805,0.17,20.805,173.03532804614275,4373709635,2026-06-26 09:06:22.742593,26/06/26,9:6:22
20874,0.17,20.874,172.46335153779822,4373730509,2026-06-26 09:06:43.616593,26/06/26,9:6:43
21076,0.17,21.076,170.8104004554944,4373751585,2026-06-26 09:07:04.692593,26/06/26,9:7:4
21157,0.17,21.157,170.15644940208915,4373772742,2026-06-26 09:07:25.849593,26/06/26,9:7:25
21257,0.17,21.257,169.35597685468315,4373793999,2026-06-26 09:07:47.106593,26/06/26,9:7:47
21407,0.17,21.407,168.16929041902182,4373815406,2026-06-26 09:08:08.513593,26/06/26,9:8:8
21459,0.17,21.459,167.76177827484972,4373836865,2026-06-26 09:08:29.972593,26/06/26,9:8:29
21594,0.17,21.594,166.7129758266185,4373858459,2026-06-26 09:08:51.566593,26/06/26,9:8:51
21579,0.17,21.579,166.828861393021,4373880038,2026-06-26 09:09:13.145593,26/06/26,9:9:13
21648,0.17,21.648,166.29711751662973,4373901686,2026-06-26 09:09:34.793593,26/06/26,9:9:34
21762,0.17,21.762,165.42597187758477,4373923448,2026-06-26 09:09:56.555593,26/06/26,9:9:56
21863,0.16,21.863,164.66175730686547,4373945311,2026-06-26 09:10:18.418593,26/06/26,9:10:18
21881,0.16,21.881,164.526301357342,4373967192,2026-06-26 09:10:40.299593,26/06/26,9:10:40
21915,0.16,21.915,164.2710472279261,4373989107,2026-06-26 09:11:02.214593,26/06/26,9:11:2
21990,0.16,21.99,163.71077762619373,4374011097,2026-06-26 09:11:24.204593,26/06/26,9:11:24
22059,0.16,22.059,163.19869441044472,4374033156,2026-06-26 09:11:46.263593,26/06/26,9:11:46
22086,0.16,22.086,162.99918500407497,4374055242,2026-06-26 09:12:08.349593,26/06/26,9:12:8
22196,0.16,22.196,162.19138583528564,4374077438,2026-06-26 09:12:30.545593,26/06/26,9:12:30
22233,0.16,22.233,161.92146808797733,4374099671,2026-06-26 09:12:52.778593,26/06/26,9:12:52
30219,0.12,30.219,119.13034845626923,4374129890,2026-06-26 09:13:22.997593,26/06/26,9:13:22
40151,0.09,40.151,89.66152773280865,4374170041,2026-06-26 09:14:03.148593,26/06/26,9:14:3
40440,0.09,40.44,89.02077151335311,4374210481,2026-06-26 09:14:43.588593,26/06/26,9:14:43
40411,0.09,40.411,89.0846551681473,4374250892,2026-06-26 09:15:23.999593,26/06/26,9:15:23
40272,0.09,40.272,89.39213349225268,4374291164,2026-06-26 09:16:04.271593,26/06/26,9:16:4
40276,0.09,40.276,89.38325553679611,4374331440,2026-06-26 09:16:44.547593,26/06/26,9:16:44
40413,0.09,40.413,89.08024645534853,4374371853,2026-06-26 09:17:24.960593,26/06/26,9:17:24
40488,0.09,40.488,88.91523414344991,4374412341,2026-06-26 09:18:05.448593,26/06/26,9:18:5
40325,0.09,40.325,89.27464352138871,4374452666,2026-06-26 09:18:45.773593,26/06/26,9:18:45
40344,0.09,40.344,89.2325996430696,4374493010,2026-06-26 09:19:26.117593,26/06/26,9:19:26
40260,0.09,40.26,89.41877794336811,4374533270,2026-06-26 09:20:06.377593,26/06/26,9:20:6
40252,0.09,40.252,89.43654973665905,4374573522,2026-06-26 09:20:46.629593,26/06/26,9:20:46
40397,0.09,40.397,89.11552838082036,4374613919,2026-06-26 09:21:27.026593,26/06/26,9:21:27
40237,0.09,40.237,89.4698908964386,4374654156,2026-06-26 09:22:07.263593,26/06/26,9:22:7
40232,0.09,40.232,89.48101014118114,4374694388,2026-06-26 09:22:47.495593,26/06/26,9:22:47
40212,0.09,40.212,89.52551477170994,4374734600,2026-06-26 09:23:27.707593,26/06/26,9:23:27
40129,0.09,40.129,89.71068304717286,4374774729,2026-06-26 09:24:07.836593,26/06/26,9:24:7
40366,0.09,40.366,89.18396670465243,4374815095,2026-06-26 09:24:48.202593,26/06/26,9:24:48
40267,0.09,40.267,89.40323341694192,4374855362,2026-06-26 09:25:28.469593,26/06/26,9:25:28
40390,0.09,40.39,89.13097301312206,4374895752,2026-06-26 09:26:08.859593,26/06/26,9:26:8
40337,0.09,40.337,89.24808488484518,4374936089,2026-06-26 09:26:49.196593,26/06/26,9:26:49
40384,0.09,40.384,89.14421553090332,4374976473,2026-06-26 09:27:29.580593,26/06/26,9:27:29
40243,0.09,40.243,89.4565514499416,4375016716,2026-06-26 09:28:09.823593,26/06/26,9:28:9
40260,0.09,40.26,89.41877794336811,4375056976,2026-06-26 09:28:50.083593,26/06/26,9:28:50
40363,0.09,40.363,89.19059534722395,4375097339,2026-06-26 09:29:30.446593,26/06/26,9:29:30
40263,0.09,40.263,89.41211534162879,4375137602,2026-06-26 09:30:10.709593,26/06/26,9:30:10
40304,0.09,40.304,89.32115919015483,4375177906,2026-06-26 09:30:51.013593,26/06/26,9:30:51
40275,0.09,40.275,89.3854748603352,4375218181,2026-06-26 09:31:31.288593,26/06/26,9:31:31
40230,0.09,40.23,89.48545861297539,4375258411,2026-06-26 09:32:11.518593,26/06/26,9:32:11
40293,0.09,40.293,89.34554389099844,4375298704,2026-06-26 09:32:51.811593,26/06/26,9:32:51
40333,0.09,40.333,89.2569360077356,4375339037,2026-06-26 09:33:32.144593,26/06/26,9:33:32
40340,0.09,40.34,89.24144769459593,4375379377,2026-06-26 09:34:12.484593,26/06/26,9:34:12
40313,0.09,40.313,89.30121796938953,4375419690,2026-06-26 09:34:52.797593,26/06/26,9:34:52
40327,0.09,40.327,89.27021598432812,4375460017,2026-06-26 09:35:33.124593,26/06/26,9:35:33
40349,0.09,40.349,89.22154204565169,4375500366,2026-06-26 09:36:13.473593,26/06/26,9:36:13
40304,0.09,40.304,89.32115919015483,4375540670,2026-06-26 09:36:53.777593,26/06/26,9:36:53
40398,0.09,40.398,89.11332244170504,4375581068,2026-06-26 09:37:34.175593,26/06/26,9:37:34
31310,0.11,31.31,114.97923985946981,4375612378,2026-06-26 09:38:05.485593,26/06/26,9:38:5
20663,0.17,20.663,174.2244591782413,4375633041,2026-06-26 09:38:26.148593,26/06/26,9:38:26
20384,0.18,20.384,176.60910518053376,4375653425,2026-06-26 09:38:46.532593,26/06/26,9:38:46
20447,0.18,20.447,176.06494840318874,4375673872,2026-06-26 09:39:06.979593,26/06/26,9:39:6
20510,0.17,20.51,175.52413456850317,4375694382,2026-06-26 09:39:27.489593,26/06/26,9:39:27
20662,0.17,20.662,174.23289129803504,4375715044,2026-06-26 09:39:48.151593,26/06/26,9:39:48
20866,0.17,20.866,172.52947378510495,4375735910,2026-06-26 09:40:09.017593,26/06/26,9:40:9
21014,0.17,21.014,171.3143618540021,4375756924,2026-06-26 09:40:30.031593,26/06/26,9:40:30
21169,0.17,21.169,170.05999338655582,4375778093,2026-06-26 09:40:51.200593,26/06/26,9:40:51
21315,0.17,21.315,168.89514426460238,4375799408,2026-06-26 09:41:12.515593,26/06/26,9:41:12
21395,0.17,21.395,168.26361299369012,4375820803,2026-06-26 09:41:33.910593,26/06/26,9:41:33
21470,0.17,21.47,167.67582673497904,4375842273,2026-06-26 09:41:55.380593,26/06/26,9:41:55
21548,0.17,21.548,167.06886950064973,4375863821,2026-06-26 09:42:16.928593,26/06/26,9:42:16
21661,0.17,21.661,166.19731314343753,4375885482,2026-06-26 09:42:38.589593,26/06/26,9:42:38
21786,0.17,21.786,165.24373450839988,4375907268,2026-06-26 09:43:00.375593,26/06/26,9:43:0
21791,0.17,21.791,165.20581891606628,4375929059,2026-06-26 09:43:22.166593,26/06/26,9:43:22
21479,0.17,21.479,167.6055682294334,4375950538,2026-06-26 09:43:43.645593,26/06/26,9:43:43
21498,0.17,21.498,167.4574379012001,4375972036,2026-06-26 09:44:05.143593,26/06/26,9:44:5
21617,0.17,21.617,166.5355969838553,4375993653,2026-06-26 09:44:26.760593,26/06/26,9:44:26
21617,0.17,21.617,166.5355969838553,4376015270,2026-06-26 09:44:48.377593,26/06/26,9:44:48
21806,0.17,21.806,165.09217646519306,4376037076,2026-06-26 09:45:10.183593,26/06/26,9:45:10
21871,0.16,21.871,164.60152713639064,4376058947,2026-06-26 09:45:32.054593,26/06/26,9:45:32
21906,0.16,21.906,164.33853738701725,4376080853,2026-06-26 09:45:53.960593,26/06/26,9:45:53
21953,0.16,21.953,163.9866988566483,4376102806,2026-06-26 09:46:15.913593,26/06/26,9:46:15
22276,0.16,22.276,161.60890644639971,4376125082,2026-06-26 09:46:38.189593,26/06/26,9:46:38
39491,0.09,39.491,91.16001114177914,4376164573,2026-06-26 09:47:17.680593,26/06/26,9:47:17
39465,0.09,39.465,91.22006841505132,4376204038,2026-06-26 09:47:57.145593,26/06/26,9:47:57
38862,0.09,38.862,92.63547938860583,4376242900,2026-06-26 09:48:36.007593,26/06/26,9:48:36
38717,0.09,38.717,92.98241082728518,4376281617,2026-06-26 09:49:14.724593,26/06/26,9:49:14
38407,0.09,38.407,93.7329132710183,4376320024,2026-06-26 09:49:53.131593,26/06/26,9:49:53
38690,0.09,38.69,93.04729904368054,4376358714,2026-06-26 09:50:31.821593,26/06/26,9:50:31
38648,0.09,38.648,93.14841647691989,4376397362,2026-06-26 09:51:10.469593,26/06/26,9:51:10
38648,0.09,38.648,93.14841647691989,4376436010,2026-06-26 09:51:49.117593,26/06/26,9:51:49
38691,0.09,38.691,93.0448941614329,4376474701,2026-06-26 09:52:27.808593,26/06/26,9:52:27
38667,0.09,38.667,93.10264566684769,4376513368,2026-06-26 09:53:06.475593,26/06/26,9:53:6
38581,0.09,38.581,93.31017858531402,4376551949,2026-06-26 09:53:45.056593,26/06/26,9:53:45
38837,0.09,38.837,92.69511033292994,4376590786,2026-06-26 09:54:23.893593,26/06/26,9:54:23
38773,0.09,38.773,92.84811595698038,4376629559,2026-06-26 09:55:02.666593,26/06/26,9:55:2
38703,0.09,38.703,93.01604526780869,4376668262,2026-06-26 09:55:41.369593,26/06/26,9:55:41
38987,0.09,38.987,92.33847179829174,4376707249,2026-06-26 09:56:20.356593,26/06/26,9:56:20
39431,0.09,39.431,91.29872435393472,4376746680,2026-06-26 09:56:59.787593,26/06/26,9:56:59
39496,0.09,39.496,91.1484707312133,4376786176,2026-06-26 09:57:39.283593,26/06/26,9:57:39
39558,0.09,39.558,91.00561201274078,4376825734,2026-06-26 09:58:18.841593,26/06/26,9:58:18
39491,0.09,39.491,91.16001114177914,4376865225,2026-06-26 09:58:58.332593,26/06/26,9:58:58
39548,0.09,39.548,91.02862344492769,4376904773,2026-06-26 09:59:37.880593,26/06/26,9:59:37
39561,0.09,39.561,90.99871085159627,4376944334,2026-06-26 10:00:17.441593,26/06/26,10:0:17
40346,0.09,40.346,89.22817627521935,4376984680,2026-06-26 10:00:57.787593,26/06/26,10:0:57
40268,0.09,40.268,89.40101321148306,4377024948,2026-06-26 10:01:38.055593,26/06/26,10:1:38
40291,0.09,40.291,89.34997890347721,4377065239,2026-06-26 10:02:18.346593,26/06/26,10:2:18
40207,0.09,40.207,89.53664784738976,4377105446,2026-06-26 10:02:58.553593,26/06/26,10:2:58
40276,0.09,40.276,89.38325553679611,4377145722,2026-06-26 10:03:38.829593,26/06/26,10:3:38
40369,0.09,40.369,89.17733904728875,4377186091,2026-06-26 10:04:19.198593,26/06/26,10:4:19
40319,0.09,40.319,89.28792876807461,4377226410,2026-06-26 10:04:59.517593,26/06/26,10:4:59
40275,0.09,40.275,89.3854748603352,4377266685,2026-06-26 10:05:39.792593,26/06/26,10:5:39
40320,0.09,40.32,89.28571428571429,4377307005,2026-06-26 10:06:20.112593,26/06/26,10:6:20
40310,0.09,40.31,89.30786405358472,4377347315,2026-06-26 10:07:00.422593,26/06/26,10:7:0
40332,0.09,40.332,89.25914906277893,4377387647,2026-06-26 10:07:40.754593,26/06/26,10:7:40
40356,0.09,40.356,89.20606601248885,4377428003,2026-06-26 10:08:21.110593,26/06/26,10:8:21
40284,0.09,40.284,89.36550491510278,4377468287,2026-06-26 10:09:01.394593,26/06/26,10:9:1
40286,0.09,40.286,89.36106836121729,4377508573,2026-06-26 10:09:41.680593,26/06/26,10:9:41
40397,0.09,40.397,89.11552838082036,4377548970,2026-06-26 10:10:22.077593,26/06/26,10:10:22
40401,0.09,40.401,89.10670527957228,4377589371,2026-06-26 10:11:02.478593,26/06/26,10:11:2
40396,0.09,40.396,89.1177344291514,4377629767,2026-06-26 10:11:42.874593,26/06/26,10:11:42
21338,0.17,21.338,168.71309401068515,4377651105,2026-06-26 10:12:04.212593,26/06/26,10:12:4
20492,0.17,20.492,175.67831348819053,4377671597,2026-06-26 10:12:24.704593,26/06/26,10:12:24
20372,0.18,20.372,176.7131356764186,4377691969,2026-06-26 10:12:45.076593,26/06/26,10:12:45
20494,0.17,20.494,175.66116912267006,4377712463,2026-06-26 10:13:05.570593,26/06/26,10:13:5
20629,0.17,20.629,174.51160986960105,4377733092,2026-06-26 10:13:26.199593,26/06/26,10:13:26
20786,0.17,20.786,173.1934956220533,4377753878,2026-06-26 10:13:46.985593,26/06/26,10:13:46
21014,0.17,21.014,171.3143618540021,4377774892,2026-06-26 10:14:07.999593,26/06/26,10:14:7
21129,0.17,21.129,170.38193951441147,4377796021,2026-06-26 10:14:29.128593,26/06/26,10:14:29
21267,0.17,21.267,169.27634363097758,4377817288,2026-06-26 10:14:50.395593,26/06/26,10:14:50
21360,0.17,21.36,168.53932584269663,4377838648,2026-06-26 10:15:11.755593,26/06/26,10:15:11
21483,0.17,21.483,167.57436112274823,4377860131,2026-06-26 10:15:33.238593,26/06/26,10:15:33
21564,0.17,21.564,166.9449081803005,4377881695,2026-06-26 10:15:54.802593,26/06/26,10:15:54
21658,0.17,21.658,166.22033428756117,4377903353,2026-06-26 10:16:16.460593,26/06/26,10:16:16
21673,0.17,21.673,166.1052922991741,4377925026,2026-06-26 10:16:38.133593,26/06/26,10:16:38
21716,0.17,21.716,165.77638607478357,4377946742,2026-06-26 10:16:59.849593,26/06/26,10:16:59
21833,0.16,21.833,164.8880135574589,4377968575,2026-06-26 10:17:21.682593,26/06/26,10:17:21
21930,0.16,21.93,164.15868673050616,4377990505,2026-06-26 10:17:43.612593,26/06/26,10:17:43
22023,0.16,22.023,163.46546791990193,4378012528,2026-06-26 10:18:05.635593,26/06/26,10:18:5
22116,0.16,22.116,162.77807921866523,4378034644,2026-06-26 10:18:27.751593,26/06/26,10:18:27
22222,0.16,22.222,162.00162001620015,4378056866,2026-06-26 10:18:49.973593,26/06/26,10:18:49
22239,0.16,22.239,161.87778227438284,4378079105,2026-06-26 10:19:12.212593,26/06/26,10:19:12
22261,0.16,22.261,161.71780243475135,4378101366,2026-06-26 10:19:34.473593,26/06/26,10:19:34
22350,0.16,22.35,161.0738255033557,4378123716,2026-06-26 10:19:56.823593,26/06/26,10:19:56
22383,0.16,22.383,160.83634901487736,4378146099,2026-06-26 10:20:19.206593,26/06/26,10:20:19
39539,0.09,39.539,91.04934368598093,4378185638,2026-06-26 10:20:58.745593,26/06/26,10:20:58
40594,0.09,40.594,88.68305660935114,4378226232,2026-06-26 10:21:39.339593,26/06/26,10:21:39
40679,0.09,40.679,88.49775068217016,4378266911,2026-06-26 10:22:20.018593,26/06/26,10:22:20
40626,0.09,40.626,88.61320336730172,4378307537,2026-06-26 10:23:00.644593,26/06/26,10:23:0
39368,0.09,39.368,91.44482828693356,4378346905,2026-06-26 10:23:40.012593,26/06/26,10:23:40
39476,0.09,39.476,91.19464991387171,4378386381,2026-06-26 10:24:19.488593,26/06/26,10:24:19
39390,0.09,39.39,91.3937547600914,4378425771,2026-06-26 10:24:58.878593,26/06/26,10:24:58
39419,0.09,39.419,91.32651766914432,4378465190,2026-06-26 10:25:38.297593,26/06/26,10:25:38
39665,0.09,39.665,90.7601159712593,4378504855,2026-06-26 10:26:17.962593,26/06/26,10:26:17
39461,0.09,39.461,91.22931501989306,4378544316,2026-06-26 10:26:57.423593,26/06/26,10:26:57
39530,0.09,39.53,91.07007336200354,4378583846,2026-06-26 10:27:36.953593,26/06/26,10:27:36
39430,0.09,39.43,91.30103981739792,4378623276,2026-06-26 10:28:16.383593,26/06/26,10:28:16
39414,0.09,39.414,91.33810321205662,4378662690,2026-06-26 10:28:55.797593,26/06/26,10:28:55
39403,0.09,39.403,91.36360175621145,4378702093,2026-06-26 10:29:35.200593,26/06/26,10:29:35
39444,0.09,39.444,91.26863401277761,4378741537,2026-06-26 10:30:14.644593,26/06/26,10:30:14
39516,0.09,39.516,91.10233829334953,4378781053,2026-06-26 10:30:54.160593,26/06/26,10:30:54
39553,0.09,39.553,91.01711627436605,4378820606,2026-06-26 10:31:33.713593,26/06/26,10:31:33
39424,0.09,39.424,91.31493506493507,4378860030,2026-06-26 10:32:13.137593,26/06/26,10:32:13
39575,0.09,39.575,90.96651926721415,4378899605,2026-06-26 10:32:52.712593,26/06/26,10:32:52
39604,0.09,39.604,90.8999091000909,4378939209,2026-06-26 10:33:32.316593,26/06/26,10:33:32
39533,0.09,39.533,91.0631624212683,4378978742,2026-06-26 10:34:11.849593,26/06/26,10:34:11
39647,0.09,39.647,90.80132166368199,4379018389,2026-06-26 10:34:51.496593,26/06/26,10:34:51
39832,0.09,39.832,90.37959429604338,4379058221,2026-06-26 10:35:31.328593,26/06/26,10:35:31
40861,0.09,40.861,88.10357064193241,4379099082,2026-06-26 10:36:12.189593,26/06/26,10:36:12
41065,0.09,41.065,87.66589553147449,4379140147,2026-06-26 10:36:53.254593,26/06/26,10:36:53
40951,0.09,40.951,87.90994114917828,4379181098,2026-06-26 10:37:34.205593,26/06/26,10:37:34
41113,0.09,41.113,87.56354437769076,4379222211,2026-06-26 10:38:15.318593,26/06/26,10:38:15
41089,0.09,41.089,87.6146900630339,4379263300,2026-06-26 10:38:56.407593,26/06/26,10:38:56
41045,0.09,41.045,87.70861249847728,4379304345,2026-06-26 10:39:37.452593,26/06/26,10:39:37
41028,0.09,41.028,87.74495466510676,4379345373,2026-06-26 10:40:18.480593,26/06/26,10:40:18
41024,0.09,41.024,87.75351014040561,4379386397,2026-06-26 10:40:59.504593,26/06/26,10:40:59
41110,0.09,41.11,87.56993432254926,4379427507,2026-06-26 10:41:40.614593,26/06/26,10:41:40
41069,0.09,41.069,87.65735713068251,4379468576,2026-06-26 10:42:21.683593,26/06/26,10:42:21
41066,0.09,41.066,87.66376077533727,4379509642,2026-06-26 10:43:02.749593,26/06/26,10:43:2
40531,0.09,40.531,88.82090251905949,4379550173,2026-06-26 10:43:43.280593,26/06/26,10:43:43
39985,0.09,39.985,90.03376266099788,4379590158,2026-06-26 10:44:23.265593,26/06/26,10:44:23
40087,0.09,40.087,89.80467483223988,4379630245,2026-06-26 10:45:03.352593,26/06/26,10:45:3
29443,0.12,29.443,122.27014910165404,4379659688,2026-06-26 10:45:32.795593,26/06/26,10:45:32
20592,0.17,20.592,174.82517482517483,4379680280,2026-06-26 10:45:53.387593,26/06/26,10:45:53
20418,0.18,20.418,176.31501616220982,4379700698,2026-06-26 10:46:13.805593,26/06/26,10:46:13
20427,0.18,20.427,176.2373329416948,4379721125,2026-06-26 10:46:34.232593,26/06/26,10:46:34
20552,0.17,20.552,175.16543402101985,4379741677,2026-06-26 10:46:54.784593,26/06/26,10:46:54
20811,0.17,20.811,172.98544039210034,4379762488,2026-06-26 10:47:15.595593,26/06/26,10:47:15
20949,0.17,20.949,171.84591149935557,4379783437,2026-06-26 10:47:36.544593,26/06/26,10:47:36
21141,0.17,21.141,170.28522775649213,4379804578,2026-06-26 10:47:57.685593,26/06/26,10:47:57
21190,0.17,21.19,169.89145823501653,4379825768,2026-06-26 10:48:18.875593,26/06/26,10:48:18
21171,0.17,21.171,170.04392801473713,4379846939,2026-06-26 10:48:40.046593,26/06/26,10:48:40
21105,0.17,21.105,170.57569296375266,4379868044,2026-06-26 10:49:01.151593,26/06/26,10:49:1
21209,0.17,21.209,169.73926163421189,4379889253,2026-06-26 10:49:22.360593,26/06/26,10:49:22
21297,0.17,21.297,169.03789266093816,4379910550,2026-06-26 10:49:43.657593,26/06/26,10:49:43
21317,0.17,21.317,168.8792982126941,4379931867,2026-06-26 10:50:04.974593,26/06/26,10:50:4
21435,0.17,21.435,167.94961511546535,4379953302,2026-06-26 10:50:26.409593,26/06/26,10:50:26
21568,0.17,21.568,166.91394658753708,4379974870,2026-06-26 10:50:47.977593,26/06/26,10:50:47
21612,0.17,21.612,166.5741254858412,4379996482,2026-06-26 10:51:09.589593,26/06/26,10:51:9
21649,0.17,21.649,166.2894360016629,4380018131,2026-06-26 10:51:31.238593,26/06/26,10:51:31
21699,0.17,21.699,165.9062629614268,4380039830,2026-06-26 10:51:52.937593,26/06/26,10:51:52
21775,0.17,21.775,165.32721010332952,4380061605,2026-06-26 10:52:14.712593,26/06/26,10:52:14
21886,0.16,21.886,164.4887142465503,4380083491,2026-06-26 10:52:36.598593,26/06/26,10:52:36
21869,0.16,21.869,164.6165805478074,4380105360,2026-06-26 10:52:58.467593,26/06/26,10:52:58
22032,0.16,22.032,163.3986928104575,4380127392,2026-06-26 10:53:20.499593,26/06/26,10:53:20
22098,0.16,22.098,162.9106706489275,4380149490,2026-06-26 10:53:42.597593,26/06/26,10:53:42
29674,0.12,29.674,121.31832580710386,4380179164,2026-06-26 10:54:12.271593,26/06/26,10:54:12
39361,0.09,39.361,91.4610909275679,4380218525,2026-06-26 10:54:51.632593,26/06/26,10:54:51
39867,0.09,39.867,90.3002483256829,4380258392,2026-06-26 10:55:31.499593,26/06/26,10:55:31
40246,0.09,40.246,89.44988321820802,4380298638,2026-06-26 10:56:11.745593,26/06/26,10:56:11
40454,0.09,40.454,88.98996390962574,4380339092,2026-06-26 10:56:52.199593,26/06/26,10:56:52
40868,0.09,40.868,88.08847998433983,4380379960,2026-06-26 10:57:33.067593,26/06/26,10:57:33
40964,0.09,40.964,87.88204276926082,4380420924,2026-06-26 10:58:14.031593,26/06/26,10:58:14
40878,0.09,40.878,88.06693086745926,4380461802,2026-06-26 10:58:54.909593,26/06/26,10:58:54
40769,0.09,40.769,88.30238661728274,4380502571,2026-06-26 10:59:35.678593,26/06/26,10:59:35
40799,0.09,40.799,88.23745680041178,4380543370,2026-06-26 11:00:16.477593,26/06/26,11:0:16
40890,0.09,40.89,88.0410858400587,4380584260,2026-06-26 11:00:57.367593,26/06/26,11:0:57
40915,0.09,40.915,87.9872907246731,4380625175,2026-06-26 11:01:38.282593,26/06/26,11:1:38
40882,0.09,40.882,88.05831417249645,4380666057,2026-06-26 11:02:19.164593,26/06/26,11:2:19
40970,0.09,40.97,87.86917256529168,4380707027,2026-06-26 11:03:00.134593,26/06/26,11:3:0
40973,0.09,40.973,87.86273887682133,4380748000,2026-06-26 11:03:41.107593,26/06/26,11:3:41
41025,0.09,41.025,87.75137111517367,4380789025,2026-06-26 11:04:22.132593,26/06/26,11:4:22
40910,0.09,40.91,87.99804448790027,4380829935,2026-06-26 11:05:03.042593,26/06/26,11:5:3
41034,0.09,41.034,87.73212457961691,4380870969,2026-06-26 11:05:44.076593,26/06/26,11:5:44
41086,0.09,41.086,87.62108747505233,4380912055,2026-06-26 11:06:25.162593,26/06/26,11:6:25
41071,0.09,41.071,87.65308855396752,4380953126,2026-06-26 11:07:06.233593,26/06/26,11:7:6
41011,0.09,41.011,87.78132696105922,4380994137,2026-06-26 11:07:47.244593,26/06/26,11:7:47
41116,0.09,41.116,87.5571553653079,4381035253,2026-06-26 11:08:28.360593,26/06/26,11:8:28
41031,0.09,41.031,87.7385391533231,4381076284,2026-06-26 11:09:09.391593,26/06/26,11:9:9
41025,0.09,41.025,87.75137111517367,4381117309,2026-06-26 11:09:50.416593,26/06/26,11:9:50
41128,0.09,41.128,87.53160863645205,4381158437,2026-06-26 11:10:31.544593,26/06/26,11:10:31
40989,0.09,40.989,87.82844177706214,4381199426,2026-06-26 11:11:12.533593,26/06/26,11:11:12
40935,0.09,40.935,87.94430194210334,4381240361,2026-06-26 11:11:53.468593,26/06/26,11:11:53
40920,0.09,40.92,87.97653958944281,4381281281,2026-06-26 11:12:34.388593,26/06/26,11:12:34
41009,0.09,41.009,87.78560803726012,4381322290,2026-06-26 11:13:15.397593,26/06/26,11:13:15
40909,0.09,40.909,88.00019555599012,4381363199,2026-06-26 11:13:56.306593,26/06/26,11:13:56
40953,0.09,40.953,87.90564793788,4381404152,2026-06-26 11:14:37.259593,26/06/26,11:14:37
40996,0.09,40.996,87.81344521416723,4381445148,2026-06-26 11:15:18.255593,26/06/26,11:15:18
41043,0.09,41.043,87.71288648490608,4381486191,2026-06-26 11:15:59.298593,26/06/26,11:15:59
40978,0.09,40.978,87.85201815608376,4381527169,2026-06-26 11:16:40.276593,26/06/26,11:16:40
40961,0.09,40.961,87.8884792851737,4381568130,2026-06-26 11:17:21.237593,26/06/26,11:17:21
41224,0.09,41.224,87.32777023093344,4381609354,2026-06-26 11:18:02.461593,26/06/26,11:18:2
41022,0.09,41.022,87.7577885037297,4381650376,2026-06-26 11:18:43.483593,26/06/26,11:18:43
41157,0.09,41.157,87.46993221080254,4381691533,2026-06-26 11:19:24.640593,26/06/26,11:19:24
28080,0.13,28.08,128.2051282051282,4381719613,2026-06-26 11:19:52.720593,26/06/26,11:19:52
20754,0.17,20.754,173.46053772766695,4381740367,2026-06-26 11:20:13.474593,26/06/26,11:20:13
20584,0.17,20.584,174.89312087057908,4381760951,2026-06-26 11:20:34.058593,26/06/26,11:20:34
20688,0.17,20.688,174.0139211136891,4381781639,2026-06-26 11:20:54.746593,26/06/26,11:20:54
20820,0.17,20.82,172.9106628242075,4381802459,2026-06-26 11:21:15.566593,26/06/26,11:21:15
20984,0.17,20.984,171.5592832634388,4381823443,2026-06-26 11:21:36.550593,26/06/26,11:21:36
21127,0.17,21.127,170.39806882188668,4381844570,2026-06-26 11:21:57.677593,26/06/26,11:21:57
21306,0.17,21.306,168.96648831315122,4381865876,2026-06-26 11:22:18.983593,26/06/26,11:22:18
21473,0.17,21.473,167.65240068923765,4381887349,2026-06-26 11:22:40.456593,26/06/26,11:22:40
21542,0.17,21.542,167.11540246959427,4381908891,2026-06-26 11:23:01.998593,26/06/26,11:23:1
21746,0.17,21.746,165.5476869309298,4381930637,2026-06-26 11:23:23.744593,26/06/26,11:23:23
21730,0.17,21.73,165.66958122411413,4381952367,2026-06-26 11:23:45.474593,26/06/26,11:23:45
21836,0.16,21.836,164.86535995603592,4381974203,2026-06-26 11:24:07.310593,26/06/26,11:24:7
21921,0.16,21.921,164.22608457643355,4381996124,2026-06-26 11:24:29.231593,26/06/26,11:24:29
22023,0.16,22.023,163.46546791990193,4382018147,2026-06-26 11:24:51.254593,26/06/26,11:24:51
22124,0.16,22.124,162.71921894774906,4382040271,2026-06-26 11:25:13.378593,26/06/26,11:25:13
22173,0.16,22.173,162.35962657285887,4382062444,2026-06-26 11:25:35.551593,26/06/26,11:25:35
22220,0.16,22.22,162.016201620162,4382084664,2026-06-26 11:25:57.771593,26/06/26,11:25:57
22266,0.16,22.266,161.68148746968473,4382106930,2026-06-26 11:26:20.037593,26/06/26,11:26:20
22259,0.16,22.259,161.73233298890335,4382129189,2026-06-26 11:26:42.296593,26/06/26,11:26:42
22376,0.16,22.376,160.88666428316054,4382151565,2026-06-26 11:27:04.672593,26/06/26,11:27:4
22436,0.16,22.436,160.45640934212872,4382174001,2026-06-26 11:27:27.108593,26/06/26,11:27:27
22503,0.16,22.503,159.9786695107319,4382196504,2026-06-26 11:27:49.611593,26/06/26,11:27:49
23586,0.15,23.586,152.63291783261258,4382220090,2026-06-26 11:28:13.197593,26/06/26,11:28:13
41028,0.09,41.028,87.74495466510676,4382261118,2026-06-26 11:28:54.225593,26/06/26,11:28:54
41047,0.09,41.047,87.70433892854533,4382302165,2026-06-26 11:29:35.272593,26/06/26,11:29:35
41060,0.09,41.06,87.67657087189478,4382343225,2026-06-26 11:30:16.332593,26/06/26,11:30:16
41012,0.09,41.012,87.7791865795377,4382384237,2026-06-26 11:30:57.344593,26/06/26,11:30:57
41134,0.09,41.134,87.51884086157436,4382425371,2026-06-26 11:31:38.478593,26/06/26,11:31:38
40990,0.09,40.99,87.82629909734081,4382466361,2026-06-26 11:32:19.468593,26/06/26,11:32:19
41188,0.09,41.188,87.40409828105274,4382507549,2026-06-26 11:33:00.656593,26/06/26,11:33:0
41044,0.09,41.044,87.71074943962577,4382548593,2026-06-26 11:33:41.700593,26/06/26,11:33:41
41015,0.09,41.015,87.77276606119712,4382589608,2026-06-26 11:34:22.715593,26/06/26,11:34:22
41046,0.09,41.046,87.706475661453,4382630654,2026-06-26 11:35:03.761593,26/06/26,11:35:3
41037,0.09,41.037,87.72571094378245,4382671691,2026-06-26 11:35:44.798593,26/06/26,11:35:44
41119,0.09,41.119,87.55076728519663,4382712810,2026-06-26 11:36:25.917593,26/06/26,11:36:25
41114,0.09,41.114,87.56141460329815,4382753924,2026-06-26 11:37:07.031593,26/06/26,11:37:7
41090,0.09,41.09,87.61255779995133,4382795014,2026-06-26 11:37:48.121593,26/06/26,11:37:48
41366,0.09,41.366,87.02799400473819,4382836380,2026-06-26 11:38:29.487593,26/06/26,11:38:29
41088,0.09,41.088,87.61682242990655,4382877468,2026-06-26 11:39:10.575593,26/06/26,11:39:10
41076,0.09,41.076,87.64241893076249,4382918544,2026-06-26 11:39:51.651593,26/06/26,11:39:51
39922,0.09,39.922,90.17584289364261,4382958466,2026-06-26 11:40:31.573593,26/06/26,11:40:31
39785,0.09,39.785,90.48636420761594,4382998251,2026-06-26 11:41:11.358593,26/06/26,11:41:11
39727,0.09,39.727,90.61847106501875,4383037978,2026-06-26 11:41:51.085593,26/06/26,11:41:51
39923,0.09,39.923,90.17358414948777,4383077901,2026-06-26 11:42:31.008593,26/06/26,11:42:31
39906,0.09,39.906,90.21199819576003,4383117807,2026-06-26 11:43:10.914593,26/06/26,11:43:10
39036,0.09,39.036,92.22256378727329,4383156843,2026-06-26 11:43:49.950593,26/06/26,11:43:49
38750,0.09,38.75,92.90322580645162,4383195593,2026-06-26 11:44:28.700593,26/06/26,11:44:28
38711,0.09,38.711,92.99682260856088,4383234304,2026-06-26 11:45:07.411593,26/06/26,11:45:7
38915,0.09,38.915,92.5093151740974,4383273219,2026-06-26 11:45:46.326593,26/06/26,11:45:46
39019,0.09,39.019,92.2627437914862,4383312238,2026-06-26 11:46:25.345593,26/06/26,11:46:25
38907,0.09,38.907,92.52833680314596,4383351145,2026-06-26 11:47:04.252593,26/06/26,11:47:4
38981,0.09,38.981,92.35268464123547,4383390126,2026-06-26 11:47:43.233593,26/06/26,11:47:43
39053,0.09,39.053,92.18241876424347,4383429179,2026-06-26 11:48:22.286593,26/06/26,11:48:22
38605,0.09,38.605,93.25216940810776,4383467784,2026-06-26 11:49:00.891593,26/06/26,11:49:0
38244,0.09,38.244,94.13241292751805,4383506028,2026-06-26 11:49:39.135593,26/06/26,11:49:39
38238,0.09,38.238,94.14718343009572,4383544266,2026-06-26 11:50:17.373593,26/06/26,11:50:17
38248,0.09,38.248,94.12256850031375,4383582514,2026-06-26 11:50:55.621593,26/06/26,11:50:55
38252,0.09,38.252,94.11272613196695,4383620766,2026-06-26 11:51:33.873593,26/06/26,11:51:33
39390,0.09,39.39,91.3937547600914,4383660156,2026-06-26 11:52:13.263593,26/06/26,11:52:13
39623,0.09,39.623,90.85632082376398,4383699779,2026-06-26 11:52:52.886593,26/06/26,11:52:52
39547,0.09,39.547,91.03092522820947,4383739326,2026-06-26 11:53:32.433593,26/06/26,11:53:32
39410,0.09,39.41,91.34737376300431,4383778736,2026-06-26 11:54:11.843593,26/06/26,11:54:11
18543,0.19,18.543,194.1433425012134,4383797279,2026-06-26 11:54:30.386593,26/06/26,11:54:30
20346,0.18,20.346,176.93895606015926,4383817625,2026-06-26 11:54:50.732593,26/06/26,11:54:50
20251,0.18,20.251,177.76899906177474,4383837876,2026-06-26 11:55:10.983593,26/06/26,11:55:10
20486,0.17,20.486,175.72976666992093,4383858362,2026-06-26 11:55:31.469593,26/06/26,11:55:31
20785,0.17,20.785,173.20182824152033,4383879147,2026-06-26 11:55:52.254593,26/06/26,11:55:52
20889,0.17,20.889,172.33950883239982,4383900036,2026-06-26 11:56:13.143593,26/06/26,11:56:13
21081,0.17,21.081,170.76988757649067,4383921117,2026-06-26 11:56:34.224593,26/06/26,11:56:34
21242,0.17,21.242,169.4755672723849,4383942359,2026-06-26 11:56:55.466593,26/06/26,11:56:55
21541,0.17,21.541,167.12316048465718,4383963900,2026-06-26 11:57:17.007593,26/06/26,11:57:17
21668,0.17,21.668,166.1436219309581,4383985568,2026-06-26 11:57:38.675593,26/06/26,11:57:38
21787,0.17,21.787,165.23614999770504,4384007355,2026-06-26 11:58:00.462593,26/06/26,11:58:0
21893,0.16,21.893,164.43612113460924,4384029248,2026-06-26 11:58:22.355593,26/06/26,11:58:22
21978,0.16,21.978,163.8001638001638,4384051226,2026-06-26 11:58:44.333593,26/06/26,11:58:44
21997,0.16,21.997,163.65868072919034,4384073223,2026-06-26 11:59:06.330593,26/06/26,11:59:6
22093,0.16,22.093,162.9475399447789,4384095316,2026-06-26 11:59:28.423593,26/06/26,11:59:28
22166,0.16,22.166,162.4108995759271,4384117482,2026-06-26 11:59:50.589593,26/06/26,11:59:50
22255,0.16,22.255,161.76140193215008,4384139737,2026-06-26 12:00:12.844593,26/06/26,12:0:12
22252,0.16,22.252,161.78321049793277,4384161989,2026-06-26 12:00:35.096593,26/06/26,12:0:35
22388,0.16,22.388,160.80042880114348,4384184377,2026-06-26 12:00:57.484593,26/06/26,12:0:57
22383,0.16,22.383,160.83634901487736,4384206760,2026-06-26 12:01:19.867593,26/06/26,12:1:19
21966,0.16,21.966,163.88964763725758,4384228726,2026-06-26 12:01:41.833593,26/06/26,12:1:41
22301,0.16,22.301,161.4277386664275,4384251027,2026-06-26 12:02:04.134593,26/06/26,12:2:4
22272,0.16,22.272,161.63793103448276,4384273299,2026-06-26 12:02:26.406593,26/06/26,12:2:26
29957,0.12,29.957,120.17224688720499,4384303256,2026-06-26 12:02:56.363593,26/06/26,12:2:56
40367,0.09,40.367,89.18175737607451,4384343623,2026-06-26 12:03:36.730593,26/06/26,12:3:36
40295,0.09,40.295,89.34110931877404,4384383918,2026-06-26 12:04:17.025593,26/06/26,12:4:17
40330,0.09,40.33,89.26357550210761,4384424248,2026-06-26 12:04:57.355593,26/06/26,12:4:57
40107,0.09,40.107,89.75989228812925,4384464355,2026-06-26 12:05:37.462593,26/06/26,12:5:37
40185,0.09,40.185,89.58566629339306,4384504540,2026-06-26 12:06:17.647593,26/06/26,12:6:17
40161,0.09,40.161,89.63920221110033,4384544701,2026-06-26 12:06:57.808593,26/06/26,12:6:57
40128,0.09,40.128,89.71291866028709,4384584829,2026-06-26 12:07:37.936593,26/06/26,12:7:37
40203,0.09,40.203,89.54555630176853,4384625032,2026-06-26 12:08:18.139593,26/06/26,12:8:18
40273,0.09,40.273,89.38991383805528,4384665305,2026-06-26 12:08:58.412593,26/06/26,12:8:58
40180,0.09,40.18,89.5968143354903,4384705485,2026-06-26 12:09:38.592593,26/06/26,12:9:38
40238,0.09,40.238,89.4676673790944,4384745723,2026-06-26 12:10:18.830593,26/06/26,12:10:18
40242,0.09,40.242,89.45877441479051,4384785965,2026-06-26 12:10:59.072593,26/06/26,12:10:59
40302,0.09,40.302,89.32559178204555,4384826267,2026-06-26 12:11:39.374593,26/06/26,12:11:39
40397,0.09,40.397,89.11552838082036,4384866664,2026-06-26 12:12:19.771593,26/06/26,12:12:19
40215,0.09,40.215,89.51883625512869,4384906879,2026-06-26 12:12:59.986593,26/06/26,12:12:59
40962,0.09,40.962,87.88633367511352,4384947841,2026-06-26 12:13:40.948593,26/06/26,12:13:40
41346,0.09,41.346,87.070091423596,4384989187,2026-06-26 12:14:22.294593,26/06/26,12:14:22
41345,0.09,41.345,87.07219736364736,4385030532,2026-06-26 12:15:03.639593,26/06/26,12:15:3
41393,0.09,41.393,86.97122701906119,4385071925,2026-06-26 12:15:45.032593,26/06/26,12:15:45
41416,0.09,41.416,86.92292833687463,4385113341,2026-06-26 12:16:26.448593,26/06/26,12:16:26
41294,0.09,41.294,87.17973555480215,4385154635,2026-06-26 12:17:07.742593,26/06/26,12:17:7
41372,0.09,41.372,87.01537271584647,4385196007,2026-06-26 12:17:49.114593,26/06/26,12:17:49
41396,0.09,41.396,86.9649241472606,4385237403,2026-06-26 12:18:30.510593,26/06/26,12:18:30
41449,0.09,41.449,86.85372385341022,4385278852,2026-06-26 12:19:11.959593,26/06/26,12:19:11
41383,0.09,41.383,86.99224319164874,4385320235,2026-06-26 12:19:53.342593,26/06/26,12:19:53
41424,0.09,41.424,86.90614136732329,4385361659,2026-06-26 12:20:34.766593,26/06/26,12:20:34
41413,0.09,41.413,86.92922512254606,4385403072,2026-06-26 12:21:16.179593,26/06/26,12:21:16
41260,0.09,41.26,87.2515753756665,4385444332,2026-06-26 12:21:57.439593,26/06/26,12:21:57
41298,0.09,41.298,87.17129158797036,4385485630,2026-06-26 12:22:38.737593,26/06/26,12:22:38
41425,0.09,41.425,86.90404345202172,4385527055,2026-06-26 12:23:20.162593,26/06/26,12:23:20
41474,0.09,41.474,86.80136953271929,4385568529,2026-06-26 12:24:01.636593,26/06/26,12:24:1
41459,0.09,41.459,86.83277454834897,4385609988,2026-06-26 12:24:43.095593,26/06/26,12:24:43
41468,0.09,41.468,86.81392881257837,4385651456,2026-06-26 12:25:24.563593,26/06/26,12:25:24
41252,0.09,41.252,87.26849607291767,4385692708,2026-06-26 12:26:05.815593,26/06/26,12:26:5
41457,0.09,41.457,86.83696360083943,4385734165,2026-06-26 12:26:47.272593,26/06/26,12:26:47
41363,0.09,41.363,87.03430602229045,4385775528,2026-06-26 12:27:28.635593,26/06/26,12:27:28
41341,0.09,41.341,87.08062214266708,4385816869,2026-06-26 12:28:09.976593,26/06/26,12:28:9
41381,0.09,41.381,86.99644764505449,4385858250,2026-06-26 12:28:51.357593,26/06/26,12:28:51
22031,0.16,22.031,163.40610957287458,4385880281,2026-06-26 12:29:13.388593,26/06/26,12:29:13
20929,0.17,20.929,172.01012948540304,4385901210,2026-06-26 12:29:34.317593,26/06/26,12:29:34
20811,0.17,20.811,172.98544039210034,4385922021,2026-06-26 12:29:55.128593,26/06/26,12:29:55
20887,0.17,20.887,172.3560109158807,4385942908,2026-06-26 12:30:16.015593,26/06/26,12:30:16
21101,0.17,21.101,170.6080280555424,4385964009,2026-06-26 12:30:37.116593,26/06/26,12:30:37
21279,0.17,21.279,169.1808825602707,4385985288,2026-06-26 12:30:58.395593,26/06/26,12:30:58
21433,0.17,21.433,167.96528717398405,4386006721,2026-06-26 12:31:19.828593,26/06/26,12:31:19
21583,0.17,21.583,166.79794282537182,4386028304,2026-06-26 12:31:41.411593,26/06/26,12:31:41
21704,0.17,21.704,165.86804275709545,4386050008,2026-06-26 12:32:03.115593,26/06/26,12:32:3
21795,0.17,21.795,165.17549896765314,4386071803,2026-06-26 12:32:24.910593,26/06/26,12:32:24
21835,0.16,21.835,164.87291046485,4386093638,2026-06-26 12:32:46.745593,26/06/26,12:32:46
22032,0.16,22.032,163.3986928104575,4386115670,2026-06-26 12:33:08.777593,26/06/26,12:33:8
22070,0.16,22.07,163.11735387403715,4386137740,2026-06-26 12:33:30.847593,26/06/26,12:33:30
22080,0.16,22.08,163.04347826086956,4386159820,2026-06-26 12:33:52.927593,26/06/26,12:33:52
22283,0.16,22.283,161.5581384912265,4386182103,2026-06-26 12:34:15.210593,26/06/26,12:34:15
22372,0.16,22.372,160.91543000178794,4386204475,2026-06-26 12:34:37.582593,26/06/26,12:34:37
22465,0.16,22.465,160.24927665257067,4386226940,2026-06-26 12:35:00.047593,26/06/26,12:35:0
22557,0.16,22.557,159.59569091634526,4386249497,2026-06-26 12:35:22.604593,26/06/26,12:35:22
22570,0.16,22.57,159.5037660611431,4386272067,2026-06-26 12:35:45.174593,26/06/26,12:35:45
22631,0.16,22.631,159.0738367725686,4386294698,2026-06-26 12:36:07.805593,26/06/26,12:36:7
22606,0.16,22.606,159.2497567017606,4386317304,2026-06-26 12:36:30.411593,26/06/26,12:36:30
21895,0.16,21.895,164.42110070792418,4386339199,2026-06-26 12:36:52.306593,26/06/26,12:36:52
34974,0.1,34.974,102.9336078229542,4386374173,2026-06-26 12:37:27.280593,26/06/26,12:37:27
39933,0.09,39.933,90.15100292990759,4386414106,2026-06-26 12:38:07.213593,26/06/26,12:38:7
39845,0.09,39.845,90.35010666332036,4386453951,2026-06-26 12:38:47.058593,26/06/26,12:38:47
39854,0.09,39.854,90.32970341747378,4386493805,2026-06-26 12:39:26.912593,26/06/26,12:39:26
39927,0.09,39.927,90.16455030430535,4386533732,2026-06-26 12:40:06.839593,26/06/26,12:40:6
39950,0.09,39.95,90.11264080100125,4386573682,2026-06-26 12:40:46.789593,26/06/26,12:40:46
40020,0.09,40.02,89.95502248875562,4386613702,2026-06-26 12:41:26.809593,26/06/26,12:41:26
40047,0.09,40.047,89.89437411042026,4386653749,2026-06-26 12:42:06.856593,26/06/26,12:42:6
39867,0.09,39.867,90.3002483256829,4386693616,2026-06-26 12:42:46.723593,26/06/26,12:42:46
39206,0.09,39.206,91.82268020200989,4386732822,2026-06-26 12:43:25.929593,26/06/26,12:43:25
38866,0.09,38.866,92.62594555652755,4386771688,2026-06-26 12:44:04.795593,26/06/26,12:44:4
39189,0.09,39.189,91.86251243971523,4386810877,2026-06-26 12:44:43.984593,26/06/26,12:44:43
39247,0.09,39.247,91.72675618518613,4386850124,2026-06-26 12:45:23.231593,26/06/26,12:45:23
39178,0.09,39.178,91.88830466077901,4386889302,2026-06-26 12:46:02.409593,26/06/26,12:46:2
39061,0.09,39.061,92.16353907990067,4386928363,2026-06-26 12:46:41.470593,26/06/26,12:46:41
39151,0.09,39.151,91.95167428673597,4386967514,2026-06-26 12:47:20.621593,26/06/26,12:47:20
39120,0.09,39.12,92.02453987730061,4387006634,2026-06-26 12:47:59.741593,26/06/26,12:47:59
39721,0.09,39.721,90.6321593111956,4387046355,2026-06-26 12:48:39.462593,26/06/26,12:48:39
39788,0.09,39.788,90.47954157032271,4387086143,2026-06-26 12:49:19.250593,26/06/26,12:49:19
39654,0.09,39.654,90.78529278256923,4387125797,2026-06-26 12:49:58.904593,26/06/26,12:49:58
39548,0.09,39.548,91.02862344492769,4387165345,2026-06-26 12:50:38.452593,26/06/26,12:50:38
39576,0.09,39.576,90.96422073984233,4387204921,2026-06-26 12:51:18.028593,26/06/26,12:51:18
39547,0.09,39.547,91.03092522820947,4387244468,2026-06-26 12:51:57.575593,26/06/26,12:51:57
39330,0.09,39.33,91.53318077803203,4387283798,2026-06-26 12:52:36.905593,26/06/26,12:52:36
39396,0.09,39.396,91.37983551629607,4387323194,2026-06-26 12:53:16.301593,26/06/26,12:53:16
39438,0.09,39.438,91.28251939753537,4387362632,2026-06-26 12:53:55.739593,26/06/26,12:53:55
39981,0.09,39.981,90.04277031590006,4387402613,2026-06-26 12:54:35.720593,26/06/26,12:54:35
40154,0.09,40.154,89.6548289087015,4387442767,2026-06-26 12:55:15.874593,26/06/26,12:55:15
40344,0.09,40.344,89.2325996430696,4387483111,2026-06-26 12:55:56.218593,26/06/26,12:55:56
40245,0.09,40.245,89.45210585165859,4387523356,2026-06-26 12:56:36.463593,26/06/26,12:56:36
40774,0.09,40.774,88.2915583460048,4387564130,2026-06-26 12:57:17.237593,26/06/26,12:57:17
41229,0.09,41.229,87.31717965509714,4387605359,2026-06-26 12:57:58.466593,26/06/26,12:57:58
41115,0.09,41.115,87.55928493250639,4387646474,2026-06-26 12:58:39.581593,26/06/26,12:58:39
41347,0.09,41.347,87.06798558541128,4387687821,2026-06-26 12:59:20.928593,26/06/26,12:59:20
41102,0.09,41.102,87.58697873582794,4387728923,2026-06-26 13:00:02.030593,26/06/26,13:0:2
41221,0.09,41.221,87.33412580966012,4387770144,2026-06-26 13:00:43.251593,26/06/26,13:0:43
41123,0.09,41.123,87.5422512948958,4387811267,2026-06-26 13:01:24.374593,26/06/26,13:1:24
39598,0.09,39.598,90.91368250921764,4387850865,2026-06-26 13:02:03.972593,26/06/26,13:2:3
38275,0.09,38.275,94.05617243631613,4387889140,2026-06-26 13:02:42.247593,26/06/26,13:2:42
38545,0.09,38.545,93.39732779867687,4387927685,2026-06-26 13:03:20.792593,26/06/26,13:3:20
30791,0.12,30.791,116.91728102367576,4387958476,2026-06-26 13:03:51.583593,26/06/26,13:3:51
20459,0.17,20.459,175.96167945647392,4387978935,2026-06-26 13:04:12.042593,26/06/26,13:4:12
20269,0.18,20.269,177.61113029749865,4387999204,2026-06-26 13:04:32.311593,26/06/26,13:4:32
20183,0.18,20.183,178.36793340930487,4388019387,2026-06-26 13:04:52.494593,26/06/26,13:4:52
20288,0.18,20.288,177.44479495268138,4388039675,2026-06-26 13:05:12.782593,26/06/26,13:5:12
20506,0.17,20.506,175.5583731590754,4388060181,2026-06-26 13:05:33.288593,26/06/26,13:5:33
20627,0.17,20.627,174.5285305667329,4388080808,2026-06-26 13:05:53.915593,26/06/26,13:5:53
20841,0.17,20.841,172.7364329926587,4388101649,2026-06-26 13:06:14.756593,26/06/26,13:6:14
20888,0.17,20.888,172.34775947912678,4388122537,2026-06-26 13:06:35.644593,26/06/26,13:6:35
20965,0.17,20.965,171.71476269973766,4388143502,2026-06-26 13:06:56.609593,26/06/26,13:6:56
21118,0.17,21.118,170.47068851216972,4388164620,2026-06-26 13:07:17.727593,26/06/26,13:7:17
21193,0.17,21.193,169.86740905015807,4388185813,2026-06-26 13:07:38.920593,26/06/26,13:7:38
21297,0.17,21.297,169.03789266093816,4388207110,2026-06-26 13:08:00.217593,26/06/26,13:8:0
21356,0.17,21.356,168.57089342573516,4388228466,2026-06-26 13:08:21.573593,26/06/26,13:8:21
21411,0.17,21.411,168.13787305590586,4388249877,2026-06-26 13:08:42.984593,26/06/26,13:8:42
21536,0.17,21.536,167.16196136701336,4388271413,2026-06-26 13:09:04.520593,26/06/26,13:9:4
21611,0.17,21.611,166.5818333256212,4388293024,2026-06-26 13:09:26.131593,26/06/26,13:9:26
21637,0.17,21.637,166.38166104358274,4388314661,2026-06-26 13:09:47.768593,26/06/26,13:9:47
21740,0.17,21.74,165.5933762649494,4388336401,2026-06-26 13:10:09.508593,26/06/26,13:10:9
21668,0.17,21.668,166.1436219309581,4388358069,2026-06-26 13:10:31.176593,26/06/26,13:10:31
21737,0.17,21.737,165.61623039057827,4388379806,2026-06-26 13:10:52.913593,26/06/26,13:10:52
21877,0.16,21.877,164.55638341637336,4388401683,2026-06-26 13:11:14.790593,26/06/26,13:11:14
21890,0.16,21.89,164.45865692096848,4388423573,2026-06-26 13:11:36.680593,26/06/26,13:11:36
21864,0.16,21.864,164.6542261251372,4388445437,2026-06-26 13:11:58.544593,26/06/26,13:11:58
33630,0.11,33.63,107.04727921498662,4388479067,2026-06-26 13:12:32.174593,26/06/26,13:12:32
38936,0.09,38.936,92.45942058763099,4388518003,2026-06-26 13:13:11.110593,26/06/26,13:13:11
38875,0.09,38.875,92.60450160771704,4388556878,2026-06-26 13:13:49.985593,26/06/26,13:13:49
39664,0.09,39.664,90.76240419524001,4388596542,2026-06-26 13:14:29.649593,26/06/26,13:14:29
39811,0.09,39.811,90.42726884529401,4388636353,2026-06-26 13:15:09.460593,26/06/26,13:15:9
39751,0.09,39.751,90.56375940227919,4388676104,2026-06-26 13:15:49.211593,26/06/26,13:15:49
37505,0.09,37.505,95.98720170643914,4388713609,2026-06-26 13:16:26.716593,26/06/26,13:16:26
37790,0.09,37.79,95.26329716856311,4388751399,2026-06-26 13:17:04.506593,26/06/26,13:17:4
37877,0.09,37.877,95.0444860997439,4388789276,2026-06-26 13:17:42.383593,26/06/26,13:17:42
38920,0.09,38.92,92.49743062692703,4388828196,2026-06-26 13:18:21.303593,26/06/26,13:18:21
38978,0.09,38.978,92.35979270357637,4388867174,2026-06-26 13:19:00.281593,26/06/26,13:19:0
38911,0.09,38.911,92.51882501092236,4388906085,2026-06-26 13:19:39.192593,26/06/26,13:19:39
38844,0.09,38.844,92.67840593141798,4388944929,2026-06-26 13:20:18.036593,26/06/26,13:20:18
38955,0.09,38.955,92.41432422025414,4388983884,2026-06-26 13:20:56.991593,26/06/26,13:20:56
38906,0.09,38.906,92.53071505680357,4389022790,2026-06-26 13:21:35.897593,26/06/26,13:21:35
38944,0.09,38.944,92.44042728019721,4389061734,2026-06-26 13:22:14.841593,26/06/26,13:22:14
38938,0.09,38.938,92.45467152909754,4389100672,2026-06-26 13:22:53.779593,26/06/26,13:22:53
38819,0.09,38.819,92.73809217135938,4389139491,2026-06-26 13:23:32.598593,26/06/26,13:23:32
38879,0.09,38.879,92.59497415056971,4389178370,2026-06-26 13:24:11.477593,26/06/26,13:24:11
38955,0.09,38.955,92.41432422025414,4389217325,2026-06-26 13:24:50.432593,26/06/26,13:24:50
38903,0.09,38.903,92.53785055137136,4389256228,2026-06-26 13:25:29.335593,26/06/26,13:25:29
38898,0.09,38.898,92.5497454881999,4389295126,2026-06-26 13:26:08.233593,26/06/26,13:26:8
38626,0.09,38.626,93.2014705120903,4389333752,2026-06-26 13:26:46.859593,26/06/26,13:26:46
39577,0.09,39.577,90.9619223286252,4389373329,2026-06-26 13:27:26.436593,26/06/26,13:27:26
39877,0.09,39.877,90.27760363116583,4389413206,2026-06-26 13:28:06.313593,26/06/26,13:28:6
39828,0.09,39.828,90.38867128653209,4389453034,2026-06-26 13:28:46.141593,26/06/26,13:28:46
39741,0.09,39.741,90.5865478976372,4389492775,2026-06-26 13:29:25.882593,26/06/26,13:29:25
39720,0.09,39.72,90.6344410876133,4389532495,2026-06-26 13:30:05.602593,26/06/26,13:30:5
39743,0.09,39.743,90.58198928113127,4389572238,2026-06-26 13:30:45.345593,26/06/26,13:30:45
39832,0.09,39.832,90.37959429604338,4389612070,2026-06-26 13:31:25.177593,26/06/26,13:31:25
39739,0.09,39.739,90.59110697299882,4389651809,2026-06-26 13:32:04.916593,26/06/26,13:32:4
39546,0.09,39.546,91.03322712790168,4389691355,2026-06-26 13:32:44.462593,26/06/26,13:32:44
39686,0.09,39.686,90.71208990576022,4389731041,2026-06-26 13:33:24.148593,26/06/26,13:33:24
39745,0.09,39.745,90.57743112341176,4389770786,2026-06-26 13:34:03.893593,26/06/26,13:34:3
39615,0.09,39.615,90.87466868610375,4389810401,2026-06-26 13:34:43.508593,26/06/26,13:34:43
39810,0.09,39.81,90.42954031650339,4389850211,2026-06-26 13:35:23.318593,26/06/26,13:35:23
38392,0.09,38.392,93.7695353198583,4389888603,2026-06-26 13:36:01.710593,26/06/26,13:36:1
38480,0.09,38.48,93.55509355509355,4389927083,2026-06-26 13:36:40.190593,26/06/26,13:36:40
38098,0.09,38.098,94.49314924667962,4389965181,2026-06-26 13:37:18.288593,26/06/26,13:37:18
38680,0.09,38.68,93.07135470527405,4390003861,2026-06-26 13:37:56.968593,26/06/26,13:37:56
38486,0.09,38.486,93.54050823676143,4390042347,2026-06-26 13:38:35.454593,26/06/26,13:38:35
22331,0.16,22.331,161.2108727777529,4390064678,2026-06-26 13:38:57.785593,26/06/26,13:38:57
20204,0.18,20.204,178.1825381112651,4390084882,2026-06-26 13:39:17.989593,26/06/26,13:39:17
20130,0.18,20.13,178.83755588673623,4390105012,2026-06-26 13:39:38.119593,26/06/26,13:39:38
20148,0.18,20.148,178.6777843954735,4390125160,2026-06-26 13:39:58.267593,26/06/26,13:39:58
20297,0.18,20.297,177.36611321870228,4390145457,2026-06-26 13:40:18.564593,26/06/26,13:40:18
20602,0.17,20.602,174.74031647412872,4390166059,2026-06-26 13:40:39.166593,26/06/26,13:40:39
20690,0.17,20.69,173.99710004833253,4390186749,2026-06-26 13:40:59.856593,26/06/26,13:40:59
20799,0.17,20.799,173.08524448290783,4390207548,2026-06-26 13:41:20.655593,26/06/26,13:41:20
20901,0.17,20.901,172.24056265250468,4390228449,2026-06-26 13:41:41.556593,26/06/26,13:41:41
21038,0.17,21.038,171.11892765472004,4390249487,2026-06-26 13:42:02.594593,26/06/26,13:42:2
21050,0.17,21.05,171.021377672209,4390270537,2026-06-26 13:42:23.644593,26/06/26,13:42:23
21171,0.17,21.171,170.04392801473713,4390291708,2026-06-26 13:42:44.815593,26/06/26,13:42:44
21309,0.17,21.309,168.9427002674926,4390313017,2026-06-26 13:43:06.124593,26/06/26,13:43:6
21014,0.17,21.014,171.3143618540021,4390334031,2026-06-26 13:43:27.138593,26/06/26,13:43:27
21132,0.17,21.132,170.35775127768312,4390355163,2026-06-26 13:43:48.270593,26/06/26,13:43:48
21244,0.17,21.244,169.4596121257767,4390376407,2026-06-26 13:44:09.514593,26/06/26,13:44:9
21302,0.17,21.302,168.99821612994086,4390397709,2026-06-26 13:44:30.816593,26/06/26,13:44:30
21429,0.17,21.429,167.99664006719865,4390419138,2026-06-26 13:44:52.245593,26/06/26,13:44:52
21508,0.17,21.508,167.37957969127766,4390440646,2026-06-26 13:45:13.753593,26/06/26,13:45:13
21493,0.17,21.493,167.49639417484764,4390462139,2026-06-26 13:45:35.246593,26/06/26,13:45:35
21542,0.17,21.542,167.11540246959427,4390483681,2026-06-26 13:45:56.788593,26/06/26,13:45:56
21578,0.17,21.578,166.8365928260265,4390505259,2026-06-26 13:46:18.366593,26/06/26,13:46:18
21637,0.17,21.637,166.38166104358274,4390526896,2026-06-26 13:46:40.003593,26/06/26,13:46:40
24999,0.14,24.999,144.0057602304092,4390551895,2026-06-26 13:47:05.002593,26/06/26,13:47:5
38648,0.09,38.648,93.14841647691989,4390590543,2026-06-26 13:47:43.650593,26/06/26,13:47:43
39327,0.09,39.327,91.54016324662446,4390629870,2026-06-26 13:48:22.977593,26/06/26,13:48:22
39263,0.09,39.263,91.68937676693069,4390669133,2026-06-26 13:49:02.240593,26/06/26,13:49:2
38664,0.09,38.664,93.10986964618249,4390707797,2026-06-26 13:49:40.904593,26/06/26,13:49:40
38448,0.09,38.448,93.63295880149813,4390746245,2026-06-26 13:50:19.352593,26/06/26,13:50:19
38475,0.09,38.475,93.5672514619883,4390784720,2026-06-26 13:50:57.827593,26/06/26,13:50:57
38442,0.09,38.442,93.64757296706728,4390823162,2026-06-26 13:51:36.269593,26/06/26,13:51:36
38502,0.09,38.502,93.50163627863488,4390861664,2026-06-26 13:52:14.771593,26/06/26,13:52:14
38389,0.09,38.389,93.77686316392716,4390900053,2026-06-26 13:52:53.160593,26/06/26,13:52:53
38456,0.09,38.456,93.61348034116912,4390938509,2026-06-26 13:53:31.616593,26/06/26,13:53:31
38579,0.09,38.579,93.31501594131522,4390977088,2026-06-26 13:54:10.195593,26/06/26,13:54:10
39149,0.09,39.149,91.95637181026335,4391016237,2026-06-26 13:54:49.344593,26/06/26,13:54:49
39066,0.09,39.066,92.15174320380893,4391055303,2026-06-26 13:55:28.410593,26/06/26,13:55:28
39092,0.09,39.092,92.09045328967564,4391094395,2026-06-26 13:56:07.502593,26/06/26,13:56:7
38985,0.09,38.985,92.3432089265102,4391133380,2026-06-26 13:56:46.487593,26/06/26,13:56:46
38882,0.09,38.882,92.58782984414383,4391172262,2026-06-26 13:57:25.369593,26/06/26,13:57:25
39385,0.09,39.385,91.40535736955694,4391211647,2026-06-26 13:58:04.754593,26/06/26,13:58:4
39379,0.09,39.379,91.41928439015719,4391251026,2026-06-26 13:58:44.133593,26/06/26,13:58:44
30641,0.12,30.641,117.48963806664274,4391281667,2026-06-26 13:59:14.774593,26/06/26,13:59:14
27354,0.13,27.354,131.60780872998464,4391309021,2026-06-26 13:59:42.128593,26/06/26,13:59:42
28640,0.12,28.64,125.69832402234637,4391337661,2026-06-26 14:00:10.768593,26/06/26,14:0:10
10488,0.34,10.488,343.24942791762015,4391348149,2026-06-26 14:00:21.256593,26/06/26,14:0:21
1580,2.28,1.58,2278.481012658228,4391349729,2026-06-26 14:00:22.836593,26/06/26,14:0:22
1590,2.26,1.59,2264.1509433962265,4391351319,2026-06-26 14:00:24.426593,26/06/26,14:0:24
1595,2.26,1.595,2257.05329153605,4391352914,2026-06-26 14:00:26.021593,26/06/26,14:0:26
1598,2.25,1.598,2252.8160200250313,4391354512,2026-06-26 14:00:27.619593,26/06/26,14:0:27
1603,2.24,1.603,2245.789145352464,4391356115,2026-06-26 14:00:29.222593,26/06/26,14:0:29
1601,2.25,1.601,2248.5946283572766,4391357716,2026-06-26 14:00:30.823593,26/06/26,14:0:30
1606,2.24,1.606,2241.5940224159403,4391359322,2026-06-26 14:00:32.429593,26/06/26,14:0:32
1610,2.24,1.61,2236.0248447204967,4391360932,2026-06-26 14:00:34.039593,26/06/26,14:0:34
1608,2.24,1.608,2238.805970149254,4391362540,2026-06-26 14:00:35.647593,26/06/26,14:0:35
1610,2.24,1.61,2236.0248447204967,4391364150,2026-06-26 14:00:37.257593,26/06/26,14:0:37
1612,2.23,1.612,2233.2506203473945,4391365762,2026-06-26 14:00:38.869593,26/06/26,14:0:38
1618,2.22,1.618,2224.9690976514216,4391367380,2026-06-26 14:00:40.487593,26/06/26,14:0:40
1617,2.23,1.617,2226.3450834879404,4391368997,2026-06-26 14:00:42.104593,26/06/26,14:0:42
1613,2.23,1.613,2231.866088034718,4391370610,2026-06-26 14:00:43.717593,26/06/26,14:0:43
1610,2.24,1.61,2236.0248447204967,4391372220,2026-06-26 14:00:45.327593,26/06/26,14:0:45
1613,2.23,1.613,2231.866088034718,4391373833,2026-06-26 14:00:46.940593,26/06/26,14:0:46
1612,2.23,1.612,2233.2506203473945,4391375445,2026-06-26 14:00:48.552593,26/06/26,14:0:48
1616,2.23,1.616,2227.7227722772277,4391377061,2026-06-26 14:00:50.168593,26/06/26,14:0:50
1621,2.22,1.621,2220.8513263417644,4391378682,2026-06-26 14:00:51.789593,26/06/26,14:0:51
1610,2.24,1.61,2236.0248447204967,4391380292,2026-06-26 14:00:53.399593,26/06/26,14:0:53
1608,2.24,1.608,2238.805970149254,4391381900,2026-06-26 14:00:55.007593,26/06/26,14:0:55
1614,2.23,1.614,2230.4832713754645,4391383514,2026-06-26 14:00:56.621593,26/06/26,14:0:56
1604,2.24,1.604,2244.3890274314213,4391385118,2026-06-26 14:00:58.225593,26/06/26,14:0:58
1610,2.24,1.61,2236.0248447204967,4391386728,2026-06-26 14:00:59.835593,26/06/26,14:0:59
1609,2.24,1.609,2237.414543194531,4391388337,2026-06-26 14:01:01.444593,26/06/26,14:1:1
1606,2.24,1.606,2241.5940224159403,4391389943,2026-06-26 14:01:03.050593,26/06/26,14:1:3
1603,2.24,1.603,2245.789145352464,4391391546,2026-06-26 14:01:04.653593,26/06/26,14:1:4
1610,2.24,1.61,2236.0248447204967,4391393156,2026-06-26 14:01:06.263593,26/06/26,14:1:6
1598,2.25,1.598,2252.8160200250313,4391394754,2026-06-26 14:01:07.861593,26/06/26,14:1:7
1608,2.24,1.608,2238.805970149254,4391396362,2026-06-26 14:01:09.469593,26/06/26,14:1:9
1609,2.24,1.609,2237.414543194531,4391397971,2026-06-26 14:01:11.078593,26/06/26,14:1:11
1610,2.24,1.61,2236.0248447204967,4391399581,2026-06-26 14:01:12.688593,26/06/26,14:1:12
1613,2.23,1.613,2231.866088034718,4391401194,2026-06-26 14:01:14.301593,26/06/26,14:1:14
1609,2.24,1.609,2237.414543194531,4391402803,2026-06-26 14:01:15.910593,26/06/26,14:1:15
1603,2.24,1.603,2245.789145352464,4391404406,2026-06-26 14:01:17.513593,26/06/26,14:1:17
1609,2.24,1.609,2237.414543194531,4391406015,2026-06-26 14:01:19.122593,26/06/26,14:1:19
1609,2.24,1.609,2237.414543194531,4391407624,2026-06-26 14:01:20.731593,26/06/26,14:1:20
1609,2.24,1.609,2237.414543194531,4391409233,2026-06-26 14:01:22.340593,26/06/26,14:1:22
1608,2.24,1.608,2238.805970149254,4391410841,2026-06-26 14:01:23.948593,26/06/26,14:1:23
1611,2.23,1.611,2234.63687150838,4391412452,2026-06-26 14:01:25.559593,26/06/26,14:1:25
1605,2.24,1.605,2242.9906542056074,4391414057,2026-06-26 14:01:27.164593,26/06/26,14:1:27
1601,2.25,1.601,2248.5946283572766,4391415658,2026-06-26 14:01:28.765593,26/06/26,14:1:28
1610,2.24,1.61,2236.0248447204967,4391417268,2026-06-26 14:01:30.375593,26/06/26,14:1:30
1610,2.24,1.61,2236.0248447204967,4391418878,2026-06-26 14:01:31.985593,26/06/26,14:1:31
1611,2.23,1.611,2234.63687150838,4391420489,2026-06-26 14:01:33.596593,26/06/26,14:1:33
1611,2.23,1.611,2234.63687150838,4391422100,2026-06-26 14:01:35.207593,26/06/26,14:1:35
10887,0.33,10.887,330.6696059520529,4391432987,2026-06-26 14:01:46.094593,26/06/26,14:1:46
28667,0.12,28.667,125.57993511703353,4391461654,2026-06-26 14:02:14.761593,26/06/26,14:2:14
28924,0.12,28.924,124.46411284746232,4391490578,2026-06-26 14:02:43.685593,26/06/26,14:2:43
28505,0.13,28.505,126.29363269601824,4391519083,2026-06-26 14:03:12.190593,26/06/26,14:3:12
29106,0.12,29.106,123.68583797155226,4391548189,2026-06-26 14:03:41.296593,26/06/26,14:3:41
29400,0.12,29.4,122.44897959183673,4391577589,2026-06-26 14:04:10.696593,26/06/26,14:4:10
29766,0.12,29.766,120.94335819391252,4391607355,2026-06-26 14:04:40.462593,26/06/26,14:4:40
28876,0.12,28.876,124.6710070646904,4391636231,2026-06-26 14:05:09.338593,26/06/26,14:5:9
28705,0.12,28.705,125.41369099460024,4391664936,2026-06-26 14:05:38.043593,26/06/26,14:5:38
28666,0.12,28.666,125.58431591432358,4391693602,2026-06-26 14:06:06.709593,26/06/26,14:6:6
29004,0.12,29.004,124.12081092263136,4391722606,2026-06-26 14:06:35.713593,26/06/26,14:6:35
28840,0.12,28.84,124.82662968099861,4391751446,2026-06-26 14:07:04.553593,26/06/26,14:7:4
28860,0.12,28.86,124.74012474012474,4391780306,2026-06-26 14:07:33.413593,26/06/26,14:7:33
28165,0.13,28.165,127.81821409550861,4391808471,2026-06-26 14:08:01.578593,26/06/26,14:8:1
28793,0.12,28.793,125.0303893307401,4391837264,2026-06-26 14:08:30.371593,26/06/26,14:8:30
28031,0.13,28.031,128.42923905675858,4391865295,2026-06-26 14:08:58.402593,26/06/26,14:8:58
28177,0.13,28.177,127.76377896866238,4391893472,2026-06-26 14:09:26.579593,26/06/26,14:9:26
28243,0.13,28.243,127.46521261905605,4391921715,2026-06-26 14:09:54.822593,26/06/26,14:9:54
27485,0.13,27.485,130.9805348371839,4391949200,2026-06-26 14:10:22.307593,26/06/26,14:10:22
27164,0.13,27.164,132.52834634074512,4391976364,2026-06-26 14:10:49.471593,26/06/26,14:10:49
27222,0.13,27.222,132.24597751818382,4392003586,2026-06-26 14:11:16.693593,26/06/26,14:11:16
27278,0.13,27.278,131.97448493291296,4392030864,2026-06-26 14:11:43.971593,26/06/26,14:11:43
16463,0.22,16.463,218.67217396586284,4392047327,2026-06-26 14:12:00.434593,26/06/26,14:12:0
16443,0.22,16.443,218.93814997263274,4392063770,2026-06-26 14:12:16.877593,26/06/26,14:12:16
13934,0.26,13.934,258.360843978757,4392077704,2026-06-26 14:12:30.811593,26/06/26,14:12:30
13843,0.26,13.843,260.05923571480173,4392091547,2026-06-26 14:12:44.654593,26/06/26,14:12:44
13836,0.26,13.836,260.19080659150046,4392105383,2026-06-26 14:12:58.490593,26/06/26,14:12:58
13767,0.26,13.767,261.49487905861844,4392119150,2026-06-26 14:13:12.257593,26/06/26,14:13:12
13879,0.26,13.879,259.3846818935082,4392133029,2026-06-26 14:13:26.136593,26/06/26,14:13:26
13824,0.26,13.824,260.4166666666667,4392146853,2026-06-26 14:13:39.960593,26/06/26,14:13:39
13854,0.26,13.854,259.852750108272,4392160707,2026-06-26 14:13:53.814593,26/06/26,14:13:53
13833,0.26,13.833,260.24723487312946,4392174540,2026-06-26 14:14:07.647593,26/06/26,14:14:7
13980,0.26,13.98,257.51072961373393,4392188520,2026-06-26 14:14:21.627593,26/06/26,14:14:21
13962,0.26,13.962,257.8427159432746,4392202482,2026-06-26 14:14:35.589593,26/06/26,14:14:35
13882,0.26,13.882,259.3286269989915,4392216364,2026-06-26 14:14:49.471593,26/06/26,14:14:49
13963,0.26,13.963,257.8242498030509,4392230327,2026-06-26 14:15:03.434593,26/06/26,14:15:3
13880,0.26,13.88,259.3659942363112,4392244207,2026-06-26 14:15:17.314593,26/06/26,14:15:17
14019,0.26,14.019,256.79435052428846,4392258226,2026-06-26 14:15:31.333593,26/06/26,14:15:31
14046,0.26,14.046,256.3007261853909,4392272272,2026-06-26 14:15:45.379593,26/06/26,14:15:45
14055,0.26,14.055,256.136606189968,4392286327,2026-06-26 14:15:59.434593,26/06/26,14:15:59
14095,0.25,14.095,255.40971975877972,4392300422,2026-06-26 14:16:13.529593,26/06/26,14:16:13
14101,0.25,14.101,255.30104247925678,4392314523,2026-06-26 14:16:27.630593,26/06/26,14:16:27
14054,0.26,14.054,256.154831364736,4392328577,2026-06-26 14:16:41.684593,26/06/26,14:16:41
14353,0.25,14.353,250.8186441858845,4392342930,2026-06-26 14:16:56.037593,26/06/26,14:16:56
14558,0.25,14.558,247.286715208133,4392357488,2026-06-26 14:17:10.595593,26/06/26,14:17:10
14525,0.25,14.525,247.8485370051635,4392372013,2026-06-26 14:17:25.120593,26/06/26,14:17:25
14625,0.25,14.625,246.15384615384616,4392386638,2026-06-26 14:17:39.745593,26/06/26,14:17:39
14860,0.24,14.86,242.26110363391655,4392401498,2026-06-26 14:17:54.605593,26/06/26,14:17:54
15003,0.24,15.003,239.9520095980804,4392416501,2026-06-26 14:18:09.608593,26/06/26,14:18:9
15003,0.24,15.003,239.9520095980804,4392431504,2026-06-26 14:18:24.611593,26/06/26,14:18:24
15028,0.24,15.028,239.55283470854405,4392446532,2026-06-26 14:18:39.639593,26/06/26,14:18:39
15005,0.24,15.005,239.92002665778074,4392461537,2026-06-26 14:18:54.644593,26/06/26,14:18:54
15083,0.24,15.083,238.6793078300073,4392476620,2026-06-26 14:19:09.727593,26/06/26,14:19:9
15025,0.24,15.025,239.6006655574043,4392491645,2026-06-26 14:19:24.752593,26/06/26,14:19:24
15094,0.24,15.094,238.50536637074333,4392506739,2026-06-26 14:19:39.846593,26/06/26,14:19:39
15100,0.24,15.1,238.41059602649005,4392521839,2026-06-26 14:19:54.946593,26/06/26,14:19:54
19645,0.18,19.645,183.25273606515654,4392541484,2026-06-26 14:20:14.591593,26/06/26,14:20:14
21492,0.17,21.492,167.50418760469012,4392562976,2026-06-26 14:20:36.083593,26/06/26,14:20:36
21407,0.17,21.407,168.16929041902182,4392584383,2026-06-26 14:20:57.490593,26/06/26,14:20:57
21676,0.17,21.676,166.08230300793505,4392606059,2026-06-26 14:21:19.166593,26/06/26,14:21:19
21658,0.17,21.658,166.22033428756117,4392627717,2026-06-26 14:21:40.824593,26/06/26,14:21:40
21547,0.17,21.547,167.07662319580453,4392649264,2026-06-26 14:22:02.371593,26/06/26,14:22:2
21603,0.17,21.603,166.64352173309263,4392670867,2026-06-26 14:22:23.974593,26/06/26,14:22:23
21658,0.17,21.658,166.22033428756117,4392692525,2026-06-26 14:22:45.632593,26/06/26,14:22:45
21602,0.17,21.602,166.65123599666697,4392714127,2026-06-26 14:23:07.234593,26/06/26,14:23:7
21654,0.17,21.654,166.25103906899417,4392735781,2026-06-26 14:23:28.888593,26/06/26,14:23:28
21731,0.17,21.731,165.66195757213197,4392757512,2026-06-26 14:23:50.619593,26/06/26,14:23:50
21569,0.17,21.569,166.90620798368028,4392779081,2026-06-26 14:24:12.188593,26/06/26,14:24:12
21757,0.17,21.757,165.46398860136966,4392800838,2026-06-26 14:24:33.945593,26/06/26,14:24:33
21305,0.17,21.305,168.97441915043416,4392822143,2026-06-26 14:24:55.250593,26/06/26,14:24:55
20953,0.17,20.953,171.8131055218823,4392843096,2026-06-26 14:25:16.203593,26/06/26,14:25:16
21149,0.17,21.149,170.2208142228947,4392864245,2026-06-26 14:25:37.352593,26/06/26,14:25:37
21081,0.17,21.081,170.76988757649067,4392885326,2026-06-26 14:25:58.433593,26/06/26,14:25:58
21129,0.17,21.129,170.38193951441147,4392906455,2026-06-26 14:26:19.562593,26/06/26,14:26:19
21770,0.17,21.77,165.36518144235185,4392928225,2026-06-26 14:26:41.332593,26/06/26,14:26:41
21651,0.17,21.651,166.27407510045725,4392949876,2026-06-26 14:27:02.983593,26/06/26,14:27:2
21965,0.16,21.965,163.89710903710449,4392971841,2026-06-26 14:27:24.948593,26/06/26,14:27:24
22031,0.16,22.031,163.40610957287458,4392993872,2026-06-26 14:27:46.979593,26/06/26,14:27:46
21840,0.16,21.84,164.83516483516485,4393015712,2026-06-26 14:28:08.819593,26/06/26,14:28:8
22016,0.16,22.016,163.5174418604651,4393037728,2026-06-26 14:28:30.835593,26/06/26,14:28:30
22075,0.16,22.075,163.08040770101925,4393059803,2026-06-26 14:28:52.910593,26/06/26,14:28:52
21813,0.17,21.813,165.03919680924218,4393081616,2026-06-26 14:29:14.723593,26/06/26,14:29:14
21935,0.16,21.935,164.1212673808981,4393103551,2026-06-26 14:29:36.658593,26/06/26,14:29:36
21934,0.16,21.934,164.1287498860217,4393125485,2026-06-26 14:29:58.592593,26/06/26,14:29:58
22037,0.16,22.037,163.36161909515815,4393147522,2026-06-26 14:30:20.629593,26/06/26,14:30:20
21984,0.16,21.984,163.75545851528383,4393169506,2026-06-26 14:30:42.613593,26/06/26,14:30:42
21998,0.16,21.998,163.6512410219111,4393191504,2026-06-26 14:31:04.611593,26/06/26,14:31:4
22027,0.16,22.027,163.4357833567894,4393213531,2026-06-26 14:31:26.638593,26/06/26,14:31:26
22057,0.16,22.057,163.21349231536473,4393235588,2026-06-26 14:31:48.695593,26/06/26,14:31:48
21916,0.16,21.916,164.2635517430188,4393257504,2026-06-26 14:32:10.611593,26/06/26,14:32:10
22005,0.16,22.005,163.59918200408998,4393279509,2026-06-26 14:32:32.616593,26/06/26,14:32:32
21876,0.16,21.876,164.56390565002744,4393301385,2026-06-26 14:32:54.492593,26/06/26,14:32:54
21874,0.16,21.874,164.5789521806711,4393323259,2026-06-26 14:33:16.366593,26/06/26,14:33:16
21879,0.16,21.879,164.54134101192923,4393345138,2026-06-26 14:33:38.245593,26/06/26,14:33:38
21844,0.16,21.844,164.80498077275223,4393366982,2026-06-26 14:34:00.089593,26/06/26,14:34:0
21952,0.16,21.952,163.9941690962099,4393388934,2026-06-26 14:34:22.041593,26/06/26,14:34:22
21998,0.16,21.998,163.6512410219111,4393410932,2026-06-26 14:34:44.039593,26/06/26,14:34:44
21969,0.16,21.969,163.8672675133142,4393432901,2026-06-26 14:35:06.008593,26/06/26,14:35:6
21927,0.16,21.927,164.18114653167328,4393454828,2026-06-26 14:35:27.935593,26/06/26,14:35:27
21991,0.16,21.991,163.70333318175616,4393476819,2026-06-26 14:35:49.926593,26/06/26,14:35:49
21853,0.16,21.853,164.73710703335925,4393498672,2026-06-26 14:36:11.779593,26/06/26,14:36:11
22015,0.16,22.015,163.52486940722235,4393520687,2026-06-26 14:36:33.794593,26/06/26,14:36:33
21879,0.16,21.879,164.54134101192923,4393542566,2026-06-26 14:36:55.673593,26/06/26,14:36:55
21938,0.16,21.938,164.09882395842828,4393564504,2026-06-26 14:37:17.611593,26/06/26,14:37:17
22114,0.16,22.114,162.79280094058063,4393586618,2026-06-26 14:37:39.725593,26/06/26,14:37:39
21971,0.16,21.971,163.85235082608892,4393608589,2026-06-26 14:38:01.696593,26/06/26,14:38:1
22053,0.16,22.053,163.24309617739084,4393630642,2026-06-26 14:38:23.749593,26/06/26,14:38:23
21981,0.16,21.981,163.7778081070015,4393652623,2026-06-26 14:38:45.730593,26/06/26,14:38:45
22015,0.16,22.015,163.52486940722235,4393674638,2026-06-26 14:39:07.745593,26/06/26,14:39:7
22095,0.16,22.095,162.93279022403257,4393696733,2026-06-26 14:39:29.840593,26/06/26,14:39:29
21981,0.16,21.981,163.7778081070015,4393718714,2026-06-26 14:39:51.821593,26/06/26,14:39:51
22104,0.16,22.104,162.86644951140065,4393740818,2026-06-26 14:40:13.925593,26/06/26,14:40:13
21915,0.16,21.915,164.2710472279261,4393762733,2026-06-26 14:40:35.840593,26/06/26,14:40:35
22059,0.16,22.059,163.19869441044472,4393784792,2026-06-26 14:40:57.899593,26/06/26,14:40:57
22116,0.16,22.116,162.77807921866523,4393806908,2026-06-26 14:41:20.015593,26/06/26,14:41:20
22011,0.16,22.011,163.55458634319203,4393828919,2026-06-26 14:41:42.026593,26/06/26,14:41:42
22087,0.16,22.087,162.99180513424187,4393851006,2026-06-26 14:42:04.113593,26/06/26,14:42:4
22147,0.16,22.147,162.5502325371382,4393873153,2026-06-26 14:42:26.260593,26/06/26,14:42:26
21955,0.16,21.955,163.97176041903893,4393895108,2026-06-26 14:42:48.215593,26/06/26,14:42:48
21521,0.17,21.521,167.278472189954,4393916629,2026-06-26 14:43:09.736593,26/06/26,14:43:9
21747,0.17,21.747,165.54007449303353,4393938376,2026-06-26 14:43:31.483593,26/06/26,14:43:31
21775,0.17,21.775,165.32721010332952,4393960151,2026-06-26 14:43:53.258593,26/06/26,14:43:53
21915,0.16,21.915,164.2710472279261,4393982066,2026-06-26 14:44:15.173593,26/06/26,14:44:15
21454,0.17,21.454,167.80087629346508,4394003520,2026-06-26 14:44:36.627593,26/06/26,14:44:36
21393,0.17,21.393,168.27934371055952,4394024913,2026-06-26 14:44:58.020593,26/06/26,14:44:58
21865,0.16,21.865,164.64669563228904,4394046778,2026-06-26 14:45:19.885593,26/06/26,14:45:19
21820,0.16,21.82,164.98625114573787,4394068598,2026-06-26 14:45:41.705593,26/06/26,14:45:41
21912,0.16,21.912,164.29353778751369,4394090510,2026-06-26 14:46:03.617593,26/06/26,14:46:3
21972,0.16,21.972,163.8448935008192,4394112482,2026-06-26 14:46:25.589593,26/06/26,14:46:25
16245,0.22,16.245,221.60664819944597,4394128727,2026-06-26 14:46:41.834593,26/06/26,14:46:41
14550,0.25,14.55,247.42268041237114,4394143277,2026-06-26 14:46:56.384593,26/06/26,14:46:56
14361,0.25,14.361,250.67892208063506,4394157638,2026-06-26 14:47:10.745593,26/06/26,14:47:10
14337,0.25,14.337,251.09855618330195,4394171975,2026-06-26 14:47:25.082593,26/06/26,14:47:25
14263,0.25,14.263,252.40131809577227,4394186238,2026-06-26 14:47:39.345593,26/06/26,14:47:39
14345,0.25,14.345,250.95852213314743,4394200583,2026-06-26 14:47:53.690593,26/06/26,14:47:53
14438,0.25,14.438,249.3420141293808,4394215021,2026-06-26 14:48:08.128593,26/06/26,14:48:8
14507,0.25,14.507,248.15606259047357,4394229528,2026-06-26 14:48:22.635593,26/06/26,14:48:22
14532,0.25,14.532,247.72914946325352,4394244060,2026-06-26 14:48:37.167593,26/06/26,14:48:37
14579,0.25,14.579,246.93051649633034,4394258639,2026-06-26 14:48:51.746593,26/06/26,14:48:51
14544,0.25,14.544,247.52475247524754,4394273183,2026-06-26 14:49:06.290593,26/06/26,14:49:6
14574,0.25,14.574,247.0152326060107,4394287757,2026-06-26 14:49:20.864593,26/06/26,14:49:20
14530,0.25,14.53,247.7632484514797,4394302287,2026-06-26 14:49:35.394593,26/06/26,14:49:35
14621,0.25,14.621,246.22118870118322,4394316908,2026-06-26 14:49:50.015593,26/06/26,14:49:50
14660,0.25,14.66,245.56616643929058,4394331568,2026-06-26 14:50:04.675593,26/06/26,14:50:4
14732,0.24,14.732,244.36600597339125,4394346300,2026-06-26 14:50:19.407593,26/06/26,14:50:19
14555,0.25,14.555,247.33768464445208,4394360855,2026-06-26 14:50:33.962593,26/06/26,14:50:33
14716,0.24,14.716,244.63169339494428,4394375571,2026-06-26 14:50:48.678593,26/06/26,14:50:48
14764,0.24,14.764,243.8363587103766,4394390335,2026-06-26 14:51:03.442593,26/06/26,14:51:3
14811,0.24,14.811,243.06258861656877,4394405146,2026-06-26 14:51:18.253593,26/06/26,14:51:18
14787,0.24,14.787,243.45709068776628,4394419933,2026-06-26 14:51:33.040593,26/06/26,14:51:33
14796,0.24,14.796,243.30900243309003,4394434729,2026-06-26 14:51:47.836593,26/06/26,14:51:47
14907,0.24,14.907,241.4972831555645,4394449636,2026-06-26 14:52:02.743593,26/06/26,14:52:2
14908,0.24,14.908,241.48108398175475,4394464544,2026-06-26 14:52:17.651593,26/06/26,14:52:17
14727,0.24,14.727,244.44897127724587,4394479271,2026-06-26 14:52:32.378593,26/06/26,14:52:32
14659,0.25,14.659,245.58291834367964,4394493930,2026-06-26 14:52:47.037593,26/06/26,14:52:47
14694,0.24,14.694,244.9979583503471,4394508624,2026-06-26 14:53:01.731593,26/06/26,14:53:1
14732,0.24,14.732,244.36600597339125,4394523356,2026-06-26 14:53:16.463593,26/06/26,14:53:16
14764,0.24,14.764,243.8363587103766,4394538120,2026-06-26 14:53:31.227593,26/06/26,14:53:31
14709,0.24,14.709,244.7481133999592,4394552829,2026-06-26 14:53:45.936593,26/06/26,14:53:45
14833,0.24,14.833,242.70208319288074,4394567662,2026-06-26 14:54:00.769593,26/06/26,14:54:0
14707,0.24,14.707,244.78139661385734,4394582369,2026-06-26 14:54:15.476593,26/06/26,14:54:15
14983,0.24,14.983,240.27230861643196,4394597352,2026-06-26 14:54:30.459593,26/06/26,14:54:30
15417,0.23,15.417,233.5084646818447,4394612769,2026-06-26 14:54:45.876593,26/06/26,14:54:45
21247,0.17,21.247,169.4356850378877,4394634016,2026-06-26 14:55:07.123593,26/06/26,14:55:7
21187,0.17,21.187,169.91551423042432,4394655203,2026-06-26 14:55:28.310593,26/06/26,14:55:28
21137,0.17,21.137,170.31745280787246,4394676340,2026-06-26 14:55:49.447593,26/06/26,14:55:49
21337,0.17,21.337,168.72100107793972,4394697677,2026-06-26 14:56:10.784593,26/06/26,14:56:10
21202,0.17,21.202,169.79530232996888,4394718879,2026-06-26 14:56:31.986593,26/06/26,14:56:31
21147,0.17,21.147,170.23691303731025,4394740026,2026-06-26 14:56:53.133593,26/06/26,14:56:53
21411,0.17,21.411,168.13787305590586,4394761437,2026-06-26 14:57:14.544593,26/06/26,14:57:14
21279,0.17,21.279,169.1808825602707,4394782716,2026-06-26 14:57:35.823593,26/06/26,14:57:35
21417,0.17,21.417,168.09076901526825,4394804133,2026-06-26 14:57:57.240593,26/06/26,14:57:57
21496,0.17,21.496,167.4730182359509,4394825629,2026-06-26 14:58:18.736593,26/06/26,14:58:18
20880,0.17,20.88,172.41379310344828,4394846509,2026-06-26 14:58:39.616593,26/06/26,14:58:39
21159,0.17,21.159,170.1403658017865,4394867668,2026-06-26 14:59:00.775593,26/06/26,14:59:0
21193,0.17,21.193,169.86740905015807,4394888861,2026-06-26 14:59:21.968593,26/06/26,14:59:21
21129,0.17,21.129,170.38193951441147,4394909990,2026-06-26 14:59:43.097593,26/06/26,14:59:43
21260,0.17,21.26,169.33207902163687,4394931250,2026-06-26 15:00:04.357593,26/06/26,15:0:4
21269,0.17,21.269,169.26042597207203,4394952519,2026-06-26 15:00:25.626593,26/06/26,15:0:25
21238,0.17,21.238,169.50748658065731,4394973757,2026-06-26 15:00:46.864593,26/06/26,15:0:46
21505,0.17,21.505,167.40292955126714,4394995262,2026-06-26 15:01:08.369593,26/06/26,15:1:8
21792,0.17,21.792,165.19823788546256,4395017054,2026-06-26 15:01:30.161593,26/06/26,15:1:30
21690,0.17,21.69,165.97510373443984,4395038744,2026-06-26 15:01:51.851593,26/06/26,15:1:51
21774,0.17,21.774,165.33480297602645,4395060518,2026-06-26 15:02:13.625593,26/06/26,15:2:13
21728,0.17,21.728,165.68483063328424,4395082246,2026-06-26 15:02:35.353593,26/06/26,15:2:35
21821,0.16,21.821,164.97869025250904,4395104067,2026-06-26 15:02:57.174593,26/06/26,15:2:57
21761,0.17,21.761,165.43357382473232,4395125828,2026-06-26 15:03:18.935593,26/06/26,15:3:18
21675,0.17,21.675,166.08996539792386,4395147503,2026-06-26 15:03:40.610593,26/06/26,15:3:40
21683,0.17,21.683,166.0286860674261,4395169186,2026-06-26 15:04:02.293593,26/06/26,15:4:2
21805,0.17,21.805,165.09974776427424,4395190991,2026-06-26 15:04:24.098593,26/06/26,15:4:24
21594,0.17,21.594,166.7129758266185,4395212585,2026-06-26 15:04:45.692593,26/06/26,15:4:45
21757,0.17,21.757,165.46398860136966,4395234342,2026-06-26 15:05:07.449593,26/06/26,15:5:7
21773,0.17,21.773,165.34239654618105,4395256115,2026-06-26 15:05:29.222593,26/06/26,15:5:29
21601,0.17,21.601,166.65895097449192,4395277716,2026-06-26 15:05:50.823593,26/06/26,15:5:50
21585,0.17,21.585,166.78248783877692,4395299301,2026-06-26 15:06:12.408593,26/06/26,15:6:12
21555,0.17,21.555,167.01461377870564,4395320856,2026-06-26 15:06:33.963593,26/06/26,15:6:33
21569,0.17,21.569,166.90620798368028,4395342425,2026-06-26 15:06:55.532593,26/06/26,15:6:55
21629,0.17,21.629,166.44320125757085,4395364054,2026-06-26 15:07:17.161593,26/06/26,15:7:17
21556,0.17,21.556,167.00686583781777,4395385610,2026-06-26 15:07:38.717593,26/06/26,15:7:38
21633,0.17,21.633,166.4124254611011,4395407243,2026-06-26 15:08:00.350593,26/06/26,15:8:0
21630,0.17,21.63,166.4355062413315,4395428873,2026-06-26 15:08:21.980593,26/06/26,15:8:21
21571,0.17,21.571,166.89073292846876,4395450444,2026-06-26 15:08:43.551593,26/06/26,15:8:43
21652,0.17,21.652,166.2663957140218,4395472096,2026-06-26 15:09:05.203593,26/06/26,15:9:5
21547,0.17,21.547,167.07662319580453,4395493643,2026-06-26 15:09:26.750593,26/06/26,15:9:26
21482,0.17,21.482,167.58216180988734,4395515125,2026-06-26 15:09:48.232593,26/06/26,15:9:48
21643,0.17,21.643,166.33553573903802,4395536768,2026-06-26 15:10:09.875593,26/06/26,15:10:9
21673,0.17,21.673,166.1052922991741,4395558441,2026-06-26 15:10:31.548593,26/06/26,15:10:31
21667,0.17,21.667,166.15128998015416,4395580108,2026-06-26 15:10:53.215593,26/06/26,15:10:53
21625,0.17,21.625,166.47398843930637,4395601733,2026-06-26 15:11:14.840593,26/06/26,15:11:14
21538,0.17,21.538,167.14643885226113,4395623271,2026-06-26 15:11:36.378593,26/06/26,15:11:36
21814,0.17,21.814,165.03163106262033,4395645085,2026-06-26 15:11:58.192593,26/06/26,15:11:58
21939,0.16,21.939,164.09134418159442,4395667024,2026-06-26 15:12:20.131593,26/06/26,15:12:20
21832,0.16,21.832,164.89556614144377,4395688856,2026-06-26 15:12:41.963593,26/06/26,15:12:41
21960,0.16,21.96,163.9344262295082,4395710816,2026-06-26 15:13:03.923593,26/06/26,15:13:3
21992,0.16,21.992,163.6958894143325,4395732808,2026-06-26 15:13:25.915593,26/06/26,15:13:25
21847,0.16,21.847,164.7823499794022,4395754655,2026-06-26 15:13:47.762593,26/06/26,15:13:47
21929,0.16,21.929,164.16617264809156,4395776584,2026-06-26 15:14:09.691593,26/06/26,15:14:9
21905,0.16,21.905,164.3460397169596,4395798489,2026-06-26 15:14:31.596593,26/06/26,15:14:31
21777,0.17,21.777,165.31202644992422,4395820266,2026-06-26 15:14:53.373593,26/06/26,15:14:53
21974,0.16,21.974,163.82998088650223,4395842240,2026-06-26 15:15:15.347593,26/06/26,15:15:15
21877,0.16,21.877,164.55638341637336,4395864117,2026-06-26 15:15:37.224593,26/06/26,15:15:37
21939,0.16,21.939,164.09134418159442,4395886056,2026-06-26 15:15:59.163593,26/06/26,15:15:59
21940,0.16,21.94,164.08386508659981,4395907996,2026-06-26 15:16:21.103593,26/06/26,15:16:21
21843,0.16,21.843,164.81252575195714,4395929839,2026-06-26 15:16:42.946593,26/06/26,15:16:42
21914,0.16,21.914,164.2785433969152,4395951753,2026-06-26 15:17:04.860593,26/06/26,15:17:4
21862,0.16,21.862,164.66928917756837,4395973615,2026-06-26 15:17:26.722593,26/06/26,15:17:26
21842,0.16,21.842,164.82007142203096,4395995457,2026-06-26 15:17:48.564593,26/06/26,15:17:48
21950,0.16,21.95,164.00911161731207,4396017407,2026-06-26 15:18:10.514593,26/06/26,15:18:10
21793,0.17,21.793,165.19065755058963,4396039200,2026-06-26 15:18:32.307593,26/06/26,15:18:32
21859,0.16,21.859,164.69188892447048,4396061059,2026-06-26 15:18:54.166593,26/06/26,15:18:54
21818,0.17,21.818,165.00137501145844,4396082877,2026-06-26 15:19:15.984593,26/06/26,15:19:15
21798,0.17,21.798,165.15276630883568,4396104675,2026-06-26 15:19:37.782593,26/06/26,15:19:37
21835,0.16,21.835,164.87291046485,4396126510,2026-06-26 15:19:59.617593,26/06/26,15:19:59
21886,0.16,21.886,164.4887142465503,4396148396,2026-06-26 15:20:21.503593,26/06/26,15:20:21
21839,0.16,21.839,164.84271257841476,4396170235,2026-06-26 15:20:43.342593,26/06/26,15:20:43
21932,0.16,21.932,164.14371694327923,4396192167,2026-06-26 15:21:05.274593,26/06/26,15:21:5
21937,0.16,21.937,164.1063044171947,4396214104,2026-06-26 15:21:27.211593,26/06/26,15:21:27
21789,0.17,21.789,165.22098306484924,4396235893,2026-06-26 15:21:49.000593,26/06/26,15:21:49
21979,0.16,21.979,163.7927112243505,4396257872,2026-06-26 15:22:10.979593,26/06/26,15:22:10
12726,0.28,12.726,282.88543140028287,4396270598,2026-06-26 15:22:23.705593,26/06/26,15:22:23
14435,0.25,14.435,249.39383443020435,4396285033,2026-06-26 15:22:38.140593,26/06/26,15:22:38
14464,0.25,14.464,248.89380530973452,4396299497,2026-06-26 15:22:52.604593,26/06/26,15:22:52
14438,0.25,14.438,249.3420141293808,4396313935,2026-06-26 15:23:07.042593,26/06/26,15:23:7
14482,0.25,14.482,248.58444966164893,4396328417,2026-06-26 15:23:21.524593,26/06/26,15:23:21
14452,0.25,14.452,249.100470523111,4396342869,2026-06-26 15:23:35.976593,26/06/26,15:23:35
14533,0.25,14.533,247.71210348861212,4396357402,2026-06-26 15:23:50.509593,26/06/26,15:23:50
14649,0.25,14.649,245.75056317837394,4396372051,2026-06-26 15:24:05.158593,26/06/26,15:24:5
14693,0.25,14.693,245.01463281834887,4396386744,2026-06-26 15:24:19.851593,26/06/26,15:24:19
14448,0.25,14.448,249.16943521594683,4396401192,2026-06-26 15:24:34.299593,26/06/26,15:24:34
14436,0.25,14.436,249.37655860349128,4396415628,2026-06-26 15:24:48.735593,26/06/26,15:24:48
14502,0.25,14.502,248.24162184526273,4396430130,2026-06-26 15:25:03.237593,26/06/26,15:25:3
14576,0.25,14.576,246.98133918770583,4396444706,2026-06-26 15:25:17.813593,26/06/26,15:25:17
14813,0.24,14.813,243.02977114696552,4396459519,2026-06-26 15:25:32.626593,26/06/26,15:25:32
14896,0.24,14.896,241.67561761546725,4396474415,2026-06-26 15:25:47.522593,26/06/26,15:25:47
14891,0.24,14.891,241.75676583171042,4396489306,2026-06-26 15:26:02.413593,26/06/26,15:26:2
14928,0.24,14.928,241.15755627009645,4396504234,2026-06-26 15:26:17.341593,26/06/26,15:26:17
14946,0.24,14.946,240.86712163789642,4396519180,2026-06-26 15:26:32.287593,26/06/26,15:26:32
15010,0.24,15.01,239.84010659560292,4396534190,2026-06-26 15:26:47.297593,26/06/26,15:26:47
15067,0.24,15.067,238.932766974182,4396549257,2026-06-26 15:27:02.364593,26/06/26,15:27:2
15070,0.24,15.07,238.88520238885204,4396564327,2026-06-26 15:27:17.434593,26/06/26,15:27:17
14985,0.24,14.985,240.24024024024024,4396579312,2026-06-26 15:27:32.419593,26/06/26,15:27:32
15057,0.24,15.057,239.09145248057382,4396594369,2026-06-26 15:27:47.476593,26/06/26,15:27:47
15118,0.24,15.118,238.1267363407858,4396609487,2026-06-26 15:28:02.594593,26/06/26,15:28:2
15141,0.24,15.141,237.76500891618784,4396624628,2026-06-26 15:28:17.735593,26/06/26,15:28:17
15118,0.24,15.118,238.1267363407858,4396639746,2026-06-26 15:28:32.853593,26/06/26,15:28:32
15115,0.24,15.115,238.17399933840557,4396654861,2026-06-26 15:28:47.968593,26/06/26,15:28:47
15176,0.24,15.176,237.21665788086452,4396670037,2026-06-26 15:29:03.144593,26/06/26,15:29:3
15162,0.24,15.162,237.43569449940642,4396685199,2026-06-26 15:29:18.306593,26/06/26,15:29:18
15160,0.24,15.16,237.467018469657,4396700359,2026-06-26 15:29:33.466593,26/06/26,15:29:33
15239,0.24,15.239,236.2359734890741,4396715598,2026-06-26 15:29:48.705593,26/06/26,15:29:48
15261,0.23,15.261,235.89541969726756,4396730859,2026-06-26 15:30:03.966593,26/06/26,15:30:3
15413,0.23,15.413,233.56906507493673,4396746272,2026-06-26 15:30:19.379593,26/06/26,15:30:19
21798,0.17,21.798,165.15276630883568,4396768070,2026-06-26 15:30:41.177593,26/06/26,15:30:41
21942,0.16,21.942,164.06890894175552,4396790012,2026-06-26 15:31:03.119593,26/06/26,15:31:3
21954,0.16,21.954,163.9792292976223,4396811966,2026-06-26 15:31:25.073593,26/06/26,15:31:25
21838,0.16,21.838,164.85026101291328,4396833804,2026-06-26 15:31:46.911593,26/06/26,15:31:46
21980,0.16,21.98,163.7852593266606,4396855784,2026-06-26 15:32:08.891593,26/06/26,15:32:8
21998,0.16,21.998,163.6512410219111,4396877782,2026-06-26 15:32:30.889593,26/06/26,15:32:30
21896,0.16,21.896,164.41359152356594,4396899678,2026-06-26 15:32:52.785593,26/06/26,15:32:52
21937,0.16,21.937,164.1063044171947,4396921615,2026-06-26 15:33:14.722593,26/06/26,15:33:14
21752,0.17,21.752,165.50202280250093,4396943367,2026-06-26 15:33:36.474593,26/06/26,15:33:36
20972,0.17,20.972,171.65744802593935,4396964339,2026-06-26 15:33:57.446593,26/06/26,15:33:57
21030,0.17,21.03,171.18402282453638,4396985369,2026-06-26 15:34:18.476593,26/06/26,15:34:18
21017,0.17,21.017,171.28990816957702,4397006386,2026-06-26 15:34:39.493593,26/06/26,15:34:39
21093,0.17,21.093,170.67273503057888,4397027479,2026-06-26 15:35:00.586593,26/06/26,15:35:0
21423,0.17,21.423,168.04369135975352,4397048902,2026-06-26 15:35:22.009593,26/06/26,15:35:22
21082,0.17,21.082,170.76178730670713,4397069984,2026-06-26 15:35:43.091593,26/06/26,15:35:43
21117,0.17,21.117,170.4787611876687,4397091101,2026-06-26 15:36:04.208593,26/06/26,15:36:4
20497,0.17,20.497,175.63545884763624,4397111598,2026-06-26 15:36:24.705593,26/06/26,15:36:24
19998,0.18,19.998,180.01800180018003,4397131596,2026-06-26 15:36:44.703593,26/06/26,15:36:44
20306,0.18,20.306,177.2875012311632,4397151902,2026-06-26 15:37:05.009593,26/06/26,15:37:5
20311,0.18,20.311,177.24385800797597,4397172213,2026-06-26 15:37:25.320593,26/06/26,15:37:25
20934,0.17,20.934,171.96904557179707,4397193147,2026-06-26 15:37:46.254593,26/06/26,15:37:46
21197,0.17,21.197,169.83535405953674,4397214344,2026-06-26 15:38:07.451593,26/06/26,15:38:7
20851,0.17,20.851,172.653589755887,4397235195,2026-06-26 15:38:28.302593,26/06/26,15:38:28
21061,0.17,21.061,170.93205450833293,4397256256,2026-06-26 15:38:49.363593,26/06/26,15:38:49
21123,0.17,21.123,170.4303365999148,4397277379,2026-06-26 15:39:10.486593,26/06/26,15:39:10
21182,0.17,21.182,169.9556226985176,4397298561,2026-06-26 15:39:31.668593,26/06/26,15:39:31
20917,0.17,20.917,172.1088110149639,4397319478,2026-06-26 15:39:52.585593,26/06/26,15:39:52
20904,0.17,20.904,172.2158438576349,4397340382,2026-06-26 15:40:13.489593,26/06/26,15:40:13
21007,0.17,21.007,171.37144761270054,4397361389,2026-06-26 15:40:34.496593,26/06/26,15:40:34
21042,0.17,21.042,171.0863986313088,4397382431,2026-06-26 15:40:55.538593,26/06/26,15:40:55
21204,0.17,21.204,169.7792869269949,4397403635,2026-06-26 15:41:16.742593,26/06/26,15:41:16
20997,0.17,20.997,171.45306472353192,4397424632,2026-06-26 15:41:37.739593,26/06/26,15:41:37
21112,0.17,21.112,170.5191360363774,4397445744,2026-06-26 15:41:58.851593,26/06/26,15:41:58
21193,0.17,21.193,169.86740905015807,4397466937,2026-06-26 15:42:20.044593,26/06/26,15:42:20
21146,0.17,21.146,170.2449635864939,4397488083,2026-06-26 15:42:41.190593,26/06/26,15:42:41
20831,0.17,20.831,172.819355767846,4397508914,2026-06-26 15:43:02.021593,26/06/26,15:43:2
20763,0.17,20.763,173.38534893801474,4397529677,2026-06-26 15:43:22.784593,26/06/26,15:43:22
20988,0.17,20.988,171.52658662092625,4397550665,2026-06-26 15:43:43.772593,26/06/26,15:43:43
20954,0.17,20.954,171.80490598453756,4397571619,2026-06-26 15:44:04.726593,26/06/26,15:44:4
20800,0.17,20.8,173.07692307692307,4397592419,2026-06-26 15:44:25.526593,26/06/26,15:44:25
20813,0.17,20.813,172.96881756594436,4397613232,2026-06-26 15:44:46.339593,26/06/26,15:44:46
20836,0.17,20.836,172.77788443079285,4397634068,2026-06-26 15:45:07.175593,26/06/26,15:45:7
21111,0.17,21.111,170.52721330112263,4397655179,2026-06-26 15:45:28.286593,26/06/26,15:45:28
20757,0.17,20.757,173.43546755311462,4397675936,2026-06-26 15:45:49.043593,26/06/26,15:45:49
20714,0.17,20.714,173.79550062759486,4397696650,2026-06-26 15:46:09.757593,26/06/26,15:46:9
20550,0.17,20.55,175.1824817518248,4397717200,2026-06-26 15:46:30.307593,26/06/26,15:46:30
20733,0.17,20.733,173.63623209376357,4397737933,2026-06-26 15:46:51.040593,26/06/26,15:46:51
20656,0.17,20.656,174.28350116189,4397758589,2026-06-26 15:47:11.696593,26/06/26,15:47:11
20706,0.17,20.706,173.86264850767893,4397779295,2026-06-26 15:47:32.402593,26/06/26,15:47:32
20873,0.17,20.873,172.4716140468548,4397800168,2026-06-26 15:47:53.275593,26/06/26,15:47:53
20772,0.17,20.772,173.3102253032929,4397820940,2026-06-26 15:48:14.047593,26/06/26,15:48:14
20915,0.17,20.915,172.12526894573273,4397841855,2026-06-26 15:48:34.962593,26/06/26,15:48:34
21036,0.17,21.036,171.13519680547634,4397862891,2026-06-26 15:48:55.998593,26/06/26,15:48:55
20761,0.17,20.761,173.4020519242811,4397883652,2026-06-26 15:49:16.759593,26/06/26,15:49:16
20579,0.17,20.579,174.93561397541183,4397904231,2026-06-26 15:49:37.338593,26/06/26,15:49:37
20467,0.17,20.467,175.8929007670885,4397924698,2026-06-26 15:49:57.805593,26/06/26,15:49:57
20551,0.17,20.551,175.17395747165588,4397945249,2026-06-26 15:50:18.356593,26/06/26,15:50:18
20278,0.18,20.278,177.53230101587928,4397965527,2026-06-26 15:50:38.634593,26/06/26,15:50:38
20009,0.18,20.009,179.91903643360487,4397985536,2026-06-26 15:50:58.643593,26/06/26,15:50:58
19785,0.18,19.785,181.9560272934041,4398005321,2026-06-26 15:51:18.428593,26/06/26,15:51:18
19674,0.18,19.674,182.9826166514181,4398024995,2026-06-26 15:51:38.102593,26/06/26,15:51:38
19896,0.18,19.896,180.94089264173704,4398044891,2026-06-26 15:51:57.998593,26/06/26,15:51:57
19826,0.18,19.826,181.579743770806,4398064717,2026-06-26 15:52:17.824593,26/06/26,15:52:17
19928,0.18,19.928,180.65034122842232,4398084645,2026-06-26 15:52:37.752593,26/06/26,15:52:37
19874,0.18,19.874,181.141189493811,4398104519,2026-06-26 15:52:57.626593,26/06/26,15:52:57
20230,0.18,20.23,177.95353435491845,4398124749,2026-06-26 15:53:17.856593,26/06/26,15:53:17
20668,0.17,20.668,174.18231081865687,4398145417,2026-06-26 15:53:38.524593,26/06/26,15:53:38
20789,0.17,20.789,173.16850257347636,4398166206,2026-06-26 15:53:59.313593,26/06/26,15:53:59
20672,0.17,20.672,174.1486068111455,4398186878,2026-06-26 15:54:19.985593,26/06/26,15:54:19
19899,0.18,19.899,180.91361374943463,4398206777,2026-06-26 15:54:39.884593,26/06/26,15:54:39
19847,0.18,19.847,181.38761525671387,4398226624,2026-06-26 15:54:59.731593,26/06/26,15:54:59
20064,0.18,20.064,179.42583732057417,4398246688,2026-06-26 15:55:19.795593,26/06/26,15:55:19
20185,0.18,20.185,178.3502600941293,4398266873,2026-06-26 15:55:39.980593,26/06/26,15:55:39
20314,0.18,20.314,177.21768238653146,4398287187,2026-06-26 15:56:00.294593,26/06/26,15:56:0
20692,0.17,20.692,173.98028223468006,4398307879,2026-06-26 15:56:20.986593,26/06/26,15:56:20
20529,0.17,20.529,175.36168347216133,4398328408,2026-06-26 15:56:41.515593,26/06/26,15:56:41
20689,0.17,20.689,174.00551017448885,4398349097,2026-06-26 15:57:02.204593,26/06/26,15:57:2
20525,0.17,20.525,175.3958587088916,4398369622,2026-06-26 15:57:22.729593,26/06/26,15:57:22
14076,0.25,14.076,255.7544757033248,4398383698,2026-06-26 15:57:36.805593,26/06/26,15:57:36
13790,0.26,13.79,261.0587382160986,4398397488,2026-06-26 15:57:50.595593,26/06/26,15:57:50
13866,0.26,13.866,259.62786672436175,4398411354,2026-06-26 15:58:04.461593,26/06/26,15:58:4
14042,0.26,14.042,256.37373593505197,4398425396,2026-06-26 15:58:18.503593,26/06/26,15:58:18
13708,0.26,13.708,262.62036766851475,4398439104,2026-06-26 15:58:32.211593,26/06/26,15:58:32
13707,0.26,13.707,262.6395272488509,4398452811,2026-06-26 15:58:45.918593,26/06/26,15:58:45
13479,0.27,13.479,267.08212775428444,4398466290,2026-06-26 15:58:59.397593,26/06/26,15:58:59
13565,0.26,13.565,265.38886841135275,4398479855,2026-06-26 15:59:12.962593,26/06/26,15:59:12
13597,0.26,13.597,264.7642862396117,4398493452,2026-06-26 15:59:26.559593,26/06/26,15:59:26
13590,0.26,13.59,264.9006622516556,4398507042,2026-06-26 15:59:40.149593,26/06/26,15:59:40
13675,0.26,13.675,263.25411334552103,4398520717,2026-06-26 15:59:53.824593,26/06/26,15:59:53
13767,0.26,13.767,261.49487905861844,4398534484,2026-06-26 16:00:07.591593,26/06/26,16:0:7
13817,0.26,13.817,260.5485995512774,4398548301,2026-06-26 16:00:21.408593,26/06/26,16:0:21
13744,0.26,13.744,261.9324796274738,4398562045,2026-06-26 16:00:35.152593,26/06/26,16:0:35
13799,0.26,13.799,260.8884701789985,4398575844,2026-06-26 16:00:48.951593,26/06/26,16:0:48
13794,0.26,13.794,260.98303610265333,4398589638,2026-06-26 16:01:02.745593,26/06/26,16:1:2
13857,0.26,13.857,259.7964927473479,4398603495,2026-06-26 16:01:16.602593,26/06/26,16:1:16
13923,0.26,13.923,258.5649644473174,4398617418,2026-06-26 16:01:30.525593,26/06/26,16:1:30
13884,0.26,13.884,259.2912705272256,4398631302,2026-06-26 16:01:44.409593,26/06/26,16:1:44
13932,0.26,13.932,258.3979328165375,4398645234,2026-06-26 16:01:58.341593,26/06/26,16:1:58
14026,0.26,14.026,256.6661913589049,4398659260,2026-06-26 16:02:12.367593,26/06/26,16:2:12
14044,0.26,14.044,256.3372258615779,4398673304,2026-06-26 16:02:26.411593,26/06/26,16:2:26
14031,0.26,14.031,256.5747273893522,4398687335,2026-06-26 16:02:40.442593,26/06/26,16:2:40
14026,0.26,14.026,256.6661913589049,4398701361,2026-06-26 16:02:54.468593,26/06/26,16:2:54
14025,0.26,14.025,256.6844919786096,4398715386,2026-06-26 16:03:08.493593,26/06/26,16:3:8
14071,0.25,14.071,255.84535569611256,4398729457,2026-06-26 16:03:22.564593,26/06/26,16:3:22
14084,0.25,14.084,255.60920193126952,4398743541,2026-06-26 16:03:36.648593,26/06/26,16:3:36
14103,0.25,14.103,255.26483726866624,4398757644,2026-06-26 16:03:50.751593,26/06/26,16:3:50
14092,0.25,14.092,255.4640931024695,4398771736,2026-06-26 16:04:04.843593,26/06/26,16:4:4
14117,0.25,14.117,255.01168803570164,4398785853,2026-06-26 16:04:18.960593,26/06/26,16:4:18
14026,0.26,14.026,256.6661913589049,4398799879,2026-06-26 16:04:32.986593,26/06/26,16:4:32
14041,0.26,14.041,256.3919948721601,4398813920,2026-06-26 16:04:47.027593,26/06/26,16:4:47
14108,0.25,14.108,255.17436915225403,4398828028,2026-06-26 16:05:01.135593,26/06/26,16:5:1
14152,0.25,14.152,254.38100621820237,4398842180,2026-06-26 16:05:15.287593,26/06/26,16:5:15
14168,0.25,14.168,254.0937323546019,4398856348,2026-06-26 16:05:29.455593,26/06/26,16:5:29
18313,0.2,18.313,196.58166329929557,4398874661,2026-06-26 16:05:47.768593,26/06/26,16:5:47
19643,0.18,19.643,183.27139438985898,4398894304,2026-06-26 16:06:07.411593,26/06/26,16:6:7
19568,0.18,19.568,183.9738348323794,4398913872,2026-06-26 16:06:26.979593,26/06/26,16:6:26
19558,0.18,19.558,184.06790060333367,4398933430,2026-06-26 16:06:46.537593,26/06/26,16:6:46
19538,0.18,19.538,184.25632101545705,4398952968,2026-06-26 16:07:06.075593,26/06/26,16:7:6
19564,0.18,19.564,184.01144960130853,4398972532,2026-06-26 16:07:25.639593,26/06/26,16:7:25
19563,0.18,19.563,184.020855696979,4398992095,2026-06-26 16:07:45.202593,26/06/26,16:7:45
19608,0.18,19.608,183.5985312117503,4399011703,2026-06-26 16:08:04.810593,26/06/26,16:8:4
19532,0.18,19.532,184.31292238378046,4399031235,2026-06-26 16:08:24.342593,26/06/26,16:8:24
19674,0.18,19.674,182.9826166514181,4399050909,2026-06-26 16:08:44.016593,26/06/26,16:8:44
19737,0.18,19.737,182.3985408116735,4399070646,2026-06-26 16:09:03.753593,26/06/26,16:9:3
19685,0.18,19.685,182.8803657607315,4399090331,2026-06-26 16:09:23.438593,26/06/26,16:9:23
19751,0.18,19.751,182.26925218976254,4399110082,2026-06-26 16:09:43.189593,26/06/26,16:9:43
19759,0.18,19.759,182.19545523558884,4399129841,2026-06-26 16:10:02.948593,26/06/26,16:10:2
19859,0.18,19.859,181.27800997029055,4399149700,2026-06-26 16:10:22.807593,26/06/26,16:10:22
19657,0.18,19.657,183.14086584931576,4399169357,2026-06-26 16:10:42.464593,26/06/26,16:10:42
19724,0.18,19.724,182.51875887243966,4399189081,2026-06-26 16:11:02.188593,26/06/26,16:11:2
19686,0.18,19.686,182.8710758914965,4399208767,2026-06-26 16:11:21.874593,26/06/26,16:11:21
19764,0.18,19.764,182.14936247723134,4399228531,2026-06-26 16:11:41.638593,26/06/26,16:11:41
20011,0.18,20.011,179.90105442006896,4399248542,2026-06-26 16:12:01.649593,26/06/26,16:12:1
20006,0.18,20.006,179.94601619514145,4399268548,2026-06-26 16:12:21.655593,26/06/26,16:12:21
19996,0.18,19.996,180.0360072014403,4399288544,2026-06-26 16:12:41.651593,26/06/26,16:12:41
19927,0.18,19.927,180.65940683494756,4399308471,2026-06-26 16:13:01.578593,26/06/26,16:13:1
20006,0.18,20.006,179.94601619514145,4399328477,2026-06-26 16:13:21.584593,26/06/26,16:13:21
19932,0.18,19.932,180.6140878988561,4399348409,2026-06-26 16:13:41.516593,26/06/26,16:13:41
19878,0.18,19.878,181.10473890733473,4399368287,2026-06-26 16:14:01.394593,26/06/26,16:14:1
20102,0.18,20.102,179.08665804397572,4399388389,2026-06-26 16:14:21.496593,26/06/26,16:14:21
20179,0.18,20.179,178.40329054958124,4399408568,2026-06-26 16:14:41.675593,26/06/26,16:14:41
20352,0.18,20.352,176.88679245283018,4399428920,2026-06-26 16:15:02.027593,26/06/26,16:15:2
20581,0.17,20.581,174.91861425586706,4399449501,2026-06-26 16:15:22.608593,26/06/26,16:15:22
20112,0.18,20.112,178.99761336515513,4399469613,2026-06-26 16:15:42.720593,26/06/26,16:15:42
20163,0.18,20.163,178.54485939592323,4399489776,2026-06-26 16:16:02.883593,26/06/26,16:16:2
20097,0.18,20.097,179.13121361397222,4399509873,2026-06-26 16:16:22.980593,26/06/26,16:16:22
19839,0.18,19.839,181.46075911084228,4399529712,2026-06-26 16:16:42.819593,26/06/26,16:16:42
19932,0.18,19.932,180.6140878988561,4399549644,2026-06-26 16:17:02.751593,26/06/26,16:17:2
20146,0.18,20.146,178.69552268440384,4399569790,2026-06-26 16:17:22.897593,26/06/26,16:17:22
20089,0.18,20.089,179.20254865846982,4399589879,2026-06-26 16:17:42.986593,26/06/26,16:17:42
20159,0.18,20.159,178.58028672057145,4399610038,2026-06-26 16:18:03.145593,26/06/26,16:18:3
20810,0.17,20.81,172.99375300336376,4399630848,2026-06-26 16:18:23.955593,26/06/26,16:18:23
20734,0.17,20.734,173.62785762515674,4399651582,2026-06-26 16:18:44.689593,26/06/26,16:18:44
20731,0.17,20.731,173.65298345472962,4399672313,2026-06-26 16:19:05.420593,26/06/26,16:19:5
20625,0.17,20.625,174.54545454545453,4399692938,2026-06-26 16:19:26.045593,26/06/26,16:19:26
20242,0.18,20.242,177.84803873135067,4399713180,2026-06-26 16:19:46.287593,26/06/26,16:19:46
20273,0.18,20.273,177.57608642036206,4399733453,2026-06-26 16:20:06.560593,26/06/26,16:20:6
20332,0.18,20.332,177.06079087153256,4399753785,2026-06-26 16:20:26.892593,26/06/26,16:20:26
20219,0.18,20.219,178.05034868193283,4399774004,2026-06-26 16:20:47.111593,26/06/26,16:20:47
20329,0.18,20.329,177.0869201633135,4399794333,2026-06-26 16:21:07.440593,26/06/26,16:21:7
20352,0.18,20.352,176.88679245283018,4399814685,2026-06-26 16:21:27.792593,26/06/26,16:21:27
20260,0.18,20.26,177.69002961500493,4399834945,2026-06-26 16:21:48.052593,26/06/26,16:21:48
20350,0.18,20.35,176.9041769041769,4399855295,2026-06-26 16:22:08.402593,26/06/26,16:22:8
20355,0.18,20.355,176.86072218128223,4399875650,2026-06-26 16:22:28.757593,26/06/26,16:22:28
20219,0.18,20.219,178.05034868193283,4399895869,2026-06-26 16:22:48.976593,26/06/26,16:22:48
20203,0.18,20.203,178.19135771915063,4399916072,2026-06-26 16:23:09.179593,26/06/26,16:23:9
20252,0.18,20.252,177.76022121271973,4399936324,2026-06-26 16:23:29.431593,26/06/26,16:23:29
20143,0.18,20.143,178.72213672243458,4399956467,2026-06-26 16:23:49.574593,26/06/26,16:23:49
20432,0.18,20.432,176.19420516836334,4399976899,2026-06-26 16:24:10.006593,26/06/26,16:24:10
20852,0.17,20.852,172.64530980241705,4399997751,2026-06-26 16:24:30.858593,26/06/26,16:24:30
20770,0.17,20.77,173.32691381800674,4400018521,2026-06-26 16:24:51.628593,26/06/26,16:24:51
20713,0.17,20.713,173.80389127601023,4400039234,2026-06-26 16:25:12.341593,26/06/26,16:25:12
20908,0.17,20.908,172.18289649894777,4400060142,2026-06-26 16:25:33.249593,26/06/26,16:25:33
20871,0.17,20.871,172.48814144027597,4400081013,2026-06-26 16:25:54.120593,26/06/26,16:25:54
20963,0.17,20.963,171.7311453513333,4400101976,2026-06-26 16:26:15.083593,26/06/26,16:26:15
20888,0.17,20.888,172.34775947912678,4400122864,2026-06-26 16:26:35.971593,26/06/26,16:26:35
20847,0.17,20.847,172.68671751331127,4400143711,2026-06-26 16:26:56.818593,26/06/26,16:26:56
20956,0.17,20.956,171.78850925749188,4400164667,2026-06-26 16:27:17.774593,26/06/26,16:27:17
20932,0.17,20.932,171.98547678196064,4400185599,2026-06-26 16:27:38.706593,26/06/26,16:27:38
20896,0.17,20.896,172.28177641653906,4400206495,2026-06-26 16:27:59.602593,26/06/26,16:27:59
20994,0.17,20.994,171.47756501857674,4400227489,2026-06-26 16:28:20.596593,26/06/26,16:28:20
20823,0.17,20.823,172.885751332661,4400248312,2026-06-26 16:28:41.419593,26/06/26,16:28:41
20785,0.17,20.785,173.20182824152033,4400269097,2026-06-26 16:29:02.204593,26/06/26,16:29:2
20569,0.17,20.569,175.0206621615052,4400289666,2026-06-26 16:29:22.773593,26/06/26,16:29:22
20188,0.18,20.188,178.32375668714087,4400309854,2026-06-26 16:29:42.961593,26/06/26,16:29:42
20155,0.18,20.155,178.61572810716945,4400330009,2026-06-26 16:30:03.116593,26/06/26,16:30:3
20211,0.18,20.211,178.1208252931572,4400350220,2026-06-26 16:30:23.327593,26/06/26,16:30:23
20056,0.18,20.056,179.4974072596729,4400370276,2026-06-26 16:30:43.383593,26/06/26,16:30:43
20184,0.18,20.184,178.359096313912,4400390460,2026-06-26 16:31:03.567593,26/06/26,16:31:3
20147,0.18,20.147,178.6866530997171,4400410607,2026-06-26 16:31:23.714593,26/06/26,16:31:23
20059,0.18,20.059,179.47056184256442,4400430666,2026-06-26 16:31:43.773593,26/06/26,16:31:43
20937,0.17,20.937,171.94440464249894,4400451603,2026-06-26 16:32:04.710593,26/06/26,16:32:4
21018,0.17,21.018,171.2817584927205,4400472621,2026-06-26 16:32:25.728593,26/06/26,16:32:25
20905,0.17,20.905,172.20760583592443,4400493526,2026-06-26 16:32:46.633593,26/06/26,16:32:46
19551,0.18,19.551,184.13380389749884,4400513077,2026-06-26 16:33:06.184593,26/06/26,16:33:6
12793,0.28,12.793,281.4038927538498,4400525870,2026-06-26 16:33:18.977593,26/06/26,16:33:18
14068,0.25,14.068,255.89991470002843,4400539938,2026-06-26 16:33:33.045593,26/06/26,16:33:33
14064,0.25,14.064,255.9726962457338,4400554002,2026-06-26 16:33:47.109593,26/06/26,16:33:47
14069,0.25,14.069,255.88172578008388,4400568071,2026-06-26 16:34:01.178593,26/06/26,16:34:1
14106,0.25,14.106,255.21054870267972,4400582177,2026-06-26 16:34:15.284593,26/06/26,16:34:15
14171,0.25,14.171,254.03994072401383,4400596348,2026-06-26 16:34:29.455593,26/06/26,16:34:29
14140,0.25,14.14,254.5968882602546,4400610488,2026-06-26 16:34:43.595593,26/06/26,16:34:43
14277,0.25,14.277,252.15381382643412,4400624765,2026-06-26 16:34:57.872593,26/06/26,16:34:57
14304,0.25,14.304,251.6778523489933,4400639069,2026-06-26 16:35:12.176593,26/06/26,16:35:12
13958,0.26,13.958,257.9166069637484,4400653027,2026-06-26 16:35:26.134593,26/06/26,16:35:26
13965,0.26,13.965,257.78732545649837,4400666992,2026-06-26 16:35:40.099593,26/06/26,16:35:40
14101,0.25,14.101,255.30104247925678,4400681093,2026-06-26 16:35:54.200593,26/06/26,16:35:54
14146,0.25,14.146,254.48890145624205,4400695239,2026-06-26 16:36:08.346593,26/06/26,16:36:8
13892,0.26,13.892,259.1419522027066,4400709131,2026-06-26 16:36:22.238593,26/06/26,16:36:22
13934,0.26,13.934,258.360843978757,4400723065,2026-06-26 16:36:36.172593,26/06/26,16:36:36
14023,0.26,14.023,256.72110104827783,4400737088,2026-06-26 16:36:50.195593,26/06/26,16:36:50
13973,0.26,13.973,257.6397337722751,4400751061,2026-06-26 16:37:04.168593,26/06/26,16:37:4
14036,0.26,14.036,256.48332858364205,4400765097,2026-06-26 16:37:18.204593,26/06/26,16:37:18
13964,0.26,13.964,257.80578630764825,4400779061,2026-06-26 16:37:32.168593,26/06/26,16:37:32
13890,0.26,13.89,259.1792656587473,4400792951,2026-06-26 16:37:46.058593,26/06/26,16:37:46
13959,0.26,13.959,257.8981302385558,4400806910,2026-06-26 16:38:00.017593,26/06/26,16:38:0
13993,0.26,13.993,257.2714928893018,4400820903,2026-06-26 16:38:14.010593,26/06/26,16:38:14
14057,0.26,14.057,256.100163619549,4400834960,2026-06-26 16:38:28.067593,26/06/26,16:38:28
13982,0.26,13.982,257.47389500786727,4400848942,2026-06-26 16:38:42.049593,26/06/26,16:38:42
13977,0.26,13.977,257.56600128783003,4400862919,2026-06-26 16:38:56.026593,26/06/26,16:38:56
14067,0.25,14.067,255.91810620601407,4400876986,2026-06-26 16:39:10.093593,26/06/26,16:39:10
14094,0.25,14.094,255.4278416347382,4400891080,2026-06-26 16:39:24.187593,26/06/26,16:39:24
14154,0.25,14.154,254.3450614667232,4400905234,2026-06-26 16:39:38.341593,26/06/26,16:39:38
14239,0.25,14.239,252.82674345108504,4400919473,2026-06-26 16:39:52.580593,26/06/26,16:39:52
14296,0.25,14.296,251.81869054280918,4400933769,2026-06-26 16:40:06.876593,26/06/26,16:40:6
14257,0.25,14.257,252.50754015571297,4400948026,2026-06-26 16:40:21.133593,26/06/26,16:40:21
14195,0.25,14.195,253.61042620641072,4400962221,2026-06-26 16:40:35.328593,26/06/26,16:40:35
14250,0.25,14.25,252.6315789473684,4400976471,2026-06-26 16:40:49.578593,26/06/26,16:40:49
14258,0.25,14.258,252.4898302707252,4400990729,2026-06-26 16:41:03.836593,26/06/26,16:41:3
18359,0.2,18.359,196.08911160738603,4401009088,2026-06-26 16:41:22.195593,26/06/26,16:41:22
19641,0.18,19.641,183.2900565144341,4401028729,2026-06-26 16:41:41.836593,26/06/26,16:41:41
20249,0.18,20.249,177.78655736085733,4401048978,2026-06-26 16:42:02.085593,26/06/26,16:42:2
19827,0.18,19.827,181.57058556513846,4401068805,2026-06-26 16:42:21.912593,26/06/26,16:42:21
19557,0.18,19.557,184.07731247123792,4401088362,2026-06-26 16:42:41.469593,26/06/26,16:42:41
19851,0.18,19.851,181.35106543750945,4401108213,2026-06-26 16:43:01.320593,26/06/26,16:43:1
19634,0.18,19.634,183.35540389120914,4401127847,2026-06-26 16:43:20.954593,26/06/26,16:43:20
19722,0.18,19.722,182.53726802555522,4401147569,2026-06-26 16:43:40.676593,26/06/26,16:43:40
20222,0.18,20.222,178.02393432894868,4401167791,2026-06-26 16:44:00.898593,26/06/26,16:44:0
19997,0.18,19.997,180.0270040506076,4401187788,2026-06-26 16:44:20.895593,26/06/26,16:44:20
19816,0.18,19.816,181.67137666532096,4401207604,2026-06-26 16:44:40.711593,26/06/26,16:44:40
19970,0.18,19.97,180.27040560841263,4401227574,2026-06-26 16:45:00.681593,26/06/26,16:45:0
20003,0.18,20.003,179.97300404939259,4401247577,2026-06-26 16:45:20.684593,26/06/26,16:45:20
19753,0.18,19.753,182.2507973472384,4401267330,2026-06-26 16:45:40.437593,26/06/26,16:45:40
19707,0.18,19.707,182.67620642411325,4401287037,2026-06-26 16:46:00.144593,26/06/26,16:46:0
19866,0.18,19.866,181.21413470250678,4401306903,2026-06-26 16:46:20.010593,26/06/26,16:46:20
19909,0.18,19.909,180.82274348284696,4401326812,2026-06-26 16:46:39.919593,26/06/26,16:46:39
19802,0.18,19.802,181.7998182001818,4401346614,2026-06-26 16:46:59.721593,26/06/26,16:46:59
19980,0.18,19.98,180.18018018018017,4401366594,2026-06-26 16:47:19.701593,26/06/26,16:47:19
19975,0.18,19.975,180.2252816020025,4401386569,2026-06-26 16:47:39.676593,26/06/26,16:47:39
20366,0.18,20.366,176.76519689678878,4401406935,2026-06-26 16:48:00.042593,26/06/26,16:48:0
20482,0.17,20.482,175.76408553852164,4401427417,2026-06-26 16:48:20.524593,26/06/26,16:48:20
20466,0.17,20.466,175.90149516270887,4401447883,2026-06-26 16:48:40.990593,26/06/26,16:48:40
20460,0.17,20.46,175.95307917888562,4401468343,2026-06-26 16:49:01.450593,26/06/26,16:49:1
20489,0.17,20.489,175.70403631216752,4401488832,2026-06-26 16:49:21.939593,26/06/26,16:49:21
20448,0.18,20.448,176.05633802816902,4401509280,2026-06-26 16:49:42.387593,26/06/26,16:49:42
20375,0.18,20.375,176.68711656441718,4401529655,2026-06-26 16:50:02.762593,26/06/26,16:50:2
20326,0.18,20.326,177.113057168159,4401549981,2026-06-26 16:50:23.088593,26/06/26,16:50:23
19898,0.18,19.898,180.92270579957784,4401569879,2026-06-26 16:50:42.986593,26/06/26,16:50:42
19918,0.18,19.918,180.7410382568531,4401589797,2026-06-26 16:51:02.904593,26/06/26,16:51:2
19713,0.18,19.713,182.62060569167554,4401609510,2026-06-26 16:51:22.617593,26/06/26,16:51:22
19791,0.18,19.791,181.90086402910413,4401629301,2026-06-26 16:51:42.408593,26/06/26,16:51:42
19889,0.18,19.889,181.00457539343356,4401649190,2026-06-26 16:52:02.297593,26/06/26,16:52:2
19775,0.18,19.775,182.0480404551201,4401668965,2026-06-26 16:52:22.072593,26/06/26,16:52:22
19798,0.18,19.798,181.83654914637842,4401688763,2026-06-26 16:52:41.870593,26/06/26,16:52:41
19804,0.18,19.804,181.7814582912543,4401708567,2026-06-26 16:53:01.674593,26/06/26,16:53:1
19842,0.18,19.842,181.43332325370426,4401728409,2026-06-26 16:53:21.516593,26/06/26,16:53:21
19831,0.18,19.831,181.53396197872019,4401748240,2026-06-26 16:53:41.347593,26/06/26,16:53:41
20536,0.17,20.536,175.3019088430074,4401768776,2026-06-26 16:54:01.883593,26/06/26,16:54:1
20352,0.18,20.352,176.88679245283018,4401789128,2026-06-26 16:54:22.235593,26/06/26,16:54:22
20552,0.17,20.552,175.16543402101985,4401809680,2026-06-26 16:54:42.787593,26/06/26,16:54:42
20536,0.17,20.536,175.3019088430074,4401830216,2026-06-26 16:55:03.323593,26/06/26,16:55:3
20770,0.17,20.77,173.32691381800674,4401850986,2026-06-26 16:55:24.093593,26/06/26,16:55:24
27523,0.13,27.523,130.79969480071213,4401878509,2026-06-26 16:55:51.616593,26/06/26,16:55:51
27758,0.13,27.758,129.6923409467541,4401906267,2026-06-26 16:56:19.374593,26/06/26,16:56:19
33855,0.11,33.855,106.33584404076207,4401940122,2026-06-26 16:56:53.229593,26/06/26,16:56:53
31294,0.12,31.294,115.03802645874609,4401971416,2026-06-26 16:57:24.523593,26/06/26,16:57:24
31286,0.12,31.286,115.06744230646295,4402002702,2026-06-26 16:57:55.809593,26/06/26,16:57:55
31293,0.12,31.293,115.04170261719874,4402033995,2026-06-26 16:58:27.102593,26/06/26,16:58:27
29297,0.12,29.297,122.87947571423695,4402063292,2026-06-26 16:58:56.399593,26/06/26,16:58:56
30239,0.12,30.239,119.05155593769635,4402093531,2026-06-26 16:59:26.638593,26/06/26,16:59:26
30174,0.12,30.174,119.30801352157486,4402123705,2026-06-26 16:59:56.812593,26/06/26,16:59:56
30397,0.12,30.397,118.43274007303353,4402154102,2026-06-26 17:00:27.209593,26/06/26,17:0:27
29802,0.12,29.802,120.79726192872961,4402183904,2026-06-26 17:00:57.011593,26/06/26,17:0:57
29490,0.12,29.49,122.07527975584944,4402213394,2026-06-26 17:01:26.501593,26/06/26,17:1:26
29445,0.12,29.445,122.26184411614875,4402242839,2026-06-26 17:01:55.946593,26/06/26,17:1:55
29641,0.12,29.641,121.45339226071995,4402272480,2026-06-26 17:02:25.587593,26/06/26,17:2:25
29211,0.12,29.211,123.24124473657184,4402301691,2026-06-26 17:02:54.798593,26/06/26,17:2:54
29338,0.12,29.338,122.70775103960733,4402331029,2026-06-26 17:03:24.136593,26/06/26,17:3:24
29505,0.12,29.505,122.01321809862735,4402360534,2026-06-26 17:03:53.641593,26/06/26,17:3:53
30183,0.12,30.183,119.27243812742272,4402390717,2026-06-26 17:04:23.824593,26/06/26,17:4:23
30008,0.12,30.008,119.96800853105839,4402420725,2026-06-26 17:04:53.832593,26/06/26,17:4:53
30334,0.12,30.334,118.67871035801411,4402451059,2026-06-26 17:05:24.166593,26/06/26,17:5:24
30427,0.12,30.427,118.31596936931015,4402481486,2026-06-26 17:05:54.593593,26/06/26,17:5:54
33842,0.11,33.842,106.3766916848886,4402515328,2026-06-26 17:06:28.435593,26/06/26,17:6:28
33283,0.11,33.283,108.16332662320103,4402548611,2026-06-26 17:07:01.718593,26/06/26,17:7:1
33318,0.11,33.318,108.04970286331712,4402581929,2026-06-26 17:07:35.036593,26/06/26,17:7:35
21242,0.17,21.242,169.4755672723849,4402603171,2026-06-26 17:07:56.278593,26/06/26,17:7:56
18895,0.19,18.895,190.52659433712623,4402622066,2026-06-26 17:08:15.173593,26/06/26,17:8:15
18715,0.19,18.715,192.3590702644937,4402640781,2026-06-26 17:08:33.888593,26/06/26,17:8:33
18550,0.19,18.55,194.0700808625337,4402659331,2026-06-26 17:08:52.438593,26/06/26,17:8:52
18814,0.19,18.814,191.34686935260976,4402678145,2026-06-26 17:09:11.252593,26/06/26,17:9:11
18780,0.19,18.78,191.69329073482427,4402696925,2026-06-26 17:09:30.032593,26/06/26,17:9:30
19030,0.19,19.03,189.17498686284813,4402715955,2026-06-26 17:09:49.062593,26/06/26,17:9:49
19272,0.19,19.272,186.79950186799502,4402735227,2026-06-26 17:10:08.334593,26/06/26,17:10:8
19392,0.19,19.392,185.64356435643563,4402754619,2026-06-26 17:10:27.726593,26/06/26,17:10:27
19445,0.19,19.445,185.1375674980715,4402774064,2026-06-26 17:10:47.171593,26/06/26,17:10:47
19520,0.18,19.52,184.4262295081967,4402793584,2026-06-26 17:11:06.691593,26/06/26,17:11:6
19578,0.18,19.578,183.87986515476555,4402813162,2026-06-26 17:11:26.269593,26/06/26,17:11:26
19634,0.18,19.634,183.35540389120914,4402832796,2026-06-26 17:11:45.903593,26/06/26,17:11:45
18662,0.19,18.662,192.90536919944273,4402851458,2026-06-26 17:12:04.565593,26/06/26,17:12:4
14343,0.25,14.343,250.99351600083665,4402865801,2026-06-26 17:12:18.908593,26/06/26,17:12:18
1527,2.36,1.527,2357.563850687623,4402867328,2026-06-26 17:12:20.435593,26/06/26,17:12:20
1424,2.53,1.424,2528.0898876404494,4402868752,2026-06-26 17:12:21.859593,26/06/26,17:12:21
1426,2.52,1.426,2524.544179523142,4402870178,2026-06-26 17:12:23.285593,26/06/26,17:12:23
1430,2.52,1.43,2517.4825174825173,4402871608,2026-06-26 17:12:24.715593,26/06/26,17:12:24
1428,2.52,1.428,2521.0084033613443,4402873036,2026-06-26 17:12:26.143593,26/06/26,17:12:26
1436,2.51,1.436,2506.963788300836,4402874472,2026-06-26 17:12:27.579593,26/06/26,17:12:27
1438,2.5,1.438,2503.4770514603615,4402875910,2026-06-26 17:12:29.017593,26/06/26,17:12:29
1441,2.5,1.441,2498.265093684941,4402877351,2026-06-26 17:12:30.458593,26/06/26,17:12:30
1443,2.49,1.443,2494.802494802495,4402878794,2026-06-26 17:12:31.901593,26/06/26,17:12:31
1440,2.5,1.44,2500.0,4402880234,2026-06-26 17:12:33.341593,26/06/26,17:12:33
1447,2.49,1.447,2487.90601243953,4402881681,2026-06-26 17:12:34.788593,26/06/26,17:12:34
1446,2.49,1.446,2489.6265560165975,4402883127,2026-06-26 17:12:36.234593,26/06/26,17:12:36
1452,2.48,1.452,2479.3388429752067,4402884579,2026-06-26 17:12:37.686593,26/06/26,17:12:37
1452,2.48,1.452,2479.3388429752067,4402886031,2026-06-26 17:12:39.138593,26/06/26,17:12:39
1454,2.47,1.454,2475.9284731774414,4402887485,2026-06-26 17:12:40.592593,26/06/26,17:12:40
1457,2.47,1.457,2470.8304735758406,4402888942,2026-06-26 17:12:42.049593,26/06/26,17:12:42
1455,2.47,1.455,2474.226804123711,4402890397,2026-06-26 17:12:43.504593,26/06/26,17:12:43
1460,2.46,1.46,2465.753424657534,4402891857,2026-06-26 17:12:44.964593,26/06/26,17:12:44
1457,2.47,1.457,2470.8304735758406,4402893314,2026-06-26 17:12:46.421593,26/06/26,17:12:46
1473,2.44,1.473,2443.9918533604887,4402894787,2026-06-26 17:12:47.894593,26/06/26,17:12:47
1466,2.45,1.466,2455.661664392906,4402896253,2026-06-26 17:12:49.360593,26/06/26,17:12:49
1467,2.45,1.467,2453.98773006135,4402897720,2026-06-26 17:12:50.827593,26/06/26,17:12:50
1468,2.45,1.468,2452.316076294278,4402899188,2026-06-26 17:12:52.295593,26/06/26,17:12:52
1471,2.45,1.471,2447.3147518694764,4402900659,2026-06-26 17:12:53.766593,26/06/26,17:12:53
1475,2.44,1.475,2440.677966101695,4402902134,2026-06-26 17:12:55.241593,26/06/26,17:12:55
1468,2.45,1.468,2452.316076294278,4402903602,2026-06-26 17:12:56.709593,26/06/26,17:12:56
1479,2.43,1.479,2434.077079107505,4402905081,2026-06-26 17:12:58.188593,26/06/26,17:12:58
1472,2.44,1.472,2445.6521739130435,4402906553,2026-06-26 17:12:59.660593,26/06/26,17:12:59
1473,2.44,1.473,2443.9918533604887,4402908026,2026-06-26 17:13:01.133593,26/06/26,17:13:1
1472,2.44,1.472,2445.6521739130435,4402909498,2026-06-26 17:13:02.605593,26/06/26,17:13:2
1471,2.45,1.471,2447.3147518694764,4402910969,2026-06-26 17:13:04.076593,26/06/26,17:13:4
1473,2.44,1.473,2443.9918533604887,4402912442,2026-06-26 17:13:05.549593,26/06/26,17:13:5
1471,2.45,1.471,2447.3147518694764,4402913913,2026-06-26 17:13:07.020593,26/06/26,17:13:7
1477,2.44,1.477,2437.3730534867977,4402915390,2026-06-26 17:13:08.497593,26/06/26,17:13:8
1471,2.45,1.471,2447.3147518694764,4402916861,2026-06-26 17:13:09.968593,26/06/26,17:13:9
1477,2.44,1.477,2437.3730534867977,4402918338,2026-06-26 17:13:11.445593,26/06/26,17:13:11
1479,2.43,1.479,2434.077079107505,4402919817,2026-06-26 17:13:12.924593,26/06/26,17:13:12
1480,2.43,1.48,2432.4324324324325,4402921297,2026-06-26 17:13:14.404593,26/06/26,17:13:14
1479,2.43,1.479,2434.077079107505,4402922776,2026-06-26 17:13:15.883593,26/06/26,17:13:15
1480,2.43,1.48,2432.4324324324325,4402924256,2026-06-26 17:13:17.363593,26/06/26,17:13:17
1487,2.42,1.487,2420.9818426361803,4402925743,2026-06-26 17:13:18.850593,26/06/26,17:13:18
1486,2.42,1.486,2422.6110363391654,4402927229,2026-06-26 17:13:20.336593,26/06/26,17:13:20
1483,2.43,1.483,2427.5118004045853,4402928712,2026-06-26 17:13:21.819593,26/06/26,17:13:21
1484,2.42,1.484,2425.876010781671,4402930196,2026-06-26 17:13:23.303593,26/06/26,17:13:23
1484,2.42,1.484,2425.876010781671,4402931680,2026-06-26 17:13:24.787593,26/06/26,17:13:24
1482,2.43,1.482,2429.1497975708503,4402933162,2026-06-26 17:13:26.269593,26/06/26,17:13:26
1493,2.41,1.493,2411.2525117213663,4402934655,2026-06-26 17:13:27.762593,26/06/26,17:13:27
1487,2.42,1.487,2420.9818426361803,4402936142,2026-06-26 17:13:29.249593,26/06/26,17:13:29
1487,2.42,1.487,2420.9818426361803,4402937629,2026-06-26 17:13:30.736593,26/06/26,17:13:30
1486,2.42,1.486,2422.6110363391654,4402939115,2026-06-26 17:13:32.222593,26/06/26,17:13:32
1484,2.42,1.484,2425.876010781671,4402940599,2026-06-26 17:13:33.706593,26/06/26,17:13:33
1487,2.42,1.487,2420.9818426361803,4402942086,2026-06-26 17:13:35.193593,26/06/26,17:13:35
1485,2.42,1.485,2424.242424242424,4402943571,2026-06-26 17:13:36.678593,26/06/26,17:13:36
1496,2.41,1.496,2406.4171122994653,4402945067,2026-06-26 17:13:38.174593,26/06/26,17:13:38
1489,2.42,1.489,2417.73002014775,4402946556,2026-06-26 17:13:39.663593,26/06/26,17:13:39
1490,2.42,1.49,2416.1073825503354,4402948046,2026-06-26 17:13:41.153593,26/06/26,17:13:41
1490,2.42,1.49,2416.1073825503354,4402949536,2026-06-26 17:13:42.643593,26/06/26,17:13:42
1489,2.42,1.489,2417.73002014775,4402951025,2026-06-26 17:13:44.132593,26/06/26,17:13:44
1490,2.42,1.49,2416.1073825503354,4402952515,2026-06-26 17:13:45.622593,26/06/26,17:13:45
1488,2.42,1.488,2419.3548387096776,4402954003,2026-06-26 17:13:47.110593,26/06/26,17:13:47
1496,2.41,1.496,2406.4171122994653,4402955499,2026-06-26 17:13:48.606593,26/06/26,17:13:48
1489,2.42,1.489,2417.73002014775,4402956988,2026-06-26 17:13:50.095593,26/06/26,17:13:50
1487,2.42,1.487,2420.9818426361803,4402958475,2026-06-26 17:13:51.582593,26/06/26,17:13:51
1490,2.42,1.49,2416.1073825503354,4402959965,2026-06-26 17:13:53.072593,26/06/26,17:13:53
1486,2.42,1.486,2422.6110363391654,4402961451,2026-06-26 17:13:54.558593,26/06/26,17:13:54
1484,2.42,1.484,2425.876010781671,4402962935,2026-06-26 17:13:56.042593,26/06/26,17:13:56
1486,2.42,1.486,2422.6110363391654,4402964421,2026-06-26 17:13:57.528593,26/06/26,17:13:57
1484,2.42,1.484,2425.876010781671,4402965905,2026-06-26 17:13:59.012593,26/06/26,17:13:59
1482,2.43,1.482,2429.1497975708503,4402967387,2026-06-26 17:14:00.494593,26/06/26,17:14:0
1479,2.43,1.479,2434.077079107505,4402968866,2026-06-26 17:14:01.973593,26/06/26,17:14:1
1479,2.43,1.479,2434.077079107505,4402970345,2026-06-26 17:14:03.452593,26/06/26,17:14:3
1480,2.43,1.48,2432.4324324324325,4402971825,2026-06-26 17:14:04.932593,26/06/26,17:14:4
1456,2.47,1.456,2472.5274725274726,4402973281,2026-06-26 17:14:06.388593,26/06/26,17:14:6
1454,2.47,1.454,2475.9284731774414,4402974735,2026-06-26 17:14:07.842593,26/06/26,17:14:7
1450,2.48,1.45,2482.7586206896553,4402976185,2026-06-26 17:14:09.292593,26/06/26,17:14:9
1454,2.47,1.454,2475.9284731774414,4402977639,2026-06-26 17:14:10.746593,26/06/26,17:14:10
1450,2.48,1.45,2482.7586206896553,4402979089,2026-06-26 17:14:12.196593,26/06/26,17:14:12
1447,2.49,1.447,2487.90601243953,4402980536,2026-06-26 17:14:13.643593,26/06/26,17:14:13
1452,2.48,1.452,2479.3388429752067,4402981988,2026-06-26 17:14:15.095593,26/06/26,17:14:15
1445,2.49,1.445,2491.349480968858,4402983433,2026-06-26 17:14:16.540593,26/06/26,17:14:16
1452,2.48,1.452,2479.3388429752067,4402984885,2026-06-26 17:14:17.992593,26/06/26,17:14:17
1444,2.49,1.444,2493.074792243767,4402986329,2026-06-26 17:14:19.436593,26/06/26,17:14:19
1452,2.48,1.452,2479.3388429752067,4402987781,2026-06-26 17:14:20.888593,26/06/26,17:14:20
1449,2.48,1.449,2484.472049689441,4402989230,2026-06-26 17:14:22.337593,26/06/26,17:14:22
1448,2.49,1.448,2486.1878453038676,4402990678,2026-06-26 17:14:23.785593,26/06/26,17:14:23
1455,2.47,1.455,2474.226804123711,4402992133,2026-06-26 17:14:25.240593,26/06/26,17:14:25
1449,2.48,1.449,2484.472049689441,4402993582,2026-06-26 17:14:26.689593,26/06/26,17:14:26
1459,2.47,1.459,2467.443454420836,4402995041,2026-06-26 17:14:28.148593,26/06/26,17:14:28
1451,2.48,1.451,2481.0475534114403,4402996492,2026-06-26 17:14:29.599593,26/06/26,17:14:29
1454,2.47,1.454,2475.9284731774414,4402997946,2026-06-26 17:14:31.053593,26/06/26,17:14:31
1454,2.47,1.454,2475.9284731774414,4402999400,2026-06-26 17:14:32.507593,26/06/26,17:14:32
1450,2.48,1.45,2482.7586206896553,4403000850,2026-06-26 17:14:33.957593,26/06/26,17:14:33
1456,2.47,1.456,2472.5274725274726,4403002306,2026-06-26 17:14:35.413593,26/06/26,17:14:35
1447,2.49,1.447,2487.90601243953,4403003753,2026-06-26 17:14:36.860593,26/06/26,17:14:36
1455,2.47,1.455,2474.226804123711,4403005208,2026-06-26 17:14:38.315593,26/06/26,17:14:38
1447,2.49,1.447,2487.90601243953,4403006655,2026-06-26 17:14:39.762593,26/06/26,17:14:39
1449,2.48,1.449,2484.472049689441,4403008104,2026-06-26 17:14:41.211593,26/06/26,17:14:41
1451,2.48,1.451,2481.0475534114403,4403009555,2026-06-26 17:14:42.662593,26/06/26,17:14:42
1451,2.48,1.451,2481.0475534114403,4403011006,2026-06-26 17:14:44.113593,26/06/26,17:14:44
1451,2.48,1.451,2481.0475534114403,4403012457,2026-06-26 17:14:45.564593,26/06/26,17:14:45
1446,2.49,1.446,2489.6265560165975,4403013903,2026-06-26 17:14:47.010593,26/06/26,17:14:47
1453,2.48,1.453,2477.632484514797,4403015356,2026-06-26 17:14:48.463593,26/06/26,17:14:48
1446,2.49,1.446,2489.6265560165975,4403016802,2026-06-26 17:14:49.909593,26/06/26,17:14:49
1449,2.48,1.449,2484.472049689441,4403018251,2026-06-26 17:14:51.358593,26/06/26,17:14:51
1452,2.48,1.452,2479.3388429752067,4403019703,2026-06-26 17:14:52.810593,26/06/26,17:14:52
1450,2.48,1.45,2482.7586206896553,4403021153,2026-06-26 17:14:54.260593,26/06/26,17:14:54
1454,2.47,1.454,2475.9284731774414,4403022607,2026-06-26 17:14:55.714593,26/06/26,17:14:55
1449,2.48,1.449,2484.472049689441,4403024056,2026-06-26 17:14:57.163593,26/06/26,17:14:57
1456,2.47,1.456,2472.5274725274726,4403025512,2026-06-26 17:14:58.619593,26/06/26,17:14:58
1453,2.48,1.453,2477.632484514797,4403026965,2026-06-26 17:15:00.072593,26/06/26,17:15:0
1452,2.48,1.452,2479.3388429752067,4403028417,2026-06-26 17:15:01.524593,26/06/26,17:15:1
1453,2.48,1.453,2477.632484514797,4403029870,2026-06-26 17:15:02.977593,26/06/26,17:15:2
1451,2.48,1.451,2481.0475534114403,4403031321,2026-06-26 17:15:04.428593,26/06/26,17:15:4
1445,2.49,1.445,2491.349480968858,4403032766,2026-06-26 17:15:05.873593,26/06/26,17:15:5
1440,2.5,1.44,2500.0,4403034206,2026-06-26 17:15:07.313593,26/06/26,17:15:7
1443,2.49,1.443,2494.802494802495,4403035649,2026-06-26 17:15:08.756593,26/06/26,17:15:8
1438,2.5,1.438,2503.4770514603615,4403037087,2026-06-26 17:15:10.194593,26/06/26,17:15:10
1432,2.51,1.432,2513.9664804469276,4403038519,2026-06-26 17:15:11.626593,26/06/26,17:15:11
1439,2.5,1.439,2501.7373175816538,4403039958,2026-06-26 17:15:13.065593,26/06/26,17:15:13
1438,2.5,1.438,2503.4770514603615,4403041396,2026-06-26 17:15:14.503593,26/06/26,17:15:14
1434,2.51,1.434,2510.460251046025,4403042830,2026-06-26 17:15:15.937593,26/06/26,17:15:15
1430,2.52,1.43,2517.4825174825173,4403044260,2026-06-26 17:15:17.367593,26/06/26,17:15:17
1439,2.5,1.439,2501.7373175816538,4403045699,2026-06-26 17:15:18.806593,26/06/26,17:15:18
1435,2.51,1.435,2508.710801393728,4403047134,2026-06-26 17:15:20.241593,26/06/26,17:15:20
1431,2.52,1.431,2515.723270440252,4403048565,2026-06-26 17:15:21.672593,26/06/26,17:15:21
1437,2.51,1.437,2505.2192066805846,4403050002,2026-06-26 17:15:23.109593,26/06/26,17:15:23
1437,2.51,1.437,2505.2192066805846,4403051439,2026-06-26 17:15:24.546593,26/06/26,17:15:24
1437,2.51,1.437,2505.2192066805846,4403052876,2026-06-26 17:15:25.983593,26/06/26,17:15:25
1435,2.51,1.435,2508.710801393728,4403054311,2026-06-26 17:15:27.418593,26/06/26,17:15:27
1439,2.5,1.439,2501.7373175816538,4403055750,2026-06-26 17:15:28.857593,26/06/26,17:15:28
1436,2.51,1.436,2506.963788300836,4403057186,2026-06-26 17:15:30.293593,26/06/26,17:15:30
1434,2.51,1.434,2510.460251046025,4403058620,2026-06-26 17:15:31.727593,26/06/26,17:15:31
1437,2.51,1.437,2505.2192066805846,4403060057,2026-06-26 17:15:33.164593,26/06/26,17:15:33
1437,2.51,1.437,2505.2192066805846,4403061494,2026-06-26 17:15:34.601593,26/06/26,17:15:34
1439,2.5,1.439,2501.7373175816538,4403062933,2026-06-26 17:15:36.040593,26/06/26,17:15:36
1436,2.51,1.436,2506.963788300836,4403064369,2026-06-26 17:15:37.476593,26/06/26,17:15:37
1443,2.49,1.443,2494.802494802495,4403065812,2026-06-26 17:15:38.919593,26/06/26,17:15:38
1442,2.5,1.442,2496.5325936199724,4403067254,2026-06-26 17:15:40.361593,26/06/26,17:15:40
1437,2.51,1.437,2505.2192066805846,4403068691,2026-06-26 17:15:41.798593,26/06/26,17:15:41
1439,2.5,1.439,2501.7373175816538,4403070130,2026-06-26 17:15:43.237593,26/06/26,17:15:43
1439,2.5,1.439,2501.7373175816538,4403071569,2026-06-26 17:15:44.676593,26/06/26,17:15:44
1436,2.51,1.436,2506.963788300836,4403073005,2026-06-26 17:15:46.112593,26/06/26,17:15:46
1436,2.51,1.436,2506.963788300836,4403074441,2026-06-26 17:15:47.548593,26/06/26,17:15:47
1443,2.49,1.443,2494.802494802495,4403075884,2026-06-26 17:15:48.991593,26/06/26,17:15:48
1440,2.5,1.44,2500.0,4403077324,2026-06-26 17:15:50.431593,26/06/26,17:15:50
1437,2.51,1.437,2505.2192066805846,4403078761,2026-06-26 17:15:51.868593,26/06/26,17:15:51
1438,2.5,1.438,2503.4770514603615,4403080199,2026-06-26 17:15:53.306593,26/06/26,17:15:53
1442,2.5,1.442,2496.5325936199724,4403081641,2026-06-26 17:15:54.748593,26/06/26,17:15:54
1437,2.51,1.437,2505.2192066805846,4403083078,2026-06-26 17:15:56.185593,26/06/26,17:15:56
1440,2.5,1.44,2500.0,4403084518,2026-06-26 17:15:57.625593,26/06/26,17:15:57
1446,2.49,1.446,2489.6265560165975,4403085964,2026-06-26 17:15:59.071593,26/06/26,17:15:59
1447,2.49,1.447,2487.90601243953,4403087411,2026-06-26 17:16:00.518593,26/06/26,17:16:0
1442,2.5,1.442,2496.5325936199724,4403088853,2026-06-26 17:16:01.960593,26/06/26,17:16:1
1441,2.5,1.441,2498.265093684941,4403090294,2026-06-26 17:16:03.401593,26/06/26,17:16:3
1442,2.5,1.442,2496.5325936199724,4403091736,2026-06-26 17:16:04.843593,26/06/26,17:16:4
1439,2.5,1.439,2501.7373175816538,4403093175,2026-06-26 17:16:06.282593,26/06/26,17:16:6
1438,2.5,1.438,2503.4770514603615,4403094613,2026-06-26 17:16:07.720593,26/06/26,17:16:7
1445,2.49,1.445,2491.349480968858,4403096058,2026-06-26 17:16:09.165593,26/06/26,17:16:9
1445,2.49,1.445,2491.349480968858,4403097503,2026-06-26 17:16:10.610593,26/06/26,17:16:10
1442,2.5,1.442,2496.5325936199724,4403098945,2026-06-26 17:16:12.052593,26/06/26,17:16:12
1438,2.5,1.438,2503.4770514603615,4403100383,2026-06-26 17:16:13.490593,26/06/26,17:16:13
1442,2.5,1.442,2496.5325936199724,4403101825,2026-06-26 17:16:14.932593,26/06/26,17:16:14
1434,2.51,1.434,2510.460251046025,4403103259,2026-06-26 17:16:16.366593,26/06/26,17:16:16
1438,2.5,1.438,2503.4770514603615,4403104697,2026-06-26 17:16:17.804593,26/06/26,17:16:17
1439,2.5,1.439,2501.7373175816538,4403106136,2026-06-26 17:16:19.243593,26/06/26,17:16:19
1447,2.49,1.447,2487.90601243953,4403107583,2026-06-26 17:16:20.690593,26/06/26,17:16:20
1475,2.44,1.475,2440.677966101695,4403109058,2026-06-26 17:16:22.165593,26/06/26,17:16:22
1476,2.44,1.476,2439.0243902439024,4403110534,2026-06-26 17:16:23.641593,26/06/26,17:16:23
1482,2.43,1.482,2429.1497975708503,4403112016,2026-06-26 17:16:25.123593,26/06/26,17:16:25
1476,2.44,1.476,2439.0243902439024,4403113492,2026-06-26 17:16:26.599593,26/06/26,17:16:26
1484,2.42,1.484,2425.876010781671,4403114976,2026-06-26 17:16:28.083593,26/06/26,17:16:28
1479,2.43,1.479,2434.077079107505,4403116455,2026-06-26 17:16:29.562593,26/06/26,17:16:29
1482,2.43,1.482,2429.1497975708503,4403117937,2026-06-26 17:16:31.044593,26/06/26,17:16:31
1483,2.43,1.483,2427.5118004045853,4403119420,2026-06-26 17:16:32.527593,26/06/26,17:16:32
1477,2.44,1.477,2437.3730534867977,4403120897,2026-06-26 17:16:34.004593,26/06/26,17:16:34
1482,2.43,1.482,2429.1497975708503,4403122379,2026-06-26 17:16:35.486593,26/06/26,17:16:35
1476,2.44,1.476,2439.0243902439024,4403123855,2026-06-26 17:16:36.962593,26/06/26,17:16:36
1485,2.42,1.485,2424.242424242424,4403125340,2026-06-26 17:16:38.447593,26/06/26,17:16:38
1480,2.43,1.48,2432.4324324324325,4403126820,2026-06-26 17:16:39.927593,26/06/26,17:16:39
1482,2.43,1.482,2429.1497975708503,4403128302,2026-06-26 17:16:41.409593,26/06/26,17:16:41
1482,2.43,1.482,2429.1497975708503,4403129784,2026-06-26 17:16:42.891593,26/06/26,17:16:42
1479,2.43,1.479,2434.077079107505,4403131263,2026-06-26 17:16:44.370593,26/06/26,17:16:44
1478,2.43,1.478,2435.723951285521,4403132741,2026-06-26 17:16:45.848593,26/06/26,17:16:45
1479,2.43,1.479,2434.077079107505,4403134220,2026-06-26 17:16:47.327593,26/06/26,17:16:47
2030,1.77,2.03,1773.3990147783252,4403136250,2026-06-26 17:16:49.357593,26/06/26,17:16:49
3098,1.16,3.098,1162.0400258231116,4403139348,2026-06-26 17:16:52.455593,26/06/26,17:16:52
1498,2.4,1.498,2403.2042723631507,4403140846,2026-06-26 17:16:53.953593,26/06/26,17:16:53
1610,2.24,1.61,2236.0248447204967,4403142456,2026-06-26 17:16:55.563593,26/06/26,17:16:55
3555,1.01,3.555,1012.6582278481013,4403146011,2026-06-26 17:16:59.118593,26/06/26,17:16:59
1885,1.91,1.885,1909.814323607427,4403147896,2026-06-26 17:17:01.003593,26/06/26,17:17:1
1458,2.47,1.458,2469.135802469136,4403149354,2026-06-26 17:17:02.461593,26/06/26,17:17:2
1782,2.02,1.782,2020.20202020202,4403151136,2026-06-26 17:17:04.243593,26/06/26,17:17:4
3660,0.98,3.66,983.6065573770492,4403154796,2026-06-26 17:17:07.903593,26/06/26,17:17:7
3664,0.98,3.664,982.5327510917031,4403158460,2026-06-26 17:17:11.567593,26/06/26,17:17:11
3588,1.0,3.588,1003.3444816053511,4403162048,2026-06-26 17:17:15.155593,26/06/26,17:17:15
1872,1.92,1.872,1923.076923076923,4403163920,2026-06-26 17:17:17.027593,26/06/26,17:17:17
1452,2.48,1.452,2479.3388429752067,4403165372,2026-06-26 17:17:18.479593,26/06/26,17:17:18
1794,2.01,1.794,2006.6889632107022,4403167166,2026-06-26 17:17:20.273593,26/06/26,17:17:20
3674,0.98,3.674,979.858464888405,4403170840,2026-06-26 17:17:23.947593,26/06/26,17:17:23
1650,2.18,1.65,2181.818181818182,4403172490,2026-06-26 17:17:25.597593,26/06/26,17:17:25
1527,2.36,1.527,2357.563850687623,4403174017,2026-06-26 17:17:27.124593,26/06/26,17:17:27
3270,1.1,3.27,1100.9174311926606,4403177287,2026-06-26 17:17:30.394593,26/06/26,17:17:30
2261,1.59,2.261,1592.2158337019018,4403179548,2026-06-26 17:17:32.655593,26/06/26,17:17:32
1482,2.43,1.482,2429.1497975708503,4403181030,2026-06-26 17:17:34.137593,26/06/26,17:17:34
1684,2.14,1.684,2137.7672209026127,4403182714,2026-06-26 17:17:35.821593,26/06/26,17:17:35
3651,0.99,3.651,986.0312243221035,4403186365,2026-06-26 17:17:39.472593,26/06/26,17:17:39
1767,2.04,1.767,2037.351443123939,4403188132,2026-06-26 17:17:41.239593,26/06/26,17:17:41
1480,2.43,1.48,2432.4324324324325,4403189612,2026-06-26 17:17:42.719593,26/06/26,17:17:42
1860,1.93,1.86,1935.483870967742,4403191472,2026-06-26 17:17:44.579593,26/06/26,17:17:44
3669,0.98,3.669,981.1937857726901,4403195141,2026-06-26 17:17:48.248593,26/06/26,17:17:48
1608,2.24,1.608,2238.805970149254,4403196749,2026-06-26 17:17:49.856593,26/06/26,17:17:49
1471,2.45,1.471,2447.3147518694764,4403198220,2026-06-26 17:17:51.327593,26/06/26,17:17:51
1471,2.45,1.471,2447.3147518694764,4403199691,2026-06-26 17:17:52.798593,26/06/26,17:17:52
1473,2.44,1.473,2443.9918533604887,4403201164,2026-06-26 17:17:54.271593,26/06/26,17:17:54
1475,2.44,1.475,2440.677966101695,4403202639,2026-06-26 17:17:55.746593,26/06/26,17:17:55
1472,2.44,1.472,2445.6521739130435,4403204111,2026-06-26 17:17:57.218593,26/06/26,17:17:57
1477,2.44,1.477,2437.3730534867977,4403205588,2026-06-26 17:17:58.695593,26/06/26,17:17:58
1479,2.43,1.479,2434.077079107505,4403207067,2026-06-26 17:18:00.174593,26/06/26,17:18:0
1477,2.44,1.477,2437.3730534867977,4403208544,2026-06-26 17:18:01.651593,26/06/26,17:18:1
1479,2.43,1.479,2434.077079107505,4403210023,2026-06-26 17:18:03.130593,26/06/26,17:18:3
1478,2.43,1.478,2435.723951285521,4403211501,2026-06-26 17:18:04.608593,26/06/26,17:18:4
1479,2.43,1.479,2434.077079107505,4403212980,2026-06-26 17:18:06.087593,26/06/26,17:18:6
1475,2.44,1.475,2440.677966101695,4403214455,2026-06-26 17:18:07.562593,26/06/26,17:18:7
1479,2.43,1.479,2434.077079107505,4403215934,2026-06-26 17:18:09.041593,26/06/26,17:18:9
1479,2.43,1.479,2434.077079107505,4403217413,2026-06-26 17:18:10.520593,26/06/26,17:18:10
1479,2.43,1.479,2434.077079107505,4403218892,2026-06-26 17:18:11.999593,26/06/26,17:18:11
1482,2.43,1.482,2429.1497975708503,4403220374,2026-06-26 17:18:13.481593,26/06/26,17:18:13
1486,2.42,1.486,2422.6110363391654,4403221860,2026-06-26 17:18:14.967593,26/06/26,17:18:14
1482,2.43,1.482,2429.1497975708503,4403223342,2026-06-26 17:18:16.449593,26/06/26,17:18:16
1482,2.43,1.482,2429.1497975708503,4403224824,2026-06-26 17:18:17.931593,26/06/26,17:18:17
1478,2.43,1.478,2435.723951285521,4403226302,2026-06-26 17:18:19.409593,26/06/26,17:18:19
1477,2.44,1.477,2437.3730534867977,4403227779,2026-06-26 17:18:20.886593,26/06/26,17:18:20
1479,2.43,1.479,2434.077079107505,4403229258,2026-06-26 17:18:22.365593,26/06/26,17:18:22
1480,2.43,1.48,2432.4324324324325,4403230738,2026-06-26 17:18:23.845593,26/06/26,17:18:23
1479,2.43,1.479,2434.077079107505,4403232217,2026-06-26 17:18:25.324593,26/06/26,17:18:25
1472,2.44,1.472,2445.6521739130435,4403233689,2026-06-26 17:18:26.796593,26/06/26,17:18:26
1480,2.43,1.48,2432.4324324324325,4403235169,2026-06-26 17:18:28.276593,26/06/26,17:18:28
1480,2.43,1.48,2432.4324324324325,4403236649,2026-06-26 17:18:29.756593,26/06/26,17:18:29
1479,2.43,1.479,2434.077079107505,4403238128,2026-06-26 17:18:31.235593,26/06/26,17:18:31
1478,2.43,1.478,2435.723951285521,4403239606,2026-06-26 17:18:32.713593,26/06/26,17:18:32
1478,2.43,1.478,2435.723951285521,4403241084,2026-06-26 17:18:34.191593,26/06/26,17:18:34
1482,2.43,1.482,2429.1497975708503,4403242566,2026-06-26 17:18:35.673593,26/06/26,17:18:35
1474,2.44,1.474,2442.3337856173675,4403244040,2026-06-26 17:18:37.147593,26/06/26,17:18:37
1477,2.44,1.477,2437.3730534867977,4403245517,2026-06-26 17:18:38.624593,26/06/26,17:18:38
1480,2.43,1.48,2432.4324324324325,4403246997,2026-06-26 17:18:40.104593,26/06/26,17:18:40
1479,2.43,1.479,2434.077079107505,4403248476,2026-06-26 17:18:41.583593,26/06/26,17:18:41
1481,2.43,1.481,2430.7900067521946,4403249957,2026-06-26 17:18:43.064593,26/06/26,17:18:43
1478,2.43,1.478,2435.723951285521,4403251435,2026-06-26 17:18:44.542593,26/06/26,17:18:44
1477,2.44,1.477,2437.3730534867977,4403252912,2026-06-26 17:18:46.019593,26/06/26,17:18:46
1476,2.44,1.476,2439.0243902439024,4403254388,2026-06-26 17:18:47.495593,26/06/26,17:18:47
1476,2.44,1.476,2439.0243902439024,4403255864,2026-06-26 17:18:48.971593,26/06/26,17:18:48
1475,2.44,1.475,2440.677966101695,4403257339,2026-06-26 17:18:50.446593,26/06/26,17:18:50
1476,2.44,1.476,2439.0243902439024,4403258815,2026-06-26 17:18:51.922593,26/06/26,17:18:51
1476,2.44,1.476,2439.0243902439024,4403260291,2026-06-26 17:18:53.398593,26/06/26,17:18:53
1476,2.44,1.476,2439.0243902439024,4403261767,2026-06-26 17:18:54.874593,26/06/26,17:18:54
1475,2.44,1.475,2440.677966101695,4403263242,2026-06-26 17:18:56.349593,26/06/26,17:18:56
1480,2.43,1.48,2432.4324324324325,4403264722,2026-06-26 17:18:57.829593,26/06/26,17:18:57
1477,2.44,1.477,2437.3730534867977,4403266199,2026-06-26 17:18:59.306593,26/06/26,17:18:59
1478,2.43,1.478,2435.723951285521,4403267677,2026-06-26 17:19:00.784593,26/06/26,17:19:0
1475,2.44,1.475,2440.677966101695,4403269152,2026-06-26 17:19:02.259593,26/06/26,17:19:2
1473,2.44,1.473,2443.9918533604887,4403270625,2026-06-26 17:19:03.732593,26/06/26,17:19:3
1474,2.44,1.474,2442.3337856173675,4403272099,2026-06-26 17:19:05.206593,26/06/26,17:19:5
1469,2.45,1.469,2450.646698434309,4403273568,2026-06-26 17:19:06.675593,26/06/26,17:19:6
1476,2.44,1.476,2439.0243902439024,4403275044,2026-06-26 17:19:08.151593,26/06/26,17:19:8
1478,2.43,1.478,2435.723951285521,4403276522,2026-06-26 17:19:09.629593,26/06/26,17:19:9
1474,2.44,1.474,2442.3337856173675,4403277996,2026-06-26 17:19:11.103593,26/06/26,17:19:11
1476,2.44,1.476,2439.0243902439024,4403279472,2026-06-26 17:19:12.579593,26/06/26,17:19:12
1471,2.45,1.471,2447.3147518694764,4403280943,2026-06-26 17:19:14.050593,26/06/26,17:19:14
1475,2.44,1.475,2440.677966101695,4403282418,2026-06-26 17:19:15.525593,26/06/26,17:19:15
1471,2.45,1.471,2447.3147518694764,4403283889,2026-06-26 17:19:16.996593,26/06/26,17:19:16
1477,2.44,1.477,2437.3730534867977,4403285366,2026-06-26 17:19:18.473593,26/06/26,17:19:18
1476,2.44,1.476,2439.0243902439024,4403286842,2026-06-26 17:19:19.949593,26/06/26,17:19:19
1477,2.44,1.477,2437.3730534867977,4403288319,2026-06-26 17:19:21.426593,26/06/26,17:19:21
1476,2.44,1.476,2439.0243902439024,4403289795,2026-06-26 17:19:22.902593,26/06/26,17:19:22
1477,2.44,1.477,2437.3730534867977,4403291272,2026-06-26 17:19:24.379593,26/06/26,17:19:24
1479,2.43,1.479,2434.077079107505,4403292751,2026-06-26 17:19:25.858593,26/06/26,17:19:25
1476,2.44,1.476,2439.0243902439024,4403294227,2026-06-26 17:19:27.334593,26/06/26,17:19:27
1480,2.43,1.48,2432.4324324324325,4403295707,2026-06-26 17:19:28.814593,26/06/26,17:19:28
1482,2.43,1.482,2429.1497975708503,4403297189,2026-06-26 17:19:30.296593,26/06/26,17:19:30
1482,2.43,1.482,2429.1497975708503,4403298671,2026-06-26 17:19:31.778593,26/06/26,17:19:31
1483,2.43,1.483,2427.5118004045853,4403300154,2026-06-26 17:19:33.261593,26/06/26,17:19:33
1481,2.43,1.481,2430.7900067521946,4403301635,2026-06-26 17:19:34.742593,26/06/26,17:19:34
1482,2.43,1.482,2429.1497975708503,4403303117,2026-06-26 17:19:36.224593,26/06/26,17:19:36
1481,2.43,1.481,2430.7900067521946,4403304598,2026-06-26 17:19:37.705593,26/06/26,17:19:37
1485,2.42,1.485,2424.242424242424,4403306083,2026-06-26 17:19:39.190593,26/06/26,17:19:39
1479,2.43,1.479,2434.077079107505,4403307562,2026-06-26 17:19:40.669593,26/06/26,17:19:40
1481,2.43,1.481,2430.7900067521946,4403309043,2026-06-26 17:19:42.150593,26/06/26,17:19:42
1479,2.43,1.479,2434.077079107505,4403310522,2026-06-26 17:19:43.629593,26/06/26,17:19:43
1483,2.43,1.483,2427.5118004045853,4403312005,2026-06-26 17:19:45.112593,26/06/26,17:19:45
1475,2.44,1.475,2440.677966101695,4403313480,2026-06-26 17:19:46.587593,26/06/26,17:19:46
13441,0.27,13.441,267.8372144929693,4403326921,2026-06-26 17:20:00.028593,26/06/26,17:20:0
16203,0.22,16.203,222.18107757822625,4403343124,2026-06-26 17:20:16.231593,26/06/26,17:20:16
16187,0.22,16.187,222.40069191326373,4403359311,2026-06-26 17:20:32.418593,26/06/26,17:20:32
16086,0.22,16.086,223.7970906378217,4403375397,2026-06-26 17:20:48.504593,26/06/26,17:20:48
16177,0.22,16.177,222.53817147802437,4403391574,2026-06-26 17:21:04.681593,26/06/26,17:21:4
16089,0.22,16.089,223.7553608055193,4403407663,2026-06-26 17:21:20.770593,26/06/26,17:21:20
3708,0.97,3.708,970.8737864077669,4403411371,2026-06-26 17:21:24.478593,26/06/26,17:21:24
3644,0.99,3.644,987.9253567508233,4403415015,2026-06-26 17:21:28.122593,26/06/26,17:21:28
1594,2.26,1.594,2258.469259723965,4403416609,2026-06-26 17:21:29.716593,26/06/26,17:21:29
1533,2.35,1.533,2348.3365949119375,4403418142,2026-06-26 17:21:31.249593,26/06/26,17:21:31
3408,1.06,3.408,1056.338028169014,4403421550,2026-06-26 17:21:34.657593,26/06/26,17:21:34
2068,1.74,2.068,1740.8123791102514,4403423618,2026-06-26 17:21:36.725593,26/06/26,17:21:36
1474,2.44,1.474,2442.3337856173675,4403425092,2026-06-26 17:21:38.199593,26/06/26,17:21:38
1678,2.14,1.678,2145.4112038140643,4403426770,2026-06-26 17:21:39.877593,26/06/26,17:21:39
3645,0.99,3.645,987.6543209876543,4403430415,2026-06-26 17:21:43.522593,26/06/26,17:21:43
1749,2.06,1.749,2058.319039451115,4403432164,2026-06-26 17:21:45.271593,26/06/26,17:21:45
1466,2.45,1.466,2455.661664392906,4403433630,2026-06-26 17:21:46.737593,26/06/26,17:21:46
1831,1.97,1.831,1966.1387220098306,4403435461,2026-06-26 17:21:48.568593,26/06/26,17:21:48
3670,0.98,3.67,980.9264305177112,4403439131,2026-06-26 17:21:52.238593,26/06/26,17:21:52
1578,2.28,1.578,2281.3688212927755,4403440709,2026-06-26 17:21:53.816593,26/06/26,17:21:53
1579,2.28,1.579,2279.9240025332488,4403442288,2026-06-26 17:21:55.395593,26/06/26,17:21:55
3488,1.03,3.488,1032.1100917431193,4403445776,2026-06-26 17:21:58.883593,26/06/26,17:21:58
2855,1.26,2.855,1260.9457092819614,4403448631,2026-06-26 17:22:01.738593,26/06/26,17:22:1
2954,1.22,2.954,1218.6865267433989,4403451585,2026-06-26 17:22:04.692593,26/06/26,17:22:4
3602,1.0,3.602,999.4447529150472,4403455187,2026-06-26 17:22:08.294593,26/06/26,17:22:8
1560,2.31,1.56,2307.6923076923076,4403456747,2026-06-26 17:22:09.854593,26/06/26,17:22:9
1580,2.28,1.58,2278.481012658228,4403458327,2026-06-26 17:22:11.434593,26/06/26,17:22:11
3509,1.02,3.509,1025.9333143345682,4403461836,2026-06-26 17:22:14.943593,26/06/26,17:22:14
1972,1.83,1.972,1825.5578093306287,4403463808,2026-06-26 17:22:16.915593,26/06/26,17:22:16
1465,2.46,1.465,2457.3378839590446,4403465273,2026-06-26 17:22:18.380593,26/06/26,17:22:18
1748,2.06,1.748,2059.496567505721,4403467021,2026-06-26 17:22:20.128593,26/06/26,17:22:20
1618,2.22,1.618,2224.9690976514216,4403468639,2026-06-26 17:22:21.746593,26/06/26,17:22:21
1447,2.49,1.447,2487.90601243953,4403470086,2026-06-26 17:22:23.193593,26/06/26,17:22:23
1450,2.48,1.45,2482.7586206896553,4403471536,2026-06-26 17:22:24.643593,26/06/26,17:22:24
1454,2.47,1.454,2475.9284731774414,4403472990,2026-06-26 17:22:26.097593,26/06/26,17:22:26
1454,2.47,1.454,2475.9284731774414,4403474444,2026-06-26 17:22:27.551593,26/06/26,17:22:27
1454,2.47,1.454,2475.9284731774414,4403475898,2026-06-26 17:22:29.005593,26/06/26,17:22:29
1458,2.47,1.458,2469.135802469136,4403477356,2026-06-26 17:22:30.463593,26/06/26,17:22:30
1460,2.46,1.46,2465.753424657534,4403478816,2026-06-26 17:22:31.923593,26/06/26,17:22:31
1465,2.46,1.465,2457.3378839590446,4403480281,2026-06-26 17:22:33.388593,26/06/26,17:22:33
1465,2.46,1.465,2457.3378839590446,4403481746,2026-06-26 17:22:34.853593,26/06/26,17:22:34
1466,2.45,1.466,2455.661664392906,4403483212,2026-06-26 17:22:36.319593,26/06/26,17:22:36
1476,2.44,1.476,2439.0243902439024,4403484688,2026-06-26 17:22:37.795593,26/06/26,17:22:37
1475,2.44,1.475,2440.677966101695,4403486163,2026-06-26 17:22:39.270593,26/06/26,17:22:39
1477,2.44,1.477,2437.3730534867977,4403487640,2026-06-26 17:22:40.747593,26/06/26,17:22:40
1478,2.43,1.478,2435.723951285521,4403489118,2026-06-26 17:22:42.225593,26/06/26,17:22:42
1482,2.43,1.482,2429.1497975708503,4403490600,2026-06-26 17:22:43.707593,26/06/26,17:22:43
1482,2.43,1.482,2429.1497975708503,4403492082,2026-06-26 17:22:45.189593,26/06/26,17:22:45
1480,2.43,1.48,2432.4324324324325,4403493562,2026-06-26 17:22:46.669593,26/06/26,17:22:46
1491,2.41,1.491,2414.486921529175,4403495053,2026-06-26 17:22:48.160593,26/06/26,17:22:48
1486,2.42,1.486,2422.6110363391654,4403496539,2026-06-26 17:22:49.646593,26/06/26,17:22:49
1486,2.42,1.486,2422.6110363391654,4403498025,2026-06-26 17:22:51.132593,26/06/26,17:22:51
1559,2.31,1.559,2309.1725465041695,4403499584,2026-06-26 17:22:52.691593,26/06/26,17:22:52
13841,0.26,13.841,260.0968138140308,4403513425,2026-06-26 17:23:06.532593,26/06/26,17:23:6
16208,0.22,16.208,222.11253701875617,4403529633,2026-06-26 17:23:22.740593,26/06/26,17:23:22
16132,0.22,16.132,223.15893875526902,4403545765,2026-06-26 17:23:38.872593,26/06/26,17:23:38
16211,0.22,16.211,222.0714329776078,4403561976,2026-06-26 17:23:55.083593,26/06/26,17:23:55
13792,0.26,13.792,261.02088167053364,4403575768,2026-06-26 17:24:08.875593,26/06/26,17:24:8
1617,2.23,1.617,2226.3450834879404,4403577385,2026-06-26 17:24:10.492593,26/06/26,17:24:10
1454,2.47,1.454,2475.9284731774414,4403578839,2026-06-26 17:24:11.946593,26/06/26,17:24:11
1456,2.47,1.456,2472.5274725274726,4403580295,2026-06-26 17:24:13.402593,26/06/26,17:24:13
1458,2.47,1.458,2469.135802469136,4403581753,2026-06-26 17:24:14.860593,26/06/26,17:24:14
1456,2.47,1.456,2472.5274725274726,4403583209,2026-06-26 17:24:16.316593,26/06/26,17:24:16
1462,2.46,1.462,2462.380300957592,4403584671,2026-06-26 17:24:17.778593,26/06/26,17:24:17
1463,2.46,1.463,2460.6971975393026,4403586134,2026-06-26 17:24:19.241593,26/06/26,17:24:19
1467,2.45,1.467,2453.98773006135,4403587601,2026-06-26 17:24:20.708593,26/06/26,17:24:20
1466,2.45,1.466,2455.661664392906,4403589067,2026-06-26 17:24:22.174593,26/06/26,17:24:22
1469,2.45,1.469,2450.646698434309,4403590536,2026-06-26 17:24:23.643593,26/06/26,17:24:23
1470,2.45,1.47,2448.9795918367345,4403592006,2026-06-26 17:24:25.113593,26/06/26,17:24:25
1465,2.46,1.465,2457.3378839590446,4403593471,2026-06-26 17:24:26.578593,26/06/26,17:24:26
1479,2.43,1.479,2434.077079107505,4403594950,2026-06-26 17:24:28.057593,26/06/26,17:24:28
1471,2.45,1.471,2447.3147518694764,4403596421,2026-06-26 17:24:29.528593,26/06/26,17:24:29
1475,2.44,1.475,2440.677966101695,4403597896,2026-06-26 17:24:31.003593,26/06/26,17:24:31
1476,2.44,1.476,2439.0243902439024,4403599372,2026-06-26 17:24:32.479593,26/06/26,17:24:32
1474,2.44,1.474,2442.3337856173675,4403600846,2026-06-26 17:24:33.953593,26/06/26,17:24:33
1481,2.43,1.481,2430.7900067521946,4403602327,2026-06-26 17:24:35.434593,26/06/26,17:24:35
1474,2.44,1.474,2442.3337856173675,4403603801,2026-06-26 17:24:36.908593,26/06/26,17:24:36
1483,2.43,1.483,2427.5118004045853,4403605284,2026-06-26 17:24:38.391593,26/06/26,17:24:38
1482,2.43,1.482,2429.1497975708503,4403606766,2026-06-26 17:24:39.873593,26/06/26,17:24:39
1480,2.43,1.48,2432.4324324324325,4403608246,2026-06-26 17:24:41.353593,26/06/26,17:24:41
1480,2.43,1.48,2432.4324324324325,4403609726,2026-06-26 17:24:42.833593,26/06/26,17:24:42
1479,2.43,1.479,2434.077079107505,4403611205,2026-06-26 17:24:44.312593,26/06/26,17:24:44
1481,2.43,1.481,2430.7900067521946,4403612686,2026-06-26 17:24:45.793593,26/06/26,17:24:45
1480,2.43,1.48,2432.4324324324325,4403614166,2026-06-26 17:24:47.273593,26/06/26,17:24:47
1480,2.43,1.48,2432.4324324324325,4403615646,2026-06-26 17:24:48.753593,26/06/26,17:24:48
1478,2.43,1.478,2435.723951285521,4403617124,2026-06-26 17:24:50.231593,26/06/26,17:24:50
1477,2.44,1.477,2437.3730534867977,4403618601,2026-06-26 17:24:51.708593,26/06/26,17:24:51
1478,2.43,1.478,2435.723951285521,4403620079,2026-06-26 17:24:53.186593,26/06/26,17:24:53
1475,2.44,1.475,2440.677966101695,4403621554,2026-06-26 17:24:54.661593,26/06/26,17:24:54
1476,2.44,1.476,2439.0243902439024,4403623030,2026-06-26 17:24:56.137593,26/06/26,17:24:56
1480,2.43,1.48,2432.4324324324325,4403624510,2026-06-26 17:24:57.617593,26/06/26,17:24:57
1473,2.44,1.473,2443.9918533604887,4403625983,2026-06-26 17:24:59.090593,26/06/26,17:24:59
1477,2.44,1.477,2437.3730534867977,4403627460,2026-06-26 17:25:00.567593,26/06/26,17:25:0
1476,2.44,1.476,2439.0243902439024,4403628936,2026-06-26 17:25:02.043593,26/06/26,17:25:2
1476,2.44,1.476,2439.0243902439024,4403630412,2026-06-26 17:25:03.519593,26/06/26,17:25:3
1479,2.43,1.479,2434.077079107505,4403631891,2026-06-26 17:25:04.998593,26/06/26,17:25:4
1473,2.44,1.473,2443.9918533604887,4403633364,2026-06-26 17:25:06.471593,26/06/26,17:25:6
1480,2.43,1.48,2432.4324324324325,4403634844,2026-06-26 17:25:07.951593,26/06/26,17:25:7
7848,0.46,7.848,458.7155963302752,4403642692,2026-06-26 17:25:15.799593,26/06/26,17:25:15
16250,0.22,16.25,221.53846153846155,4403658942,2026-06-26 17:25:32.049593,26/06/26,17:25:32
16207,0.22,16.207,222.1262417473931,4403675149,2026-06-26 17:25:48.256593,26/06/26,17:25:48
16166,0.22,16.166,222.68959544723495,4403691315,2026-06-26 17:26:04.422593,26/06/26,17:26:4
16256,0.22,16.256,221.45669291338584,4403707571,2026-06-26 17:26:20.678593,26/06/26,17:26:20
16191,0.22,16.191,222.34574763757644,4403723762,2026-06-26 17:26:36.869593,26/06/26,17:26:36
14023,0.26,14.023,256.72110104827783,4403737785,2026-06-26 17:26:50.892593,26/06/26,17:26:50
1943,1.85,1.943,1852.8049408131756,4403739728,2026-06-26 17:26:52.835593,26/06/26,17:26:52
1453,2.48,1.453,2477.632484514797,4403741181,2026-06-26 17:26:54.288593,26/06/26,17:26:54
1720,2.09,1.72,2093.0232558139537,4403742901,2026-06-26 17:26:56.008593,26/06/26,17:26:56
3650,0.99,3.65,986.3013698630137,4403746551,2026-06-26 17:26:59.658593,26/06/26,17:26:59
1684,2.14,1.684,2137.7672209026127,4403748235,2026-06-26 17:27:01.342593,26/06/26,17:27:1
1492,2.41,1.492,2412.868632707775,4403749727,2026-06-26 17:27:02.834593,26/06/26,17:27:2
2152,1.67,2.152,1672.8624535315985,4403751879,2026-06-26 17:27:04.986593,26/06/26,17:27:4
3359,1.07,3.359,1071.7475439118784,4403755238,2026-06-26 17:27:08.345593,26/06/26,17:27:8
3671,0.98,3.671,980.65922092073,4403758909,2026-06-26 17:27:12.016593,26/06/26,17:27:12
3675,0.98,3.675,979.5918367346939,4403762584,2026-06-26 17:27:15.691593,26/06/26,17:27:15
1688,2.13,1.688,2132.701421800948,4403764272,2026-06-26 17:27:17.379593,26/06/26,17:27:17
1505,2.39,1.505,2392.0265780730897,4403765777,2026-06-26 17:27:18.884593,26/06/26,17:27:18
2305,1.56,2.305,1561.822125813449,4403768082,2026-06-26 17:27:21.189593,26/06/26,17:27:21
3234,1.11,3.234,1113.1725417439702,4403771316,2026-06-26 17:27:24.423593,26/06/26,17:27:24
1510,2.38,1.51,2384.1059602649007,4403772826,2026-06-26 17:27:25.933593,26/06/26,17:27:25
1628,2.21,1.628,2211.302211302211,4403774454,2026-06-26 17:27:27.561593,26/06/26,17:27:27
3596,1.0,3.596,1001.1123470522803,4403778050,2026-06-26 17:27:31.157593,26/06/26,17:27:31
1859,1.94,1.859,1936.5250134480905,4403779909,2026-06-26 17:27:33.016593,26/06/26,17:27:33
1456,2.47,1.456,2472.5274725274726,4403781365,2026-06-26 17:27:34.472593,26/06/26,17:27:34
1813,1.99,1.813,1985.6591285162713,4403783178,2026-06-26 17:27:36.285593,26/06/26,17:27:36
3675,0.98,3.675,979.5918367346939,4403786853,2026-06-26 17:27:39.960593,26/06/26,17:27:39
1628,2.21,1.628,2211.302211302211,4403788481,2026-06-26 17:27:41.588593,26/06/26,17:27:41
1551,2.32,1.551,2321.0831721470017,4403790032,2026-06-26 17:27:43.139593,26/06/26,17:27:43
3431,1.05,3.431,1049.2567764500145,4403793463,2026-06-26 17:27:46.570593,26/06/26,17:27:46
2098,1.72,2.098,1715.9199237368923,4403795561,2026-06-26 17:27:48.668593,26/06/26,17:27:48
1501,2.4,1.501,2398.4010659560295,4403797062,2026-06-26 17:27:50.169593,26/06/26,17:27:50
1450,2.48,1.45,2482.7586206896553,4403798512,2026-06-26 17:27:51.619593,26/06/26,17:27:51
1460,2.46,1.46,2465.753424657534,4403799972,2026-06-26 17:27:53.079593,26/06/26,17:27:53
1460,2.46,1.46,2465.753424657534,4403801432,2026-06-26 17:27:54.539593,26/06/26,17:27:54
1460,2.46,1.46,2465.753424657534,4403802892,2026-06-26 17:27:55.999593,26/06/26,17:27:55
1460,2.46,1.46,2465.753424657534,4403804352,2026-06-26 17:27:57.459593,26/06/26,17:27:57
1464,2.46,1.464,2459.0163934426228,4403805816,2026-06-26 17:27:58.923593,26/06/26,17:27:58
1465,2.46,1.465,2457.3378839590446,4403807281,2026-06-26 17:28:00.388593,26/06/26,17:28:0
1461,2.46,1.461,2464.065708418891,4403808742,2026-06-26 17:28:01.849593,26/06/26,17:28:1
1468,2.45,1.468,2452.316076294278,4403810210,2026-06-26 17:28:03.317593,26/06/26,17:28:3
2081,1.73,2.081,1729.9375300336376,4403812291,2026-06-26 17:28:05.398593,26/06/26,17:28:5
15949,0.22,15.949,225.71948084519406,4403828240,2026-06-26 17:28:21.347593,26/06/26,17:28:21
16151,0.22,16.151,222.89641508265743,4403844391,2026-06-26 17:28:37.498593,26/06/26,17:28:37
16157,0.22,16.157,222.8136411462524,4403860548,2026-06-26 17:28:53.655593,26/06/26,17:28:53
16213,0.22,16.213,222.044038734349,4403876761,2026-06-26 17:29:09.868593,26/06/26,17:29:9
13183,0.27,13.183,273.0789653341425,4403889944,2026-06-26 17:29:23.051593,26/06/26,17:29:23
3547,1.01,3.547,1014.9422046800113,4403893491,2026-06-26 17:29:26.598593,26/06/26,17:29:26
2073,1.74,2.073,1736.6136034732272,4403895564,2026-06-26 17:29:28.671593,26/06/26,17:29:28
1471,2.45,1.471,2447.3147518694764,4403897035,2026-06-26 17:29:30.142593,26/06/26,17:29:30
1678,2.14,1.678,2145.4112038140643,4403898713,2026-06-26 17:29:31.820593,26/06/26,17:29:31
3656,0.98,3.656,984.6827133479212,4403902369,2026-06-26 17:29:35.476593,26/06/26,17:29:35
1738,2.07,1.738,2071.3463751438435,4403904107,2026-06-26 17:29:37.214593,26/06/26,17:29:37
1477,2.44,1.477,2437.3730534867977,4403905584,2026-06-26 17:29:38.691593,26/06/26,17:29:38
1840,1.96,1.84,1956.5217391304348,4403907424,2026-06-26 17:29:40.531593,26/06/26,17:29:40
3674,0.98,3.674,979.858464888405,4403911098,2026-06-26 17:29:44.205593,26/06/26,17:29:44
1575,2.29,1.575,2285.714285714286,4403912673,2026-06-26 17:29:45.780593,26/06/26,17:29:45
1576,2.28,1.576,2284.263959390863,4403914249,2026-06-26 17:29:47.356593,26/06/26,17:29:47
3501,1.03,3.501,1028.2776349614396,4403917750,2026-06-26 17:29:50.857593,26/06/26,17:29:50
1994,1.8,1.994,1805.4162487462388,4403919744,2026-06-26 17:29:52.851593,26/06/26,17:29:52
1473,2.44,1.473,2443.9918533604887,4403921217,2026-06-26 17:29:54.324593,26/06/26,17:29:54
1756,2.05,1.756,2050.113895216401,4403922973,2026-06-26 17:29:56.080593,26/06/26,17:29:56
3677,0.98,3.677,979.0590155017677,4403926650,2026-06-26 17:29:59.757593,26/06/26,17:29:59
3654,0.99,3.654,985.2216748768473,4403930304,2026-06-26 17:30:03.411593,26/06/26,17:30:3
3586,1.0,3.586,1003.904071388734,4403933890,2026-06-26 17:30:06.997593,26/06/26,17:30:6
1947,1.85,1.947,1848.9984591679506,4403935837,2026-06-26 17:30:08.944593,26/06/26,17:30:8
1467,2.45,1.467,2453.98773006135,4403937304,2026-06-26 17:30:10.411593,26/06/26,17:30:10
1785,2.02,1.785,2016.8067226890757,4403939089,2026-06-26 17:30:12.196593,26/06/26,17:30:12
3682,0.98,3.682,977.729494839761,4403942771,2026-06-26 17:30:15.878593,26/06/26,17:30:15
1664,2.16,1.664,2163.4615384615386,4403944435,2026-06-26 17:30:17.542593,26/06/26,17:30:17
1540,2.34,1.54,2337.6623376623374,4403945975,2026-06-26 17:30:19.082593,26/06/26,17:30:19
1798,2.0,1.798,2002.2246941045605,4403947773,2026-06-26 17:30:20.880593,26/06/26,17:30:20
1494,2.41,1.494,2409.6385542168673,4403949267,2026-06-26 17:30:22.374593,26/06/26,17:30:22
1449,2.48,1.449,2484.472049689441,4403950716,2026-06-26 17:30:23.823593,26/06/26,17:30:23
1459,2.47,1.459,2467.443454420836,4403952175,2026-06-26 17:30:25.282593,26/06/26,17:30:25
1450,2.48,1.45,2482.7586206896553,4403953625,2026-06-26 17:30:26.732593,26/06/26,17:30:26
1456,2.47,1.456,2472.5274725274726,4403955081,2026-06-26 17:30:28.188593,26/06/26,17:30:28
1458,2.47,1.458,2469.135802469136,4403956539,2026-06-26 17:30:29.646593,26/06/26,17:30:29
1461,2.46,1.461,2464.065708418891,4403958000,2026-06-26 17:30:31.107593,26/06/26,17:30:31
1466,2.45,1.466,2455.661664392906,4403959466,2026-06-26 17:30:32.573593,26/06/26,17:30:32
1464,2.46,1.464,2459.0163934426228,4403960930,2026-06-26 17:30:34.037593,26/06/26,17:30:34
8504,0.42,8.504,423.3301975540922,4403969434,2026-06-26 17:30:42.541593,26/06/26,17:30:42
9147,0.39,9.147,393.5716628402755,4403978581,2026-06-26 17:30:51.688593,26/06/26,17:30:51
1675,2.15,1.675,2149.2537313432836,4403980256,2026-06-26 17:30:53.363593,26/06/26,17:30:53
1474,2.44,1.474,2442.3337856173675,4403981730,2026-06-26 17:30:54.837593,26/06/26,17:30:54
1996,1.8,1.996,1803.6072144288578,4403983726,2026-06-26 17:30:56.833593,26/06/26,17:30:56
3439,1.05,3.439,1046.8159348647862,4403987165,2026-06-26 17:31:00.272593,26/06/26,17:31:0
1544,2.33,1.544,2331.60621761658,4403988709,2026-06-26 17:31:01.816593,26/06/26,17:31:1
1565,2.3,1.565,2300.3194888178914,4403990274,2026-06-26 17:31:03.381593,26/06/26,17:31:3
3440,1.05,3.44,1046.5116279069769,4403993714,2026-06-26 17:31:06.821593,26/06/26,17:31:6
2660,1.35,2.66,1353.3834586466166,4403996374,2026-06-26 17:31:09.481593,26/06/26,17:31:9
3038,1.18,3.038,1184.990125082291,4403999412,2026-06-26 17:31:12.519593,26/06/26,17:31:12
3630,0.99,3.63,991.7355371900826,4404003042,2026-06-26 17:31:16.149593,26/06/26,17:31:16
1574,2.29,1.574,2287.166454891995,4404004616,2026-06-26 17:31:17.723593,26/06/26,17:31:17
1546,2.33,1.546,2328.589909443726,4404006162,2026-06-26 17:31:19.269593,26/06/26,17:31:19
3407,1.06,3.407,1056.6480774875256,4404009569,2026-06-26 17:31:22.676593,26/06/26,17:31:22
2051,1.75,2.051,1755.2413456850318,4404011620,2026-06-26 17:31:24.727593,26/06/26,17:31:24
1466,2.45,1.466,2455.661664392906,4404013086,2026-06-26 17:31:26.193593,26/06/26,17:31:26
1684,2.14,1.684,2137.7672209026127,4404014770,2026-06-26 17:31:27.877593,26/06/26,17:31:27
3625,0.99,3.625,993.1034482758621,4404018395,2026-06-26 17:31:31.502593,26/06/26,17:31:31
1736,2.07,1.736,2073.7327188940094,4404020131,2026-06-26 17:31:33.238593,26/06/26,17:31:33
1465,2.46,1.465,2457.3378839590446,4404021596,2026-06-26 17:31:34.703593,26/06/26,17:31:34
1819,1.98,1.819,1979.1094007696536,4404023415,2026-06-26 17:31:36.522593,26/06/26,17:31:36
3640,0.99,3.64,989.010989010989,4404027055,2026-06-26 17:31:40.162593,26/06/26,17:31:40
1586,2.27,1.586,2269.861286254729,4404028641,2026-06-26 17:31:41.748593,26/06/26,17:31:41
1561,2.31,1.561,2306.2139654067905,4404030202,2026-06-26 17:31:43.309593,26/06/26,17:31:43
3422,1.05,3.422,1052.0163646990063,4404033624,2026-06-26 17:31:46.731593,26/06/26,17:31:46
9278,0.39,9.278,388.01465833153696,4404042902,2026-06-26 17:31:56.009593,26/06/26,17:31:56
17839,0.2,17.839,201.80503391445708,4404060741,2026-06-26 17:32:13.848593,26/06/26,17:32:13
17917,0.2,17.917,200.92649439080202,4404078658,2026-06-26 17:32:31.765593,26/06/26,17:32:31
17859,0.2,17.859,201.57903578027884,4404096517,2026-06-26 17:32:49.624593,26/06/26,17:32:49
18328,0.2,18.328,196.4207769532955,4404114845,2026-06-26 17:33:07.952593,26/06/26,17:33:7
18269,0.2,18.269,197.05512069626144,4404133114,2026-06-26 17:33:26.221593,26/06/26,17:33:26
18322,0.2,18.322,196.48509987992577,4404151436,2026-06-26 17:33:44.543593,26/06/26,17:33:44
20751,0.17,20.751,173.48561515107707,4404172187,2026-06-26 17:34:05.294593,26/06/26,17:34:5
21166,0.17,21.166,170.0840971369177,4404193353,2026-06-26 17:34:26.460593,26/06/26,17:34:26
21187,0.17,21.187,169.91551423042432,4404214540,2026-06-26 17:34:47.647593,26/06/26,17:34:47
21287,0.17,21.287,169.1173016394983,4404235827,2026-06-26 17:35:08.934593,26/06/26,17:35:8
21178,0.17,21.178,169.98772310888657,4404257005,2026-06-26 17:35:30.112593,26/06/26,17:35:30
21218,0.17,21.218,169.66726364407577,4404278223,2026-06-26 17:35:51.330593,26/06/26,17:35:51
21257,0.17,21.257,169.35597685468315,4404299480,2026-06-26 17:36:12.587593,26/06/26,17:36:12
21223,0.17,21.223,169.62729114639777,4404320703,2026-06-26 17:36:33.810593,26/06/26,17:36:33
21284,0.17,21.284,169.14113888366848,4404341987,2026-06-26 17:36:55.094593,26/06/26,17:36:55
21091,0.17,21.091,170.68891944431275,4404363078,2026-06-26 17:37:16.185593,26/06/26,17:37:16
20888,0.17,20.888,172.34775947912678,4404383966,2026-06-26 17:37:37.073593,26/06/26,17:37:37
20903,0.17,20.903,172.22408266755968,4404404869,2026-06-26 17:37:57.976593,26/06/26,17:37:57
21269,0.17,21.269,169.26042597207203,4404426138,2026-06-26 17:38:19.245593,26/06/26,17:38:19
21075,0.17,21.075,170.8185053380783,4404447213,2026-06-26 17:38:40.320593,26/06/26,17:38:40
21229,0.17,21.229,169.57934900372132,4404468442,2026-06-26 17:39:01.549593,26/06/26,17:39:1
21159,0.17,21.159,170.1403658017865,4404489601,2026-06-26 17:39:22.708593,26/06/26,17:39:22
14608,0.25,14.608,246.44030668127053,4404504209,2026-06-26 17:39:37.316593,26/06/26,17:39:37
14272,0.25,14.272,252.2421524663677,4404518481,2026-06-26 17:39:51.588593,26/06/26,17:39:51
14215,0.25,14.215,253.253605346465,4404532696,2026-06-26 17:40:05.803593,26/06/26,17:40:5
14033,0.26,14.033,256.5381600513076,4404546729,2026-06-26 17:40:19.836593,26/06/26,17:40:19
14009,0.26,14.009,256.97765722035837,4404560738,2026-06-26 17:40:33.845593,26/06/26,17:40:33
14045,0.26,14.045,256.3189747241011,4404574783,2026-06-26 17:40:47.890593,26/06/26,17:40:47
14168,0.25,14.168,254.0937323546019,4404588951,2026-06-26 17:41:02.058593,26/06/26,17:41:2
14267,0.25,14.267,252.33055302446203,4404603218,2026-06-26 17:41:16.325593,26/06/26,17:41:16
14338,0.25,14.338,251.08104338122473,4404617556,2026-06-26 17:41:30.663593,26/06/26,17:41:30
14343,0.25,14.343,250.99351600083665,4404631899,2026-06-26 17:41:45.006593,26/06/26,17:41:45
14476,0.25,14.476,248.68748273003592,4404646375,2026-06-26 17:41:59.482593,26/06/26,17:41:59
13268,0.27,13.268,271.32951462164607,4404659643,2026-06-26 17:42:12.750593,26/06/26,17:42:12
13916,0.26,13.916,258.69502730669734,4404673559,2026-06-26 17:42:26.666593,26/06/26,17:42:26
14491,0.25,14.491,248.4300600372645,4404688050,2026-06-26 17:42:41.157593,26/06/26,17:42:41
14261,0.25,14.261,252.43671551784587,4404702311,2026-06-26 17:42:55.418593,26/06/26,17:42:55
14299,0.25,14.299,251.76585775229037,4404716610,2026-06-26 17:43:09.717593,26/06/26,17:43:9
14536,0.25,14.536,247.6609796367639,4404731146,2026-06-26 17:43:24.253593,26/06/26,17:43:24
14497,0.25,14.497,248.32724011864525,4404745643,2026-06-26 17:43:38.750593,26/06/26,17:43:38
14594,0.25,14.594,246.6767164588187,4404760237,2026-06-26 17:43:53.344593,26/06/26,17:43:53
14699,0.24,14.699,244.91462004217973,4404774936,2026-06-26 17:44:08.043593,26/06/26,17:44:8
14702,0.24,14.702,244.86464426608626,4404789638,2026-06-26 17:44:22.745593,26/06/26,17:44:22
14668,0.25,14.668,245.43223343332426,4404804306,2026-06-26 17:44:37.413593,26/06/26,17:44:37
14730,0.24,14.73,244.39918533604887,4404819036,2026-06-26 17:44:52.143593,26/06/26,17:44:52
14741,0.24,14.741,244.21681025710603,4404833777,2026-06-26 17:45:06.884593,26/06/26,17:45:6
14731,0.24,14.731,244.38259452854524,4404848508,2026-06-26 17:45:21.615593,26/06/26,17:45:21
14665,0.25,14.665,245.48244118649848,4404863173,2026-06-26 17:45:36.280593,26/06/26,17:45:36
14706,0.24,14.706,244.79804161566707,4404877879,2026-06-26 17:45:50.986593,26/06/26,17:45:50
14772,0.24,14.772,243.7043054427295,4404892651,2026-06-26 17:46:05.758593,26/06/26,17:46:5
14837,0.24,14.837,242.63665161420772,4404907488,2026-06-26 17:46:20.595593,26/06/26,17:46:20
14820,0.24,14.82,242.914979757085,4404922308,2026-06-26 17:46:35.415593,26/06/26,17:46:35
14871,0.24,14.871,242.08190437764776,4404937179,2026-06-26 17:46:50.286593,26/06/26,17:46:50
14873,0.24,14.873,242.04935117326698,4404952052,2026-06-26 17:47:05.159593,26/06/26,17:47:5
14889,0.24,14.889,241.78924037880316,4404966941,2026-06-26 17:47:20.048593,26/06/26,17:47:20
18503,0.19,18.503,194.56304383073015,4404985444,2026-06-26 17:47:38.551593,26/06/26,17:47:38
21094,0.17,21.094,170.66464397458992,4405006538,2026-06-26 17:47:59.645593,26/06/26,17:47:59
21233,0.17,21.233,169.54740262798475,4405027771,2026-06-26 17:48:20.878593,26/06/26,17:48:20
21104,0.17,21.104,170.58377558756635,4405048875,2026-06-26 17:48:41.982593,26/06/26,17:48:41
21236,0.17,21.236,169.52345074401958,4405070111,2026-06-26 17:49:03.218593,26/06/26,17:49:3
21061,0.17,21.061,170.93205450833293,4405091172,2026-06-26 17:49:24.279593,26/06/26,17:49:24
21036,0.17,21.036,171.13519680547634,4405112208,2026-06-26 17:49:45.315593,26/06/26,17:49:45
20884,0.17,20.884,172.3807699674392,4405133092,2026-06-26 17:50:06.199593,26/06/26,17:50:6
21254,0.17,21.254,169.379881434083,4405154346,2026-06-26 17:50:27.453593,26/06/26,17:50:27
21051,0.17,21.051,171.01325352714835,4405175397,2026-06-26 17:50:48.504593,26/06/26,17:50:48
21217,0.17,21.217,169.6752604043927,4405196614,2026-06-26 17:51:09.721593,26/06/26,17:51:9
21222,0.17,21.222,169.63528413910095,4405217836,2026-06-26 17:51:30.943593,26/06/26,17:51:30
21305,0.17,21.305,168.97441915043416,4405239141,2026-06-26 17:51:52.248593,26/06/26,17:51:52
21055,0.17,21.055,170.9807646639753,4405260196,2026-06-26 17:52:13.303593,26/06/26,17:52:13
21177,0.17,21.177,169.99575010624736,4405281373,2026-06-26 17:52:34.480593,26/06/26,17:52:34
21231,0.17,21.231,169.5633743111488,4405302604,2026-06-26 17:52:55.711593,26/06/26,17:52:55
20371,0.18,20.371,176.72181041676893,4405322975,2026-06-26 17:53:16.082593,26/06/26,17:53:16
20802,0.17,20.802,173.06028266512834,4405343777,2026-06-26 17:53:36.884593,26/06/26,17:53:36
20946,0.17,20.946,171.87052420509883,4405364723,2026-06-26 17:53:57.830593,26/06/26,17:53:57
21118,0.17,21.118,170.47068851216972,4405385841,2026-06-26 17:54:18.948593,26/06/26,17:54:18
21117,0.17,21.117,170.4787611876687,4405406958,2026-06-26 17:54:40.065593,26/06/26,17:54:40
21141,0.17,21.141,170.28522775649213,4405428099,2026-06-26 17:55:01.206593,26/06/26,17:55:1
21208,0.17,21.208,169.74726518294983,4405449307,2026-06-26 17:55:22.414593,26/06/26,17:55:22
21123,0.17,21.123,170.4303365999148,4405470430,2026-06-26 17:55:43.537593,26/06/26,17:55:43
21078,0.17,21.078,170.79419299743807,4405491508,2026-06-26 17:56:04.615593,26/06/26,17:56:4
21156,0.17,21.156,170.16449234259784,4405512664,2026-06-26 17:56:25.771593,26/06/26,17:56:25
20977,0.17,20.977,171.61653239262048,4405533641,2026-06-26 17:56:46.748593,26/06/26,17:56:46
21152,0.17,21.152,170.19667170953102,4405554793,2026-06-26 17:57:07.900593,26/06/26,17:57:7
21279,0.17,21.279,169.1808825602707,4405576072,2026-06-26 17:57:29.179593,26/06/26,17:57:29
21106,0.17,21.106,170.56761110584668,4405597178,2026-06-26 17:57:50.285593,26/06/26,17:57:50
21275,0.17,21.275,169.2126909518214,4405618453,2026-06-26 17:58:11.560593,26/06/26,17:58:11
21097,0.17,21.097,170.6403754088259,4405639550,2026-06-26 17:58:32.657593,26/06/26,17:58:32
20504,0.17,20.504,175.57549746390947,4405660054,2026-06-26 17:58:53.161593,26/06/26,17:58:53
20890,0.17,20.89,172.3312589755864,4405680944,2026-06-26 17:59:14.051593,26/06/26,17:59:14
20888,0.17,20.888,172.34775947912678,4405701832,2026-06-26 17:59:34.939593,26/06/26,17:59:34
20940,0.17,20.94,171.91977077363896,4405722772,2026-06-26 17:59:55.879593,26/06/26,17:59:55
20788,0.17,20.788,173.176832788147,4405743560,2026-06-26 18:00:16.667593,26/06/26,18:0:16
20705,0.17,20.705,173.8710456411495,4405764265,2026-06-26 18:00:37.372593,26/06/26,18:0:37
20704,0.17,20.704,173.87944358578054,4405784969,2026-06-26 18:00:58.076593,26/06/26,18:0:58
20796,0.17,20.796,173.11021350259665,4405805765,2026-06-26 18:01:18.872593,26/06/26,18:1:18
20741,0.17,20.741,173.56925895569162,4405826506,2026-06-26 18:01:39.613593,26/06/26,18:1:39
20737,0.17,20.737,173.60273906543858,4405847243,2026-06-26 18:02:00.350593,26/06/26,18:2:0
20835,0.17,20.835,172.78617710583154,4405868078,2026-06-26 18:02:21.185593,26/06/26,18:2:21
20769,0.17,20.769,173.33525928065868,4405888847,2026-06-26 18:02:41.954593,26/06/26,18:2:41
20895,0.17,20.895,172.29002153625268,4405909742,2026-06-26 18:03:02.849593,26/06/26,18:3:2
20918,0.17,20.918,172.10058322975428,4405930660,2026-06-26 18:03:23.767593,26/06/26,18:3:23
20848,0.17,20.848,172.67843438219492,4405951508,2026-06-26 18:03:44.615593,26/06/26,18:3:44
20785,0.17,20.785,173.20182824152033,4405972293,2026-06-26 18:04:05.400593,26/06/26,18:4:5
20893,0.17,20.893,172.30651414349305,4405993186,2026-06-26 18:04:26.293593,26/06/26,18:4:26
20643,0.17,20.643,174.39325679407062,4406013829,2026-06-26 18:04:46.936593,26/06/26,18:4:46
20795,0.17,20.795,173.1185381101226,4406034624,2026-06-26 18:05:07.731593,26/06/26,18:5:7
20874,0.17,20.874,172.46335153779822,4406055498,2026-06-26 18:05:28.605593,26/06/26,18:5:28
20651,0.17,20.651,174.32569851338917,4406076149,2026-06-26 18:05:49.256593,26/06/26,18:5:49
20685,0.17,20.685,174.0391588107324,4406096834,2026-06-26 18:06:09.941593,26/06/26,18:6:9
20846,0.17,20.846,172.695001439125,4406117680,2026-06-26 18:06:30.787593,26/06/26,18:6:30
20761,0.17,20.761,173.4020519242811,4406138441,2026-06-26 18:06:51.548593,26/06/26,18:6:51
20872,0.17,20.872,172.47987734764277,4406159313,2026-06-26 18:07:12.420593,26/06/26,18:7:12
20901,0.17,20.901,172.24056265250468,4406180214,2026-06-26 18:07:33.321593,26/06/26,18:7:33
20782,0.17,20.782,173.2268309113656,4406200996,2026-06-26 18:07:54.103593,26/06/26,18:7:54
20878,0.17,20.878,172.43030941661078,4406221874,2026-06-26 18:08:14.981593,26/06/26,18:8:14
20698,0.17,20.698,173.9298482945212,4406242572,2026-06-26 18:08:35.679593,26/06/26,18:8:35
21114,0.17,21.114,170.50298380221653,4406263686,2026-06-26 18:08:56.793593,26/06/26,18:8:56
21464,0.17,21.464,167.72269847185987,4406285150,2026-06-26 18:09:18.257593,26/06/26,18:9:18
21262,0.17,21.262,169.31615087950334,4406306412,2026-06-26 18:09:39.519593,26/06/26,18:9:39
21443,0.17,21.443,167.8869561162151,4406327855,2026-06-26 18:10:00.962593,26/06/26,18:10:0
21438,0.17,21.438,167.9261125104954,4406349293,2026-06-26 18:10:22.400593,26/06/26,18:10:22
21361,0.17,21.361,168.53143579420438,4406370654,2026-06-26 18:10:43.761593,26/06/26,18:10:43
21445,0.17,21.445,167.87129867101888,4406392099,2026-06-26 18:11:05.206593,26/06/26,18:11:5
21498,0.17,21.498,167.4574379012001,4406413597,2026-06-26 18:11:26.704593,26/06/26,18:11:26
21312,0.17,21.312,168.9189189189189,4406434909,2026-06-26 18:11:48.016593,26/06/26,18:11:48
12493,0.29,12.493,288.16137036740577,4406447402,2026-06-26 18:12:00.509593,26/06/26,18:12:0
14433,0.25,14.433,249.42839326543339,4406461835,2026-06-26 18:12:14.942593,26/06/26,18:12:14
14446,0.25,14.446,249.20393188425862,4406476281,2026-06-26 18:12:29.388593,26/06/26,18:12:29
14325,0.25,14.325,251.3089005235602,4406490606,2026-06-26 18:12:43.713593,26/06/26,18:12:43
14341,0.25,14.341,251.02851962903563,4406504947,2026-06-26 18:12:58.054593,26/06/26,18:12:58
14490,0.25,14.49,248.4472049689441,4406519437,2026-06-26 18:13:12.544593,26/06/26,18:13:12
14500,0.25,14.5,248.27586206896552,4406533937,2026-06-26 18:13:27.044593,26/06/26,18:13:27
14503,0.25,14.503,248.22450527477073,4406548440,2026-06-26 18:13:41.547593,26/06/26,18:13:41
14644,0.25,14.644,245.83447145588636,4406563084,2026-06-26 18:13:56.191593,26/06/26,18:13:56
14692,0.25,14.692,245.03130955622106,4406577776,2026-06-26 18:14:10.883593,26/06/26,18:14:10
14763,0.24,14.763,243.8528754318228,4406592539,2026-06-26 18:14:25.646593,26/06/26,18:14:25
14222,0.25,14.222,253.12895513992407,4406606761,2026-06-26 18:14:39.868593,26/06/26,18:14:39
14748,0.24,14.748,244.10089503661513,4406621509,2026-06-26 18:14:54.616593,26/06/26,18:14:54
14799,0.24,14.799,243.25967970808838,4406636308,2026-06-26 18:15:09.415593,26/06/26,18:15:9
14849,0.24,14.849,242.44056838844367,4406651157,2026-06-26 18:15:24.264593,26/06/26,18:15:24
14840,0.24,14.84,242.58760107816713,4406665997,2026-06-26 18:15:39.104593,26/06/26,18:15:39
14938,0.24,14.938,240.99611728477709,4406680935,2026-06-26 18:15:54.042593,26/06/26,18:15:54
14915,0.24,14.915,241.36775058665773,4406695850,2026-06-26 18:16:08.957593,26/06/26,18:16:8
14957,0.24,14.957,240.68997793675203,4406710807,2026-06-26 18:16:23.914593,26/06/26,18:16:23
14887,0.24,14.887,241.82172365150802,4406725694,2026-06-26 18:16:38.801593,26/06/26,18:16:38
15010,0.24,15.01,239.84010659560292,4406740704,2026-06-26 18:16:53.811593,26/06/26,18:16:53
15052,0.24,15.052,239.17087430241827,4406755756,2026-06-26 18:17:08.863593,26/06/26,18:17:8
15023,0.24,15.023,239.6325634027824,4406770779,2026-06-26 18:17:23.886593,26/06/26,18:17:23
14997,0.24,14.997,240.04800960192037,4406785776,2026-06-26 18:17:38.883593,26/06/26,18:17:38
15049,0.24,15.049,239.218552727756,4406800825,2026-06-26 18:17:53.932593,26/06/26,18:17:53
15097,0.24,15.097,238.45797178247335,4406815922,2026-06-26 18:18:09.029593,26/06/26,18:18:9
15079,0.24,15.079,238.7426221898004,4406831001,2026-06-26 18:18:24.108593,26/06/26,18:18:24
15053,0.24,15.053,239.1549857171328,4406846054,2026-06-26 18:18:39.161593,26/06/26,18:18:39
15116,0.24,15.116,238.15824292140778,4406861170,2026-06-26 18:18:54.277593,26/06/26,18:18:54
15177,0.24,15.177,237.20102787112077,4406876347,2026-06-26 18:19:09.454593,26/06/26,18:19:9
15144,0.24,15.144,237.71790808240888,4406891491,2026-06-26 18:19:24.598593,26/06/26,18:19:24
15136,0.24,15.136,237.84355179704016,4406906627,2026-06-26 18:19:39.734593,26/06/26,18:19:39
20208,0.18,20.208,178.14726840855107,4406926835,2026-06-26 18:19:59.942593,26/06/26,18:19:59
21781,0.17,21.781,165.28166750837886,4406948616,2026-06-26 18:20:21.723593,26/06/26,18:20:21
21623,0.17,21.623,166.48938630162328,4406970239,2026-06-26 18:20:43.346593,26/06/26,18:20:43
21763,0.17,21.763,165.4183706290493,4406992002,2026-06-26 18:21:05.109593,26/06/26,18:21:5
21705,0.17,21.705,165.860400829302,4407013707,2026-06-26 18:21:26.814593,26/06/26,18:21:26
21597,0.17,21.597,166.68981803028197,4407035304,2026-06-26 18:21:48.411593,26/06/26,18:21:48
21749,0.17,21.749,165.52485171732033,4407057053,2026-06-26 18:22:10.160593,26/06/26,18:22:10
21731,0.17,21.731,165.66195757213197,4407078784,2026-06-26 18:22:31.891593,26/06/26,18:22:31
21677,0.17,21.677,166.0746413249066,4407100461,2026-06-26 18:22:53.568593,26/06/26,18:22:53
21725,0.17,21.725,165.7077100115075,4407122186,2026-06-26 18:23:15.293593,26/06/26,18:23:15
21683,0.17,21.683,166.0286860674261,4407143869,2026-06-26 18:23:36.976593,26/06/26,18:23:36
21861,0.16,21.861,164.67682173734048,4407165730,2026-06-26 18:23:58.837593,26/06/26,18:23:58
21860,0.16,21.86,164.6843549862763,4407187590,2026-06-26 18:24:20.697593,26/06/26,18:24:20
21773,0.17,21.773,165.34239654618105,4407209363,2026-06-26 18:24:42.470593,26/06/26,18:24:42
21850,0.16,21.85,164.75972540045765,4407231213,2026-06-26 18:25:04.320593,26/06/26,18:25:4
21923,0.16,21.923,164.21110249509647,4407253136,2026-06-26 18:25:26.243593,26/06/26,18:25:26
21793,0.17,21.793,165.19065755058963,4407274929,2026-06-26 18:25:48.036593,26/06/26,18:25:48
21828,0.16,21.828,164.92578339747115,4407296757,2026-06-26 18:26:09.864593,26/06/26,18:26:9
21890,0.16,21.89,164.45865692096848,4407318647,2026-06-26 18:26:31.754593,26/06/26,18:26:31
21773,0.17,21.773,165.34239654618105,4407340420,2026-06-26 18:26:53.527593,26/06/26,18:26:53
21941,0.16,21.941,164.07638667335127,4407362361,2026-06-26 18:27:15.468593,26/06/26,18:27:15
21831,0.16,21.831,164.9031194173423,4407384192,2026-06-26 18:27:37.299593,26/06/26,18:27:37
21865,0.16,21.865,164.64669563228904,4407406057,2026-06-26 18:27:59.164593,26/06/26,18:27:59
21885,0.16,21.885,164.4962302947224,4407427942,2026-06-26 18:28:21.049593,26/06/26,18:28:21
21280,0.17,21.28,169.17293233082708,4407449222,2026-06-26 18:28:42.329593,26/06/26,18:28:42
21168,0.17,21.168,170.06802721088437,4407470390,2026-06-26 18:29:03.497593,26/06/26,18:29:3
20796,0.17,20.796,173.11021350259665,4407491186,2026-06-26 18:29:24.293593,26/06/26,18:29:24
20537,0.17,20.537,175.2933729366509,4407511723,2026-06-26 18:29:44.830593,26/06/26,18:29:44
19962,0.18,19.962,180.34265103697024,4407531685,2026-06-26 18:30:04.792593,26/06/26,18:30:4
20369,0.18,20.369,176.73916245274683,4407552054,2026-06-26 18:30:25.161593,26/06/26,18:30:25
20280,0.18,20.28,177.5147928994083,4407572334,2026-06-26 18:30:45.441593,26/06/26,18:30:45
16012,0.22,16.012,224.83137646764925,4407588346,2026-06-26 18:31:01.453593,26/06/26,18:31:1
15758,0.23,15.758,228.45538773956085,4407604104,2026-06-26 18:31:17.211593,26/06/26,18:31:17
21043,0.17,21.043,171.0782683077508,4407625147,2026-06-26 18:31:38.254593,26/06/26,18:31:38
21164,0.17,21.164,170.1001701001701,4407646311,2026-06-26 18:31:59.418593,26/06/26,18:31:59
21228,0.17,21.228,169.58733747880157,4407667539,2026-06-26 18:32:20.646593,26/06/26,18:32:20
21054,0.17,21.054,170.98888572242805,4407688593,2026-06-26 18:32:41.700593,26/06/26,18:32:41
21200,0.17,21.2,169.81132075471697,4407709793,2026-06-26 18:33:02.900593,26/06/26,18:33:2
21161,0.17,21.161,170.12428524171827,4407730954,2026-06-26 18:33:24.061593,26/06/26,18:33:24
21064,0.17,21.064,170.90770983668818,4407752018,2026-06-26 18:33:45.125593,26/06/26,18:33:45
21166,0.17,21.166,170.0840971369177,4407773184,2026-06-26 18:34:06.291593,26/06/26,18:34:6
21055,0.17,21.055,170.9807646639753,4407794239,2026-06-26 18:34:27.346593,26/06/26,18:34:27
21163,0.17,21.163,170.10820772102255,4407815402,2026-06-26 18:34:48.509593,26/06/26,18:34:48
21255,0.17,21.255,169.37191249117853,4407836657,2026-06-26 18:35:09.764593,26/06/26,18:35:9
21110,0.17,21.11,170.5352913311227,4407857767,2026-06-26 18:35:30.874593,26/06/26,18:35:30
21089,0.17,21.089,170.70510692778225,4407878856,2026-06-26 18:35:51.963593,26/06/26,18:35:51
21090,0.17,21.09,170.69701280227596,4407899946,2026-06-26 18:36:13.053593,26/06/26,18:36:13
21038,0.17,21.038,171.11892765472004,4407920984,2026-06-26 18:36:34.091593,26/06/26,18:36:34
21052,0.17,21.052,171.00513015390462,4407942036,2026-06-26 18:36:55.143593,26/06/26,18:36:55
21160,0.17,21.16,170.13232514177693,4407963196,2026-06-26 18:37:16.303593,26/06/26,18:37:16
21214,0.17,21.214,169.69925520882435,4407984410,2026-06-26 18:37:37.517593,26/06/26,18:37:37
21174,0.17,21.174,170.01983564749222,4408005584,2026-06-26 18:37:58.691593,26/06/26,18:37:58
21269,0.17,21.269,169.26042597207203,4408026853,2026-06-26 18:38:19.960593,26/06/26,18:38:19
21140,0.17,21.14,170.29328287606432,4408047993,2026-06-26 18:38:41.100593,26/06/26,18:38:41
21166,0.17,21.166,170.0840971369177,4408069159,2026-06-26 18:39:02.266593,26/06/26,18:39:2
21084,0.17,21.084,170.74558907228229,4408090243,2026-06-26 18:39:23.350593,26/06/26,18:39:23
21392,0.17,21.392,168.28721017202693,4408111635,2026-06-26 18:39:44.742593,26/06/26,18:39:44
21349,0.17,21.349,168.62616515996066,4408132984,2026-06-26 18:40:06.091593,26/06/26,18:40:6
21548,0.17,21.548,167.06886950064973,4408154532,2026-06-26 18:40:27.639593,26/06/26,18:40:27
21430,0.17,21.43,167.9888007466169,4408175962,2026-06-26 18:40:49.069593,26/06/26,18:40:49
21664,0.17,21.664,166.17429837518463,4408197626,2026-06-26 18:41:10.733593,26/06/26,18:41:10
21542,0.17,21.542,167.11540246959427,4408219168,2026-06-26 18:41:32.275593,26/06/26,18:41:32
21518,0.17,21.518,167.3017938470118,4408240686,2026-06-26 18:41:53.793593,26/06/26,18:41:53
21685,0.17,21.685,166.0133732995158,4408262371,2026-06-26 18:42:15.478593,26/06/26,18:42:15
21599,0.17,21.599,166.67438307329044,4408283970,2026-06-26 18:42:37.077593,26/06/26,18:42:37
21664,0.17,21.664,166.17429837518463,4408305634,2026-06-26 18:42:58.741593,26/06/26,18:42:58
21588,0.17,21.588,166.75931072818233,4408327222,2026-06-26 18:43:20.329593,26/06/26,18:43:20
21468,0.17,21.468,167.69144773616546,4408348690,2026-06-26 18:43:41.797593,26/06/26,18:43:41
21517,0.17,21.517,167.30956917785937,4408370207,2026-06-26 18:44:03.314593,26/06/26,18:44:3
21539,0.17,21.539,167.13867867589025,4408391746,2026-06-26 18:44:24.853593,26/06/26,18:44:24
21490,0.17,21.49,167.5197766402978,4408413236,2026-06-26 18:44:46.343593,26/06/26,18:44:46
21757,0.17,21.757,165.46398860136966,4408434993,2026-06-26 18:45:08.100593,26/06/26,18:45:8
17059,0.21,17.059,211.03229966586554,4408452052,2026-06-26 18:45:25.159593,26/06/26,18:45:25
14414,0.25,14.414,249.75718051893992,4408466466,2026-06-26 18:45:39.573593,26/06/26,18:45:39
14316,0.25,14.316,251.46689019279128,4408480782,2026-06-26 18:45:53.889593,26/06/26,18:45:53
14295,0.25,14.295,251.83630640083945,4408495077,2026-06-26 18:46:08.184593,26/06/26,18:46:8
14261,0.25,14.261,252.43671551784587,4408509338,2026-06-26 18:46:22.445593,26/06/26,18:46:22
14256,0.25,14.256,252.5252525252525,4408523594,2026-06-26 18:46:36.701593,26/06/26,18:46:36
14303,0.25,14.303,251.69544850730617,4408537897,2026-06-26 18:46:51.004593,26/06/26,18:46:51
14354,0.25,14.354,250.8011704054619,4408552251,2026-06-26 18:47:05.358593,26/06/26,18:47:5
14393,0.25,14.393,250.12158688251233,4408566644,2026-06-26 18:47:19.751593,26/06/26,18:47:19
14422,0.25,14.422,249.61863819165166,4408581066,2026-06-26 18:47:34.173593,26/06/26,18:47:34
14484,0.25,14.484,248.55012427506213,4408595550,2026-06-26 18:47:48.657593,26/06/26,18:47:48
14513,0.25,14.513,248.05346930338317,4408610063,2026-06-26 18:48:03.170593,26/06/26,18:48:3
14622,0.25,14.622,246.20434961017645,4408624685,2026-06-26 18:48:17.792593,26/06/26,18:48:17
14691,0.25,14.691,245.04798856442721,4408639376,2026-06-26 18:48:32.483593,26/06/26,18:48:32
14557,0.25,14.557,247.303702685993,4408653933,2026-06-26 18:48:47.040593,26/06/26,18:48:47
14709,0.24,14.709,244.7481133999592,4408668642,2026-06-26 18:49:01.749593,26/06/26,18:49:1
14666,0.25,14.666,245.4657029864994,4408683308,2026-06-26 18:49:16.415593,26/06/26,18:49:16
14684,0.25,14.684,245.1648052301825,4408697992,2026-06-26 18:49:31.099593,26/06/26,18:49:31
14718,0.24,14.718,244.59845087647778,4408712710,2026-06-26 18:49:45.817593,26/06/26,18:49:45
14793,0.24,14.793,243.3583451632529,4408727503,2026-06-26 18:50:00.610593,26/06/26,18:50:0
14829,0.24,14.829,242.7675500708072,4408742332,2026-06-26 18:50:15.439593,26/06/26,18:50:15
14891,0.24,14.891,241.75676583171042,4408757223,2026-06-26 18:50:30.330593,26/06/26,18:50:30
14794,0.24,14.794,243.34189536298499,4408772017,2026-06-26 18:50:45.124593,26/06/26,18:50:45
14918,0.24,14.918,241.31921169057514,4408786935,2026-06-26 18:51:00.042593,26/06/26,18:51:0
14883,0.24,14.883,241.88671638782503,4408801818,2026-06-26 18:51:14.925593,26/06/26,18:51:14
14942,0.24,14.942,240.9316021951546,4408816760,2026-06-26 18:51:29.867593,26/06/26,18:51:29
14896,0.24,14.896,241.67561761546725,4408831656,2026-06-26 18:51:44.763593,26/06/26,18:51:44
14880,0.24,14.88,241.93548387096774,4408846536,2026-06-26 18:51:59.643593,26/06/26,18:51:59
14930,0.24,14.93,241.12525117213664,4408861466,2026-06-26 18:52:14.573593,26/06/26,18:52:14
14968,0.24,14.968,240.51309460181722,4408876434,2026-06-26 18:52:29.541593,26/06/26,18:52:29
14898,0.24,14.898,241.64317358034634,4408891332,2026-06-26 18:52:44.439593,26/06/26,18:52:44
14999,0.24,14.999,240.01600106673777,4408906331,2026-06-26 18:52:59.438593,26/06/26,18:52:59
15071,0.24,15.071,238.86935173512043,4408921402,2026-06-26 18:53:14.509593,26/06/26,18:53:14
19393,0.19,19.393,185.63399164647038,4408940795,2026-06-26 18:53:33.902593,26/06/26,18:53:33
21572,0.17,21.572,166.8829964769145,4408962367,2026-06-26 18:53:55.474593,26/06/26,18:53:55
21785,0.17,21.785,165.2513197154005,4408984152,2026-06-26 18:54:17.259593,26/06/26,18:54:17
21769,0.17,21.769,165.37277780329828,4409005921,2026-06-26 18:54:39.028593,26/06/26,18:54:39
21767,0.17,21.767,165.3879726191023,4409027688,2026-06-26 18:55:00.795593,26/06/26,18:55:0
21819,0.16,21.819,164.99381273202255,4409049507,2026-06-26 18:55:22.614593,26/06/26,18:55:22
21776,0.17,21.776,165.31961792799413,4409071283,2026-06-26 18:55:44.390593,26/06/26,18:55:44
21981,0.16,21.981,163.7778081070015,4409093264,2026-06-26 18:56:06.371593,26/06/26,18:56:6
21839,0.16,21.839,164.84271257841476,4409115103,2026-06-26 18:56:28.210593,26/06/26,18:56:28
21638,0.17,21.638,166.37397171642482,4409136741,2026-06-26 18:56:49.848593,26/06/26,18:56:49
21766,0.17,21.766,165.39557107415234,4409158507,2026-06-26 18:57:11.614593,26/06/26,18:57:11
21759,0.17,21.759,165.44877981524886,4409180266,2026-06-26 18:57:33.373593,26/06/26,18:57:33
21779,0.17,21.779,165.29684558519676,4409202045,2026-06-26 18:57:55.152593,26/06/26,18:57:55
21856,0.16,21.856,164.71449487554904,4409223901,2026-06-26 18:58:17.008593,26/06/26,18:58:17
21302,0.17,21.302,168.99821612994086,4409245203,2026-06-26 18:58:38.310593,26/06/26,18:58:38
21379,0.17,21.379,168.3895411385004,4409266582,2026-06-26 18:58:59.689593,26/06/26,18:58:59
21604,0.17,21.604,166.6358081836697,4409288186,2026-06-26 18:59:21.293593,26/06/26,18:59:21
21394,0.17,21.394,168.27147798448163,4409309580,2026-06-26 18:59:42.687593,26/06/26,18:59:42
21479,0.17,21.479,167.6055682294334,4409331059,2026-06-26 19:00:04.166593,26/06/26,19:0:4
21494,0.17,21.494,167.4886014701777,4409352553,2026-06-26 19:00:25.660593,26/06/26,19:0:25
21354,0.17,21.354,168.58668165214948,4409373907,2026-06-26 19:00:47.014593,26/06/26,19:0:47
21340,0.17,21.34,168.69728209934397,4409395247,2026-06-26 19:01:08.354593,26/06/26,19:1:8
21484,0.17,21.484,167.56656116179482,4409416731,2026-06-26 19:01:29.838593,26/06/26,19:1:29
21560,0.17,21.56,166.97588126159556,4409438291,2026-06-26 19:01:51.398593,26/06/26,19:1:51
21651,0.17,21.651,166.27407510045725,4409459942,2026-06-26 19:02:13.049593,26/06/26,19:2:13
21455,0.17,21.455,167.7930552318807,4409481397,2026-06-26 19:02:34.504593,26/06/26,19:2:34
21465,0.17,21.465,167.71488469601678,4409502862,2026-06-26 19:02:55.969593,26/06/26,19:2:55
21517,0.17,21.517,167.30956917785937,4409524379,2026-06-26 19:03:17.486593,26/06/26,19:3:17
21494,0.17,21.494,167.4886014701777,4409545873,2026-06-26 19:03:38.980593,26/06/26,19:3:38
21593,0.17,21.593,166.72069652202103,4409567466,2026-06-26 19:04:00.573593,26/06/26,19:4:0
21463,0.17,21.463,167.73051297581884,4409588929,2026-06-26 19:04:22.036593,26/06/26,19:4:22
21396,0.17,21.396,168.25574873808188,4409610325,2026-06-26 19:04:43.432593,26/06/26,19:4:43
21569,0.17,21.569,166.90620798368028,4409631894,2026-06-26 19:05:05.001593,26/06/26,19:5:5
21628,0.17,21.628,166.4508969853893,4409653522,2026-06-26 19:05:26.629593,26/06/26,19:5:26
21439,0.17,21.439,167.91827977051167,4409674961,2026-06-26 19:05:48.068593,26/06/26,19:5:48
21597,0.17,21.597,166.68981803028197,4409696558,2026-06-26 19:06:09.665593,26/06/26,19:6:9
21564,0.17,21.564,166.9449081803005,4409718122,2026-06-26 19:06:31.229593,26/06/26,19:6:31
21393,0.17,21.393,168.27934371055952,4409739515,2026-06-26 19:06:52.622593,26/06/26,19:6:52
21569,0.17,21.569,166.90620798368028,4409761084,2026-06-26 19:07:14.191593,26/06/26,19:7:14
21448,0.17,21.448,167.8478179783663,4409782532,2026-06-26 19:07:35.639593,26/06/26,19:7:35
21523,0.17,21.523,167.26292803047903,4409804055,2026-06-26 19:07:57.162593,26/06/26,19:7:57
21545,0.17,21.545,167.09213274541656,4409825600,2026-06-26 19:08:18.707593,26/06/26,19:8:18
21482,0.17,21.482,167.58216180988734,4409847082,2026-06-26 19:08:40.189593,26/06/26,19:8:40
21537,0.17,21.537,167.1541997492687,4409868619,2026-06-26 19:09:01.726593,26/06/26,19:9:1
21529,0.17,21.529,167.216312880301,4409890148,2026-06-26 19:09:23.255593,26/06/26,19:9:23
21376,0.17,21.376,168.4131736526946,4409911524,2026-06-26 19:09:44.631593,26/06/26,19:9:44
21564,0.17,21.564,166.9449081803005,4409933088,2026-06-26 19:10:06.195593,26/06/26,19:10:6
21540,0.17,21.54,167.13091922005572,4409954628,2026-06-26 19:10:27.735593,26/06/26,19:10:27
21455,0.17,21.455,167.7930552318807,4409976083,2026-06-26 19:10:49.190593,26/06/26,19:10:49
21518,0.17,21.518,167.3017938470118,4409997601,2026-06-26 19:11:10.708593,26/06/26,19:11:10
21544,0.17,21.544,167.09988860007428,4410019145,2026-06-26 19:11:32.252593,26/06/26,19:11:32
21471,0.17,21.471,167.66801732569513,4410040616,2026-06-26 19:11:53.723593,26/06/26,19:11:53
21928,0.16,21.928,164.17365924844947,4410062544,2026-06-26 19:12:15.651593,26/06/26,19:12:15
27578,0.13,27.578,130.5388353035028,4410090122,2026-06-26 19:12:43.229593,26/06/26,19:12:43
29778,0.12,29.778,120.89462018940158,4410119900,2026-06-26 19:13:13.007593,26/06/26,19:13:13
29643,0.12,29.643,121.44519785446818,4410149543,2026-06-26 19:13:42.650593,26/06/26,19:13:42
29637,0.12,29.637,121.4697843911327,4410179180,2026-06-26 19:14:12.287593,26/06/26,19:14:12
29507,0.12,29.507,122.0049479784458,4410208687,2026-06-26 19:14:41.794593,26/06/26,19:14:41
29565,0.12,29.565,121.76560121765601,4410238252,2026-06-26 19:15:11.359593,26/06/26,19:15:11
29514,0.12,29.514,121.97601138442774,4410267766,2026-06-26 19:15:40.873593,26/06/26,19:15:40
29590,0.12,29.59,121.66272389320716,4410297356,2026-06-26 19:16:10.463593,26/06/26,19:16:10
29477,0.12,29.477,122.12911761712522,4410326833,2026-06-26 19:16:39.940593,26/06/26,19:16:39
29595,0.12,29.595,121.64216928535225,4410356428,2026-06-26 19:17:09.535593,26/06/26,19:17:9
29608,0.12,29.608,121.58875979465009,4410386036,2026-06-26 19:17:39.143593,26/06/26,19:17:39
29677,0.12,29.677,121.30606193348385,4410415713,2026-06-26 19:18:08.820593,26/06/26,19:18:8
29557,0.12,29.557,121.79855871705519,4410445270,2026-06-26 19:18:38.377593,26/06/26,19:18:38
29633,0.12,29.633,121.48618094691729,4410474903,2026-06-26 19:19:08.010593,26/06/26,19:19:8
29208,0.12,29.208,123.25390304026294,4410504111,2026-06-26 19:19:37.218593,26/06/26,19:19:37
17848,0.2,17.848,201.70327207530255,4410521959,2026-06-26 19:19:55.066593,26/06/26,19:19:55
17473,0.21,17.473,206.0321639100326,4410539432,2026-06-26 19:20:12.539593,26/06/26,19:20:12
17411,0.21,17.411,206.7658376888174,4410556843,2026-06-26 19:20:29.950593,26/06/26,19:20:29
17378,0.21,17.378,207.15847623431927,4410574221,2026-06-26 19:20:47.328593,26/06/26,19:20:47
17498,0.2,17.498,205.73779860555493,4410591719,2026-06-26 19:21:04.826593,26/06/26,19:21:4
17594,0.2,17.594,204.61520973058998,4410609313,2026-06-26 19:21:22.420593,26/06/26,19:21:22
17718,0.2,17.718,203.1832035218422,4410627031,2026-06-26 19:21:40.138593,26/06/26,19:21:40
17804,0.2,17.804,202.2017524151876,4410644835,2026-06-26 19:21:57.942593,26/06/26,19:21:57
17900,0.2,17.9,201.11731843575419,4410662735,2026-06-26 19:22:15.842593,26/06/26,19:22:15
17923,0.2,17.923,200.85923115549852,4410680658,2026-06-26 19:22:33.765593,26/06/26,19:22:33
18037,0.2,18.037,199.5897322171093,4410698695,2026-06-26 19:22:51.802593,26/06/26,19:22:51
18075,0.2,18.075,199.1701244813278,4410716770,2026-06-26 19:23:09.877593,26/06/26,19:23:9
18152,0.2,18.152,198.3252534156016,4410734922,2026-06-26 19:23:28.029593,26/06/26,19:23:28
18080,0.2,18.08,199.1150442477876,4410753002,2026-06-26 19:23:46.109593,26/06/26,19:23:46
18245,0.2,18.245,197.31433269388873,4410771247,2026-06-26 19:24:04.354593,26/06/26,19:24:4
18212,0.2,18.212,197.67186470459038,4410789459,2026-06-26 19:24:22.566593,26/06/26,19:24:22
18259,0.2,18.259,197.16304288296183,4410807718,2026-06-26 19:24:40.825593,26/06/26,19:24:40
18321,0.2,18.321,196.49582446373014,4410826039,2026-06-26 19:24:59.146593,26/06/26,19:24:59
18382,0.19,18.382,195.84376020019585,4410844421,2026-06-26 19:25:17.528593,26/06/26,19:25:17
18325,0.2,18.325,196.45293315143246,4410862746,2026-06-26 19:25:35.853593,26/06/26,19:25:35
18379,0.19,18.379,195.87572773273845,4410881125,2026-06-26 19:25:54.232593,26/06/26,19:25:54
18490,0.19,18.49,194.6998377501352,4410899615,2026-06-26 19:26:12.722593,26/06/26,19:26:12
18555,0.19,18.555,194.01778496362166,4410918170,2026-06-26 19:26:31.277593,26/06/26,19:26:31
18547,0.19,18.547,194.10147193616217,4410936717,2026-06-26 19:26:49.824593,26/06/26,19:26:49
18575,0.19,18.575,193.80888290713324,4410955292,2026-06-26 19:27:08.399593,26/06/26,19:27:8
18670,0.19,18.67,192.822710230316,4410973962,2026-06-26 19:27:27.069593,26/06/26,19:27:27
19627,0.18,19.627,183.4207978804708,4410993589,2026-06-26 19:27:46.696593,26/06/26,19:27:46
29584,0.12,29.584,121.6873985938345,4411023173,2026-06-26 19:28:16.280593,26/06/26,19:28:16
29395,0.12,29.395,122.46980779044056,4411052568,2026-06-26 19:28:45.675593,26/06/26,19:28:45
29523,0.12,29.523,121.9388273549436,4411082091,2026-06-26 19:29:15.198593,26/06/26,19:29:15
29404,0.12,29.404,122.43232213304313,4411111495,2026-06-26 19:29:44.602593,26/06/26,19:29:44
29529,0.12,29.529,121.914050594331,4411141024,2026-06-26 19:30:14.131593,26/06/26,19:30:14
29546,0.12,29.546,121.84390442022608,4411170570,2026-06-26 19:30:43.677593,26/06/26,19:30:43
29466,0.12,29.466,122.17470983506414,4411200036,2026-06-26 19:31:13.143593,26/06/26,19:31:13
29360,0.12,29.36,122.6158038147139,4411229396,2026-06-26 19:31:42.503593,26/06/26,19:31:42
29383,0.12,29.383,122.5198243882517,4411258779,2026-06-26 19:32:11.886593,26/06/26,19:32:11
29593,0.12,29.593,121.6503902950022,4411288372,2026-06-26 19:32:41.479593,26/06/26,19:32:41
29694,0.12,29.694,121.2366134572641,4411318066,2026-06-26 19:33:11.173593,26/06/26,19:33:11
29672,0.12,29.672,121.32650310056619,4411347738,2026-06-26 19:33:40.845593,26/06/26,19:33:40
29559,0.12,29.559,121.79031766974525,4411377297,2026-06-26 19:34:10.404593,26/06/26,19:34:10
29274,0.12,29.274,122.97601967616315,4411406571,2026-06-26 19:34:39.678593,26/06/26,19:34:39
29136,0.12,29.136,123.55848434925865,4411435707,2026-06-26 19:35:08.814593,26/06/26,19:35:8
28874,0.12,28.874,124.6796425850246,4411464581,2026-06-26 19:35:37.688593,26/06/26,19:35:37
29521,0.12,29.521,121.94708851326175,4411494102,2026-06-26 19:36:07.209593,26/06/26,19:36:7
29320,0.12,29.32,122.78308321964529,4411523422,2026-06-26 19:36:36.529593,26/06/26,19:36:36
29425,0.12,29.425,122.34494477485131,4411552847,2026-06-26 19:37:05.954593,26/06/26,19:37:5
29474,0.12,29.474,122.14154848340911,4411582321,2026-06-26 19:37:35.428593,26/06/26,19:37:35
29601,0.12,29.601,121.61751292186075,4411611922,2026-06-26 19:38:05.029593,26/06/26,19:38:5
29588,0.12,29.588,121.67094768149249,4411641510,2026-06-26 19:38:34.617593,26/06/26,19:38:34
29520,0.12,29.52,121.95121951219512,4411671030,2026-06-26 19:39:04.137593,26/06/26,19:39:4
30105,0.12,30.105,119.5814648729447,4411701135,2026-06-26 19:39:34.242593,26/06/26,19:39:34
32518,0.11,32.518,110.70791561596654,4411733653,2026-06-26 19:40:06.760593,26/06/26,19:40:6
36527,0.1,36.527,98.55723163687135,4411770180,2026-06-26 19:40:43.287593,26/06/26,19:40:43
36666,0.1,36.666,98.18360333824252,4411806846,2026-06-26 19:41:19.953593,26/06/26,19:41:19
36431,0.1,36.431,98.816941615657,4411843277,2026-06-26 19:41:56.384593,26/06/26,19:41:56
36715,0.1,36.715,98.05256707067956,4411879992,2026-06-26 19:42:33.099593,26/06/26,19:42:33
35517,0.1,35.517,101.3599121547428,4411915509,2026-06-26 19:43:08.616593,26/06/26,19:43:8
34633,0.1,34.633,103.94710247451852,4411950142,2026-06-26 19:43:43.249593,26/06/26,19:43:43
35806,0.1,35.806,100.54180863542423,4411985948,2026-06-26 19:44:19.055593,26/06/26,19:44:19
35311,0.1,35.311,101.95123332672539,4412021259,2026-06-26 19:44:54.366593,26/06/26,19:44:54
35726,0.1,35.726,100.76694844091138,4412056985,2026-06-26 19:45:30.092593,26/06/26,19:45:30
34970,0.1,34.97,102.94538175579068,4412091955,2026-06-26 19:46:05.062593,26/06/26,19:46:5
34638,0.1,34.638,103.93209769617184,4412126593,2026-06-26 19:46:39.700593,26/06/26,19:46:39
35354,0.1,35.354,101.82723312779318,4412161947,2026-06-26 19:47:15.054593,26/06/26,19:47:15
34929,0.1,34.929,103.0662200463798,4412196876,2026-06-26 19:47:49.983593,26/06/26,19:47:49
35269,0.1,35.269,102.07264169667414,4412232145,2026-06-26 19:48:25.252593,26/06/26,19:48:25
34762,0.1,34.762,103.56136010586272,4412266907,2026-06-26 19:49:00.014593,26/06/26,19:49:0
34662,0.1,34.662,103.86013501817553,4412301569,2026-06-26 19:49:34.676593,26/06/26,19:49:34
35206,0.1,35.206,102.25529739248992,4412336775,2026-06-26 19:50:09.882593,26/06/26,19:50:9
35083,0.1,35.083,102.61380155630933,4412371858,2026-06-26 19:50:44.965593,26/06/26,19:50:44
35185,0.1,35.185,102.31632798067358,4412407043,2026-06-26 19:51:20.150593,26/06/26,19:51:20
35022,0.1,35.022,102.79253040945692,4412442065,2026-06-26 19:51:55.172593,26/06/26,19:51:55
35304,0.1,35.304,101.97144799456153,4412477369,2026-06-26 19:52:30.476593,26/06/26,19:52:30
35297,0.1,35.297,101.99167068022778,4412512666,2026-06-26 19:53:05.773593,26/06/26,19:53:5
35078,0.1,35.078,102.62842807457666,4412547744,2026-06-26 19:53:40.851593,26/06/26,19:53:40
36044,0.1,36.044,99.87792697813784,4412583788,2026-06-26 19:54:16.895593,26/06/26,19:54:16
17100,0.21,17.1,210.52631578947367,4412600888,2026-06-26 19:54:33.995593,26/06/26,19:54:33
19670,0.18,19.67,183.01982714794102,4412620558,2026-06-26 19:54:53.665593,26/06/26,19:54:53
19733,0.18,19.733,182.4355141134141,4412640291,2026-06-26 19:55:13.398593,26/06/26,19:55:13
19633,0.18,19.633,183.36474303468648,4412659924,2026-06-26 19:55:33.031593,26/06/26,19:55:33
19759,0.18,19.759,182.19545523558884,4412679683,2026-06-26 19:55:52.790593,26/06/26,19:55:52
20126,0.18,20.126,178.8730994733181,4412699809,2026-06-26 19:56:12.916593,26/06/26,19:56:12
20135,0.18,20.135,178.7931462627266,4412719944,2026-06-26 19:56:33.051593,26/06/26,19:56:33
20064,0.18,20.064,179.42583732057417,4412740008,2026-06-26 19:56:53.115593,26/06/26,19:56:53
20456,0.17,20.456,175.98748533437623,4412760464,2026-06-26 19:57:13.571593,26/06/26,19:57:13
20287,0.18,20.287,177.45354167693597,4412780751,2026-06-26 19:57:33.858593,26/06/26,19:57:33
20512,0.17,20.512,175.50702028081122,4412801263,2026-06-26 19:57:54.370593,26/06/26,19:57:54
20733,0.17,20.733,173.63623209376357,4412821996,2026-06-26 19:58:15.103593,26/06/26,19:58:15
20256,0.18,20.256,177.72511848341233,4412842252,2026-06-26 19:58:35.359593,26/06/26,19:58:35
20283,0.18,20.283,177.48853719863925,4412862535,2026-06-26 19:58:55.642593,26/06/26,19:58:55
20596,0.17,20.596,174.79122159642648,4412883131,2026-06-26 19:59:16.238593,26/06/26,19:59:16
20295,0.18,20.295,177.38359201773835,4412903426,2026-06-26 19:59:36.533593,26/06/26,19:59:36
20557,0.17,20.557,175.1228292065963,4412923983,2026-06-26 19:59:57.090593,26/06/26,19:59:57
20785,0.17,20.785,173.20182824152033,4412944768,2026-06-26 20:00:17.875593,26/06/26,20:0:17
20792,0.17,20.792,173.14351673720662,4412965560,2026-06-26 20:00:38.667593,26/06/26,20:0:38
20721,0.17,20.721,173.736788765021,4412986281,2026-06-26 20:00:59.388593,26/06/26,20:0:59
20782,0.17,20.782,173.2268309113656,4413007063,2026-06-26 20:01:20.170593,26/06/26,20:1:20
20892,0.17,20.892,172.3147616312464,4413027955,2026-06-26 20:01:41.062593,26/06/26,20:1:41
20946,0.17,20.946,171.87052420509883,4413048901,2026-06-26 20:02:02.008593,26/06/26,20:2:2
25946,0.14,25.946,138.74971093810223,4413074847,2026-06-26 20:02:27.954593,26/06/26,20:2:27
35864,0.1,35.864,100.3792103502119,4413110711,2026-06-26 20:03:03.818593,26/06/26,20:3:3
35656,0.1,35.656,100.96477451200359,4413146367,2026-06-26 20:03:39.474593,26/06/26,20:3:39
35996,0.1,35.996,100.0111123458162,4413182363,2026-06-26 20:04:15.470593,26/06/26,20:4:15
35378,0.1,35.378,101.7581547854599,4413217741,2026-06-26 20:04:50.848593,26/06/26,20:4:50
36092,0.1,36.092,99.74509586611991,4413253833,2026-06-26 20:05:26.940593,26/06/26,20:5:26
35524,0.1,35.524,101.33993919603648,4413289357,2026-06-26 20:06:02.464593,26/06/26,20:6:2
35626,0.1,35.626,101.04979509347106,4413324983,2026-06-26 20:06:38.090593,26/06/26,20:6:38
36138,0.1,36.138,99.61813049975096,4413361121,2026-06-26 20:07:14.228593,26/06/26,20:7:14
35600,0.1,35.6,101.12359550561797,4413396721,2026-06-26 20:07:49.828593,26/06/26,20:7:49
36215,0.1,36.215,99.40632334667956,4413432936,2026-06-26 20:08:26.043593,26/06/26,20:8:26
34107,0.1,34.107,105.55018031489138,4413467043,2026-06-26 20:09:00.150593,26/06/26,20:9:0
34794,0.1,34.794,103.46611484738749,4413501837,2026-06-26 20:09:34.944593,26/06/26,20:9:34
34970,0.1,34.97,102.94538175579068,4413536807,2026-06-26 20:10:09.914593,26/06/26,20:10:9
35057,0.1,35.057,102.68990501183787,4413571864,2026-06-26 20:10:44.971593,26/06/26,20:10:44
35003,0.1,35.003,102.8483272862326,4413606867,2026-06-26 20:11:19.974593,26/06/26,20:11:19
34744,0.1,34.744,103.6150126640571,4413641611,2026-06-26 20:11:54.718593,26/06/26,20:11:54
35503,0.1,35.503,101.39988170013801,4413677114,2026-06-26 20:12:30.221593,26/06/26,20:12:30
35207,0.1,35.207,102.25239299003039,4413712321,2026-06-26 20:13:05.428593,26/06/26,20:13:5
35031,0.1,35.031,102.76612143530016,4413747352,2026-06-26 20:13:40.459593,26/06/26,20:13:40
35511,0.1,35.511,101.37703810087015,4413782863,2026-06-26 20:14:15.970593,26/06/26,20:14:15
35262,0.1,35.262,102.09290454313425,4413818125,2026-06-26 20:14:51.232593,26/06/26,20:14:51
35714,0.1,35.714,100.80080640645126,4413853839,2026-06-26 20:15:26.946593,26/06/26,20:15:26
35293,0.1,35.293,102.00323010228658,4413889132,2026-06-26 20:16:02.239593,26/06/26,20:16:2
35255,0.1,35.255,102.11317543610835,4413924387,2026-06-26 20:16:37.494593,26/06/26,20:16:37
35775,0.1,35.775,100.62893081761007,4413960162,2026-06-26 20:17:13.269593,26/06/26,20:17:13
35085,0.1,35.085,102.60795211628901,4413995247,2026-06-26 20:17:48.354593,26/06/26,20:17:48
35743,0.1,35.743,100.71902190638727,4414030990,2026-06-26 20:18:24.097593,26/06/26,20:18:24
35183,0.1,35.183,102.32214421737771,4414066173,2026-06-26 20:18:59.280593,26/06/26,20:18:59
35380,0.1,35.38,101.75240248728095,4414101553,2026-06-26 20:19:34.660593,26/06/26,20:19:34
35653,0.1,35.653,100.97327013154573,4414137206,2026-06-26 20:20:10.313593,26/06/26,20:20:10
36429,0.1,36.429,98.82236679568476,4414173635,2026-06-26 20:20:46.742593,26/06/26,20:20:46
36737,0.1,36.737,97.99384816397637,4414210372,2026-06-26 20:21:23.479593,26/06/26,20:21:23
36606,0.1,36.606,98.34453368300278,4414246978,2026-06-26 20:22:00.085593,26/06/26,20:22:0
36754,0.1,36.754,97.94852260978396,4414283732,2026-06-26 20:22:36.839593,26/06/26,20:22:36
36842,0.1,36.842,97.71456489875685,4414320574,2026-06-26 20:23:13.681593,26/06/26,20:23:13
36337,0.1,36.337,99.072570658007,4414356911,2026-06-26 20:23:50.018593,26/06/26,20:23:50
36746,0.1,36.746,97.9698470581832,4414393657,2026-06-26 20:24:26.764593,26/06/26,20:24:26
36184,0.1,36.184,99.49148795047535,4414429841,2026-06-26 20:25:02.948593,26/06/26,20:25:2
36289,0.1,36.289,99.20361542065089,4414466130,2026-06-26 20:25:39.237593,26/06/26,20:25:39
36680,0.1,36.68,98.14612868047982,4414502810,2026-06-26 20:26:15.917593,26/06/26,20:26:15
36303,0.1,36.303,99.16535823485663,4414539113,2026-06-26 20:26:52.220593,26/06/26,20:26:52
36819,0.1,36.819,97.77560498655585,4414575932,2026-06-26 20:27:29.039593,26/06/26,20:27:29
36158,0.1,36.158,99.56302892859118,4414612090,2026-06-26 20:28:05.197593,26/06/26,20:28:5
36190,0.1,36.19,99.47499309201437,4414648280,2026-06-26 20:28:41.387593,26/06/26,20:28:41
23470,0.15,23.47,153.3873029399233,4414671750,2026-06-26 20:29:04.857593,26/06/26,20:29:4
19791,0.18,19.791,181.90086402910413,4414691541,2026-06-26 20:29:24.648593,26/06/26,20:29:24
19506,0.18,19.506,184.5585973546601,4414711047,2026-06-26 20:29:44.154593,26/06/26,20:29:44
19633,0.18,19.633,183.36474303468648,4414730680,2026-06-26 20:30:03.787593,26/06/26,20:30:3
19785,0.18,19.785,181.9560272934041,4414750465,2026-06-26 20:30:23.572593,26/06/26,20:30:23
19410,0.19,19.41,185.47140649149924,4414769875,2026-06-26 20:30:42.982593,26/06/26,20:30:42
20901,0.17,20.901,172.24056265250468,4414790776,2026-06-26 20:31:03.883593,26/06/26,20:31:3
21003,0.17,21.003,171.40408513069562,4414811779,2026-06-26 20:31:24.886593,26/06/26,20:31:24
21209,0.17,21.209,169.73926163421189,4414832988,2026-06-26 20:31:46.095593,26/06/26,20:31:46
21306,0.17,21.306,168.96648831315122,4414854294,2026-06-26 20:32:07.401593,26/06/26,20:32:7
21385,0.17,21.385,168.34229600187047,4414875679,2026-06-26 20:32:28.786593,26/06/26,20:32:28
21463,0.17,21.463,167.73051297581884,4414897142,2026-06-26 20:32:50.249593,26/06/26,20:32:50
21438,0.17,21.438,167.9261125104954,4414918580,2026-06-26 20:33:11.687593,26/06/26,20:33:11
21632,0.17,21.632,166.42011834319527,4414940212,2026-06-26 20:33:33.319593,26/06/26,20:33:33
21690,0.17,21.69,165.97510373443984,4414961902,2026-06-26 20:33:55.009593,26/06/26,20:33:55
21740,0.17,21.74,165.5933762649494,4414983642,2026-06-26 20:34:16.749593,26/06/26,20:34:16
21857,0.16,21.857,164.70695886901223,4415005499,2026-06-26 20:34:38.606593,26/06/26,20:34:38
21851,0.16,21.851,164.75218525467943,4415027350,2026-06-26 20:35:00.457593,26/06/26,20:35:0
21886,0.16,21.886,164.4887142465503,4415049236,2026-06-26 20:35:22.343593,26/06/26,20:35:22
21994,0.16,21.994,163.68100391015733,4415071230,2026-06-26 20:35:44.337593,26/06/26,20:35:44
21998,0.16,21.998,163.6512410219111,4415093228,2026-06-26 20:36:06.335593,26/06/26,20:36:6
21529,0.17,21.529,167.216312880301,4415114757,2026-06-26 20:36:27.864593,26/06/26,20:36:27
21688,0.17,21.688,165.99040944300995,4415136445,2026-06-26 20:36:49.552593,26/06/26,20:36:49
35263,0.1,35.263,102.09000935825085,4415171708,2026-06-26 20:37:24.815593,26/06/26,20:37:24
38172,0.09,38.172,94.30996541967934,4415209880,2026-06-26 20:38:02.987593,26/06/26,20:38:2
38310,0.09,38.31,93.97024275646045,4415248190,2026-06-26 20:38:41.297593,26/06/26,20:38:41
38230,0.09,38.23,94.16688464556631,4415286420,2026-06-26 20:39:19.527593,26/06/26,20:39:19
38221,0.09,38.221,94.18905837105257,4415324641,2026-06-26 20:39:57.748593,26/06/26,20:39:57
38288,0.09,38.288,94.02423735896365,4415362929,2026-06-26 20:40:36.036593,26/06/26,20:40:36
38254,0.09,38.254,94.1078057196633,4415401183,2026-06-26 20:41:14.290593,26/06/26,20:41:14
38132,0.09,38.132,94.40889541592364,4415439315,2026-06-26 20:41:52.422593,26/06/26,20:41:52
38107,0.09,38.107,94.47083213057968,4415477422,2026-06-26 20:42:30.529593,26/06/26,20:42:30
37261,0.1,37.261,96.61576447223639,4415514683,2026-06-26 20:43:07.790593,26/06/26,20:43:7
37197,0.1,37.197,96.78199854827002,4415551880,2026-06-26 20:43:44.987593,26/06/26,20:43:44
37379,0.1,37.379,96.31076272773483,4415589259,2026-06-26 20:44:22.366593,26/06/26,20:44:22
37447,0.1,37.447,96.13587203247256,4415626706,2026-06-26 20:44:59.813593,26/06/26,20:44:59
37379,0.1,37.379,96.31076272773483,4415664085,2026-06-26 20:45:37.192593,26/06/26,20:45:37
37174,0.1,37.174,96.84187873244741,4415701259,2026-06-26 20:46:14.366593,26/06/26,20:46:14
36633,0.1,36.633,98.2720497911719,4415737892,2026-06-26 20:46:50.999593,26/06/26,20:46:50
36862,0.1,36.862,97.66154847810753,4415774754,2026-06-26 20:47:27.861593,26/06/26,20:47:27
36865,0.1,36.865,97.65360097653601,4415811619,2026-06-26 20:48:04.726593,26/06/26,20:48:4
36841,0.1,36.841,97.71721723080263,4415848460,2026-06-26 20:48:41.567593,26/06/26,20:48:41
36807,0.1,36.807,97.80748227239384,4415885267,2026-06-26 20:49:18.374593,26/06/26,20:49:18
36754,0.1,36.754,97.94852260978396,4415922021,2026-06-26 20:49:55.128593,26/06/26,20:49:55
36966,0.1,36.966,97.38678785911378,4415958987,2026-06-26 20:50:32.094593,26/06/26,20:50:32
36852,0.1,36.852,97.6880494952784,4415995839,2026-06-26 20:51:08.946593,26/06/26,20:51:8
36790,0.1,36.79,97.85267735797771,4416032629,2026-06-26 20:51:45.736593,26/06/26,20:51:45
36746,0.1,36.746,97.9698470581832,4416069375,2026-06-26 20:52:22.482593,26/06/26,20:52:22
36761,0.1,36.761,97.92987133103017,4416106136,2026-06-26 20:52:59.243593,26/06/26,20:52:59
37909,0.09,37.909,94.96425650900842,4416144045,2026-06-26 20:53:37.152593,26/06/26,20:53:37
38410,0.09,38.41,93.72559229367353,4416182455,2026-06-26 20:54:15.562593,26/06/26,20:54:15
39676,0.09,39.676,90.73495312027423,4416222131,2026-06-26 20:54:55.238593,26/06/26,20:54:55
39595,0.09,39.595,90.92057077913879,4416261726,2026-06-26 20:55:34.833593,26/06/26,20:55:34
39291,0.09,39.291,91.62403603878751,4416301017,2026-06-26 20:56:14.124593,26/06/26,20:56:14
36896,0.1,36.896,97.57155247181267,4416337913,2026-06-26 20:56:51.020593,26/06/26,20:56:51
32270,0.11,32.27,111.55872327238922,4416370183,2026-06-26 20:57:23.290593,26/06/26,20:57:23
27681,0.13,27.681,130.0531050178823,4416397864,2026-06-26 20:57:50.971593,26/06/26,20:57:50
28151,0.13,28.151,127.88178039856489,4416426015,2026-06-26 20:58:19.122593,26/06/26,20:58:19
28209,0.13,28.209,127.6188450494523,4416454224,2026-06-26 20:58:47.331593,26/06/26,20:58:47
27837,0.13,27.837,129.32428063368897,4416482061,2026-06-26 20:59:15.168593,26/06/26,20:59:15
27932,0.13,27.932,128.88443362451667,4416509993,2026-06-26 20:59:43.100593,26/06/26,20:59:43
28066,0.13,28.066,128.2690800256538,4416538059,2026-06-26 21:00:11.166593,26/06/26,21:0:11
28286,0.13,28.286,127.27144170260907,4416566345,2026-06-26 21:00:39.452593,26/06/26,21:0:39
28274,0.13,28.274,127.32545801796704,4416594619,2026-06-26 21:01:07.726593,26/06/26,21:1:7
27585,0.13,27.585,130.50570962479608,4416622204,2026-06-26 21:01:35.311593,26/06/26,21:1:35
28057,0.13,28.057,128.3102256121467,4416650261,2026-06-26 21:02:03.368593,26/06/26,21:2:3
28152,0.13,28.152,127.8772378516624,4416678413,2026-06-26 21:02:31.520593,26/06/26,21:2:31
28116,0.13,28.116,128.04097311139566,4416706529,2026-06-26 21:02:59.636593,26/06/26,21:2:59
27735,0.13,27.735,129.79989183342346,4416734264,2026-06-26 21:03:27.371593,26/06/26,21:3:27
27579,0.13,27.579,130.53410203415643,4416761843,2026-06-26 21:03:54.950593,26/06/26,21:3:54
27308,0.13,27.308,131.82950051267028,4416789151,2026-06-26 21:04:22.258593,26/06/26,21:4:22
15015,0.24,15.015,239.76023976023976,4416804166,2026-06-26 21:04:37.273593,26/06/26,21:4:37
16982,0.21,16.982,211.98916499823343,4416821148,2026-06-26 21:04:54.255593,26/06/26,21:4:54
16983,0.21,16.983,211.97668256491787,4416838131,2026-06-26 21:05:11.238593,26/06/26,21:5:11
16966,0.21,16.966,212.18908405045386,4416855097,2026-06-26 21:05:28.204593,26/06/26,21:5:28
16983,0.21,16.983,211.97668256491787,4416872080,2026-06-26 21:05:45.187593,26/06/26,21:5:45
17135,0.21,17.135,210.09629413481179,4416889215,2026-06-26 21:06:02.322593,26/06/26,21:6:2
17246,0.21,17.246,208.74405659283312,4416906461,2026-06-26 21:06:19.568593,26/06/26,21:6:19
17274,0.21,17.274,208.4056964223689,4416923735,2026-06-26 21:06:36.842593,26/06/26,21:6:36
17286,0.21,17.286,208.26102047900034,4416941021,2026-06-26 21:06:54.128593,26/06/26,21:6:54
17486,0.2,17.486,205.87898890541004,4416958507,2026-06-26 21:07:11.614593,26/06/26,21:7:11
17408,0.21,17.408,206.8014705882353,4416975915,2026-06-26 21:07:29.022593,26/06/26,21:7:29
17529,0.2,17.529,205.37395173712133,4416993444,2026-06-26 21:07:46.551593,26/06/26,21:7:46
17596,0.2,17.596,204.5919527165265,4417011040,2026-06-26 21:08:04.147593,26/06/26,21:8:4
17622,0.2,17.622,204.29009193054137,4417028662,2026-06-26 21:08:21.769593,26/06/26,21:8:21
17718,0.2,17.718,203.1832035218422,4417046380,2026-06-26 21:08:39.487593,26/06/26,21:8:39
17704,0.2,17.704,203.34387708992318,4417064084,2026-06-26 21:08:57.191593,26/06/26,21:8:57
17794,0.2,17.794,202.31538720917163,4417081878,2026-06-26 21:09:14.985593,26/06/26,21:9:14
17769,0.2,17.769,202.60003376667228,4417099647,2026-06-26 21:09:32.754593,26/06/26,21:9:32
17822,0.2,17.822,201.99753114128606,4417117469,2026-06-26 21:09:50.576593,26/06/26,21:9:50
17883,0.2,17.883,201.30850528434826,4417135352,2026-06-26 21:10:08.459593,26/06/26,21:10:8
17906,0.2,17.906,201.04992739863732,4417153258,2026-06-26 21:10:26.365593,26/06/26,21:10:26
17909,0.2,17.909,201.01624881344574,4417171167,2026-06-26 21:10:44.274593,26/06/26,21:10:44
17946,0.2,17.946,200.60180541624874,4417189113,2026-06-26 21:11:02.220593,26/06/26,21:11:2
18002,0.2,18.002,199.97778024663927,4417207115,2026-06-26 21:11:20.222593,26/06/26,21:11:20
18009,0.2,18.009,199.9000499750125,4417225124,2026-06-26 21:11:38.231593,26/06/26,21:11:38
17970,0.2,17.97,200.3338898163606,4417243094,2026-06-26 21:11:56.201593,26/06/26,21:11:56
18079,0.2,18.079,199.12605785718236,4417261173,2026-06-26 21:12:14.280593,26/06/26,21:12:14
22697,0.16,22.697,158.6112702119223,4417283870,2026-06-26 21:12:36.977593,26/06/26,21:12:36
27168,0.13,27.168,132.5088339222615,4417311038,2026-06-26 21:13:04.145593,26/06/26,21:13:4
26777,0.13,26.777,134.44373902976434,4417337815,2026-06-26 21:13:30.922593,26/06/26,21:13:30
26872,0.13,26.872,133.9684429889848,4417364687,2026-06-26 21:13:57.794593,26/06/26,21:13:57
26941,0.13,26.941,133.62532942355517,4417391628,2026-06-26 21:14:24.735593,26/06/26,21:14:24
26951,0.13,26.951,133.57574858075768,4417418579,2026-06-26 21:14:51.686593,26/06/26,21:14:51
27058,0.13,27.058,133.04752753344667,4417445637,2026-06-26 21:15:18.744593,26/06/26,21:15:18
27054,0.13,27.054,133.06719893546241,4417472691,2026-06-26 21:15:45.798593,26/06/26,21:15:45
27051,0.13,27.051,133.08195630475768,4417499742,2026-06-26 21:16:12.849593,26/06/26,21:16:12
26918,0.13,26.918,133.7395051638309,4417526660,2026-06-26 21:16:39.767593,26/06/26,21:16:39
26940,0.13,26.94,133.630289532294,4417553600,2026-06-26 21:17:06.707593,26/06/26,21:17:6
26986,0.13,26.986,133.40250500259393,4417580586,2026-06-26 21:17:33.693593,26/06/26,21:17:33
26922,0.13,26.922,133.7196344996657,4417607508,2026-06-26 21:18:00.615593,26/06/26,21:18:0
27481,0.13,27.481,130.9995997234453,4417634989,2026-06-26 21:18:28.096593,26/06/26,21:18:28
27480,0.13,27.48,131.00436681222706,4417662469,2026-06-26 21:18:55.576593,26/06/26,21:18:55
27517,0.13,27.517,130.8282152850965,4417689986,2026-06-26 21:19:23.093593,26/06/26,21:19:23
27020,0.13,27.02,133.23464100666172,4417717006,2026-06-26 21:19:50.113593,26/06/26,21:19:50
27096,0.13,27.096,132.86093888396812,4417744102,2026-06-26 21:20:17.209593,26/06/26,21:20:17
26975,0.13,26.975,133.4569045412419,4417771077,2026-06-26 21:20:44.184593,26/06/26,21:20:44
26740,0.13,26.74,134.62976813762154,4417797817,2026-06-26 21:21:10.924593,26/06/26,21:21:10
26789,0.13,26.789,134.38351562208368,4417824606,2026-06-26 21:21:37.713593,26/06/26,21:21:37
26693,0.13,26.693,134.86681901622148,4417851299,2026-06-26 21:22:04.406593,26/06/26,21:22:4
27351,0.13,27.351,131.62224415926292,4417878650,2026-06-26 21:22:31.757593,26/06/26,21:22:31
27773,0.13,27.773,129.62229503474597,4417906423,2026-06-26 21:22:59.530593,26/06/26,21:22:59
28403,0.13,28.403,126.747174594233,4417934826,2026-06-26 21:23:27.933593,26/06/26,21:23:27
28037,0.13,28.037,128.4017548239826,4417962863,2026-06-26 21:23:55.970593,26/06/26,21:23:55
27838,0.13,27.838,129.31963503125223,4417990701,2026-06-26 21:24:23.808593,26/06/26,21:24:23
27988,0.13,27.988,128.62655423753037,4418018689,2026-06-26 21:24:51.796593,26/06/26,21:24:51
27655,0.13,27.655,130.17537515819924,4418046344,2026-06-26 21:25:19.451593,26/06/26,21:25:19
28123,0.13,28.123,128.0091028695374,4418074467,2026-06-26 21:25:47.574593,26/06/26,21:25:47
28425,0.13,28.425,126.64907651715039,4418102892,2026-06-26 21:26:15.999593,26/06/26,21:26:15
28385,0.13,28.385,126.82754976219834,4418131277,2026-06-26 21:26:44.384593,26/06/26,21:26:44
28472,0.13,28.472,126.44001123911211,4418159749,2026-06-26 21:27:12.856593,26/06/26,21:27:12
28537,0.13,28.537,126.15201317587693,4418188286,2026-06-26 21:27:41.393593,26/06/26,21:27:41
28432,0.13,28.432,126.61789532920653,4418216718,2026-06-26 21:28:09.825593,26/06/26,21:28:9
28425,0.13,28.425,126.64907651715039,4418245143,2026-06-26 21:28:38.250593,26/06/26,21:28:38
28510,0.13,28.51,126.27148368993336,4418273653,2026-06-26 21:29:06.760593,26/06/26,21:29:6
28496,0.13,28.496,126.33352049410443,4418302149,2026-06-26 21:29:35.256593,26/06/26,21:29:35
28317,0.13,28.317,127.13211145248437,4418330466,2026-06-26 21:30:03.573593,26/06/26,21:30:3
28587,0.12,28.587,125.9313674047644,4418359053,2026-06-26 21:30:32.160593,26/06/26,21:30:32
28486,0.13,28.486,126.37786983079407,4418387539,2026-06-26 21:31:00.646593,26/06/26,21:31:0
28359,0.13,28.359,126.94382735639479,4418415898,2026-06-26 21:31:29.005593,26/06/26,21:31:29
28458,0.13,28.458,126.5022137887413,4418444356,2026-06-26 21:31:57.463593,26/06/26,21:31:57
28519,0.13,28.519,126.23163505031734,4418472875,2026-06-26 21:32:25.982593,26/06/26,21:32:25
28453,0.13,28.453,126.52444381963238,4418501328,2026-06-26 21:32:54.435593,26/06/26,21:32:54
28481,0.13,28.481,126.40005617780274,4418529809,2026-06-26 21:33:22.916593,26/06/26,21:33:22
28502,0.13,28.502,126.30692582976633,4418558311,2026-06-26 21:33:51.418593,26/06/26,21:33:51
28494,0.13,28.494,126.34238787113077,4418586805,2026-06-26 21:34:19.912593,26/06/26,21:34:19
28559,0.13,28.559,126.05483385272593,4418615364,2026-06-26 21:34:48.471593,26/06/26,21:34:48
28476,0.13,28.476,126.42225031605562,4418643840,2026-06-26 21:35:16.947593,26/06/26,21:35:16
28540,0.13,28.54,126.13875262789068,4418672380,2026-06-26 21:35:45.487593,26/06/26,21:35:45
28512,0.13,28.512,126.26262626262626,4418700892,2026-06-26 21:36:13.999593,26/06/26,21:36:13
28553,0.13,28.553,126.08132245298218,4418729445,2026-06-26 21:36:42.552593,26/06/26,21:36:42
28468,0.13,28.468,126.45777715329493,4418757913,2026-06-26 21:37:11.020593,26/06/26,21:37:11
27871,0.13,27.871,129.1665171683829,4418785784,2026-06-26 21:37:38.891593,26/06/26,21:37:38
27556,0.13,27.556,130.643054144288,4418813340,2026-06-26 21:38:06.447593,26/06/26,21:38:6
27585,0.13,27.585,130.50570962479608,4418840925,2026-06-26 21:38:34.032593,26/06/26,21:38:34
27518,0.13,27.518,130.82346100734065,4418868443,2026-06-26 21:39:01.550593,26/06/26,21:39:1
22935,0.16,22.935,156.96533682145193,4418891378,2026-06-26 21:39:24.485593,26/06/26,21:39:24
16979,0.21,16.979,212.02662112020732,4418908357,2026-06-26 21:39:41.464593,26/06/26,21:39:41
16875,0.21,16.875,213.33333333333334,4418925232,2026-06-26 21:39:58.339593,26/06/26,21:39:58
16848,0.21,16.848,213.67521367521368,4418942080,2026-06-26 21:40:15.187593,26/06/26,21:40:15
16846,0.21,16.846,213.70058174047253,4418958926,2026-06-26 21:40:32.033593,26/06/26,21:40:32
16960,0.21,16.96,212.26415094339623,4418975886,2026-06-26 21:40:48.993593,26/06/26,21:40:48
17076,0.21,17.076,210.82220660576246,4418992962,2026-06-26 21:41:06.069593,26/06/26,21:41:6
17074,0.21,17.074,210.84690172191637,4419010036,2026-06-26 21:41:23.143593,26/06/26,21:41:23
17169,0.21,17.169,209.68023763760266,4419027205,2026-06-26 21:41:40.312593,26/06/26,21:41:40
17200,0.21,17.2,209.30232558139534,4419044405,2026-06-26 21:41:57.512593,26/06/26,21:41:57
17347,0.21,17.347,207.52867931054362,4419061752,2026-06-26 21:42:14.859593,26/06/26,21:42:14
17405,0.21,17.405,206.83711577133008,4419079157,2026-06-26 21:42:32.264593,26/06/26,21:42:32
17505,0.2,17.505,205.65552699228792,4419096662,2026-06-26 21:42:49.769593,26/06/26,21:42:49
17135,0.21,17.135,210.09629413481179,4419113797,2026-06-26 21:43:06.904593,26/06/26,21:43:6
17363,0.21,17.363,207.33744168634453,4419131160,2026-06-26 21:43:24.267593,26/06/26,21:43:24
17494,0.2,17.494,205.7848405167486,4419148654,2026-06-26 21:43:41.761593,26/06/26,21:43:41
17575,0.2,17.575,204.83641536273115,4419166229,2026-06-26 21:43:59.336593,26/06/26,21:43:59
17682,0.2,17.682,203.59687818120122,4419183911,2026-06-26 21:44:17.018593,26/06/26,21:44:17
17793,0.2,17.793,202.32675771370765,4419201704,2026-06-26 21:44:34.811593,26/06/26,21:44:34
17702,0.2,17.702,203.36685120325387,4419219406,2026-06-26 21:44:52.513593,26/06/26,21:44:52
17879,0.2,17.879,201.35354326304602,4419237285,2026-06-26 21:45:10.392593,26/06/26,21:45:10
18034,0.2,18.034,199.62293445713652,4419255319,2026-06-26 21:45:28.426593,26/06/26,21:45:28
18017,0.2,18.017,199.8112893378476,4419273336,2026-06-26 21:45:46.443593,26/06/26,21:45:46
17689,0.2,17.689,203.5163095709198,4419291025,2026-06-26 21:46:04.132593,26/06/26,21:46:4
17792,0.2,17.792,202.33812949640287,4419308817,2026-06-26 21:46:21.924593,26/06/26,21:46:21
17826,0.2,17.826,201.95220464490072,4419326643,2026-06-26 21:46:39.750593,26/06/26,21:46:39
17704,0.2,17.704,203.34387708992318,4419344347,2026-06-26 21:46:57.454593,26/06/26,21:46:57
17846,0.2,17.846,201.72587694721506,4419362193,2026-06-26 21:47:15.300593,26/06/26,21:47:15
23524,0.15,23.524,153.03519809556198,4419385717,2026-06-26 21:47:38.824593,26/06/26,21:47:38
27321,0.13,27.321,131.76677281212255,4419413038,2026-06-26 21:48:06.145593,26/06/26,21:48:6
27188,0.13,27.188,132.41135795203766,4419440226,2026-06-26 21:48:33.333593,26/06/26,21:48:33
27121,0.13,27.121,132.73846834556247,4419467347,2026-06-26 21:49:00.454593,26/06/26,21:49:0
27311,0.13,27.311,131.81501958917653,4419494658,2026-06-26 21:49:27.765593,26/06/26,21:49:27
27531,0.13,27.531,130.76168682576005,4419522189,2026-06-26 21:49:55.296593,26/06/26,21:49:55
27535,0.13,27.535,130.74269112039224,4419549724,2026-06-26 21:50:22.831593,26/06/26,21:50:22
27528,0.13,27.528,130.77593722755014,4419577252,2026-06-26 21:50:50.359593,26/06/26,21:50:50
27444,0.13,27.444,131.17621337997377,4419604696,2026-06-26 21:51:17.803593,26/06/26,21:51:17
27584,0.13,27.584,130.51044083526682,4419632280,2026-06-26 21:51:45.387593,26/06/26,21:51:45
27474,0.13,27.474,131.0329766324525,4419659754,2026-06-26 21:52:12.861593,26/06/26,21:52:12
27509,0.13,27.509,130.86626195063434,4419687263,2026-06-26 21:52:40.370593,26/06/26,21:52:40
27363,0.13,27.363,131.5645214340533,4419714626,2026-06-26 21:53:07.733593,26/06/26,21:53:7
27489,0.13,27.489,130.96147549929063,4419742115,2026-06-26 21:53:35.222593,26/06/26,21:53:35
27421,0.13,27.421,131.28624047263045,4419769536,2026-06-26 21:54:02.643593,26/06/26,21:54:2
27883,0.13,27.883,129.11092780547287,4419797419,2026-06-26 21:54:30.526593,26/06/26,21:54:30
28295,0.13,28.295,127.23095953348648,4419825714,2026-06-26 21:54:58.821593,26/06/26,21:54:58
28308,0.13,28.308,127.1725307333616,4419854022,2026-06-26 21:55:27.129593,26/06/26,21:55:27
28184,0.13,28.184,127.73204655123475,4419882206,2026-06-26 21:55:55.313593,26/06/26,21:55:55
28307,0.13,28.307,127.17702335111457,4419910513,2026-06-26 21:56:23.620593,26/06/26,21:56:23
28480,0.13,28.48,126.40449438202248,4419938993,2026-06-26 21:56:52.100593,26/06/26,21:56:52
28038,0.13,28.038,128.39717526214423,4419967031,2026-06-26 21:57:20.138593,26/06/26,21:57:20
27882,0.13,27.882,129.11555842479018,4419994913,2026-06-26 21:57:48.020593,26/06/26,21:57:48
27958,0.13,27.958,128.76457543458045,4420022871,2026-06-26 21:58:15.978593,26/06/26,21:58:15
28108,0.13,28.108,128.077415682368,4420050979,2026-06-26 21:58:44.086593,26/06/26,21:58:44
27987,0.13,27.987,128.63115017686783,4420078966,2026-06-26 21:59:12.073593,26/06/26,21:59:12
27852,0.13,27.852,129.25463162429986,4420106818,2026-06-26 21:59:39.925593,26/06/26,21:59:39
27876,0.13,27.876,129.14334911752044,4420134694,2026-06-26 22:00:07.801593,26/06/26,22:0:7
27821,0.13,27.821,129.39865569174364,4420162515,2026-06-26 22:00:35.622593,26/06/26,22:0:35
27936,0.13,27.936,128.8659793814433,4420190451,2026-06-26 22:01:03.558593,26/06/26,22:1:3
27864,0.13,27.864,129.19896640826875,4420218315,2026-06-26 22:01:31.422593,26/06/26,22:1:31
27848,0.13,27.848,129.2731973570813,4420246163,2026-06-26 22:01:59.270593,26/06/26,22:1:59
27779,0.13,27.779,129.59429785089455,4420273942,2026-06-26 22:02:27.049593,26/06/26,22:2:27
27889,0.13,27.889,129.08315106314316,4420301831,2026-06-26 22:02:54.938593,26/06/26,22:2:54
27769,0.13,27.769,129.64096654542834,4420329600,2026-06-26 22:03:22.707593,26/06/26,22:3:22
27861,0.13,27.861,129.2128782168623,4420357461,2026-06-26 22:03:50.568593,26/06/26,22:3:50
27993,0.13,27.993,128.60357946629514,4420385454,2026-06-26 22:04:18.561593,26/06/26,22:4:18
28591,0.12,28.591,125.91374908187892,4420414045,2026-06-26 22:04:47.152593,26/06/26,22:4:47
28638,0.12,28.638,125.70710245128849,4420442683,2026-06-26 22:05:15.790593,26/06/26,22:5:15
28463,0.13,28.463,126.47999156800056,4420471146,2026-06-26 22:05:44.253593,26/06/26,22:5:44
28505,0.13,28.505,126.29363269601824,4420499651,2026-06-26 22:06:12.758593,26/06/26,22:6:12
28609,0.12,28.609,125.83452759621099,4420528260,2026-06-26 22:06:41.367593,26/06/26,22:6:41
28591,0.12,28.591,125.91374908187892,4420556851,2026-06-26 22:07:09.958593,26/06/26,22:7:9
28523,0.13,28.523,126.21393261578375,4420585374,2026-06-26 22:07:38.481593,26/06/26,22:7:38
28378,0.13,28.378,126.85883430826696,4420613752,2026-06-26 22:08:06.859593,26/06/26,22:8:6
28509,0.13,28.509,126.27591286962011,4420642261,2026-06-26 22:08:35.368593,26/06/26,22:8:35
28783,0.12,28.783,125.07382830142792,4420671044,2026-06-26 22:09:04.151593,26/06/26,22:9:4
28741,0.12,28.741,125.25660206673393,4420699785,2026-06-26 22:09:32.892593,26/06/26,22:9:32
28682,0.12,28.682,125.51425981451781,4420728467,2026-06-26 22:10:01.574593,26/06/26,22:10:1
28751,0.12,28.751,125.21303606831067,4420757218,2026-06-26 22:10:30.325593,26/06/26,22:10:30
28715,0.12,28.715,125.37001567125196,4420785933,2026-06-26 22:10:59.040593,26/06/26,22:10:59
28612,0.12,28.612,125.82133370613728,4420814545,2026-06-26 22:11:27.652593,26/06/26,22:11:27
27853,0.13,27.853,129.24999102430618,4420842398,2026-06-26 22:11:55.505593,26/06/26,22:11:55
28322,0.13,28.322,127.10966739637031,4420870720,2026-06-26 22:12:23.827593,26/06/26,22:12:23
28488,0.13,28.488,126.36899747262005,4420899208,2026-06-26 22:12:52.315593,26/06/26,22:12:52
28462,0.13,28.462,126.48443538753426,4420927670,2026-06-26 22:13:20.777593,26/06/26,22:13:20
28458,0.13,28.458,126.5022137887413,4420956128,2026-06-26 22:13:49.235593,26/06/26,22:13:49
28461,0.13,28.461,126.48887951934226,4420984589,2026-06-26 22:14:17.696593,26/06/26,22:14:17
21237,0.17,21.237,169.51546828648114,4421005826,2026-06-26 22:14:38.933593,26/06/26,22:14:38
17196,0.21,17.196,209.35101186322402,4421023022,2026-06-26 22:14:56.129593,26/06/26,22:14:56
17151,0.21,17.151,209.90029735875459,4421040173,2026-06-26 22:15:13.280593,26/06/26,22:15:13
17132,0.21,17.132,210.13308428671493,4421057305,2026-06-26 22:15:30.412593,26/06/26,22:15:30
17074,0.21,17.074,210.84690172191637,4421074379,2026-06-26 22:15:47.486593,26/06/26,22:15:47
17228,0.21,17.228,208.96215463199442,4421091607,2026-06-26 22:16:04.714593,26/06/26,22:16:4
17410,0.21,17.41,206.7777139574957,4421109017,2026-06-26 22:16:22.124593,26/06/26,22:16:22
17494,0.2,17.494,205.7848405167486,4421126511,2026-06-26 22:16:39.618593,26/06/26,22:16:39
17381,0.21,17.381,207.12272021172544,4421143892,2026-06-26 22:16:56.999593,26/06/26,22:16:56
18385,0.19,18.385,195.81180310035356,4421162277,2026-06-26 22:17:15.384593,26/06/26,22:17:15
18367,0.2,18.367,196.0037022921544,4421180644,2026-06-26 22:17:33.751593,26/06/26,22:17:33
18632,0.19,18.632,193.215972520395,4421199276,2026-06-26 22:17:52.383593,26/06/26,22:17:52
19427,0.19,19.427,185.30910588356411,4421218703,2026-06-26 22:18:11.810593,26/06/26,22:18:11
19890,0.18,19.89,180.99547511312218,4421238593,2026-06-26 22:18:31.700593,26/06/26,22:18:31
21990,0.16,21.99,163.71077762619373,4421260583,2026-06-26 22:18:53.690593,26/06/26,22:18:53
22052,0.16,22.052,163.25049882096863,4421282635,2026-06-26 22:19:15.742593,26/06/26,22:19:15
22121,0.16,22.121,162.74128656028208,4421304756,2026-06-26 22:19:37.863593,26/06/26,22:19:37
22172,0.16,22.172,162.36694930543027,4421326928,2026-06-26 22:20:00.035593,26/06/26,22:20:0
22244,0.16,22.244,161.84139543247616,4421349172,2026-06-26 22:20:22.279593,26/06/26,22:20:22
22331,0.16,22.331,161.2108727777529,4421371503,2026-06-26 22:20:44.610593,26/06/26,22:20:44
22345,0.16,22.345,161.10986797941374,4421393848,2026-06-26 22:21:06.955593,26/06/26,22:21:6
19362,0.19,19.362,185.93120545398202,4421413210,2026-06-26 22:21:26.317593,26/06/26,22:21:26
17959,0.2,17.959,200.45659557881842,4421431169,2026-06-26 22:21:44.276593,26/06/26,22:21:44
17740,0.2,17.74,202.93122886133034,4421448909,2026-06-26 22:22:02.016593,26/06/26,22:22:2
18268,0.2,18.268,197.06590759798556,4421467177,2026-06-26 22:22:20.284593,26/06/26,22:22:20
18885,0.19,18.885,190.62748212867356,4421486062,2026-06-26 22:22:39.169593,26/06/26,22:22:39
21146,0.17,21.146,170.2449635864939,4421507208,2026-06-26 22:23:00.315593,26/06/26,22:23:0
20937,0.17,20.937,171.94440464249894,4421528145,2026-06-26 22:23:21.252593,26/06/26,22:23:21
20357,0.18,20.357,176.84334626909663,4421548502,2026-06-26 22:23:41.609593,26/06/26,22:23:41
20051,0.18,20.051,179.542167472944,4421568553,2026-06-26 22:24:01.660593,26/06/26,22:24:1
20137,0.18,20.137,178.77538858817104,4421588690,2026-06-26 22:24:21.797593,26/06/26,22:24:21
20225,0.18,20.225,177.99752781211373,4421608915,2026-06-26 22:24:42.022593,26/06/26,22:24:42
20230,0.18,20.23,177.95353435491845,4421629145,2026-06-26 22:25:02.252593,26/06/26,22:25:2
20289,0.18,20.289,177.43604909064024,4421649434,2026-06-26 22:25:22.541593,26/06/26,22:25:22
20693,0.17,20.693,173.97187454694824,4421670127,2026-06-26 22:25:43.234593,26/06/26,22:25:43
21206,0.17,21.206,169.76327454494012,4421691333,2026-06-26 22:26:04.440593,26/06/26,22:26:4
21216,0.17,21.216,169.68325791855204,4421712549,2026-06-26 22:26:25.656593,26/06/26,22:26:25
21220,0.17,21.22,169.6512723845429,4421733769,2026-06-26 22:26:46.876593,26/06/26,22:26:46
21169,0.17,21.169,170.05999338655582,4421754938,2026-06-26 22:27:08.045593,26/06/26,22:27:8
21032,0.17,21.032,171.1677443895017,4421775970,2026-06-26 22:27:29.077593,26/06/26,22:27:29
21334,0.17,21.334,168.74472672728976,4421797304,2026-06-26 22:27:50.411593,26/06/26,22:27:50
21380,0.17,21.38,168.38166510757716,4421818684,2026-06-26 22:28:11.791593,26/06/26,22:28:11
21293,0.17,21.293,169.06964730193022,4421839977,2026-06-26 22:28:33.084593,26/06/26,22:28:33
21316,0.17,21.316,168.8872208669544,4421861293,2026-06-26 22:28:54.400593,26/06/26,22:28:54
21346,0.17,21.346,168.649864143165,4421882639,2026-06-26 22:29:15.746593,26/06/26,22:29:15
21357,0.17,21.357,168.5630004214075,4421903996,2026-06-26 22:29:37.103593,26/06/26,22:29:37
21430,0.17,21.43,167.9888007466169,4421925426,2026-06-26 22:29:58.533593,26/06/26,22:29:58
21176,0.17,21.176,170.00377786173027,4421946602,2026-06-26 22:30:19.709593,26/06/26,22:30:19
21421,0.17,21.421,168.05938098128004,4421968023,2026-06-26 22:30:41.130593,26/06/26,22:30:41
21380,0.17,21.38,168.38166510757716,4421989403,2026-06-26 22:31:02.510593,26/06/26,22:31:2
21207,0.17,21.207,169.7552694864903,4422010610,2026-06-26 22:31:23.717593,26/06/26,22:31:23
21473,0.17,21.473,167.65240068923765,4422032083,2026-06-26 22:31:45.190593,26/06/26,22:31:45
21216,0.17,21.216,169.68325791855204,4422053299,2026-06-26 22:32:06.406593,26/06/26,22:32:6
21320,0.17,21.32,168.85553470919325,4422074619,2026-06-26 22:32:27.726593,26/06/26,22:32:27
21463,0.17,21.463,167.73051297581884,4422096082,2026-06-26 22:32:49.189593,26/06/26,22:32:49
21174,0.17,21.174,170.01983564749222,4422117256,2026-06-26 22:33:10.363593,26/06/26,22:33:10
21276,0.17,21.276,169.20473773265653,4422138532,2026-06-26 22:33:31.639593,26/06/26,22:33:31
21458,0.17,21.458,167.76959642091526,4422159990,2026-06-26 22:33:53.097593,26/06/26,22:33:53
21437,0.17,21.437,167.93394598124738,4422181427,2026-06-26 22:34:14.534593,26/06/26,22:34:14
21532,0.17,21.532,167.19301504737135,4422202959,2026-06-26 22:34:36.066593,26/06/26,22:34:36
21446,0.17,21.446,167.86347104355124,4422224405,2026-06-26 22:34:57.512593,26/06/26,22:34:57
21654,0.17,21.654,166.25103906899417,4422246059,2026-06-26 22:35:19.166593,26/06/26,22:35:19
21564,0.17,21.564,166.9449081803005,4422267623,2026-06-26 22:35:40.730593,26/06/26,22:35:40
21680,0.17,21.68,166.05166051660515,4422289303,2026-06-26 22:36:02.410593,26/06/26,22:36:2
21609,0.17,21.609,166.5972511453561,4422310912,2026-06-26 22:36:24.019593,26/06/26,22:36:24
21815,0.17,21.815,165.0240660096264,4422332727,2026-06-26 22:36:45.834593,26/06/26,22:36:45
21683,0.17,21.683,166.0286860674261,4422354410,2026-06-26 22:37:07.517593,26/06/26,22:37:7
21805,0.17,21.805,165.09974776427424,4422376215,2026-06-26 22:37:29.322593,26/06/26,22:37:29
21925,0.16,21.925,164.19612314709235,4422398140,2026-06-26 22:37:51.247593,26/06/26,22:37:51
21832,0.16,21.832,164.89556614144377,4422419972,2026-06-26 22:38:13.079593,26/06/26,22:38:13
21700,0.17,21.7,165.89861751152074,4422441672,2026-06-26 22:38:34.779593,26/06/26,22:38:34
21745,0.17,21.745,165.55530006898138,4422463417,2026-06-26 22:38:56.524593,26/06/26,22:38:56
21771,0.17,21.771,165.35758577924761,4422485188,2026-06-26 22:39:18.295593,26/06/26,22:39:18
21806,0.17,21.806,165.09217646519306,4422506994,2026-06-26 22:39:40.101593,26/06/26,22:39:40
21961,0.16,21.961,163.9269614316288,4422528955,2026-06-26 22:40:02.062593,26/06/26,22:40:2
22041,0.16,22.041,163.33197223356473,4422550996,2026-06-26 22:40:24.103593,26/06/26,22:40:24
22282,0.16,22.282,161.5653891033121,4422573278,2026-06-26 22:40:46.385593,26/06/26,22:40:46
22117,0.16,22.117,162.77071935615137,4422595395,2026-06-26 22:41:08.502593,26/06/26,22:41:8
22040,0.16,22.04,163.3393829401089,4422617435,2026-06-26 22:41:30.542593,26/06/26,22:41:30
22071,0.16,22.071,163.10996330025824,4422639506,2026-06-26 22:41:52.613593,26/06/26,22:41:52
22233,0.16,22.233,161.92146808797733,4422661739,2026-06-26 22:42:14.846593,26/06/26,22:42:14
21800,0.17,21.8,165.13761467889907,4422683539,2026-06-26 22:42:36.646593,26/06/26,22:42:36
20613,0.17,20.613,174.64706738466018,4422704152,2026-06-26 22:42:57.259593,26/06/26,22:42:57
21750,0.17,21.75,165.51724137931035,4422725902,2026-06-26 22:43:19.009593,26/06/26,22:43:19
21813,0.17,21.813,165.03919680924218,4422747715,2026-06-26 22:43:40.822593,26/06/26,22:43:40
21781,0.17,21.781,165.28166750837886,4422769496,2026-06-26 22:44:02.603593,26/06/26,22:44:2
21956,0.16,21.956,163.96429222080525,4422791452,2026-06-26 22:44:24.559593,26/06/26,22:44:24
21876,0.16,21.876,164.56390565002744,4422813328,2026-06-26 22:44:46.435593,26/06/26,22:44:46
21897,0.16,21.897,164.40608302507192,4422835225,2026-06-26 22:45:08.332593,26/06/26,22:45:8
21829,0.16,21.829,164.9182280452609,4422857054,2026-06-26 22:45:30.161593,26/06/26,22:45:30
21835,0.16,21.835,164.87291046485,4422878889,2026-06-26 22:45:51.996593,26/06/26,22:45:51
21933,0.16,21.933,164.13623307345097,4422900822,2026-06-26 22:46:13.929593,26/06/26,22:46:13
21734,0.17,21.734,165.6390908254348,4422922556,2026-06-26 22:46:35.663593,26/06/26,22:46:35
21538,0.17,21.538,167.14643885226113,4422944094,2026-06-26 22:46:57.201593,26/06/26,22:46:57
21769,0.17,21.769,165.37277780329828,4422965863,2026-06-26 22:47:18.970593,26/06/26,22:47:18
21793,0.17,21.793,165.19065755058963,4422987656,2026-06-26 22:47:40.763593,26/06/26,22:47:40
13111,0.27,13.111,274.57859812371294,4423000767,2026-06-26 22:47:53.874593,26/06/26,22:47:53
14442,0.25,14.442,249.27295388450352,4423015209,2026-06-26 22:48:08.316593,26/06/26,22:48:8
14420,0.25,14.42,249.65325936199721,4423029629,2026-06-26 22:48:22.736593,26/06/26,22:48:22
14402,0.25,14.402,249.96528259963893,4423044031,2026-06-26 22:48:37.138593,26/06/26,22:48:37
14377,0.25,14.377,250.39994435556792,4423058408,2026-06-26 22:48:51.515593,26/06/26,22:48:51
14440,0.25,14.44,249.30747922437672,4423072848,2026-06-26 22:49:05.955593,26/06/26,22:49:5
14554,0.25,14.554,247.35467912601348,4423087402,2026-06-26 22:49:20.509593,26/06/26,22:49:20
14612,0.25,14.612,246.37284423761292,4423102014,2026-06-26 22:49:35.121593,26/06/26,22:49:35
14665,0.25,14.665,245.48244118649848,4423116679,2026-06-26 22:49:49.786593,26/06/26,22:49:49
14671,0.25,14.671,245.3820462136187,4423131350,2026-06-26 22:50:04.457593,26/06/26,22:50:4
14731,0.24,14.731,244.38259452854524,4423146081,2026-06-26 22:50:19.188593,26/06/26,22:50:19
14823,0.24,14.823,242.86581663630844,4423160904,2026-06-26 22:50:34.011593,26/06/26,22:50:34
14854,0.24,14.854,242.358960549347,4423175758,2026-06-26 22:50:48.865593,26/06/26,22:50:48
14716,0.24,14.716,244.63169339494428,4423190474,2026-06-26 22:51:03.581593,26/06/26,22:51:3
14863,0.24,14.863,242.2122048038754,4423205337,2026-06-26 22:51:18.444593,26/06/26,22:51:18
14847,0.24,14.847,242.4732269145282,4423220184,2026-06-26 22:51:33.291593,26/06/26,22:51:33
14945,0.24,14.945,240.88323854131818,4423235129,2026-06-26 22:51:48.236593,26/06/26,22:51:48
14909,0.24,14.909,241.46488698101817,4423250038,2026-06-26 22:52:03.145593,26/06/26,22:52:3
15028,0.24,15.028,239.55283470854405,4423265066,2026-06-26 22:52:18.173593,26/06/26,22:52:18
15040,0.24,15.04,239.36170212765958,4423280106,2026-06-26 22:52:33.213593,26/06/26,22:52:33
15092,0.24,15.092,238.53697323085078,4423295198,2026-06-26 22:52:48.305593,26/06/26,22:52:48
15124,0.24,15.124,238.03226659613858,4423310322,2026-06-26 22:53:03.429593,26/06/26,22:53:3
15228,0.24,15.228,236.4066193853428,4423325550,2026-06-26 22:53:18.657593,26/06/26,22:53:18
15250,0.24,15.25,236.0655737704918,4423340800,2026-06-26 22:53:33.907593,26/06/26,22:53:33
15254,0.24,15.254,236.00367116821818,4423356054,2026-06-26 22:53:49.161593,26/06/26,22:53:49
15219,0.24,15.219,236.54642223536368,4423371273,2026-06-26 22:54:04.380593,26/06/26,22:54:4
15355,0.23,15.355,234.45131878866817,4423386628,2026-06-26 22:54:19.735593,26/06/26,22:54:19
15409,0.23,15.409,233.62969693036538,4423402037,2026-06-26 22:54:35.144593,26/06/26,22:54:35
15474,0.23,15.474,232.64831329972858,4423417511,2026-06-26 22:54:50.618593,26/06/26,22:54:50
15499,0.23,15.499,232.27304987418543,4423433010,2026-06-26 22:55:06.117593,26/06/26,22:55:6
15508,0.23,15.508,232.13825122517412,4423448518,2026-06-26 22:55:21.625593,26/06/26,22:55:21
15534,0.23,15.534,231.7497103128621,4423464052,2026-06-26 22:55:37.159593,26/06/26,22:55:37
22021,0.16,22.021,163.48031424549293,4423486073,2026-06-26 22:55:59.180593,26/06/26,22:55:59
22331,0.16,22.331,161.2108727777529,4423508404,2026-06-26 22:56:21.511593,26/06/26,22:56:21
22278,0.16,22.278,161.59439806086723,4423530682,2026-06-26 22:56:43.789593,26/06/26,22:56:43
22161,0.16,22.161,162.4475429809124,4423552843,2026-06-26 22:57:05.950593,26/06/26,22:57:5
22292,0.16,22.292,161.49291225551767,4423575135,2026-06-26 22:57:28.242593,26/06/26,22:57:28
22287,0.16,22.287,161.5291425494683,4423597422,2026-06-26 22:57:50.529593,26/06/26,22:57:50
22179,0.16,22.179,162.3157040443663,4423619601,2026-06-26 22:58:12.708593,26/06/26,22:58:12
22244,0.16,22.244,161.84139543247616,4423641845,2026-06-26 22:58:34.952593,26/06/26,22:58:34
21257,0.17,21.257,169.35597685468315,4423663102,2026-06-26 22:58:56.209593,26/06/26,22:58:56
21544,0.17,21.544,167.09988860007428,4423684646,2026-06-26 22:59:17.753593,26/06/26,22:59:17
21845,0.16,21.845,164.79743648432137,4423706491,2026-06-26 22:59:39.598593,26/06/26,22:59:39
22025,0.16,22.025,163.4506242905789,4423728516,2026-06-26 23:00:01.623593,26/06/26,23:0:1
22266,0.16,22.266,161.68148746968473,4423750782,2026-06-26 23:00:23.889593,26/06/26,23:0:23
22228,0.16,22.228,161.95789094835342,4423773010,2026-06-26 23:00:46.117593,26/06/26,23:0:46
22131,0.16,22.131,162.6677511183408,4423795141,2026-06-26 23:01:08.248593,26/06/26,23:1:8
22123,0.16,22.123,162.7265741535958,4423817264,2026-06-26 23:01:30.371593,26/06/26,23:1:30
22002,0.16,22.002,163.6214889555495,4423839266,2026-06-26 23:01:52.373593,26/06/26,23:1:52
22154,0.16,22.154,162.49887153561434,4423861420,2026-06-26 23:02:14.527593,26/06/26,23:2:14
22179,0.16,22.179,162.3157040443663,4423883599,2026-06-26 23:02:36.706593,26/06/26,23:2:36
22231,0.16,22.231,161.9360352660699,4423905830,2026-06-26 23:02:58.937593,26/06/26,23:2:58
22287,0.16,22.287,161.5291425494683,4423928117,2026-06-26 23:03:21.224593,26/06/26,23:3:21
22327,0.16,22.327,161.2397545572625,4423950444,2026-06-26 23:03:43.551593,26/06/26,23:3:43
22240,0.16,22.24,161.8705035971223,4423972684,2026-06-26 23:04:05.791593,26/06/26,23:4:5
22247,0.16,22.247,161.81957117813639,4423994931,2026-06-26 23:04:28.038593,26/06/26,23:4:28
22276,0.16,22.276,161.60890644639971,4424017207,2026-06-26 23:04:50.314593,26/06/26,23:4:50
22204,0.16,22.204,162.13294901819492,4424039411,2026-06-26 23:05:12.518593,26/06/26,23:5:12
22293,0.16,22.293,161.48566814695195,4424061704,2026-06-26 23:05:34.811593,26/06/26,23:5:34
22109,0.16,22.109,162.8296168980958,4424083813,2026-06-26 23:05:56.920593,26/06/26,23:5:56
22264,0.16,22.264,161.69601149838303,4424106077,2026-06-26 23:06:19.184593,26/06/26,23:6:19
22265,0.16,22.265,161.6887491578711,4424128342,2026-06-26 23:06:41.449593,26/06/26,23:6:41
22267,0.16,22.267,161.674226433736,4424150609,2026-06-26 23:07:03.716593,26/06/26,23:7:3
22428,0.16,22.428,160.51364365971108,4424173037,2026-06-26 23:07:26.144593,26/06/26,23:7:26
22410,0.16,22.41,160.6425702811245,4424195447,2026-06-26 23:07:48.554593,26/06/26,23:7:48
22323,0.16,22.323,161.26864668727322,4424217770,2026-06-26 23:08:10.877593,26/06/26,23:8:10
22346,0.16,22.346,161.1026581938602,4424240116,2026-06-26 23:08:33.223593,26/06/26,23:8:33
22218,0.16,22.218,162.03078584931137,4424262334,2026-06-26 23:08:55.441593,26/06/26,23:8:55
22411,0.16,22.411,160.63540225781983,4424284745,2026-06-26 23:09:17.852593,26/06/26,23:9:17
22381,0.16,22.381,160.85072159420938,4424307126,2026-06-26 23:09:40.233593,26/06/26,23:9:40
22306,0.16,22.306,161.3915538420156,4424329432,2026-06-26 23:10:02.539593,26/06/26,23:10:2
22407,0.16,22.407,160.66407818985138,4424351839,2026-06-26 23:10:24.946593,26/06/26,23:10:24
22368,0.16,22.368,160.94420600858368,4424374207,2026-06-26 23:10:47.314593,26/06/26,23:10:47
22287,0.16,22.287,161.5291425494683,4424396494,2026-06-26 23:11:09.601593,26/06/26,23:11:9
22252,0.16,22.252,161.78321049793277,4424418746,2026-06-26 23:11:31.853593,26/06/26,23:11:31
22162,0.16,22.162,162.44021297716813,4424440908,2026-06-26 23:11:54.015593,26/06/26,23:11:54
22363,0.16,22.363,160.98019049322542,4424463271,2026-06-26 23:12:16.378593,26/06/26,23:12:16
22332,0.16,22.332,161.20365394948954,4424485603,2026-06-26 23:12:38.710593,26/06/26,23:12:38
22232,0.16,22.232,161.92875134940627,4424507835,2026-06-26 23:13:00.942593,26/06/26,23:13:0
22310,0.16,22.31,161.36261766024205,4424530145,2026-06-26 23:13:23.252593,26/06/26,23:13:23
22342,0.16,22.342,161.13150120848627,4424552487,2026-06-26 23:13:45.594593,26/06/26,23:13:45
22221,0.16,22.221,162.00891049007694,4424574708,2026-06-26 23:14:07.815593,26/06/26,23:14:7
22393,0.16,22.393,160.76452462823204,4424597101,2026-06-26 23:14:30.208593,26/06/26,23:14:30
22522,0.16,22.522,159.84370837403426,4424619623,2026-06-26 23:14:52.730593,26/06/26,23:14:52
36668,0.1,36.668,98.17824806370677,4424656291,2026-06-26 23:15:29.398593,26/06/26,23:15:29
37687,0.09,37.687,95.5236553718789,4424693978,2026-06-26 23:16:07.085593,26/06/26,23:16:7
37810,0.09,37.81,95.21290663845544,4424731788,2026-06-26 23:16:44.895593,26/06/26,23:16:44
37661,0.09,37.661,95.58960197551843,4424769449,2026-06-26 23:17:22.556593,26/06/26,23:17:22
37651,0.09,37.651,95.61499030570238,4424807100,2026-06-26 23:18:00.207593,26/06/26,23:18:0
38081,0.09,38.081,94.53533258055198,4424845181,2026-06-26 23:18:38.288593,26/06/26,23:18:38
38078,0.09,38.078,94.54278060822523,4424883259,2026-06-26 23:19:16.366593,26/06/26,23:19:16
37957,0.09,37.957,94.84416576652528,4424921216,2026-06-26 23:19:54.323593,26/06/26,23:19:54
37880,0.09,37.88,95.03695881731785,4424959096,2026-06-26 23:20:32.203593,26/06/26,23:20:32
36417,0.1,36.417,98.85493038965319,4424995513,2026-06-26 23:21:08.620593,26/06/26,23:21:8
36813,0.1,36.813,97.79154103170076,4425032326,2026-06-26 23:21:45.433593,26/06/26,23:21:45
36706,0.1,36.706,98.07660872881817,4425069032,2026-06-26 23:22:22.139593,26/06/26,23:22:22
30559,0.12,30.559,117.80490199286626,4425099591,2026-06-26 23:22:52.698593,26/06/26,23:22:52
20071,0.18,20.071,179.3632604254895,4425119662,2026-06-26 23:23:12.769593,26/06/26,23:23:12
19940,0.18,19.94,180.54162487462386,4425139602,2026-06-26 23:23:32.709593,26/06/26,23:23:32
19859,0.18,19.859,181.27800997029055,4425159461,2026-06-26 23:23:52.568593,26/06/26,23:23:52
20030,0.18,20.03,179.73040439340988,4425179491,2026-06-26 23:24:12.598593,26/06/26,23:24:12
20190,0.18,20.19,178.30609212481426,4425199681,2026-06-26 23:24:32.788593,26/06/26,23:24:32
20201,0.18,20.201,178.20899955447751,4425219882,2026-06-26 23:24:52.989593,26/06/26,23:24:52
20377,0.18,20.377,176.6697747460372,4425240259,2026-06-26 23:25:13.366593,26/06/26,23:25:13
15030,0.24,15.03,239.52095808383234,4425255289,2026-06-26 23:25:28.396593,26/06/26,23:25:28
10692,0.34,10.692,336.7003367003367,4425265981,2026-06-26 23:25:39.088593,26/06/26,23:25:39
12290,0.29,12.29,292.9210740439382,4425278271,2026-06-26 23:25:51.378593,26/06/26,23:25:51
12162,0.3,12.162,296.0039467192896,4425290433,2026-06-26 23:26:03.540593,26/06/26,23:26:3
12155,0.3,12.155,296.1744138214726,4425302588,2026-06-26 23:26:15.695593,26/06/26,23:26:15
12130,0.3,12.13,296.7848309975268,4425314718,2026-06-26 23:26:27.825593,26/06/26,23:26:27
12174,0.29,12.174,295.7121734844751,4425326892,2026-06-26 23:26:39.999593,26/06/26,23:26:39
12123,0.3,12.123,296.9561989606533,4425339015,2026-06-26 23:26:52.122593,26/06/26,23:26:52
11531,0.31,11.531,312.2018905558928,4425350546,2026-06-26 23:27:03.653593,26/06/26,23:27:3
11417,0.31,11.417,315.3192607515109,4425361963,2026-06-26 23:27:15.070593,26/06/26,23:27:15
11494,0.31,11.494,313.20689055159215,4425373457,2026-06-26 23:27:26.564593,26/06/26,23:27:26
11535,0.31,11.535,312.09362808842656,4425384992,2026-06-26 23:27:38.099593,26/06/26,23:27:38
11563,0.31,11.563,311.3378880913258,4425396555,2026-06-26 23:27:49.662593,26/06/26,23:27:49
11437,0.31,11.437,314.76785870420565,4425407992,2026-06-26 23:28:01.099593,26/06/26,23:28:1
11558,0.31,11.558,311.4725731095345,4425419550,2026-06-26 23:28:12.657593,26/06/26,23:28:12
11561,0.31,11.561,311.39174811867485,4425431111,2026-06-26 23:28:24.218593,26/06/26,23:28:24
11571,0.31,11.571,311.122634171636,4425442682,2026-06-26 23:28:35.789593,26/06/26,23:28:35
11627,0.31,11.627,309.6241506837533,4425454309,2026-06-26 23:28:47.416593,26/06/26,23:28:47
11522,0.31,11.522,312.4457559451484,4425465831,2026-06-26 23:28:58.938593,26/06/26,23:28:58
11608,0.31,11.608,310.13094417643003,4425477439,2026-06-26 23:29:10.546593,26/06/26,23:29:10
11655,0.31,11.655,308.88030888030886,4425489094,2026-06-26 23:29:22.201593,26/06/26,23:29:22
11649,0.31,11.649,309.03940252382176,4425500743,2026-06-26 23:29:33.850593,26/06/26,23:29:33
11638,0.31,11.638,309.33150025777627,4425512381,2026-06-26 23:29:45.488593,26/06/26,23:29:45
11588,0.31,11.588,310.66620642043495,4425523969,2026-06-26 23:29:57.076593,26/06/26,23:29:57
11654,0.31,11.654,308.9068131113781,4425535623,2026-06-26 23:30:08.730593,26/06/26,23:30:8
11695,0.31,11.695,307.823856348867,4425547318,2026-06-26 23:30:20.425593,26/06/26,23:30:20
11696,0.31,11.696,307.797537619699,4425559014,2026-06-26 23:30:32.121593,26/06/26,23:30:32
11671,0.31,11.671,308.45685888098706,4425570685,2026-06-26 23:30:43.792593,26/06/26,23:30:43
11533,0.31,11.533,312.1477499349692,4425582218,2026-06-26 23:30:55.325593,26/06/26,23:30:55
13211,0.27,13.211,272.50018923624253,4425595429,2026-06-26 23:31:08.536593,26/06/26,23:31:8
13131,0.27,13.131,274.16038382453735,4425608560,2026-06-26 23:31:21.667593,26/06/26,23:31:21
13161,0.27,13.161,273.5354456348302,4425621721,2026-06-26 23:31:34.828593,26/06/26,23:31:34
13228,0.27,13.228,272.1499848805564,4425634949,2026-06-26 23:31:48.056593,26/06/26,23:31:48
13134,0.27,13.134,274.09776153494744,4425648083,2026-06-26 23:32:01.190593,26/06/26,23:32:1
13258,0.27,13.258,271.53416804947955,4425661341,2026-06-26 23:32:14.448593,26/06/26,23:32:14
13267,0.27,13.267,271.34996608125425,4425674608,2026-06-26 23:32:27.715593,26/06/26,23:32:27
13222,0.27,13.222,272.27348358795945,4425687830,2026-06-26 23:32:40.937593,26/06/26,23:32:40
13253,0.27,13.253,271.6366105787369,4425701083,2026-06-26 23:32:54.190593,26/06/26,23:32:54
13405,0.27,13.405,268.55650876538607,4425714488,2026-06-26 23:33:07.595593,26/06/26,23:33:7
13364,0.27,13.364,269.3804250224484,4425727852,2026-06-26 23:33:20.959593,26/06/26,23:33:20
13358,0.27,13.358,269.5014223686181,4425741210,2026-06-26 23:33:34.317593,26/06/26,23:33:34
13467,0.27,13.467,267.32011583871684,4425754677,2026-06-26 23:33:47.784593,26/06/26,23:33:47
13378,0.27,13.378,269.09851995814023,4425768055,2026-06-26 23:34:01.162593,26/06/26,23:34:1
13482,0.27,13.482,267.022696929239,4425781537,2026-06-26 23:34:14.644593,26/06/26,23:34:14
13425,0.27,13.425,268.1564245810056,4425794962,2026-06-26 23:34:28.069593,26/06/26,23:34:28
13395,0.27,13.395,268.7569988801792,4425808357,2026-06-26 23:34:41.464593,26/06/26,23:34:41
13377,0.27,13.377,269.11863646557526,4425821734,2026-06-26 23:34:54.841593,26/06/26,23:34:54
13355,0.27,13.355,269.5619618120554,4425835089,2026-06-26 23:35:08.196593,26/06/26,23:35:8
13345,0.27,13.345,269.7639565380292,4425848434,2026-06-26 23:35:21.541593,26/06/26,23:35:21
13385,0.27,13.385,268.957788569294,4425861819,2026-06-26 23:35:34.926593,26/06/26,23:35:34
13423,0.27,13.423,268.1963793488788,4425875242,2026-06-26 23:35:48.349593,26/06/26,23:35:48
13284,0.27,13.284,271.00271002710025,4425888526,2026-06-26 23:36:01.633593,26/06/26,23:36:1
13364,0.27,13.364,269.3804250224484,4425901890,2026-06-26 23:36:14.997593,26/06/26,23:36:14
13208,0.27,13.208,272.56208358570564,4425915098,2026-06-26 23:36:28.205593,26/06/26,23:36:28
13202,0.27,13.202,272.6859566732313,4425928300,2026-06-26 23:36:41.407593,26/06/26,23:36:41
13187,0.27,13.187,272.9961325547888,4425941487,2026-06-26 23:36:54.594593,26/06/26,23:36:54
13382,0.27,13.382,269.018083993424,4425954869,2026-06-26 23:37:07.976593,26/06/26,23:37:7
13432,0.27,13.432,268.01667659321026,4425968301,2026-06-26 23:37:21.408593,26/06/26,23:37:21
13414,0.27,13.414,268.3763232443716,4425981715,2026-06-26 23:37:34.822593,26/06/26,23:37:34
13438,0.27,13.438,267.8970084834053,4425995153,2026-06-26 23:37:48.260593,26/06/26,23:37:48
13383,0.27,13.383,268.9979825151311,4426008536,2026-06-26 23:38:01.643593,26/06/26,23:38:1
13451,0.27,13.451,267.63809382202066,4426021987,2026-06-26 23:38:15.094593,26/06/26,23:38:15
13424,0.27,13.424,268.17640047675803,4426035411,2026-06-26 23:38:28.518593,26/06/26,23:38:28
13460,0.27,13.46,267.4591381872214,4426048871,2026-06-26 23:38:41.978593,26/06/26,23:38:41
13409,0.27,13.409,268.47639645014544,4426062280,2026-06-26 23:38:55.387593,26/06/26,23:38:55
13495,0.27,13.495,266.7654686921082,4426075775,2026-06-26 23:39:08.882593,26/06/26,23:39:8
13467,0.27,13.467,267.32011583871684,4426089242,2026-06-26 23:39:22.349593,26/06/26,23:39:22
13451,0.27,13.451,267.63809382202066,4426102693,2026-06-26 23:39:35.800593,26/06/26,23:39:35
13438,0.27,13.438,267.8970084834053,4426116131,2026-06-26 23:39:49.238593,26/06/26,23:39:49
13365,0.27,13.365,269.36026936026934,4426129496,2026-06-26 23:40:02.603593,26/06/26,23:40:2
13399,0.27,13.399,268.6767669229047,4426142895,2026-06-26 23:40:16.002593,26/06/26,23:40:16
13408,0.27,13.408,268.49642004773267,4426156303,2026-06-26 23:40:29.410593,26/06/26,23:40:29
13416,0.27,13.416,268.33631484794273,4426169719,2026-06-26 23:40:42.826593,26/06/26,23:40:42
13324,0.27,13.324,270.1891323926749,4426183043,2026-06-26 23:40:56.150593,26/06/26,23:40:56
13443,0.27,13.443,267.79736665922786,4426196486,2026-06-26 23:41:09.593593,26/06/26,23:41:9
13462,0.27,13.462,267.41940276333384,4426209948,2026-06-26 23:41:23.055593,26/06/26,23:41:23
13468,0.27,13.468,267.3002673002673,4426223416,2026-06-26 23:41:36.523593,26/06/26,23:41:36
13527,0.27,13.527,266.13439787092483,4426236943,2026-06-26 23:41:50.050593,26/06/26,23:41:50
13377,0.27,13.377,269.11863646557526,4426250320,2026-06-26 23:42:03.427593,26/06/26,23:42:3
13476,0.27,13.476,267.1415850400712,4426263796,2026-06-26 23:42:16.903593,26/06/26,23:42:16
13463,0.27,13.463,267.3995394785709,4426277259,2026-06-26 23:42:30.366593,26/06/26,23:42:30
13193,0.27,13.193,272.8719775638596,4426290452,2026-06-26 23:42:43.559593,26/06/26,23:42:43
13242,0.27,13.242,271.8622564567286,4426303694,2026-06-26 23:42:56.801593,26/06/26,23:42:56
13351,0.27,13.351,269.64272339150625,4426317045,2026-06-26 23:43:10.152593,26/06/26,23:43:10
13387,0.27,13.387,268.917606633301,4426330432,2026-06-26 23:43:23.539593,26/06/26,23:43:23
13393,0.27,13.393,268.79713283058317,4426343825,2026-06-26 23:43:36.932593,26/06/26,23:43:36
13416,0.27,13.416,268.33631484794273,4426357241,2026-06-26 23:43:50.348593,26/06/26,23:43:50
13376,0.27,13.376,269.1387559808612,4426370617,2026-06-26 23:44:03.724593,26/06/26,23:44:3
13439,0.27,13.439,267.8770741870675,4426384056,2026-06-26 23:44:17.163593,26/06/26,23:44:17
13426,0.27,13.426,268.13645166095637,4426397482,2026-06-26 23:44:30.589593,26/06/26,23:44:30
13441,0.27,13.441,267.8372144929693,4426410923,2026-06-26 23:44:44.030593,26/06/26,23:44:44
13307,0.27,13.307,270.53430525287445,4426424230,2026-06-26 23:44:57.337593,26/06/26,23:44:57
13382,0.27,13.382,269.018083993424,4426437612,2026-06-26 23:45:10.719593,26/06/26,23:45:10
13465,0.27,13.465,267.35982176011885,4426451077,2026-06-26 23:45:24.184593,26/06/26,23:45:24
13423,0.27,13.423,268.1963793488788,4426464500,2026-06-26 23:45:37.607593,26/06/26,23:45:37
13428,0.27,13.428,268.0965147453083,4426477928,2026-06-26 23:45:51.035593,26/06/26,23:45:51
13445,0.27,13.445,267.7575306805504,4426491373,2026-06-26 23:46:04.480593,26/06/26,23:46:4
13468,0.27,13.468,267.3002673002673,4426504841,2026-06-26 23:46:17.948593,26/06/26,23:46:17
13506,0.27,13.506,266.5482007996446,4426518347,2026-06-26 23:46:31.454593,26/06/26,23:46:31
13510,0.27,13.51,266.46928201332344,4426531857,2026-06-26 23:46:44.964593,26/06/26,23:46:44
13355,0.27,13.355,269.5619618120554,4426545212,2026-06-26 23:46:58.319593,26/06/26,23:46:58
13402,0.27,13.402,268.6166243844202,4426558614,2026-06-26 23:47:11.721593,26/06/26,23:47:11
13400,0.27,13.4,268.65671641791045,4426572014,2026-06-26 23:47:25.121593,26/06/26,23:47:25
13420,0.27,13.42,268.2563338301043,4426585434,2026-06-26 23:47:38.541593,26/06/26,23:47:38
13357,0.27,13.357,269.5215991614884,4426598791,2026-06-26 23:47:51.898593,26/06/26,23:47:51
13374,0.27,13.374,269.17900403768505,4426612165,2026-06-26 23:48:05.272593,26/06/26,23:48:5
13388,0.27,13.388,268.897520167314,4426625553,2026-06-26 23:48:18.660593,26/06/26,23:48:18
13401,0.27,13.401,268.63666890530556,4426638954,2026-06-26 23:48:32.061593,26/06/26,23:48:32
13286,0.27,13.286,270.9619147975312,4426652240,2026-06-26 23:48:45.347593,26/06/26,23:48:45
13247,0.27,13.247,271.7596436929116,4426665487,2026-06-26 23:48:58.594593,26/06/26,23:48:58
13237,0.27,13.237,271.96494674019795,4426678724,2026-06-26 23:49:11.831593,26/06/26,23:49:11
13284,0.27,13.284,271.00271002710025,4426692008,2026-06-26 23:49:25.115593,26/06/26,23:49:25
13262,0.27,13.262,271.45226964258785,4426705270,2026-06-26 23:49:38.377593,26/06/26,23:49:38
13258,0.27,13.258,271.53416804947955,4426718528,2026-06-26 23:49:51.635593,26/06/26,23:49:51
13294,0.27,13.294,270.7988566270498,4426731822,2026-06-26 23:50:04.929593,26/06/26,23:50:4
13279,0.27,13.279,271.1047518638452,4426745101,2026-06-26 23:50:18.208593,26/06/26,23:50:18
13355,0.27,13.355,269.5619618120554,4426758456,2026-06-26 23:50:31.563593,26/06/26,23:50:31
13451,0.27,13.451,267.63809382202066,4426771907,2026-06-26 23:50:45.014593,26/06/26,23:50:45
13322,0.27,13.322,270.2296952409548,4426785229,2026-06-26 23:50:58.336593,26/06/26,23:50:58
13395,0.27,13.395,268.7569988801792,4426798624,2026-06-26 23:51:11.731593,26/06/26,23:51:11
13411,0.27,13.411,268.4363582134069,4426812035,2026-06-26 23:51:25.142593,26/06/26,23:51:25
13367,0.27,13.367,269.31996708311516,4426825402,2026-06-26 23:51:38.509593,26/06/26,23:51:38
13362,0.27,13.362,269.4207453973956,4426838764,2026-06-26 23:51:51.871593,26/06/26,23:51:51
13426,0.27,13.426,268.13645166095637,4426852190,2026-06-26 23:52:05.297593,26/06/26,23:52:5
13426,0.27,13.426,268.13645166095637,4426865616,2026-06-26 23:52:18.723593,26/06/26,23:52:18
13428,0.27,13.428,268.0965147453083,4426879044,2026-06-26 23:52:32.151593,26/06/26,23:52:32
13439,0.27,13.439,267.8770741870675,4426892483,2026-06-26 23:52:45.590593,26/06/26,23:52:45
13489,0.27,13.489,266.8841278078434,4426905972,2026-06-26 23:52:59.079593,26/06/26,23:52:59
13554,0.26,13.554,265.6042496679947,4426919526,2026-06-26 23:53:12.633593,26/06/26,23:53:12
13563,0.26,13.563,265.42800265428,4426933089,2026-06-26 23:53:26.196593,26/06/26,23:53:26
13534,0.26,13.534,265.9967489286242,4426946623,2026-06-26 23:53:39.730593,26/06/26,23:53:39
13527,0.27,13.527,266.13439787092483,4426960150,2026-06-26 23:53:53.257593,26/06/26,23:53:53
13558,0.26,13.558,265.5258887741555,4426973708,2026-06-26 23:54:06.815593,26/06/26,23:54:6
13552,0.26,13.552,265.6434474616293,4426987260,2026-06-26 23:54:20.367593,26/06/26,23:54:20
13573,0.26,13.573,265.2324467693214,4427000833,2026-06-26 23:54:33.940593,26/06/26,23:54:33
13631,0.26,13.631,264.10388085980486,4427014464,2026-06-26 23:54:47.571593,26/06/26,23:54:47
13604,0.26,13.604,264.6280505733608,4427028068,2026-06-26 23:55:01.175593,26/06/26,23:55:1
13700,0.26,13.7,262.77372262773724,4427041768,2026-06-26 23:55:14.875593,26/06/26,23:55:14
13641,0.26,13.641,263.9102705080273,4427055409,2026-06-26 23:55:28.516593,26/06/26,23:55:28
13662,0.26,13.662,263.5046113306983,4427069071,2026-06-26 23:55:42.178593,26/06/26,23:55:42
13592,0.26,13.592,264.861683343143,4427082663,2026-06-26 23:55:55.770593,26/06/26,23:55:55
13686,0.26,13.686,263.042525208242,4427096349,2026-06-26 23:56:09.456593,26/06/26,23:56:9
13660,0.26,13.66,263.5431918008785,4427110009,2026-06-26 23:56:23.116593,26/06/26,23:56:23
13641,0.26,13.641,263.9102705080273,4427123650,2026-06-26 23:56:36.757593,26/06/26,23:56:36
13681,0.26,13.681,263.1386594547182,4427137331,2026-06-26 23:56:50.438593,26/06/26,23:56:50
13608,0.26,13.608,264.55026455026456,4427150939,2026-06-26 23:57:04.046593,26/06/26,23:57:4
13674,0.26,13.674,263.2733655111891,4427164613,2026-06-26 23:57:17.720593,26/06/26,23:57:17
13679,0.26,13.679,263.1771328313473,4427178292,2026-06-26 23:57:31.399593,26/06/26,23:57:31
13712,0.26,13.712,262.54375729288216,4427192004,2026-06-26 23:57:45.111593,26/06/26,23:57:45
10691,0.34,10.691,336.7318305116453,4427202695,2026-06-26 23:57:55.802593,26/06/26,23:57:55
10467,0.34,10.467,343.93809114359414,4427213162,2026-06-26 23:58:06.269593,26/06/26,23:58:6
10373,0.35,10.373,347.05485394774894,4427223535,2026-06-26 23:58:16.642593,26/06/26,23:58:16
10360,0.35,10.36,347.4903474903475,4427233895,2026-06-26 23:58:27.002593,26/06/26,23:58:27
10340,0.35,10.34,348.1624758220503,4427244235,2026-06-26 23:58:37.342593,26/06/26,23:58:37
10358,0.35,10.358,347.55744352191545,4427254593,2026-06-26 23:58:47.700593,26/06/26,23:58:47
10296,0.35,10.296,349.65034965034965,4427264889,2026-06-26 23:58:57.996593,26/06/26,23:58:57
10364,0.35,10.364,347.35623311462757,4427275253,2026-06-26 23:59:08.360593,26/06/26,23:59:8
10407,0.34,10.407,345.9210147016431,4427285660,2026-06-26 23:59:18.767593,26/06/26,23:59:18
10409,0.34,10.409,345.85454894802575,4427296069,2026-06-26 23:59:29.176593,26/06/26,23:59:29
10461,0.34,10.461,344.13535990823055,4427306530,2026-06-26 23:59:39.637593,26/06/26,23:59:39
10487,0.34,10.487,343.28215886335465,4427317017,2026-06-26 23:59:50.124593,26/06/26,23:59:50
