Interval,kWh,sec,Wh,cumul(ms),dates,days,heure
30415,0.12,30.415,118.36265000821963,13997608844,2026-04-28 00:00:25.122272,28/04/26,0:0:25
30234,0.12,30.234,119.07124429450288,13997639078,2026-04-28 00:00:55.356272,28/04/26,0:0:55
30310,0.12,30.31,118.77268228307489,13997669388,2026-04-28 00:01:25.666272,28/04/26,0:1:25
30010,0.12,30.01,119.96001332889037,13997699398,2026-04-28 00:01:55.676272,28/04/26,0:1:55
30352,0.12,30.352,118.60832894043226,13997729750,2026-04-28 00:02:26.028272,28/04/26,0:2:26
29914,0.12,29.914,120.34498896837601,13997759664,2026-04-28 00:02:55.942272,28/04/26,0:2:55
30417,0.12,30.417,118.35486734391952,13997790081,2026-04-28 00:03:26.359272,28/04/26,0:3:26
30376,0.12,30.376,118.514616802739,13997820457,2026-04-28 00:03:56.735272,28/04/26,0:3:56
30306,0.12,30.306,118.78835874084339,13997850763,2026-04-28 00:04:27.041272,28/04/26,0:4:27
30411,0.12,30.411,118.37821840781297,13997881174,2026-04-28 00:04:57.452272,28/04/26,0:4:57
30411,0.12,30.411,118.37821840781297,13997911585,2026-04-28 00:05:27.863272,28/04/26,0:5:27
30424,0.12,30.424,118.32763607678149,13997942009,2026-04-28 00:05:58.287272,28/04/26,0:5:58
30381,0.12,30.381,118.49511207662684,13997972390,2026-04-28 00:06:28.668272,28/04/26,0:6:28
30143,0.12,30.143,119.43071359851375,13998002533,2026-04-28 00:06:58.811272,28/04/26,0:6:58
30376,0.12,30.376,118.514616802739,13998032909,2026-04-28 00:07:29.187272,28/04/26,0:7:29
30652,0.12,30.652,117.4474748792901,13998063561,2026-04-28 00:07:59.839272,28/04/26,0:7:59
30907,0.12,30.907,116.47846766104766,13998094468,2026-04-28 00:08:30.746272,28/04/26,0:8:30
30647,0.12,30.647,117.46663621235358,13998125115,2026-04-28 00:09:01.393272,28/04/26,0:9:1
30741,0.12,30.741,117.10744608178004,13998155856,2026-04-28 00:09:32.134272,28/04/26,0:9:32
30895,0.12,30.895,116.5237093380806,13998186751,2026-04-28 00:10:03.029272,28/04/26,0:10:3
30873,0.12,30.873,116.6067437566806,13998217624,2026-04-28 00:10:33.902272,28/04/26,0:10:33
30759,0.12,30.759,117.0389154393836,13998248383,2026-04-28 00:11:04.661272,28/04/26,0:11:4
30910,0.12,30.91,116.46716273050792,13998279293,2026-04-28 00:11:35.571272,28/04/26,0:11:35
30710,0.12,30.71,117.22565939433409,13998310003,2026-04-28 00:12:06.281272,28/04/26,0:12:6
30937,0.12,30.937,116.36551701845687,13998340940,2026-04-28 00:12:37.218272,28/04/26,0:12:37
30551,0.12,30.551,117.83575005728127,13998371491,2026-04-28 00:13:07.769272,28/04/26,0:13:7
30987,0.12,30.987,116.17775196049956,13998402478,2026-04-28 00:13:38.756272,28/04/26,0:13:38
30997,0.12,30.997,116.14027163919089,13998433475,2026-04-28 00:14:09.753272,28/04/26,0:14:9
30958,0.12,30.958,116.28658182053104,13998464433,2026-04-28 00:14:40.711272,28/04/26,0:14:40
31630,0.11,31.63,113.81599747075562,13998496063,2026-04-28 00:15:12.341272,28/04/26,0:15:12
31549,0.11,31.549,114.10821262163618,13998527612,2026-04-28 00:15:43.890272,28/04/26,0:15:43
31707,0.11,31.707,113.53959693443089,13998559319,2026-04-28 00:16:15.597272,28/04/26,0:16:15
31556,0.11,31.556,114.08290024084168,13998590875,2026-04-28 00:16:47.153272,28/04/26,0:16:47
31233,0.12,31.233,115.26270291038325,13998622108,2026-04-28 00:17:18.386272,28/04/26,0:17:18
30221,0.12,30.221,119.12246451143245,13998652329,2026-04-28 00:17:48.607272,28/04/26,0:17:48
30953,0.12,30.953,116.3053662003683,13998683282,2026-04-28 00:18:19.560272,28/04/26,0:18:19
28958,0.12,28.958,124.31797776089509,13998712240,2026-04-28 00:18:48.518272,28/04/26,0:18:48
31164,0.12,31.164,115.51790527531767,13998743404,2026-04-28 00:19:19.682272,28/04/26,0:19:19
30714,0.12,30.714,117.2103926548154,13998774118,2026-04-28 00:19:50.396272,28/04/26,0:19:50
31321,0.11,31.321,114.93885891255069,13998805439,2026-04-28 00:20:21.717272,28/04/26,0:20:21
31263,0.12,31.263,115.15209672776125,13998836702,2026-04-28 00:20:52.980272,28/04/26,0:20:52
31366,0.11,31.366,114.7739590639546,13998868068,2026-04-28 00:21:24.346272,28/04/26,0:21:24
31033,0.12,31.033,116.00554248702994,13998899101,2026-04-28 00:21:55.379272,28/04/26,0:21:55
31268,0.12,31.268,115.13368299859282,13998930369,2026-04-28 00:22:26.647272,28/04/26,0:22:26
31045,0.12,31.045,115.96070220647447,13998961414,2026-04-28 00:22:57.692272,28/04/26,0:22:57
31230,0.12,31.23,115.27377521613833,13998992644,2026-04-28 00:23:28.922272,28/04/26,0:23:28
31440,0.11,31.44,114.50381679389314,13999024084,2026-04-28 00:24:00.362272,28/04/26,0:24:0
28814,0.12,28.814,124.93926563476089,13999052898,2026-04-28 00:24:29.176272,28/04/26,0:24:29
17014,0.21,17.014,211.59045491947808,13999069912,2026-04-28 00:24:46.190272,28/04/26,0:24:46
18507,0.19,18.507,194.5209920570595,13999088419,2026-04-28 00:25:04.697272,28/04/26,0:25:4
18537,0.19,18.537,194.20618223013432,13999106956,2026-04-28 00:25:23.234272,28/04/26,0:25:23
18453,0.19,18.453,195.09022923101935,13999125409,2026-04-28 00:25:41.687272,28/04/26,0:25:41
18670,0.19,18.67,192.822710230316,13999144079,2026-04-28 00:26:00.357272,28/04/26,0:26:0
18861,0.19,18.861,190.87004930809607,13999162940,2026-04-28 00:26:19.218272,28/04/26,0:26:19
18839,0.19,18.839,191.09294548542917,13999181779,2026-04-28 00:26:38.057272,28/04/26,0:26:38
18905,0.19,18.905,190.42581327691087,13999200684,2026-04-28 00:26:56.962272,28/04/26,0:26:56
19100,0.19,19.1,188.48167539267016,13999219784,2026-04-28 00:27:16.062272,28/04/26,0:27:16
19092,0.19,19.092,188.56065367693276,13999238876,2026-04-28 00:27:35.154272,28/04/26,0:27:35
19015,0.19,19.015,189.3242177228504,13999257891,2026-04-28 00:27:54.169272,28/04/26,0:27:54
19076,0.19,19.076,188.7188089746278,13999276967,2026-04-28 00:28:13.245272,28/04/26,0:28:13
19177,0.19,19.177,187.7248787610158,13999296144,2026-04-28 00:28:32.422272,28/04/26,0:28:32
19531,0.18,19.531,184.32235932619938,13999315675,2026-04-28 00:28:51.953272,28/04/26,0:28:51
19742,0.18,19.742,182.35234525377368,13999335417,2026-04-28 00:29:11.695272,28/04/26,0:29:11
19569,0.18,19.569,183.96443354284838,13999354986,2026-04-28 00:29:31.264272,28/04/26,0:29:31
19749,0.18,19.749,182.28771077016557,13999374735,2026-04-28 00:29:51.013272,28/04/26,0:29:51
19810,0.18,19.81,181.7264008076729,13999394545,2026-04-28 00:30:10.823272,28/04/26,0:30:10
19764,0.18,19.764,182.14936247723134,13999414309,2026-04-28 00:30:30.587272,28/04/26,0:30:30
19982,0.18,19.982,180.16214593133822,13999434291,2026-04-28 00:30:50.569272,28/04/26,0:30:50
19952,0.18,19.952,180.43303929430633,13999454243,2026-04-28 00:31:10.521272,28/04/26,0:31:10
19933,0.18,19.933,180.6050268399137,13999474176,2026-04-28 00:31:30.454272,28/04/26,0:31:30
20091,0.18,20.091,179.1847095714499,13999494267,2026-04-28 00:31:50.545272,28/04/26,0:31:50
21038,0.17,21.038,171.11892765472004,13999515305,2026-04-28 00:32:11.583272,28/04/26,0:32:11
31177,0.12,31.177,115.46973730634762,13999546482,2026-04-28 00:32:42.760272,28/04/26,0:32:42
31288,0.12,31.288,115.06008693428791,13999577770,2026-04-28 00:33:14.048272,28/04/26,0:33:14
31645,0.11,31.645,113.7620477168589,13999609415,2026-04-28 00:33:45.693272,28/04/26,0:33:45
31796,0.11,31.796,113.22178890426468,13999641211,2026-04-28 00:34:17.489272,28/04/26,0:34:17
31697,0.11,31.697,113.5754172319147,13999672908,2026-04-28 00:34:49.186272,28/04/26,0:34:49
32054,0.11,32.054,112.31047607162913,13999704962,2026-04-28 00:35:21.240272,28/04/26,0:35:21
31834,0.11,31.834,113.08663692906954,13999736796,2026-04-28 00:35:53.074272,28/04/26,0:35:53
32045,0.11,32.045,112.342019035731,13999768841,2026-04-28 00:36:25.119272,28/04/26,0:36:25
31642,0.11,31.642,113.77283357562733,13999800483,2026-04-28 00:36:56.761272,28/04/26,0:36:56
31890,0.11,31.89,112.88805268109125,13999832373,2026-04-28 00:37:28.651272,28/04/26,0:37:28
31820,0.11,31.82,113.13639220615964,13999864193,2026-04-28 00:38:00.471272,28/04/26,0:38:0
32051,0.11,32.051,112.32098842469814,13999896244,2026-04-28 00:38:32.522272,28/04/26,0:38:32
31777,0.11,31.777,113.2894861063033,13999928021,2026-04-28 00:39:04.299272,28/04/26,0:39:4
31924,0.11,31.924,112.76782358100489,13999959945,2026-04-28 00:39:36.223272,28/04/26,0:39:36
31685,0.11,31.685,113.6184314344327,13999991630,2026-04-28 00:40:07.908272,28/04/26,0:40:7
31938,0.11,31.938,112.71839188427579,14000023568,2026-04-28 00:40:39.846272,28/04/26,0:40:39
32116,0.11,32.116,112.09366048075725,14000055684,2026-04-28 00:41:11.962272,28/04/26,0:41:11
31997,0.11,31.997,112.51054786386224,14000087681,2026-04-28 00:41:43.959272,28/04/26,0:41:43
32025,0.11,32.025,112.41217798594847,14000119706,2026-04-28 00:42:15.984272,28/04/26,0:42:15
32019,0.11,32.019,112.43324276211,14000151725,2026-04-28 00:42:48.003272,28/04/26,0:42:48
31611,0.11,31.611,113.88440732656353,14000183336,2026-04-28 00:43:19.614272,28/04/26,0:43:19
32048,0.11,32.048,112.33150274588118,14000215384,2026-04-28 00:43:51.662272,28/04/26,0:43:51
31933,0.11,31.933,112.73604108602386,14000247317,2026-04-28 00:44:23.595272,28/04/26,0:44:23
31900,0.11,31.9,112.85266457680251,14000279217,2026-04-28 00:44:55.495272,28/04/26,0:44:55
31958,0.11,31.958,112.64785030352337,14000311175,2026-04-28 00:45:27.453272,28/04/26,0:45:27
29963,0.12,29.963,120.14818275873577,14000341138,2026-04-28 00:45:57.416272,28/04/26,0:45:57
29777,0.12,29.777,120.89868018940793,14000370915,2026-04-28 00:46:27.193272,28/04/26,0:46:27
29721,0.12,29.721,121.12647622892904,14000400636,2026-04-28 00:46:56.914272,28/04/26,0:46:56
30880,0.12,30.88,116.58031088082902,14000431516,2026-04-28 00:47:27.794272,28/04/26,0:47:27
30607,0.12,30.607,117.62015225275263,14000462123,2026-04-28 00:47:58.401272,28/04/26,0:47:58
31194,0.12,31.194,115.4068090017311,14000493317,2026-04-28 00:48:29.595272,28/04/26,0:48:29
30807,0.12,30.807,116.85655857434999,14000524124,2026-04-28 00:49:00.402272,28/04/26,0:49:0
31574,0.11,31.574,114.01786279850509,14000555698,2026-04-28 00:49:31.976272,28/04/26,0:49:31
36006,0.1,36.006,99.98333611064822,14000591704,2026-04-28 00:50:07.982272,28/04/26,0:50:7
38337,0.09,38.337,93.90406135065342,14000630041,2026-04-28 00:50:46.319272,28/04/26,0:50:46
38535,0.09,38.535,93.42156481121059,14000668576,2026-04-28 00:51:24.854272,28/04/26,0:51:24
38002,0.09,38.002,94.73185621809378,14000706578,2026-04-28 00:52:02.856272,28/04/26,0:52:2
38538,0.09,38.538,93.41429238673517,14000745116,2026-04-28 00:52:41.394272,28/04/26,0:52:41
38087,0.09,38.087,94.52044004515976,14000783203,2026-04-28 00:53:19.481272,28/04/26,0:53:19
38141,0.09,38.141,94.38661807503736,14000821344,2026-04-28 00:53:57.622272,28/04/26,0:53:57
38475,0.09,38.475,93.5672514619883,14000859819,2026-04-28 00:54:36.097272,28/04/26,0:54:36
38600,0.09,38.6,93.26424870466322,14000898419,2026-04-28 00:55:14.697272,28/04/26,0:55:14
38225,0.09,38.225,94.17920209287115,14000936644,2026-04-28 00:55:52.922272,28/04/26,0:55:52
38265,0.09,38.265,94.08075264602117,14000974909,2026-04-28 00:56:31.187272,28/04/26,0:56:31
37189,0.1,37.189,96.80281803759176,14001012098,2026-04-28 00:57:08.376272,28/04/26,0:57:8
37656,0.09,37.656,95.60229445506693,14001049754,2026-04-28 00:57:46.032272,28/04/26,0:57:46
37469,0.1,37.469,96.0794256585444,14001087223,2026-04-28 00:58:23.501272,28/04/26,0:58:23
37274,0.1,37.274,96.58206792938778,14001124497,2026-04-28 00:59:00.775272,28/04/26,0:59:0
37656,0.09,37.656,95.60229445506693,14001162153,2026-04-28 00:59:38.431272,28/04/26,0:59:38
37329,0.1,37.329,96.43976532990436,14001199482,2026-04-28 01:00:15.760272,28/04/26,1:0:15
37245,0.1,37.245,96.65726943213855,14001236727,2026-04-28 01:00:53.005272,28/04/26,1:0:53
37444,0.1,37.444,96.14357440444397,14001274171,2026-04-28 01:01:30.449272,28/04/26,1:1:30
37325,0.1,37.325,96.45010046885466,14001311496,2026-04-28 01:02:07.774272,28/04/26,1:2:7
37468,0.1,37.468,96.08198996476993,14001348964,2026-04-28 01:02:45.242272,28/04/26,1:2:45
37200,0.1,37.2,96.7741935483871,14001386164,2026-04-28 01:03:22.442272,28/04/26,1:3:22
37504,0.09,37.504,95.98976109215018,14001423668,2026-04-28 01:03:59.946272,28/04/26,1:3:59
37709,0.09,37.709,95.46792542894269,14001461377,2026-04-28 01:04:37.655272,28/04/26,1:4:37
37799,0.09,37.799,95.2406148310802,14001499176,2026-04-28 01:05:15.454272,28/04/26,1:5:15
37623,0.09,37.623,95.68614942987003,14001536799,2026-04-28 01:05:53.077272,28/04/26,1:5:53
38810,0.09,38.81,92.75959804174182,14001575609,2026-04-28 01:06:31.887272,28/04/26,1:6:31
38709,0.09,38.709,93.00162752848175,14001614318,2026-04-28 01:07:10.596272,28/04/26,1:7:10
39210,0.09,39.21,91.8133129303749,14001653528,2026-04-28 01:07:49.806272,28/04/26,1:7:49
39747,0.09,39.747,90.5728734244094,14001693275,2026-04-28 01:08:29.553272,28/04/26,1:8:29
39577,0.09,39.577,90.9619223286252,14001732852,2026-04-28 01:09:09.130272,28/04/26,1:9:9
39765,0.09,39.765,90.53187476423992,14001772617,2026-04-28 01:09:48.895272,28/04/26,1:9:48
39300,0.09,39.3,91.6030534351145,14001811917,2026-04-28 01:10:28.195272,28/04/26,1:10:28
40094,0.09,40.094,89.78899585972964,14001852011,2026-04-28 01:11:08.289272,28/04/26,1:11:8
38692,0.09,38.692,93.04248940349426,14001890703,2026-04-28 01:11:46.981272,28/04/26,1:11:46
36926,0.1,36.926,97.49228186101934,14001927629,2026-04-28 01:12:23.907272,28/04/26,1:12:23
38200,0.09,38.2,94.24083769633508,14001965829,2026-04-28 01:13:02.107272,28/04/26,1:13:2
38470,0.09,38.47,93.57941252924357,14002004299,2026-04-28 01:13:40.577272,28/04/26,1:13:40
38621,0.09,38.621,93.21353667693742,14002042920,2026-04-28 01:14:19.198272,28/04/26,1:14:19
18432,0.19,18.432,195.3125,14002061352,2026-04-28 01:14:37.630272,28/04/26,1:14:37
20983,0.17,20.983,171.56745937187247,14002082335,2026-04-28 01:14:58.613272,28/04/26,1:14:58
21032,0.17,21.032,171.1677443895017,14002103367,2026-04-28 01:15:19.645272,28/04/26,1:15:19
21028,0.17,21.028,171.20030435609664,14002124395,2026-04-28 01:15:40.673272,28/04/26,1:15:40
21115,0.17,21.115,170.49490883258346,14002145510,2026-04-28 01:16:01.788272,28/04/26,1:16:1
21509,0.17,21.509,167.37179785206192,14002167019,2026-04-28 01:16:23.297272,28/04/26,1:16:23
21511,0.17,21.511,167.356236344196,14002188530,2026-04-28 01:16:44.808272,28/04/26,1:16:44
21158,0.17,21.158,170.14840722185463,14002209688,2026-04-28 01:17:05.966272,28/04/26,1:17:5
20745,0.17,20.745,173.53579175704988,14002230433,2026-04-28 01:17:26.711272,28/04/26,1:17:26
20885,0.17,20.885,172.37251615992338,14002251318,2026-04-28 01:17:47.596272,28/04/26,1:17:47
21199,0.17,21.199,169.8193311005236,14002272517,2026-04-28 01:18:08.795272,28/04/26,1:18:8
21239,0.17,21.239,169.49950562644193,14002293756,2026-04-28 01:18:30.034272,28/04/26,1:18:30
21301,0.17,21.301,169.00614994601193,14002315057,2026-04-28 01:18:51.335272,28/04/26,1:18:51
21452,0.17,21.452,167.81652060413947,14002336509,2026-04-28 01:19:12.787272,28/04/26,1:19:12
21455,0.17,21.455,167.7930552318807,14002357964,2026-04-28 01:19:34.242272,28/04/26,1:19:34
21587,0.17,21.587,166.76703571594015,14002379551,2026-04-28 01:19:55.829272,28/04/26,1:19:55
21633,0.17,21.633,166.4124254611011,14002401184,2026-04-28 01:20:17.462272,28/04/26,1:20:17
21653,0.17,21.653,166.2587170369002,14002422837,2026-04-28 01:20:39.115272,28/04/26,1:20:39
21805,0.17,21.805,165.09974776427424,14002444642,2026-04-28 01:21:00.920272,28/04/26,1:21:0
21876,0.16,21.876,164.56390565002744,14002466518,2026-04-28 01:21:22.796272,28/04/26,1:21:22
21798,0.17,21.798,165.15276630883568,14002488316,2026-04-28 01:21:44.594272,28/04/26,1:21:44
26582,0.14,26.582,135.42999021894516,14002514898,2026-04-28 01:22:11.176272,28/04/26,1:22:11
36445,0.1,36.445,98.778982027713,14002551343,2026-04-28 01:22:47.621272,28/04/26,1:22:47
35800,0.1,35.8,100.55865921787709,14002587143,2026-04-28 01:23:23.421272,28/04/26,1:23:23
36374,0.1,36.374,98.97179303898389,14002623517,2026-04-28 01:23:59.795272,28/04/26,1:23:59
36214,0.1,36.214,99.40906831612084,14002659731,2026-04-28 01:24:36.009272,28/04/26,1:24:36
36212,0.1,36.212,99.41455870981994,14002695943,2026-04-28 01:25:12.221272,28/04/26,1:25:12
35641,0.1,35.641,101.00726691170281,14002731584,2026-04-28 01:25:47.862272,28/04/26,1:25:47
35786,0.1,35.786,100.59799921757111,14002767370,2026-04-28 01:26:23.648272,28/04/26,1:26:23
35621,0.1,35.621,101.06397911344432,14002802991,2026-04-28 01:26:59.269272,28/04/26,1:26:59
35751,0.1,35.751,100.69648401443317,14002838742,2026-04-28 01:27:35.020272,28/04/26,1:27:35
35632,0.1,35.632,101.03277952402335,14002874374,2026-04-28 01:28:10.652272,28/04/26,1:28:10
35547,0.1,35.547,101.27436914507554,14002909921,2026-04-28 01:28:46.199272,28/04/26,1:28:46
35475,0.1,35.475,101.4799154334038,14002945396,2026-04-28 01:29:21.674272,28/04/26,1:29:21
35705,0.1,35.705,100.82621481585213,14002981101,2026-04-28 01:29:57.379272,28/04/26,1:29:57
36535,0.1,36.535,98.53565074586014,14003017636,2026-04-28 01:30:33.914272,28/04/26,1:30:33
36754,0.1,36.754,97.94852260978396,14003054390,2026-04-28 01:31:10.668272,28/04/26,1:31:10
36376,0.1,36.376,98.96635144051022,14003090766,2026-04-28 01:31:47.044272,28/04/26,1:31:47
38403,0.09,38.403,93.74267635340989,14003129169,2026-04-28 01:32:25.447272,28/04/26,1:32:25
38183,0.09,38.183,94.28279600869497,14003167352,2026-04-28 01:33:03.630272,28/04/26,1:33:3
39625,0.09,39.625,90.85173501577287,14003206977,2026-04-28 01:33:43.255272,28/04/26,1:33:43
39816,0.09,39.816,90.41591320072332,14003246793,2026-04-28 01:34:23.071272,28/04/26,1:34:23
39399,0.09,39.399,91.3728774842001,14003286192,2026-04-28 01:35:02.470272,28/04/26,1:35:2
39548,0.09,39.548,91.02862344492769,14003325740,2026-04-28 01:35:42.018272,28/04/26,1:35:42
39836,0.09,39.836,90.37051912842655,14003365576,2026-04-28 01:36:21.854272,28/04/26,1:36:21
39396,0.09,39.396,91.37983551629607,14003404972,2026-04-28 01:37:01.250272,28/04/26,1:37:1
39552,0.09,39.552,91.01941747572816,14003444524,2026-04-28 01:37:40.802272,28/04/26,1:37:40
39442,0.09,39.442,91.27326200496933,14003483966,2026-04-28 01:38:20.244272,28/04/26,1:38:20
39001,0.09,39.001,92.30532550447424,14003522967,2026-04-28 01:38:59.245272,28/04/26,1:38:59
39546,0.09,39.546,91.03322712790168,14003562513,2026-04-28 01:39:38.791272,28/04/26,1:39:38
39447,0.09,39.447,91.26169290440338,14003601960,2026-04-28 01:40:18.238272,28/04/26,1:40:18
39544,0.09,39.544,91.0378312765527,14003641504,2026-04-28 01:40:57.782272,28/04/26,1:40:57
39646,0.09,39.646,90.8036119658982,14003681150,2026-04-28 01:41:37.428272,28/04/26,1:41:37
39240,0.09,39.24,91.74311926605505,14003720390,2026-04-28 01:42:16.668272,28/04/26,1:42:16
39266,0.09,39.266,91.68237151734324,14003759656,2026-04-28 01:42:55.934272,28/04/26,1:42:55
39386,0.09,39.386,91.40303661199411,14003799042,2026-04-28 01:43:35.320272,28/04/26,1:43:35
39889,0.09,39.889,90.25044498483291,14003838931,2026-04-28 01:44:15.209272,28/04/26,1:44:15
39494,0.09,39.494,91.15308654479162,14003878425,2026-04-28 01:44:54.703272,28/04/26,1:44:54
39712,0.09,39.712,90.65269943593876,14003918137,2026-04-28 01:45:34.415272,28/04/26,1:45:34
39607,0.09,39.607,90.89302396041104,14003957744,2026-04-28 01:46:14.022272,28/04/26,1:46:14
39399,0.09,39.399,91.3728774842001,14003997143,2026-04-28 01:46:53.421272,28/04/26,1:46:53
39336,0.09,39.336,91.51921903599757,14004036479,2026-04-28 01:47:32.757272,28/04/26,1:47:32
39238,0.09,39.238,91.74779550435802,14004075717,2026-04-28 01:48:11.995272,28/04/26,1:48:11
39595,0.09,39.595,90.92057077913879,14004115312,2026-04-28 01:48:51.590272,28/04/26,1:48:51
39138,0.09,39.138,91.98221677142419,14004154450,2026-04-28 01:49:30.728272,28/04/26,1:49:30
39403,0.09,39.403,91.36360175621145,14004193853,2026-04-28 01:50:10.131272,28/04/26,1:50:10
39612,0.09,39.612,90.88155104513784,14004233465,2026-04-28 01:50:49.743272,28/04/26,1:50:49
37905,0.09,37.905,94.97427779976256,14004271370,2026-04-28 01:51:27.648272,28/04/26,1:51:27
38081,0.09,38.081,94.53533258055198,14004309451,2026-04-28 01:52:05.729272,28/04/26,1:52:5
38407,0.09,38.407,93.7329132710183,14004347858,2026-04-28 01:52:44.136272,28/04/26,1:52:44
37934,0.09,37.934,94.90167132387832,14004385792,2026-04-28 01:53:22.070272,28/04/26,1:53:22
38242,0.09,38.242,94.13733591339366,14004424034,2026-04-28 01:54:00.312272,28/04/26,1:54:0
38427,0.09,38.427,93.68412834725584,14004462461,2026-04-28 01:54:38.739272,28/04/26,1:54:38
38360,0.09,38.36,93.84775808133472,14004500821,2026-04-28 01:55:17.099272,28/04/26,1:55:17
38248,0.09,38.248,94.12256850031375,14004539069,2026-04-28 01:55:55.347272,28/04/26,1:55:55
38441,0.09,38.441,93.650009104862,14004577510,2026-04-28 01:56:33.788272,28/04/26,1:56:33
36556,0.1,36.556,98.4790458474669,14004614066,2026-04-28 01:57:10.344272,28/04/26,1:57:10
37430,0.1,37.43,96.17953513224685,14004651496,2026-04-28 01:57:47.774272,28/04/26,1:57:47
37124,0.1,37.124,96.97230901842474,14004688620,2026-04-28 01:58:24.898272,28/04/26,1:58:24
37558,0.09,37.558,95.85174929442462,14004726178,2026-04-28 01:59:02.456272,28/04/26,1:59:2
37483,0.1,37.483,96.04353973801457,14004763661,2026-04-28 01:59:39.939272,28/04/26,1:59:39
37088,0.1,37.088,97.06643658326144,14004800749,2026-04-28 02:00:17.027272,28/04/26,2:0:17
37448,0.1,37.448,96.13330484939115,14004838197,2026-04-28 02:00:54.475272,28/04/26,2:0:54
37593,0.09,37.593,95.76250897773522,14004875790,2026-04-28 02:01:32.068272,28/04/26,2:1:32
37084,0.1,37.084,97.07690648258009,14004912874,2026-04-28 02:02:09.152272,28/04/26,2:2:9
38278,0.09,38.278,94.0488008777888,14004951152,2026-04-28 02:02:47.430272,28/04/26,2:2:47
38410,0.09,38.41,93.72559229367353,14004989562,2026-04-28 02:03:25.840272,28/04/26,2:3:25
38730,0.09,38.73,92.95120061967467,14005028292,2026-04-28 02:04:04.570272,28/04/26,2:4:4
38715,0.09,38.715,92.98721425803951,14005067007,2026-04-28 02:04:43.285272,28/04/26,2:4:43
20518,0.17,20.518,175.45569743639732,14005087525,2026-04-28 02:05:03.803272,28/04/26,2:5:3
21077,0.17,21.077,170.80229634198415,14005108602,2026-04-28 02:05:24.880272,28/04/26,2:5:24
21056,0.17,21.056,170.9726443768997,14005129658,2026-04-28 02:05:45.936272,28/04/26,2:5:45
21061,0.17,21.061,170.93205450833293,14005150719,2026-04-28 02:06:06.997272,28/04/26,2:6:6
21211,0.17,21.211,169.7232568007166,14005171930,2026-04-28 02:06:28.208272,28/04/26,2:6:28
21511,0.17,21.511,167.356236344196,14005193441,2026-04-28 02:06:49.719272,28/04/26,2:6:49
21676,0.17,21.676,166.08230300793505,14005215117,2026-04-28 02:07:11.395272,28/04/26,2:7:11
21728,0.17,21.728,165.68483063328424,14005236845,2026-04-28 02:07:33.123272,28/04/26,2:7:33
22146,0.16,22.146,162.5575724735844,14005258991,2026-04-28 02:07:55.269272,28/04/26,2:7:55
22249,0.16,22.249,161.80502494494135,14005281240,2026-04-28 02:08:17.518272,28/04/26,2:8:17
22340,0.16,22.34,161.14592658907787,14005303580,2026-04-28 02:08:39.858272,28/04/26,2:8:39
22382,0.16,22.382,160.84353498346886,14005325962,2026-04-28 02:09:02.240272,28/04/26,2:9:2
22439,0.16,22.439,160.43495699451847,14005348401,2026-04-28 02:09:24.679272,28/04/26,2:9:24
22522,0.16,22.522,159.84370837403426,14005370923,2026-04-28 02:09:47.201272,28/04/26,2:9:47
22592,0.16,22.592,159.3484419263456,14005393515,2026-04-28 02:10:09.793272,28/04/26,2:10:9
22652,0.16,22.652,158.92636411795868,14005416167,2026-04-28 02:10:32.445272,28/04/26,2:10:32
22779,0.16,22.779,158.04030027657052,14005438946,2026-04-28 02:10:55.224272,28/04/26,2:10:55
22844,0.16,22.844,157.59061460339694,14005461790,2026-04-28 02:11:18.068272,28/04/26,2:11:18
22747,0.16,22.747,158.26262803886226,14005484537,2026-04-28 02:11:40.815272,28/04/26,2:11:40
22836,0.16,22.836,157.64582238570677,14005507373,2026-04-28 02:12:03.651272,28/04/26,2:12:3
23023,0.16,23.023,156.3653737566781,14005530396,2026-04-28 02:12:26.674272,28/04/26,2:12:26
39352,0.09,39.352,91.4820085383208,14005569748,2026-04-28 02:13:06.026272,28/04/26,2:13:6
39396,0.09,39.396,91.37983551629607,14005609144,2026-04-28 02:13:45.422272,28/04/26,2:13:45
39489,0.09,39.489,91.16462812428777,14005648633,2026-04-28 02:14:24.911272,28/04/26,2:14:24
39458,0.09,39.458,91.23625120381165,14005688091,2026-04-28 02:15:04.369272,28/04/26,2:15:4
39252,0.09,39.252,91.71507184347294,14005727343,2026-04-28 02:15:43.621272,28/04/26,2:15:43
39483,0.09,39.483,91.17848187827673,14005766826,2026-04-28 02:16:23.104272,28/04/26,2:16:23
38872,0.09,38.872,92.61164848734307,14005805698,2026-04-28 02:17:01.976272,28/04/26,2:17:1
37937,0.09,37.937,94.89416664470042,14005843635,2026-04-28 02:17:39.913272,28/04/26,2:17:39
37914,0.09,37.914,94.95173286912487,14005881549,2026-04-28 02:18:17.827272,28/04/26,2:18:17
38078,0.09,38.078,94.54278060822523,14005919627,2026-04-28 02:18:55.905272,28/04/26,2:18:55
38501,0.09,38.501,93.50406482948495,14005958128,2026-04-28 02:19:34.406272,28/04/26,2:19:34
38168,0.09,38.168,94.31984908824145,14005996296,2026-04-28 02:20:12.574272,28/04/26,2:20:12
38572,0.09,38.572,93.33195063776833,14006034868,2026-04-28 02:20:51.146272,28/04/26,2:20:51
38030,0.09,38.03,94.6621088614252,14006072898,2026-04-28 02:21:29.176272,28/04/26,2:21:29
38446,0.09,38.446,93.63782968319201,14006111344,2026-04-28 02:22:07.622272,28/04/26,2:22:7
38567,0.09,38.567,93.34405061321856,14006149911,2026-04-28 02:22:46.189272,28/04/26,2:22:46
38140,0.09,38.14,94.38909281594127,14006188051,2026-04-28 02:23:24.329272,28/04/26,2:23:24
38530,0.09,38.53,93.43368803529717,14006226581,2026-04-28 02:24:02.859272,28/04/26,2:24:2
38553,0.09,38.553,93.37794724145981,14006265134,2026-04-28 02:24:41.412272,28/04/26,2:24:41
38387,0.09,38.387,93.7817490296194,14006303521,2026-04-28 02:25:19.799272,28/04/26,2:25:19
37645,0.09,37.645,95.630229778191,14006341166,2026-04-28 02:25:57.444272,28/04/26,2:25:57
37353,0.1,37.353,96.37780097984097,14006378519,2026-04-28 02:26:34.797272,28/04/26,2:26:34
37854,0.09,37.854,95.10223490252021,14006416373,2026-04-28 02:27:12.651272,28/04/26,2:27:12
37341,0.1,37.341,96.40877319836105,14006453714,2026-04-28 02:27:49.992272,28/04/26,2:27:49
37421,0.1,37.421,96.2026669517116,14006491135,2026-04-28 02:28:27.413272,28/04/26,2:28:27
37833,0.09,37.833,95.15502339227659,14006528968,2026-04-28 02:29:05.246272,28/04/26,2:29:5
38453,0.09,38.453,93.62078381400671,14006567421,2026-04-28 02:29:43.699272,28/04/26,2:29:43
38411,0.09,38.411,93.72315222201973,14006605832,2026-04-28 02:30:22.110272,28/04/26,2:30:22
38721,0.09,38.721,92.9728054544046,14006644553,2026-04-28 02:31:00.831272,28/04/26,2:31:0
38785,0.09,38.785,92.81938893902282,14006683338,2026-04-28 02:31:39.616272,28/04/26,2:31:39
38448,0.09,38.448,93.63295880149813,14006721786,2026-04-28 02:32:18.064272,28/04/26,2:32:18
38103,0.09,38.103,94.48074954727974,14006759889,2026-04-28 02:32:56.167272,28/04/26,2:32:56
38677,0.09,38.677,93.07857382940766,14006798566,2026-04-28 02:33:34.844272,28/04/26,2:33:34
39665,0.09,39.665,90.7601159712593,14006838231,2026-04-28 02:34:14.509272,28/04/26,2:34:14
39233,0.09,39.233,91.75948818596589,14006877464,2026-04-28 02:34:53.742272,28/04/26,2:34:53
39488,0.09,39.488,91.16693679092383,14006916952,2026-04-28 02:35:33.230272,28/04/26,2:35:33
39509,0.09,39.509,91.11847933382268,14006956461,2026-04-28 02:36:12.739272,28/04/26,2:36:12
39398,0.09,39.398,91.37519671049292,14006995859,2026-04-28 02:36:52.137272,28/04/26,2:36:52
39180,0.09,39.18,91.88361408882082,14007035039,2026-04-28 02:37:31.317272,28/04/26,2:37:31
39581,0.09,39.581,90.9527298451277,14007074620,2026-04-28 02:38:10.898272,28/04/26,2:38:10
39397,0.09,39.397,91.37751605452192,14007114017,2026-04-28 02:38:50.295272,28/04/26,2:38:50
39441,0.09,39.441,91.27557617707461,14007153458,2026-04-28 02:39:29.736272,28/04/26,2:39:29
38958,0.09,38.958,92.40720776220545,14007192416,2026-04-28 02:40:08.694272,28/04/26,2:40:8
39336,0.09,39.336,91.51921903599757,14007231752,2026-04-28 02:40:48.030272,28/04/26,2:40:48
39509,0.09,39.509,91.11847933382268,14007271261,2026-04-28 02:41:27.539272,28/04/26,2:41:27
39017,0.09,39.017,92.2674731527283,14007310278,2026-04-28 02:42:06.556272,28/04/26,2:42:6
39415,0.09,39.415,91.33578586832424,14007349693,2026-04-28 02:42:45.971272,28/04/26,2:42:45
38976,0.09,38.976,92.36453201970443,14007388669,2026-04-28 02:43:24.947272,28/04/26,2:43:24
39487,0.09,39.487,91.16924557449288,14007428156,2026-04-28 02:44:04.434272,28/04/26,2:44:4
39392,0.09,39.392,91.38911454102356,14007467548,2026-04-28 02:44:43.826272,28/04/26,2:44:43
38201,0.09,38.201,94.2383707232795,14007505749,2026-04-28 02:45:22.027272,28/04/26,2:45:22
36744,0.1,36.744,97.97517962116264,14007542493,2026-04-28 02:45:58.771272,28/04/26,2:45:58
37003,0.1,37.003,97.28940896684053,14007579496,2026-04-28 02:46:35.774272,28/04/26,2:46:35
36923,0.1,36.923,97.50020312542318,14007616419,2026-04-28 02:47:12.697272,28/04/26,2:47:12
36974,0.1,36.974,97.36571644939687,14007653393,2026-04-28 02:47:49.671272,28/04/26,2:47:49
36657,0.1,36.657,98.20770930518046,14007690050,2026-04-28 02:48:26.328272,28/04/26,2:48:26
36658,0.1,36.658,98.20503027988434,14007726708,2026-04-28 02:49:02.986272,28/04/26,2:49:2
37012,0.1,37.012,97.26575164811412,14007763720,2026-04-28 02:49:39.998272,28/04/26,2:49:39
36786,0.1,36.786,97.8633175664655,14007800506,2026-04-28 02:50:16.784272,28/04/26,2:50:16
36997,0.1,36.997,97.30518690704652,14007837503,2026-04-28 02:50:53.781272,28/04/26,2:50:53
36755,0.1,36.755,97.9458577064345,14007874258,2026-04-28 02:51:30.536272,28/04/26,2:51:30
36957,0.1,36.957,97.41050409935872,14007911215,2026-04-28 02:52:07.493272,28/04/26,2:52:7
37183,0.1,37.183,96.81843853373853,14007948398,2026-04-28 02:52:44.676272,28/04/26,2:52:44
36660,0.1,36.66,98.19967266775778,14007985058,2026-04-28 02:53:21.336272,28/04/26,2:53:21
36666,0.1,36.666,98.18360333824252,14008021724,2026-04-28 02:53:58.002272,28/04/26,2:53:58
36725,0.1,36.725,98.02586793737237,14008058449,2026-04-28 02:54:34.727272,28/04/26,2:54:34
37172,0.1,37.172,96.84708920692995,14008095621,2026-04-28 02:55:11.899272,28/04/26,2:55:11
22916,0.16,22.916,157.09547914121137,14008118537,2026-04-28 02:55:34.815272,28/04/26,2:55:34
20533,0.17,20.533,175.32752155067453,14008139070,2026-04-28 02:55:55.348272,28/04/26,2:55:55
20685,0.17,20.685,174.0391588107324,14008159755,2026-04-28 02:56:16.033272,28/04/26,2:56:16
20587,0.17,20.587,174.86763491523777,14008180342,2026-04-28 02:56:36.620272,28/04/26,2:56:36
20161,0.18,20.161,178.56257130102674,14008200503,2026-04-28 02:56:56.781272,28/04/26,2:56:56
20631,0.17,20.631,174.49469245310456,14008221134,2026-04-28 02:57:17.412272,28/04/26,2:57:17
20755,0.17,20.755,173.45218019754276,14008241889,2026-04-28 02:57:38.167272,28/04/26,2:57:38
20839,0.17,20.839,172.75301118095877,14008262728,2026-04-28 02:57:59.006272,28/04/26,2:57:59
21046,0.17,21.046,171.05388197282144,14008283774,2026-04-28 02:58:20.052272,28/04/26,2:58:20
20921,0.17,20.921,172.07590459347068,14008304695,2026-04-28 02:58:40.973272,28/04/26,2:58:40
21176,0.17,21.176,170.00377786173027,14008325871,2026-04-28 02:59:02.149272,28/04/26,2:59:2
21260,0.17,21.26,169.33207902163687,14008347131,2026-04-28 02:59:23.409272,28/04/26,2:59:23
21167,0.17,21.167,170.07606179430246,14008368298,2026-04-28 02:59:44.576272,28/04/26,2:59:44
21416,0.17,21.416,168.09861785580875,14008389714,2026-04-28 03:00:05.992272,28/04/26,3:0:5
21242,0.17,21.242,169.4755672723849,14008410956,2026-04-28 03:00:27.234272,28/04/26,3:0:27
21367,0.17,21.367,168.4841110123087,14008432323,2026-04-28 03:00:48.601272,28/04/26,3:0:48
21473,0.17,21.473,167.65240068923765,14008453796,2026-04-28 03:01:10.074272,28/04/26,3:1:10
21433,0.17,21.433,167.96528717398405,14008475229,2026-04-28 03:01:31.507272,28/04/26,3:1:31
21579,0.17,21.579,166.828861393021,14008496808,2026-04-28 03:01:53.086272,28/04/26,3:1:53
21594,0.17,21.594,166.7129758266185,14008518402,2026-04-28 03:02:14.680272,28/04/26,3:2:14
21419,0.17,21.419,168.07507353284467,14008539821,2026-04-28 03:02:36.099272,28/04/26,3:2:36
21719,0.17,21.719,165.75348772963764,14008561540,2026-04-28 03:02:57.818272,28/04/26,3:2:57
31072,0.12,31.072,115.85993820803296,14008592612,2026-04-28 03:03:28.890272,28/04/26,3:3:28
36164,0.1,36.164,99.54651034177635,14008628776,2026-04-28 03:04:05.054272,28/04/26,3:4:5
36304,0.1,36.304,99.1626267078008,14008665080,2026-04-28 03:04:41.358272,28/04/26,3:4:41
36436,0.1,36.436,98.80338127127017,14008701516,2026-04-28 03:05:17.794272,28/04/26,3:5:17
36101,0.1,36.101,99.72022935652753,14008737617,2026-04-28 03:05:53.895272,28/04/26,3:5:53
36239,0.1,36.239,99.34048952785673,14008773856,2026-04-28 03:06:30.134272,28/04/26,3:6:30
36341,0.1,36.341,99.06166588701467,14008810197,2026-04-28 03:07:06.475272,28/04/26,3:7:6
36369,0.1,36.369,98.9853996535511,14008846566,2026-04-28 03:07:42.844272,28/04/26,3:7:42
37249,0.1,37.249,96.64688984939193,14008883815,2026-04-28 03:08:20.093272,28/04/26,3:8:20
36620,0.1,36.62,98.30693610049154,14008920435,2026-04-28 03:08:56.713272,28/04/26,3:8:56
37007,0.1,37.007,97.27889318237091,14008957442,2026-04-28 03:09:33.720272,28/04/26,3:9:33
36800,0.1,36.8,97.82608695652173,14008994242,2026-04-28 03:10:10.520272,28/04/26,3:10:10
36962,0.1,36.962,97.39732698447054,14009031204,2026-04-28 03:10:47.482272,28/04/26,3:10:47
37104,0.1,37.104,97.02457956015525,14009068308,2026-04-28 03:11:24.586272,28/04/26,3:11:24
36426,0.1,36.426,98.83050568275408,14009104734,2026-04-28 03:12:01.012272,28/04/26,3:12:1
37054,0.1,37.054,97.15550277972689,14009141788,2026-04-28 03:12:38.066272,28/04/26,3:12:38
36606,0.1,36.606,98.34453368300278,14009178394,2026-04-28 03:13:14.672272,28/04/26,3:13:14
36859,0.1,36.859,97.6694972733932,14009215253,2026-04-28 03:13:51.531272,28/04/26,3:13:51
37001,0.1,37.001,97.29466771168347,14009252254,2026-04-28 03:14:28.532272,28/04/26,3:14:28
37174,0.1,37.174,96.84187873244741,14009289428,2026-04-28 03:15:05.706272,28/04/26,3:15:5
37014,0.1,37.014,97.26049602852974,14009326442,2026-04-28 03:15:42.720272,28/04/26,3:15:42
36974,0.1,36.974,97.36571644939687,14009363416,2026-04-28 03:16:19.694272,28/04/26,3:16:19
36792,0.1,36.792,97.84735812133073,14009400208,2026-04-28 03:16:56.486272,28/04/26,3:16:56
35393,0.1,35.393,101.71502839544543,14009435601,2026-04-28 03:17:31.879272,28/04/26,3:17:31
35241,0.1,35.241,102.15374138077807,14009470842,2026-04-28 03:18:07.120272,28/04/26,3:18:7
36053,0.1,36.053,99.85299420297895,14009506895,2026-04-28 03:18:43.173272,28/04/26,3:18:43
35775,0.1,35.775,100.62893081761007,14009542670,2026-04-28 03:19:18.948272,28/04/26,3:19:18
35558,0.1,35.558,101.24303954103155,14009578228,2026-04-28 03:19:54.506272,28/04/26,3:19:54
35791,0.1,35.791,100.58394568466933,14009614019,2026-04-28 03:20:30.297272,28/04/26,3:20:30
36306,0.1,36.306,99.15716410510659,14009650325,2026-04-28 03:21:06.603272,28/04/26,3:21:6
36122,0.1,36.122,99.66225568905377,14009686447,2026-04-28 03:21:42.725272,28/04/26,3:21:42
35817,0.1,35.817,100.5109305636988,14009722264,2026-04-28 03:22:18.542272,28/04/26,3:22:18
35785,0.1,35.785,100.60081039541707,14009758049,2026-04-28 03:22:54.327272,28/04/26,3:22:54
35780,0.1,35.78,100.61486864169927,14009793829,2026-04-28 03:23:30.107272,28/04/26,3:23:30
36128,0.1,36.128,99.64570416297609,14009829957,2026-04-28 03:24:06.235272,28/04/26,3:24:6
36109,0.1,36.109,99.69813619873162,14009866066,2026-04-28 03:24:42.344272,28/04/26,3:24:42
36194,0.1,36.194,99.46399955793778,14009902260,2026-04-28 03:25:18.538272,28/04/26,3:25:18
35818,0.1,35.818,100.50812440672287,14009938078,2026-04-28 03:25:54.356272,28/04/26,3:25:54
35622,0.1,35.622,101.0611419909045,14009973700,2026-04-28 03:26:29.978272,28/04/26,3:26:29
35574,0.1,35.574,101.1975037949064,14010009274,2026-04-28 03:27:05.552272,28/04/26,3:27:5
35352,0.1,35.352,101.83299389002036,14010044626,2026-04-28 03:27:40.904272,28/04/26,3:27:40
35070,0.1,35.07,102.65183917878528,14010079696,2026-04-28 03:28:15.974272,28/04/26,3:28:15
35808,0.1,35.808,100.53619302949062,14010115504,2026-04-28 03:28:51.782272,28/04/26,3:28:51
34574,0.1,34.574,104.12448660843408,14010150078,2026-04-28 03:29:26.356272,28/04/26,3:29:26
34928,0.1,34.928,103.06917086578103,14010185006,2026-04-28 03:30:01.284272,28/04/26,3:30:1
34030,0.1,34.03,105.7890096973259,14010219036,2026-04-28 03:30:35.314272,28/04/26,3:30:35
34580,0.1,34.58,104.10641989589358,14010253616,2026-04-28 03:31:09.894272,28/04/26,3:31:9
34558,0.1,34.558,104.17269517911916,14010288174,2026-04-28 03:31:44.452272,28/04/26,3:31:44
34592,0.1,34.592,104.07030527289547,14010322766,2026-04-28 03:32:19.044272,28/04/26,3:32:19
34382,0.1,34.382,104.70595078820313,14010357148,2026-04-28 03:32:53.426272,28/04/26,3:32:53
34046,0.1,34.046,105.73929389649298,14010391194,2026-04-28 03:33:27.472272,28/04/26,3:33:27
35022,0.1,35.022,102.79253040945692,14010426216,2026-04-28 03:34:02.494272,28/04/26,3:34:2
35133,0.1,35.133,102.46776534881735,14010461349,2026-04-28 03:34:37.627272,28/04/26,3:34:37
35271,0.1,35.271,102.06685378923194,14010496620,2026-04-28 03:35:12.898272,28/04/26,3:35:12
35122,0.1,35.122,102.49985763908661,14010531742,2026-04-28 03:35:48.020272,28/04/26,3:35:48
35369,0.1,35.369,101.78404817778281,14010567111,2026-04-28 03:36:23.389272,28/04/26,3:36:23
35095,0.1,35.095,102.57871491665479,14010602206,2026-04-28 03:36:58.484272,28/04/26,3:36:58
35236,0.1,35.236,102.16823703030991,14010637442,2026-04-28 03:37:33.720272,28/04/26,3:37:33
34997,0.1,34.997,102.86595993942338,14010672439,2026-04-28 03:38:08.717272,28/04/26,3:38:8
35274,0.1,35.274,102.05817315870046,14010707713,2026-04-28 03:38:43.991272,28/04/26,3:38:43
35090,0.1,35.09,102.59333143345683,14010742803,2026-04-28 03:39:19.081272,28/04/26,3:39:19
35247,0.1,35.247,102.13635202996,14010778050,2026-04-28 03:39:54.328272,28/04/26,3:39:54
35359,0.1,35.359,101.8128340733618,14010813409,2026-04-28 03:40:29.687272,28/04/26,3:40:29
37095,0.1,37.095,97.04811969268096,14010850504,2026-04-28 03:41:06.782272,28/04/26,3:41:6
37030,0.1,37.03,97.21847150958682,14010887534,2026-04-28 03:41:43.812272,28/04/26,3:41:43
37093,0.1,37.093,97.05335238454695,14010924627,2026-04-28 03:42:20.905272,28/04/26,3:42:20
36557,0.1,36.557,98.47635199824931,14010961184,2026-04-28 03:42:57.462272,28/04/26,3:42:57
37025,0.1,37.025,97.23160027008778,14010998209,2026-04-28 03:43:34.487272,28/04/26,3:43:34
37459,0.1,37.459,96.10507488187085,14011035668,2026-04-28 03:44:11.946272,28/04/26,3:44:11
37396,0.1,37.396,96.26698042571398,14011073064,2026-04-28 03:44:49.342272,28/04/26,3:44:49
37405,0.1,37.405,96.2438176714343,14011110469,2026-04-28 03:45:26.747272,28/04/26,3:45:26
25546,0.14,25.546,140.92225788773194,14011136015,2026-04-28 03:45:52.293272,28/04/26,3:45:52
20767,0.17,20.767,173.35195261713295,14011156782,2026-04-28 03:46:13.060272,28/04/26,3:46:13
20608,0.17,20.608,174.68944099378882,14011177390,2026-04-28 03:46:33.668272,28/04/26,3:46:33
20740,0.17,20.74,173.57762777242044,14011198130,2026-04-28 03:46:54.408272,28/04/26,3:46:54
20913,0.17,20.913,172.14173002438673,14011219043,2026-04-28 03:47:15.321272,28/04/26,3:47:15
20964,0.17,20.964,171.7229536348025,14011240007,2026-04-28 03:47:36.285272,28/04/26,3:47:36
21287,0.17,21.287,169.1173016394983,14011261294,2026-04-28 03:47:57.572272,28/04/26,3:47:57
21317,0.17,21.317,168.8792982126941,14011282611,2026-04-28 03:48:18.889272,28/04/26,3:48:18
21446,0.17,21.446,167.86347104355124,14011304057,2026-04-28 03:48:40.335272,28/04/26,3:48:40
21560,0.17,21.56,166.97588126159556,14011325617,2026-04-28 03:49:01.895272,28/04/26,3:49:1
21656,0.17,21.656,166.2356852604359,14011347273,2026-04-28 03:49:23.551272,28/04/26,3:49:23
21657,0.17,21.657,166.2280094195872,14011368930,2026-04-28 03:49:45.208272,28/04/26,3:49:45
21911,0.16,21.911,164.3010360093104,14011390841,2026-04-28 03:50:07.119272,28/04/26,3:50:7
21844,0.16,21.844,164.80498077275223,14011412685,2026-04-28 03:50:28.963272,28/04/26,3:50:28
22003,0.16,22.003,163.61405262918692,14011434688,2026-04-28 03:50:50.966272,28/04/26,3:50:50
22069,0.16,22.069,163.12474511758575,14011456757,2026-04-28 03:51:13.035272,28/04/26,3:51:13
22057,0.16,22.057,163.21349231536473,14011478814,2026-04-28 03:51:35.092272,28/04/26,3:51:35
22169,0.16,22.169,162.38892146691325,14011500983,2026-04-28 03:51:57.261272,28/04/26,3:51:57
22298,0.16,22.298,161.449457350435,14011523281,2026-04-28 03:52:19.559272,28/04/26,3:52:19
22265,0.16,22.265,161.6887491578711,14011545546,2026-04-28 03:52:41.824272,28/04/26,3:52:41
22431,0.16,22.431,160.4921760064197,14011567977,2026-04-28 03:53:04.255272,28/04/26,3:53:4
25157,0.14,25.157,143.1013236872441,14011593134,2026-04-28 03:53:29.412272,28/04/26,3:53:29
38111,0.09,38.111,94.46091679567579,14011631245,2026-04-28 03:54:07.523272,28/04/26,3:54:7
37947,0.09,37.947,94.86915961736105,14011669192,2026-04-28 03:54:45.470272,28/04/26,3:54:45
38061,0.09,38.061,94.58500827618822,14011707253,2026-04-28 03:55:23.531272,28/04/26,3:55:23
37964,0.09,37.964,94.82667790538405,14011745217,2026-04-28 03:56:01.495272,28/04/26,3:56:1
37908,0.09,37.908,94.9667616334283,14011783125,2026-04-28 03:56:39.403272,28/04/26,3:56:39
36114,0.1,36.114,99.68433294567204,14011819239,2026-04-28 03:57:15.517272,28/04/26,3:57:15
36479,0.1,36.479,98.68691575975218,14011855718,2026-04-28 03:57:51.996272,28/04/26,3:57:51
37155,0.1,37.155,96.89140088817118,14011892873,2026-04-28 03:58:29.151272,28/04/26,3:58:29
36842,0.1,36.842,97.71456489875685,14011929715,2026-04-28 03:59:05.993272,28/04/26,3:59:5
37099,0.1,37.099,97.03765600150948,14011966814,2026-04-28 03:59:43.092272,28/04/26,3:59:43
37360,0.1,37.36,96.35974304068523,14012004174,2026-04-28 04:00:20.452272,28/04/26,4:0:20
36881,0.1,36.881,97.61123613784876,14012041055,2026-04-28 04:00:57.333272,28/04/26,4:0:57
37215,0.1,37.215,96.73518742442563,14012078270,2026-04-28 04:01:34.548272,28/04/26,4:1:34
37479,0.1,37.479,96.05379012246858,14012115749,2026-04-28 04:02:12.027272,28/04/26,4:2:12
37197,0.1,37.197,96.78199854827002,14012152946,2026-04-28 04:02:49.224272,28/04/26,4:2:49
36639,0.1,36.639,98.25595676737902,14012189585,2026-04-28 04:03:25.863272,28/04/26,4:3:25
36741,0.1,36.741,97.98317955417653,14012226326,2026-04-28 04:04:02.604272,28/04/26,4:4:2
37247,0.1,37.247,96.65207936209627,14012263573,2026-04-28 04:04:39.851272,28/04/26,4:4:39
37413,0.1,37.413,96.22323791195574,14012300986,2026-04-28 04:05:17.264272,28/04/26,4:5:17
37231,0.1,37.231,96.6936155354409,14012338217,2026-04-28 04:05:54.495272,28/04/26,4:5:54
37309,0.1,37.309,96.49146318582648,14012375526,2026-04-28 04:06:31.804272,28/04/26,4:6:31
37590,0.09,37.59,95.77015163607342,14012413116,2026-04-28 04:07:09.394272,28/04/26,4:7:9
37549,0.09,37.549,95.87472369437269,14012450665,2026-04-28 04:07:46.943272,28/04/26,4:7:46
37939,0.09,37.939,94.88916418461214,14012488604,2026-04-28 04:08:24.882272,28/04/26,4:8:24
37753,0.09,37.753,95.35666039784918,14012526357,2026-04-28 04:09:02.635272,28/04/26,4:9:2
38312,0.09,38.312,93.96533723115473,14012564669,2026-04-28 04:09:40.947272,28/04/26,4:9:40
38007,0.09,38.007,94.71939379587971,14012602676,2026-04-28 04:10:18.954272,28/04/26,4:10:18
38215,0.09,38.215,94.20384665707184,14012640891,2026-04-28 04:10:57.169272,28/04/26,4:10:57
37536,0.09,37.536,95.9079283887468,14012678427,2026-04-28 04:11:34.705272,28/04/26,4:11:34
38068,0.09,38.068,94.56761584532941,14012716495,2026-04-28 04:12:12.773272,28/04/26,4:12:12
38384,0.09,38.384,93.78907878282618,14012754879,2026-04-28 04:12:51.157272,28/04/26,4:12:51
38223,0.09,38.223,94.18412997409936,14012793102,2026-04-28 04:13:29.380272,28/04/26,4:13:29
38215,0.09,38.215,94.20384665707184,14012831317,2026-04-28 04:14:07.595272,28/04/26,4:14:7
38288,0.09,38.288,94.02423735896365,14012869605,2026-04-28 04:14:45.883272,28/04/26,4:14:45
38372,0.09,38.372,93.81840925674972,14012907977,2026-04-28 04:15:24.255272,28/04/26,4:15:24
38207,0.09,38.207,94.22357159682781,14012946184,2026-04-28 04:16:02.462272,28/04/26,4:16:2
38217,0.09,38.217,94.1989167124578,14012984401,2026-04-28 04:16:40.679272,28/04/26,4:16:40
38206,0.09,38.206,94.22603779511071,14013022607,2026-04-28 04:17:18.885272,28/04/26,4:17:18
36734,0.1,36.734,98.0018511460772,14013059341,2026-04-28 04:17:55.619272,28/04/26,4:17:55
37216,0.1,37.216,96.73258813413585,14013096557,2026-04-28 04:18:32.835272,28/04/26,4:18:32
37384,0.1,37.384,96.29788144660817,14013133941,2026-04-28 04:19:10.219272,28/04/26,4:19:10
37141,0.1,37.141,96.92792331924288,14013171082,2026-04-28 04:19:47.360272,28/04/26,4:19:47
36964,0.1,36.964,97.39205713667351,14013208046,2026-04-28 04:20:24.324272,28/04/26,4:20:24
36506,0.1,36.506,98.61392647783926,14013244552,2026-04-28 04:21:00.830272,28/04/26,4:21:0
37342,0.1,37.342,96.40619141984897,14013281894,2026-04-28 04:21:38.172272,28/04/26,4:21:38
37281,0.1,37.281,96.56393337088598,14013319175,2026-04-28 04:22:15.453272,28/04/26,4:22:15
37098,0.1,37.098,97.0402717127608,14013356273,2026-04-28 04:22:52.551272,28/04/26,4:22:52
36682,0.1,36.682,98.14077749304836,14013392955,2026-04-28 04:23:29.233272,28/04/26,4:23:29
37599,0.09,37.599,95.74722731987553,14013430554,2026-04-28 04:24:06.832272,28/04/26,4:24:6
37308,0.1,37.308,96.4940495336121,14013467862,2026-04-28 04:24:44.140272,28/04/26,4:24:44
37313,0.1,37.313,96.4811191809825,14013505175,2026-04-28 04:25:21.453272,28/04/26,4:25:21
36274,0.1,36.274,99.24463803275073,14013541449,2026-04-28 04:25:57.727272,28/04/26,4:25:57
35742,0.1,35.742,100.72183985227464,14013577191,2026-04-28 04:26:33.469272,28/04/26,4:26:33
36417,0.1,36.417,98.85493038965319,14013613608,2026-04-28 04:27:09.886272,28/04/26,4:27:9
36441,0.1,36.441,98.78982464806126,14013650049,2026-04-28 04:27:46.327272,28/04/26,4:27:46
36977,0.1,36.977,97.35781702139168,14013687026,2026-04-28 04:28:23.304272,28/04/26,4:28:23
36269,0.1,36.269,99.25831977722022,14013723295,2026-04-28 04:28:59.573272,28/04/26,4:28:59
37699,0.09,37.699,95.4932491578026,14013760994,2026-04-28 04:29:37.272272,28/04/26,4:29:37
36901,0.1,36.901,97.55833175252704,14013797895,2026-04-28 04:30:14.173272,28/04/26,4:30:14
36814,0.1,36.814,97.78888466344326,14013834709,2026-04-28 04:30:50.987272,28/04/26,4:30:50
37122,0.1,37.122,96.97753353806368,14013871831,2026-04-28 04:31:28.109272,28/04/26,4:31:28
36738,0.1,36.738,97.99118079372856,14013908569,2026-04-28 04:32:04.847272,28/04/26,4:32:4
37070,0.1,37.07,97.11356892365795,14013945639,2026-04-28 04:32:41.917272,28/04/26,4:32:41
36718,0.1,36.718,98.04455580369302,14013982357,2026-04-28 04:33:18.635272,28/04/26,4:33:18
36776,0.1,36.776,97.88992821405265,14014019133,2026-04-28 04:33:55.411272,28/04/26,4:33:55
37715,0.09,37.715,95.45273763754474,14014056848,2026-04-28 04:34:33.126272,28/04/26,4:34:33
37528,0.09,37.528,95.92837348113409,14014094376,2026-04-28 04:35:10.654272,28/04/26,4:35:10
37506,0.09,37.506,95.98464245720685,14014131882,2026-04-28 04:35:48.160272,28/04/26,4:35:48
37821,0.09,37.821,95.18521456333782,14014169703,2026-04-28 04:36:25.981272,28/04/26,4:36:25
25150,0.14,25.15,143.14115308151094,14014194853,2026-04-28 04:36:51.131272,28/04/26,4:36:51
20721,0.17,20.721,173.736788765021,14014215574,2026-04-28 04:37:11.852272,28/04/26,4:37:11
20679,0.17,20.679,174.08965617292907,14014236253,2026-04-28 04:37:32.531272,28/04/26,4:37:32
20826,0.17,20.826,172.8608470181504,14014257079,2026-04-28 04:37:53.357272,28/04/26,4:37:53
21032,0.17,21.032,171.1677443895017,14014278111,2026-04-28 04:38:14.389272,28/04/26,4:38:14
21057,0.17,21.057,170.96452486109132,14014299168,2026-04-28 04:38:35.446272,28/04/26,4:38:35
21315,0.17,21.315,168.89514426460238,14014320483,2026-04-28 04:38:56.761272,28/04/26,4:38:56
21478,0.17,21.478,167.61337182232984,14014341961,2026-04-28 04:39:18.239272,28/04/26,4:39:18
21376,0.17,21.376,168.4131736526946,14014363337,2026-04-28 04:39:39.615272,28/04/26,4:39:39
21612,0.17,21.612,166.5741254858412,14014384949,2026-04-28 04:40:01.227272,28/04/26,4:40:1
21741,0.17,21.741,165.58575962467228,14014406690,2026-04-28 04:40:22.968272,28/04/26,4:40:22
21669,0.17,21.669,166.13595458950576,14014428359,2026-04-28 04:40:44.637272,28/04/26,4:40:44
22152,0.16,22.152,162.51354279523292,14014450511,2026-04-28 04:41:06.789272,28/04/26,4:41:6
22165,0.16,22.165,162.41822693435597,14014472676,2026-04-28 04:41:28.954272,28/04/26,4:41:28
22474,0.16,22.474,160.18510278544096,14014495150,2026-04-28 04:41:51.428272,28/04/26,4:41:51
22320,0.16,22.32,161.29032258064515,14014517470,2026-04-28 04:42:13.748272,28/04/26,4:42:13
22420,0.16,22.42,160.57091882247994,14014539890,2026-04-28 04:42:36.168272,28/04/26,4:42:36
22485,0.16,22.485,160.1067378252168,14014562375,2026-04-28 04:42:58.653272,28/04/26,4:42:58
22498,0.16,22.498,160.01422348653213,14014584873,2026-04-28 04:43:21.151272,28/04/26,4:43:21
22702,0.16,22.702,158.57633688661792,14014607575,2026-04-28 04:43:43.853272,28/04/26,4:43:43
26845,0.13,26.845,134.10318495064257,14014634420,2026-04-28 04:44:10.698272,28/04/26,4:44:10
38881,0.09,38.881,92.59021115712045,14014673301,2026-04-28 04:44:49.579272,28/04/26,4:44:49
38413,0.09,38.413,93.71827245984433,14014711714,2026-04-28 04:45:27.992272,28/04/26,4:45:27
38684,0.09,38.684,93.06173094819563,14014750398,2026-04-28 04:46:06.676272,28/04/26,4:46:6
38878,0.09,38.878,92.59735583106126,14014789276,2026-04-28 04:46:45.554272,28/04/26,4:46:45
38655,0.09,38.655,93.13154831199068,14014827931,2026-04-28 04:47:24.209272,28/04/26,4:47:24
38504,0.09,38.504,93.49677955537086,14014866435,2026-04-28 04:48:02.713272,28/04/26,4:48:2
38666,0.09,38.666,93.10505353540579,14014905101,2026-04-28 04:48:41.379272,28/04/26,4:48:41
38476,0.09,38.476,93.56481962781994,14014943577,2026-04-28 04:49:19.855272,28/04/26,4:49:19
38494,0.09,38.494,93.52106821842365,14014982071,2026-04-28 04:49:58.349272,28/04/26,4:49:58
38105,0.09,38.105,94.47579057866422,14015020176,2026-04-28 04:50:36.454272,28/04/26,4:50:36
37026,0.1,37.026,97.22897423432183,14015057202,2026-04-28 04:51:13.480272,28/04/26,4:51:13
37722,0.09,37.722,95.43502465404804,14015094924,2026-04-28 04:51:51.202272,28/04/26,4:51:51
37480,0.1,37.48,96.05122732123799,14015132404,2026-04-28 04:52:28.682272,28/04/26,4:52:28
37041,0.1,37.041,97.18960071272375,14015169445,2026-04-28 04:53:05.723272,28/04/26,4:53:5
36609,0.1,36.609,98.33647463738426,14015206054,2026-04-28 04:53:42.332272,28/04/26,4:53:42
36560,0.1,36.56,98.46827133479212,14015242614,2026-04-28 04:54:18.892272,28/04/26,4:54:18
37175,0.1,37.175,96.83927370544721,14015279789,2026-04-28 04:54:56.067272,28/04/26,4:54:56
36854,0.1,36.854,97.68274814131438,14015316643,2026-04-28 04:55:32.921272,28/04/26,4:55:32
37342,0.1,37.342,96.40619141984897,14015353985,2026-04-28 04:56:10.263272,28/04/26,4:56:10
35721,0.1,35.721,100.78105316200555,14015389706,2026-04-28 04:56:45.984272,28/04/26,4:56:45
36306,0.1,36.306,99.15716410510659,14015426012,2026-04-28 04:57:22.290272,28/04/26,4:57:22
36774,0.1,36.774,97.8952520802741,14015462786,2026-04-28 04:57:59.064272,28/04/26,4:57:59
36258,0.1,36.258,99.28843289756743,14015499044,2026-04-28 04:58:35.322272,28/04/26,4:58:35
36509,0.1,36.509,98.60582322167137,14015535553,2026-04-28 04:59:11.831272,28/04/26,4:59:11
36379,0.1,36.379,98.95819016465543,14015571932,2026-04-28 04:59:48.210272,28/04/26,4:59:48
36652,0.1,36.652,98.22110662446796,14015608584,2026-04-28 05:00:24.862272,28/04/26,5:0:24
36837,0.1,36.837,97.72782799902272,14015645421,2026-04-28 05:01:01.699272,28/04/26,5:1:1
36649,0.1,36.649,98.2291467707168,14015682070,2026-04-28 05:01:38.348272,28/04/26,5:1:38
37424,0.1,37.424,96.19495510902095,14015719494,2026-04-28 05:02:15.772272,28/04/26,5:2:15
37686,0.09,37.686,95.52619009711829,14015757180,2026-04-28 05:02:53.458272,28/04/26,5:2:53
37574,0.09,37.574,95.81093309203172,14015794754,2026-04-28 05:03:31.032272,28/04/26,5:3:31
37827,0.09,37.827,95.17011658339281,14015832581,2026-04-28 05:04:08.859272,28/04/26,5:4:8
38052,0.09,38.052,94.6073793755913,14015870633,2026-04-28 05:04:46.911272,28/04/26,5:4:46
37659,0.09,37.659,95.59467856289334,14015908292,2026-04-28 05:05:24.570272,28/04/26,5:5:24
37806,0.09,37.806,95.222980479289,14015946098,2026-04-28 05:06:02.376272,28/04/26,5:6:2
37582,0.09,37.582,95.7905380235219,14015983680,2026-04-28 05:06:39.958272,28/04/26,5:6:39
37846,0.09,37.846,95.1223378956825,14016021526,2026-04-28 05:07:17.804272,28/04/26,5:7:17
38172,0.09,38.172,94.30996541967934,14016059698,2026-04-28 05:07:55.976272,28/04/26,5:7:55
38601,0.09,38.601,93.26183259501049,14016098299,2026-04-28 05:08:34.577272,28/04/26,5:8:34
38840,0.09,38.84,92.68795056642637,14016137139,2026-04-28 05:09:13.417272,28/04/26,5:9:13
39106,0.09,39.106,92.05748478494348,14016176245,2026-04-28 05:09:52.523272,28/04/26,5:9:52
38982,0.09,38.982,92.35031553024473,14016215227,2026-04-28 05:10:31.505272,28/04/26,5:10:31
38992,0.09,38.992,92.32663110381617,14016254219,2026-04-28 05:11:10.497272,28/04/26,5:11:10
38881,0.09,38.881,92.59021115712045,14016293100,2026-04-28 05:11:49.378272,28/04/26,5:11:49
38816,0.09,38.816,92.74525968672712,14016331916,2026-04-28 05:12:28.194272,28/04/26,5:12:28
38861,0.09,38.861,92.63786315328993,14016370777,2026-04-28 05:13:07.055272,28/04/26,5:13:7
38679,0.09,38.679,93.07376095555728,14016409456,2026-04-28 05:13:45.734272,28/04/26,5:13:45
39236,0.09,39.236,91.75247221939036,14016448692,2026-04-28 05:14:24.970272,28/04/26,5:14:24
39196,0.09,39.196,91.84610674558628,14016487888,2026-04-28 05:15:04.166272,28/04/26,5:15:4
38751,0.09,38.751,92.90082836571959,14016526639,2026-04-28 05:15:42.917272,28/04/26,5:15:42
39209,0.09,39.209,91.81565456910403,14016565848,2026-04-28 05:16:22.126272,28/04/26,5:16:22
38803,0.09,38.803,92.77633172692833,14016604651,2026-04-28 05:17:00.929272,28/04/26,5:17:0
37205,0.1,37.205,96.76118801236393,14016641856,2026-04-28 05:17:38.134272,28/04/26,5:17:38
37769,0.09,37.769,95.31626466149487,14016679625,2026-04-28 05:18:15.903272,28/04/26,5:18:15
38137,0.09,38.137,94.39651781734274,14016717762,2026-04-28 05:18:54.040272,28/04/26,5:18:54
37918,0.09,37.918,94.94171633524975,14016755680,2026-04-28 05:19:31.958272,28/04/26,5:19:31
37951,0.09,37.951,94.85916049642961,14016793631,2026-04-28 05:20:09.909272,28/04/26,5:20:9
38031,0.09,38.031,94.65961978386053,14016831662,2026-04-28 05:20:47.940272,28/04/26,5:20:47
37863,0.09,37.863,95.07962918944617,14016869525,2026-04-28 05:21:25.803272,28/04/26,5:21:25
37506,0.09,37.506,95.98464245720685,14016907031,2026-04-28 05:22:03.309272,28/04/26,5:22:3
37383,0.1,37.383,96.30045742717277,14016944414,2026-04-28 05:22:40.692272,28/04/26,5:22:40
37853,0.09,37.853,95.10474731196999,14016982267,2026-04-28 05:23:18.545272,28/04/26,5:23:18
38486,0.09,38.486,93.54050823676143,14017020753,2026-04-28 05:23:57.031272,28/04/26,5:23:57
37878,0.09,37.878,95.04197687311895,14017058631,2026-04-28 05:24:34.909272,28/04/26,5:24:34
38172,0.09,38.172,94.30996541967934,14017096803,2026-04-28 05:25:13.081272,28/04/26,5:25:13
38416,0.09,38.416,93.7109537692628,14017135219,2026-04-28 05:25:51.497272,28/04/26,5:25:51
37682,0.09,37.682,95.53633034340004,14017172901,2026-04-28 05:26:29.179272,28/04/26,5:26:29
35237,0.1,35.237,102.16533757130289,14017208138,2026-04-28 05:27:04.416272,28/04/26,5:27:4
18214,0.2,18.214,197.6501592181838,14017226352,2026-04-28 05:27:22.630272,28/04/26,5:27:22
20586,0.17,20.586,174.87612940833577,14017246938,2026-04-28 05:27:43.216272,28/04/26,5:27:43
20764,0.17,20.764,173.37699865151222,14017267702,2026-04-28 05:28:03.980272,28/04/26,5:28:3
20793,0.17,20.793,173.13518972731208,14017288495,2026-04-28 05:28:24.773272,28/04/26,5:28:24
21282,0.17,21.282,169.15703411333521,14017309777,2026-04-28 05:28:46.055272,28/04/26,5:28:46
21351,0.17,21.351,168.61036953772657,14017331128,2026-04-28 05:29:07.406272,28/04/26,5:29:7
21522,0.17,21.522,167.27069974909395,14017352650,2026-04-28 05:29:28.928272,28/04/26,5:29:28
21646,0.17,21.646,166.31248267578306,14017374296,2026-04-28 05:29:50.574272,28/04/26,5:29:50
21540,0.17,21.54,167.13091922005572,14017395836,2026-04-28 05:30:12.114272,28/04/26,5:30:12
21679,0.17,21.679,166.05932007933944,14017417515,2026-04-28 05:30:33.793272,28/04/26,5:30:33
21835,0.16,21.835,164.87291046485,14017439350,2026-04-28 05:30:55.628272,28/04/26,5:30:55
21943,0.16,21.943,164.06143189171945,14017461293,2026-04-28 05:31:17.571272,28/04/26,5:31:17
21970,0.16,21.97,163.85980883022305,14017483263,2026-04-28 05:31:39.541272,28/04/26,5:31:39
22170,0.16,22.17,162.38159675236807,14017505433,2026-04-28 05:32:01.711272,28/04/26,5:32:1
22022,0.16,22.022,163.47289074561803,14017527455,2026-04-28 05:32:23.733272,28/04/26,5:32:23
22182,0.16,22.182,162.2937516905599,14017549637,2026-04-28 05:32:45.915272,28/04/26,5:32:45
22122,0.16,22.122,162.73393002441009,14017571759,2026-04-28 05:33:08.037272,28/04/26,5:33:8
22262,0.16,22.262,161.71053813673524,14017594021,2026-04-28 05:33:30.299272,28/04/26,5:33:30
22337,0.16,22.337,161.16756950351436,14017616358,2026-04-28 05:33:52.636272,28/04/26,5:33:52
22484,0.16,22.484,160.11385874399573,14017638842,2026-04-28 05:34:15.120272,28/04/26,5:34:15
22897,0.16,22.897,157.22583744595363,14017661739,2026-04-28 05:34:38.017272,28/04/26,5:34:38
33647,0.11,33.647,106.99319404404554,14017695386,2026-04-28 05:35:11.664272,28/04/26,5:35:11
39503,0.09,39.503,91.13231906437485,14017734889,2026-04-28 05:35:51.167272,28/04/26,5:35:51
38921,0.09,38.921,92.49505408391357,14017773810,2026-04-28 05:36:30.088272,28/04/26,5:36:30
38256,0.09,38.256,94.10288582183188,14017812066,2026-04-28 05:37:08.344272,28/04/26,5:37:8
39014,0.09,39.014,92.27456810375763,14017851080,2026-04-28 05:37:47.358272,28/04/26,5:37:47
38861,0.09,38.861,92.63786315328993,14017889941,2026-04-28 05:38:26.219272,28/04/26,5:38:26
38635,0.09,38.635,93.17975928562184,14017928576,2026-04-28 05:39:04.854272,28/04/26,5:39:4
38837,0.09,38.837,92.69511033292994,14017967413,2026-04-28 05:39:43.691272,28/04/26,5:39:43
38789,0.09,38.789,92.80981721622109,14018006202,2026-04-28 05:40:22.480272,28/04/26,5:40:22
39052,0.09,39.052,92.18477926866741,14018045254,2026-04-28 05:41:01.532272,28/04/26,5:41:1
38708,0.09,38.708,93.0040301746409,14018083962,2026-04-28 05:41:40.240272,28/04/26,5:41:40
38903,0.09,38.903,92.53785055137136,14018122865,2026-04-28 05:42:19.143272,28/04/26,5:42:19
38845,0.09,38.845,92.67602007980435,14018161710,2026-04-28 05:42:57.988272,28/04/26,5:42:57
38538,0.09,38.538,93.41429238673517,14018200248,2026-04-28 05:43:36.526272,28/04/26,5:43:36
38981,0.09,38.981,92.35268464123547,14018239229,2026-04-28 05:44:15.507272,28/04/26,5:44:15
38996,0.09,38.996,92.3171607344343,14018278225,2026-04-28 05:44:54.503272,28/04/26,5:44:54
38794,0.09,38.794,92.7978553384544,14018317019,2026-04-28 05:45:33.297272,28/04/26,5:45:33
39062,0.09,39.062,92.16117966309969,14018356081,2026-04-28 05:46:12.359272,28/04/26,5:46:12
39239,0.09,39.239,91.74545732561992,14018395320,2026-04-28 05:46:51.598272,28/04/26,5:46:51
38768,0.09,38.768,92.86009079653323,14018434088,2026-04-28 05:47:30.366272,28/04/26,5:47:30
39281,0.09,39.281,91.64736131972201,14018473369,2026-04-28 05:48:09.647272,28/04/26,5:48:9
38779,0.09,38.779,92.83375022563759,14018512148,2026-04-28 05:48:48.426272,28/04/26,5:48:48
39042,0.09,39.042,92.20839096357768,14018551190,2026-04-28 05:49:27.468272,28/04/26,5:49:27
38127,0.09,38.127,94.42127626091747,14018589317,2026-04-28 05:50:05.595272,28/04/26,5:50:5
37603,0.09,37.603,95.73704225726671,14018626920,2026-04-28 05:50:43.198272,28/04/26,5:50:43
37725,0.09,37.725,95.42743538767395,14018664645,2026-04-28 05:51:20.923272,28/04/26,5:51:20
38041,0.09,38.041,94.63473620567282,14018702686,2026-04-28 05:51:58.964272,28/04/26,5:51:58
37225,0.1,37.225,96.70920080591,14018739911,2026-04-28 05:52:36.189272,28/04/26,5:52:36
37460,0.1,37.46,96.10250934329952,14018777371,2026-04-28 05:53:13.649272,28/04/26,5:53:13
38007,0.09,38.007,94.71939379587971,14018815378,2026-04-28 05:53:51.656272,28/04/26,5:53:51
37675,0.09,37.675,95.55408095554081,14018853053,2026-04-28 05:54:29.331272,28/04/26,5:54:29
37637,0.09,37.637,95.65055663310041,14018890690,2026-04-28 05:55:06.968272,28/04/26,5:55:6
38108,0.09,38.108,94.46835310171093,14018928798,2026-04-28 05:55:45.076272,28/04/26,5:55:45
37441,0.1,37.441,96.15127801073689,14018966239,2026-04-28 05:56:22.517272,28/04/26,5:56:22
36646,0.1,36.646,98.2371882333679,14019002885,2026-04-28 05:56:59.163272,28/04/26,5:56:59
36335,0.1,36.335,99.07802394385578,14019039220,2026-04-28 05:57:35.498272,28/04/26,5:57:35
37020,0.1,37.02,97.24473257698541,14019076240,2026-04-28 05:58:12.518272,28/04/26,5:58:12
36701,0.1,36.701,98.08997030053678,14019112941,2026-04-28 05:58:49.219272,28/04/26,5:58:49
36869,0.1,36.869,97.64300631967235,14019149810,2026-04-28 05:59:26.088272,28/04/26,5:59:26
36434,0.1,36.434,98.80880496239776,14019186244,2026-04-28 06:00:02.522272,28/04/26,6:0:2
36589,0.1,36.589,98.3902265708273,14019222833,2026-04-28 06:00:39.111272,28/04/26,6:0:39
37125,0.1,37.125,96.96969696969697,14019259958,2026-04-28 06:01:16.236272,28/04/26,6:1:16
38130,0.09,38.13,94.41384736428009,14019298088,2026-04-28 06:01:54.366272,28/04/26,6:1:54
38005,0.09,38.005,94.72437837126694,14019336093,2026-04-28 06:02:32.371272,28/04/26,6:2:32
37917,0.09,37.917,94.94422027059103,14019374010,2026-04-28 06:03:10.288272,28/04/26,6:3:10
38137,0.09,38.137,94.39651781734274,14019412147,2026-04-28 06:03:48.425272,28/04/26,6:3:48
38024,0.09,38.024,94.67704607616243,14019450171,2026-04-28 06:04:26.449272,28/04/26,6:4:26
38218,0.09,38.218,94.19645193364383,14019488389,2026-04-28 06:05:04.667272,28/04/26,6:5:4
38165,0.09,38.165,94.32726319926634,14019526554,2026-04-28 06:05:42.832272,28/04/26,6:5:42
38285,0.09,38.285,94.03160506725872,14019564839,2026-04-28 06:06:21.117272,28/04/26,6:6:21
38575,0.09,38.575,93.3246921581335,14019603414,2026-04-28 06:06:59.692272,28/04/26,6:6:59
37640,0.09,37.64,95.64293304994686,14019641054,2026-04-28 06:07:37.332272,28/04/26,6:7:37
38316,0.09,38.316,93.95552771688068,14019679370,2026-04-28 06:08:15.648272,28/04/26,6:8:15
38541,0.09,38.541,93.40702109441894,14019717911,2026-04-28 06:08:54.189272,28/04/26,6:8:54
38193,0.09,38.193,94.258110124892,14019756104,2026-04-28 06:09:32.382272,28/04/26,6:9:32
38183,0.09,38.183,94.28279600869497,14019794287,2026-04-28 06:10:10.565272,28/04/26,6:10:10
37802,0.09,37.802,95.23305645203958,14019832089,2026-04-28 06:10:48.367272,28/04/26,6:10:48
38220,0.09,38.22,94.19152276295134,14019870309,2026-04-28 06:11:26.587272,28/04/26,6:11:26
38416,0.09,38.416,93.7109537692628,14019908725,2026-04-28 06:12:05.003272,28/04/26,6:12:5
37989,0.09,37.989,94.76427386875147,14019946714,2026-04-28 06:12:42.992272,28/04/26,6:12:42
37897,0.09,37.897,94.99432672770932,14019984611,2026-04-28 06:13:20.889272,28/04/26,6:13:20
38586,0.09,38.586,93.29808738920852,14020023197,2026-04-28 06:13:59.475272,28/04/26,6:13:59
38553,0.09,38.553,93.37794724145981,14020061750,2026-04-28 06:14:38.028272,28/04/26,6:14:38
39099,0.09,39.099,92.07396608608916,14020100849,2026-04-28 06:15:17.127272,28/04/26,6:15:17
39123,0.09,39.123,92.01748332183115,14020139972,2026-04-28 06:15:56.250272,28/04/26,6:15:56
38208,0.09,38.208,94.22110552763819,14020178180,2026-04-28 06:16:34.458272,28/04/26,6:16:34
36677,0.1,36.677,98.15415655587971,14020214857,2026-04-28 06:17:11.135272,28/04/26,6:17:11
36894,0.1,36.894,97.57684176288828,14020251751,2026-04-28 06:17:48.029272,28/04/26,6:17:48
36721,0.1,36.721,98.03654584570137,14020288472,2026-04-28 06:18:24.750272,28/04/26,6:18:24
18263,0.2,18.263,197.11985982587746,14020306735,2026-04-28 06:18:43.013272,28/04/26,6:18:43
20566,0.17,20.566,175.0461927453078,14020327301,2026-04-28 06:19:03.579272,28/04/26,6:19:3
20327,0.18,20.327,177.10434397599252,14020347628,2026-04-28 06:19:23.906272,28/04/26,6:19:23
20029,0.18,20.029,179.73937790204204,14020367657,2026-04-28 06:19:43.935272,28/04/26,6:19:43
20389,0.18,20.389,176.5657952817696,14020388046,2026-04-28 06:20:04.324272,28/04/26,6:20:4
20449,0.18,20.449,176.04772849528095,14020408495,2026-04-28 06:20:24.773272,28/04/26,6:20:24
20664,0.17,20.664,174.21602787456445,14020429159,2026-04-28 06:20:45.437272,28/04/26,6:20:45
20674,0.17,20.674,174.1317596981716,14020449833,2026-04-28 06:21:06.111272,28/04/26,6:21:6
20765,0.17,20.765,173.36864916927522,14020470598,2026-04-28 06:21:26.876272,28/04/26,6:21:26
20917,0.17,20.917,172.1088110149639,14020491515,2026-04-28 06:21:47.793272,28/04/26,6:21:47
20867,0.17,20.867,172.52120573153783,14020512382,2026-04-28 06:22:08.660272,28/04/26,6:22:8
21087,0.17,21.087,170.72129748186086,14020533469,2026-04-28 06:22:29.747272,28/04/26,6:22:29
21221,0.17,21.221,169.6432778851138,14020554690,2026-04-28 06:22:50.968272,28/04/26,6:22:50
21125,0.17,21.125,170.41420118343194,14020575815,2026-04-28 06:23:12.093272,28/04/26,6:23:12
21311,0.17,21.311,168.9268452911642,14020597126,2026-04-28 06:23:33.404272,28/04/26,6:23:33
21312,0.17,21.312,168.9189189189189,14020618438,2026-04-28 06:23:54.716272,28/04/26,6:23:54
21258,0.17,21.258,169.34801016088062,14020639696,2026-04-28 06:24:15.974272,28/04/26,6:24:15
21426,0.17,21.426,168.02016241949033,14020661122,2026-04-28 06:24:37.400272,28/04/26,6:24:37
21651,0.17,21.651,166.27407510045725,14020682773,2026-04-28 06:24:59.051272,28/04/26,6:24:59
21493,0.17,21.493,167.49639417484764,14020704266,2026-04-28 06:25:20.544272,28/04/26,6:25:20
21669,0.17,21.669,166.13595458950576,14020725935,2026-04-28 06:25:42.213272,28/04/26,6:25:42
21764,0.17,21.764,165.4107700790296,14020747699,2026-04-28 06:26:03.977272,28/04/26,6:26:3
32522,0.11,32.522,110.69429924358896,14020780221,2026-04-28 06:26:36.499272,28/04/26,6:26:36
35248,0.1,35.248,102.13345438039038,14020815469,2026-04-28 06:27:11.747272,28/04/26,6:27:11
35238,0.1,35.238,102.16243827686021,14020850707,2026-04-28 06:27:46.985272,28/04/26,6:27:46
35227,0.1,35.227,102.19433956908054,14020885934,2026-04-28 06:28:22.212272,28/04/26,6:28:22
36281,0.1,36.281,99.22548992585651,14020922215,2026-04-28 06:28:58.493272,28/04/26,6:28:58
35702,0.1,35.702,100.83468713237353,14020957917,2026-04-28 06:29:34.195272,28/04/26,6:29:34
35694,0.1,35.694,100.85728693898135,14020993611,2026-04-28 06:30:09.889272,28/04/26,6:30:9
35836,0.1,35.836,100.4576403616475,14021029447,2026-04-28 06:30:45.725272,28/04/26,6:30:45
36006,0.1,36.006,99.98333611064822,14021065453,2026-04-28 06:31:21.731272,28/04/26,6:31:21
36251,0.1,36.251,99.3076053074398,14021101704,2026-04-28 06:31:57.982272,28/04/26,6:31:57
34745,0.1,34.745,103.61203050798676,14021136449,2026-04-28 06:32:32.727272,28/04/26,6:32:32
35133,0.1,35.133,102.46776534881735,14021171582,2026-04-28 06:33:07.860272,28/04/26,6:33:7
34823,0.1,34.823,103.37995003302414,14021206405,2026-04-28 06:33:42.683272,28/04/26,6:33:42
35179,0.1,35.179,102.33377867477756,14021241584,2026-04-28 06:34:17.862272,28/04/26,6:34:17
36107,0.1,36.107,99.70365857036032,14021277691,2026-04-28 06:34:53.969272,28/04/26,6:34:53
35872,0.1,35.872,100.35682426404996,14021313563,2026-04-28 06:35:29.841272,28/04/26,6:35:29
36030,0.1,36.03,99.91673605328893,14021349593,2026-04-28 06:36:05.871272,28/04/26,6:36:5
36028,0.1,36.028,99.9222826690352,14021385621,2026-04-28 06:36:41.899272,28/04/26,6:36:41
35878,0.1,35.878,100.34004125090584,14021421499,2026-04-28 06:37:17.777272,28/04/26,6:37:17
36085,0.1,36.085,99.76444506027435,14021457584,2026-04-28 06:37:53.862272,28/04/26,6:37:53
35844,0.1,35.844,100.4352192835621,14021493428,2026-04-28 06:38:29.706272,28/04/26,6:38:29
36106,0.1,36.106,99.70641998559796,14021529534,2026-04-28 06:39:05.812272,28/04/26,6:39:5
36789,0.1,36.789,97.85533719318275,14021566323,2026-04-28 06:39:42.601272,28/04/26,6:39:42
36765,0.1,36.765,97.91921664626683,14021603088,2026-04-28 06:40:19.366272,28/04/26,6:40:19
36887,0.1,36.887,97.5953587984927,14021639975,2026-04-28 06:40:56.253272,28/04/26,6:40:56
36947,0.1,36.947,97.43686902860854,14021676922,2026-04-28 06:41:33.200272,28/04/26,6:41:33
37175,0.1,37.175,96.83927370544721,14021714097,2026-04-28 06:42:10.375272,28/04/26,6:42:10
37235,0.1,37.235,96.68322814556197,14021751332,2026-04-28 06:42:47.610272,28/04/26,6:42:47
37579,0.09,37.579,95.79818515660342,14021788911,2026-04-28 06:43:25.189272,28/04/26,6:43:25
37911,0.09,37.911,94.95924665664319,14021826822,2026-04-28 06:44:03.100272,28/04/26,6:44:3
37668,0.09,37.668,95.57183816502071,14021864490,2026-04-28 06:44:40.768272,28/04/26,6:44:40
37831,0.09,37.831,95.16005392403056,14021902321,2026-04-28 06:45:18.599272,28/04/26,6:45:18
37953,0.09,37.953,94.85416172634574,14021940274,2026-04-28 06:45:56.552272,28/04/26,6:45:56
34492,0.1,34.492,104.37202829641656,14021974766,2026-04-28 06:46:31.044272,28/04/26,6:46:31
30832,0.12,30.832,116.7618059159315,14022005598,2026-04-28 06:47:01.876272,28/04/26,6:47:1
30225,0.12,30.225,119.10669975186104,14022035823,2026-04-28 06:47:32.101272,28/04/26,6:47:32
30892,0.12,30.892,116.53502524925547,14022066715,2026-04-28 06:48:02.993272,28/04/26,6:48:2
30358,0.12,30.358,118.58488701495487,14022097073,2026-04-28 06:48:33.351272,28/04/26,6:48:33
30850,0.12,30.85,116.6936790923825,14022127923,2026-04-28 06:49:04.201272,28/04/26,6:49:4
30605,0.12,30.605,117.62783858846593,14022158528,2026-04-28 06:49:34.806272,28/04/26,6:49:34
30761,0.12,30.761,117.03130587432138,14022189289,2026-04-28 06:50:05.567272,28/04/26,6:50:5
30601,0.12,30.601,117.64321427404333,14022219890,2026-04-28 06:50:36.168272,28/04/26,6:50:36
31530,0.11,31.53,114.17697431018078,14022251420,2026-04-28 06:51:07.698272,28/04/26,6:51:7
31393,0.11,31.393,114.67524607396554,14022282813,2026-04-28 06:51:39.091272,28/04/26,6:51:39
31541,0.11,31.541,114.1371548143686,14022314354,2026-04-28 06:52:10.632272,28/04/26,6:52:10
31482,0.11,31.482,114.35105774728416,14022345836,2026-04-28 06:52:42.114272,28/04/26,6:52:42
31311,0.11,31.311,114.97556769186548,14022377147,2026-04-28 06:53:13.425272,28/04/26,6:53:13
31621,0.11,31.621,113.84839189146453,14022408768,2026-04-28 06:53:45.046272,28/04/26,6:53:45
31361,0.11,31.361,114.79225789993941,14022440129,2026-04-28 06:54:16.407272,28/04/26,6:54:16
31477,0.11,31.477,114.36922197159831,14022471606,2026-04-28 06:54:47.884272,28/04/26,6:54:47
31651,0.11,31.651,113.74048213326593,14022503257,2026-04-28 06:55:19.535272,28/04/26,6:55:19
31644,0.11,31.644,113.76564277588169,14022534901,2026-04-28 06:55:51.179272,28/04/26,6:55:51
31292,0.12,31.292,115.04537901060974,14022566193,2026-04-28 06:56:22.471272,28/04/26,6:56:22
30697,0.12,30.697,117.27530377561325,14022596890,2026-04-28 06:56:53.168272,28/04/26,6:56:53
30749,0.12,30.749,117.07697811310936,14022627639,2026-04-28 06:57:23.917272,28/04/26,6:57:23
30292,0.12,30.292,118.84325894625644,14022657931,2026-04-28 06:57:54.209272,28/04/26,6:57:54
30805,0.12,30.805,116.86414543093653,14022688736,2026-04-28 06:58:25.014272,28/04/26,6:58:25
30738,0.12,30.738,117.11887565879367,14022719474,2026-04-28 06:58:55.752272,28/04/26,6:58:55
30906,0.12,30.906,116.48223645894001,14022750380,2026-04-28 06:59:26.658272,28/04/26,6:59:26
30646,0.12,30.646,117.4704692292632,14022781026,2026-04-28 06:59:57.304272,28/04/26,6:59:57
30675,0.12,30.675,117.35941320293398,14022811701,2026-04-28 07:00:27.979272,28/04/26,7:0:27
30952,0.12,30.952,116.30912380460067,14022842653,2026-04-28 07:00:58.931272,28/04/26,7:0:58
30953,0.12,30.953,116.3053662003683,14022873606,2026-04-28 07:01:29.884272,28/04/26,7:1:29
31081,0.12,31.081,115.82638911231942,14022904687,2026-04-28 07:02:00.965272,28/04/26,7:2:0
30519,0.12,30.519,117.95930404010616,14022935206,2026-04-28 07:02:31.484272,28/04/26,7:2:31
30836,0.12,30.836,116.74665974834609,14022966042,2026-04-28 07:03:02.320272,28/04/26,7:3:2
30144,0.12,30.144,119.4267515923567,14022996186,2026-04-28 07:03:32.464272,28/04/26,7:3:32
31128,0.12,31.128,115.6515034695451,14023027314,2026-04-28 07:04:03.592272,28/04/26,7:4:3
30992,0.12,30.992,116.15900877645844,14023058306,2026-04-28 07:04:34.584272,28/04/26,7:4:34
31013,0.12,31.013,116.08035340018702,14023089319,2026-04-28 07:05:05.597272,28/04/26,7:5:5
30971,0.12,30.971,116.23777081786187,14023120290,2026-04-28 07:05:36.568272,28/04/26,7:5:36
30904,0.12,30.904,116.48977478643542,14023151194,2026-04-28 07:06:07.472272,28/04/26,7:6:7
30971,0.12,30.971,116.23777081786187,14023182165,2026-04-28 07:06:38.443272,28/04/26,7:6:38
30820,0.12,30.82,116.80726800778716,14023212985,2026-04-28 07:07:09.263272,28/04/26,7:7:9
31359,0.11,31.359,114.79957906821008,14023244344,2026-04-28 07:07:40.622272,28/04/26,7:7:40
31646,0.11,31.646,113.75845288504077,14023275990,2026-04-28 07:08:12.268272,28/04/26,7:8:12
31448,0.11,31.448,114.47468837445942,14023307438,2026-04-28 07:08:43.716272,28/04/26,7:8:43
31605,0.11,31.605,113.90602752728998,14023339043,2026-04-28 07:09:15.321272,28/04/26,7:9:15
31327,0.11,31.327,114.91684489418074,14023370370,2026-04-28 07:09:46.648272,28/04/26,7:9:46
17818,0.2,17.818,202.0428779885509,14023388188,2026-04-28 07:10:04.466272,28/04/26,7:10:4
18745,0.19,18.745,192.0512136569752,14023406933,2026-04-28 07:10:23.211272,28/04/26,7:10:23
18849,0.19,18.849,190.99156453923285,14023425782,2026-04-28 07:10:42.060272,28/04/26,7:10:42
18914,0.19,18.914,190.33520143808818,14023444696,2026-04-28 07:11:00.974272,28/04/26,7:11:0
18897,0.19,18.897,190.50642959199874,14023463593,2026-04-28 07:11:19.871272,28/04/26,7:11:19
19023,0.19,19.023,189.24459864374705,14023482616,2026-04-28 07:11:38.894272,28/04/26,7:11:38
19052,0.19,19.052,188.95653999580097,14023501668,2026-04-28 07:11:57.946272,28/04/26,7:11:57
18947,0.19,18.947,190.00369451628225,14023520615,2026-04-28 07:12:16.893272,28/04/26,7:12:16
19217,0.19,19.217,187.33413123796637,14023539832,2026-04-28 07:12:36.110272,28/04/26,7:12:36
19403,0.19,19.403,185.53831881667784,14023559235,2026-04-28 07:12:55.513272,28/04/26,7:12:55
19137,0.19,19.137,188.11725975858286,14023578372,2026-04-28 07:13:14.650272,28/04/26,7:13:14
19398,0.19,19.398,185.58614290133002,14023597770,2026-04-28 07:13:34.048272,28/04/26,7:13:34
19274,0.19,19.274,186.78011829407492,14023617044,2026-04-28 07:13:53.322272,28/04/26,7:13:53
19494,0.18,19.494,184.67220683287167,14023636538,2026-04-28 07:14:12.816272,28/04/26,7:14:12
19582,0.18,19.582,183.84230415687875,14023656120,2026-04-28 07:14:32.398272,28/04/26,7:14:32
19479,0.18,19.479,184.8144155244109,14023675599,2026-04-28 07:14:51.877272,28/04/26,7:14:51
19249,0.19,19.249,187.0227024780508,14023694848,2026-04-28 07:15:11.126272,28/04/26,7:15:11
19369,0.19,19.369,185.86400949971605,14023714217,2026-04-28 07:15:30.495272,28/04/26,7:15:30
19531,0.18,19.531,184.32235932619938,14023733748,2026-04-28 07:15:50.026272,28/04/26,7:15:50
19536,0.18,19.536,184.27518427518427,14023753284,2026-04-28 07:16:09.562272,28/04/26,7:16:9
19717,0.18,19.717,182.58355733630876,14023773001,2026-04-28 07:16:29.279272,28/04/26,7:16:29
19726,0.18,19.726,182.50025347257426,14023792727,2026-04-28 07:16:49.005272,28/04/26,7:16:49
19014,0.19,19.014,189.33417481855474,14023811741,2026-04-28 07:17:08.019272,28/04/26,7:17:8
19457,0.19,19.457,185.02338490003598,14023831198,2026-04-28 07:17:27.476272,28/04/26,7:17:27
27239,0.13,27.239,132.16344212342597,14023858437,2026-04-28 07:17:54.715272,28/04/26,7:17:54
30598,0.12,30.598,117.65474867638407,14023889035,2026-04-28 07:18:25.313272,28/04/26,7:18:25
30150,0.12,30.15,119.40298507462687,14023919185,2026-04-28 07:18:55.463272,28/04/26,7:18:55
29917,0.12,29.917,120.33292108165925,14023949102,2026-04-28 07:19:25.380272,28/04/26,7:19:25
30411,0.12,30.411,118.37821840781297,14023979513,2026-04-28 07:19:55.791272,28/04/26,7:19:55
30631,0.12,30.631,117.52799451536026,14024010144,2026-04-28 07:20:26.422272,28/04/26,7:20:26
30145,0.12,30.145,119.42278984906287,14024040289,2026-04-28 07:20:56.567272,28/04/26,7:20:56
30268,0.12,30.268,118.93749174045196,14024070557,2026-04-28 07:21:26.835272,28/04/26,7:21:26
30389,0.12,30.389,118.46391786501695,14024100946,2026-04-28 07:21:57.224272,28/04/26,7:21:57
30420,0.12,30.42,118.34319526627219,14024131366,2026-04-28 07:22:27.644272,28/04/26,7:22:27
30607,0.12,30.607,117.62015225275263,14024161973,2026-04-28 07:22:58.251272,28/04/26,7:22:58
30245,0.12,30.245,119.02793850223178,14024192218,2026-04-28 07:23:28.496272,28/04/26,7:23:28
30456,0.12,30.456,118.2033096926714,14024222674,2026-04-28 07:23:58.952272,28/04/26,7:23:58
30297,0.12,30.297,118.8236459055352,14024252971,2026-04-28 07:24:29.249272,28/04/26,7:24:29
30382,0.12,30.382,118.49121190178396,14024283353,2026-04-28 07:24:59.631272,28/04/26,7:24:59
30233,0.12,30.233,119.07518274732908,14024313586,2026-04-28 07:25:29.864272,28/04/26,7:25:29
30436,0.12,30.436,118.28098304639244,14024344022,2026-04-28 07:26:00.300272,28/04/26,7:26:0
30415,0.12,30.415,118.36265000821963,14024374437,2026-04-28 07:26:30.715272,28/04/26,7:26:30
30092,0.12,30.092,119.63312508307855,14024404529,2026-04-28 07:27:00.807272,28/04/26,7:27:0
29751,0.12,29.751,121.00433598870626,14024434280,2026-04-28 07:27:30.558272,28/04/26,7:27:30
30099,0.12,30.099,119.60530250174425,14024464379,2026-04-28 07:28:00.657272,28/04/26,7:28:0
29857,0.12,29.857,120.57473959205547,14024494236,2026-04-28 07:28:30.514272,28/04/26,7:28:30
30530,0.12,30.53,117.91680314444808,14024524766,2026-04-28 07:29:01.044272,28/04/26,7:29:1
30365,0.12,30.365,118.55754981063724,14024555131,2026-04-28 07:29:31.409272,28/04/26,7:29:31
30670,0.12,30.67,117.37854581023802,14024585801,2026-04-28 07:30:02.079272,28/04/26,7:30:2
30289,0.12,30.289,118.8550298788339,14024616090,2026-04-28 07:30:32.368272,28/04/26,7:30:32
30443,0.12,30.443,118.25378576355813,14024646533,2026-04-28 07:31:02.811272,28/04/26,7:31:2
30359,0.12,30.359,118.58098092822557,14024676892,2026-04-28 07:31:33.170272,28/04/26,7:31:33
30495,0.12,30.495,118.05213969503197,14024707387,2026-04-28 07:32:03.665272,28/04/26,7:32:3
30120,0.12,30.12,119.5219123505976,14024737507,2026-04-28 07:32:33.785272,28/04/26,7:32:33
30766,0.12,30.766,117.01228629006046,14024768273,2026-04-28 07:33:04.551272,28/04/26,7:33:4
30250,0.12,30.25,119.00826446280992,14024798523,2026-04-28 07:33:34.801272,28/04/26,7:33:34
31063,0.12,31.063,115.89350674435823,14024829586,2026-04-28 07:34:05.864272,28/04/26,7:34:5
31168,0.12,31.168,115.50308008213553,14024860754,2026-04-28 07:34:37.032272,28/04/26,7:34:37
31574,0.11,31.574,114.01786279850509,14024892328,2026-04-28 07:35:08.606272,28/04/26,7:35:8
31420,0.11,31.42,114.57670273711012,14024923748,2026-04-28 07:35:40.026272,28/04/26,7:35:40
31453,0.11,31.453,114.45649063682319,14024955201,2026-04-28 07:36:11.479272,28/04/26,7:36:11
31804,0.11,31.804,113.19330901773363,14024987005,2026-04-28 07:36:43.283272,28/04/26,7:36:43
31650,0.11,31.65,113.74407582938389,14025018655,2026-04-28 07:37:14.933272,28/04/26,7:37:14
31628,0.11,31.628,113.82319463766284,14025050283,2026-04-28 07:37:46.561272,28/04/26,7:37:46
31550,0.11,31.55,114.10459587955626,14025081833,2026-04-28 07:38:18.111272,28/04/26,7:38:18
31311,0.11,31.311,114.97556769186548,14025113144,2026-04-28 07:38:49.422272,28/04/26,7:38:49
31594,0.11,31.594,113.9456858897259,14025144738,2026-04-28 07:39:21.016272,28/04/26,7:39:21
31818,0.11,31.818,113.14350367716386,14025176556,2026-04-28 07:39:52.834272,28/04/26,7:39:52
31827,0.11,31.827,113.11150909605053,14025208383,2026-04-28 07:40:24.661272,28/04/26,7:40:24
31667,0.11,31.667,113.68301386301196,14025240050,2026-04-28 07:40:56.328272,28/04/26,7:40:56
31604,0.11,31.604,113.90963169219086,14025271654,2026-04-28 07:41:27.932272,28/04/26,7:41:27
31808,0.11,31.808,113.17907444668008,14025303462,2026-04-28 07:41:59.740272,28/04/26,7:41:59
31215,0.12,31.215,115.32916866890918,14025334677,2026-04-28 07:42:30.955272,28/04/26,7:42:30
31775,0.11,31.775,113.29661683713611,14025366452,2026-04-28 07:43:02.730272,28/04/26,7:43:2
31310,0.11,31.31,114.97923985946981,14025397762,2026-04-28 07:43:34.040272,28/04/26,7:43:34
31766,0.11,31.766,113.32871623748662,14025429528,2026-04-28 07:44:05.806272,28/04/26,7:44:5
31507,0.11,31.507,114.26032310280254,14025461035,2026-04-28 07:44:37.313272,28/04/26,7:44:37
31433,0.11,31.433,114.52931632360895,14025492468,2026-04-28 07:45:08.746272,28/04/26,7:45:8
31583,0.11,31.583,113.98537187727575,14025524051,2026-04-28 07:45:40.329272,28/04/26,7:45:40
32019,0.11,32.019,112.43324276211,14025556070,2026-04-28 07:46:12.348272,28/04/26,7:46:12
32089,0.11,32.089,112.18797718844463,14025588159,2026-04-28 07:46:44.437272,28/04/26,7:46:44
39056,0.09,39.056,92.17533797623925,14025627215,2026-04-28 07:47:23.493272,28/04/26,7:47:23
39525,0.09,39.525,91.08159392789373,14025666740,2026-04-28 07:48:03.018272,28/04/26,7:48:3
38887,0.09,38.887,92.5759251163628,14025705627,2026-04-28 07:48:41.905272,28/04/26,7:48:41
39078,0.09,39.078,92.12344541685859,14025744705,2026-04-28 07:49:20.983272,28/04/26,7:49:20
38886,0.09,38.886,92.57830581700355,14025783591,2026-04-28 07:49:59.869272,28/04/26,7:49:59
38936,0.09,38.936,92.45942058763099,14025822527,2026-04-28 07:50:38.805272,28/04/26,7:50:38
39575,0.09,39.575,90.96651926721415,14025862102,2026-04-28 07:51:18.380272,28/04/26,7:51:18
39430,0.09,39.43,91.30103981739792,14025901532,2026-04-28 07:51:57.810272,28/04/26,7:51:57
38858,0.09,38.858,92.6450151834886,14025940390,2026-04-28 07:52:36.668272,28/04/26,7:52:36
39253,0.09,39.253,91.71273533233129,14025979643,2026-04-28 07:53:15.921272,28/04/26,7:53:15
39055,0.09,39.055,92.17769811803866,14026018698,2026-04-28 07:53:54.976272,28/04/26,7:53:54
39238,0.09,39.238,91.74779550435802,14026057936,2026-04-28 07:54:34.214272,28/04/26,7:54:34
39172,0.09,39.172,91.90237925048504,14026097108,2026-04-28 07:55:13.386272,28/04/26,7:55:13
39463,0.09,39.463,91.22469148316144,14026136571,2026-04-28 07:55:52.849272,28/04/26,7:55:52
38321,0.09,38.321,93.94326870384384,14026174892,2026-04-28 07:56:31.170272,28/04/26,7:56:31
38096,0.09,38.096,94.49811003779925,14026212988,2026-04-28 07:57:09.266272,28/04/26,7:57:9
37719,0.09,37.719,95.44261512765449,14026250707,2026-04-28 07:57:46.985272,28/04/26,7:57:46
37927,0.09,37.927,94.91918685896592,14026288634,2026-04-28 07:58:24.912272,28/04/26,7:58:24
38111,0.09,38.111,94.46091679567579,14026326745,2026-04-28 07:59:03.023272,28/04/26,7:59:3
38134,0.09,38.134,94.40394398699324,14026364879,2026-04-28 07:59:41.157272,28/04/26,7:59:41
37226,0.1,37.226,96.70660291194326,14026402105,2026-04-28 08:00:18.383272,28/04/26,8:0:18
37925,0.09,37.925,94.92419248516809,14026440030,2026-04-28 08:00:56.308272,28/04/26,8:0:56
35954,0.1,35.954,100.12794125827446,14026475984,2026-04-28 08:01:32.262272,28/04/26,8:1:32
18657,0.19,18.657,192.9570670525808,14026494641,2026-04-28 08:01:50.919272,28/04/26,8:1:50
20822,0.17,20.822,172.89405436557487,14026515463,2026-04-28 08:02:11.741272,28/04/26,8:2:11
20972,0.17,20.972,171.65744802593935,14026536435,2026-04-28 08:02:32.713272,28/04/26,8:2:32
21173,0.17,21.173,170.0278656779861,14026557608,2026-04-28 08:02:53.886272,28/04/26,8:2:53
21231,0.17,21.231,169.5633743111488,14026578839,2026-04-28 08:03:15.117272,28/04/26,8:3:15
21350,0.17,21.35,168.61826697892272,14026600189,2026-04-28 08:03:36.467272,28/04/26,8:3:36
21599,0.17,21.599,166.67438307329044,14026621788,2026-04-28 08:03:58.066272,28/04/26,8:3:58
21548,0.17,21.548,167.06886950064973,14026643336,2026-04-28 08:04:19.614272,28/04/26,8:4:19
21706,0.17,21.706,165.852759605639,14026665042,2026-04-28 08:04:41.320272,28/04/26,8:4:41
21910,0.16,21.91,164.30853491556368,14026686952,2026-04-28 08:05:03.230272,28/04/26,8:5:3
21833,0.16,21.833,164.8880135574589,14026708785,2026-04-28 08:05:25.063272,28/04/26,8:5:25
22003,0.16,22.003,163.61405262918692,14026730788,2026-04-28 08:05:47.066272,28/04/26,8:5:47
22167,0.16,22.167,162.40357287860334,14026752955,2026-04-28 08:06:09.233272,28/04/26,8:6:9
22254,0.16,22.254,161.76867080075493,14026775209,2026-04-28 08:06:31.487272,28/04/26,8:6:31
22380,0.16,22.38,160.85790884718497,14026797589,2026-04-28 08:06:53.867272,28/04/26,8:6:53
22379,0.16,22.379,160.8650967424818,14026819968,2026-04-28 08:07:16.246272,28/04/26,8:7:16
22934,0.16,22.934,156.9721810412488,14026842902,2026-04-28 08:07:39.180272,28/04/26,8:7:39
22624,0.16,22.624,159.1230551626591,14026865526,2026-04-28 08:08:01.804272,28/04/26,8:8:1
22957,0.16,22.957,156.8149148407893,14026888483,2026-04-28 08:08:24.761272,28/04/26,8:8:24
22949,0.16,22.949,156.8695803738725,14026911432,2026-04-28 08:08:47.710272,28/04/26,8:8:47
36462,0.1,36.462,98.73292743129834,14026947894,2026-04-28 08:09:24.172272,28/04/26,8:9:24
39439,0.09,39.439,91.28020487334872,14026987333,2026-04-28 08:10:03.611272,28/04/26,8:10:3
39690,0.09,39.69,90.70294784580499,14027027023,2026-04-28 08:10:43.301272,28/04/26,8:10:43
39390,0.09,39.39,91.3937547600914,14027066413,2026-04-28 08:11:22.691272,28/04/26,8:11:22
39324,0.09,39.324,91.547146780592,14027105737,2026-04-28 08:12:02.015272,28/04/26,8:12:2
39034,0.09,39.034,92.22728903007635,14027144771,2026-04-28 08:12:41.049272,28/04/26,8:12:41
38839,0.09,38.839,92.69033703236438,14027183610,2026-04-28 08:13:19.888272,28/04/26,8:13:19
39332,0.09,39.332,91.5285263907251,14027222942,2026-04-28 08:13:59.220272,28/04/26,8:13:59
39444,0.09,39.444,91.26863401277761,14027262386,2026-04-28 08:14:38.664272,28/04/26,8:14:38
38979,0.09,38.979,92.35742322789194,14027301365,2026-04-28 08:15:17.643272,28/04/26,8:15:17
39053,0.09,39.053,92.18241876424347,14027340418,2026-04-28 08:15:56.696272,28/04/26,8:15:56
39170,0.09,39.17,91.90707173857544,14027379588,2026-04-28 08:16:35.866272,28/04/26,8:16:35
36674,0.1,36.674,98.16218574466924,14027416262,2026-04-28 08:17:12.540272,28/04/26,8:17:12
37859,0.09,37.859,95.08967484613963,14027454121,2026-04-28 08:17:50.399272,28/04/26,8:17:50
38416,0.09,38.416,93.7109537692628,14027492537,2026-04-28 08:18:28.815272,28/04/26,8:18:28
38493,0.09,38.493,93.52349777881693,14027531030,2026-04-28 08:19:07.308272,28/04/26,8:19:7
38575,0.09,38.575,93.3246921581335,14027569605,2026-04-28 08:19:45.883272,28/04/26,8:19:45
38264,0.09,38.264,94.08321137361489,14027607869,2026-04-28 08:20:24.147272,28/04/26,8:20:24
38389,0.09,38.389,93.77686316392716,14027646258,2026-04-28 08:21:02.536272,28/04/26,8:21:2
38574,0.09,38.574,93.32711152589827,14027684832,2026-04-28 08:21:41.110272,28/04/26,8:21:41
38219,0.09,38.219,94.19398728381172,14027723051,2026-04-28 08:22:19.329272,28/04/26,8:22:19
38387,0.09,38.387,93.7817490296194,14027761438,2026-04-28 08:22:57.716272,28/04/26,8:22:57
38452,0.09,38.452,93.62321855820244,14027799890,2026-04-28 08:23:36.168272,28/04/26,8:23:36
38548,0.09,38.548,93.39005914703746,14027838438,2026-04-28 08:24:14.716272,28/04/26,8:24:14
38569,0.09,38.569,93.33921024657108,14027877007,2026-04-28 08:24:53.285272,28/04/26,8:24:53
38899,0.09,38.899,92.54736625620195,14027915906,2026-04-28 08:25:32.184272,28/04/26,8:25:32
38481,0.09,38.481,93.55266235284945,14027954387,2026-04-28 08:26:10.665272,28/04/26,8:26:10
38144,0.09,38.144,94.37919463087249,14027992531,2026-04-28 08:26:48.809272,28/04/26,8:26:48
37463,0.1,37.463,96.09481354936871,14028029994,2026-04-28 08:27:26.272272,28/04/26,8:27:26
37677,0.09,37.677,95.54900867903496,14028067671,2026-04-28 08:28:03.949272,28/04/26,8:28:3
38230,0.09,38.23,94.16688464556631,14028105901,2026-04-28 08:28:42.179272,28/04/26,8:28:42
38518,0.09,38.518,93.46279661456981,14028144419,2026-04-28 08:29:20.697272,28/04/26,8:29:20
38778,0.09,38.778,92.83614420547734,14028183197,2026-04-28 08:29:59.475272,28/04/26,8:29:59
38590,0.09,38.59,93.28841668826121,14028221787,2026-04-28 08:30:38.065272,28/04/26,8:30:38
38074,0.09,38.074,94.5527131375742,14028259861,2026-04-28 08:31:16.139272,28/04/26,8:31:16
38844,0.09,38.844,92.67840593141798,14028298705,2026-04-28 08:31:54.983272,28/04/26,8:31:54
38368,0.09,38.368,93.82819015846539,14028337073,2026-04-28 08:32:33.351272,28/04/26,8:32:33
38527,0.09,38.527,93.44096348015677,14028375600,2026-04-28 08:33:11.878272,28/04/26,8:33:11
38815,0.09,38.815,92.74764910472756,14028414415,2026-04-28 08:33:50.693272,28/04/26,8:33:50
38837,0.09,38.837,92.69511033292994,14028453252,2026-04-28 08:34:29.530272,28/04/26,8:34:29
39429,0.09,39.429,91.30335539831088,14028492681,2026-04-28 08:35:08.959272,28/04/26,8:35:8
39198,0.09,39.198,91.84142048063677,14028531879,2026-04-28 08:35:48.157272,28/04/26,8:35:48
39574,0.09,39.574,90.96881791074948,14028571453,2026-04-28 08:36:27.731272,28/04/26,8:36:27
39273,0.09,39.273,91.66603009701322,14028610726,2026-04-28 08:37:07.004272,28/04/26,8:37:7
38887,0.09,38.887,92.5759251163628,14028649613,2026-04-28 08:37:45.891272,28/04/26,8:37:45
39070,0.09,39.07,92.14230867673406,14028688683,2026-04-28 08:38:24.961272,28/04/26,8:38:24
39335,0.09,39.335,91.52154569721623,14028728018,2026-04-28 08:39:04.296272,28/04/26,8:39:4
39188,0.09,39.188,91.86485658875166,14028767206,2026-04-28 08:39:43.484272,28/04/26,8:39:43
39293,0.09,39.293,91.61937240729901,14028806499,2026-04-28 08:40:22.777272,28/04/26,8:40:22
39612,0.09,39.612,90.88155104513784,14028846111,2026-04-28 08:41:02.389272,28/04/26,8:41:2
40121,0.09,40.121,89.72857107250567,14028886232,2026-04-28 08:41:42.510272,28/04/26,8:41:42
39325,0.09,39.325,91.54481881754609,14028925557,2026-04-28 08:42:21.835272,28/04/26,8:42:21
39511,0.09,39.511,91.11386702437296,14028965068,2026-04-28 08:43:01.346272,28/04/26,8:43:1
39994,0.09,39.994,90.0135020253038,14029005062,2026-04-28 08:43:41.340272,28/04/26,8:43:41
39947,0.09,39.947,90.11940821588605,14029045009,2026-04-28 08:44:21.287272,28/04/26,8:44:21
39567,0.09,39.567,90.98491166881492,14029084576,2026-04-28 08:45:00.854272,28/04/26,8:45:0
39689,0.09,39.689,90.70523318803698,14029124265,2026-04-28 08:45:40.543272,28/04/26,8:45:40
39765,0.09,39.765,90.53187476423992,14029164030,2026-04-28 08:46:20.308272,28/04/26,8:46:20
39897,0.09,39.897,90.23234829686443,14029203927,2026-04-28 08:47:00.205272,28/04/26,8:47:0
39527,0.09,39.527,91.07698535178486,14029243454,2026-04-28 08:47:39.732272,28/04/26,8:47:39
39552,0.09,39.552,91.01941747572816,14029283006,2026-04-28 08:48:19.284272,28/04/26,8:48:19
39972,0.09,39.972,90.06304413089163,14029322978,2026-04-28 08:48:59.256272,28/04/26,8:48:59
40161,0.09,40.161,89.63920221110033,14029363139,2026-04-28 08:49:39.417272,28/04/26,8:49:39
39241,0.09,39.241,91.7407813256543,14029402380,2026-04-28 08:50:18.658272,28/04/26,8:50:18
39782,0.09,39.782,90.49318787391283,14029442162,2026-04-28 08:50:58.440272,28/04/26,8:50:58
40130,0.09,40.13,89.7084475454772,14029482292,2026-04-28 08:51:38.570272,28/04/26,8:51:38
39595,0.09,39.595,90.92057077913879,14029521887,2026-04-28 08:52:18.165272,28/04/26,8:52:18
28669,0.12,28.669,125.57117443928982,14029550556,2026-04-28 08:52:46.834272,28/04/26,8:52:46
21430,0.17,21.43,167.9888007466169,14029571986,2026-04-28 08:53:08.264272,28/04/26,8:53:8
21474,0.17,21.474,167.64459346186086,14029593460,2026-04-28 08:53:29.738272,28/04/26,8:53:29
21287,0.17,21.287,169.1173016394983,14029614747,2026-04-28 08:53:51.025272,28/04/26,8:53:51
21477,0.17,21.477,167.62117614191925,14029636224,2026-04-28 08:54:12.502272,28/04/26,8:54:12
21729,0.17,21.729,165.67720557779924,14029657953,2026-04-28 08:54:34.231272,28/04/26,8:54:34
21818,0.17,21.818,165.00137501145844,14029679771,2026-04-28 08:54:56.049272,28/04/26,8:54:56
22459,0.16,22.459,160.29208780444364,14029702230,2026-04-28 08:55:18.508272,28/04/26,8:55:18
21985,0.16,21.985,163.74801000682282,14029724215,2026-04-28 08:55:40.493272,28/04/26,8:55:40
21992,0.16,21.992,163.6958894143325,14029746207,2026-04-28 08:56:02.485272,28/04/26,8:56:2
22067,0.16,22.067,163.1395296143563,14029768274,2026-04-28 08:56:24.552272,28/04/26,8:56:24
22121,0.16,22.121,162.74128656028208,14029790395,2026-04-28 08:56:46.673272,28/04/26,8:56:46
22418,0.16,22.418,160.58524400035685,14029812813,2026-04-28 08:57:09.091272,28/04/26,8:57:9
22357,0.16,22.357,161.02339312072283,14029835170,2026-04-28 08:57:31.448272,28/04/26,8:57:31
22554,0.16,22.554,159.6169193934557,14029857724,2026-04-28 08:57:54.002272,28/04/26,8:57:54
22725,0.16,22.725,158.41584158415841,14029880449,2026-04-28 08:58:16.727272,28/04/26,8:58:16
22616,0.16,22.616,159.1793420587195,14029903065,2026-04-28 08:58:39.343272,28/04/26,8:58:39
22725,0.16,22.725,158.41584158415841,14029925790,2026-04-28 08:59:02.068272,28/04/26,8:59:2
22675,0.16,22.675,158.7651598676957,14029948465,2026-04-28 08:59:24.743272,28/04/26,8:59:24
22853,0.16,22.853,157.52855205005906,14029971318,2026-04-28 08:59:47.596272,28/04/26,8:59:47
34009,0.1,34.009,105.85433267664442,14030005327,2026-04-28 09:00:21.605272,28/04/26,9:0:21
38821,0.09,38.821,92.73331444321373,14030044148,2026-04-28 09:01:00.426272,28/04/26,9:1:0
38991,0.09,38.991,92.32899899976918,14030083139,2026-04-28 09:01:39.417272,28/04/26,9:1:39
38175,0.09,38.175,94.30255402750491,14030121314,2026-04-28 09:02:17.592272,28/04/26,9:2:17
38142,0.09,38.142,94.38414346389807,14030159456,2026-04-28 09:02:55.734272,28/04/26,9:2:55
38781,0.09,38.781,92.82896263634254,14030198237,2026-04-28 09:03:34.515272,28/04/26,9:3:34
38963,0.09,38.963,92.39534943407848,14030237200,2026-04-28 09:04:13.478272,28/04/26,9:4:13
38735,0.09,38.735,92.93920227184717,14030275935,2026-04-28 09:04:52.213272,28/04/26,9:4:52
38851,0.09,38.851,92.66170754935523,14030314786,2026-04-28 09:05:31.064272,28/04/26,9:5:31
38903,0.09,38.903,92.53785055137136,14030353689,2026-04-28 09:06:09.967272,28/04/26,9:6:9
38127,0.09,38.127,94.42127626091747,14030391816,2026-04-28 09:06:48.094272,28/04/26,9:6:48
39829,0.09,39.829,90.38640186798564,14030431645,2026-04-28 09:07:27.923272,28/04/26,9:7:27
39497,0.09,39.497,91.1461629997215,14030471142,2026-04-28 09:08:07.420272,28/04/26,9:8:7
39398,0.09,39.398,91.37519671049292,14030510540,2026-04-28 09:08:46.818272,28/04/26,9:8:46
39416,0.09,39.416,91.33346864217576,14030549956,2026-04-28 09:09:26.234272,28/04/26,9:9:26
39516,0.09,39.516,91.10233829334953,14030589472,2026-04-28 09:10:05.750272,28/04/26,9:10:5
39702,0.09,39.702,90.67553271875472,14030629174,2026-04-28 09:10:45.452272,28/04/26,9:10:45
39673,0.09,39.673,90.74181433216545,14030668847,2026-04-28 09:11:25.125272,28/04/26,9:11:25
39911,0.09,39.911,90.20069654982336,14030708758,2026-04-28 09:12:05.036272,28/04/26,9:12:5
39915,0.09,39.915,90.19165727170237,14030748673,2026-04-28 09:12:44.951272,28/04/26,9:12:44
39227,0.09,39.227,91.77352333851684,14030787900,2026-04-28 09:13:24.178272,28/04/26,9:13:24
38905,0.09,38.905,92.53309343272073,14030826805,2026-04-28 09:14:03.083272,28/04/26,9:14:3
39037,0.09,39.037,92.22020134743961,14030865842,2026-04-28 09:14:42.120272,28/04/26,9:14:42
39066,0.09,39.066,92.15174320380893,14030904908,2026-04-28 09:15:21.186272,28/04/26,9:15:21
38922,0.09,38.922,92.49267766301834,14030943830,2026-04-28 09:16:00.108272,28/04/26,9:16:0
38382,0.09,38.382,93.79396592152571,14030982212,2026-04-28 09:16:38.490272,28/04/26,9:16:38
38661,0.09,38.661,93.1170947466439,14031020873,2026-04-28 09:17:17.151272,28/04/26,9:17:17
38419,0.09,38.419,93.70363622166116,14031059292,2026-04-28 09:17:55.570272,28/04/26,9:17:55
38834,0.09,38.834,92.70227120564454,14031098126,2026-04-28 09:18:34.404272,28/04/26,9:18:34
38929,0.09,38.929,92.4760461352719,14031137055,2026-04-28 09:19:13.333272,28/04/26,9:19:13
39059,0.09,39.059,92.16825827594153,14031176114,2026-04-28 09:19:52.392272,28/04/26,9:19:52
38864,0.09,38.864,92.63071222725401,14031214978,2026-04-28 09:20:31.256272,28/04/26,9:20:31
38799,0.09,38.799,92.78589654372536,14031253777,2026-04-28 09:21:10.055272,28/04/26,9:21:10
38624,0.09,38.624,93.2062966031483,14031292401,2026-04-28 09:21:48.679272,28/04/26,9:21:48
38904,0.09,38.904,92.53547193090685,14031331305,2026-04-28 09:22:27.583272,28/04/26,9:22:27
38937,0.09,38.937,92.45704599738039,14031370242,2026-04-28 09:23:06.520272,28/04/26,9:23:6
39212,0.09,39.212,91.80863001122106,14031409454,2026-04-28 09:23:45.732272,28/04/26,9:23:45
38733,0.09,38.733,92.94400123925335,14031448187,2026-04-28 09:24:24.465272,28/04/26,9:24:24
39130,0.09,39.13,92.00102223358037,14031487317,2026-04-28 09:25:03.595272,28/04/26,9:25:3
38719,0.09,38.719,92.97760789276583,14031526036,2026-04-28 09:25:42.314272,28/04/26,9:25:42
39164,0.09,39.164,91.92115207843938,14031565200,2026-04-28 09:26:21.478272,28/04/26,9:26:21
38671,0.09,38.671,93.09301543792506,14031603871,2026-04-28 09:27:00.149272,28/04/26,9:27:0
39429,0.09,39.429,91.30335539831088,14031643300,2026-04-28 09:27:39.578272,28/04/26,9:27:39
39531,0.09,39.531,91.06776959854291,14031682831,2026-04-28 09:28:19.109272,28/04/26,9:28:19
39076,0.09,39.076,92.12816050772852,14031721907,2026-04-28 09:28:58.185272,28/04/26,9:28:58
39379,0.09,39.379,91.41928439015719,14031761286,2026-04-28 09:29:37.564272,28/04/26,9:29:37
38598,0.09,38.598,93.2690812995492,14031799884,2026-04-28 09:30:16.162272,28/04/26,9:30:16
38392,0.09,38.392,93.7695353198583,14031838276,2026-04-28 09:30:54.554272,28/04/26,9:30:54
38763,0.09,38.763,92.87206872533086,14031877039,2026-04-28 09:31:33.317272,28/04/26,9:31:33
38460,0.09,38.46,93.60374414976599,14031915499,2026-04-28 09:32:11.777272,28/04/26,9:32:11
38249,0.09,38.249,94.12010771523438,14031953748,2026-04-28 09:32:50.026272,28/04/26,9:32:50
38818,0.09,38.818,92.74048122005256,14031992566,2026-04-28 09:33:28.844272,28/04/26,9:33:28
38185,0.09,38.185,94.2778577975645,14032030751,2026-04-28 09:34:07.029272,28/04/26,9:34:7
38133,0.09,38.133,94.40641963653529,14032068884,2026-04-28 09:34:45.162272,28/04/26,9:34:45
39445,0.09,39.445,91.26632019267335,14032108329,2026-04-28 09:35:24.607272,28/04/26,9:35:24
39521,0.09,39.521,91.09081247944131,14032147850,2026-04-28 09:36:04.128272,28/04/26,9:36:4
38589,0.09,38.589,93.29083417554226,14032186439,2026-04-28 09:36:42.717272,28/04/26,9:36:42
38272,0.09,38.272,94.06354515050167,14032224711,2026-04-28 09:37:20.989272,28/04/26,9:37:20
38354,0.09,38.354,93.8624393805079,14032263065,2026-04-28 09:37:59.343272,28/04/26,9:37:59
38903,0.09,38.903,92.53785055137136,14032301968,2026-04-28 09:38:38.246272,28/04/26,9:38:38
38729,0.09,38.729,92.95360066100338,14032340697,2026-04-28 09:39:16.975272,28/04/26,9:39:16
39193,0.09,39.193,91.85313703977751,14032379890,2026-04-28 09:39:56.168272,28/04/26,9:39:56
39505,0.09,39.505,91.12770535375269,14032419395,2026-04-28 09:40:35.673272,28/04/26,9:40:35
38686,0.09,38.686,93.05691981595409,14032458081,2026-04-28 09:41:14.359272,28/04/26,9:41:14
39807,0.09,39.807,90.43635541487679,14032497888,2026-04-28 09:41:54.166272,28/04/26,9:41:54
39948,0.09,39.948,90.11715229798739,14032537836,2026-04-28 09:42:34.114272,28/04/26,9:42:34
39929,0.09,39.929,90.1600340604573,14032577765,2026-04-28 09:43:14.043272,28/04/26,9:43:14
30966,0.12,30.966,116.25653943034295,14032608731,2026-04-28 09:43:45.009272,28/04/26,9:43:45
21607,0.17,21.607,166.61267181931782,14032630338,2026-04-28 09:44:06.616272,28/04/26,9:44:6
21439,0.17,21.439,167.91827977051167,14032651777,2026-04-28 09:44:28.055272,28/04/26,9:44:28
21458,0.17,21.458,167.76959642091526,14032673235,2026-04-28 09:44:49.513272,28/04/26,9:44:49
21776,0.17,21.776,165.31961792799413,14032695011,2026-04-28 09:45:11.289272,28/04/26,9:45:11
21807,0.17,21.807,165.0846058605035,14032716818,2026-04-28 09:45:33.096272,28/04/26,9:45:33
21980,0.16,21.98,163.7852593266606,14032738798,2026-04-28 09:45:55.076272,28/04/26,9:45:55
22145,0.16,22.145,162.56491307292842,14032760943,2026-04-28 09:46:17.221272,28/04/26,9:46:17
22161,0.16,22.161,162.4475429809124,14032783104,2026-04-28 09:46:39.382272,28/04/26,9:46:39
22450,0.16,22.45,160.35634743875278,14032805554,2026-04-28 09:47:01.832272,28/04/26,9:47:1
22463,0.16,22.463,160.2635444953924,14032828017,2026-04-28 09:47:24.295272,28/04/26,9:47:24
22753,0.16,22.753,158.22089394805081,14032850770,2026-04-28 09:47:47.048272,28/04/26,9:47:47
22635,0.16,22.635,159.04572564612326,14032873405,2026-04-28 09:48:09.683272,28/04/26,9:48:9
22785,0.16,22.785,157.99868334430548,14032896190,2026-04-28 09:48:32.468272,28/04/26,9:48:32
22937,0.16,22.937,156.95165017221083,14032919127,2026-04-28 09:48:55.405272,28/04/26,9:48:55
22414,0.16,22.414,160.61390202551976,14032941541,2026-04-28 09:49:17.819272,28/04/26,9:49:17
22469,0.16,22.469,160.22074858694202,14032964010,2026-04-28 09:49:40.288272,28/04/26,9:49:40
22643,0.16,22.643,158.98953318906504,14032986653,2026-04-28 09:50:02.931272,28/04/26,9:50:2
22867,0.16,22.867,157.43210740368215,14033009520,2026-04-28 09:50:25.798272,28/04/26,9:50:25
32187,0.11,32.187,111.84639761394352,14033041707,2026-04-28 09:50:57.985272,28/04/26,9:50:57
38300,0.09,38.3,93.99477806788512,14033080007,2026-04-28 09:51:36.285272,28/04/26,9:51:36
38512,0.09,38.512,93.47735770668882,14033118519,2026-04-28 09:52:14.797272,28/04/26,9:52:14
38830,0.09,38.83,92.71182075714654,14033157349,2026-04-28 09:52:53.627272,28/04/26,9:52:53
38891,0.09,38.891,92.56640353809365,14033196240,2026-04-28 09:53:32.518272,28/04/26,9:53:32
38746,0.09,38.746,92.9128168068962,14033234986,2026-04-28 09:54:11.264272,28/04/26,9:54:11
38683,0.09,38.683,93.06413670087636,14033273669,2026-04-28 09:54:49.947272,28/04/26,9:54:49
36541,0.1,36.541,98.51947127883747,14033310210,2026-04-28 09:55:26.488272,28/04/26,9:55:26
37093,0.1,37.093,97.05335238454695,14033347303,2026-04-28 09:56:03.581272,28/04/26,9:56:3
37808,0.09,37.808,95.21794329242488,14033385111,2026-04-28 09:56:41.389272,28/04/26,9:56:41
38211,0.09,38.211,94.21370809452776,14033423322,2026-04-28 09:57:19.600272,28/04/26,9:57:19
37888,0.09,37.888,95.01689189189189,14033461210,2026-04-28 09:57:57.488272,28/04/26,9:57:57
37842,0.09,37.842,95.13239257967338,14033499052,2026-04-28 09:58:35.330272,28/04/26,9:58:35
37205,0.1,37.205,96.76118801236393,14033536257,2026-04-28 09:59:12.535272,28/04/26,9:59:12
37848,0.09,37.848,95.11731135066582,14033574105,2026-04-28 09:59:50.383272,28/04/26,9:59:50
37526,0.09,37.526,95.9334861162927,14033611631,2026-04-28 10:00:27.909272,28/04/26,10:0:27
38102,0.09,38.102,94.48322922681224,14033649733,2026-04-28 10:01:06.011272,28/04/26,10:1:6
38568,0.09,38.568,93.34163036714375,14033688301,2026-04-28 10:01:44.579272,28/04/26,10:1:44
37830,0.09,37.83,95.16256938937352,14033726131,2026-04-28 10:02:22.409272,28/04/26,10:2:22
38855,0.09,38.855,92.65216831810578,14033764986,2026-04-28 10:03:01.264272,28/04/26,10:3:1
39017,0.09,39.017,92.2674731527283,14033804003,2026-04-28 10:03:40.281272,28/04/26,10:3:40
38976,0.09,38.976,92.36453201970443,14033842979,2026-04-28 10:04:19.257272,28/04/26,10:4:19
38915,0.09,38.915,92.5093151740974,14033881894,2026-04-28 10:04:58.172272,28/04/26,10:4:58
39603,0.09,39.603,90.90220437845618,14033921497,2026-04-28 10:05:37.775272,28/04/26,10:5:37
39837,0.09,39.837,90.36825062128172,14033961334,2026-04-28 10:06:17.612272,28/04/26,10:6:17
40245,0.09,40.245,89.45210585165859,14034001579,2026-04-28 10:06:57.857272,28/04/26,10:6:57
39757,0.09,39.757,90.55009180773197,14034041336,2026-04-28 10:07:37.614272,28/04/26,10:7:37
40039,0.09,40.039,89.91233547291391,14034081375,2026-04-28 10:08:17.653272,28/04/26,10:8:17
39851,0.09,39.851,90.33650347544604,14034121226,2026-04-28 10:08:57.504272,28/04/26,10:8:57
39628,0.09,39.628,90.84485717169677,14034160854,2026-04-28 10:09:37.132272,28/04/26,10:9:37
39971,0.09,39.971,90.06529734057192,14034200825,2026-04-28 10:10:17.103272,28/04/26,10:10:17
39965,0.09,39.965,90.07881896659578,14034240790,2026-04-28 10:10:57.068272,28/04/26,10:10:57
40024,0.09,40.024,89.94603238057165,14034280814,2026-04-28 10:11:37.092272,28/04/26,10:11:37
39477,0.09,39.477,91.19233984345315,14034320291,2026-04-28 10:12:16.569272,28/04/26,10:12:16
40204,0.09,40.204,89.54332902198786,14034360495,2026-04-28 10:12:56.773272,28/04/26,10:12:56
39905,0.09,39.905,90.21425886480391,14034400400,2026-04-28 10:13:36.678272,28/04/26,10:13:36
39000,0.09,39.0,92.3076923076923,14034439400,2026-04-28 10:14:15.678272,28/04/26,10:14:15
38080,0.09,38.08,94.53781512605042,14034477480,2026-04-28 10:14:53.758272,28/04/26,10:14:53
37961,0.09,37.961,94.83417191327942,14034515441,2026-04-28 10:15:31.719272,28/04/26,10:15:31
37327,0.1,37.327,96.44493262249846,14034552768,2026-04-28 10:16:09.046272,28/04/26,10:16:9
37444,0.1,37.444,96.14357440444397,14034590212,2026-04-28 10:16:46.490272,28/04/26,10:16:46
37394,0.1,37.394,96.27212921859122,14034627606,2026-04-28 10:17:23.884272,28/04/26,10:17:23
37622,0.09,37.622,95.68869278613577,14034665228,2026-04-28 10:18:01.506272,28/04/26,10:18:1
37626,0.09,37.626,95.67852017222134,14034702854,2026-04-28 10:18:39.132272,28/04/26,10:18:39
37617,0.09,37.617,95.70141159582104,14034740471,2026-04-28 10:19:16.749272,28/04/26,10:19:16
37641,0.09,37.641,95.64039212560772,14034778112,2026-04-28 10:19:54.390272,28/04/26,10:19:54
37894,0.09,37.894,95.00184725814113,14034816006,2026-04-28 10:20:32.284272,28/04/26,10:20:32
37659,0.09,37.659,95.59467856289334,14034853665,2026-04-28 10:21:09.943272,28/04/26,10:21:9
37726,0.09,37.726,95.42490590044001,14034891391,2026-04-28 10:21:47.669272,28/04/26,10:21:47
37646,0.09,37.646,95.627689528768,14034929037,2026-04-28 10:22:25.315272,28/04/26,10:22:25
38003,0.09,38.003,94.7293634713049,14034967040,2026-04-28 10:23:03.318272,28/04/26,10:23:3
37846,0.09,37.846,95.1223378956825,14035004886,2026-04-28 10:23:41.164272,28/04/26,10:23:41
38039,0.09,38.039,94.63971187465496,14035042925,2026-04-28 10:24:19.203272,28/04/26,10:24:19
37786,0.09,37.786,95.27338167575293,14035080711,2026-04-28 10:24:56.989272,28/04/26,10:24:56
38065,0.09,38.065,94.57506896098778,14035118776,2026-04-28 10:25:35.054272,28/04/26,10:25:35
37820,0.09,37.82,95.18773135906928,14035156596,2026-04-28 10:26:12.874272,28/04/26,10:26:12
37263,0.1,37.263,96.610578858385,14035193859,2026-04-28 10:26:50.137272,28/04/26,10:26:50
37210,0.1,37.21,96.74818597151304,14035231069,2026-04-28 10:27:27.347272,28/04/26,10:27:27
37942,0.09,37.942,94.88166148331665,14035269011,2026-04-28 10:28:05.289272,28/04/26,10:28:5
38146,0.09,38.146,94.37424631678289,14035307157,2026-04-28 10:28:43.435272,28/04/26,10:28:43
37870,0.09,37.87,95.06205439662001,14035345027,2026-04-28 10:29:21.305272,28/04/26,10:29:21
37686,0.09,37.686,95.52619009711829,14035382713,2026-04-28 10:29:58.991272,28/04/26,10:29:58
38967,0.09,38.967,92.38586496266072,14035421680,2026-04-28 10:30:37.958272,28/04/26,10:30:37
39546,0.09,39.546,91.03322712790168,14035461226,2026-04-28 10:31:17.504272,28/04/26,10:31:17
39331,0.09,39.331,91.53085352520912,14035500557,2026-04-28 10:31:56.835272,28/04/26,10:31:56
38801,0.09,38.801,92.7811138888173,14035539358,2026-04-28 10:32:35.636272,28/04/26,10:32:35
39336,0.09,39.336,91.51921903599757,14035578694,2026-04-28 10:33:14.972272,28/04/26,10:33:14
39152,0.09,39.152,91.94932570494483,14035617846,2026-04-28 10:33:54.124272,28/04/26,10:33:54
31867,0.11,31.867,112.96952960743089,14035649713,2026-04-28 10:34:25.991272,28/04/26,10:34:25
21535,0.17,21.535,167.16972370559554,14035671248,2026-04-28 10:34:47.526272,28/04/26,10:34:47
21456,0.17,21.456,167.78523489932886,14035692704,2026-04-28 10:35:08.982272,28/04/26,10:35:8
21465,0.17,21.465,167.71488469601678,14035714169,2026-04-28 10:35:30.447272,28/04/26,10:35:30
21494,0.17,21.494,167.4886014701777,14035735663,2026-04-28 10:35:51.941272,28/04/26,10:35:51
21700,0.17,21.7,165.89861751152074,14035757363,2026-04-28 10:36:13.641272,28/04/26,10:36:13
21953,0.16,21.953,163.9866988566483,14035779316,2026-04-28 10:36:35.594272,28/04/26,10:36:35
22005,0.16,22.005,163.59918200408998,14035801321,2026-04-28 10:36:57.599272,28/04/26,10:36:57
22253,0.16,22.253,161.77594032265313,14035823574,2026-04-28 10:37:19.852272,28/04/26,10:37:19
22323,0.16,22.323,161.26864668727322,14035845897,2026-04-28 10:37:42.175272,28/04/26,10:37:42
22489,0.16,22.489,160.07826048290275,14035868386,2026-04-28 10:38:04.664272,28/04/26,10:38:4
22522,0.16,22.522,159.84370837403426,14035890908,2026-04-28 10:38:27.186272,28/04/26,10:38:27
22476,0.16,22.476,160.1708489054992,14035913384,2026-04-28 10:38:49.662272,28/04/26,10:38:49
22695,0.16,22.695,158.62524785194978,14035936079,2026-04-28 10:39:12.357272,28/04/26,10:39:12
22793,0.16,22.793,157.9432281840916,14035958872,2026-04-28 10:39:35.150272,28/04/26,10:39:35
22799,0.16,22.799,157.901662353612,14035981671,2026-04-28 10:39:57.949272,28/04/26,10:39:57
22779,0.16,22.779,158.04030027657052,14036004450,2026-04-28 10:40:20.728272,28/04/26,10:40:20
22909,0.16,22.909,157.14348072809813,14036027359,2026-04-28 10:40:43.637272,28/04/26,10:40:43
23063,0.16,23.063,156.09417682001475,14036050422,2026-04-28 10:41:06.700272,28/04/26,10:41:6
23197,0.16,23.197,155.1924817864379,14036073619,2026-04-28 10:41:29.897272,28/04/26,10:41:29
23175,0.16,23.175,155.3398058252427,14036096794,2026-04-28 10:41:53.072272,28/04/26,10:41:53
33308,0.11,33.308,108.08214242824546,14036130102,2026-04-28 10:42:26.380272,28/04/26,10:42:26
39584,0.09,39.584,90.94583670169766,14036169686,2026-04-28 10:43:05.964272,28/04/26,10:43:5
39870,0.09,39.87,90.29345372460497,14036209556,2026-04-28 10:43:45.834272,28/04/26,10:43:45
40064,0.09,40.064,89.85623003194888,14036249620,2026-04-28 10:44:25.898272,28/04/26,10:44:25
40087,0.09,40.087,89.80467483223988,14036289707,2026-04-28 10:45:05.985272,28/04/26,10:45:5
39644,0.09,39.644,90.80819291696095,14036329351,2026-04-28 10:45:45.629272,28/04/26,10:45:45
39854,0.09,39.854,90.32970341747378,14036369205,2026-04-28 10:46:25.483272,28/04/26,10:46:25
39512,0.09,39.512,91.1115610447459,14036408717,2026-04-28 10:47:04.995272,28/04/26,10:47:4
39097,0.09,39.097,92.07867611325678,14036447814,2026-04-28 10:47:44.092272,28/04/26,10:47:44
40167,0.09,40.167,89.62581223392337,14036487981,2026-04-28 10:48:24.259272,28/04/26,10:48:24
39430,0.09,39.43,91.30103981739792,14036527411,2026-04-28 10:49:03.689272,28/04/26,10:49:3
39545,0.09,39.545,91.03552914401315,14036566956,2026-04-28 10:49:43.234272,28/04/26,10:49:43
40130,0.09,40.13,89.7084475454772,14036607086,2026-04-28 10:50:23.364272,28/04/26,10:50:23
40065,0.09,40.065,89.85398727068514,14036647151,2026-04-28 10:51:03.429272,28/04/26,10:51:3
39816,0.09,39.816,90.41591320072332,14036686967,2026-04-28 10:51:43.245272,28/04/26,10:51:43
39340,0.09,39.34,91.50991357397051,14036726307,2026-04-28 10:52:22.585272,28/04/26,10:52:22
39873,0.09,39.873,90.28666014596344,14036766180,2026-04-28 10:53:02.458272,28/04/26,10:53:2
39972,0.09,39.972,90.06304413089163,14036806152,2026-04-28 10:53:42.430272,28/04/26,10:53:42
40186,0.09,40.186,89.58343701786691,14036846338,2026-04-28 10:54:22.616272,28/04/26,10:54:22
38991,0.09,38.991,92.32899899976918,14036885329,2026-04-28 10:55:01.607272,28/04/26,10:55:1
38807,0.09,38.807,92.76676888190275,14036924136,2026-04-28 10:55:40.414272,28/04/26,10:55:40
38802,0.09,38.802,92.7787227462502,14036962938,2026-04-28 10:56:19.216272,28/04/26,10:56:19
39012,0.09,39.012,92.27929867733005,14037001950,2026-04-28 10:56:58.228272,28/04/26,10:56:58
38684,0.09,38.684,93.06173094819563,14037040634,2026-04-28 10:57:36.912272,28/04/26,10:57:36
38896,0.09,38.896,92.5545043192102,14037079530,2026-04-28 10:58:15.808272,28/04/26,10:58:15
38932,0.09,38.932,92.46892016849893,14037118462,2026-04-28 10:58:54.740272,28/04/26,10:58:54
39363,0.09,39.363,91.45644386860758,14037157825,2026-04-28 10:59:34.103272,28/04/26,10:59:34
38816,0.09,38.816,92.74525968672712,14037196641,2026-04-28 11:00:12.919272,28/04/26,11:0:12
39004,0.09,39.004,92.2982258229925,14037235645,2026-04-28 11:00:51.923272,28/04/26,11:0:51
39116,0.09,39.116,92.03395030166683,14037274761,2026-04-28 11:01:31.039272,28/04/26,11:1:31
38306,0.09,38.306,93.98005534381036,14037313067,2026-04-28 11:02:09.345272,28/04/26,11:2:9
38683,0.09,38.683,93.06413670087636,14037351750,2026-04-28 11:02:48.028272,28/04/26,11:2:48
38679,0.09,38.679,93.07376095555728,14037390429,2026-04-28 11:03:26.707272,28/04/26,11:3:26
39010,0.09,39.01,92.28402973596513,14037429439,2026-04-28 11:04:05.717272,28/04/26,11:4:5
39037,0.09,39.037,92.22020134743961,14037468476,2026-04-28 11:04:44.754272,28/04/26,11:4:44
39666,0.09,39.666,90.75782786265316,14037508142,2026-04-28 11:05:24.420272,28/04/26,11:5:24
39900,0.09,39.9,90.22556390977444,14037548042,2026-04-28 11:06:04.320272,28/04/26,11:6:4
38369,0.09,38.369,93.8257447418489,14037586411,2026-04-28 11:06:42.689272,28/04/26,11:6:42
37616,0.09,37.616,95.7039557635049,14037624027,2026-04-28 11:07:20.305272,28/04/26,11:7:20
38855,0.09,38.855,92.65216831810578,14037662882,2026-04-28 11:07:59.160272,28/04/26,11:7:59
38203,0.09,38.203,94.23343716462058,14037701085,2026-04-28 11:08:37.363272,28/04/26,11:8:37
38538,0.09,38.538,93.41429238673517,14037739623,2026-04-28 11:09:15.901272,28/04/26,11:9:15
38766,0.09,38.766,92.86488159727597,14037778389,2026-04-28 11:09:54.667272,28/04/26,11:9:54
38492,0.09,38.492,93.52592746544737,14037816881,2026-04-28 11:10:33.159272,28/04/26,11:10:33
38669,0.09,38.669,93.09783030334377,14037855550,2026-04-28 11:11:11.828272,28/04/26,11:11:11
37831,0.09,37.831,95.16005392403056,14037893381,2026-04-28 11:11:49.659272,28/04/26,11:11:49
38216,0.09,38.216,94.20138162026376,14037931597,2026-04-28 11:12:27.875272,28/04/26,11:12:27
38725,0.09,38.725,92.96320206584893,14037970322,2026-04-28 11:13:06.600272,28/04/26,11:13:6
39014,0.09,39.014,92.27456810375763,14038009336,2026-04-28 11:13:45.614272,28/04/26,11:13:45
38523,0.09,38.523,93.45066583599409,14038047859,2026-04-28 11:14:24.137272,28/04/26,11:14:24
38353,0.09,38.353,93.86488671029646,14038086212,2026-04-28 11:15:02.490272,28/04/26,11:15:2
37458,0.1,37.458,96.10764055742432,14038123670,2026-04-28 11:15:39.948272,28/04/26,11:15:39
37961,0.09,37.961,94.83417191327942,14038161631,2026-04-28 11:16:17.909272,28/04/26,11:16:17
38500,0.09,38.5,93.50649350649351,14038200131,2026-04-28 11:16:56.409272,28/04/26,11:16:56
38188,0.09,38.188,94.2704514507175,14038238319,2026-04-28 11:17:34.597272,28/04/26,11:17:34
38156,0.09,38.156,94.34951252751861,14038276475,2026-04-28 11:18:12.753272,28/04/26,11:18:12
37572,0.09,37.572,95.81603321622485,14038314047,2026-04-28 11:18:50.325272,28/04/26,11:18:50
37745,0.09,37.745,95.37687110875612,14038351792,2026-04-28 11:19:28.070272,28/04/26,11:19:28
37994,0.09,37.994,94.75180291624993,14038389786,2026-04-28 11:20:06.064272,28/04/26,11:20:6
38047,0.09,38.047,94.6198123373722,14038427833,2026-04-28 11:20:44.111272,28/04/26,11:20:44
38207,0.09,38.207,94.22357159682781,14038466040,2026-04-28 11:21:22.318272,28/04/26,11:21:22
37188,0.1,37.188,96.8054211035818,14038503228,2026-04-28 11:21:59.506272,28/04/26,11:21:59
37186,0.1,37.186,96.8106276555693,14038540414,2026-04-28 11:22:36.692272,28/04/26,11:22:36
38075,0.09,38.075,94.55022980958634,14038578489,2026-04-28 11:23:14.767272,28/04/26,11:23:14
37797,0.09,37.797,95.24565441701722,14038616286,2026-04-28 11:23:52.564272,28/04/26,11:23:52
38156,0.09,38.156,94.34951252751861,14038654442,2026-04-28 11:24:30.720272,28/04/26,11:24:30
37958,0.09,37.958,94.84166710574846,14038692400,2026-04-28 11:25:08.678272,28/04/26,11:25:8
37957,0.09,37.957,94.84416576652528,14038730357,2026-04-28 11:25:46.635272,28/04/26,11:25:46
20582,0.17,20.582,174.9101156350209,14038750939,2026-04-28 11:26:07.217272,28/04/26,11:26:7
20915,0.17,20.915,172.12526894573273,14038771854,2026-04-28 11:26:28.132272,28/04/26,11:26:28
20585,0.17,20.585,174.88462472674277,14038792439,2026-04-28 11:26:48.717272,28/04/26,11:26:48
20555,0.17,20.555,175.13986864509852,14038812994,2026-04-28 11:27:09.272272,28/04/26,11:27:9
21190,0.17,21.19,169.89145823501653,14038834184,2026-04-28 11:27:30.462272,28/04/26,11:27:30
21314,0.17,21.314,168.90306840574272,14038855498,2026-04-28 11:27:51.776272,28/04/26,11:27:51
21180,0.17,21.18,169.97167138810198,14038876678,2026-04-28 11:28:12.956272,28/04/26,11:28:12
21423,0.17,21.423,168.04369135975352,14038898101,2026-04-28 11:28:34.379272,28/04/26,11:28:34
21589,0.17,21.589,166.75158645606558,14038919690,2026-04-28 11:28:55.968272,28/04/26,11:28:55
21883,0.16,21.883,164.5112644518576,14038941573,2026-04-28 11:29:17.851272,28/04/26,11:29:17
21713,0.17,21.713,165.79929074747847,14038963286,2026-04-28 11:29:39.564272,28/04/26,11:29:39
21936,0.16,21.936,164.11378555798686,14038985222,2026-04-28 11:30:01.500272,28/04/26,11:30:1
21988,0.16,21.988,163.7256685464799,14039007210,2026-04-28 11:30:23.488272,28/04/26,11:30:23
21808,0.17,21.808,165.07703595011006,14039029018,2026-04-28 11:30:45.296272,28/04/26,11:30:45
22042,0.16,22.042,163.32456219943745,14039051060,2026-04-28 11:31:07.338272,28/04/26,11:31:7
22125,0.16,22.125,162.71186440677965,14039073185,2026-04-28 11:31:29.463272,28/04/26,11:31:29
22562,0.16,22.562,159.5603226664303,14039095747,2026-04-28 11:31:52.025272,28/04/26,11:31:52
22441,0.16,22.441,160.42065861592621,14039118188,2026-04-28 11:32:14.466272,28/04/26,11:32:14
22865,0.16,22.865,157.44587797944456,14039141053,2026-04-28 11:32:37.331272,28/04/26,11:32:37
22948,0.16,22.948,156.87641624542445,14039164001,2026-04-28 11:33:00.279272,28/04/26,11:33:0
35755,0.1,35.755,100.68521885051042,14039199756,2026-04-28 11:33:36.034272,28/04/26,11:33:36
39628,0.09,39.628,90.84485717169677,14039239384,2026-04-28 11:34:15.662272,28/04/26,11:34:15
40471,0.09,40.471,88.95258333127424,14039279855,2026-04-28 11:34:56.133272,28/04/26,11:34:56
40454,0.09,40.454,88.98996390962574,14039320309,2026-04-28 11:35:36.587272,28/04/26,11:35:36
39608,0.09,39.608,90.89072914562715,14039359917,2026-04-28 11:36:16.195272,28/04/26,11:36:16
40403,0.09,40.403,89.1022943840804,14039400320,2026-04-28 11:36:56.598272,28/04/26,11:36:56
40466,0.09,40.466,88.9635743587209,14039440786,2026-04-28 11:37:37.064272,28/04/26,11:37:37
36199,0.1,36.199,99.45026105693528,14039476985,2026-04-28 11:38:13.263272,28/04/26,11:38:13
30126,0.12,30.126,119.49810794662417,14039507111,2026-04-28 11:38:43.389272,28/04/26,11:38:43
29425,0.12,29.425,122.34494477485131,14039536536,2026-04-28 11:39:12.814272,28/04/26,11:39:12
27194,0.13,27.194,132.38214311980585,14039563730,2026-04-28 11:39:40.008272,28/04/26,11:39:40
1751,2.06,1.751,2055.9680182752713,14039565481,2026-04-28 11:39:41.759272,28/04/26,11:39:41
1565,2.3,1.565,2300.3194888178914,14039567046,2026-04-28 11:39:43.324272,28/04/26,11:39:43
1573,2.29,1.573,2288.6204704386523,14039568619,2026-04-28 11:39:44.897272,28/04/26,11:39:44
1573,2.29,1.573,2288.6204704386523,14039570192,2026-04-28 11:39:46.470272,28/04/26,11:39:46
1581,2.28,1.581,2277.0398481973434,14039571773,2026-04-28 11:39:48.051272,28/04/26,11:39:48
1580,2.28,1.58,2278.481012658228,14039573353,2026-04-28 11:39:49.631272,28/04/26,11:39:49
1578,2.28,1.578,2281.3688212927755,14039574931,2026-04-28 11:39:51.209272,28/04/26,11:39:51
1591,2.26,1.591,2262.727844123193,14039576522,2026-04-28 11:39:52.800272,28/04/26,11:39:52
1590,2.26,1.59,2264.1509433962265,14039578112,2026-04-28 11:39:54.390272,28/04/26,11:39:54
1584,2.27,1.584,2272.7272727272725,14039579696,2026-04-28 11:39:55.974272,28/04/26,11:39:55
1582,2.28,1.582,2275.6005056890012,14039581278,2026-04-28 11:39:57.556272,28/04/26,11:39:57
1585,2.27,1.585,2271.2933753943216,14039582863,2026-04-28 11:39:59.141272,28/04/26,11:39:59
1583,2.27,1.583,2274.162981680354,14039584446,2026-04-28 11:40:00.724272,28/04/26,11:40:0
1583,2.27,1.583,2274.162981680354,14039586029,2026-04-28 11:40:02.307272,28/04/26,11:40:2
1580,2.28,1.58,2278.481012658228,14039587609,2026-04-28 11:40:03.887272,28/04/26,11:40:3
1579,2.28,1.579,2279.9240025332488,14039589188,2026-04-28 11:40:05.466272,28/04/26,11:40:5
1584,2.27,1.584,2272.7272727272725,14039590772,2026-04-28 11:40:07.050272,28/04/26,11:40:7
1585,2.27,1.585,2271.2933753943216,14039592357,2026-04-28 11:40:08.635272,28/04/26,11:40:8
1587,2.27,1.587,2268.4310018903593,14039593944,2026-04-28 11:40:10.222272,28/04/26,11:40:10
1575,2.29,1.575,2285.714285714286,14039595519,2026-04-28 11:40:11.797272,28/04/26,11:40:11
1581,2.28,1.581,2277.0398481973434,14039597100,2026-04-28 11:40:13.378272,28/04/26,11:40:13
1585,2.27,1.585,2271.2933753943216,14039598685,2026-04-28 11:40:14.963272,28/04/26,11:40:14
1588,2.27,1.588,2267.0025188916875,14039600273,2026-04-28 11:40:16.551272,28/04/26,11:40:16
1585,2.27,1.585,2271.2933753943216,14039601858,2026-04-28 11:40:18.136272,28/04/26,11:40:18
1587,2.27,1.587,2268.4310018903593,14039603445,2026-04-28 11:40:19.723272,28/04/26,11:40:19
1586,2.27,1.586,2269.861286254729,14039605031,2026-04-28 11:40:21.309272,28/04/26,11:40:21
1591,2.26,1.591,2262.727844123193,14039606622,2026-04-28 11:40:22.900272,28/04/26,11:40:22
1582,2.28,1.582,2275.6005056890012,14039608204,2026-04-28 11:40:24.482272,28/04/26,11:40:24
1582,2.28,1.582,2275.6005056890012,14039609786,2026-04-28 11:40:26.064272,28/04/26,11:40:26
1585,2.27,1.585,2271.2933753943216,14039611371,2026-04-28 11:40:27.649272,28/04/26,11:40:27
1584,2.27,1.584,2272.7272727272725,14039612955,2026-04-28 11:40:29.233272,28/04/26,11:40:29
1586,2.27,1.586,2269.861286254729,14039614541,2026-04-28 11:40:30.819272,28/04/26,11:40:30
1593,2.26,1.593,2259.8870056497176,14039616134,2026-04-28 11:40:32.412272,28/04/26,11:40:32
1590,2.26,1.59,2264.1509433962265,14039617724,2026-04-28 11:40:34.002272,28/04/26,11:40:34
1590,2.26,1.59,2264.1509433962265,14039619314,2026-04-28 11:40:35.592272,28/04/26,11:40:35
1583,2.27,1.583,2274.162981680354,14039620897,2026-04-28 11:40:37.175272,28/04/26,11:40:37
1584,2.27,1.584,2272.7272727272725,14039622481,2026-04-28 11:40:38.759272,28/04/26,11:40:38
1589,2.27,1.589,2265.575833857772,14039624070,2026-04-28 11:40:40.348272,28/04/26,11:40:40
1584,2.27,1.584,2272.7272727272725,14039625654,2026-04-28 11:40:41.932272,28/04/26,11:40:41
1585,2.27,1.585,2271.2933753943216,14039627239,2026-04-28 11:40:43.517272,28/04/26,11:40:43
1584,2.27,1.584,2272.7272727272725,14039628823,2026-04-28 11:40:45.101272,28/04/26,11:40:45
1585,2.27,1.585,2271.2933753943216,14039630408,2026-04-28 11:40:46.686272,28/04/26,11:40:46
1584,2.27,1.584,2272.7272727272725,14039631992,2026-04-28 11:40:48.270272,28/04/26,11:40:48
1589,2.27,1.589,2265.575833857772,14039633581,2026-04-28 11:40:49.859272,28/04/26,11:40:49
1582,2.28,1.582,2275.6005056890012,14039635163,2026-04-28 11:40:51.441272,28/04/26,11:40:51
1594,2.26,1.594,2258.469259723965,14039636757,2026-04-28 11:40:53.035272,28/04/26,11:40:53
1584,2.27,1.584,2272.7272727272725,14039638341,2026-04-28 11:40:54.619272,28/04/26,11:40:54
1579,2.28,1.579,2279.9240025332488,14039639920,2026-04-28 11:40:56.198272,28/04/26,11:40:56
1580,2.28,1.58,2278.481012658228,14039641500,2026-04-28 11:40:57.778272,28/04/26,11:40:57
1585,2.27,1.585,2271.2933753943216,14039643085,2026-04-28 11:40:59.363272,28/04/26,11:40:59
1582,2.28,1.582,2275.6005056890012,14039644667,2026-04-28 11:41:00.945272,28/04/26,11:41:0
1586,2.27,1.586,2269.861286254729,14039646253,2026-04-28 11:41:02.531272,28/04/26,11:41:2
1588,2.27,1.588,2267.0025188916875,14039647841,2026-04-28 11:41:04.119272,28/04/26,11:41:4
1635,2.2,1.635,2201.8348623853212,14039649476,2026-04-28 11:41:05.754272,28/04/26,11:41:5
22362,0.16,22.362,160.98738932116984,14039671838,2026-04-28 11:41:28.116272,28/04/26,11:41:28
32053,0.11,32.053,112.31397997067357,14039703891,2026-04-28 11:42:00.169272,28/04/26,11:42:0
30658,0.12,30.658,117.42448952964969,14039734549,2026-04-28 11:42:30.827272,28/04/26,11:42:30
29815,0.12,29.815,120.74459164849908,14039764364,2026-04-28 11:43:00.642272,28/04/26,11:43:0
30281,0.12,30.281,118.8864304349262,14039794645,2026-04-28 11:43:30.923272,28/04/26,11:43:30
31032,0.12,31.032,116.0092807424594,14039825677,2026-04-28 11:44:01.955272,28/04/26,11:44:1
30785,0.12,30.785,116.94006821503979,14039856462,2026-04-28 11:44:32.740272,28/04/26,11:44:32
28868,0.12,28.868,124.70555632534294,14039885330,2026-04-28 11:45:01.608272,28/04/26,11:45:1
28626,0.12,28.626,125.75979878432194,14039913956,2026-04-28 11:45:30.234272,28/04/26,11:45:30
28983,0.12,28.983,124.21074422937583,14039942939,2026-04-28 11:45:59.217272,28/04/26,11:45:59
29275,0.12,29.275,122.97181895815542,14039972214,2026-04-28 11:46:28.492272,28/04/26,11:46:28
28675,0.12,28.675,125.54489973844812,14040000889,2026-04-28 11:46:57.167272,28/04/26,11:46:57
30014,0.12,30.014,119.94402612114347,14040030903,2026-04-28 11:47:27.181272,28/04/26,11:47:27
30649,0.12,30.649,117.45897092890469,14040061552,2026-04-28 11:47:57.830272,28/04/26,11:47:57
30299,0.12,30.299,118.81580250173273,14040091851,2026-04-28 11:48:28.129272,28/04/26,11:48:28
30536,0.12,30.536,117.89363374377784,14040122387,2026-04-28 11:48:58.665272,28/04/26,11:48:58
29307,0.12,29.307,122.83754734363804,14040151694,2026-04-28 11:49:27.972272,28/04/26,11:49:27
30172,0.12,30.172,119.31592204693094,14040181866,2026-04-28 11:49:58.144272,28/04/26,11:49:58
29017,0.12,29.017,124.06520315677017,14040210883,2026-04-28 11:50:27.161272,28/04/26,11:50:27
29978,0.12,29.978,120.0880645806925,14040240861,2026-04-28 11:50:57.139272,28/04/26,11:50:57
29126,0.12,29.126,123.60090640664698,14040269987,2026-04-28 11:51:26.265272,28/04/26,11:51:26
29106,0.12,29.106,123.68583797155226,14040299093,2026-04-28 11:51:55.371272,28/04/26,11:51:55
28617,0.12,28.617,125.79935003669148,14040327710,2026-04-28 11:52:23.988272,28/04/26,11:52:23
29131,0.12,29.131,123.5796917373245,14040356841,2026-04-28 11:52:53.119272,28/04/26,11:52:53
29411,0.12,29.411,122.40318248274455,14040386252,2026-04-28 11:53:22.530272,28/04/26,11:53:22
30954,0.12,30.954,116.30160883892228,14040417206,2026-04-28 11:53:53.484272,28/04/26,11:53:53
30831,0.12,30.831,116.76559307190814,14040448037,2026-04-28 11:54:24.315272,28/04/26,11:54:24
30786,0.12,30.786,116.93626973299551,14040478823,2026-04-28 11:54:55.101272,28/04/26,11:54:55
30448,0.12,30.448,118.23436678928009,14040509271,2026-04-28 11:55:25.549272,28/04/26,11:55:25
31233,0.12,31.233,115.26270291038325,14040540504,2026-04-28 11:55:56.782272,28/04/26,11:55:56
30756,0.12,30.756,117.05033164260632,14040571260,2026-04-28 11:56:27.538272,28/04/26,11:56:27
30931,0.12,30.931,116.388089618829,14040602191,2026-04-28 11:56:58.469272,28/04/26,11:56:58
31163,0.12,31.163,115.52161216827648,14040633354,2026-04-28 11:57:29.632272,28/04/26,11:57:29
31219,0.12,31.219,115.31439187674172,14040664573,2026-04-28 11:58:00.851272,28/04/26,11:58:0
31293,0.12,31.293,115.04170261719874,14040695866,2026-04-28 11:58:32.144272,28/04/26,11:58:32
31190,0.12,31.19,115.42160949022123,14040727056,2026-04-28 11:59:03.334272,28/04/26,11:59:3
31341,0.11,31.341,114.86551163013306,14040758397,2026-04-28 11:59:34.675272,28/04/26,11:59:34
31031,0.12,31.031,116.01301923882569,14040789428,2026-04-28 12:00:05.706272,28/04/26,12:0:5
31296,0.12,31.296,115.03067484662577,14040820724,2026-04-28 12:00:37.002272,28/04/26,12:0:37
31430,0.11,31.43,114.54024817053771,14040852154,2026-04-28 12:01:08.432272,28/04/26,12:1:8
31237,0.12,31.237,115.24794314434804,14040883391,2026-04-28 12:01:39.669272,28/04/26,12:1:39
31266,0.12,31.266,115.14104778353483,14040914657,2026-04-28 12:02:10.935272,28/04/26,12:2:10
31180,0.12,31.18,115.45862732520847,14040945837,2026-04-28 12:02:42.115272,28/04/26,12:2:42
31491,0.11,31.491,114.31837667905116,14040977328,2026-04-28 12:03:13.606272,28/04/26,12:3:13
31320,0.11,31.32,114.94252873563218,14041008648,2026-04-28 12:03:44.926272,28/04/26,12:3:44
31213,0.12,31.213,115.33655848524653,14041039861,2026-04-28 12:04:16.139272,28/04/26,12:4:16
31443,0.11,31.443,114.49289189962789,14041071304,2026-04-28 12:04:47.582272,28/04/26,12:4:47
31920,0.11,31.92,112.78195488721805,14041103224,2026-04-28 12:05:19.502272,28/04/26,12:5:19
32107,0.11,32.107,112.12508175787211,14041135331,2026-04-28 12:05:51.609272,28/04/26,12:5:51
31762,0.11,31.762,113.34298847679617,14041167093,2026-04-28 12:06:23.371272,28/04/26,12:6:23
31849,0.11,31.849,113.0333762441521,14041198942,2026-04-28 12:06:55.220272,28/04/26,12:6:55
31446,0.11,31.446,114.48196908986834,14041230388,2026-04-28 12:07:26.666272,28/04/26,12:7:26
31960,0.11,31.96,112.64080100125156,14041262348,2026-04-28 12:07:58.626272,28/04/26,12:7:58
31945,0.11,31.945,112.69369228361246,14041294293,2026-04-28 12:08:30.571272,28/04/26,12:8:30
32192,0.11,32.192,111.82902584493041,14041326485,2026-04-28 12:09:02.763272,28/04/26,12:9:2
32084,0.11,32.084,112.2054606657524,14041358569,2026-04-28 12:09:34.847272,28/04/26,12:9:34
31862,0.11,31.862,112.98725754817652,14041390431,2026-04-28 12:10:06.709272,28/04/26,12:10:6
31383,0.11,31.383,114.71178663607685,14041421814,2026-04-28 12:10:38.092272,28/04/26,12:10:38
31811,0.11,31.811,113.16840086762441,14041453625,2026-04-28 12:11:09.903272,28/04/26,12:11:9
31789,0.11,31.789,113.246720563717,14041485414,2026-04-28 12:11:41.692272,28/04/26,12:11:41
31758,0.11,31.758,113.35726431135463,14041517172,2026-04-28 12:12:13.450272,28/04/26,12:12:13
32004,0.11,32.004,112.4859392575928,14041549176,2026-04-28 12:12:45.454272,28/04/26,12:12:45
32061,0.11,32.061,112.28595489847478,14041581237,2026-04-28 12:13:17.515272,28/04/26,12:13:17
32149,0.11,32.149,111.9785996454011,14041613386,2026-04-28 12:13:49.664272,28/04/26,12:13:49
32075,0.11,32.075,112.2369446609509,14041645461,2026-04-28 12:14:21.739272,28/04/26,12:14:21
32131,0.11,32.131,112.0413308020292,14041677592,2026-04-28 12:14:53.870272,28/04/26,12:14:53
17321,0.21,17.321,207.84019398418104,14041694913,2026-04-28 12:15:11.191272,28/04/26,12:15:11
18582,0.19,18.582,193.73587342589602,14041713495,2026-04-28 12:15:29.773272,28/04/26,12:15:29
18778,0.19,18.778,191.7137075300884,14041732273,2026-04-28 12:15:48.551272,28/04/26,12:15:48
18623,0.19,18.623,193.3093486548891,14041750896,2026-04-28 12:16:07.174272,28/04/26,12:16:7
18727,0.19,18.727,192.23580925935815,14041769623,2026-04-28 12:16:25.901272,28/04/26,12:16:25
18882,0.19,18.882,190.65776930409913,14041788505,2026-04-28 12:16:44.783272,28/04/26,12:16:44
19101,0.19,19.101,188.47180775875609,14041807606,2026-04-28 12:17:03.884272,28/04/26,12:17:3
19032,0.19,19.032,189.15510718789406,14041826638,2026-04-28 12:17:22.916272,28/04/26,12:17:22
19244,0.19,19.244,187.07129494907502,14041845882,2026-04-28 12:17:42.160272,28/04/26,12:17:42
19412,0.19,19.412,185.4522975479085,14041865294,2026-04-28 12:18:01.572272,28/04/26,12:18:1
19292,0.19,19.292,186.60584698320548,14041884586,2026-04-28 12:18:20.864272,28/04/26,12:18:20
19450,0.19,19.45,185.08997429305913,14041904036,2026-04-28 12:18:40.314272,28/04/26,12:18:40
19486,0.18,19.486,184.74802422251872,14041923522,2026-04-28 12:18:59.800272,28/04/26,12:18:59
19429,0.19,19.429,185.2900303669772,14041942951,2026-04-28 12:19:19.229272,28/04/26,12:19:19
19651,0.18,19.651,183.19678387868302,14041962602,2026-04-28 12:19:38.880272,28/04/26,12:19:38
19549,0.18,19.549,184.15264207887873,14041982151,2026-04-28 12:19:58.429272,28/04/26,12:19:58
19505,0.18,19.505,184.56805947193027,14042001656,2026-04-28 12:20:17.934272,28/04/26,12:20:17
19684,0.18,19.684,182.88965657386711,14042021340,2026-04-28 12:20:37.618272,28/04/26,12:20:37
19846,0.18,19.846,181.39675501360475,14042041186,2026-04-28 12:20:57.464272,28/04/26,12:20:57
19688,0.18,19.688,182.8524989841528,14042060874,2026-04-28 12:21:17.152272,28/04/26,12:21:17
19857,0.18,19.857,181.2962683184771,14042080731,2026-04-28 12:21:37.009272,28/04/26,12:21:37
19986,0.18,19.986,180.12608826178325,14042100717,2026-04-28 12:21:56.995272,28/04/26,12:21:56
19722,0.18,19.722,182.53726802555522,14042120439,2026-04-28 12:22:16.717272,28/04/26,12:22:16
20102,0.18,20.102,179.08665804397572,14042140541,2026-04-28 12:22:36.819272,28/04/26,12:22:36
31319,0.11,31.319,114.94619879306491,14042171860,2026-04-28 12:23:08.138272,28/04/26,12:23:8
30143,0.12,30.143,119.43071359851375,14042202003,2026-04-28 12:23:38.281272,28/04/26,12:23:38
30108,0.12,30.108,119.5695496213631,14042232111,2026-04-28 12:24:08.389272,28/04/26,12:24:8
30192,0.12,30.192,119.2368839427663,14042262303,2026-04-28 12:24:38.581272,28/04/26,12:24:38
29818,0.12,29.818,120.73244349050908,14042292121,2026-04-28 12:25:08.399272,28/04/26,12:25:8
30023,0.12,30.023,119.9080704792992,14042322144,2026-04-28 12:25:38.422272,28/04/26,12:25:38
29898,0.12,29.898,120.40939193257074,14042352042,2026-04-28 12:26:08.320272,28/04/26,12:26:8
29615,0.12,29.615,121.56002026000337,14042381657,2026-04-28 12:26:37.935272,28/04/26,12:26:37
29485,0.12,29.485,122.09598100729184,14042411142,2026-04-28 12:27:07.420272,28/04/26,12:27:7
29013,0.12,29.013,124.08230793092751,14042440155,2026-04-28 12:27:36.433272,28/04/26,12:27:36
29587,0.12,29.587,121.6750599925643,14042469742,2026-04-28 12:28:06.020272,28/04/26,12:28:6
30688,0.12,30.688,117.3096976016684,14042500430,2026-04-28 12:28:36.708272,28/04/26,12:28:36
30946,0.12,30.946,116.33167452982615,14042531376,2026-04-28 12:29:07.654272,28/04/26,12:29:7
30486,0.12,30.486,118.08699074985239,14042561862,2026-04-28 12:29:38.140272,28/04/26,12:29:38
30518,0.12,30.518,117.96316927714791,14042592380,2026-04-28 12:30:08.658272,28/04/26,12:30:8
30751,0.12,30.751,117.06936359793177,14042623131,2026-04-28 12:30:39.409272,28/04/26,12:30:39
30892,0.12,30.892,116.53502524925547,14042654023,2026-04-28 12:31:10.301272,28/04/26,12:31:10
30692,0.12,30.692,117.29440896650593,14042684715,2026-04-28 12:31:40.993272,28/04/26,12:31:40
30277,0.12,30.277,118.90213693562771,14042714992,2026-04-28 12:32:11.270272,28/04/26,12:32:11
29489,0.12,29.489,122.07941944453864,14042744481,2026-04-28 12:32:40.759272,28/04/26,12:32:40
29725,0.12,29.725,121.11017661900758,14042774206,2026-04-28 12:33:10.484272,28/04/26,12:33:10
29520,0.12,29.52,121.95121951219512,14042803726,2026-04-28 12:33:40.004272,28/04/26,12:33:40
28450,0.13,28.45,126.5377855887522,14042832176,2026-04-28 12:34:08.454272,28/04/26,12:34:8
16581,0.22,16.581,217.11597611724264,14042848757,2026-04-28 12:34:25.035272,28/04/26,12:34:25
30141,0.12,30.141,119.43863839952225,14042878898,2026-04-28 12:34:55.176272,28/04/26,12:34:55
29686,0.12,29.686,121.26928518493565,14042908584,2026-04-28 12:35:24.862272,28/04/26,12:35:24
30186,0.12,30.186,119.26058437686345,14042938770,2026-04-28 12:35:55.048272,28/04/26,12:35:55
30279,0.12,30.279,118.89428316655108,14042969049,2026-04-28 12:36:25.327272,28/04/26,12:36:25
30610,0.12,30.61,117.60862463247305,14042999659,2026-04-28 12:36:55.937272,28/04/26,12:36:55
30298,0.12,30.298,118.81972407419632,14043029957,2026-04-28 12:37:26.235272,28/04/26,12:37:26
30434,0.12,30.434,118.28875599658276,14043060391,2026-04-28 12:37:56.669272,28/04/26,12:37:56
30261,0.12,30.261,118.96500446118766,14043090652,2026-04-28 12:38:26.930272,28/04/26,12:38:26
29734,0.12,29.734,121.07351853097464,14043120386,2026-04-28 12:38:56.664272,28/04/26,12:38:56
30247,0.12,30.247,119.02006810592786,14043150633,2026-04-28 12:39:26.911272,28/04/26,12:39:26
30573,0.12,30.573,117.7509567265234,14043181206,2026-04-28 12:39:57.484272,28/04/26,12:39:57
29835,0.12,29.835,120.66365007541478,14043211041,2026-04-28 12:40:27.319272,28/04/26,12:40:27
30769,0.12,30.769,117.0008775065813,14043241810,2026-04-28 12:40:58.088272,28/04/26,12:40:58
30531,0.12,30.531,117.91294094526874,14043272341,2026-04-28 12:41:28.619272,28/04/26,12:41:28
30707,0.12,30.707,117.2371120591396,14043303048,2026-04-28 12:41:59.326272,28/04/26,12:41:59
30373,0.12,30.373,118.52632272083758,14043333421,2026-04-28 12:42:29.699272,28/04/26,12:42:29
30145,0.12,30.145,119.42278984906287,14043363566,2026-04-28 12:42:59.844272,28/04/26,12:42:59
30654,0.12,30.654,117.43981209630064,14043394220,2026-04-28 12:43:30.498272,28/04/26,12:43:30
31085,0.12,31.085,115.81148463889336,14043425305,2026-04-28 12:44:01.583272,28/04/26,12:44:1
30202,0.12,30.202,119.19740414542083,14043455507,2026-04-28 12:44:31.785272,28/04/26,12:44:31
30771,0.12,30.771,116.99327288680901,14043486278,2026-04-28 12:45:02.556272,28/04/26,12:45:2
30093,0.12,30.093,119.629149636128,14043516371,2026-04-28 12:45:32.649272,28/04/26,12:45:32
30589,0.12,30.589,117.68936545817124,14043546960,2026-04-28 12:46:03.238272,28/04/26,12:46:3
30745,0.12,30.745,117.09221011546593,14043577705,2026-04-28 12:46:33.983272,28/04/26,12:46:33
30120,0.12,30.12,119.5219123505976,14043607825,2026-04-28 12:47:04.103272,28/04/26,12:47:4
29960,0.12,29.96,120.16021361815754,14043637785,2026-04-28 12:47:34.063272,28/04/26,12:47:34
30807,0.12,30.807,116.85655857434999,14043668592,2026-04-28 12:48:04.870272,28/04/26,12:48:4
29872,0.12,29.872,120.5141938939475,14043698464,2026-04-28 12:48:34.742272,28/04/26,12:48:34
30276,0.12,30.276,118.90606420927467,14043728740,2026-04-28 12:49:05.018272,28/04/26,12:49:5
29915,0.12,29.915,120.34096607053317,14043758655,2026-04-28 12:49:34.933272,28/04/26,12:49:34
30018,0.12,30.018,119.92804317409555,14043788673,2026-04-28 12:50:04.951272,28/04/26,12:50:4
30517,0.12,30.517,117.96703476750663,14043819190,2026-04-28 12:50:35.468272,28/04/26,12:50:35
30898,0.12,30.898,116.51239562431225,14043850088,2026-04-28 12:51:06.366272,28/04/26,12:51:6
30045,0.12,30.045,119.82026959560659,14043880133,2026-04-28 12:51:36.411272,28/04/26,12:51:36
30209,0.12,30.209,119.1697838392532,14043910342,2026-04-28 12:52:06.620272,28/04/26,12:52:6
30411,0.12,30.411,118.37821840781297,14043940753,2026-04-28 12:52:37.031272,28/04/26,12:52:37
30501,0.12,30.501,118.02891708468574,14043971254,2026-04-28 12:53:07.532272,28/04/26,12:53:7
30348,0.12,30.348,118.62396204033215,14044001602,2026-04-28 12:53:37.880272,28/04/26,12:53:37
29913,0.12,29.913,120.34901213519205,14044031515,2026-04-28 12:54:07.793272,28/04/26,12:54:7
29403,0.12,29.403,122.4364860728497,14044060918,2026-04-28 12:54:37.196272,28/04/26,12:54:37
29017,0.12,29.017,124.06520315677017,14044089935,2026-04-28 12:55:06.213272,28/04/26,12:55:6
29248,0.12,29.248,123.08533916849015,14044119183,2026-04-28 12:55:35.461272,28/04/26,12:55:35
30554,0.12,30.554,117.82418014007986,14044149737,2026-04-28 12:56:06.015272,28/04/26,12:56:6
30288,0.12,30.288,118.85895404120444,14044180025,2026-04-28 12:56:36.303272,28/04/26,12:56:36
30496,0.12,30.496,118.04826862539349,14044210521,2026-04-28 12:57:06.799272,28/04/26,12:57:6
30412,0.12,30.412,118.37432592397738,14044240933,2026-04-28 12:57:37.211272,28/04/26,12:57:37
30595,0.12,30.595,117.66628534074195,14044271528,2026-04-28 12:58:07.806272,28/04/26,12:58:7
30404,0.12,30.404,118.40547296408367,14044301932,2026-04-28 12:58:38.210272,28/04/26,12:58:38
30590,0.12,30.59,117.68551814318404,14044332522,2026-04-28 12:59:08.800272,28/04/26,12:59:8
30435,0.12,30.435,118.28486939379005,14044362957,2026-04-28 12:59:39.235272,28/04/26,12:59:39
30502,0.12,30.502,118.02504753786637,14044393459,2026-04-28 13:00:09.737272,28/04/26,13:0:9
30420,0.12,30.42,118.34319526627219,14044423879,2026-04-28 13:00:40.157272,28/04/26,13:0:40
30609,0.12,30.609,117.61246692149368,14044454488,2026-04-28 13:01:10.766272,28/04/26,13:1:10
30505,0.12,30.505,118.01344041960334,14044484993,2026-04-28 13:01:41.271272,28/04/26,13:1:41
30544,0.12,30.544,117.8627553693033,14044515537,2026-04-28 13:02:11.815272,28/04/26,13:2:11
30366,0.12,30.366,118.55364552459989,14044545903,2026-04-28 13:02:42.181272,28/04/26,13:2:42
30506,0.12,30.506,118.00957188749754,14044576409,2026-04-28 13:03:12.687272,28/04/26,13:3:12
30419,0.12,30.419,118.34708570301456,14044606828,2026-04-28 13:03:43.106272,28/04/26,13:3:43
30508,0.12,30.508,118.00183558410909,14044637336,2026-04-28 13:04:13.614272,28/04/26,13:4:13
19581,0.18,19.581,183.85169296767273,14044656917,2026-04-28 13:04:33.195272,28/04/26,13:4:33
18397,0.19,18.397,195.68407892591182,14044675314,2026-04-28 13:04:51.592272,28/04/26,13:4:51
18421,0.19,18.421,195.4291297975137,14044693735,2026-04-28 13:05:10.013272,28/04/26,13:5:10
18491,0.19,18.491,194.68930831215187,14044712226,2026-04-28 13:05:28.504272,28/04/26,13:5:28
18609,0.19,18.609,193.45477994518782,14044730835,2026-04-28 13:05:47.113272,28/04/26,13:5:47
18789,0.19,18.789,191.60146894459524,14044749624,2026-04-28 13:06:05.902272,28/04/26,13:6:5
18767,0.19,18.767,191.82607768956146,14044768391,2026-04-28 13:06:24.669272,28/04/26,13:6:24
19048,0.19,19.048,188.9962200755985,14044787439,2026-04-28 13:06:43.717272,28/04/26,13:6:43
19067,0.19,19.067,188.80788797398648,14044806506,2026-04-28 13:07:02.784272,28/04/26,13:7:2
19054,0.19,19.054,188.93670620342186,14044825560,2026-04-28 13:07:21.838272,28/04/26,13:7:21
19162,0.19,19.162,187.87182966287443,14044844722,2026-04-28 13:07:41.000272,28/04/26,13:7:41
19301,0.19,19.301,186.51883322107662,14044864023,2026-04-28 13:08:00.301272,28/04/26,13:8:0
19156,0.19,19.156,187.93067446230947,14044883179,2026-04-28 13:08:19.457272,28/04/26,13:8:19
19334,0.19,19.334,186.2004758456605,14044902513,2026-04-28 13:08:38.791272,28/04/26,13:8:38
19467,0.18,19.467,184.9283402681461,14044921980,2026-04-28 13:08:58.258272,28/04/26,13:8:58
19252,0.19,19.252,186.99355911074173,14044941232,2026-04-28 13:09:17.510272,28/04/26,13:9:17
15426,0.23,15.426,233.37222870478413,14044956658,2026-04-28 13:09:32.936272,28/04/26,13:9:32
5766,0.62,5.766,624.3496357960457,14044962424,2026-04-28 13:09:38.702272,28/04/26,13:9:38
5792,0.62,5.792,621.5469613259669,14044968216,2026-04-28 13:09:44.494272,28/04/26,13:9:44
5786,0.62,5.786,622.1914967162115,14044974002,2026-04-28 13:09:50.280272,28/04/26,13:9:50
5773,0.62,5.773,623.592586177031,14044979775,2026-04-28 13:09:56.053272,28/04/26,13:9:56
5763,0.62,5.763,624.6746486205102,14044985538,2026-04-28 13:10:01.816272,28/04/26,13:10:1
5756,0.62,5.756,625.4343293954134,14044991294,2026-04-28 13:10:07.572272,28/04/26,13:10:7
5769,0.62,5.769,624.02496099844,14044997063,2026-04-28 13:10:13.341272,28/04/26,13:10:13
5770,0.62,5.77,623.9168110918545,14045002833,2026-04-28 13:10:19.111272,28/04/26,13:10:19
5805,0.62,5.805,620.1550387596899,14045008638,2026-04-28 13:10:24.916272,28/04/26,13:10:24
5795,0.62,5.795,621.2251941328732,14045014433,2026-04-28 13:10:30.711272,28/04/26,13:10:30
5818,0.62,5.818,618.769336541767,14045020251,2026-04-28 13:10:36.529272,28/04/26,13:10:36
5804,0.62,5.804,620.2618883528601,14045026055,2026-04-28 13:10:42.333272,28/04/26,13:10:42
5739,0.63,5.739,627.2869837950863,14045031794,2026-04-28 13:10:48.072272,28/04/26,13:10:48
5772,0.62,5.772,623.7006237006237,14045037566,2026-04-28 13:10:53.844272,28/04/26,13:10:53
5790,0.62,5.79,621.7616580310881,14045043356,2026-04-28 13:10:59.634272,28/04/26,13:10:59
5796,0.62,5.796,621.1180124223603,14045049152,2026-04-28 13:11:05.430272,28/04/26,13:11:5
5779,0.62,5.779,622.945146219069,14045054931,2026-04-28 13:11:11.209272,28/04/26,13:11:11
5775,0.62,5.775,623.3766233766233,14045060706,2026-04-28 13:11:16.984272,28/04/26,13:11:16
5796,0.62,5.796,621.1180124223603,14045066502,2026-04-28 13:11:22.780272,28/04/26,13:11:22
5798,0.62,5.798,620.9037599172128,14045072300,2026-04-28 13:11:28.578272,28/04/26,13:11:28
5792,0.62,5.792,621.5469613259669,14045078092,2026-04-28 13:11:34.370272,28/04/26,13:11:34
5790,0.62,5.79,621.7616580310881,14045083882,2026-04-28 13:11:40.160272,28/04/26,13:11:40
5773,0.62,5.773,623.592586177031,14045089655,2026-04-28 13:11:45.933272,28/04/26,13:11:45
5785,0.62,5.785,622.2990492653414,14045095440,2026-04-28 13:11:51.718272,28/04/26,13:11:51
5787,0.62,5.787,622.0839813374805,14045101227,2026-04-28 13:11:57.505272,28/04/26,13:11:57
5788,0.62,5.788,621.9765031098825,14045107015,2026-04-28 13:12:03.293272,28/04/26,13:12:3
6427,0.56,6.427,560.1369223587989,14045113442,2026-04-28 13:12:09.720272,28/04/26,13:12:9
6397,0.56,6.397,562.7637955291543,14045119839,2026-04-28 13:12:16.117272,28/04/26,13:12:16
6425,0.56,6.425,560.3112840466927,14045126264,2026-04-28 13:12:22.542272,28/04/26,13:12:22
3553,1.01,3.553,1013.2282578103011,14045129817,2026-04-28 13:12:26.095272,28/04/26,13:12:26
1924,1.87,1.924,1871.1018711018712,14045131741,2026-04-28 13:12:28.019272,28/04/26,13:12:28
1919,1.88,1.919,1875.9770713913497,14045133660,2026-04-28 13:12:29.938272,28/04/26,13:12:29
1904,1.89,1.904,1890.7563025210084,14045135564,2026-04-28 13:12:31.842272,28/04/26,13:12:31
1906,1.89,1.906,1888.7722980062958,14045137470,2026-04-28 13:12:33.748272,28/04/26,13:12:33
1908,1.89,1.908,1886.7924528301887,14045139378,2026-04-28 13:12:35.656272,28/04/26,13:12:35
1912,1.88,1.912,1882.8451882845188,14045141290,2026-04-28 13:12:37.568272,28/04/26,13:12:37
1912,1.88,1.912,1882.8451882845188,14045143202,2026-04-28 13:12:39.480272,28/04/26,13:12:39
1912,1.88,1.912,1882.8451882845188,14045145114,2026-04-28 13:12:41.392272,28/04/26,13:12:41
1911,1.88,1.911,1883.8304552590266,14045147025,2026-04-28 13:12:43.303272,28/04/26,13:12:43
1915,1.88,1.915,1879.8955613577023,14045148940,2026-04-28 13:12:45.218272,28/04/26,13:12:45
1917,1.88,1.917,1877.9342723004695,14045150857,2026-04-28 13:12:47.135272,28/04/26,13:12:47
1913,1.88,1.913,1881.8609513852587,14045152770,2026-04-28 13:12:49.048272,28/04/26,13:12:49
3069,1.17,3.069,1173.0205278592375,14045155839,2026-04-28 13:12:52.117272,28/04/26,13:12:52
6022,0.6,6.022,597.8080371969445,14045161861,2026-04-28 13:12:58.139272,28/04/26,13:12:58
6010,0.6,6.01,599.0016638935108,14045167871,2026-04-28 13:13:04.149272,28/04/26,13:13:4
6036,0.6,6.036,596.4214711729622,14045173907,2026-04-28 13:13:10.185272,28/04/26,13:13:10
3147,1.14,3.147,1143.9466158245948,14045177054,2026-04-28 13:13:13.332272,28/04/26,13:13:13
1923,1.87,1.923,1872.0748829953197,14045178977,2026-04-28 13:13:15.255272,28/04/26,13:13:15
1919,1.88,1.919,1875.9770713913497,14045180896,2026-04-28 13:13:17.174272,28/04/26,13:13:17
1920,1.88,1.92,1875.0,14045182816,2026-04-28 13:13:19.094272,28/04/26,13:13:19
3401,1.06,3.401,1058.5122022934431,14045186217,2026-04-28 13:13:22.495272,28/04/26,13:13:22
6027,0.6,6.027,597.3120955699353,14045192244,2026-04-28 13:13:28.522272,28/04/26,13:13:28
6010,0.6,6.01,599.0016638935108,14045198254,2026-04-28 13:13:34.532272,28/04/26,13:13:34
5980,0.6,5.98,602.0066889632106,14045204234,2026-04-28 13:13:40.512272,28/04/26,13:13:40
3061,1.18,3.061,1176.0862463247304,14045207295,2026-04-28 13:13:43.573272,28/04/26,13:13:43
1924,1.87,1.924,1871.1018711018712,14045209219,2026-04-28 13:13:45.497272,28/04/26,13:13:45
1926,1.87,1.926,1869.1588785046729,14045211145,2026-04-28 13:13:47.423272,28/04/26,13:13:47
1921,1.87,1.921,1874.0239458615304,14045213066,2026-04-28 13:13:49.344272,28/04/26,13:13:49
3547,1.01,3.547,1014.9422046800113,14045216613,2026-04-28 13:13:52.891272,28/04/26,13:13:52
6010,0.6,6.01,599.0016638935108,14045222623,2026-04-28 13:13:58.901272,28/04/26,13:13:58
6005,0.6,6.005,599.5004163197335,14045228628,2026-04-28 13:14:04.906272,28/04/26,13:14:4
5893,0.61,5.893,610.8942813507551,14045234521,2026-04-28 13:14:10.799272,28/04/26,13:14:10
2743,1.31,2.743,1312.4316441851986,14045237264,2026-04-28 13:14:13.542272,28/04/26,13:14:13
1925,1.87,1.925,1870.1298701298701,14045239189,2026-04-28 13:14:15.467272,28/04/26,13:14:15
1929,1.87,1.929,1866.2519440124418,14045241118,2026-04-28 13:14:17.396272,28/04/26,13:14:17
1924,1.87,1.924,1871.1018711018712,14045243042,2026-04-28 13:14:19.320272,28/04/26,13:14:19
3494,1.03,3.494,1030.337721808815,14045246536,2026-04-28 13:14:22.814272,28/04/26,13:14:22
6010,0.6,6.01,599.0016638935108,14045252546,2026-04-28 13:14:28.824272,28/04/26,13:14:28
6010,0.6,6.01,599.0016638935108,14045258556,2026-04-28 13:14:34.834272,28/04/26,13:14:34
5949,0.61,5.949,605.143721633888,14045264505,2026-04-28 13:14:40.783272,28/04/26,13:14:40
2983,1.21,2.983,1206.8387529332886,14045267488,2026-04-28 13:14:43.766272,28/04/26,13:14:43
1935,1.86,1.935,1860.4651162790697,14045269423,2026-04-28 13:14:45.701272,28/04/26,13:14:45
1936,1.86,1.936,1859.504132231405,14045271359,2026-04-28 13:14:47.637272,28/04/26,13:14:47
1937,1.86,1.937,1858.544140423335,14045273296,2026-04-28 13:14:49.574272,28/04/26,13:14:49
4308,0.83,4.308,835.6545961002786,14045277604,2026-04-28 13:14:53.882272,28/04/26,13:14:53
6028,0.6,6.028,597.2130059721301,14045283632,2026-04-28 13:14:59.910272,28/04/26,13:14:59
5927,0.61,5.927,607.3899105787076,14045289559,2026-04-28 13:15:05.837272,28/04/26,13:15:5
5657,0.64,5.657,636.3797065582464,14045295216,2026-04-28 13:15:11.494272,28/04/26,13:15:11
2350,1.53,2.35,1531.9148936170213,14045297566,2026-04-28 13:15:13.844272,28/04/26,13:15:13
1939,1.86,1.939,1856.62712738525,14045299505,2026-04-28 13:15:15.783272,28/04/26,13:15:15
1939,1.86,1.939,1856.62712738525,14045301444,2026-04-28 13:15:17.722272,28/04/26,13:15:17
1934,1.86,1.934,1861.4270941054808,14045303378,2026-04-28 13:15:19.656272,28/04/26,13:15:19
4210,0.86,4.21,855.1068883610451,14045307588,2026-04-28 13:15:23.866272,28/04/26,13:15:23
6001,0.6,6.001,599.9000166638893,14045313589,2026-04-28 13:15:29.867272,28/04/26,13:15:29
6327,0.57,6.327,568.9900426742532,14045319916,2026-04-28 13:15:36.194272,28/04/26,13:15:36
6464,0.56,6.464,556.9306930693069,14045326380,2026-04-28 13:15:42.658272,28/04/26,13:15:42
6442,0.56,6.442,558.8326606643899,14045332822,2026-04-28 13:15:49.100272,28/04/26,13:15:49
6433,0.56,6.433,559.6144877972952,14045339255,2026-04-28 13:15:55.533272,28/04/26,13:15:55
6448,0.56,6.448,558.3126550868486,14045345703,2026-04-28 13:16:01.981272,28/04/26,13:16:1
6431,0.56,6.431,559.7885243352512,14045352134,2026-04-28 13:16:08.412272,28/04/26,13:16:8
6378,0.56,6.378,564.4402634054562,14045358512,2026-04-28 13:16:14.790272,28/04/26,13:16:14
6385,0.56,6.385,563.8214565387627,14045364897,2026-04-28 13:16:21.175272,28/04/26,13:16:21
6420,0.56,6.42,560.7476635514018,14045371317,2026-04-28 13:16:27.595272,28/04/26,13:16:27
6439,0.56,6.439,559.093026867526,14045377756,2026-04-28 13:16:34.034272,28/04/26,13:16:34
6414,0.56,6.414,561.2722170252573,14045384170,2026-04-28 13:16:40.448272,28/04/26,13:16:40
6422,0.56,6.422,560.5730302086578,14045390592,2026-04-28 13:16:46.870272,28/04/26,13:16:46
6397,0.56,6.397,562.7637955291543,14045396989,2026-04-28 13:16:53.267272,28/04/26,13:16:53
6033,0.6,6.033,596.7180507210343,14045403022,2026-04-28 13:16:59.300272,28/04/26,13:16:59
5645,0.64,5.645,637.7325066430469,14045408667,2026-04-28 13:17:04.945272,28/04/26,13:17:4
2344,1.53,2.344,1535.8361774744028,14045411011,2026-04-28 13:17:07.289272,28/04/26,13:17:7
1945,1.85,1.945,1850.8997429305912,14045412956,2026-04-28 13:17:09.234272,28/04/26,13:17:9
1937,1.86,1.937,1858.544140423335,14045414893,2026-04-28 13:17:11.171272,28/04/26,13:17:11
1948,1.85,1.948,1848.0492813141684,14045416841,2026-04-28 13:17:13.119272,28/04/26,13:17:13
5356,0.67,5.356,672.1433905899926,14045422197,2026-04-28 13:17:18.475272,28/04/26,13:17:18
5993,0.6,5.993,600.7008176205574,14045428190,2026-04-28 13:17:24.468272,28/04/26,13:17:24
6019,0.6,6.019,598.1059976740322,14045434209,2026-04-28 13:17:30.487272,28/04/26,13:17:30
4943,0.73,4.943,728.3026502124216,14045439152,2026-04-28 13:17:35.430272,28/04/26,13:17:35
1956,1.84,1.956,1840.4907975460123,14045441108,2026-04-28 13:17:37.386272,28/04/26,13:17:37
1953,1.84,1.953,1843.3179723502303,14045443061,2026-04-28 13:17:39.339272,28/04/26,13:17:39
1952,1.84,1.952,1844.2622950819673,14045445013,2026-04-28 13:17:41.291272,28/04/26,13:17:41
1992,1.81,1.992,1807.2289156626507,14045447005,2026-04-28 13:17:43.283272,28/04/26,13:17:43
5945,0.61,5.945,605.5508830950379,14045452950,2026-04-28 13:17:49.228272,28/04/26,13:17:49
6001,0.6,6.001,599.9000166638893,14045458951,2026-04-28 13:17:55.229272,28/04/26,13:17:55
6000,0.6,6.0,600.0,14045464951,2026-04-28 13:18:01.229272,28/04/26,13:18:1
4512,0.8,4.512,797.8723404255319,14045469463,2026-04-28 13:18:05.741272,28/04/26,13:18:5
1977,1.82,1.977,1820.9408194233688,14045471440,2026-04-28 13:18:07.718272,28/04/26,13:18:7
1950,1.85,1.95,1846.1538461538462,14045473390,2026-04-28 13:18:09.668272,28/04/26,13:18:9
1942,1.85,1.942,1853.7590113285273,14045475332,2026-04-28 13:18:11.610272,28/04/26,13:18:11
2422,1.49,2.422,1486.3748967795211,14045477754,2026-04-28 13:18:14.032272,28/04/26,13:18:14
6216,0.58,6.216,579.1505791505791,14045483970,2026-04-28 13:18:20.248272,28/04/26,13:18:20
6431,0.56,6.431,559.7885243352512,14045490401,2026-04-28 13:18:26.679272,28/04/26,13:18:26
6446,0.56,6.446,558.4858827179646,14045496847,2026-04-28 13:18:33.125272,28/04/26,13:18:33
6415,0.56,6.415,561.1847233047545,14045503262,2026-04-28 13:18:39.540272,28/04/26,13:18:39
6419,0.56,6.419,560.8350210313133,14045509681,2026-04-28 13:18:45.959272,28/04/26,13:18:45
6430,0.56,6.43,559.8755832037325,14045516111,2026-04-28 13:18:52.389272,28/04/26,13:18:52
6442,0.56,6.442,558.8326606643899,14045522553,2026-04-28 13:18:58.831272,28/04/26,13:18:58
6431,0.56,6.431,559.7885243352512,14045528984,2026-04-28 13:19:05.262272,28/04/26,13:19:5
6412,0.56,6.412,561.447286338116,14045535396,2026-04-28 13:19:11.674272,28/04/26,13:19:11
6378,0.56,6.378,564.4402634054562,14045541774,2026-04-28 13:19:18.052272,28/04/26,13:19:18
6436,0.56,6.436,559.3536357986327,14045548210,2026-04-28 13:19:24.488272,28/04/26,13:19:24
6435,0.56,6.435,559.4405594405595,14045554645,2026-04-28 13:19:30.923272,28/04/26,13:19:30
6424,0.56,6.424,560.3985056039851,14045561069,2026-04-28 13:19:37.347272,28/04/26,13:19:37
6422,0.56,6.422,560.5730302086578,14045567491,2026-04-28 13:19:43.769272,28/04/26,13:19:43
6433,0.56,6.433,559.6144877972952,14045573924,2026-04-28 13:19:50.202272,28/04/26,13:19:50
6421,0.56,6.421,560.6603332814203,14045580345,2026-04-28 13:19:56.623272,28/04/26,13:19:56
6440,0.56,6.44,559.0062111801242,14045586785,2026-04-28 13:20:03.063272,28/04/26,13:20:3
6421,0.56,6.421,560.6603332814203,14045593206,2026-04-28 13:20:09.484272,28/04/26,13:20:9
4351,0.83,4.351,827.3960009193289,14045597557,2026-04-28 13:20:13.835272,28/04/26,13:20:13
1875,1.92,1.875,1920.0,14045599432,2026-04-28 13:20:15.710272,28/04/26,13:20:15
1890,1.9,1.89,1904.7619047619048,14045601322,2026-04-28 13:20:17.600272,28/04/26,13:20:17
1902,1.89,1.902,1892.7444794952683,14045603224,2026-04-28 13:20:19.502272,28/04/26,13:20:19
1901,1.89,1.901,1893.740136770121,14045605125,2026-04-28 13:20:21.403272,28/04/26,13:20:21
1912,1.88,1.912,1882.8451882845188,14045607037,2026-04-28 13:20:23.315272,28/04/26,13:20:23
1909,1.88,1.909,1885.8040859088528,14045608946,2026-04-28 13:20:25.224272,28/04/26,13:20:25
1907,1.89,1.907,1887.7818563188255,14045610853,2026-04-28 13:20:27.131272,28/04/26,13:20:27
1909,1.88,1.909,1885.8040859088528,14045612762,2026-04-28 13:20:29.040272,28/04/26,13:20:29
1902,1.89,1.902,1892.7444794952683,14045614664,2026-04-28 13:20:30.942272,28/04/26,13:20:30
1904,1.89,1.904,1890.7563025210084,14045616568,2026-04-28 13:20:32.846272,28/04/26,13:20:32
1906,1.89,1.906,1888.7722980062958,14045618474,2026-04-28 13:20:34.752272,28/04/26,13:20:34
1903,1.89,1.903,1891.7498686284814,14045620377,2026-04-28 13:20:36.655272,28/04/26,13:20:36
1907,1.89,1.907,1887.7818563188255,14045622284,2026-04-28 13:20:38.562272,28/04/26,13:20:38
1912,1.88,1.912,1882.8451882845188,14045624196,2026-04-28 13:20:40.474272,28/04/26,13:20:40
1908,1.89,1.908,1886.7924528301887,14045626104,2026-04-28 13:20:42.382272,28/04/26,13:20:42
1914,1.88,1.914,1880.8777429467084,14045628018,2026-04-28 13:20:44.296272,28/04/26,13:20:44
1910,1.88,1.91,1884.8167539267015,14045629928,2026-04-28 13:20:46.206272,28/04/26,13:20:46
1911,1.88,1.911,1883.8304552590266,14045631839,2026-04-28 13:20:48.117272,28/04/26,13:20:48
1912,1.88,1.912,1882.8451882845188,14045633751,2026-04-28 13:20:50.029272,28/04/26,13:20:50
1904,1.89,1.904,1890.7563025210084,14045635655,2026-04-28 13:20:51.933272,28/04/26,13:20:51
1911,1.88,1.911,1883.8304552590266,14045637566,2026-04-28 13:20:53.844272,28/04/26,13:20:53
1912,1.88,1.912,1882.8451882845188,14045639478,2026-04-28 13:20:55.756272,28/04/26,13:20:55
1909,1.88,1.909,1885.8040859088528,14045641387,2026-04-28 13:20:57.665272,28/04/26,13:20:57
1913,1.88,1.913,1881.8609513852587,14045643300,2026-04-28 13:20:59.578272,28/04/26,13:20:59
1910,1.88,1.91,1884.8167539267015,14045645210,2026-04-28 13:21:01.488272,28/04/26,13:21:1
1911,1.88,1.911,1883.8304552590266,14045647121,2026-04-28 13:21:03.399272,28/04/26,13:21:3
1914,1.88,1.914,1880.8777429467084,14045649035,2026-04-28 13:21:05.313272,28/04/26,13:21:5
1911,1.88,1.911,1883.8304552590266,14045650946,2026-04-28 13:21:07.224272,28/04/26,13:21:7
1915,1.88,1.915,1879.8955613577023,14045652861,2026-04-28 13:21:09.139272,28/04/26,13:21:9
1913,1.88,1.913,1881.8609513852587,14045654774,2026-04-28 13:21:11.052272,28/04/26,13:21:11
1913,1.88,1.913,1881.8609513852587,14045656687,2026-04-28 13:21:12.965272,28/04/26,13:21:12
1914,1.88,1.914,1880.8777429467084,14045658601,2026-04-28 13:21:14.879272,28/04/26,13:21:14
1913,1.88,1.913,1881.8609513852587,14045660514,2026-04-28 13:21:16.792272,28/04/26,13:21:16
1916,1.88,1.916,1878.9144050104385,14045662430,2026-04-28 13:21:18.708272,28/04/26,13:21:18
1916,1.88,1.916,1878.9144050104385,14045664346,2026-04-28 13:21:20.624272,28/04/26,13:21:20
1921,1.87,1.921,1874.0239458615304,14045666267,2026-04-28 13:21:22.545272,28/04/26,13:21:22
1919,1.88,1.919,1875.9770713913497,14045668186,2026-04-28 13:21:24.464272,28/04/26,13:21:24
1912,1.88,1.912,1882.8451882845188,14045670098,2026-04-28 13:21:26.376272,28/04/26,13:21:26
1916,1.88,1.916,1878.9144050104385,14045672014,2026-04-28 13:21:28.292272,28/04/26,13:21:28
1914,1.88,1.914,1880.8777429467084,14045673928,2026-04-28 13:21:30.206272,28/04/26,13:21:30
1910,1.88,1.91,1884.8167539267015,14045675838,2026-04-28 13:21:32.116272,28/04/26,13:21:32
1914,1.88,1.914,1880.8777429467084,14045677752,2026-04-28 13:21:34.030272,28/04/26,13:21:34
1913,1.88,1.913,1881.8609513852587,14045679665,2026-04-28 13:21:35.943272,28/04/26,13:21:35
1910,1.88,1.91,1884.8167539267015,14045681575,2026-04-28 13:21:37.853272,28/04/26,13:21:37
1910,1.88,1.91,1884.8167539267015,14045683485,2026-04-28 13:21:39.763272,28/04/26,13:21:39
1908,1.89,1.908,1886.7924528301887,14045685393,2026-04-28 13:21:41.671272,28/04/26,13:21:41
1915,1.88,1.915,1879.8955613577023,14045687308,2026-04-28 13:21:43.586272,28/04/26,13:21:43
1908,1.89,1.908,1886.7924528301887,14045689216,2026-04-28 13:21:45.494272,28/04/26,13:21:45
1908,1.89,1.908,1886.7924528301887,14045691124,2026-04-28 13:21:47.402272,28/04/26,13:21:47
1912,1.88,1.912,1882.8451882845188,14045693036,2026-04-28 13:21:49.314272,28/04/26,13:21:49
1909,1.88,1.909,1885.8040859088528,14045694945,2026-04-28 13:21:51.223272,28/04/26,13:21:51
1912,1.88,1.912,1882.8451882845188,14045696857,2026-04-28 13:21:53.135272,28/04/26,13:21:53
1912,1.88,1.912,1882.8451882845188,14045698769,2026-04-28 13:21:55.047272,28/04/26,13:21:55
1912,1.88,1.912,1882.8451882845188,14045700681,2026-04-28 13:21:56.959272,28/04/26,13:21:56
1913,1.88,1.913,1881.8609513852587,14045702594,2026-04-28 13:21:58.872272,28/04/26,13:21:58
1917,1.88,1.917,1877.9342723004695,14045704511,2026-04-28 13:22:00.789272,28/04/26,13:22:0
1924,1.87,1.924,1871.1018711018712,14045706435,2026-04-28 13:22:02.713272,28/04/26,13:22:2
1921,1.87,1.921,1874.0239458615304,14045708356,2026-04-28 13:22:04.634272,28/04/26,13:22:4
1921,1.87,1.921,1874.0239458615304,14045710277,2026-04-28 13:22:06.555272,28/04/26,13:22:6
1918,1.88,1.918,1876.9551616266945,14045712195,2026-04-28 13:22:08.473272,28/04/26,13:22:8
1918,1.88,1.918,1876.9551616266945,14045714113,2026-04-28 13:22:10.391272,28/04/26,13:22:10
1912,1.88,1.912,1882.8451882845188,14045716025,2026-04-28 13:22:12.303272,28/04/26,13:22:12
1912,1.88,1.912,1882.8451882845188,14045717937,2026-04-28 13:22:14.215272,28/04/26,13:22:14
1909,1.88,1.909,1885.8040859088528,14045719846,2026-04-28 13:22:16.124272,28/04/26,13:22:16
1913,1.88,1.913,1881.8609513852587,14045721759,2026-04-28 13:22:18.037272,28/04/26,13:22:18
1919,1.88,1.919,1875.9770713913497,14045723678,2026-04-28 13:22:19.956272,28/04/26,13:22:19
1916,1.88,1.916,1878.9144050104385,14045725594,2026-04-28 13:22:21.872272,28/04/26,13:22:21
1913,1.88,1.913,1881.8609513852587,14045727507,2026-04-28 13:22:23.785272,28/04/26,13:22:23
1913,1.88,1.913,1881.8609513852587,14045729420,2026-04-28 13:22:25.698272,28/04/26,13:22:25
1912,1.88,1.912,1882.8451882845188,14045731332,2026-04-28 13:22:27.610272,28/04/26,13:22:27
1907,1.89,1.907,1887.7818563188255,14045733239,2026-04-28 13:22:29.517272,28/04/26,13:22:29
1903,1.89,1.903,1891.7498686284814,14045735142,2026-04-28 13:22:31.420272,28/04/26,13:22:31
1907,1.89,1.907,1887.7818563188255,14045737049,2026-04-28 13:22:33.327272,28/04/26,13:22:33
1908,1.89,1.908,1886.7924528301887,14045738957,2026-04-28 13:22:35.235272,28/04/26,13:22:35
1907,1.89,1.907,1887.7818563188255,14045740864,2026-04-28 13:22:37.142272,28/04/26,13:22:37
1862,1.93,1.862,1933.404940923738,14045742726,2026-04-28 13:22:39.004272,28/04/26,13:22:39
1811,1.99,1.811,1987.8520154610712,14045744537,2026-04-28 13:22:40.815272,28/04/26,13:22:40
1810,1.99,1.81,1988.9502762430939,14045746347,2026-04-28 13:22:42.625272,28/04/26,13:22:42
1807,1.99,1.807,1992.2523519645822,14045748154,2026-04-28 13:22:44.432272,28/04/26,13:22:44
1807,1.99,1.807,1992.2523519645822,14045749961,2026-04-28 13:22:46.239272,28/04/26,13:22:46
1811,1.99,1.811,1987.8520154610712,14045751772,2026-04-28 13:22:48.050272,28/04/26,13:22:48
1813,1.99,1.813,1985.6591285162713,14045753585,2026-04-28 13:22:49.863272,28/04/26,13:22:49
1808,1.99,1.808,1991.1504424778761,14045755393,2026-04-28 13:22:51.671272,28/04/26,13:22:51
1817,1.98,1.817,1981.2878370941112,14045757210,2026-04-28 13:22:53.488272,28/04/26,13:22:53
1815,1.98,1.815,1983.4710743801652,14045759025,2026-04-28 13:22:55.303272,28/04/26,13:22:55
1816,1.98,1.816,1982.3788546255507,14045760841,2026-04-28 13:22:57.119272,28/04/26,13:22:57
1816,1.98,1.816,1982.3788546255507,14045762657,2026-04-28 13:22:58.935272,28/04/26,13:22:58
1815,1.98,1.815,1983.4710743801652,14045764472,2026-04-28 13:23:00.750272,28/04/26,13:23:0
1819,1.98,1.819,1979.1094007696536,14045766291,2026-04-28 13:23:02.569272,28/04/26,13:23:2
1816,1.98,1.816,1982.3788546255507,14045768107,2026-04-28 13:23:04.385272,28/04/26,13:23:4
1815,1.98,1.815,1983.4710743801652,14045769922,2026-04-28 13:23:06.200272,28/04/26,13:23:6
1817,1.98,1.817,1981.2878370941112,14045771739,2026-04-28 13:23:08.017272,28/04/26,13:23:8
1818,1.98,1.818,1980.1980198019803,14045773557,2026-04-28 13:23:09.835272,28/04/26,13:23:9
1815,1.98,1.815,1983.4710743801652,14045775372,2026-04-28 13:23:11.650272,28/04/26,13:23:11
1822,1.98,1.822,1975.8507135016466,14045777194,2026-04-28 13:23:13.472272,28/04/26,13:23:13
1817,1.98,1.817,1981.2878370941112,14045779011,2026-04-28 13:23:15.289272,28/04/26,13:23:15
1816,1.98,1.816,1982.3788546255507,14045780827,2026-04-28 13:23:17.105272,28/04/26,13:23:17
1820,1.98,1.82,1978.021978021978,14045782647,2026-04-28 13:23:18.925272,28/04/26,13:23:18
2048,1.76,2.048,1757.8125,14045784695,2026-04-28 13:23:20.973272,28/04/26,13:23:20
3330,1.08,3.33,1081.081081081081,14045788025,2026-04-28 13:23:24.303272,28/04/26,13:23:24
2151,1.67,2.151,1673.6401673640166,14045790176,2026-04-28 13:23:26.454272,28/04/26,13:23:26
1818,1.98,1.818,1980.1980198019803,14045791994,2026-04-28 13:23:28.272272,28/04/26,13:23:28
1817,1.98,1.817,1981.2878370941112,14045793811,2026-04-28 13:23:30.089272,28/04/26,13:23:30
1814,1.98,1.814,1984.5644983461962,14045795625,2026-04-28 13:23:31.903272,28/04/26,13:23:31
1821,1.98,1.821,1976.9357495881384,14045797446,2026-04-28 13:23:33.724272,28/04/26,13:23:33
1815,1.98,1.815,1983.4710743801652,14045799261,2026-04-28 13:23:35.539272,28/04/26,13:23:35
2629,1.37,2.629,1369.3419551160137,14045801890,2026-04-28 13:23:38.168272,28/04/26,13:23:38
3859,0.93,3.859,932.884166882612,14045805749,2026-04-28 13:23:42.027272,28/04/26,13:23:42
2258,1.59,2.258,1594.3312666076174,14045808007,2026-04-28 13:23:44.285272,28/04/26,13:23:44
2264,1.59,2.264,1590.1060070671379,14045810271,2026-04-28 13:23:46.549272,28/04/26,13:23:46
2250,1.6,2.25,1600.0,14045812521,2026-04-28 13:23:48.799272,28/04/26,13:23:48
2247,1.6,2.247,1602.136181575434,14045814768,2026-04-28 13:23:51.046272,28/04/26,13:23:51
2243,1.6,2.243,1604.9933125278644,14045817011,2026-04-28 13:23:53.289272,28/04/26,13:23:53
2231,1.61,2.231,1613.6261766024204,14045819242,2026-04-28 13:23:55.520272,28/04/26,13:23:55
2236,1.61,2.236,1610.0178890876566,14045821478,2026-04-28 13:23:57.756272,28/04/26,13:23:57
2247,1.6,2.247,1602.136181575434,14045823725,2026-04-28 13:24:00.003272,28/04/26,13:24:0
2242,1.61,2.242,1605.7091882247994,14045825967,2026-04-28 13:24:02.245272,28/04/26,13:24:2
3307,1.09,3.307,1088.5999395222257,14045829274,2026-04-28 13:24:05.552272,28/04/26,13:24:5
3344,1.08,3.344,1076.5550239234449,14045832618,2026-04-28 13:24:08.896272,28/04/26,13:24:8
2242,1.61,2.242,1605.7091882247994,14045834860,2026-04-28 13:24:11.138272,28/04/26,13:24:11
2248,1.6,2.248,1601.423487544484,14045837108,2026-04-28 13:24:13.386272,28/04/26,13:24:13
2242,1.61,2.242,1605.7091882247994,14045839350,2026-04-28 13:24:15.628272,28/04/26,13:24:15
2246,1.6,2.246,1602.8495102404274,14045841596,2026-04-28 13:24:17.874272,28/04/26,13:24:17
2252,1.6,2.252,1598.5790408525754,14045843848,2026-04-28 13:24:20.126272,28/04/26,13:24:20
2249,1.6,2.249,1600.7114273010227,14045846097,2026-04-28 13:24:22.375272,28/04/26,13:24:22
2255,1.6,2.255,1596.4523281596453,14045848352,2026-04-28 13:24:24.630272,28/04/26,13:24:24
2256,1.6,2.256,1595.7446808510638,14045850608,2026-04-28 13:24:26.886272,28/04/26,13:24:26
2774,1.3,2.774,1297.7649603460707,14045853382,2026-04-28 13:24:29.660272,28/04/26,13:24:29
3971,0.91,3.971,906.5726517250063,14045857353,2026-04-28 13:24:33.631272,28/04/26,13:24:33
2381,1.51,2.381,1511.969760604788,14045859734,2026-04-28 13:24:36.012272,28/04/26,13:24:36
2964,1.21,2.964,1214.5748987854251,14045862698,2026-04-28 13:24:38.976272,28/04/26,13:24:38
2993,1.2,2.993,1202.8065486134312,14045865691,2026-04-28 13:24:41.969272,28/04/26,13:24:41
3003,1.2,3.003,1198.8011988011988,14045868694,2026-04-28 13:24:44.972272,28/04/26,13:24:44
2993,1.2,2.993,1202.8065486134312,14045871687,2026-04-28 13:24:47.965272,28/04/26,13:24:47
2986,1.21,2.986,1205.6262558606832,14045874673,2026-04-28 13:24:50.951272,28/04/26,13:24:50
5930,0.61,5.93,607.0826306913997,14045880603,2026-04-28 13:24:56.881272,28/04/26,13:24:56
2993,1.2,2.993,1202.8065486134312,14045883596,2026-04-28 13:24:59.874272,28/04/26,13:24:59
2985,1.21,2.985,1206.0301507537688,14045886581,2026-04-28 13:25:02.859272,28/04/26,13:25:2
2989,1.2,2.989,1204.416192706591,14045889570,2026-04-28 13:25:05.848272,28/04/26,13:25:5
2994,1.2,2.994,1202.4048096192384,14045892564,2026-04-28 13:25:08.842272,28/04/26,13:25:8
2984,1.21,2.984,1206.4343163538874,14045895548,2026-04-28 13:25:11.826272,28/04/26,13:25:11
2980,1.21,2.98,1208.0536912751677,14045898528,2026-04-28 13:25:14.806272,28/04/26,13:25:14
5721,0.63,5.721,629.2606187729418,14045904249,2026-04-28 13:25:20.527272,28/04/26,13:25:20
3214,1.12,3.214,1120.099564405725,14045907463,2026-04-28 13:25:23.741272,28/04/26,13:25:23
2999,1.2,2.999,1200.4001333777926,14045910462,2026-04-28 13:25:26.740272,28/04/26,13:25:26
2994,1.2,2.994,1202.4048096192384,14045913456,2026-04-28 13:25:29.734272,28/04/26,13:25:29
2997,1.2,2.997,1201.2012012012012,14045916453,2026-04-28 13:25:32.731272,28/04/26,13:25:32
2991,1.2,2.991,1203.6108324974925,14045919444,2026-04-28 13:25:35.722272,28/04/26,13:25:35
3005,1.2,3.005,1198.0033277870216,14045922449,2026-04-28 13:25:38.727272,28/04/26,13:25:38
2999,1.2,2.999,1200.4001333777926,14045925448,2026-04-28 13:25:41.726272,28/04/26,13:25:41
5876,0.61,5.876,612.6616746085773,14045931324,2026-04-28 13:25:47.602272,28/04/26,13:25:47
3118,1.15,3.118,1154.5862732520848,14045934442,2026-04-28 13:25:50.720272,28/04/26,13:25:50
3004,1.2,3.004,1198.4021304926764,14045937446,2026-04-28 13:25:53.724272,28/04/26,13:25:53
3005,1.2,3.005,1198.0033277870216,14045940451,2026-04-28 13:25:56.729272,28/04/26,13:25:56
3008,1.2,3.008,1196.8085106382978,14045943459,2026-04-28 13:25:59.737272,28/04/26,13:25:59
3009,1.2,3.009,1196.4107676969093,14045946468,2026-04-28 13:26:02.746272,28/04/26,13:26:2
3011,1.2,3.011,1195.616074393889,14045949479,2026-04-28 13:26:05.757272,28/04/26,13:26:5
3253,1.11,3.253,1106.6707654472793,14045952732,2026-04-28 13:26:09.010272,28/04/26,13:26:9
5797,0.62,5.797,621.0108676901846,14045958529,2026-04-28 13:26:14.807272,28/04/26,13:26:14
3000,1.2,3.0,1200.0,14045961529,2026-04-28 13:26:17.807272,28/04/26,13:26:17
3006,1.2,3.006,1197.6047904191616,14045964535,2026-04-28 13:26:20.813272,28/04/26,13:26:20
3004,1.2,3.004,1198.4021304926764,14045967539,2026-04-28 13:26:23.817272,28/04/26,13:26:23
2996,1.2,2.996,1201.6021361815754,14045970535,2026-04-28 13:26:26.813272,28/04/26,13:26:26
3282,1.1,3.282,1096.892138939671,14045973817,2026-04-28 13:26:30.095272,28/04/26,13:26:30
5917,0.61,5.917,608.4164272435356,14045979734,2026-04-28 13:26:36.012272,28/04/26,13:26:36
3002,1.2,3.002,1199.2005329780147,14045982736,2026-04-28 13:26:39.014272,28/04/26,13:26:39
2998,1.2,2.998,1200.800533689126,14045985734,2026-04-28 13:26:42.012272,28/04/26,13:26:42
3001,1.2,3.001,1199.6001332889036,14045988735,2026-04-28 13:26:45.013272,28/04/26,13:26:45
2995,1.2,2.995,1202.0033388981635,14045991730,2026-04-28 13:26:48.008272,28/04/26,13:26:48
5217,0.69,5.217,690.0517538815411,14045996947,2026-04-28 13:26:53.225272,28/04/26,13:26:53
3915,0.92,3.915,919.5402298850574,14046000862,2026-04-28 13:26:57.140272,28/04/26,13:26:57
3002,1.2,3.002,1199.2005329780147,14046003864,2026-04-28 13:27:00.142272,28/04/26,13:27:0
2994,1.2,2.994,1202.4048096192384,14046006858,2026-04-28 13:27:03.136272,28/04/26,13:27:3
2994,1.2,2.994,1202.4048096192384,14046009852,2026-04-28 13:27:06.130272,28/04/26,13:27:6
3000,1.2,3.0,1200.0,14046012852,2026-04-28 13:27:09.130272,28/04/26,13:27:9
6175,0.58,6.175,582.995951417004,14046019027,2026-04-28 13:27:15.305272,28/04/26,13:27:15
2983,1.21,2.983,1206.8387529332886,14046022010,2026-04-28 13:27:18.288272,28/04/26,13:27:18
2994,1.2,2.994,1202.4048096192384,14046025004,2026-04-28 13:27:21.282272,28/04/26,13:27:21
2994,1.2,2.994,1202.4048096192384,14046027998,2026-04-28 13:27:24.276272,28/04/26,13:27:24
3005,1.2,3.005,1198.0033277870216,14046031003,2026-04-28 13:27:27.281272,28/04/26,13:27:27
3232,1.11,3.232,1113.8613861386139,14046034235,2026-04-28 13:27:30.513272,28/04/26,13:27:30
5928,0.61,5.928,607.2874493927126,14046040163,2026-04-28 13:27:36.441272,28/04/26,13:27:36
3002,1.2,3.002,1199.2005329780147,14046043165,2026-04-28 13:27:39.443272,28/04/26,13:27:39
3690,0.98,3.69,975.609756097561,14046046855,2026-04-28 13:27:43.133272,28/04/26,13:27:43
4417,0.81,4.417,815.0328277111162,14046051272,2026-04-28 13:27:47.550272,28/04/26,13:27:47
4422,0.81,4.422,814.1112618724559,14046055694,2026-04-28 13:27:51.972272,28/04/26,13:27:51
4415,0.81,4.415,815.4020385050962,14046060109,2026-04-28 13:27:56.387272,28/04/26,13:27:56
4419,0.81,4.419,814.6639511201629,14046064528,2026-04-28 13:28:00.806272,28/04/26,13:28:0
4414,0.81,4.414,815.5867693701857,14046068942,2026-04-28 13:28:05.220272,28/04/26,13:28:5
4423,0.81,4.423,813.927198733891,14046073365,2026-04-28 13:28:09.643272,28/04/26,13:28:9
4409,0.82,4.409,816.5116806532094,14046077774,2026-04-28 13:28:14.052272,28/04/26,13:28:14
4408,0.82,4.408,816.6969147005444,14046082182,2026-04-28 13:28:18.460272,28/04/26,13:28:18
4412,0.81,4.412,815.9564823209429,14046086594,2026-04-28 13:28:22.872272,28/04/26,13:28:22
4399,0.82,4.399,818.367810866106,14046090993,2026-04-28 13:28:27.271272,28/04/26,13:28:27
4401,0.82,4.401,817.9959100204499,14046095394,2026-04-28 13:28:31.672272,28/04/26,13:28:31
4410,0.82,4.41,816.3265306122449,14046099804,2026-04-28 13:28:36.082272,28/04/26,13:28:36
4415,0.81,4.415,815.4020385050962,14046104219,2026-04-28 13:28:40.497272,28/04/26,13:28:40
4399,0.82,4.399,818.367810866106,14046108618,2026-04-28 13:28:44.896272,28/04/26,13:28:44
4426,0.81,4.426,813.3755083596927,14046113044,2026-04-28 13:28:49.322272,28/04/26,13:28:49
4404,0.82,4.404,817.4386920980926,14046117448,2026-04-28 13:28:53.726272,28/04/26,13:28:53
4399,0.82,4.399,818.367810866106,14046121847,2026-04-28 13:28:58.125272,28/04/26,13:28:58
4401,0.82,4.401,817.9959100204499,14046126248,2026-04-28 13:29:02.526272,28/04/26,13:29:2
4400,0.82,4.4,818.1818181818181,14046130648,2026-04-28 13:29:06.926272,28/04/26,13:29:6
4394,0.82,4.394,819.2990441511151,14046135042,2026-04-28 13:29:11.320272,28/04/26,13:29:11
4377,0.82,4.377,822.481151473612,14046139419,2026-04-28 13:29:15.697272,28/04/26,13:29:15
4395,0.82,4.395,819.1126279863481,14046143814,2026-04-28 13:29:20.092272,28/04/26,13:29:20
4399,0.82,4.399,818.367810866106,14046148213,2026-04-28 13:29:24.491272,28/04/26,13:29:24
4403,0.82,4.403,817.6243470361118,14046152616,2026-04-28 13:29:28.894272,28/04/26,13:29:28
4413,0.81,4.413,815.7715839564922,14046157029,2026-04-28 13:29:33.307272,28/04/26,13:29:33
4410,0.82,4.41,816.3265306122449,14046161439,2026-04-28 13:29:37.717272,28/04/26,13:29:37
4399,0.82,4.399,818.367810866106,14046165838,2026-04-28 13:29:42.116272,28/04/26,13:29:42
4426,0.81,4.426,813.3755083596927,14046170264,2026-04-28 13:29:46.542272,28/04/26,13:29:46
4440,0.81,4.44,810.8108108108108,14046174704,2026-04-28 13:29:50.982272,28/04/26,13:29:50
4427,0.81,4.427,813.1917777275808,14046179131,2026-04-28 13:29:55.409272,28/04/26,13:29:55
5076,0.71,5.076,709.2198581560284,14046184207,2026-04-28 13:30:00.485272,28/04/26,13:30:0
5482,0.66,5.482,656.6946369937979,14046189689,2026-04-28 13:30:05.967272,28/04/26,13:30:5
5496,0.65,5.496,655.0218340611353,14046195185,2026-04-28 13:30:11.463272,28/04/26,13:30:11
5474,0.66,5.474,657.6543660942638,14046200659,2026-04-28 13:30:16.937272,28/04/26,13:30:16
5502,0.65,5.502,654.3075245365321,14046206161,2026-04-28 13:30:22.439272,28/04/26,13:30:22
5499,0.65,5.499,654.6644844517185,14046211660,2026-04-28 13:30:27.938272,28/04/26,13:30:27
5518,0.65,5.518,652.4102935846321,14046217178,2026-04-28 13:30:33.456272,28/04/26,13:30:33
5486,0.66,5.486,656.2158220925993,14046222664,2026-04-28 13:30:38.942272,28/04/26,13:30:38
5493,0.65,5.493,655.3795740032768,14046228157,2026-04-28 13:30:44.435272,28/04/26,13:30:44
5493,0.65,5.493,655.3795740032768,14046233650,2026-04-28 13:30:49.928272,28/04/26,13:30:49
5500,0.65,5.5,654.5454545454545,14046239150,2026-04-28 13:30:55.428272,28/04/26,13:30:55
5529,0.65,5.529,651.1123168746609,14046244679,2026-04-28 13:31:00.957272,28/04/26,13:31:0
5506,0.65,5.506,653.8321830730113,14046250185,2026-04-28 13:31:06.463272,28/04/26,13:31:6
5518,0.65,5.518,652.4102935846321,14046255703,2026-04-28 13:31:11.981272,28/04/26,13:31:11
5498,0.65,5.498,654.78355765733,14046261201,2026-04-28 13:31:17.479272,28/04/26,13:31:17
5526,0.65,5.526,651.4657980456026,14046266727,2026-04-28 13:31:23.005272,28/04/26,13:31:23
5514,0.65,5.514,652.8835690968444,14046272241,2026-04-28 13:31:28.519272,28/04/26,13:31:28
5514,0.65,5.514,652.8835690968444,14046277755,2026-04-28 13:31:34.033272,28/04/26,13:31:34
5471,0.66,5.471,658.0149881191738,14046283226,2026-04-28 13:31:39.504272,28/04/26,13:31:39
5485,0.66,5.485,656.3354603463993,14046288711,2026-04-28 13:31:44.989272,28/04/26,13:31:44
5503,0.65,5.503,654.1886243866982,14046294214,2026-04-28 13:31:50.492272,28/04/26,13:31:50
5501,0.65,5.501,654.4264679149246,14046299715,2026-04-28 13:31:55.993272,28/04/26,13:31:55
5495,0.65,5.495,655.1410373066424,14046305210,2026-04-28 13:32:01.488272,28/04/26,13:32:1
5491,0.65,5.491,655.618284465489,14046310701,2026-04-28 13:32:06.979272,28/04/26,13:32:6
5481,0.66,5.481,656.8144499178982,14046316182,2026-04-28 13:32:12.460272,28/04/26,13:32:12
5442,0.66,5.442,661.5214994487321,14046321624,2026-04-28 13:32:17.902272,28/04/26,13:32:17
5495,0.65,5.495,655.1410373066424,14046327119,2026-04-28 13:32:23.397272,28/04/26,13:32:23
5482,0.66,5.482,656.6946369937979,14046332601,2026-04-28 13:32:28.879272,28/04/26,13:32:28
5501,0.65,5.501,654.4264679149246,14046338102,2026-04-28 13:32:34.380272,28/04/26,13:32:34
5488,0.65,5.488,655.9766763848396,14046343590,2026-04-28 13:32:39.868272,28/04/26,13:32:39
5497,0.65,5.497,654.9026741859196,14046349087,2026-04-28 13:32:45.365272,28/04/26,13:32:45
5515,0.65,5.515,652.7651858567543,14046354602,2026-04-28 13:32:50.880272,28/04/26,13:32:50
5514,0.65,5.514,652.8835690968444,14046360116,2026-04-28 13:32:56.394272,28/04/26,13:32:56
5501,0.65,5.501,654.4264679149246,14046365617,2026-04-28 13:33:01.895272,28/04/26,13:33:1
5508,0.65,5.508,653.59477124183,14046371125,2026-04-28 13:33:07.403272,28/04/26,13:33:7
5499,0.65,5.499,654.6644844517185,14046376624,2026-04-28 13:33:12.902272,28/04/26,13:33:12
5484,0.66,5.484,656.4551422319474,14046382108,2026-04-28 13:33:18.386272,28/04/26,13:33:18
5515,0.65,5.515,652.7651858567543,14046387623,2026-04-28 13:33:23.901272,28/04/26,13:33:23
5531,0.65,5.531,650.8768757909962,14046393154,2026-04-28 13:33:29.432272,28/04/26,13:33:29
7095,0.51,7.095,507.399577167019,14046400249,2026-04-28 13:33:36.527272,28/04/26,13:33:36
7314,0.49,7.314,492.2067268252666,14046407563,2026-04-28 13:33:43.841272,28/04/26,13:33:43
7330,0.49,7.33,491.13233287858117,14046414893,2026-04-28 13:33:51.171272,28/04/26,13:33:51
7330,0.49,7.33,491.13233287858117,14046422223,2026-04-28 13:33:58.501272,28/04/26,13:33:58
7307,0.49,7.307,492.67825372930065,14046429530,2026-04-28 13:34:05.808272,28/04/26,13:34:5
7300,0.49,7.3,493.1506849315069,14046436830,2026-04-28 13:34:13.108272,28/04/26,13:34:13
7299,0.49,7.299,493.2182490752158,14046444129,2026-04-28 13:34:20.407272,28/04/26,13:34:20
7292,0.49,7.292,493.6917169500823,14046451421,2026-04-28 13:34:27.699272,28/04/26,13:34:27
7293,0.49,7.293,493.62402303578773,14046458714,2026-04-28 13:34:34.992272,28/04/26,13:34:34
7282,0.49,7.282,494.3696786597089,14046465996,2026-04-28 13:34:42.274272,28/04/26,13:34:42
7300,0.49,7.3,493.1506849315069,14046473296,2026-04-28 13:34:49.574272,28/04/26,13:34:49
7369,0.49,7.369,488.5330438322703,14046480665,2026-04-28 13:34:56.943272,28/04/26,13:34:56
7535,0.48,7.535,477.7704047777041,14046488200,2026-04-28 13:35:04.478272,28/04/26,13:35:4
8865,0.41,8.865,406.0913705583756,14046497065,2026-04-28 13:35:13.343272,28/04/26,13:35:13
8825,0.41,8.825,407.93201133144476,14046505890,2026-04-28 13:35:22.168272,28/04/26,13:35:22
8878,0.41,8.878,405.4967334985357,14046514768,2026-04-28 13:35:31.046272,28/04/26,13:35:31
8936,0.4,8.936,402.8648164726947,14046523704,2026-04-28 13:35:39.982272,28/04/26,13:35:39
11736,0.31,11.736,306.7484662576687,14046535440,2026-04-28 13:35:51.718272,28/04/26,13:35:51
11818,0.3,11.818,304.62007107801657,14046547258,2026-04-28 13:36:03.536272,28/04/26,13:36:3
11765,0.31,11.765,305.99235019124524,14046559023,2026-04-28 13:36:15.301272,28/04/26,13:36:15
11761,0.31,11.761,306.0964203724173,14046570784,2026-04-28 13:36:27.062272,28/04/26,13:36:27
11781,0.31,11.781,305.57677616501144,14046582565,2026-04-28 13:36:38.843272,28/04/26,13:36:38
11782,0.31,11.782,305.55084026481074,14046594347,2026-04-28 13:36:50.625272,28/04/26,13:36:50
11748,0.31,11.748,306.43513789581203,14046606095,2026-04-28 13:37:02.373272,28/04/26,13:37:2
11765,0.31,11.765,305.99235019124524,14046617860,2026-04-28 13:37:14.138272,28/04/26,13:37:14
11688,0.31,11.688,308.0082135523614,14046629548,2026-04-28 13:37:25.826272,28/04/26,13:37:25
11789,0.31,11.789,305.3694121638816,14046641337,2026-04-28 13:37:37.615272,28/04/26,13:37:37
11777,0.31,11.777,305.6805638108177,14046653114,2026-04-28 13:37:49.392272,28/04/26,13:37:49
11748,0.31,11.748,306.43513789581203,14046664862,2026-04-28 13:38:01.140272,28/04/26,13:38:1
11933,0.3,11.933,301.68440459230703,14046676795,2026-04-28 13:38:13.073272,28/04/26,13:38:13
22585,0.16,22.585,159.39783041841932,14046699380,2026-04-28 13:38:35.658272,28/04/26,13:38:35
22868,0.16,22.868,157.42522301906595,14046722248,2026-04-28 13:38:58.526272,28/04/26,13:38:58
22763,0.16,22.763,158.15138602117472,14046745011,2026-04-28 13:39:21.289272,28/04/26,13:39:21
22762,0.16,22.762,158.15833406554785,14046767773,2026-04-28 13:39:44.051272,28/04/26,13:39:44
22740,0.16,22.74,158.31134564643799,14046790513,2026-04-28 13:40:06.791272,28/04/26,13:40:6
22714,0.16,22.714,158.49255965483843,14046813227,2026-04-28 13:40:29.505272,28/04/26,13:40:29
22929,0.16,22.929,157.00641109511972,14046836156,2026-04-28 13:40:52.434272,28/04/26,13:40:52
22852,0.16,22.852,157.53544547523194,14046859008,2026-04-28 13:41:15.286272,28/04/26,13:41:15
22727,0.16,22.727,158.40190082280986,14046881735,2026-04-28 13:41:38.013272,28/04/26,13:41:38
22191,0.16,22.191,162.22793024199,14046903926,2026-04-28 13:42:00.204272,28/04/26,13:42:0
22419,0.16,22.419,160.57808109193095,14046926345,2026-04-28 13:42:22.623272,28/04/26,13:42:22
22668,0.16,22.668,158.81418740074113,14046949013,2026-04-28 13:42:45.291272,28/04/26,13:42:45
22410,0.16,22.41,160.6425702811245,14046971423,2026-04-28 13:43:07.701272,28/04/26,13:43:7
21988,0.16,21.988,163.7256685464799,14046993411,2026-04-28 13:43:29.689272,28/04/26,13:43:29
22521,0.16,22.521,159.85080591447982,14047015932,2026-04-28 13:43:52.210272,28/04/26,13:43:52
22525,0.16,22.525,159.82241953385127,14047038457,2026-04-28 13:44:14.735272,28/04/26,13:44:14
22536,0.16,22.536,159.7444089456869,14047060993,2026-04-28 13:44:37.271272,28/04/26,13:44:37
22655,0.16,22.655,158.905318914147,14047083648,2026-04-28 13:44:59.926272,28/04/26,13:44:59
22766,0.16,22.766,158.13054555038215,14047106414,2026-04-28 13:45:22.692272,28/04/26,13:45:22
22424,0.16,22.424,160.54227613271496,14047128838,2026-04-28 13:45:45.116272,28/04/26,13:45:45
22472,0.16,22.472,160.1993592025632,14047151310,2026-04-28 13:46:07.588272,28/04/26,13:46:7
22576,0.16,22.576,159.46137491141036,14047173886,2026-04-28 13:46:30.164272,28/04/26,13:46:30
22561,0.16,22.561,159.5673950622756,14047196447,2026-04-28 13:46:52.725272,28/04/26,13:46:52
22468,0.16,22.468,160.22787965105928,14047218915,2026-04-28 13:47:15.193272,28/04/26,13:47:15
22404,0.16,22.404,160.68559185859667,14047241319,2026-04-28 13:47:37.597272,28/04/26,13:47:37
21651,0.17,21.651,166.27407510045725,14047262970,2026-04-28 13:47:59.248272,28/04/26,13:47:59
22122,0.16,22.122,162.73393002441009,14047285092,2026-04-28 13:48:21.370272,28/04/26,13:48:21
22163,0.16,22.163,162.43288363488696,14047307255,2026-04-28 13:48:43.533272,28/04/26,13:48:43
22719,0.16,22.719,158.4576785950086,14047329974,2026-04-28 13:49:06.252272,28/04/26,13:49:6
19796,0.18,19.796,181.85492018589613,14047349770,2026-04-28 13:49:26.048272,28/04/26,13:49:26
14274,0.25,14.274,252.20680958385876,14047364044,2026-04-28 13:49:40.322272,28/04/26,13:49:40
14607,0.25,14.607,246.45717806531115,14047378651,2026-04-28 13:49:54.929272,28/04/26,13:49:54
14784,0.24,14.784,243.5064935064935,14047393435,2026-04-28 13:50:09.713272,28/04/26,13:50:9
14903,0.24,14.903,241.56210159028385,14047408338,2026-04-28 13:50:24.616272,28/04/26,13:50:24
14760,0.24,14.76,243.90243902439025,14047423098,2026-04-28 13:50:39.376272,28/04/26,13:50:39
14860,0.24,14.86,242.26110363391655,14047437958,2026-04-28 13:50:54.236272,28/04/26,13:50:54
15024,0.24,15.024,239.61661341853036,14047452982,2026-04-28 13:51:09.260272,28/04/26,13:51:9
15063,0.24,15.063,238.99621589324835,14047468045,2026-04-28 13:51:24.323272,28/04/26,13:51:24
14996,0.24,14.996,240.06401707121898,14047483041,2026-04-28 13:51:39.319272,28/04/26,13:51:39
15203,0.24,15.203,236.79536933499966,14047498244,2026-04-28 13:51:54.522272,28/04/26,13:51:54
15248,0.24,15.248,236.09653725078698,14047513492,2026-04-28 13:52:09.770272,28/04/26,13:52:9
15269,0.23,15.269,235.7718252668806,14047528761,2026-04-28 13:52:25.039272,28/04/26,13:52:25
15171,0.24,15.171,237.2948388372553,14047543932,2026-04-28 13:52:40.210272,28/04/26,13:52:40
15236,0.24,15.236,236.2824888422158,14047559168,2026-04-28 13:52:55.446272,28/04/26,13:52:55
15368,0.23,15.368,234.2529932326913,14047574536,2026-04-28 13:53:10.814272,28/04/26,13:53:10
15444,0.23,15.444,233.1002331002331,14047589980,2026-04-28 13:53:26.258272,28/04/26,13:53:26
15323,0.23,15.323,234.9409384585264,14047605303,2026-04-28 13:53:41.581272,28/04/26,13:53:41
15103,0.24,15.103,238.36323909157122,14047620406,2026-04-28 13:53:56.684272,28/04/26,13:53:56
15286,0.23,15.286,235.5096166426796,14047635692,2026-04-28 13:54:11.970272,28/04/26,13:54:11
15399,0.23,15.399,233.78141437755698,14047651091,2026-04-28 13:54:27.369272,28/04/26,13:54:27
15260,0.23,15.26,235.91087811271296,14047666351,2026-04-28 13:54:42.629272,28/04/26,13:54:42
15400,0.23,15.4,233.76623376623377,14047681751,2026-04-28 13:54:58.029272,28/04/26,13:54:58
15496,0.23,15.496,232.31801755291687,14047697247,2026-04-28 13:55:13.525272,28/04/26,13:55:13
15394,0.23,15.394,233.85734701831882,14047712641,2026-04-28 13:55:28.919272,28/04/26,13:55:28
15421,0.23,15.421,233.4478957266066,14047728062,2026-04-28 13:55:44.340272,28/04/26,13:55:44
17795,0.2,17.795,202.30401798257938,14047745857,2026-04-28 13:56:02.135272,28/04/26,13:56:2
18869,0.19,18.869,190.78912501987386,14047764726,2026-04-28 13:56:21.004272,28/04/26,13:56:21
18923,0.19,18.923,190.244675791365,14047783649,2026-04-28 13:56:39.927272,28/04/26,13:56:39
18993,0.19,18.993,189.54351603222239,14047802642,2026-04-28 13:56:58.920272,28/04/26,13:56:58
28981,0.12,28.981,124.21931610365412,14047831623,2026-04-28 13:57:27.901272,28/04/26,13:57:27
28990,0.12,28.99,124.18075198344256,14047860613,2026-04-28 13:57:56.891272,28/04/26,13:57:56
29296,0.12,29.296,122.88367012561442,14047889909,2026-04-28 13:58:26.187272,28/04/26,13:58:26
29189,0.12,29.189,123.3341327212306,14047919098,2026-04-28 13:58:55.376272,28/04/26,13:58:55
29328,0.12,29.328,122.74959083469722,14047948426,2026-04-28 13:59:24.704272,28/04/26,13:59:24
29589,0.12,29.589,121.66683564838284,14047978015,2026-04-28 13:59:54.293272,28/04/26,13:59:54
29705,0.12,29.705,121.191718565898,14048007720,2026-04-28 14:00:23.998272,28/04/26,14:0:23
29538,0.12,29.538,121.8769043266301,14048037258,2026-04-28 14:00:53.536272,28/04/26,14:0:53
30087,0.12,30.087,119.65300628178284,14048067345,2026-04-28 14:01:23.623272,28/04/26,14:1:23
29538,0.12,29.538,121.8769043266301,14048096883,2026-04-28 14:01:53.161272,28/04/26,14:1:53
29927,0.12,29.927,120.29271226651518,14048126810,2026-04-28 14:02:23.088272,28/04/26,14:2:23
29768,0.12,29.768,120.93523246439129,14048156578,2026-04-28 14:02:52.856272,28/04/26,14:2:52
30028,0.12,30.028,119.88810443585986,14048186606,2026-04-28 14:03:22.884272,28/04/26,14:3:22
29650,0.12,29.65,121.41652613827993,14048216256,2026-04-28 14:03:52.534272,28/04/26,14:3:52
30415,0.12,30.415,118.36265000821963,14048246671,2026-04-28 14:04:22.949272,28/04/26,14:4:22
30232,0.12,30.232,119.07912146070389,14048276903,2026-04-28 14:04:53.181272,28/04/26,14:4:53
30839,0.12,30.839,116.73530270112519,14048307742,2026-04-28 14:05:24.020272,28/04/26,14:5:24
30560,0.12,30.56,117.80104712041884,14048338302,2026-04-28 14:05:54.580272,28/04/26,14:5:54
30921,0.12,30.921,116.42573008634908,14048369223,2026-04-28 14:06:25.501272,28/04/26,14:6:25
30861,0.12,30.861,116.65208515602217,14048400084,2026-04-28 14:06:56.362272,28/04/26,14:6:56
31240,0.12,31.24,115.23687580025609,14048431324,2026-04-28 14:07:27.602272,28/04/26,14:7:27
30855,0.12,30.855,116.6747690811862,14048462179,2026-04-28 14:07:58.457272,28/04/26,14:7:58
31889,0.11,31.889,112.89159271222051,14048494068,2026-04-28 14:08:30.346272,28/04/26,14:8:30
31628,0.11,31.628,113.82319463766284,14048525696,2026-04-28 14:09:01.974272,28/04/26,14:9:1
31211,0.12,31.211,115.34394924866233,14048556907,2026-04-28 14:09:33.185272,28/04/26,14:9:33
31278,0.12,31.278,115.09687320161136,14048588185,2026-04-28 14:10:04.463272,28/04/26,14:10:4
30086,0.12,30.086,119.65698331449843,14048618271,2026-04-28 14:10:34.549272,28/04/26,14:10:34
30931,0.12,30.931,116.388089618829,14048649202,2026-04-28 14:11:05.480272,28/04/26,14:11:5
30492,0.12,30.492,118.06375442739079,14048679694,2026-04-28 14:11:35.972272,28/04/26,14:11:35
30829,0.12,30.829,116.7731681209251,14048710523,2026-04-28 14:12:06.801272,28/04/26,14:12:6
31251,0.12,31.251,115.19631371796102,14048741774,2026-04-28 14:12:38.052272,28/04/26,14:12:38
31537,0.11,31.537,114.15163141706567,14048773311,2026-04-28 14:13:09.589272,28/04/26,14:13:9
31913,0.11,31.913,112.80669319712969,14048805224,2026-04-28 14:13:41.502272,28/04/26,14:13:41
31758,0.11,31.758,113.35726431135463,14048836982,2026-04-28 14:14:13.260272,28/04/26,14:14:13
31839,0.11,31.839,113.06887779138792,14048868821,2026-04-28 14:14:45.099272,28/04/26,14:14:45
31875,0.11,31.875,112.94117647058823,14048900696,2026-04-28 14:15:16.974272,28/04/26,14:15:16
32004,0.11,32.004,112.4859392575928,14048932700,2026-04-28 14:15:48.978272,28/04/26,14:15:48
31763,0.11,31.763,113.33942007996725,14048964463,2026-04-28 14:16:20.741272,28/04/26,14:16:20
31451,0.11,31.451,114.46376903755048,14048995914,2026-04-28 14:16:52.192272,28/04/26,14:16:52
31873,0.11,31.873,112.9482634204499,14049027787,2026-04-28 14:17:24.065272,28/04/26,14:17:24
31644,0.11,31.644,113.76564277588169,14049059431,2026-04-28 14:17:55.709272,28/04/26,14:17:55
31525,0.11,31.525,114.19508326724822,14049090956,2026-04-28 14:18:27.234272,28/04/26,14:18:27
31840,0.11,31.84,113.06532663316582,14049122796,2026-04-28 14:18:59.074272,28/04/26,14:18:59
31476,0.11,31.476,114.3728555089592,14049154272,2026-04-28 14:19:30.550272,28/04/26,14:19:30
32059,0.11,32.059,112.29295985526686,14049186331,2026-04-28 14:20:02.609272,28/04/26,14:20:2
31828,0.11,31.828,113.10795525951993,14049218159,2026-04-28 14:20:34.437272,28/04/26,14:20:34
30736,0.12,30.736,117.12649661634565,14049248895,2026-04-28 14:21:05.173272,28/04/26,14:21:5
30878,0.12,30.878,116.58786190815468,14049279773,2026-04-28 14:21:36.051272,28/04/26,14:21:36
30305,0.12,30.305,118.79227850189737,14049310078,2026-04-28 14:22:06.356272,28/04/26,14:22:6
30270,0.12,30.27,118.92963330029733,14049340348,2026-04-28 14:22:36.626272,28/04/26,14:22:36
30459,0.12,30.459,118.19166748744213,14049370807,2026-04-28 14:23:07.085272,28/04/26,14:23:7
30358,0.12,30.358,118.58488701495487,14049401165,2026-04-28 14:23:37.443272,28/04/26,14:23:37
30478,0.12,30.478,118.11798674453705,14049431643,2026-04-28 14:24:07.921272,28/04/26,14:24:7
30336,0.12,30.336,118.67088607594937,14049461979,2026-04-28 14:24:38.257272,28/04/26,14:24:38
30530,0.12,30.53,117.91680314444808,14049492509,2026-04-28 14:25:08.787272,28/04/26,14:25:8
30228,0.12,30.228,119.09487892020643,14049522737,2026-04-28 14:25:39.015272,28/04/26,14:25:39
30669,0.12,30.669,117.38237308030911,14049553406,2026-04-28 14:26:09.684272,28/04/26,14:26:9
20644,0.17,20.644,174.38480914551442,14049574050,2026-04-28 14:26:30.328272,28/04/26,14:26:30
18398,0.19,18.398,195.673442765518,14049592448,2026-04-28 14:26:48.726272,28/04/26,14:26:48
18309,0.2,18.309,196.62461084712436,14049610757,2026-04-28 14:27:07.035272,28/04/26,14:27:7
18295,0.2,18.295,196.77507515714677,14049629052,2026-04-28 14:27:25.330272,28/04/26,14:27:25
18348,0.2,18.348,196.20667102681492,14049647400,2026-04-28 14:27:43.678272,28/04/26,14:27:43
18612,0.19,18.612,193.42359767891682,14049666012,2026-04-28 14:28:02.290272,28/04/26,14:28:2
18705,0.19,18.705,192.46190858059342,14049684717,2026-04-28 14:28:20.995272,28/04/26,14:28:20
18793,0.19,18.793,191.56068749002287,14049703510,2026-04-28 14:28:39.788272,28/04/26,14:28:39
18854,0.19,18.854,190.94091439482338,14049722364,2026-04-28 14:28:58.642272,28/04/26,14:28:58
18855,0.19,18.855,190.9307875894988,14049741219,2026-04-28 14:29:17.497272,28/04/26,14:29:17
18838,0.19,18.838,191.10308949994692,14049760057,2026-04-28 14:29:36.335272,28/04/26,14:29:36
18761,0.19,18.761,191.88742604338788,14049778818,2026-04-28 14:29:55.096272,28/04/26,14:29:55
18336,0.2,18.336,196.33507853403142,14049797154,2026-04-28 14:30:13.432272,28/04/26,14:30:13
18637,0.19,18.637,193.16413585877555,14049815791,2026-04-28 14:30:32.069272,28/04/26,14:30:32
18463,0.19,18.463,194.98456372203867,14049834254,2026-04-28 14:30:50.532272,28/04/26,14:30:50
18744,0.19,18.744,192.06145966709346,14049852998,2026-04-28 14:31:09.276272,28/04/26,14:31:9
18793,0.19,18.793,191.56068749002287,14049871791,2026-04-28 14:31:28.069272,28/04/26,14:31:28
18568,0.19,18.568,193.8819474364498,14049890359,2026-04-28 14:31:46.637272,28/04/26,14:31:46
18261,0.2,18.261,197.1414489896501,14049908620,2026-04-28 14:32:04.898272,28/04/26,14:32:4
18205,0.2,18.205,197.74787146388354,14049926825,2026-04-28 14:32:23.103272,28/04/26,14:32:23
18444,0.19,18.444,195.1854261548471,14049945269,2026-04-28 14:32:41.547272,28/04/26,14:32:41
18410,0.19,18.41,195.5458989679522,14049963679,2026-04-28 14:32:59.957272,28/04/26,14:32:59
18395,0.19,18.395,195.70535471595542,14049982074,2026-04-28 14:33:18.352272,28/04/26,14:33:18
18324,0.2,18.324,196.46365422396858,14050000398,2026-04-28 14:33:36.676272,28/04/26,14:33:36
18677,0.19,18.677,192.75044171976228,14050019075,2026-04-28 14:33:55.353272,28/04/26,14:33:55
26377,0.14,26.377,136.4825416082193,14050045452,2026-04-28 14:34:21.730272,28/04/26,14:34:21
29187,0.12,29.187,123.34258402713537,14050074639,2026-04-28 14:34:50.917272,28/04/26,14:34:50
28057,0.13,28.057,128.3102256121467,14050102696,2026-04-28 14:35:18.974272,28/04/26,14:35:18
27385,0.13,27.385,131.4588278254519,14050130081,2026-04-28 14:35:46.359272,28/04/26,14:35:46
27562,0.13,27.562,130.61461432406938,14050157643,2026-04-28 14:36:13.921272,28/04/26,14:36:13
27392,0.13,27.392,131.42523364485982,14050185035,2026-04-28 14:36:41.313272,28/04/26,14:36:41
29085,0.12,29.085,123.77514182568335,14050214120,2026-04-28 14:37:10.398272,28/04/26,14:37:10
29429,0.12,29.429,122.32831560705426,14050243549,2026-04-28 14:37:39.827272,28/04/26,14:37:39
29636,0.12,29.636,121.47388311513025,14050273185,2026-04-28 14:38:09.463272,28/04/26,14:38:9
29502,0.12,29.502,122.02562538133007,14050302687,2026-04-28 14:38:38.965272,28/04/26,14:38:38
29680,0.12,29.68,121.29380053908356,14050332367,2026-04-28 14:39:08.645272,28/04/26,14:39:8
29155,0.12,29.155,123.47796261361688,14050361522,2026-04-28 14:39:37.800272,28/04/26,14:39:37
29653,0.12,29.653,121.404242403804,14050391175,2026-04-28 14:40:07.453272,28/04/26,14:40:7
29534,0.12,29.534,121.8934109839507,14050420709,2026-04-28 14:40:36.987272,28/04/26,14:40:36
29923,0.12,29.923,120.30879256759015,14050450632,2026-04-28 14:41:06.910272,28/04/26,14:41:6
29589,0.12,29.589,121.66683564838284,14050480221,2026-04-28 14:41:36.499272,28/04/26,14:41:36
29903,0.12,29.903,120.38925860281577,14050510124,2026-04-28 14:42:06.402272,28/04/26,14:42:6
29651,0.12,29.651,121.41243128393646,14050539775,2026-04-28 14:42:36.053272,28/04/26,14:42:36
30235,0.12,30.235,119.06730610219944,14050570010,2026-04-28 14:43:06.288272,28/04/26,14:43:6
30387,0.12,30.387,118.47171487807286,14050600397,2026-04-28 14:43:36.675272,28/04/26,14:43:36
30478,0.12,30.478,118.11798674453705,14050630875,2026-04-28 14:44:07.153272,28/04/26,14:44:7
30316,0.12,30.316,118.74917535294894,14050661191,2026-04-28 14:44:37.469272,28/04/26,14:44:37
30519,0.12,30.519,117.95930404010616,14050691710,2026-04-28 14:45:07.988272,28/04/26,14:45:7
29875,0.12,29.875,120.5020920502092,14050721585,2026-04-28 14:45:37.863272,28/04/26,14:45:37
30771,0.12,30.771,116.99327288680901,14050752356,2026-04-28 14:46:08.634272,28/04/26,14:46:8
30402,0.12,30.402,118.41326228537596,14050782758,2026-04-28 14:46:39.036272,28/04/26,14:46:39
30747,0.12,30.747,117.08459361888964,14050813505,2026-04-28 14:47:09.783272,28/04/26,14:47:9
30860,0.12,30.86,116.65586519766688,14050844365,2026-04-28 14:47:40.643272,28/04/26,14:47:40
30674,0.12,30.674,117.36323922540262,14050875039,2026-04-28 14:48:11.317272,28/04/26,14:48:11
31038,0.12,31.038,115.98685482312004,14050906077,2026-04-28 14:48:42.355272,28/04/26,14:48:42
31579,0.11,31.579,113.99981000031667,14050937656,2026-04-28 14:49:13.934272,28/04/26,14:49:13
31331,0.11,31.331,114.90217356611663,14050968987,2026-04-28 14:49:45.265272,28/04/26,14:49:45
31526,0.11,31.526,114.191461016304,14051000513,2026-04-28 14:50:16.791272,28/04/26,14:50:16
31257,0.12,31.257,115.1742009789807,14051031770,2026-04-28 14:50:48.048272,28/04/26,14:50:48
31488,0.11,31.488,114.32926829268293,14051063258,2026-04-28 14:51:19.536272,28/04/26,14:51:19
31733,0.11,31.733,113.44656981690984,14051094991,2026-04-28 14:51:51.269272,28/04/26,14:51:51
31330,0.11,31.33,114.90584104691989,14051126321,2026-04-28 14:52:22.599272,28/04/26,14:52:22
31574,0.11,31.574,114.01786279850509,14051157895,2026-04-28 14:52:54.173272,28/04/26,14:52:54
31665,0.11,31.665,113.69019422074847,14051189560,2026-04-28 14:53:25.838272,28/04/26,14:53:25
31182,0.12,31.182,115.45122185876467,14051220742,2026-04-28 14:53:57.020272,28/04/26,14:53:57
31804,0.11,31.804,113.19330901773363,14051252546,2026-04-28 14:54:28.824272,28/04/26,14:54:28
31795,0.11,31.795,113.22534989778266,14051284341,2026-04-28 14:55:00.619272,28/04/26,14:55:0
30648,0.12,30.648,117.46280344557557,14051314989,2026-04-28 14:55:31.267272,28/04/26,14:55:31
31876,0.11,31.876,112.93763332915046,14051346865,2026-04-28 14:56:03.143272,28/04/26,14:56:3
31244,0.12,31.244,115.22212264754833,14051378109,2026-04-28 14:56:34.387272,28/04/26,14:56:34
31743,0.11,31.743,113.41083073433514,14051409852,2026-04-28 14:57:06.130272,28/04/26,14:57:6
31589,0.11,31.589,113.96372154864035,14051441441,2026-04-28 14:57:37.719272,28/04/26,14:57:37
31250,0.12,31.25,115.2,14051472691,2026-04-28 14:58:08.969272,28/04/26,14:58:8
31594,0.11,31.594,113.9456858897259,14051504285,2026-04-28 14:58:40.563272,28/04/26,14:58:40
31795,0.11,31.795,113.22534989778266,14051536080,2026-04-28 14:59:12.358272,28/04/26,14:59:12
31272,0.12,31.272,115.11895625479663,14051567352,2026-04-28 14:59:43.630272,28/04/26,14:59:43
31528,0.11,31.528,114.1842172037554,14051598880,2026-04-28 15:00:15.158272,28/04/26,15:0:15
31506,0.11,31.506,114.26394972386213,14051630386,2026-04-28 15:00:46.664272,28/04/26,15:0:46
31575,0.11,31.575,114.01425178147268,14051661961,2026-04-28 15:01:18.239272,28/04/26,15:1:18
30443,0.12,30.443,118.25378576355813,14051692404,2026-04-28 15:01:48.682272,28/04/26,15:1:48
31024,0.12,31.024,116.03919546157813,14051723428,2026-04-28 15:02:19.706272,28/04/26,15:2:19
30927,0.12,30.927,116.40314288485789,14051754355,2026-04-28 15:02:50.633272,28/04/26,15:2:50
31066,0.12,31.066,115.88231507113886,14051785421,2026-04-28 15:03:21.699272,28/04/26,15:3:21
31201,0.12,31.201,115.38091727829236,14051816622,2026-04-28 15:03:52.900272,28/04/26,15:3:52
31197,0.12,31.197,115.39571112606981,14051847819,2026-04-28 15:04:24.097272,28/04/26,15:4:24
31314,0.11,31.314,114.96455259628281,14051879133,2026-04-28 15:04:55.411272,28/04/26,15:4:55
30630,0.12,30.63,117.53183153770813,14051909763,2026-04-28 15:05:26.041272,28/04/26,15:5:26
31313,0.11,31.313,114.96822406029445,14051941076,2026-04-28 15:05:57.354272,28/04/26,15:5:57
31219,0.12,31.219,115.31439187674172,14051972295,2026-04-28 15:06:28.573272,28/04/26,15:6:28
31054,0.12,31.054,115.92709473819798,14052003349,2026-04-28 15:06:59.627272,28/04/26,15:6:59
30994,0.12,30.994,116.15151319610247,14052034343,2026-04-28 15:07:30.621272,28/04/26,15:7:30
30539,0.12,30.539,117.88205245751334,14052064882,2026-04-28 15:08:01.160272,28/04/26,15:8:1
34568,0.1,34.568,104.14255959268688,14052099450,2026-04-28 15:08:35.728272,28/04/26,15:8:35
38702,0.09,38.702,93.01844865898403,14052138152,2026-04-28 15:09:14.430272,28/04/26,15:9:14
38555,0.09,38.555,93.37310335883802,14052176707,2026-04-28 15:09:52.985272,28/04/26,15:9:52
38700,0.09,38.7,93.02325581395348,14052215407,2026-04-28 15:10:31.685272,28/04/26,15:10:31
39358,0.09,39.358,91.4680624015448,14052254765,2026-04-28 15:11:11.043272,28/04/26,15:11:11
39086,0.09,39.086,92.10458987872896,14052293851,2026-04-28 15:11:50.129272,28/04/26,15:11:50
38408,0.09,38.408,93.73047281816288,14052332259,2026-04-28 15:12:28.537272,28/04/26,15:12:28
38565,0.09,38.565,93.34889148191365,14052370824,2026-04-28 15:13:07.102272,28/04/26,15:13:7
38154,0.09,38.154,94.35445824815223,14052408978,2026-04-28 15:13:45.256272,28/04/26,15:13:45
38681,0.09,38.681,93.06894857940591,14052447659,2026-04-28 15:14:23.937272,28/04/26,15:14:23
39709,0.09,39.709,90.6595482132514,14052487368,2026-04-28 15:15:03.646272,28/04/26,15:15:3
39670,0.09,39.67,90.74867658179984,14052527038,2026-04-28 15:15:43.316272,28/04/26,15:15:43
39470,0.09,39.47,91.2085127945275,14052566508,2026-04-28 15:16:22.786272,28/04/26,15:16:22
32274,0.11,32.274,111.54489682097044,14052598782,2026-04-28 15:16:55.060272,28/04/26,15:16:55
21065,0.17,21.065,170.89959648706386,14052619847,2026-04-28 15:17:16.125272,28/04/26,15:17:16
21141,0.17,21.141,170.28522775649213,14052640988,2026-04-28 15:17:37.266272,28/04/26,15:17:37
21390,0.17,21.39,168.30294530154276,14052662378,2026-04-28 15:17:58.656272,28/04/26,15:17:58
21441,0.17,21.441,167.90261648244018,14052683819,2026-04-28 15:18:20.097272,28/04/26,15:18:20
21757,0.17,21.757,165.46398860136966,14052705576,2026-04-28 15:18:41.854272,28/04/26,15:18:41
21953,0.16,21.953,163.9866988566483,14052727529,2026-04-28 15:19:03.807272,28/04/26,15:19:3
22014,0.16,22.014,163.5322976287817,14052749543,2026-04-28 15:19:25.821272,28/04/26,15:19:25
21727,0.17,21.727,165.692456390666,14052771270,2026-04-28 15:19:47.548272,28/04/26,15:19:47
22246,0.16,22.246,161.82684527555514,14052793516,2026-04-28 15:20:09.794272,28/04/26,15:20:9
22277,0.16,22.277,161.6016519279975,14052815793,2026-04-28 15:20:32.071272,28/04/26,15:20:32
22471,0.16,22.471,160.20648836277869,14052838264,2026-04-28 15:20:54.542272,28/04/26,15:20:54
22543,0.16,22.543,159.69480548285497,14052860807,2026-04-28 15:21:17.085272,28/04/26,15:21:17
22431,0.16,22.431,160.4921760064197,14052883238,2026-04-28 15:21:39.516272,28/04/26,15:21:39
22250,0.16,22.25,161.79775280898878,14052905488,2026-04-28 15:22:01.766272,28/04/26,15:22:1
22172,0.16,22.172,162.36694930543027,14052927660,2026-04-28 15:22:23.938272,28/04/26,15:22:23
22536,0.16,22.536,159.7444089456869,14052950196,2026-04-28 15:22:46.474272,28/04/26,15:22:46
22354,0.16,22.354,161.0450031314306,14052972550,2026-04-28 15:23:08.828272,28/04/26,15:23:8
22373,0.16,22.373,160.90823760783087,14052994923,2026-04-28 15:23:31.201272,28/04/26,15:23:31
22702,0.16,22.702,158.57633688661792,14053017625,2026-04-28 15:23:53.903272,28/04/26,15:23:53
29545,0.12,29.545,121.84802843120663,14053047170,2026-04-28 15:24:23.448272,28/04/26,15:24:23
39171,0.09,39.171,91.90472543463277,14053086341,2026-04-28 15:25:02.619272,28/04/26,15:25:2
39124,0.09,39.124,92.0151313771598,14053125465,2026-04-28 15:25:41.743272,28/04/26,15:25:41
38650,0.09,38.65,93.14359637774903,14053164115,2026-04-28 15:26:20.393272,28/04/26,15:26:20
38772,0.09,38.772,92.85051067780873,14053202887,2026-04-28 15:26:59.165272,28/04/26,15:26:59
39094,0.09,39.094,92.08574205760475,14053241981,2026-04-28 15:27:38.259272,28/04/26,15:27:38
38952,0.09,38.952,92.42144177449168,14053280933,2026-04-28 15:28:17.211272,28/04/26,15:28:17
39108,0.09,39.108,92.05277692543726,14053320041,2026-04-28 15:28:56.319272,28/04/26,15:28:56
38478,0.09,38.478,93.55995633868704,14053358519,2026-04-28 15:29:34.797272,28/04/26,15:29:34
38705,0.09,38.705,93.01123885802868,14053397224,2026-04-28 15:30:13.502272,28/04/26,15:30:13
39141,0.09,39.141,91.97516670498965,14053436365,2026-04-28 15:30:52.643272,28/04/26,15:30:52
39028,0.09,39.028,92.24146766424106,14053475393,2026-04-28 15:31:31.671272,28/04/26,15:31:31
38689,0.09,38.689,93.04970405024685,14053514082,2026-04-28 15:32:10.360272,28/04/26,15:32:10
39071,0.09,39.071,92.13995034680454,14053553153,2026-04-28 15:32:49.431272,28/04/26,15:32:49
39123,0.09,39.123,92.01748332183115,14053592276,2026-04-28 15:33:28.554272,28/04/26,15:33:28
39687,0.09,39.687,90.7098042180059,14053631963,2026-04-28 15:34:08.241272,28/04/26,15:34:8
39911,0.09,39.911,90.20069654982336,14053671874,2026-04-28 15:34:48.152272,28/04/26,15:34:48
38494,0.09,38.494,93.52106821842365,14053710368,2026-04-28 15:35:26.646272,28/04/26,15:35:26
39105,0.09,39.105,92.05983889528193,14053749473,2026-04-28 15:36:05.751272,28/04/26,15:36:5
38276,0.09,38.276,94.0537151217473,14053787749,2026-04-28 15:36:44.027272,28/04/26,15:36:44
38206,0.09,38.206,94.22603779511071,14053825955,2026-04-28 15:37:22.233272,28/04/26,15:37:22
38969,0.09,38.969,92.38112345710694,14053864924,2026-04-28 15:38:01.202272,28/04/26,15:38:1
39063,0.09,39.063,92.1588203670993,14053903987,2026-04-28 15:38:40.265272,28/04/26,15:38:40
38588,0.09,38.588,93.29325178812066,14053942575,2026-04-28 15:39:18.853272,28/04/26,15:39:18
38531,0.09,38.531,93.43126313877139,14053981106,2026-04-28 15:39:57.384272,28/04/26,15:39:57
38651,0.09,38.651,93.141186515226,14054019757,2026-04-28 15:40:36.035272,28/04/26,15:40:36
38536,0.09,38.536,93.41914054390699,14054058293,2026-04-28 15:41:14.571272,28/04/26,15:41:14
38495,0.09,38.495,93.51863878425769,14054096788,2026-04-28 15:41:53.066272,28/04/26,15:41:53
38368,0.09,38.368,93.82819015846539,14054135156,2026-04-28 15:42:31.434272,28/04/26,15:42:31
39238,0.09,39.238,91.74779550435802,14054174394,2026-04-28 15:43:10.672272,28/04/26,15:43:10
39839,0.09,39.839,90.3637139486433,14054214233,2026-04-28 15:43:50.511272,28/04/26,15:43:50
39998,0.09,39.998,90.00450022501126,14054254231,2026-04-28 15:44:30.509272,28/04/26,15:44:30
39510,0.09,39.51,91.11617312072893,14054293741,2026-04-28 15:45:10.019272,28/04/26,15:45:10
39650,0.09,39.65,90.79445145018916,14054333391,2026-04-28 15:45:49.669272,28/04/26,15:45:49
39569,0.09,39.569,90.98031287118704,14054372960,2026-04-28 15:46:29.238272,28/04/26,15:46:29
39334,0.09,39.334,91.52387247673768,14054412294,2026-04-28 15:47:08.572272,28/04/26,15:47:8
39885,0.09,39.885,90.25949605114705,14054452179,2026-04-28 15:47:48.457272,28/04/26,15:47:48
39858,0.09,39.858,90.32063826584374,14054492037,2026-04-28 15:48:28.315272,28/04/26,15:48:28
39479,0.09,39.479,91.18772005369944,14054531516,2026-04-28 15:49:07.794272,28/04/26,15:49:7
39751,0.09,39.751,90.56375940227919,14054571267,2026-04-28 15:49:47.545272,28/04/26,15:49:47
39513,0.09,39.513,91.10925518183889,14054610780,2026-04-28 15:50:27.058272,28/04/26,15:50:27
32646,0.11,32.646,110.27384671935306,14054643426,2026-04-28 15:50:59.704272,28/04/26,15:50:59
28751,0.12,28.751,125.21303606831067,14054672177,2026-04-28 15:51:28.455272,28/04/26,15:51:28
28743,0.12,28.743,125.2478864419163,14054700920,2026-04-28 15:51:57.198272,28/04/26,15:51:57
29773,0.12,29.773,120.91492291673664,14054730693,2026-04-28 15:52:26.971272,28/04/26,15:52:26
30409,0.12,30.409,118.38600414351015,14054761102,2026-04-28 15:52:57.380272,28/04/26,15:52:57
30619,0.12,30.619,117.57405532512492,14054791721,2026-04-28 15:53:27.999272,28/04/26,15:53:27
30669,0.12,30.669,117.38237308030911,14054822390,2026-04-28 15:53:58.668272,28/04/26,15:53:58
29846,0.12,29.846,120.61917844937345,14054852236,2026-04-28 15:54:28.514272,28/04/26,15:54:28
29651,0.12,29.651,121.41243128393646,14054881887,2026-04-28 15:54:58.165272,28/04/26,15:54:58
28729,0.12,28.729,125.30892129903582,14054910616,2026-04-28 15:55:26.894272,28/04/26,15:55:26
29181,0.12,29.181,123.36794489565128,14054939797,2026-04-28 15:55:56.075272,28/04/26,15:55:56
29225,0.12,29.225,123.18220701454234,14054969022,2026-04-28 15:56:25.300272,28/04/26,15:56:25
28709,0.12,28.709,125.39621721411405,14054997731,2026-04-28 15:56:54.009272,28/04/26,15:56:54
29111,0.12,29.111,123.66459413967229,14055026842,2026-04-28 15:57:23.120272,28/04/26,15:57:23
29514,0.12,29.514,121.97601138442774,14055056356,2026-04-28 15:57:52.634272,28/04/26,15:57:52
29290,0.12,29.29,122.90884260839877,14055085646,2026-04-28 15:58:21.924272,28/04/26,15:58:21
29095,0.12,29.095,123.7326001031105,14055114741,2026-04-28 15:58:51.019272,28/04/26,15:58:51
28899,0.12,28.899,124.57178449081283,14055143640,2026-04-28 15:59:19.918272,28/04/26,15:59:19
29127,0.12,29.127,123.59666289010197,14055172767,2026-04-28 15:59:49.045272,28/04/26,15:59:49
29442,0.12,29.442,122.27430201752598,14055202209,2026-04-28 16:00:18.487272,28/04/26,16:0:18
29383,0.12,29.383,122.5198243882517,14055231592,2026-04-28 16:00:47.870272,28/04/26,16:0:47
28421,0.13,28.421,126.66690123500229,14055260013,2026-04-28 16:01:16.291272,28/04/26,16:1:16
28805,0.12,28.805,124.97830237805937,14055288818,2026-04-28 16:01:45.096272,28/04/26,16:1:45
28439,0.13,28.439,126.58672949119168,14055317257,2026-04-28 16:02:13.535272,28/04/26,16:2:13
28807,0.12,28.807,124.96962543826153,14055346064,2026-04-28 16:02:42.342272,28/04/26,16:2:42
28612,0.12,28.612,125.82133370613728,14055374676,2026-04-28 16:03:10.954272,28/04/26,16:3:10
28976,0.12,28.976,124.24075096631695,14055403652,2026-04-28 16:03:39.930272,28/04/26,16:3:39
28816,0.12,28.816,124.9305941143809,14055432468,2026-04-28 16:04:08.746272,28/04/26,16:4:8
29117,0.12,29.117,123.63911117216746,14055461585,2026-04-28 16:04:37.863272,28/04/26,16:4:37
28602,0.12,28.602,125.86532410320956,14055490187,2026-04-28 16:05:06.465272,28/04/26,16:5:6
29134,0.12,29.134,123.56696643097412,14055519321,2026-04-28 16:05:35.599272,28/04/26,16:5:35
28666,0.12,28.666,125.58431591432358,14055547987,2026-04-28 16:06:04.265272,28/04/26,16:6:4
28157,0.13,28.157,127.85452995702667,14055576144,2026-04-28 16:06:32.422272,28/04/26,16:6:32
25826,0.14,25.826,139.39440873538294,14055601970,2026-04-28 16:06:58.248272,28/04/26,16:6:58
16212,0.22,16.212,222.0577350111029,14055618182,2026-04-28 16:07:14.460272,28/04/26,16:7:14
17870,0.2,17.87,201.45495243424733,14055636052,2026-04-28 16:07:32.330272,28/04/26,16:7:32
18194,0.2,18.194,197.8674288226888,14055654246,2026-04-28 16:07:50.524272,28/04/26,16:7:50
18175,0.2,18.175,198.07427785419532,14055672421,2026-04-28 16:08:08.699272,28/04/26,16:8:8
18249,0.2,18.249,197.27108334703271,14055690670,2026-04-28 16:08:26.948272,28/04/26,16:8:26
18407,0.19,18.407,195.5777693268865,14055709077,2026-04-28 16:08:45.355272,28/04/26,16:8:45
18499,0.19,18.499,194.6051137899346,14055727576,2026-04-28 16:09:03.854272,28/04/26,16:9:3
18492,0.19,18.492,194.6787800129786,14055746068,2026-04-28 16:09:22.346272,28/04/26,16:9:22
18565,0.19,18.565,193.91327767304068,14055764633,2026-04-28 16:09:40.911272,28/04/26,16:9:40
18657,0.19,18.657,192.9570670525808,14055783290,2026-04-28 16:09:59.568272,28/04/26,16:9:59
18751,0.19,18.751,191.9897605461042,14055802041,2026-04-28 16:10:18.319272,28/04/26,16:10:18
18925,0.19,18.925,190.224570673712,14055820966,2026-04-28 16:10:37.244272,28/04/26,16:10:37
18879,0.19,18.879,190.68806610519624,14055839845,2026-04-28 16:10:56.123272,28/04/26,16:10:56
18901,0.19,18.901,190.46611290407915,14055858746,2026-04-28 16:11:15.024272,28/04/26,16:11:15
19025,0.19,19.025,189.22470433639947,14055877771,2026-04-28 16:11:34.049272,28/04/26,16:11:34
19167,0.19,19.167,187.82282047268743,14055896938,2026-04-28 16:11:53.216272,28/04/26,16:11:53
19334,0.19,19.334,186.2004758456605,14055916272,2026-04-28 16:12:12.550272,28/04/26,16:12:12
19499,0.18,19.499,184.62485255654136,14055935771,2026-04-28 16:12:32.049272,28/04/26,16:12:32
19352,0.19,19.352,186.02728400165358,14055955123,2026-04-28 16:12:51.401272,28/04/26,16:12:51
19477,0.18,19.477,184.8333932330441,14055974600,2026-04-28 16:13:10.878272,28/04/26,16:13:10
19624,0.18,19.624,183.44883815735832,14055994224,2026-04-28 16:13:30.502272,28/04/26,16:13:30
19530,0.18,19.53,184.33179723502303,14056013754,2026-04-28 16:13:50.032272,28/04/26,16:13:50
19565,0.18,19.565,184.00204446716074,14056033319,2026-04-28 16:14:09.597272,28/04/26,16:14:9
19697,0.18,19.697,182.7689495862314,14056053016,2026-04-28 16:14:29.294272,28/04/26,16:14:29
25858,0.14,25.858,139.22190424626808,14056078874,2026-04-28 16:14:55.152272,28/04/26,16:14:55
30626,0.12,30.626,117.54718213282831,14056109500,2026-04-28 16:15:25.778272,28/04/26,16:15:25
30675,0.12,30.675,117.35941320293398,14056140175,2026-04-28 16:15:56.453272,28/04/26,16:15:56
30575,0.12,30.575,117.74325429272281,14056170750,2026-04-28 16:16:27.028272,28/04/26,16:16:27
30761,0.12,30.761,117.03130587432138,14056201511,2026-04-28 16:16:57.789272,28/04/26,16:16:57
30481,0.12,30.481,118.10636133985105,14056231992,2026-04-28 16:17:28.270272,28/04/26,16:17:28
30365,0.12,30.365,118.55754981063724,14056262357,2026-04-28 16:17:58.635272,28/04/26,16:17:58
30508,0.12,30.508,118.00183558410909,14056292865,2026-04-28 16:18:29.143272,28/04/26,16:18:29
30573,0.12,30.573,117.7509567265234,14056323438,2026-04-28 16:18:59.716272,28/04/26,16:18:59
30132,0.12,30.132,119.47431302270012,14056353570,2026-04-28 16:19:29.848272,28/04/26,16:19:29
30699,0.12,30.699,117.26766344180592,14056384269,2026-04-28 16:20:00.547272,28/04/26,16:20:0
30649,0.12,30.649,117.45897092890469,14056414918,2026-04-28 16:20:31.196272,28/04/26,16:20:31
30877,0.12,30.877,116.59163778864527,14056445795,2026-04-28 16:21:02.073272,28/04/26,16:21:2
31209,0.12,31.209,115.35134095933866,14056477004,2026-04-28 16:21:33.282272,28/04/26,16:21:33
30282,0.12,30.282,118.88250445809392,14056507286,2026-04-28 16:22:03.564272,28/04/26,16:22:3
30863,0.12,30.863,116.64452580760134,14056538149,2026-04-28 16:22:34.427272,28/04/26,16:22:34
30715,0.12,30.715,117.20657659124207,14056568864,2026-04-28 16:23:05.142272,28/04/26,16:23:5
30850,0.12,30.85,116.6936790923825,14056599714,2026-04-28 16:23:35.992272,28/04/26,16:23:35
30422,0.12,30.422,118.33541516008152,14056630136,2026-04-28 16:24:06.414272,28/04/26,16:24:6
30936,0.12,30.936,116.36927851047324,14056661072,2026-04-28 16:24:37.350272,28/04/26,16:24:37
30727,0.12,30.727,117.16080320239529,14056691799,2026-04-28 16:25:08.077272,28/04/26,16:25:8
30601,0.12,30.601,117.64321427404333,14056722400,2026-04-28 16:25:38.678272,28/04/26,16:25:38
30795,0.12,30.795,116.90209449585971,14056753195,2026-04-28 16:26:09.473272,28/04/26,16:26:9
30970,0.12,30.97,116.24152405553761,14056784165,2026-04-28 16:26:40.443272,28/04/26,16:26:40
30312,0.12,30.312,118.76484560570071,14056814477,2026-04-28 16:27:10.755272,28/04/26,16:27:10
30861,0.12,30.861,116.65208515602217,14056845338,2026-04-28 16:27:41.616272,28/04/26,16:27:41
30421,0.12,30.421,118.33930508530291,14056875759,2026-04-28 16:28:12.037272,28/04/26,16:28:12
30658,0.12,30.658,117.42448952964969,14056906417,2026-04-28 16:28:42.695272,28/04/26,16:28:42
30412,0.12,30.412,118.37432592397738,14056936829,2026-04-28 16:29:13.107272,28/04/26,16:29:13
30876,0.12,30.876,116.5954139137194,14056967705,2026-04-28 16:29:43.983272,28/04/26,16:29:43
30727,0.12,30.727,117.16080320239529,14056998432,2026-04-28 16:30:14.710272,28/04/26,16:30:14
30974,0.12,30.974,116.22651255892039,14057029406,2026-04-28 16:30:45.684272,28/04/26,16:30:45
30628,0.12,30.628,117.5395063340734,14057060034,2026-04-28 16:31:16.312272,28/04/26,16:31:16
30779,0.12,30.779,116.96286429058773,14057090813,2026-04-28 16:31:47.091272,28/04/26,16:31:47
30713,0.12,30.713,117.21420896688699,14057121526,2026-04-28 16:32:17.804272,28/04/26,16:32:17
30827,0.12,30.827,116.78074415285302,14057152353,2026-04-28 16:32:48.631272,28/04/26,16:32:48
31362,0.11,31.362,114.78859766596518,14057183715,2026-04-28 16:33:19.993272,28/04/26,16:33:19
31487,0.11,31.487,114.33289929177121,14057215202,2026-04-28 16:33:51.480272,28/04/26,16:33:51
30919,0.12,30.919,116.43326110158802,14057246121,2026-04-28 16:34:22.399272,28/04/26,16:34:22
31403,0.11,31.403,114.63872878387416,14057277524,2026-04-28 16:34:53.802272,28/04/26,16:34:53
30473,0.12,30.473,118.13736750566075,14057307997,2026-04-28 16:35:24.275272,28/04/26,16:35:24
30759,0.12,30.759,117.0389154393836,14057338756,2026-04-28 16:35:55.034272,28/04/26,16:35:55
30456,0.12,30.456,118.2033096926714,14057369212,2026-04-28 16:36:25.490272,28/04/26,16:36:25
30449,0.12,30.449,118.23048375972938,14057399661,2026-04-28 16:36:55.939272,28/04/26,16:36:55
30447,0.12,30.447,118.23825007389891,14057430108,2026-04-28 16:37:26.386272,28/04/26,16:37:26
30873,0.12,30.873,116.6067437566806,14057460981,2026-04-28 16:37:57.259272,28/04/26,16:37:57
30689,0.12,30.689,117.30587506924306,14057491670,2026-04-28 16:38:27.948272,28/04/26,16:38:27
30871,0.12,30.871,116.61429820867481,14057522541,2026-04-28 16:38:58.819272,28/04/26,16:38:58
30010,0.12,30.01,119.96001332889037,14057552551,2026-04-28 16:39:28.829272,28/04/26,16:39:28
29183,0.12,29.183,123.35949011410753,14057581734,2026-04-28 16:39:58.012272,28/04/26,16:39:58
29316,0.12,29.316,122.79983626688498,14057611050,2026-04-28 16:40:27.328272,28/04/26,16:40:27
29159,0.12,29.159,123.46102404060495,14057640209,2026-04-28 16:40:56.487272,28/04/26,16:40:56
29050,0.12,29.05,123.92426850258175,14057669259,2026-04-28 16:41:25.537272,28/04/26,16:41:25
29152,0.12,29.152,123.49066959385291,14057698411,2026-04-28 16:41:54.689272,28/04/26,16:41:54
29275,0.12,29.275,122.97181895815542,14057727686,2026-04-28 16:42:23.964272,28/04/26,16:42:23
29058,0.12,29.058,123.89015073301672,14057756744,2026-04-28 16:42:53.022272,28/04/26,16:42:53
29430,0.12,29.43,122.32415902140673,14057786174,2026-04-28 16:43:22.452272,28/04/26,16:43:22
29811,0.12,29.811,120.76079299587401,14057815985,2026-04-28 16:43:52.263272,28/04/26,16:43:52
29486,0.12,29.486,122.09184019534695,14057845471,2026-04-28 16:44:21.749272,28/04/26,16:44:21
29662,0.12,29.662,121.3674061088261,14057875133,2026-04-28 16:44:51.411272,28/04/26,16:44:51
29145,0.12,29.145,123.52032938754503,14057904278,2026-04-28 16:45:20.556272,28/04/26,16:45:20
29633,0.12,29.633,121.48618094691729,14057933911,2026-04-28 16:45:50.189272,28/04/26,16:45:50
29201,0.12,29.201,123.28344919694531,14057963112,2026-04-28 16:46:19.390272,28/04/26,16:46:19
29626,0.12,29.626,121.51488557348276,14057992738,2026-04-28 16:46:49.016272,28/04/26,16:46:49
29670,0.12,29.67,121.33468149646107,14058022408,2026-04-28 16:47:18.686272,28/04/26,16:47:18
29837,0.12,29.837,120.65556188624862,14058052245,2026-04-28 16:47:48.523272,28/04/26,16:47:48
29634,0.12,29.634,121.48208139299453,14058081879,2026-04-28 16:48:18.157272,28/04/26,16:48:18
30085,0.12,30.085,119.66096061160046,14058111964,2026-04-28 16:48:48.242272,28/04/26,16:48:48
29622,0.12,29.622,121.53129430828439,14058141586,2026-04-28 16:49:17.864272,28/04/26,16:49:17
29911,0.12,29.911,120.3570592758517,14058171497,2026-04-28 16:49:47.775272,28/04/26,16:49:47
29813,0.12,29.813,120.75269177875424,14058201310,2026-04-28 16:50:17.588272,28/04/26,16:50:17
30265,0.12,30.265,118.94928134809186,14058231575,2026-04-28 16:50:47.853272,28/04/26,16:50:47
30083,0.12,30.083,119.66891599906924,14058261658,2026-04-28 16:51:17.936272,28/04/26,16:51:17
30091,0.12,30.091,119.63710079425742,14058291749,2026-04-28 16:51:48.027272,28/04/26,16:51:48
30068,0.12,30.068,119.72861513901823,14058321817,2026-04-28 16:52:18.095272,28/04/26,16:52:18
30361,0.12,30.361,118.57316952669544,14058352178,2026-04-28 16:52:48.456272,28/04/26,16:52:48
30139,0.12,30.139,119.44656425229769,14058382317,2026-04-28 16:53:18.595272,28/04/26,16:53:18
30263,0.12,30.263,118.9571423850907,14058412580,2026-04-28 16:53:48.858272,28/04/26,16:53:48
29718,0.12,29.718,121.13870381586916,14058442298,2026-04-28 16:54:18.576272,28/04/26,16:54:18
30174,0.12,30.174,119.30801352157486,14058472472,2026-04-28 16:54:48.750272,28/04/26,16:54:48
29737,0.12,29.737,121.06130409927027,14058502209,2026-04-28 16:55:18.487272,28/04/26,16:55:18
30225,0.12,30.225,119.10669975186104,14058532434,2026-04-28 16:55:48.712272,28/04/26,16:55:48
29842,0.12,29.842,120.63534615642384,14058562276,2026-04-28 16:56:18.554272,28/04/26,16:56:18
30182,0.12,30.182,119.27638990126566,14058592458,2026-04-28 16:56:48.736272,28/04/26,16:56:48
29829,0.12,29.829,120.68792115055818,14058622287,2026-04-28 16:57:18.565272,28/04/26,16:57:18
26886,0.13,26.886,133.89868332961393,14058649173,2026-04-28 16:57:45.451272,28/04/26,16:57:45
17583,0.2,17.583,204.7432178809077,14058666756,2026-04-28 16:58:03.034272,28/04/26,16:58:3
18502,0.19,18.502,194.57355961517675,14058685258,2026-04-28 16:58:21.536272,28/04/26,16:58:21
18600,0.19,18.6,193.5483870967742,14058703858,2026-04-28 16:58:40.136272,28/04/26,16:58:40
18700,0.19,18.7,192.5133689839572,14058722558,2026-04-28 16:58:58.836272,28/04/26,16:58:58
18820,0.19,18.82,191.28586609989372,14058741378,2026-04-28 16:59:17.656272,28/04/26,16:59:17
18983,0.19,18.983,189.64336511615656,14058760361,2026-04-28 16:59:36.639272,28/04/26,16:59:36
18993,0.19,18.993,189.54351603222239,14058779354,2026-04-28 16:59:55.632272,28/04/26,16:59:55
19058,0.19,19.058,188.8970511071466,14058798412,2026-04-28 17:00:14.690272,28/04/26,17:0:14
18903,0.19,18.903,190.445960958578,14058817315,2026-04-28 17:00:33.593272,28/04/26,17:0:33
19080,0.19,19.08,188.67924528301887,14058836395,2026-04-28 17:00:52.673272,28/04/26,17:0:52
18652,0.19,18.652,193.00879262277505,14058855047,2026-04-28 17:01:11.325272,28/04/26,17:1:11
18867,0.19,18.867,190.80934965813324,14058873914,2026-04-28 17:01:30.192272,28/04/26,17:1:30
19019,0.19,19.019,189.2843998107156,14058892933,2026-04-28 17:01:49.211272,28/04/26,17:1:49
18977,0.19,18.977,189.70332507772568,14058911910,2026-04-28 17:02:08.188272,28/04/26,17:2:8
19138,0.19,19.138,188.1074302434946,14058931048,2026-04-28 17:02:27.326272,28/04/26,17:2:27
19084,0.19,19.084,188.6396981764829,14058950132,2026-04-28 17:02:46.410272,28/04/26,17:2:46
19122,0.19,19.122,188.2648258550361,14058969254,2026-04-28 17:03:05.532272,28/04/26,17:3:5
19242,0.19,19.242,187.0907390084191,14058988496,2026-04-28 17:03:24.774272,28/04/26,17:3:24
19341,0.19,19.341,186.13308515588645,14059007837,2026-04-28 17:03:44.115272,28/04/26,17:3:44
19311,0.19,19.311,186.42224638806897,14059027148,2026-04-28 17:04:03.426272,28/04/26,17:4:3
19355,0.19,19.355,185.99845001291655,14059046503,2026-04-28 17:04:22.781272,28/04/26,17:4:22
19493,0.18,19.493,184.6816806032935,14059065996,2026-04-28 17:04:42.274272,28/04/26,17:4:42
19523,0.18,19.523,184.397889668596,14059085519,2026-04-28 17:05:01.797272,28/04/26,17:5:1
19276,0.19,19.276,186.76073874247768,14059104795,2026-04-28 17:05:21.073272,28/04/26,17:5:21
28092,0.13,28.092,128.15036309269544,14059132887,2026-04-28 17:05:49.165272,28/04/26,17:5:49
29661,0.12,29.661,121.37149792657024,14059162548,2026-04-28 17:06:18.826272,28/04/26,17:6:18
30086,0.12,30.086,119.65698331449843,14059192634,2026-04-28 17:06:48.912272,28/04/26,17:6:48
29674,0.12,29.674,121.31832580710386,14059222308,2026-04-28 17:07:18.586272,28/04/26,17:7:18
30235,0.12,30.235,119.06730610219944,14059252543,2026-04-28 17:07:48.821272,28/04/26,17:7:48
29867,0.12,29.867,120.53436903605987,14059282410,2026-04-28 17:08:18.688272,28/04/26,17:8:18
30039,0.12,30.039,119.84420253670228,14059312449,2026-04-28 17:08:48.727272,28/04/26,17:8:48
30191,0.12,30.191,119.24083336093538,14059342640,2026-04-28 17:09:18.918272,28/04/26,17:9:18
30218,0.12,30.218,119.13429082004103,14059372858,2026-04-28 17:09:49.136272,28/04/26,17:9:49
29957,0.12,29.957,120.17224688720499,14059402815,2026-04-28 17:10:19.093272,28/04/26,17:10:19
30293,0.12,30.293,118.83933582015648,14059433108,2026-04-28 17:10:49.386272,28/04/26,17:10:49
30301,0.12,30.301,118.80796013332893,14059463409,2026-04-28 17:11:19.687272,28/04/26,17:11:19
30118,0.12,30.118,119.529849259579,14059493527,2026-04-28 17:11:49.805272,28/04/26,17:11:49
30611,0.12,30.611,117.60478259449218,14059524138,2026-04-28 17:12:20.416272,28/04/26,17:12:20
30517,0.12,30.517,117.96703476750663,14059554655,2026-04-28 17:12:50.933272,28/04/26,17:12:50
30415,0.12,30.415,118.36265000821963,14059585070,2026-04-28 17:13:21.348272,28/04/26,17:13:21
30845,0.12,30.845,116.71259523423569,14059615915,2026-04-28 17:13:52.193272,28/04/26,17:13:52
30405,0.12,30.405,118.40157868771584,14059646320,2026-04-28 17:14:22.598272,28/04/26,17:14:22
30891,0.12,30.891,116.5387977080703,14059677211,2026-04-28 17:14:53.489272,28/04/26,17:14:53
30368,0.12,30.368,118.54583772391992,14059707579,2026-04-28 17:15:23.857272,28/04/26,17:15:23
30843,0.12,30.843,116.72016340822877,14059738422,2026-04-28 17:15:54.700272,28/04/26,17:15:54
30440,0.12,30.44,118.26544021024966,14059768862,2026-04-28 17:16:25.140272,28/04/26,17:16:25
30823,0.12,30.823,116.79589916620705,14059799685,2026-04-28 17:16:55.963272,28/04/26,17:16:55
30409,0.12,30.409,118.38600414351015,14059830094,2026-04-28 17:17:26.372272,28/04/26,17:17:26
30785,0.12,30.785,116.94006821503979,14059860879,2026-04-28 17:17:57.157272,28/04/26,17:17:57
30547,0.12,30.547,117.85118014862343,14059891426,2026-04-28 17:18:27.704272,28/04/26,17:18:27
30575,0.12,30.575,117.74325429272281,14059922001,2026-04-28 17:18:58.279272,28/04/26,17:18:58
30331,0.12,30.331,118.69044871583529,14059952332,2026-04-28 17:19:28.610272,28/04/26,17:19:28
30748,0.12,30.748,117.08078574216209,14059983080,2026-04-28 17:19:59.358272,28/04/26,17:19:59
30733,0.12,30.733,117.13792991247193,14060013813,2026-04-28 17:20:30.091272,28/04/26,17:20:30
31188,0.12,31.188,115.42901115813774,14060045001,2026-04-28 17:21:01.279272,28/04/26,17:21:1
30879,0.12,30.879,116.58408627222384,14060075880,2026-04-28 17:21:32.158272,28/04/26,17:21:32
29371,0.12,29.371,122.56988185625276,14060105251,2026-04-28 17:22:01.529272,28/04/26,17:22:1
30313,0.12,30.313,118.76092765480158,14060135564,2026-04-28 17:22:31.842272,28/04/26,17:22:31
30159,0.12,30.159,119.36735302894658,14060165723,2026-04-28 17:23:02.001272,28/04/26,17:23:2
30443,0.12,30.443,118.25378576355813,14060196166,2026-04-28 17:23:32.444272,28/04/26,17:23:32
30328,0.12,30.328,118.70218939593775,14060226494,2026-04-28 17:24:02.772272,28/04/26,17:24:2
29934,0.12,29.934,120.26458208057727,14060256428,2026-04-28 17:24:32.706272,28/04/26,17:24:32
30360,0.12,30.36,118.57707509881423,14060286788,2026-04-28 17:25:03.066272,28/04/26,17:25:3
30234,0.12,30.234,119.07124429450288,14060317022,2026-04-28 17:25:33.300272,28/04/26,17:25:33
30454,0.12,30.454,118.21107243711828,14060347476,2026-04-28 17:26:03.754272,28/04/26,17:26:3
29947,0.12,29.947,120.21237519617992,14060377423,2026-04-28 17:26:33.701272,28/04/26,17:26:33
30188,0.12,30.188,119.25268318537167,14060407611,2026-04-28 17:27:03.889272,28/04/26,17:27:3
30105,0.12,30.105,119.5814648729447,14060437716,2026-04-28 17:27:33.994272,28/04/26,17:27:33
30133,0.12,30.133,119.47034812331995,14060467849,2026-04-28 17:28:04.127272,28/04/26,17:28:4
29980,0.12,29.98,120.08005336891262,14060497829,2026-04-28 17:28:34.107272,28/04/26,17:28:34
29820,0.12,29.82,120.72434607645876,14060527649,2026-04-28 17:29:03.927272,28/04/26,17:29:3
29090,0.12,29.09,123.75386730835339,14060556739,2026-04-28 17:29:33.017272,28/04/26,17:29:33
29657,0.12,29.657,121.38786795697474,14060586396,2026-04-28 17:30:02.674272,28/04/26,17:30:2
29604,0.12,29.604,121.60518848804216,14060616000,2026-04-28 17:30:32.278272,28/04/26,17:30:32
29538,0.12,29.538,121.8769043266301,14060645538,2026-04-28 17:31:01.816272,28/04/26,17:31:1
29594,0.12,29.594,121.64627965128066,14060675132,2026-04-28 17:31:31.410272,28/04/26,17:31:31
29507,0.12,29.507,122.0049479784458,14060704639,2026-04-28 17:32:00.917272,28/04/26,17:32:0
29633,0.12,29.633,121.48618094691729,14060734272,2026-04-28 17:32:30.550272,28/04/26,17:32:30
29334,0.12,29.334,122.72448353446512,14060763606,2026-04-28 17:32:59.884272,28/04/26,17:32:59
30191,0.12,30.191,119.24083336093538,14060793797,2026-04-28 17:33:30.075272,28/04/26,17:33:30
30223,0.12,30.223,119.11458161003209,14060824020,2026-04-28 17:34:00.298272,28/04/26,17:34:0
29949,0.12,29.949,120.20434739056395,14060853969,2026-04-28 17:34:30.247272,28/04/26,17:34:30
29727,0.12,29.727,121.10202845897669,14060883696,2026-04-28 17:34:59.974272,28/04/26,17:34:59
29965,0.12,29.965,120.14016352411146,14060913661,2026-04-28 17:35:29.939272,28/04/26,17:35:29
29626,0.12,29.626,121.51488557348276,14060943287,2026-04-28 17:35:59.565272,28/04/26,17:35:59
29448,0.12,29.448,122.24938875305624,14060972735,2026-04-28 17:36:29.013272,28/04/26,17:36:29
29717,0.12,29.717,121.14278022680621,14061002452,2026-04-28 17:36:58.730272,28/04/26,17:36:58
29444,0.12,29.444,122.26599646787122,14061031896,2026-04-28 17:37:28.174272,28/04/26,17:37:28
29879,0.12,29.879,120.48596003882325,14061061775,2026-04-28 17:37:58.053272,28/04/26,17:37:58
29516,0.12,29.516,121.96774630708768,14061091291,2026-04-28 17:38:27.569272,28/04/26,17:38:27
29744,0.12,29.744,121.03281334050565,14061121035,2026-04-28 17:38:57.313272,28/04/26,17:38:57
29692,0.12,29.692,121.24477973865014,14061150727,2026-04-28 17:39:27.005272,28/04/26,17:39:27
29738,0.12,29.738,121.0572331696819,14061180465,2026-04-28 17:39:56.743272,28/04/26,17:39:56
29331,0.12,29.331,122.737035900583,14061209796,2026-04-28 17:40:26.074272,28/04/26,17:40:26
29384,0.12,29.384,122.51565477811053,14061239180,2026-04-28 17:40:55.458272,28/04/26,17:40:55
29642,0.12,29.642,121.44929491937117,14061268822,2026-04-28 17:41:25.100272,28/04/26,17:41:25
29609,0.12,29.609,121.58465331487048,14061298431,2026-04-28 17:41:54.709272,28/04/26,17:41:54
29449,0.12,29.449,122.24523752928792,14061327880,2026-04-28 17:42:24.158272,28/04/26,17:42:24
29554,0.12,29.554,121.81092237937335,14061357434,2026-04-28 17:42:53.712272,28/04/26,17:42:53
29308,0.12,29.308,122.83335608025112,14061386742,2026-04-28 17:43:23.020272,28/04/26,17:43:23
30195,0.12,30.195,119.22503725782414,14061416937,2026-04-28 17:43:53.215272,28/04/26,17:43:53
29640,0.12,29.64,121.4574898785425,14061446577,2026-04-28 17:44:22.855272,28/04/26,17:44:22
29993,0.12,29.993,120.02800653485814,14061476570,2026-04-28 17:44:52.848272,28/04/26,17:44:52
29691,0.12,29.691,121.24886329190664,14061506261,2026-04-28 17:45:22.539272,28/04/26,17:45:22
30165,0.12,30.165,119.34361014420686,14061536426,2026-04-28 17:45:52.704272,28/04/26,17:45:52
29654,0.12,29.654,121.40014837795913,14061566080,2026-04-28 17:46:22.358272,28/04/26,17:46:22
29888,0.12,29.888,120.44967880085653,14061595968,2026-04-28 17:46:52.246272,28/04/26,17:46:52
29631,0.12,29.631,121.49438088488408,14061625599,2026-04-28 17:47:21.877272,28/04/26,17:47:21
29357,0.12,29.357,122.62833395782948,14061654956,2026-04-28 17:47:51.234272,28/04/26,17:47:51
29752,0.12,29.752,121.00026888948642,14061684708,2026-04-28 17:48:20.986272,28/04/26,17:48:20
22529,0.16,22.529,159.79404323316615,14061707237,2026-04-28 17:48:43.515272,28/04/26,17:48:43
18247,0.2,18.247,197.29270565024387,14061725484,2026-04-28 17:49:01.762272,28/04/26,17:49:1
18123,0.2,18.123,198.6426088395961,14061743607,2026-04-28 17:49:19.885272,28/04/26,17:49:19
18102,0.2,18.102,198.87305270135897,14061761709,2026-04-28 17:49:37.987272,28/04/26,17:49:37
18163,0.2,18.163,198.20514232230357,14061779872,2026-04-28 17:49:56.150272,28/04/26,17:49:56
18314,0.2,18.314,196.5709293436715,14061798186,2026-04-28 17:50:14.464272,28/04/26,17:50:14
18419,0.19,18.419,195.4503501818774,14061816605,2026-04-28 17:50:32.883272,28/04/26,17:50:32
18528,0.19,18.528,194.30051813471502,14061835133,2026-04-28 17:50:51.411272,28/04/26,17:50:51
18630,0.19,18.63,193.23671497584542,14061853763,2026-04-28 17:51:10.041272,28/04/26,17:51:10
18820,0.19,18.82,191.28586609989372,14061872583,2026-04-28 17:51:28.861272,28/04/26,17:51:28
18781,0.19,18.781,191.68308396783985,14061891364,2026-04-28 17:51:47.642272,28/04/26,17:51:47
18745,0.19,18.745,192.0512136569752,14061910109,2026-04-28 17:52:06.387272,28/04/26,17:52:6
18938,0.19,18.938,190.09399091773153,14061929047,2026-04-28 17:52:25.325272,28/04/26,17:52:25
19097,0.19,19.097,188.51128449494686,14061948144,2026-04-28 17:52:44.422272,28/04/26,17:52:44
19017,0.19,19.017,189.30430667297682,14061967161,2026-04-28 17:53:03.439272,28/04/26,17:53:3
19062,0.19,19.062,188.85741265344666,14061986223,2026-04-28 17:53:22.501272,28/04/26,17:53:22
19205,0.19,19.205,187.45118458734706,14062005428,2026-04-28 17:53:41.706272,28/04/26,17:53:41
18898,0.19,18.898,190.49634881998094,14062024326,2026-04-28 17:54:00.604272,28/04/26,17:54:0
19191,0.19,19.191,187.58793184305142,14062043517,2026-04-28 17:54:19.795272,28/04/26,17:54:19
19253,0.19,19.253,186.98384667324572,14062062770,2026-04-28 17:54:39.048272,28/04/26,17:54:39
19347,0.19,19.347,186.07536052101102,14062082117,2026-04-28 17:54:58.395272,28/04/26,17:54:58
19287,0.19,19.287,186.65422305179655,14062101404,2026-04-28 17:55:17.682272,28/04/26,17:55:17
19352,0.19,19.352,186.02728400165358,14062120756,2026-04-28 17:55:37.034272,28/04/26,17:55:37
19440,0.19,19.44,185.1851851851852,14062140196,2026-04-28 17:55:56.474272,28/04/26,17:55:56
19362,0.19,19.362,185.93120545398202,14062159558,2026-04-28 17:56:15.836272,28/04/26,17:56:15
28876,0.12,28.876,124.6710070646904,14062188434,2026-04-28 17:56:44.712272,28/04/26,17:56:44
29486,0.12,29.486,122.09184019534695,14062217920,2026-04-28 17:57:14.198272,28/04/26,17:57:14
30165,0.12,30.165,119.34361014420686,14062248085,2026-04-28 17:57:44.363272,28/04/26,17:57:44
29549,0.12,29.549,121.8315340620664,14062277634,2026-04-28 17:58:13.912272,28/04/26,17:58:13
29740,0.12,29.74,121.049092131809,14062307374,2026-04-28 17:58:43.652272,28/04/26,17:58:43
33004,0.11,33.004,109.07768755302388,14062340378,2026-04-28 17:59:16.656272,28/04/26,17:59:16
32737,0.11,32.737,109.96731527018359,14062373115,2026-04-28 17:59:49.393272,28/04/26,17:59:49
35266,0.1,35.266,102.08132478874838,14062408381,2026-04-28 18:00:24.659272,28/04/26,18:0:24
39492,0.09,39.492,91.15770282588879,14062447873,2026-04-28 18:01:04.151272,28/04/26,18:1:4
34240,0.1,34.24,105.14018691588785,14062482113,2026-04-28 18:01:38.391272,28/04/26,18:1:38
25929,0.14,25.929,138.84068031933356,14062508042,2026-04-28 18:02:04.320272,28/04/26,18:2:4
26271,0.14,26.271,137.03323055841042,14062534313,2026-04-28 18:02:30.591272,28/04/26,18:2:30
25923,0.14,25.923,138.87281564633722,14062560236,2026-04-28 18:02:56.514272,28/04/26,18:2:56
25902,0.14,25.902,138.9854065323141,14062586138,2026-04-28 18:03:22.416272,28/04/26,18:3:22
25752,0.14,25.752,139.79496738117427,14062611890,2026-04-28 18:03:48.168272,28/04/26,18:3:48
25212,0.14,25.212,142.78914802475012,14062637102,2026-04-28 18:04:13.380272,28/04/26,18:4:13
26003,0.14,26.003,138.4455639733877,14062663105,2026-04-28 18:04:39.383272,28/04/26,18:4:39
26406,0.14,26.406,136.332651670075,14062689511,2026-04-28 18:05:05.789272,28/04/26,18:5:5
25056,0.14,25.056,143.67816091954023,14062714567,2026-04-28 18:05:30.845272,28/04/26,18:5:30
25643,0.14,25.643,140.3891900323675,14062740210,2026-04-28 18:05:56.488272,28/04/26,18:5:56
25289,0.14,25.289,142.35438332872,14062765499,2026-04-28 18:06:21.777272,28/04/26,18:6:21
25804,0.14,25.804,139.5132537591071,14062791303,2026-04-28 18:06:47.581272,28/04/26,18:6:47
25177,0.14,25.177,142.98764745601144,14062816480,2026-04-28 18:07:12.758272,28/04/26,18:7:12
26241,0.14,26.241,137.1898936778324,14062842721,2026-04-28 18:07:38.999272,28/04/26,18:7:38
26071,0.14,26.071,138.0844616623835,14062868792,2026-04-28 18:08:05.070272,28/04/26,18:8:5
27528,0.13,27.528,130.77593722755014,14062896320,2026-04-28 18:08:32.598272,28/04/26,18:8:32
28158,0.13,28.158,127.84998934583422,14062924478,2026-04-28 18:09:00.756272,28/04/26,18:9:0
25760,0.14,25.76,139.75155279503105,14062950238,2026-04-28 18:09:26.516272,28/04/26,18:9:26
26650,0.14,26.65,135.08442776735458,14062976888,2026-04-28 18:09:53.166272,28/04/26,18:9:53
26809,0.13,26.809,134.28326308329292,14063003697,2026-04-28 18:10:19.975272,28/04/26,18:10:19
27356,0.13,27.356,131.59818686942535,14063031053,2026-04-28 18:10:47.331272,28/04/26,18:10:47
26371,0.14,26.371,136.51359447878352,14063057424,2026-04-28 18:11:13.702272,28/04/26,18:11:13
27552,0.13,27.552,130.66202090592336,14063084976,2026-04-28 18:11:41.254272,28/04/26,18:11:41
27986,0.13,27.986,128.6357464446509,14063112962,2026-04-28 18:12:09.240272,28/04/26,18:12:9
26776,0.13,26.776,134.448760083657,14063139738,2026-04-28 18:12:36.016272,28/04/26,18:12:36
25841,0.14,25.841,139.3134940598274,14063165579,2026-04-28 18:13:01.857272,28/04/26,18:13:1
26067,0.14,26.067,138.1056508228795,14063191646,2026-04-28 18:13:27.924272,28/04/26,18:13:27
26928,0.13,26.928,133.6898395721925,14063218574,2026-04-28 18:13:54.852272,28/04/26,18:13:54
27120,0.13,27.12,132.7433628318584,14063245694,2026-04-28 18:14:21.972272,28/04/26,18:14:21
27063,0.13,27.063,133.02294645826404,14063272757,2026-04-28 18:14:49.035272,28/04/26,18:14:49
27054,0.13,27.054,133.06719893546241,14063299811,2026-04-28 18:15:16.089272,28/04/26,18:15:16
27689,0.13,27.689,130.01552963270612,14063327500,2026-04-28 18:15:43.778272,28/04/26,18:15:43
27858,0.13,27.858,129.22679302175317,14063355358,2026-04-28 18:16:11.636272,28/04/26,18:16:11
28024,0.13,28.024,128.4613188695404,14063383382,2026-04-28 18:16:39.660272,28/04/26,18:16:39
27943,0.13,27.943,128.83369716923738,14063411325,2026-04-28 18:17:07.603272,28/04/26,18:17:7
27093,0.13,27.093,132.8756505370391,14063438418,2026-04-28 18:17:34.696272,28/04/26,18:17:34
25940,0.14,25.94,138.78180416345413,14063464358,2026-04-28 18:18:00.636272,28/04/26,18:18:0
25583,0.14,25.583,140.71844584294257,14063489941,2026-04-28 18:18:26.219272,28/04/26,18:18:26
25943,0.14,25.943,138.7657556951779,14063515884,2026-04-28 18:18:52.162272,28/04/26,18:18:52
26065,0.14,26.065,138.1162478419336,14063541949,2026-04-28 18:19:18.227272,28/04/26,18:19:18
25856,0.14,25.856,139.23267326732673,14063567805,2026-04-28 18:19:44.083272,28/04/26,18:19:44
25833,0.14,25.833,139.35663685983045,14063593638,2026-04-28 18:20:09.916272,28/04/26,18:20:9
26029,0.14,26.029,138.30727265742058,14063619667,2026-04-28 18:20:35.945272,28/04/26,18:20:35
25900,0.14,25.9,138.996138996139,14063645567,2026-04-28 18:21:01.845272,28/04/26,18:21:1
26017,0.14,26.017,138.37106507283698,14063671584,2026-04-28 18:21:27.862272,28/04/26,18:21:27
25061,0.14,25.061,143.6494952316348,14063696645,2026-04-28 18:21:52.923272,28/04/26,18:21:52
25330,0.14,25.33,142.1239636794315,14063721975,2026-04-28 18:22:18.253272,28/04/26,18:22:18
25816,0.14,25.816,139.44840409048652,14063747791,2026-04-28 18:22:44.069272,28/04/26,18:22:44
25431,0.14,25.431,141.559513979002,14063773222,2026-04-28 18:23:09.500272,28/04/26,18:23:9
25773,0.14,25.773,139.68106157606798,14063798995,2026-04-28 18:23:35.273272,28/04/26,18:23:35
25693,0.14,25.693,140.11598489861052,14063824688,2026-04-28 18:24:00.966272,28/04/26,18:24:0
25555,0.14,25.555,140.8726276658188,14063850243,2026-04-28 18:24:26.521272,28/04/26,18:24:26
25612,0.14,25.612,140.55911291582072,14063875855,2026-04-28 18:24:52.133272,28/04/26,18:24:52
25185,0.14,25.185,142.9422275163788,14063901040,2026-04-28 18:25:17.318272,28/04/26,18:25:17
25667,0.14,25.667,140.2579187283282,14063926707,2026-04-28 18:25:42.985272,28/04/26,18:25:42
25288,0.14,25.288,142.36001265422334,14063951995,2026-04-28 18:26:08.273272,28/04/26,18:26:8
25882,0.14,25.882,139.09280581098832,14063977877,2026-04-28 18:26:34.155272,28/04/26,18:26:34
25851,0.14,25.851,139.25960311013114,14064003728,2026-04-28 18:27:00.006272,28/04/26,18:27:0
25481,0.14,25.481,141.28173933519093,14064029209,2026-04-28 18:27:25.487272,28/04/26,18:27:25
25889,0.14,25.889,139.0551971879949,14064055098,2026-04-28 18:27:51.376272,28/04/26,18:27:51
25631,0.14,25.631,140.4549178728883,14064080729,2026-04-28 18:28:17.007272,28/04/26,18:28:17
25949,0.14,25.949,138.73366989093992,14064106678,2026-04-28 18:28:42.956272,28/04/26,18:28:42
25461,0.14,25.461,141.39271827500883,14064132139,2026-04-28 18:29:08.417272,28/04/26,18:29:8
25269,0.14,25.269,142.46705449364833,14064157408,2026-04-28 18:29:33.686272,28/04/26,18:29:33
26300,0.14,26.3,136.88212927756655,14064183708,2026-04-28 18:29:59.986272,28/04/26,18:29:59
25610,0.14,25.61,140.57008980866848,14064209318,2026-04-28 18:30:25.596272,28/04/26,18:30:25
26272,0.14,26.272,137.02801461632157,14064235590,2026-04-28 18:30:51.868272,28/04/26,18:30:51
25692,0.14,25.692,140.12143858010276,14064261282,2026-04-28 18:31:17.560272,28/04/26,18:31:17
25872,0.14,25.872,139.14656771799628,14064287154,2026-04-28 18:31:43.432272,28/04/26,18:31:43
25628,0.14,25.628,140.47135945060091,14064312782,2026-04-28 18:32:09.060272,28/04/26,18:32:9
25751,0.14,25.751,139.8003961011223,14064338533,2026-04-28 18:32:34.811272,28/04/26,18:32:34
25411,0.14,25.411,141.67092991224274,14064363944,2026-04-28 18:33:00.222272,28/04/26,18:33:0
25727,0.14,25.727,139.93081198740623,14064389671,2026-04-28 18:33:25.949272,28/04/26,18:33:25
25644,0.14,25.644,140.38371548900327,14064415315,2026-04-28 18:33:51.593272,28/04/26,18:33:51
25786,0.14,25.786,139.61064143333593,14064441101,2026-04-28 18:34:17.379272,28/04/26,18:34:17
25735,0.14,25.735,139.88731299786284,14064466836,2026-04-28 18:34:43.114272,28/04/26,18:34:43
25244,0.14,25.244,142.60814450958642,14064492080,2026-04-28 18:35:08.358272,28/04/26,18:35:8
25618,0.14,25.618,140.52619252088374,14064517698,2026-04-28 18:35:33.976272,28/04/26,18:35:33
25140,0.14,25.14,143.1980906921241,14064542838,2026-04-28 18:35:59.116272,28/04/26,18:35:59
25295,0.14,25.295,142.32061672267247,14064568133,2026-04-28 18:36:24.411272,28/04/26,18:36:24
25352,0.14,25.352,142.00063111391606,14064593485,2026-04-28 18:36:49.763272,28/04/26,18:36:49
25011,0.14,25.011,143.9366678661389,14064618496,2026-04-28 18:37:14.774272,28/04/26,18:37:14
25443,0.14,25.443,141.49274849663954,14064643939,2026-04-28 18:37:40.217272,28/04/26,18:37:40
25342,0.14,25.342,142.05666482519138,14064669281,2026-04-28 18:38:05.559272,28/04/26,18:38:5
25074,0.14,25.074,143.57501794687724,14064694355,2026-04-28 18:38:30.633272,28/04/26,18:38:30
25236,0.14,25.236,142.65335235378032,14064719591,2026-04-28 18:38:55.869272,28/04/26,18:38:55
25356,0.14,25.356,141.9782300047326,14064744947,2026-04-28 18:39:21.225272,28/04/26,18:39:21
14177,0.25,14.177,253.93242576003385,14064759124,2026-04-28 18:39:35.402272,28/04/26,18:39:35
16338,0.22,16.338,220.34520749173706,14064775462,2026-04-28 18:39:51.740272,28/04/26,18:39:51
16292,0.22,16.292,220.96734593665602,14064791754,2026-04-28 18:40:08.032272,28/04/26,18:40:8
16326,0.22,16.326,220.5071664829107,14064808080,2026-04-28 18:40:24.358272,28/04/26,18:40:24
16496,0.22,16.496,218.23472356935014,14064824576,2026-04-28 18:40:40.854272,28/04/26,18:40:40
16596,0.22,16.596,216.91973969631238,14064841172,2026-04-28 18:40:57.450272,28/04/26,18:40:57
16596,0.22,16.596,216.91973969631238,14064857768,2026-04-28 18:41:14.046272,28/04/26,18:41:14
16770,0.21,16.77,214.6690518783542,14064874538,2026-04-28 18:41:30.816272,28/04/26,18:41:30
16893,0.21,16.893,213.10602024507193,14064891431,2026-04-28 18:41:47.709272,28/04/26,18:41:47
16935,0.21,16.935,212.57750221434898,14064908366,2026-04-28 18:42:04.644272,28/04/26,18:42:4
16707,0.22,16.707,215.47854192853296,14064925073,2026-04-28 18:42:21.351272,28/04/26,18:42:21
17010,0.21,17.01,211.64021164021165,14064942083,2026-04-28 18:42:38.361272,28/04/26,18:42:38
17008,0.21,17.008,211.6650987770461,14064959091,2026-04-28 18:42:55.369272,28/04/26,18:42:55
16940,0.21,16.94,212.51475796930342,14064976031,2026-04-28 18:43:12.309272,28/04/26,18:43:12
17078,0.21,17.078,210.79751727368546,14064993109,2026-04-28 18:43:29.387272,28/04/26,18:43:29
17147,0.21,17.147,209.9492622616201,14065010256,2026-04-28 18:43:46.534272,28/04/26,18:43:46
17354,0.21,17.354,207.4449694594906,14065027610,2026-04-28 18:44:03.888272,28/04/26,18:44:3
17448,0.21,17.448,206.3273727647868,14065045058,2026-04-28 18:44:21.336272,28/04/26,18:44:21
17476,0.2,17.476,205.9967956054017,14065062534,2026-04-28 18:44:38.812272,28/04/26,18:44:38
17323,0.21,17.323,207.81619811810887,14065079857,2026-04-28 18:44:56.135272,28/04/26,18:44:56
17101,0.21,17.101,210.5140050289457,14065096958,2026-04-28 18:45:13.236272,28/04/26,18:45:13
17589,0.2,17.589,204.6733754050827,14065114547,2026-04-28 18:45:30.825272,28/04/26,18:45:30
17552,0.2,17.552,205.10483135824978,14065132099,2026-04-28 18:45:48.377272,28/04/26,18:45:48
17514,0.2,17.514,205.54984583761563,14065149613,2026-04-28 18:46:05.891272,28/04/26,18:46:5
17370,0.21,17.37,207.2538860103627,14065166983,2026-04-28 18:46:23.261272,28/04/26,18:46:23
17428,0.21,17.428,206.56414964425062,14065184411,2026-04-28 18:46:40.689272,28/04/26,18:46:40
17399,0.21,17.399,206.90844301396632,14065201810,2026-04-28 18:46:58.088272,28/04/26,18:46:58
24617,0.15,24.617,146.24040297355486,14065226427,2026-04-28 18:47:22.705272,28/04/26,18:47:22
26630,0.14,26.63,135.18588058580548,14065253057,2026-04-28 18:47:49.335272,28/04/26,18:47:49
26882,0.13,26.882,133.91860724648464,14065279939,2026-04-28 18:48:16.217272,28/04/26,18:48:16
27268,0.13,27.268,132.0228839665542,14065307207,2026-04-28 18:48:43.485272,28/04/26,18:48:43
27062,0.13,27.062,133.02786194664105,14065334269,2026-04-28 18:49:10.547272,28/04/26,18:49:10
27106,0.13,27.106,132.81192355935954,14065361375,2026-04-28 18:49:37.653272,28/04/26,18:49:37
27016,0.13,27.016,133.25436778205508,14065388391,2026-04-28 18:50:04.669272,28/04/26,18:50:4
27784,0.13,27.784,129.5709761013533,14065416175,2026-04-28 18:50:32.453272,28/04/26,18:50:32
28005,0.13,28.005,128.54847348687736,14065444180,2026-04-28 18:51:00.458272,28/04/26,18:51:0
26922,0.13,26.922,133.7196344996657,14065471102,2026-04-28 18:51:27.380272,28/04/26,18:51:27
27794,0.13,27.794,129.52435777505937,14065498896,2026-04-28 18:51:55.174272,28/04/26,18:51:55
27780,0.13,27.78,129.58963282937364,14065526676,2026-04-28 18:52:22.954272,28/04/26,18:52:22
28082,0.13,28.082,128.19599743608006,14065554758,2026-04-28 18:52:51.036272,28/04/26,18:52:51
28021,0.13,28.021,128.47507226722814,14065582779,2026-04-28 18:53:19.057272,28/04/26,18:53:19
27825,0.13,27.825,129.3800539083558,14065610604,2026-04-28 18:53:46.882272,28/04/26,18:53:46
27663,0.13,27.663,130.13772909662725,14065638267,2026-04-28 18:54:14.545272,28/04/26,18:54:14
28006,0.13,28.006,128.54388345354567,14065666273,2026-04-28 18:54:42.551272,28/04/26,18:54:42
27708,0.13,27.708,129.926375054136,14065693981,2026-04-28 18:55:10.259272,28/04/26,18:55:10
27635,0.13,27.635,130.26958567034558,14065721616,2026-04-28 18:55:37.894272,28/04/26,18:55:37
27754,0.13,27.754,129.7110326439432,14065749370,2026-04-28 18:56:05.648272,28/04/26,18:56:5
27367,0.13,27.367,131.54529177476522,14065776737,2026-04-28 18:56:33.015272,28/04/26,18:56:33
27207,0.13,27.207,132.31888852133642,14065803944,2026-04-28 18:57:00.222272,28/04/26,18:57:0
26697,0.13,26.697,134.84661197887402,14065830641,2026-04-28 18:57:26.919272,28/04/26,18:57:26
27207,0.13,27.207,132.31888852133642,14065857848,2026-04-28 18:57:54.126272,28/04/26,18:57:54
26967,0.13,26.967,133.49649571698743,14065884815,2026-04-28 18:58:21.093272,28/04/26,18:58:21
27334,0.13,27.334,131.70410477793226,14065912149,2026-04-28 18:58:48.427272,28/04/26,18:58:48
27010,0.13,27.01,133.28396890040725,14065939159,2026-04-28 18:59:15.437272,28/04/26,18:59:15
27418,0.13,27.418,131.30060544168066,14065966577,2026-04-28 18:59:42.855272,28/04/26,18:59:42
27281,0.13,27.281,131.95997214178365,14065993858,2026-04-28 19:00:10.136272,28/04/26,19:0:10
27687,0.13,27.687,130.02492144327664,14066021545,2026-04-28 19:00:37.823272,28/04/26,19:0:37
26610,0.14,26.61,135.28748590755356,14066048155,2026-04-28 19:01:04.433272,28/04/26,19:1:4
26870,0.13,26.87,133.9784145887607,14066075025,2026-04-28 19:01:31.303272,28/04/26,19:1:31
26676,0.13,26.676,134.9527665317139,14066101701,2026-04-28 19:01:57.979272,28/04/26,19:1:57
26892,0.13,26.892,133.86880856760374,14066128593,2026-04-28 19:02:24.871272,28/04/26,19:2:24
26980,0.13,26.98,133.4321719792439,14066155573,2026-04-28 19:02:51.851272,28/04/26,19:2:51
27003,0.13,27.003,133.31852016442616,14066182576,2026-04-28 19:03:18.854272,28/04/26,19:3:18
27176,0.13,27.176,132.46982631733883,14066209752,2026-04-28 19:03:46.030272,28/04/26,19:3:46
26693,0.13,26.693,134.86681901622148,14066236445,2026-04-28 19:04:12.723272,28/04/26,19:4:12
26977,0.13,26.977,133.44701041628053,14066263422,2026-04-28 19:04:39.700272,28/04/26,19:4:39
26639,0.14,26.639,135.1402079657645,14066290061,2026-04-28 19:05:06.339272,28/04/26,19:5:6
26700,0.13,26.7,134.8314606741573,14066316761,2026-04-28 19:05:33.039272,28/04/26,19:5:33
26651,0.14,26.651,135.07935912348503,14066343412,2026-04-28 19:05:59.690272,28/04/26,19:5:59
26655,0.14,26.655,135.05908835115363,14066370067,2026-04-28 19:06:26.345272,28/04/26,19:6:26
26762,0.13,26.762,134.5190942380988,14066396829,2026-04-28 19:06:53.107272,28/04/26,19:6:53
26239,0.14,26.239,137.20035062311825,14066423068,2026-04-28 19:07:19.346272,28/04/26,19:7:19
26859,0.13,26.859,134.0332849324249,14066449927,2026-04-28 19:07:46.205272,28/04/26,19:7:46
26361,0.14,26.361,136.56538067599863,14066476288,2026-04-28 19:08:12.566272,28/04/26,19:8:12
27039,0.13,27.039,133.14101852879173,14066503327,2026-04-28 19:08:39.605272,28/04/26,19:8:39
26687,0.13,26.687,134.89714093004085,14066530014,2026-04-28 19:09:06.292272,28/04/26,19:9:6
26973,0.13,26.973,133.4668001334668,14066556987,2026-04-28 19:09:33.265272,28/04/26,19:9:33
26726,0.13,26.726,134.70029185063234,14066583713,2026-04-28 19:09:59.991272,28/04/26,19:9:59
27067,0.13,27.067,133.0032881368456,14066610780,2026-04-28 19:10:27.058272,28/04/26,19:10:27
26719,0.13,26.719,134.73558142146038,14066637499,2026-04-28 19:10:53.777272,28/04/26,19:10:53
26801,0.13,26.801,134.3233461438006,14066664300,2026-04-28 19:11:20.578272,28/04/26,19:11:20
26767,0.13,26.767,134.49396645122727,14066691067,2026-04-28 19:11:47.345272,28/04/26,19:11:47
27048,0.13,27.048,133.09671694764862,14066718115,2026-04-28 19:12:14.393272,28/04/26,19:12:14
27107,0.13,27.107,132.80702401593683,14066745222,2026-04-28 19:12:41.500272,28/04/26,19:12:41
26972,0.13,26.972,133.47174847990507,14066772194,2026-04-28 19:13:08.472272,28/04/26,19:13:8
27226,0.13,27.226,132.2265481525013,14066799420,2026-04-28 19:13:35.698272,28/04/26,19:13:35
26917,0.13,26.917,133.74447375264702,14066826337,2026-04-28 19:14:02.615272,28/04/26,19:14:2
27230,0.13,27.23,132.20712449504222,14066853567,2026-04-28 19:14:29.845272,28/04/26,19:14:29
27289,0.13,27.289,131.92128696544395,14066880856,2026-04-28 19:14:57.134272,28/04/26,19:14:57
25959,0.14,25.959,138.68022651103664,14066906815,2026-04-28 19:15:23.093272,28/04/26,19:15:23
26944,0.13,26.944,133.6104513064133,14066933759,2026-04-28 19:15:50.037272,28/04/26,19:15:50
26652,0.14,26.652,135.074290859973,14066960411,2026-04-28 19:16:16.689272,28/04/26,19:16:16
27425,0.13,27.425,131.26709206927984,14066987836,2026-04-28 19:16:44.114272,28/04/26,19:16:44
27155,0.13,27.155,132.57227030012888,14067014991,2026-04-28 19:17:11.269272,28/04/26,19:17:11
27412,0.13,27.412,131.3293448124909,14067042403,2026-04-28 19:17:38.681272,28/04/26,19:17:38
27231,0.13,27.231,132.2022694722926,14067069634,2026-04-28 19:18:05.912272,28/04/26,19:18:5
26950,0.13,26.95,133.58070500927644,14067096584,2026-04-28 19:18:32.862272,28/04/26,19:18:32
26980,0.13,26.98,133.4321719792439,14067123564,2026-04-28 19:18:59.842272,28/04/26,19:18:59
27134,0.13,27.134,132.67487285324685,14067150698,2026-04-28 19:19:26.976272,28/04/26,19:19:26
27067,0.13,27.067,133.0032881368456,14067177765,2026-04-28 19:19:54.043272,28/04/26,19:19:54
27248,0.13,27.248,132.11978860833824,14067205013,2026-04-28 19:20:21.291272,28/04/26,19:20:21
27522,0.13,27.522,130.80444735120994,14067232535,2026-04-28 19:20:48.813272,28/04/26,19:20:48
27113,0.13,27.113,132.77763434514807,14067259648,2026-04-28 19:21:15.926272,28/04/26,19:21:15
27029,0.13,27.029,133.190277109771,14067286677,2026-04-28 19:21:42.955272,28/04/26,19:21:42
26791,0.13,26.791,134.37348363256316,14067313468,2026-04-28 19:22:09.746272,28/04/26,19:22:9
26913,0.13,26.913,133.76435180024524,14067340381,2026-04-28 19:22:36.659272,28/04/26,19:22:36
26588,0.14,26.588,135.3994283135249,14067366969,2026-04-28 19:23:03.247272,28/04/26,19:23:3
26714,0.13,26.714,134.7607995807442,14067393683,2026-04-28 19:23:29.961272,28/04/26,19:23:29
27009,0.13,27.009,133.2889036987671,14067420692,2026-04-28 19:23:56.970272,28/04/26,19:23:56
27440,0.13,27.44,131.19533527696794,14067448132,2026-04-28 19:24:24.410272,28/04/26,19:24:24
27389,0.13,27.389,131.43962904815803,14067475521,2026-04-28 19:24:51.799272,28/04/26,19:24:51
26569,0.14,26.569,135.49625503406224,14067502090,2026-04-28 19:25:18.368272,28/04/26,19:25:18
27214,0.13,27.214,132.2848533842875,14067529304,2026-04-28 19:25:45.582272,28/04/26,19:25:45
26945,0.13,26.945,133.60549267025422,14067556249,2026-04-28 19:26:12.527272,28/04/26,19:26:12
27377,0.13,27.377,131.49724221061476,14067583626,2026-04-28 19:26:39.904272,28/04/26,19:26:39
26978,0.13,26.978,133.4420639039217,14067610604,2026-04-28 19:27:06.882272,28/04/26,19:27:6
26875,0.13,26.875,133.95348837209303,14067637479,2026-04-28 19:27:33.757272,28/04/26,19:27:33
26775,0.13,26.775,134.45378151260505,14067664254,2026-04-28 19:28:00.532272,28/04/26,19:28:0
26715,0.13,26.715,134.7557551937114,14067690969,2026-04-28 19:28:27.247272,28/04/26,19:28:27
26934,0.13,26.934,133.66005791935842,14067717903,2026-04-28 19:28:54.181272,28/04/26,19:28:54
26836,0.13,26.836,134.1481591891489,14067744739,2026-04-28 19:29:21.017272,28/04/26,19:29:21
26804,0.13,26.804,134.3083121922101,14067771543,2026-04-28 19:29:47.821272,28/04/26,19:29:47
15003,0.24,15.003,239.9520095980804,14067786546,2026-04-28 19:30:02.824272,28/04/26,19:30:2
16915,0.21,16.915,212.82885013301802,14067803461,2026-04-28 19:30:19.739272,28/04/26,19:30:19
16979,0.21,16.979,212.02662112020732,14067820440,2026-04-28 19:30:36.718272,28/04/26,19:30:36
17028,0.21,17.028,211.41649048625794,14067837468,2026-04-28 19:30:53.746272,28/04/26,19:30:53
17101,0.21,17.101,210.5140050289457,14067854569,2026-04-28 19:31:10.847272,28/04/26,19:31:10
17137,0.21,17.137,210.07177452296202,14067871706,2026-04-28 19:31:27.984272,28/04/26,19:31:27
17300,0.21,17.3,208.09248554913296,14067889006,2026-04-28 19:31:45.284272,28/04/26,19:31:45
17225,0.21,17.225,208.99854862119014,14067906231,2026-04-28 19:32:02.509272,28/04/26,19:32:2
17299,0.21,17.299,208.10451471183305,14067923530,2026-04-28 19:32:19.808272,28/04/26,19:32:19
17487,0.2,17.487,205.8672156459084,14067941017,2026-04-28 19:32:37.295272,28/04/26,19:32:37
17404,0.21,17.404,206.84900022983223,14067958421,2026-04-28 19:32:54.699272,28/04/26,19:32:54
17796,0.2,17.796,202.29265003371543,14067976217,2026-04-28 19:33:12.495272,28/04/26,19:33:12
18054,0.2,18.054,199.40179461615153,14067994271,2026-04-28 19:33:30.549272,28/04/26,19:33:30
18083,0.2,18.083,199.08201072830835,14068012354,2026-04-28 19:33:48.632272,28/04/26,19:33:48
17951,0.2,17.951,200.54593058882514,14068030305,2026-04-28 19:34:06.583272,28/04/26,19:34:6
18183,0.2,18.183,197.98713083649562,14068048488,2026-04-28 19:34:24.766272,28/04/26,19:34:24
18151,0.2,18.151,198.33617982480305,14068066639,2026-04-28 19:34:42.917272,28/04/26,19:34:42
18138,0.2,18.138,198.47833278200463,14068084777,2026-04-28 19:35:01.055272,28/04/26,19:35:1
17863,0.2,17.863,201.53389688182276,14068102640,2026-04-28 19:35:18.918272,28/04/26,19:35:18
17969,0.2,17.969,200.34503867772275,14068120609,2026-04-28 19:35:36.887272,28/04/26,19:35:36
17669,0.2,17.669,203.74667496745712,14068138278,2026-04-28 19:35:54.556272,28/04/26,19:35:54
17858,0.2,17.858,201.5903236644641,14068156136,2026-04-28 19:36:12.414272,28/04/26,19:36:12
17974,0.2,17.974,200.28930677645488,14068174110,2026-04-28 19:36:30.388272,28/04/26,19:36:30
18040,0.2,18.04,199.55654101995566,14068192150,2026-04-28 19:36:48.428272,28/04/26,19:36:48
17917,0.2,17.917,200.92649439080202,14068210067,2026-04-28 19:37:06.345272,28/04/26,19:37:6
17997,0.2,17.997,200.03333888981496,14068228064,2026-04-28 19:37:24.342272,28/04/26,19:37:24
26148,0.14,26.148,137.67783386874714,14068254212,2026-04-28 19:37:50.490272,28/04/26,19:37:50
26410,0.14,26.41,136.31200302915562,14068280622,2026-04-28 19:38:16.900272,28/04/26,19:38:16
26901,0.13,26.901,133.82402141184343,14068307523,2026-04-28 19:38:43.801272,28/04/26,19:38:43
26661,0.14,26.661,135.02869359738943,14068334184,2026-04-28 19:39:10.462272,28/04/26,19:39:10
27277,0.13,27.277,131.97932323935916,14068361461,2026-04-28 19:39:37.739272,28/04/26,19:39:37
26868,0.13,26.868,133.98838767306833,14068388329,2026-04-28 19:40:04.607272,28/04/26,19:40:4
27339,0.13,27.339,131.68001755733567,14068415668,2026-04-28 19:40:31.946272,28/04/26,19:40:31
27353,0.13,27.353,131.61262018791356,14068443021,2026-04-28 19:40:59.299272,28/04/26,19:40:59
27327,0.13,27.327,131.7378416950269,14068470348,2026-04-28 19:41:26.626272,28/04/26,19:41:26
27457,0.13,27.457,131.11410569253744,14068497805,2026-04-28 19:41:54.083272,28/04/26,19:41:54
27089,0.13,27.089,132.89527114326847,14068524894,2026-04-28 19:42:21.172272,28/04/26,19:42:21
27607,0.13,27.607,130.4017097113051,14068552501,2026-04-28 19:42:48.779272,28/04/26,19:42:48
27347,0.13,27.347,131.64149632500823,14068579848,2026-04-28 19:43:16.126272,28/04/26,19:43:16
27421,0.13,27.421,131.28624047263045,14068607269,2026-04-28 19:43:43.547272,28/04/26,19:43:43
27031,0.13,27.031,133.18042247789575,14068634300,2026-04-28 19:44:10.578272,28/04/26,19:44:10
27385,0.13,27.385,131.4588278254519,14068661685,2026-04-28 19:44:37.963272,28/04/26,19:44:37
27250,0.13,27.25,132.11009174311926,14068688935,2026-04-28 19:45:05.213272,28/04/26,19:45:5
27340,0.13,27.34,131.67520117044623,14068716275,2026-04-28 19:45:32.553272,28/04/26,19:45:32
27711,0.13,27.711,129.91230919129586,14068743986,2026-04-28 19:46:00.264272,28/04/26,19:46:0
27823,0.13,27.823,129.38935413147397,14068771809,2026-04-28 19:46:28.087272,28/04/26,19:46:28
27766,0.13,27.766,129.65497370885257,14068799575,2026-04-28 19:46:55.853272,28/04/26,19:46:55
27428,0.13,27.428,131.25273443196733,14068827003,2026-04-28 19:47:23.281272,28/04/26,19:47:23
27533,0.13,27.533,130.75218828315113,14068854536,2026-04-28 19:47:50.814272,28/04/26,19:47:50
27362,0.13,27.362,131.5693297273591,14068881898,2026-04-28 19:48:18.176272,28/04/26,19:48:18
28059,0.13,28.059,128.30107986742223,14068909957,2026-04-28 19:48:46.235272,28/04/26,19:48:46
27731,0.13,27.731,129.81861454689698,14068937688,2026-04-28 19:49:13.966272,28/04/26,19:49:13
27277,0.13,27.277,131.97932323935916,14068964965,2026-04-28 19:49:41.243272,28/04/26,19:49:41
27673,0.13,27.673,130.09070212842843,14068992638,2026-04-28 19:50:08.916272,28/04/26,19:50:8
27994,0.13,27.994,128.5989854968922,14069020632,2026-04-28 19:50:36.910272,28/04/26,19:50:36
27751,0.13,27.751,129.72505495297466,14069048383,2026-04-28 19:51:04.661272,28/04/26,19:51:4
27458,0.13,27.458,131.1093306140287,14069075841,2026-04-28 19:51:32.119272,28/04/26,19:51:32
27418,0.13,27.418,131.30060544168066,14069103259,2026-04-28 19:51:59.537272,28/04/26,19:51:59
27766,0.13,27.766,129.65497370885257,14069131025,2026-04-28 19:52:27.303272,28/04/26,19:52:27
27563,0.13,27.563,130.609875557813,14069158588,2026-04-28 19:52:54.866272,28/04/26,19:52:54
27565,0.13,27.565,130.6003990567749,14069186153,2026-04-28 19:53:22.431272,28/04/26,19:53:22
27833,0.13,27.833,129.3428663816333,14069213986,2026-04-28 19:53:50.264272,28/04/26,19:53:50
27179,0.13,27.179,132.455204385739,14069241165,2026-04-28 19:54:17.443272,28/04/26,19:54:17
26929,0.13,26.929,133.68487504177654,14069268094,2026-04-28 19:54:44.372272,28/04/26,19:54:44
26023,0.14,26.023,138.33916151097105,14069294117,2026-04-28 19:55:10.395272,28/04/26,19:55:10
25831,0.14,25.831,139.36742673531802,14069319948,2026-04-28 19:55:36.226272,28/04/26,19:55:36
26639,0.14,26.639,135.1402079657645,14069346587,2026-04-28 19:56:02.865272,28/04/26,19:56:2
26594,0.14,26.594,135.36888019854104,14069373181,2026-04-28 19:56:29.459272,28/04/26,19:56:29
26673,0.13,26.673,134.96794511303565,14069399854,2026-04-28 19:56:56.132272,28/04/26,19:56:56
26309,0.14,26.309,136.83530350830515,14069426163,2026-04-28 19:57:22.441272,28/04/26,19:57:22
26661,0.14,26.661,135.02869359738943,14069452824,2026-04-28 19:57:49.102272,28/04/26,19:57:49
26356,0.14,26.356,136.59128851115494,14069479180,2026-04-28 19:58:15.458272,28/04/26,19:58:15
26969,0.13,26.969,133.486595721013,14069506149,2026-04-28 19:58:42.427272,28/04/26,19:58:42
26822,0.13,26.822,134.21817910670345,14069532971,2026-04-28 19:59:09.249272,28/04/26,19:59:9
27110,0.13,27.11,132.79232755440796,14069560081,2026-04-28 19:59:36.359272,28/04/26,19:59:36
26874,0.13,26.874,133.95847287340925,14069586955,2026-04-28 20:00:03.233272,28/04/26,20:0:3
26831,0.13,26.831,134.1731579143528,14069613786,2026-04-28 20:00:30.064272,28/04/26,20:0:30
26656,0.14,26.656,135.05402160864347,14069640442,2026-04-28 20:00:56.720272,28/04/26,20:0:56
25467,0.14,25.467,141.35940629049358,14069665909,2026-04-28 20:01:22.187272,28/04/26,20:1:22
26022,0.14,26.022,138.3444777495965,14069691931,2026-04-28 20:01:48.209272,28/04/26,20:1:48
26254,0.14,26.254,137.1219623676392,14069718185,2026-04-28 20:02:14.463272,28/04/26,20:2:14
26475,0.14,26.475,135.97733711048159,14069744660,2026-04-28 20:02:40.938272,28/04/26,20:2:40
26215,0.14,26.215,137.32595842075148,14069770875,2026-04-28 20:03:07.153272,28/04/26,20:3:7
26573,0.14,26.573,135.47585895457794,14069797448,2026-04-28 20:03:33.726272,28/04/26,20:3:33
26379,0.14,26.379,136.47219379051518,14069823827,2026-04-28 20:04:00.105272,28/04/26,20:4:0
26299,0.14,26.299,136.88733411916803,14069850126,2026-04-28 20:04:26.404272,28/04/26,20:4:26
26089,0.14,26.089,137.989190846717,14069876215,2026-04-28 20:04:52.493272,28/04/26,20:4:52
25602,0.14,25.602,140.61401453011484,14069901817,2026-04-28 20:05:18.095272,28/04/26,20:5:18
25913,0.14,25.913,138.92640759464362,14069927730,2026-04-28 20:05:44.008272,28/04/26,20:5:44
25840,0.14,25.84,139.3188854489164,14069953570,2026-04-28 20:06:09.848272,28/04/26,20:6:9
26387,0.14,26.387,136.43081820593474,14069979957,2026-04-28 20:06:36.235272,28/04/26,20:6:36
26097,0.14,26.097,137.94689044717785,14070006054,2026-04-28 20:07:02.332272,28/04/26,20:7:2
25636,0.14,25.636,140.42752379466376,14070031690,2026-04-28 20:07:27.968272,28/04/26,20:7:27
26281,0.14,26.281,136.98108899965754,14070057971,2026-04-28 20:07:54.249272,28/04/26,20:7:54
26237,0.14,26.237,137.21080916263293,14070084208,2026-04-28 20:08:20.486272,28/04/26,20:8:20
26291,0.14,26.291,136.9289871058537,14070110499,2026-04-28 20:08:46.777272,28/04/26,20:8:46
26040,0.14,26.04,138.24884792626727,14070136539,2026-04-28 20:09:12.817272,28/04/26,20:9:12
25925,0.14,25.925,138.86210221793635,14070162464,2026-04-28 20:09:38.742272,28/04/26,20:9:38
25507,0.14,25.507,141.13772689849844,14070187971,2026-04-28 20:10:04.249272,28/04/26,20:10:4
25946,0.14,25.946,138.74971093810223,14070213917,2026-04-28 20:10:30.195272,28/04/26,20:10:30
25960,0.14,25.96,138.6748844375963,14070239877,2026-04-28 20:10:56.155272,28/04/26,20:10:56
26063,0.14,26.063,138.12684648735757,14070265940,2026-04-28 20:11:22.218272,28/04/26,20:11:22
26163,0.14,26.163,137.59889920880633,14070292103,2026-04-28 20:11:48.381272,28/04/26,20:11:48
27072,0.13,27.072,132.9787234042553,14070319175,2026-04-28 20:12:15.453272,28/04/26,20:12:15
27151,0.13,27.151,132.59180140694633,14070346326,2026-04-28 20:12:42.604272,28/04/26,20:12:42
26717,0.13,26.717,134.74566755249467,14070373043,2026-04-28 20:13:09.321272,28/04/26,20:13:9
27045,0.13,27.045,133.11148086522462,14070400088,2026-04-28 20:13:36.366272,28/04/26,20:13:36
26608,0.14,26.608,135.29765484064941,14070426696,2026-04-28 20:14:02.974272,28/04/26,20:14:2
26949,0.13,26.949,133.58566180563287,14070453645,2026-04-28 20:14:29.923272,28/04/26,20:14:29
26653,0.14,26.653,135.0692229767756,14070480298,2026-04-28 20:14:56.576272,28/04/26,20:14:56
26202,0.14,26.202,137.39409205404166,14070506500,2026-04-28 20:15:22.778272,28/04/26,20:15:22
26629,0.14,26.629,135.19095722708326,14070533129,2026-04-28 20:15:49.407272,28/04/26,20:15:49
26122,0.14,26.122,137.81486869305567,14070559251,2026-04-28 20:16:15.529272,28/04/26,20:16:15
27064,0.13,27.064,133.01803133313626,14070586315,2026-04-28 20:16:42.593272,28/04/26,20:16:42
26734,0.13,26.734,134.65998354155758,14070613049,2026-04-28 20:17:09.327272,28/04/26,20:17:9
27126,0.13,27.126,132.71400132714,14070640175,2026-04-28 20:17:36.453272,28/04/26,20:17:36
26951,0.13,26.951,133.57574858075768,14070667126,2026-04-28 20:18:03.404272,28/04/26,20:18:3
26736,0.13,26.736,134.64991023339317,14070693862,2026-04-28 20:18:30.140272,28/04/26,20:18:30
26994,0.13,26.994,133.3629695487886,14070720856,2026-04-28 20:18:57.134272,28/04/26,20:18:57
27191,0.13,27.191,132.3967489242764,14070748047,2026-04-28 20:19:24.325272,28/04/26,20:19:24
27015,0.13,27.015,133.25930038867295,14070775062,2026-04-28 20:19:51.340272,28/04/26,20:19:51
25603,0.14,25.603,140.6085224387767,14070800665,2026-04-28 20:20:16.943272,28/04/26,20:20:16
14839,0.24,14.839,242.6039490531707,14070815504,2026-04-28 20:20:31.782272,28/04/26,20:20:31
17019,0.21,17.019,211.52829190904282,14070832523,2026-04-28 20:20:48.801272,28/04/26,20:20:48
16832,0.21,16.832,213.87832699619773,14070849355,2026-04-28 20:21:05.633272,28/04/26,20:21:5
16914,0.21,16.914,212.8414331323164,14070866269,2026-04-28 20:21:22.547272,28/04/26,20:21:22
16818,0.21,16.818,214.05636817695327,14070883087,2026-04-28 20:21:39.365272,28/04/26,20:21:39
16963,0.21,16.963,212.22661085892827,14070900050,2026-04-28 20:21:56.328272,28/04/26,20:21:56
16926,0.21,16.926,212.69053527118044,14070916976,2026-04-28 20:22:13.254272,28/04/26,20:22:13
17263,0.21,17.263,208.53849273011645,14070934239,2026-04-28 20:22:30.517272,28/04/26,20:22:30
17214,0.21,17.214,209.13210177762286,14070951453,2026-04-28 20:22:47.731272,28/04/26,20:22:47
17387,0.21,17.387,207.05124518318283,14070968840,2026-04-28 20:23:05.118272,28/04/26,20:23:5
17499,0.2,17.499,205.72604148808503,14070986339,2026-04-28 20:23:22.617272,28/04/26,20:23:22
17445,0.21,17.445,206.36285468615648,14071003784,2026-04-28 20:23:40.062272,28/04/26,20:23:40
17458,0.21,17.458,206.20918776492152,14071021242,2026-04-28 20:23:57.520272,28/04/26,20:23:57
17506,0.2,17.506,205.6437792756769,14071038748,2026-04-28 20:24:15.026272,28/04/26,20:24:15
17513,0.2,17.513,205.56158282418775,14071056261,2026-04-28 20:24:32.539272,28/04/26,20:24:32
17510,0.2,17.51,205.59680182752712,14071073771,2026-04-28 20:24:50.049272,28/04/26,20:24:50
17241,0.21,17.241,208.80459370106144,14071091012,2026-04-28 20:25:07.290272,28/04/26,20:25:7
17412,0.21,17.412,206.7539627842867,14071108424,2026-04-28 20:25:24.702272,28/04/26,20:25:24
17531,0.2,17.531,205.35052193257658,14071125955,2026-04-28 20:25:42.233272,28/04/26,20:25:42
17498,0.2,17.498,205.73779860555493,14071143453,2026-04-28 20:25:59.731272,28/04/26,20:25:59
17570,0.2,17.57,204.89470688673876,14071161023,2026-04-28 20:26:17.301272,28/04/26,20:26:17
17658,0.2,17.658,203.8735983690112,14071178681,2026-04-28 20:26:34.959272,28/04/26,20:26:34
17780,0.2,17.78,202.47469066366705,14071196461,2026-04-28 20:26:52.739272,28/04/26,20:26:52
17854,0.2,17.854,201.63548784586087,14071214315,2026-04-28 20:27:10.593272,28/04/26,20:27:10
17869,0.2,17.869,201.46622642565336,14071232184,2026-04-28 20:27:28.462272,28/04/26,20:27:28
17927,0.2,17.927,200.81441401238357,14071250111,2026-04-28 20:27:46.389272,28/04/26,20:27:46
22271,0.16,22.271,161.64518881056082,14071272382,2026-04-28 20:28:08.660272,28/04/26,20:28:8
26725,0.13,26.725,134.70533208606173,14071299107,2026-04-28 20:28:35.385272,28/04/26,20:28:35
26462,0.14,26.462,136.04413876502153,14071325569,2026-04-28 20:29:01.847272,28/04/26,20:29:1
26524,0.14,26.524,135.72613482129393,14071352093,2026-04-28 20:29:28.371272,28/04/26,20:29:28
25830,0.14,25.83,139.37282229965157,14071377923,2026-04-28 20:29:54.201272,28/04/26,20:29:54
26401,0.14,26.401,136.35847127002765,14071404324,2026-04-28 20:30:20.602272,28/04/26,20:30:20
26553,0.14,26.553,135.57790080216924,14071430877,2026-04-28 20:30:47.155272,28/04/26,20:30:47
26324,0.14,26.324,136.7573317125057,14071457201,2026-04-28 20:31:13.479272,28/04/26,20:31:13
26936,0.13,26.936,133.65013365013365,14071484137,2026-04-28 20:31:40.415272,28/04/26,20:31:40
26676,0.13,26.676,134.9527665317139,14071510813,2026-04-28 20:32:07.091272,28/04/26,20:32:7
26867,0.13,26.867,133.99337477202516,14071537680,2026-04-28 20:32:33.958272,28/04/26,20:32:33
27005,0.13,27.005,133.30864654693576,14071564685,2026-04-28 20:33:00.963272,28/04/26,20:33:0
27507,0.13,27.507,130.8757770749264,14071592192,2026-04-28 20:33:28.470272,28/04/26,20:33:28
27597,0.13,27.597,130.44896184367866,14071619789,2026-04-28 20:33:56.067272,28/04/26,20:33:56
27318,0.13,27.318,131.78124313639358,14071647107,2026-04-28 20:34:23.385272,28/04/26,20:34:23
27546,0.13,27.546,130.6904813766064,14071674653,2026-04-28 20:34:50.931272,28/04/26,20:34:50
27013,0.13,27.013,133.269166697516,14071701666,2026-04-28 20:35:17.944272,28/04/26,20:35:17
27407,0.13,27.407,131.35330390046337,14071729073,2026-04-28 20:35:45.351272,28/04/26,20:35:45
26637,0.14,26.637,135.15035476968126,14071755710,2026-04-28 20:36:11.988272,28/04/26,20:36:11
26693,0.13,26.693,134.86681901622148,14071782403,2026-04-28 20:36:38.681272,28/04/26,20:36:38
26191,0.14,26.191,137.45179641861708,14071808594,2026-04-28 20:37:04.872272,28/04/26,20:37:4
26394,0.14,26.394,136.39463514435099,14071834988,2026-04-28 20:37:31.266272,28/04/26,20:37:31
26139,0.14,26.139,137.72523814989097,14071861127,2026-04-28 20:37:57.405272,28/04/26,20:37:57
26917,0.13,26.917,133.74447375264702,14071888044,2026-04-28 20:38:24.322272,28/04/26,20:38:24
26766,0.13,26.766,134.49899125756556,14071914810,2026-04-28 20:38:51.088272,28/04/26,20:38:51
26748,0.13,26.748,134.58950201884252,14071941558,2026-04-28 20:39:17.836272,28/04/26,20:39:17
26742,0.13,26.742,134.6196993493381,14071968300,2026-04-28 20:39:44.578272,28/04/26,20:39:44
26422,0.14,26.422,136.25009461812127,14071994722,2026-04-28 20:40:11.000272,28/04/26,20:40:11
27032,0.13,27.032,133.17549570878958,14072021754,2026-04-28 20:40:38.032272,28/04/26,20:40:38
26895,0.13,26.895,133.85387618516452,14072048649,2026-04-28 20:41:04.927272,28/04/26,20:41:4
27303,0.13,27.303,131.85364245687288,14072075952,2026-04-28 20:41:32.230272,28/04/26,20:41:32
26679,0.13,26.679,134.93759136399416,14072102631,2026-04-28 20:41:58.909272,28/04/26,20:41:58
26617,0.14,26.617,135.2519066761844,14072129248,2026-04-28 20:42:25.526272,28/04/26,20:42:25
26485,0.14,26.485,135.9259958467057,14072155733,2026-04-28 20:42:52.011272,28/04/26,20:42:52
26471,0.14,26.471,135.99788447735259,14072182204,2026-04-28 20:43:18.482272,28/04/26,20:43:18
26908,0.13,26.908,133.78920767058125,14072209112,2026-04-28 20:43:45.390272,28/04/26,20:43:45
26860,0.13,26.86,134.02829486224869,14072235972,2026-04-28 20:44:12.250272,28/04/26,20:44:12
27125,0.13,27.125,132.7188940092166,14072263097,2026-04-28 20:44:39.375272,28/04/26,20:44:39
26910,0.13,26.91,133.77926421404683,14072290007,2026-04-28 20:45:06.285272,28/04/26,20:45:6
26485,0.14,26.485,135.9259958467057,14072316492,2026-04-28 20:45:32.770272,28/04/26,20:45:32
27285,0.13,27.285,131.9406267179769,14072343777,2026-04-28 20:46:00.055272,28/04/26,20:46:0
27122,0.13,27.122,132.73357422019026,14072370899,2026-04-28 20:46:27.177272,28/04/26,20:46:27
27566,0.13,27.566,130.5956613219183,14072398465,2026-04-28 20:46:54.743272,28/04/26,20:46:54
27223,0.13,27.223,132.24111964147963,14072425688,2026-04-28 20:47:21.966272,28/04/26,20:47:21
27414,0.13,27.414,131.31976362442546,14072453102,2026-04-28 20:47:49.380272,28/04/26,20:47:49
27387,0.13,27.387,131.44922773578705,14072480489,2026-04-28 20:48:16.767272,28/04/26,20:48:16
27586,0.13,27.586,130.50097875734068,14072508075,2026-04-28 20:48:44.353272,28/04/26,20:48:44
27144,0.13,27.144,132.6259946949602,14072535219,2026-04-28 20:49:11.497272,28/04/26,20:49:11
27535,0.13,27.535,130.74269112039224,14072562754,2026-04-28 20:49:39.032272,28/04/26,20:49:39
27316,0.13,27.316,131.7908917850344,14072590070,2026-04-28 20:50:06.348272,28/04/26,20:50:6
27540,0.13,27.54,130.718954248366,14072617610,2026-04-28 20:50:33.888272,28/04/26,20:50:33
27301,0.13,27.301,131.86330171056005,14072644911,2026-04-28 20:51:01.189272,28/04/26,20:51:1
27186,0.13,27.186,132.42109909512249,14072672097,2026-04-28 20:51:28.375272,28/04/26,20:51:28
27086,0.13,27.086,132.90999040094513,14072699183,2026-04-28 20:51:55.461272,28/04/26,20:51:55
26926,0.13,26.926,133.69976973928544,14072726109,2026-04-28 20:52:22.387272,28/04/26,20:52:22
27001,0.13,27.001,133.32839524462057,14072753110,2026-04-28 20:52:49.388272,28/04/26,20:52:49
26867,0.13,26.867,133.99337477202516,14072779977,2026-04-28 20:53:16.255272,28/04/26,20:53:16
26929,0.13,26.929,133.68487504177654,14072806906,2026-04-28 20:53:43.184272,28/04/26,20:53:43
27387,0.13,27.387,131.44922773578705,14072834293,2026-04-28 20:54:10.571272,28/04/26,20:54:10
27142,0.13,27.142,132.63576744528774,14072861435,2026-04-28 20:54:37.713272,28/04/26,20:54:37
27098,0.13,27.098,132.85113292493912,14072888533,2026-04-28 20:55:04.811272,28/04/26,20:55:4
26435,0.14,26.435,136.1830905995839,14072914968,2026-04-28 20:55:31.246272,28/04/26,20:55:31
26807,0.13,26.807,134.2932816055508,14072941775,2026-04-28 20:55:58.053272,28/04/26,20:55:58
26882,0.13,26.882,133.91860724648464,14072968657,2026-04-28 20:56:24.935272,28/04/26,20:56:24
26488,0.14,26.488,135.9106010268801,14072995145,2026-04-28 20:56:51.423272,28/04/26,20:56:51
26498,0.14,26.498,135.85931013661408,14073021643,2026-04-28 20:57:17.921272,28/04/26,20:57:17
26832,0.13,26.832,134.16815742397137,14073048475,2026-04-28 20:57:44.753272,28/04/26,20:57:44
26302,0.14,26.302,136.87172078168962,14073074777,2026-04-28 20:58:11.055272,28/04/26,20:58:11
26859,0.13,26.859,134.0332849324249,14073101636,2026-04-28 20:58:37.914272,28/04/26,20:58:37
26731,0.13,26.731,134.67509633010363,14073128367,2026-04-28 20:59:04.645272,28/04/26,20:59:4
26886,0.13,26.886,133.89868332961393,14073155253,2026-04-28 20:59:31.531272,28/04/26,20:59:31
26193,0.14,26.193,137.44130111098386,14073181446,2026-04-28 20:59:57.724272,28/04/26,20:59:57
26582,0.14,26.582,135.42999021894516,14073208028,2026-04-28 21:00:24.306272,28/04/26,21:0:24
26732,0.13,26.732,134.67005835702528,14073234760,2026-04-28 21:00:51.038272,28/04/26,21:0:51
25536,0.14,25.536,140.97744360902254,14073260296,2026-04-28 21:01:16.574272,28/04/26,21:1:16
26289,0.14,26.289,136.93940431359124,14073286585,2026-04-28 21:01:42.863272,28/04/26,21:1:42
26202,0.14,26.202,137.39409205404166,14073312787,2026-04-28 21:02:09.065272,28/04/26,21:2:9
26322,0.14,26.322,136.7677228174151,14073339109,2026-04-28 21:02:35.387272,28/04/26,21:2:35
26202,0.14,26.202,137.39409205404166,14073365311,2026-04-28 21:03:01.589272,28/04/26,21:3:1
26538,0.14,26.538,135.65453312231517,14073391849,2026-04-28 21:03:28.127272,28/04/26,21:3:28
26047,0.14,26.047,138.21169424501863,14073417896,2026-04-28 21:03:54.174272,28/04/26,21:3:54
26214,0.14,26.214,137.3311970702678,14073444110,2026-04-28 21:04:20.388272,28/04/26,21:4:20
25844,0.14,25.844,139.29732239591394,14073469954,2026-04-28 21:04:46.232272,28/04/26,21:4:46
24770,0.14,24.77,145.33710133225676,14073494724,2026-04-28 21:05:11.002272,28/04/26,21:5:11
24941,0.14,24.941,144.34064391965038,14073519665,2026-04-28 21:05:35.943272,28/04/26,21:5:35
25075,0.14,25.075,143.5692921236291,14073544740,2026-04-28 21:06:01.018272,28/04/26,21:6:1
25280,0.14,25.28,142.40506329113924,14073570020,2026-04-28 21:06:26.298272,28/04/26,21:6:26
24656,0.15,24.656,146.00908500973395,14073594676,2026-04-28 21:06:50.954272,28/04/26,21:6:50
25505,0.14,25.505,141.14879435404822,14073620181,2026-04-28 21:07:16.459272,28/04/26,21:7:16
25512,0.14,25.512,141.11006585136406,14073645693,2026-04-28 21:07:41.971272,28/04/26,21:7:41
25976,0.14,25.976,138.58946720049275,14073671669,2026-04-28 21:08:07.947272,28/04/26,21:8:7
25756,0.14,25.756,139.7732567168815,14073697425,2026-04-28 21:08:33.703272,28/04/26,21:8:33
25698,0.14,25.698,140.08872285780996,14073723123,2026-04-28 21:08:59.401272,28/04/26,21:8:59
17152,0.21,17.152,209.88805970149255,14073740275,2026-04-28 21:09:16.553272,28/04/26,21:9:16
16326,0.22,16.326,220.5071664829107,14073756601,2026-04-28 21:09:32.879272,28/04/26,21:9:32
16314,0.22,16.314,220.6693637366679,14073772915,2026-04-28 21:09:49.193272,28/04/26,21:9:49
16561,0.22,16.561,217.3781776462774,14073789476,2026-04-28 21:10:05.754272,28/04/26,21:10:5
16533,0.22,16.533,217.74632553075668,14073806009,2026-04-28 21:10:22.287272,28/04/26,21:10:22
16623,0.22,16.623,216.5674066053059,14073822632,2026-04-28 21:10:38.910272,28/04/26,21:10:38
16749,0.21,16.749,214.93820526598603,14073839381,2026-04-28 21:10:55.659272,28/04/26,21:10:55
16825,0.21,16.825,213.96731054977712,14073856206,2026-04-28 21:11:12.484272,28/04/26,21:11:12
16886,0.21,16.886,213.1943621935331,14073873092,2026-04-28 21:11:29.370272,28/04/26,21:11:29
17051,0.21,17.051,211.1313119465134,14073890143,2026-04-28 21:11:46.421272,28/04/26,21:11:46
17126,0.21,17.126,210.2067032582039,14073907269,2026-04-28 21:12:03.547272,28/04/26,21:12:3
17239,0.21,17.239,208.82881837693603,14073924508,2026-04-28 21:12:20.786272,28/04/26,21:12:20
17422,0.21,17.422,206.6352887154173,14073941930,2026-04-28 21:12:38.208272,28/04/26,21:12:38
17379,0.21,17.379,207.14655618850335,14073959309,2026-04-28 21:12:55.587272,28/04/26,21:12:55
17366,0.21,17.366,207.30162386272025,14073976675,2026-04-28 21:13:12.953272,28/04/26,21:13:12
17475,0.21,17.475,206.00858369098714,14073994150,2026-04-28 21:13:30.428272,28/04/26,21:13:30
17559,0.2,17.559,205.02306509482318,14074011709,2026-04-28 21:13:47.987272,28/04/26,21:13:47
17501,0.2,17.501,205.70253128392665,14074029210,2026-04-28 21:14:05.488272,28/04/26,21:14:5
17251,0.21,17.251,208.6835545765463,14074046461,2026-04-28 21:14:22.739272,28/04/26,21:14:22
17326,0.21,17.326,207.78021470622187,14074063787,2026-04-28 21:14:40.065272,28/04/26,21:14:40
17492,0.2,17.492,205.8083695403613,14074081279,2026-04-28 21:14:57.557272,28/04/26,21:14:57
17651,0.2,17.651,203.95445017279474,14074098930,2026-04-28 21:15:15.208272,28/04/26,21:15:15
17514,0.2,17.514,205.54984583761563,14074116444,2026-04-28 21:15:32.722272,28/04/26,21:15:32
17599,0.2,17.599,204.5570771066538,14074134043,2026-04-28 21:15:50.321272,28/04/26,21:15:50
17403,0.21,17.403,206.8608860541286,14074151446,2026-04-28 21:16:07.724272,28/04/26,21:16:7
17520,0.2,17.52,205.4794520547945,14074168966,2026-04-28 21:16:25.244272,28/04/26,21:16:25
17799,0.2,17.799,202.25855385133997,14074186765,2026-04-28 21:16:43.043272,28/04/26,21:16:43
22228,0.16,22.228,161.95789094835342,14074208993,2026-04-28 21:17:05.271272,28/04/26,21:17:5
26266,0.14,26.266,137.05931622630015,14074235259,2026-04-28 21:17:31.537272,28/04/26,21:17:31
26233,0.14,26.233,137.2317310258072,14074261492,2026-04-28 21:17:57.770272,28/04/26,21:17:57
26189,0.14,26.189,137.46229332926038,14074287681,2026-04-28 21:18:23.959272,28/04/26,21:18:23
26411,0.14,26.411,136.30684184620046,14074314092,2026-04-28 21:18:50.370272,28/04/26,21:18:50
26158,0.14,26.158,137.6252007034177,14074340250,2026-04-28 21:19:16.528272,28/04/26,21:19:16
26358,0.14,26.358,136.58092419758708,14074366608,2026-04-28 21:19:42.886272,28/04/26,21:19:42
25511,0.14,25.511,141.11559719336756,14074392119,2026-04-28 21:20:08.397272,28/04/26,21:20:8
26264,0.14,26.264,137.0697532744441,14074418383,2026-04-28 21:20:34.661272,28/04/26,21:20:34
25863,0.14,25.863,139.19498898039672,14074444246,2026-04-28 21:21:00.524272,28/04/26,21:21:0
25829,0.14,25.829,139.3782182817763,14074470075,2026-04-28 21:21:26.353272,28/04/26,21:21:26
25126,0.14,25.126,143.2778794873836,14074495201,2026-04-28 21:21:51.479272,28/04/26,21:21:51
25131,0.14,25.131,143.24937328399187,14074520332,2026-04-28 21:22:16.610272,28/04/26,21:22:16
25688,0.14,25.688,140.14325755216444,14074546020,2026-04-28 21:22:42.298272,28/04/26,21:22:42
25494,0.14,25.494,141.20969639915273,14074571514,2026-04-28 21:23:07.792272,28/04/26,21:23:7
25579,0.14,25.579,140.74045115133507,14074597093,2026-04-28 21:23:33.371272,28/04/26,21:23:33
25335,0.14,25.335,142.09591474245116,14074622428,2026-04-28 21:23:58.706272,28/04/26,21:23:58
25371,0.14,25.371,141.8942887548776,14074647799,2026-04-28 21:24:24.077272,28/04/26,21:24:24
24948,0.14,24.948,144.3001443001443,14074672747,2026-04-28 21:24:49.025272,28/04/26,21:24:49
24539,0.15,24.539,146.70524471249848,14074697286,2026-04-28 21:25:13.564272,28/04/26,21:25:13
24680,0.14,24.68,145.8670988654781,14074721966,2026-04-28 21:25:38.244272,28/04/26,21:25:38
25401,0.14,25.401,141.72670367308373,14074747367,2026-04-28 21:26:03.645272,28/04/26,21:26:3
24990,0.14,24.99,144.0576230492197,14074772357,2026-04-28 21:26:28.635272,28/04/26,21:26:28
24988,0.14,24.988,144.06915319353288,14074797345,2026-04-28 21:26:53.623272,28/04/26,21:26:53
24676,0.14,24.676,145.8907440427946,14074822021,2026-04-28 21:27:18.299272,28/04/26,21:27:18
25097,0.14,25.097,143.44343945491494,14074847118,2026-04-28 21:27:43.396272,28/04/26,21:27:43
24704,0.14,24.704,145.72538860103626,14074871822,2026-04-28 21:28:08.100272,28/04/26,21:28:8
25302,0.14,25.302,142.28124258951863,14074897124,2026-04-28 21:28:33.402272,28/04/26,21:28:33
24691,0.14,24.691,145.8021141306549,14074921815,2026-04-28 21:28:58.093272,28/04/26,21:28:58
24870,0.14,24.87,144.75271411338963,14074946685,2026-04-28 21:29:22.963272,28/04/26,21:29:22
24893,0.14,24.893,144.61896918812516,14074971578,2026-04-28 21:29:47.856272,28/04/26,21:29:47
24178,0.15,24.178,148.89569029696418,14074995756,2026-04-28 21:30:12.034272,28/04/26,21:30:12
24906,0.14,24.906,144.5434834979523,14075020662,2026-04-28 21:30:36.940272,28/04/26,21:30:36
24445,0.15,24.445,147.26938024135816,14075045107,2026-04-28 21:31:01.385272,28/04/26,21:31:1
24705,0.14,24.705,145.71948998178507,14075069812,2026-04-28 21:31:26.090272,28/04/26,21:31:26
24672,0.14,24.672,145.91439688715954,14075094484,2026-04-28 21:31:50.762272,28/04/26,21:31:50
25000,0.14,25.0,144.0,14075119484,2026-04-28 21:32:15.762272,28/04/26,21:32:15
25002,0.14,25.002,143.98848092152627,14075144486,2026-04-28 21:32:40.764272,28/04/26,21:32:40
25195,0.14,25.195,142.88549315340344,14075169681,2026-04-28 21:33:05.959272,28/04/26,21:33:5
25387,0.14,25.387,141.8048607555048,14075195068,2026-04-28 21:33:31.346272,28/04/26,21:33:31
25647,0.14,25.647,140.36729442040004,14075220715,2026-04-28 21:33:56.993272,28/04/26,21:33:56
25536,0.14,25.536,140.97744360902254,14075246251,2026-04-28 21:34:22.529272,28/04/26,21:34:22
25609,0.14,25.609,140.57557889804366,14075271860,2026-04-28 21:34:48.138272,28/04/26,21:34:48
25274,0.14,25.274,142.43886998496478,14075297134,2026-04-28 21:35:13.412272,28/04/26,21:35:13
24554,0.15,24.554,146.6156227091309,14075321688,2026-04-28 21:35:37.966272,28/04/26,21:35:37
25537,0.14,25.537,140.97192309198417,14075347225,2026-04-28 21:36:03.503272,28/04/26,21:36:3
25395,0.14,25.395,141.76018901358535,14075372620,2026-04-28 21:36:28.898272,28/04/26,21:36:28
25926,0.14,25.926,138.8567461235825,14075398546,2026-04-28 21:36:54.824272,28/04/26,21:36:54
25451,0.14,25.451,141.44827315233192,14075423997,2026-04-28 21:37:20.275272,28/04/26,21:37:20
25961,0.14,25.961,138.669542775702,14075449958,2026-04-28 21:37:46.236272,28/04/26,21:37:46
25451,0.14,25.451,141.44827315233192,14075475409,2026-04-28 21:38:11.687272,28/04/26,21:38:11
25844,0.14,25.844,139.29732239591394,14075501253,2026-04-28 21:38:37.531272,28/04/26,21:38:37
25340,0.14,25.34,142.0678768745067,14075526593,2026-04-28 21:39:02.871272,28/04/26,21:39:2
25918,0.14,25.918,138.89960645111506,14075552511,2026-04-28 21:39:28.789272,28/04/26,21:39:28
25847,0.14,25.847,139.28115448601386,14075578358,2026-04-28 21:39:54.636272,28/04/26,21:39:54
26042,0.14,26.042,138.23823055064895,14075604400,2026-04-28 21:40:20.678272,28/04/26,21:40:20
25504,0.14,25.504,141.1543287327478,14075629904,2026-04-28 21:40:46.182272,28/04/26,21:40:46
25175,0.14,25.175,142.99900695134062,14075655079,2026-04-28 21:41:11.357272,28/04/26,21:41:11
25690,0.14,25.69,140.13234721681587,14075680769,2026-04-28 21:41:37.047272,28/04/26,21:41:37
25531,0.14,25.531,141.0050526810544,14075706300,2026-04-28 21:42:02.578272,28/04/26,21:42:2
16217,0.22,16.217,221.9892705185916,14075722517,2026-04-28 21:42:18.795272,28/04/26,21:42:18
26110,0.14,26.11,137.87820758330142,14075748627,2026-04-28 21:42:44.905272,28/04/26,21:42:44
26454,0.14,26.454,136.08528010886823,14075775081,2026-04-28 21:43:11.359272,28/04/26,21:43:11
26700,0.13,26.7,134.8314606741573,14075801781,2026-04-28 21:43:38.059272,28/04/26,21:43:38
24399,0.15,24.399,147.54703061600884,14075826180,2026-04-28 21:44:02.458272,28/04/26,21:44:2
22567,0.16,22.567,159.52497008906812,14075848747,2026-04-28 21:44:25.025272,28/04/26,21:44:25
22547,0.16,22.547,159.66647447553999,14075871294,2026-04-28 21:44:47.572272,28/04/26,21:44:47
21813,0.17,21.813,165.03919680924218,14075893107,2026-04-28 21:45:09.385272,28/04/26,21:45:9
21811,0.17,21.811,165.0543303837513,14075914918,2026-04-28 21:45:31.196272,28/04/26,21:45:31
22386,0.16,22.386,160.8147949611364,14075937304,2026-04-28 21:45:53.582272,28/04/26,21:45:53
22128,0.16,22.128,162.68980477223428,14075959432,2026-04-28 21:46:15.710272,28/04/26,21:46:15
22337,0.16,22.337,161.16756950351436,14075981769,2026-04-28 21:46:38.047272,28/04/26,21:46:38
22390,0.16,22.39,160.78606520768201,14076004159,2026-04-28 21:47:00.437272,28/04/26,21:47:0
22849,0.16,22.849,157.55612937108845,14076027008,2026-04-28 21:47:23.286272,28/04/26,21:47:23
23272,0.15,23.272,154.69233413544174,14076050280,2026-04-28 21:47:46.558272,28/04/26,21:47:46
25538,0.14,25.538,140.96640300728328,14076075818,2026-04-28 21:48:12.096272,28/04/26,21:48:12
25384,0.14,25.384,141.82161991805862,14076101202,2026-04-28 21:48:37.480272,28/04/26,21:48:37
25495,0.14,25.495,141.20415767797607,14076126697,2026-04-28 21:49:02.975272,28/04/26,21:49:2
25434,0.14,25.434,141.54281670205236,14076152131,2026-04-28 21:49:28.409272,28/04/26,21:49:28
22986,0.16,22.986,156.61707126076743,14076175117,2026-04-28 21:49:51.395272,28/04/26,21:49:51
21816,0.17,21.816,165.01650165016503,14076196933,2026-04-28 21:50:13.211272,28/04/26,21:50:13
21820,0.16,21.82,164.98625114573787,14076218753,2026-04-28 21:50:35.031272,28/04/26,21:50:35
22393,0.16,22.393,160.76452462823204,14076241146,2026-04-28 21:50:57.424272,28/04/26,21:50:57
22642,0.16,22.642,158.99655507464004,14076263788,2026-04-28 21:51:20.066272,28/04/26,21:51:20
22101,0.16,22.101,162.8885570788652,14076285889,2026-04-28 21:51:42.167272,28/04/26,21:51:42
22236,0.16,22.236,161.89962223421477,14076308125,2026-04-28 21:52:04.403272,28/04/26,21:52:4
22233,0.16,22.233,161.92146808797733,14076330358,2026-04-28 21:52:26.636272,28/04/26,21:52:26
21721,0.17,21.721,165.7382256802173,14076352079,2026-04-28 21:52:48.357272,28/04/26,21:52:48
22587,0.16,22.587,159.383716296985,14076374666,2026-04-28 21:53:10.944272,28/04/26,21:53:10
22450,0.16,22.45,160.35634743875278,14076397116,2026-04-28 21:53:33.394272,28/04/26,21:53:33
22549,0.16,22.549,159.65231274114151,14076419665,2026-04-28 21:53:55.943272,28/04/26,21:53:55
22502,0.16,22.502,159.98577904186294,14076442167,2026-04-28 21:54:18.445272,28/04/26,21:54:18
22051,0.16,22.051,163.25790213595755,14076464218,2026-04-28 21:54:40.496272,28/04/26,21:54:40
21790,0.17,21.79,165.21340064249657,14076486008,2026-04-28 21:55:02.286272,28/04/26,21:55:2
22524,0.16,22.524,159.82951518380395,14076508532,2026-04-28 21:55:24.810272,28/04/26,21:55:24
22025,0.16,22.025,163.4506242905789,14076530557,2026-04-28 21:55:46.835272,28/04/26,21:55:46
22502,0.16,22.502,159.98577904186294,14076553059,2026-04-28 21:56:09.337272,28/04/26,21:56:9
22628,0.16,22.628,159.0949266395616,14076575687,2026-04-28 21:56:31.965272,28/04/26,21:56:31
22398,0.16,22.398,160.72863648540047,14076598085,2026-04-28 21:56:54.363272,28/04/26,21:56:54
22708,0.16,22.708,158.53443720274794,14076620793,2026-04-28 21:57:17.071272,28/04/26,21:57:17
22201,0.16,22.201,162.15485788928427,14076642994,2026-04-28 21:57:39.272272,28/04/26,21:57:39
22457,0.16,22.457,160.306363272031,14076665451,2026-04-28 21:58:01.729272,28/04/26,21:58:1
22963,0.16,22.963,156.77394068719244,14076688414,2026-04-28 21:58:24.692272,28/04/26,21:58:24
22810,0.16,22.81,157.8255151249452,14076711224,2026-04-28 21:58:47.502272,28/04/26,21:58:47
23156,0.16,23.156,155.4672655035412,14076734380,2026-04-28 21:59:10.658272,28/04/26,21:59:10
17716,0.2,17.716,203.20614134116053,14076752096,2026-04-28 21:59:28.374272,28/04/26,21:59:28
15383,0.23,15.383,234.02457258012092,14076767479,2026-04-28 21:59:43.757272,28/04/26,21:59:43
15237,0.24,15.237,236.26698168930892,14076782716,2026-04-28 21:59:58.994272,28/04/26,21:59:58
15287,0.23,15.287,235.49421076731863,14076798003,2026-04-28 22:00:14.281272,28/04/26,22:0:14
15385,0.23,15.385,233.99415014624634,14076813388,2026-04-28 22:00:29.666272,28/04/26,22:0:29
16024,0.22,16.024,224.66300549176236,14076829412,2026-04-28 22:00:45.690272,28/04/26,22:0:45
16008,0.22,16.008,224.88755622188904,14076845420,2026-04-28 22:01:01.698272,28/04/26,22:1:1
16485,0.22,16.485,218.3803457688808,14076861905,2026-04-28 22:01:18.183272,28/04/26,22:1:18
16443,0.22,16.443,218.93814997263274,14076878348,2026-04-28 22:01:34.626272,28/04/26,22:1:34
16451,0.22,16.451,218.83168196462222,14076894799,2026-04-28 22:01:51.077272,28/04/26,22:1:51
16681,0.22,16.681,215.81439961632995,14076911480,2026-04-28 22:02:07.758272,28/04/26,22:2:7
16621,0.22,16.621,216.59346609710607,14076928101,2026-04-28 22:02:24.379272,28/04/26,22:2:24
16626,0.22,16.626,216.52832912306027,14076944727,2026-04-28 22:02:41.005272,28/04/26,22:2:41
16759,0.21,16.759,214.80995286114924,14076961486,2026-04-28 22:02:57.764272,28/04/26,22:2:57
16548,0.22,16.548,217.54894851341552,14076978034,2026-04-28 22:03:14.312272,28/04/26,22:3:14
16655,0.22,16.655,216.1513059141399,14076994689,2026-04-28 22:03:30.967272,28/04/26,22:3:30
16982,0.21,16.982,211.98916499823343,14077011671,2026-04-28 22:03:47.949272,28/04/26,22:3:47
17226,0.21,17.226,208.9864158829676,14077028897,2026-04-28 22:04:05.175272,28/04/26,22:4:5
17074,0.21,17.074,210.84690172191637,14077045971,2026-04-28 22:04:22.249272,28/04/26,22:4:22
17112,0.21,17.112,210.37868162692848,14077063083,2026-04-28 22:04:39.361272,28/04/26,22:4:39
16071,0.22,16.071,224.00597349262648,14077079154,2026-04-28 22:04:55.432272,28/04/26,22:4:55
16507,0.22,16.507,218.08929545041497,14077095661,2026-04-28 22:05:11.939272,28/04/26,22:5:11
16480,0.22,16.48,218.44660194174756,14077112141,2026-04-28 22:05:28.419272,28/04/26,22:5:28
16219,0.22,16.219,221.96189654109378,14077128360,2026-04-28 22:05:44.638272,28/04/26,22:5:44
16202,0.22,16.202,222.19479076657203,14077144562,2026-04-28 22:06:00.840272,28/04/26,22:6:0
16202,0.22,16.202,222.19479076657203,14077160764,2026-04-28 22:06:17.042272,28/04/26,22:6:17
16169,0.22,16.169,222.64827756818605,14077176933,2026-04-28 22:06:33.211272,28/04/26,22:6:33
16235,0.22,16.235,221.74314752078843,14077193168,2026-04-28 22:06:49.446272,28/04/26,22:6:49
16852,0.21,16.852,213.62449560882982,14077210020,2026-04-28 22:07:06.298272,28/04/26,22:7:6
23650,0.15,23.65,152.2198731501057,14077233670,2026-04-28 22:07:29.948272,28/04/26,22:7:29
23282,0.15,23.282,154.6258912464565,14077256952,2026-04-28 22:07:53.230272,28/04/26,22:7:53
23891,0.15,23.891,150.68435812649113,14077280843,2026-04-28 22:08:17.121272,28/04/26,22:8:17
23434,0.15,23.434,153.62294102585986,14077304277,2026-04-28 22:08:40.555272,28/04/26,22:8:40
23659,0.15,23.659,152.1619679614523,14077327936,2026-04-28 22:09:04.214272,28/04/26,22:9:4
23738,0.15,23.738,151.65557334232034,14077351674,2026-04-28 22:09:27.952272,28/04/26,22:9:27
23535,0.15,23.535,152.96367112810708,14077375209,2026-04-28 22:09:51.487272,28/04/26,22:9:51
23993,0.15,23.993,150.04376276413953,14077399202,2026-04-28 22:10:15.480272,28/04/26,22:10:15
23693,0.15,23.693,151.9436120373106,14077422895,2026-04-28 22:10:39.173272,28/04/26,22:10:39
23860,0.15,23.86,150.88013411567476,14077446755,2026-04-28 22:11:03.033272,28/04/26,22:11:3
24036,0.15,24.036,149.77533699450825,14077470791,2026-04-28 22:11:27.069272,28/04/26,22:11:27
24046,0.15,24.046,149.7130499875239,14077494837,2026-04-28 22:11:51.115272,28/04/26,22:11:51
25195,0.14,25.195,142.88549315340344,14077520032,2026-04-28 22:12:16.310272,28/04/26,22:12:16
25636,0.14,25.636,140.42752379466376,14077545668,2026-04-28 22:12:41.946272,28/04/26,22:12:41
25862,0.14,25.862,139.20037120098988,14077571530,2026-04-28 22:13:07.808272,28/04/26,22:13:7
25949,0.14,25.949,138.73366989093992,14077597479,2026-04-28 22:13:33.757272,28/04/26,22:13:33
25931,0.14,25.931,138.82997184836682,14077623410,2026-04-28 22:13:59.688272,28/04/26,22:13:59
25406,0.14,25.406,141.69881130441627,14077648816,2026-04-28 22:14:25.094272,28/04/26,22:14:25
25796,0.14,25.796,139.55652039075827,14077674612,2026-04-28 22:14:50.890272,28/04/26,22:14:50
24198,0.15,24.198,148.77262583684603,14077698810,2026-04-28 22:15:15.088272,28/04/26,22:15:15
22383,0.16,22.383,160.83634901487736,14077721193,2026-04-28 22:15:37.471272,28/04/26,22:15:37
22746,0.16,22.746,158.26958586125033,14077743939,2026-04-28 22:16:00.217272,28/04/26,22:16:0
22055,0.16,22.055,163.22829290410337,14077765994,2026-04-28 22:16:22.272272,28/04/26,22:16:22
22002,0.16,22.002,163.6214889555495,14077787996,2026-04-28 22:16:44.274272,28/04/26,22:16:44
22106,0.16,22.106,162.85171446666064,14077810102,2026-04-28 22:17:06.380272,28/04/26,22:17:6
21619,0.17,21.619,166.520190573107,14077831721,2026-04-28 22:17:27.999272,28/04/26,22:17:27
21831,0.16,21.831,164.9031194173423,14077853552,2026-04-28 22:17:49.830272,28/04/26,22:17:49
22198,0.16,22.198,162.17677268222363,14077875750,2026-04-28 22:18:12.028272,28/04/26,22:18:12
21942,0.16,21.942,164.06890894175552,14077897692,2026-04-28 22:18:33.970272,28/04/26,22:18:33
22513,0.16,22.513,159.9076089370586,14077920205,2026-04-28 22:18:56.483272,28/04/26,22:18:56
23125,0.16,23.125,155.67567567567568,14077943330,2026-04-28 22:19:19.608272,28/04/26,22:19:19
22857,0.16,22.857,157.5009843811524,14077966187,2026-04-28 22:19:42.465272,28/04/26,22:19:42
21500,0.17,21.5,167.4418604651163,14077987687,2026-04-28 22:20:03.965272,28/04/26,22:20:3
22218,0.16,22.218,162.03078584931137,14078009905,2026-04-28 22:20:26.183272,28/04/26,22:20:26
22915,0.16,22.915,157.10233471525203,14078032820,2026-04-28 22:20:49.098272,28/04/26,22:20:49
21905,0.16,21.905,164.3460397169596,14078054725,2026-04-28 22:21:11.003272,28/04/26,22:21:11
22635,0.16,22.635,159.04572564612326,14078077360,2026-04-28 22:21:33.638272,28/04/26,22:21:33
22587,0.16,22.587,159.383716296985,14078099947,2026-04-28 22:21:56.225272,28/04/26,22:21:56
20245,0.18,20.245,177.82168436651025,14078120192,2026-04-28 22:22:16.470272,28/04/26,22:22:16
17248,0.21,17.248,208.71985157699444,14078137440,2026-04-28 22:22:33.718272,28/04/26,22:22:33
17841,0.2,17.841,201.78241129981504,14078155281,2026-04-28 22:22:51.559272,28/04/26,22:22:51
18733,0.19,18.733,192.1742379757647,14078174014,2026-04-28 22:23:10.292272,28/04/26,22:23:10
22083,0.16,22.083,163.02132862382828,14078196097,2026-04-28 22:23:32.375272,28/04/26,22:23:32
21602,0.17,21.602,166.65123599666697,14078217699,2026-04-28 22:23:53.977272,28/04/26,22:23:53
20938,0.17,20.938,171.9361925685357,14078238637,2026-04-28 22:24:14.915272,28/04/26,22:24:14
22141,0.16,22.141,162.59428210107944,14078260778,2026-04-28 22:24:37.056272,28/04/26,22:24:37
23128,0.16,23.128,155.65548253199586,14078283906,2026-04-28 22:25:00.184272,28/04/26,22:25:0
23320,0.15,23.32,154.37392795883363,14078307226,2026-04-28 22:25:23.504272,28/04/26,22:25:23
22425,0.16,22.425,160.5351170568562,14078329651,2026-04-28 22:25:45.929272,28/04/26,22:25:45
21272,0.17,21.272,169.2365550959007,14078350923,2026-04-28 22:26:07.201272,28/04/26,22:26:7
22805,0.16,22.805,157.8601183950888,14078373728,2026-04-28 22:26:30.006272,28/04/26,22:26:30
23395,0.15,23.395,153.87903398162,14078397123,2026-04-28 22:26:53.401272,28/04/26,22:26:53
23412,0.15,23.412,153.76729882111738,14078420535,2026-04-28 22:27:16.813272,28/04/26,22:27:16
23554,0.15,23.554,152.84028190540886,14078444089,2026-04-28 22:27:40.367272,28/04/26,22:27:40
23763,0.15,23.763,151.49602322939023,14078467852,2026-04-28 22:28:04.130272,28/04/26,22:28:4
23467,0.15,23.467,153.40691183363873,14078491319,2026-04-28 22:28:27.597272,28/04/26,22:28:27
23302,0.15,23.302,154.49317655136898,14078514621,2026-04-28 22:28:50.899272,28/04/26,22:28:50
24360,0.15,24.36,147.7832512315271,14078538981,2026-04-28 22:29:15.259272,28/04/26,22:29:15
23231,0.15,23.231,154.96534802634412,14078562212,2026-04-28 22:29:38.490272,28/04/26,22:29:38
26480,0.14,26.48,135.95166163141994,14078588692,2026-04-28 22:30:04.970272,28/04/26,22:30:4
26819,0.13,26.819,134.2331928856408,14078615511,2026-04-28 22:30:31.789272,28/04/26,22:30:31
25079,0.14,25.079,143.5463933968659,14078640590,2026-04-28 22:30:56.868272,28/04/26,22:30:56
24937,0.14,24.937,144.363796767855,14078665527,2026-04-28 22:31:21.805272,28/04/26,22:31:21
26210,0.14,26.21,137.35215566577642,14078691737,2026-04-28 22:31:48.015272,28/04/26,22:31:48
26339,0.14,26.339,136.67944872622348,14078718076,2026-04-28 22:32:14.354272,28/04/26,22:32:14
26002,0.14,26.002,138.45088839320053,14078744078,2026-04-28 22:32:40.356272,28/04/26,22:32:40
26807,0.13,26.807,134.2932816055508,14078770885,2026-04-28 22:33:07.163272,28/04/26,22:33:7
27617,0.13,27.617,130.3544917985299,14078798502,2026-04-28 22:33:34.780272,28/04/26,22:33:34
26569,0.14,26.569,135.49625503406224,14078825071,2026-04-28 22:34:01.349272,28/04/26,22:34:1
24926,0.14,24.926,144.42750541603147,14078849997,2026-04-28 22:34:26.275272,28/04/26,22:34:26
25004,0.14,25.004,143.97696368581026,14078875001,2026-04-28 22:34:51.279272,28/04/26,22:34:51
24391,0.15,24.391,147.5954245418392,14078899392,2026-04-28 22:35:15.670272,28/04/26,22:35:15
24435,0.15,24.435,147.32965009208104,14078923827,2026-04-28 22:35:40.105272,28/04/26,22:35:40
24403,0.15,24.403,147.5228455517764,14078948230,2026-04-28 22:36:04.508272,28/04/26,22:36:4
25452,0.14,25.452,141.44271570014143,14078973682,2026-04-28 22:36:29.960272,28/04/26,22:36:29
26367,0.14,26.367,136.53430424394128,14079000049,2026-04-28 22:36:56.327272,28/04/26,22:36:56
26504,0.14,26.504,135.82855418050104,14079026553,2026-04-28 22:37:22.831272,28/04/26,22:37:22
26663,0.14,26.663,135.01856505269475,14079053216,2026-04-28 22:37:49.494272,28/04/26,22:37:49
26319,0.14,26.319,136.78331243588283,14079079535,2026-04-28 22:38:15.813272,28/04/26,22:38:15
26246,0.14,26.246,137.16375828697707,14079105781,2026-04-28 22:38:42.059272,28/04/26,22:38:42
26229,0.14,26.229,137.25265927027337,14079132010,2026-04-28 22:39:08.288272,28/04/26,22:39:8
26452,0.14,26.452,136.09556933313172,14079158462,2026-04-28 22:39:34.740272,28/04/26,22:39:34
26358,0.14,26.358,136.58092419758708,14079184820,2026-04-28 22:40:01.098272,28/04/26,22:40:1
25560,0.14,25.56,140.8450704225352,14079210380,2026-04-28 22:40:26.658272,28/04/26,22:40:26
26829,0.13,26.829,134.1831600134183,14079237209,2026-04-28 22:40:53.487272,28/04/26,22:40:53
27171,0.13,27.171,132.49420337860218,14079264380,2026-04-28 22:41:20.658272,28/04/26,22:41:20
27225,0.13,27.225,132.23140495867767,14079291605,2026-04-28 22:41:47.883272,28/04/26,22:41:47
27105,0.13,27.105,132.8168234643055,14079318710,2026-04-28 22:42:14.988272,28/04/26,22:42:14
27109,0.13,27.109,132.79722601350105,14079345819,2026-04-28 22:42:42.097272,28/04/26,22:42:42
27283,0.13,27.283,131.95029872081517,14079373102,2026-04-28 22:43:09.380272,28/04/26,22:43:9
27277,0.13,27.277,131.97932323935916,14079400379,2026-04-28 22:43:36.657272,28/04/26,22:43:36
25733,0.14,25.733,139.89818520965298,14079426112,2026-04-28 22:44:02.390272,28/04/26,22:44:2
26245,0.14,26.245,137.16898456848924,14079452357,2026-04-28 22:44:28.635272,28/04/26,22:44:28
27590,0.13,27.59,130.48205871692642,14079479947,2026-04-28 22:44:56.225272,28/04/26,22:44:56
27296,0.13,27.296,131.88745603751465,14079507243,2026-04-28 22:45:23.521272,28/04/26,22:45:23
27671,0.13,27.671,130.1001048028622,14079534914,2026-04-28 22:45:51.192272,28/04/26,22:45:51
27279,0.13,27.279,131.96964698119433,14079562193,2026-04-28 22:46:18.471272,28/04/26,22:46:18
27536,0.13,27.536,130.73794305636258,14079589729,2026-04-28 22:46:46.007272,28/04/26,22:46:46
27301,0.13,27.301,131.86330171056005,14079617030,2026-04-28 22:47:13.308272,28/04/26,22:47:13
26319,0.14,26.319,136.78331243588283,14079643349,2026-04-28 22:47:39.627272,28/04/26,22:47:39
26080,0.14,26.08,138.03680981595093,14079669429,2026-04-28 22:48:05.707272,28/04/26,22:48:5
25774,0.14,25.774,139.67564211996586,14079695203,2026-04-28 22:48:31.481272,28/04/26,22:48:31
25282,0.14,25.282,142.39379795902224,14079720485,2026-04-28 22:48:56.763272,28/04/26,22:48:56
19646,0.18,19.646,183.2434083273949,14079740131,2026-04-28 22:49:16.409272,28/04/26,22:49:16
16226,0.22,16.226,221.8661407617404,14079756357,2026-04-28 22:49:32.635272,28/04/26,22:49:32
15915,0.23,15.915,226.20169651272386,14079772272,2026-04-28 22:49:48.550272,28/04/26,22:49:48
15364,0.23,15.364,234.31398073418382,14079787636,2026-04-28 22:50:03.914272,28/04/26,22:50:3
15736,0.23,15.736,228.7747839349263,14079803372,2026-04-28 22:50:19.650272,28/04/26,22:50:19
15890,0.23,15.89,226.5575833857772,14079819262,2026-04-28 22:50:35.540272,28/04/26,22:50:35
15583,0.23,15.583,231.02098440608356,14079834845,2026-04-28 22:50:51.123272,28/04/26,22:50:51
