Interval,kWh,sec,Wh,cumul(ms),dates,days,heure
22000,0.16,22.0,163.63636363636363,12724506627,2026-09-28 00:00:12.570911,28/09/26,0:0:12
21396,0.17,21.396,168.25574873808188,12724528023,2026-09-28 00:00:33.966911,28/09/26,0:0:33
20019,0.18,20.019,179.82916229581897,12724548042,2026-09-28 00:00:53.985911,28/09/26,0:0:53
20535,0.17,20.535,175.31044558071585,12724568577,2026-09-28 00:01:14.520911,28/09/26,0:1:14
20498,0.17,20.498,175.62689042833446,12724589075,2026-09-28 00:01:35.018911,28/09/26,0:1:35
21209,0.17,21.209,169.73926163421189,12724610284,2026-09-28 00:01:56.227911,28/09/26,0:1:56
21447,0.17,21.447,167.85564414603442,12724631731,2026-09-28 00:02:17.674911,28/09/26,0:2:17
21331,0.17,21.331,168.7684590502086,12724653062,2026-09-28 00:02:39.005911,28/09/26,0:2:39
21288,0.17,21.288,169.10935738444195,12724674350,2026-09-28 00:03:00.293911,28/09/26,0:3:0
21015,0.17,21.015,171.30620985010705,12724695365,2026-09-28 00:03:21.308911,28/09/26,0:3:21
20804,0.17,20.804,173.04364545279753,12724716169,2026-09-28 00:03:42.112911,28/09/26,0:3:42
20972,0.17,20.972,171.65744802593935,12724737141,2026-09-28 00:04:03.084911,28/09/26,0:4:3
21176,0.17,21.176,170.00377786173027,12724758317,2026-09-28 00:04:24.260911,28/09/26,0:4:24
21560,0.17,21.56,166.97588126159556,12724779877,2026-09-28 00:04:45.820911,28/09/26,0:4:45
21625,0.17,21.625,166.47398843930637,12724801502,2026-09-28 00:05:07.445911,28/09/26,0:5:7
21575,0.17,21.575,166.8597914252607,12724823077,2026-09-28 00:05:29.020911,28/09/26,0:5:29
21773,0.17,21.773,165.34239654618105,12724844850,2026-09-28 00:05:50.793911,28/09/26,0:5:50
21078,0.17,21.078,170.79419299743807,12724865928,2026-09-28 00:06:11.871911,28/09/26,0:6:11
20957,0.17,20.957,171.7803120675669,12724886885,2026-09-28 00:06:32.828911,28/09/26,0:6:32
21149,0.17,21.149,170.2208142228947,12724908034,2026-09-28 00:06:53.977911,28/09/26,0:6:53
20846,0.17,20.846,172.695001439125,12724928880,2026-09-28 00:07:14.823911,28/09/26,0:7:14
21383,0.17,21.383,168.35804143478464,12724950263,2026-09-28 00:07:36.206911,28/09/26,0:7:36
21463,0.17,21.463,167.73051297581884,12724971726,2026-09-28 00:07:57.669911,28/09/26,0:7:57
21342,0.17,21.342,168.6814731515322,12724993068,2026-09-28 00:08:19.011911,28/09/26,0:8:19
20967,0.17,20.967,171.69838317355845,12725014035,2026-09-28 00:08:39.978911,28/09/26,0:8:39
21453,0.17,21.453,167.80869808418404,12725035488,2026-09-28 00:09:01.431911,28/09/26,0:9:1
20776,0.17,20.776,173.2768579129765,12725056264,2026-09-28 00:09:22.207911,28/09/26,0:9:22
20954,0.17,20.954,171.80490598453756,12725077218,2026-09-28 00:09:43.161911,28/09/26,0:9:43
21201,0.17,21.201,169.8033111645677,12725098419,2026-09-28 00:10:04.362911,28/09/26,0:10:4
21047,0.17,21.047,171.04575473939278,12725119466,2026-09-28 00:10:25.409911,28/09/26,0:10:25
21061,0.17,21.061,170.93205450833293,12725140527,2026-09-28 00:10:46.470911,28/09/26,0:10:46
21125,0.17,21.125,170.41420118343194,12725161652,2026-09-28 00:11:07.595911,28/09/26,0:11:7
20911,0.17,20.911,172.15819425182917,12725182563,2026-09-28 00:11:28.506911,28/09/26,0:11:28
21480,0.17,21.48,167.5977653631285,12725204043,2026-09-28 00:11:49.986911,28/09/26,0:11:49
21608,0.17,21.608,166.60496112550908,12725225651,2026-09-28 00:12:11.594911,28/09/26,0:12:11
21309,0.17,21.309,168.9427002674926,12725246960,2026-09-28 00:12:32.903911,28/09/26,0:12:32
21371,0.17,21.371,168.45257592064013,12725268331,2026-09-28 00:12:54.274911,28/09/26,0:12:54
21604,0.17,21.604,166.6358081836697,12725289935,2026-09-28 00:13:15.878911,28/09/26,0:13:15
21508,0.17,21.508,167.37957969127766,12725311443,2026-09-28 00:13:37.386911,28/09/26,0:13:37
21937,0.16,21.937,164.1063044171947,12725333380,2026-09-28 00:13:59.323911,28/09/26,0:13:59
22184,0.16,22.184,162.27912008654886,12725355564,2026-09-28 00:14:21.507911,28/09/26,0:14:21
22114,0.16,22.114,162.79280094058063,12725377678,2026-09-28 00:14:43.621911,28/09/26,0:14:43
22397,0.16,22.397,160.73581283207574,12725400075,2026-09-28 00:15:06.018911,28/09/26,0:15:6
21843,0.16,21.843,164.81252575195714,12725421918,2026-09-28 00:15:27.861911,28/09/26,0:15:27
22350,0.16,22.35,161.0738255033557,12725444268,2026-09-28 00:15:50.211911,28/09/26,0:15:50
22507,0.16,22.507,159.95023770382548,12725466775,2026-09-28 00:16:12.718911,28/09/26,0:16:12
22275,0.16,22.275,161.6161616161616,12725489050,2026-09-28 00:16:34.993911,28/09/26,0:16:34
24402,0.15,24.402,147.5288910745021,12725513452,2026-09-28 00:16:59.395911,28/09/26,0:16:59
27638,0.13,27.638,130.25544540125912,12725541090,2026-09-28 00:17:27.033911,28/09/26,0:17:27
27820,0.13,27.82,129.40330697340042,12725568910,2026-09-28 00:17:54.853911,28/09/26,0:17:54
28655,0.12,28.655,125.63252486477055,12725597565,2026-09-28 00:18:23.508911,28/09/26,0:18:23
28642,0.12,28.642,125.6895468193562,12725626207,2026-09-28 00:18:52.150911,28/09/26,0:18:52
28506,0.13,28.506,126.28920227320565,12725654713,2026-09-28 00:19:20.656911,28/09/26,0:19:20
28846,0.12,28.846,124.80066560354989,12725683559,2026-09-28 00:19:49.502911,28/09/26,0:19:49
28524,0.13,28.524,126.20950778291964,12725712083,2026-09-28 00:20:18.026911,28/09/26,0:20:18
28616,0.12,28.616,125.80374615599665,12725740699,2026-09-28 00:20:46.642911,28/09/26,0:20:46
28492,0.13,28.492,126.35125649305068,12725769191,2026-09-28 00:21:15.134911,28/09/26,0:21:15
28649,0.12,28.649,125.6588362595553,12725797840,2026-09-28 00:21:43.783911,28/09/26,0:21:43
28637,0.12,28.637,125.71149212557181,12725826477,2026-09-28 00:22:12.420911,28/09/26,0:22:12
28691,0.12,28.691,125.4748875954132,12725855168,2026-09-28 00:22:41.111911,28/09/26,0:22:41
28653,0.12,28.653,125.64129410532928,12725883821,2026-09-28 00:23:09.764911,28/09/26,0:23:9
28650,0.12,28.65,125.6544502617801,12725912471,2026-09-28 00:23:38.414911,28/09/26,0:23:38
28591,0.12,28.591,125.91374908187892,12725941062,2026-09-28 00:24:07.005911,28/09/26,0:24:7
28762,0.12,28.762,125.1651484597733,12725969824,2026-09-28 00:24:35.767911,28/09/26,0:24:35
28762,0.12,28.762,125.1651484597733,12725998586,2026-09-28 00:25:04.529911,28/09/26,0:25:4
28827,0.12,28.827,124.8829222603809,12726027413,2026-09-28 00:25:33.356911,28/09/26,0:25:33
28906,0.12,28.906,124.54161765723379,12726056319,2026-09-28 00:26:02.262911,28/09/26,0:26:2
28842,0.12,28.842,124.8179737882255,12726085161,2026-09-28 00:26:31.104911,28/09/26,0:26:31
29140,0.12,29.14,123.54152367879203,12726114301,2026-09-28 00:27:00.244911,28/09/26,0:27:0
29381,0.12,29.381,122.52816446002518,12726143682,2026-09-28 00:27:29.625911,28/09/26,0:27:29
29357,0.12,29.357,122.62833395782948,12726173039,2026-09-28 00:27:58.982911,28/09/26,0:27:58
27830,0.13,27.83,129.35680919870643,12726200869,2026-09-28 00:28:26.812911,28/09/26,0:28:26
15662,0.23,15.662,229.85570169837823,12726216531,2026-09-28 00:28:42.474911,28/09/26,0:28:42
17701,0.2,17.701,203.37834020676797,12726234232,2026-09-28 00:29:00.175911,28/09/26,0:29:0
17688,0.2,17.688,203.52781546811397,12726251920,2026-09-28 00:29:17.863911,28/09/26,0:29:17
17668,0.2,17.668,203.75820692777904,12726269588,2026-09-28 00:29:35.531911,28/09/26,0:29:35
17735,0.2,17.735,202.98844093600226,12726287323,2026-09-28 00:29:53.266911,28/09/26,0:29:53
17823,0.2,17.823,201.98619760983,12726305146,2026-09-28 00:30:11.089911,28/09/26,0:30:11
18102,0.2,18.102,198.87305270135897,12726323248,2026-09-28 00:30:29.191911,28/09/26,0:30:29
18231,0.2,18.231,197.46585486259667,12726341479,2026-09-28 00:30:47.422911,28/09/26,0:30:47
18342,0.2,18.342,196.27085377821393,12726359821,2026-09-28 00:31:05.764911,28/09/26,0:31:5
18379,0.19,18.379,195.87572773273845,12726378200,2026-09-28 00:31:24.143911,28/09/26,0:31:24
18534,0.19,18.534,194.23761735189382,12726396734,2026-09-28 00:31:42.677911,28/09/26,0:31:42
18579,0.19,18.579,193.76715646697886,12726415313,2026-09-28 00:32:01.256911,28/09/26,0:32:1
18580,0.19,18.58,193.756727664155,12726433893,2026-09-28 00:32:19.836911,28/09/26,0:32:19
18638,0.19,18.638,193.1537718639339,12726452531,2026-09-28 00:32:38.474911,28/09/26,0:32:38
18694,0.19,18.694,192.5751578046432,12726471225,2026-09-28 00:32:57.168911,28/09/26,0:32:57
18793,0.19,18.793,191.56068749002287,12726490018,2026-09-28 00:33:15.961911,28/09/26,0:33:15
18786,0.19,18.786,191.6320664324497,12726508804,2026-09-28 00:33:34.747911,28/09/26,0:33:34
18840,0.19,18.84,191.0828025477707,12726527644,2026-09-28 00:33:53.587911,28/09/26,0:33:53
18836,0.19,18.836,191.12338076024633,12726546480,2026-09-28 00:34:12.423911,28/09/26,0:34:12
18903,0.19,18.903,190.445960958578,12726565383,2026-09-28 00:34:31.326911,28/09/26,0:34:31
19016,0.19,19.016,189.31426167437948,12726584399,2026-09-28 00:34:50.342911,28/09/26,0:34:50
18978,0.19,18.978,189.69332911792603,12726603377,2026-09-28 00:35:09.320911,28/09/26,0:35:9
19045,0.19,19.045,189.02599107377264,12726622422,2026-09-28 00:35:28.365911,28/09/26,0:35:28
18741,0.19,18.741,192.09220425804386,12726641163,2026-09-28 00:35:47.106911,28/09/26,0:35:47
18723,0.19,18.723,192.2768787053357,12726659886,2026-09-28 00:36:05.829911,28/09/26,0:36:5
26007,0.14,26.007,138.4242703887415,12726685893,2026-09-28 00:36:31.836911,28/09/26,0:36:31
29319,0.12,29.319,122.78727105290085,12726715212,2026-09-28 00:37:01.155911,28/09/26,0:37:1
29370,0.12,29.37,122.57405515832482,12726744582,2026-09-28 00:37:30.525911,28/09/26,0:37:30
29294,0.12,29.294,122.89205980746911,12726773876,2026-09-28 00:37:59.819911,28/09/26,0:37:59
29393,0.12,29.393,122.47814105399245,12726803269,2026-09-28 00:38:29.212911,28/09/26,0:38:29
29349,0.12,29.349,122.66176019625881,12726832618,2026-09-28 00:38:58.561911,28/09/26,0:38:58
29331,0.12,29.331,122.737035900583,12726861949,2026-09-28 00:39:27.892911,28/09/26,0:39:27
29299,0.12,29.299,122.87108775043517,12726891248,2026-09-28 00:39:57.191911,28/09/26,0:39:57
29228,0.12,29.228,123.16956343232516,12726920476,2026-09-28 00:40:26.419911,28/09/26,0:40:26
29350,0.12,29.35,122.65758091993186,12726949826,2026-09-28 00:40:55.769911,28/09/26,0:40:55
29356,0.12,29.356,122.63251124131354,12726979182,2026-09-28 00:41:25.125911,28/09/26,0:41:25
29369,0.12,29.369,122.57822874459464,12727008551,2026-09-28 00:41:54.494911,28/09/26,0:41:54
29416,0.12,29.416,122.38237693772096,12727037967,2026-09-28 00:42:23.910911,28/09/26,0:42:23
29371,0.12,29.371,122.56988185625276,12727067338,2026-09-28 00:42:53.281911,28/09/26,0:42:53
29331,0.12,29.331,122.737035900583,12727096669,2026-09-28 00:43:22.612911,28/09/26,0:43:22
29457,0.12,29.457,122.21203788573175,12727126126,2026-09-28 00:43:52.069911,28/09/26,0:43:52
29372,0.12,29.372,122.56570883834945,12727155498,2026-09-28 00:44:21.441911,28/09/26,0:44:21
29336,0.12,29.336,122.71611671666213,12727184834,2026-09-28 00:44:50.777911,28/09/26,0:44:50
29306,0.12,29.306,122.84173889305944,12727214140,2026-09-28 00:45:20.083911,28/09/26,0:45:20
29328,0.12,29.328,122.74959083469722,12727243468,2026-09-28 00:45:49.411911,28/09/26,0:45:49
29816,0.12,29.816,120.74054199087738,12727273284,2026-09-28 00:46:19.227911,28/09/26,0:46:19
30109,0.12,30.109,119.5655783984855,12727303393,2026-09-28 00:46:49.336911,28/09/26,0:46:49
30101,0.12,30.101,119.5973555695824,12727333494,2026-09-28 00:47:19.437911,28/09/26,0:47:19
30040,0.12,30.04,119.84021304926765,12727363534,2026-09-28 00:47:49.477911,28/09/26,0:47:49
30105,0.12,30.105,119.5814648729447,12727393639,2026-09-28 00:48:19.582911,28/09/26,0:48:19
30090,0.12,30.09,119.64107676969093,12727423729,2026-09-28 00:48:49.672911,28/09/26,0:48:49
30030,0.12,30.03,119.88011988011988,12727453759,2026-09-28 00:49:19.702911,28/09/26,0:49:19
30127,0.12,30.127,119.49414146778638,12727483886,2026-09-28 00:49:49.829911,28/09/26,0:49:49
30080,0.12,30.08,119.68085106382979,12727513966,2026-09-28 00:50:19.909911,28/09/26,0:50:19
29961,0.12,29.961,120.15620306398318,12727543927,2026-09-28 00:50:49.870911,28/09/26,0:50:49
29966,0.12,29.966,120.13615430821598,12727573893,2026-09-28 00:51:19.836911,28/09/26,0:51:19
30202,0.12,30.202,119.19740414542083,12727604095,2026-09-28 00:51:50.038911,28/09/26,0:51:50
29997,0.12,29.997,120.01200120012001,12727634092,2026-09-28 00:52:20.035911,28/09/26,0:52:20
29733,0.12,29.733,121.07759055594794,12727663825,2026-09-28 00:52:49.768911,28/09/26,0:52:49
29697,0.12,29.697,121.22436609758562,12727693522,2026-09-28 00:53:19.465911,28/09/26,0:53:19
29602,0.12,29.602,121.61340449969596,12727723124,2026-09-28 00:53:49.067911,28/09/26,0:53:49
29674,0.12,29.674,121.31832580710386,12727752798,2026-09-28 00:54:18.741911,28/09/26,0:54:18
29630,0.12,29.63,121.49848126898414,12727782428,2026-09-28 00:54:48.371911,28/09/26,0:54:48
28817,0.12,28.817,124.92625880556616,12727811245,2026-09-28 00:55:17.188911,28/09/26,0:55:17
28929,0.12,28.929,124.44260085035778,12727840174,2026-09-28 00:55:46.117911,28/09/26,0:55:46
28963,0.12,28.963,124.29651624486414,12727869137,2026-09-28 00:56:15.080911,28/09/26,0:56:15
28875,0.12,28.875,124.67532467532467,12727898012,2026-09-28 00:56:43.955911,28/09/26,0:56:43
28890,0.12,28.89,124.61059190031153,12727926902,2026-09-28 00:57:12.845911,28/09/26,0:57:12
28933,0.12,28.933,124.42539660595168,12727955835,2026-09-28 00:57:41.778911,28/09/26,0:57:41
28878,0.12,28.878,124.66237274049449,12727984713,2026-09-28 00:58:10.656911,28/09/26,0:58:10
28955,0.12,28.955,124.33085822828527,12728013668,2026-09-28 00:58:39.611911,28/09/26,0:58:39
28930,0.12,28.93,124.4382993432423,12728042598,2026-09-28 00:59:08.541911,28/09/26,0:59:8
28868,0.12,28.868,124.70555632534294,12728071466,2026-09-28 00:59:37.409911,28/09/26,0:59:37
28959,0.12,28.959,124.31368486480886,12728100425,2026-09-28 01:00:06.368911,28/09/26,1:0:6
29233,0.12,29.233,123.14849656210447,12728129658,2026-09-28 01:00:35.601911,28/09/26,1:0:35
28282,0.13,28.282,127.28944204794568,12728157940,2026-09-28 01:01:03.883911,28/09/26,1:1:3
28896,0.12,28.896,124.58471760797342,12728186836,2026-09-28 01:01:32.779911,28/09/26,1:1:32
28885,0.12,28.885,124.63216202181063,12728215721,2026-09-28 01:02:01.664911,28/09/26,1:2:1
28893,0.12,28.893,124.59765341086076,12728244614,2026-09-28 01:02:30.557911,28/09/26,1:2:30
28846,0.12,28.846,124.80066560354989,12728273460,2026-09-28 01:02:59.403911,28/09/26,1:2:59
28808,0.12,28.808,124.96528742016106,12728302268,2026-09-28 01:03:28.211911,28/09/26,1:3:28
27575,0.13,27.575,130.55303717135087,12728329843,2026-09-28 01:03:55.786911,28/09/26,1:3:55
27276,0.13,27.276,131.98416190057193,12728357119,2026-09-28 01:04:23.062911,28/09/26,1:4:23
27558,0.13,27.558,130.63357282821684,12728384677,2026-09-28 01:04:50.620911,28/09/26,1:4:50
27438,0.13,27.438,131.2048983162038,12728412115,2026-09-28 01:05:18.058911,28/09/26,1:5:18
28113,0.13,28.113,128.05463664496853,12728440228,2026-09-28 01:05:46.171911,28/09/26,1:5:46
28118,0.13,28.118,128.03186570879865,12728468346,2026-09-28 01:06:14.289911,28/09/26,1:6:14
28002,0.13,28.002,128.562245553889,12728496348,2026-09-28 01:06:42.291911,28/09/26,1:6:42
28171,0.13,28.171,127.79099073515317,12728524519,2026-09-28 01:07:10.462911,28/09/26,1:7:10
28039,0.13,28.039,128.39259602696245,12728552558,2026-09-28 01:07:38.501911,28/09/26,1:7:38
28106,0.13,28.106,128.08652956664056,12728580664,2026-09-28 01:08:06.607911,28/09/26,1:8:6
28110,0.13,28.11,128.068303094984,12728608774,2026-09-28 01:08:34.717911,28/09/26,1:8:34
28065,0.13,28.065,128.27365045430253,12728636839,2026-09-28 01:09:02.782911,28/09/26,1:9:2
28088,0.13,28.088,128.16861293078895,12728664927,2026-09-28 01:09:30.870911,28/09/26,1:9:30
28117,0.13,28.117,128.0364192481417,12728693044,2026-09-28 01:09:58.987911,28/09/26,1:9:58
28088,0.13,28.088,128.16861293078895,12728721132,2026-09-28 01:10:27.075911,28/09/26,1:10:27
28032,0.13,28.032,128.42465753424656,12728749164,2026-09-28 01:10:55.107911,28/09/26,1:10:55
28029,0.13,28.029,128.43840308252166,12728777193,2026-09-28 01:11:23.136911,28/09/26,1:11:23
28068,0.13,28.068,128.25994014536127,12728805261,2026-09-28 01:11:51.204911,28/09/26,1:11:51
28559,0.13,28.559,126.05483385272593,12728833820,2026-09-28 01:12:19.763911,28/09/26,1:12:19
28525,0.13,28.525,126.20508326029798,12728862345,2026-09-28 01:12:48.288911,28/09/26,1:12:48
28546,0.13,28.546,126.11223989350522,12728890891,2026-09-28 01:13:16.834911,28/09/26,1:13:16
28456,0.13,28.456,126.51110486364914,12728919347,2026-09-28 01:13:45.290911,28/09/26,1:13:45
28589,0.12,28.589,125.92255762705936,12728947936,2026-09-28 01:14:13.879911,28/09/26,1:14:13
15087,0.24,15.087,238.61602704314973,12728963023,2026-09-28 01:14:28.966911,28/09/26,1:14:28
17377,0.21,17.377,207.17039765206883,12728980400,2026-09-28 01:14:46.343911,28/09/26,1:14:46
17354,0.21,17.354,207.4449694594906,12728997754,2026-09-28 01:15:03.697911,28/09/26,1:15:3
17364,0.21,17.364,207.32550103662751,12729015118,2026-09-28 01:15:21.061911,28/09/26,1:15:21
17317,0.21,17.317,207.88820234451694,12729032435,2026-09-28 01:15:38.378911,28/09/26,1:15:38
17487,0.2,17.487,205.8672156459084,12729049922,2026-09-28 01:15:55.865911,28/09/26,1:15:55
17651,0.2,17.651,203.95445017279474,12729067573,2026-09-28 01:16:13.516911,28/09/26,1:16:13
17533,0.2,17.533,205.32709747333598,12729085106,2026-09-28 01:16:31.049911,28/09/26,1:16:31
17767,0.2,17.767,202.6228400968087,12729102873,2026-09-28 01:16:48.816911,28/09/26,1:16:48
17881,0.2,17.881,201.3310217549354,12729120754,2026-09-28 01:17:06.697911,28/09/26,1:17:6
17186,0.21,17.186,209.47282671942278,12729137940,2026-09-28 01:17:23.883911,28/09/26,1:17:23
16730,0.22,16.73,215.18230723251645,12729154670,2026-09-28 01:17:40.613911,28/09/26,1:17:40
16623,0.22,16.623,216.5674066053059,12729171293,2026-09-28 01:17:57.236911,28/09/26,1:17:57
16765,0.21,16.765,214.7330748583358,12729188058,2026-09-28 01:18:14.001911,28/09/26,1:18:14
17090,0.21,17.09,210.64950263311877,12729205148,2026-09-28 01:18:31.091911,28/09/26,1:18:31
17405,0.21,17.405,206.83711577133008,12729222553,2026-09-28 01:18:48.496911,28/09/26,1:18:48
17418,0.21,17.418,206.68274199104374,12729239971,2026-09-28 01:19:05.914911,28/09/26,1:19:5
17473,0.21,17.473,206.0321639100326,12729257444,2026-09-28 01:19:23.387911,28/09/26,1:19:23
17596,0.2,17.596,204.5919527165265,12729275040,2026-09-28 01:19:40.983911,28/09/26,1:19:40
17119,0.21,17.119,210.29265728138327,12729292159,2026-09-28 01:19:58.102911,28/09/26,1:19:58
17653,0.2,17.653,203.9313431144848,12729309812,2026-09-28 01:20:15.755911,28/09/26,1:20:15
17627,0.2,17.627,204.23214387019914,12729327439,2026-09-28 01:20:33.382911,28/09/26,1:20:33
17557,0.2,17.557,205.0464202312468,12729344996,2026-09-28 01:20:50.939911,28/09/26,1:20:50
17694,0.2,17.694,203.4587995930824,12729362690,2026-09-28 01:21:08.633911,28/09/26,1:21:8
17711,0.2,17.711,203.263508554006,12729380401,2026-09-28 01:21:26.344911,28/09/26,1:21:26
17873,0.2,17.873,201.42113802942987,12729398274,2026-09-28 01:21:44.217911,28/09/26,1:21:44
19026,0.19,19.026,189.2147587511826,12729417300,2026-09-28 01:22:03.243911,28/09/26,1:22:3
26620,0.14,26.62,135.236664162284,12729443920,2026-09-28 01:22:29.863911,28/09/26,1:22:29
26667,0.13,26.667,134.99831252109348,12729470587,2026-09-28 01:22:56.530911,28/09/26,1:22:56
26858,0.13,26.858,134.0382753741902,12729497445,2026-09-28 01:23:23.388911,28/09/26,1:23:23
27269,0.13,27.269,132.01804246580366,12729524714,2026-09-28 01:23:50.657911,28/09/26,1:23:50
27196,0.13,27.196,132.37240770701573,12729551910,2026-09-28 01:24:17.853911,28/09/26,1:24:17
27196,0.13,27.196,132.37240770701573,12729579106,2026-09-28 01:24:45.049911,28/09/26,1:24:45
27257,0.13,27.257,132.07616392119456,12729606363,2026-09-28 01:25:12.306911,28/09/26,1:25:12
27000,0.13,27.0,133.33333333333334,12729633363,2026-09-28 01:25:39.306911,28/09/26,1:25:39
27220,0.13,27.22,132.2556943423953,12729660583,2026-09-28 01:26:06.526911,28/09/26,1:26:6
27068,0.13,27.068,132.9983744643121,12729687651,2026-09-28 01:26:33.594911,28/09/26,1:26:33
27212,0.13,27.212,132.2945759223872,12729714863,2026-09-28 01:27:00.806911,28/09/26,1:27:0
27079,0.13,27.079,132.9443480187599,12729741942,2026-09-28 01:27:27.885911,28/09/26,1:27:27
27092,0.13,27.092,132.88055514543038,12729769034,2026-09-28 01:27:54.977911,28/09/26,1:27:54
26001,0.14,26.001,138.45621322256835,12729795035,2026-09-28 01:28:20.978911,28/09/26,1:28:20
25802,0.14,25.802,139.52406790171304,12729820837,2026-09-28 01:28:46.780911,28/09/26,1:28:46
25449,0.14,25.449,141.45938936696922,12729846286,2026-09-28 01:29:12.229911,28/09/26,1:29:12
25684,0.14,25.684,140.16508332035508,12729871970,2026-09-28 01:29:37.913911,28/09/26,1:29:37
25327,0.14,25.327,142.1407983574841,12729897297,2026-09-28 01:30:03.240911,28/09/26,1:30:3
25355,0.14,25.355,141.98382961940445,12729922652,2026-09-28 01:30:28.595911,28/09/26,1:30:28
25260,0.14,25.26,142.51781472684087,12729947912,2026-09-28 01:30:53.855911,28/09/26,1:30:53
25485,0.14,25.485,141.25956444967628,12729973397,2026-09-28 01:31:19.340911,28/09/26,1:31:19
25285,0.14,25.285,142.37690330235318,12729998682,2026-09-28 01:31:44.625911,28/09/26,1:31:44
25458,0.14,25.458,141.4093801555503,12730024140,2026-09-28 01:32:10.083911,28/09/26,1:32:10
25590,0.14,25.59,140.6799531066823,12730049730,2026-09-28 01:32:35.673911,28/09/26,1:32:35
25923,0.14,25.923,138.87281564633722,12730075653,2026-09-28 01:33:01.596911,28/09/26,1:33:1
25744,0.14,25.744,139.83840894965817,12730101397,2026-09-28 01:33:27.340911,28/09/26,1:33:27
25851,0.14,25.851,139.25960311013114,12730127248,2026-09-28 01:33:53.191911,28/09/26,1:33:53
25457,0.14,25.457,141.41493498841183,12730152705,2026-09-28 01:34:18.648911,28/09/26,1:34:18
25926,0.14,25.926,138.8567461235825,12730178631,2026-09-28 01:34:44.574911,28/09/26,1:34:44
25964,0.14,25.964,138.6535202588199,12730204595,2026-09-28 01:35:10.538911,28/09/26,1:35:10
25795,0.14,25.795,139.56193060670674,12730230390,2026-09-28 01:35:36.333911,28/09/26,1:35:36
25619,0.14,25.619,140.52070728756001,12730256009,2026-09-28 01:36:01.952911,28/09/26,1:36:1
25807,0.14,25.807,139.49703568799163,12730281816,2026-09-28 01:36:27.759911,28/09/26,1:36:27
26158,0.14,26.158,137.6252007034177,12730307974,2026-09-28 01:36:53.917911,28/09/26,1:36:53
25895,0.14,25.895,139.02297740876617,12730333869,2026-09-28 01:37:19.812911,28/09/26,1:37:19
25623,0.14,25.623,140.49877063575693,12730359492,2026-09-28 01:37:45.435911,28/09/26,1:37:45
25754,0.14,25.754,139.78411120602624,12730385246,2026-09-28 01:38:11.189911,28/09/26,1:38:11
26029,0.14,26.029,138.30727265742058,12730411275,2026-09-28 01:38:37.218911,28/09/26,1:38:37
25445,0.14,25.445,141.48162703871094,12730436720,2026-09-28 01:39:02.663911,28/09/26,1:39:2
25558,0.14,25.558,140.85609202598013,12730462278,2026-09-28 01:39:28.221911,28/09/26,1:39:28
25647,0.14,25.647,140.36729442040004,12730487925,2026-09-28 01:39:53.868911,28/09/26,1:39:53
25538,0.14,25.538,140.96640300728328,12730513463,2026-09-28 01:40:19.406911,28/09/26,1:40:19
25609,0.14,25.609,140.57557889804366,12730539072,2026-09-28 01:40:45.015911,28/09/26,1:40:45
25471,0.14,25.471,141.33720701974795,12730564543,2026-09-28 01:41:10.486911,28/09/26,1:41:10
25620,0.14,25.62,140.5152224824356,12730590163,2026-09-28 01:41:36.106911,28/09/26,1:41:36
25733,0.14,25.733,139.89818520965298,12730615896,2026-09-28 01:42:01.839911,28/09/26,1:42:1
25610,0.14,25.61,140.57008980866848,12730641506,2026-09-28 01:42:27.449911,28/09/26,1:42:27
25574,0.14,25.574,140.76796746695862,12730667080,2026-09-28 01:42:53.023911,28/09/26,1:42:53
25550,0.14,25.55,140.90019569471625,12730692630,2026-09-28 01:43:18.573911,28/09/26,1:43:18
25694,0.14,25.694,140.1105316416284,12730718324,2026-09-28 01:43:44.267911,28/09/26,1:43:44
25756,0.14,25.756,139.7732567168815,12730744080,2026-09-28 01:44:10.023911,28/09/26,1:44:10
25607,0.14,25.607,140.58655836294764,12730769687,2026-09-28 01:44:35.630911,28/09/26,1:44:35
25737,0.14,25.737,139.87644247581304,12730795424,2026-09-28 01:45:01.367911,28/09/26,1:45:1
25622,0.14,25.622,140.50425415658418,12730821046,2026-09-28 01:45:26.989911,28/09/26,1:45:26
25703,0.14,25.703,140.06147142356923,12730846749,2026-09-28 01:45:52.692911,28/09/26,1:45:52
25684,0.14,25.684,140.16508332035508,12730872433,2026-09-28 01:46:18.376911,28/09/26,1:46:18
25667,0.14,25.667,140.2579187283282,12730898100,2026-09-28 01:46:44.043911,28/09/26,1:46:44
25749,0.14,25.749,139.81125480601187,12730923849,2026-09-28 01:47:09.792911,28/09/26,1:47:9
25643,0.14,25.643,140.3891900323675,12730949492,2026-09-28 01:47:35.435911,28/09/26,1:47:35
25728,0.14,25.728,139.92537313432837,12730975220,2026-09-28 01:48:01.163911,28/09/26,1:48:1
25759,0.14,25.759,139.75697814356147,12731000979,2026-09-28 01:48:26.922911,28/09/26,1:48:26
26005,0.14,26.005,138.43491636223803,12731026984,2026-09-28 01:48:52.927911,28/09/26,1:48:52
25830,0.14,25.83,139.37282229965157,12731052814,2026-09-28 01:49:18.757911,28/09/26,1:49:18
26090,0.14,26.09,137.9839018781142,12731078904,2026-09-28 01:49:44.847911,28/09/26,1:49:44
25887,0.14,25.887,139.06594043342218,12731104791,2026-09-28 01:50:10.734911,28/09/26,1:50:10
25988,0.14,25.988,138.5254732953671,12731130779,2026-09-28 01:50:36.722911,28/09/26,1:50:36
26265,0.14,26.265,137.06453455168474,12731157044,2026-09-28 01:51:02.987911,28/09/26,1:51:2
26550,0.14,26.55,135.59322033898306,12731183594,2026-09-28 01:51:29.537911,28/09/26,1:51:29
26691,0.13,26.691,134.87692480611443,12731210285,2026-09-28 01:51:56.228911,28/09/26,1:51:56
26576,0.14,26.576,135.4605659241421,12731236861,2026-09-28 01:52:22.804911,28/09/26,1:52:22
26633,0.14,26.633,135.17065294934855,12731263494,2026-09-28 01:52:49.437911,28/09/26,1:52:49
26602,0.14,26.602,135.3281708142245,12731290096,2026-09-28 01:53:16.039911,28/09/26,1:53:16
26787,0.13,26.787,134.39354910964275,12731316883,2026-09-28 01:53:42.826911,28/09/26,1:53:42
26772,0.13,26.772,134.4688480502017,12731343655,2026-09-28 01:54:09.598911,28/09/26,1:54:9
26612,0.14,26.612,135.277318502931,12731370267,2026-09-28 01:54:36.210911,28/09/26,1:54:36
26797,0.13,26.797,134.3433966488786,12731397064,2026-09-28 01:55:03.007911,28/09/26,1:55:3
26834,0.13,26.834,134.15815756130283,12731423898,2026-09-28 01:55:29.841911,28/09/26,1:55:29
26955,0.13,26.955,133.5559265442404,12731450853,2026-09-28 01:55:56.796911,28/09/26,1:55:56
26661,0.14,26.661,135.02869359738943,12731477514,2026-09-28 01:56:23.457911,28/09/26,1:56:23
26913,0.13,26.913,133.76435180024524,12731504427,2026-09-28 01:56:50.370911,28/09/26,1:56:50
26879,0.13,26.879,133.93355407567245,12731531306,2026-09-28 01:57:17.249911,28/09/26,1:57:17
26781,0.13,26.781,134.42365856390725,12731558087,2026-09-28 01:57:44.030911,28/09/26,1:57:44
26867,0.13,26.867,133.99337477202516,12731584954,2026-09-28 01:58:10.897911,28/09/26,1:58:10
26753,0.13,26.753,134.56434792359735,12731611707,2026-09-28 01:58:37.650911,28/09/26,1:58:37
26877,0.13,26.877,133.94352048219667,12731638584,2026-09-28 01:59:04.527911,28/09/26,1:59:4
26752,0.13,26.752,134.5693779904306,12731665336,2026-09-28 01:59:31.279911,28/09/26,1:59:31
23799,0.15,23.799,151.26685995209883,12731689135,2026-09-28 01:59:55.078911,28/09/26,1:59:55
15673,0.23,15.673,229.69437886811716,12731704808,2026-09-28 02:00:10.751911,28/09/26,2:0:10
16642,0.22,16.642,216.32015382766494,12731721450,2026-09-28 02:00:27.393911,28/09/26,2:0:27
16587,0.22,16.587,217.0374389582203,12731738037,2026-09-28 02:00:43.980911,28/09/26,2:0:43
16512,0.22,16.512,218.02325581395348,12731754549,2026-09-28 02:01:00.492911,28/09/26,2:1:0
16725,0.22,16.725,215.24663677130044,12731771274,2026-09-28 02:01:17.217911,28/09/26,2:1:17
16791,0.21,16.791,214.40057173485795,12731788065,2026-09-28 02:01:34.008911,28/09/26,2:1:34
16960,0.21,16.96,212.26415094339623,12731805025,2026-09-28 02:01:50.968911,28/09/26,2:1:50
17015,0.21,17.015,211.5780193946518,12731822040,2026-09-28 02:02:07.983911,28/09/26,2:2:7
16960,0.21,16.96,212.26415094339623,12731839000,2026-09-28 02:02:24.943911,28/09/26,2:2:24
17080,0.21,17.08,210.7728337236534,12731856080,2026-09-28 02:02:42.023911,28/09/26,2:2:42
17126,0.21,17.126,210.2067032582039,12731873206,2026-09-28 02:02:59.149911,28/09/26,2:2:59
17249,0.21,17.249,208.7077511739811,12731890455,2026-09-28 02:03:16.398911,28/09/26,2:3:16
17160,0.21,17.16,209.7902097902098,12731907615,2026-09-28 02:03:33.558911,28/09/26,2:3:33
17302,0.21,17.302,208.06843139521442,12731924917,2026-09-28 02:03:50.860911,28/09/26,2:3:50
17220,0.21,17.22,209.05923344947735,12731942137,2026-09-28 02:04:08.080911,28/09/26,2:4:8
17298,0.21,17.298,208.1165452653486,12731959435,2026-09-28 02:04:25.378911,28/09/26,2:4:25
17418,0.21,17.418,206.68274199104374,12731976853,2026-09-28 02:04:42.796911,28/09/26,2:4:42
17454,0.21,17.454,206.2564455139223,12731994307,2026-09-28 02:05:00.250911,28/09/26,2:5:0
17508,0.2,17.508,205.620287868403,12732011815,2026-09-28 02:05:17.758911,28/09/26,2:5:17
17508,0.2,17.508,205.620287868403,12732029323,2026-09-28 02:05:35.266911,28/09/26,2:5:35
17556,0.2,17.556,205.0580997949419,12732046879,2026-09-28 02:05:52.822911,28/09/26,2:5:52
17534,0.2,17.534,205.31538724763317,12732064413,2026-09-28 02:06:10.356911,28/09/26,2:6:10
17564,0.2,17.564,204.96470052379868,12732081977,2026-09-28 02:06:27.920911,28/09/26,2:6:27
17693,0.2,17.693,203.47029898830047,12732099670,2026-09-28 02:06:45.613911,28/09/26,2:6:45
17679,0.2,17.679,203.6314271169184,12732117349,2026-09-28 02:07:03.292911,28/09/26,2:7:3
17650,0.2,17.65,203.96600566572238,12732134999,2026-09-28 02:07:20.942911,28/09/26,2:7:20
17742,0.2,17.742,202.90835306053432,12732152741,2026-09-28 02:07:38.684911,28/09/26,2:7:38
26526,0.14,26.526,135.71590137977833,12732179267,2026-09-28 02:08:05.210911,28/09/26,2:8:5
26803,0.13,26.803,134.31332313546991,12732206070,2026-09-28 02:08:32.013911,28/09/26,2:8:32
26942,0.13,26.942,133.6203696830228,12732233012,2026-09-28 02:08:58.955911,28/09/26,2:8:58
26810,0.13,26.81,134.27825438269304,12732259822,2026-09-28 02:09:25.765911,28/09/26,2:9:25
26851,0.13,26.851,134.0732188745298,12732286673,2026-09-28 02:09:52.616911,28/09/26,2:9:52
26648,0.14,26.648,135.09456619633744,12732313321,2026-09-28 02:10:19.264911,28/09/26,2:10:19
26820,0.13,26.82,134.2281879194631,12732340141,2026-09-28 02:10:46.084911,28/09/26,2:10:46
26953,0.13,26.953,133.56583682706935,12732367094,2026-09-28 02:11:13.037911,28/09/26,2:11:13
27141,0.13,27.141,132.6406543605615,12732394235,2026-09-28 02:11:40.178911,28/09/26,2:11:40
27389,0.13,27.389,131.43962904815803,12732421624,2026-09-28 02:12:07.567911,28/09/26,2:12:7
27280,0.13,27.28,131.96480938416423,12732448904,2026-09-28 02:12:34.847911,28/09/26,2:12:34
27423,0.13,27.423,131.27666557269444,12732476327,2026-09-28 02:13:02.270911,28/09/26,2:13:2
27305,0.13,27.305,131.8439846182018,12732503632,2026-09-28 02:13:29.575911,28/09/26,2:13:29
27375,0.13,27.375,131.5068493150685,12732531007,2026-09-28 02:13:56.950911,28/09/26,2:13:56
27293,0.13,27.293,131.90195288169127,12732558300,2026-09-28 02:14:24.243911,28/09/26,2:14:24
27385,0.13,27.385,131.4588278254519,12732585685,2026-09-28 02:14:51.628911,28/09/26,2:14:51
27398,0.13,27.398,131.396452295788,12732613083,2026-09-28 02:15:19.026911,28/09/26,2:15:19
27284,0.13,27.284,131.94546254214924,12732640367,2026-09-28 02:15:46.310911,28/09/26,2:15:46
27126,0.13,27.126,132.71400132714,12732667493,2026-09-28 02:16:13.436911,28/09/26,2:16:13
26977,0.13,26.977,133.44701041628053,12732694470,2026-09-28 02:16:40.413911,28/09/26,2:16:40
27197,0.13,27.197,132.36754053755928,12732721667,2026-09-28 02:17:07.610911,28/09/26,2:17:7
26133,0.14,26.133,137.75685914361154,12732747800,2026-09-28 02:17:33.743911,28/09/26,2:17:33
27485,0.13,27.485,130.9805348371839,12732775285,2026-09-28 02:18:01.228911,28/09/26,2:18:1
28209,0.13,28.209,127.6188450494523,12732803494,2026-09-28 02:18:29.437911,28/09/26,2:18:29
28120,0.13,28.12,128.02275960170698,12732831614,2026-09-28 02:18:57.557911,28/09/26,2:18:57
27941,0.13,27.941,128.84291900790953,12732859555,2026-09-28 02:19:25.498911,28/09/26,2:19:25
28097,0.13,28.097,128.1275581022885,12732887652,2026-09-28 02:19:53.595911,28/09/26,2:19:53
28138,0.13,28.138,127.94086289004194,12732915790,2026-09-28 02:20:21.733911,28/09/26,2:20:21
28036,0.13,28.036,128.4063347125125,12732943826,2026-09-28 02:20:49.769911,28/09/26,2:20:49
28102,0.13,28.102,128.10476122695894,12732971928,2026-09-28 02:21:17.871911,28/09/26,2:21:17
28160,0.13,28.16,127.8409090909091,12733000088,2026-09-28 02:21:46.031911,28/09/26,2:21:46
27964,0.13,27.964,128.73694750393364,12733028052,2026-09-28 02:22:13.995911,28/09/26,2:22:13
28291,0.13,28.291,127.24894842882895,12733056343,2026-09-28 02:22:42.286911,28/09/26,2:22:42
28274,0.13,28.274,127.32545801796704,12733084617,2026-09-28 02:23:10.560911,28/09/26,2:23:10
28234,0.13,28.234,127.50584401785082,12733112851,2026-09-28 02:23:38.794911,28/09/26,2:23:38
28252,0.13,28.252,127.42460710746141,12733141103,2026-09-28 02:24:07.046911,28/09/26,2:24:7
28512,0.13,28.512,126.26262626262626,12733169615,2026-09-28 02:24:35.558911,28/09/26,2:24:35
28510,0.13,28.51,126.27148368993336,12733198125,2026-09-28 02:25:04.068911,28/09/26,2:25:4
28472,0.13,28.472,126.44001123911211,12733226597,2026-09-28 02:25:32.540911,28/09/26,2:25:32
28603,0.12,28.603,125.86092367933433,12733255200,2026-09-28 02:26:01.143911,28/09/26,2:26:1
28452,0.13,28.452,126.52889076339098,12733283652,2026-09-28 02:26:29.595911,28/09/26,2:26:29
28493,0.13,28.493,126.34682202646265,12733312145,2026-09-28 02:26:58.088911,28/09/26,2:26:58
28517,0.13,28.517,126.24048812988744,12733340662,2026-09-28 02:27:26.605911,28/09/26,2:27:26
28631,0.12,28.631,125.73783661066676,12733369293,2026-09-28 02:27:55.236911,28/09/26,2:27:55
28635,0.12,28.635,125.72027239392352,12733397928,2026-09-28 02:28:23.871911,28/09/26,2:28:23
28550,0.13,28.55,126.09457092819615,12733426478,2026-09-28 02:28:52.421911,28/09/26,2:28:52
28581,0.12,28.581,125.95780413561457,12733455059,2026-09-28 02:29:21.002911,28/09/26,2:29:21
28671,0.12,28.671,125.56241498378152,12733483730,2026-09-28 02:29:49.673911,28/09/26,2:29:49
28943,0.12,28.943,124.38240679957157,12733512673,2026-09-28 02:30:18.616911,28/09/26,2:30:18
29029,0.12,29.029,124.0139171173654,12733541702,2026-09-28 02:30:47.645911,28/09/26,2:30:47
28877,0.12,28.877,124.6666897530907,12733570579,2026-09-28 02:31:16.522911,28/09/26,2:31:16
29070,0.12,29.07,123.83900928792569,12733599649,2026-09-28 02:31:45.592911,28/09/26,2:31:45
29161,0.12,29.161,123.45255649669079,12733628810,2026-09-28 02:32:14.753911,28/09/26,2:32:14
29174,0.12,29.174,123.39754575992322,12733657984,2026-09-28 02:32:43.927911,28/09/26,2:32:43
29167,0.12,29.167,123.42716083244763,12733687151,2026-09-28 02:33:13.094911,28/09/26,2:33:13
29213,0.12,29.213,123.23280731181323,12733716364,2026-09-28 02:33:42.307911,28/09/26,2:33:42
31969,0.11,31.969,112.60909005599174,12733748333,2026-09-28 02:34:14.276911,28/09/26,2:34:14
31118,0.12,31.118,115.6886689375924,12733779451,2026-09-28 02:34:45.394911,28/09/26,2:34:45
32890,0.11,32.89,109.45576162967467,12733812341,2026-09-28 02:35:18.284911,28/09/26,2:35:18
38220,0.09,38.22,94.19152276295134,12733850561,2026-09-28 02:35:56.504911,28/09/26,2:35:56
38496,0.09,38.496,93.51620947630923,12733889057,2026-09-28 02:36:35.000911,28/09/26,2:36:35
38213,0.09,38.213,94.2087771177348,12733927270,2026-09-28 02:37:13.213911,28/09/26,2:37:13
38291,0.09,38.291,94.01687080515003,12733965561,2026-09-28 02:37:51.504911,28/09/26,2:37:51
38492,0.09,38.492,93.52592746544737,12734004053,2026-09-28 02:38:29.996911,28/09/26,2:38:29
38372,0.09,38.372,93.81840925674972,12734042425,2026-09-28 02:39:08.368911,28/09/26,2:39:8
38377,0.09,38.377,93.80618599682101,12734080802,2026-09-28 02:39:46.745911,28/09/26,2:39:46
38407,0.09,38.407,93.7329132710183,12734119209,2026-09-28 02:40:25.152911,28/09/26,2:40:25
38190,0.09,38.19,94.26551453260015,12734157399,2026-09-28 02:41:03.342911,28/09/26,2:41:3
38272,0.09,38.272,94.06354515050167,12734195671,2026-09-28 02:41:41.614911,28/09/26,2:41:41
38487,0.09,38.487,93.53807779250137,12734234158,2026-09-28 02:42:20.101911,28/09/26,2:42:20
38680,0.09,38.68,93.07135470527405,12734272838,2026-09-28 02:42:58.781911,28/09/26,2:42:58
38291,0.09,38.291,94.01687080515003,12734311129,2026-09-28 02:43:37.072911,28/09/26,2:43:37
38527,0.09,38.527,93.44096348015677,12734349656,2026-09-28 02:44:15.599911,28/09/26,2:44:15
38526,0.09,38.526,93.44338888023672,12734388182,2026-09-28 02:44:54.125911,28/09/26,2:44:54
39391,0.09,39.391,91.391434591658,12734427573,2026-09-28 02:45:33.516911,28/09/26,2:45:33
27764,0.13,27.764,129.66431349949576,12734455337,2026-09-28 02:46:01.280911,28/09/26,2:46:1
20814,0.17,20.814,172.96050735082156,12734476151,2026-09-28 02:46:22.094911,28/09/26,2:46:22
20870,0.17,20.87,172.49640632486822,12734497021,2026-09-28 02:46:42.964911,28/09/26,2:46:42
20839,0.17,20.839,172.75301118095877,12734517860,2026-09-28 02:47:03.803911,28/09/26,2:47:3
20952,0.17,20.952,171.82130584192439,12734538812,2026-09-28 02:47:24.755911,28/09/26,2:47:24
21152,0.17,21.152,170.19667170953102,12734559964,2026-09-28 02:47:45.907911,28/09/26,2:47:45
21223,0.17,21.223,169.62729114639777,12734581187,2026-09-28 02:48:07.130911,28/09/26,2:48:7
21437,0.17,21.437,167.93394598124738,12734602624,2026-09-28 02:48:28.567911,28/09/26,2:48:28
21418,0.17,21.418,168.08292090764778,12734624042,2026-09-28 02:48:49.985911,28/09/26,2:48:49
21678,0.17,21.678,166.06698034874066,12734645720,2026-09-28 02:49:11.663911,28/09/26,2:49:11
21730,0.17,21.73,165.66958122411413,12734667450,2026-09-28 02:49:33.393911,28/09/26,2:49:33
21851,0.16,21.851,164.75218525467943,12734689301,2026-09-28 02:49:55.244911,28/09/26,2:49:55
21891,0.16,21.891,164.45114430587913,12734711192,2026-09-28 02:50:17.135911,28/09/26,2:50:17
21980,0.16,21.98,163.7852593266606,12734733172,2026-09-28 02:50:39.115911,28/09/26,2:50:39
21975,0.16,21.975,163.82252559726962,12734755147,2026-09-28 02:51:01.090911,28/09/26,2:51:1
22093,0.16,22.093,162.9475399447789,12734777240,2026-09-28 02:51:23.183911,28/09/26,2:51:23
22005,0.16,22.005,163.59918200408998,12734799245,2026-09-28 02:51:45.188911,28/09/26,2:51:45
22207,0.16,22.207,162.1110460665556,12734821452,2026-09-28 02:52:07.395911,28/09/26,2:52:7
22226,0.16,22.226,161.97246468100423,12734843678,2026-09-28 02:52:29.621911,28/09/26,2:52:29
22290,0.16,22.29,161.50740242261102,12734865968,2026-09-28 02:52:51.911911,28/09/26,2:52:51
22150,0.16,22.15,162.52821670428895,12734888118,2026-09-28 02:53:14.061911,28/09/26,2:53:14
22126,0.16,22.126,162.70451053059747,12734910244,2026-09-28 02:53:36.187911,28/09/26,2:53:36
35719,0.1,35.719,100.7866961561074,12734945963,2026-09-28 02:54:11.906911,28/09/26,2:54:11
38681,0.09,38.681,93.06894857940591,12734984644,2026-09-28 02:54:50.587911,28/09/26,2:54:50
38740,0.09,38.74,92.92720702116675,12735023384,2026-09-28 02:55:29.327911,28/09/26,2:55:29
38705,0.09,38.705,93.01123885802868,12735062089,2026-09-28 02:56:08.032911,28/09/26,2:56:8
38550,0.09,38.55,93.3852140077821,12735100639,2026-09-28 02:56:46.582911,28/09/26,2:56:46
38591,0.09,38.591,93.28599932626778,12735139230,2026-09-28 02:57:25.173911,28/09/26,2:57:25
38685,0.09,38.685,93.05932531989143,12735177915,2026-09-28 02:58:03.858911,28/09/26,2:58:3
38495,0.09,38.495,93.51863878425769,12735216410,2026-09-28 02:58:42.353911,28/09/26,2:58:42
38696,0.09,38.696,93.03287161463717,12735255106,2026-09-28 02:59:21.049911,28/09/26,2:59:21
38477,0.09,38.477,93.56238792005614,12735293583,2026-09-28 02:59:59.526911,28/09/26,2:59:59
38593,0.09,38.593,93.28116497810484,12735332176,2026-09-28 03:00:38.119911,28/09/26,3:0:38
35262,0.1,35.262,102.09290454313425,12735367438,2026-09-28 03:01:13.381911,28/09/26,3:1:13
37404,0.1,37.404,96.24639076034649,12735404842,2026-09-28 03:01:50.785911,28/09/26,3:1:50
37459,0.1,37.459,96.10507488187085,12735442301,2026-09-28 03:02:28.244911,28/09/26,3:2:28
37072,0.1,37.072,97.10832973672852,12735479373,2026-09-28 03:03:05.316911,28/09/26,3:3:5
37277,0.1,37.277,96.57429514177643,12735516650,2026-09-28 03:03:42.593911,28/09/26,3:3:42
37416,0.1,37.416,96.21552277100706,12735554066,2026-09-28 03:04:20.009911,28/09/26,3:4:20
37385,0.1,37.385,96.29530560385182,12735591451,2026-09-28 03:04:57.394911,28/09/26,3:4:57
37203,0.1,37.203,96.76638980727361,12735628654,2026-09-28 03:05:34.597911,28/09/26,3:5:34
37169,0.1,37.169,96.85490597002878,12735665823,2026-09-28 03:06:11.766911,28/09/26,3:6:11
37337,0.1,37.337,96.4191016953692,12735703160,2026-09-28 03:06:49.103911,28/09/26,3:6:49
37301,0.1,37.301,96.51215785099595,12735740461,2026-09-28 03:07:26.404911,28/09/26,3:7:26
37274,0.1,37.274,96.58206792938778,12735777735,2026-09-28 03:08:03.678911,28/09/26,3:8:3
37378,0.1,37.378,96.31333939750655,12735815113,2026-09-28 03:08:41.056911,28/09/26,3:8:41
37469,0.1,37.469,96.0794256585444,12735852582,2026-09-28 03:09:18.525911,28/09/26,3:9:18
37620,0.09,37.62,95.69377990430623,12735890202,2026-09-28 03:09:56.145911,28/09/26,3:9:56
37495,0.1,37.495,96.01280170689425,12735927697,2026-09-28 03:10:33.640911,28/09/26,3:10:33
37418,0.1,37.418,96.21038003100112,12735965115,2026-09-28 03:11:11.058911,28/09/26,3:11:11
38214,0.09,38.214,94.20631182289213,12736003329,2026-09-28 03:11:49.272911,28/09/26,3:11:49
38314,0.09,38.314,93.9604322179882,12736041643,2026-09-28 03:12:27.586911,28/09/26,3:12:27
39402,0.09,39.402,91.36592051164915,12736081045,2026-09-28 03:13:06.988911,28/09/26,3:13:6
39567,0.09,39.567,90.98491166881492,12736120612,2026-09-28 03:13:46.555911,28/09/26,3:13:46
39529,0.09,39.529,91.07237724202484,12736160141,2026-09-28 03:14:26.084911,28/09/26,3:14:26
39870,0.09,39.87,90.29345372460497,12736200011,2026-09-28 03:15:05.954911,28/09/26,3:15:5
39579,0.09,39.579,90.95732585461987,12736239590,2026-09-28 03:15:45.533911,28/09/26,3:15:45
39725,0.09,39.725,90.62303335431089,12736279315,2026-09-28 03:16:25.258911,28/09/26,3:16:25
39697,0.09,39.697,90.68695367408117,12736319012,2026-09-28 03:17:04.955911,28/09/26,3:17:4
39798,0.09,39.798,90.45680687471732,12736358810,2026-09-28 03:17:44.753911,28/09/26,3:17:44
37918,0.09,37.918,94.94171633524975,12736396728,2026-09-28 03:18:22.671911,28/09/26,3:18:22
33883,0.11,33.883,106.24797095888793,12736430611,2026-09-28 03:18:56.554911,28/09/26,3:18:56
34671,0.1,34.671,103.83317469931643,12736465282,2026-09-28 03:19:31.225911,28/09/26,3:19:31
36004,0.1,36.004,99.98889012331963,12736501286,2026-09-28 03:20:07.229911,28/09/26,3:20:7
35941,0.1,35.941,100.164157925489,12736537227,2026-09-28 03:20:43.170911,28/09/26,3:20:43
35558,0.1,35.558,101.24303954103155,12736572785,2026-09-28 03:21:18.728911,28/09/26,3:21:18
35786,0.1,35.786,100.59799921757111,12736608571,2026-09-28 03:21:54.514911,28/09/26,3:21:54
35888,0.1,35.888,100.31208203299153,12736644459,2026-09-28 03:22:30.402911,28/09/26,3:22:30
36174,0.1,36.174,99.51899154088572,12736680633,2026-09-28 03:23:06.576911,28/09/26,3:23:6
35649,0.1,35.649,100.9845998485231,12736716282,2026-09-28 03:23:42.225911,28/09/26,3:23:42
35831,0.1,35.831,100.47165861963104,12736752113,2026-09-28 03:24:18.056911,28/09/26,3:24:18
35948,0.1,35.948,100.14465338822744,12736788061,2026-09-28 03:24:54.004911,28/09/26,3:24:54
35910,0.1,35.91,100.25062656641605,12736823971,2026-09-28 03:25:29.914911,28/09/26,3:25:29
36086,0.1,36.086,99.76168043008369,12736860057,2026-09-28 03:26:06.000911,28/09/26,3:26:6
35786,0.1,35.786,100.59799921757111,12736895843,2026-09-28 03:26:41.786911,28/09/26,3:26:41
36497,0.1,36.497,98.63824423925254,12736932340,2026-09-28 03:27:18.283911,28/09/26,3:27:18
36493,0.1,36.493,98.64905598333927,12736968833,2026-09-28 03:27:54.776911,28/09/26,3:27:54
36215,0.1,36.215,99.40632334667956,12737005048,2026-09-28 03:28:30.991911,28/09/26,3:28:30
35840,0.1,35.84,100.44642857142857,12737040888,2026-09-28 03:29:06.831911,28/09/26,3:29:6
35529,0.1,35.529,101.32567761546905,12737076417,2026-09-28 03:29:42.360911,28/09/26,3:29:42
35187,0.1,35.187,102.31051240514962,12737111604,2026-09-28 03:30:17.547911,28/09/26,3:30:17
35156,0.1,35.156,102.40072818295597,12737146760,2026-09-28 03:30:52.703911,28/09/26,3:30:52
35074,0.1,35.074,102.64013229172606,12737181834,2026-09-28 03:31:27.777911,28/09/26,3:31:27
22455,0.16,22.455,160.32064128256513,12737204289,2026-09-28 03:31:50.232911,28/09/26,3:31:50
19826,0.18,19.826,181.579743770806,12737224115,2026-09-28 03:32:10.058911,28/09/26,3:32:10
19590,0.18,19.59,183.76722817764164,12737243705,2026-09-28 03:32:29.648911,28/09/26,3:32:29
19850,0.18,19.85,181.36020151133502,12737263555,2026-09-28 03:32:49.498911,28/09/26,3:32:49
19745,0.18,19.745,182.3246391491517,12737283300,2026-09-28 03:33:09.243911,28/09/26,3:33:9
19964,0.18,19.964,180.32458425165296,12737303264,2026-09-28 03:33:29.207911,28/09/26,3:33:29
20318,0.18,20.318,177.1827935820455,12737323582,2026-09-28 03:33:49.525911,28/09/26,3:33:49
20413,0.18,20.413,176.3582031058639,12737343995,2026-09-28 03:34:09.938911,28/09/26,3:34:9
20340,0.18,20.34,176.99115044247787,12737364335,2026-09-28 03:34:30.278911,28/09/26,3:34:30
20491,0.17,20.491,175.68688692596749,12737384826,2026-09-28 03:34:50.769911,28/09/26,3:34:50
20449,0.18,20.449,176.04772849528095,12737405275,2026-09-28 03:35:11.218911,28/09/26,3:35:11
20352,0.18,20.352,176.88679245283018,12737425627,2026-09-28 03:35:31.570911,28/09/26,3:35:31
20584,0.17,20.584,174.89312087057908,12737446211,2026-09-28 03:35:52.154911,28/09/26,3:35:52
20914,0.17,20.914,172.13349909151765,12737467125,2026-09-28 03:36:13.068911,28/09/26,3:36:13
20392,0.18,20.392,176.53981953707336,12737487517,2026-09-28 03:36:33.460911,28/09/26,3:36:33
20894,0.17,20.894,172.29826744519957,12737508411,2026-09-28 03:36:54.354911,28/09/26,3:36:54
20784,0.17,20.784,173.21016166281754,12737529195,2026-09-28 03:37:15.138911,28/09/26,3:37:15
20962,0.17,20.962,171.73933784944185,12737550157,2026-09-28 03:37:36.100911,28/09/26,3:37:36
21102,0.17,21.102,170.5999431333523,12737571259,2026-09-28 03:37:57.202911,28/09/26,3:37:57
20823,0.17,20.823,172.885751332661,12737592082,2026-09-28 03:38:18.025911,28/09/26,3:38:18
20897,0.17,20.897,172.27353208594536,12737612979,2026-09-28 03:38:38.922911,28/09/26,3:38:38
21207,0.17,21.207,169.7552694864903,12737634186,2026-09-28 03:39:00.129911,28/09/26,3:39:0
21029,0.17,21.029,171.19216320319558,12737655215,2026-09-28 03:39:21.158911,28/09/26,3:39:21
33396,0.11,33.396,107.79734099892202,12737688611,2026-09-28 03:39:54.554911,28/09/26,3:39:54
35443,0.1,35.443,101.57153739807579,12737724054,2026-09-28 03:40:29.997911,28/09/26,3:40:29
35697,0.1,35.697,100.84881082443903,12737759751,2026-09-28 03:41:05.694911,28/09/26,3:41:5
35468,0.1,35.468,101.49994361114244,12737795219,2026-09-28 03:41:41.162911,28/09/26,3:41:41
36368,0.1,36.368,98.98812142542894,12737831587,2026-09-28 03:42:17.530911,28/09/26,3:42:17
36564,0.1,36.564,98.45749917952084,12737868151,2026-09-28 03:42:54.094911,28/09/26,3:42:54
36800,0.1,36.8,97.82608695652173,12737904951,2026-09-28 03:43:30.894911,28/09/26,3:43:30
36769,0.1,36.769,97.90856427969213,12737941720,2026-09-28 03:44:07.663911,28/09/26,3:44:7
36464,0.1,36.464,98.72751206669592,12737978184,2026-09-28 03:44:44.127911,28/09/26,3:44:44
36625,0.1,36.625,98.29351535836177,12738014809,2026-09-28 03:45:20.752911,28/09/26,3:45:20
37480,0.1,37.48,96.05122732123799,12738052289,2026-09-28 03:45:58.232911,28/09/26,3:45:58
36735,0.1,36.735,97.99918334013883,12738089024,2026-09-28 03:46:34.967911,28/09/26,3:46:34
36842,0.1,36.842,97.71456489875685,12738125866,2026-09-28 03:47:11.809911,28/09/26,3:47:11
37121,0.1,37.121,96.98014600899761,12738162987,2026-09-28 03:47:48.930911,28/09/26,3:47:48
36560,0.1,36.56,98.46827133479212,12738199547,2026-09-28 03:48:25.490911,28/09/26,3:48:25
36946,0.1,36.946,97.43950630650139,12738236493,2026-09-28 03:49:02.436911,28/09/26,3:49:2
37306,0.1,37.306,96.49922264515091,12738273799,2026-09-28 03:49:39.742911,28/09/26,3:49:39
37384,0.1,37.384,96.29788144660817,12738311183,2026-09-28 03:50:17.126911,28/09/26,3:50:17
36638,0.1,36.638,98.25863857197446,12738347821,2026-09-28 03:50:53.764911,28/09/26,3:50:53
37125,0.1,37.125,96.96969696969697,12738384946,2026-09-28 03:51:30.889911,28/09/26,3:51:30
36739,0.1,36.739,97.98851356868722,12738421685,2026-09-28 03:52:07.628911,28/09/26,3:52:7
36769,0.1,36.769,97.90856427969213,12738458454,2026-09-28 03:52:44.397911,28/09/26,3:52:44
36571,0.1,36.571,98.43865357797162,12738495025,2026-09-28 03:53:20.968911,28/09/26,3:53:20
35941,0.1,35.941,100.164157925489,12738530966,2026-09-28 03:53:56.909911,28/09/26,3:53:56
36180,0.1,36.18,99.50248756218906,12738567146,2026-09-28 03:54:33.089911,28/09/26,3:54:33
36026,0.1,36.026,99.92782990062733,12738603172,2026-09-28 03:55:09.115911,28/09/26,3:55:9
35776,0.1,35.776,100.62611806797854,12738638948,2026-09-28 03:55:44.891911,28/09/26,3:55:44
36243,0.1,36.243,99.32952570151477,12738675191,2026-09-28 03:56:21.134911,28/09/26,3:56:21
35485,0.1,35.485,101.45131745808088,12738710676,2026-09-28 03:56:56.619911,28/09/26,3:56:56
34741,0.1,34.741,103.6239601623442,12738745417,2026-09-28 03:57:31.360911,28/09/26,3:57:31
35819,0.1,35.819,100.50531840643234,12738781236,2026-09-28 03:58:07.179911,28/09/26,3:58:7
35664,0.1,35.664,100.9421265141319,12738816900,2026-09-28 03:58:42.843911,28/09/26,3:58:42
36162,0.1,36.162,99.55201592832255,12738853062,2026-09-28 03:59:19.005911,28/09/26,3:59:19
36694,0.1,36.694,98.10868261841173,12738889756,2026-09-28 03:59:55.699911,28/09/26,3:59:55
35550,0.1,35.55,101.26582278481013,12738925306,2026-09-28 04:00:31.249911,28/09/26,4:0:31
33262,0.11,33.262,108.23161565750706,12738958568,2026-09-28 04:01:04.511911,28/09/26,4:1:4
35085,0.1,35.085,102.60795211628901,12738993653,2026-09-28 04:01:39.596911,28/09/26,4:1:39
35033,0.1,35.033,102.76025461707533,12739028686,2026-09-28 04:02:14.629911,28/09/26,4:2:14
34693,0.1,34.693,103.7673305854207,12739063379,2026-09-28 04:02:49.322911,28/09/26,4:2:49
35200,0.1,35.2,102.27272727272727,12739098579,2026-09-28 04:03:24.522911,28/09/26,4:3:24
35359,0.1,35.359,101.8128340733618,12739133938,2026-09-28 04:03:59.881911,28/09/26,4:3:59
34582,0.1,34.582,104.10039905152969,12739168520,2026-09-28 04:04:34.463911,28/09/26,4:4:34
34857,0.1,34.857,103.27911179963853,12739203377,2026-09-28 04:05:09.320911,28/09/26,4:5:9
34828,0.1,34.828,103.36510853336397,12739238205,2026-09-28 04:05:44.148911,28/09/26,4:5:44
35013,0.1,35.013,102.81895296032901,12739273218,2026-09-28 04:06:19.161911,28/09/26,4:6:19
35077,0.1,35.077,102.63135387860991,12739308295,2026-09-28 04:06:54.238911,28/09/26,4:6:54
35233,0.1,35.233,102.1769363948571,12739343528,2026-09-28 04:07:29.471911,28/09/26,4:7:29
35407,0.1,35.407,101.6748100658062,12739378935,2026-09-28 04:08:04.878911,28/09/26,4:8:4
35390,0.1,35.39,101.7236507487991,12739414325,2026-09-28 04:08:40.268911,28/09/26,4:8:40
35640,0.1,35.64,101.01010101010101,12739449965,2026-09-28 04:09:15.908911,28/09/26,4:9:15
35582,0.1,35.582,101.17475127873644,12739485547,2026-09-28 04:09:51.490911,28/09/26,4:9:51
35510,0.1,35.51,101.37989298789074,12739521057,2026-09-28 04:10:27.000911,28/09/26,4:10:27
34871,0.1,34.871,103.23764732872587,12739555928,2026-09-28 04:11:01.871911,28/09/26,4:11:1
35391,0.1,35.391,101.72077646859371,12739591319,2026-09-28 04:11:37.262911,28/09/26,4:11:37
36506,0.1,36.506,98.61392647783926,12739627825,2026-09-28 04:12:13.768911,28/09/26,4:12:13
37244,0.1,37.244,96.65986467618946,12739665069,2026-09-28 04:12:51.012911,28/09/26,4:12:51
36674,0.1,36.674,98.16218574466924,12739701743,2026-09-28 04:13:27.686911,28/09/26,4:13:27
37011,0.1,37.011,97.26837967090864,12739738754,2026-09-28 04:14:04.697911,28/09/26,4:14:4
36601,0.1,36.601,98.35796836152018,12739775355,2026-09-28 04:14:41.298911,28/09/26,4:14:41
37003,0.1,37.003,97.28940896684053,12739812358,2026-09-28 04:15:18.301911,28/09/26,4:15:18
36870,0.1,36.87,97.64035801464605,12739849228,2026-09-28 04:15:55.171911,28/09/26,4:15:55
37105,0.1,37.105,97.02196469478507,12739886333,2026-09-28 04:16:32.276911,28/09/26,4:16:32
37375,0.1,37.375,96.32107023411372,12739923708,2026-09-28 04:17:09.651911,28/09/26,4:17:9
18339,0.2,18.339,196.30296090299362,12739942047,2026-09-28 04:17:27.990911,28/09/26,4:17:27
20126,0.18,20.126,178.8730994733181,12739962173,2026-09-28 04:17:48.116911,28/09/26,4:17:48
20170,0.18,20.17,178.48289538919187,12739982343,2026-09-28 04:18:08.286911,28/09/26,4:18:8
19371,0.19,19.371,185.84481957565433,12740001714,2026-09-28 04:18:27.657911,28/09/26,4:18:27
20084,0.18,20.084,179.24716191993627,12740021798,2026-09-28 04:18:47.741911,28/09/26,4:18:47
21064,0.17,21.064,170.90770983668818,12740042862,2026-09-28 04:19:08.805911,28/09/26,4:19:8
20843,0.17,20.843,172.71985798589455,12740063705,2026-09-28 04:19:29.648911,28/09/26,4:19:29
21192,0.17,21.192,169.8754246885617,12740084897,2026-09-28 04:19:50.840911,28/09/26,4:19:50
21156,0.17,21.156,170.16449234259784,12740106053,2026-09-28 04:20:11.996911,28/09/26,4:20:11
21373,0.17,21.373,168.43681280119776,12740127426,2026-09-28 04:20:33.369911,28/09/26,4:20:33
21575,0.17,21.575,166.8597914252607,12740149001,2026-09-28 04:20:54.944911,28/09/26,4:20:54
21539,0.17,21.539,167.13867867589025,12740170540,2026-09-28 04:21:16.483911,28/09/26,4:21:16
21577,0.17,21.577,166.84432497566854,12740192117,2026-09-28 04:21:38.060911,28/09/26,4:21:38
21707,0.17,21.707,165.84511908600913,12740213824,2026-09-28 04:21:59.767911,28/09/26,4:21:59
21740,0.17,21.74,165.5933762649494,12740235564,2026-09-28 04:22:21.507911,28/09/26,4:22:21
21875,0.16,21.875,164.57142857142858,12740257439,2026-09-28 04:22:43.382911,28/09/26,4:22:43
21939,0.16,21.939,164.09134418159442,12740279378,2026-09-28 04:23:05.321911,28/09/26,4:23:5
22089,0.16,22.089,162.97704739915795,12740301467,2026-09-28 04:23:27.410911,28/09/26,4:23:27
22158,0.16,22.158,162.46953696181967,12740323625,2026-09-28 04:23:49.568911,28/09/26,4:23:49
22126,0.16,22.126,162.70451053059747,12740345751,2026-09-28 04:24:11.694911,28/09/26,4:24:11
22188,0.16,22.188,162.24986479177934,12740367939,2026-09-28 04:24:33.882911,28/09/26,4:24:33
22235,0.16,22.235,161.90690353046998,12740390174,2026-09-28 04:24:56.117911,28/09/26,4:24:56
38026,0.09,38.026,94.6720664808289,12740428200,2026-09-28 04:25:34.143911,28/09/26,4:25:34
39133,0.09,39.133,91.99396928423582,12740467333,2026-09-28 04:26:13.276911,28/09/26,4:26:13
38761,0.09,38.761,92.87686076210625,12740506094,2026-09-28 04:26:52.037911,28/09/26,4:26:52
38857,0.09,38.857,92.64739943896852,12740544951,2026-09-28 04:27:30.894911,28/09/26,4:27:30
39078,0.09,39.078,92.12344541685859,12740584029,2026-09-28 04:28:09.972911,28/09/26,4:28:9
39272,0.09,39.272,91.6683642289672,12740623301,2026-09-28 04:28:49.244911,28/09/26,4:28:49
39149,0.09,39.149,91.95637181026335,12740662450,2026-09-28 04:29:28.393911,28/09/26,4:29:28
39286,0.09,39.286,91.63569719492949,12740701736,2026-09-28 04:30:07.679911,28/09/26,4:30:7
40006,0.09,40.006,89.98650202469629,12740741742,2026-09-28 04:30:47.685911,28/09/26,4:30:47
39711,0.09,39.711,90.65498224673264,12740781453,2026-09-28 04:31:27.396911,28/09/26,4:31:27
39868,0.09,39.868,90.29798334503863,12740821321,2026-09-28 04:32:07.264911,28/09/26,4:32:7
39807,0.09,39.807,90.43635541487679,12740861128,2026-09-28 04:32:47.071911,28/09/26,4:32:47
40056,0.09,40.056,89.87417615338526,12740901184,2026-09-28 04:33:27.127911,28/09/26,4:33:27
40028,0.09,40.028,89.9370440691516,12740941212,2026-09-28 04:34:07.155911,28/09/26,4:34:7
39907,0.09,39.907,90.20973764001303,12740981119,2026-09-28 04:34:47.062911,28/09/26,4:34:47
40020,0.09,40.02,89.95502248875562,12741021139,2026-09-28 04:35:27.082911,28/09/26,4:35:27
40174,0.09,40.174,89.61019564892716,12741061313,2026-09-28 04:36:07.256911,28/09/26,4:36:7
40001,0.09,40.001,89.99775005624859,12741101314,2026-09-28 04:36:47.257911,28/09/26,4:36:47
39768,0.09,39.768,90.52504526252262,12741141082,2026-09-28 04:37:27.025911,28/09/26,4:37:27
40046,0.09,40.046,89.89661888827848,12741181128,2026-09-28 04:38:07.071911,28/09/26,4:38:7
40171,0.09,40.171,89.61688780463518,12741221299,2026-09-28 04:38:47.242911,28/09/26,4:38:47
40135,0.09,40.135,89.69727170798555,12741261434,2026-09-28 04:39:27.377911,28/09/26,4:39:27
39783,0.09,39.783,90.49091320413241,12741301217,2026-09-28 04:40:07.160911,28/09/26,4:40:7
39902,0.09,39.902,90.22104155180192,12741341119,2026-09-28 04:40:47.062911,28/09/26,4:40:47
39988,0.09,39.988,90.02700810243073,12741381107,2026-09-28 04:41:27.050911,28/09/26,4:41:27
39873,0.09,39.873,90.28666014596344,12741420980,2026-09-28 04:42:06.923911,28/09/26,4:42:6
39864,0.09,39.864,90.30704394942805,12741460844,2026-09-28 04:42:46.787911,28/09/26,4:42:46
40154,0.09,40.154,89.6548289087015,12741500998,2026-09-28 04:43:26.941911,28/09/26,4:43:26
40212,0.09,40.212,89.52551477170994,12741541210,2026-09-28 04:44:07.153911,28/09/26,4:44:7
40129,0.09,40.129,89.71068304717286,12741581339,2026-09-28 04:44:47.282911,28/09/26,4:44:47
40006,0.09,40.006,89.98650202469629,12741621345,2026-09-28 04:45:27.288911,28/09/26,4:45:27
39897,0.09,39.897,90.23234829686443,12741661242,2026-09-28 04:46:07.185911,28/09/26,4:46:7
40095,0.09,40.095,89.78675645342312,12741701337,2026-09-28 04:46:47.280911,28/09/26,4:46:47
40114,0.09,40.114,89.74422894749962,12741741451,2026-09-28 04:47:27.394911,28/09/26,4:47:27
39536,0.09,39.536,91.05625252934034,12741780987,2026-09-28 04:48:06.930911,28/09/26,4:48:6
39892,0.09,39.892,90.24365787626591,12741820879,2026-09-28 04:48:46.822911,28/09/26,4:48:46
40164,0.09,40.164,89.63250672243801,12741861043,2026-09-28 04:49:26.986911,28/09/26,4:49:26
39858,0.09,39.858,90.32063826584374,12741900901,2026-09-28 04:50:06.844911,28/09/26,4:50:6
39901,0.09,39.901,90.22330267411844,12741940802,2026-09-28 04:50:46.745911,28/09/26,4:50:46
39797,0.09,39.797,90.45907983013795,12741980599,2026-09-28 04:51:26.542911,28/09/26,4:51:26
40162,0.09,40.162,89.63697027040486,12742020761,2026-09-28 04:52:06.704911,28/09/26,4:52:6
40181,0.09,40.181,89.59458450511436,12742060942,2026-09-28 04:52:46.885911,28/09/26,4:52:46
39895,0.09,39.895,90.23687178844467,12742100837,2026-09-28 04:53:26.780911,28/09/26,4:53:26
39588,0.09,39.588,90.93664746892998,12742140425,2026-09-28 04:54:06.368911,28/09/26,4:54:6
39370,0.09,39.37,91.44018288036575,12742179795,2026-09-28 04:54:45.738911,28/09/26,4:54:45
39422,0.09,39.422,91.31956775404596,12742219217,2026-09-28 04:55:25.160911,28/09/26,4:55:25
39442,0.09,39.442,91.27326200496933,12742258659,2026-09-28 04:56:04.602911,28/09/26,4:56:4
39107,0.09,39.107,92.05513079499833,12742297766,2026-09-28 04:56:43.709911,28/09/26,4:56:43
38917,0.09,38.917,92.50456098877098,12742336683,2026-09-28 04:57:22.626911,28/09/26,4:57:22
39258,0.09,39.258,91.70105456212747,12742375941,2026-09-28 04:58:01.884911,28/09/26,4:58:1
39401,0.09,39.401,91.36823938478719,12742415342,2026-09-28 04:58:41.285911,28/09/26,4:58:41
39377,0.09,39.377,91.423927673515,12742454719,2026-09-28 04:59:20.662911,28/09/26,4:59:20
39118,0.09,39.118,92.02924484891865,12742493837,2026-09-28 04:59:59.780911,28/09/26,4:59:59
38832,0.09,38.832,92.7070457354759,12742532669,2026-09-28 05:00:38.612911,28/09/26,5:0:38
37945,0.09,37.945,94.87415996837528,12742570614,2026-09-28 05:01:16.557911,28/09/26,5:1:16
38944,0.09,38.944,92.44042728019721,12742609558,2026-09-28 05:01:55.501911,28/09/26,5:1:55
39429,0.09,39.429,91.30335539831088,12742648987,2026-09-28 05:02:34.930911,28/09/26,5:2:34
39383,0.09,39.383,91.40999923825001,12742688370,2026-09-28 05:03:14.313911,28/09/26,5:3:14
25559,0.14,25.559,140.85058100864666,12742713929,2026-09-28 05:03:39.872911,28/09/26,5:3:39
20911,0.17,20.911,172.15819425182917,12742734840,2026-09-28 05:04:00.783911,28/09/26,5:4:0
20883,0.17,20.883,172.389024565436,12742755723,2026-09-28 05:04:21.666911,28/09/26,5:4:21
20868,0.17,20.868,172.51293847038528,12742776591,2026-09-28 05:04:42.534911,28/09/26,5:4:42
20930,0.17,20.93,172.00191113234592,12742797521,2026-09-28 05:05:03.464911,28/09/26,5:5:3
21189,0.17,21.189,169.8994761432819,12742818710,2026-09-28 05:05:24.653911,28/09/26,5:5:24
21321,0.17,21.321,168.84761502743774,12742840031,2026-09-28 05:05:45.974911,28/09/26,5:5:45
21424,0.17,21.424,168.03584764749814,12742861455,2026-09-28 05:06:07.398911,28/09/26,5:6:7
21609,0.17,21.609,166.5972511453561,12742883064,2026-09-28 05:06:29.007911,28/09/26,5:6:29
21664,0.17,21.664,166.17429837518463,12742904728,2026-09-28 05:06:50.671911,28/09/26,5:6:50
21745,0.17,21.745,165.55530006898138,12742926473,2026-09-28 05:07:12.416911,28/09/26,5:7:12
21853,0.16,21.853,164.73710703335925,12742948326,2026-09-28 05:07:34.269911,28/09/26,5:7:34
21854,0.16,21.854,164.7295689576279,12742970180,2026-09-28 05:07:56.123911,28/09/26,5:7:56
21796,0.17,21.796,165.16792071939807,12742991976,2026-09-28 05:08:17.919911,28/09/26,5:8:17
21936,0.16,21.936,164.11378555798686,12743013912,2026-09-28 05:08:39.855911,28/09/26,5:8:39
22073,0.16,22.073,163.09518416164545,12743035985,2026-09-28 05:09:01.928911,28/09/26,5:9:1
22141,0.16,22.141,162.59428210107944,12743058126,2026-09-28 05:09:24.069911,28/09/26,5:9:24
22254,0.16,22.254,161.76867080075493,12743080380,2026-09-28 05:09:46.323911,28/09/26,5:9:46
22306,0.16,22.306,161.3915538420156,12743102686,2026-09-28 05:10:08.629911,28/09/26,5:10:8
22412,0.16,22.412,160.62823487417455,12743125098,2026-09-28 05:10:31.041911,28/09/26,5:10:31
22334,0.16,22.334,161.18921823229158,12743147432,2026-09-28 05:10:53.375911,28/09/26,5:10:53
22534,0.16,22.534,159.75858702405253,12743169966,2026-09-28 05:11:15.909911,28/09/26,5:11:15
39385,0.09,39.385,91.40535736955694,12743209351,2026-09-28 05:11:55.294911,28/09/26,5:11:55
40436,0.09,40.436,89.02957760411515,12743249787,2026-09-28 05:12:35.730911,28/09/26,5:12:35
40087,0.09,40.087,89.80467483223988,12743289874,2026-09-28 05:13:15.817911,28/09/26,5:13:15
40353,0.09,40.353,89.21269794067355,12743330227,2026-09-28 05:13:56.170911,28/09/26,5:13:56
40552,0.09,40.552,88.77490629315447,12743370779,2026-09-28 05:14:36.722911,28/09/26,5:14:36
40613,0.09,40.613,88.64156797084678,12743411392,2026-09-28 05:15:17.335911,28/09/26,5:15:17
40468,0.09,40.468,88.95917762182465,12743451860,2026-09-28 05:15:57.803911,28/09/26,5:15:57
40080,0.09,40.08,89.82035928143712,12743491940,2026-09-28 05:16:37.883911,28/09/26,5:16:37
40193,0.09,40.193,89.56783519518324,12743532133,2026-09-28 05:17:18.076911,28/09/26,5:17:18
40636,0.09,40.636,88.59139679102275,12743572769,2026-09-28 05:17:58.712911,28/09/26,5:17:58
40481,0.09,40.481,88.930609421704,12743613250,2026-09-28 05:18:39.193911,28/09/26,5:18:39
39309,0.09,39.309,91.58208043959398,12743652559,2026-09-28 05:19:18.502911,28/09/26,5:19:18
34421,0.1,34.421,104.587315882746,12743686980,2026-09-28 05:19:52.923911,28/09/26,5:19:52
35816,0.1,35.816,100.51373687737325,12743722796,2026-09-28 05:20:28.739911,28/09/26,5:20:28
37188,0.1,37.188,96.8054211035818,12743759984,2026-09-28 05:21:05.927911,28/09/26,5:21:5
36457,0.1,36.457,98.74646844227446,12743796441,2026-09-28 05:21:42.384911,28/09/26,5:21:42
36948,0.1,36.948,97.4342318934719,12743833389,2026-09-28 05:22:19.332911,28/09/26,5:22:19
37171,0.1,37.171,96.84969465443491,12743870560,2026-09-28 05:22:56.503911,28/09/26,5:22:56
36912,0.1,36.912,97.52925877763329,12743907472,2026-09-28 05:23:33.415911,28/09/26,5:23:33
37039,0.1,37.039,97.19484867302033,12743944511,2026-09-28 05:24:10.454911,28/09/26,5:24:10
37193,0.1,37.193,96.79240717339285,12743981704,2026-09-28 05:24:47.647911,28/09/26,5:24:47
37068,0.1,37.068,97.11880867594691,12744018772,2026-09-28 05:25:24.715911,28/09/26,5:25:24
37464,0.1,37.464,96.09224855861628,12744056236,2026-09-28 05:26:02.179911,28/09/26,5:26:2
37507,0.09,37.507,95.98208334444237,12744093743,2026-09-28 05:26:39.686911,28/09/26,5:26:39
37602,0.09,37.602,95.73958831977022,12744131345,2026-09-28 05:27:17.288911,28/09/26,5:27:17
37750,0.09,37.75,95.36423841059603,12744169095,2026-09-28 05:27:55.038911,28/09/26,5:27:55
37805,0.09,37.805,95.225499272583,12744206900,2026-09-28 05:28:32.843911,28/09/26,5:28:32
37947,0.09,37.947,94.86915961736105,12744244847,2026-09-28 05:29:10.790911,28/09/26,5:29:10
37751,0.09,37.751,95.36171227252258,12744282598,2026-09-28 05:29:48.541911,28/09/26,5:29:48
37624,0.09,37.624,95.68360620880289,12744320222,2026-09-28 05:30:26.165911,28/09/26,5:30:26
37598,0.09,37.598,95.7497739241449,12744357820,2026-09-28 05:31:03.763911,28/09/26,5:31:3
37374,0.1,37.374,96.32364745545031,12744395194,2026-09-28 05:31:41.137911,28/09/26,5:31:41
37835,0.09,37.835,95.14999339236157,12744433029,2026-09-28 05:32:18.972911,28/09/26,5:32:18
37712,0.09,37.712,95.46033092914722,12744470741,2026-09-28 05:32:56.684911,28/09/26,5:32:56
37900,0.09,37.9,94.9868073878628,12744508641,2026-09-28 05:33:34.584911,28/09/26,5:33:34
38105,0.09,38.105,94.47579057866422,12744546746,2026-09-28 05:34:12.689911,28/09/26,5:34:12
37610,0.09,37.61,95.71922361074182,12744584356,2026-09-28 05:34:50.299911,28/09/26,5:34:50
37489,0.1,37.489,96.02816826269039,12744621845,2026-09-28 05:35:27.788911,28/09/26,5:35:27
37864,0.09,37.864,95.07711810690894,12744659709,2026-09-28 05:36:05.652911,28/09/26,5:36:5
37395,0.1,37.395,96.26955475330927,12744697104,2026-09-28 05:36:43.047911,28/09/26,5:36:43
37715,0.09,37.715,95.45273763754474,12744734819,2026-09-28 05:37:20.762911,28/09/26,5:37:20
37970,0.09,37.97,94.8116934421912,12744772789,2026-09-28 05:37:58.732911,28/09/26,5:37:58
37791,0.09,37.791,95.26077637532745,12744810580,2026-09-28 05:38:36.523911,28/09/26,5:38:36
37663,0.09,37.663,95.58452592730266,12744848243,2026-09-28 05:39:14.186911,28/09/26,5:39:14
37702,0.09,37.702,95.48565062861387,12744885945,2026-09-28 05:39:51.888911,28/09/26,5:39:51
37675,0.09,37.675,95.55408095554081,12744923620,2026-09-28 05:40:29.563911,28/09/26,5:40:29
37441,0.1,37.441,96.15127801073689,12744961061,2026-09-28 05:41:07.004911,28/09/26,5:41:7
37330,0.1,37.33,96.43718189124029,12744998391,2026-09-28 05:41:44.334911,28/09/26,5:41:44
37647,0.09,37.647,95.62514941429596,12745036038,2026-09-28 05:42:21.981911,28/09/26,5:42:21
37900,0.09,37.9,94.9868073878628,12745073938,2026-09-28 05:42:59.881911,28/09/26,5:42:59
37821,0.09,37.821,95.18521456333782,12745111759,2026-09-28 05:43:37.702911,28/09/26,5:43:37
38002,0.09,38.002,94.73185621809378,12745149761,2026-09-28 05:44:15.704911,28/09/26,5:44:15
37764,0.09,37.764,95.32888465204957,12745187525,2026-09-28 05:44:53.468911,28/09/26,5:44:53
37699,0.09,37.699,95.4932491578026,12745225224,2026-09-28 05:45:31.167911,28/09/26,5:45:31
37473,0.1,37.473,96.06916980225762,12745262697,2026-09-28 05:46:08.640911,28/09/26,5:46:8
37184,0.1,37.184,96.815834767642,12745299881,2026-09-28 05:46:45.824911,28/09/26,5:46:45
37490,0.1,37.49,96.0256068284876,12745337371,2026-09-28 05:47:23.314911,28/09/26,5:47:23
37749,0.09,37.749,95.36676468250815,12745375120,2026-09-28 05:48:01.063911,28/09/26,5:48:1
37632,0.09,37.632,95.66326530612245,12745412752,2026-09-28 05:48:38.695911,28/09/26,5:48:38
37767,0.09,37.767,95.32131225673207,12745450519,2026-09-28 05:49:16.462911,28/09/26,5:49:16
24896,0.14,24.896,144.60154241645245,12745475415,2026-09-28 05:49:41.358911,28/09/26,5:49:41
20468,0.17,20.468,175.88430721125658,12745495883,2026-09-28 05:50:01.826911,28/09/26,5:50:1
20353,0.18,20.353,176.87810150837714,12745516236,2026-09-28 05:50:22.179911,28/09/26,5:50:22
20418,0.18,20.418,176.31501616220982,12745536654,2026-09-28 05:50:42.597911,28/09/26,5:50:42
20465,0.17,20.465,175.9100903982409,12745557119,2026-09-28 05:51:03.062911,28/09/26,5:51:3
20652,0.17,20.652,174.31725740848344,12745577771,2026-09-28 05:51:23.714911,28/09/26,5:51:23
20969,0.17,20.969,171.68200677190137,12745598740,2026-09-28 05:51:44.683911,28/09/26,5:51:44
20970,0.17,20.97,171.67381974248926,12745619710,2026-09-28 05:52:05.653911,28/09/26,5:52:5
20985,0.17,20.985,171.55110793423873,12745640695,2026-09-28 05:52:26.638911,28/09/26,5:52:26
21155,0.17,21.155,170.17253604348855,12745661850,2026-09-28 05:52:47.793911,28/09/26,5:52:47
21185,0.17,21.185,169.9315553457635,12745683035,2026-09-28 05:53:08.978911,28/09/26,5:53:8
21274,0.17,21.274,169.22064491868008,12745704309,2026-09-28 05:53:30.252911,28/09/26,5:53:30
21431,0.17,21.431,167.98096215762214,12745725740,2026-09-28 05:53:51.683911,28/09/26,5:53:51
21337,0.17,21.337,168.72100107793972,12745747077,2026-09-28 05:54:13.020911,28/09/26,5:54:13
21241,0.17,21.241,169.48354597241183,12745768318,2026-09-28 05:54:34.261911,28/09/26,5:54:34
21476,0.17,21.476,167.62898118830321,12745789794,2026-09-28 05:54:55.737911,28/09/26,5:54:55
21541,0.17,21.541,167.12316048465718,12745811335,2026-09-28 05:55:17.278911,28/09/26,5:55:17
21521,0.17,21.521,167.278472189954,12745832856,2026-09-28 05:55:38.799911,28/09/26,5:55:38
21534,0.17,21.534,167.17748676511562,12745854390,2026-09-28 05:56:00.333911,28/09/26,5:56:0
21456,0.17,21.456,167.78523489932886,12745875846,2026-09-28 05:56:21.789911,28/09/26,5:56:21
21728,0.17,21.728,165.68483063328424,12745897574,2026-09-28 05:56:43.517911,28/09/26,5:56:43
21668,0.17,21.668,166.1436219309581,12745919242,2026-09-28 05:57:05.185911,28/09/26,5:57:5
30093,0.12,30.093,119.629149636128,12745949335,2026-09-28 05:57:35.278911,28/09/26,5:57:35
37445,0.1,37.445,96.14100680998799,12745986780,2026-09-28 05:58:12.723911,28/09/26,5:58:12
37217,0.1,37.217,96.72998898352903,12746023997,2026-09-28 05:58:49.940911,28/09/26,5:58:49
37224,0.1,37.224,96.71179883945841,12746061221,2026-09-28 05:59:27.164911,28/09/26,5:59:27
37032,0.1,37.032,97.21322099805573,12746098253,2026-09-28 06:00:04.196911,28/09/26,6:0:4
36654,0.1,36.654,98.21574725814372,12746134907,2026-09-28 06:00:40.850911,28/09/26,6:0:40
35797,0.1,35.797,100.56708662737101,12746170704,2026-09-28 06:01:16.647911,28/09/26,6:1:16
36291,0.1,36.291,99.19814830123171,12746206995,2026-09-28 06:01:52.938911,28/09/26,6:1:52
36704,0.1,36.704,98.0819529206626,12746243699,2026-09-28 06:02:29.642911,28/09/26,6:2:29
37339,0.1,37.339,96.41393717025095,12746281038,2026-09-28 06:03:06.981911,28/09/26,6:3:6
37100,0.1,37.1,97.03504043126685,12746318138,2026-09-28 06:03:44.081911,28/09/26,6:3:44
37190,0.1,37.19,96.80021511158914,12746355328,2026-09-28 06:04:21.271911,28/09/26,6:4:21
37173,0.1,37.173,96.84448389960455,12746392501,2026-09-28 06:04:58.444911,28/09/26,6:4:58
36980,0.1,36.98,97.3499188750676,12746429481,2026-09-28 06:05:35.424911,28/09/26,6:5:35
36842,0.1,36.842,97.71456489875685,12746466323,2026-09-28 06:06:12.266911,28/09/26,6:6:12
36704,0.1,36.704,98.0819529206626,12746503027,2026-09-28 06:06:48.970911,28/09/26,6:6:48
36751,0.1,36.751,97.95651818998122,12746539778,2026-09-28 06:07:25.721911,28/09/26,6:7:25
37039,0.1,37.039,97.19484867302033,12746576817,2026-09-28 06:08:02.760911,28/09/26,6:8:2
37004,0.1,37.004,97.28677980758837,12746613821,2026-09-28 06:08:39.764911,28/09/26,6:8:39
36977,0.1,36.977,97.35781702139168,12746650798,2026-09-28 06:09:16.741911,28/09/26,6:9:16
36923,0.1,36.923,97.50020312542318,12746687721,2026-09-28 06:09:53.664911,28/09/26,6:9:53
36985,0.1,36.985,97.336758145194,12746724706,2026-09-28 06:10:30.649911,28/09/26,6:10:30
36857,0.1,36.857,97.6747971891364,12746761563,2026-09-28 06:11:07.506911,28/09/26,6:11:7
37646,0.09,37.646,95.627689528768,12746799209,2026-09-28 06:11:45.152911,28/09/26,6:11:45
37698,0.09,37.698,95.49578226961643,12746836907,2026-09-28 06:12:22.850911,28/09/26,6:12:22
37861,0.09,37.861,95.08465175246296,12746874768,2026-09-28 06:13:00.711911,28/09/26,6:13:0
37104,0.1,37.104,97.02457956015525,12746911872,2026-09-28 06:13:37.815911,28/09/26,6:13:37
36869,0.1,36.869,97.64300631967235,12746948741,2026-09-28 06:14:14.684911,28/09/26,6:14:14
37416,0.1,37.416,96.21552277100706,12746986157,2026-09-28 06:14:52.100911,28/09/26,6:14:52
37623,0.09,37.623,95.68614942987003,12747023780,2026-09-28 06:15:29.723911,28/09/26,6:15:29
37768,0.09,37.768,95.31878839228978,12747061548,2026-09-28 06:16:07.491911,28/09/26,6:16:7
37500,0.1,37.5,96.0,12747099048,2026-09-28 06:16:44.991911,28/09/26,6:16:44
37481,0.1,37.481,96.04866465675943,12747136529,2026-09-28 06:17:22.472911,28/09/26,6:17:22
37590,0.09,37.59,95.77015163607342,12747174119,2026-09-28 06:18:00.062911,28/09/26,6:18:0
37578,0.09,37.578,95.80073447229762,12747211697,2026-09-28 06:18:37.640911,28/09/26,6:18:37
37935,0.09,37.935,94.89916963226572,12747249632,2026-09-28 06:19:15.575911,28/09/26,6:19:15
35622,0.1,35.622,101.0611419909045,12747285254,2026-09-28 06:19:51.197911,28/09/26,6:19:51
38983,0.09,38.983,92.34794654079984,12747324237,2026-09-28 06:20:30.180911,28/09/26,6:20:30
39134,0.09,39.134,91.99161854142179,12747363371,2026-09-28 06:21:09.314911,28/09/26,6:21:9
39435,0.09,39.435,91.2894636744009,12747402806,2026-09-28 06:21:48.749911,28/09/26,6:21:48
38679,0.09,38.679,93.07376095555728,12747441485,2026-09-28 06:22:27.428911,28/09/26,6:22:27
39030,0.09,39.03,92.23674096848578,12747480515,2026-09-28 06:23:06.458911,28/09/26,6:23:6
39058,0.09,39.058,92.17061805519995,12747519573,2026-09-28 06:23:45.516911,28/09/26,6:23:45
39179,0.09,39.179,91.88595931493913,12747558752,2026-09-28 06:24:24.695911,28/09/26,6:24:24
39257,0.09,39.257,91.70339047813128,12747598009,2026-09-28 06:25:03.952911,28/09/26,6:25:3
39451,0.09,39.451,91.25243973536793,12747637460,2026-09-28 06:25:43.403911,28/09/26,6:25:43
39518,0.09,39.518,91.09772761779442,12747676978,2026-09-28 06:26:22.921911,28/09/26,6:26:22
39189,0.09,39.189,91.86251243971523,12747716167,2026-09-28 06:27:02.110911,28/09/26,6:27:2
39079,0.09,39.079,92.12108805240666,12747755246,2026-09-28 06:27:41.189911,28/09/26,6:27:41
39370,0.09,39.37,91.44018288036575,12747794616,2026-09-28 06:28:20.559911,28/09/26,6:28:20
39383,0.09,39.383,91.40999923825001,12747833999,2026-09-28 06:28:59.942911,28/09/26,6:28:59
39408,0.09,39.408,91.35200974421437,12747873407,2026-09-28 06:29:39.350911,28/09/26,6:29:39
39295,0.09,39.295,91.61470925054078,12747912702,2026-09-28 06:30:18.645911,28/09/26,6:30:18
39092,0.09,39.092,92.09045328967564,12747951794,2026-09-28 06:30:57.737911,28/09/26,6:30:57
39589,0.09,39.589,90.93435045088282,12747991383,2026-09-28 06:31:37.326911,28/09/26,6:31:37
40031,0.09,40.031,89.93030401438885,12748031414,2026-09-28 06:32:17.357911,28/09/26,6:32:17
40275,0.09,40.275,89.3854748603352,12748071689,2026-09-28 06:32:57.632911,28/09/26,6:32:57
40204,0.09,40.204,89.54332902198786,12748111893,2026-09-28 06:33:37.836911,28/09/26,6:33:37
40164,0.09,40.164,89.63250672243801,12748152057,2026-09-28 06:34:18.000911,28/09/26,6:34:18
40021,0.09,40.021,89.95277479323356,12748192078,2026-09-28 06:34:58.021911,28/09/26,6:34:58
32738,0.11,32.738,109.96395625878185,12748224816,2026-09-28 06:35:30.759911,28/09/26,6:35:30
21310,0.17,21.31,168.9347724073205,12748246126,2026-09-28 06:35:52.069911,28/09/26,6:35:52
21181,0.17,21.181,169.96364666446343,12748267307,2026-09-28 06:36:13.250911,28/09/26,6:36:13
21069,0.17,21.069,170.86715079026058,12748288376,2026-09-28 06:36:34.319911,28/09/26,6:36:34
21072,0.17,21.072,170.84282460136674,12748309448,2026-09-28 06:36:55.391911,28/09/26,6:36:55
21299,0.17,21.299,169.02201981313678,12748330747,2026-09-28 06:37:16.690911,28/09/26,6:37:16
21435,0.17,21.435,167.94961511546535,12748352182,2026-09-28 06:37:38.125911,28/09/26,6:37:38
21547,0.17,21.547,167.07662319580453,12748373729,2026-09-28 06:37:59.672911,28/09/26,6:37:59
21738,0.17,21.738,165.60861164780567,12748395467,2026-09-28 06:38:21.410911,28/09/26,6:38:21
21834,0.16,21.834,164.88046166529267,12748417301,2026-09-28 06:38:43.244911,28/09/26,6:38:43
21993,0.16,21.993,163.6884463238303,12748439294,2026-09-28 06:39:05.237911,28/09/26,6:39:5
22029,0.16,22.029,163.42094511779928,12748461323,2026-09-28 06:39:27.266911,28/09/26,6:39:27
22127,0.16,22.127,162.6971573191124,12748483450,2026-09-28 06:39:49.393911,28/09/26,6:39:49
22179,0.16,22.179,162.3157040443663,12748505629,2026-09-28 06:40:11.572911,28/09/26,6:40:11
22273,0.16,22.273,161.63067391011538,12748527902,2026-09-28 06:40:33.845911,28/09/26,6:40:33
22302,0.16,22.302,161.42050040355124,12748550204,2026-09-28 06:40:56.147911,28/09/26,6:40:56
22322,0.16,22.322,161.27587133769376,12748572526,2026-09-28 06:41:18.469911,28/09/26,6:41:18
22493,0.16,22.493,160.04979326901702,12748595019,2026-09-28 06:41:40.962911,28/09/26,6:41:40
22521,0.16,22.521,159.85080591447982,12748617540,2026-09-28 06:42:03.483911,28/09/26,6:42:3
22630,0.16,22.63,159.0808661069377,12748640170,2026-09-28 06:42:26.113911,28/09/26,6:42:26
22681,0.16,22.681,158.72316035448173,12748662851,2026-09-28 06:42:48.794911,28/09/26,6:42:48
22781,0.16,22.781,158.02642553004696,12748685632,2026-09-28 06:43:11.575911,28/09/26,6:43:11
39421,0.09,39.421,91.32188427487887,12748725053,2026-09-28 06:43:50.996911,28/09/26,6:43:50
39509,0.09,39.509,91.11847933382268,12748764562,2026-09-28 06:44:30.505911,28/09/26,6:44:30
39918,0.09,39.918,90.184879001954,12748804480,2026-09-28 06:45:10.423911,28/09/26,6:45:10
40198,0.09,40.198,89.55669436290363,12748844678,2026-09-28 06:45:50.621911,28/09/26,6:45:50
40130,0.09,40.13,89.7084475454772,12748884808,2026-09-28 06:46:30.751911,28/09/26,6:46:30
40123,0.09,40.123,89.72409839742791,12748924931,2026-09-28 06:47:10.874911,28/09/26,6:47:10
40391,0.09,40.391,89.12876630932634,12748965322,2026-09-28 06:47:51.265911,28/09/26,6:47:51
40064,0.09,40.064,89.85623003194888,12749005386,2026-09-28 06:48:31.329911,28/09/26,6:48:31
40164,0.09,40.164,89.63250672243801,12749045550,2026-09-28 06:49:11.493911,28/09/26,6:49:11
40443,0.09,40.443,89.01416808842075,12749085993,2026-09-28 06:49:51.936911,28/09/26,6:49:51
40287,0.09,40.287,89.35885024946012,12749126280,2026-09-28 06:50:32.223911,28/09/26,6:50:32
39748,0.09,39.748,90.5705947469055,12749166028,2026-09-28 06:51:11.971911,28/09/26,6:51:11
40366,0.09,40.366,89.18396670465243,12749206394,2026-09-28 06:51:52.337911,28/09/26,6:51:52
40439,0.09,40.439,89.02297287272188,12749246833,2026-09-28 06:52:32.776911,28/09/26,6:52:32
40227,0.09,40.227,89.49213215004848,12749287060,2026-09-28 06:53:13.003911,28/09/26,6:53:13
39972,0.09,39.972,90.06304413089163,12749327032,2026-09-28 06:53:52.975911,28/09/26,6:53:52
39996,0.09,39.996,90.00900090009002,12749367028,2026-09-28 06:54:32.971911,28/09/26,6:54:32
39552,0.09,39.552,91.01941747572816,12749406580,2026-09-28 06:55:12.523911,28/09/26,6:55:12
39440,0.09,39.44,91.27789046653145,12749446020,2026-09-28 06:55:51.963911,28/09/26,6:55:51
39363,0.09,39.363,91.45644386860758,12749485383,2026-09-28 06:56:31.326911,28/09/26,6:56:31
39265,0.09,39.265,91.68470648159939,12749524648,2026-09-28 06:57:10.591911,28/09/26,6:57:10
38279,0.09,38.279,94.046343948379,12749562927,2026-09-28 06:57:48.870911,28/09/26,6:57:48
38638,0.09,38.638,93.17252445778767,12749601565,2026-09-28 06:58:27.508911,28/09/26,6:58:27
38393,0.09,38.393,93.76709295965411,12749639958,2026-09-28 06:59:05.901911,28/09/26,6:59:5
38676,0.09,38.676,93.08098045299411,12749678634,2026-09-28 06:59:44.577911,28/09/26,6:59:44
38552,0.09,38.552,93.38036937123884,12749717186,2026-09-28 07:00:23.129911,28/09/26,7:0:23
38149,0.09,38.149,94.36682481847492,12749755335,2026-09-28 07:01:01.278911,28/09/26,7:1:1
38497,0.09,38.497,93.5137802945684,12749793832,2026-09-28 07:01:39.775911,28/09/26,7:1:39
38713,0.09,38.713,92.99201818510578,12749832545,2026-09-28 07:02:18.488911,28/09/26,7:2:18
39515,0.09,39.515,91.10464380614957,12749872060,2026-09-28 07:02:58.003911,28/09/26,7:2:58
39425,0.09,39.425,91.3126188966392,12749911485,2026-09-28 07:03:37.428911,28/09/26,7:3:37
39474,0.09,39.474,91.19927040583676,12749950959,2026-09-28 07:04:16.902911,28/09/26,7:4:16
39528,0.09,39.528,91.07468123861567,12749990487,2026-09-28 07:04:56.430911,28/09/26,7:4:56
39403,0.09,39.403,91.36360175621145,12750029890,2026-09-28 07:05:35.833911,28/09/26,7:5:35
38659,0.09,38.659,93.12191210326185,12750068549,2026-09-28 07:06:14.492911,28/09/26,7:6:14
38873,0.09,38.873,92.60926607156638,12750107422,2026-09-28 07:06:53.365911,28/09/26,7:6:53
39078,0.09,39.078,92.12344541685859,12750146500,2026-09-28 07:07:32.443911,28/09/26,7:7:32
38920,0.09,38.92,92.49743062692703,12750185420,2026-09-28 07:08:11.363911,28/09/26,7:8:11
38798,0.09,38.798,92.78828805608536,12750224218,2026-09-28 07:08:50.161911,28/09/26,7:8:50
39088,0.09,39.088,92.09987720016373,12750263306,2026-09-28 07:09:29.249911,28/09/26,7:9:29
39182,0.09,39.182,91.87892399571231,12750302488,2026-09-28 07:10:08.431911,28/09/26,7:10:8
39103,0.09,39.103,92.06454747717567,12750341591,2026-09-28 07:10:47.534911,28/09/26,7:10:47
38419,0.09,38.419,93.70363622166116,12750380010,2026-09-28 07:11:25.953911,28/09/26,7:11:25
38906,0.09,38.906,92.53071505680357,12750418916,2026-09-28 07:12:04.859911,28/09/26,7:12:4
38936,0.09,38.936,92.45942058763099,12750457852,2026-09-28 07:12:43.795911,28/09/26,7:12:43
39204,0.09,39.204,91.82736455463728,12750497056,2026-09-28 07:13:22.999911,28/09/26,7:13:22
39125,0.09,39.125,92.01277955271566,12750536181,2026-09-28 07:14:02.124911,28/09/26,7:14:2
39088,0.09,39.088,92.09987720016373,12750575269,2026-09-28 07:14:41.212911,28/09/26,7:14:41
39183,0.09,39.183,91.87657912870378,12750614452,2026-09-28 07:15:20.395911,28/09/26,7:15:20
39308,0.09,39.308,91.58441029815813,12750653760,2026-09-28 07:15:59.703911,28/09/26,7:15:59
39247,0.09,39.247,91.72675618518613,12750693007,2026-09-28 07:16:38.950911,28/09/26,7:16:38
39403,0.09,39.403,91.36360175621145,12750732410,2026-09-28 07:17:18.353911,28/09/26,7:17:18
39351,0.09,39.351,91.48433330792102,12750771761,2026-09-28 07:17:57.704911,28/09/26,7:17:57
39397,0.09,39.397,91.37751605452192,12750811158,2026-09-28 07:18:37.101911,28/09/26,7:18:37
39466,0.09,39.466,91.21775705670704,12750850624,2026-09-28 07:19:16.567911,28/09/26,7:19:16
39208,0.09,39.208,91.81799632728014,12750889832,2026-09-28 07:19:55.775911,28/09/26,7:19:55
37442,0.1,37.442,96.14871000480744,12750927274,2026-09-28 07:20:33.217911,28/09/26,7:20:33
34148,0.1,34.148,105.42345086095818,12750961422,2026-09-28 07:21:07.365911,28/09/26,7:21:7
20886,0.17,20.886,172.36426314277506,12750982308,2026-09-28 07:21:28.251911,28/09/26,7:21:28
20521,0.17,20.521,175.43004726865163,12751002829,2026-09-28 07:21:48.772911,28/09/26,7:21:48
20475,0.17,20.475,175.82417582417582,12751023304,2026-09-28 07:22:09.247911,28/09/26,7:22:9
20091,0.18,20.091,179.1847095714499,12751043395,2026-09-28 07:22:29.338911,28/09/26,7:22:29
20432,0.18,20.432,176.19420516836334,12751063827,2026-09-28 07:22:49.770911,28/09/26,7:22:49
20757,0.17,20.757,173.43546755311462,12751084584,2026-09-28 07:23:10.527911,28/09/26,7:23:10
20592,0.17,20.592,174.82517482517483,12751105176,2026-09-28 07:23:31.119911,28/09/26,7:23:31
20924,0.17,20.924,172.05123303383675,12751126100,2026-09-28 07:23:52.043911,28/09/26,7:23:52
21007,0.17,21.007,171.37144761270054,12751147107,2026-09-28 07:24:13.050911,28/09/26,7:24:13
20977,0.17,20.977,171.61653239262048,12751168084,2026-09-28 07:24:34.027911,28/09/26,7:24:34
21177,0.17,21.177,169.99575010624736,12751189261,2026-09-28 07:24:55.204911,28/09/26,7:24:55
21365,0.17,21.365,168.49988298619238,12751210626,2026-09-28 07:25:16.569911,28/09/26,7:25:16
21212,0.17,21.212,169.7152555157458,12751231838,2026-09-28 07:25:37.781911,28/09/26,7:25:37
21488,0.17,21.488,167.53536857781086,12751253326,2026-09-28 07:25:59.269911,28/09/26,7:25:59
21532,0.17,21.532,167.19301504737135,12751274858,2026-09-28 07:26:20.801911,28/09/26,7:26:20
21167,0.17,21.167,170.07606179430246,12751296025,2026-09-28 07:26:41.968911,28/09/26,7:26:41
21655,0.17,21.655,166.2433618102055,12751317680,2026-09-28 07:27:03.623911,28/09/26,7:27:3
21572,0.17,21.572,166.8829964769145,12751339252,2026-09-28 07:27:25.195911,28/09/26,7:27:25
21738,0.17,21.738,165.60861164780567,12751360990,2026-09-28 07:27:46.933911,28/09/26,7:27:46
21874,0.16,21.874,164.5789521806711,12751382864,2026-09-28 07:28:08.807911,28/09/26,7:28:8
21708,0.17,21.708,165.8374792703151,12751404572,2026-09-28 07:28:30.515911,28/09/26,7:28:30
21979,0.16,21.979,163.7927112243505,12751426551,2026-09-28 07:28:52.494911,28/09/26,7:28:52
32205,0.11,32.205,111.78388448998602,12751458756,2026-09-28 07:29:24.699911,28/09/26,7:29:24
37672,0.09,37.672,95.56169038012317,12751496428,2026-09-28 07:30:02.371911,28/09/26,7:30:2
37234,0.1,37.234,96.68582478379976,12751533662,2026-09-28 07:30:39.605911,28/09/26,7:30:39
37592,0.09,37.592,95.76505639497765,12751571254,2026-09-28 07:31:17.197911,28/09/26,7:31:17
37622,0.09,37.622,95.68869278613577,12751608876,2026-09-28 07:31:54.819911,28/09/26,7:31:54
37542,0.09,37.542,95.8926002876778,12751646418,2026-09-28 07:32:32.361911,28/09/26,7:32:32
37688,0.09,37.688,95.5211207811505,12751684106,2026-09-28 07:33:10.049911,28/09/26,7:33:10
37792,0.09,37.792,95.25825571549534,12751721898,2026-09-28 07:33:47.841911,28/09/26,7:33:47
37694,0.09,37.694,95.50591606091155,12751759592,2026-09-28 07:34:25.535911,28/09/26,7:34:25
37498,0.1,37.498,96.00512027308123,12751797090,2026-09-28 07:35:03.033911,28/09/26,7:35:3
37214,0.1,37.214,96.73778685440963,12751834304,2026-09-28 07:35:40.247911,28/09/26,7:35:40
37924,0.09,37.924,94.92669549625568,12751872228,2026-09-28 07:36:18.171911,28/09/26,7:36:18
37823,0.09,37.823,95.1801813711234,12751910051,2026-09-28 07:36:55.994911,28/09/26,7:36:55
37762,0.09,37.762,95.33393358402627,12751947813,2026-09-28 07:37:33.756911,28/09/26,7:37:33
38045,0.09,38.045,94.62478643711394,12751985858,2026-09-28 07:38:11.801911,28/09/26,7:38:11
37422,0.1,37.422,96.2000962000962,12752023280,2026-09-28 07:38:49.223911,28/09/26,7:38:49
37103,0.1,37.103,97.0271945664771,12752060383,2026-09-28 07:39:26.326911,28/09/26,7:39:26
37760,0.09,37.76,95.33898305084746,12752098143,2026-09-28 07:40:04.086911,28/09/26,7:40:4
37324,0.1,37.324,96.45268459972137,12752135467,2026-09-28 07:40:41.410911,28/09/26,7:40:41
37756,0.09,37.756,95.34908358936327,12752173223,2026-09-28 07:41:19.166911,28/09/26,7:41:19
38007,0.09,38.007,94.71939379587971,12752211230,2026-09-28 07:41:57.173911,28/09/26,7:41:57
37991,0.09,37.991,94.75928509383802,12752249221,2026-09-28 07:42:35.164911,28/09/26,7:42:35
38287,0.09,38.287,94.02669313343955,12752287508,2026-09-28 07:43:13.451911,28/09/26,7:43:13
37966,0.09,37.966,94.82168255807828,12752325474,2026-09-28 07:43:51.417911,28/09/26,7:43:51
37555,0.09,37.555,95.85940620423379,12752363029,2026-09-28 07:44:28.972911,28/09/26,7:44:28
38191,0.09,38.191,94.2630462674452,12752401220,2026-09-28 07:45:07.163911,28/09/26,7:45:7
37473,0.1,37.473,96.06916980225762,12752438693,2026-09-28 07:45:44.636911,28/09/26,7:45:44
37958,0.09,37.958,94.84166710574846,12752476651,2026-09-28 07:46:22.594911,28/09/26,7:46:22
38020,0.09,38.02,94.68700683850605,12752514671,2026-09-28 07:47:00.614911,28/09/26,7:47:0
38174,0.09,38.174,94.30502436213129,12752552845,2026-09-28 07:47:38.788911,28/09/26,7:47:38
38460,0.09,38.46,93.60374414976599,12752591305,2026-09-28 07:48:17.248911,28/09/26,7:48:17
38204,0.09,38.204,94.23097057899696,12752629509,2026-09-28 07:48:55.452911,28/09/26,7:48:55
37975,0.09,37.975,94.79921000658328,12752667484,2026-09-28 07:49:33.427911,28/09/26,7:49:33
38264,0.09,38.264,94.08321137361489,12752705748,2026-09-28 07:50:11.691911,28/09/26,7:50:11
37460,0.1,37.46,96.10250934329952,12752743208,2026-09-28 07:50:49.151911,28/09/26,7:50:49
37899,0.09,37.899,94.9893137022085,12752781107,2026-09-28 07:51:27.050911,28/09/26,7:51:27
38067,0.09,38.067,94.57010008668925,12752819174,2026-09-28 07:52:05.117911,28/09/26,7:52:5
37828,0.09,37.828,95.16760071904409,12752857002,2026-09-28 07:52:42.945911,28/09/26,7:52:42
38132,0.09,38.132,94.40889541592364,12752895134,2026-09-28 07:53:21.077911,28/09/26,7:53:21
38167,0.09,38.167,94.3223203290801,12752933301,2026-09-28 07:53:59.244911,28/09/26,7:53:59
38038,0.09,38.038,94.6421999053578,12752971339,2026-09-28 07:54:37.282911,28/09/26,7:54:37
37817,0.09,37.817,95.19528254488722,12753009156,2026-09-28 07:55:15.099911,28/09/26,7:55:15
37119,0.1,37.119,96.98537137315121,12753046275,2026-09-28 07:55:52.218911,28/09/26,7:55:52
37264,0.1,37.264,96.6079862601975,12753083539,2026-09-28 07:56:29.482911,28/09/26,7:56:29
37555,0.09,37.555,95.85940620423379,12753121094,2026-09-28 07:57:07.037911,28/09/26,7:57:7
37187,0.1,37.187,96.80802430957056,12753158281,2026-09-28 07:57:44.224911,28/09/26,7:57:44
37685,0.09,37.685,95.5287249568794,12753195966,2026-09-28 07:58:21.909911,28/09/26,7:58:21
37617,0.09,37.617,95.70141159582104,12753233583,2026-09-28 07:58:59.526911,28/09/26,7:58:59
37281,0.1,37.281,96.56393337088598,12753270864,2026-09-28 07:59:36.807911,28/09/26,7:59:36
37685,0.09,37.685,95.5287249568794,12753308549,2026-09-28 08:00:14.492911,28/09/26,8:0:14
35407,0.1,35.407,101.6748100658062,12753343956,2026-09-28 08:00:49.899911,28/09/26,8:0:49
34741,0.1,34.741,103.6239601623442,12753378697,2026-09-28 08:01:24.640911,28/09/26,8:1:24
35122,0.1,35.122,102.49985763908661,12753413819,2026-09-28 08:01:59.762911,28/09/26,8:1:59
35000,0.1,35.0,102.85714285714286,12753448819,2026-09-28 08:02:34.762911,28/09/26,8:2:34
35468,0.1,35.468,101.49994361114244,12753484287,2026-09-28 08:03:10.230911,28/09/26,8:3:10
35867,0.1,35.867,100.37081439763571,12753520154,2026-09-28 08:03:46.097911,28/09/26,8:3:46
36321,0.1,36.321,99.11621376063434,12753556475,2026-09-28 08:04:22.418911,28/09/26,8:4:22
36140,0.1,36.14,99.61261759822911,12753592615,2026-09-28 08:04:58.558911,28/09/26,8:4:58
35983,0.1,35.983,100.04724453214018,12753628598,2026-09-28 08:05:34.541911,28/09/26,8:5:34
36286,0.1,36.286,99.2118172297856,12753664884,2026-09-28 08:06:10.827911,28/09/26,8:6:10
35871,0.1,35.871,100.35962197875722,12753700755,2026-09-28 08:06:46.698911,28/09/26,8:6:46
35869,0.1,35.869,100.36521787616047,12753736624,2026-09-28 08:07:22.567911,28/09/26,8:7:22
21227,0.17,21.227,169.59532670655298,12753757851,2026-09-28 08:07:43.794911,28/09/26,8:7:43
19883,0.18,19.883,181.0591962983453,12753777734,2026-09-28 08:08:03.677911,28/09/26,8:8:3
19906,0.18,19.906,180.84999497638904,12753797640,2026-09-28 08:08:23.583911,28/09/26,8:8:23
19881,0.18,19.881,181.07741059302853,12753817521,2026-09-28 08:08:43.464911,28/09/26,8:8:43
20201,0.18,20.201,178.20899955447751,12753837722,2026-09-28 08:09:03.665911,28/09/26,8:9:3
20325,0.18,20.325,177.12177121771217,12753858047,2026-09-28 08:09:23.990911,28/09/26,8:9:23
20396,0.18,20.396,176.5051970974701,12753878443,2026-09-28 08:09:44.386911,28/09/26,8:9:44
20649,0.17,20.649,174.34258317594072,12753899092,2026-09-28 08:10:05.035911,28/09/26,8:10:5
20597,0.17,20.597,174.78273534980823,12753919689,2026-09-28 08:10:25.632911,28/09/26,8:10:25
20648,0.17,20.648,174.35102673382409,12753940337,2026-09-28 08:10:46.280911,28/09/26,8:10:46
20861,0.17,20.861,172.5708259431475,12753961198,2026-09-28 08:11:07.141911,28/09/26,8:11:7
20904,0.17,20.904,172.2158438576349,12753982102,2026-09-28 08:11:28.045911,28/09/26,8:11:28
21230,0.17,21.23,169.57136128120584,12754003332,2026-09-28 08:11:49.275911,28/09/26,8:11:49
21258,0.17,21.258,169.34801016088062,12754024590,2026-09-28 08:12:10.533911,28/09/26,8:12:10
21129,0.17,21.129,170.38193951441147,12754045719,2026-09-28 08:12:31.662911,28/09/26,8:12:31
21416,0.17,21.416,168.09861785580875,12754067135,2026-09-28 08:12:53.078911,28/09/26,8:12:53
21845,0.16,21.845,164.79743648432137,12754088980,2026-09-28 08:13:14.923911,28/09/26,8:13:14
21768,0.17,21.768,165.38037486218303,12754110748,2026-09-28 08:13:36.691911,28/09/26,8:13:36
21965,0.16,21.965,163.89710903710449,12754132713,2026-09-28 08:13:58.656911,28/09/26,8:13:58
22126,0.16,22.126,162.70451053059747,12754154839,2026-09-28 08:14:20.782911,28/09/26,8:14:20
21966,0.16,21.966,163.88964763725758,12754176805,2026-09-28 08:14:42.748911,28/09/26,8:14:42
22174,0.16,22.174,162.35230450076665,12754198979,2026-09-28 08:15:04.922911,28/09/26,8:15:4
29089,0.12,29.089,123.75812162673175,12754228068,2026-09-28 08:15:34.011911,28/09/26,8:15:34
37782,0.09,37.782,95.28346831824679,12754265850,2026-09-28 08:16:11.793911,28/09/26,8:16:11
37930,0.09,37.93,94.91167940943843,12754303780,2026-09-28 08:16:49.723911,28/09/26,8:16:49
38330,0.09,38.33,93.92121054004696,12754342110,2026-09-28 08:17:28.053911,28/09/26,8:17:28
38926,0.09,38.926,92.4831732004316,12754381036,2026-09-28 08:18:06.979911,28/09/26,8:18:6
38298,0.09,38.298,93.9996866677111,12754419334,2026-09-28 08:18:45.277911,28/09/26,8:18:45
38752,0.09,38.752,92.89843104872007,12754458086,2026-09-28 08:19:24.029911,28/09/26,8:19:24
38516,0.09,38.516,93.46764980787205,12754496602,2026-09-28 08:20:02.545911,28/09/26,8:20:2
36862,0.1,36.862,97.66154847810753,12754533464,2026-09-28 08:20:39.407911,28/09/26,8:20:39
38332,0.09,38.332,93.91631013252635,12754571796,2026-09-28 08:21:17.739911,28/09/26,8:21:17
40321,0.09,40.321,89.2834999131966,12754612117,2026-09-28 08:21:58.060911,28/09/26,8:21:58
40561,0.09,40.561,88.7552082049259,12754652678,2026-09-28 08:22:38.621911,28/09/26,8:22:38
40477,0.09,40.477,88.93939768263458,12754693155,2026-09-28 08:23:19.098911,28/09/26,8:23:19
39544,0.09,39.544,91.0378312765527,12754732699,2026-09-28 08:23:58.642911,28/09/26,8:23:58
39316,0.09,39.316,91.56577474819412,12754772015,2026-09-28 08:24:37.958911,28/09/26,8:24:37
38931,0.09,38.931,92.47129536872929,12754810946,2026-09-28 08:25:16.889911,28/09/26,8:25:16
39125,0.09,39.125,92.01277955271566,12754850071,2026-09-28 08:25:56.014911,28/09/26,8:25:56
39021,0.09,39.021,92.25801491504575,12754889092,2026-09-28 08:26:35.035911,28/09/26,8:26:35
40281,0.09,40.281,89.37216057198182,12754929373,2026-09-28 08:27:15.316911,28/09/26,8:27:15
29624,0.12,29.624,121.52308938698353,12754958997,2026-09-28 08:27:44.940911,28/09/26,8:27:44
40470,0.09,40.47,88.95478131949592,12754999467,2026-09-28 08:28:25.410911,28/09/26,8:28:25
40592,0.09,40.592,88.6874260938116,12755040059,2026-09-28 08:29:06.002911,28/09/26,8:29:6
40721,0.09,40.721,88.4064733184352,12755080780,2026-09-28 08:29:46.723911,28/09/26,8:29:46
40627,0.09,40.627,88.61102222659808,12755121407,2026-09-28 08:30:27.350911,28/09/26,8:30:27
40338,0.09,40.338,89.2458723784025,12755161745,2026-09-28 08:31:07.688911,28/09/26,8:31:7
40598,0.09,40.598,88.6743189319671,12755202343,2026-09-28 08:31:48.286911,28/09/26,8:31:48
41081,0.09,41.081,87.6317519047735,12755243424,2026-09-28 08:32:29.367911,28/09/26,8:32:29
41183,0.09,41.183,87.414709953136,12755284607,2026-09-28 08:33:10.550911,28/09/26,8:33:10
41220,0.09,41.22,87.33624454148472,12755325827,2026-09-28 08:33:51.770911,28/09/26,8:33:51
41090,0.09,41.09,87.61255779995133,12755366917,2026-09-28 08:34:32.860911,28/09/26,8:34:32
41551,0.09,41.551,86.64051406705013,12755408468,2026-09-28 08:35:14.411911,28/09/26,8:35:14
41408,0.09,41.408,86.93972179289027,12755449876,2026-09-28 08:35:55.819911,28/09/26,8:35:55
30463,0.12,30.463,118.17614811410563,12755480339,2026-09-28 08:36:26.282911,28/09/26,8:36:26
30394,0.12,30.394,118.44442982167533,12755510733,2026-09-28 08:36:56.676911,28/09/26,8:36:56
30375,0.12,30.375,118.51851851851852,12755541108,2026-09-28 08:37:27.051911,28/09/26,8:37:27
30640,0.12,30.64,117.49347258485639,12755571748,2026-09-28 08:37:57.691911,28/09/26,8:37:57
30478,0.12,30.478,118.11798674453705,12755602226,2026-09-28 08:38:28.169911,28/09/26,8:38:28
30756,0.12,30.756,117.05033164260632,12755632982,2026-09-28 08:38:58.925911,28/09/26,8:38:58
30617,0.12,30.617,117.58173563706437,12755663599,2026-09-28 08:39:29.542911,28/09/26,8:39:29
30779,0.12,30.779,116.96286429058773,12755694378,2026-09-28 08:40:00.321911,28/09/26,8:40:0
30604,0.12,30.604,117.6316821330545,12755724982,2026-09-28 08:40:30.925911,28/09/26,8:40:30
7374,0.49,7.374,488.20179007323026,12755732356,2026-09-28 08:40:38.299911,28/09/26,8:40:38
1540,2.34,1.54,2337.6623376623374,12755733896,2026-09-28 08:40:39.839911,28/09/26,8:40:39
1544,2.33,1.544,2331.60621761658,12755735440,2026-09-28 08:40:41.383911,28/09/26,8:40:41
1551,2.32,1.551,2321.0831721470017,12755736991,2026-09-28 08:40:42.934911,28/09/26,8:40:42
1556,2.31,1.556,2313.624678663239,12755738547,2026-09-28 08:40:44.490911,28/09/26,8:40:44
1551,2.32,1.551,2321.0831721470017,12755740098,2026-09-28 08:40:46.041911,28/09/26,8:40:46
1559,2.31,1.559,2309.1725465041695,12755741657,2026-09-28 08:40:47.600911,28/09/26,8:40:47
1555,2.32,1.555,2315.112540192926,12755743212,2026-09-28 08:40:49.155911,28/09/26,8:40:49
1555,2.32,1.555,2315.112540192926,12755744767,2026-09-28 08:40:50.710911,28/09/26,8:40:50
1558,2.31,1.558,2310.6546854942235,12755746325,2026-09-28 08:40:52.268911,28/09/26,8:40:52
1564,2.3,1.564,2301.7902813299233,12755747889,2026-09-28 08:40:53.832911,28/09/26,8:40:53
1558,2.31,1.558,2310.6546854942235,12755749447,2026-09-28 08:40:55.390911,28/09/26,8:40:55
1572,2.29,1.572,2290.0763358778627,12755751019,2026-09-28 08:40:56.962911,28/09/26,8:40:56
1564,2.3,1.564,2301.7902813299233,12755752583,2026-09-28 08:40:58.526911,28/09/26,8:40:58
1558,2.31,1.558,2310.6546854942235,12755754141,2026-09-28 08:41:00.084911,28/09/26,8:41:0
1563,2.3,1.563,2303.2629558541266,12755755704,2026-09-28 08:41:01.647911,28/09/26,8:41:1
1563,2.3,1.563,2303.2629558541266,12755757267,2026-09-28 08:41:03.210911,28/09/26,8:41:3
1563,2.3,1.563,2303.2629558541266,12755758830,2026-09-28 08:41:04.773911,28/09/26,8:41:4
1563,2.3,1.563,2303.2629558541266,12755760393,2026-09-28 08:41:06.336911,28/09/26,8:41:6
1565,2.3,1.565,2300.3194888178914,12755761958,2026-09-28 08:41:07.901911,28/09/26,8:41:7
1565,2.3,1.565,2300.3194888178914,12755763523,2026-09-28 08:41:09.466911,28/09/26,8:41:9
1563,2.3,1.563,2303.2629558541266,12755765086,2026-09-28 08:41:11.029911,28/09/26,8:41:11
1567,2.3,1.567,2297.383535417996,12755766653,2026-09-28 08:41:12.596911,28/09/26,8:41:12
1571,2.29,1.571,2291.5340547422024,12755768224,2026-09-28 08:41:14.167911,28/09/26,8:41:14
1558,2.31,1.558,2310.6546854942235,12755769782,2026-09-28 08:41:15.725911,28/09/26,8:41:15
1569,2.29,1.569,2294.455066921606,12755771351,2026-09-28 08:41:17.294911,28/09/26,8:41:17
1558,2.31,1.558,2310.6546854942235,12755772909,2026-09-28 08:41:18.852911,28/09/26,8:41:18
1561,2.31,1.561,2306.2139654067905,12755774470,2026-09-28 08:41:20.413911,28/09/26,8:41:20
1564,2.3,1.564,2301.7902813299233,12755776034,2026-09-28 08:41:21.977911,28/09/26,8:41:21
1566,2.3,1.566,2298.8505747126437,12755777600,2026-09-28 08:41:23.543911,28/09/26,8:41:23
1566,2.3,1.566,2298.8505747126437,12755779166,2026-09-28 08:41:25.109911,28/09/26,8:41:25
1569,2.29,1.569,2294.455066921606,12755780735,2026-09-28 08:41:26.678911,28/09/26,8:41:26
1566,2.3,1.566,2298.8505747126437,12755782301,2026-09-28 08:41:28.244911,28/09/26,8:41:28
1569,2.29,1.569,2294.455066921606,12755783870,2026-09-28 08:41:29.813911,28/09/26,8:41:29
1569,2.29,1.569,2294.455066921606,12755785439,2026-09-28 08:41:31.382911,28/09/26,8:41:31
1564,2.3,1.564,2301.7902813299233,12755787003,2026-09-28 08:41:32.946911,28/09/26,8:41:32
1569,2.29,1.569,2294.455066921606,12755788572,2026-09-28 08:41:34.515911,28/09/26,8:41:34
1563,2.3,1.563,2303.2629558541266,12755790135,2026-09-28 08:41:36.078911,28/09/26,8:41:36
1570,2.29,1.57,2292.9936305732485,12755791705,2026-09-28 08:41:37.648911,28/09/26,8:41:37
1568,2.3,1.568,2295.918367346939,12755793273,2026-09-28 08:41:39.216911,28/09/26,8:41:39
1566,2.3,1.566,2298.8505747126437,12755794839,2026-09-28 08:41:40.782911,28/09/26,8:41:40
1565,2.3,1.565,2300.3194888178914,12755796404,2026-09-28 08:41:42.347911,28/09/26,8:41:42
1570,2.29,1.57,2292.9936305732485,12755797974,2026-09-28 08:41:43.917911,28/09/26,8:41:43
1561,2.31,1.561,2306.2139654067905,12755799535,2026-09-28 08:41:45.478911,28/09/26,8:41:45
1568,2.3,1.568,2295.918367346939,12755801103,2026-09-28 08:41:47.046911,28/09/26,8:41:47
1562,2.3,1.562,2304.7375160051215,12755802665,2026-09-28 08:41:48.608911,28/09/26,8:41:48
1562,2.3,1.562,2304.7375160051215,12755804227,2026-09-28 08:41:50.170911,28/09/26,8:41:50
1564,2.3,1.564,2301.7902813299233,12755805791,2026-09-28 08:41:51.734911,28/09/26,8:41:51
1564,2.3,1.564,2301.7902813299233,12755807355,2026-09-28 08:41:53.298911,28/09/26,8:41:53
1561,2.31,1.561,2306.2139654067905,12755808916,2026-09-28 08:41:54.859911,28/09/26,8:41:54
14359,0.25,14.359,250.71383801100356,12755823275,2026-09-28 08:42:09.218911,28/09/26,8:42:9
30613,0.12,30.613,117.5970992715513,12755853888,2026-09-28 08:42:39.831911,28/09/26,8:42:39
30654,0.12,30.654,117.43981209630064,12755884542,2026-09-28 08:43:10.485911,28/09/26,8:43:10
30732,0.12,30.732,117.14174150722374,12755915274,2026-09-28 08:43:41.217911,28/09/26,8:43:41
30511,0.12,30.511,117.99023303071023,12755945785,2026-09-28 08:44:11.728911,28/09/26,8:44:11
29728,0.12,29.728,121.09795479009688,12755975513,2026-09-28 08:44:41.456911,28/09/26,8:44:41
30275,0.12,30.275,118.90999174236168,12756005788,2026-09-28 08:45:11.731911,28/09/26,8:45:11
30598,0.12,30.598,117.65474867638407,12756036386,2026-09-28 08:45:42.329911,28/09/26,8:45:42
29281,0.12,29.281,122.94662067552338,12756065667,2026-09-28 08:46:11.610911,28/09/26,8:46:11
29037,0.12,29.037,123.97974997417089,12756094704,2026-09-28 08:46:40.647911,28/09/26,8:46:40
28333,0.13,28.333,127.06031835668655,12756123037,2026-09-28 08:47:08.980911,28/09/26,8:47:8
28999,0.12,28.999,124.14221180040691,12756152036,2026-09-28 08:47:37.979911,28/09/26,8:47:37
29621,0.12,29.621,121.53539718442997,12756181657,2026-09-28 08:48:07.600911,28/09/26,8:48:7
29763,0.12,29.763,120.95554883580284,12756211420,2026-09-28 08:48:37.363911,28/09/26,8:48:37
29142,0.12,29.142,123.53304508956145,12756240562,2026-09-28 08:49:06.505911,28/09/26,8:49:6
29769,0.12,29.769,120.93117000906983,12756270331,2026-09-28 08:49:36.274911,28/09/26,8:49:36
29837,0.12,29.837,120.65556188624862,12756300168,2026-09-28 08:50:06.111911,28/09/26,8:50:6
29163,0.12,29.163,123.44409011418578,12756329331,2026-09-28 08:50:35.274911,28/09/26,8:50:35
28214,0.13,28.214,127.59622882257035,12756357545,2026-09-28 08:51:03.488911,28/09/26,8:51:3
28399,0.13,28.399,126.76502693756822,12756385944,2026-09-28 08:51:31.887911,28/09/26,8:51:31
29464,0.12,29.464,122.18300298669563,12756415408,2026-09-28 08:52:01.351911,28/09/26,8:52:1
19828,0.18,19.828,181.56142828323584,12756435236,2026-09-28 08:52:21.179911,28/09/26,8:52:21
17813,0.2,17.813,202.09959018694212,12756453049,2026-09-28 08:52:38.992911,28/09/26,8:52:38
17822,0.2,17.822,201.99753114128606,12756470871,2026-09-28 08:52:56.814911,28/09/26,8:52:56
17612,0.2,17.612,204.40608675902794,12756488483,2026-09-28 08:53:14.426911,28/09/26,8:53:14
17799,0.2,17.799,202.25855385133997,12756506282,2026-09-28 08:53:32.225911,28/09/26,8:53:32
17847,0.2,17.847,201.7145738779627,12756524129,2026-09-28 08:53:50.072911,28/09/26,8:53:50
18070,0.2,18.07,199.22523519645821,12756542199,2026-09-28 08:54:08.142911,28/09/26,8:54:8
17964,0.2,17.964,200.40080160320642,12756560163,2026-09-28 08:54:26.106911,28/09/26,8:54:26
18150,0.2,18.15,198.34710743801654,12756578313,2026-09-28 08:54:44.256911,28/09/26,8:54:44
18140,0.2,18.14,198.45644983461963,12756596453,2026-09-28 08:55:02.396911,28/09/26,8:55:2
18135,0.2,18.135,198.51116625310175,12756614588,2026-09-28 08:55:20.531911,28/09/26,8:55:20
18269,0.2,18.269,197.05512069626144,12756632857,2026-09-28 08:55:38.800911,28/09/26,8:55:38
18293,0.2,18.293,196.79658885912644,12756651150,2026-09-28 08:55:57.093911,28/09/26,8:55:57
18315,0.2,18.315,196.56019656019657,12756669465,2026-09-28 08:56:15.408911,28/09/26,8:56:15
18241,0.2,18.241,197.3576010087166,12756687706,2026-09-28 08:56:33.649911,28/09/26,8:56:33
18506,0.19,18.506,194.53150329622824,12756706212,2026-09-28 08:56:52.155911,28/09/26,8:56:52
18441,0.19,18.441,195.21717911176182,12756724653,2026-09-28 08:57:10.596911,28/09/26,8:57:10
18461,0.19,18.461,195.00568766589026,12756743114,2026-09-28 08:57:29.057911,28/09/26,8:57:29
18593,0.19,18.593,193.6212553111386,12756761707,2026-09-28 08:57:47.650911,28/09/26,8:57:47
18564,0.19,18.564,193.92372333548803,12756780271,2026-09-28 08:58:06.214911,28/09/26,8:58:6
18427,0.19,18.427,195.36549628262875,12756798698,2026-09-28 08:58:24.641911,28/09/26,8:58:24
18614,0.19,18.614,193.40281508541958,12756817312,2026-09-28 08:58:43.255911,28/09/26,8:58:43
18673,0.19,18.673,192.79173137685427,12756835985,2026-09-28 08:59:01.928911,28/09/26,8:59:1
18732,0.19,18.732,192.18449711723255,12756854717,2026-09-28 08:59:20.660911,28/09/26,8:59:20
18687,0.19,18.687,192.64729491090063,12756873404,2026-09-28 08:59:39.347911,28/09/26,8:59:39
18762,0.19,18.762,191.87719859290056,12756892166,2026-09-28 08:59:58.109911,28/09/26,8:59:58
29138,0.12,29.138,123.55000343194455,12756921304,2026-09-28 09:00:27.247911,28/09/26,9:0:27
28515,0.13,28.515,126.2493424513414,12756949819,2026-09-28 09:00:55.762911,28/09/26,9:0:55
28578,0.12,28.578,125.9710266638673,12756978397,2026-09-28 09:01:24.340911,28/09/26,9:1:24
28585,0.12,28.585,125.94017841525276,12757006982,2026-09-28 09:01:52.925911,28/09/26,9:1:52
28424,0.13,28.424,126.65353222628764,12757035406,2026-09-28 09:02:21.349911,28/09/26,9:2:21
28653,0.12,28.653,125.64129410532928,12757064059,2026-09-28 09:02:50.002911,28/09/26,9:2:50
29103,0.12,29.103,123.69858777445624,12757093162,2026-09-28 09:03:19.105911,28/09/26,9:3:19
29298,0.12,29.298,122.87528158918697,12757122460,2026-09-28 09:03:48.403911,28/09/26,9:3:48
29310,0.12,29.31,122.82497441146367,12757151770,2026-09-28 09:04:17.713911,28/09/26,9:4:17
29233,0.12,29.233,123.14849656210447,12757181003,2026-09-28 09:04:46.946911,28/09/26,9:4:46
29279,0.12,29.279,122.95501895556542,12757210282,2026-09-28 09:05:16.225911,28/09/26,9:5:16
29213,0.12,29.213,123.23280731181323,12757239495,2026-09-28 09:05:45.438911,28/09/26,9:5:45
29208,0.12,29.208,123.25390304026294,12757268703,2026-09-28 09:06:14.646911,28/09/26,9:6:14
29118,0.12,29.118,123.634865031939,12757297821,2026-09-28 09:06:43.764911,28/09/26,9:6:43
29235,0.12,29.235,123.14007183170857,12757327056,2026-09-28 09:07:12.999911,28/09/26,9:7:12
29151,0.12,29.151,123.4949058351343,12757356207,2026-09-28 09:07:42.150911,28/09/26,9:7:42
29135,0.12,29.135,123.56272524455123,12757385342,2026-09-28 09:08:11.285911,28/09/26,9:8:11
29137,0.12,29.137,123.55424374506642,12757414479,2026-09-28 09:08:40.422911,28/09/26,9:8:40
29226,0.12,29.226,123.17799219872717,12757443705,2026-09-28 09:09:09.648911,28/09/26,9:9:9
29374,0.12,29.374,122.55736365493293,12757473079,2026-09-28 09:09:39.022911,28/09/26,9:9:39
29213,0.12,29.213,123.23280731181323,12757502292,2026-09-28 09:10:08.235911,28/09/26,9:10:8
28821,0.12,28.821,124.90892057874467,12757531113,2026-09-28 09:10:37.056911,28/09/26,9:10:37
29098,0.12,29.098,123.7198432881985,12757560211,2026-09-28 09:11:06.154911,28/09/26,9:11:6
29910,0.12,29.91,120.36108324974924,12757590121,2026-09-28 09:11:36.064911,28/09/26,9:11:36
28805,0.12,28.805,124.97830237805937,12757618926,2026-09-28 09:12:04.869911,28/09/26,9:12:4
29177,0.12,29.177,123.38485793604552,12757648103,2026-09-28 09:12:34.046911,28/09/26,9:12:34
28469,0.13,28.469,126.45333520671608,12757676572,2026-09-28 09:13:02.515911,28/09/26,9:13:2
28512,0.13,28.512,126.26262626262626,12757705084,2026-09-28 09:13:31.027911,28/09/26,9:13:31
28825,0.12,28.825,124.8915871639202,12757733909,2026-09-28 09:13:59.852911,28/09/26,9:13:59
28802,0.12,28.802,124.99132004721895,12757762711,2026-09-28 09:14:28.654911,28/09/26,9:14:28
29399,0.12,29.399,122.45314466478452,12757792110,2026-09-28 09:14:58.053911,28/09/26,9:14:58
28609,0.12,28.609,125.83452759621099,12757820719,2026-09-28 09:15:26.662911,28/09/26,9:15:26
27726,0.13,27.726,129.84202553559837,12757848445,2026-09-28 09:15:54.388911,28/09/26,9:15:54
27885,0.13,27.885,129.10166756320604,12757876330,2026-09-28 09:16:22.273911,28/09/26,9:16:22
27413,0.13,27.413,131.32455404370188,12757903743,2026-09-28 09:16:49.686911,28/09/26,9:16:49
27558,0.13,27.558,130.63357282821684,12757931301,2026-09-28 09:17:17.244911,28/09/26,9:17:17
27621,0.13,27.621,130.33561420658194,12757958922,2026-09-28 09:17:44.865911,28/09/26,9:17:44
28183,0.13,28.183,127.73657878863145,12757987105,2026-09-28 09:18:13.048911,28/09/26,9:18:13
28163,0.13,28.163,127.82729112665554,12758015268,2026-09-28 09:18:41.211911,28/09/26,9:18:41
29011,0.12,29.011,124.09086208679466,12758044279,2026-09-28 09:19:10.222911,28/09/26,9:19:10
27949,0.13,27.949,128.8060395720777,12758072228,2026-09-28 09:19:38.171911,28/09/26,9:19:38
28482,0.13,28.482,126.39561828523279,12758100710,2026-09-28 09:20:06.653911,28/09/26,9:20:6
28420,0.13,28.42,126.6713581984518,12758129130,2026-09-28 09:20:35.073911,28/09/26,9:20:35
28714,0.12,28.714,125.37438183464512,12758157844,2026-09-28 09:21:03.787911,28/09/26,9:21:3
29092,0.12,29.092,123.74535954901691,12758186936,2026-09-28 09:21:32.879911,28/09/26,9:21:32
29258,0.12,29.258,123.04327021669287,12758216194,2026-09-28 09:22:02.137911,28/09/26,9:22:2
29219,0.12,29.219,123.2075019678976,12758245413,2026-09-28 09:22:31.356911,28/09/26,9:22:31
28446,0.13,28.446,126.55557899177388,12758273859,2026-09-28 09:22:59.802911,28/09/26,9:22:59
28398,0.13,28.398,126.76949080921192,12758302257,2026-09-28 09:23:28.200911,28/09/26,9:23:28
28494,0.13,28.494,126.34238787113077,12758330751,2026-09-28 09:23:56.694911,28/09/26,9:23:56
28346,0.13,28.346,127.00204614407677,12758359097,2026-09-28 09:24:25.040911,28/09/26,9:24:25
28472,0.13,28.472,126.44001123911211,12758387569,2026-09-28 09:24:53.512911,28/09/26,9:24:53
28352,0.13,28.352,126.97516930022573,12758415921,2026-09-28 09:25:21.864911,28/09/26,9:25:21
28468,0.13,28.468,126.45777715329493,12758444389,2026-09-28 09:25:50.332911,28/09/26,9:25:50
28449,0.13,28.449,126.54223347042075,12758472838,2026-09-28 09:26:18.781911,28/09/26,9:26:18
28638,0.12,28.638,125.70710245128849,12758501476,2026-09-28 09:26:47.419911,28/09/26,9:26:47
28584,0.12,28.584,125.94458438287154,12758530060,2026-09-28 09:27:16.003911,28/09/26,9:27:16
28552,0.13,28.552,126.08573830204539,12758558612,2026-09-28 09:27:44.555911,28/09/26,9:27:44
28646,0.12,28.646,125.67199609020457,12758587258,2026-09-28 09:28:13.201911,28/09/26,9:28:13
28422,0.13,28.422,126.6624445851805,12758615680,2026-09-28 09:28:41.623911,28/09/26,9:28:41
28583,0.12,28.583,125.94899065878319,12758644263,2026-09-28 09:29:10.206911,28/09/26,9:29:10
28378,0.13,28.378,126.85883430826696,12758672641,2026-09-28 09:29:38.584911,28/09/26,9:29:38
28612,0.12,28.612,125.82133370613728,12758701253,2026-09-28 09:30:07.196911,28/09/26,9:30:7
28165,0.13,28.165,127.81821409550861,12758729418,2026-09-28 09:30:35.361911,28/09/26,9:30:35
27611,0.13,27.611,130.3828184419253,12758757029,2026-09-28 09:31:02.972911,28/09/26,9:31:2
28466,0.13,28.466,126.46666198271622,12758785495,2026-09-28 09:31:31.438911,28/09/26,9:31:31
28463,0.13,28.463,126.47999156800056,12758813958,2026-09-28 09:31:59.901911,28/09/26,9:31:59
28323,0.13,28.323,127.10517953606609,12758842281,2026-09-28 09:32:28.224911,28/09/26,9:32:28
28759,0.12,28.759,125.178205083626,12758871040,2026-09-28 09:32:56.983911,28/09/26,9:32:56
28937,0.12,28.937,124.40819711787677,12758899977,2026-09-28 09:33:25.920911,28/09/26,9:33:25
28657,0.12,28.657,125.62375684823952,12758928634,2026-09-28 09:33:54.577911,28/09/26,9:33:54
28935,0.12,28.935,124.41679626749611,12758957569,2026-09-28 09:34:23.512911,28/09/26,9:34:23
28134,0.13,28.134,127.95905310300704,12758985703,2026-09-28 09:34:51.646911,28/09/26,9:34:51
27722,0.13,27.722,129.86076040689704,12759013425,2026-09-28 09:35:19.368911,28/09/26,9:35:19
28034,0.13,28.034,128.4154954697867,12759041459,2026-09-28 09:35:47.402911,28/09/26,9:35:47
27912,0.13,27.912,128.9767841788478,12759069371,2026-09-28 09:36:15.314911,28/09/26,9:36:15
27850,0.13,27.85,129.26391382405745,12759097221,2026-09-28 09:36:43.164911,28/09/26,9:36:43
27892,0.13,27.892,129.06926717338305,12759125113,2026-09-28 09:37:11.056911,28/09/26,9:37:11
27943,0.13,27.943,128.83369716923738,12759153056,2026-09-28 09:37:38.999911,28/09/26,9:37:38
27690,0.13,27.69,130.01083423618635,12759180746,2026-09-28 09:38:06.689911,28/09/26,9:38:6
26985,0.13,26.985,133.40744858254587,12759207731,2026-09-28 09:38:33.674911,28/09/26,9:38:33
15875,0.23,15.875,226.77165354330708,12759223606,2026-09-28 09:38:49.549911,28/09/26,9:38:49
17473,0.21,17.473,206.0321639100326,12759241079,2026-09-28 09:39:07.022911,28/09/26,9:39:7
17565,0.2,17.565,204.9530315969257,12759258644,2026-09-28 09:39:24.587911,28/09/26,9:39:24
17566,0.2,17.566,204.94136399863373,12759276210,2026-09-28 09:39:42.153911,28/09/26,9:39:42
17640,0.2,17.64,204.08163265306123,12759293850,2026-09-28 09:39:59.793911,28/09/26,9:39:59
17772,0.2,17.772,202.56583389601622,12759311622,2026-09-28 09:40:17.565911,28/09/26,9:40:17
17890,0.2,17.89,201.22973728339855,12759329512,2026-09-28 09:40:35.455911,28/09/26,9:40:35
17955,0.2,17.955,200.5012531328321,12759347467,2026-09-28 09:40:53.410911,28/09/26,9:40:53
17967,0.2,17.967,200.36734012355987,12759365434,2026-09-28 09:41:11.377911,28/09/26,9:41:11
18162,0.2,18.162,198.21605550049554,12759383596,2026-09-28 09:41:29.539911,28/09/26,9:41:29
18102,0.2,18.102,198.87305270135897,12759401698,2026-09-28 09:41:47.641911,28/09/26,9:41:47
18180,0.2,18.18,198.01980198019803,12759419878,2026-09-28 09:42:05.821911,28/09/26,9:42:5
18128,0.2,18.128,198.58781994704324,12759438006,2026-09-28 09:42:23.949911,28/09/26,9:42:23
18329,0.2,18.329,196.41006055976868,12759456335,2026-09-28 09:42:42.278911,28/09/26,9:42:42
18128,0.2,18.128,198.58781994704324,12759474463,2026-09-28 09:43:00.406911,28/09/26,9:43:0
18226,0.2,18.226,197.52002633600353,12759492689,2026-09-28 09:43:18.632911,28/09/26,9:43:18
18423,0.19,18.423,195.40791402051784,12759511112,2026-09-28 09:43:37.055911,28/09/26,9:43:37
18545,0.19,18.545,194.1224049609059,12759529657,2026-09-28 09:43:55.600911,28/09/26,9:43:55
18551,0.19,18.551,194.05961942752413,12759548208,2026-09-28 09:44:14.151911,28/09/26,9:44:14
18610,0.19,18.61,193.44438473938743,12759566818,2026-09-28 09:44:32.761911,28/09/26,9:44:32
18703,0.19,18.703,192.48248944019676,12759585521,2026-09-28 09:44:51.464911,28/09/26,9:44:51
18648,0.19,18.648,193.05019305019306,12759604169,2026-09-28 09:45:10.112911,28/09/26,9:45:10
18739,0.19,18.739,192.1127061209243,12759622908,2026-09-28 09:45:28.851911,28/09/26,9:45:28
18735,0.19,18.735,192.15372297838272,12759641643,2026-09-28 09:45:47.586911,28/09/26,9:45:47
18720,0.19,18.72,192.30769230769232,12759660363,2026-09-28 09:46:06.306911,28/09/26,9:46:6
23855,0.15,23.855,150.91175854118634,12759684218,2026-09-28 09:46:30.161911,28/09/26,9:46:30
29325,0.12,29.325,122.7621483375959,12759713543,2026-09-28 09:46:59.486911,28/09/26,9:46:59
29264,0.12,29.264,123.01804264625478,12759742807,2026-09-28 09:47:28.750911,28/09/26,9:47:28
29418,0.12,29.418,122.3740566999796,12759772225,2026-09-28 09:47:58.168911,28/09/26,9:47:58
29390,0.12,29.39,122.49064307587615,12759801615,2026-09-28 09:48:27.558911,28/09/26,9:48:27
29841,0.12,29.841,120.63938876043028,12759831456,2026-09-28 09:48:57.399911,28/09/26,9:48:57
29692,0.12,29.692,121.24477973865014,12759861148,2026-09-28 09:49:27.091911,28/09/26,9:49:27
29415,0.12,29.415,122.38653748087711,12759890563,2026-09-28 09:49:56.506911,28/09/26,9:49:56
29751,0.12,29.751,121.00433598870626,12759920314,2026-09-28 09:50:26.257911,28/09/26,9:50:26
28706,0.12,28.706,125.40932209294225,12759949020,2026-09-28 09:50:54.963911,28/09/26,9:50:54
29319,0.12,29.319,122.78727105290085,12759978339,2026-09-28 09:51:24.282911,28/09/26,9:51:24
29618,0.12,29.618,121.54770747518401,12760007957,2026-09-28 09:51:53.900911,28/09/26,9:51:53
29832,0.12,29.832,120.67578439259856,12760037789,2026-09-28 09:52:23.732911,28/09/26,9:52:23
29936,0.12,29.936,120.25654730090861,12760067725,2026-09-28 09:52:53.668911,28/09/26,9:52:53
29749,0.12,29.749,121.01247100742881,12760097474,2026-09-28 09:53:23.417911,28/09/26,9:53:23
29805,0.12,29.805,120.78510317060896,12760127279,2026-09-28 09:53:53.222911,28/09/26,9:53:53
29555,0.12,29.555,121.80680087971578,12760156834,2026-09-28 09:54:22.777911,28/09/26,9:54:22
29445,0.12,29.445,122.26184411614875,12760186279,2026-09-28 09:54:52.222911,28/09/26,9:54:52
29730,0.12,29.73,121.08980827447023,12760216009,2026-09-28 09:55:21.952911,28/09/26,9:55:21
29469,0.12,29.469,122.16227221826325,12760245478,2026-09-28 09:55:51.421911,28/09/26,9:55:51
29316,0.12,29.316,122.79983626688498,12760274794,2026-09-28 09:56:20.737911,28/09/26,9:56:20
29409,0.12,29.409,122.41150668162807,12760304203,2026-09-28 09:56:50.146911,28/09/26,9:56:50
29243,0.12,29.243,123.10638443388162,12760333446,2026-09-28 09:57:19.389911,28/09/26,9:57:19
29456,0.12,29.456,122.21618685497012,12760362902,2026-09-28 09:57:48.845911,28/09/26,9:57:48
29029,0.12,29.029,124.0139171173654,12760391931,2026-09-28 09:58:17.874911,28/09/26,9:58:17
29337,0.12,29.337,122.71193373555579,12760421268,2026-09-28 09:58:47.211911,28/09/26,9:58:47
29441,0.12,29.441,122.27845521551578,12760450709,2026-09-28 09:59:16.652911,28/09/26,9:59:16
29492,0.12,29.492,122.06700122067001,12760480201,2026-09-28 09:59:46.144911,28/09/26,9:59:46
29176,0.12,29.176,123.38908692075678,12760509377,2026-09-28 10:00:15.320911,28/09/26,10:0:15
28917,0.12,28.917,124.49424214130096,12760538294,2026-09-28 10:00:44.237911,28/09/26,10:0:44
28539,0.13,28.539,126.1431725007884,12760566833,2026-09-28 10:01:12.776911,28/09/26,10:1:12
28793,0.12,28.793,125.0303893307401,12760595626,2026-09-28 10:01:41.569911,28/09/26,10:1:41
28685,0.12,28.685,125.50113299633955,12760624311,2026-09-28 10:02:10.254911,28/09/26,10:2:10
28739,0.12,28.739,125.26531890462438,12760653050,2026-09-28 10:02:38.993911,28/09/26,10:2:38
28868,0.12,28.868,124.70555632534294,12760681918,2026-09-28 10:03:07.861911,28/09/26,10:3:7
29087,0.12,29.087,123.76663114105958,12760711005,2026-09-28 10:03:36.948911,28/09/26,10:3:36
29343,0.12,29.343,122.68684183621306,12760740348,2026-09-28 10:04:06.291911,28/09/26,10:4:6
29436,0.12,29.436,122.29922543823889,12760769784,2026-09-28 10:04:35.727911,28/09/26,10:4:35
29222,0.12,29.222,123.19485319279994,12760799006,2026-09-28 10:05:04.949911,28/09/26,10:5:4
29194,0.12,29.194,123.31300952250463,12760828200,2026-09-28 10:05:34.143911,28/09/26,10:5:34
28598,0.12,28.598,125.88292887614519,12760856798,2026-09-28 10:06:02.741911,28/09/26,10:6:2
29281,0.12,29.281,122.94662067552338,12760886079,2026-09-28 10:06:32.022911,28/09/26,10:6:32
29583,0.12,29.583,121.69151201703681,12760915662,2026-09-28 10:07:01.605911,28/09/26,10:7:1
29721,0.12,29.721,121.12647622892904,12760945383,2026-09-28 10:07:31.326911,28/09/26,10:7:31
29707,0.12,29.707,121.18355943043727,12760975090,2026-09-28 10:08:01.033911,28/09/26,10:8:1
29667,0.12,29.667,121.34695115785216,12761004757,2026-09-28 10:08:30.700911,28/09/26,10:8:30
29818,0.12,29.818,120.73244349050908,12761034575,2026-09-28 10:09:00.518911,28/09/26,10:9:0
29528,0.12,29.528,121.9181793551883,12761064103,2026-09-28 10:09:30.046911,28/09/26,10:9:30
29826,0.12,29.826,120.70006035003017,12761093929,2026-09-28 10:09:59.872911,28/09/26,10:9:59
29547,0.12,29.547,121.83978068839475,12761123476,2026-09-28 10:10:29.419911,28/09/26,10:10:29
29243,0.12,29.243,123.10638443388162,12761152719,2026-09-28 10:10:58.662911,28/09/26,10:10:58
29429,0.12,29.429,122.32831560705426,12761182148,2026-09-28 10:11:28.091911,28/09/26,10:11:28
29980,0.12,29.98,120.08005336891262,12761212128,2026-09-28 10:11:58.071911,28/09/26,10:11:58
29744,0.12,29.744,121.03281334050565,12761241872,2026-09-28 10:12:27.815911,28/09/26,10:12:27
29983,0.12,29.983,120.06803855518127,12761271855,2026-09-28 10:12:57.798911,28/09/26,10:12:57
29781,0.12,29.781,120.88244182532488,12761301636,2026-09-28 10:13:27.579911,28/09/26,10:13:27
30060,0.12,30.06,119.76047904191617,12761331696,2026-09-28 10:13:57.639911,28/09/26,10:13:57
29599,0.12,29.599,121.62573059900673,12761361295,2026-09-28 10:14:27.238911,28/09/26,10:14:27
29524,0.12,29.524,121.93469719550197,12761390819,2026-09-28 10:14:56.762911,28/09/26,10:14:56
29445,0.12,29.445,122.26184411614875,12761420264,2026-09-28 10:15:26.207911,28/09/26,10:15:26
30082,0.12,30.082,119.67289408948874,12761450346,2026-09-28 10:15:56.289911,28/09/26,10:15:56
29878,0.12,29.878,120.48999263672268,12761480224,2026-09-28 10:16:26.167911,28/09/26,10:16:26
30360,0.12,30.36,118.57707509881423,12761510584,2026-09-28 10:16:56.527911,28/09/26,10:16:56
30354,0.12,30.354,118.60051393556039,12761540938,2026-09-28 10:17:26.881911,28/09/26,10:17:26
30174,0.12,30.174,119.30801352157486,12761571112,2026-09-28 10:17:57.055911,28/09/26,10:17:57
30136,0.12,30.136,119.45845500398195,12761601248,2026-09-28 10:18:27.191911,28/09/26,10:18:27
30317,0.12,30.317,118.74525843586107,12761631565,2026-09-28 10:18:57.508911,28/09/26,10:18:57
30032,0.12,30.032,119.87213638785296,12761661597,2026-09-28 10:19:27.540911,28/09/26,10:19:27
30303,0.12,30.303,118.8001188001188,12761691900,2026-09-28 10:19:57.843911,28/09/26,10:19:57
29327,0.12,29.327,122.75377638353736,12761721227,2026-09-28 10:20:27.170911,28/09/26,10:20:27
29372,0.12,29.372,122.56570883834945,12761750599,2026-09-28 10:20:56.542911,28/09/26,10:20:56
29207,0.12,29.207,123.25812305269285,12761779806,2026-09-28 10:21:25.749911,28/09/26,10:21:25
29300,0.12,29.3,122.86689419795222,12761809106,2026-09-28 10:21:55.049911,28/09/26,10:21:55
29303,0.12,29.303,122.85431525782343,12761838409,2026-09-28 10:22:24.352911,28/09/26,10:22:24
29572,0.12,29.572,121.73677803327472,12761867981,2026-09-28 10:22:53.924911,28/09/26,10:22:53
29342,0.12,29.342,122.69102310680935,12761897323,2026-09-28 10:23:23.266911,28/09/26,10:23:23
29456,0.12,29.456,122.21618685497012,12761926779,2026-09-28 10:23:52.722911,28/09/26,10:23:52
29512,0.12,29.512,121.98427758200054,12761956291,2026-09-28 10:24:22.234911,28/09/26,10:24:22
29710,0.12,29.71,121.17132278694042,12761986001,2026-09-28 10:24:51.944911,28/09/26,10:24:51
15076,0.24,15.076,238.79013000795968,12762001077,2026-09-28 10:25:07.020911,28/09/26,10:25:7
17802,0.2,17.802,202.22446916076845,12762018879,2026-09-28 10:25:24.822911,28/09/26,10:25:24
17821,0.2,17.821,202.008865944672,12762036700,2026-09-28 10:25:42.643911,28/09/26,10:25:42
17788,0.2,17.788,202.38362941308748,12762054488,2026-09-28 10:26:00.431911,28/09/26,10:26:0
17770,0.2,17.77,202.58863252673044,12762072258,2026-09-28 10:26:18.201911,28/09/26,10:26:18
17776,0.2,17.776,202.52025202520252,12762090034,2026-09-28 10:26:35.977911,28/09/26,10:26:35
17818,0.2,17.818,202.0428779885509,12762107852,2026-09-28 10:26:53.795911,28/09/26,10:26:53
17966,0.2,17.966,200.3784927084493,12762125818,2026-09-28 10:27:11.761911,28/09/26,10:27:11
18160,0.2,18.16,198.23788546255506,12762143978,2026-09-28 10:27:29.921911,28/09/26,10:27:29
18231,0.2,18.231,197.46585486259667,12762162209,2026-09-28 10:27:48.152911,28/09/26,10:27:48
18226,0.2,18.226,197.52002633600353,12762180435,2026-09-28 10:28:06.378911,28/09/26,10:28:6
18355,0.2,18.355,196.13184418414602,12762198790,2026-09-28 10:28:24.733911,28/09/26,10:28:24
18346,0.2,18.346,196.2280606126676,12762217136,2026-09-28 10:28:43.079911,28/09/26,10:28:43
18328,0.2,18.328,196.4207769532955,12762235464,2026-09-28 10:29:01.407911,28/09/26,10:29:1
18526,0.19,18.526,194.32149411637698,12762253990,2026-09-28 10:29:19.933911,28/09/26,10:29:19
18626,0.19,18.626,193.2782132502953,12762272616,2026-09-28 10:29:38.559911,28/09/26,10:29:38
18774,0.19,18.774,191.75455417066155,12762291390,2026-09-28 10:29:57.333911,28/09/26,10:29:57
18672,0.19,18.672,192.80205655526993,12762310062,2026-09-28 10:30:16.005911,28/09/26,10:30:16
18671,0.19,18.671,192.81238283969793,12762328733,2026-09-28 10:30:34.676911,28/09/26,10:30:34
18800,0.19,18.8,191.48936170212767,12762347533,2026-09-28 10:30:53.476911,28/09/26,10:30:53
18745,0.19,18.745,192.0512136569752,12762366278,2026-09-28 10:31:12.221911,28/09/26,10:31:12
18916,0.19,18.916,190.31507718333685,12762385194,2026-09-28 10:31:31.137911,28/09/26,10:31:31
18928,0.19,18.928,190.19442096365174,12762404122,2026-09-28 10:31:50.065911,28/09/26,10:31:50
18483,0.19,18.483,194.77357571822756,12762422605,2026-09-28 10:32:08.548911,28/09/26,10:32:8
18620,0.19,18.62,193.3404940923738,12762441225,2026-09-28 10:32:27.168911,28/09/26,10:32:27
25049,0.14,25.049,143.71831210826778,12762466274,2026-09-28 10:32:52.217911,28/09/26,10:32:52
29165,0.12,29.165,123.43562489285102,12762495439,2026-09-28 10:33:21.382911,28/09/26,10:33:21
29152,0.12,29.152,123.49066959385291,12762524591,2026-09-28 10:33:50.534911,28/09/26,10:33:50
29238,0.12,29.238,123.12743689718859,12762553829,2026-09-28 10:34:19.772911,28/09/26,10:34:19
29055,0.12,29.055,123.902942694889,12762582884,2026-09-28 10:34:48.827911,28/09/26,10:34:48
29059,0.12,29.059,123.88588733266802,12762611943,2026-09-28 10:35:17.886911,28/09/26,10:35:17
29217,0.12,29.217,123.21593592771332,12762641160,2026-09-28 10:35:47.103911,28/09/26,10:35:47
29123,0.12,29.123,123.61363870480376,12762670283,2026-09-28 10:36:16.226911,28/09/26,10:36:16
29073,0.12,29.073,123.82623052316582,12762699356,2026-09-28 10:36:45.299911,28/09/26,10:36:45
29265,0.12,29.265,123.0138390568939,12762728621,2026-09-28 10:37:14.564911,28/09/26,10:37:14
29079,0.12,29.079,123.80068090374498,12762757700,2026-09-28 10:37:43.643911,28/09/26,10:37:43
29146,0.12,29.146,123.51609140190764,12762786846,2026-09-28 10:38:12.789911,28/09/26,10:38:12
29191,0.12,29.191,123.32568257339591,12762816037,2026-09-28 10:38:41.980911,28/09/26,10:38:41
29184,0.12,29.184,123.35526315789474,12762845221,2026-09-28 10:39:11.164911,28/09/26,10:39:11
29184,0.12,29.184,123.35526315789474,12762874405,2026-09-28 10:39:40.348911,28/09/26,10:39:40
29228,0.12,29.228,123.16956343232516,12762903633,2026-09-28 10:40:09.576911,28/09/26,10:40:9
29063,0.12,29.063,123.86883666517565,12762932696,2026-09-28 10:40:38.639911,28/09/26,10:40:38
29471,0.12,29.471,122.1539818804927,12762962167,2026-09-28 10:41:08.110911,28/09/26,10:41:8
29381,0.12,29.381,122.52816446002518,12762991548,2026-09-28 10:41:37.491911,28/09/26,10:41:37
29635,0.12,29.635,121.47798211574153,12763021183,2026-09-28 10:42:07.126911,28/09/26,10:42:7
29498,0.12,29.498,122.04217235066784,12763050681,2026-09-28 10:42:36.624911,28/09/26,10:42:36
29815,0.12,29.815,120.74459164849908,12763080496,2026-09-28 10:43:06.439911,28/09/26,10:43:6
29653,0.12,29.653,121.404242403804,12763110149,2026-09-28 10:43:36.092911,28/09/26,10:43:36
30313,0.12,30.313,118.76092765480158,12763140462,2026-09-28 10:44:06.405911,28/09/26,10:44:6
30409,0.12,30.409,118.38600414351015,12763170871,2026-09-28 10:44:36.814911,28/09/26,10:44:36
30192,0.12,30.192,119.2368839427663,12763201063,2026-09-28 10:45:07.006911,28/09/26,10:45:7
30544,0.12,30.544,117.8627553693033,12763231607,2026-09-28 10:45:37.550911,28/09/26,10:45:37
30391,0.12,30.391,118.45612187818762,12763261998,2026-09-28 10:46:07.941911,28/09/26,10:46:7
30384,0.12,30.384,118.48341232227489,12763292382,2026-09-28 10:46:38.325911,28/09/26,10:46:38
30552,0.12,30.552,117.8318931657502,12763322934,2026-09-28 10:47:08.877911,28/09/26,10:47:8
30436,0.12,30.436,118.28098304639244,12763353370,2026-09-28 10:47:39.313911,28/09/26,10:47:39
30287,0.12,30.287,118.86287846270677,12763383657,2026-09-28 10:48:09.600911,28/09/26,10:48:9
30278,0.12,30.278,118.89820992139508,12763413935,2026-09-28 10:48:39.878911,28/09/26,10:48:39
30242,0.12,30.242,119.03974604854176,12763444177,2026-09-28 10:49:10.120911,28/09/26,10:49:10
30165,0.12,30.165,119.34361014420686,12763474342,2026-09-28 10:49:40.285911,28/09/26,10:49:40
30452,0.12,30.452,118.21883620123474,12763504794,2026-09-28 10:50:10.737911,28/09/26,10:50:10
30165,0.12,30.165,119.34361014420686,12763534959,2026-09-28 10:50:40.902911,28/09/26,10:50:40
29626,0.12,29.626,121.51488557348276,12763564585,2026-09-28 10:51:10.528911,28/09/26,10:51:10
30599,0.12,30.599,117.65090362430145,12763595184,2026-09-28 10:51:41.127911,28/09/26,10:51:41
30145,0.12,30.145,119.42278984906287,12763625329,2026-09-28 10:52:11.272911,28/09/26,10:52:11
30092,0.12,30.092,119.63312508307855,12763655421,2026-09-28 10:52:41.364911,28/09/26,10:52:41
30110,0.12,30.11,119.56160743938891,12763685531,2026-09-28 10:53:11.474911,28/09/26,10:53:11
29439,0.12,29.439,122.28676245796393,12763714970,2026-09-28 10:53:40.913911,28/09/26,10:53:40
29728,0.12,29.728,121.09795479009688,12763744698,2026-09-28 10:54:10.641911,28/09/26,10:54:10
29702,0.12,29.702,121.20395932933809,12763774400,2026-09-28 10:54:40.343911,28/09/26,10:54:40
29932,0.12,29.932,120.2726179339837,12763804332,2026-09-28 10:55:10.275911,28/09/26,10:55:10
30083,0.12,30.083,119.66891599906924,12763834415,2026-09-28 10:55:40.358911,28/09/26,10:55:40
29619,0.12,29.619,121.54360376785172,12763864034,2026-09-28 10:56:09.977911,28/09/26,10:56:9
29748,0.12,29.748,121.01653892698668,12763893782,2026-09-28 10:56:39.725911,28/09/26,10:56:39
30242,0.12,30.242,119.03974604854176,12763924024,2026-09-28 10:57:09.967911,28/09/26,10:57:9
30335,0.12,30.335,118.67479808801714,12763954359,2026-09-28 10:57:40.302911,28/09/26,10:57:40
30116,0.12,30.116,119.53778722273874,12763984475,2026-09-28 10:58:10.418911,28/09/26,10:58:10
30092,0.12,30.092,119.63312508307855,12764014567,2026-09-28 10:58:40.510911,28/09/26,10:58:40
29944,0.12,29.944,120.22441891530858,12764044511,2026-09-28 10:59:10.454911,28/09/26,10:59:10
30346,0.12,30.346,118.63178013576749,12764074857,2026-09-28 10:59:40.800911,28/09/26,10:59:40
29120,0.12,29.12,123.62637362637362,12764103977,2026-09-28 11:00:09.920911,28/09/26,11:0:9
28105,0.13,28.105,128.09108699519658,12764132082,2026-09-28 11:00:38.025911,28/09/26,11:0:38
27948,0.13,27.948,128.81064834693,12764160030,2026-09-28 11:01:05.973911,28/09/26,11:1:5
29233,0.12,29.233,123.14849656210447,12764189263,2026-09-28 11:01:35.206911,28/09/26,11:1:35
29429,0.12,29.429,122.32831560705426,12764218692,2026-09-28 11:02:04.635911,28/09/26,11:2:4
29431,0.12,29.431,122.32000271822228,12764248123,2026-09-28 11:02:34.066911,28/09/26,11:2:34
29426,0.12,29.426,122.34078705906342,12764277549,2026-09-28 11:03:03.492911,28/09/26,11:3:3
29420,0.12,29.42,122.36573759347382,12764306969,2026-09-28 11:03:32.912911,28/09/26,11:3:32
29972,0.12,29.972,120.11210463098892,12764336941,2026-09-28 11:04:02.884911,28/09/26,11:4:2
29841,0.12,29.841,120.63938876043028,12764366782,2026-09-28 11:04:32.725911,28/09/26,11:4:32
29904,0.12,29.904,120.38523274478331,12764396686,2026-09-28 11:05:02.629911,28/09/26,11:5:2
29207,0.12,29.207,123.25812305269285,12764425893,2026-09-28 11:05:31.836911,28/09/26,11:5:31
29716,0.12,29.716,121.14685691210123,12764455609,2026-09-28 11:06:01.552911,28/09/26,11:6:1
29947,0.12,29.947,120.21237519617992,12764485556,2026-09-28 11:06:31.499911,28/09/26,11:6:31
30153,0.12,30.153,119.39110536265048,12764515709,2026-09-28 11:07:01.652911,28/09/26,11:7:1
30027,0.12,30.027,119.89209711259866,12764545736,2026-09-28 11:07:31.679911,28/09/26,11:7:31
30163,0.12,30.163,119.35152338958326,12764575899,2026-09-28 11:08:01.842911,28/09/26,11:8:1
29965,0.12,29.965,120.14016352411146,12764605864,2026-09-28 11:08:31.807911,28/09/26,11:8:31
30054,0.12,30.054,119.78438810141745,12764635918,2026-09-28 11:09:01.861911,28/09/26,11:9:1
30032,0.12,30.032,119.87213638785296,12764665950,2026-09-28 11:09:31.893911,28/09/26,11:9:31
30238,0.12,30.238,119.05549308816721,12764696188,2026-09-28 11:10:02.131911,28/09/26,11:10:2
29889,0.12,29.889,120.44564890093345,12764726077,2026-09-28 11:10:32.020911,28/09/26,11:10:32
17912,0.2,17.912,200.9825815096025,12764743989,2026-09-28 11:10:49.932911,28/09/26,11:10:49
17859,0.2,17.859,201.57903578027884,12764761848,2026-09-28 11:11:07.791911,28/09/26,11:11:7
18033,0.2,18.033,199.63400432540342,12764779881,2026-09-28 11:11:25.824911,28/09/26,11:11:25
18124,0.2,18.124,198.63164864268373,12764798005,2026-09-28 11:11:43.948911,28/09/26,11:11:43
18184,0.2,18.184,197.9762428508579,12764816189,2026-09-28 11:12:02.132911,28/09/26,11:12:2
18335,0.2,18.335,196.3457867466594,12764834524,2026-09-28 11:12:20.467911,28/09/26,11:12:20
18490,0.19,18.49,194.6998377501352,12764853014,2026-09-28 11:12:38.957911,28/09/26,11:12:38
18579,0.19,18.579,193.76715646697886,12764871593,2026-09-28 11:12:57.536911,28/09/26,11:12:57
18584,0.19,18.584,193.71502367628068,12764890177,2026-09-28 11:13:16.120911,28/09/26,11:13:16
18606,0.19,18.606,193.48597226701065,12764908783,2026-09-28 11:13:34.726911,28/09/26,11:13:34
18768,0.19,18.768,191.8158567774936,12764927551,2026-09-28 11:13:53.494911,28/09/26,11:13:53
18770,0.19,18.77,191.79541822056473,12764946321,2026-09-28 11:14:12.264911,28/09/26,11:14:12
18752,0.19,18.752,191.97952218430035,12764965073,2026-09-28 11:14:31.016911,28/09/26,11:14:31
18868,0.19,18.868,190.7992368030528,12764983941,2026-09-28 11:14:49.884911,28/09/26,11:14:49
18895,0.19,18.895,190.52659433712623,12765002836,2026-09-28 11:15:08.779911,28/09/26,11:15:8
18898,0.19,18.898,190.49634881998094,12765021734,2026-09-28 11:15:27.677911,28/09/26,11:15:27
19054,0.19,19.054,188.93670620342186,12765040788,2026-09-28 11:15:46.731911,28/09/26,11:15:46
19097,0.19,19.097,188.51128449494686,12765059885,2026-09-28 11:16:05.828911,28/09/26,11:16:5
18983,0.19,18.983,189.64336511615656,12765078868,2026-09-28 11:16:24.811911,28/09/26,11:16:24
19168,0.19,19.168,187.81302170283806,12765098036,2026-09-28 11:16:43.979911,28/09/26,11:16:43
19230,0.19,19.23,187.20748829953197,12765117266,2026-09-28 11:17:03.209911,28/09/26,11:17:3
19234,0.19,19.234,187.16855568264532,12765136500,2026-09-28 11:17:22.443911,28/09/26,11:17:22
19195,0.19,19.195,187.54884084396977,12765155695,2026-09-28 11:17:41.638911,28/09/26,11:17:41
19344,0.19,19.344,186.10421836228286,12765175039,2026-09-28 11:18:00.982911,28/09/26,11:18:0
20238,0.18,20.238,177.88319003854136,12765195277,2026-09-28 11:18:21.220911,28/09/26,11:18:21
30658,0.12,30.658,117.42448952964969,12765225935,2026-09-28 11:18:51.878911,28/09/26,11:18:51
30607,0.12,30.607,117.62015225275263,12765256542,2026-09-28 11:19:22.485911,28/09/26,11:19:22
30626,0.12,30.626,117.54718213282831,12765287168,2026-09-28 11:19:53.111911,28/09/26,11:19:53
30568,0.12,30.568,117.77021722062287,12765317736,2026-09-28 11:20:23.679911,28/09/26,11:20:23
29522,0.12,29.522,121.94295779418738,12765347258,2026-09-28 11:20:53.201911,28/09/26,11:20:53
29887,0.12,29.887,120.45370897045538,12765377145,2026-09-28 11:21:23.088911,28/09/26,11:21:23
29869,0.12,29.869,120.52629816866985,12765407014,2026-09-28 11:21:52.957911,28/09/26,11:21:52
30044,0.12,30.044,119.82425775529224,12765437058,2026-09-28 11:22:23.001911,28/09/26,11:22:23
29564,0.12,29.564,121.76971992964417,12765466622,2026-09-28 11:22:52.565911,28/09/26,11:22:52
29333,0.12,29.333,122.72866737122013,12765495955,2026-09-28 11:23:21.898911,28/09/26,11:23:21
29424,0.12,29.424,122.34910277324633,12765525379,2026-09-28 11:23:51.322911,28/09/26,11:23:51
29369,0.12,29.369,122.57822874459464,12765554748,2026-09-28 11:24:20.691911,28/09/26,11:24:20
28758,0.12,28.758,125.18255789693303,12765583506,2026-09-28 11:24:49.449911,28/09/26,11:24:49
28622,0.12,28.622,125.77737404793515,12765612128,2026-09-28 11:25:18.071911,28/09/26,11:25:18
28475,0.13,28.475,126.42669007901668,12765640603,2026-09-28 11:25:46.546911,28/09/26,11:25:46
28584,0.12,28.584,125.94458438287154,12765669187,2026-09-28 11:26:15.130911,28/09/26,11:26:15
28557,0.13,28.557,126.06366214938544,12765697744,2026-09-28 11:26:43.687911,28/09/26,11:26:43
28656,0.12,28.656,125.62814070351759,12765726400,2026-09-28 11:27:12.343911,28/09/26,11:27:12
28702,0.12,28.702,125.42679952616542,12765755102,2026-09-28 11:27:41.045911,28/09/26,11:27:41
28610,0.12,28.61,125.8301293254107,12765783712,2026-09-28 11:28:09.655911,28/09/26,11:28:9
28563,0.13,28.563,126.03718096838567,12765812275,2026-09-28 11:28:38.218911,28/09/26,11:28:38
28214,0.13,28.214,127.59622882257035,12765840489,2026-09-28 11:29:06.432911,28/09/26,11:29:6
28629,0.12,28.629,125.74662055957246,12765869118,2026-09-28 11:29:35.061911,28/09/26,11:29:35
28665,0.12,28.665,125.58869701726844,12765897783,2026-09-28 11:30:03.726911,28/09/26,11:30:3
28588,0.12,28.588,125.92696236183014,12765926371,2026-09-28 11:30:32.314911,28/09/26,11:30:32
28606,0.12,28.606,125.84772425365308,12765954977,2026-09-28 11:31:00.920911,28/09/26,11:31:0
28490,0.13,28.49,126.36012636012636,12765983467,2026-09-28 11:31:29.410911,28/09/26,11:31:29
28749,0.12,28.749,125.22174684336846,12766012216,2026-09-28 11:31:58.159911,28/09/26,11:31:58
28623,0.12,28.623,125.77297977151242,12766040839,2026-09-28 11:32:26.782911,28/09/26,11:32:26
29000,0.12,29.0,124.13793103448276,12766069839,2026-09-28 11:32:55.782911,28/09/26,11:32:55
6721,0.54,6.721,535.6345781877696,12766076560,2026-09-28 11:33:02.503911,28/09/26,11:33:2
6416,0.56,6.416,561.0972568578553,12766082976,2026-09-28 11:33:08.919911,28/09/26,11:33:8
6406,0.56,6.406,561.973150171714,12766089382,2026-09-28 11:33:15.325911,28/09/26,11:33:15
6384,0.56,6.384,563.9097744360902,12766095766,2026-09-28 11:33:21.709911,28/09/26,11:33:21
5609,0.64,5.609,641.8256373685149,12766101375,2026-09-28 11:33:27.318911,28/09/26,11:33:27
2227,1.62,2.227,1616.5244723843737,12766103602,2026-09-28 11:33:29.545911,28/09/26,11:33:29
2092,1.72,2.092,1720.8413001912045,12766105694,2026-09-28 11:33:31.637911,28/09/26,11:33:31
5503,0.65,5.503,654.1886243866982,12766111197,2026-09-28 11:33:37.140911,28/09/26,11:33:37
5978,0.6,5.978,602.2080963532954,12766117175,2026-09-28 11:33:43.118911,28/09/26,11:33:43
5992,0.6,5.992,600.8010680907877,12766123167,2026-09-28 11:33:49.110911,28/09/26,11:33:49
4118,0.87,4.118,874.2107819329772,12766127285,2026-09-28 11:33:53.228911,28/09/26,11:33:53
1948,1.85,1.948,1848.0492813141684,12766129233,2026-09-28 11:33:55.176911,28/09/26,11:33:55
1935,1.86,1.935,1860.4651162790697,12766131168,2026-09-28 11:33:57.111911,28/09/26,11:33:57
1915,1.88,1.915,1879.8955613577023,12766133083,2026-09-28 11:33:59.026911,28/09/26,11:33:59
1911,1.88,1.911,1883.8304552590266,12766134994,2026-09-28 11:34:00.937911,28/09/26,11:34:0
4181,0.86,4.181,861.0380291796221,12766139175,2026-09-28 11:34:05.118911,28/09/26,11:34:5
5985,0.6,5.985,601.5037593984962,12766145160,2026-09-28 11:34:11.103911,28/09/26,11:34:11
5975,0.6,5.975,602.510460251046,12766151135,2026-09-28 11:34:17.078911,28/09/26,11:34:17
5382,0.67,5.382,668.8963210702341,12766156517,2026-09-28 11:34:22.460911,28/09/26,11:34:22
2146,1.68,2.146,1677.5396085740913,12766158663,2026-09-28 11:34:24.606911,28/09/26,11:34:24
1933,1.86,1.933,1862.3900672529746,12766160596,2026-09-28 11:34:26.539911,28/09/26,11:34:26
1946,1.85,1.946,1849.9486125385406,12766162542,2026-09-28 11:34:28.485911,28/09/26,11:34:28
1943,1.85,1.943,1852.8049408131756,12766164485,2026-09-28 11:34:30.428911,28/09/26,11:34:30
3098,1.16,3.098,1162.0400258231116,12766167583,2026-09-28 11:34:33.526911,28/09/26,11:34:33
5992,0.6,5.992,600.8010680907877,12766173575,2026-09-28 11:34:39.518911,28/09/26,11:34:39
5990,0.6,5.99,601.0016694490818,12766179565,2026-09-28 11:34:45.508911,28/09/26,11:34:45
5903,0.61,5.903,609.8593935287142,12766185468,2026-09-28 11:34:51.411911,28/09/26,11:34:51
2739,1.31,2.739,1314.3483023001095,12766188207,2026-09-28 11:34:54.150911,28/09/26,11:34:54
1941,1.85,1.941,1854.7140649149924,12766190148,2026-09-28 11:34:56.091911,28/09/26,11:34:56
1935,1.86,1.935,1860.4651162790697,12766192083,2026-09-28 11:34:58.026911,28/09/26,11:34:58
1920,1.88,1.92,1875.0,12766194003,2026-09-28 11:34:59.946911,28/09/26,11:34:59
2399,1.5,2.399,1500.625260525219,12766196402,2026-09-28 11:35:02.345911,28/09/26,11:35:2
5996,0.6,5.996,600.400266844563,12766202398,2026-09-28 11:35:08.341911,28/09/26,11:35:8
6011,0.6,6.011,598.9020129762102,12766208409,2026-09-28 11:35:14.352911,28/09/26,11:35:14
6005,0.6,6.005,599.5004163197335,12766214414,2026-09-28 11:35:20.357911,28/09/26,11:35:20
3329,1.08,3.329,1081.4058275758487,12766217743,2026-09-28 11:35:23.686911,28/09/26,11:35:23
1934,1.86,1.934,1861.4270941054808,12766219677,2026-09-28 11:35:25.620911,28/09/26,11:35:25
1950,1.85,1.95,1846.1538461538462,12766221627,2026-09-28 11:35:27.570911,28/09/26,11:35:27
1959,1.84,1.959,1837.6722817764166,12766223586,2026-09-28 11:35:29.529911,28/09/26,11:35:29
2024,1.78,2.024,1778.6561264822135,12766225610,2026-09-28 11:35:31.553911,28/09/26,11:35:31
5383,0.67,5.383,668.7720601894854,12766230993,2026-09-28 11:35:36.936911,28/09/26,11:35:36
6038,0.6,6.038,596.2239152037098,12766237031,2026-09-28 11:35:42.974911,28/09/26,11:35:42
6055,0.59,6.055,594.5499587118085,12766243086,2026-09-28 11:35:49.029911,28/09/26,11:35:49
4313,0.83,4.313,834.6858335265476,12766247399,2026-09-28 11:35:53.342911,28/09/26,11:35:53
1960,1.84,1.96,1836.734693877551,12766249359,2026-09-28 11:35:55.302911,28/09/26,11:35:55
1948,1.85,1.948,1848.0492813141684,12766251307,2026-09-28 11:35:57.250911,28/09/26,11:35:57
1941,1.85,1.941,1854.7140649149924,12766253248,2026-09-28 11:35:59.191911,28/09/26,11:35:59
1957,1.84,1.957,1839.5503321410322,12766255205,2026-09-28 11:36:01.148911,28/09/26,11:36:1
4632,0.78,4.632,777.2020725388601,12766259837,2026-09-28 11:36:05.780911,28/09/26,11:36:5
6041,0.6,6.041,595.9278265187883,12766265878,2026-09-28 11:36:11.821911,28/09/26,11:36:11
6023,0.6,6.023,597.7087829985057,12766271901,2026-09-28 11:36:17.844911,28/09/26,11:36:17
5110,0.7,5.11,704.5009784735812,12766277011,2026-09-28 11:36:22.954911,28/09/26,11:36:22
1935,1.86,1.935,1860.4651162790697,12766278946,2026-09-28 11:36:24.889911,28/09/26,11:36:24
1939,1.86,1.939,1856.62712738525,12766280885,2026-09-28 11:36:26.828911,28/09/26,11:36:26
1964,1.83,1.964,1832.9938900203665,12766282849,2026-09-28 11:36:28.792911,28/09/26,11:36:28
1965,1.83,1.965,1832.0610687022902,12766284814,2026-09-28 11:36:30.757911,28/09/26,11:36:30
4313,0.83,4.313,834.6858335265476,12766289127,2026-09-28 11:36:35.070911,28/09/26,11:36:35
6457,0.56,6.457,557.534458726963,12766295584,2026-09-28 11:36:41.527911,28/09/26,11:36:41
6465,0.56,6.465,556.8445475638051,12766302049,2026-09-28 11:36:47.992911,28/09/26,11:36:47
6458,0.56,6.458,557.4481263549086,12766308507,2026-09-28 11:36:54.450911,28/09/26,11:36:54
6458,0.56,6.458,557.4481263549086,12766314965,2026-09-28 11:37:00.908911,28/09/26,11:37:0
6417,0.56,6.417,561.0098176718093,12766321382,2026-09-28 11:37:07.325911,28/09/26,11:37:7
6449,0.56,6.449,558.2260815630331,12766327831,2026-09-28 11:37:13.774911,28/09/26,11:37:13
6449,0.56,6.449,558.2260815630331,12766334280,2026-09-28 11:37:20.223911,28/09/26,11:37:20
6433,0.56,6.433,559.6144877972952,12766340713,2026-09-28 11:37:26.656911,28/09/26,11:37:26
6445,0.56,6.445,558.5725368502715,12766347158,2026-09-28 11:37:33.101911,28/09/26,11:37:33
6450,0.56,6.45,558.1395348837209,12766353608,2026-09-28 11:37:39.551911,28/09/26,11:37:39
6463,0.56,6.463,557.016865232864,12766360071,2026-09-28 11:37:46.014911,28/09/26,11:37:46
6476,0.56,6.476,555.8987029030266,12766366547,2026-09-28 11:37:52.490911,28/09/26,11:37:52
6477,0.56,6.477,555.812876331635,12766373024,2026-09-28 11:37:58.967911,28/09/26,11:37:58
6443,0.56,6.443,558.7459258109576,12766379467,2026-09-28 11:38:05.410911,28/09/26,11:38:5
6494,0.55,6.494,554.357868801971,12766385961,2026-09-28 11:38:11.904911,28/09/26,11:38:11
6462,0.56,6.462,557.1030640668523,12766392423,2026-09-28 11:38:18.366911,28/09/26,11:38:18
6479,0.56,6.479,555.6413026701651,12766398902,2026-09-28 11:38:24.845911,28/09/26,11:38:24
6468,0.56,6.468,556.5862708719851,12766405370,2026-09-28 11:38:31.313911,28/09/26,11:38:31
6476,0.56,6.476,555.8987029030266,12766411846,2026-09-28 11:38:37.789911,28/09/26,11:38:37
6485,0.56,6.485,555.1272166538165,12766418331,2026-09-28 11:38:44.274911,28/09/26,11:38:44
6480,0.56,6.48,555.5555555555555,12766424811,2026-09-28 11:38:50.754911,28/09/26,11:38:50
6471,0.56,6.471,556.3282336578582,12766431282,2026-09-28 11:38:57.225911,28/09/26,11:38:57
6436,0.56,6.436,559.3536357986327,12766437718,2026-09-28 11:39:03.661911,28/09/26,11:39:3
6438,0.56,6.438,559.1798695246971,12766444156,2026-09-28 11:39:10.099911,28/09/26,11:39:10
6464,0.56,6.464,556.9306930693069,12766450620,2026-09-28 11:39:16.563911,28/09/26,11:39:16
6457,0.56,6.457,557.534458726963,12766457077,2026-09-28 11:39:23.020911,28/09/26,11:39:23
6456,0.56,6.456,557.6208178438661,12766463533,2026-09-28 11:39:29.476911,28/09/26,11:39:29
6456,0.56,6.456,557.6208178438661,12766469989,2026-09-28 11:39:35.932911,28/09/26,11:39:35
6486,0.56,6.486,555.0416281221092,12766476475,2026-09-28 11:39:42.418911,28/09/26,11:39:42
6459,0.56,6.459,557.361820715281,12766482934,2026-09-28 11:39:48.877911,28/09/26,11:39:48
6417,0.56,6.417,561.0098176718093,12766489351,2026-09-28 11:39:55.294911,28/09/26,11:39:55
6398,0.56,6.398,562.6758361988121,12766495749,2026-09-28 11:40:01.692911,28/09/26,11:40:1
6410,0.56,6.41,561.6224648985959,12766502159,2026-09-28 11:40:08.102911,28/09/26,11:40:8
6454,0.56,6.454,557.7936163619461,12766508613,2026-09-28 11:40:14.556911,28/09/26,11:40:14
6442,0.56,6.442,558.8326606643899,12766515055,2026-09-28 11:40:20.998911,28/09/26,11:40:20
6427,0.56,6.427,560.1369223587989,12766521482,2026-09-28 11:40:27.425911,28/09/26,11:40:27
6469,0.56,6.469,556.5002318750966,12766527951,2026-09-28 11:40:33.894911,28/09/26,11:40:33
6467,0.56,6.467,556.6723364775012,12766534418,2026-09-28 11:40:40.361911,28/09/26,11:40:40
6479,0.56,6.479,555.6413026701651,12766540897,2026-09-28 11:40:46.840911,28/09/26,11:40:46
6475,0.56,6.475,555.984555984556,12766547372,2026-09-28 11:40:53.315911,28/09/26,11:40:53
6479,0.56,6.479,555.6413026701651,12766553851,2026-09-28 11:40:59.794911,28/09/26,11:40:59
6444,0.56,6.444,558.659217877095,12766560295,2026-09-28 11:41:06.238911,28/09/26,11:41:6
6462,0.56,6.462,557.1030640668523,12766566757,2026-09-28 11:41:12.700911,28/09/26,11:41:12
6437,0.56,6.437,559.2667391642069,12766573194,2026-09-28 11:41:19.137911,28/09/26,11:41:19
6454,0.56,6.454,557.7936163619461,12766579648,2026-09-28 11:41:25.591911,28/09/26,11:41:25
6461,0.56,6.461,557.1892895836557,12766586109,2026-09-28 11:41:32.052911,28/09/26,11:41:32
6458,0.56,6.458,557.4481263549086,12766592567,2026-09-28 11:41:38.510911,28/09/26,11:41:38
6478,0.56,6.478,555.7270762581044,12766599045,2026-09-28 11:41:44.988911,28/09/26,11:41:44
6471,0.56,6.471,556.3282336578582,12766605516,2026-09-28 11:41:51.459911,28/09/26,11:41:51
6471,0.56,6.471,556.3282336578582,12766611987,2026-09-28 11:41:57.930911,28/09/26,11:41:57
6462,0.56,6.462,557.1030640668523,12766618449,2026-09-28 11:42:04.392911,28/09/26,11:42:4
6477,0.56,6.477,555.812876331635,12766624926,2026-09-28 11:42:10.869911,28/09/26,11:42:10
6484,0.56,6.484,555.2128315854411,12766631410,2026-09-28 11:42:17.353911,28/09/26,11:42:17
6492,0.55,6.492,554.52865064695,12766637902,2026-09-28 11:42:23.845911,28/09/26,11:42:23
6450,0.56,6.45,558.1395348837209,12766644352,2026-09-28 11:42:30.295911,28/09/26,11:42:30
6481,0.56,6.481,555.4698349020213,12766650833,2026-09-28 11:42:36.776911,28/09/26,11:42:36
6478,0.56,6.478,555.7270762581044,12766657311,2026-09-28 11:42:43.254911,28/09/26,11:42:43
6479,0.56,6.479,555.6413026701651,12766663790,2026-09-28 11:42:49.733911,28/09/26,11:42:49
6068,0.59,6.068,593.2762030323006,12766669858,2026-09-28 11:42:55.801911,28/09/26,11:42:55
1931,1.86,1.931,1864.3190056965302,12766671789,2026-09-28 11:42:57.732911,28/09/26,11:42:57
2378,1.51,2.378,1513.8772077375945,12766674167,2026-09-28 11:43:00.110911,28/09/26,11:43:0
2408,1.5,2.408,1495.016611295681,12766676575,2026-09-28 11:43:02.518911,28/09/26,11:43:2
2417,1.49,2.417,1489.4497310715763,12766678992,2026-09-28 11:43:04.935911,28/09/26,11:43:4
2421,1.49,2.421,1486.988847583643,12766681413,2026-09-28 11:43:07.356911,28/09/26,11:43:7
2430,1.48,2.43,1481.4814814814815,12766683843,2026-09-28 11:43:09.786911,28/09/26,11:43:9
2430,1.48,2.43,1481.4814814814815,12766686273,2026-09-28 11:43:12.216911,28/09/26,11:43:12
2431,1.48,2.431,1480.8720691073631,12766688704,2026-09-28 11:43:14.647911,28/09/26,11:43:14
2419,1.49,2.419,1488.2182720132287,12766691123,2026-09-28 11:43:17.066911,28/09/26,11:43:17
2421,1.49,2.421,1486.988847583643,12766693544,2026-09-28 11:43:19.487911,28/09/26,11:43:19
2426,1.48,2.426,1483.924154987634,12766695970,2026-09-28 11:43:21.913911,28/09/26,11:43:21
2421,1.49,2.421,1486.988847583643,12766698391,2026-09-28 11:43:24.334911,28/09/26,11:43:24
2426,1.48,2.426,1483.924154987634,12766700817,2026-09-28 11:43:26.760911,28/09/26,11:43:26
2424,1.49,2.424,1485.148514851485,12766703241,2026-09-28 11:43:29.184911,28/09/26,11:43:29
2430,1.48,2.43,1481.4814814814815,12766705671,2026-09-28 11:43:31.614911,28/09/26,11:43:31
2427,1.48,2.427,1483.3127317676144,12766708098,2026-09-28 11:43:34.041911,28/09/26,11:43:34
2426,1.48,2.426,1483.924154987634,12766710524,2026-09-28 11:43:36.467911,28/09/26,11:43:36
2423,1.49,2.423,1485.7614527445317,12766712947,2026-09-28 11:43:38.890911,28/09/26,11:43:38
2420,1.49,2.42,1487.603305785124,12766715367,2026-09-28 11:43:41.310911,28/09/26,11:43:41
2426,1.48,2.426,1483.924154987634,12766717793,2026-09-28 11:43:43.736911,28/09/26,11:43:43
2427,1.48,2.427,1483.3127317676144,12766720220,2026-09-28 11:43:46.163911,28/09/26,11:43:46
2429,1.48,2.429,1482.0913956360641,12766722649,2026-09-28 11:43:48.592911,28/09/26,11:43:48
2429,1.48,2.429,1482.0913956360641,12766725078,2026-09-28 11:43:51.021911,28/09/26,11:43:51
2425,1.48,2.425,1484.5360824742268,12766727503,2026-09-28 11:43:53.446911,28/09/26,11:43:53
2432,1.48,2.432,1480.2631578947369,12766729935,2026-09-28 11:43:55.878911,28/09/26,11:43:55
2430,1.48,2.43,1481.4814814814815,12766732365,2026-09-28 11:43:58.308911,28/09/26,11:43:58
2428,1.48,2.428,1482.7018121911037,12766734793,2026-09-28 11:44:00.736911,28/09/26,11:44:0
2421,1.49,2.421,1486.988847583643,12766737214,2026-09-28 11:44:03.157911,28/09/26,11:44:3
2426,1.48,2.426,1483.924154987634,12766739640,2026-09-28 11:44:05.583911,28/09/26,11:44:5
2433,1.48,2.433,1479.6547472256473,12766742073,2026-09-28 11:44:08.016911,28/09/26,11:44:8
2439,1.48,2.439,1476.0147601476015,12766744512,2026-09-28 11:44:10.455911,28/09/26,11:44:10
2431,1.48,2.431,1480.8720691073631,12766746943,2026-09-28 11:44:12.886911,28/09/26,11:44:12
2433,1.48,2.433,1479.6547472256473,12766749376,2026-09-28 11:44:15.319911,28/09/26,11:44:15
2425,1.48,2.425,1484.5360824742268,12766751801,2026-09-28 11:44:17.744911,28/09/26,11:44:17
2433,1.48,2.433,1479.6547472256473,12766754234,2026-09-28 11:44:20.177911,28/09/26,11:44:20
2436,1.48,2.436,1477.8325123152708,12766756670,2026-09-28 11:44:22.613911,28/09/26,11:44:22
2444,1.47,2.444,1472.9950900163667,12766759114,2026-09-28 11:44:25.057911,28/09/26,11:44:25
2435,1.48,2.435,1478.4394250513346,12766761549,2026-09-28 11:44:27.492911,28/09/26,11:44:27
2443,1.47,2.443,1473.5980352026197,12766763992,2026-09-28 11:44:29.935911,28/09/26,11:44:29
2436,1.48,2.436,1477.8325123152708,12766766428,2026-09-28 11:44:32.371911,28/09/26,11:44:32
2438,1.48,2.438,1476.6201804757998,12766768866,2026-09-28 11:44:34.809911,28/09/26,11:44:34
2428,1.48,2.428,1482.7018121911037,12766771294,2026-09-28 11:44:37.237911,28/09/26,11:44:37
2424,1.49,2.424,1485.148514851485,12766773718,2026-09-28 11:44:39.661911,28/09/26,11:44:39
2431,1.48,2.431,1480.8720691073631,12766776149,2026-09-28 11:44:42.092911,28/09/26,11:44:42
2431,1.48,2.431,1480.8720691073631,12766778580,2026-09-28 11:44:44.523911,28/09/26,11:44:44
2429,1.48,2.429,1482.0913956360641,12766781009,2026-09-28 11:44:46.952911,28/09/26,11:44:46
2441,1.47,2.441,1474.805407619828,12766783450,2026-09-28 11:44:49.393911,28/09/26,11:44:49
2436,1.48,2.436,1477.8325123152708,12766785886,2026-09-28 11:44:51.829911,28/09/26,11:44:51
2445,1.47,2.445,1472.3926380368098,12766788331,2026-09-28 11:44:54.274911,28/09/26,11:44:54
2445,1.47,2.445,1472.3926380368098,12766790776,2026-09-28 11:44:56.719911,28/09/26,11:44:56
2439,1.48,2.439,1476.0147601476015,12766793215,2026-09-28 11:44:59.158911,28/09/26,11:44:59
2438,1.48,2.438,1476.6201804757998,12766795653,2026-09-28 11:45:01.596911,28/09/26,11:45:1
2433,1.48,2.433,1479.6547472256473,12766798086,2026-09-28 11:45:04.029911,28/09/26,11:45:4
2445,1.47,2.445,1472.3926380368098,12766800531,2026-09-28 11:45:06.474911,28/09/26,11:45:6
2439,1.48,2.439,1476.0147601476015,12766802970,2026-09-28 11:45:08.913911,28/09/26,11:45:8
2439,1.48,2.439,1476.0147601476015,12766805409,2026-09-28 11:45:11.352911,28/09/26,11:45:11
2434,1.48,2.434,1479.0468364831554,12766807843,2026-09-28 11:45:13.786911,28/09/26,11:45:13
2435,1.48,2.435,1478.4394250513346,12766810278,2026-09-28 11:45:16.221911,28/09/26,11:45:16
2434,1.48,2.434,1479.0468364831554,12766812712,2026-09-28 11:45:18.655911,28/09/26,11:45:18
2431,1.48,2.431,1480.8720691073631,12766815143,2026-09-28 11:45:21.086911,28/09/26,11:45:21
2423,1.49,2.423,1485.7614527445317,12766817566,2026-09-28 11:45:23.509911,28/09/26,11:45:23
2435,1.48,2.435,1478.4394250513346,12766820001,2026-09-28 11:45:25.944911,28/09/26,11:45:25
2433,1.48,2.433,1479.6547472256473,12766822434,2026-09-28 11:45:28.377911,28/09/26,11:45:28
2435,1.48,2.435,1478.4394250513346,12766824869,2026-09-28 11:45:30.812911,28/09/26,11:45:30
2431,1.48,2.431,1480.8720691073631,12766827300,2026-09-28 11:45:33.243911,28/09/26,11:45:33
2436,1.48,2.436,1477.8325123152708,12766829736,2026-09-28 11:45:35.679911,28/09/26,11:45:35
2444,1.47,2.444,1472.9950900163667,12766832180,2026-09-28 11:45:38.123911,28/09/26,11:45:38
2437,1.48,2.437,1477.2260976610587,12766834617,2026-09-28 11:45:40.560911,28/09/26,11:45:40
2433,1.48,2.433,1479.6547472256473,12766837050,2026-09-28 11:45:42.993911,28/09/26,11:45:42
2428,1.48,2.428,1482.7018121911037,12766839478,2026-09-28 11:45:45.421911,28/09/26,11:45:45
2425,1.48,2.425,1484.5360824742268,12766841903,2026-09-28 11:45:47.846911,28/09/26,11:45:47
2430,1.48,2.43,1481.4814814814815,12766844333,2026-09-28 11:45:50.276911,28/09/26,11:45:50
2432,1.48,2.432,1480.2631578947369,12766846765,2026-09-28 11:45:52.708911,28/09/26,11:45:52
2429,1.48,2.429,1482.0913956360641,12766849194,2026-09-28 11:45:55.137911,28/09/26,11:45:55
2429,1.48,2.429,1482.0913956360641,12766851623,2026-09-28 11:45:57.566911,28/09/26,11:45:57
2432,1.48,2.432,1480.2631578947369,12766854055,2026-09-28 11:45:59.998911,28/09/26,11:45:59
2418,1.49,2.418,1488.833746898263,12766856473,2026-09-28 11:46:02.416911,28/09/26,11:46:2
2417,1.49,2.417,1489.4497310715763,12766858890,2026-09-28 11:46:04.833911,28/09/26,11:46:4
2430,1.48,2.43,1481.4814814814815,12766861320,2026-09-28 11:46:07.263911,28/09/26,11:46:7
2425,1.48,2.425,1484.5360824742268,12766863745,2026-09-28 11:46:09.688911,28/09/26,11:46:9
2429,1.48,2.429,1482.0913956360641,12766866174,2026-09-28 11:46:12.117911,28/09/26,11:46:12
2433,1.48,2.433,1479.6547472256473,12766868607,2026-09-28 11:46:14.550911,28/09/26,11:46:14
2437,1.48,2.437,1477.2260976610587,12766871044,2026-09-28 11:46:16.987911,28/09/26,11:46:16
2427,1.48,2.427,1483.3127317676144,12766873471,2026-09-28 11:46:19.414911,28/09/26,11:46:19
2429,1.48,2.429,1482.0913956360641,12766875900,2026-09-28 11:46:21.843911,28/09/26,11:46:21
2429,1.48,2.429,1482.0913956360641,12766878329,2026-09-28 11:46:24.272911,28/09/26,11:46:24
2433,1.48,2.433,1479.6547472256473,12766880762,2026-09-28 11:46:26.705911,28/09/26,11:46:26
2433,1.48,2.433,1479.6547472256473,12766883195,2026-09-28 11:46:29.138911,28/09/26,11:46:29
2436,1.48,2.436,1477.8325123152708,12766885631,2026-09-28 11:46:31.574911,28/09/26,11:46:31
1923,1.87,1.923,1872.0748829953197,12766887554,2026-09-28 11:46:33.497911,28/09/26,11:46:33
2314,1.55,2.314,1555.7476231633534,12766889868,2026-09-28 11:46:35.811911,28/09/26,11:46:35
2322,1.55,2.322,1550.3875968992247,12766892190,2026-09-28 11:46:38.133911,28/09/26,11:46:38
2312,1.56,2.312,1557.0934256055364,12766894502,2026-09-28 11:46:40.445911,28/09/26,11:46:40
2460,1.46,2.46,1463.4146341463415,12766896962,2026-09-28 11:46:42.905911,28/09/26,11:46:42
3015,1.19,3.015,1194.0298507462687,12766899977,2026-09-28 11:46:45.920911,28/09/26,11:46:45
2813,1.28,2.813,1279.7724848915748,12766902790,2026-09-28 11:46:48.733911,28/09/26,11:46:48
2822,1.27,2.822,1275.6909992912829,12766905612,2026-09-28 11:46:51.555911,28/09/26,11:46:51
3062,1.17,3.062,1175.7021554539517,12766908674,2026-09-28 11:46:54.617911,28/09/26,11:46:54
3214,1.12,3.214,1120.099564405725,12766911888,2026-09-28 11:46:57.831911,28/09/26,11:46:57
3197,1.13,3.197,1126.0556771973725,12766915085,2026-09-28 11:47:01.028911,28/09/26,11:47:1
3185,1.13,3.185,1130.298273155416,12766918270,2026-09-28 11:47:04.213911,28/09/26,11:47:4
3215,1.12,3.215,1119.751166407465,12766921485,2026-09-28 11:47:07.428911,28/09/26,11:47:7
3204,1.12,3.204,1123.5955056179776,12766924689,2026-09-28 11:47:10.632911,28/09/26,11:47:10
3212,1.12,3.212,1120.7970112079702,12766927901,2026-09-28 11:47:13.844911,28/09/26,11:47:13
3213,1.12,3.213,1120.4481792717088,12766931114,2026-09-28 11:47:17.057911,28/09/26,11:47:17
3220,1.12,3.22,1118.0124223602484,12766934334,2026-09-28 11:47:20.277911,28/09/26,11:47:20
3216,1.12,3.216,1119.402985074627,12766937550,2026-09-28 11:47:23.493911,28/09/26,11:47:23
3343,1.08,3.343,1076.8770565360455,12766940893,2026-09-28 11:47:26.836911,28/09/26,11:47:26
4926,0.73,4.926,730.816077953715,12766945819,2026-09-28 11:47:31.762911,28/09/26,11:47:31
4914,0.73,4.914,732.6007326007326,12766950733,2026-09-28 11:47:36.676911,28/09/26,11:47:36
4914,0.73,4.914,732.6007326007326,12766955647,2026-09-28 11:47:41.590911,28/09/26,11:47:41
4917,0.73,4.917,732.1537522879805,12766960564,2026-09-28 11:47:46.507911,28/09/26,11:47:46
4923,0.73,4.923,731.2614259597806,12766965487,2026-09-28 11:47:51.430911,28/09/26,11:47:51
4935,0.73,4.935,729.483282674772,12766970422,2026-09-28 11:47:56.365911,28/09/26,11:47:56
4934,0.73,4.934,729.6311309282529,12766975356,2026-09-28 11:48:01.299911,28/09/26,11:48:1
4938,0.73,4.938,729.0400972053463,12766980294,2026-09-28 11:48:06.237911,28/09/26,11:48:6
4967,0.72,4.967,724.7835715723777,12766985261,2026-09-28 11:48:11.204911,28/09/26,11:48:11
4964,0.73,4.964,725.2215954875101,12766990225,2026-09-28 11:48:16.168911,28/09/26,11:48:16
4958,0.73,4.958,726.0992335619201,12766995183,2026-09-28 11:48:21.126911,28/09/26,11:48:21
4966,0.72,4.966,724.929520741039,12767000149,2026-09-28 11:48:26.092911,28/09/26,11:48:26
4959,0.73,4.959,725.9528130671506,12767005108,2026-09-28 11:48:31.051911,28/09/26,11:48:31
4957,0.73,4.957,726.2457131329434,12767010065,2026-09-28 11:48:36.008911,28/09/26,11:48:36
4955,0.73,4.955,726.5388496468214,12767015020,2026-09-28 11:48:40.963911,28/09/26,11:48:40
4957,0.73,4.957,726.2457131329434,12767019977,2026-09-28 11:48:45.920911,28/09/26,11:48:45
5704,0.63,5.704,631.1360448807854,12767025681,2026-09-28 11:48:51.624911,28/09/26,11:48:51
7447,0.48,7.447,483.4161407278099,12767033128,2026-09-28 11:48:59.071911,28/09/26,11:48:59
7343,0.49,7.343,490.2628353533978,12767040471,2026-09-28 11:49:06.414911,28/09/26,11:49:6
7365,0.49,7.365,488.79837067209775,12767047836,2026-09-28 11:49:13.779911,28/09/26,11:49:13
7417,0.49,7.417,485.37144398004585,12767055253,2026-09-28 11:49:21.196911,28/09/26,11:49:21
8982,0.4,8.982,400.80160320641284,12767064235,2026-09-28 11:49:30.178911,28/09/26,11:49:30
10633,0.34,10.633,338.56860716636885,12767074868,2026-09-28 11:49:40.811911,28/09/26,11:49:40
10646,0.34,10.646,338.1551756528274,12767085514,2026-09-28 11:49:51.457911,28/09/26,11:49:51
10609,0.34,10.609,339.33452728815155,12767096123,2026-09-28 11:50:02.066911,28/09/26,11:50:2
10633,0.34,10.633,338.56860716636885,12767106756,2026-09-28 11:50:12.699911,28/09/26,11:50:12
10625,0.34,10.625,338.8235294117647,12767117381,2026-09-28 11:50:23.324911,28/09/26,11:50:23
10665,0.34,10.665,337.55274261603375,12767128046,2026-09-28 11:50:33.989911,28/09/26,11:50:33
10724,0.34,10.724,335.6956359567326,12767138770,2026-09-28 11:50:44.713911,28/09/26,11:50:44
10636,0.34,10.636,338.4731101918014,12767149406,2026-09-28 11:50:55.349911,28/09/26,11:50:55
10607,0.34,10.607,339.3985104176487,12767160013,2026-09-28 11:51:05.956911,28/09/26,11:51:5
10710,0.34,10.71,336.1344537815126,12767170723,2026-09-28 11:51:16.666911,28/09/26,11:51:16
10744,0.34,10.744,335.0707371556217,12767181467,2026-09-28 11:51:27.410911,28/09/26,11:51:27
11703,0.31,11.703,307.6134324532171,12767193170,2026-09-28 11:51:39.113911,28/09/26,11:51:39
11939,0.3,11.939,301.5327916910964,12767205109,2026-09-28 11:51:51.052911,28/09/26,11:51:51
11884,0.3,11.884,302.92830696735103,12767216993,2026-09-28 11:52:02.936911,28/09/26,11:52:2
11948,0.3,11.948,301.3056578506863,12767228941,2026-09-28 11:52:14.884911,28/09/26,11:52:14
11870,0.3,11.87,303.2855939342881,12767240811,2026-09-28 11:52:26.754911,28/09/26,11:52:26
11931,0.3,11.931,301.7349761126477,12767252742,2026-09-28 11:52:38.685911,28/09/26,11:52:38
11839,0.3,11.839,304.0797364642284,12767264581,2026-09-28 11:52:50.524911,28/09/26,11:52:50
11945,0.3,11.945,301.38133110087904,12767276526,2026-09-28 11:53:02.469911,28/09/26,11:53:2
14040,0.26,14.04,256.4102564102564,12767290566,2026-09-28 11:53:16.509911,28/09/26,11:53:16
15531,0.23,15.531,231.79447556499903,12767306097,2026-09-28 11:53:32.040911,28/09/26,11:53:32
15671,0.23,15.671,229.7236934464935,12767321768,2026-09-28 11:53:47.711911,28/09/26,11:53:47
15564,0.23,15.564,231.3030069390902,12767337332,2026-09-28 11:54:03.275911,28/09/26,11:54:3
15638,0.23,15.638,230.20846655582557,12767352970,2026-09-28 11:54:18.913911,28/09/26,11:54:18
21507,0.17,21.507,167.38736225414982,12767374477,2026-09-28 11:54:40.420911,28/09/26,11:54:40
22254,0.16,22.254,161.76867080075493,12767396731,2026-09-28 11:55:02.674911,28/09/26,11:55:2
22235,0.16,22.235,161.90690353046998,12767418966,2026-09-28 11:55:24.909911,28/09/26,11:55:24
22444,0.16,22.444,160.39921582605595,12767441410,2026-09-28 11:55:47.353911,28/09/26,11:55:47
22648,0.16,22.648,158.95443306252207,12767464058,2026-09-28 11:56:10.001911,28/09/26,11:56:10
22179,0.16,22.179,162.3157040443663,12767486237,2026-09-28 11:56:32.180911,28/09/26,11:56:32
22507,0.16,22.507,159.95023770382548,12767508744,2026-09-28 11:56:54.687911,28/09/26,11:56:54
22364,0.16,22.364,160.97299230906813,12767531108,2026-09-28 11:57:17.051911,28/09/26,11:57:17
21742,0.17,21.742,165.57814368503358,12767552850,2026-09-28 11:57:38.793911,28/09/26,11:57:38
21733,0.17,21.733,165.64671237288914,12767574583,2026-09-28 11:58:00.526911,28/09/26,11:58:0
21482,0.17,21.482,167.58216180988734,12767596065,2026-09-28 11:58:22.008911,28/09/26,11:58:22
21626,0.17,21.626,166.46629057615831,12767617691,2026-09-28 11:58:43.634911,28/09/26,11:58:43
21644,0.17,21.644,166.32785067455183,12767639335,2026-09-28 11:59:05.278911,28/09/26,11:59:5
21618,0.17,21.618,166.5278934221482,12767660953,2026-09-28 11:59:26.896911,28/09/26,11:59:26
21617,0.17,21.617,166.5355969838553,12767682570,2026-09-28 11:59:48.513911,28/09/26,11:59:48
21646,0.17,21.646,166.31248267578306,12767704216,2026-09-28 12:00:10.159911,28/09/26,12:0:10
21593,0.17,21.593,166.72069652202103,12767725809,2026-09-28 12:00:31.752911,28/09/26,12:0:31
20905,0.17,20.905,172.20760583592443,12767746714,2026-09-28 12:00:52.657911,28/09/26,12:0:52
21226,0.17,21.226,169.60331668708187,12767767940,2026-09-28 12:01:13.883911,28/09/26,12:1:13
21251,0.17,21.251,169.4037927626935,12767789191,2026-09-28 12:01:35.134911,28/09/26,12:1:35
21361,0.17,21.361,168.53143579420438,12767810552,2026-09-28 12:01:56.495911,28/09/26,12:1:56
21298,0.17,21.298,169.02995586440042,12767831850,2026-09-28 12:02:17.793911,28/09/26,12:2:17
20659,0.17,20.659,174.25819255530277,12767852509,2026-09-28 12:02:38.452911,28/09/26,12:2:38
20857,0.17,20.857,172.60392194467084,12767873366,2026-09-28 12:02:59.309911,28/09/26,12:2:59
20878,0.17,20.878,172.43030941661078,12767894244,2026-09-28 12:03:20.187911,28/09/26,12:3:20
21010,0.17,21.01,171.34697762970015,12767915254,2026-09-28 12:03:41.197911,28/09/26,12:3:41
20823,0.17,20.823,172.885751332661,12767936077,2026-09-28 12:04:02.020911,28/09/26,12:4:2
21051,0.17,21.051,171.01325352714835,12767957128,2026-09-28 12:04:23.071911,28/09/26,12:4:23
20876,0.17,20.876,172.44682889442421,12767978004,2026-09-28 12:04:43.947911,28/09/26,12:4:43
20997,0.17,20.997,171.45306472353192,12767999001,2026-09-28 12:05:04.944911,28/09/26,12:5:4
21420,0.17,21.42,168.0672268907563,12768020421,2026-09-28 12:05:26.364911,28/09/26,12:5:26
21479,0.17,21.479,167.6055682294334,12768041900,2026-09-28 12:05:47.843911,28/09/26,12:5:47
24597,0.15,24.597,146.35931211123307,12768066497,2026-09-28 12:06:12.440911,28/09/26,12:6:12
28601,0.12,28.601,125.86972483479599,12768095098,2026-09-28 12:06:41.041911,28/09/26,12:6:41
28542,0.13,28.542,126.12991381122556,12768123640,2026-09-28 12:07:09.583911,28/09/26,12:7:9
28577,0.12,28.577,125.97543479021591,12768152217,2026-09-28 12:07:38.160911,28/09/26,12:7:38
28794,0.12,28.794,125.0260470931444,12768181011,2026-09-28 12:08:06.954911,28/09/26,12:8:6
28632,0.12,28.632,125.73344509639564,12768209643,2026-09-28 12:08:35.586911,28/09/26,12:8:35
28718,0.12,28.718,125.35691900550178,12768238361,2026-09-28 12:09:04.304911,28/09/26,12:9:4
28669,0.12,28.669,125.57117443928982,12768267030,2026-09-28 12:09:32.973911,28/09/26,12:9:32
28790,0.12,28.79,125.04341785342133,12768295820,2026-09-28 12:10:01.763911,28/09/26,12:10:1
28566,0.13,28.566,126.0239445494644,12768324386,2026-09-28 12:10:30.329911,28/09/26,12:10:30
28869,0.12,28.869,124.70123662059649,12768353255,2026-09-28 12:10:59.198911,28/09/26,12:10:59
28699,0.12,28.699,125.43991079828565,12768381954,2026-09-28 12:11:27.897911,28/09/26,12:11:27
29441,0.12,29.441,122.27845521551578,12768411395,2026-09-28 12:11:57.338911,28/09/26,12:11:57
29233,0.12,29.233,123.14849656210447,12768440628,2026-09-28 12:12:26.571911,28/09/26,12:12:26
29771,0.12,29.771,120.92304591716771,12768470399,2026-09-28 12:12:56.342911,28/09/26,12:12:56
29893,0.12,29.893,120.4295319974576,12768500292,2026-09-28 12:13:26.235911,28/09/26,12:13:26
30034,0.12,30.034,119.86415395884664,12768530326,2026-09-28 12:13:56.269911,28/09/26,12:13:56
29801,0.12,29.801,120.80131539210093,12768560127,2026-09-28 12:14:26.070911,28/09/26,12:14:26
29995,0.12,29.995,120.02000333388898,12768590122,2026-09-28 12:14:56.065911,28/09/26,12:14:56
29938,0.12,29.938,120.24851359476251,12768620060,2026-09-28 12:15:26.003911,28/09/26,12:15:26
30045,0.12,30.045,119.82026959560659,12768650105,2026-09-28 12:15:56.048911,28/09/26,12:15:56
29951,0.12,29.951,120.19632065707322,12768680056,2026-09-28 12:16:25.999911,28/09/26,12:16:25
30144,0.12,30.144,119.4267515923567,12768710200,2026-09-28 12:16:56.143911,28/09/26,12:16:56
29950,0.12,29.95,120.20033388981636,12768740150,2026-09-28 12:17:26.093911,28/09/26,12:17:26
30057,0.12,30.057,119.77243237848089,12768770207,2026-09-28 12:17:56.150911,28/09/26,12:17:56
29838,0.12,29.838,120.65151819827067,12768800045,2026-09-28 12:18:25.988911,28/09/26,12:18:25
29926,0.12,29.926,120.29673193878233,12768829971,2026-09-28 12:18:55.914911,28/09/26,12:18:55
29939,0.12,29.939,120.24449714419319,12768859910,2026-09-28 12:19:25.853911,28/09/26,12:19:25
30064,0.12,30.064,119.74454497072911,12768889974,2026-09-28 12:19:55.917911,28/09/26,12:19:55
29687,0.12,29.687,121.2652002560043,12768919661,2026-09-28 12:20:25.604911,28/09/26,12:20:25
29037,0.12,29.037,123.97974997417089,12768948698,2026-09-28 12:20:54.641911,28/09/26,12:20:54
28725,0.12,28.725,125.32637075718016,12768977423,2026-09-28 12:21:23.366911,28/09/26,12:21:23
29417,0.12,29.417,122.37821667743141,12769006840,2026-09-28 12:21:52.783911,28/09/26,12:21:52
29360,0.12,29.36,122.6158038147139,12769036200,2026-09-28 12:22:22.143911,28/09/26,12:22:22
29402,0.12,29.402,122.44065029589824,12769065602,2026-09-28 12:22:51.545911,28/09/26,12:22:51
29372,0.12,29.372,122.56570883834945,12769094974,2026-09-28 12:23:20.917911,28/09/26,12:23:20
29345,0.12,29.345,122.67848014994037,12769124319,2026-09-28 12:23:50.262911,28/09/26,12:23:50
28746,0.12,28.746,125.23481527864746,12769153065,2026-09-28 12:24:19.008911,28/09/26,12:24:19
29273,0.12,29.273,122.98022068117378,12769182338,2026-09-28 12:24:48.281911,28/09/26,12:24:48
29404,0.12,29.404,122.43232213304313,12769211742,2026-09-28 12:25:17.685911,28/09/26,12:25:17
29334,0.12,29.334,122.72448353446512,12769241076,2026-09-28 12:25:47.019911,28/09/26,12:25:47
29483,0.12,29.483,122.1042634738663,12769270559,2026-09-28 12:26:16.502911,28/09/26,12:26:16
29128,0.12,29.128,123.59241966492722,12769299687,2026-09-28 12:26:45.630911,28/09/26,12:26:45
29364,0.12,29.364,122.59910093992644,12769329051,2026-09-28 12:27:14.994911,28/09/26,12:27:14
28470,0.13,28.47,126.44889357218125,12769357521,2026-09-28 12:27:43.464911,28/09/26,12:27:43
15438,0.23,15.438,233.1908278274388,12769372959,2026-09-28 12:27:58.902911,28/09/26,12:27:58
17744,0.2,17.744,202.88548241659151,12769390703,2026-09-28 12:28:16.646911,28/09/26,12:28:16
17719,0.2,17.719,203.1717365539816,12769408422,2026-09-28 12:28:34.365911,28/09/26,12:28:34
17681,0.2,17.681,203.6083931904304,12769426103,2026-09-28 12:28:52.046911,28/09/26,12:28:52
17723,0.2,17.723,203.1258816227501,12769443826,2026-09-28 12:29:09.769911,28/09/26,12:29:9
17787,0.2,17.787,202.3950075898128,12769461613,2026-09-28 12:29:27.556911,28/09/26,12:29:27
18042,0.2,18.042,199.53441968739608,12769479655,2026-09-28 12:29:45.598911,28/09/26,12:29:45
18099,0.2,18.099,198.90601690701143,12769497754,2026-09-28 12:30:03.697911,28/09/26,12:30:3
18043,0.2,18.043,199.52336086016737,12769515797,2026-09-28 12:30:21.740911,28/09/26,12:30:21
18102,0.2,18.102,198.87305270135897,12769533899,2026-09-28 12:30:39.842911,28/09/26,12:30:39
18300,0.2,18.3,196.72131147540983,12769552199,2026-09-28 12:30:58.142911,28/09/26,12:30:58
18228,0.2,18.228,197.49835418038182,12769570427,2026-09-28 12:31:16.370911,28/09/26,12:31:16
18348,0.2,18.348,196.20667102681492,12769588775,2026-09-28 12:31:34.718911,28/09/26,12:31:34
18525,0.19,18.525,194.33198380566802,12769607300,2026-09-28 12:31:53.243911,28/09/26,12:31:53
18526,0.19,18.526,194.32149411637698,12769625826,2026-09-28 12:32:11.769911,28/09/26,12:32:11
18500,0.19,18.5,194.59459459459458,12769644326,2026-09-28 12:32:30.269911,28/09/26,12:32:30
18784,0.19,18.784,191.65247018739353,12769663110,2026-09-28 12:32:49.053911,28/09/26,12:32:49
18816,0.19,18.816,191.3265306122449,12769681926,2026-09-28 12:33:07.869911,28/09/26,12:33:7
18888,0.19,18.888,190.59720457433292,12769700814,2026-09-28 12:33:26.757911,28/09/26,12:33:26
18837,0.19,18.837,191.11323459149546,12769719651,2026-09-28 12:33:45.594911,28/09/26,12:33:45
18869,0.19,18.869,190.78912501987386,12769738520,2026-09-28 12:34:04.463911,28/09/26,12:34:4
18899,0.19,18.899,190.48626911476796,12769757419,2026-09-28 12:34:23.362911,28/09/26,12:34:23
18961,0.19,18.961,189.86340382891197,12769776380,2026-09-28 12:34:42.323911,28/09/26,12:34:42
19086,0.19,19.086,188.6199308393587,12769795466,2026-09-28 12:35:01.409911,28/09/26,12:35:1
18957,0.19,18.957,189.90346573824974,12769814423,2026-09-28 12:35:20.366911,28/09/26,12:35:20
24551,0.15,24.551,146.63353834874343,12769838974,2026-09-28 12:35:44.917911,28/09/26,12:35:44
29408,0.12,29.408,122.41566920565832,12769868382,2026-09-28 12:36:14.325911,28/09/26,12:36:14
29815,0.12,29.815,120.74459164849908,12769898197,2026-09-28 12:36:44.140911,28/09/26,12:36:44
30031,0.12,30.031,119.87612800106557,12769928228,2026-09-28 12:37:14.171911,28/09/26,12:37:14
29858,0.12,29.858,120.57070131957934,12769958086,2026-09-28 12:37:44.029911,28/09/26,12:37:44
30004,0.12,30.004,119.98400213304893,12769988090,2026-09-28 12:38:14.033911,28/09/26,12:38:14
29945,0.12,29.945,120.22040407413591,12770018035,2026-09-28 12:38:43.978911,28/09/26,12:38:43
30007,0.12,30.007,119.97200653180924,12770048042,2026-09-28 12:39:13.985911,28/09/26,12:39:13
29928,0.12,29.928,120.28869286287089,12770077970,2026-09-28 12:39:43.913911,28/09/26,12:39:43
29925,0.12,29.925,120.30075187969925,12770107895,2026-09-28 12:40:13.838911,28/09/26,12:40:13
29893,0.12,29.893,120.4295319974576,12770137788,2026-09-28 12:40:43.731911,28/09/26,12:40:43
29962,0.12,29.962,120.1521927775182,12770167750,2026-09-28 12:41:13.693911,28/09/26,12:41:13
29999,0.12,29.999,120.00400013333778,12770197749,2026-09-28 12:41:43.692911,28/09/26,12:41:43
30056,0.12,30.056,119.77641735427203,12770227805,2026-09-28 12:42:13.748911,28/09/26,12:42:13
29924,0.12,29.924,120.30477208929288,12770257729,2026-09-28 12:42:43.672911,28/09/26,12:42:43
29935,0.12,29.935,120.26056455653917,12770287664,2026-09-28 12:43:13.607911,28/09/26,12:43:13
29171,0.12,29.171,123.41023619347983,12770316835,2026-09-28 12:43:42.778911,28/09/26,12:43:42
29508,0.12,29.508,122.00081333875559,12770346343,2026-09-28 12:44:12.286911,28/09/26,12:44:12
29349,0.12,29.349,122.66176019625881,12770375692,2026-09-28 12:44:41.635911,28/09/26,12:44:41
28993,0.12,28.993,124.16790259717862,12770404685,2026-09-28 12:45:10.628911,28/09/26,12:45:10
29180,0.12,29.18,123.3721727210418,12770433865,2026-09-28 12:45:39.808911,28/09/26,12:45:39
29155,0.12,29.155,123.47796261361688,12770463020,2026-09-28 12:46:08.963911,28/09/26,12:46:8
29421,0.12,29.421,122.3615784643622,12770492441,2026-09-28 12:46:38.384911,28/09/26,12:46:38
29621,0.12,29.621,121.53539718442997,12770522062,2026-09-28 12:47:08.005911,28/09/26,12:47:8
29442,0.12,29.442,122.27430201752598,12770551504,2026-09-28 12:47:37.447911,28/09/26,12:47:37
29459,0.12,29.459,122.20374079228759,12770580963,2026-09-28 12:48:06.906911,28/09/26,12:48:6
29419,0.12,29.419,122.36989700533668,12770610382,2026-09-28 12:48:36.325911,28/09/26,12:48:36
29422,0.12,29.422,122.35741961797295,12770639804,2026-09-28 12:49:05.747911,28/09/26,12:49:5
29402,0.12,29.402,122.44065029589824,12770669206,2026-09-28 12:49:35.149911,28/09/26,12:49:35
29503,0.12,29.503,122.0214893400671,12770698709,2026-09-28 12:50:04.652911,28/09/26,12:50:4
29315,0.12,29.315,122.80402524304964,12770728024,2026-09-28 12:50:33.967911,28/09/26,12:50:33
29425,0.12,29.425,122.34494477485131,12770757449,2026-09-28 12:51:03.392911,28/09/26,12:51:3
29443,0.12,29.443,122.27014910165404,12770786892,2026-09-28 12:51:32.835911,28/09/26,12:51:32
29571,0.12,29.571,121.74089479557675,12770816463,2026-09-28 12:52:02.406911,28/09/26,12:52:2
29445,0.12,29.445,122.26184411614875,12770845908,2026-09-28 12:52:31.851911,28/09/26,12:52:31
29588,0.12,29.588,121.67094768149249,12770875496,2026-09-28 12:53:01.439911,28/09/26,12:53:1
29330,0.12,29.33,122.74122059324924,12770904826,2026-09-28 12:53:30.769911,28/09/26,12:53:30
29565,0.12,29.565,121.76560121765601,12770934391,2026-09-28 12:54:00.334911,28/09/26,12:54:0
29342,0.12,29.342,122.69102310680935,12770963733,2026-09-28 12:54:29.676911,28/09/26,12:54:29
29962,0.12,29.962,120.1521927775182,12770993695,2026-09-28 12:54:59.638911,28/09/26,12:54:59
29771,0.12,29.771,120.92304591716771,12771023466,2026-09-28 12:55:29.409911,28/09/26,12:55:29
30103,0.12,30.103,119.58940969338605,12771053569,2026-09-28 12:55:59.512911,28/09/26,12:55:59
29768,0.12,29.768,120.93523246439129,12771083337,2026-09-28 12:56:29.280911,28/09/26,12:56:29
29608,0.12,29.608,121.58875979465009,12771112945,2026-09-28 12:56:58.888911,28/09/26,12:56:58
29247,0.12,29.247,123.0895476459124,12771142192,2026-09-28 12:57:28.135911,28/09/26,12:57:28
29499,0.12,29.499,122.03803518763348,12771171691,2026-09-28 12:57:57.634911,28/09/26,12:57:57
29298,0.12,29.298,122.87528158918697,12771200989,2026-09-28 12:58:26.932911,28/09/26,12:58:26
29641,0.12,29.641,121.45339226071995,12771230630,2026-09-28 12:58:56.573911,28/09/26,12:58:56
29371,0.12,29.371,122.56988185625276,12771260001,2026-09-28 12:59:25.944911,28/09/26,12:59:25
29732,0.12,29.732,121.08166285483654,12771289733,2026-09-28 12:59:55.676911,28/09/26,12:59:55
29499,0.12,29.499,122.03803518763348,12771319232,2026-09-28 13:00:25.175911,28/09/26,13:0:25
28670,0.12,28.67,125.56679455877223,12771347902,2026-09-28 13:00:53.845911,28/09/26,13:0:53
28739,0.12,28.739,125.26531890462438,12771376641,2026-09-28 13:01:22.584911,28/09/26,13:1:22
30665,0.12,30.665,117.39768465677483,12771407306,2026-09-28 13:01:53.249911,28/09/26,13:1:53
32012,0.11,32.012,112.45782831438211,12771439318,2026-09-28 13:02:25.261911,28/09/26,13:2:25
36787,0.1,36.787,97.86065729741485,12771476105,2026-09-28 13:03:02.048911,28/09/26,13:3:2
27804,0.13,27.804,129.4777729823047,12771503909,2026-09-28 13:03:29.852911,28/09/26,13:3:29
27595,0.13,27.595,130.45841637977895,12771531504,2026-09-28 13:03:57.447911,28/09/26,13:3:57
27355,0.13,27.355,131.60299762383477,12771558859,2026-09-28 13:04:24.802911,28/09/26,13:4:24
27328,0.13,27.328,131.73302107728338,12771586187,2026-09-28 13:04:52.130911,28/09/26,13:4:52
27730,0.13,27.73,129.8232960692391,12771613917,2026-09-28 13:05:19.860911,28/09/26,13:5:19
26964,0.13,26.964,133.5113484646195,12771640881,2026-09-28 13:05:46.824911,28/09/26,13:5:46
26896,0.13,26.896,133.84889946460441,12771667777,2026-09-28 13:06:13.720911,28/09/26,13:6:13
26660,0.14,26.66,135.0337584396099,12771694437,2026-09-28 13:06:40.380911,28/09/26,13:6:40
26730,0.13,26.73,134.68013468013467,12771721167,2026-09-28 13:07:07.110911,28/09/26,13:7:7
26566,0.14,26.566,135.5115561243695,12771747733,2026-09-28 13:07:33.676911,28/09/26,13:7:33
26854,0.13,26.854,134.05824085797275,12771774587,2026-09-28 13:08:00.530911,28/09/26,13:8:0
26500,0.14,26.5,135.8490566037736,12771801087,2026-09-28 13:08:27.030911,28/09/26,13:8:27
26825,0.13,26.825,134.2031686859273,12771827912,2026-09-28 13:08:53.855911,28/09/26,13:8:53
26149,0.14,26.149,137.67256874067843,12771854061,2026-09-28 13:09:20.004911,28/09/26,13:9:20
27003,0.13,27.003,133.31852016442616,12771881064,2026-09-28 13:09:47.007911,28/09/26,13:9:47
26665,0.14,26.665,135.0084380273767,12771907729,2026-09-28 13:10:13.672911,28/09/26,13:10:13
26424,0.14,26.424,136.23978201634878,12771934153,2026-09-28 13:10:40.096911,28/09/26,13:10:40
24828,0.14,24.828,144.99758337361044,12771958981,2026-09-28 13:11:04.924911,28/09/26,13:11:4
15078,0.24,15.078,238.758456028651,12771974059,2026-09-28 13:11:20.002911,28/09/26,13:11:20
16770,0.21,16.77,214.6690518783542,12771990829,2026-09-28 13:11:36.772911,28/09/26,13:11:36
16890,0.21,16.89,213.14387211367674,12772007719,2026-09-28 13:11:53.662911,28/09/26,13:11:53
16938,0.21,16.938,212.53985122210415,12772024657,2026-09-28 13:12:10.600911,28/09/26,13:12:10
16790,0.21,16.79,214.41334127456818,12772041447,2026-09-28 13:12:27.390911,28/09/26,13:12:27
17079,0.21,17.079,210.78517477604075,12772058526,2026-09-28 13:12:44.469911,28/09/26,13:12:44
17174,0.21,17.174,209.6191918015605,12772075700,2026-09-28 13:13:01.643911,28/09/26,13:13:1
17093,0.21,17.093,210.61253144562102,12772092793,2026-09-28 13:13:18.736911,28/09/26,13:13:18
17056,0.21,17.056,211.06941838649155,12772109849,2026-09-28 13:13:35.792911,28/09/26,13:13:35
17352,0.21,17.352,207.4688796680498,12772127201,2026-09-28 13:13:53.144911,28/09/26,13:13:53
17364,0.21,17.364,207.32550103662751,12772144565,2026-09-28 13:14:10.508911,28/09/26,13:14:10
17470,0.21,17.47,206.06754436176303,12772162035,2026-09-28 13:14:27.978911,28/09/26,13:14:27
17721,0.2,17.721,203.14880650076182,12772179756,2026-09-28 13:14:45.699911,28/09/26,13:14:45
17881,0.2,17.881,201.3310217549354,12772197637,2026-09-28 13:15:03.580911,28/09/26,13:15:3
17871,0.2,17.871,201.44367970454928,12772215508,2026-09-28 13:15:21.451911,28/09/26,13:15:21
17864,0.2,17.864,201.52261531571875,12772233372,2026-09-28 13:15:39.315911,28/09/26,13:15:39
18076,0.2,18.076,199.15910599690196,12772251448,2026-09-28 13:15:57.391911,28/09/26,13:15:57
18009,0.2,18.009,199.9000499750125,12772269457,2026-09-28 13:16:15.400911,28/09/26,13:16:15
17816,0.2,17.816,202.0655590480467,12772287273,2026-09-28 13:16:33.216911,28/09/26,13:16:33
18129,0.2,18.129,198.57686579513486,12772305402,2026-09-28 13:16:51.345911,28/09/26,13:16:51
18056,0.2,18.056,199.3797075764289,12772323458,2026-09-28 13:17:09.401911,28/09/26,13:17:9
17910,0.2,17.91,201.00502512562815,12772341368,2026-09-28 13:17:27.311911,28/09/26,13:17:27
18083,0.2,18.083,199.08201072830835,12772359451,2026-09-28 13:17:45.394911,28/09/26,13:17:45
17948,0.2,17.948,200.57945174949856,12772377399,2026-09-28 13:18:03.342911,28/09/26,13:18:3
17829,0.2,17.829,201.91822311963654,12772395228,2026-09-28 13:18:21.171911,28/09/26,13:18:21
17775,0.2,17.775,202.53164556962025,12772413003,2026-09-28 13:18:38.946911,28/09/26,13:18:38
26796,0.13,26.796,134.3484102104792,12772439799,2026-09-28 13:19:05.742911,28/09/26,13:19:5
27272,0.13,27.272,132.00352009386916,12772467071,2026-09-28 13:19:33.014911,28/09/26,13:19:33
27432,0.13,27.432,131.23359580052494,12772494503,2026-09-28 13:20:00.446911,28/09/26,13:20:0
26825,0.13,26.825,134.2031686859273,12772521328,2026-09-28 13:20:27.271911,28/09/26,13:20:27
27286,0.13,27.286,131.9357912482592,12772548614,2026-09-28 13:20:54.557911,28/09/26,13:20:54
26872,0.13,26.872,133.9684429889848,12772575486,2026-09-28 13:21:21.429911,28/09/26,13:21:21
27544,0.13,27.544,130.699970955562,12772603030,2026-09-28 13:21:48.973911,28/09/26,13:21:48
27118,0.13,27.118,132.75315288738108,12772630148,2026-09-28 13:22:16.091911,28/09/26,13:22:16
27270,0.13,27.27,132.01320132013203,12772657418,2026-09-28 13:22:43.361911,28/09/26,13:22:43
26636,0.14,26.636,135.1554287430545,12772684054,2026-09-28 13:23:09.997911,28/09/26,13:23:9
27151,0.13,27.151,132.59180140694633,12772711205,2026-09-28 13:23:37.148911,28/09/26,13:23:37
27198,0.13,27.198,132.36267372600926,12772738403,2026-09-28 13:24:04.346911,28/09/26,13:24:4
27179,0.13,27.179,132.455204385739,12772765582,2026-09-28 13:24:31.525911,28/09/26,13:24:31
27103,0.13,27.103,132.82662435892706,12772792685,2026-09-28 13:24:58.628911,28/09/26,13:24:58
27402,0.13,27.402,131.37727173199036,12772820087,2026-09-28 13:25:26.030911,28/09/26,13:25:26
27644,0.13,27.644,130.22717407032266,12772847731,2026-09-28 13:25:53.674911,28/09/26,13:25:53
27052,0.13,27.052,133.07703681798017,12772874783,2026-09-28 13:26:20.726911,28/09/26,13:26:20
27457,0.13,27.457,131.11410569253744,12772902240,2026-09-28 13:26:48.183911,28/09/26,13:26:48
26926,0.13,26.926,133.69976973928544,12772929166,2026-09-28 13:27:15.109911,28/09/26,13:27:15
27288,0.13,27.288,131.92612137203167,12772956454,2026-09-28 13:27:42.397911,28/09/26,13:27:42
26963,0.13,26.963,133.51630011497238,12772983417,2026-09-28 13:28:09.360911,28/09/26,13:28:9
27152,0.13,27.152,132.58691809074838,12773010569,2026-09-28 13:28:36.512911,28/09/26,13:28:36
27019,0.13,27.019,133.2395721529294,12773037588,2026-09-28 13:29:03.531911,28/09/26,13:29:3
27611,0.13,27.611,130.3828184419253,12773065199,2026-09-28 13:29:31.142911,28/09/26,13:29:31
27572,0.13,27.572,130.56724212969678,12773092771,2026-09-28 13:29:58.714911,28/09/26,13:29:58
27253,0.13,27.253,132.09554911385902,12773120024,2026-09-28 13:30:25.967911,28/09/26,13:30:25
27688,0.13,27.688,130.02022536839064,12773147712,2026-09-28 13:30:53.655911,28/09/26,13:30:53
27384,0.13,27.384,131.46362839614375,12773175096,2026-09-28 13:31:21.039911,28/09/26,13:31:21
27643,0.13,27.643,130.2318851065369,12773202739,2026-09-28 13:31:48.682911,28/09/26,13:31:48
27308,0.13,27.308,131.82950051267028,12773230047,2026-09-28 13:32:15.990911,28/09/26,13:32:15
27751,0.13,27.751,129.72505495297466,12773257798,2026-09-28 13:32:43.741911,28/09/26,13:32:43
27673,0.13,27.673,130.09070212842843,12773285471,2026-09-28 13:33:11.414911,28/09/26,13:33:11
28239,0.13,28.239,127.48326782109848,12773313710,2026-09-28 13:33:39.653911,28/09/26,13:33:39
28198,0.13,28.198,127.66862898077878,12773341908,2026-09-28 13:34:07.851911,28/09/26,13:34:7
28327,0.13,28.327,127.08723126345889,12773370235,2026-09-28 13:34:36.178911,28/09/26,13:34:36
27863,0.13,27.863,129.20360334493773,12773398098,2026-09-28 13:35:04.041911,28/09/26,13:35:4
28320,0.13,28.32,127.11864406779661,12773426418,2026-09-28 13:35:32.361911,28/09/26,13:35:32
27962,0.13,27.962,128.7461554967456,12773454380,2026-09-28 13:36:00.323911,28/09/26,13:36:0
28038,0.13,28.038,128.39717526214423,12773482418,2026-09-28 13:36:28.361911,28/09/26,13:36:28
28485,0.13,28.485,126.38230647709321,12773510903,2026-09-28 13:36:56.846911,28/09/26,13:36:56
28453,0.13,28.453,126.52444381963238,12773539356,2026-09-28 13:37:25.299911,28/09/26,13:37:25
28912,0.12,28.912,124.51577199778639,12773568268,2026-09-28 13:37:54.211911,28/09/26,13:37:54
28605,0.12,28.605,125.85212375458836,12773596873,2026-09-28 13:38:22.816911,28/09/26,13:38:22
28977,0.12,28.977,124.2364634020085,12773625850,2026-09-28 13:38:51.793911,28/09/26,13:38:51
28614,0.12,28.614,125.81253931641854,12773654464,2026-09-28 13:39:20.407911,28/09/26,13:39:20
29045,0.12,29.045,123.94560165260802,12773683509,2026-09-28 13:39:49.452911,28/09/26,13:39:49
28676,0.12,28.676,125.54052169061237,12773712185,2026-09-28 13:40:18.128911,28/09/26,13:40:18
28644,0.12,28.644,125.68077084206116,12773740829,2026-09-28 13:40:46.772911,28/09/26,13:40:46
29002,0.12,29.002,124.12937038824909,12773769831,2026-09-28 13:41:15.774911,28/09/26,13:41:15
29074,0.12,29.074,123.82197152094655,12773798905,2026-09-28 13:41:44.848911,28/09/26,13:41:44
28761,0.12,28.761,125.16950036507771,12773827666,2026-09-28 13:42:13.609911,28/09/26,13:42:13
28620,0.12,28.62,125.78616352201257,12773856286,2026-09-28 13:42:42.229911,28/09/26,13:42:42
28637,0.12,28.637,125.71149212557181,12773884923,2026-09-28 13:43:10.866911,28/09/26,13:43:10
29127,0.12,29.127,123.59666289010197,12773914050,2026-09-28 13:43:39.993911,28/09/26,13:43:39
29008,0.12,29.008,124.10369553226695,12773943058,2026-09-28 13:44:09.001911,28/09/26,13:44:9
29216,0.12,29.216,123.22015334063526,12773972274,2026-09-28 13:44:38.217911,28/09/26,13:44:38
28548,0.13,28.548,126.10340479192938,12774000822,2026-09-28 13:45:06.765911,28/09/26,13:45:6
28970,0.12,28.97,124.26648256817397,12774029792,2026-09-28 13:45:35.735911,28/09/26,13:45:35
28453,0.13,28.453,126.52444381963238,12774058245,2026-09-28 13:46:04.188911,28/09/26,13:46:4
29213,0.12,29.213,123.23280731181323,12774087458,2026-09-28 13:46:33.401911,28/09/26,13:46:33
28856,0.12,28.856,124.75741613529249,12774116314,2026-09-28 13:47:02.257911,28/09/26,13:47:2
29217,0.12,29.217,123.21593592771332,12774145531,2026-09-28 13:47:31.474911,28/09/26,13:47:31
28630,0.12,28.63,125.74222843171498,12774174161,2026-09-28 13:48:00.104911,28/09/26,13:48:0
28829,0.12,28.829,124.87425855908981,12774202990,2026-09-28 13:48:28.933911,28/09/26,13:48:28
28777,0.12,28.777,125.09990617507037,12774231767,2026-09-28 13:48:57.710911,28/09/26,13:48:57
28007,0.13,28.007,128.53929374799156,12774259774,2026-09-28 13:49:25.717911,28/09/26,13:49:25
28090,0.13,28.09,128.15948736205056,12774287864,2026-09-28 13:49:53.807911,28/09/26,13:49:53
28127,0.13,28.127,127.99089842500089,12774315991,2026-09-28 13:50:21.934911,28/09/26,13:50:21
28334,0.13,28.334,127.05583398037693,12774344325,2026-09-28 13:50:50.268911,28/09/26,13:50:50
28131,0.13,28.131,127.97269915751306,12774372456,2026-09-28 13:51:18.399911,28/09/26,13:51:18
28481,0.13,28.481,126.40005617780274,12774400937,2026-09-28 13:51:46.880911,28/09/26,13:51:46
28031,0.13,28.031,128.42923905675858,12774428968,2026-09-28 13:52:14.911911,28/09/26,13:52:14
28266,0.13,28.266,127.36149437486733,12774457234,2026-09-28 13:52:43.177911,28/09/26,13:52:43
27950,0.13,27.95,128.80143112701253,12774485184,2026-09-28 13:53:11.127911,28/09/26,13:53:11
28532,0.13,28.532,126.17412028599468,12774513716,2026-09-28 13:53:39.659911,28/09/26,13:53:39
28451,0.13,28.451,126.53333801975326,12774542167,2026-09-28 13:54:08.110911,28/09/26,13:54:8
28257,0.13,28.257,127.40205966663127,12774570424,2026-09-28 13:54:36.367911,28/09/26,13:54:36
28039,0.13,28.039,128.39259602696245,12774598463,2026-09-28 13:55:04.406911,28/09/26,13:55:4
27951,0.13,27.951,128.79682301169905,12774626414,2026-09-28 13:55:32.357911,28/09/26,13:55:32
15031,0.24,15.031,239.5050229525647,12774641445,2026-09-28 13:55:47.388911,28/09/26,13:55:47
17171,0.21,17.171,209.65581503698095,12774658616,2026-09-28 13:56:04.559911,28/09/26,13:56:4
17385,0.21,17.385,207.07506471095772,12774676001,2026-09-28 13:56:21.944911,28/09/26,13:56:21
17326,0.21,17.326,207.78021470622187,12774693327,2026-09-28 13:56:39.270911,28/09/26,13:56:39
17185,0.21,17.185,209.4850160023276,12774710512,2026-09-28 13:56:56.455911,28/09/26,13:56:56
17252,0.21,17.252,208.6714583816369,12774727764,2026-09-28 13:57:13.707911,28/09/26,13:57:13
17538,0.2,17.538,205.26855969893944,12774745302,2026-09-28 13:57:31.245911,28/09/26,13:57:31
17555,0.2,17.555,205.06978068926233,12774762857,2026-09-28 13:57:48.800911,28/09/26,13:57:48
17405,0.21,17.405,206.83711577133008,12774780262,2026-09-28 13:58:06.205911,28/09/26,13:58:6
17779,0.2,17.779,202.4860790820631,12774798041,2026-09-28 13:58:23.984911,28/09/26,13:58:23
17685,0.2,17.685,203.5623409669211,12774815726,2026-09-28 13:58:41.669911,28/09/26,13:58:41
17681,0.2,17.681,203.6083931904304,12774833407,2026-09-28 13:58:59.350911,28/09/26,13:58:59
17795,0.2,17.795,202.30401798257938,12774851202,2026-09-28 13:59:17.145911,28/09/26,13:59:17
17971,0.2,17.971,200.32274219575984,12774869173,2026-09-28 13:59:35.116911,28/09/26,13:59:35
17834,0.2,17.834,201.86161264999438,12774887007,2026-09-28 13:59:52.950911,28/09/26,13:59:52
17697,0.2,17.697,203.42430920495,12774904704,2026-09-28 14:00:10.647911,28/09/26,14:0:10
17547,0.2,17.547,205.1632757736365,12774922251,2026-09-28 14:00:28.194911,28/09/26,14:0:28
17669,0.2,17.669,203.74667496745712,12774939920,2026-09-28 14:00:45.863911,28/09/26,14:0:45
17625,0.2,17.625,204.25531914893617,12774957545,2026-09-28 14:01:03.488911,28/09/26,14:1:3
17995,0.2,17.995,200.0555709919422,12774975540,2026-09-28 14:01:21.483911,28/09/26,14:1:21
18358,0.2,18.358,196.09979300577405,12774993898,2026-09-28 14:01:39.841911,28/09/26,14:1:39
18842,0.19,18.842,191.06251990234583,12775012740,2026-09-28 14:01:58.683911,28/09/26,14:1:58
18949,0.19,18.949,189.98364029764105,12775031689,2026-09-28 14:02:17.632911,28/09/26,14:2:17
18951,0.19,18.951,189.9635903118569,12775050640,2026-09-28 14:02:36.583911,28/09/26,14:2:36
18938,0.19,18.938,190.09399091773153,12775069578,2026-09-28 14:02:55.521911,28/09/26,14:2:55
18993,0.19,18.993,189.54351603222239,12775088571,2026-09-28 14:03:14.514911,28/09/26,14:3:14
29648,0.12,29.648,121.42471667566109,12775118219,2026-09-28 14:03:44.162911,28/09/26,14:3:44
29893,0.12,29.893,120.4295319974576,12775148112,2026-09-28 14:04:14.055911,28/09/26,14:4:14
30223,0.12,30.223,119.11458161003209,12775178335,2026-09-28 14:04:44.278911,28/09/26,14:4:44
30378,0.12,30.378,118.50681414181315,12775208713,2026-09-28 14:05:14.656911,28/09/26,14:5:14
30311,0.12,30.311,118.76876381511663,12775239024,2026-09-28 14:05:44.967911,28/09/26,14:5:44
30327,0.12,30.327,118.70610347215353,12775269351,2026-09-28 14:06:15.294911,28/09/26,14:6:15
30403,0.12,30.403,118.40936749662862,12775299754,2026-09-28 14:06:45.697911,28/09/26,14:6:45
30398,0.12,30.398,118.42884400289493,12775330152,2026-09-28 14:07:16.095911,28/09/26,14:7:16
30259,0.12,30.259,118.97286757658878,12775360411,2026-09-28 14:07:46.354911,28/09/26,14:7:46
30388,0.12,30.388,118.46781624325392,12775390799,2026-09-28 14:08:16.742911,28/09/26,14:8:16
30331,0.12,30.331,118.69044871583529,12775421130,2026-09-28 14:08:47.073911,28/09/26,14:8:47
30320,0.12,30.32,118.7335092348285,12775451450,2026-09-28 14:09:17.393911,28/09/26,14:9:17
30420,0.12,30.42,118.34319526627219,12775481870,2026-09-28 14:09:47.813911,28/09/26,14:9:47
30194,0.12,30.194,119.22898589123668,12775512064,2026-09-28 14:10:18.007911,28/09/26,14:10:18
30243,0.12,30.243,119.03580993949014,12775542307,2026-09-28 14:10:48.250911,28/09/26,14:10:48
30494,0.12,30.494,118.05601101856102,12775572801,2026-09-28 14:11:18.744911,28/09/26,14:11:18
30979,0.12,30.979,116.20775363956228,12775603780,2026-09-28 14:11:49.723911,28/09/26,14:11:49
30913,0.12,30.913,116.4558599941772,12775634693,2026-09-28 14:12:20.636911,28/09/26,14:12:20
30817,0.12,30.817,116.81863906285491,12775665510,2026-09-28 14:12:51.453911,28/09/26,14:12:51
30763,0.12,30.763,117.02369729870298,12775696273,2026-09-28 14:13:22.216911,28/09/26,14:13:22
30826,0.12,30.826,116.78453253746837,12775727099,2026-09-28 14:13:53.042911,28/09/26,14:13:53
30847,0.12,30.847,116.7050280416248,12775757946,2026-09-28 14:14:23.889911,28/09/26,14:14:23
30905,0.12,30.905,116.48600550072804,12775788851,2026-09-28 14:14:54.794911,28/09/26,14:14:54
30806,0.12,30.806,116.860351879504,12775819657,2026-09-28 14:15:25.600911,28/09/26,14:15:25
30552,0.12,30.552,117.8318931657502,12775850209,2026-09-28 14:15:56.152911,28/09/26,14:15:56
30464,0.12,30.464,118.17226890756302,12775880673,2026-09-28 14:16:26.616911,28/09/26,14:16:26
30518,0.12,30.518,117.96316927714791,12775911191,2026-09-28 14:16:57.134911,28/09/26,14:16:57
30586,0.12,30.586,117.70090891257438,12775941777,2026-09-28 14:17:27.720911,28/09/26,14:17:27
30568,0.12,30.568,117.77021722062287,12775972345,2026-09-28 14:17:58.288911,28/09/26,14:17:58
30521,0.12,30.521,117.95157432587399,12776002866,2026-09-28 14:18:28.809911,28/09/26,14:18:28
30613,0.12,30.613,117.5970992715513,12776033479,2026-09-28 14:18:59.422911,28/09/26,14:18:59
30568,0.12,30.568,117.77021722062287,12776064047,2026-09-28 14:19:29.990911,28/09/26,14:19:29
30568,0.12,30.568,117.77021722062287,12776094615,2026-09-28 14:20:00.558911,28/09/26,14:20:0
30527,0.12,30.527,117.9283912601959,12776125142,2026-09-28 14:20:31.085911,28/09/26,14:20:31
30519,0.12,30.519,117.95930404010616,12776155661,2026-09-28 14:21:01.604911,28/09/26,14:21:1
30593,0.12,30.593,117.67397770731867,12776186254,2026-09-28 14:21:32.197911,28/09/26,14:21:32
30695,0.12,30.695,117.28294510506598,12776216949,2026-09-28 14:22:02.892911,28/09/26,14:22:2
30659,0.12,30.659,117.42065951270426,12776247608,2026-09-28 14:22:33.551911,28/09/26,14:22:33
30662,0.12,30.662,117.40917096079838,12776278270,2026-09-28 14:23:04.213911,28/09/26,14:23:4
30545,0.12,30.545,117.85889670977247,12776308815,2026-09-28 14:23:34.758911,28/09/26,14:23:34
30647,0.12,30.647,117.46663621235358,12776339462,2026-09-28 14:24:05.405911,28/09/26,14:24:5
30720,0.12,30.72,117.1875,12776370182,2026-09-28 14:24:36.125911,28/09/26,14:24:36
30749,0.12,30.749,117.07697811310936,12776400931,2026-09-28 14:25:06.874911,28/09/26,14:25:6
30644,0.12,30.644,117.47813601357525,12776431575,2026-09-28 14:25:37.518911,28/09/26,14:25:37
30769,0.12,30.769,117.0008775065813,12776462344,2026-09-28 14:26:08.287911,28/09/26,14:26:8
30569,0.12,30.569,117.76636461775001,12776492913,2026-09-28 14:26:38.856911,28/09/26,14:26:38
30606,0.12,30.606,117.62399529504019,12776523519,2026-09-28 14:27:09.462911,28/09/26,14:27:9
30732,0.12,30.732,117.14174150722374,12776554251,2026-09-28 14:27:40.194911,28/09/26,14:27:40
30688,0.12,30.688,117.3096976016684,12776584939,2026-09-28 14:28:10.882911,28/09/26,14:28:10
30615,0.12,30.615,117.58941695247428,12776615554,2026-09-28 14:28:41.497911,28/09/26,14:28:41
30666,0.12,30.666,117.39385638818236,12776646220,2026-09-28 14:29:12.163911,28/09/26,14:29:12
30694,0.12,30.694,117.28676614322018,12776676914,2026-09-28 14:29:42.857911,28/09/26,14:29:42
30600,0.12,30.6,117.6470588235294,12776707514,2026-09-28 14:30:13.457911,28/09/26,14:30:13
30464,0.12,30.464,118.17226890756302,12776737978,2026-09-28 14:30:43.921911,28/09/26,14:30:43
30636,0.12,30.636,117.50881316098707,12776768614,2026-09-28 14:31:14.557911,28/09/26,14:31:14
30690,0.12,30.69,117.30205278592375,12776799304,2026-09-28 14:31:45.247911,28/09/26,14:31:45
30633,0.12,30.633,117.52032122221134,12776829937,2026-09-28 14:32:15.880911,28/09/26,14:32:15
30557,0.12,30.557,117.81261249468207,12776860494,2026-09-28 14:32:46.437911,28/09/26,14:32:46
30574,0.12,30.574,117.74710538365932,12776891068,2026-09-28 14:33:17.011911,28/09/26,14:33:17
30707,0.12,30.707,117.2371120591396,12776921775,2026-09-28 14:33:47.718911,28/09/26,14:33:47
30609,0.12,30.609,117.61246692149368,12776952384,2026-09-28 14:34:18.327911,28/09/26,14:34:18
30768,0.12,30.768,117.00468018720748,12776983152,2026-09-28 14:34:49.095911,28/09/26,14:34:49
30823,0.12,30.823,116.79589916620705,12777013975,2026-09-28 14:35:19.918911,28/09/26,14:35:19
30734,0.12,30.734,117.13411856575779,12777044709,2026-09-28 14:35:50.652911,28/09/26,14:35:50
30733,0.12,30.733,117.13792991247193,12777075442,2026-09-28 14:36:21.385911,28/09/26,14:36:21
30775,0.12,30.775,116.97806661251015,12777106217,2026-09-28 14:36:52.160911,28/09/26,14:36:52
30724,0.12,30.724,117.17224319750032,12777136941,2026-09-28 14:37:22.884911,28/09/26,14:37:22
30648,0.12,30.648,117.46280344557557,12777167589,2026-09-28 14:37:53.532911,28/09/26,14:37:53
30666,0.12,30.666,117.39385638818236,12777198255,2026-09-28 14:38:24.198911,28/09/26,14:38:24
30707,0.12,30.707,117.2371120591396,12777228962,2026-09-28 14:38:54.905911,28/09/26,14:38:54
30790,0.12,30.79,116.92107827216628,12777259752,2026-09-28 14:39:25.695911,28/09/26,14:39:25
30704,0.12,30.704,117.24856696195936,12777290456,2026-09-28 14:39:56.399911,28/09/26,14:39:56
30678,0.12,30.678,117.34793663211421,12777321134,2026-09-28 14:40:27.077911,28/09/26,14:40:27
23595,0.15,23.595,152.57469802924348,12777344729,2026-09-28 14:40:50.672911,28/09/26,14:40:50
18349,0.2,18.349,196.19597798245135,12777363078,2026-09-28 14:41:09.021911,28/09/26,14:41:9
18229,0.2,18.229,197.4875198858961,12777381307,2026-09-28 14:41:27.250911,28/09/26,14:41:27
18267,0.2,18.267,197.07669568073575,12777399574,2026-09-28 14:41:45.517911,28/09/26,14:41:45
18285,0.2,18.285,196.88269073010665,12777417859,2026-09-28 14:42:03.802911,28/09/26,14:42:3
18353,0.2,18.353,196.15321745763634,12777436212,2026-09-28 14:42:22.155911,28/09/26,14:42:22
18451,0.19,18.451,195.1113760771774,12777454663,2026-09-28 14:42:40.606911,28/09/26,14:42:40
18544,0.19,18.544,194.13287316652287,12777473207,2026-09-28 14:42:59.150911,28/09/26,14:42:59
18606,0.19,18.606,193.48597226701065,12777491813,2026-09-28 14:43:17.756911,28/09/26,14:43:17
18758,0.19,18.758,191.91811493762663,12777510571,2026-09-28 14:43:36.514911,28/09/26,14:43:36
18729,0.19,18.729,192.21528111484864,12777529300,2026-09-28 14:43:55.243911,28/09/26,14:43:55
18844,0.19,18.844,191.042241562301,12777548144,2026-09-28 14:44:14.087911,28/09/26,14:44:14
18865,0.19,18.865,190.82957858468063,12777567009,2026-09-28 14:44:32.952911,28/09/26,14:44:32
18933,0.19,18.933,190.1441926794486,12777585942,2026-09-28 14:44:51.885911,28/09/26,14:44:51
19096,0.19,19.096,188.52115626309174,12777605038,2026-09-28 14:45:10.981911,28/09/26,14:45:10
19194,0.19,19.194,187.5586120662707,12777624232,2026-09-28 14:45:30.175911,28/09/26,14:45:30
19505,0.18,19.505,184.56805947193027,12777643737,2026-09-28 14:45:49.680911,28/09/26,14:45:49
19563,0.18,19.563,184.020855696979,12777663300,2026-09-28 14:46:09.243911,28/09/26,14:46:9
19630,0.18,19.63,183.39276617422314,12777682930,2026-09-28 14:46:28.873911,28/09/26,14:46:28
19705,0.18,19.705,182.69474752600863,12777702635,2026-09-28 14:46:48.578911,28/09/26,14:46:48
19603,0.18,19.603,183.64536040401978,12777722238,2026-09-28 14:47:08.181911,28/09/26,14:47:8
19660,0.18,19.66,183.11291963377417,12777741898,2026-09-28 14:47:27.841911,28/09/26,14:47:27
19740,0.18,19.74,182.370820668693,12777761638,2026-09-28 14:47:47.581911,28/09/26,14:47:47
19522,0.18,19.522,184.4073353140047,12777781160,2026-09-28 14:48:07.103911,28/09/26,14:48:7
19554,0.18,19.554,184.10555385087451,12777800714,2026-09-28 14:48:26.657911,28/09/26,14:48:26
27582,0.13,27.582,130.51990428540353,12777828296,2026-09-28 14:48:54.239911,28/09/26,14:48:54
31134,0.12,31.134,115.62921564848719,12777859430,2026-09-28 14:49:25.373911,28/09/26,14:49:25
31290,0.12,31.29,115.05273250239694,12777890720,2026-09-28 14:49:56.663911,28/09/26,14:49:56
31199,0.12,31.199,115.3883137280041,12777921919,2026-09-28 14:50:27.862911,28/09/26,14:50:27
31292,0.12,31.292,115.04537901060974,12777953211,2026-09-28 14:50:59.154911,28/09/26,14:50:59
31183,0.12,31.183,115.44751948176891,12777984394,2026-09-28 14:51:30.337911,28/09/26,14:51:30
31322,0.11,31.322,114.93518932379797,12778015716,2026-09-28 14:52:01.659911,28/09/26,14:52:1
31205,0.12,31.205,115.36612722320142,12778046921,2026-09-28 14:52:32.864911,28/09/26,14:52:32
31283,0.12,31.283,115.07847712815267,12778078204,2026-09-28 14:53:04.147911,28/09/26,14:53:4
31116,0.12,31.116,115.69610489780177,12778109320,2026-09-28 14:53:35.263911,28/09/26,14:53:35
30979,0.12,30.979,116.20775363956228,12778140299,2026-09-28 14:54:06.242911,28/09/26,14:54:6
29852,0.12,29.852,120.59493501272947,12778170151,2026-09-28 14:54:36.094911,28/09/26,14:54:36
30713,0.12,30.713,117.21420896688699,12778200864,2026-09-28 14:55:06.807911,28/09/26,14:55:6
30696,0.12,30.696,117.27912431587177,12778231560,2026-09-28 14:55:37.503911,28/09/26,14:55:37
30765,0.12,30.765,117.01608971233544,12778262325,2026-09-28 14:56:08.268911,28/09/26,14:56:8
30742,0.12,30.742,117.10363671849586,12778293067,2026-09-28 14:56:39.010911,28/09/26,14:56:39
30175,0.12,30.175,119.30405965202982,12778323242,2026-09-28 14:57:09.185911,28/09/26,14:57:9
30195,0.12,30.195,119.22503725782414,12778353437,2026-09-28 14:57:39.380911,28/09/26,14:57:39
30258,0.12,30.258,118.9767995240928,12778383695,2026-09-28 14:58:09.638911,28/09/26,14:58:9
30290,0.12,30.29,118.8511059755695,12778413985,2026-09-28 14:58:39.928911,28/09/26,14:58:39
30257,0.12,30.257,118.98073173150014,12778444242,2026-09-28 14:59:10.185911,28/09/26,14:59:10
30273,0.12,30.273,118.91784758695867,12778474515,2026-09-28 14:59:40.458911,28/09/26,14:59:40
30086,0.12,30.086,119.65698331449843,12778504601,2026-09-28 15:00:10.544911,28/09/26,15:0:10
28962,0.12,28.962,124.30080795525171,12778533563,2026-09-28 15:00:39.506911,28/09/26,15:0:39
29589,0.12,29.589,121.66683564838284,12778563152,2026-09-28 15:01:09.095911,28/09/26,15:1:9
29652,0.12,29.652,121.40833670578714,12778592804,2026-09-28 15:01:38.747911,28/09/26,15:1:38
29064,0.12,29.064,123.86457473162676,12778621868,2026-09-28 15:02:07.811911,28/09/26,15:2:7
27830,0.13,27.83,129.35680919870643,12778649698,2026-09-28 15:02:35.641911,28/09/26,15:2:35
29738,0.12,29.738,121.0572331696819,12778679436,2026-09-28 15:03:05.379911,28/09/26,15:3:5
29704,0.12,29.704,121.19579854565042,12778709140,2026-09-28 15:03:35.083911,28/09/26,15:3:35
29708,0.12,29.708,121.1794802746735,12778738848,2026-09-28 15:04:04.791911,28/09/26,15:4:4
29657,0.12,29.657,121.38786795697474,12778768505,2026-09-28 15:04:34.448911,28/09/26,15:4:34
30175,0.12,30.175,119.30405965202982,12778798680,2026-09-28 15:05:04.623911,28/09/26,15:5:4
30613,0.12,30.613,117.5970992715513,12778829293,2026-09-28 15:05:35.236911,28/09/26,15:5:35
30652,0.12,30.652,117.4474748792901,12778859945,2026-09-28 15:06:05.888911,28/09/26,15:6:5
30730,0.12,30.73,117.14936544093719,12778890675,2026-09-28 15:06:36.618911,28/09/26,15:6:36
30913,0.12,30.913,116.4558599941772,12778921588,2026-09-28 15:07:07.531911,28/09/26,15:7:7
30706,0.12,30.706,117.24093011137889,12778952294,2026-09-28 15:07:38.237911,28/09/26,15:7:38
30719,0.12,30.719,117.19131482144601,12778983013,2026-09-28 15:08:08.956911,28/09/26,15:8:8
30669,0.12,30.669,117.38237308030911,12779013682,2026-09-28 15:08:39.625911,28/09/26,15:8:39
30856,0.12,30.856,116.6709878143635,12779044538,2026-09-28 15:09:10.481911,28/09/26,15:9:10
30638,0.12,30.638,117.5011423722175,12779075176,2026-09-28 15:09:41.119911,28/09/26,15:9:41
30751,0.12,30.751,117.06936359793177,12779105927,2026-09-28 15:10:11.870911,28/09/26,15:10:11
30904,0.12,30.904,116.48977478643542,12779136831,2026-09-28 15:10:42.774911,28/09/26,15:10:42
31000,0.12,31.0,116.12903225806451,12779167831,2026-09-28 15:11:13.774911,28/09/26,15:11:13
31480,0.11,31.48,114.35832274459975,12779199311,2026-09-28 15:11:45.254911,28/09/26,15:11:45
31278,0.12,31.278,115.09687320161136,12779230589,2026-09-28 15:12:16.532911,28/09/26,15:12:16
31321,0.11,31.321,114.93885891255069,12779261910,2026-09-28 15:12:47.853911,28/09/26,15:12:47
31144,0.12,31.144,115.59208836372977,12779293054,2026-09-28 15:13:18.997911,28/09/26,15:13:18
31325,0.11,31.325,114.9241819632881,12779324379,2026-09-28 15:13:50.322911,28/09/26,15:13:50
31387,0.11,31.387,114.69716761716634,12779355766,2026-09-28 15:14:21.709911,28/09/26,15:14:21
31410,0.11,31.41,114.61318051575931,12779387176,2026-09-28 15:14:53.119911,28/09/26,15:14:53
31380,0.11,31.38,114.72275334608031,12779418556,2026-09-28 15:15:24.499911,28/09/26,15:15:24
31342,0.11,31.342,114.86184672324676,12779449898,2026-09-28 15:15:55.841911,28/09/26,15:15:55
31254,0.12,31.254,115.18525628719524,12779481152,2026-09-28 15:16:27.095911,28/09/26,15:16:27
31366,0.11,31.366,114.7739590639546,12779512518,2026-09-28 15:16:58.461911,28/09/26,15:16:58
31372,0.11,31.372,114.75200816014281,12779543890,2026-09-28 15:17:29.833911,28/09/26,15:17:29
31384,0.11,31.384,114.70813153199083,12779575274,2026-09-28 15:18:01.217911,28/09/26,15:18:1
31427,0.11,31.427,114.55118210455977,12779606701,2026-09-28 15:18:32.644911,28/09/26,15:18:32
31275,0.12,31.275,115.10791366906474,12779637976,2026-09-28 15:19:03.919911,28/09/26,15:19:3
31172,0.12,31.172,115.48825869369948,12779669148,2026-09-28 15:19:35.091911,28/09/26,15:19:35
31262,0.12,31.262,115.15578018041072,12779700410,2026-09-28 15:20:06.353911,28/09/26,15:20:6
31236,0.12,31.236,115.2516327314637,12779731646,2026-09-28 15:20:37.589911,28/09/26,15:20:37
31333,0.11,31.333,114.89483930680113,12779762979,2026-09-28 15:21:08.922911,28/09/26,15:21:8
31368,0.11,31.368,114.76664116296863,12779794347,2026-09-28 15:21:40.290911,28/09/26,15:21:40
31253,0.12,31.253,115.18894186158128,12779825600,2026-09-28 15:22:11.543911,28/09/26,15:22:11
31355,0.11,31.355,114.8142242066656,12779856955,2026-09-28 15:22:42.898911,28/09/26,15:22:42
31155,0.12,31.155,115.55127587867116,12779888110,2026-09-28 15:23:14.053911,28/09/26,15:23:14
31015,0.12,31.015,116.07286796711269,12779919125,2026-09-28 15:23:45.068911,28/09/26,15:23:45
31248,0.12,31.248,115.2073732718894,12779950373,2026-09-28 15:24:16.316911,28/09/26,15:24:16
31402,0.11,31.402,114.64237946627604,12779981775,2026-09-28 15:24:47.718911,28/09/26,15:24:47
31250,0.12,31.25,115.2,12780013025,2026-09-28 15:25:18.968911,28/09/26,15:25:18
31313,0.11,31.313,114.96822406029445,12780044338,2026-09-28 15:25:50.281911,28/09/26,15:25:50
17629,0.2,17.629,204.2089738499064,12780061967,2026-09-28 15:26:07.910911,28/09/26,15:26:7
18454,0.19,18.454,195.07965752682344,12780080421,2026-09-28 15:26:26.364911,28/09/26,15:26:26
18427,0.19,18.427,195.36549628262875,12780098848,2026-09-28 15:26:44.791911,28/09/26,15:26:44
18430,0.19,18.43,195.33369506239828,12780117278,2026-09-28 15:27:03.221911,28/09/26,15:27:3
18441,0.19,18.441,195.21717911176182,12780135719,2026-09-28 15:27:21.662911,28/09/26,15:27:21
18625,0.19,18.625,193.28859060402684,12780154344,2026-09-28 15:27:40.287911,28/09/26,15:27:40
18770,0.19,18.77,191.79541822056473,12780173114,2026-09-28 15:27:59.057911,28/09/26,15:27:59
18791,0.19,18.791,191.5810760470438,12780191905,2026-09-28 15:28:17.848911,28/09/26,15:28:17
18935,0.19,18.935,190.12410879324003,12780210840,2026-09-28 15:28:36.783911,28/09/26,15:28:36
18864,0.19,18.864,190.83969465648855,12780229704,2026-09-28 15:28:55.647911,28/09/26,15:28:55
19020,0.19,19.02,189.2744479495268,12780248724,2026-09-28 15:29:14.667911,28/09/26,15:29:14
19134,0.19,19.134,188.14675446848543,12780267858,2026-09-28 15:29:33.801911,28/09/26,15:29:33
19110,0.19,19.11,188.38304552590267,12780286968,2026-09-28 15:29:52.911911,28/09/26,15:29:52
19189,0.19,19.189,187.60748345406222,12780306157,2026-09-28 15:30:12.100911,28/09/26,15:30:12
19169,0.19,19.169,187.80322395534458,12780325326,2026-09-28 15:30:31.269911,28/09/26,15:30:31
19258,0.19,19.258,186.9352996157441,12780344584,2026-09-28 15:30:50.527911,28/09/26,15:30:50
19241,0.19,19.241,187.10046255392132,12780363825,2026-09-28 15:31:09.768911,28/09/26,15:31:9
19352,0.19,19.352,186.02728400165358,12780383177,2026-09-28 15:31:29.120911,28/09/26,15:31:29
19371,0.19,19.371,185.84481957565433,12780402548,2026-09-28 15:31:48.491911,28/09/26,15:31:48
19394,0.19,19.394,185.62441992368773,12780421942,2026-09-28 15:32:07.885911,28/09/26,15:32:7
19455,0.19,19.455,185.04240555127217,12780441397,2026-09-28 15:32:27.340911,28/09/26,15:32:27
19496,0.18,19.496,184.65326220763234,12780460893,2026-09-28 15:32:46.836911,28/09/26,15:32:46
19538,0.18,19.538,184.25632101545705,12780480431,2026-09-28 15:33:06.374911,28/09/26,15:33:6
19452,0.19,19.452,185.0709438618137,12780499883,2026-09-28 15:33:25.826911,28/09/26,15:33:25
23473,0.15,23.473,153.36769905849275,12780523356,2026-09-28 15:33:49.299911,28/09/26,15:33:49
31198,0.12,31.198,115.39201230848131,12780554554,2026-09-28 15:34:20.497911,28/09/26,15:34:20
31268,0.12,31.268,115.13368299859282,12780585822,2026-09-28 15:34:51.765911,28/09/26,15:34:51
31249,0.12,31.249,115.20368651796858,12780617071,2026-09-28 15:35:23.014911,28/09/26,15:35:23
31338,0.11,31.338,114.87650775416428,12780648409,2026-09-28 15:35:54.352911,28/09/26,15:35:54
31427,0.11,31.427,114.55118210455977,12780679836,2026-09-28 15:36:25.779911,28/09/26,15:36:25
31292,0.12,31.292,115.04537901060974,12780711128,2026-09-28 15:36:57.071911,28/09/26,15:36:57
31432,0.11,31.432,114.53296004072283,12780742560,2026-09-28 15:37:28.503911,28/09/26,15:37:28
31423,0.11,31.423,114.56576393087866,12780773983,2026-09-28 15:37:59.926911,28/09/26,15:37:59
31293,0.12,31.293,115.04170261719874,12780805276,2026-09-28 15:38:31.219911,28/09/26,15:38:31
31397,0.11,31.397,114.66063636653183,12780836673,2026-09-28 15:39:02.616911,28/09/26,15:39:2
31463,0.11,31.463,114.42011251311064,12780868136,2026-09-28 15:39:34.079911,28/09/26,15:39:34
31379,0.11,31.379,114.72640938207081,12780899515,2026-09-28 15:40:05.458911,28/09/26,15:40:5
31332,0.11,31.332,114.89850631941785,12780930847,2026-09-28 15:40:36.790911,28/09/26,15:40:36
31308,0.11,31.308,114.98658489842852,12780962155,2026-09-28 15:41:08.098911,28/09/26,15:41:8
31409,0.11,31.409,114.61682957114203,12780993564,2026-09-28 15:41:39.507911,28/09/26,15:41:39
31322,0.11,31.322,114.93518932379797,12781024886,2026-09-28 15:42:10.829911,28/09/26,15:42:10
31541,0.11,31.541,114.1371548143686,12781056427,2026-09-28 15:42:42.370911,28/09/26,15:42:42
31426,0.11,31.426,114.55482721313562,12781087853,2026-09-28 15:43:13.796911,28/09/26,15:43:13
31260,0.12,31.26,115.16314779270634,12781119113,2026-09-28 15:43:45.056911,28/09/26,15:43:45
31371,0.11,31.371,114.75566606101177,12781150484,2026-09-28 15:44:16.427911,28/09/26,15:44:16
31353,0.11,31.353,114.82154817720792,12781181837,2026-09-28 15:44:47.780911,28/09/26,15:44:47
31408,0.11,31.408,114.62047885888946,12781213245,2026-09-28 15:45:19.188911,28/09/26,15:45:19
31437,0.11,31.437,114.5147437732608,12781244682,2026-09-28 15:45:50.625911,28/09/26,15:45:50
31496,0.11,31.496,114.3002286004572,12781276178,2026-09-28 15:46:22.121911,28/09/26,15:46:22
31405,0.11,31.405,114.63142811654195,12781307583,2026-09-28 15:46:53.526911,28/09/26,15:46:53
31325,0.11,31.325,114.9241819632881,12781338908,2026-09-28 15:47:24.851911,28/09/26,15:47:24
31358,0.11,31.358,114.80324000255118,12781370266,2026-09-28 15:47:56.209911,28/09/26,15:47:56
31392,0.11,31.392,114.6788990825688,12781401658,2026-09-28 15:48:27.601911,28/09/26,15:48:27
31502,0.11,31.502,114.27845851057076,12781433160,2026-09-28 15:48:59.103911,28/09/26,15:48:59
31526,0.11,31.526,114.191461016304,12781464686,2026-09-28 15:49:30.629911,28/09/26,15:49:30
31484,0.11,31.484,114.34379367297674,12781496170,2026-09-28 15:50:02.113911,28/09/26,15:50:2
30364,0.12,30.364,118.56145435384008,12781526534,2026-09-28 15:50:32.477911,28/09/26,15:50:32
29552,0.12,29.552,121.81916621548457,12781556086,2026-09-28 15:51:02.029911,28/09/26,15:51:2
29597,0.12,29.597,121.63394938676217,12781585683,2026-09-28 15:51:31.626911,28/09/26,15:51:31
29538,0.12,29.538,121.8769043266301,12781615221,2026-09-28 15:52:01.164911,28/09/26,15:52:1
29436,0.12,29.436,122.29922543823889,12781644657,2026-09-28 15:52:30.600911,28/09/26,15:52:30
29407,0.12,29.407,122.41983201278607,12781674064,2026-09-28 15:53:00.007911,28/09/26,15:53:0
29384,0.12,29.384,122.51565477811053,12781703448,2026-09-28 15:53:29.391911,28/09/26,15:53:29
29466,0.12,29.466,122.17470983506414,12781732914,2026-09-28 15:53:58.857911,28/09/26,15:53:58
29532,0.12,29.532,121.90166598943519,12781762446,2026-09-28 15:54:28.389911,28/09/26,15:54:28
29545,0.12,29.545,121.84802843120663,12781791991,2026-09-28 15:54:57.934911,28/09/26,15:54:57
29582,0.12,29.582,121.69562571834223,12781821573,2026-09-28 15:55:27.516911,28/09/26,15:55:27
29498,0.12,29.498,122.04217235066784,12781851071,2026-09-28 15:55:57.014911,28/09/26,15:55:57
29521,0.12,29.521,121.94708851326175,12781880592,2026-09-28 15:56:26.535911,28/09/26,15:56:26
29605,0.12,29.605,121.60108089849687,12781910197,2026-09-28 15:56:56.140911,28/09/26,15:56:56
28339,0.13,28.339,127.03341684604256,12781938536,2026-09-28 15:57:24.479911,28/09/26,15:57:24
28455,0.13,28.455,126.51555086979441,12781966991,2026-09-28 15:57:52.934911,28/09/26,15:57:52
28509,0.13,28.509,126.27591286962011,12781995500,2026-09-28 15:58:21.443911,28/09/26,15:58:21
28546,0.13,28.546,126.11223989350522,12782024046,2026-09-28 15:58:49.989911,28/09/26,15:58:49
28465,0.13,28.465,126.47110486562445,12782052511,2026-09-28 15:59:18.454911,28/09/26,15:59:18
28459,0.13,28.459,126.49776871991286,12782080970,2026-09-28 15:59:46.913911,28/09/26,15:59:46
28540,0.13,28.54,126.13875262789068,12782109510,2026-09-28 16:00:15.453911,28/09/26,16:0:15
27333,0.13,27.333,131.70892327955218,12782136843,2026-09-28 16:00:42.786911,28/09/26,16:0:42
27968,0.13,27.968,128.71853546910756,12782164811,2026-09-28 16:01:10.754911,28/09/26,16:1:10
27922,0.13,27.922,128.9305923644438,12782192733,2026-09-28 16:01:38.676911,28/09/26,16:1:38
27958,0.13,27.958,128.76457543458045,12782220691,2026-09-28 16:02:06.634911,28/09/26,16:2:6
27833,0.13,27.833,129.3428663816333,12782248524,2026-09-28 16:02:34.467911,28/09/26,16:2:34
27837,0.13,27.837,129.32428063368897,12782276361,2026-09-28 16:03:02.304911,28/09/26,16:3:2
27773,0.13,27.773,129.62229503474597,12782304134,2026-09-28 16:03:30.077911,28/09/26,16:3:30
27699,0.13,27.699,129.96859092386006,12782331833,2026-09-28 16:03:57.776911,28/09/26,16:3:57
27870,0.13,27.87,129.17115177610333,12782359703,2026-09-28 16:04:25.646911,28/09/26,16:4:25
27890,0.13,27.89,129.07852276801722,12782387593,2026-09-28 16:04:53.536911,28/09/26,16:4:53
28216,0.13,28.216,127.58718457612702,12782415809,2026-09-28 16:05:21.752911,28/09/26,16:5:21
28472,0.13,28.472,126.44001123911211,12782444281,2026-09-28 16:05:50.224911,28/09/26,16:5:50
28435,0.13,28.435,126.60453666256375,12782472716,2026-09-28 16:06:18.659911,28/09/26,16:6:18
28395,0.13,28.395,126.78288431061807,12782501111,2026-09-28 16:06:47.054911,28/09/26,16:6:47
28379,0.13,28.379,126.85436414249973,12782529490,2026-09-28 16:07:15.433911,28/09/26,16:7:15
28502,0.13,28.502,126.30692582976633,12782557992,2026-09-28 16:07:43.935911,28/09/26,16:7:43
28357,0.13,28.357,126.95278061854216,12782586349,2026-09-28 16:08:12.292911,28/09/26,16:8:12
28420,0.13,28.42,126.6713581984518,12782614769,2026-09-28 16:08:40.712911,28/09/26,16:8:40
28466,0.13,28.466,126.46666198271622,12782643235,2026-09-28 16:09:09.178911,28/09/26,16:9:9
28453,0.13,28.453,126.52444381963238,12782671688,2026-09-28 16:09:37.631911,28/09/26,16:9:37
28491,0.13,28.491,126.35569127092766,12782700179,2026-09-28 16:10:06.122911,28/09/26,16:10:6
28389,0.13,28.389,126.80967980555849,12782728568,2026-09-28 16:10:34.511911,28/09/26,16:10:34
28414,0.13,28.414,126.69810656718519,12782756982,2026-09-28 16:11:02.925911,28/09/26,16:11:2
16944,0.21,16.944,212.46458923512748,12782773926,2026-09-28 16:11:19.869911,28/09/26,16:11:19
17660,0.2,17.66,203.85050962627406,12782791586,2026-09-28 16:11:37.529911,28/09/26,16:11:37
17642,0.2,17.642,204.0584967690738,12782809228,2026-09-28 16:11:55.171911,28/09/26,16:11:55
17854,0.2,17.854,201.63548784586087,12782827082,2026-09-28 16:12:13.025911,28/09/26,16:12:13
17859,0.2,17.859,201.57903578027884,12782844941,2026-09-28 16:12:30.884911,28/09/26,16:12:30
17915,0.2,17.915,200.94892548144014,12782862856,2026-09-28 16:12:48.799911,28/09/26,16:12:48
18034,0.2,18.034,199.62293445713652,12782880890,2026-09-28 16:13:06.833911,28/09/26,16:13:6
18068,0.2,18.068,199.24728802302414,12782898958,2026-09-28 16:13:24.901911,28/09/26,16:13:24
18033,0.2,18.033,199.63400432540342,12782916991,2026-09-28 16:13:42.934911,28/09/26,16:13:42
18197,0.2,18.197,197.83480793537396,12782935188,2026-09-28 16:14:01.131911,28/09/26,16:14:1
18265,0.2,18.265,197.09827539009035,12782953453,2026-09-28 16:14:19.396911,28/09/26,16:14:19
18371,0.19,18.371,195.96102552936694,12782971824,2026-09-28 16:14:37.767911,28/09/26,16:14:37
18361,0.2,18.361,196.06775230107291,12782990185,2026-09-28 16:14:56.128911,28/09/26,16:14:56
18468,0.19,18.468,194.9317738791423,12783008653,2026-09-28 16:15:14.596911,28/09/26,16:15:14
18426,0.19,18.426,195.3760989905568,12783027079,2026-09-28 16:15:33.022911,28/09/26,16:15:33
18452,0.19,18.452,195.10080208107522,12783045531,2026-09-28 16:15:51.474911,28/09/26,16:15:51
18470,0.19,18.47,194.9106659447753,12783064001,2026-09-28 16:16:09.944911,28/09/26,16:16:9
18512,0.19,18.512,194.46845289541918,12783082513,2026-09-28 16:16:28.456911,28/09/26,16:16:28
18567,0.19,18.567,193.89238972370333,12783101080,2026-09-28 16:16:47.023911,28/09/26,16:16:47
18680,0.19,18.68,192.71948608137046,12783119760,2026-09-28 16:17:05.703911,28/09/26,16:17:5
18523,0.19,18.523,194.35296658208713,12783138283,2026-09-28 16:17:24.226911,28/09/26,16:17:24
18460,0.19,18.46,195.01625135427952,12783156743,2026-09-28 16:17:42.686911,28/09/26,16:17:42
18496,0.19,18.496,194.63667820069205,12783175239,2026-09-28 16:18:01.182911,28/09/26,16:18:1
18462,0.19,18.462,194.99512512187195,12783193701,2026-09-28 16:18:19.644911,28/09/26,16:18:19
18758,0.19,18.758,191.91811493762663,12783212459,2026-09-28 16:18:38.402911,28/09/26,16:18:38
21706,0.17,21.706,165.852759605639,12783234165,2026-09-28 16:19:00.108911,28/09/26,16:19:0
29395,0.12,29.395,122.46980779044056,12783263560,2026-09-28 16:19:29.503911,28/09/26,16:19:29
29291,0.12,29.291,122.90464647844048,12783292851,2026-09-28 16:19:58.794911,28/09/26,16:19:58
29180,0.12,29.18,123.3721727210418,12783322031,2026-09-28 16:20:27.974911,28/09/26,16:20:27
29147,0.12,29.147,123.51185370707105,12783351178,2026-09-28 16:20:57.121911,28/09/26,16:20:57
29455,0.12,29.455,122.22033610592429,12783380633,2026-09-28 16:21:26.576911,28/09/26,16:21:26
29296,0.12,29.296,122.88367012561442,12783409929,2026-09-28 16:21:55.872911,28/09/26,16:21:55
29355,0.12,29.355,122.63668880940214,12783439284,2026-09-28 16:22:25.227911,28/09/26,16:22:25
29322,0.12,29.322,122.77470841006753,12783468606,2026-09-28 16:22:54.549911,28/09/26,16:22:54
29237,0.12,29.237,123.13164825392482,12783497843,2026-09-28 16:23:23.786911,28/09/26,16:23:23
29227,0.12,29.227,123.17377767133131,12783527070,2026-09-28 16:23:53.013911,28/09/26,16:23:53
29252,0.12,29.252,123.06850813619582,12783556322,2026-09-28 16:24:22.265911,28/09/26,16:24:22
29373,0.12,29.373,122.56153610458584,12783585695,2026-09-28 16:24:51.638911,28/09/26,16:24:51
29341,0.12,29.341,122.69520466241778,12783615036,2026-09-28 16:25:20.979911,28/09/26,16:25:20
29352,0.12,29.352,122.64922322158627,12783644388,2026-09-28 16:25:50.331911,28/09/26,16:25:50
29302,0.12,29.302,122.85850795167565,12783673690,2026-09-28 16:26:19.633911,28/09/26,16:26:19
29296,0.12,29.296,122.88367012561442,12783702986,2026-09-28 16:26:48.929911,28/09/26,16:26:48
29246,0.12,29.246,123.09375641113314,12783732232,2026-09-28 16:27:18.175911,28/09/26,16:27:18
29208,0.12,29.208,123.25390304026294,12783761440,2026-09-28 16:27:47.383911,28/09/26,16:27:47
29339,0.12,29.339,122.70356862878762,12783790779,2026-09-28 16:28:16.722911,28/09/26,16:28:16
29340,0.12,29.34,122.69938650306749,12783820119,2026-09-28 16:28:46.062911,28/09/26,16:28:46
28808,0.12,28.808,124.96528742016106,12783848927,2026-09-28 16:29:14.870911,28/09/26,16:29:14
28347,0.13,28.347,126.9975658799873,12783877274,2026-09-28 16:29:43.217911,28/09/26,16:29:43
28666,0.12,28.666,125.58431591432358,12783905940,2026-09-28 16:30:11.883911,28/09/26,16:30:11
28613,0.12,28.613,125.81693635759969,12783934553,2026-09-28 16:30:40.496911,28/09/26,16:30:40
28776,0.12,28.776,125.10425354462052,12783963329,2026-09-28 16:31:09.272911,28/09/26,16:31:9
28715,0.12,28.715,125.37001567125196,12783992044,2026-09-28 16:31:37.987911,28/09/26,16:31:37
28653,0.12,28.653,125.64129410532928,12784020697,2026-09-28 16:32:06.640911,28/09/26,16:32:6
28717,0.12,28.717,125.36128425671205,12784049414,2026-09-28 16:32:35.357911,28/09/26,16:32:35
28862,0.12,28.862,124.73148083985863,12784078276,2026-09-28 16:33:04.219911,28/09/26,16:33:4
28725,0.12,28.725,125.32637075718016,12784107001,2026-09-28 16:33:32.944911,28/09/26,16:33:32
28738,0.12,28.738,125.26967777855104,12784135739,2026-09-28 16:34:01.682911,28/09/26,16:34:1
28814,0.12,28.814,124.93926563476089,12784164553,2026-09-28 16:34:30.496911,28/09/26,16:34:30
28896,0.12,28.896,124.58471760797342,12784193449,2026-09-28 16:34:59.392911,28/09/26,16:34:59
28850,0.12,28.85,124.78336221837088,12784222299,2026-09-28 16:35:28.242911,28/09/26,16:35:28
28930,0.12,28.93,124.4382993432423,12784251229,2026-09-28 16:35:57.172911,28/09/26,16:35:57
28856,0.12,28.856,124.75741613529249,12784280085,2026-09-28 16:36:26.028911,28/09/26,16:36:26
28764,0.12,28.764,125.15644555694618,12784308849,2026-09-28 16:36:54.792911,28/09/26,16:36:54
28802,0.12,28.802,124.99132004721895,12784337651,2026-09-28 16:37:23.594911,28/09/26,16:37:23
28718,0.12,28.718,125.35691900550178,12784366369,2026-09-28 16:37:52.312911,28/09/26,16:37:52
28774,0.12,28.774,125.1129491902412,12784395143,2026-09-28 16:38:21.086911,28/09/26,16:38:21
28941,0.12,28.941,124.39100238416088,12784424084,2026-09-28 16:38:50.027911,28/09/26,16:38:50
28603,0.12,28.603,125.86092367933433,12784452687,2026-09-28 16:39:18.630911,28/09/26,16:39:18
28576,0.12,28.576,125.97984322508398,12784481263,2026-09-28 16:39:47.206911,28/09/26,16:39:47
28637,0.12,28.637,125.71149212557181,12784509900,2026-09-28 16:40:15.843911,28/09/26,16:40:15
28994,0.12,28.994,124.16362005932262,12784538894,2026-09-28 16:40:44.837911,28/09/26,16:40:44
29141,0.12,29.141,123.53728423870149,12784568035,2026-09-28 16:41:13.978911,28/09/26,16:41:13
29257,0.12,29.257,123.04747581775301,12784597292,2026-09-28 16:41:43.235911,28/09/26,16:41:43
29235,0.12,29.235,123.14007183170857,12784626527,2026-09-28 16:42:12.470911,28/09/26,16:42:12
29309,0.12,29.309,122.82916510286942,12784655836,2026-09-28 16:42:41.779911,28/09/26,16:42:41
29166,0.12,29.166,123.43139271754782,12784685002,2026-09-28 16:43:10.945911,28/09/26,16:43:10
29167,0.12,29.167,123.42716083244763,12784714169,2026-09-28 16:43:40.112911,28/09/26,16:43:40
29015,0.12,29.015,124.07375495433396,12784743184,2026-09-28 16:44:09.127911,28/09/26,16:44:9
28489,0.13,28.489,126.36456176067956,12784771673,2026-09-28 16:44:37.616911,28/09/26,16:44:37
28904,0.12,28.904,124.5502352615555,12784800577,2026-09-28 16:45:06.520911,28/09/26,16:45:6
28894,0.12,28.894,124.59334117809927,12784829471,2026-09-28 16:45:35.414911,28/09/26,16:45:35
28964,0.12,28.964,124.29222483082447,12784858435,2026-09-28 16:46:04.378911,28/09/26,16:46:4
28805,0.12,28.805,124.97830237805937,12784887240,2026-09-28 16:46:33.183911,28/09/26,16:46:33
28773,0.12,28.773,125.11729746637472,12784916013,2026-09-28 16:47:01.956911,28/09/26,16:47:1
28859,0.12,28.859,124.74444713954053,12784944872,2026-09-28 16:47:30.815911,28/09/26,16:47:30
28825,0.12,28.825,124.8915871639202,12784973697,2026-09-28 16:47:59.640911,28/09/26,16:47:59
28785,0.12,28.785,125.06513809275664,12785002482,2026-09-28 16:48:28.425911,28/09/26,16:48:28
28807,0.12,28.807,124.96962543826153,12785031289,2026-09-28 16:48:57.232911,28/09/26,16:48:57
28847,0.12,28.847,124.79633930738032,12785060136,2026-09-28 16:49:26.079911,28/09/26,16:49:26
28804,0.12,28.804,124.98264129981946,12785088940,2026-09-28 16:49:54.883911,28/09/26,16:49:54
28846,0.12,28.846,124.80066560354989,12785117786,2026-09-28 16:50:23.729911,28/09/26,16:50:23
28688,0.12,28.688,125.48800892359175,12785146474,2026-09-28 16:50:52.417911,28/09/26,16:50:52
28770,0.12,28.77,125.1303441084463,12785175244,2026-09-28 16:51:21.187911,28/09/26,16:51:21
28859,0.12,28.859,124.74444713954053,12785204103,2026-09-28 16:51:50.046911,28/09/26,16:51:50
28814,0.12,28.814,124.93926563476089,12785232917,2026-09-28 16:52:18.860911,28/09/26,16:52:18
28741,0.12,28.741,125.25660206673393,12785261658,2026-09-28 16:52:47.601911,28/09/26,16:52:47
28766,0.12,28.766,125.14774386428422,12785290424,2026-09-28 16:53:16.367911,28/09/26,16:53:16
28718,0.12,28.718,125.35691900550178,12785319142,2026-09-28 16:53:45.085911,28/09/26,16:53:45
28728,0.12,28.728,125.31328320802005,12785347870,2026-09-28 16:54:13.813911,28/09/26,16:54:13
29093,0.12,29.093,123.74110610799849,12785376963,2026-09-28 16:54:42.906911,28/09/26,16:54:42
29049,0.12,29.049,123.928534545079,12785406012,2026-09-28 16:55:11.955911,28/09/26,16:55:11
29143,0.12,29.143,123.528806231342,12785435155,2026-09-28 16:55:41.098911,28/09/26,16:55:41
21473,0.17,21.473,167.65240068923765,12785456628,2026-09-28 16:56:02.571911,28/09/26,16:56:2
17676,0.2,17.676,203.66598778004072,12785474304,2026-09-28 16:56:20.247911,28/09/26,16:56:20
17562,0.2,17.562,204.98804236419542,12785491866,2026-09-28 16:56:37.809911,28/09/26,16:56:37
17511,0.2,17.511,205.58506081891383,12785509377,2026-09-28 16:56:55.320911,28/09/26,16:56:55
17602,0.2,17.602,204.52221338484264,12785526979,2026-09-28 16:57:12.922911,28/09/26,16:57:12
17583,0.2,17.583,204.7432178809077,12785544562,2026-09-28 16:57:30.505911,28/09/26,16:57:30
17646,0.2,17.646,204.01224073444408,12785562208,2026-09-28 16:57:48.151911,28/09/26,16:57:48
17711,0.2,17.711,203.263508554006,12785579919,2026-09-28 16:58:05.862911,28/09/26,16:58:5
17865,0.2,17.865,201.51133501259446,12785597784,2026-09-28 16:58:23.727911,28/09/26,16:58:23
17877,0.2,17.877,201.37606981037086,12785615661,2026-09-28 16:58:41.604911,28/09/26,16:58:41
17758,0.2,17.758,202.72553215452191,12785633419,2026-09-28 16:58:59.362911,28/09/26,16:58:59
17885,0.2,17.885,201.28599384959463,12785651304,2026-09-28 16:59:17.247911,28/09/26,16:59:17
17897,0.2,17.897,201.15103089903334,12785669201,2026-09-28 16:59:35.144911,28/09/26,16:59:35
17912,0.2,17.912,200.9825815096025,12785687113,2026-09-28 16:59:53.056911,28/09/26,16:59:53
17877,0.2,17.877,201.37606981037086,12785704990,2026-09-28 17:00:10.933911,28/09/26,17:0:10
17566,0.2,17.566,204.94136399863373,12785722556,2026-09-28 17:00:28.499911,28/09/26,17:0:28
17752,0.2,17.752,202.79405137449302,12785740308,2026-09-28 17:00:46.251911,28/09/26,17:0:46
17913,0.2,17.913,200.9713615809747,12785758221,2026-09-28 17:01:04.164911,28/09/26,17:1:4
18043,0.2,18.043,199.52336086016737,12785776264,2026-09-28 17:01:22.207911,28/09/26,17:1:22
18063,0.2,18.063,199.30244145490784,12785794327,2026-09-28 17:01:40.270911,28/09/26,17:1:40
18021,0.2,18.021,199.7669385716664,12785812348,2026-09-28 17:01:58.291911,28/09/26,17:1:58
17980,0.2,17.98,200.22246941045606,12785830328,2026-09-28 17:02:16.271911,28/09/26,17:2:16
18065,0.2,18.065,199.2803764184888,12785848393,2026-09-28 17:02:34.336911,28/09/26,17:2:34
18027,0.2,18.027,199.70044932601098,12785866420,2026-09-28 17:02:52.363911,28/09/26,17:2:52
18103,0.2,18.103,198.86206706070817,12785884523,2026-09-28 17:03:10.466911,28/09/26,17:3:10
18158,0.2,18.158,198.2597202335059,12785902681,2026-09-28 17:03:28.624911,28/09/26,17:3:28
21998,0.16,21.998,163.6512410219111,12785924679,2026-09-28 17:03:50.622911,28/09/26,17:3:50
27903,0.13,27.903,129.01838511987958,12785952582,2026-09-28 17:04:18.525911,28/09/26,17:4:18
28107,0.13,28.107,128.08197246237592,12785980689,2026-09-28 17:04:46.632911,28/09/26,17:4:46
27624,0.13,27.624,130.32145960034754,12786008313,2026-09-28 17:05:14.256911,28/09/26,17:5:14
27270,0.13,27.27,132.01320132013203,12786035583,2026-09-28 17:05:41.526911,28/09/26,17:5:41
27501,0.13,27.501,130.90433075160902,12786063084,2026-09-28 17:06:09.027911,28/09/26,17:6:9
27560,0.13,27.56,130.62409288824384,12786090644,2026-09-28 17:06:36.587911,28/09/26,17:6:36
27495,0.13,27.495,130.9328968903437,12786118139,2026-09-28 17:07:04.082911,28/09/26,17:7:4
27500,0.13,27.5,130.9090909090909,12786145639,2026-09-28 17:07:31.582911,28/09/26,17:7:31
27508,0.13,27.508,130.87101933982842,12786173147,2026-09-28 17:07:59.090911,28/09/26,17:7:59
27483,0.13,27.483,130.9900665866172,12786200630,2026-09-28 17:08:26.573911,28/09/26,17:8:26
27484,0.13,27.484,130.98530053849512,12786228114,2026-09-28 17:08:54.057911,28/09/26,17:8:54
27599,0.13,27.599,130.43950867785065,12786255713,2026-09-28 17:09:21.656911,28/09/26,17:9:21
27865,0.13,27.865,129.19432980441414,12786283578,2026-09-28 17:09:49.521911,28/09/26,17:9:49
27976,0.13,27.976,128.68172719473836,12786311554,2026-09-28 17:10:17.497911,28/09/26,17:10:17
27694,0.13,27.694,129.9920560410197,12786339248,2026-09-28 17:10:45.191911,28/09/26,17:10:45
27904,0.13,27.904,129.0137614678899,12786367152,2026-09-28 17:11:13.095911,28/09/26,17:11:13
28159,0.13,28.159,127.84544905713982,12786395311,2026-09-28 17:11:41.254911,28/09/26,17:11:41
28301,0.13,28.301,127.20398572488605,12786423612,2026-09-28 17:12:09.555911,28/09/26,17:12:9
28344,0.13,28.344,127.01100762066045,12786451956,2026-09-28 17:12:37.899911,28/09/26,17:12:37
28337,0.13,28.337,127.04238275046758,12786480293,2026-09-28 17:13:06.236911,28/09/26,17:13:6
20157,0.18,20.157,178.59800565560352,12786500450,2026-09-28 17:13:26.393911,28/09/26,17:13:26
3300,1.09,3.3,1090.909090909091,12786503750,2026-09-28 17:13:29.693911,28/09/26,17:13:29
3316,1.09,3.316,1085.6453558504222,12786507066,2026-09-28 17:13:33.009911,28/09/26,17:13:33
3329,1.08,3.329,1081.4058275758487,12786510395,2026-09-28 17:13:36.338911,28/09/26,17:13:36
3329,1.08,3.329,1081.4058275758487,12786513724,2026-09-28 17:13:39.667911,28/09/26,17:13:39
3327,1.08,3.327,1082.0559062218215,12786517051,2026-09-28 17:13:42.994911,28/09/26,17:13:42
3349,1.07,3.349,1074.9477455957,12786520400,2026-09-28 17:13:46.343911,28/09/26,17:13:46
3350,1.07,3.35,1074.6268656716418,12786523750,2026-09-28 17:13:49.693911,28/09/26,17:13:49
3350,1.07,3.35,1074.6268656716418,12786527100,2026-09-28 17:13:53.043911,28/09/26,17:13:53
3352,1.07,3.352,1073.9856801909307,12786530452,2026-09-28 17:13:56.395911,28/09/26,17:13:56
3347,1.08,3.347,1075.590080669256,12786533799,2026-09-28 17:13:59.742911,28/09/26,17:13:59
3349,1.07,3.349,1074.9477455957,12786537148,2026-09-28 17:14:03.091911,28/09/26,17:14:3
3347,1.08,3.347,1075.590080669256,12786540495,2026-09-28 17:14:06.438911,28/09/26,17:14:6
3350,1.07,3.35,1074.6268656716418,12786543845,2026-09-28 17:14:09.788911,28/09/26,17:14:9
3346,1.08,3.346,1075.9115361625823,12786547191,2026-09-28 17:14:13.134911,28/09/26,17:14:13
3343,1.08,3.343,1076.8770565360455,12786550534,2026-09-28 17:14:16.477911,28/09/26,17:14:16
3345,1.08,3.345,1076.2331838565021,12786553879,2026-09-28 17:14:19.822911,28/09/26,17:14:19
3347,1.08,3.347,1075.590080669256,12786557226,2026-09-28 17:14:23.169911,28/09/26,17:14:23
3350,1.07,3.35,1074.6268656716418,12786560576,2026-09-28 17:14:26.519911,28/09/26,17:14:26
3352,1.07,3.352,1073.9856801909307,12786563928,2026-09-28 17:14:29.871911,28/09/26,17:14:29
3364,1.07,3.364,1070.154577883472,12786567292,2026-09-28 17:14:33.235911,28/09/26,17:14:33
3361,1.07,3.361,1071.1097887533472,12786570653,2026-09-28 17:14:36.596911,28/09/26,17:14:36
3359,1.07,3.359,1071.7475439118784,12786574012,2026-09-28 17:14:39.955911,28/09/26,17:14:39
3356,1.07,3.356,1072.7056019070321,12786577368,2026-09-28 17:14:43.311911,28/09/26,17:14:43
3350,1.07,3.35,1074.6268656716418,12786580718,2026-09-28 17:14:46.661911,28/09/26,17:14:46
3348,1.08,3.348,1075.268817204301,12786584066,2026-09-28 17:14:50.009911,28/09/26,17:14:50
5099,0.71,5.099,706.0207883898804,12786589165,2026-09-28 17:14:55.108911,28/09/26,17:14:55
27919,0.13,27.919,128.9444464343279,12786617084,2026-09-28 17:15:23.027911,28/09/26,17:15:23
27878,0.13,27.878,129.1340842241194,12786644962,2026-09-28 17:15:50.905911,28/09/26,17:15:50
28225,0.13,28.225,127.5465013286094,12786673187,2026-09-28 17:16:19.130911,28/09/26,17:16:19
27571,0.13,27.571,130.57197780276377,12786700758,2026-09-28 17:16:46.701911,28/09/26,17:16:46
26123,0.14,26.123,137.809593078896,12786726881,2026-09-28 17:17:12.824911,28/09/26,17:17:12
25220,0.14,25.22,142.74385408406027,12786752101,2026-09-28 17:17:38.044911,28/09/26,17:17:38
8321,0.43,8.321,432.6403076553299,12786760422,2026-09-28 17:17:46.365911,28/09/26,17:17:46
3164,1.14,3.164,1137.8002528445006,12786763586,2026-09-28 17:17:49.529911,28/09/26,17:17:49
3173,1.13,3.173,1134.572959344469,12786766759,2026-09-28 17:17:52.702911,28/09/26,17:17:52
3143,1.14,3.143,1145.402481705377,12786769902,2026-09-28 17:17:55.845911,28/09/26,17:17:55
3146,1.14,3.146,1144.3102352193262,12786773048,2026-09-28 17:17:58.991911,28/09/26,17:17:58
3155,1.14,3.155,1141.0459587955627,12786776203,2026-09-28 17:18:02.146911,28/09/26,17:18:2
3212,1.12,3.212,1120.7970112079702,12786779415,2026-09-28 17:18:05.358911,28/09/26,17:18:5
3156,1.14,3.156,1140.6844106463877,12786782571,2026-09-28 17:18:08.514911,28/09/26,17:18:8
3188,1.13,3.188,1129.2346298619825,12786785759,2026-09-28 17:18:11.702911,28/09/26,17:18:11
3320,1.08,3.32,1084.3373493975903,12786789079,2026-09-28 17:18:15.022911,28/09/26,17:18:15
3322,1.08,3.322,1083.6845273931367,12786792401,2026-09-28 17:18:18.344911,28/09/26,17:18:18
3376,1.07,3.376,1066.350710900474,12786795777,2026-09-28 17:18:21.720911,28/09/26,17:18:21
3356,1.07,3.356,1072.7056019070321,12786799133,2026-09-28 17:18:25.076911,28/09/26,17:18:25
3329,1.08,3.329,1081.4058275758487,12786802462,2026-09-28 17:18:28.405911,28/09/26,17:18:28
3332,1.08,3.332,1080.4321728691477,12786805794,2026-09-28 17:18:31.737911,28/09/26,17:18:31
14864,0.24,14.864,242.19590958019376,12786820658,2026-09-28 17:18:46.601911,28/09/26,17:18:46
25025,0.14,25.025,143.85614385614386,12786845683,2026-09-28 17:19:11.626911,28/09/26,17:19:11
26825,0.13,26.825,134.2031686859273,12786872508,2026-09-28 17:19:38.451911,28/09/26,17:19:38
28259,0.13,28.259,127.39304292437808,12786900767,2026-09-28 17:20:06.710911,28/09/26,17:20:6
28133,0.13,28.133,127.96360146447233,12786928900,2026-09-28 17:20:34.843911,28/09/26,17:20:34
28082,0.13,28.082,128.19599743608006,12786956982,2026-09-28 17:21:02.925911,28/09/26,17:21:2
28198,0.13,28.198,127.66862898077878,12786985180,2026-09-28 17:21:31.123911,28/09/26,17:21:31
28258,0.13,28.258,127.39755113596149,12787013438,2026-09-28 17:21:59.381911,28/09/26,17:21:59
28193,0.13,28.193,127.69127088284326,12787041631,2026-09-28 17:22:27.574911,28/09/26,17:22:27
28225,0.13,28.225,127.5465013286094,12787069856,2026-09-28 17:22:55.799911,28/09/26,17:22:55
28206,0.13,28.206,127.63241863433312,12787098062,2026-09-28 17:23:24.005911,28/09/26,17:23:24
28247,0.13,28.247,127.44716253053421,12787126309,2026-09-28 17:23:52.252911,28/09/26,17:23:52
28143,0.13,28.143,127.91813239526702,12787154452,2026-09-28 17:24:20.395911,28/09/26,17:24:20
28210,0.13,28.21,127.61432116270826,12787182662,2026-09-28 17:24:48.605911,28/09/26,17:24:48
28315,0.13,28.315,127.14109129436694,12787210977,2026-09-28 17:25:16.920911,28/09/26,17:25:16
28238,0.13,28.238,127.48778242085133,12787239215,2026-09-28 17:25:45.158911,28/09/26,17:25:45
28009,0.13,28.009,128.53011532007568,12787267224,2026-09-28 17:26:13.167911,28/09/26,17:26:13
28186,0.13,28.186,127.72298304122614,12787295410,2026-09-28 17:26:41.353911,28/09/26,17:26:41
28233,0.13,28.233,127.51036021676761,12787323643,2026-09-28 17:27:09.586911,28/09/26,17:27:9
7017,0.51,7.017,513.0397605814451,12787330660,2026-09-28 17:27:16.603911,28/09/26,17:27:16
3404,1.06,3.404,1057.5793184488837,12787334064,2026-09-28 17:27:20.007911,28/09/26,17:27:20
3414,1.05,3.414,1054.481546572935,12787337478,2026-09-28 17:27:23.421911,28/09/26,17:27:23
3419,1.05,3.419,1052.939455981281,12787340897,2026-09-28 17:27:26.840911,28/09/26,17:27:26
3434,1.05,3.434,1048.34012813046,12787344331,2026-09-28 17:27:30.274911,28/09/26,17:27:30
3419,1.05,3.419,1052.939455981281,12787347750,2026-09-28 17:27:33.693911,28/09/26,17:27:33
13438,0.27,13.438,267.8970084834053,12787361188,2026-09-28 17:27:47.131911,28/09/26,17:27:47
19592,0.18,19.592,183.7484687627603,12787380780,2026-09-28 17:28:06.723911,28/09/26,17:28:6
25526,0.14,25.526,141.03267256914518,12787406306,2026-09-28 17:28:32.249911,28/09/26,17:28:32
28510,0.13,28.51,126.27148368993336,12787434816,2026-09-28 17:29:00.759911,28/09/26,17:29:0
28445,0.13,28.445,126.5600281244507,12787463261,2026-09-28 17:29:29.204911,28/09/26,17:29:29
28436,0.13,28.436,126.60008440005626,12787491697,2026-09-28 17:29:57.640911,28/09/26,17:29:57
28223,0.13,28.223,127.55553980795804,12787519920,2026-09-28 17:30:25.863911,28/09/26,17:30:25
28381,0.13,28.381,126.84542475599874,12787548301,2026-09-28 17:30:54.244911,28/09/26,17:30:54
28363,0.13,28.363,126.92592462010366,12787576664,2026-09-28 17:31:22.607911,28/09/26,17:31:22
28289,0.13,28.289,127.25794478419174,12787604953,2026-09-28 17:31:50.896911,28/09/26,17:31:50
28408,0.13,28.408,126.72486623486341,12787633361,2026-09-28 17:32:19.304911,28/09/26,17:32:19
28355,0.13,28.355,126.96173514371363,12787661716,2026-09-28 17:32:47.659911,28/09/26,17:32:47
28458,0.13,28.458,126.5022137887413,12787690174,2026-09-28 17:33:16.117911,28/09/26,17:33:16
28357,0.13,28.357,126.95278061854216,12787718531,2026-09-28 17:33:44.474911,28/09/26,17:33:44
28449,0.13,28.449,126.54223347042075,12787746980,2026-09-28 17:34:12.923911,28/09/26,17:34:12
28475,0.13,28.475,126.42669007901668,12787775455,2026-09-28 17:34:41.398911,28/09/26,17:34:41
28501,0.13,28.501,126.3113574962282,12787803956,2026-09-28 17:35:09.899911,28/09/26,17:35:9
28447,0.13,28.447,126.55113017189862,12787832403,2026-09-28 17:35:38.346911,28/09/26,17:35:38
19883,0.18,19.883,181.0591962983453,12787852286,2026-09-28 17:35:58.229911,28/09/26,17:35:58
17445,0.21,17.445,206.36285468615648,12787869731,2026-09-28 17:36:15.674911,28/09/26,17:36:15
17584,0.2,17.584,204.73157415832574,12787887315,2026-09-28 17:36:33.258911,28/09/26,17:36:33
17597,0.2,17.597,204.58032619196453,12787904912,2026-09-28 17:36:50.855911,28/09/26,17:36:50
17609,0.2,17.609,204.44091089783635,12787922521,2026-09-28 17:37:08.464911,28/09/26,17:37:8
17627,0.2,17.627,204.23214387019914,12787940148,2026-09-28 17:37:26.091911,28/09/26,17:37:26
17641,0.2,17.641,204.07006405532567,12787957789,2026-09-28 17:37:43.732911,28/09/26,17:37:43
17809,0.2,17.809,202.14498287382784,12787975598,2026-09-28 17:38:01.541911,28/09/26,17:38:1
17887,0.2,17.887,201.2634874489853,12787993485,2026-09-28 17:38:19.428911,28/09/26,17:38:19
17970,0.2,17.97,200.3338898163606,12788011455,2026-09-28 17:38:37.398911,28/09/26,17:38:37
18055,0.2,18.055,199.3907504846303,12788029510,2026-09-28 17:38:55.453911,28/09/26,17:38:55
18088,0.2,18.088,199.02697921273773,12788047598,2026-09-28 17:39:13.541911,28/09/26,17:39:13
18131,0.2,18.131,198.5549611163201,12788065729,2026-09-28 17:39:31.672911,28/09/26,17:39:31
18160,0.2,18.16,198.23788546255506,12788083889,2026-09-28 17:39:49.832911,28/09/26,17:39:49
18258,0.2,18.258,197.1738416036806,12788102147,2026-09-28 17:40:08.090911,28/09/26,17:40:8
18305,0.2,18.305,196.6675771647091,12788120452,2026-09-28 17:40:26.395911,28/09/26,17:40:26
18281,0.2,18.281,196.9257699250588,12788138733,2026-09-28 17:40:44.676911,28/09/26,17:40:44
18300,0.2,18.3,196.72131147540983,12788157033,2026-09-28 17:41:02.976911,28/09/26,17:41:2
18391,0.19,18.391,195.7479201783481,12788175424,2026-09-28 17:41:21.367911,28/09/26,17:41:21
18539,0.19,18.539,194.18523113436538,12788193963,2026-09-28 17:41:39.906911,28/09/26,17:41:39
18455,0.19,18.455,195.06908696830126,12788212418,2026-09-28 17:41:58.361911,28/09/26,17:41:58
18518,0.19,18.518,194.40544335241387,12788230936,2026-09-28 17:42:16.879911,28/09/26,17:42:16
18502,0.19,18.502,194.57355961517675,12788249438,2026-09-28 17:42:35.381911,28/09/26,17:42:35
18538,0.19,18.538,194.19570611716475,12788267976,2026-09-28 17:42:53.919911,28/09/26,17:42:53
18677,0.19,18.677,192.75044171976228,12788286653,2026-09-28 17:43:12.596911,28/09/26,17:43:12
18773,0.19,18.773,191.76476855057797,12788305426,2026-09-28 17:43:31.369911,28/09/26,17:43:31
21207,0.17,21.207,169.7552694864903,12788326633,2026-09-28 17:43:52.576911,28/09/26,17:43:52
29206,0.12,29.206,123.26234335410533,12788355839,2026-09-28 17:44:21.782911,28/09/26,17:44:21
29454,0.12,29.454,122.22448563862294,12788385293,2026-09-28 17:44:51.236911,28/09/26,17:44:51
24128,0.15,24.128,149.20424403183023,12788409421,2026-09-28 17:45:15.364911,28/09/26,17:45:15
29395,0.12,29.395,122.46980779044056,12788438816,2026-09-28 17:45:44.759911,28/09/26,17:45:44
29262,0.12,29.262,123.02645068689769,12788468078,2026-09-28 17:46:14.021911,28/09/26,17:46:14
29215,0.12,29.215,123.22437104227281,12788497293,2026-09-28 17:46:43.236911,28/09/26,17:46:43
29202,0.12,29.202,123.27922745017464,12788526495,2026-09-28 17:47:12.438911,28/09/26,17:47:12
29323,0.12,29.323,122.77052143368687,12788555818,2026-09-28 17:47:41.761911,28/09/26,17:47:41
29292,0.12,29.292,122.90045063498566,12788585110,2026-09-28 17:48:11.053911,28/09/26,17:48:11
29244,0.12,29.244,123.10217480508823,12788614354,2026-09-28 17:48:40.297911,28/09/26,17:48:40
29197,0.12,29.197,123.30033907593246,12788643551,2026-09-28 17:49:09.494911,28/09/26,17:49:9
29378,0.12,29.378,122.54067669684798,12788672929,2026-09-28 17:49:38.872911,28/09/26,17:49:38
29422,0.12,29.422,122.35741961797295,12788702351,2026-09-28 17:50:08.294911,28/09/26,17:50:8
23982,0.15,23.982,150.11258443832875,12788726333,2026-09-28 17:50:32.276911,28/09/26,17:50:32
29275,0.12,29.275,122.97181895815542,12788755608,2026-09-28 17:51:01.551911,28/09/26,17:51:1
29337,0.12,29.337,122.71193373555579,12788784945,2026-09-28 17:51:30.888911,28/09/26,17:51:30
29246,0.12,29.246,123.09375641113314,12788814191,2026-09-28 17:52:00.134911,28/09/26,17:52:0
28979,0.12,28.979,124.22788916111666,12788843170,2026-09-28 17:52:29.113911,28/09/26,17:52:29
28979,0.12,28.979,124.22788916111666,12788872149,2026-09-28 17:52:58.092911,28/09/26,17:52:58
29140,0.12,29.14,123.54152367879203,12788901289,2026-09-28 17:53:27.232911,28/09/26,17:53:27
28993,0.12,28.993,124.16790259717862,12788930282,2026-09-28 17:53:56.225911,28/09/26,17:53:56
28999,0.12,28.999,124.14221180040691,12788959281,2026-09-28 17:54:25.224911,28/09/26,17:54:25
29012,0.12,29.012,124.08658486143665,12788988293,2026-09-28 17:54:54.236911,28/09/26,17:54:54
29077,0.12,29.077,123.80919627196754,12789017370,2026-09-28 17:55:23.313911,28/09/26,17:55:23
29122,0.12,29.122,123.61788338713001,12789046492,2026-09-28 17:55:52.435911,28/09/26,17:55:52
29112,0.12,29.112,123.6603462489695,12789075604,2026-09-28 17:56:21.547911,28/09/26,17:56:21
29068,0.12,29.068,123.84752992981973,12789104672,2026-09-28 17:56:50.615911,28/09/26,17:56:50
28952,0.12,28.952,124.34374136501796,12789133624,2026-09-28 17:57:19.567911,28/09/26,17:57:19
27514,0.13,27.514,130.8424801919023,12789161138,2026-09-28 17:57:47.081911,28/09/26,17:57:47
27512,0.13,27.512,130.85199185809827,12789188650,2026-09-28 17:58:14.593911,28/09/26,17:58:14
27504,0.13,27.504,130.89005235602093,12789216154,2026-09-28 17:58:42.097911,28/09/26,17:58:42
27680,0.13,27.68,130.05780346820808,12789243834,2026-09-28 17:59:09.777911,28/09/26,17:59:9
27454,0.13,27.454,131.12843301522545,12789271288,2026-09-28 17:59:37.231911,28/09/26,17:59:37
27622,0.13,27.622,130.33089566287742,12789298910,2026-09-28 18:00:04.853911,28/09/26,18:0:4
26733,0.13,26.733,134.66502076085737,12789325643,2026-09-28 18:00:31.586911,28/09/26,18:0:31
26995,0.13,26.995,133.35802926467863,12789352638,2026-09-28 18:00:58.581911,28/09/26,18:0:58
27069,0.13,27.069,132.99346115482655,12789379707,2026-09-28 18:01:25.650911,28/09/26,18:1:25
27181,0.13,27.181,132.44545822449504,12789406888,2026-09-28 18:01:52.831911,28/09/26,18:1:52
26996,0.13,26.996,133.35308934656987,12789433884,2026-09-28 18:02:19.827911,28/09/26,18:2:19
26970,0.13,26.97,133.48164627363738,12789460854,2026-09-28 18:02:46.797911,28/09/26,18:2:46
26924,0.13,26.924,133.70970138166692,12789487778,2026-09-28 18:03:13.721911,28/09/26,18:3:13
26915,0.13,26.915,133.75441203789708,12789514693,2026-09-28 18:03:40.636911,28/09/26,18:3:40
27083,0.13,27.083,132.92471291954362,12789541776,2026-09-28 18:04:07.719911,28/09/26,18:4:7
27024,0.13,27.024,133.21492007104797,12789568800,2026-09-28 18:04:34.743911,28/09/26,18:4:34
27132,0.13,27.132,132.68465280849182,12789595932,2026-09-28 18:05:01.875911,28/09/26,18:5:1
27151,0.13,27.151,132.59180140694633,12789623083,2026-09-28 18:05:29.026911,28/09/26,18:5:29
27295,0.13,27.295,131.8922879648287,12789650378,2026-09-28 18:05:56.321911,28/09/26,18:5:56
27452,0.13,27.452,131.13798630336586,12789677830,2026-09-28 18:06:23.773911,28/09/26,18:6:23
27420,0.13,27.42,131.2910284463895,12789705250,2026-09-28 18:06:51.193911,28/09/26,18:6:51
27533,0.13,27.533,130.75218828315113,12789732783,2026-09-28 18:07:18.726911,28/09/26,18:7:18
27409,0.13,27.409,131.3437192163158,12789760192,2026-09-28 18:07:46.135911,28/09/26,18:7:46
27412,0.13,27.412,131.3293448124909,12789787604,2026-09-28 18:08:13.547911,28/09/26,18:8:13
27045,0.13,27.045,133.11148086522462,12789814649,2026-09-28 18:08:40.592911,28/09/26,18:8:40
26989,0.13,26.989,133.3876764607803,12789841638,2026-09-28 18:09:07.581911,28/09/26,18:9:7
26414,0.14,26.414,136.29136064208373,12789868052,2026-09-28 18:09:33.995911,28/09/26,18:9:33
26388,0.14,26.388,136.4256480218281,12789894440,2026-09-28 18:10:00.383911,28/09/26,18:10:0
26674,0.13,26.674,134.9628852065682,12789921114,2026-09-28 18:10:27.057911,28/09/26,18:10:27
26824,0.13,26.824,134.2081717864599,12789947938,2026-09-28 18:10:53.881911,28/09/26,18:10:53
26683,0.13,26.683,134.917363115092,12789974621,2026-09-28 18:11:20.564911,28/09/26,18:11:20
27170,0.13,27.17,132.4990798675009,12790001791,2026-09-28 18:11:47.734911,28/09/26,18:11:47
27127,0.13,27.127,132.70910900578758,12790028918,2026-09-28 18:12:14.861911,28/09/26,18:12:14
26734,0.13,26.734,134.65998354155758,12790055652,2026-09-28 18:12:41.595911,28/09/26,18:12:41
26577,0.14,26.577,135.45546901456146,12790082229,2026-09-28 18:13:08.172911,28/09/26,18:13:8
26710,0.13,26.71,134.7809809060277,12790108939,2026-09-28 18:13:34.882911,28/09/26,18:13:34
26858,0.13,26.858,134.0382753741902,12790135797,2026-09-28 18:14:01.740911,28/09/26,18:14:1
26760,0.13,26.76,134.52914798206277,12790162557,2026-09-28 18:14:28.500911,28/09/26,18:14:28
26766,0.13,26.766,134.49899125756556,12790189323,2026-09-28 18:14:55.266911,28/09/26,18:14:55
22777,0.16,22.777,158.05417745971815,12790212100,2026-09-28 18:15:18.043911,28/09/26,18:15:18
16159,0.22,16.159,222.7860634940281,12790228259,2026-09-28 18:15:34.202911,28/09/26,18:15:34
16733,0.22,16.733,215.14372796270843,12790244992,2026-09-28 18:15:50.935911,28/09/26,18:15:50
16665,0.22,16.665,216.02160216021602,12790261657,2026-09-28 18:16:07.600911,28/09/26,18:16:7
16724,0.22,16.724,215.25950729490552,12790278381,2026-09-28 18:16:24.324911,28/09/26,18:16:24
16712,0.22,16.712,215.414073719483,12790295093,2026-09-28 18:16:41.036911,28/09/26,18:16:41
16841,0.21,16.841,213.76402826435483,12790311934,2026-09-28 18:16:57.877911,28/09/26,18:16:57
16968,0.21,16.968,212.16407355021215,12790328902,2026-09-28 18:17:14.845911,28/09/26,18:17:14
17024,0.21,17.024,211.46616541353384,12790345926,2026-09-28 18:17:31.869911,28/09/26,18:17:31
17060,0.21,17.06,211.01992966002345,12790362986,2026-09-28 18:17:48.929911,28/09/26,18:17:48
17084,0.21,17.084,210.7234839616015,12790380070,2026-09-28 18:18:06.013911,28/09/26,18:18:6
17108,0.21,17.108,210.4278700023381,12790397178,2026-09-28 18:18:23.121911,28/09/26,18:18:23
17232,0.21,17.232,208.91364902506965,12790414410,2026-09-28 18:18:40.353911,28/09/26,18:18:40
17244,0.21,17.244,208.76826722338205,12790431654,2026-09-28 18:18:57.597911,28/09/26,18:18:57
17250,0.21,17.25,208.69565217391303,12790448904,2026-09-28 18:19:14.847911,28/09/26,18:19:14
17386,0.21,17.386,207.06315426204992,12790466290,2026-09-28 18:19:32.233911,28/09/26,18:19:32
17574,0.2,17.574,204.84807101399795,12790483864,2026-09-28 18:19:49.807911,28/09/26,18:19:49
17494,0.2,17.494,205.7848405167486,12790501358,2026-09-28 18:20:07.301911,28/09/26,18:20:7
17496,0.2,17.496,205.76131687242798,12790518854,2026-09-28 18:20:24.797911,28/09/26,18:20:24
17470,0.21,17.47,206.06754436176303,12790536324,2026-09-28 18:20:42.267911,28/09/26,18:20:42
17576,0.2,17.576,204.82476103777879,12790553900,2026-09-28 18:20:59.843911,28/09/26,18:20:59
17630,0.2,17.63,204.1973908111174,12790571530,2026-09-28 18:21:17.473911,28/09/26,18:21:17
17677,0.2,17.677,203.65446625558636,12790589207,2026-09-28 18:21:35.150911,28/09/26,18:21:35
17596,0.2,17.596,204.5919527165265,12790606803,2026-09-28 18:21:52.746911,28/09/26,18:21:52
17487,0.2,17.487,205.8672156459084,12790624290,2026-09-28 18:22:10.233911,28/09/26,18:22:10
17513,0.2,17.513,205.56158282418775,12790641803,2026-09-28 18:22:27.746911,28/09/26,18:22:27
17545,0.2,17.545,205.18666286691365,12790659348,2026-09-28 18:22:45.291911,28/09/26,18:22:45
19049,0.19,19.049,188.98629849335924,12790678397,2026-09-28 18:23:04.340911,28/09/26,18:23:4
26760,0.13,26.76,134.52914798206277,12790705157,2026-09-28 18:23:31.100911,28/09/26,18:23:31
27273,0.13,27.273,131.99868001319987,12790732430,2026-09-28 18:23:58.373911,28/09/26,18:23:58
27571,0.13,27.571,130.57197780276377,12790760001,2026-09-28 18:24:25.944911,28/09/26,18:24:25
27709,0.13,27.709,129.92168609477065,12790787710,2026-09-28 18:24:53.653911,28/09/26,18:24:53
27449,0.13,27.449,131.15231884585958,12790815159,2026-09-28 18:25:21.102911,28/09/26,18:25:21
27522,0.13,27.522,130.80444735120994,12790842681,2026-09-28 18:25:48.624911,28/09/26,18:25:48
27478,0.13,27.478,131.01390203071549,12790870159,2026-09-28 18:26:16.102911,28/09/26,18:26:16
27624,0.13,27.624,130.32145960034754,12790897783,2026-09-28 18:26:43.726911,28/09/26,18:26:43
27848,0.13,27.848,129.2731973570813,12790925631,2026-09-28 18:27:11.574911,28/09/26,18:27:11
27687,0.13,27.687,130.02492144327664,12790953318,2026-09-28 18:27:39.261911,28/09/26,18:27:39
27810,0.13,27.81,129.44983818770226,12790981128,2026-09-28 18:28:07.071911,28/09/26,18:28:7
27855,0.13,27.855,129.24071082390952,12791008983,2026-09-28 18:28:34.926911,28/09/26,18:28:34
27838,0.13,27.838,129.31963503125223,12791036821,2026-09-28 18:29:02.764911,28/09/26,18:29:2
27833,0.13,27.833,129.3428663816333,12791064654,2026-09-28 18:29:30.597911,28/09/26,18:29:30
27857,0.13,27.857,129.2314319560613,12791092511,2026-09-28 18:29:58.454911,28/09/26,18:29:58
27705,0.13,27.705,129.94044396318355,12791120216,2026-09-28 18:30:26.159911,28/09/26,18:30:26
27597,0.13,27.597,130.44896184367866,12791147813,2026-09-28 18:30:53.756911,28/09/26,18:30:53
27769,0.13,27.769,129.64096654542834,12791175582,2026-09-28 18:31:21.525911,28/09/26,18:31:21
27904,0.13,27.904,129.0137614678899,12791203486,2026-09-28 18:31:49.429911,28/09/26,18:31:49
27968,0.13,27.968,128.71853546910756,12791231454,2026-09-28 18:32:17.397911,28/09/26,18:32:17
27939,0.13,27.939,128.85214216686353,12791259393,2026-09-28 18:32:45.336911,28/09/26,18:32:45
27905,0.13,27.905,129.00913814728543,12791287298,2026-09-28 18:33:13.241911,28/09/26,18:33:13
27761,0.13,27.761,129.67832570872807,12791315059,2026-09-28 18:33:41.002911,28/09/26,18:33:41
27815,0.13,27.815,129.4265683983462,12791342874,2026-09-28 18:34:08.817911,28/09/26,18:34:8
27792,0.13,27.792,129.5336787564767,12791370666,2026-09-28 18:34:36.609911,28/09/26,18:34:36
27799,0.13,27.799,129.5010611892514,12791398465,2026-09-28 18:35:04.408911,28/09/26,18:35:4
27870,0.13,27.87,129.17115177610333,12791426335,2026-09-28 18:35:32.278911,28/09/26,18:35:32
27729,0.13,27.729,129.82797792924376,12791454064,2026-09-28 18:36:00.007911,28/09/26,18:36:0
27814,0.13,27.814,129.43122168692025,12791481878,2026-09-28 18:36:27.821911,28/09/26,18:36:27
28073,0.13,28.073,128.2370961422007,12791509951,2026-09-28 18:36:55.894911,28/09/26,18:36:55
27768,0.13,27.768,129.6456352636128,12791537719,2026-09-28 18:37:23.662911,28/09/26,18:37:23
27836,0.13,27.836,129.32892656990947,12791565555,2026-09-28 18:37:51.498911,28/09/26,18:37:51
28062,0.13,28.062,128.2873636946761,12791593617,2026-09-28 18:38:19.560911,28/09/26,18:38:19
27935,0.13,27.935,128.87059244675137,12791621552,2026-09-28 18:38:47.495911,28/09/26,18:38:47
27877,0.13,27.877,129.1387165046454,12791649429,2026-09-28 18:39:15.372911,28/09/26,18:39:15
27959,0.13,27.959,128.759969956007,12791677388,2026-09-28 18:39:43.331911,28/09/26,18:39:43
27934,0.13,27.934,128.87520584234267,12791705322,2026-09-28 18:40:11.265911,28/09/26,18:40:11
27786,0.13,27.786,129.5616497516735,12791733108,2026-09-28 18:40:39.051911,28/09/26,18:40:39
27832,0.13,27.832,129.34751365334867,12791760940,2026-09-28 18:41:06.883911,28/09/26,18:41:6
27864,0.13,27.864,129.19896640826875,12791788804,2026-09-28 18:41:34.747911,28/09/26,18:41:34
27956,0.13,27.956,128.77378738016884,12791816760,2026-09-28 18:42:02.703911,28/09/26,18:42:2
27967,0.13,27.967,128.72313798405264,12791844727,2026-09-28 18:42:30.670911,28/09/26,18:42:30
27848,0.13,27.848,129.2731973570813,12791872575,2026-09-28 18:42:58.518911,28/09/26,18:42:58
27824,0.13,27.824,129.38470385278896,12791900399,2026-09-28 18:43:26.342911,28/09/26,18:43:26
27847,0.13,27.847,129.27783962365785,12791928246,2026-09-28 18:43:54.189911,28/09/26,18:43:54
27644,0.13,27.644,130.22717407032266,12791955890,2026-09-28 18:44:21.833911,28/09/26,18:44:21
27848,0.13,27.848,129.2731973570813,12791983738,2026-09-28 18:44:49.681911,28/09/26,18:44:49
27860,0.13,27.86,129.21751615218952,12792011598,2026-09-28 18:45:17.541911,28/09/26,18:45:17
27810,0.13,27.81,129.44983818770226,12792039408,2026-09-28 18:45:45.351911,28/09/26,18:45:45
27910,0.13,27.91,128.98602651379434,12792067318,2026-09-28 18:46:13.261911,28/09/26,18:46:13
27851,0.13,27.851,129.25927255753834,12792095169,2026-09-28 18:46:41.112911,28/09/26,18:46:41
27945,0.13,27.945,128.8244766505636,12792123114,2026-09-28 18:47:09.057911,28/09/26,18:47:9
27866,0.13,27.866,129.18969353333813,12792150980,2026-09-28 18:47:36.923911,28/09/26,18:47:36
27476,0.13,27.476,131.02343863735624,12792178456,2026-09-28 18:48:04.399911,28/09/26,18:48:4
27527,0.13,27.527,130.78068805173103,12792205983,2026-09-28 18:48:31.926911,28/09/26,18:48:31
27549,0.13,27.549,130.67624959163672,12792233532,2026-09-28 18:48:59.475911,28/09/26,18:48:59
27532,0.13,27.532,130.75693738195554,12792261064,2026-09-28 18:49:27.007911,28/09/26,18:49:27
27642,0.13,27.642,130.2365964836119,12792288706,2026-09-28 18:49:54.649911,28/09/26,18:49:54
27683,0.13,27.683,130.04370913557057,12792316389,2026-09-28 18:50:22.332911,28/09/26,18:50:22
27556,0.13,27.556,130.643054144288,12792343945,2026-09-28 18:50:49.888911,28/09/26,18:50:49
27587,0.13,27.587,130.4962482328633,12792371532,2026-09-28 18:51:17.475911,28/09/26,18:51:17
27685,0.13,27.685,130.03431461080007,12792399217,2026-09-28 18:51:45.160911,28/09/26,18:51:45
27644,0.13,27.644,130.22717407032266,12792426861,2026-09-28 18:52:12.804911,28/09/26,18:52:12
27632,0.13,27.632,130.28372900984365,12792454493,2026-09-28 18:52:40.436911,28/09/26,18:52:40
27624,0.13,27.624,130.32145960034754,12792482117,2026-09-28 18:53:08.060911,28/09/26,18:53:8
27728,0.13,27.728,129.8326601269475,12792509845,2026-09-28 18:53:35.788911,28/09/26,18:53:35
27600,0.13,27.6,130.43478260869566,12792537445,2026-09-28 18:54:03.388911,28/09/26,18:54:3
27464,0.13,27.464,131.08068744538303,12792564909,2026-09-28 18:54:30.852911,28/09/26,18:54:30
27454,0.13,27.454,131.12843301522545,12792592363,2026-09-28 18:54:58.306911,28/09/26,18:54:58
26937,0.13,26.937,133.64517206815904,12792619300,2026-09-28 18:55:25.243911,28/09/26,18:55:25
17529,0.2,17.529,205.37395173712133,12792636829,2026-09-28 18:55:42.772911,28/09/26,18:55:42
16700,0.22,16.7,215.5688622754491,12792653529,2026-09-28 18:55:59.472911,28/09/26,18:55:59
16705,0.22,16.705,215.5043400179587,12792670234,2026-09-28 18:56:16.177911,28/09/26,18:56:16
16645,0.22,16.645,216.28116551516973,12792686879,2026-09-28 18:56:32.822911,28/09/26,18:56:32
16710,0.22,16.71,215.43985637342908,12792703589,2026-09-28 18:56:49.532911,28/09/26,18:56:49
16824,0.21,16.824,213.98002853067047,12792720413,2026-09-28 18:57:06.356911,28/09/26,18:57:6
16986,0.21,16.986,211.93924408336278,12792737399,2026-09-28 18:57:23.342911,28/09/26,18:57:23
16903,0.21,16.903,212.9799443885701,12792754302,2026-09-28 18:57:40.245911,28/09/26,18:57:40
17092,0.21,17.092,210.62485373274046,12792771394,2026-09-28 18:57:57.337911,28/09/26,18:57:57
17062,0.21,17.062,210.99519399835893,12792788456,2026-09-28 18:58:14.399911,28/09/26,18:58:14
17040,0.21,17.04,211.26760563380282,12792805496,2026-09-28 18:58:31.439911,28/09/26,18:58:31
16975,0.21,16.975,212.07658321060384,12792822471,2026-09-28 18:58:48.414911,28/09/26,18:58:48
17217,0.21,17.217,209.09566126502875,12792839688,2026-09-28 18:59:05.631911,28/09/26,18:59:5
17139,0.21,17.139,210.04726063364257,12792856827,2026-09-28 18:59:22.770911,28/09/26,18:59:22
17177,0.21,17.177,209.58258135879373,12792874004,2026-09-28 18:59:39.947911,28/09/26,18:59:39
17187,0.21,17.187,209.4606388549485,12792891191,2026-09-28 18:59:57.134911,28/09/26,18:59:57
17375,0.21,17.375,207.19424460431654,12792908566,2026-09-28 19:00:14.509911,28/09/26,19:0:14
17183,0.21,17.183,209.5093988244195,12792925749,2026-09-28 19:00:31.692911,28/09/26,19:0:31
17367,0.21,17.367,207.28968733805493,12792943116,2026-09-28 19:00:49.059911,28/09/26,19:0:49
17528,0.2,17.528,205.3856686444546,12792960644,2026-09-28 19:01:06.587911,28/09/26,19:1:6
17404,0.21,17.404,206.84900022983223,12792978048,2026-09-28 19:01:23.991911,28/09/26,19:1:23
17497,0.2,17.497,205.74955706692575,12792995545,2026-09-28 19:01:41.488911,28/09/26,19:1:41
17363,0.21,17.363,207.33744168634453,12793012908,2026-09-28 19:01:58.851911,28/09/26,19:1:58
17558,0.2,17.558,205.03474199794965,12793030466,2026-09-28 19:02:16.409911,28/09/26,19:2:16
17500,0.2,17.5,205.71428571428572,12793047966,2026-09-28 19:02:33.909911,28/09/26,19:2:33
17484,0.2,17.484,205.9025394646534,12793065450,2026-09-28 19:02:51.393911,28/09/26,19:2:51
17589,0.2,17.589,204.6733754050827,12793083039,2026-09-28 19:03:08.982911,28/09/26,19:3:8
21901,0.16,21.901,164.376055887859,12793104940,2026-09-28 19:03:30.883911,28/09/26,19:3:30
26574,0.14,26.574,135.47076089410703,12793131514,2026-09-28 19:03:57.457911,28/09/26,19:3:57
26568,0.14,26.568,135.50135501355012,12793158082,2026-09-28 19:04:24.025911,28/09/26,19:4:24
26617,0.14,26.617,135.2519066761844,12793184699,2026-09-28 19:04:50.642911,28/09/26,19:4:50
26601,0.14,26.601,135.3332581481899,12793211300,2026-09-28 19:05:17.243911,28/09/26,19:5:17
26618,0.14,26.618,135.24682545645803,12793237918,2026-09-28 19:05:43.861911,28/09/26,19:5:43
26789,0.13,26.789,134.38351562208368,12793264707,2026-09-28 19:06:10.650911,28/09/26,19:6:10
26986,0.13,26.986,133.40250500259393,12793291693,2026-09-28 19:06:37.636911,28/09/26,19:6:37
27058,0.13,27.058,133.04752753344667,12793318751,2026-09-28 19:07:04.694911,28/09/26,19:7:4
27063,0.13,27.063,133.02294645826404,12793345814,2026-09-28 19:07:31.757911,28/09/26,19:7:31
27024,0.13,27.024,133.21492007104797,12793372838,2026-09-28 19:07:58.781911,28/09/26,19:7:58
27224,0.13,27.224,132.23626212165735,12793400062,2026-09-28 19:08:26.005911,28/09/26,19:8:26
26992,0.13,26.992,133.37285121517488,12793427054,2026-09-28 19:08:52.997911,28/09/26,19:8:52
26861,0.13,26.861,134.0233051636201,12793453915,2026-09-28 19:09:19.858911,28/09/26,19:9:19
27095,0.13,27.095,132.86584240634804,12793481010,2026-09-28 19:09:46.953911,28/09/26,19:9:46
27187,0.13,27.187,132.41622834442933,12793508197,2026-09-28 19:10:14.140911,28/09/26,19:10:14
27377,0.13,27.377,131.49724221061476,12793535574,2026-09-28 19:10:41.517911,28/09/26,19:10:41
30711,0.12,30.711,117.22184233662206,12793566285,2026-09-28 19:11:12.228911,28/09/26,19:11:12
29366,0.12,29.366,122.59075120888102,12793595651,2026-09-28 19:11:41.594911,28/09/26,19:11:41
29532,0.12,29.532,121.90166598943519,12793625183,2026-09-28 19:12:11.126911,28/09/26,19:12:11
35630,0.1,35.63,101.03845074375526,12793660813,2026-09-28 19:12:46.756911,28/09/26,19:12:46
35860,0.1,35.86,100.3904071388734,12793696673,2026-09-28 19:13:22.616911,28/09/26,19:13:22
35873,0.1,35.873,100.35402670532154,12793732546,2026-09-28 19:13:58.489911,28/09/26,19:13:58
35733,0.1,35.733,100.74720846276551,12793768279,2026-09-28 19:14:34.222911,28/09/26,19:14:34
35578,0.1,35.578,101.18612625779977,12793803857,2026-09-28 19:15:09.800911,28/09/26,19:15:9
35693,0.1,35.693,100.86011262712577,12793839550,2026-09-28 19:15:45.493911,28/09/26,19:15:45
35699,0.1,35.699,100.84316087285359,12793875249,2026-09-28 19:16:21.192911,28/09/26,19:16:21
35572,0.1,35.572,101.20319352299562,12793910821,2026-09-28 19:16:56.764911,28/09/26,19:16:56
35607,0.1,35.607,101.10371556154689,12793946428,2026-09-28 19:17:32.371911,28/09/26,19:17:32
35691,0.1,35.691,100.86576447843994,12793982119,2026-09-28 19:18:08.062911,28/09/26,19:18:8
35607,0.1,35.607,101.10371556154689,12794017726,2026-09-28 19:18:43.669911,28/09/26,19:18:43
35590,0.1,35.59,101.15200899128969,12794053316,2026-09-28 19:19:19.259911,28/09/26,19:19:19
35960,0.1,35.96,100.11123470522803,12794089276,2026-09-28 19:19:55.219911,28/09/26,19:19:55
35612,0.1,35.612,101.08952038638661,12794124888,2026-09-28 19:20:30.831911,28/09/26,19:20:30
35550,0.1,35.55,101.26582278481013,12794160438,2026-09-28 19:21:06.381911,28/09/26,19:21:6
35134,0.1,35.134,102.46484886434793,12794195572,2026-09-28 19:21:41.515911,28/09/26,19:21:41
35170,0.1,35.17,102.35996588001137,12794230742,2026-09-28 19:22:16.685911,28/09/26,19:22:16
35608,0.1,35.608,101.1008762075938,12794266350,2026-09-28 19:22:52.293911,28/09/26,19:22:52
35401,0.1,35.401,101.69204259766673,12794301751,2026-09-28 19:23:27.694911,28/09/26,19:23:27
35511,0.1,35.511,101.37703810087015,12794337262,2026-09-28 19:24:03.205911,28/09/26,19:24:3
35683,0.1,35.683,100.88837821932013,12794372945,2026-09-28 19:24:38.888911,28/09/26,19:24:38
35592,0.1,35.592,101.14632501685772,12794408537,2026-09-28 19:25:14.480911,28/09/26,19:25:14
35622,0.1,35.622,101.0611419909045,12794444159,2026-09-28 19:25:50.102911,28/09/26,19:25:50
35750,0.1,35.75,100.6993006993007,12794479909,2026-09-28 19:26:25.852911,28/09/26,19:26:25
35666,0.1,35.666,100.93646610217013,12794515575,2026-09-28 19:27:01.518911,28/09/26,19:27:1
35709,0.1,35.709,100.81492060825002,12794551284,2026-09-28 19:27:37.227911,28/09/26,19:27:37
35705,0.1,35.705,100.82621481585213,12794586989,2026-09-28 19:28:12.932911,28/09/26,19:28:12
35554,0.1,35.554,101.2544298813073,12794622543,2026-09-28 19:28:48.486911,28/09/26,19:28:48
35615,0.1,35.615,101.08100519444055,12794658158,2026-09-28 19:29:24.101911,28/09/26,19:29:24
35457,0.1,35.457,101.53143243929266,12794693615,2026-09-28 19:29:59.558911,28/09/26,19:29:59
35487,0.1,35.487,101.4455997971088,12794729102,2026-09-28 19:30:35.045911,28/09/26,19:30:35
35897,0.1,35.897,100.28693205560353,12794764999,2026-09-28 19:31:10.942911,28/09/26,19:31:10
35872,0.1,35.872,100.35682426404996,12794800871,2026-09-28 19:31:46.814911,28/09/26,19:31:46
35853,0.1,35.853,100.41000753075056,12794836724,2026-09-28 19:32:22.667911,28/09/26,19:32:22
35899,0.1,35.899,100.28134488425862,12794872623,2026-09-28 19:32:58.566911,28/09/26,19:32:58
35669,0.1,35.669,100.92797667442316,12794908292,2026-09-28 19:33:34.235911,28/09/26,19:33:34
35821,0.1,35.821,100.49970687585494,12794944113,2026-09-28 19:34:10.056911,28/09/26,19:34:10
35760,0.1,35.76,100.67114093959732,12794979873,2026-09-28 19:34:45.816911,28/09/26,19:34:45
35516,0.1,35.516,101.36276607726096,12795015389,2026-09-28 19:35:21.332911,28/09/26,19:35:21
35015,0.1,35.015,102.81308010852491,12795050404,2026-09-28 19:35:56.347911,28/09/26,19:35:56
35483,0.1,35.483,101.4570357636051,12795085887,2026-09-28 19:36:31.830911,28/09/26,19:36:31
32313,0.11,32.313,111.41026831306286,12795118200,2026-09-28 19:37:04.143911,28/09/26,19:37:4
18513,0.19,18.513,194.45794846864365,12795136713,2026-09-28 19:37:22.656911,28/09/26,19:37:22
19884,0.18,19.884,181.05009052504525,12795156597,2026-09-28 19:37:42.540911,28/09/26,19:37:42
19789,0.18,19.789,181.919248067108,12795176386,2026-09-28 19:38:02.329911,28/09/26,19:38:2
19803,0.18,19.803,181.79063778215422,12795196189,2026-09-28 19:38:22.132911,28/09/26,19:38:22
19908,0.18,19.908,180.83182640144665,12795216097,2026-09-28 19:38:42.040911,28/09/26,19:38:42
20146,0.18,20.146,178.69552268440384,12795236243,2026-09-28 19:39:02.186911,28/09/26,19:39:2
20152,0.18,20.152,178.64231838030966,12795256395,2026-09-28 19:39:22.338911,28/09/26,19:39:22
20285,0.18,20.285,177.47103771259552,12795276680,2026-09-28 19:39:42.623911,28/09/26,19:39:42
20489,0.17,20.489,175.70403631216752,12795297169,2026-09-28 19:40:03.112911,28/09/26,19:40:3
20517,0.17,20.517,175.46424915923382,12795317686,2026-09-28 19:40:23.629911,28/09/26,19:40:23
20512,0.17,20.512,175.50702028081122,12795338198,2026-09-28 19:40:44.141911,28/09/26,19:40:44
20426,0.18,20.426,176.24596103005973,12795358624,2026-09-28 19:41:04.567911,28/09/26,19:41:4
20451,0.18,20.451,176.03051195540561,12795379075,2026-09-28 19:41:25.018911,28/09/26,19:41:25
20651,0.17,20.651,174.32569851338917,12795399726,2026-09-28 19:41:45.669911,28/09/26,19:41:45
20724,0.17,20.724,173.71163867979155,12795420450,2026-09-28 19:42:06.393911,28/09/26,19:42:6
20821,0.17,20.821,172.90235819605206,12795441271,2026-09-28 19:42:27.214911,28/09/26,19:42:27
20826,0.17,20.826,172.8608470181504,12795462097,2026-09-28 19:42:48.040911,28/09/26,19:42:48
20892,0.17,20.892,172.3147616312464,12795482989,2026-09-28 19:43:08.932911,28/09/26,19:43:8
21037,0.17,21.037,171.12706184341874,12795504026,2026-09-28 19:43:29.969911,28/09/26,19:43:29
21037,0.17,21.037,171.12706184341874,12795525063,2026-09-28 19:43:51.006911,28/09/26,19:43:51
21122,0.17,21.122,170.43840545402898,12795546185,2026-09-28 19:44:12.128911,28/09/26,19:44:12
21066,0.17,21.066,170.8914839077186,12795567251,2026-09-28 19:44:33.194911,28/09/26,19:44:33
25130,0.14,25.13,143.25507361719062,12795592381,2026-09-28 19:44:58.324911,28/09/26,19:44:58
35338,0.1,35.338,101.87333748372856,12795627719,2026-09-28 19:45:33.662911,28/09/26,19:45:33
35305,0.1,35.305,101.96855969409432,12795663024,2026-09-28 19:46:08.967911,28/09/26,19:46:8
35443,0.1,35.443,101.57153739807579,12795698467,2026-09-28 19:46:44.410911,28/09/26,19:46:44
35584,0.1,35.584,101.16906474820144,12795734051,2026-09-28 19:47:19.994911,28/09/26,19:47:19
35398,0.1,35.398,101.70066105429686,12795769449,2026-09-28 19:47:55.392911,28/09/26,19:47:55
35311,0.1,35.311,101.95123332672539,12795804760,2026-09-28 19:48:30.703911,28/09/26,19:48:30
35404,0.1,35.404,101.68342560162694,12795840164,2026-09-28 19:49:06.107911,28/09/26,19:49:6
35412,0.1,35.412,101.66045408336157,12795875576,2026-09-28 19:49:41.519911,28/09/26,19:49:41
35075,0.1,35.075,102.63720598717035,12795910651,2026-09-28 19:50:16.594911,28/09/26,19:50:16
34864,0.1,34.864,103.25837540156034,12795945515,2026-09-28 19:50:51.458911,28/09/26,19:50:51
35588,0.1,35.588,101.15769360458582,12795981103,2026-09-28 19:51:27.046911,28/09/26,19:51:27
35590,0.1,35.59,101.15200899128969,12796016693,2026-09-28 19:52:02.636911,28/09/26,19:52:2
36162,0.1,36.162,99.55201592832255,12796052855,2026-09-28 19:52:38.798911,28/09/26,19:52:38
29772,0.12,29.772,120.91898428053204,12796082627,2026-09-28 19:53:08.570911,28/09/26,19:53:8
35063,0.1,35.063,102.67233265835782,12796117690,2026-09-28 19:53:43.633911,28/09/26,19:53:43
35206,0.1,35.206,102.25529739248992,12796152896,2026-09-28 19:54:18.839911,28/09/26,19:54:18
35337,0.1,35.337,101.87622039222344,12796188233,2026-09-28 19:54:54.176911,28/09/26,19:54:54
29227,0.12,29.227,123.17377767133131,12796217460,2026-09-28 19:55:23.403911,28/09/26,19:55:23
25810,0.14,25.81,139.48082138705928,12796243270,2026-09-28 19:55:49.213911,28/09/26,19:55:49
25819,0.14,25.819,139.43220109221892,12796269089,2026-09-28 19:56:15.032911,28/09/26,19:56:15
24980,0.14,24.98,144.11529223378702,12796294069,2026-09-28 19:56:40.012911,28/09/26,19:56:40
25760,0.14,25.76,139.75155279503105,12796319829,2026-09-28 19:57:05.772911,28/09/26,19:57:5
26227,0.14,26.227,137.26312578640332,12796346056,2026-09-28 19:57:31.999911,28/09/26,19:57:31
25906,0.14,25.906,138.96394657608275,12796371962,2026-09-28 19:57:57.905911,28/09/26,19:57:57
25665,0.14,25.665,140.26884862653418,12796397627,2026-09-28 19:58:23.570911,28/09/26,19:58:23
24664,0.14,24.664,145.96172559195588,12796422291,2026-09-28 19:58:48.234911,28/09/26,19:58:48
25131,0.14,25.131,143.24937328399187,12796447422,2026-09-28 19:59:13.365911,28/09/26,19:59:13
24399,0.15,24.399,147.54703061600884,12796471821,2026-09-28 19:59:37.764911,28/09/26,19:59:37
24597,0.15,24.597,146.35931211123307,12796496418,2026-09-28 20:00:02.361911,28/09/26,20:0:2
23016,0.16,23.016,156.41293013555787,12796519434,2026-09-28 20:00:25.377911,28/09/26,20:0:25
23842,0.15,23.842,150.99404412381512,12796543276,2026-09-28 20:00:49.219911,28/09/26,20:0:49
23932,0.15,23.932,150.42620758816648,12796567208,2026-09-28 20:01:13.151911,28/09/26,20:1:13
24143,0.15,24.143,149.11154371867622,12796591351,2026-09-28 20:01:37.294911,28/09/26,20:1:37
24739,0.14,24.739,145.51922066372933,12796616090,2026-09-28 20:02:02.033911,28/09/26,20:2:2
24233,0.15,24.233,148.55775182602235,12796640323,2026-09-28 20:02:26.266911,28/09/26,20:2:26
24580,0.15,24.58,146.4605370219691,12796664903,2026-09-28 20:02:50.846911,28/09/26,20:2:50
24923,0.14,24.923,144.444890262007,12796689826,2026-09-28 20:03:15.769911,28/09/26,20:3:15
24939,0.14,24.939,144.3522194153735,12796714765,2026-09-28 20:03:40.708911,28/09/26,20:3:40
24387,0.15,24.387,147.61963341124368,12796739152,2026-09-28 20:04:05.095911,28/09/26,20:4:5
24505,0.15,24.505,146.90879412364822,12796763657,2026-09-28 20:04:29.600911,28/09/26,20:4:29
23954,0.15,23.954,150.28805209985805,12796787611,2026-09-28 20:04:53.554911,28/09/26,20:4:53
23933,0.15,23.933,150.41992228304017,12796811544,2026-09-28 20:05:17.487911,28/09/26,20:5:17
24549,0.15,24.549,146.64548454112185,12796836093,2026-09-28 20:05:42.036911,28/09/26,20:5:42
24064,0.15,24.064,149.60106382978722,12796860157,2026-09-28 20:06:06.100911,28/09/26,20:6:6
24582,0.15,24.582,146.4486209421528,12796884739,2026-09-28 20:06:30.682911,28/09/26,20:6:30
25031,0.14,25.031,143.82166114018617,12796909770,2026-09-28 20:06:55.713911,28/09/26,20:6:55
24753,0.14,24.753,145.43691673736518,12796934523,2026-09-28 20:07:20.466911,28/09/26,20:7:20
25006,0.14,25.006,143.96544829240983,12796959529,2026-09-28 20:07:45.472911,28/09/26,20:7:45
24681,0.14,24.681,145.86118876868846,12796984210,2026-09-28 20:08:10.153911,28/09/26,20:8:10
25152,0.14,25.152,143.12977099236642,12797009362,2026-09-28 20:08:35.305911,28/09/26,20:8:35
25214,0.14,25.214,142.77782184500674,12797034576,2026-09-28 20:09:00.519911,28/09/26,20:9:0
25049,0.14,25.049,143.71831210826778,12797059625,2026-09-28 20:09:25.568911,28/09/26,20:9:25
25092,0.14,25.092,143.47202295552367,12797084717,2026-09-28 20:09:50.660911,28/09/26,20:9:50
25243,0.14,25.243,142.6137939230678,12797109960,2026-09-28 20:10:15.903911,28/09/26,20:10:15
25255,0.14,25.255,142.54603048901208,12797135215,2026-09-28 20:10:41.158911,28/09/26,20:10:41
24655,0.15,24.655,146.01500709795172,12797159870,2026-09-28 20:11:05.813911,28/09/26,20:11:5
25211,0.14,25.211,142.79481178850503,12797185081,2026-09-28 20:11:31.024911,28/09/26,20:11:31
25032,0.14,25.032,143.81591562799616,12797210113,2026-09-28 20:11:56.056911,28/09/26,20:11:56
25303,0.14,25.303,142.27561949175987,12797235416,2026-09-28 20:12:21.359911,28/09/26,20:12:21
25577,0.14,25.577,140.75145638659734,12797260993,2026-09-28 20:12:46.936911,28/09/26,20:12:46
25348,0.14,25.348,142.02303929304088,12797286341,2026-09-28 20:13:12.284911,28/09/26,20:13:12
25777,0.14,25.777,139.65938627458587,12797312118,2026-09-28 20:13:38.061911,28/09/26,20:13:38
25343,0.14,25.343,142.05105946415185,12797337461,2026-09-28 20:14:03.404911,28/09/26,20:14:3
25616,0.14,25.616,140.5371642723298,12797363077,2026-09-28 20:14:29.020911,28/09/26,20:14:29
25398,0.14,25.398,141.74344436569808,12797388475,2026-09-28 20:14:54.418911,28/09/26,20:14:54
25593,0.14,25.593,140.6634626655726,12797414068,2026-09-28 20:15:20.011911,28/09/26,20:15:20
25884,0.14,25.884,139.08205841446454,12797439952,2026-09-28 20:15:45.895911,28/09/26,20:15:45
25471,0.14,25.471,141.33720701974795,12797465423,2026-09-28 20:16:11.366911,28/09/26,20:16:11
25464,0.14,25.464,141.3760603204524,12797490887,2026-09-28 20:16:36.830911,28/09/26,20:16:36
25374,0.14,25.374,141.87751241428234,12797516261,2026-09-28 20:17:02.204911,28/09/26,20:17:2
25465,0.14,25.465,141.37050854113488,12797541726,2026-09-28 20:17:27.669911,28/09/26,20:17:27
25442,0.14,25.442,141.49830988129864,12797567168,2026-09-28 20:17:53.111911,28/09/26,20:17:53
25680,0.14,25.68,140.18691588785046,12797592848,2026-09-28 20:18:18.791911,28/09/26,20:18:18
25682,0.14,25.682,140.1759987539911,12797618530,2026-09-28 20:18:44.473911,28/09/26,20:18:44
25484,0.14,25.484,141.26510751844293,12797644014,2026-09-28 20:19:09.957911,28/09/26,20:19:9
22747,0.16,22.747,158.26262803886226,12797666761,2026-09-28 20:19:32.704911,28/09/26,20:19:32
15527,0.23,15.527,231.85418947639596,12797682288,2026-09-28 20:19:48.231911,28/09/26,20:19:48
16146,0.22,16.146,222.9654403567447,12797698434,2026-09-28 20:20:04.377911,28/09/26,20:20:4
16209,0.22,16.209,222.0988339811216,12797714643,2026-09-28 20:20:20.586911,28/09/26,20:20:20
16301,0.22,16.301,220.84534691123244,12797730944,2026-09-28 20:20:36.887911,28/09/26,20:20:36
16261,0.22,16.261,221.38859848717792,12797747205,2026-09-28 20:20:53.148911,28/09/26,20:20:53
16366,0.22,16.366,219.96822681168277,12797763571,2026-09-28 20:21:09.514911,28/09/26,20:21:9
16600,0.22,16.6,216.86746987951807,12797780171,2026-09-28 20:21:26.114911,28/09/26,20:21:26
16636,0.22,16.636,216.3981726376533,12797796807,2026-09-28 20:21:42.750911,28/09/26,20:21:42
16544,0.22,16.544,217.60154738878143,12797813351,2026-09-28 20:21:59.294911,28/09/26,20:21:59
16776,0.21,16.776,214.59227467811158,12797830127,2026-09-28 20:22:16.070911,28/09/26,20:22:16
16700,0.22,16.7,215.5688622754491,12797846827,2026-09-28 20:22:32.770911,28/09/26,20:22:32
16769,0.21,16.769,214.6818534200012,12797863596,2026-09-28 20:22:49.539911,28/09/26,20:22:49
16550,0.22,16.55,217.5226586102719,12797880146,2026-09-28 20:23:06.089911,28/09/26,20:23:6
16870,0.21,16.87,213.3965619442798,12797897016,2026-09-28 20:23:22.959911,28/09/26,20:23:22
17039,0.21,17.039,211.28000469511122,12797914055,2026-09-28 20:23:39.998911,28/09/26,20:23:39
16946,0.21,16.946,212.43951374955742,12797931001,2026-09-28 20:23:56.944911,28/09/26,20:23:56
16966,0.21,16.966,212.18908405045386,12797947967,2026-09-28 20:24:13.910911,28/09/26,20:24:13
17059,0.21,17.059,211.03229966586554,12797965026,2026-09-28 20:24:30.969911,28/09/26,20:24:30
17306,0.21,17.306,208.02033976655494,12797982332,2026-09-28 20:24:48.275911,28/09/26,20:24:48
17120,0.21,17.12,210.2803738317757,12797999452,2026-09-28 20:25:05.395911,28/09/26,20:25:5
17321,0.21,17.321,207.84019398418104,12798016773,2026-09-28 20:25:22.716911,28/09/26,20:25:22
17346,0.21,17.346,207.54064337599448,12798034119,2026-09-28 20:25:40.062911,28/09/26,20:25:40
17270,0.21,17.27,208.45396641574985,12798051389,2026-09-28 20:25:57.332911,28/09/26,20:25:57
17272,0.21,17.272,208.42982862436313,12798068661,2026-09-28 20:26:14.604911,28/09/26,20:26:14
17320,0.21,17.32,207.85219399538107,12798085981,2026-09-28 20:26:31.924911,28/09/26,20:26:31
17352,0.21,17.352,207.4688796680498,12798103333,2026-09-28 20:26:49.276911,28/09/26,20:26:49
17398,0.21,17.398,206.92033567076675,12798120731,2026-09-28 20:27:06.674911,28/09/26,20:27:6
19918,0.18,19.918,180.7410382568531,12798140649,2026-09-28 20:27:26.592911,28/09/26,20:27:26
26252,0.14,26.252,137.1324089593174,12798166901,2026-09-28 20:27:52.844911,28/09/26,20:27:52
26057,0.14,26.057,138.15865218559313,12798192958,2026-09-28 20:28:18.901911,28/09/26,20:28:18
26418,0.14,26.418,136.2707245060186,12798219376,2026-09-28 20:28:45.319911,28/09/26,20:28:45
26089,0.14,26.089,137.989190846717,12798245465,2026-09-28 20:29:11.408911,28/09/26,20:29:11
25993,0.14,25.993,138.49882660716347,12798271458,2026-09-28 20:29:37.401911,28/09/26,20:29:37
26279,0.14,26.279,136.9915141367632,12798297737,2026-09-28 20:30:03.680911,28/09/26,20:30:3
26193,0.14,26.193,137.44130111098386,12798323930,2026-09-28 20:30:29.873911,28/09/26,20:30:29
26181,0.14,26.181,137.50429700928154,12798350111,2026-09-28 20:30:56.054911,28/09/26,20:30:56
26292,0.14,26.292,136.92377909630306,12798376403,2026-09-28 20:31:22.346911,28/09/26,20:31:22
26286,0.14,26.286,136.95503309746633,12798402689,2026-09-28 20:31:48.632911,28/09/26,20:31:48
26371,0.14,26.371,136.51359447878352,12798429060,2026-09-28 20:32:15.003911,28/09/26,20:32:15
26584,0.14,26.584,135.4198013842913,12798455644,2026-09-28 20:32:41.587911,28/09/26,20:32:41
26432,0.14,26.432,136.19854721549638,12798482076,2026-09-28 20:33:08.019911,28/09/26,20:33:8
26578,0.14,26.578,135.45037248852435,12798508654,2026-09-28 20:33:34.597911,28/09/26,20:33:34
26449,0.14,26.449,136.11100608718667,12798535103,2026-09-28 20:34:01.046911,28/09/26,20:34:1
26292,0.14,26.292,136.92377909630306,12798561395,2026-09-28 20:34:27.338911,28/09/26,20:34:27
26060,0.14,26.06,138.14274750575595,12798587455,2026-09-28 20:34:53.398911,28/09/26,20:34:53
25913,0.14,25.913,138.92640759464362,12798613368,2026-09-28 20:35:19.311911,28/09/26,20:35:19
26184,0.14,26.184,137.4885426214482,12798639552,2026-09-28 20:35:45.495911,28/09/26,20:35:45
26061,0.14,26.061,138.13744675952572,12798665613,2026-09-28 20:36:11.556911,28/09/26,20:36:11
26085,0.14,26.085,138.01035077630823,12798691698,2026-09-28 20:36:37.641911,28/09/26,20:36:37
26018,0.14,26.018,138.36574679068337,12798717716,2026-09-28 20:37:03.659911,28/09/26,20:37:3
26105,0.14,26.105,137.90461597395134,12798743821,2026-09-28 20:37:29.764911,28/09/26,20:37:29
25904,0.14,25.904,138.97467572575664,12798769725,2026-09-28 20:37:55.668911,28/09/26,20:37:55
25859,0.14,25.859,139.2165203604161,12798795584,2026-09-28 20:38:21.527911,28/09/26,20:38:21
26220,0.14,26.22,137.29977116704805,12798821804,2026-09-28 20:38:47.747911,28/09/26,20:38:47
26218,0.14,26.218,137.3102448699367,12798848022,2026-09-28 20:39:13.965911,28/09/26,20:39:13
26378,0.14,26.378,136.47736750322238,12798874400,2026-09-28 20:39:40.343911,28/09/26,20:39:40
26494,0.14,26.494,135.8798218464558,12798900894,2026-09-28 20:40:06.837911,28/09/26,20:40:6
26389,0.14,26.389,136.42047822956536,12798927283,2026-09-28 20:40:33.226911,28/09/26,20:40:33
26202,0.14,26.202,137.39409205404166,12798953485,2026-09-28 20:40:59.428911,28/09/26,20:40:59
26191,0.14,26.191,137.45179641861708,12798979676,2026-09-28 20:41:25.619911,28/09/26,20:41:25
26362,0.14,26.362,136.56020028829374,12799006038,2026-09-28 20:41:51.981911,28/09/26,20:41:51
26194,0.14,26.194,137.43605405818127,12799032232,2026-09-28 20:42:18.175911,28/09/26,20:42:18
26169,0.14,26.169,137.56735068210477,12799058401,2026-09-28 20:42:44.344911,28/09/26,20:42:44
26275,0.14,26.275,137.01236917221695,12799084676,2026-09-28 20:43:10.619911,28/09/26,20:43:10
26062,0.14,26.062,138.1321464200752,12799110738,2026-09-28 20:43:36.681911,28/09/26,20:43:36
26003,0.14,26.003,138.4455639733877,12799136741,2026-09-28 20:44:02.684911,28/09/26,20:44:2
25992,0.14,25.992,138.50415512465375,12799162733,2026-09-28 20:44:28.676911,28/09/26,20:44:28
26576,0.14,26.576,135.4605659241421,12799189309,2026-09-28 20:44:55.252911,28/09/26,20:44:55
26373,0.14,26.373,136.50324195199636,12799215682,2026-09-28 20:45:21.625911,28/09/26,20:45:21
26351,0.14,26.351,136.61720617813367,12799242033,2026-09-28 20:45:47.976911,28/09/26,20:45:47
26553,0.14,26.553,135.57790080216924,12799268586,2026-09-28 20:46:14.529911,28/09/26,20:46:14
26531,0.14,26.531,135.69032452602616,12799295117,2026-09-28 20:46:41.060911,28/09/26,20:46:41
26525,0.14,26.525,135.72101790763432,12799321642,2026-09-28 20:47:07.585911,28/09/26,20:47:7
26315,0.14,26.315,136.8041041231237,12799347957,2026-09-28 20:47:33.900911,28/09/26,20:47:33
26478,0.14,26.478,135.96193065941537,12799374435,2026-09-28 20:48:00.378911,28/09/26,20:48:0
26567,0.14,26.567,135.50645537697142,12799401002,2026-09-28 20:48:26.945911,28/09/26,20:48:26
26440,0.14,26.44,136.15733736762482,12799427442,2026-09-28 20:48:53.385911,28/09/26,20:48:53
26235,0.14,26.235,137.22126929674099,12799453677,2026-09-28 20:49:19.620911,28/09/26,20:49:19
26416,0.14,26.416,136.28104179285282,12799480093,2026-09-28 20:49:46.036911,28/09/26,20:49:46
26064,0.14,26.064,138.12154696132598,12799506157,2026-09-28 20:50:12.100911,28/09/26,20:50:12
26131,0.14,26.131,137.76740270177183,12799532288,2026-09-28 20:50:38.231911,28/09/26,20:50:38
26416,0.14,26.416,136.28104179285282,12799558704,2026-09-28 20:51:04.647911,28/09/26,20:51:4
26469,0.14,26.469,136.00816048962938,12799585173,2026-09-28 20:51:31.116911,28/09/26,20:51:31
26425,0.14,26.425,136.23462630085146,12799611598,2026-09-28 20:51:57.541911,28/09/26,20:51:57
26509,0.14,26.509,135.8029348523143,12799638107,2026-09-28 20:52:24.050911,28/09/26,20:52:24
26626,0.14,26.626,135.2061894388943,12799664733,2026-09-28 20:52:50.676911,28/09/26,20:52:50
26346,0.14,26.346,136.64313368253246,12799691079,2026-09-28 20:53:17.022911,28/09/26,20:53:17
26544,0.14,26.544,135.623869801085,12799717623,2026-09-28 20:53:43.566911,28/09/26,20:53:43
26193,0.14,26.193,137.44130111098386,12799743816,2026-09-28 20:54:09.759911,28/09/26,20:54:9
24727,0.14,24.727,145.5898410644235,12799768543,2026-09-28 20:54:34.486911,28/09/26,20:54:34
25471,0.14,25.471,141.33720701974795,12799794014,2026-09-28 20:54:59.957911,28/09/26,20:54:59
25803,0.14,25.803,139.51866062085804,12799819817,2026-09-28 20:55:25.760911,28/09/26,20:55:25
25845,0.14,25.845,139.29193267556587,12799845662,2026-09-28 20:55:51.605911,28/09/26,20:55:51
25368,0.14,25.368,141.91106906338695,12799871030,2026-09-28 20:56:16.973911,28/09/26,20:56:16
25642,0.14,25.642,140.3946650027299,12799896672,2026-09-28 20:56:42.615911,28/09/26,20:56:42
25769,0.14,25.769,139.70274360665917,12799922441,2026-09-28 20:57:08.384911,28/09/26,20:57:8
25628,0.14,25.628,140.47135945060091,12799948069,2026-09-28 20:57:34.012911,28/09/26,20:57:34
25841,0.14,25.841,139.3134940598274,12799973910,2026-09-28 20:57:59.853911,28/09/26,20:57:59
25599,0.14,25.599,140.6304933786476,12799999509,2026-09-28 20:58:25.452911,28/09/26,20:58:25
25731,0.14,25.731,139.90905911157748,12800025240,2026-09-28 20:58:51.183911,28/09/26,20:58:51
25471,0.14,25.471,141.33720701974795,12800050711,2026-09-28 20:59:16.654911,28/09/26,20:59:16
25561,0.14,25.561,140.83956026759517,12800076272,2026-09-28 20:59:42.215911,28/09/26,20:59:42
25429,0.14,25.429,141.57064768571317,12800101701,2026-09-28 21:00:07.644911,28/09/26,21:0:7
25389,0.14,25.389,141.79369018078697,12800127090,2026-09-28 21:00:33.033911,28/09/26,21:0:33
25553,0.14,25.553,140.8836535827496,12800152643,2026-09-28 21:00:58.586911,28/09/26,21:0:58
25419,0.14,25.419,141.62634249970495,12800178062,2026-09-28 21:01:24.005911,28/09/26,21:1:24
25835,0.14,25.835,139.34584865492548,12800203897,2026-09-28 21:01:49.840911,28/09/26,21:1:49
22624,0.16,22.624,159.1230551626591,12800226521,2026-09-28 21:02:12.464911,28/09/26,21:2:12
14985,0.24,14.985,240.24024024024024,12800241506,2026-09-28 21:02:27.449911,28/09/26,21:2:27
16222,0.22,16.222,221.92084823079767,12800257728,2026-09-28 21:02:43.671911,28/09/26,21:2:43
16199,0.22,16.199,222.23594049015372,12800273927,2026-09-28 21:02:59.870911,28/09/26,21:2:59
16194,0.22,16.194,222.3045572434235,12800290121,2026-09-28 21:03:16.064911,28/09/26,21:3:16
16269,0.22,16.269,221.27973446431864,12800306390,2026-09-28 21:03:32.333911,28/09/26,21:3:32
16310,0.22,16.31,220.72348252605764,12800322700,2026-09-28 21:03:48.643911,28/09/26,21:3:48
16273,0.22,16.273,221.2253425920236,12800338973,2026-09-28 21:04:04.916911,28/09/26,21:4:4
16296,0.22,16.296,220.91310751104567,12800355269,2026-09-28 21:04:21.212911,28/09/26,21:4:21
16345,0.22,16.345,220.25084123585194,12800371614,2026-09-28 21:04:37.557911,28/09/26,21:4:37
16592,0.22,16.592,216.97203471552555,12800388206,2026-09-28 21:04:54.149911,28/09/26,21:4:54
16466,0.22,16.466,218.63233329284586,12800404672,2026-09-28 21:05:10.615911,28/09/26,21:5:10
16622,0.22,16.622,216.58043556732042,12800421294,2026-09-28 21:05:27.237911,28/09/26,21:5:27
16753,0.21,16.753,214.88688593087807,12800438047,2026-09-28 21:05:43.990911,28/09/26,21:5:43
16692,0.22,16.692,215.67217828900073,12800454739,2026-09-28 21:06:00.682911,28/09/26,21:6:0
16738,0.22,16.738,215.07945991157845,12800471477,2026-09-28 21:06:17.420911,28/09/26,21:6:17
16848,0.21,16.848,213.67521367521368,12800488325,2026-09-28 21:06:34.268911,28/09/26,21:6:34
17015,0.21,17.015,211.5780193946518,12800505340,2026-09-28 21:06:51.283911,28/09/26,21:6:51
16980,0.21,16.98,212.01413427561837,12800522320,2026-09-28 21:07:08.263911,28/09/26,21:7:8
17078,0.21,17.078,210.79751727368546,12800539398,2026-09-28 21:07:25.341911,28/09/26,21:7:25
17175,0.21,17.175,209.6069868995633,12800556573,2026-09-28 21:07:42.516911,28/09/26,21:7:42
17137,0.21,17.137,210.07177452296202,12800573710,2026-09-28 21:07:59.653911,28/09/26,21:7:59
17188,0.21,17.188,209.4484524086572,12800590898,2026-09-28 21:08:16.841911,28/09/26,21:8:16
17177,0.21,17.177,209.58258135879373,12800608075,2026-09-28 21:08:34.018911,28/09/26,21:8:34
17232,0.21,17.232,208.91364902506965,12800625307,2026-09-28 21:08:51.250911,28/09/26,21:8:51
17178,0.21,17.178,209.57038071952496,12800642485,2026-09-28 21:09:08.428911,28/09/26,21:9:8
17268,0.21,17.268,208.47810979847117,12800659753,2026-09-28 21:09:25.696911,28/09/26,21:9:25
17313,0.21,17.313,207.93623288858083,12800677066,2026-09-28 21:09:43.009911,28/09/26,21:9:43
17138,0.21,17.138,210.0595168631112,12800694204,2026-09-28 21:10:00.147911,28/09/26,21:10:0
21082,0.17,21.082,170.76178730670713,12800715286,2026-09-28 21:10:21.229911,28/09/26,21:10:21
25841,0.14,25.841,139.3134940598274,12800741127,2026-09-28 21:10:47.070911,28/09/26,21:10:47
26257,0.14,26.257,137.10629546406673,12800767384,2026-09-28 21:11:13.327911,28/09/26,21:11:13
26220,0.14,26.22,137.29977116704805,12800793604,2026-09-28 21:11:39.547911,28/09/26,21:11:39
26074,0.14,26.074,138.06857405844903,12800819678,2026-09-28 21:12:05.621911,28/09/26,21:12:5
26069,0.14,26.069,138.09505542982086,12800845747,2026-09-28 21:12:31.690911,28/09/26,21:12:31
25978,0.14,25.978,138.57879744399108,12800871725,2026-09-28 21:12:57.668911,28/09/26,21:12:57
25293,0.14,25.293,142.33187047799785,12800897018,2026-09-28 21:13:22.961911,28/09/26,21:13:22
26006,0.14,26.006,138.42959317080673,12800923024,2026-09-28 21:13:48.967911,28/09/26,21:13:48
25738,0.14,25.738,139.87100784831767,12800948762,2026-09-28 21:14:14.705911,28/09/26,21:14:14
25933,0.14,25.933,138.8192650291135,12800974695,2026-09-28 21:14:40.638911,28/09/26,21:14:40
25438,0.14,25.438,141.5205597924365,12801000133,2026-09-28 21:15:06.076911,28/09/26,21:15:6
25928,0.14,25.928,138.8460351743289,12801026061,2026-09-28 21:15:32.004911,28/09/26,21:15:32
25992,0.14,25.992,138.50415512465375,12801052053,2026-09-28 21:15:57.996911,28/09/26,21:15:57
25966,0.14,25.966,138.64284063775708,12801078019,2026-09-28 21:16:23.962911,28/09/26,21:16:23
26045,0.14,26.045,138.22230754463428,12801104064,2026-09-28 21:16:50.007911,28/09/26,21:16:50
25932,0.14,25.932,138.82461823229985,12801129996,2026-09-28 21:17:15.939911,28/09/26,21:17:15
25904,0.14,25.904,138.97467572575664,12801155900,2026-09-28 21:17:41.843911,28/09/26,21:17:41
26150,0.14,26.15,137.66730401529637,12801182050,2026-09-28 21:18:07.993911,28/09/26,21:18:7
24487,0.15,24.487,147.01678441622084,12801206537,2026-09-28 21:18:32.480911,28/09/26,21:18:32
24592,0.15,24.592,146.38906961613532,12801231129,2026-09-28 21:18:57.072911,28/09/26,21:18:57
24603,0.15,24.603,146.323619070845,12801255732,2026-09-28 21:19:21.675911,28/09/26,21:19:21
24448,0.15,24.448,147.25130890052355,12801280180,2026-09-28 21:19:46.123911,28/09/26,21:19:46
23994,0.15,23.994,150.03750937734435,12801304174,2026-09-28 21:20:10.117911,28/09/26,21:20:10
24977,0.14,24.977,144.13260199383433,12801329151,2026-09-28 21:20:35.094911,28/09/26,21:20:35
