Interval,kWh,sec,Wh,cumul(ms),dates,days,heure
26297,0.14,26.297,136.8977449899228,13002153347,2026-07-29 00:00:16.772134,29/07/26,0:0:16
16059,0.22,16.059,224.17336073229964,13002169406,2026-07-29 00:00:32.831134,29/07/26,0:0:32
16468,0.22,16.468,218.60578090842847,13002185874,2026-07-29 00:00:49.299134,29/07/26,0:0:49
16189,0.22,16.189,222.37321638149362,13002202063,2026-07-29 00:01:05.488134,29/07/26,0:1:5
15653,0.23,15.653,229.9878617517409,13002217716,2026-07-29 00:01:21.141134,29/07/26,0:1:21
15842,0.23,15.842,227.24403484408535,13002233558,2026-07-29 00:01:36.983134,29/07/26,0:1:36
15949,0.22,15.949,225.71948084519406,13002249507,2026-07-29 00:01:52.932134,29/07/26,0:1:52
16329,0.22,16.329,220.4666544185192,13002265836,2026-07-29 00:02:09.261134,29/07/26,0:2:9
16339,0.22,16.339,220.33172164759165,13002282175,2026-07-29 00:02:25.600134,29/07/26,0:2:25
16483,0.22,16.483,218.406843414427,13002298658,2026-07-29 00:02:42.083134,29/07/26,0:2:42
16521,0.22,16.521,217.9044852006537,13002315179,2026-07-29 00:02:58.604134,29/07/26,0:2:58
16644,0.22,16.644,216.29416005767845,13002331823,2026-07-29 00:03:15.248134,29/07/26,0:3:15
16664,0.22,16.664,216.03456553048488,13002348487,2026-07-29 00:03:31.912134,29/07/26,0:3:31
16740,0.22,16.74,215.05376344086022,13002365227,2026-07-29 00:03:48.652134,29/07/26,0:3:48
16798,0.21,16.798,214.31122752708654,13002382025,2026-07-29 00:04:05.450134,29/07/26,0:4:5
16819,0.21,16.819,214.0436411201617,13002398844,2026-07-29 00:04:22.269134,29/07/26,0:4:22
16836,0.21,16.836,213.82751247327155,13002415680,2026-07-29 00:04:39.105134,29/07/26,0:4:39
16895,0.21,16.895,213.08079313406333,13002432575,2026-07-29 00:04:56.000134,29/07/26,0:4:56
16952,0.21,16.952,212.36432279377064,13002449527,2026-07-29 00:05:12.952134,29/07/26,0:5:12
17029,0.21,17.029,211.4040754007869,13002466556,2026-07-29 00:05:29.981134,29/07/26,0:5:29
17051,0.21,17.051,211.1313119465134,13002483607,2026-07-29 00:05:47.032134,29/07/26,0:5:47
17040,0.21,17.04,211.26760563380282,13002500647,2026-07-29 00:06:04.072134,29/07/26,0:6:4
17365,0.21,17.365,207.31356176216528,13002518012,2026-07-29 00:06:21.437134,29/07/26,0:6:21
17374,0.21,17.374,207.2061701392886,13002535386,2026-07-29 00:06:38.811134,29/07/26,0:6:38
17467,0.21,17.467,206.1029369668518,13002552853,2026-07-29 00:06:56.278134,29/07/26,0:6:56
17343,0.21,17.343,207.57654385054488,13002570196,2026-07-29 00:07:13.621134,29/07/26,0:7:13
17338,0.21,17.338,207.63640558311224,13002587534,2026-07-29 00:07:30.959134,29/07/26,0:7:30
17418,0.21,17.418,206.68274199104374,13002604952,2026-07-29 00:07:48.377134,29/07/26,0:7:48
17449,0.21,17.449,206.3155481689495,13002622401,2026-07-29 00:08:05.826134,29/07/26,0:8:5
23402,0.15,23.402,153.83300572600632,13002645803,2026-07-29 00:08:29.228134,29/07/26,0:8:29
26329,0.14,26.329,136.73136085684988,13002672132,2026-07-29 00:08:55.557134,29/07/26,0:8:55
26328,0.14,26.328,136.73655423883318,13002698460,2026-07-29 00:09:21.885134,29/07/26,0:9:21
26350,0.14,26.35,136.6223908918406,13002724810,2026-07-29 00:09:48.235134,29/07/26,0:9:48
26442,0.14,26.442,136.14703880190606,13002751252,2026-07-29 00:10:14.677134,29/07/26,0:10:14
26340,0.14,26.34,136.6742596810934,13002777592,2026-07-29 00:10:41.017134,29/07/26,0:10:41
26496,0.14,26.496,135.8695652173913,13002804088,2026-07-29 00:11:07.513134,29/07/26,0:11:7
27229,0.13,27.229,132.21197987439862,13002831317,2026-07-29 00:11:34.742134,29/07/26,0:11:34
27316,0.13,27.316,131.7908917850344,13002858633,2026-07-29 00:12:02.058134,29/07/26,0:12:2
27196,0.13,27.196,132.37240770701573,13002885829,2026-07-29 00:12:29.254134,29/07/26,0:12:29
27136,0.13,27.136,132.66509433962264,13002912965,2026-07-29 00:12:56.390134,29/07/26,0:12:56
27299,0.13,27.299,131.87296237957435,13002940264,2026-07-29 00:13:23.689134,29/07/26,0:13:23
27268,0.13,27.268,132.0228839665542,13002967532,2026-07-29 00:13:50.957134,29/07/26,0:13:50
27475,0.13,27.475,131.0282074613285,13002995007,2026-07-29 00:14:18.432134,29/07/26,0:14:18
27234,0.13,27.234,132.18770654329148,13003022241,2026-07-29 00:14:45.666134,29/07/26,0:14:45
27193,0.13,27.193,132.38701136321848,13003049434,2026-07-29 00:15:12.859134,29/07/26,0:15:12
27059,0.13,27.059,133.04261059167004,13003076493,2026-07-29 00:15:39.918134,29/07/26,0:15:39
27238,0.13,27.238,132.1682942947353,13003103731,2026-07-29 00:16:07.156134,29/07/26,0:16:7
27048,0.13,27.048,133.09671694764862,13003130779,2026-07-29 00:16:34.204134,29/07/26,0:16:34
27248,0.13,27.248,132.11978860833824,13003158027,2026-07-29 00:17:01.452134,29/07/26,0:17:1
27180,0.13,27.18,132.4503311258278,13003185207,2026-07-29 00:17:28.632134,29/07/26,0:17:28
27139,0.13,27.139,132.65042927152805,13003212346,2026-07-29 00:17:55.771134,29/07/26,0:17:55
26961,0.13,26.961,133.5262045176366,13003239307,2026-07-29 00:18:22.732134,29/07/26,0:18:22
26979,0.13,26.979,133.43711775825642,13003266286,2026-07-29 00:18:49.711134,29/07/26,0:18:49
26910,0.13,26.91,133.77926421404683,13003293196,2026-07-29 00:19:16.621134,29/07/26,0:19:16
26827,0.13,26.827,134.19316360383195,13003320023,2026-07-29 00:19:43.448134,29/07/26,0:19:43
26890,0.13,26.89,133.8787653402752,13003346913,2026-07-29 00:20:10.338134,29/07/26,0:20:10
26677,0.13,26.677,134.94770776324174,13003373590,2026-07-29 00:20:37.015134,29/07/26,0:20:37
26810,0.13,26.81,134.27825438269304,13003400400,2026-07-29 00:21:03.825134,29/07/26,0:21:3
26610,0.14,26.61,135.28748590755356,13003427010,2026-07-29 00:21:30.435134,29/07/26,0:21:30
26707,0.13,26.707,134.79612086718836,13003453717,2026-07-29 00:21:57.142134,29/07/26,0:21:57
26655,0.14,26.655,135.05908835115363,13003480372,2026-07-29 00:22:23.797134,29/07/26,0:22:23
26692,0.13,26.692,134.87187172186424,13003507064,2026-07-29 00:22:50.489134,29/07/26,0:22:50
27133,0.13,27.133,132.6797626506468,13003534197,2026-07-29 00:23:17.622134,29/07/26,0:23:17
26870,0.13,26.87,133.9784145887607,13003561067,2026-07-29 00:23:44.492134,29/07/26,0:23:44
27058,0.13,27.058,133.04752753344667,13003588125,2026-07-29 00:24:11.550134,29/07/26,0:24:11
26925,0.13,26.925,133.70473537604457,13003615050,2026-07-29 00:24:38.475134,29/07/26,0:24:38
27086,0.13,27.086,132.90999040094513,13003642136,2026-07-29 00:25:05.561134,29/07/26,0:25:5
26653,0.14,26.653,135.0692229767756,13003668789,2026-07-29 00:25:32.214134,29/07/26,0:25:32
27371,0.13,27.371,131.5260677359249,13003696160,2026-07-29 00:25:59.585134,29/07/26,0:25:59
27336,0.13,27.336,131.69446883230904,13003723496,2026-07-29 00:26:26.921134,29/07/26,0:26:26
27550,0.13,27.55,130.6715063520871,13003751046,2026-07-29 00:26:54.471134,29/07/26,0:26:54
27512,0.13,27.512,130.85199185809827,13003778558,2026-07-29 00:27:21.983134,29/07/26,0:27:21
27226,0.13,27.226,132.2265481525013,13003805784,2026-07-29 00:27:49.209134,29/07/26,0:27:49
27654,0.13,27.654,130.18008244738556,13003833438,2026-07-29 00:28:16.863134,29/07/26,0:28:16
27287,0.13,27.287,131.93095613295708,13003860725,2026-07-29 00:28:44.150134,29/07/26,0:28:44
27448,0.13,27.448,131.1570970562518,13003888173,2026-07-29 00:29:11.598134,29/07/26,0:29:11
27182,0.13,27.182,132.44058568170112,13003915355,2026-07-29 00:29:38.780134,29/07/26,0:29:38
27374,0.13,27.374,131.51165339373128,13003942729,2026-07-29 00:30:06.154134,29/07/26,0:30:6
27181,0.13,27.181,132.44545822449504,13003969910,2026-07-29 00:30:33.335134,29/07/26,0:30:33
27338,0.13,27.338,131.68483429658352,13003997248,2026-07-29 00:31:00.673134,29/07/26,0:31:0
27033,0.13,27.033,133.17056930418377,13004024281,2026-07-29 00:31:27.706134,29/07/26,0:31:27
27373,0.13,27.373,131.51645782340262,13004051654,2026-07-29 00:31:55.079134,29/07/26,0:31:55
27318,0.13,27.318,131.78124313639358,13004078972,2026-07-29 00:32:22.397134,29/07/26,0:32:22
26612,0.14,26.612,135.277318502931,13004105584,2026-07-29 00:32:49.009134,29/07/26,0:32:49
26690,0.13,26.69,134.8819782690146,13004132274,2026-07-29 00:33:15.699134,29/07/26,0:33:15
26981,0.13,26.981,133.42722656684333,13004159255,2026-07-29 00:33:42.680134,29/07/26,0:33:42
27255,0.13,27.255,132.08585580627408,13004186510,2026-07-29 00:34:09.935134,29/07/26,0:34:9
26922,0.13,26.922,133.7196344996657,13004213432,2026-07-29 00:34:36.857134,29/07/26,0:34:36
27591,0.13,27.591,130.47732956398826,13004241023,2026-07-29 00:35:04.448134,29/07/26,0:35:4
27714,0.13,27.714,129.89824637367394,13004268737,2026-07-29 00:35:32.162134,29/07/26,0:35:32
27695,0.13,27.695,129.98736233977252,13004296432,2026-07-29 00:35:59.857134,29/07/26,0:35:59
27674,0.13,27.674,130.08600130086,13004324106,2026-07-29 00:36:27.531134,29/07/26,0:36:27
27267,0.13,27.267,132.0277258224227,13004351373,2026-07-29 00:36:54.798134,29/07/26,0:36:54
26675,0.13,26.675,134.95782567947518,13004378048,2026-07-29 00:37:21.473134,29/07/26,0:37:21
26650,0.14,26.65,135.08442776735458,13004404698,2026-07-29 00:37:48.123134,29/07/26,0:37:48
27003,0.13,27.003,133.31852016442616,13004431701,2026-07-29 00:38:15.126134,29/07/26,0:38:15
20947,0.17,20.947,171.86231918651836,13004452648,2026-07-29 00:38:36.073134,29/07/26,0:38:36
18379,0.19,18.379,195.87572773273845,13004471027,2026-07-29 00:38:54.452134,29/07/26,0:38:54
16349,0.22,16.349,220.19695394213713,13004487376,2026-07-29 00:39:10.801134,29/07/26,0:39:10
16190,0.22,16.19,222.35948116121062,13004503566,2026-07-29 00:39:26.991134,29/07/26,0:39:26
16225,0.22,16.225,221.87981510015408,13004519791,2026-07-29 00:39:43.216134,29/07/26,0:39:43
16314,0.22,16.314,220.6693637366679,13004536105,2026-07-29 00:39:59.530134,29/07/26,0:39:59
16359,0.22,16.359,220.06235099944985,13004552464,2026-07-29 00:40:15.889134,29/07/26,0:40:15
16277,0.22,16.277,221.17097745284758,13004568741,2026-07-29 00:40:32.166134,29/07/26,0:40:32
16475,0.22,16.475,218.51289833080426,13004585216,2026-07-29 00:40:48.641134,29/07/26,0:40:48
16786,0.21,16.786,214.46443464792088,13004602002,2026-07-29 00:41:05.427134,29/07/26,0:41:5
16999,0.21,16.999,211.77716336255074,13004619001,2026-07-29 00:41:22.426134,29/07/26,0:41:22
17058,0.21,17.058,211.04467112205415,13004636059,2026-07-29 00:41:39.484134,29/07/26,0:41:39
18016,0.2,18.016,199.82238010657193,13004654075,2026-07-29 00:41:57.500134,29/07/26,0:41:57
17279,0.21,17.279,208.34539035823832,13004671354,2026-07-29 00:42:14.779134,29/07/26,0:42:14
17615,0.2,17.615,204.37127448197558,13004688969,2026-07-29 00:42:32.394134,29/07/26,0:42:32
17701,0.2,17.701,203.37834020676797,13004706670,2026-07-29 00:42:50.095134,29/07/26,0:42:50
17977,0.2,17.977,200.25588251654892,13004724647,2026-07-29 00:43:08.072134,29/07/26,0:43:8
17725,0.2,17.725,203.10296191819464,13004742372,2026-07-29 00:43:25.797134,29/07/26,0:43:25
17995,0.2,17.995,200.0555709919422,13004760367,2026-07-29 00:43:43.792134,29/07/26,0:43:43
18336,0.2,18.336,196.33507853403142,13004778703,2026-07-29 00:44:02.128134,29/07/26,0:44:2
18394,0.19,18.394,195.71599434598238,13004797097,2026-07-29 00:44:20.522134,29/07/26,0:44:20
18411,0.19,18.411,195.5352778230406,13004815508,2026-07-29 00:44:38.933134,29/07/26,0:44:38
18433,0.19,18.433,195.3019041935659,13004833941,2026-07-29 00:44:57.366134,29/07/26,0:44:57
18466,0.19,18.466,194.9528863857901,13004852407,2026-07-29 00:45:15.832134,29/07/26,0:45:15
18548,0.19,18.548,194.09100711667026,13004870955,2026-07-29 00:45:34.380134,29/07/26,0:45:34
18564,0.19,18.564,193.92372333548803,13004889519,2026-07-29 00:45:52.944134,29/07/26,0:45:52
18511,0.19,18.511,194.4789584571336,13004908030,2026-07-29 00:46:11.455134,29/07/26,0:46:11
18572,0.19,18.572,193.84018953262978,13004926602,2026-07-29 00:46:30.027134,29/07/26,0:46:30
23326,0.15,23.326,154.3342193260739,13004949928,2026-07-29 00:46:53.353134,29/07/26,0:46:53
29274,0.12,29.274,122.97601967616315,13004979202,2026-07-29 00:47:22.627134,29/07/26,0:47:22
29206,0.12,29.206,123.26234335410533,13005008408,2026-07-29 00:47:51.833134,29/07/26,0:47:51
28906,0.12,28.906,124.54161765723379,13005037314,2026-07-29 00:48:20.739134,29/07/26,0:48:20
29229,0.12,29.229,123.16534948167916,13005066543,2026-07-29 00:48:49.968134,29/07/26,0:48:49
29251,0.12,29.251,123.07271546271922,13005095794,2026-07-29 00:49:19.219134,29/07/26,0:49:19
29282,0.12,29.282,122.94242196571273,13005125076,2026-07-29 00:49:48.501134,29/07/26,0:49:48
29215,0.12,29.215,123.22437104227281,13005154291,2026-07-29 00:50:17.716134,29/07/26,0:50:17
29212,0.12,29.212,123.23702587977543,13005183503,2026-07-29 00:50:46.928134,29/07/26,0:50:46
29176,0.12,29.176,123.38908692075678,13005212679,2026-07-29 00:51:16.104134,29/07/26,0:51:16
29352,0.12,29.352,122.64922322158627,13005242031,2026-07-29 00:51:45.456134,29/07/26,0:51:45
29067,0.12,29.067,123.85179069047373,13005271098,2026-07-29 00:52:14.523134,29/07/26,0:52:14
29090,0.12,29.09,123.75386730835339,13005300188,2026-07-29 00:52:43.613134,29/07/26,0:52:43
29165,0.12,29.165,123.43562489285102,13005329353,2026-07-29 00:53:12.778134,29/07/26,0:53:12
29147,0.12,29.147,123.51185370707105,13005358500,2026-07-29 00:53:41.925134,29/07/26,0:53:41
29203,0.12,29.203,123.27500599253501,13005387703,2026-07-29 00:54:11.128134,29/07/26,0:54:11
29244,0.12,29.244,123.10217480508823,13005416947,2026-07-29 00:54:40.372134,29/07/26,0:54:40
29279,0.12,29.279,122.95501895556542,13005446226,2026-07-29 00:55:09.651134,29/07/26,0:55:9
29184,0.12,29.184,123.35526315789474,13005475410,2026-07-29 00:55:38.835134,29/07/26,0:55:38
29180,0.12,29.18,123.3721727210418,13005504590,2026-07-29 00:56:08.015134,29/07/26,0:56:8
29175,0.12,29.175,123.39331619537275,13005533765,2026-07-29 00:56:37.190134,29/07/26,0:56:37
29192,0.12,29.192,123.32145793368046,13005562957,2026-07-29 00:57:06.382134,29/07/26,0:57:6
29142,0.12,29.142,123.53304508956145,13005592099,2026-07-29 00:57:35.524134,29/07/26,0:57:35
29191,0.12,29.191,123.32568257339591,13005621290,2026-07-29 00:58:04.715134,29/07/26,0:58:4
29156,0.12,29.156,123.47372753464124,13005650446,2026-07-29 00:58:33.871134,29/07/26,0:58:33
29181,0.12,29.181,123.36794489565128,13005679627,2026-07-29 00:59:03.052134,29/07/26,0:59:3
29199,0.12,29.199,123.29189355799856,13005708826,2026-07-29 00:59:32.251134,29/07/26,0:59:32
29292,0.12,29.292,122.90045063498566,13005738118,2026-07-29 01:00:01.543134,29/07/26,1:0:1
29258,0.12,29.258,123.04327021669287,13005767376,2026-07-29 01:00:30.801134,29/07/26,1:0:30
29173,0.12,29.173,123.40177561443801,13005796549,2026-07-29 01:00:59.974134,29/07/26,1:0:59
28292,0.13,28.292,127.24445072812102,13005824841,2026-07-29 01:01:28.266134,29/07/26,1:1:28
28809,0.12,28.809,124.96094970321775,13005853650,2026-07-29 01:01:57.075134,29/07/26,1:1:57
28406,0.13,28.406,126.73378863620361,13005882056,2026-07-29 01:02:25.481134,29/07/26,1:2:25
28751,0.12,28.751,125.21303606831067,13005910807,2026-07-29 01:02:54.232134,29/07/26,1:2:54
28731,0.12,28.731,125.30019839198079,13005939538,2026-07-29 01:03:22.963134,29/07/26,1:3:22
28797,0.12,28.797,125.01302218981144,13005968335,2026-07-29 01:03:51.760134,29/07/26,1:3:51
28689,0.12,28.689,125.4836348426226,13005997024,2026-07-29 01:04:20.449134,29/07/26,1:4:20
28776,0.12,28.776,125.10425354462052,13006025800,2026-07-29 01:04:49.225134,29/07/26,1:4:49
28719,0.12,28.719,125.35255405828893,13006054519,2026-07-29 01:05:17.944134,29/07/26,1:5:17
28746,0.12,28.746,125.23481527864746,13006083265,2026-07-29 01:05:46.690134,29/07/26,1:5:46
28711,0.12,28.711,125.38748214969873,13006111976,2026-07-29 01:06:15.401134,29/07/26,1:6:15
28672,0.12,28.672,125.55803571428571,13006140648,2026-07-29 01:06:44.073134,29/07/26,1:6:44
28850,0.12,28.85,124.78336221837088,13006169498,2026-07-29 01:07:12.923134,29/07/26,1:7:12
29092,0.12,29.092,123.74535954901691,13006198590,2026-07-29 01:07:42.015134,29/07/26,1:7:42
29672,0.12,29.672,121.32650310056619,13006228262,2026-07-29 01:08:11.687134,29/07/26,1:8:11
28725,0.12,28.725,125.32637075718016,13006256987,2026-07-29 01:08:40.412134,29/07/26,1:8:40
28952,0.12,28.952,124.34374136501796,13006285939,2026-07-29 01:09:09.364134,29/07/26,1:9:9
28953,0.12,28.953,124.33944668946224,13006314892,2026-07-29 01:09:38.317134,29/07/26,1:9:38
29116,0.12,29.116,123.6433576040665,13006344008,2026-07-29 01:10:07.433134,29/07/26,1:10:7
29049,0.12,29.049,123.928534545079,13006373057,2026-07-29 01:10:36.482134,29/07/26,1:10:36
29051,0.12,29.051,123.92000275377784,13006402108,2026-07-29 01:11:05.533134,29/07/26,1:11:5
29084,0.12,29.084,123.77939760693165,13006431192,2026-07-29 01:11:34.617134,29/07/26,1:11:34
29397,0.12,29.397,122.46147566078172,13006460589,2026-07-29 01:12:04.014134,29/07/26,1:12:4
29616,0.12,29.616,121.55591572123177,13006490205,2026-07-29 01:12:33.630134,29/07/26,1:12:33
29558,0.12,29.558,121.79443805399553,13006519763,2026-07-29 01:13:03.188134,29/07/26,1:13:3
29522,0.12,29.522,121.94295779418738,13006549285,2026-07-29 01:13:32.710134,29/07/26,1:13:32
29533,0.12,29.533,121.89753834693394,13006578818,2026-07-29 01:14:02.243134,29/07/26,1:14:2
29558,0.12,29.558,121.79443805399553,13006608376,2026-07-29 01:14:31.801134,29/07/26,1:14:31
29528,0.12,29.528,121.9181793551883,13006637904,2026-07-29 01:15:01.329134,29/07/26,1:15:1
29573,0.12,29.573,121.73266154938626,13006667477,2026-07-29 01:15:30.902134,29/07/26,1:15:30
29514,0.12,29.514,121.97601138442774,13006696991,2026-07-29 01:16:00.416134,29/07/26,1:16:0
29533,0.12,29.533,121.89753834693394,13006726524,2026-07-29 01:16:29.949134,29/07/26,1:16:29
29532,0.12,29.532,121.90166598943519,13006756056,2026-07-29 01:16:59.481134,29/07/26,1:16:59
24529,0.15,24.529,146.76505361001264,13006780585,2026-07-29 01:17:24.010134,29/07/26,1:17:24
17558,0.2,17.558,205.03474199794965,13006798143,2026-07-29 01:17:41.568134,29/07/26,1:17:41
17523,0.2,17.523,205.4442732408834,13006815666,2026-07-29 01:17:59.091134,29/07/26,1:17:59
17341,0.21,17.341,207.60048440113027,13006833007,2026-07-29 01:18:16.432134,29/07/26,1:18:16
17377,0.21,17.377,207.17039765206883,13006850384,2026-07-29 01:18:33.809134,29/07/26,1:18:33
17403,0.21,17.403,206.8608860541286,13006867787,2026-07-29 01:18:51.212134,29/07/26,1:18:51
17635,0.2,17.635,204.13949532180322,13006885422,2026-07-29 01:19:08.847134,29/07/26,1:19:8
17686,0.2,17.686,203.55083116589392,13006903108,2026-07-29 01:19:26.533134,29/07/26,1:19:26
17807,0.2,17.807,202.16768686471613,13006920915,2026-07-29 01:19:44.340134,29/07/26,1:19:44
17837,0.2,17.837,201.82766160228738,13006938752,2026-07-29 01:20:02.177134,29/07/26,1:20:2
17899,0.2,17.899,201.12855466785854,13006956651,2026-07-29 01:20:20.076134,29/07/26,1:20:20
17917,0.2,17.917,200.92649439080202,13006974568,2026-07-29 01:20:37.993134,29/07/26,1:20:37
18001,0.2,18.001,199.98888950613855,13006992569,2026-07-29 01:20:55.994134,29/07/26,1:20:55
18036,0.2,18.036,199.6007984031936,13007010605,2026-07-29 01:21:14.030134,29/07/26,1:21:14
18142,0.2,18.142,198.43457171204938,13007028747,2026-07-29 01:21:32.172134,29/07/26,1:21:32
18189,0.2,18.189,197.9218208807521,13007046936,2026-07-29 01:21:50.361134,29/07/26,1:21:50
18303,0.2,18.303,196.68906736600556,13007065239,2026-07-29 01:22:08.664134,29/07/26,1:22:8
18267,0.2,18.267,197.07669568073575,13007083506,2026-07-29 01:22:26.931134,29/07/26,1:22:26
18399,0.19,18.399,195.66280776129136,13007101905,2026-07-29 01:22:45.330134,29/07/26,1:22:45
18362,0.2,18.362,196.05707439276767,13007120267,2026-07-29 01:23:03.692134,29/07/26,1:23:3
18403,0.19,18.403,195.62027930228768,13007138670,2026-07-29 01:23:22.095134,29/07/26,1:23:22
18419,0.19,18.419,195.4503501818774,13007157089,2026-07-29 01:23:40.514134,29/07/26,1:23:40
18460,0.19,18.46,195.01625135427952,13007175549,2026-07-29 01:23:58.974134,29/07/26,1:23:58
18454,0.19,18.454,195.07965752682344,13007194003,2026-07-29 01:24:17.428134,29/07/26,1:24:17
18525,0.19,18.525,194.33198380566802,13007212528,2026-07-29 01:24:35.953134,29/07/26,1:24:35
18561,0.19,18.561,193.95506707612736,13007231089,2026-07-29 01:24:54.514134,29/07/26,1:24:54
18925,0.19,18.925,190.224570673712,13007250014,2026-07-29 01:25:13.439134,29/07/26,1:25:13
29111,0.12,29.111,123.66459413967229,13007279125,2026-07-29 01:25:42.550134,29/07/26,1:25:42
29255,0.12,29.255,123.05588788241326,13007308380,2026-07-29 01:26:11.805134,29/07/26,1:26:11
29566,0.12,29.566,121.76148278427924,13007337946,2026-07-29 01:26:41.371134,29/07/26,1:26:41
29507,0.12,29.507,122.0049479784458,13007367453,2026-07-29 01:27:10.878134,29/07/26,1:27:10
29514,0.12,29.514,121.97601138442774,13007396967,2026-07-29 01:27:40.392134,29/07/26,1:27:40
29529,0.12,29.529,121.914050594331,13007426496,2026-07-29 01:28:09.921134,29/07/26,1:28:9
29541,0.12,29.541,121.86452726718798,13007456037,2026-07-29 01:28:39.462134,29/07/26,1:28:39
29474,0.12,29.474,122.14154848340911,13007485511,2026-07-29 01:29:08.936134,29/07/26,1:29:8
29552,0.12,29.552,121.81916621548457,13007515063,2026-07-29 01:29:38.488134,29/07/26,1:29:38
29413,0.12,29.413,122.39485941590453,13007544476,2026-07-29 01:30:07.901134,29/07/26,1:30:7
29413,0.12,29.413,122.39485941590453,13007573889,2026-07-29 01:30:37.314134,29/07/26,1:30:37
29480,0.12,29.48,122.11668928086839,13007603369,2026-07-29 01:31:06.794134,29/07/26,1:31:6
29524,0.12,29.524,121.93469719550197,13007632893,2026-07-29 01:31:36.318134,29/07/26,1:31:36
29370,0.12,29.37,122.57405515832482,13007662263,2026-07-29 01:32:05.688134,29/07/26,1:32:5
28510,0.13,28.51,126.27148368993336,13007690773,2026-07-29 01:32:34.198134,29/07/26,1:32:34
28771,0.12,28.771,125.12599492544577,13007719544,2026-07-29 01:33:02.969134,29/07/26,1:33:2
28792,0.12,28.792,125.03473186996388,13007748336,2026-07-29 01:33:31.761134,29/07/26,1:33:31
28755,0.12,28.755,125.19561815336463,13007777091,2026-07-29 01:34:00.516134,29/07/26,1:34:0
27957,0.13,27.957,128.7691812426226,13007805048,2026-07-29 01:34:28.473134,29/07/26,1:34:28
28062,0.13,28.062,128.2873636946761,13007833110,2026-07-29 01:34:56.535134,29/07/26,1:34:56
28213,0.13,28.213,127.60075142664729,13007861323,2026-07-29 01:35:24.748134,29/07/26,1:35:24
28398,0.13,28.398,126.76949080921192,13007889721,2026-07-29 01:35:53.146134,29/07/26,1:35:53
28382,0.13,28.382,126.84095553519836,13007918103,2026-07-29 01:36:21.528134,29/07/26,1:36:21
28485,0.13,28.485,126.38230647709321,13007946588,2026-07-29 01:36:50.013134,29/07/26,1:36:50
28415,0.13,28.415,126.69364772127398,13007975003,2026-07-29 01:37:18.428134,29/07/26,1:37:18
28445,0.13,28.445,126.5600281244507,13008003448,2026-07-29 01:37:46.873134,29/07/26,1:37:46
28439,0.13,28.439,126.58672949119168,13008031887,2026-07-29 01:38:15.312134,29/07/26,1:38:15
28417,0.13,28.417,126.6847309708977,13008060304,2026-07-29 01:38:43.729134,29/07/26,1:38:43
28371,0.13,28.371,126.89013429205879,13008088675,2026-07-29 01:39:12.100134,29/07/26,1:39:12
28348,0.13,28.348,126.99308593198815,13008117023,2026-07-29 01:39:40.448134,29/07/26,1:39:40
28265,0.13,28.265,127.36600035379445,13008145288,2026-07-29 01:40:08.713134,29/07/26,1:40:8
28480,0.13,28.48,126.40449438202248,13008173768,2026-07-29 01:40:37.193134,29/07/26,1:40:37
28441,0.13,28.441,126.5778277838332,13008202209,2026-07-29 01:41:05.634134,29/07/26,1:41:5
28439,0.13,28.439,126.58672949119168,13008230648,2026-07-29 01:41:34.073134,29/07/26,1:41:34
26957,0.13,26.957,133.54601773194346,13008257605,2026-07-29 01:42:01.030134,29/07/26,1:42:1
26991,0.13,26.991,133.3777925975325,13008284596,2026-07-29 01:42:28.021134,29/07/26,1:42:28
26952,0.13,26.952,133.5707925200356,13008311548,2026-07-29 01:42:54.973134,29/07/26,1:42:54
26946,0.13,26.946,133.6005344021376,13008338494,2026-07-29 01:43:21.919134,29/07/26,1:43:21
29266,0.12,29.266,123.0096357548008,13008367760,2026-07-29 01:43:51.185134,29/07/26,1:43:51
29165,0.12,29.165,123.43562489285102,13008396925,2026-07-29 01:44:20.350134,29/07/26,1:44:20
29833,0.12,29.833,120.67173934904301,13008426758,2026-07-29 01:44:50.183134,29/07/26,1:44:50
35575,0.1,35.575,101.19465917076599,13008462333,2026-07-29 01:45:25.758134,29/07/26,1:45:25
35931,0.1,35.931,100.19203473323871,13008498264,2026-07-29 01:46:01.689134,29/07/26,1:46:1
35984,0.1,35.984,100.04446420631392,13008534248,2026-07-29 01:46:37.673134,29/07/26,1:46:37
35940,0.1,35.94,100.1669449081803,13008570188,2026-07-29 01:47:13.613134,29/07/26,1:47:13
36083,0.1,36.083,99.76997478036749,13008606271,2026-07-29 01:47:49.696134,29/07/26,1:47:49
35897,0.1,35.897,100.28693205560353,13008642168,2026-07-29 01:48:25.593134,29/07/26,1:48:25
35946,0.1,35.946,100.150225338007,13008678114,2026-07-29 01:49:01.539134,29/07/26,1:49:1
35999,0.1,35.999,100.00277785494042,13008714113,2026-07-29 01:49:37.538134,29/07/26,1:49:37
35908,0.1,35.908,100.25621031525009,13008750021,2026-07-29 01:50:13.446134,29/07/26,1:50:13
35886,0.1,35.886,100.31767262999499,13008785907,2026-07-29 01:50:49.332134,29/07/26,1:50:49
35988,0.1,35.988,100.03334444814938,13008821895,2026-07-29 01:51:25.320134,29/07/26,1:51:25
36290,0.1,36.29,99.20088178561588,13008858185,2026-07-29 01:52:01.610134,29/07/26,1:52:1
36626,0.1,36.626,98.29083164964779,13008894811,2026-07-29 01:52:38.236134,29/07/26,1:52:38
36636,0.1,36.636,98.2640026203734,13008931447,2026-07-29 01:53:14.872134,29/07/26,1:53:14
36767,0.1,36.767,97.9138901732532,13008968214,2026-07-29 01:53:51.639134,29/07/26,1:53:51
36738,0.1,36.738,97.99118079372856,13009004952,2026-07-29 01:54:28.377134,29/07/26,1:54:28
36668,0.1,36.668,98.17824806370677,13009041620,2026-07-29 01:55:05.045134,29/07/26,1:55:5
36688,0.1,36.688,98.12472743131269,13009078308,2026-07-29 01:55:41.733134,29/07/26,1:55:41
19893,0.18,19.893,180.96817976172522,13009098201,2026-07-29 01:56:01.626134,29/07/26,1:56:1
19962,0.18,19.962,180.34265103697024,13009118163,2026-07-29 01:56:21.588134,29/07/26,1:56:21
19905,0.18,19.905,180.85908063300678,13009138068,2026-07-29 01:56:41.493134,29/07/26,1:56:41
19908,0.18,19.908,180.83182640144665,13009157976,2026-07-29 01:57:01.401134,29/07/26,1:57:1
20016,0.18,20.016,179.85611510791367,13009177992,2026-07-29 01:57:21.417134,29/07/26,1:57:21
20287,0.18,20.287,177.45354167693597,13009198279,2026-07-29 01:57:41.704134,29/07/26,1:57:41
20365,0.18,20.365,176.7738767493248,13009218644,2026-07-29 01:58:02.069134,29/07/26,1:58:2
20465,0.17,20.465,175.9100903982409,13009239109,2026-07-29 01:58:22.534134,29/07/26,1:58:22
20564,0.17,20.564,175.0632172729041,13009259673,2026-07-29 01:58:43.098134,29/07/26,1:58:43
20645,0.17,20.645,174.3763623153306,13009280318,2026-07-29 01:59:03.743134,29/07/26,1:59:3
20717,0.17,20.717,173.77033354250133,13009301035,2026-07-29 01:59:24.460134,29/07/26,1:59:24
20801,0.17,20.801,173.06860247103504,13009321836,2026-07-29 01:59:45.261134,29/07/26,1:59:45
20860,0.17,20.86,172.5790987535954,13009342696,2026-07-29 02:00:06.121134,29/07/26,2:0:6
20933,0.17,20.933,171.9772607844074,13009363629,2026-07-29 02:00:27.054134,29/07/26,2:0:27
20975,0.17,20.975,171.63289630512514,13009384604,2026-07-29 02:00:48.029134,29/07/26,2:0:48
20722,0.17,20.722,173.72840459415116,13009405326,2026-07-29 02:01:08.751134,29/07/26,2:1:8
20708,0.17,20.708,173.84585667374927,13009426034,2026-07-29 02:01:29.459134,29/07/26,2:1:29
20957,0.17,20.957,171.7803120675669,13009446991,2026-07-29 02:01:50.416134,29/07/26,2:1:50
20935,0.17,20.935,171.9608311440172,13009467926,2026-07-29 02:02:11.351134,29/07/26,2:2:11
20991,0.17,20.991,171.50207231670717,13009488917,2026-07-29 02:02:32.342134,29/07/26,2:2:32
21064,0.17,21.064,170.90770983668818,13009509981,2026-07-29 02:02:53.406134,29/07/26,2:2:53
21092,0.17,21.092,170.68082685378343,13009531073,2026-07-29 02:03:14.498134,29/07/26,2:3:14
21163,0.17,21.163,170.10820772102255,13009552236,2026-07-29 02:03:35.661134,29/07/26,2:3:35
34356,0.1,34.356,104.78519035976248,13009586592,2026-07-29 02:04:10.017134,29/07/26,2:4:10
35937,0.1,35.937,100.17530678687703,13009622529,2026-07-29 02:04:45.954134,29/07/26,2:4:45
35942,0.1,35.942,100.16137109787992,13009658471,2026-07-29 02:05:21.896134,29/07/26,2:5:21
35933,0.1,35.933,100.18645813040938,13009694404,2026-07-29 02:05:57.829134,29/07/26,2:5:57
35864,0.1,35.864,100.3792103502119,13009730268,2026-07-29 02:06:33.693134,29/07/26,2:6:33
35845,0.1,35.845,100.43241735248989,13009766113,2026-07-29 02:07:09.538134,29/07/26,2:7:9
35958,0.1,35.958,100.11680293675956,13009802071,2026-07-29 02:07:45.496134,29/07/26,2:7:45
36029,0.1,36.029,99.91950928418774,13009838100,2026-07-29 02:08:21.525134,29/07/26,2:8:21
35994,0.1,35.994,100.01666944490748,13009874094,2026-07-29 02:08:57.519134,29/07/26,2:8:57
35912,0.1,35.912,100.24504343951882,13009910006,2026-07-29 02:09:33.431134,29/07/26,2:9:33
35927,0.1,35.927,100.20318980154201,13009945933,2026-07-29 02:10:09.358134,29/07/26,2:10:9
36093,0.1,36.093,99.74233230820381,13009982026,2026-07-29 02:10:45.451134,29/07/26,2:10:45
35904,0.1,35.904,100.26737967914438,13010017930,2026-07-29 02:11:21.355134,29/07/26,2:11:21
36203,0.1,36.203,99.43927298842637,13010054133,2026-07-29 02:11:57.558134,29/07/26,2:11:57
36608,0.1,36.608,98.33916083916084,13010090741,2026-07-29 02:12:34.166134,29/07/26,2:12:34
36618,0.1,36.618,98.31230542356218,13010127359,2026-07-29 02:13:10.784134,29/07/26,2:13:10
38087,0.09,38.087,94.52044004515976,13010165446,2026-07-29 02:13:48.871134,29/07/26,2:13:48
37592,0.09,37.592,95.76505639497765,13010203038,2026-07-29 02:14:26.463134,29/07/26,2:14:26
36616,0.1,36.616,98.31767533318768,13010239654,2026-07-29 02:15:03.079134,29/07/26,2:15:3
37282,0.1,37.282,96.56134327557534,13010276936,2026-07-29 02:15:40.361134,29/07/26,2:15:40
38183,0.09,38.183,94.28279600869497,13010315119,2026-07-29 02:16:18.544134,29/07/26,2:16:18
37853,0.09,37.853,95.10474731196999,13010352972,2026-07-29 02:16:56.397134,29/07/26,2:16:56
38067,0.09,38.067,94.57010008668925,13010391039,2026-07-29 02:17:34.464134,29/07/26,2:17:34
36716,0.1,36.716,98.04989650288702,13010427755,2026-07-29 02:18:11.180134,29/07/26,2:18:11
35686,0.1,35.686,100.87989687832764,13010463441,2026-07-29 02:18:46.866134,29/07/26,2:18:46
34963,0.1,34.963,102.96599262077054,13010498404,2026-07-29 02:19:21.829134,29/07/26,2:19:21
35350,0.1,35.35,101.83875530410184,13010533754,2026-07-29 02:19:57.179134,29/07/26,2:19:57
35298,0.1,35.298,101.98878123406425,13010569052,2026-07-29 02:20:32.477134,29/07/26,2:20:32
35198,0.1,35.198,102.2785385533269,13010604250,2026-07-29 02:21:07.675134,29/07/26,2:21:7
35317,0.1,35.317,101.93391284650451,13010639567,2026-07-29 02:21:42.992134,29/07/26,2:21:42
35332,0.1,35.332,101.89063738254274,13010674899,2026-07-29 02:22:18.324134,29/07/26,2:22:18
35314,0.1,35.314,101.94257235090899,13010710213,2026-07-29 02:22:53.638134,29/07/26,2:22:53
35209,0.1,35.209,102.2465846800534,13010745422,2026-07-29 02:23:28.847134,29/07/26,2:23:28
35212,0.1,35.212,102.2378734522322,13010780634,2026-07-29 02:24:04.059134,29/07/26,2:24:4
35344,0.1,35.344,101.85604345857854,13010815978,2026-07-29 02:24:39.403134,29/07/26,2:24:39
35361,0.1,35.361,101.80707559175363,13010851339,2026-07-29 02:25:14.764134,29/07/26,2:25:14
35371,0.1,35.371,101.77829295185322,13010886710,2026-07-29 02:25:50.135134,29/07/26,2:25:50
35310,0.1,35.31,101.95412064570944,13010922020,2026-07-29 02:26:25.445134,29/07/26,2:26:25
35949,0.1,35.949,100.1418676458316,13010957969,2026-07-29 02:27:01.394134,29/07/26,2:27:1
36017,0.1,36.017,99.9528000666352,13010993986,2026-07-29 02:27:37.411134,29/07/26,2:27:37
35817,0.1,35.817,100.5109305636988,13011029803,2026-07-29 02:28:13.228134,29/07/26,2:28:13
35926,0.1,35.926,100.20597895674442,13011065729,2026-07-29 02:28:49.154134,29/07/26,2:28:49
35984,0.1,35.984,100.04446420631392,13011101713,2026-07-29 02:29:25.138134,29/07/26,2:29:25
36348,0.1,36.348,99.04258831297457,13011138061,2026-07-29 02:30:01.486134,29/07/26,2:30:1
36755,0.1,36.755,97.9458577064345,13011174816,2026-07-29 02:30:38.241134,29/07/26,2:30:38
36909,0.1,36.909,97.53718605218239,13011211725,2026-07-29 02:31:15.150134,29/07/26,2:31:15
38860,0.09,38.86,92.64024704065878,13011250585,2026-07-29 02:31:54.010134,29/07/26,2:31:54
38660,0.09,38.66,93.11950336264873,13011289245,2026-07-29 02:32:32.670134,29/07/26,2:32:32
38434,0.09,38.434,93.66706561898319,13011327679,2026-07-29 02:33:11.104134,29/07/26,2:33:11
38674,0.09,38.674,93.08579407353778,13011366353,2026-07-29 02:33:49.778134,29/07/26,2:33:49
37052,0.1,37.052,97.16074705818849,13011403405,2026-07-29 02:34:26.830134,29/07/26,2:34:26
22252,0.16,22.252,161.78321049793277,13011425657,2026-07-29 02:34:49.082134,29/07/26,2:34:49
20105,0.18,20.105,179.05993533946778,13011445762,2026-07-29 02:35:09.187134,29/07/26,2:35:9
20061,0.18,20.061,179.45266935845672,13011465823,2026-07-29 02:35:29.248134,29/07/26,2:35:29
19800,0.18,19.8,181.8181818181818,13011485623,2026-07-29 02:35:49.048134,29/07/26,2:35:49
19740,0.18,19.74,182.370820668693,13011505363,2026-07-29 02:36:08.788134,29/07/26,2:36:8
20022,0.18,20.022,179.80221756068326,13011525385,2026-07-29 02:36:28.810134,29/07/26,2:36:28
20118,0.18,20.118,178.94422904861318,13011545503,2026-07-29 02:36:48.928134,29/07/26,2:36:48
20253,0.18,20.253,177.75144423048437,13011565756,2026-07-29 02:37:09.181134,29/07/26,2:37:9
20385,0.18,20.385,176.60044150110375,13011586141,2026-07-29 02:37:29.566134,29/07/26,2:37:29
20410,0.18,20.41,176.38412542871143,13011606551,2026-07-29 02:37:49.976134,29/07/26,2:37:49
20500,0.17,20.5,175.609756097561,13011627051,2026-07-29 02:38:10.476134,29/07/26,2:38:10
20997,0.17,20.997,171.45306472353192,13011648048,2026-07-29 02:38:31.473134,29/07/26,2:38:31
21175,0.17,21.175,170.01180637544275,13011669223,2026-07-29 02:38:52.648134,29/07/26,2:38:52
21259,0.17,21.259,169.3400442165671,13011690482,2026-07-29 02:39:13.907134,29/07/26,2:39:13
21119,0.17,21.119,170.46261660116483,13011711601,2026-07-29 02:39:35.026134,29/07/26,2:39:35
20765,0.17,20.765,173.36864916927522,13011732366,2026-07-29 02:39:55.791134,29/07/26,2:39:55
20880,0.17,20.88,172.41379310344828,13011753246,2026-07-29 02:40:16.671134,29/07/26,2:40:16
20876,0.17,20.876,172.44682889442421,13011774122,2026-07-29 02:40:37.547134,29/07/26,2:40:37
20981,0.17,20.981,171.58381392688622,13011795103,2026-07-29 02:40:58.528134,29/07/26,2:40:58
20917,0.17,20.917,172.1088110149639,13011816020,2026-07-29 02:41:19.445134,29/07/26,2:41:19
21187,0.17,21.187,169.91551423042432,13011837207,2026-07-29 02:41:40.632134,29/07/26,2:41:40
21793,0.17,21.793,165.19065755058963,13011859000,2026-07-29 02:42:02.425134,29/07/26,2:42:2
21554,0.17,21.554,167.0223624385265,13011880554,2026-07-29 02:42:23.979134,29/07/26,2:42:23
33428,0.11,33.428,107.6941486179251,13011913982,2026-07-29 02:42:57.407134,29/07/26,2:42:57
37763,0.09,37.763,95.33140905118768,13011951745,2026-07-29 02:43:35.170134,29/07/26,2:43:35
37515,0.09,37.515,95.96161535385846,13011989260,2026-07-29 02:44:12.685134,29/07/26,2:44:12
37156,0.1,37.156,96.88879319625363,13012026416,2026-07-29 02:44:49.841134,29/07/26,2:44:49
38409,0.09,38.409,93.7280324923846,13012064825,2026-07-29 02:45:28.250134,29/07/26,2:45:28
38011,0.09,38.011,94.70942621872616,13012102836,2026-07-29 02:46:06.261134,29/07/26,2:46:6
38176,0.09,38.176,94.30008382229673,13012141012,2026-07-29 02:46:44.437134,29/07/26,2:46:44
37782,0.09,37.782,95.28346831824679,13012178794,2026-07-29 02:47:22.219134,29/07/26,2:47:22
36833,0.1,36.833,97.7384410718649,13012215627,2026-07-29 02:47:59.052134,29/07/26,2:47:59
36863,0.1,36.863,97.6588991671866,13012252490,2026-07-29 02:48:35.915134,29/07/26,2:48:35
36808,0.1,36.808,97.8048250380352,13012289298,2026-07-29 02:49:12.723134,29/07/26,2:49:12
35846,0.1,35.846,100.42961557774926,13012325144,2026-07-29 02:49:48.569134,29/07/26,2:49:48
36113,0.1,36.113,99.6870932905048,13012361257,2026-07-29 02:50:24.682134,29/07/26,2:50:24
36315,0.1,36.315,99.13258983890954,13012397572,2026-07-29 02:51:00.997134,29/07/26,2:51:0
36154,0.1,36.154,99.57404436576866,13012433726,2026-07-29 02:51:37.151134,29/07/26,2:51:37
36424,0.1,36.424,98.83593235229519,13012470150,2026-07-29 02:52:13.575134,29/07/26,2:52:13
36262,0.1,36.262,99.27748055816005,13012506412,2026-07-29 02:52:49.837134,29/07/26,2:52:49
36552,0.1,36.552,98.4898227183191,13012542964,2026-07-29 02:53:26.389134,29/07/26,2:53:26
35981,0.1,35.981,100.05280564742503,13012578945,2026-07-29 02:54:02.370134,29/07/26,2:54:2
35523,0.1,35.523,101.34279199391943,13012614468,2026-07-29 02:54:37.893134,29/07/26,2:54:37
35663,0.1,35.663,100.94495695819197,13012650131,2026-07-29 02:55:13.556134,29/07/26,2:55:13
35576,0.1,35.576,101.19181470654374,13012685707,2026-07-29 02:55:49.132134,29/07/26,2:55:49
35566,0.1,35.566,101.22026654670191,13012721273,2026-07-29 02:56:24.698134,29/07/26,2:56:24
35568,0.1,35.568,101.21457489878543,13012756841,2026-07-29 02:57:00.266134,29/07/26,2:57:0
35694,0.1,35.694,100.85728693898135,13012792535,2026-07-29 02:57:35.960134,29/07/26,2:57:35
35806,0.1,35.806,100.54180863542423,13012828341,2026-07-29 02:58:11.766134,29/07/26,2:58:11
35971,0.1,35.971,100.0806204998471,13012864312,2026-07-29 02:58:47.737134,29/07/26,2:58:47
35779,0.1,35.779,100.61768076245842,13012900091,2026-07-29 02:59:23.516134,29/07/26,2:59:23
35531,0.1,35.531,101.31997410711773,13012935622,2026-07-29 02:59:59.047134,29/07/26,2:59:59
35850,0.1,35.85,100.418410041841,13012971472,2026-07-29 03:00:34.897134,29/07/26,3:0:34
35597,0.1,35.597,101.13211787510184,13013007069,2026-07-29 03:01:10.494134,29/07/26,3:1:10
35666,0.1,35.666,100.93646610217013,13013042735,2026-07-29 03:01:46.160134,29/07/26,3:1:46
35748,0.1,35.748,100.70493454179255,13013078483,2026-07-29 03:02:21.908134,29/07/26,3:2:21
35999,0.1,35.999,100.00277785494042,13013114482,2026-07-29 03:02:57.907134,29/07/26,3:2:57
35697,0.1,35.697,100.84881082443903,13013150179,2026-07-29 03:03:33.604134,29/07/26,3:3:33
36088,0.1,36.088,99.75615162935047,13013186267,2026-07-29 03:04:09.692134,29/07/26,3:4:9
36355,0.1,36.355,99.02351808554532,13013222622,2026-07-29 03:04:46.047134,29/07/26,3:4:46
36416,0.1,36.416,98.85764499121265,13013259038,2026-07-29 03:05:22.463134,29/07/26,3:5:22
36449,0.1,36.449,98.76814178715466,13013295487,2026-07-29 03:05:58.912134,29/07/26,3:5:58
37027,0.1,37.027,97.22634834040025,13013332514,2026-07-29 03:06:35.939134,29/07/26,3:6:35
37554,0.09,37.554,95.86195877935772,13013370068,2026-07-29 03:07:13.493134,29/07/26,3:7:13
37523,0.09,37.523,95.94115609093089,13013407591,2026-07-29 03:07:51.016134,29/07/26,3:7:51
37587,0.09,37.587,95.77779551440658,13013445178,2026-07-29 03:08:28.603134,29/07/26,3:8:28
37575,0.09,37.575,95.80838323353294,13013482753,2026-07-29 03:09:06.178134,29/07/26,3:9:6
37577,0.09,37.577,95.80328392367672,13013520330,2026-07-29 03:09:43.755134,29/07/26,3:9:43
37636,0.09,37.636,95.65309809756616,13013557966,2026-07-29 03:10:21.391134,29/07/26,3:10:21
37455,0.1,37.455,96.1153384060873,13013595421,2026-07-29 03:10:58.846134,29/07/26,3:10:58
37718,0.09,37.718,95.44514555384697,13013633139,2026-07-29 03:11:36.564134,29/07/26,3:11:36
37831,0.09,37.831,95.16005392403056,13013670970,2026-07-29 03:12:14.395134,29/07/26,3:12:14
37733,0.09,37.733,95.4072032438449,13013708703,2026-07-29 03:12:52.128134,29/07/26,3:12:52
36004,0.1,36.004,99.98889012331963,13013744707,2026-07-29 03:13:28.132134,29/07/26,3:13:28
18201,0.2,18.201,197.79133014669523,13013762908,2026-07-29 03:13:46.333134,29/07/26,3:13:46
20249,0.18,20.249,177.78655736085733,13013783157,2026-07-29 03:14:06.582134,29/07/26,3:14:6
20219,0.18,20.219,178.05034868193283,13013803376,2026-07-29 03:14:26.801134,29/07/26,3:14:26
20191,0.18,20.191,178.29726115596057,13013823567,2026-07-29 03:14:46.992134,29/07/26,3:14:46
20415,0.18,20.415,176.3409257898604,13013843982,2026-07-29 03:15:07.407134,29/07/26,3:15:7
20492,0.17,20.492,175.67831348819053,13013864474,2026-07-29 03:15:27.899134,29/07/26,3:15:27
20680,0.17,20.68,174.08123791102514,13013885154,2026-07-29 03:15:48.579134,29/07/26,3:15:48
20784,0.17,20.784,173.21016166281754,13013905938,2026-07-29 03:16:09.363134,29/07/26,3:16:9
20935,0.17,20.935,171.9608311440172,13013926873,2026-07-29 03:16:30.298134,29/07/26,3:16:30
20948,0.17,20.948,171.854114951308,13013947821,2026-07-29 03:16:51.246134,29/07/26,3:16:51
21102,0.17,21.102,170.5999431333523,13013968923,2026-07-29 03:17:12.348134,29/07/26,3:17:12
21168,0.17,21.168,170.06802721088437,13013990091,2026-07-29 03:17:33.516134,29/07/26,3:17:33
21131,0.17,21.131,170.36581326013913,13014011222,2026-07-29 03:17:54.647134,29/07/26,3:17:54
21213,0.17,21.213,169.70725498515063,13014032435,2026-07-29 03:18:15.860134,29/07/26,3:18:15
21264,0.17,21.264,169.3002257336343,13014053699,2026-07-29 03:18:37.124134,29/07/26,3:18:37
21058,0.17,21.058,170.95640611644032,13014074757,2026-07-29 03:18:58.182134,29/07/26,3:18:58
21155,0.17,21.155,170.17253604348855,13014095912,2026-07-29 03:19:19.337134,29/07/26,3:19:19
21244,0.17,21.244,169.4596121257767,13014117156,2026-07-29 03:19:40.581134,29/07/26,3:19:40
21291,0.17,21.291,169.08552909680145,13014138447,2026-07-29 03:20:01.872134,29/07/26,3:20:1
21296,0.17,21.296,169.045830202855,13014159743,2026-07-29 03:20:23.168134,29/07/26,3:20:23
21383,0.17,21.383,168.35804143478464,13014181126,2026-07-29 03:20:44.551134,29/07/26,3:20:44
21649,0.17,21.649,166.2894360016629,13014202775,2026-07-29 03:21:06.200134,29/07/26,3:21:6
30429,0.12,30.429,118.30819284235433,13014233204,2026-07-29 03:21:36.629134,29/07/26,3:21:36
37544,0.09,37.544,95.88749200937566,13014270748,2026-07-29 03:22:14.173134,29/07/26,3:22:14
37194,0.1,37.194,96.78980480722697,13014307942,2026-07-29 03:22:51.367134,29/07/26,3:22:51
37568,0.09,37.568,95.82623509369677,13014345510,2026-07-29 03:23:28.935134,29/07/26,3:23:28
37105,0.1,37.105,97.02196469478507,13014382615,2026-07-29 03:24:06.040134,29/07/26,3:24:6
37450,0.1,37.45,96.12817089452604,13014420065,2026-07-29 03:24:43.490134,29/07/26,3:24:43
37601,0.09,37.601,95.742134517699,13014457666,2026-07-29 03:25:21.091134,29/07/26,3:25:21
37534,0.09,37.534,95.91303884478073,13014495200,2026-07-29 03:25:58.625134,29/07/26,3:25:58
37067,0.1,37.067,97.12142876412982,13014532267,2026-07-29 03:26:35.692134,29/07/26,3:26:35
37134,0.1,37.134,96.94619486185167,13014569401,2026-07-29 03:27:12.826134,29/07/26,3:27:12
37496,0.1,37.496,96.01024109238318,13014606897,2026-07-29 03:27:50.322134,29/07/26,3:27:50
37707,0.09,37.707,95.47298910016708,13014644604,2026-07-29 03:28:28.029134,29/07/26,3:28:28
37527,0.09,37.527,95.93092973059397,13014682131,2026-07-29 03:29:05.556134,29/07/26,3:29:5
37658,0.09,37.658,95.59721705879228,13014719789,2026-07-29 03:29:43.214134,29/07/26,3:29:43
37616,0.09,37.616,95.7039557635049,13014757405,2026-07-29 03:30:20.830134,29/07/26,3:30:20
37598,0.09,37.598,95.7497739241449,13014795003,2026-07-29 03:30:58.428134,29/07/26,3:30:58
37532,0.09,37.532,95.91814984546521,13014832535,2026-07-29 03:31:35.960134,29/07/26,3:31:35
37743,0.09,37.743,95.38192512518877,13014870278,2026-07-29 03:32:13.703134,29/07/26,3:32:13
37600,0.09,37.6,95.74468085106383,13014907878,2026-07-29 03:32:51.303134,29/07/26,3:32:51
37515,0.09,37.515,95.96161535385846,13014945393,2026-07-29 03:33:28.818134,29/07/26,3:33:28
37677,0.09,37.677,95.54900867903496,13014983070,2026-07-29 03:34:06.495134,29/07/26,3:34:6
37365,0.1,37.365,96.34684865515857,13015020435,2026-07-29 03:34:43.860134,29/07/26,3:34:43
37532,0.09,37.532,95.91814984546521,13015057967,2026-07-29 03:35:21.392134,29/07/26,3:35:21
37682,0.09,37.682,95.53633034340004,13015095649,2026-07-29 03:35:59.074134,29/07/26,3:35:59
37531,0.09,37.531,95.92070555007861,13015133180,2026-07-29 03:36:36.605134,29/07/26,3:36:36
37453,0.1,37.453,96.12047099030785,13015170633,2026-07-29 03:37:14.058134,29/07/26,3:37:14
37739,0.09,37.739,95.39203476509711,13015208372,2026-07-29 03:37:51.797134,29/07/26,3:37:51
38236,0.09,38.236,94.1521079610838,13015246608,2026-07-29 03:38:30.033134,29/07/26,3:38:30
38288,0.09,38.288,94.02423735896365,13015284896,2026-07-29 03:39:08.321134,29/07/26,3:39:8
38203,0.09,38.203,94.23343716462058,13015323099,2026-07-29 03:39:46.524134,29/07/26,3:39:46
38218,0.09,38.218,94.19645193364383,13015361317,2026-07-29 03:40:24.742134,29/07/26,3:40:24
38500,0.09,38.5,93.50649350649351,13015399817,2026-07-29 03:41:03.242134,29/07/26,3:41:3
38379,0.09,38.379,93.80129758461659,13015438196,2026-07-29 03:41:41.621134,29/07/26,3:41:41
38671,0.09,38.671,93.09301543792506,13015476867,2026-07-29 03:42:20.292134,29/07/26,3:42:20
38601,0.09,38.601,93.26183259501049,13015515468,2026-07-29 03:42:58.893134,29/07/26,3:42:58
38541,0.09,38.541,93.40702109441894,13015554009,2026-07-29 03:43:37.434134,29/07/26,3:43:37
38674,0.09,38.674,93.08579407353778,13015592683,2026-07-29 03:44:16.108134,29/07/26,3:44:16
38683,0.09,38.683,93.06413670087636,13015631366,2026-07-29 03:44:54.791134,29/07/26,3:44:54
38753,0.09,38.753,92.89603385544345,13015670119,2026-07-29 03:45:33.544134,29/07/26,3:45:33
38626,0.09,38.626,93.2014705120903,13015708745,2026-07-29 03:46:12.170134,29/07/26,3:46:12
38882,0.09,38.882,92.58782984414383,13015747627,2026-07-29 03:46:51.052134,29/07/26,3:46:51
38778,0.09,38.778,92.83614420547734,13015786405,2026-07-29 03:47:29.830134,29/07/26,3:47:29
38703,0.09,38.703,93.01604526780869,13015825108,2026-07-29 03:48:08.533134,29/07/26,3:48:8
38797,0.09,38.797,92.79067969172874,13015863905,2026-07-29 03:48:47.330134,29/07/26,3:48:47
38836,0.09,38.836,92.69749716757647,13015902741,2026-07-29 03:49:26.166134,29/07/26,3:49:26
39028,0.09,39.028,92.24146766424106,13015941769,2026-07-29 03:50:05.194134,29/07/26,3:50:5
38739,0.09,38.739,92.92960582358863,13015980508,2026-07-29 03:50:43.933134,29/07/26,3:50:43
38895,0.09,38.895,92.55688391824143,13016019403,2026-07-29 03:51:22.828134,29/07/26,3:51:22
38266,0.09,38.266,94.07829404693462,13016057669,2026-07-29 03:52:01.094134,29/07/26,3:52:1
28814,0.12,28.814,124.93926563476089,13016086483,2026-07-29 03:52:29.908134,29/07/26,3:52:29
20678,0.17,20.678,174.09807524905696,13016107161,2026-07-29 03:52:50.586134,29/07/26,3:52:50
20525,0.17,20.525,175.3958587088916,13016127686,2026-07-29 03:53:11.111134,29/07/26,3:53:11
20540,0.17,20.54,175.26777020447906,13016148226,2026-07-29 03:53:31.651134,29/07/26,3:53:31
20516,0.17,20.516,175.47280171573405,13016168742,2026-07-29 03:53:52.167134,29/07/26,3:53:52
20257,0.18,20.257,177.71634496717184,13016188999,2026-07-29 03:54:12.424134,29/07/26,3:54:12
20594,0.17,20.594,174.80819656210548,13016209593,2026-07-29 03:54:33.018134,29/07/26,3:54:33
20759,0.17,20.759,173.4187581290043,13016230352,2026-07-29 03:54:53.777134,29/07/26,3:54:53
20791,0.17,20.791,173.15184454812177,13016251143,2026-07-29 03:55:14.568134,29/07/26,3:55:14
20926,0.17,20.926,172.03478925738315,13016272069,2026-07-29 03:55:35.494134,29/07/26,3:55:35
21043,0.17,21.043,171.0782683077508,13016293112,2026-07-29 03:55:56.537134,29/07/26,3:55:56
21120,0.17,21.12,170.45454545454547,13016314232,2026-07-29 03:56:17.657134,29/07/26,3:56:17
21212,0.17,21.212,169.7152555157458,13016335444,2026-07-29 03:56:38.869134,29/07/26,3:56:38
21241,0.17,21.241,169.48354597241183,13016356685,2026-07-29 03:57:00.110134,29/07/26,3:57:0
21210,0.17,21.21,169.73125884016974,13016377895,2026-07-29 03:57:21.320134,29/07/26,3:57:21
21309,0.17,21.309,168.9427002674926,13016399204,2026-07-29 03:57:42.629134,29/07/26,3:57:42
21382,0.17,21.382,168.36591525582264,13016420586,2026-07-29 03:58:04.011134,29/07/26,3:58:4
21500,0.17,21.5,167.4418604651163,13016442086,2026-07-29 03:58:25.511134,29/07/26,3:58:25
21652,0.17,21.652,166.2663957140218,13016463738,2026-07-29 03:58:47.163134,29/07/26,3:58:47
21715,0.17,21.715,165.78402026249137,13016485453,2026-07-29 03:59:08.878134,29/07/26,3:59:8
21648,0.17,21.648,166.29711751662973,13016507101,2026-07-29 03:59:30.526134,29/07/26,3:59:30
21653,0.17,21.653,166.2587170369002,13016528754,2026-07-29 03:59:52.179134,29/07/26,3:59:52
22264,0.16,22.264,161.69601149838303,13016551018,2026-07-29 04:00:14.443134,29/07/26,4:0:14
37713,0.09,37.713,95.45779969771696,13016588731,2026-07-29 04:00:52.156134,29/07/26,4:0:52
36378,0.1,36.378,98.96091044037605,13016625109,2026-07-29 04:01:28.534134,29/07/26,4:1:28
36826,0.1,36.826,97.75701949709445,13016661935,2026-07-29 04:02:05.360134,29/07/26,4:2:5
36666,0.1,36.666,98.18360333824252,13016698601,2026-07-29 04:02:42.026134,29/07/26,4:2:42
36612,0.1,36.612,98.32841691248771,13016735213,2026-07-29 04:03:18.638134,29/07/26,4:3:18
36825,0.1,36.825,97.75967413441956,13016772038,2026-07-29 04:03:55.463134,29/07/26,4:3:55
36751,0.1,36.751,97.95651818998122,13016808789,2026-07-29 04:04:32.214134,29/07/26,4:4:32
36766,0.1,36.766,97.91655333732253,13016845555,2026-07-29 04:05:08.980134,29/07/26,4:5:8
36865,0.1,36.865,97.65360097653601,13016882420,2026-07-29 04:05:45.845134,29/07/26,4:5:45
37474,0.1,37.474,96.06660618028499,13016919894,2026-07-29 04:06:23.319134,29/07/26,4:6:23
38005,0.09,38.005,94.72437837126694,13016957899,2026-07-29 04:07:01.324134,29/07/26,4:7:1
38302,0.09,38.302,93.98986998067986,13016996201,2026-07-29 04:07:39.626134,29/07/26,4:7:39
37985,0.09,37.985,94.77425299460313,13017034186,2026-07-29 04:08:17.611134,29/07/26,4:8:17
37617,0.09,37.617,95.70141159582104,13017071803,2026-07-29 04:08:55.228134,29/07/26,4:8:55
38414,0.09,38.414,93.71583276930286,13017110217,2026-07-29 04:09:33.642134,29/07/26,4:9:33
37913,0.09,37.913,94.95423733284098,13017148130,2026-07-29 04:10:11.555134,29/07/26,4:10:11
37940,0.09,37.94,94.8866631523458,13017186070,2026-07-29 04:10:49.495134,29/07/26,4:10:49
38070,0.09,38.07,94.56264775413712,13017224140,2026-07-29 04:11:27.565134,29/07/26,4:11:27
38354,0.09,38.354,93.8624393805079,13017262494,2026-07-29 04:12:05.919134,29/07/26,4:12:5
38983,0.09,38.983,92.34794654079984,13017301477,2026-07-29 04:12:44.902134,29/07/26,4:12:44
38960,0.09,38.96,92.40246406570841,13017340437,2026-07-29 04:13:23.862134,29/07/26,4:13:23
38822,0.09,38.822,92.7309257637422,13017379259,2026-07-29 04:14:02.684134,29/07/26,4:14:2
38943,0.09,38.943,92.44280101687082,13017418202,2026-07-29 04:14:41.627134,29/07/26,4:14:41
38761,0.09,38.761,92.87686076210625,13017456963,2026-07-29 04:15:20.388134,29/07/26,4:15:20
38673,0.09,38.673,93.08820107051432,13017495636,2026-07-29 04:15:59.061134,29/07/26,4:15:59
38818,0.09,38.818,92.74048122005256,13017534454,2026-07-29 04:16:37.879134,29/07/26,4:16:37
39004,0.09,39.004,92.2982258229925,13017573458,2026-07-29 04:17:16.883134,29/07/26,4:17:16
38551,0.09,38.551,93.38279162667635,13017612009,2026-07-29 04:17:55.434134,29/07/26,4:17:55
38095,0.09,38.095,94.50059062869143,13017650104,2026-07-29 04:18:33.529134,29/07/26,4:18:33
38233,0.09,38.233,94.15949572358957,13017688337,2026-07-29 04:19:11.762134,29/07/26,4:19:11
37940,0.09,37.94,94.8866631523458,13017726277,2026-07-29 04:19:49.702134,29/07/26,4:19:49
37559,0.09,37.559,95.84919726297292,13017763836,2026-07-29 04:20:27.261134,29/07/26,4:20:27
37687,0.09,37.687,95.5236553718789,13017801523,2026-07-29 04:21:04.948134,29/07/26,4:21:4
36419,0.1,36.419,98.8495016337626,13017837942,2026-07-29 04:21:41.367134,29/07/26,4:21:41
36476,0.1,36.476,98.69503235003837,13017874418,2026-07-29 04:22:17.843134,29/07/26,4:22:17
36951,0.1,36.951,97.42632134448323,13017911369,2026-07-29 04:22:54.794134,29/07/26,4:22:54
36849,0.1,36.849,97.69600260522674,13017948218,2026-07-29 04:23:31.643134,29/07/26,4:23:31
36866,0.1,36.866,97.65095209678294,13017985084,2026-07-29 04:24:08.509134,29/07/26,4:24:8
36768,0.1,36.768,97.911227154047,13018021852,2026-07-29 04:24:45.277134,29/07/26,4:24:45
36886,0.1,36.886,97.59800466301577,13018058738,2026-07-29 04:25:22.163134,29/07/26,4:25:22
37120,0.1,37.12,96.98275862068965,13018095858,2026-07-29 04:25:59.283134,29/07/26,4:25:59
36901,0.1,36.901,97.55833175252704,13018132759,2026-07-29 04:26:36.184134,29/07/26,4:26:36
37230,0.1,37.23,96.69621273166801,13018169989,2026-07-29 04:27:13.414134,29/07/26,4:27:13
37614,0.09,37.614,95.7090445047057,13018207603,2026-07-29 04:27:51.028134,29/07/26,4:27:51
37413,0.1,37.413,96.22323791195574,13018245016,2026-07-29 04:28:28.441134,29/07/26,4:28:28
37716,0.09,37.716,95.45020680878142,13018282732,2026-07-29 04:29:06.157134,29/07/26,4:29:6
37917,0.09,37.917,94.94422027059103,13018320649,2026-07-29 04:29:44.074134,29/07/26,4:29:44
37584,0.09,37.584,95.78544061302682,13018358233,2026-07-29 04:30:21.658134,29/07/26,4:30:21
37403,0.1,37.403,96.24896398684598,13018395636,2026-07-29 04:30:59.061134,29/07/26,4:30:59
27626,0.13,27.626,130.31202490407588,13018423262,2026-07-29 04:31:26.687134,29/07/26,4:31:26
20305,0.18,20.305,177.29623245506033,13018443567,2026-07-29 04:31:46.992134,29/07/26,4:31:46
20370,0.18,20.37,176.73048600883652,13018463937,2026-07-29 04:32:07.362134,29/07/26,4:32:7
20349,0.18,20.349,176.91287041132242,13018484286,2026-07-29 04:32:27.711134,29/07/26,4:32:27
20330,0.18,20.33,177.07820954254797,13018504616,2026-07-29 04:32:48.041134,29/07/26,4:32:48
20530,0.17,20.53,175.35314174378956,13018525146,2026-07-29 04:33:08.571134,29/07/26,4:33:8
20892,0.17,20.892,172.3147616312464,13018546038,2026-07-29 04:33:29.463134,29/07/26,4:33:29
20949,0.17,20.949,171.84591149935557,13018566987,2026-07-29 04:33:50.412134,29/07/26,4:33:50
21169,0.17,21.169,170.05999338655582,13018588156,2026-07-29 04:34:11.581134,29/07/26,4:34:11
21263,0.17,21.263,169.3081879320886,13018609419,2026-07-29 04:34:32.844134,29/07/26,4:34:32
21179,0.17,21.179,169.9796968695406,13018630598,2026-07-29 04:34:54.023134,29/07/26,4:34:54
21307,0.17,21.307,168.9585582203032,13018651905,2026-07-29 04:35:15.330134,29/07/26,4:35:15
21301,0.17,21.301,169.00614994601193,13018673206,2026-07-29 04:35:36.631134,29/07/26,4:35:36
21172,0.17,21.172,170.03589646703193,13018694378,2026-07-29 04:35:57.803134,29/07/26,4:35:57
21605,0.17,21.605,166.628095348299,13018715983,2026-07-29 04:36:19.408134,29/07/26,4:36:19
21510,0.17,21.51,167.36401673640168,13018737493,2026-07-29 04:36:40.918134,29/07/26,4:36:40
21626,0.17,21.626,166.46629057615831,13018759119,2026-07-29 04:37:02.544134,29/07/26,4:37:2
21827,0.16,21.827,164.93333944197553,13018780946,2026-07-29 04:37:24.371134,29/07/26,4:37:24
21852,0.16,21.852,164.74464579901152,13018802798,2026-07-29 04:37:46.223134,29/07/26,4:37:46
21901,0.16,21.901,164.376055887859,13018824699,2026-07-29 04:38:08.124134,29/07/26,4:38:8
22025,0.16,22.025,163.4506242905789,13018846724,2026-07-29 04:38:30.149134,29/07/26,4:38:30
21870,0.16,21.87,164.6090534979424,13018868594,2026-07-29 04:38:52.019134,29/07/26,4:38:52
24223,0.15,24.223,148.61908103868225,13018892817,2026-07-29 04:39:16.242134,29/07/26,4:39:16
38820,0.09,38.82,92.73570324574962,13018931637,2026-07-29 04:39:55.062134,29/07/26,4:39:55
38577,0.09,38.577,93.31985379889572,13018970214,2026-07-29 04:40:33.639134,29/07/26,4:40:33
38619,0.09,38.619,93.2183640177115,13019008833,2026-07-29 04:41:12.258134,29/07/26,4:41:12
38803,0.09,38.803,92.77633172692833,13019047636,2026-07-29 04:41:51.061134,29/07/26,4:41:51
38863,0.09,38.863,92.63309574659702,13019086499,2026-07-29 04:42:29.924134,29/07/26,4:42:29
38588,0.09,38.588,93.29325178812066,13019125087,2026-07-29 04:43:08.512134,29/07/26,4:43:8
38762,0.09,38.762,92.87446468190495,13019163849,2026-07-29 04:43:47.274134,29/07/26,4:43:47
38847,0.09,38.847,92.67124874507684,13019202696,2026-07-29 04:44:26.121134,29/07/26,4:44:26
38439,0.09,38.439,93.65488176071177,13019241135,2026-07-29 04:45:04.560134,29/07/26,4:45:4
38034,0.09,38.034,94.65215333648841,13019279169,2026-07-29 04:45:42.594134,29/07/26,4:45:42
38670,0.09,38.67,93.09542280837859,13019317839,2026-07-29 04:46:21.264134,29/07/26,4:46:21
38347,0.09,38.347,93.87957336949435,13019356186,2026-07-29 04:46:59.611134,29/07/26,4:46:59
38634,0.09,38.634,93.18217114458767,13019394820,2026-07-29 04:47:38.245134,29/07/26,4:47:38
38785,0.09,38.785,92.81938893902282,13019433605,2026-07-29 04:48:17.030134,29/07/26,4:48:17
38583,0.09,38.583,93.30534173081409,13019472188,2026-07-29 04:48:55.613134,29/07/26,4:48:55
38162,0.09,38.162,94.33467847597086,13019510350,2026-07-29 04:49:33.775134,29/07/26,4:49:33
38516,0.09,38.516,93.46764980787205,13019548866,2026-07-29 04:50:12.291134,29/07/26,4:50:12
38183,0.09,38.183,94.28279600869497,13019587049,2026-07-29 04:50:50.474134,29/07/26,4:50:50
38571,0.09,38.571,93.33437038189314,13019625620,2026-07-29 04:51:29.045134,29/07/26,4:51:29
38344,0.09,38.344,93.88691842269976,13019663964,2026-07-29 04:52:07.389134,29/07/26,4:52:7
38734,0.09,38.734,92.94160169360252,13019702698,2026-07-29 04:52:46.123134,29/07/26,4:52:46
38674,0.09,38.674,93.08579407353778,13019741372,2026-07-29 04:53:24.797134,29/07/26,4:53:24
38618,0.09,38.618,93.22077787560205,13019779990,2026-07-29 04:54:03.415134,29/07/26,4:54:3
38562,0.09,38.562,93.35615372646647,13019818552,2026-07-29 04:54:41.977134,29/07/26,4:54:41
38972,0.09,38.972,92.37401211125936,13019857524,2026-07-29 04:55:20.949134,29/07/26,4:55:20
39228,0.09,39.228,91.77118384827165,13019896752,2026-07-29 04:56:00.177134,29/07/26,4:56:0
39281,0.09,39.281,91.64736131972201,13019936033,2026-07-29 04:56:39.458134,29/07/26,4:56:39
39051,0.09,39.051,92.18713989398479,13019975084,2026-07-29 04:57:18.509134,29/07/26,4:57:18
38627,0.09,38.627,93.19905765397262,13020013711,2026-07-29 04:57:57.136134,29/07/26,4:57:57
38461,0.09,38.461,93.60131041834586,13020052172,2026-07-29 04:58:35.597134,29/07/26,4:58:35
38818,0.09,38.818,92.74048122005256,13020090990,2026-07-29 04:59:14.415134,29/07/26,4:59:14
38863,0.09,38.863,92.63309574659702,13020129853,2026-07-29 04:59:53.278134,29/07/26,4:59:53
38778,0.09,38.778,92.83614420547734,13020168631,2026-07-29 05:00:32.056134,29/07/26,5:0:32
38349,0.09,38.349,93.87467730579677,13020206980,2026-07-29 05:01:10.405134,29/07/26,5:1:10
37854,0.09,37.854,95.10223490252021,13020244834,2026-07-29 05:01:48.259134,29/07/26,5:1:48
38141,0.09,38.141,94.38661807503736,13020282975,2026-07-29 05:02:26.400134,29/07/26,5:2:26
37464,0.1,37.464,96.09224855861628,13020320439,2026-07-29 05:03:03.864134,29/07/26,5:3:3
37477,0.1,37.477,96.05891613522961,13020357916,2026-07-29 05:03:41.341134,29/07/26,5:3:41
37470,0.1,37.47,96.07686148919136,13020395386,2026-07-29 05:04:18.811134,29/07/26,5:4:18
37653,0.09,37.653,95.6099115608318,13020433039,2026-07-29 05:04:56.464134,29/07/26,5:4:56
38058,0.09,38.058,94.59246413369068,13020471097,2026-07-29 05:05:34.522134,29/07/26,5:5:34
38137,0.09,38.137,94.39651781734274,13020509234,2026-07-29 05:06:12.659134,29/07/26,5:6:12
38244,0.09,38.244,94.13241292751805,13020547478,2026-07-29 05:06:50.903134,29/07/26,5:6:50
37987,0.09,37.987,94.76926316897887,13020585465,2026-07-29 05:07:28.890134,29/07/26,5:7:28
37401,0.1,37.401,96.254110852651,13020622866,2026-07-29 05:08:06.291134,29/07/26,5:8:6
37684,0.09,37.684,95.53125995117291,13020660550,2026-07-29 05:08:43.975134,29/07/26,5:8:43
38029,0.09,38.029,94.66459806989403,13020698579,2026-07-29 05:09:22.004134,29/07/26,5:9:22
38112,0.09,38.112,94.45843828715365,13020736691,2026-07-29 05:10:00.116134,29/07/26,5:10:0
37933,0.09,37.933,94.90417314739145,13020774624,2026-07-29 05:10:38.049134,29/07/26,5:10:38
21276,0.17,21.276,169.20473773265653,13020795900,2026-07-29 05:10:59.325134,29/07/26,5:10:59
20431,0.18,20.431,176.2028290343106,13020816331,2026-07-29 05:11:19.756134,29/07/26,5:11:19
20349,0.18,20.349,176.91287041132242,13020836680,2026-07-29 05:11:40.105134,29/07/26,5:11:40
20389,0.18,20.389,176.5657952817696,13020857069,2026-07-29 05:12:00.494134,29/07/26,5:12:0
20709,0.17,20.709,173.83746197305518,13020877778,2026-07-29 05:12:21.203134,29/07/26,5:12:21
20813,0.17,20.813,172.96881756594436,13020898591,2026-07-29 05:12:42.016134,29/07/26,5:12:42
20965,0.17,20.965,171.71476269973766,13020919556,2026-07-29 05:13:02.981134,29/07/26,5:13:2
21100,0.17,21.1,170.61611374407582,13020940656,2026-07-29 05:13:24.081134,29/07/26,5:13:24
21246,0.17,21.246,169.44365998305562,13020961902,2026-07-29 05:13:45.327134,29/07/26,5:13:45
21453,0.17,21.453,167.80869808418404,13020983355,2026-07-29 05:14:06.780134,29/07/26,5:14:6
21537,0.17,21.537,167.1541997492687,13021004892,2026-07-29 05:14:28.317134,29/07/26,5:14:28
21558,0.17,21.558,166.99137211244087,13021026450,2026-07-29 05:14:49.875134,29/07/26,5:14:49
21677,0.17,21.677,166.0746413249066,13021048127,2026-07-29 05:15:11.552134,29/07/26,5:15:11
21747,0.17,21.747,165.54007449303353,13021069874,2026-07-29 05:15:33.299134,29/07/26,5:15:33
21658,0.17,21.658,166.22033428756117,13021091532,2026-07-29 05:15:54.957134,29/07/26,5:15:54
21907,0.16,21.907,164.33103574200027,13021113439,2026-07-29 05:16:16.864134,29/07/26,5:16:16
22008,0.16,22.008,163.57688113413303,13021135447,2026-07-29 05:16:38.872134,29/07/26,5:16:38
21986,0.16,21.986,163.74056217593014,13021157433,2026-07-29 05:17:00.858134,29/07/26,5:17:0
21944,0.16,21.944,164.05395552314982,13021179377,2026-07-29 05:17:22.802134,29/07/26,5:17:22
21968,0.16,21.968,163.8747268754552,13021201345,2026-07-29 05:17:44.770134,29/07/26,5:17:44
22041,0.16,22.041,163.33197223356473,13021223386,2026-07-29 05:18:06.811134,29/07/26,5:18:6
22146,0.16,22.146,162.5575724735844,13021245532,2026-07-29 05:18:28.957134,29/07/26,5:18:28
34359,0.1,34.359,104.77604121190954,13021279891,2026-07-29 05:19:03.316134,29/07/26,5:19:3
37574,0.09,37.574,95.81093309203172,13021317465,2026-07-29 05:19:40.890134,29/07/26,5:19:40
37261,0.1,37.261,96.61576447223639,13021354726,2026-07-29 05:20:18.151134,29/07/26,5:20:18
37399,0.1,37.399,96.25925826893767,13021392125,2026-07-29 05:20:55.550134,29/07/26,5:20:55
37752,0.09,37.752,95.35918626827717,13021429877,2026-07-29 05:21:33.302134,29/07/26,5:21:33
37141,0.1,37.141,96.92792331924288,13021467018,2026-07-29 05:22:10.443134,29/07/26,5:22:10
37689,0.09,37.689,95.5185863249224,13021504707,2026-07-29 05:22:48.132134,29/07/26,5:22:48
37621,0.09,37.621,95.69123627761091,13021542328,2026-07-29 05:23:25.753134,29/07/26,5:23:25
37558,0.09,37.558,95.85174929442462,13021579886,2026-07-29 05:24:03.311134,29/07/26,5:24:3
37511,0.09,37.511,95.97184825784437,13021617397,2026-07-29 05:24:40.822134,29/07/26,5:24:40
37866,0.09,37.866,95.0720963397243,13021655263,2026-07-29 05:25:18.688134,29/07/26,5:25:18
37928,0.09,37.928,94.91668424383042,13021693191,2026-07-29 05:25:56.616134,29/07/26,5:25:56
37995,0.09,37.995,94.749309119621,13021731186,2026-07-29 05:26:34.611134,29/07/26,5:26:34
37692,0.09,37.692,95.51098376313276,13021768878,2026-07-29 05:27:12.303134,29/07/26,5:27:12
38940,0.09,38.94,92.44992295839754,13021807818,2026-07-29 05:27:51.243134,29/07/26,5:27:51
39066,0.09,39.066,92.15174320380893,13021846884,2026-07-29 05:28:30.309134,29/07/26,5:28:30
39118,0.09,39.118,92.02924484891865,13021886002,2026-07-29 05:29:09.427134,29/07/26,5:29:9
39089,0.09,39.089,92.09752104172529,13021925091,2026-07-29 05:29:48.516134,29/07/26,5:29:48
39154,0.09,39.154,91.94462890126168,13021964245,2026-07-29 05:30:27.670134,29/07/26,5:30:27
39016,0.09,39.016,92.26983801517326,13022003261,2026-07-29 05:31:06.686134,29/07/26,5:31:6
39068,0.09,39.068,92.14702569878162,13022042329,2026-07-29 05:31:45.754134,29/07/26,5:31:45
39101,0.09,39.101,92.06925654075343,13022081430,2026-07-29 05:32:24.855134,29/07/26,5:32:24
38707,0.09,38.707,93.00643294494536,13022120137,2026-07-29 05:33:03.562134,29/07/26,5:33:3
39272,0.09,39.272,91.6683642289672,13022159409,2026-07-29 05:33:42.834134,29/07/26,5:33:42
39149,0.09,39.149,91.95637181026335,13022198558,2026-07-29 05:34:21.983134,29/07/26,5:34:21
39217,0.09,39.217,91.7969248030191,13022237775,2026-07-29 05:35:01.200134,29/07/26,5:35:1
39178,0.09,39.178,91.88830466077901,13022276953,2026-07-29 05:35:40.378134,29/07/26,5:35:40
39253,0.09,39.253,91.71273533233129,13022316206,2026-07-29 05:36:19.631134,29/07/26,5:36:19
39164,0.09,39.164,91.92115207843938,13022355370,2026-07-29 05:36:58.795134,29/07/26,5:36:58
38973,0.09,38.973,92.37164190593488,13022394343,2026-07-29 05:37:37.768134,29/07/26,5:37:37
38966,0.09,38.966,92.38823589796233,13022433309,2026-07-29 05:38:16.734134,29/07/26,5:38:16
39082,0.09,39.082,92.1140166828719,13022472391,2026-07-29 05:38:55.816134,29/07/26,5:38:55
39227,0.09,39.227,91.77352333851684,13022511618,2026-07-29 05:39:35.043134,29/07/26,5:39:35
39075,0.09,39.075,92.13051823416507,13022550693,2026-07-29 05:40:14.118134,29/07/26,5:40:14
38972,0.09,38.972,92.37401211125936,13022589665,2026-07-29 05:40:53.090134,29/07/26,5:40:53
38952,0.09,38.952,92.42144177449168,13022628617,2026-07-29 05:41:32.042134,29/07/26,5:41:32
39421,0.09,39.421,91.32188427487887,13022668038,2026-07-29 05:42:11.463134,29/07/26,5:42:11
38918,0.09,38.918,92.50218407934632,13022706956,2026-07-29 05:42:50.381134,29/07/26,5:42:50
39128,0.09,39.128,92.00572480065426,13022746084,2026-07-29 05:43:29.509134,29/07/26,5:43:29
39123,0.09,39.123,92.01748332183115,13022785207,2026-07-29 05:44:08.632134,29/07/26,5:44:8
38853,0.09,38.853,92.65693768820941,13022824060,2026-07-29 05:44:47.485134,29/07/26,5:44:47
39235,0.09,39.235,91.75481075570282,13022863295,2026-07-29 05:45:26.720134,29/07/26,5:45:26
39254,0.09,39.254,91.7103989402354,13022902549,2026-07-29 05:46:05.974134,29/07/26,5:46:5
39244,0.09,39.244,91.73376821934563,13022941793,2026-07-29 05:46:45.218134,29/07/26,5:46:45
38747,0.09,38.747,92.9104188711384,13022980540,2026-07-29 05:47:23.965134,29/07/26,5:47:23
38830,0.09,38.83,92.71182075714654,13023019370,2026-07-29 05:48:02.795134,29/07/26,5:48:2
38270,0.09,38.27,94.06846093545859,13023057640,2026-07-29 05:48:41.065134,29/07/26,5:48:41
38145,0.09,38.145,94.3767204089658,13023095785,2026-07-29 05:49:19.210134,29/07/26,5:49:19
35500,0.1,35.5,101.40845070422536,13023131285,2026-07-29 05:49:54.710134,29/07/26,5:49:54
18566,0.19,18.566,193.9028331358397,13023149851,2026-07-29 05:50:13.276134,29/07/26,5:50:13
20422,0.18,20.422,176.280481833317,13023170273,2026-07-29 05:50:33.698134,29/07/26,5:50:33
20396,0.18,20.396,176.5051970974701,13023190669,2026-07-29 05:50:54.094134,29/07/26,5:50:54
20074,0.18,20.074,179.33645511607054,13023210743,2026-07-29 05:51:14.168134,29/07/26,5:51:14
20277,0.18,20.277,177.5410563692854,13023231020,2026-07-29 05:51:34.445134,29/07/26,5:51:34
20429,0.18,20.429,176.2200792990357,13023251449,2026-07-29 05:51:54.874134,29/07/26,5:51:54
20689,0.17,20.689,174.00551017448885,13023272138,2026-07-29 05:52:15.563134,29/07/26,5:52:15
20811,0.17,20.811,172.98544039210034,13023292949,2026-07-29 05:52:36.374134,29/07/26,5:52:36
20834,0.17,20.834,172.79447057694154,13023313783,2026-07-29 05:52:57.208134,29/07/26,5:52:57
20950,0.17,20.95,171.83770883054893,13023334733,2026-07-29 05:53:18.158134,29/07/26,5:53:18
21075,0.17,21.075,170.8185053380783,13023355808,2026-07-29 05:53:39.233134,29/07/26,5:53:39
21286,0.17,21.286,169.1252466409847,13023377094,2026-07-29 05:54:00.519134,29/07/26,5:54:0
21535,0.17,21.535,167.16972370559554,13023398629,2026-07-29 05:54:22.054134,29/07/26,5:54:22
21538,0.17,21.538,167.14643885226113,13023420167,2026-07-29 05:54:43.592134,29/07/26,5:54:43
21636,0.17,21.636,166.38935108153078,13023441803,2026-07-29 05:55:05.228134,29/07/26,5:55:5
21634,0.17,21.634,166.40473329019136,13023463437,2026-07-29 05:55:26.862134,29/07/26,5:55:26
21764,0.17,21.764,165.4107700790296,13023485201,2026-07-29 05:55:48.626134,29/07/26,5:55:48
21773,0.17,21.773,165.34239654618105,13023506974,2026-07-29 05:56:10.399134,29/07/26,5:56:10
21865,0.16,21.865,164.64669563228904,13023528839,2026-07-29 05:56:32.264134,29/07/26,5:56:32
21863,0.16,21.863,164.66175730686547,13023550702,2026-07-29 05:56:54.127134,29/07/26,5:56:54
21935,0.16,21.935,164.1212673808981,13023572637,2026-07-29 05:57:16.062134,29/07/26,5:57:16
21985,0.16,21.985,163.74801000682282,13023594622,2026-07-29 05:57:38.047134,29/07/26,5:57:38
35723,0.1,35.723,100.77541079976486,13023630345,2026-07-29 05:58:13.770134,29/07/26,5:58:13
38551,0.09,38.551,93.38279162667635,13023668896,2026-07-29 05:58:52.321134,29/07/26,5:58:52
38613,0.09,38.613,93.2328490404786,13023707509,2026-07-29 05:59:30.934134,29/07/26,5:59:30
38605,0.09,38.605,93.25216940810776,13023746114,2026-07-29 06:00:09.539134,29/07/26,6:0:9
38454,0.09,38.454,93.61834919644251,13023784568,2026-07-29 06:00:47.993134,29/07/26,6:0:47
37937,0.09,37.937,94.89416664470042,13023822505,2026-07-29 06:01:25.930134,29/07/26,6:1:25
38512,0.09,38.512,93.47735770668882,13023861017,2026-07-29 06:02:04.442134,29/07/26,6:2:4
38494,0.09,38.494,93.52106821842365,13023899511,2026-07-29 06:02:42.936134,29/07/26,6:2:42
38175,0.09,38.175,94.30255402750491,13023937686,2026-07-29 06:03:21.111134,29/07/26,6:3:21
38449,0.09,38.449,93.63052355067752,13023976135,2026-07-29 06:03:59.560134,29/07/26,6:3:59
38293,0.09,38.293,94.0119604105189,13024014428,2026-07-29 06:04:37.853134,29/07/26,6:4:37
38420,0.09,38.42,93.70119729307652,13024052848,2026-07-29 06:05:16.273134,29/07/26,6:5:16
38421,0.09,38.421,93.69875849145,13024091269,2026-07-29 06:05:54.694134,29/07/26,6:5:54
38468,0.09,38.468,93.58427784132266,13024129737,2026-07-29 06:06:33.162134,29/07/26,6:6:33
38411,0.09,38.411,93.72315222201973,13024168148,2026-07-29 06:07:11.573134,29/07/26,6:7:11
38235,0.09,38.235,94.15457041977245,13024206383,2026-07-29 06:07:49.808134,29/07/26,6:7:49
38336,0.09,38.336,93.90651085141903,13024244719,2026-07-29 06:08:28.144134,29/07/26,6:8:28
38476,0.09,38.476,93.56481962781994,13024283195,2026-07-29 06:09:06.620134,29/07/26,6:9:6
38480,0.09,38.48,93.55509355509355,13024321675,2026-07-29 06:09:45.100134,29/07/26,6:9:45
38440,0.09,38.44,93.65244536940686,13024360115,2026-07-29 06:10:23.540134,29/07/26,6:10:23
38636,0.09,38.636,93.17734755150637,13024398751,2026-07-29 06:11:02.176134,29/07/26,6:11:2
38434,0.09,38.434,93.66706561898319,13024437185,2026-07-29 06:11:40.610134,29/07/26,6:11:40
38459,0.09,38.459,93.60617800774851,13024475644,2026-07-29 06:12:19.069134,29/07/26,6:12:19
38409,0.09,38.409,93.7280324923846,13024514053,2026-07-29 06:12:57.478134,29/07/26,6:12:57
39196,0.09,39.196,91.84610674558628,13024553249,2026-07-29 06:13:36.674134,29/07/26,6:13:36
39291,0.09,39.291,91.62403603878751,13024592540,2026-07-29 06:14:15.965134,29/07/26,6:14:15
39364,0.09,39.364,91.45412051620771,13024631904,2026-07-29 06:14:55.329134,29/07/26,6:14:55
39394,0.09,39.394,91.3844747931157,13024671298,2026-07-29 06:15:34.723134,29/07/26,6:15:34
39262,0.09,39.262,91.69171208802405,13024710560,2026-07-29 06:16:13.985134,29/07/26,6:16:13
39178,0.09,39.178,91.88830466077901,13024749738,2026-07-29 06:16:53.163134,29/07/26,6:16:53
39133,0.09,39.133,91.99396928423582,13024788871,2026-07-29 06:17:32.296134,29/07/26,6:17:32
39241,0.09,39.241,91.7407813256543,13024828112,2026-07-29 06:18:11.537134,29/07/26,6:18:11
39320,0.09,39.32,91.55645981688708,13024867432,2026-07-29 06:18:50.857134,29/07/26,6:18:50
39320,0.09,39.32,91.55645981688708,13024906752,2026-07-29 06:19:30.177134,29/07/26,6:19:30
38902,0.09,38.902,92.54022929412369,13024945654,2026-07-29 06:20:09.079134,29/07/26,6:20:9
37670,0.09,37.67,95.56676400318555,13024983324,2026-07-29 06:20:46.749134,29/07/26,6:20:46
37605,0.09,37.605,95.73195053849223,13025020929,2026-07-29 06:21:24.354134,29/07/26,6:21:24
37962,0.09,37.962,94.8316737790422,13025058891,2026-07-29 06:22:02.316134,29/07/26,6:22:2
38241,0.09,38.241,94.13979759943516,13025097132,2026-07-29 06:22:40.557134,29/07/26,6:22:40
38099,0.09,38.099,94.49066904643166,13025135231,2026-07-29 06:23:18.656134,29/07/26,6:23:18
38261,0.09,38.261,94.09058832753979,13025173492,2026-07-29 06:23:56.917134,29/07/26,6:23:56
38136,0.09,38.136,94.39899307740717,13025211628,2026-07-29 06:24:35.053134,29/07/26,6:24:35
38231,0.09,38.231,94.16442154272711,13025249859,2026-07-29 06:25:13.284134,29/07/26,6:25:13
38211,0.09,38.211,94.21370809452776,13025288070,2026-07-29 06:25:51.495134,29/07/26,6:25:51
38217,0.09,38.217,94.1989167124578,13025326287,2026-07-29 06:26:29.712134,29/07/26,6:26:29
38270,0.09,38.27,94.06846093545859,13025364557,2026-07-29 06:27:07.982134,29/07/26,6:27:7
38236,0.09,38.236,94.1521079610838,13025402793,2026-07-29 06:27:46.218134,29/07/26,6:27:46
38951,0.09,38.951,92.42381453621216,13025441744,2026-07-29 06:28:25.169134,29/07/26,6:28:25
39103,0.09,39.103,92.06454747717567,13025480847,2026-07-29 06:29:04.272134,29/07/26,6:29:4
24900,0.14,24.9,144.57831325301206,13025505747,2026-07-29 06:29:29.172134,29/07/26,6:29:29
20671,0.17,20.671,174.15703159015044,13025526418,2026-07-29 06:29:49.843134,29/07/26,6:29:49
20569,0.17,20.569,175.0206621615052,13025546987,2026-07-29 06:30:10.412134,29/07/26,6:30:10
20506,0.17,20.506,175.5583731590754,13025567493,2026-07-29 06:30:30.918134,29/07/26,6:30:30
20677,0.17,20.677,174.106495139527,13025588170,2026-07-29 06:30:51.595134,29/07/26,6:30:51
20825,0.17,20.825,172.86914765906363,13025608995,2026-07-29 06:31:12.420134,29/07/26,6:31:12
21054,0.17,21.054,170.98888572242805,13025630049,2026-07-29 06:31:33.474134,29/07/26,6:31:33
21232,0.17,21.232,169.55538809344387,13025651281,2026-07-29 06:31:54.706134,29/07/26,6:31:54
21282,0.17,21.282,169.15703411333521,13025672563,2026-07-29 06:32:15.988134,29/07/26,6:32:15
21434,0.17,21.434,167.95745077913594,13025693997,2026-07-29 06:32:37.422134,29/07/26,6:32:37
21461,0.17,21.461,167.7461441684917,13025715458,2026-07-29 06:32:58.883134,29/07/26,6:32:58
21543,0.17,21.543,167.10764517476676,13025737001,2026-07-29 06:33:20.426134,29/07/26,6:33:20
21632,0.17,21.632,166.42011834319527,13025758633,2026-07-29 06:33:42.058134,29/07/26,6:33:42
21702,0.17,21.702,165.8833287254631,13025780335,2026-07-29 06:34:03.760134,29/07/26,6:34:3
21820,0.16,21.82,164.98625114573787,13025802155,2026-07-29 06:34:25.580134,29/07/26,6:34:25
21874,0.16,21.874,164.5789521806711,13025824029,2026-07-29 06:34:47.454134,29/07/26,6:34:47
21929,0.16,21.929,164.16617264809156,13025845958,2026-07-29 06:35:09.383134,29/07/26,6:35:9
22010,0.16,22.01,163.56201726487961,13025867968,2026-07-29 06:35:31.393134,29/07/26,6:35:31
22028,0.16,22.028,163.4283639004903,13025889996,2026-07-29 06:35:53.421134,29/07/26,6:35:53
22077,0.16,22.077,163.06563391765187,13025912073,2026-07-29 06:36:15.498134,29/07/26,6:36:15
22155,0.16,22.155,162.49153689911984,13025934228,2026-07-29 06:36:37.653134,29/07/26,6:36:37
22217,0.16,22.217,162.0380789485529,13025956445,2026-07-29 06:36:59.870134,29/07/26,6:36:59
31877,0.11,31.877,112.9340904100135,13025988322,2026-07-29 06:37:31.747134,29/07/26,6:37:31
39084,0.09,39.084,92.109303039607,13026027406,2026-07-29 06:38:10.831134,29/07/26,6:38:10
38922,0.09,38.922,92.49267766301834,13026066328,2026-07-29 06:38:49.753134,29/07/26,6:38:49
39629,0.09,39.629,90.84256478841253,13026105957,2026-07-29 06:39:29.382134,29/07/26,6:39:29
39934,0.09,39.934,90.14874542995943,13026145891,2026-07-29 06:40:09.316134,29/07/26,6:40:9
40002,0.09,40.002,89.99550022498875,13026185893,2026-07-29 06:40:49.318134,29/07/26,6:40:49
39821,0.09,39.821,90.40456040782502,13026225714,2026-07-29 06:41:29.139134,29/07/26,6:41:29
40044,0.09,40.044,89.90110878034163,13026265758,2026-07-29 06:42:09.183134,29/07/26,6:42:9
39943,0.09,39.943,90.12843301704929,13026305701,2026-07-29 06:42:49.126134,29/07/26,6:42:49
39896,0.09,39.896,90.2346099859635,13026345597,2026-07-29 06:43:29.022134,29/07/26,6:43:29
40022,0.09,40.022,89.95052721003448,13026385619,2026-07-29 06:44:09.044134,29/07/26,6:44:9
39853,0.09,39.853,90.33196998971219,13026425472,2026-07-29 06:44:48.897134,29/07/26,6:44:48
39965,0.09,39.965,90.07881896659578,13026465437,2026-07-29 06:45:28.862134,29/07/26,6:45:28
39804,0.09,39.804,90.44317154054869,13026505241,2026-07-29 06:46:08.666134,29/07/26,6:46:8
39995,0.09,39.995,90.0112514064258,13026545236,2026-07-29 06:46:48.661134,29/07/26,6:46:48
39300,0.09,39.3,91.6030534351145,13026584536,2026-07-29 06:47:27.961134,29/07/26,6:47:27
39539,0.09,39.539,91.04934368598093,13026624075,2026-07-29 06:48:07.500134,29/07/26,6:48:7
39812,0.09,39.812,90.42499748819452,13026663887,2026-07-29 06:48:47.312134,29/07/26,6:48:47
39774,0.09,39.774,90.51138934982652,13026703661,2026-07-29 06:49:27.086134,29/07/26,6:49:27
40205,0.09,40.205,89.54110185300335,13026743866,2026-07-29 06:50:07.291134,29/07/26,6:50:7
40100,0.09,40.1,89.77556109725685,13026783966,2026-07-29 06:50:47.391134,29/07/26,6:50:47
40082,0.09,40.082,89.81587745122499,13026824048,2026-07-29 06:51:27.473134,29/07/26,6:51:27
40027,0.09,40.027,89.93929097858945,13026864075,2026-07-29 06:52:07.500134,29/07/26,6:52:7
39805,0.09,39.805,90.44089938449943,13026903880,2026-07-29 06:52:47.305134,29/07/26,6:52:47
39675,0.09,39.675,90.73724007561437,13026943555,2026-07-29 06:53:26.980134,29/07/26,6:53:26
39562,0.09,39.562,90.99641069713361,13026983117,2026-07-29 06:54:06.542134,29/07/26,6:54:6
40018,0.09,40.018,89.95951821680244,13027023135,2026-07-29 06:54:46.560134,29/07/26,6:54:46
39985,0.09,39.985,90.03376266099788,13027063120,2026-07-29 06:55:26.545134,29/07/26,6:55:26
40115,0.09,40.115,89.74199177365075,13027103235,2026-07-29 06:56:06.660134,29/07/26,6:56:6
40256,0.09,40.256,89.42766295707472,13027143491,2026-07-29 06:56:46.916134,29/07/26,6:56:46
40281,0.09,40.281,89.37216057198182,13027183772,2026-07-29 06:57:27.197134,29/07/26,6:57:27
39956,0.09,39.956,90.09910901992191,13027223728,2026-07-29 06:58:07.153134,29/07/26,6:58:7
40047,0.09,40.047,89.89437411042026,13027263775,2026-07-29 06:58:47.200134,29/07/26,6:58:47
40310,0.09,40.31,89.30786405358472,13027304085,2026-07-29 06:59:27.510134,29/07/26,6:59:27
40196,0.09,40.196,89.56115036322022,13027344281,2026-07-29 07:00:07.706134,29/07/26,7:0:7
40289,0.09,40.289,89.35441435627591,13027384570,2026-07-29 07:00:47.995134,29/07/26,7:0:47
38976,0.09,38.976,92.36453201970443,13027423546,2026-07-29 07:01:26.971134,29/07/26,7:1:26
38862,0.09,38.862,92.63547938860583,13027462408,2026-07-29 07:02:05.833134,29/07/26,7:2:5
39345,0.09,39.345,91.49828440716736,13027501753,2026-07-29 07:02:45.178134,29/07/26,7:2:45
38854,0.09,38.854,92.65455294178206,13027540607,2026-07-29 07:03:24.032134,29/07/26,7:3:24
39140,0.09,39.14,91.97751660705161,13027579747,2026-07-29 07:04:03.172134,29/07/26,7:4:3
39364,0.09,39.364,91.45412051620771,13027619111,2026-07-29 07:04:42.536134,29/07/26,7:4:42
39530,0.09,39.53,91.07007336200354,13027658641,2026-07-29 07:05:22.066134,29/07/26,7:5:22
39482,0.09,39.482,91.18079124664403,13027698123,2026-07-29 07:06:01.548134,29/07/26,7:6:1
39293,0.09,39.293,91.61937240729901,13027737416,2026-07-29 07:06:40.841134,29/07/26,7:6:40
39408,0.09,39.408,91.35200974421437,13027776824,2026-07-29 07:07:20.249134,29/07/26,7:7:20
39140,0.09,39.14,91.97751660705161,13027815964,2026-07-29 07:07:59.389134,29/07/26,7:7:59
39223,0.09,39.223,91.78288249241517,13027855187,2026-07-29 07:08:38.612134,29/07/26,7:8:38
27710,0.13,27.71,129.91699747383615,13027882897,2026-07-29 07:09:06.322134,29/07/26,7:9:6
20786,0.17,20.786,173.1934956220533,13027903683,2026-07-29 07:09:27.108134,29/07/26,7:9:27
20664,0.17,20.664,174.21602787456445,13027924347,2026-07-29 07:09:47.772134,29/07/26,7:9:47
20199,0.18,20.199,178.22664488341007,13027944546,2026-07-29 07:10:07.971134,29/07/26,7:10:7
20298,0.18,20.298,177.35737511084835,13027964844,2026-07-29 07:10:28.269134,29/07/26,7:10:28
20653,0.17,20.653,174.30881712099938,13027985497,2026-07-29 07:10:48.922134,29/07/26,7:10:48
20773,0.17,20.773,173.3018822509989,13028006270,2026-07-29 07:11:09.695134,29/07/26,7:11:9
20854,0.17,20.854,172.6287522777405,13028027124,2026-07-29 07:11:30.549134,29/07/26,7:11:30
20994,0.17,20.994,171.47756501857674,13028048118,2026-07-29 07:11:51.543134,29/07/26,7:11:51
21134,0.17,21.134,170.34162960158986,13028069252,2026-07-29 07:12:12.677134,29/07/26,7:12:12
21361,0.17,21.361,168.53143579420438,13028090613,2026-07-29 07:12:34.038134,29/07/26,7:12:34
21512,0.17,21.512,167.34845667534398,13028112125,2026-07-29 07:12:55.550134,29/07/26,7:12:55
21569,0.17,21.569,166.90620798368028,13028133694,2026-07-29 07:13:17.119134,29/07/26,7:13:17
21733,0.17,21.733,165.64671237288914,13028155427,2026-07-29 07:13:38.852134,29/07/26,7:13:38
21793,0.17,21.793,165.19065755058963,13028177220,2026-07-29 07:14:00.645134,29/07/26,7:14:0
21920,0.16,21.92,164.23357664233578,13028199140,2026-07-29 07:14:22.565134,29/07/26,7:14:22
21928,0.16,21.928,164.17365924844947,13028221068,2026-07-29 07:14:44.493134,29/07/26,7:14:44
22002,0.16,22.002,163.6214889555495,13028243070,2026-07-29 07:15:06.495134,29/07/26,7:15:6
22085,0.16,22.085,163.00656554222323,13028265155,2026-07-29 07:15:28.580134,29/07/26,7:15:28
22004,0.16,22.004,163.60661697873115,13028287159,2026-07-29 07:15:50.584134,29/07/26,7:15:50
22217,0.16,22.217,162.0380789485529,13028309376,2026-07-29 07:16:12.801134,29/07/26,7:16:12
22264,0.16,22.264,161.69601149838303,13028331640,2026-07-29 07:16:35.065134,29/07/26,7:16:35
29141,0.12,29.141,123.53728423870149,13028360781,2026-07-29 07:17:04.206134,29/07/26,7:17:4
39067,0.09,39.067,92.14938439091817,13028399848,2026-07-29 07:17:43.273134,29/07/26,7:17:43
39167,0.09,39.167,91.91411136926494,13028439015,2026-07-29 07:18:22.440134,29/07/26,7:18:22
37887,0.09,37.887,95.01939979412464,13028476902,2026-07-29 07:19:00.327134,29/07/26,7:19:0
37913,0.09,37.913,94.95423733284098,13028514815,2026-07-29 07:19:38.240134,29/07/26,7:19:38
37948,0.09,37.948,94.8666596395067,13028552763,2026-07-29 07:20:16.188134,29/07/26,7:20:16
37290,0.1,37.29,96.54062751407884,13028590053,2026-07-29 07:20:53.478134,29/07/26,7:20:53
37088,0.1,37.088,97.06643658326144,13028627141,2026-07-29 07:21:30.566134,29/07/26,7:21:30
37343,0.1,37.343,96.40360977961063,13028664484,2026-07-29 07:22:07.909134,29/07/26,7:22:7
37404,0.1,37.404,96.24639076034649,13028701888,2026-07-29 07:22:45.313134,29/07/26,7:22:45
37526,0.09,37.526,95.9334861162927,13028739414,2026-07-29 07:23:22.839134,29/07/26,7:23:22
37501,0.09,37.501,95.99744006826485,13028776915,2026-07-29 07:24:00.340134,29/07/26,7:24:0
37556,0.09,37.556,95.8568537650442,13028814471,2026-07-29 07:24:37.896134,29/07/26,7:24:37
37441,0.1,37.441,96.15127801073689,13028851912,2026-07-29 07:25:15.337134,29/07/26,7:25:15
37480,0.1,37.48,96.05122732123799,13028889392,2026-07-29 07:25:52.817134,29/07/26,7:25:52
37621,0.09,37.621,95.69123627761091,13028927013,2026-07-29 07:26:30.438134,29/07/26,7:26:30
37569,0.09,37.569,95.82368442066597,13028964582,2026-07-29 07:27:08.007134,29/07/26,7:27:8
37231,0.1,37.231,96.6936155354409,13029001813,2026-07-29 07:27:45.238134,29/07/26,7:27:45
37388,0.1,37.388,96.2875789023216,13029039201,2026-07-29 07:28:22.626134,29/07/26,7:28:22
37997,0.09,37.997,94.74432192015159,13029077198,2026-07-29 07:29:00.623134,29/07/26,7:29:0
38216,0.09,38.216,94.20138162026376,13029115414,2026-07-29 07:29:38.839134,29/07/26,7:29:38
38544,0.09,38.544,93.39975093399751,13029153958,2026-07-29 07:30:17.383134,29/07/26,7:30:17
39135,0.09,39.135,91.98926791874281,13029193093,2026-07-29 07:30:56.518134,29/07/26,7:30:56
39017,0.09,39.017,92.2674731527283,13029232110,2026-07-29 07:31:35.535134,29/07/26,7:31:35
39180,0.09,39.18,91.88361408882082,13029271290,2026-07-29 07:32:14.715134,29/07/26,7:32:14
39073,0.09,39.073,92.1352340490876,13029310363,2026-07-29 07:32:53.788134,29/07/26,7:32:53
38739,0.09,38.739,92.92960582358863,13029349102,2026-07-29 07:33:32.527134,29/07/26,7:33:32
38949,0.09,38.949,92.42856042517138,13029388051,2026-07-29 07:34:11.476134,29/07/26,7:34:11
39188,0.09,39.188,91.86485658875166,13029427239,2026-07-29 07:34:50.664134,29/07/26,7:34:50
40387,0.09,40.387,89.13759378017679,13029467626,2026-07-29 07:35:31.051134,29/07/26,7:35:31
40512,0.09,40.512,88.86255924170617,13029508138,2026-07-29 07:36:11.563134,29/07/26,7:36:11
40429,0.09,40.429,89.04499245591036,13029548567,2026-07-29 07:36:51.992134,29/07/26,7:36:51
40231,0.09,40.231,89.48323432179166,13029588798,2026-07-29 07:37:32.223134,29/07/26,7:37:32
40021,0.09,40.021,89.95277479323356,13029628819,2026-07-29 07:38:12.244134,29/07/26,7:38:12
38989,0.09,38.989,92.33373515606966,13029667808,2026-07-29 07:38:51.233134,29/07/26,7:38:51
39089,0.09,39.089,92.09752104172529,13029706897,2026-07-29 07:39:30.322134,29/07/26,7:39:30
39112,0.09,39.112,92.04336265084885,13029746009,2026-07-29 07:40:09.434134,29/07/26,7:40:9
38919,0.09,38.919,92.49980729206814,13029784928,2026-07-29 07:40:48.353134,29/07/26,7:40:48
38902,0.09,38.902,92.54022929412369,13029823830,2026-07-29 07:41:27.255134,29/07/26,7:41:27
39158,0.09,39.158,91.93523673323459,13029862988,2026-07-29 07:42:06.413134,29/07/26,7:42:6
39191,0.09,39.191,91.85782450052308,13029902179,2026-07-29 07:42:45.604134,29/07/26,7:42:45
38747,0.09,38.747,92.9104188711384,13029940926,2026-07-29 07:43:24.351134,29/07/26,7:43:24
38965,0.09,38.965,92.39060695495958,13029979891,2026-07-29 07:44:03.316134,29/07/26,7:44:3
38568,0.09,38.568,93.34163036714375,13030018459,2026-07-29 07:44:41.884134,29/07/26,7:44:41
38696,0.09,38.696,93.03287161463717,13030057155,2026-07-29 07:45:20.580134,29/07/26,7:45:20
38723,0.09,38.723,92.96800351212458,13030095878,2026-07-29 07:45:59.303134,29/07/26,7:45:59
38581,0.09,38.581,93.31017858531402,13030134459,2026-07-29 07:46:37.884134,29/07/26,7:46:37
38790,0.09,38.79,92.80742459396751,13030173249,2026-07-29 07:47:16.674134,29/07/26,7:47:16
38929,0.09,38.929,92.4760461352719,13030212178,2026-07-29 07:47:55.603134,29/07/26,7:47:55
38604,0.09,38.604,93.25458501709667,13030250782,2026-07-29 07:48:34.207134,29/07/26,7:48:34
31200,0.12,31.2,115.38461538461539,13030281982,2026-07-29 07:49:05.407134,29/07/26,7:49:5
20835,0.17,20.835,172.78617710583154,13030302817,2026-07-29 07:49:26.242134,29/07/26,7:49:26
20863,0.17,20.863,172.55428270143315,13030323680,2026-07-29 07:49:47.105134,29/07/26,7:49:47
20784,0.17,20.784,173.21016166281754,13030344464,2026-07-29 07:50:07.889134,29/07/26,7:50:7
20771,0.17,20.771,173.3185691589235,13030365235,2026-07-29 07:50:28.660134,29/07/26,7:50:28
21077,0.17,21.077,170.80229634198415,13030386312,2026-07-29 07:50:49.737134,29/07/26,7:50:49
21274,0.17,21.274,169.22064491868008,13030407586,2026-07-29 07:51:11.011134,29/07/26,7:51:11
21252,0.17,21.252,169.3958215697346,13030428838,2026-07-29 07:51:32.263134,29/07/26,7:51:32
21544,0.17,21.544,167.09988860007428,13030450382,2026-07-29 07:51:53.807134,29/07/26,7:51:53
21648,0.17,21.648,166.29711751662973,13030472030,2026-07-29 07:52:15.455134,29/07/26,7:52:15
21751,0.17,21.751,165.50963174106937,13030493781,2026-07-29 07:52:37.206134,29/07/26,7:52:37
21764,0.17,21.764,165.4107700790296,13030515545,2026-07-29 07:52:58.970134,29/07/26,7:52:58
21698,0.17,21.698,165.91390911604756,13030537243,2026-07-29 07:53:20.668134,29/07/26,7:53:20
21831,0.16,21.831,164.9031194173423,13030559074,2026-07-29 07:53:42.499134,29/07/26,7:53:42
21639,0.17,21.639,166.3662830999584,13030580713,2026-07-29 07:54:04.138134,29/07/26,7:54:4
21684,0.17,21.684,166.02102933038185,13030602397,2026-07-29 07:54:25.822134,29/07/26,7:54:25
21835,0.16,21.835,164.87291046485,13030624232,2026-07-29 07:54:47.657134,29/07/26,7:54:47
21790,0.17,21.79,165.21340064249657,13030646022,2026-07-29 07:55:09.447134,29/07/26,7:55:9
21900,0.16,21.9,164.3835616438356,13030667922,2026-07-29 07:55:31.347134,29/07/26,7:55:31
21950,0.16,21.95,164.00911161731207,13030689872,2026-07-29 07:55:53.297134,29/07/26,7:55:53
22048,0.16,22.048,163.2801161103048,13030711920,2026-07-29 07:56:15.345134,29/07/26,7:56:15
22056,0.16,22.056,163.2208922742111,13030733976,2026-07-29 07:56:37.401134,29/07/26,7:56:37
27237,0.13,27.237,132.17314682233726,13030761213,2026-07-29 07:57:04.638134,29/07/26,7:57:4
38694,0.09,38.694,93.03768026050551,13030799907,2026-07-29 07:57:43.332134,29/07/26,7:57:43
38472,0.09,38.472,93.57454772301934,13030838379,2026-07-29 07:58:21.804134,29/07/26,7:58:21
38717,0.09,38.717,92.98241082728518,13030877096,2026-07-29 07:59:00.521134,29/07/26,7:59:0
38940,0.09,38.94,92.44992295839754,13030916036,2026-07-29 07:59:39.461134,29/07/26,7:59:39
38870,0.09,38.87,92.6164136866478,13030954906,2026-07-29 08:00:18.331134,29/07/26,8:0:18
38710,0.09,38.71,92.99922500645827,13030993616,2026-07-29 08:00:57.041134,29/07/26,8:0:57
36695,0.1,36.695,98.10600899305082,13031030311,2026-07-29 08:01:33.736134,29/07/26,8:1:33
37195,0.1,37.195,96.78720258099207,13031067506,2026-07-29 08:02:10.931134,29/07/26,8:2:10
37536,0.09,37.536,95.9079283887468,13031105042,2026-07-29 08:02:48.467134,29/07/26,8:2:48
37457,0.1,37.457,96.1102063699709,13031142499,2026-07-29 08:03:25.924134,29/07/26,8:3:25
37839,0.09,37.839,95.13993498771109,13031180338,2026-07-29 08:04:03.763134,29/07/26,8:4:3
37893,0.09,37.893,95.00435436624178,13031218231,2026-07-29 08:04:41.656134,29/07/26,8:4:41
38084,0.09,38.084,94.52788572628926,13031256315,2026-07-29 08:05:19.740134,29/07/26,8:5:19
38960,0.09,38.96,92.40246406570841,13031295275,2026-07-29 08:05:58.700134,29/07/26,8:5:58
39179,0.09,39.179,91.88595931493913,13031334454,2026-07-29 08:06:37.879134,29/07/26,8:6:37
38949,0.09,38.949,92.42856042517138,13031373403,2026-07-29 08:07:16.828134,29/07/26,8:7:16
38453,0.09,38.453,93.62078381400671,13031411856,2026-07-29 08:07:55.281134,29/07/26,8:7:55
38509,0.09,38.509,93.4846399542964,13031450365,2026-07-29 08:08:33.790134,29/07/26,8:8:33
39006,0.09,39.006,92.29349330872174,13031489371,2026-07-29 08:09:12.796134,29/07/26,8:9:12
39157,0.09,39.157,91.93758459534693,13031528528,2026-07-29 08:09:51.953134,29/07/26,8:9:51
39259,0.09,39.259,91.69871876512391,13031567787,2026-07-29 08:10:31.212134,29/07/26,8:10:31
38890,0.09,38.89,92.56878374903575,13031606677,2026-07-29 08:11:10.102134,29/07/26,8:11:10
38983,0.09,38.983,92.34794654079984,13031645660,2026-07-29 08:11:49.085134,29/07/26,8:11:49
39643,0.09,39.643,90.81048356582498,13031685303,2026-07-29 08:12:28.728134,29/07/26,8:12:28
40063,0.09,40.063,89.85847290517435,13031725366,2026-07-29 08:13:08.791134,29/07/26,8:13:8
40187,0.09,40.187,89.58120785328589,13031765553,2026-07-29 08:13:48.978134,29/07/26,8:13:48
40138,0.09,40.138,89.69056754198017,13031805691,2026-07-29 08:14:29.116134,29/07/26,8:14:29
39849,0.09,39.849,90.34103741624634,13031845540,2026-07-29 08:15:08.965134,29/07/26,8:15:8
39891,0.09,39.891,90.24592013236068,13031885431,2026-07-29 08:15:48.856134,29/07/26,8:15:48
39972,0.09,39.972,90.06304413089163,13031925403,2026-07-29 08:16:28.828134,29/07/26,8:16:28
39901,0.09,39.901,90.22330267411844,13031965304,2026-07-29 08:17:08.729134,29/07/26,8:17:8
39230,0.09,39.23,91.76650522559265,13032004534,2026-07-29 08:17:47.959134,29/07/26,8:17:47
39542,0.09,39.542,91.0424358909514,13032044076,2026-07-29 08:18:27.501134,29/07/26,8:18:27
40001,0.09,40.001,89.99775005624859,13032084077,2026-07-29 08:19:07.502134,29/07/26,8:19:7
39993,0.09,39.993,90.01575275673243,13032124070,2026-07-29 08:19:47.495134,29/07/26,8:19:47
39999,0.09,39.999,90.00225005625141,13032164069,2026-07-29 08:20:27.494134,29/07/26,8:20:27
39269,0.09,39.269,91.67536733810385,13032203338,2026-07-29 08:21:06.763134,29/07/26,8:21:6
38890,0.09,38.89,92.56878374903575,13032242228,2026-07-29 08:21:45.653134,29/07/26,8:21:45
38931,0.09,38.931,92.47129536872929,13032281159,2026-07-29 08:22:24.584134,29/07/26,8:22:24
39488,0.09,39.488,91.16693679092383,13032320647,2026-07-29 08:23:04.072134,29/07/26,8:23:4
38963,0.09,38.963,92.39534943407848,13032359610,2026-07-29 08:23:43.035134,29/07/26,8:23:43
39036,0.09,39.036,92.22256378727329,13032398646,2026-07-29 08:24:22.071134,29/07/26,8:24:22
39160,0.09,39.16,91.93054136874362,13032437806,2026-07-29 08:25:01.231134,29/07/26,8:25:1
38698,0.09,38.698,93.02806346581218,13032476504,2026-07-29 08:25:39.929134,29/07/26,8:25:39
39109,0.09,39.109,92.05042317625099,13032515613,2026-07-29 08:26:19.038134,29/07/26,8:26:19
39263,0.09,39.263,91.68937676693069,13032554876,2026-07-29 08:26:58.301134,29/07/26,8:26:58
39359,0.09,39.359,91.4657384588023,13032594235,2026-07-29 08:27:37.660134,29/07/26,8:27:37
39210,0.09,39.21,91.8133129303749,13032633445,2026-07-29 08:28:16.870134,29/07/26,8:28:16
32658,0.11,32.658,110.2333272092596,13032666103,2026-07-29 08:28:49.528134,29/07/26,8:28:49
21012,0.17,21.012,171.33066818960594,13032687115,2026-07-29 08:29:10.540134,29/07/26,8:29:10
20846,0.17,20.846,172.695001439125,13032707961,2026-07-29 08:29:31.386134,29/07/26,8:29:31
20812,0.17,20.812,172.9771285796656,13032728773,2026-07-29 08:29:52.198134,29/07/26,8:29:52
20976,0.17,20.976,171.62471395881008,13032749749,2026-07-29 08:30:13.174134,29/07/26,8:30:13
21163,0.17,21.163,170.10820772102255,13032770912,2026-07-29 08:30:34.337134,29/07/26,8:30:34
21364,0.17,21.364,168.50777008050926,13032792276,2026-07-29 08:30:55.701134,29/07/26,8:30:55
21456,0.17,21.456,167.78523489932886,13032813732,2026-07-29 08:31:17.157134,29/07/26,8:31:17
21637,0.17,21.637,166.38166104358274,13032835369,2026-07-29 08:31:38.794134,29/07/26,8:31:38
21751,0.17,21.751,165.50963174106937,13032857120,2026-07-29 08:32:00.545134,29/07/26,8:32:0
21868,0.16,21.868,164.62410828608012,13032878988,2026-07-29 08:32:22.413134,29/07/26,8:32:22
21941,0.16,21.941,164.07638667335127,13032900929,2026-07-29 08:32:44.354134,29/07/26,8:32:44
22077,0.16,22.077,163.06563391765187,13032923006,2026-07-29 08:33:06.431134,29/07/26,8:33:6
22138,0.16,22.138,162.6163158370223,13032945144,2026-07-29 08:33:28.569134,29/07/26,8:33:28
22142,0.16,22.142,162.58693884924577,13032967286,2026-07-29 08:33:50.711134,29/07/26,8:33:50
22248,0.16,22.248,161.81229773462783,13032989534,2026-07-29 08:34:12.959134,29/07/26,8:34:12
21998,0.16,21.998,163.6512410219111,13033011532,2026-07-29 08:34:34.957134,29/07/26,8:34:34
22274,0.16,22.274,161.62341743737093,13033033806,2026-07-29 08:34:57.231134,29/07/26,8:34:57
22445,0.16,22.445,160.39206950323012,13033056251,2026-07-29 08:35:19.676134,29/07/26,8:35:19
22575,0.16,22.575,159.468438538206,13033078826,2026-07-29 08:35:42.251134,29/07/26,8:35:42
22484,0.16,22.484,160.11385874399573,13033101310,2026-07-29 08:36:04.735134,29/07/26,8:36:4
22550,0.16,22.55,159.64523281596453,13033123860,2026-07-29 08:36:27.285134,29/07/26,8:36:27
31523,0.11,31.523,114.2023284585858,13033155383,2026-07-29 08:36:58.808134,29/07/26,8:36:58
40192,0.09,40.192,89.57006369426752,13033195575,2026-07-29 08:37:39.000134,29/07/26,8:37:39
40182,0.09,40.182,89.59235478572495,13033235757,2026-07-29 08:38:19.182134,29/07/26,8:38:19
40198,0.09,40.198,89.55669436290363,13033275955,2026-07-29 08:38:59.380134,29/07/26,8:38:59
40037,0.09,40.037,89.91682693508504,13033315992,2026-07-29 08:39:39.417134,29/07/26,8:39:39
40084,0.09,40.084,89.81139606825666,13033356076,2026-07-29 08:40:19.501134,29/07/26,8:40:19
39921,0.09,39.921,90.17810175095815,13033395997,2026-07-29 08:40:59.422134,29/07/26,8:40:59
40107,0.09,40.107,89.75989228812925,13033436104,2026-07-29 08:41:39.529134,29/07/26,8:41:39
40047,0.09,40.047,89.89437411042026,13033476151,2026-07-29 08:42:19.576134,29/07/26,8:42:19
40228,0.09,40.228,89.48990752709555,13033516379,2026-07-29 08:42:59.804134,29/07/26,8:42:59
40114,0.09,40.114,89.74422894749962,13033556493,2026-07-29 08:43:39.918134,29/07/26,8:43:39
40075,0.09,40.075,89.83156581409857,13033596568,2026-07-29 08:44:19.993134,29/07/26,8:44:19
40121,0.09,40.121,89.72857107250567,13033636689,2026-07-29 08:45:00.114134,29/07/26,8:45:0
40213,0.09,40.213,89.52328848879715,13033676902,2026-07-29 08:45:40.327134,29/07/26,8:45:40
40174,0.09,40.174,89.61019564892716,13033717076,2026-07-29 08:46:20.501134,29/07/26,8:46:20
40236,0.09,40.236,89.47211452430659,13033757312,2026-07-29 08:47:00.737134,29/07/26,8:47:0
40319,0.09,40.319,89.28792876807461,13033797631,2026-07-29 08:47:41.056134,29/07/26,8:47:41
40086,0.09,40.086,89.8069151324652,13033837717,2026-07-29 08:48:21.142134,29/07/26,8:48:21
39930,0.09,39.93,90.15777610818932,13033877647,2026-07-29 08:49:01.072134,29/07/26,8:49:1
40152,0.09,40.152,89.65929468021518,13033917799,2026-07-29 08:49:41.224134,29/07/26,8:49:41
40303,0.09,40.303,89.32337543110934,13033958102,2026-07-29 08:50:21.527134,29/07/26,8:50:21
40303,0.09,40.303,89.32337543110934,13033998405,2026-07-29 08:51:01.830134,29/07/26,8:51:1
40224,0.09,40.224,89.49880668257757,13034038629,2026-07-29 08:51:42.054134,29/07/26,8:51:42
40406,0.09,40.406,89.09567885957532,13034079035,2026-07-29 08:52:22.460134,29/07/26,8:52:22
40037,0.09,40.037,89.91682693508504,13034119072,2026-07-29 08:53:02.497134,29/07/26,8:53:2
39793,0.09,39.793,90.46817279421003,13034158865,2026-07-29 08:53:42.290134,29/07/26,8:53:42
40120,0.09,40.12,89.7308075772682,13034198985,2026-07-29 08:54:22.410134,29/07/26,8:54:22
40416,0.09,40.416,89.07363420427554,13034239401,2026-07-29 08:55:02.826134,29/07/26,8:55:2
40458,0.09,40.458,88.98116565327005,13034279859,2026-07-29 08:55:43.284134,29/07/26,8:55:43
40289,0.09,40.289,89.35441435627591,13034320148,2026-07-29 08:56:23.573134,29/07/26,8:56:23
40320,0.09,40.32,89.28571428571429,13034360468,2026-07-29 08:57:03.893134,29/07/26,8:57:3
40019,0.09,40.019,89.95727029660911,13034400487,2026-07-29 08:57:43.912134,29/07/26,8:57:43
39982,0.09,39.982,90.04051823320495,13034440469,2026-07-29 08:58:23.894134,29/07/26,8:58:23
40050,0.09,40.05,89.88764044943821,13034480519,2026-07-29 08:59:03.944134,29/07/26,8:59:3
40283,0.09,40.283,89.36772335724747,13034520802,2026-07-29 08:59:44.227134,29/07/26,8:59:44
40394,0.09,40.394,89.12214685349309,13034561196,2026-07-29 09:00:24.621134,29/07/26,9:0:24
39611,0.09,39.611,90.88384539648078,13034600807,2026-07-29 09:01:04.232134,29/07/26,9:1:4
38362,0.09,38.362,93.84286533548824,13034639169,2026-07-29 09:01:42.594134,29/07/26,9:1:42
39424,0.09,39.424,91.31493506493507,13034678593,2026-07-29 09:02:22.018134,29/07/26,9:2:22
39004,0.09,39.004,92.2982258229925,13034717597,2026-07-29 09:03:01.022134,29/07/26,9:3:1
38914,0.09,38.914,92.51169245001799,13034756511,2026-07-29 09:03:39.936134,29/07/26,9:3:39
39145,0.09,39.145,91.96576829735598,13034795656,2026-07-29 09:04:19.081134,29/07/26,9:4:19
39196,0.09,39.196,91.84610674558628,13034834852,2026-07-29 09:04:58.277134,29/07/26,9:4:58
39360,0.09,39.36,91.46341463414635,13034874212,2026-07-29 09:05:37.637134,29/07/26,9:5:37
39367,0.09,39.367,91.44715116722128,13034913579,2026-07-29 09:06:17.004134,29/07/26,9:6:17
39229,0.09,39.229,91.76884447729995,13034952808,2026-07-29 09:06:56.233134,29/07/26,9:6:56
39134,0.09,39.134,91.99161854142179,13034991942,2026-07-29 09:07:35.367134,29/07/26,9:7:35
39106,0.09,39.106,92.05748478494348,13035031048,2026-07-29 09:08:14.473134,29/07/26,9:8:14
23974,0.15,23.974,150.1626762325853,13035055022,2026-07-29 09:08:38.447134,29/07/26,9:8:38
20745,0.17,20.745,173.53579175704988,13035075767,2026-07-29 09:08:59.192134,29/07/26,9:8:59
20633,0.17,20.633,174.47777831628943,13035096400,2026-07-29 09:09:19.825134,29/07/26,9:9:19
20691,0.17,20.691,173.9886907351022,13035117091,2026-07-29 09:09:40.516134,29/07/26,9:9:40
20821,0.17,20.821,172.90235819605206,13035137912,2026-07-29 09:10:01.337134,29/07/26,9:10:1
21128,0.17,21.128,170.39000378644454,13035159040,2026-07-29 09:10:22.465134,29/07/26,9:10:22
21260,0.17,21.26,169.33207902163687,13035180300,2026-07-29 09:10:43.725134,29/07/26,9:10:43
21398,0.17,21.398,168.240022432003,13035201698,2026-07-29 09:11:05.123134,29/07/26,9:11:5
21518,0.17,21.518,167.3017938470118,13035223216,2026-07-29 09:11:26.641134,29/07/26,9:11:26
21621,0.17,21.621,166.50478701262662,13035244837,2026-07-29 09:11:48.262134,29/07/26,9:11:48
21618,0.17,21.618,166.5278934221482,13035266455,2026-07-29 09:12:09.880134,29/07/26,9:12:9
21902,0.16,21.902,164.36855081727697,13035288357,2026-07-29 09:12:31.782134,29/07/26,9:12:31
21946,0.16,21.946,164.03900483003736,13035310303,2026-07-29 09:12:53.728134,29/07/26,9:12:53
21951,0.16,21.951,164.00164001640016,13035332254,2026-07-29 09:13:15.679134,29/07/26,9:13:15
22199,0.16,22.199,162.1694670931123,13035354453,2026-07-29 09:13:37.878134,29/07/26,9:13:37
22307,0.16,22.307,161.38431882368764,13035376760,2026-07-29 09:14:00.185134,29/07/26,9:14:0
22425,0.16,22.425,160.5351170568562,13035399185,2026-07-29 09:14:22.610134,29/07/26,9:14:22
22450,0.16,22.45,160.35634743875278,13035421635,2026-07-29 09:14:45.060134,29/07/26,9:14:45
22625,0.16,22.625,159.11602209944752,13035444260,2026-07-29 09:15:07.685134,29/07/26,9:15:7
22694,0.16,22.694,158.6322375958403,13035466954,2026-07-29 09:15:30.379134,29/07/26,9:15:30
22870,0.16,22.87,157.41145605596853,13035489824,2026-07-29 09:15:53.249134,29/07/26,9:15:53
40336,0.09,40.336,89.25029750099166,13035530160,2026-07-29 09:16:33.585134,29/07/26,9:16:33
40374,0.09,40.374,89.16629514043692,13035570534,2026-07-29 09:17:13.959134,29/07/26,9:17:13
40447,0.09,40.447,89.00536504561525,13035610981,2026-07-29 09:17:54.406134,29/07/26,9:17:54
40401,0.09,40.401,89.10670527957228,13035651382,2026-07-29 09:18:34.807134,29/07/26,9:18:34
40488,0.09,40.488,88.91523414344991,13035691870,2026-07-29 09:19:15.295134,29/07/26,9:19:15
39291,0.09,39.291,91.62403603878751,13035731161,2026-07-29 09:19:54.586134,29/07/26,9:19:54
38969,0.09,38.969,92.38112345710694,13035770130,2026-07-29 09:20:33.555134,29/07/26,9:20:33
38583,0.09,38.583,93.30534173081409,13035808713,2026-07-29 09:21:12.138134,29/07/26,9:21:12
38525,0.09,38.525,93.44581440622972,13035847238,2026-07-29 09:21:50.663134,29/07/26,9:21:50
38522,0.09,38.522,93.45309173978505,13035885760,2026-07-29 09:22:29.185134,29/07/26,9:22:29
38651,0.09,38.651,93.141186515226,13035924411,2026-07-29 09:23:07.836134,29/07/26,9:23:7
38928,0.09,38.928,92.47842170160295,13035963339,2026-07-29 09:23:46.764134,29/07/26,9:23:46
38817,0.09,38.817,92.74287039183862,13036002156,2026-07-29 09:24:25.581134,29/07/26,9:24:25
38640,0.09,38.64,93.16770186335404,13036040796,2026-07-29 09:25:04.221134,29/07/26,9:25:4
38727,0.09,38.727,92.95840111550082,13036079523,2026-07-29 09:25:42.948134,29/07/26,9:25:42
38940,0.09,38.94,92.44992295839754,13036118463,2026-07-29 09:26:21.888134,29/07/26,9:26:21
38772,0.09,38.772,92.85051067780873,13036157235,2026-07-29 09:27:00.660134,29/07/26,9:27:0
38584,0.09,38.584,93.30292349160274,13036195819,2026-07-29 09:27:39.244134,29/07/26,9:27:39
38041,0.09,38.041,94.63473620567282,13036233860,2026-07-29 09:28:17.285134,29/07/26,9:28:17
38862,0.09,38.862,92.63547938860583,13036272722,2026-07-29 09:28:56.147134,29/07/26,9:28:56
38763,0.09,38.763,92.87206872533086,13036311485,2026-07-29 09:29:34.910134,29/07/26,9:29:34
39284,0.09,39.284,91.64036248854495,13036350769,2026-07-29 09:30:14.194134,29/07/26,9:30:14
39346,0.09,39.346,91.49595892848066,13036390115,2026-07-29 09:30:53.540134,29/07/26,9:30:53
40141,0.09,40.141,89.68386437806731,13036430256,2026-07-29 09:31:33.681134,29/07/26,9:31:33
39678,0.09,39.678,90.73037955542114,13036469934,2026-07-29 09:32:13.359134,29/07/26,9:32:13
39979,0.09,39.979,90.04727481928012,13036509913,2026-07-29 09:32:53.338134,29/07/26,9:32:53
40023,0.09,40.023,89.94827973915,13036549936,2026-07-29 09:33:33.361134,29/07/26,9:33:33
40301,0.09,40.301,89.32780824297164,13036590237,2026-07-29 09:34:13.662134,29/07/26,9:34:13
40435,0.09,40.435,89.03177939903549,13036630672,2026-07-29 09:34:54.097134,29/07/26,9:34:54
40222,0.09,40.222,89.50325692407141,13036670894,2026-07-29 09:35:34.319134,29/07/26,9:35:34
39335,0.09,39.335,91.52154569721623,13036710229,2026-07-29 09:36:13.654134,29/07/26,9:36:13
39283,0.09,39.283,91.64269531349439,13036749512,2026-07-29 09:36:52.937134,29/07/26,9:36:52
39259,0.09,39.259,91.69871876512391,13036788771,2026-07-29 09:37:32.196134,29/07/26,9:37:32
39597,0.09,39.597,90.91597848321842,13036828368,2026-07-29 09:38:11.793134,29/07/26,9:38:11
39590,0.09,39.59,90.93205354887598,13036867958,2026-07-29 09:38:51.383134,29/07/26,9:38:51
39673,0.09,39.673,90.74181433216545,13036907631,2026-07-29 09:39:31.056134,29/07/26,9:39:31
39466,0.09,39.466,91.21775705670704,13036947097,2026-07-29 09:40:10.522134,29/07/26,9:40:10
39092,0.09,39.092,92.09045328967564,13036986189,2026-07-29 09:40:49.614134,29/07/26,9:40:49
39286,0.09,39.286,91.63569719492949,13037025475,2026-07-29 09:41:28.900134,29/07/26,9:41:28
39498,0.09,39.498,91.14385538508279,13037064973,2026-07-29 09:42:08.398134,29/07/26,9:42:8
39447,0.09,39.447,91.26169290440338,13037104420,2026-07-29 09:42:47.845134,29/07/26,9:42:47
39548,0.09,39.548,91.02862344492769,13037143968,2026-07-29 09:43:27.393134,29/07/26,9:43:27
39555,0.09,39.555,91.01251422070534,13037183523,2026-07-29 09:44:06.948134,29/07/26,9:44:6
39607,0.09,39.607,90.89302396041104,13037223130,2026-07-29 09:44:46.555134,29/07/26,9:44:46
39548,0.09,39.548,91.02862344492769,13037262678,2026-07-29 09:45:26.103134,29/07/26,9:45:26
39370,0.09,39.37,91.44018288036575,13037302048,2026-07-29 09:46:05.473134,29/07/26,9:46:5
39763,0.09,39.763,90.53642833790207,13037341811,2026-07-29 09:46:45.236134,29/07/26,9:46:45
40604,0.09,40.604,88.66121564377893,13037382415,2026-07-29 09:47:25.840134,29/07/26,9:47:25
32023,0.11,32.023,112.4191987009337,13037414438,2026-07-29 09:47:57.863134,29/07/26,9:47:57
21230,0.17,21.23,169.57136128120584,13037435668,2026-07-29 09:48:19.093134,29/07/26,9:48:19
20995,0.17,20.995,171.46939747558943,13037456663,2026-07-29 09:48:40.088134,29/07/26,9:48:40
20984,0.17,20.984,171.5592832634388,13037477647,2026-07-29 09:49:01.072134,29/07/26,9:49:1
21091,0.17,21.091,170.68891944431275,13037498738,2026-07-29 09:49:22.163134,29/07/26,9:49:22
21296,0.17,21.296,169.045830202855,13037520034,2026-07-29 09:49:43.459134,29/07/26,9:49:43
21560,0.17,21.56,166.97588126159556,13037541594,2026-07-29 09:50:05.019134,29/07/26,9:50:5
21637,0.17,21.637,166.38166104358274,13037563231,2026-07-29 09:50:26.656134,29/07/26,9:50:26
21728,0.17,21.728,165.68483063328424,13037584959,2026-07-29 09:50:48.384134,29/07/26,9:50:48
21927,0.16,21.927,164.18114653167328,13037606886,2026-07-29 09:51:10.311134,29/07/26,9:51:10
21932,0.16,21.932,164.14371694327923,13037628818,2026-07-29 09:51:32.243134,29/07/26,9:51:32
21993,0.16,21.993,163.6884463238303,13037650811,2026-07-29 09:51:54.236134,29/07/26,9:51:54
21956,0.16,21.956,163.96429222080525,13037672767,2026-07-29 09:52:16.192134,29/07/26,9:52:16
22141,0.16,22.141,162.59428210107944,13037694908,2026-07-29 09:52:38.333134,29/07/26,9:52:38
22296,0.16,22.296,161.46393972012916,13037717204,2026-07-29 09:53:00.629134,29/07/26,9:53:0
22381,0.16,22.381,160.85072159420938,13037739585,2026-07-29 09:53:23.010134,29/07/26,9:53:23
22522,0.16,22.522,159.84370837403426,13037762107,2026-07-29 09:53:45.532134,29/07/26,9:53:45
22459,0.16,22.459,160.29208780444364,13037784566,2026-07-29 09:54:07.991134,29/07/26,9:54:7
22498,0.16,22.498,160.01422348653213,13037807064,2026-07-29 09:54:30.489134,29/07/26,9:54:30
22531,0.16,22.531,159.77985886112467,13037829595,2026-07-29 09:54:53.020134,29/07/26,9:54:53
22575,0.16,22.575,159.468438538206,13037852170,2026-07-29 09:55:15.595134,29/07/26,9:55:15
22639,0.16,22.639,159.01762445337692,13037874809,2026-07-29 09:55:38.234134,29/07/26,9:55:38
37209,0.1,37.209,96.75078610013706,13037912018,2026-07-29 09:56:15.443134,29/07/26,9:56:15
40311,0.09,40.311,89.30564858227282,13037952329,2026-07-29 09:56:55.754134,29/07/26,9:56:55
40420,0.09,40.42,89.06481939633845,13037992749,2026-07-29 09:57:36.174134,29/07/26,9:57:36
40153,0.09,40.153,89.65706173884891,13038032902,2026-07-29 09:58:16.327134,29/07/26,9:58:16
40360,0.09,40.36,89.197224975223,13038073262,2026-07-29 09:58:56.687134,29/07/26,9:58:56
40370,0.09,40.37,89.17513004706466,13038113632,2026-07-29 09:59:37.057134,29/07/26,9:59:37
39640,0.09,39.64,90.81735620585268,13038153272,2026-07-29 10:00:16.697134,29/07/26,10:0:16
38684,0.09,38.684,93.06173094819563,13038191956,2026-07-29 10:00:55.381134,29/07/26,10:0:55
38474,0.09,38.474,93.56968342257109,13038230430,2026-07-29 10:01:33.855134,29/07/26,10:1:33
38699,0.09,38.699,93.02565957776687,13038269129,2026-07-29 10:02:12.554134,29/07/26,10:2:12
39032,0.09,39.032,92.23201475712236,13038308161,2026-07-29 10:02:51.586134,29/07/26,10:2:51
39269,0.09,39.269,91.67536733810385,13038347430,2026-07-29 10:03:30.855134,29/07/26,10:3:30
39695,0.09,39.695,90.69152286182138,13038387125,2026-07-29 10:04:10.550134,29/07/26,10:4:10
39411,0.09,39.411,91.34505594884676,13038426536,2026-07-29 10:04:49.961134,29/07/26,10:4:49
39332,0.09,39.332,91.5285263907251,13038465868,2026-07-29 10:05:29.293134,29/07/26,10:5:29
38544,0.09,38.544,93.39975093399751,13038504412,2026-07-29 10:06:07.837134,29/07/26,10:6:7
38138,0.09,38.138,94.39404268708375,13038542550,2026-07-29 10:06:45.975134,29/07/26,10:6:45
38006,0.09,38.006,94.72188601799716,13038580556,2026-07-29 10:07:23.981134,29/07/26,10:7:23
38074,0.09,38.074,94.5527131375742,13038618630,2026-07-29 10:08:02.055134,29/07/26,10:8:2
38562,0.09,38.562,93.35615372646647,13038657192,2026-07-29 10:08:40.617134,29/07/26,10:8:40
38458,0.09,38.458,93.6086119923033,13038695650,2026-07-29 10:09:19.075134,29/07/26,10:9:19
38236,0.09,38.236,94.1521079610838,13038733886,2026-07-29 10:09:57.311134,29/07/26,10:9:57
38388,0.09,38.388,93.77930603313536,13038772274,2026-07-29 10:10:35.699134,29/07/26,10:10:35
39432,0.09,39.432,91.29640900791236,13038811706,2026-07-29 10:11:15.131134,29/07/26,10:11:15
40248,0.09,40.248,89.44543828264759,13038851954,2026-07-29 10:11:55.379134,29/07/26,10:11:55
39934,0.09,39.934,90.14874542995943,13038891888,2026-07-29 10:12:35.313134,29/07/26,10:12:35
39979,0.09,39.979,90.04727481928012,13038931867,2026-07-29 10:13:15.292134,29/07/26,10:13:15
40028,0.09,40.028,89.9370440691516,13038971895,2026-07-29 10:13:55.320134,29/07/26,10:13:55
39118,0.09,39.118,92.02924484891865,13039011013,2026-07-29 10:14:34.438134,29/07/26,10:14:34
38809,0.09,38.809,92.76198819861372,13039049822,2026-07-29 10:15:13.247134,29/07/26,10:15:13
38715,0.09,38.715,92.98721425803951,13039088537,2026-07-29 10:15:51.962134,29/07/26,10:15:51
38955,0.09,38.955,92.41432422025414,13039127492,2026-07-29 10:16:30.917134,29/07/26,10:16:30
38562,0.09,38.562,93.35615372646647,13039166054,2026-07-29 10:17:09.479134,29/07/26,10:17:9
38821,0.09,38.821,92.73331444321373,13039204875,2026-07-29 10:17:48.300134,29/07/26,10:17:48
27072,0.13,27.072,132.9787234042553,13039231947,2026-07-29 10:18:15.372134,29/07/26,10:18:15
38951,0.09,38.951,92.42381453621216,13039270898,2026-07-29 10:18:54.323134,29/07/26,10:18:54
38991,0.09,38.991,92.32899899976918,13039309889,2026-07-29 10:19:33.314134,29/07/26,10:19:33
39039,0.09,39.039,92.21547683086145,13039348928,2026-07-29 10:20:12.353134,29/07/26,10:20:12
38706,0.09,38.706,93.00883583940474,13039387634,2026-07-29 10:20:51.059134,29/07/26,10:20:51
38255,0.09,38.255,94.1053457064436,13039425889,2026-07-29 10:21:29.314134,29/07/26,10:21:29
38569,0.09,38.569,93.33921024657108,13039464458,2026-07-29 10:22:07.883134,29/07/26,10:22:7
38474,0.09,38.474,93.56968342257109,13039502932,2026-07-29 10:22:46.357134,29/07/26,10:22:46
38230,0.09,38.23,94.16688464556631,13039541162,2026-07-29 10:23:24.587134,29/07/26,10:23:24
36566,0.1,36.566,98.45211398566975,13039577728,2026-07-29 10:24:01.153134,29/07/26,10:24:1
10573,0.34,10.573,340.4899271729878,13039588301,2026-07-29 10:24:11.726134,29/07/26,10:24:11
1547,2.33,1.547,2327.0846800258564,13039589848,2026-07-29 10:24:13.273134,29/07/26,10:24:13
1552,2.32,1.552,2319.5876288659792,13039591400,2026-07-29 10:24:14.825134,29/07/26,10:24:14
1558,2.31,1.558,2310.6546854942235,13039592958,2026-07-29 10:24:16.383134,29/07/26,10:24:16
1558,2.31,1.558,2310.6546854942235,13039594516,2026-07-29 10:24:17.941134,29/07/26,10:24:17
1558,2.31,1.558,2310.6546854942235,13039596074,2026-07-29 10:24:19.499134,29/07/26,10:24:19
1552,2.32,1.552,2319.5876288659792,13039597626,2026-07-29 10:24:21.051134,29/07/26,10:24:21
1554,2.32,1.554,2316.6023166023165,13039599180,2026-07-29 10:24:22.605134,29/07/26,10:24:22
1560,2.31,1.56,2307.6923076923076,13039600740,2026-07-29 10:24:24.165134,29/07/26,10:24:24
1560,2.31,1.56,2307.6923076923076,13039602300,2026-07-29 10:24:25.725134,29/07/26,10:24:25
1564,2.3,1.564,2301.7902813299233,13039603864,2026-07-29 10:24:27.289134,29/07/26,10:24:27
1561,2.31,1.561,2306.2139654067905,13039605425,2026-07-29 10:24:28.850134,29/07/26,10:24:28
1565,2.3,1.565,2300.3194888178914,13039606990,2026-07-29 10:24:30.415134,29/07/26,10:24:30
1568,2.3,1.568,2295.918367346939,13039608558,2026-07-29 10:24:31.983134,29/07/26,10:24:31
1567,2.3,1.567,2297.383535417996,13039610125,2026-07-29 10:24:33.550134,29/07/26,10:24:33
1571,2.29,1.571,2291.5340547422024,13039611696,2026-07-29 10:24:35.121134,29/07/26,10:24:35
1567,2.3,1.567,2297.383535417996,13039613263,2026-07-29 10:24:36.688134,29/07/26,10:24:36
1568,2.3,1.568,2295.918367346939,13039614831,2026-07-29 10:24:38.256134,29/07/26,10:24:38
1568,2.3,1.568,2295.918367346939,13039616399,2026-07-29 10:24:39.824134,29/07/26,10:24:39
1567,2.3,1.567,2297.383535417996,13039617966,2026-07-29 10:24:41.391134,29/07/26,10:24:41
1566,2.3,1.566,2298.8505747126437,13039619532,2026-07-29 10:24:42.957134,29/07/26,10:24:42
1570,2.29,1.57,2292.9936305732485,13039621102,2026-07-29 10:24:44.527134,29/07/26,10:24:44
1574,2.29,1.574,2287.166454891995,13039622676,2026-07-29 10:24:46.101134,29/07/26,10:24:46
1576,2.28,1.576,2284.263959390863,13039624252,2026-07-29 10:24:47.677134,29/07/26,10:24:47
1570,2.29,1.57,2292.9936305732485,13039625822,2026-07-29 10:24:49.247134,29/07/26,10:24:49
1574,2.29,1.574,2287.166454891995,13039627396,2026-07-29 10:24:50.821134,29/07/26,10:24:50
1570,2.29,1.57,2292.9936305732485,13039628966,2026-07-29 10:24:52.391134,29/07/26,10:24:52
1573,2.29,1.573,2288.6204704386523,13039630539,2026-07-29 10:24:53.964134,29/07/26,10:24:53
1571,2.29,1.571,2291.5340547422024,13039632110,2026-07-29 10:24:55.535134,29/07/26,10:24:55
1576,2.28,1.576,2284.263959390863,13039633686,2026-07-29 10:24:57.111134,29/07/26,10:24:57
1569,2.29,1.569,2294.455066921606,13039635255,2026-07-29 10:24:58.680134,29/07/26,10:24:58
1572,2.29,1.572,2290.0763358778627,13039636827,2026-07-29 10:25:00.252134,29/07/26,10:25:0
1569,2.29,1.569,2294.455066921606,13039638396,2026-07-29 10:25:01.821134,29/07/26,10:25:1
1571,2.29,1.571,2291.5340547422024,13039639967,2026-07-29 10:25:03.392134,29/07/26,10:25:3
1572,2.29,1.572,2290.0763358778627,13039641539,2026-07-29 10:25:04.964134,29/07/26,10:25:4
1570,2.29,1.57,2292.9936305732485,13039643109,2026-07-29 10:25:06.534134,29/07/26,10:25:6
1569,2.29,1.569,2294.455066921606,13039644678,2026-07-29 10:25:08.103134,29/07/26,10:25:8
1572,2.29,1.572,2290.0763358778627,13039646250,2026-07-29 10:25:09.675134,29/07/26,10:25:9
1572,2.29,1.572,2290.0763358778627,13039647822,2026-07-29 10:25:11.247134,29/07/26,10:25:11
1571,2.29,1.571,2291.5340547422024,13039649393,2026-07-29 10:25:12.818134,29/07/26,10:25:12
1573,2.29,1.573,2288.6204704386523,13039650966,2026-07-29 10:25:14.391134,29/07/26,10:25:14
1569,2.29,1.569,2294.455066921606,13039652535,2026-07-29 10:25:15.960134,29/07/26,10:25:15
1576,2.28,1.576,2284.263959390863,13039654111,2026-07-29 10:25:17.536134,29/07/26,10:25:17
1568,2.3,1.568,2295.918367346939,13039655679,2026-07-29 10:25:19.104134,29/07/26,10:25:19
1577,2.28,1.577,2282.81547241598,13039657256,2026-07-29 10:25:20.681134,29/07/26,10:25:20
1570,2.29,1.57,2292.9936305732485,13039658826,2026-07-29 10:25:22.251134,29/07/26,10:25:22
2031,1.77,2.031,1772.5258493353028,13039660857,2026-07-29 10:25:24.282134,29/07/26,10:25:24
25613,0.14,25.613,140.5536251122477,13039686470,2026-07-29 10:25:49.895134,29/07/26,10:25:49
27064,0.13,27.064,133.01803133313626,13039713534,2026-07-29 10:26:16.959134,29/07/26,10:26:16
27059,0.13,27.059,133.04261059167004,13039740593,2026-07-29 10:26:44.018134,29/07/26,10:26:44
27053,0.13,27.053,133.0721176948952,13039767646,2026-07-29 10:27:11.071134,29/07/26,10:27:11
21822,0.16,21.822,164.97113005224085,13039789468,2026-07-29 10:27:32.893134,29/07/26,10:27:32
16712,0.22,16.712,215.414073719483,13039806180,2026-07-29 10:27:49.605134,29/07/26,10:27:49
16588,0.22,16.588,217.02435495538944,13039822768,2026-07-29 10:28:06.193134,29/07/26,10:28:6
16682,0.22,16.682,215.80146265435798,13039839450,2026-07-29 10:28:22.875134,29/07/26,10:28:22
17014,0.21,17.014,211.59045491947808,13039856464,2026-07-29 10:28:39.889134,29/07/26,10:28:39
17214,0.21,17.214,209.13210177762286,13039873678,2026-07-29 10:28:57.103134,29/07/26,10:28:57
17286,0.21,17.286,208.26102047900034,13039890964,2026-07-29 10:29:14.389134,29/07/26,10:29:14
17471,0.21,17.471,206.05574952778892,13039908435,2026-07-29 10:29:31.860134,29/07/26,10:29:31
17485,0.2,17.485,205.89076351158135,13039925920,2026-07-29 10:29:49.345134,29/07/26,10:29:49
17254,0.21,17.254,208.6472701982149,13039943174,2026-07-29 10:30:06.599134,29/07/26,10:30:6
17535,0.2,17.535,205.30367835757056,13039960709,2026-07-29 10:30:24.134134,29/07/26,10:30:24
17830,0.2,17.83,201.90689848569826,13039978539,2026-07-29 10:30:41.964134,29/07/26,10:30:41
17705,0.2,17.705,203.33239197966677,13039996244,2026-07-29 10:30:59.669134,29/07/26,10:30:59
17845,0.2,17.845,201.73718128327263,13040014089,2026-07-29 10:31:17.514134,29/07/26,10:31:17
17892,0.2,17.892,201.2072434607646,13040031981,2026-07-29 10:31:35.406134,29/07/26,10:31:35
17607,0.2,17.607,204.46413358323395,13040049588,2026-07-29 10:31:53.013134,29/07/26,10:31:53
17914,0.2,17.914,200.9601429049905,13040067502,2026-07-29 10:32:10.927134,29/07/26,10:32:10
18081,0.2,18.081,199.1040318566451,13040085583,2026-07-29 10:32:29.008134,29/07/26,10:32:29
17646,0.2,17.646,204.01224073444408,13040103229,2026-07-29 10:32:46.654134,29/07/26,10:32:46
17998,0.2,17.998,200.0222246916324,13040121227,2026-07-29 10:33:04.652134,29/07/26,10:33:4
17924,0.2,17.924,200.84802499442088,13040139151,2026-07-29 10:33:22.576134,29/07/26,10:33:22
18076,0.2,18.076,199.15910599690196,13040157227,2026-07-29 10:33:40.652134,29/07/26,10:33:40
17948,0.2,17.948,200.57945174949856,13040175175,2026-07-29 10:33:58.600134,29/07/26,10:33:58
18026,0.2,18.026,199.71152779318763,13040193201,2026-07-29 10:34:16.626134,29/07/26,10:34:16
18125,0.2,18.125,198.6206896551724,13040211326,2026-07-29 10:34:34.751134,29/07/26,10:34:34
18279,0.2,18.279,196.94731659281143,13040229605,2026-07-29 10:34:53.030134,29/07/26,10:34:53
18247,0.2,18.247,197.29270565024387,13040247852,2026-07-29 10:35:11.277134,29/07/26,10:35:11
18329,0.2,18.329,196.41006055976868,13040266181,2026-07-29 10:35:29.606134,29/07/26,10:35:29
27864,0.13,27.864,129.19896640826875,13040294045,2026-07-29 10:35:57.470134,29/07/26,10:35:57
29013,0.12,29.013,124.08230793092751,13040323058,2026-07-29 10:36:26.483134,29/07/26,10:36:26
29325,0.12,29.325,122.7621483375959,13040352383,2026-07-29 10:36:55.808134,29/07/26,10:36:55
29411,0.12,29.411,122.40318248274455,13040381794,2026-07-29 10:37:25.219134,29/07/26,10:37:25
29281,0.12,29.281,122.94662067552338,13040411075,2026-07-29 10:37:54.500134,29/07/26,10:37:54
29222,0.12,29.222,123.19485319279994,13040440297,2026-07-29 10:38:23.722134,29/07/26,10:38:23
29265,0.12,29.265,123.0138390568939,13040469562,2026-07-29 10:38:52.987134,29/07/26,10:38:52
28628,0.12,28.628,125.75101299427135,13040498190,2026-07-29 10:39:21.615134,29/07/26,10:39:21
28952,0.12,28.952,124.34374136501796,13040527142,2026-07-29 10:39:50.567134,29/07/26,10:39:50
28403,0.13,28.403,126.747174594233,13040555545,2026-07-29 10:40:18.970134,29/07/26,10:40:18
28270,0.13,28.27,127.3434736469756,13040583815,2026-07-29 10:40:47.240134,29/07/26,10:40:47
28230,0.13,28.23,127.52391073326248,13040612045,2026-07-29 10:41:15.470134,29/07/26,10:41:15
28430,0.13,28.43,126.6268026732325,13040640475,2026-07-29 10:41:43.900134,29/07/26,10:41:43
29013,0.12,29.013,124.08230793092751,13040669488,2026-07-29 10:42:12.913134,29/07/26,10:42:12
29124,0.12,29.124,123.60939431396787,13040698612,2026-07-29 10:42:42.037134,29/07/26,10:42:42
29124,0.12,29.124,123.60939431396787,13040727736,2026-07-29 10:43:11.161134,29/07/26,10:43:11
29123,0.12,29.123,123.61363870480376,13040756859,2026-07-29 10:43:40.284134,29/07/26,10:43:40
29168,0.12,29.168,123.42292923752058,13040786027,2026-07-29 10:44:09.452134,29/07/26,10:44:9
29254,0.12,29.254,123.06009434607233,13040815281,2026-07-29 10:44:38.706134,29/07/26,10:44:38
29137,0.12,29.137,123.55424374506642,13040844418,2026-07-29 10:45:07.843134,29/07/26,10:45:7
29257,0.12,29.257,123.04747581775301,13040873675,2026-07-29 10:45:37.100134,29/07/26,10:45:37
29228,0.12,29.228,123.16956343232516,13040902903,2026-07-29 10:46:06.328134,29/07/26,10:46:6
29351,0.12,29.351,122.65340192838404,13040932254,2026-07-29 10:46:35.679134,29/07/26,10:46:35
29053,0.12,29.053,123.9114721371287,13040961307,2026-07-29 10:47:04.732134,29/07/26,10:47:4
29167,0.12,29.167,123.42716083244763,13040990474,2026-07-29 10:47:33.899134,29/07/26,10:47:33
28465,0.13,28.465,126.47110486562445,13041018939,2026-07-29 10:48:02.364134,29/07/26,10:48:2
28848,0.12,28.848,124.79201331114808,13041047787,2026-07-29 10:48:31.212134,29/07/26,10:48:31
29078,0.12,29.078,123.80493844143339,13041076865,2026-07-29 10:49:00.290134,29/07/26,10:49:0
28632,0.12,28.632,125.73344509639564,13041105497,2026-07-29 10:49:28.922134,29/07/26,10:49:28
28344,0.13,28.344,127.01100762066045,13041133841,2026-07-29 10:49:57.266134,29/07/26,10:49:57
28130,0.13,28.13,127.97724848915749,13041161971,2026-07-29 10:50:25.396134,29/07/26,10:50:25
28148,0.13,28.148,127.89540997584197,13041190119,2026-07-29 10:50:53.544134,29/07/26,10:50:53
27635,0.13,27.635,130.26958567034558,13041217754,2026-07-29 10:51:21.179134,29/07/26,10:51:21
27947,0.13,27.947,128.81525745160482,13041245701,2026-07-29 10:51:49.126134,29/07/26,10:51:49
28962,0.12,28.962,124.30080795525171,13041274663,2026-07-29 10:52:18.088134,29/07/26,10:52:18
29178,0.12,29.178,123.38062924120914,13041303841,2026-07-29 10:52:47.266134,29/07/26,10:52:47
28863,0.12,28.863,124.72715933894605,13041332704,2026-07-29 10:53:16.129134,29/07/26,10:53:16
28192,0.13,28.192,127.69580022701476,13041360896,2026-07-29 10:53:44.321134,29/07/26,10:53:44
28154,0.13,28.154,127.86815372593593,13041389050,2026-07-29 10:54:12.475134,29/07/26,10:54:12
28466,0.13,28.466,126.46666198271622,13041417516,2026-07-29 10:54:40.941134,29/07/26,10:54:40
28658,0.12,28.658,125.61937329890432,13041446174,2026-07-29 10:55:09.599134,29/07/26,10:55:9
28389,0.13,28.389,126.80967980555849,13041474563,2026-07-29 10:55:37.988134,29/07/26,10:55:37
28318,0.13,28.318,127.1276220072039,13041502881,2026-07-29 10:56:06.306134,29/07/26,10:56:6
28503,0.13,28.503,126.30249447426587,13041531384,2026-07-29 10:56:34.809134,29/07/26,10:56:34
28387,0.13,28.387,126.81861415436643,13041559771,2026-07-29 10:57:03.196134,29/07/26,10:57:3
28551,0.13,28.551,126.09015446043921,13041588322,2026-07-29 10:57:31.747134,29/07/26,10:57:31
27599,0.13,27.599,130.43950867785065,13041615921,2026-07-29 10:57:59.346134,29/07/26,10:57:59
28084,0.13,28.084,128.18686796752598,13041644005,2026-07-29 10:58:27.430134,29/07/26,10:58:27
28055,0.13,28.055,128.31937266084478,13041672060,2026-07-29 10:58:55.485134,29/07/26,10:58:55
27813,0.13,27.813,129.43587531010678,13041699873,2026-07-29 10:59:23.298134,29/07/26,10:59:23
27975,0.13,27.975,128.686327077748,13041727848,2026-07-29 10:59:51.273134,29/07/26,10:59:51
27687,0.13,27.687,130.02492144327664,13041755535,2026-07-29 11:00:18.960134,29/07/26,11:0:18
27020,0.13,27.02,133.23464100666172,13041782555,2026-07-29 11:00:45.980134,29/07/26,11:0:45
27070,0.13,27.07,132.98854820834873,13041809625,2026-07-29 11:01:13.050134,29/07/26,11:1:13
26909,0.13,26.909,133.78423575755323,13041836534,2026-07-29 11:01:39.959134,29/07/26,11:1:39
26527,0.14,26.527,135.71078523768236,13041863061,2026-07-29 11:02:06.486134,29/07/26,11:2:6
14218,0.25,14.218,253.20016880011252,13041877279,2026-07-29 11:02:20.704134,29/07/26,11:2:20
16734,0.22,16.734,215.13087128002869,13041894013,2026-07-29 11:02:37.438134,29/07/26,11:2:37
16699,0.22,16.699,215.5817713635547,13041910712,2026-07-29 11:02:54.137134,29/07/26,11:2:54
16738,0.22,16.738,215.07945991157845,13041927450,2026-07-29 11:03:10.875134,29/07/26,11:3:10
16629,0.22,16.629,216.4892657405737,13041944079,2026-07-29 11:03:27.504134,29/07/26,11:3:27
16735,0.22,16.735,215.1180161338512,13041960814,2026-07-29 11:03:44.239134,29/07/26,11:3:44
16818,0.21,16.818,214.05636817695327,13041977632,2026-07-29 11:04:01.057134,29/07/26,11:4:1
16969,0.21,16.969,212.1515705109317,13041994601,2026-07-29 11:04:18.026134,29/07/26,11:4:18
16852,0.21,16.852,213.62449560882982,13042011453,2026-07-29 11:04:34.878134,29/07/26,11:4:34
16837,0.21,16.837,213.81481261507395,13042028290,2026-07-29 11:04:51.715134,29/07/26,11:4:51
16820,0.21,16.82,214.0309155766944,13042045110,2026-07-29 11:05:08.535134,29/07/26,11:5:8
16933,0.21,16.933,212.60261028760408,13042062043,2026-07-29 11:05:25.468134,29/07/26,11:5:25
16936,0.21,16.936,212.56495040151157,13042078979,2026-07-29 11:05:42.404134,29/07/26,11:5:42
16259,0.22,16.259,221.41583123193308,13042095238,2026-07-29 11:05:58.663134,29/07/26,11:5:58
16495,0.22,16.495,218.24795392543194,13042111733,2026-07-29 11:06:15.158134,29/07/26,11:6:15
16419,0.22,16.419,219.25817650283207,13042128152,2026-07-29 11:06:31.577134,29/07/26,11:6:31
16503,0.22,16.503,218.14215597164153,13042144655,2026-07-29 11:06:48.080134,29/07/26,11:6:48
16639,0.22,16.639,216.35915619929082,13042161294,2026-07-29 11:07:04.719134,29/07/26,11:7:4
16739,0.22,16.739,215.06661090865643,13042178033,2026-07-29 11:07:21.458134,29/07/26,11:7:21
16841,0.21,16.841,213.76402826435483,13042194874,2026-07-29 11:07:38.299134,29/07/26,11:7:38
16668,0.22,16.668,215.9827213822894,13042211542,2026-07-29 11:07:54.967134,29/07/26,11:7:54
16278,0.22,16.278,221.15739034279395,13042227820,2026-07-29 11:08:11.245134,29/07/26,11:8:11
16611,0.22,16.611,216.7238576846668,13042244431,2026-07-29 11:08:27.856134,29/07/26,11:8:27
16767,0.21,16.767,214.70746108427267,13042261198,2026-07-29 11:08:44.623134,29/07/26,11:8:44
16693,0.22,16.693,215.6592583717726,13042277891,2026-07-29 11:09:01.316134,29/07/26,11:9:1
16683,0.22,16.683,215.78852724330156,13042294574,2026-07-29 11:09:17.999134,29/07/26,11:9:17
16669,0.22,16.669,215.96976423300737,13042311243,2026-07-29 11:09:34.668134,29/07/26,11:9:34
16777,0.21,16.777,214.5794838171306,13042328020,2026-07-29 11:09:51.445134,29/07/26,11:9:51
24459,0.15,24.459,147.18508524469522,13042352479,2026-07-29 11:10:15.904134,29/07/26,11:10:15
24404,0.15,24.404,147.5168005245042,13042376883,2026-07-29 11:10:40.308134,29/07/26,11:10:40
24523,0.15,24.523,146.80096236186438,13042401406,2026-07-29 11:11:04.831134,29/07/26,11:11:4
24734,0.14,24.734,145.54863750303227,13042426140,2026-07-29 11:11:29.565134,29/07/26,11:11:29
24957,0.14,24.957,144.24810674359898,13042451097,2026-07-29 11:11:54.522134,29/07/26,11:11:54
24607,0.15,24.607,146.29983338074533,13042475704,2026-07-29 11:12:19.129134,29/07/26,11:12:19
24901,0.14,24.901,144.57250712822778,13042500605,2026-07-29 11:12:44.030134,29/07/26,11:12:44
25189,0.14,25.189,142.9195283655564,13042525794,2026-07-29 11:13:09.219134,29/07/26,11:13:9
25138,0.14,25.138,143.2094836502506,13042550932,2026-07-29 11:13:34.357134,29/07/26,11:13:34
25103,0.14,25.103,143.4091542843485,13042576035,2026-07-29 11:13:59.460134,29/07/26,11:13:59
25213,0.14,25.213,142.7834847102685,13042601248,2026-07-29 11:14:24.673134,29/07/26,11:14:24
25209,0.14,25.209,142.80614066404854,13042626457,2026-07-29 11:14:49.882134,29/07/26,11:14:49
25273,0.14,25.273,142.44450599453964,13042651730,2026-07-29 11:15:15.155134,29/07/26,11:15:15
25723,0.14,25.723,139.95257162850368,13042677453,2026-07-29 11:15:40.878134,29/07/26,11:15:40
26342,0.14,26.342,136.66388277275834,13042703795,2026-07-29 11:16:07.220134,29/07/26,11:16:7
25790,0.14,25.79,139.58898797983716,13042729585,2026-07-29 11:16:33.010134,29/07/26,11:16:33
25662,0.14,25.662,140.2852466682254,13042755247,2026-07-29 11:16:58.672134,29/07/26,11:16:58
25681,0.14,25.681,140.18145710836805,13042780928,2026-07-29 11:17:24.353134,29/07/26,11:17:24
25836,0.14,25.836,139.34045517882026,13042806764,2026-07-29 11:17:50.189134,29/07/26,11:17:50
26025,0.14,26.025,138.328530259366,13042832789,2026-07-29 11:18:16.214134,29/07/26,11:18:16
25833,0.14,25.833,139.35663685983045,13042858622,2026-07-29 11:18:42.047134,29/07/26,11:18:42
26042,0.14,26.042,138.23823055064895,13042884664,2026-07-29 11:19:08.089134,29/07/26,11:19:8
26277,0.14,26.277,137.00194086082885,13042910941,2026-07-29 11:19:34.366134,29/07/26,11:19:34
26133,0.14,26.133,137.75685914361154,13042937074,2026-07-29 11:20:00.499134,29/07/26,11:20:0
25936,0.14,25.936,138.80320789636028,13042963010,2026-07-29 11:20:26.435134,29/07/26,11:20:26
25779,0.14,25.779,139.64855114628185,13042988789,2026-07-29 11:20:52.214134,29/07/26,11:20:52
25420,0.14,25.42,141.62077104642015,13043014209,2026-07-29 11:21:17.634134,29/07/26,11:21:17
25523,0.14,25.523,141.04924969635232,13043039732,2026-07-29 11:21:43.157134,29/07/26,11:21:43
25958,0.14,25.958,138.68556899607057,13043065690,2026-07-29 11:22:09.115134,29/07/26,11:22:9
25610,0.14,25.61,140.57008980866848,13043091300,2026-07-29 11:22:34.725134,29/07/26,11:22:34
25526,0.14,25.526,141.03267256914518,13043116826,2026-07-29 11:23:00.251134,29/07/26,11:23:0
25645,0.14,25.645,140.37824137258724,13043142471,2026-07-29 11:23:25.896134,29/07/26,11:23:25
25531,0.14,25.531,141.0050526810544,13043168002,2026-07-29 11:23:51.427134,29/07/26,11:23:51
25744,0.14,25.744,139.83840894965817,13043193746,2026-07-29 11:24:17.171134,29/07/26,11:24:17
26024,0.14,26.024,138.33384568090992,13043219770,2026-07-29 11:24:43.195134,29/07/26,11:24:43
26792,0.13,26.792,134.3684681994625,13043246562,2026-07-29 11:25:09.987134,29/07/26,11:25:9
26843,0.13,26.843,134.11317661960288,13043273405,2026-07-29 11:25:36.830134,29/07/26,11:25:36
27056,0.13,27.056,133.05736250739207,13043300461,2026-07-29 11:26:03.886134,29/07/26,11:26:3
27515,0.13,27.515,130.83772487733964,13043327976,2026-07-29 11:26:31.401134,29/07/26,11:26:31
26711,0.13,26.711,134.77593500804912,13043354687,2026-07-29 11:26:58.112134,29/07/26,11:26:58
27082,0.13,27.082,132.92962115057972,13043381769,2026-07-29 11:27:25.194134,29/07/26,11:27:25
26728,0.13,26.728,134.6902125112242,13043408497,2026-07-29 11:27:51.922134,29/07/26,11:27:51
26432,0.14,26.432,136.19854721549638,13043434929,2026-07-29 11:28:18.354134,29/07/26,11:28:18
26620,0.14,26.62,135.236664162284,13043461549,2026-07-29 11:28:44.974134,29/07/26,11:28:44
26756,0.13,26.756,134.54925997907011,13043488305,2026-07-29 11:29:11.730134,29/07/26,11:29:11
26974,0.13,26.974,133.461852153926,13043515279,2026-07-29 11:29:38.704134,29/07/26,11:29:38
27422,0.13,27.422,131.28145284807817,13043542701,2026-07-29 11:30:06.126134,29/07/26,11:30:6
27621,0.13,27.621,130.33561420658194,13043570322,2026-07-29 11:30:33.747134,29/07/26,11:30:33
27360,0.13,27.36,131.57894736842104,13043597682,2026-07-29 11:31:01.107134,29/07/26,11:31:1
27549,0.13,27.549,130.67624959163672,13043625231,2026-07-29 11:31:28.656134,29/07/26,11:31:28
27428,0.13,27.428,131.25273443196733,13043652659,2026-07-29 11:31:56.084134,29/07/26,11:31:56
27035,0.13,27.035,133.16071758831146,13043679694,2026-07-29 11:32:23.119134,29/07/26,11:32:23
26815,0.13,26.815,134.25321648331158,13043706509,2026-07-29 11:32:49.934134,29/07/26,11:32:49
26812,0.13,26.812,134.26823810234222,13043733321,2026-07-29 11:33:16.746134,29/07/26,11:33:16
27124,0.13,27.124,132.72378705205722,13043760445,2026-07-29 11:33:43.870134,29/07/26,11:33:43
26834,0.13,26.834,134.15815756130283,13043787279,2026-07-29 11:34:10.704134,29/07/26,11:34:10
27007,0.13,27.007,133.29877439182434,13043814286,2026-07-29 11:34:37.711134,29/07/26,11:34:37
27085,0.13,27.085,132.9148975447665,13043841371,2026-07-29 11:35:04.796134,29/07/26,11:35:4
27553,0.13,27.553,130.6572786992342,13043868924,2026-07-29 11:35:32.349134,29/07/26,11:35:32
28074,0.13,28.074,128.23252831801668,13043896998,2026-07-29 11:36:00.423134,29/07/26,11:36:0
27956,0.13,27.956,128.77378738016884,13043924954,2026-07-29 11:36:28.379134,29/07/26,11:36:28
28178,0.13,28.178,127.7592448009085,13043953132,2026-07-29 11:36:56.557134,29/07/26,11:36:56
27963,0.13,27.963,128.7415513356936,13043981095,2026-07-29 11:37:24.520134,29/07/26,11:37:24
28113,0.13,28.113,128.05463664496853,13044009208,2026-07-29 11:37:52.633134,29/07/26,11:37:52
27820,0.13,27.82,129.40330697340042,13044037028,2026-07-29 11:38:20.453134,29/07/26,11:38:20
27847,0.13,27.847,129.27783962365785,13044064875,2026-07-29 11:38:48.300134,29/07/26,11:38:48
27748,0.13,27.748,129.73908029407525,13044092623,2026-07-29 11:39:16.048134,29/07/26,11:39:16
27876,0.13,27.876,129.14334911752044,13044120499,2026-07-29 11:39:43.924134,29/07/26,11:39:43
27750,0.13,27.75,129.72972972972974,13044148249,2026-07-29 11:40:11.674134,29/07/26,11:40:11
16662,0.22,16.662,216.06049693914295,13044164911,2026-07-29 11:40:28.336134,29/07/26,11:40:28
17167,0.21,17.167,209.70466592881692,13044182078,2026-07-29 11:40:45.503134,29/07/26,11:40:45
17084,0.21,17.084,210.7234839616015,13044199162,2026-07-29 11:41:02.587134,29/07/26,11:41:2
17169,0.21,17.169,209.68023763760266,13044216331,2026-07-29 11:41:19.756134,29/07/26,11:41:19
17149,0.21,17.149,209.92477695492448,13044233480,2026-07-29 11:41:36.905134,29/07/26,11:41:36
17251,0.21,17.251,208.6835545765463,13044250731,2026-07-29 11:41:54.156134,29/07/26,11:41:54
17191,0.21,17.191,209.41190157640625,13044267922,2026-07-29 11:42:11.347134,29/07/26,11:42:11
17444,0.21,17.444,206.37468470534282,13044285366,2026-07-29 11:42:28.791134,29/07/26,11:42:28
17502,0.2,17.502,205.6907781967775,13044302868,2026-07-29 11:42:46.293134,29/07/26,11:42:46
17524,0.2,17.524,205.4325496461995,13044320392,2026-07-29 11:43:03.817134,29/07/26,11:43:3
17667,0.2,17.667,203.76974019358124,13044338059,2026-07-29 11:43:21.484134,29/07/26,11:43:21
17794,0.2,17.794,202.31538720917163,13044355853,2026-07-29 11:43:39.278134,29/07/26,11:43:39
17604,0.2,17.604,204.49897750511246,13044373457,2026-07-29 11:43:56.882134,29/07/26,11:43:56
17782,0.2,17.782,202.4519176695535,13044391239,2026-07-29 11:44:14.664134,29/07/26,11:44:14
17851,0.2,17.851,201.66937426474706,13044409090,2026-07-29 11:44:32.515134,29/07/26,11:44:32
17948,0.2,17.948,200.57945174949856,13044427038,2026-07-29 11:44:50.463134,29/07/26,11:44:50
17900,0.2,17.9,201.11731843575419,13044444938,2026-07-29 11:45:08.363134,29/07/26,11:45:8
17916,0.2,17.916,200.93770931011386,13044462854,2026-07-29 11:45:26.279134,29/07/26,11:45:26
18041,0.2,18.041,199.54547974059088,13044480895,2026-07-29 11:45:44.320134,29/07/26,11:45:44
18009,0.2,18.009,199.9000499750125,13044498904,2026-07-29 11:46:02.329134,29/07/26,11:46:2
18154,0.2,18.154,198.3034042084389,13044517058,2026-07-29 11:46:20.483134,29/07/26,11:46:20
18102,0.2,18.102,198.87305270135897,13044535160,2026-07-29 11:46:38.585134,29/07/26,11:46:38
18096,0.2,18.096,198.9389920424403,13044553256,2026-07-29 11:46:56.681134,29/07/26,11:46:56
18081,0.2,18.081,199.1040318566451,13044571337,2026-07-29 11:47:14.762134,29/07/26,11:47:14
18136,0.2,18.136,198.5002205558006,13044589473,2026-07-29 11:47:32.898134,29/07/26,11:47:32
18091,0.2,18.091,198.99397490464872,13044607564,2026-07-29 11:47:50.989134,29/07/26,11:47:50
22204,0.16,22.204,162.13294901819492,13044629768,2026-07-29 11:48:13.193134,29/07/26,11:48:13
27960,0.13,27.96,128.75536480686696,13044657728,2026-07-29 11:48:41.153134,29/07/26,11:48:41
27723,0.13,27.723,129.85607618223136,13044685451,2026-07-29 11:49:08.876134,29/07/26,11:49:8
28041,0.13,28.041,128.3834385364288,13044713492,2026-07-29 11:49:36.917134,29/07/26,11:49:36
28198,0.13,28.198,127.66862898077878,13044741690,2026-07-29 11:50:05.115134,29/07/26,11:50:5
28425,0.13,28.425,126.64907651715039,13044770115,2026-07-29 11:50:33.540134,29/07/26,11:50:33
28088,0.13,28.088,128.16861293078895,13044798203,2026-07-29 11:51:01.628134,29/07/26,11:51:1
28376,0.13,28.376,126.86777558500141,13044826579,2026-07-29 11:51:30.004134,29/07/26,11:51:30
28154,0.13,28.154,127.86815372593593,13044854733,2026-07-29 11:51:58.158134,29/07/26,11:51:58
28089,0.13,28.089,128.16404998397948,13044882822,2026-07-29 11:52:26.247134,29/07/26,11:52:26
27931,0.13,27.931,128.8890480111704,13044910753,2026-07-29 11:52:54.178134,29/07/26,11:52:54
27726,0.13,27.726,129.84202553559837,13044938479,2026-07-29 11:53:21.904134,29/07/26,11:53:21
27416,0.13,27.416,131.31018383425737,13044965895,2026-07-29 11:53:49.320134,29/07/26,11:53:49
27192,0.13,27.192,132.3918799646955,13044993087,2026-07-29 11:54:16.512134,29/07/26,11:54:16
27376,0.13,27.376,131.5020455873758,13045020463,2026-07-29 11:54:43.888134,29/07/26,11:54:43
27454,0.13,27.454,131.12843301522545,13045047917,2026-07-29 11:55:11.342134,29/07/26,11:55:11
27474,0.13,27.474,131.0329766324525,13045075391,2026-07-29 11:55:38.816134,29/07/26,11:55:38
27502,0.13,27.502,130.89957094029526,13045102893,2026-07-29 11:56:06.318134,29/07/26,11:56:6
27011,0.13,27.011,133.2790344674392,13045129904,2026-07-29 11:56:33.329134,29/07/26,11:56:33
26792,0.13,26.792,134.3684681994625,13045156696,2026-07-29 11:57:00.121134,29/07/26,11:57:0
26623,0.14,26.623,135.22142508357436,13045183319,2026-07-29 11:57:26.744134,29/07/26,11:57:26
26662,0.14,26.662,135.02362913509864,13045209981,2026-07-29 11:57:53.406134,29/07/26,11:57:53
26547,0.14,26.547,135.6085433382303,13045236528,2026-07-29 11:58:19.953134,29/07/26,11:58:19
26805,0.13,26.805,134.30330162283155,13045263333,2026-07-29 11:58:46.758134,29/07/26,11:58:46
26646,0.14,26.646,135.10470614726412,13045289979,2026-07-29 11:59:13.404134,29/07/26,11:59:13
26742,0.13,26.742,134.6196993493381,13045316721,2026-07-29 11:59:40.146134,29/07/26,11:59:40
26639,0.14,26.639,135.1402079657645,13045343360,2026-07-29 12:00:06.785134,29/07/26,12:0:6
26715,0.13,26.715,134.7557551937114,13045370075,2026-07-29 12:00:33.500134,29/07/26,12:0:33
25867,0.14,25.867,139.1734642594812,13045395942,2026-07-29 12:00:59.367134,29/07/26,12:0:59
26130,0.14,26.13,137.7726750861079,13045422072,2026-07-29 12:01:25.497134,29/07/26,12:1:25
26307,0.14,26.307,136.84570646595964,13045448379,2026-07-29 12:01:51.804134,29/07/26,12:1:51
26185,0.14,26.185,137.4832919610464,13045474564,2026-07-29 12:02:17.989134,29/07/26,12:2:17
26193,0.14,26.193,137.44130111098386,13045500757,2026-07-29 12:02:44.182134,29/07/26,12:2:44
26525,0.14,26.525,135.72101790763432,13045527282,2026-07-29 12:03:10.707134,29/07/26,12:3:10
26368,0.14,26.368,136.52912621359224,13045553650,2026-07-29 12:03:37.075134,29/07/26,12:3:37
26293,0.14,26.293,136.91857148290418,13045579943,2026-07-29 12:04:03.368134,29/07/26,12:4:3
26323,0.14,26.323,136.76252706758348,13045606266,2026-07-29 12:04:29.691134,29/07/26,12:4:29
26199,0.14,26.199,137.40982480247337,13045632465,2026-07-29 12:04:55.890134,29/07/26,12:4:55
26178,0.14,26.178,137.520055008022,13045658643,2026-07-29 12:05:22.068134,29/07/26,12:5:22
26295,0.14,26.295,136.90815744438106,13045684938,2026-07-29 12:05:48.363134,29/07/26,12:5:48
26290,0.14,26.29,136.93419551160136,13045711228,2026-07-29 12:06:14.653134,29/07/26,12:6:14
26316,0.14,26.316,136.79890560875512,13045737544,2026-07-29 12:06:40.969134,29/07/26,12:6:40
26242,0.14,26.242,137.18466580291135,13045763786,2026-07-29 12:07:07.211134,29/07/26,12:7:7
26398,0.14,26.398,136.37396772482765,13045790184,2026-07-29 12:07:33.609134,29/07/26,12:7:33
26205,0.14,26.205,137.37836290784202,13045816389,2026-07-29 12:07:59.814134,29/07/26,12:7:59
26341,0.14,26.341,136.6690710299533,13045842730,2026-07-29 12:08:26.155134,29/07/26,12:8:26
26355,0.14,26.355,136.59647125782584,13045869085,2026-07-29 12:08:52.510134,29/07/26,12:8:52
26151,0.14,26.151,137.66203969255477,13045895236,2026-07-29 12:09:18.661134,29/07/26,12:9:18
26297,0.14,26.297,136.8977449899228,13045921533,2026-07-29 12:09:44.958134,29/07/26,12:9:44
26312,0.14,26.312,136.81970203709335,13045947845,2026-07-29 12:10:11.270134,29/07/26,12:10:11
26362,0.14,26.362,136.56020028829374,13045974207,2026-07-29 12:10:37.632134,29/07/26,12:10:37
26398,0.14,26.398,136.37396772482765,13046000605,2026-07-29 12:11:04.030134,29/07/26,12:11:4
26867,0.13,26.867,133.99337477202516,13046027472,2026-07-29 12:11:30.897134,29/07/26,12:11:30
26698,0.13,26.698,134.8415611656304,13046054170,2026-07-29 12:11:57.595134,29/07/26,12:11:57
26618,0.14,26.618,135.24682545645803,13046080788,2026-07-29 12:12:24.213134,29/07/26,12:12:24
26665,0.14,26.665,135.0084380273767,13046107453,2026-07-29 12:12:50.878134,29/07/26,12:12:50
26650,0.14,26.65,135.08442776735458,13046134103,2026-07-29 12:13:17.528134,29/07/26,12:13:17
26696,0.13,26.696,134.85166317051244,13046160799,2026-07-29 12:13:44.224134,29/07/26,12:13:44
26688,0.13,26.688,134.89208633093526,13046187487,2026-07-29 12:14:10.912134,29/07/26,12:14:10
26755,0.13,26.755,134.55428891795927,13046214242,2026-07-29 12:14:37.667134,29/07/26,12:14:37
26742,0.13,26.742,134.6196993493381,13046240984,2026-07-29 12:15:04.409134,29/07/26,12:15:4
26719,0.13,26.719,134.73558142146038,13046267703,2026-07-29 12:15:31.128134,29/07/26,12:15:31
26772,0.13,26.772,134.4688480502017,13046294475,2026-07-29 12:15:57.900134,29/07/26,12:15:57
26599,0.14,26.599,135.34343396368286,13046321074,2026-07-29 12:16:24.499134,29/07/26,12:16:24
26899,0.13,26.899,133.83397152310494,13046347973,2026-07-29 12:16:51.398134,29/07/26,12:16:51
26694,0.13,26.694,134.86176668914362,13046374667,2026-07-29 12:17:18.092134,29/07/26,12:17:18
26241,0.14,26.241,137.1898936778324,13046400908,2026-07-29 12:17:44.333134,29/07/26,12:17:44
26442,0.14,26.442,136.14703880190606,13046427350,2026-07-29 12:18:10.775134,29/07/26,12:18:10
26224,0.14,26.224,137.27882855399633,13046453574,2026-07-29 12:18:36.999134,29/07/26,12:18:36
20330,0.18,20.33,177.07820954254797,13046473904,2026-07-29 12:18:57.329134,29/07/26,12:18:57
16493,0.22,16.493,218.27441945067605,13046490397,2026-07-29 12:19:13.822134,29/07/26,12:19:13
16376,0.22,16.376,219.83390327308257,13046506773,2026-07-29 12:19:30.198134,29/07/26,12:19:30
16318,0.22,16.318,220.61527147934797,13046523091,2026-07-29 12:19:46.516134,29/07/26,12:19:46
16407,0.22,16.407,219.41854086670324,13046539498,2026-07-29 12:20:02.923134,29/07/26,12:20:2
16544,0.22,16.544,217.60154738878143,13046556042,2026-07-29 12:20:19.467134,29/07/26,12:20:19
17151,0.21,17.151,209.90029735875459,13046573193,2026-07-29 12:20:36.618134,29/07/26,12:20:36
17549,0.2,17.549,205.13989401105476,13046590742,2026-07-29 12:20:54.167134,29/07/26,12:20:54
17548,0.2,17.548,205.15158422612262,13046608290,2026-07-29 12:21:11.715134,29/07/26,12:21:11
17591,0.2,17.591,204.65010516741515,13046625881,2026-07-29 12:21:29.306134,29/07/26,12:21:29
17620,0.2,17.62,204.3132803632236,13046643501,2026-07-29 12:21:46.926134,29/07/26,12:21:46
17631,0.2,17.631,204.1858090862685,13046661132,2026-07-29 12:22:04.557134,29/07/26,12:22:4
17786,0.2,17.786,202.40638704599124,13046678918,2026-07-29 12:22:22.343134,29/07/26,12:22:22
17729,0.2,17.729,203.0571380224491,13046696647,2026-07-29 12:22:40.072134,29/07/26,12:22:40
17771,0.2,17.771,202.57723256991727,13046714418,2026-07-29 12:22:57.843134,29/07/26,12:22:57
17776,0.2,17.776,202.52025202520252,13046732194,2026-07-29 12:23:15.619134,29/07/26,12:23:15
17995,0.2,17.995,200.0555709919422,13046750189,2026-07-29 12:23:33.614134,29/07/26,12:23:33
17856,0.2,17.856,201.61290322580646,13046768045,2026-07-29 12:23:51.470134,29/07/26,12:23:51
17292,0.21,17.292,208.18875780707842,13046785337,2026-07-29 12:24:08.762134,29/07/26,12:24:8
17619,0.2,17.619,204.32487655372043,13046802956,2026-07-29 12:24:26.381134,29/07/26,12:24:26
17592,0.2,17.592,204.63847203274216,13046820548,2026-07-29 12:24:43.973134,29/07/26,12:24:43
17801,0.2,17.801,202.23582944778383,13046838349,2026-07-29 12:25:01.774134,29/07/26,12:25:1
17703,0.2,17.703,203.35536349771226,13046856052,2026-07-29 12:25:19.477134,29/07/26,12:25:19
17857,0.2,17.857,201.60161281290252,13046873909,2026-07-29 12:25:37.334134,29/07/26,12:25:37
17974,0.2,17.974,200.28930677645488,13046891883,2026-07-29 12:25:55.308134,29/07/26,12:25:55
17745,0.2,17.745,202.87404902789518,13046909628,2026-07-29 12:26:13.053134,29/07/26,12:26:13
17555,0.2,17.555,205.06978068926233,13046927183,2026-07-29 12:26:30.608134,29/07/26,12:26:30
21714,0.17,21.714,165.79165515335728,13046948897,2026-07-29 12:26:52.322134,29/07/26,12:26:52
26450,0.14,26.45,136.10586011342156,13046975347,2026-07-29 12:27:18.772134,29/07/26,12:27:18
26504,0.14,26.504,135.82855418050104,13047001851,2026-07-29 12:27:45.276134,29/07/26,12:27:45
26694,0.13,26.694,134.86176668914362,13047028545,2026-07-29 12:28:11.970134,29/07/26,12:28:11
27152,0.13,27.152,132.58691809074838,13047055697,2026-07-29 12:28:39.122134,29/07/26,12:28:39
27288,0.13,27.288,131.92612137203167,13047082985,2026-07-29 12:29:06.410134,29/07/26,12:29:6
27562,0.13,27.562,130.61461432406938,13047110547,2026-07-29 12:29:33.972134,29/07/26,12:29:33
27420,0.13,27.42,131.2910284463895,13047137967,2026-07-29 12:30:01.392134,29/07/26,12:30:1
26557,0.14,26.557,135.55748013706366,13047164524,2026-07-29 12:30:27.949134,29/07/26,12:30:27
26935,0.13,26.935,133.65509560051976,13047191459,2026-07-29 12:30:54.884134,29/07/26,12:30:54
26898,0.13,26.898,133.83894713361587,13047218357,2026-07-29 12:31:21.782134,29/07/26,12:31:21
27083,0.13,27.083,132.92471291954362,13047245440,2026-07-29 12:31:48.865134,29/07/26,12:31:48
19676,0.18,19.676,182.9640170766416,13047265116,2026-07-29 12:32:08.541134,29/07/26,12:32:8
2489,1.45,2.489,1446.364001607071,13047267605,2026-07-29 12:32:11.030134,29/07/26,12:32:11
2483,1.45,2.483,1449.859041482078,13047270088,2026-07-29 12:32:13.513134,29/07/26,12:32:13
2478,1.45,2.478,1452.7845036319613,13047272566,2026-07-29 12:32:15.991134,29/07/26,12:32:15
2476,1.45,2.476,1453.9579967689822,13047275042,2026-07-29 12:32:18.467134,29/07/26,12:32:18
2486,1.45,2.486,1448.1094127111826,13047277528,2026-07-29 12:32:20.953134,29/07/26,12:32:20
2483,1.45,2.483,1449.859041482078,13047280011,2026-07-29 12:32:23.436134,29/07/26,12:32:23
2478,1.45,2.478,1452.7845036319613,13047282489,2026-07-29 12:32:25.914134,29/07/26,12:32:25
2481,1.45,2.481,1451.0278113663844,13047284970,2026-07-29 12:32:28.395134,29/07/26,12:32:28
2477,1.45,2.477,1453.3710133225677,13047287447,2026-07-29 12:32:30.872134,29/07/26,12:32:30
2485,1.45,2.485,1448.692152917505,13047289932,2026-07-29 12:32:33.357134,29/07/26,12:32:33
2483,1.45,2.483,1449.859041482078,13047292415,2026-07-29 12:32:35.840134,29/07/26,12:32:35
2480,1.45,2.48,1451.6129032258063,13047294895,2026-07-29 12:32:38.320134,29/07/26,12:32:38
2485,1.45,2.485,1448.692152917505,13047297380,2026-07-29 12:32:40.805134,29/07/26,12:32:40
2492,1.44,2.492,1444.6227929373997,13047299872,2026-07-29 12:32:43.297134,29/07/26,12:32:43
2500,1.44,2.5,1440.0,13047302372,2026-07-29 12:32:45.797134,29/07/26,12:32:45
2491,1.45,2.491,1445.2027298273786,13047304863,2026-07-29 12:32:48.288134,29/07/26,12:32:48
2488,1.45,2.488,1446.9453376205788,13047307351,2026-07-29 12:32:50.776134,29/07/26,12:32:50
2495,1.44,2.495,1442.885771543086,13047309846,2026-07-29 12:32:53.271134,29/07/26,12:32:53
2498,1.44,2.498,1441.1529223378702,13047312344,2026-07-29 12:32:55.769134,29/07/26,12:32:55
2496,1.44,2.496,1442.3076923076924,13047314840,2026-07-29 12:32:58.265134,29/07/26,12:32:58
2499,1.44,2.499,1440.5762304921968,13047317339,2026-07-29 12:33:00.764134,29/07/26,12:33:0
2483,1.45,2.483,1449.859041482078,13047319822,2026-07-29 12:33:03.247134,29/07/26,12:33:3
2503,1.44,2.503,1438.2740711146623,13047322325,2026-07-29 12:33:05.750134,29/07/26,12:33:5
2517,1.43,2.517,1430.274135876043,13047324842,2026-07-29 12:33:08.267134,29/07/26,12:33:8
2514,1.43,2.514,1431.980906921241,13047327356,2026-07-29 12:33:10.781134,29/07/26,12:33:10
2509,1.43,2.509,1434.8345954563572,13047329865,2026-07-29 12:33:13.290134,29/07/26,12:33:13
2512,1.43,2.512,1433.1210191082803,13047332377,2026-07-29 12:33:15.802134,29/07/26,12:33:15
2515,1.43,2.515,1431.4115308151092,13047334892,2026-07-29 12:33:18.317134,29/07/26,12:33:18
2521,1.43,2.521,1428.0047600158666,13047337413,2026-07-29 12:33:20.838134,29/07/26,12:33:20
2523,1.43,2.523,1426.872770511296,13047339936,2026-07-29 12:33:23.361134,29/07/26,12:33:23
2521,1.43,2.521,1428.0047600158666,13047342457,2026-07-29 12:33:25.882134,29/07/26,12:33:25
2522,1.43,2.522,1427.4385408406026,13047344979,2026-07-29 12:33:28.404134,29/07/26,12:33:28
2534,1.42,2.534,1420.6787687450671,13047347513,2026-07-29 12:33:30.938134,29/07/26,12:33:30
8640,0.42,8.64,416.6666666666667,13047356153,2026-07-29 12:33:39.578134,29/07/26,12:33:39
26961,0.13,26.961,133.5262045176366,13047383114,2026-07-29 12:34:06.539134,29/07/26,12:34:6
27098,0.13,27.098,132.85113292493912,13047410212,2026-07-29 12:34:33.637134,29/07/26,12:34:33
27115,0.13,27.115,132.7678406785912,13047437327,2026-07-29 12:35:00.752134,29/07/26,12:35:0
27591,0.13,27.591,130.47732956398826,13047464918,2026-07-29 12:35:28.343134,29/07/26,12:35:28
27778,0.13,27.778,129.59896320829432,13047492696,2026-07-29 12:35:56.121134,29/07/26,12:35:56
27943,0.13,27.943,128.83369716923738,13047520639,2026-07-29 12:36:24.064134,29/07/26,12:36:24
28210,0.13,28.21,127.61432116270826,13047548849,2026-07-29 12:36:52.274134,29/07/26,12:36:52
28104,0.13,28.104,128.09564474807857,13047576953,2026-07-29 12:37:20.378134,29/07/26,12:37:20
28092,0.13,28.092,128.15036309269544,13047605045,2026-07-29 12:37:48.470134,29/07/26,12:37:48
27888,0.13,27.888,129.08777969018934,13047632933,2026-07-29 12:38:16.358134,29/07/26,12:38:16
28041,0.13,28.041,128.3834385364288,13047660974,2026-07-29 12:38:44.399134,29/07/26,12:38:44
27720,0.13,27.72,129.87012987012986,13047688694,2026-07-29 12:39:12.119134,29/07/26,12:39:12
27785,0.13,27.785,129.56631275868276,13047716479,2026-07-29 12:39:39.904134,29/07/26,12:39:39
27755,0.13,27.755,129.70635921455593,13047744234,2026-07-29 12:40:07.659134,29/07/26,12:40:7
27947,0.13,27.947,128.81525745160482,13047772181,2026-07-29 12:40:35.606134,29/07/26,12:40:35
27771,0.13,27.771,129.63163011774873,13047799952,2026-07-29 12:41:03.377134,29/07/26,12:41:3
27934,0.13,27.934,128.87520584234267,13047827886,2026-07-29 12:41:31.311134,29/07/26,12:41:31
28030,0.13,28.03,128.43382090617195,13047855916,2026-07-29 12:41:59.341134,29/07/26,12:41:59
27752,0.13,27.752,129.72038051311617,13047883668,2026-07-29 12:42:27.093134,29/07/26,12:42:27
27775,0.13,27.775,129.6129612961296,13047911443,2026-07-29 12:42:54.868134,29/07/26,12:42:54
27652,0.13,27.652,130.18949804715754,13047939095,2026-07-29 12:43:22.520134,29/07/26,12:43:22
27981,0.13,27.981,128.6587327114828,13047967076,2026-07-29 12:43:50.501134,29/07/26,12:43:50
27722,0.13,27.722,129.86076040689704,13047994798,2026-07-29 12:44:18.223134,29/07/26,12:44:18
27803,0.13,27.803,129.48242995360212,13048022601,2026-07-29 12:44:46.026134,29/07/26,12:44:46
27718,0.13,27.718,129.87950068547514,13048050319,2026-07-29 12:45:13.744134,29/07/26,12:45:13
27280,0.13,27.28,131.96480938416423,13048077599,2026-07-29 12:45:41.024134,29/07/26,12:45:41
27529,0.13,27.529,130.77118674851974,13048105128,2026-07-29 12:46:08.553134,29/07/26,12:46:8
27604,0.13,27.604,130.4158817562672,13048132732,2026-07-29 12:46:36.157134,29/07/26,12:46:36
27865,0.13,27.865,129.19432980441414,13048160597,2026-07-29 12:47:04.022134,29/07/26,12:47:4
27876,0.13,27.876,129.14334911752044,13048188473,2026-07-29 12:47:31.898134,29/07/26,12:47:31
27726,0.13,27.726,129.84202553559837,13048216199,2026-07-29 12:47:59.624134,29/07/26,12:47:59
27708,0.13,27.708,129.926375054136,13048243907,2026-07-29 12:48:27.332134,29/07/26,12:48:27
27940,0.13,27.94,128.84753042233356,13048271847,2026-07-29 12:48:55.272134,29/07/26,12:48:55
27485,0.13,27.485,130.9805348371839,13048299332,2026-07-29 12:49:22.757134,29/07/26,12:49:22
27602,0.13,27.602,130.42533149771756,13048326934,2026-07-29 12:49:50.359134,29/07/26,12:49:50
27611,0.13,27.611,130.3828184419253,13048354545,2026-07-29 12:50:17.970134,29/07/26,12:50:17
27604,0.13,27.604,130.4158817562672,13048382149,2026-07-29 12:50:45.574134,29/07/26,12:50:45
27288,0.13,27.288,131.92612137203167,13048409437,2026-07-29 12:51:12.862134,29/07/26,12:51:12
27716,0.13,27.716,129.88887285322556,13048437153,2026-07-29 12:51:40.578134,29/07/26,12:51:40
27636,0.13,27.636,130.2648719062093,13048464789,2026-07-29 12:52:08.214134,29/07/26,12:52:8
27430,0.13,27.43,131.24316441851988,13048492219,2026-07-29 12:52:35.644134,29/07/26,12:52:35
27515,0.13,27.515,130.83772487733964,13048519734,2026-07-29 12:53:03.159134,29/07/26,12:53:3
27734,0.13,27.734,129.80457200548065,13048547468,2026-07-29 12:53:30.893134,29/07/26,12:53:30
27539,0.13,27.539,130.72370093322198,13048575007,2026-07-29 12:53:58.432134,29/07/26,12:53:58
27181,0.13,27.181,132.44545822449504,13048602188,2026-07-29 12:54:25.613134,29/07/26,12:54:25
17754,0.2,17.754,202.77120648867862,13048619942,2026-07-29 12:54:43.367134,29/07/26,12:54:43
16983,0.21,16.983,211.97668256491787,13048636925,2026-07-29 12:55:00.350134,29/07/26,12:55:0
16953,0.21,16.953,212.3517961422757,13048653878,2026-07-29 12:55:17.303134,29/07/26,12:55:17
16927,0.21,16.927,212.67797010692976,13048670805,2026-07-29 12:55:34.230134,29/07/26,12:55:34
16933,0.21,16.933,212.60261028760408,13048687738,2026-07-29 12:55:51.163134,29/07/26,12:55:51
16920,0.21,16.92,212.7659574468085,13048704658,2026-07-29 12:56:08.083134,29/07/26,12:56:8
17043,0.21,17.043,211.23041718007394,13048721701,2026-07-29 12:56:25.126134,29/07/26,12:56:25
17170,0.21,17.17,209.66802562609203,13048738871,2026-07-29 12:56:42.296134,29/07/26,12:56:42
17247,0.21,17.247,208.73195338319707,13048756118,2026-07-29 12:56:59.543134,29/07/26,12:56:59
17298,0.21,17.298,208.1165452653486,13048773416,2026-07-29 12:57:16.841134,29/07/26,12:57:16
17342,0.21,17.342,207.5885134355899,13048790758,2026-07-29 12:57:34.183134,29/07/26,12:57:34
17421,0.21,17.421,206.6471499913897,13048808179,2026-07-29 12:57:51.604134,29/07/26,12:57:51
17441,0.21,17.441,206.41018290235652,13048825620,2026-07-29 12:58:09.045134,29/07/26,12:58:9
17502,0.2,17.502,205.6907781967775,13048843122,2026-07-29 12:58:26.547134,29/07/26,12:58:26
17575,0.2,17.575,204.83641536273115,13048860697,2026-07-29 12:58:44.122134,29/07/26,12:58:44
17535,0.2,17.535,205.30367835757056,13048878232,2026-07-29 12:59:01.657134,29/07/26,12:59:1
17622,0.2,17.622,204.29009193054137,13048895854,2026-07-29 12:59:19.279134,29/07/26,12:59:19
17655,0.2,17.655,203.90824129141888,13048913509,2026-07-29 12:59:36.934134,29/07/26,12:59:36
18216,0.2,18.216,197.62845849802372,13048931725,2026-07-29 12:59:55.150134,29/07/26,12:59:55
18281,0.2,18.281,196.9257699250588,13048950006,2026-07-29 13:00:13.431134,29/07/26,13:0:13
18348,0.2,18.348,196.20667102681492,13048968354,2026-07-29 13:00:31.779134,29/07/26,13:0:31
17427,0.21,17.427,206.57600275434672,13048985781,2026-07-29 13:00:49.206134,29/07/26,13:0:49
17828,0.2,17.828,201.92954902400717,13049003609,2026-07-29 13:01:07.034134,29/07/26,13:1:7
17920,0.2,17.92,200.89285714285714,13049021529,2026-07-29 13:01:24.954134,29/07/26,13:1:24
17936,0.2,17.936,200.71364852809992,13049039465,2026-07-29 13:01:42.890134,29/07/26,13:1:42
18001,0.2,18.001,199.98888950613855,13049057466,2026-07-29 13:02:00.891134,29/07/26,13:2:0
17989,0.2,17.989,200.12229695925288,13049075455,2026-07-29 13:02:18.880134,29/07/26,13:2:18
22541,0.16,22.541,159.70897475710927,13049097996,2026-07-29 13:02:41.421134,29/07/26,13:2:41
27517,0.13,27.517,130.8282152850965,13049125513,2026-07-29 13:03:08.938134,29/07/26,13:3:8
27404,0.13,27.404,131.36768354984673,13049152917,2026-07-29 13:03:36.342134,29/07/26,13:3:36
27605,0.13,27.605,130.4111573990219,13049180522,2026-07-29 13:04:03.947134,29/07/26,13:4:3
27184,0.13,27.184,132.4308416715715,13049207706,2026-07-29 13:04:31.131134,29/07/26,13:4:31
26691,0.13,26.691,134.87692480611443,13049234397,2026-07-29 13:04:57.822134,29/07/26,13:4:57
27056,0.13,27.056,133.05736250739207,13049261453,2026-07-29 13:05:24.878134,29/07/26,13:5:24
27330,0.13,27.33,131.72338090010976,13049288783,2026-07-29 13:05:52.208134,29/07/26,13:5:52
27364,0.13,27.364,131.5597134921795,13049316147,2026-07-29 13:06:19.572134,29/07/26,13:6:19
27733,0.13,27.733,129.80925251505425,13049343880,2026-07-29 13:06:47.305134,29/07/26,13:6:47
27385,0.13,27.385,131.4588278254519,13049371265,2026-07-29 13:07:14.690134,29/07/26,13:7:14
27491,0.13,27.491,130.95194791022516,13049398756,2026-07-29 13:07:42.181134,29/07/26,13:7:42
26894,0.13,26.894,133.8588532758236,13049425650,2026-07-29 13:08:09.075134,29/07/26,13:8:9
27555,0.13,27.555,130.647795318454,13049453205,2026-07-29 13:08:36.630134,29/07/26,13:8:36
27377,0.13,27.377,131.49724221061476,13049480582,2026-07-29 13:09:04.007134,29/07/26,13:9:4
27207,0.13,27.207,132.31888852133642,13049507789,2026-07-29 13:09:31.214134,29/07/26,13:9:31
27332,0.13,27.332,131.71374213376262,13049535121,2026-07-29 13:09:58.546134,29/07/26,13:9:58
27520,0.13,27.52,130.8139534883721,13049562641,2026-07-29 13:10:26.066134,29/07/26,13:10:26
27552,0.13,27.552,130.66202090592336,13049590193,2026-07-29 13:10:53.618134,29/07/26,13:10:53
27573,0.13,27.573,130.56250680013056,13049617766,2026-07-29 13:11:21.191134,29/07/26,13:11:21
27789,0.13,27.789,129.5476627442513,13049645555,2026-07-29 13:11:48.980134,29/07/26,13:11:48
27804,0.13,27.804,129.4777729823047,13049673359,2026-07-29 13:12:16.784134,29/07/26,13:12:16
27738,0.13,27.738,129.78585334198573,13049701097,2026-07-29 13:12:44.522134,29/07/26,13:12:44
27811,0.13,27.811,129.4451835604617,13049728908,2026-07-29 13:13:12.333134,29/07/26,13:13:12
28586,0.12,28.586,125.93577275589449,13049757494,2026-07-29 13:13:40.919134,29/07/26,13:13:40
29046,0.12,29.046,123.94133443503408,13049786540,2026-07-29 13:14:09.965134,29/07/26,13:14:9
29329,0.12,29.329,122.74540557127757,13049815869,2026-07-29 13:14:39.294134,29/07/26,13:14:39
29021,0.12,29.021,124.0481030977568,13049844890,2026-07-29 13:15:08.315134,29/07/26,13:15:8
29124,0.12,29.124,123.60939431396787,13049874014,2026-07-29 13:15:37.439134,29/07/26,13:15:37
29064,0.12,29.064,123.86457473162676,13049903078,2026-07-29 13:16:06.503134,29/07/26,13:16:6
29091,0.12,29.091,123.7496132824585,13049932169,2026-07-29 13:16:35.594134,29/07/26,13:16:35
28969,0.12,28.969,124.27077220477062,13049961138,2026-07-29 13:17:04.563134,29/07/26,13:17:4
29151,0.12,29.151,123.4949058351343,13049990289,2026-07-29 13:17:33.714134,29/07/26,13:17:33
28586,0.12,28.586,125.93577275589449,13050018875,2026-07-29 13:18:02.300134,29/07/26,13:18:2
29147,0.12,29.147,123.51185370707105,13050048022,2026-07-29 13:18:31.447134,29/07/26,13:18:31
29149,0.12,29.149,123.5033791896806,13050077171,2026-07-29 13:19:00.596134,29/07/26,13:19:0
29123,0.12,29.123,123.61363870480376,13050106294,2026-07-29 13:19:29.719134,29/07/26,13:19:29
29150,0.12,29.15,123.4991423670669,13050135444,2026-07-29 13:19:58.869134,29/07/26,13:19:58
29095,0.12,29.095,123.7326001031105,13050164539,2026-07-29 13:20:27.964134,29/07/26,13:20:27
29102,0.12,29.102,123.70283829290084,13050193641,2026-07-29 13:20:57.066134,29/07/26,13:20:57
29079,0.12,29.079,123.80068090374498,13050222720,2026-07-29 13:21:26.145134,29/07/26,13:21:26
28878,0.12,28.878,124.66237274049449,13050251598,2026-07-29 13:21:55.023134,29/07/26,13:21:55
28312,0.13,28.312,127.15456343599887,13050279910,2026-07-29 13:22:23.335134,29/07/26,13:22:23
28741,0.12,28.741,125.25660206673393,13050308651,2026-07-29 13:22:52.076134,29/07/26,13:22:52
28706,0.12,28.706,125.40932209294225,13050337357,2026-07-29 13:23:20.782134,29/07/26,13:23:20
28725,0.12,28.725,125.32637075718016,13050366082,2026-07-29 13:23:49.507134,29/07/26,13:23:49
27628,0.13,27.628,130.30259157376574,13050393710,2026-07-29 13:24:17.135134,29/07/26,13:24:17
27924,0.13,27.924,128.9213579716373,13050421634,2026-07-29 13:24:45.059134,29/07/26,13:24:45
28101,0.13,28.101,128.10931995302658,13050449735,2026-07-29 13:25:13.160134,29/07/26,13:25:13
28502,0.13,28.502,126.30692582976633,13050478237,2026-07-29 13:25:41.662134,29/07/26,13:25:41
28133,0.13,28.133,127.96360146447233,13050506370,2026-07-29 13:26:09.795134,29/07/26,13:26:9
28284,0.13,28.284,127.28044123886296,13050534654,2026-07-29 13:26:38.079134,29/07/26,13:26:38
28236,0.13,28.236,127.49681257968551,13050562890,2026-07-29 13:27:06.315134,29/07/26,13:27:6
28277,0.13,28.277,127.31194964105103,13050591167,2026-07-29 13:27:34.592134,29/07/26,13:27:34
27925,0.13,27.925,128.9167412712623,13050619092,2026-07-29 13:28:02.517134,29/07/26,13:28:2
28099,0.13,28.099,128.11843837858999,13050647191,2026-07-29 13:28:30.616134,29/07/26,13:28:30
28446,0.13,28.446,126.55557899177388,13050675637,2026-07-29 13:28:59.062134,29/07/26,13:28:59
28334,0.13,28.334,127.05583398037693,13050703971,2026-07-29 13:29:27.396134,29/07/26,13:29:27
28630,0.12,28.63,125.74222843171498,13050732601,2026-07-29 13:29:56.026134,29/07/26,13:29:56
28665,0.12,28.665,125.58869701726844,13050761266,2026-07-29 13:30:24.691134,29/07/26,13:30:24
28780,0.12,28.78,125.0868658790827,13050790046,2026-07-29 13:30:53.471134,29/07/26,13:30:53
28467,0.13,28.467,126.46221941195068,13050818513,2026-07-29 13:31:21.938134,29/07/26,13:31:21
28589,0.12,28.589,125.92255762705936,13050847102,2026-07-29 13:31:50.527134,29/07/26,13:31:50
28533,0.13,28.533,126.16969824413836,13050875635,2026-07-29 13:32:19.060134,29/07/26,13:32:19
22642,0.16,22.642,158.99655507464004,13050898277,2026-07-29 13:32:41.702134,29/07/26,13:32:41
17467,0.21,17.467,206.1029369668518,13050915744,2026-07-29 13:32:59.169134,29/07/26,13:32:59
17306,0.21,17.306,208.02033976655494,13050933050,2026-07-29 13:33:16.475134,29/07/26,13:33:16
17354,0.21,17.354,207.4449694594906,13050950404,2026-07-29 13:33:33.829134,29/07/26,13:33:33
17320,0.21,17.32,207.85219399538107,13050967724,2026-07-29 13:33:51.149134,29/07/26,13:33:51
17325,0.21,17.325,207.7922077922078,13050985049,2026-07-29 13:34:08.474134,29/07/26,13:34:8
17520,0.2,17.52,205.4794520547945,13051002569,2026-07-29 13:34:25.994134,29/07/26,13:34:25
17355,0.21,17.355,207.43301642178048,13051019924,2026-07-29 13:34:43.349134,29/07/26,13:34:43
17570,0.2,17.57,204.89470688673876,13051037494,2026-07-29 13:35:00.919134,29/07/26,13:35:0
17926,0.2,17.926,200.82561642307263,13051055420,2026-07-29 13:35:18.845134,29/07/26,13:35:18
18058,0.2,18.058,199.35762542917266,13051073478,2026-07-29 13:35:36.903134,29/07/26,13:35:36
18113,0.2,18.113,198.75227736984488,13051091591,2026-07-29 13:35:55.016134,29/07/26,13:35:55
18039,0.2,18.039,199.56760352569432,13051109630,2026-07-29 13:36:13.055134,29/07/26,13:36:13
18190,0.2,18.19,197.91094007696537,13051127820,2026-07-29 13:36:31.245134,29/07/26,13:36:31
18244,0.2,18.244,197.325147993861,13051146064,2026-07-29 13:36:49.489134,29/07/26,13:36:49
18214,0.2,18.214,197.6501592181838,13051164278,2026-07-29 13:37:07.703134,29/07/26,13:37:7
18328,0.2,18.328,196.4207769532955,13051182606,2026-07-29 13:37:26.031134,29/07/26,13:37:26
18370,0.19,18.37,195.971692977681,13051200976,2026-07-29 13:37:44.401134,29/07/26,13:37:44
18248,0.2,18.248,197.2818939061815,13051219224,2026-07-29 13:38:02.649134,29/07/26,13:38:2
18215,0.2,18.215,197.63930826242108,13051237439,2026-07-29 13:38:20.864134,29/07/26,13:38:20
18433,0.19,18.433,195.3019041935659,13051255872,2026-07-29 13:38:39.297134,29/07/26,13:38:39
18542,0.19,18.542,194.15381296516017,13051274414,2026-07-29 13:38:57.839134,29/07/26,13:38:57
18498,0.19,18.498,194.61563412260784,13051292912,2026-07-29 13:39:16.337134,29/07/26,13:39:16
18650,0.19,18.65,193.02949061662198,13051311562,2026-07-29 13:39:34.987134,29/07/26,13:39:34
18561,0.19,18.561,193.95506707612736,13051330123,2026-07-29 13:39:53.548134,29/07/26,13:39:53
18606,0.19,18.606,193.48597226701065,13051348729,2026-07-29 13:40:12.154134,29/07/26,13:40:12
21909,0.16,21.909,164.31603450636726,13051370638,2026-07-29 13:40:34.063134,29/07/26,13:40:34
29095,0.12,29.095,123.7326001031105,13051399733,2026-07-29 13:41:03.158134,29/07/26,13:41:3
29315,0.12,29.315,122.80402524304964,13051429048,2026-07-29 13:41:32.473134,29/07/26,13:41:32
29260,0.12,29.26,123.03485987696514,13051458308,2026-07-29 13:42:01.733134,29/07/26,13:42:1
29196,0.12,29.196,123.30456226880395,13051487504,2026-07-29 13:42:30.929134,29/07/26,13:42:30
29133,0.12,29.133,123.57120790855731,13051516637,2026-07-29 13:43:00.062134,29/07/26,13:43:0
29109,0.12,29.109,123.67309079666083,13051545746,2026-07-29 13:43:29.171134,29/07/26,13:43:29
29228,0.12,29.228,123.16956343232516,13051574974,2026-07-29 13:43:58.399134,29/07/26,13:43:58
29205,0.12,29.205,123.26656394453005,13051604179,2026-07-29 13:44:27.604134,29/07/26,13:44:27
29117,0.12,29.117,123.63911117216746,13051633296,2026-07-29 13:44:56.721134,29/07/26,13:44:56
29004,0.12,29.004,124.12081092263136,13051662300,2026-07-29 13:45:25.725134,29/07/26,13:45:25
29166,0.12,29.166,123.43139271754782,13051691466,2026-07-29 13:45:54.891134,29/07/26,13:45:54
28876,0.12,28.876,124.6710070646904,13051720342,2026-07-29 13:46:23.767134,29/07/26,13:46:23
28923,0.12,28.923,124.46841613940462,13051749265,2026-07-29 13:46:52.690134,29/07/26,13:46:52
29108,0.12,29.108,123.67733956300674,13051778373,2026-07-29 13:47:21.798134,29/07/26,13:47:21
29003,0.12,29.003,124.1250905078785,13051807376,2026-07-29 13:47:50.801134,29/07/26,13:47:50
28905,0.12,28.905,124.54592631032693,13051836281,2026-07-29 13:48:19.706134,29/07/26,13:48:19
29101,0.12,29.101,123.70708910346724,13051865382,2026-07-29 13:48:48.807134,29/07/26,13:48:48
28779,0.12,28.779,125.09121234233295,13051894161,2026-07-29 13:49:17.586134,29/07/26,13:49:17
29046,0.12,29.046,123.94133443503408,13051923207,2026-07-29 13:49:46.632134,29/07/26,13:49:46
28642,0.12,28.642,125.6895468193562,13051951849,2026-07-29 13:50:15.274134,29/07/26,13:50:15
29201,0.12,29.201,123.28344919694531,13051981050,2026-07-29 13:50:44.475134,29/07/26,13:50:44
29186,0.12,29.186,123.34681011443843,13052010236,2026-07-29 13:51:13.661134,29/07/26,13:51:13
29280,0.12,29.28,122.95081967213115,13052039516,2026-07-29 13:51:42.941134,29/07/26,13:51:42
29261,0.12,29.261,123.03065513823861,13052068777,2026-07-29 13:52:12.202134,29/07/26,13:52:12
29220,0.12,29.22,123.20328542094455,13052097997,2026-07-29 13:52:41.422134,29/07/26,13:52:41
29256,0.12,29.256,123.05168170631666,13052127253,2026-07-29 13:53:10.678134,29/07/26,13:53:10
29283,0.12,29.283,122.9382235426698,13052156536,2026-07-29 13:53:39.961134,29/07/26,13:53:39
28929,0.12,28.929,124.44260085035778,13052185465,2026-07-29 13:54:08.890134,29/07/26,13:54:8
28964,0.12,28.964,124.29222483082447,13052214429,2026-07-29 13:54:37.854134,29/07/26,13:54:37
28943,0.12,28.943,124.38240679957157,13052243372,2026-07-29 13:55:06.797134,29/07/26,13:55:6
29170,0.12,29.17,123.41446691806651,13052272542,2026-07-29 13:55:35.967134,29/07/26,13:55:35
28966,0.12,28.966,124.28364289166609,13052301508,2026-07-29 13:56:04.933134,29/07/26,13:56:4
28873,0.12,28.873,124.68396079382121,13052330381,2026-07-29 13:56:33.806134,29/07/26,13:56:33
28691,0.12,28.691,125.4748875954132,13052359072,2026-07-29 13:57:02.497134,29/07/26,13:57:2
28898,0.12,28.898,124.57609523150391,13052387970,2026-07-29 13:57:31.395134,29/07/26,13:57:31
28568,0.13,28.568,126.01512181461776,13052416538,2026-07-29 13:57:59.963134,29/07/26,13:57:59
28857,0.12,28.857,124.75309283709325,13052445395,2026-07-29 13:58:28.820134,29/07/26,13:58:28
28990,0.12,28.99,124.18075198344256,13052474385,2026-07-29 13:58:57.810134,29/07/26,13:58:57
29061,0.12,29.061,123.87736141220192,13052503446,2026-07-29 13:59:26.871134,29/07/26,13:59:26
29090,0.12,29.09,123.75386730835339,13052532536,2026-07-29 13:59:55.961134,29/07/26,13:59:55
29031,0.12,29.031,124.00537356618787,13052561567,2026-07-29 14:00:24.992134,29/07/26,14:0:24
28457,0.13,28.457,126.50665916997575,13052590024,2026-07-29 14:00:53.449134,29/07/26,14:0:53
28391,0.13,28.391,126.80074671550844,13052618415,2026-07-29 14:01:21.840134,29/07/26,14:1:21
28445,0.13,28.445,126.5600281244507,13052646860,2026-07-29 14:01:50.285134,29/07/26,14:1:50
28209,0.13,28.209,127.6188450494523,13052675069,2026-07-29 14:02:18.494134,29/07/26,14:2:18
28155,0.13,28.155,127.86361214704316,13052703224,2026-07-29 14:02:46.649134,29/07/26,14:2:46
28120,0.13,28.12,128.02275960170698,13052731344,2026-07-29 14:03:14.769134,29/07/26,14:3:14
28504,0.13,28.504,126.29806342969408,13052759848,2026-07-29 14:03:43.273134,29/07/26,14:3:43
28468,0.13,28.468,126.45777715329493,13052788316,2026-07-29 14:04:11.741134,29/07/26,14:4:11
28478,0.13,28.478,126.41337172554252,13052816794,2026-07-29 14:04:40.219134,29/07/26,14:4:40
28258,0.13,28.258,127.39755113596149,13052845052,2026-07-29 14:05:08.477134,29/07/26,14:5:8
28563,0.13,28.563,126.03718096838567,13052873615,2026-07-29 14:05:37.040134,29/07/26,14:5:37
28463,0.13,28.463,126.47999156800056,13052902078,2026-07-29 14:06:05.503134,29/07/26,14:6:5
28410,0.13,28.41,126.71594508975713,13052930488,2026-07-29 14:06:33.913134,29/07/26,14:6:33
28521,0.13,28.521,126.22278321236983,13052959009,2026-07-29 14:07:02.434134,29/07/26,14:7:2
27760,0.13,27.76,129.6829971181556,13052986769,2026-07-29 14:07:30.194134,29/07/26,14:7:30
28489,0.13,28.489,126.36456176067956,13053015258,2026-07-29 14:07:58.683134,29/07/26,14:7:58
28430,0.13,28.43,126.6268026732325,13053043688,2026-07-29 14:08:27.113134,29/07/26,14:8:27
28564,0.13,28.564,126.03276851981515,13053072252,2026-07-29 14:08:55.677134,29/07/26,14:8:55
28070,0.13,28.07,128.2508015675098,13053100322,2026-07-29 14:09:23.747134,29/07/26,14:9:23
28581,0.12,28.581,125.95780413561457,13053128903,2026-07-29 14:09:52.328134,29/07/26,14:9:52
28551,0.13,28.551,126.09015446043921,13053157454,2026-07-29 14:10:20.879134,29/07/26,14:10:20
22946,0.16,22.946,156.89008977599582,13053180400,2026-07-29 14:10:43.825134,29/07/26,14:10:43
17409,0.21,17.409,206.7895915905566,13053197809,2026-07-29 14:11:01.234134,29/07/26,14:11:1
17317,0.21,17.317,207.88820234451694,13053215126,2026-07-29 14:11:18.551134,29/07/26,14:11:18
17371,0.21,17.371,207.241954982442,13053232497,2026-07-29 14:11:35.922134,29/07/26,14:11:35
17403,0.21,17.403,206.8608860541286,13053249900,2026-07-29 14:11:53.325134,29/07/26,14:11:53
17371,0.21,17.371,207.241954982442,13053267271,2026-07-29 14:12:10.696134,29/07/26,14:12:10
17586,0.2,17.586,204.70829068577277,13053284857,2026-07-29 14:12:28.282134,29/07/26,14:12:28
17580,0.2,17.58,204.77815699658703,13053302437,2026-07-29 14:12:45.862134,29/07/26,14:12:45
17670,0.2,17.67,203.73514431239389,13053320107,2026-07-29 14:13:03.532134,29/07/26,14:13:3
17808,0.2,17.808,202.15633423180594,13053337915,2026-07-29 14:13:21.340134,29/07/26,14:13:21
17808,0.2,17.808,202.15633423180594,13053355723,2026-07-29 14:13:39.148134,29/07/26,14:13:39
17696,0.2,17.696,203.4358047016275,13053373419,2026-07-29 14:13:56.844134,29/07/26,14:13:56
17841,0.2,17.841,201.78241129981504,13053391260,2026-07-29 14:14:14.685134,29/07/26,14:14:14
18107,0.2,18.107,198.81813663224167,13053409367,2026-07-29 14:14:32.792134,29/07/26,14:14:32
18137,0.2,18.137,198.48927606550146,13053427504,2026-07-29 14:14:50.929134,29/07/26,14:14:50
18161,0.2,18.161,198.2269698805132,13053445665,2026-07-29 14:15:09.090134,29/07/26,14:15:9
18268,0.2,18.268,197.06590759798556,13053463933,2026-07-29 14:15:27.358134,29/07/26,14:15:27
18292,0.2,18.292,196.80734747430571,13053482225,2026-07-29 14:15:45.650134,29/07/26,14:15:45
18246,0.2,18.246,197.30351857941466,13053500471,2026-07-29 14:16:03.896134,29/07/26,14:16:3
18386,0.19,18.386,195.80115305123462,13053518857,2026-07-29 14:16:22.282134,29/07/26,14:16:22
18381,0.19,18.381,195.85441488493552,13053537238,2026-07-29 14:16:40.663134,29/07/26,14:16:40
18433,0.19,18.433,195.3019041935659,13053555671,2026-07-29 14:16:59.096134,29/07/26,14:16:59
18510,0.19,18.51,194.48946515397083,13053574181,2026-07-29 14:17:17.606134,29/07/26,14:17:17
18494,0.19,18.494,194.65772683032336,13053592675,2026-07-29 14:17:36.100134,29/07/26,14:17:36
18484,0.19,18.484,194.76303830339754,13053611159,2026-07-29 14:17:54.584134,29/07/26,14:17:54
18483,0.19,18.483,194.77357571822756,13053629642,2026-07-29 14:18:13.067134,29/07/26,14:18:13
22482,0.16,22.482,160.1281024819856,13053652124,2026-07-29 14:18:35.549134,29/07/26,14:18:35
28917,0.12,28.917,124.49424214130096,13053681041,2026-07-29 14:19:04.466134,29/07/26,14:19:4
28853,0.12,28.853,124.7703878279555,13053709894,2026-07-29 14:19:33.319134,29/07/26,14:19:33
28898,0.12,28.898,124.57609523150391,13053738792,2026-07-29 14:20:02.217134,29/07/26,14:20:2
28107,0.13,28.107,128.08197246237592,13053766899,2026-07-29 14:20:30.324134,29/07/26,14:20:30
28815,0.12,28.815,124.93492972410203,13053795714,2026-07-29 14:20:59.139134,29/07/26,14:20:59
28992,0.12,28.992,124.17218543046357,13053824706,2026-07-29 14:21:28.131134,29/07/26,14:21:28
29148,0.12,29.148,123.50761630300535,13053853854,2026-07-29 14:21:57.279134,29/07/26,14:21:57
28645,0.12,28.645,125.67638331296911,13053882499,2026-07-29 14:22:25.924134,29/07/26,14:22:25
28481,0.13,28.481,126.40005617780274,13053910980,2026-07-29 14:22:54.405134,29/07/26,14:22:54
28409,0.13,28.409,126.72040550529762,13053939389,2026-07-29 14:23:22.814134,29/07/26,14:23:22
28512,0.13,28.512,126.26262626262626,13053967901,2026-07-29 14:23:51.326134,29/07/26,14:23:51
27389,0.13,27.389,131.43962904815803,13053995290,2026-07-29 14:24:18.715134,29/07/26,14:24:18
27805,0.13,27.805,129.47311634598094,13054023095,2026-07-29 14:24:46.520134,29/07/26,14:24:46
27842,0.13,27.842,129.30105595862366,13054050937,2026-07-29 14:25:14.362134,29/07/26,14:25:14
28013,0.13,28.013,128.5117623960304,13054078950,2026-07-29 14:25:42.375134,29/07/26,14:25:42
28090,0.13,28.09,128.15948736205056,13054107040,2026-07-29 14:26:10.465134,29/07/26,14:26:10
28260,0.13,28.26,127.38853503184713,13054135300,2026-07-29 14:26:38.725134,29/07/26,14:26:38
28083,0.13,28.083,128.1914325392586,13054163383,2026-07-29 14:27:06.808134,29/07/26,14:27:6
28213,0.13,28.213,127.60075142664729,13054191596,2026-07-29 14:27:35.021134,29/07/26,14:27:35
27935,0.13,27.935,128.87059244675137,13054219531,2026-07-29 14:28:02.956134,29/07/26,14:28:2
27856,0.13,27.856,129.2360712234348,13054247387,2026-07-29 14:28:30.812134,29/07/26,14:28:30
28063,0.13,28.063,128.2827922887788,13054275450,2026-07-29 14:28:58.875134,29/07/26,14:28:58
26695,0.13,26.695,134.85671474058813,13054302145,2026-07-29 14:29:25.570134,29/07/26,14:29:25
27666,0.13,27.666,130.12361743656473,13054329811,2026-07-29 14:29:53.236134,29/07/26,14:29:53
28358,0.13,28.358,126.94830382960717,13054358169,2026-07-29 14:30:21.594134,29/07/26,14:30:21
28506,0.13,28.506,126.28920227320565,13054386675,2026-07-29 14:30:50.100134,29/07/26,14:30:50
28423,0.13,28.423,126.65798824895332,13054415098,2026-07-29 14:31:18.523134,29/07/26,14:31:18
28584,0.12,28.584,125.94458438287154,13054443682,2026-07-29 14:31:47.107134,29/07/26,14:31:47
28358,0.13,28.358,126.94830382960717,13054472040,2026-07-29 14:32:15.465134,29/07/26,14:32:15
28402,0.13,28.402,126.75163720864728,13054500442,2026-07-29 14:32:43.867134,29/07/26,14:32:43
28487,0.13,28.487,126.37343349598062,13054528929,2026-07-29 14:33:12.354134,29/07/26,14:33:12
28559,0.13,28.559,126.05483385272593,13054557488,2026-07-29 14:33:40.913134,29/07/26,14:33:40
28572,0.12,28.572,125.99748005039899,13054586060,2026-07-29 14:34:09.485134,29/07/26,14:34:9
28690,0.12,28.69,125.47926106657371,13054614750,2026-07-29 14:34:38.175134,29/07/26,14:34:38
28424,0.13,28.424,126.65353222628764,13054643174,2026-07-29 14:35:06.599134,29/07/26,14:35:6
28637,0.12,28.637,125.71149212557181,13054671811,2026-07-29 14:35:35.236134,29/07/26,14:35:35
28555,0.13,28.555,126.07249168271757,13054700366,2026-07-29 14:36:03.791134,29/07/26,14:36:3
28667,0.12,28.667,125.57993511703353,13054729033,2026-07-29 14:36:32.458134,29/07/26,14:36:32
28713,0.12,28.713,125.37874830216278,13054757746,2026-07-29 14:37:01.171134,29/07/26,14:37:1
27251,0.13,27.251,132.1052438442626,13054784997,2026-07-29 14:37:28.422134,29/07/26,14:37:28
26509,0.14,26.509,135.8029348523143,13054811506,2026-07-29 14:37:54.931134,29/07/26,14:37:54
26439,0.14,26.439,136.16248723476681,13054837945,2026-07-29 14:38:21.370134,29/07/26,14:38:21
27945,0.13,27.945,128.8244766505636,13054865890,2026-07-29 14:38:49.315134,29/07/26,14:38:49
27169,0.13,27.169,132.50395671537413,13054893059,2026-07-29 14:39:16.484134,29/07/26,14:39:16
27267,0.13,27.267,132.0277258224227,13054920326,2026-07-29 14:39:43.751134,29/07/26,14:39:43
28019,0.13,28.019,128.48424283521896,13054948345,2026-07-29 14:40:11.770134,29/07/26,14:40:11
27694,0.13,27.694,129.9920560410197,13054976039,2026-07-29 14:40:39.464134,29/07/26,14:40:39
27700,0.13,27.7,129.9638989169675,13055003739,2026-07-29 14:41:07.164134,29/07/26,14:41:7
18352,0.2,18.352,196.1639058413252,13055022091,2026-07-29 14:41:25.516134,29/07/26,14:41:25
26959,0.13,26.959,133.53611038985125,13055049050,2026-07-29 14:41:52.475134,29/07/26,14:41:52
27439,0.13,27.439,131.20011662232588,13055076489,2026-07-29 14:42:19.914134,29/07/26,14:42:19
28151,0.13,28.151,127.88178039856489,13055104640,2026-07-29 14:42:48.065134,29/07/26,14:42:48
27742,0.13,27.742,129.76714007641843,13055132382,2026-07-29 14:43:15.807134,29/07/26,14:43:15
27649,0.13,27.649,130.20362400086802,13055160031,2026-07-29 14:43:43.456134,29/07/26,14:43:43
26854,0.13,26.854,134.05824085797275,13055186885,2026-07-29 14:44:10.310134,29/07/26,14:44:10
26178,0.14,26.178,137.520055008022,13055213063,2026-07-29 14:44:36.488134,29/07/26,14:44:36
26489,0.14,26.489,135.90547019517535,13055239552,2026-07-29 14:45:02.977134,29/07/26,14:45:2
26999,0.13,26.999,133.338271787844,13055266551,2026-07-29 14:45:29.976134,29/07/26,14:45:29
26909,0.13,26.909,133.78423575755323,13055293460,2026-07-29 14:45:56.885134,29/07/26,14:45:56
26825,0.13,26.825,134.2031686859273,13055320285,2026-07-29 14:46:23.710134,29/07/26,14:46:23
22146,0.16,22.146,162.5575724735844,13055342431,2026-07-29 14:46:45.856134,29/07/26,14:46:45
16860,0.21,16.86,213.52313167259786,13055359291,2026-07-29 14:47:02.716134,29/07/26,14:47:2
17207,0.21,17.207,209.21717905503573,13055376498,2026-07-29 14:47:19.923134,29/07/26,14:47:19
16565,0.22,16.565,217.32568668880168,13055393063,2026-07-29 14:47:36.488134,29/07/26,14:47:36
16504,0.22,16.504,218.12893843916626,13055409567,2026-07-29 14:47:52.992134,29/07/26,14:47:52
16710,0.22,16.71,215.43985637342908,13055426277,2026-07-29 14:48:09.702134,29/07/26,14:48:9
16725,0.22,16.725,215.24663677130044,13055443002,2026-07-29 14:48:26.427134,29/07/26,14:48:26
16774,0.21,16.774,214.61786097531893,13055459776,2026-07-29 14:48:43.201134,29/07/26,14:48:43
16868,0.21,16.868,213.4218638842779,13055476644,2026-07-29 14:49:00.069134,29/07/26,14:49:0
16927,0.21,16.927,212.67797010692976,13055493571,2026-07-29 14:49:16.996134,29/07/26,14:49:16
16999,0.21,16.999,211.77716336255074,13055510570,2026-07-29 14:49:33.995134,29/07/26,14:49:33
17118,0.21,17.118,210.3049421661409,13055527688,2026-07-29 14:49:51.113134,29/07/26,14:49:51
17086,0.21,17.086,210.69881774552266,13055544774,2026-07-29 14:50:08.199134,29/07/26,14:50:8
17024,0.21,17.024,211.46616541353384,13055561798,2026-07-29 14:50:25.223134,29/07/26,14:50:25
17225,0.21,17.225,208.99854862119014,13055579023,2026-07-29 14:50:42.448134,29/07/26,14:50:42
17213,0.21,17.213,209.14425143786673,13055596236,2026-07-29 14:50:59.661134,29/07/26,14:50:59
17351,0.21,17.351,207.48083683937526,13055613587,2026-07-29 14:51:17.012134,29/07/26,14:51:17
17489,0.2,17.489,205.84367316599005,13055631076,2026-07-29 14:51:34.501134,29/07/26,14:51:34
17402,0.21,17.402,206.87277324445466,13055648478,2026-07-29 14:51:51.903134,29/07/26,14:51:51
17406,0.21,17.406,206.82523267838675,13055665884,2026-07-29 14:52:09.309134,29/07/26,14:52:9
17408,0.21,17.408,206.8014705882353,13055683292,2026-07-29 14:52:26.717134,29/07/26,14:52:26
17484,0.2,17.484,205.9025394646534,13055700776,2026-07-29 14:52:44.201134,29/07/26,14:52:44
17508,0.2,17.508,205.620287868403,13055718284,2026-07-29 14:53:01.709134,29/07/26,14:53:1
17499,0.2,17.499,205.72604148808503,13055735783,2026-07-29 14:53:19.208134,29/07/26,14:53:19
17564,0.2,17.564,204.96470052379868,13055753347,2026-07-29 14:53:36.772134,29/07/26,14:53:36
17631,0.2,17.631,204.1858090862685,13055770978,2026-07-29 14:53:54.403134,29/07/26,14:53:54
17578,0.2,17.578,204.80145636591195,13055788556,2026-07-29 14:54:11.981134,29/07/26,14:54:11
17601,0.2,17.601,204.53383330492585,13055806157,2026-07-29 14:54:29.582134,29/07/26,14:54:29
23618,0.15,23.618,152.42611567448557,13055829775,2026-07-29 14:54:53.200134,29/07/26,14:54:53
26982,0.13,26.982,133.422281521014,13055856757,2026-07-29 14:55:20.182134,29/07/26,14:55:20
27061,0.13,27.061,133.03277779830754,13055883818,2026-07-29 14:55:47.243134,29/07/26,14:55:47
26792,0.13,26.792,134.3684681994625,13055910610,2026-07-29 14:56:14.035134,29/07/26,14:56:14
26860,0.13,26.86,134.02829486224869,13055937470,2026-07-29 14:56:40.895134,29/07/26,14:56:40
26746,0.13,26.746,134.5995662902864,13055964216,2026-07-29 14:57:07.641134,29/07/26,14:57:7
26848,0.13,26.848,134.08820023837902,13055991064,2026-07-29 14:57:34.489134,29/07/26,14:57:34
26757,0.13,26.757,134.54423141607805,13056017821,2026-07-29 14:58:01.246134,29/07/26,14:58:1
26605,0.14,26.605,135.3129111069348,13056044426,2026-07-29 14:58:27.851134,29/07/26,14:58:27
26802,0.13,26.802,134.31833445265278,13056071228,2026-07-29 14:58:54.653134,29/07/26,14:58:54
26770,0.13,26.77,134.478894284647,13056097998,2026-07-29 14:59:21.423134,29/07/26,14:59:21
26417,0.14,26.417,136.2758829541583,13056124415,2026-07-29 14:59:47.840134,29/07/26,14:59:47
26071,0.14,26.071,138.0844616623835,13056150486,2026-07-29 15:00:13.911134,29/07/26,15:0:13
26296,0.14,26.296,136.9029510191664,13056176782,2026-07-29 15:00:40.207134,29/07/26,15:0:40
26010,0.14,26.01,138.4083044982699,13056202792,2026-07-29 15:01:06.217134,29/07/26,15:1:6
26438,0.14,26.438,136.16763749148953,13056229230,2026-07-29 15:01:32.655134,29/07/26,15:1:32
26439,0.14,26.439,136.16248723476681,13056255669,2026-07-29 15:01:59.094134,29/07/26,15:1:59
26273,0.14,26.273,137.0227990712899,13056281942,2026-07-29 15:02:25.367134,29/07/26,15:2:25
26430,0.14,26.43,136.2088535754824,13056308372,2026-07-29 15:02:51.797134,29/07/26,15:2:51
26388,0.14,26.388,136.4256480218281,13056334760,2026-07-29 15:03:18.185134,29/07/26,15:3:18
26367,0.14,26.367,136.53430424394128,13056361127,2026-07-29 15:03:44.552134,29/07/26,15:3:44
26587,0.14,26.587,135.40452100650694,13056387714,2026-07-29 15:04:11.139134,29/07/26,15:4:11
26591,0.14,26.591,135.38415253281187,13056414305,2026-07-29 15:04:37.730134,29/07/26,15:4:37
26427,0.14,26.427,136.2243160404132,13056440732,2026-07-29 15:05:04.157134,29/07/26,15:5:4
26426,0.14,26.426,136.2294709755544,13056467158,2026-07-29 15:05:30.583134,29/07/26,15:5:30
26358,0.14,26.358,136.58092419758708,13056493516,2026-07-29 15:05:56.941134,29/07/26,15:5:56
26563,0.14,26.563,135.52686067085796,13056520079,2026-07-29 15:06:23.504134,29/07/26,15:6:23
26764,0.13,26.764,134.509041996712,13056546843,2026-07-29 15:06:50.268134,29/07/26,15:6:50
26736,0.13,26.736,134.64991023339317,13056573579,2026-07-29 15:07:17.004134,29/07/26,15:7:17
26524,0.14,26.524,135.72613482129393,13056600103,2026-07-29 15:07:43.528134,29/07/26,15:7:43
26545,0.14,26.545,135.61876059521566,13056626648,2026-07-29 15:08:10.073134,29/07/26,15:8:10
26354,0.14,26.354,136.60165439781437,13056653002,2026-07-29 15:08:36.427134,29/07/26,15:8:36
26388,0.14,26.388,136.4256480218281,13056679390,2026-07-29 15:09:02.815134,29/07/26,15:9:2
26940,0.13,26.94,133.630289532294,13056706330,2026-07-29 15:09:29.755134,29/07/26,15:9:29
26354,0.14,26.354,136.60165439781437,13056732684,2026-07-29 15:09:56.109134,29/07/26,15:9:56
26091,0.14,26.091,137.97861331493618,13056758775,2026-07-29 15:10:22.200134,29/07/26,15:10:22
26536,0.14,26.536,135.66475731082303,13056785311,2026-07-29 15:10:48.736134,29/07/26,15:10:48
26515,0.14,26.515,135.77220441259664,13056811826,2026-07-29 15:11:15.251134,29/07/26,15:11:15
27172,0.13,27.172,132.48932724863832,13056838998,2026-07-29 15:11:42.423134,29/07/26,15:11:42
27279,0.13,27.279,131.96964698119433,13056866277,2026-07-29 15:12:09.702134,29/07/26,15:12:9
27217,0.13,27.217,132.2702722563104,13056893494,2026-07-29 15:12:36.919134,29/07/26,15:12:36
27196,0.13,27.196,132.37240770701573,13056920690,2026-07-29 15:13:04.115134,29/07/26,15:13:4
27274,0.13,27.274,131.99384028745325,13056947964,2026-07-29 15:13:31.389134,29/07/26,15:13:31
27327,0.13,27.327,131.7378416950269,13056975291,2026-07-29 15:13:58.716134,29/07/26,15:13:58
27393,0.13,27.393,131.420435877779,13057002684,2026-07-29 15:14:26.109134,29/07/26,15:14:26
27487,0.13,27.487,130.97100447484266,13057030171,2026-07-29 15:14:53.596134,29/07/26,15:14:53
27182,0.13,27.182,132.44058568170112,13057057353,2026-07-29 15:15:20.778134,29/07/26,15:15:20
27209,0.13,27.209,132.30916240949685,13057084562,2026-07-29 15:15:47.987134,29/07/26,15:15:47
26970,0.13,26.97,133.48164627363738,13057111532,2026-07-29 15:16:14.957134,29/07/26,15:16:14
27255,0.13,27.255,132.08585580627408,13057138787,2026-07-29 15:16:42.212134,29/07/26,15:16:42
27221,0.13,27.221,132.25083575180926,13057166008,2026-07-29 15:17:09.433134,29/07/26,15:17:9
27191,0.13,27.191,132.3967489242764,13057193199,2026-07-29 15:17:36.624134,29/07/26,15:17:36
27239,0.13,27.239,132.16344212342597,13057220438,2026-07-29 15:18:03.863134,29/07/26,15:18:3
26710,0.13,26.71,134.7809809060277,13057247148,2026-07-29 15:18:30.573134,29/07/26,15:18:30
26604,0.14,26.604,135.31799729364005,13057273752,2026-07-29 15:18:57.177134,29/07/26,15:18:57
26617,0.14,26.617,135.2519066761844,13057300369,2026-07-29 15:19:23.794134,29/07/26,15:19:23
26610,0.14,26.61,135.28748590755356,13057326979,2026-07-29 15:19:50.404134,29/07/26,15:19:50
26587,0.14,26.587,135.40452100650694,13057353566,2026-07-29 15:20:16.991134,29/07/26,15:20:16
26632,0.14,26.632,135.17572844698108,13057380198,2026-07-29 15:20:43.623134,29/07/26,15:20:43
26530,0.14,26.53,135.69543912551828,13057406728,2026-07-29 15:21:10.153134,29/07/26,15:21:10
26678,0.13,26.678,134.94264937401604,13057433406,2026-07-29 15:21:36.831134,29/07/26,15:21:36
26456,0.14,26.456,136.0749924402782,13057459862,2026-07-29 15:22:03.287134,29/07/26,15:22:3
26602,0.14,26.602,135.3281708142245,13057486464,2026-07-29 15:22:29.889134,29/07/26,15:22:29
26279,0.14,26.279,136.9915141367632,13057512743,2026-07-29 15:22:56.168134,29/07/26,15:22:56
26305,0.14,26.305,136.85611100551225,13057539048,2026-07-29 15:23:22.473134,29/07/26,15:23:22
26225,0.14,26.225,137.2735938989514,13057565273,2026-07-29 15:23:48.698134,29/07/26,15:23:48
25983,0.14,25.983,138.55213023900242,13057591256,2026-07-29 15:24:14.681134,29/07/26,15:24:14
26370,0.14,26.37,136.51877133105802,13057617626,2026-07-29 15:24:41.051134,29/07/26,15:24:41
17931,0.2,17.931,200.76961686464782,13057635557,2026-07-29 15:24:58.982134,29/07/26,15:24:58
16418,0.22,16.418,219.2715312461932,13057651975,2026-07-29 15:25:15.400134,29/07/26,15:25:15
16495,0.22,16.495,218.24795392543194,13057668470,2026-07-29 15:25:31.895134,29/07/26,15:25:31
16387,0.22,16.387,219.68633673033503,13057684857,2026-07-29 15:25:48.282134,29/07/26,15:25:48
16372,0.22,16.372,219.8876129978011,13057701229,2026-07-29 15:26:04.654134,29/07/26,15:26:4
16400,0.22,16.4,219.5121951219512,13057717629,2026-07-29 15:26:21.054134,29/07/26,15:26:21
16636,0.22,16.636,216.3981726376533,13057734265,2026-07-29 15:26:37.690134,29/07/26,15:26:37
16698,0.22,16.698,215.59468199784405,13057750963,2026-07-29 15:26:54.388134,29/07/26,15:26:54
16697,0.22,16.697,215.60759417859495,13057767660,2026-07-29 15:27:11.085134,29/07/26,15:27:11
16843,0.21,16.843,213.73864513447722,13057784503,2026-07-29 15:27:27.928134,29/07/26,15:27:27
16835,0.21,16.835,213.84021384021383,13057801338,2026-07-29 15:27:44.763134,29/07/26,15:27:44
16886,0.21,16.886,213.1943621935331,13057818224,2026-07-29 15:28:01.649134,29/07/26,15:28:1
16919,0.21,16.919,212.7785330102252,13057835143,2026-07-29 15:28:18.568134,29/07/26,15:28:18
17031,0.21,17.031,211.3792496036639,13057852174,2026-07-29 15:28:35.599134,29/07/26,15:28:35
17031,0.21,17.031,211.3792496036639,13057869205,2026-07-29 15:28:52.630134,29/07/26,15:28:52
17330,0.21,17.33,207.73225620311598,13057886535,2026-07-29 15:29:09.960134,29/07/26,15:29:9
17942,0.2,17.942,200.64652770036784,13057904477,2026-07-29 15:29:27.902134,29/07/26,15:29:27
17942,0.2,17.942,200.64652770036784,13057922419,2026-07-29 15:29:45.844134,29/07/26,15:29:45
17971,0.2,17.971,200.32274219575984,13057940390,2026-07-29 15:30:03.815134,29/07/26,15:30:3
18006,0.2,18.006,199.93335554815062,13057958396,2026-07-29 15:30:21.821134,29/07/26,15:30:21
18211,0.2,18.211,197.68271923562682,13057976607,2026-07-29 15:30:40.032134,29/07/26,15:30:40
18183,0.2,18.183,197.98713083649562,13057994790,2026-07-29 15:30:58.215134,29/07/26,15:30:58
18152,0.2,18.152,198.3252534156016,13058012942,2026-07-29 15:31:16.367134,29/07/26,15:31:16
18299,0.2,18.299,196.7320618613039,13058031241,2026-07-29 15:31:34.666134,29/07/26,15:31:34
18422,0.19,18.422,195.41852133318858,13058049663,2026-07-29 15:31:53.088134,29/07/26,15:31:53
18056,0.2,18.056,199.3797075764289,13058067719,2026-07-29 15:32:11.144134,29/07/26,15:32:11
18284,0.2,18.284,196.89345876175892,13058086003,2026-07-29 15:32:29.428134,29/07/26,15:32:29
23338,0.15,23.338,154.2548633130517,13058109341,2026-07-29 15:32:52.766134,29/07/26,15:32:52
28281,0.13,28.281,127.29394292988225,13058137622,2026-07-29 15:33:21.047134,29/07/26,15:33:21
28187,0.13,28.187,127.71845176854579,13058165809,2026-07-29 15:33:49.234134,29/07/26,15:33:49
27878,0.13,27.878,129.1340842241194,13058193687,2026-07-29 15:34:17.112134,29/07/26,15:34:17
28783,0.12,28.783,125.07382830142792,13058222470,2026-07-29 15:34:45.895134,29/07/26,15:34:45
28787,0.12,28.787,125.05644909160385,13058251257,2026-07-29 15:35:14.682134,29/07/26,15:35:14
28979,0.12,28.979,124.22788916111666,13058280236,2026-07-29 15:35:43.661134,29/07/26,15:35:43
28939,0.12,28.939,124.39959915684716,13058309175,2026-07-29 15:36:12.600134,29/07/26,15:36:12
29026,0.12,29.026,124.02673465169158,13058338201,2026-07-29 15:36:41.626134,29/07/26,15:36:41
28786,0.12,28.786,125.06079344125617,13058366987,2026-07-29 15:37:10.412134,29/07/26,15:37:10
28531,0.13,28.531,126.17854263783254,13058395518,2026-07-29 15:37:38.943134,29/07/26,15:37:38
28946,0.12,28.946,124.36951564983072,13058424464,2026-07-29 15:38:07.889134,29/07/26,15:38:7
28927,0.12,28.927,124.4512047568016,13058453391,2026-07-29 15:38:36.816134,29/07/26,15:38:36
28871,0.12,28.871,124.69259810882893,13058482262,2026-07-29 15:39:05.687134,29/07/26,15:39:5
29058,0.12,29.058,123.89015073301672,13058511320,2026-07-29 15:39:34.745134,29/07/26,15:39:34
28824,0.12,28.824,124.89592006661115,13058540144,2026-07-29 15:40:03.569134,29/07/26,15:40:3
28920,0.12,28.92,124.48132780082987,13058569064,2026-07-29 15:40:32.489134,29/07/26,15:40:32
29032,0.12,29.032,124.00110223201985,13058598096,2026-07-29 15:41:01.521134,29/07/26,15:41:1
29022,0.12,29.022,124.04382881951624,13058627118,2026-07-29 15:41:30.543134,29/07/26,15:41:30
29431,0.12,29.431,122.32000271822228,13058656549,2026-07-29 15:41:59.974134,29/07/26,15:41:59
29861,0.12,29.861,120.55858812497907,13058686410,2026-07-29 15:42:29.835134,29/07/26,15:42:29
29973,0.12,29.973,120.1080972875588,13058716383,2026-07-29 15:42:59.808134,29/07/26,15:42:59
30015,0.12,30.015,119.9400299850075,13058746398,2026-07-29 15:43:29.823134,29/07/26,15:43:29
28962,0.12,28.962,124.30080795525171,13058775360,2026-07-29 15:43:58.785134,29/07/26,15:43:58
29560,0.12,29.56,121.78619756427605,13058804920,2026-07-29 15:44:28.345134,29/07/26,15:44:28
28951,0.12,28.951,124.3480363372595,13058833871,2026-07-29 15:44:57.296134,29/07/26,15:44:57
28530,0.13,28.53,126.18296529968454,13058862401,2026-07-29 15:45:25.826134,29/07/26,15:45:25
34340,0.1,34.34,104.83401281304602,13058896741,2026-07-29 15:46:00.166134,29/07/26,15:46:0
34249,0.1,34.249,105.1125580308914,13058930990,2026-07-29 15:46:34.415134,29/07/26,15:46:34
36317,0.1,36.317,99.12713054492386,13058967307,2026-07-29 15:47:10.732134,29/07/26,15:47:10
36371,0.1,36.371,98.97995655879684,13059003678,2026-07-29 15:47:47.103134,29/07/26,15:47:47
36291,0.1,36.291,99.19814830123171,13059039969,2026-07-29 15:48:23.394134,29/07/26,15:48:23
36212,0.1,36.212,99.41455870981994,13059076181,2026-07-29 15:48:59.606134,29/07/26,15:48:59
36058,0.1,36.058,99.83914803927007,13059112239,2026-07-29 15:49:35.664134,29/07/26,15:49:35
34986,0.1,34.986,102.89830217801406,13059147225,2026-07-29 15:50:10.650134,29/07/26,15:50:10
34587,0.1,34.587,104.08534998698933,13059181812,2026-07-29 15:50:45.237134,29/07/26,15:50:45
33848,0.11,33.848,106.35783502718033,13059215660,2026-07-29 15:51:19.085134,29/07/26,15:51:19
33887,0.11,33.887,106.2354295157435,13059249547,2026-07-29 15:51:52.972134,29/07/26,15:51:52
33726,0.11,33.726,106.74257249599715,13059283273,2026-07-29 15:52:26.698134,29/07/26,15:52:26
33707,0.11,33.707,106.80274127035928,13059316980,2026-07-29 15:53:00.405134,29/07/26,15:53:0
33801,0.11,33.801,106.5057246827017,13059350781,2026-07-29 15:53:34.206134,29/07/26,15:53:34
32567,0.11,32.567,110.54134553382258,13059383348,2026-07-29 15:54:06.773134,29/07/26,15:54:6
33221,0.11,33.221,108.36519069263417,13059416569,2026-07-29 15:54:39.994134,29/07/26,15:54:39
34346,0.1,34.346,104.8156990624818,13059450915,2026-07-29 15:55:14.340134,29/07/26,15:55:14
35492,0.1,35.492,101.43130846387919,13059486407,2026-07-29 15:55:49.832134,29/07/26,15:55:49
35413,0.1,35.413,101.65758337333747,13059521820,2026-07-29 15:56:25.245134,29/07/26,15:56:25
35418,0.1,35.418,101.6432322547857,13059557238,2026-07-29 15:57:00.663134,29/07/26,15:57:0
35154,0.1,35.154,102.40655401945725,13059592392,2026-07-29 15:57:35.817134,29/07/26,15:57:35
35492,0.1,35.492,101.43130846387919,13059627884,2026-07-29 15:58:11.309134,29/07/26,15:58:11
35395,0.1,35.395,101.70928097188869,13059663279,2026-07-29 15:58:46.704134,29/07/26,15:58:46
35431,0.1,35.431,101.60593830261635,13059698710,2026-07-29 15:59:22.135134,29/07/26,15:59:22
35564,0.1,35.564,101.22595883477675,13059734274,2026-07-29 15:59:57.699134,29/07/26,15:59:57
35321,0.1,35.321,101.92236912884687,13059769595,2026-07-29 16:00:33.020134,29/07/26,16:0:33
34630,0.1,34.63,103.956107421311,13059804225,2026-07-29 16:01:07.650134,29/07/26,16:1:7
35390,0.1,35.39,101.7236507487991,13059839615,2026-07-29 16:01:43.040134,29/07/26,16:1:43
35320,0.1,35.32,101.92525481313703,13059874935,2026-07-29 16:02:18.360134,29/07/26,16:2:18
35364,0.1,35.364,101.79843909060061,13059910299,2026-07-29 16:02:53.724134,29/07/26,16:2:53
35310,0.1,35.31,101.95412064570944,13059945609,2026-07-29 16:03:29.034134,29/07/26,16:3:29
19435,0.19,19.435,185.2328273732956,13059965044,2026-07-29 16:03:48.469134,29/07/26,16:3:48
19535,0.18,19.535,184.28461735346812,13059984579,2026-07-29 16:04:08.004134,29/07/26,16:4:8
19530,0.18,19.53,184.33179723502303,13060004109,2026-07-29 16:04:27.534134,29/07/26,16:4:27
19524,0.18,19.524,184.38844499078058,13060023633,2026-07-29 16:04:47.058134,29/07/26,16:4:47
19556,0.18,19.556,184.0867253016977,13060043189,2026-07-29 16:05:06.614134,29/07/26,16:5:6
19783,0.18,19.783,181.97442248395086,13060062972,2026-07-29 16:05:26.397134,29/07/26,16:5:26
20000,0.18,20.0,180.0,13060082972,2026-07-29 16:05:46.397134,29/07/26,16:5:46
20018,0.18,20.018,179.838145668898,13060102990,2026-07-29 16:06:06.415134,29/07/26,16:6:6
20193,0.18,20.193,178.27960184222255,13060123183,2026-07-29 16:06:26.608134,29/07/26,16:6:26
20210,0.18,20.21,178.1296387926769,13060143393,2026-07-29 16:06:46.818134,29/07/26,16:6:46
20270,0.18,20.27,177.60236803157375,13060163663,2026-07-29 16:07:07.088134,29/07/26,16:7:7
20444,0.18,20.444,176.09078458227353,13060184107,2026-07-29 16:07:27.532134,29/07/26,16:7:27
20458,0.17,20.458,175.97028057483624,13060204565,2026-07-29 16:07:47.990134,29/07/26,16:7:47
20708,0.17,20.708,173.84585667374927,13060225273,2026-07-29 16:08:08.698134,29/07/26,16:8:8
21000,0.17,21.0,171.42857142857142,13060246273,2026-07-29 16:08:29.698134,29/07/26,16:8:29
21078,0.17,21.078,170.79419299743807,13060267351,2026-07-29 16:08:50.776134,29/07/26,16:8:50
21006,0.17,21.006,171.3796058269066,13060288357,2026-07-29 16:09:11.782134,29/07/26,16:9:11
21138,0.17,21.138,170.30939540164633,13060309495,2026-07-29 16:09:32.920134,29/07/26,16:9:32
21209,0.17,21.209,169.73926163421189,13060330704,2026-07-29 16:09:54.129134,29/07/26,16:9:54
21087,0.17,21.087,170.72129748186086,13060351791,2026-07-29 16:10:15.216134,29/07/26,16:10:15
21275,0.17,21.275,169.2126909518214,13060373066,2026-07-29 16:10:36.491134,29/07/26,16:10:36
21379,0.17,21.379,168.3895411385004,13060394445,2026-07-29 16:10:57.870134,29/07/26,16:10:57
21354,0.17,21.354,168.58668165214948,13060415799,2026-07-29 16:11:19.224134,29/07/26,16:11:19
34957,0.1,34.957,102.98366564636554,13060450756,2026-07-29 16:11:54.181134,29/07/26,16:11:54
37353,0.1,37.353,96.37780097984097,13060488109,2026-07-29 16:12:31.534134,29/07/26,16:12:31
37170,0.1,37.17,96.85230024213075,13060525279,2026-07-29 16:13:08.704134,29/07/26,16:13:8
37327,0.1,37.327,96.44493262249846,13060562606,2026-07-29 16:13:46.031134,29/07/26,16:13:46
37312,0.1,37.312,96.483704974271,13060599918,2026-07-29 16:14:23.343134,29/07/26,16:14:23
37558,0.09,37.558,95.85174929442462,13060637476,2026-07-29 16:15:00.901134,29/07/26,16:15:0
37323,0.1,37.323,96.45526886906197,13060674799,2026-07-29 16:15:38.224134,29/07/26,16:15:38
37335,0.1,37.335,96.42426677380475,13060712134,2026-07-29 16:16:15.559134,29/07/26,16:16:15
37563,0.09,37.563,95.83899049596677,13060749697,2026-07-29 16:16:53.122134,29/07/26,16:16:53
37465,0.1,37.465,96.08968370479114,13060787162,2026-07-29 16:17:30.587134,29/07/26,16:17:30
37282,0.1,37.282,96.56134327557534,13060824444,2026-07-29 16:18:07.869134,29/07/26,16:18:7
37062,0.1,37.062,97.13453132588636,13060861506,2026-07-29 16:18:44.931134,29/07/26,16:18:44
36013,0.1,36.013,99.9639019243051,13060897519,2026-07-29 16:19:20.944134,29/07/26,16:19:20
36143,0.1,36.143,99.60434938992336,13060933662,2026-07-29 16:19:57.087134,29/07/26,16:19:57
34891,0.1,34.891,103.17847009257402,13060968553,2026-07-29 16:20:31.978134,29/07/26,16:20:31
35374,0.1,35.374,101.76966133318257,13061003927,2026-07-29 16:21:07.352134,29/07/26,16:21:7
35749,0.1,35.749,100.70211754174942,13061039676,2026-07-29 16:21:43.101134,29/07/26,16:21:43
35612,0.1,35.612,101.08952038638661,13061075288,2026-07-29 16:22:18.713134,29/07/26,16:22:18
35393,0.1,35.393,101.71502839544543,13061110681,2026-07-29 16:22:54.106134,29/07/26,16:22:54
34431,0.1,34.431,104.5569399668903,13061145112,2026-07-29 16:23:28.537134,29/07/26,16:23:28
34804,0.1,34.804,103.43638662222733,13061179916,2026-07-29 16:24:03.341134,29/07/26,16:24:3
34408,0.1,34.408,104.62683096954197,13061214324,2026-07-29 16:24:37.749134,29/07/26,16:24:37
34586,0.1,34.586,104.08835945180131,13061248910,2026-07-29 16:25:12.335134,29/07/26,16:25:12
35194,0.1,35.194,102.29016309598227,13061284104,2026-07-29 16:25:47.529134,29/07/26,16:25:47
34873,0.1,34.873,103.23172655062656,13061318977,2026-07-29 16:26:22.402134,29/07/26,16:26:22
34741,0.1,34.741,103.6239601623442,13061353718,2026-07-29 16:26:57.143134,29/07/26,16:26:57
34654,0.1,34.654,103.88411150227968,13061388372,2026-07-29 16:27:31.797134,29/07/26,16:27:31
34716,0.1,34.716,103.69858278603526,13061423088,2026-07-29 16:28:06.513134,29/07/26,16:28:6
34618,0.1,34.618,103.99214281587614,13061457706,2026-07-29 16:28:41.131134,29/07/26,16:28:41
34734,0.1,34.734,103.64484366902747,13061492440,2026-07-29 16:29:15.865134,29/07/26,16:29:15
34871,0.1,34.871,103.23764732872587,13061527311,2026-07-29 16:29:50.736134,29/07/26,16:29:50
34562,0.1,34.562,104.16063885191829,13061561873,2026-07-29 16:30:25.298134,29/07/26,16:30:25
35066,0.1,35.066,102.66354873666799,13061596939,2026-07-29 16:31:00.364134,29/07/26,16:31:0
35327,0.1,35.327,101.9050584538738,13061632266,2026-07-29 16:31:35.691134,29/07/26,16:31:35
35309,0.1,35.309,101.95700812823925,13061667575,2026-07-29 16:32:11.000134,29/07/26,16:32:11
35264,0.1,35.264,102.08711433756805,13061702839,2026-07-29 16:32:46.264134,29/07/26,16:32:46
35060,0.1,35.06,102.6811180832858,13061737899,2026-07-29 16:33:21.324134,29/07/26,16:33:21
35423,0.1,35.423,101.62888518758999,13061773322,2026-07-29 16:33:56.747134,29/07/26,16:33:56
35511,0.1,35.511,101.37703810087015,13061808833,2026-07-29 16:34:32.258134,29/07/26,16:34:32
36623,0.1,36.623,98.2988832154657,13061845456,2026-07-29 16:35:08.881134,29/07/26,16:35:8
37159,0.1,37.159,96.8809709626201,13061882615,2026-07-29 16:35:46.040134,29/07/26,16:35:46
37089,0.1,37.089,97.06381946129581,13061919704,2026-07-29 16:36:23.129134,29/07/26,16:36:23
37180,0.1,37.18,96.82625067240451,13061956884,2026-07-29 16:37:00.309134,29/07/26,16:37:0
36927,0.1,36.927,97.48964172556666,13061993811,2026-07-29 16:37:37.236134,29/07/26,16:37:37
37046,0.1,37.046,97.17648329104357,13062030857,2026-07-29 16:38:14.282134,29/07/26,16:38:14
37164,0.1,37.164,96.86793671294801,13062068021,2026-07-29 16:38:51.446134,29/07/26,16:38:51
36317,0.1,36.317,99.12713054492386,13062104338,2026-07-29 16:39:27.763134,29/07/26,16:39:27
36200,0.1,36.2,99.4475138121547,13062140538,2026-07-29 16:40:03.963134,29/07/26,16:40:3
35924,0.1,35.924,100.21155773299188,13062176462,2026-07-29 16:40:39.887134,29/07/26,16:40:39
35939,0.1,35.939,100.16973204596678,13062212401,2026-07-29 16:41:15.826134,29/07/26,16:41:15
35535,0.1,35.535,101.30856901646264,13062247936,2026-07-29 16:41:51.361134,29/07/26,16:41:51
17165,0.21,17.165,209.72909991261287,13062265101,2026-07-29 16:42:08.526134,29/07/26,16:42:8
19763,0.18,19.763,182.15857916308252,13062284864,2026-07-29 16:42:28.289134,29/07/26,16:42:28
19731,0.18,19.731,182.4540063858902,13062304595,2026-07-29 16:42:48.020134,29/07/26,16:42:48
19676,0.18,19.676,182.9640170766416,13062324271,2026-07-29 16:43:07.696134,29/07/26,16:43:7
19932,0.18,19.932,180.6140878988561,13062344203,2026-07-29 16:43:27.628134,29/07/26,16:43:27
20022,0.18,20.022,179.80221756068326,13062364225,2026-07-29 16:43:47.650134,29/07/26,16:43:47
20116,0.18,20.116,178.9620202823623,13062384341,2026-07-29 16:44:07.766134,29/07/26,16:44:7
20347,0.18,20.347,176.9302599891876,13062404688,2026-07-29 16:44:28.113134,29/07/26,16:44:28
20447,0.18,20.447,176.06494840318874,13062425135,2026-07-29 16:44:48.560134,29/07/26,16:44:48
20352,0.18,20.352,176.88679245283018,13062445487,2026-07-29 16:45:08.912134,29/07/26,16:45:8
20714,0.17,20.714,173.79550062759486,13062466201,2026-07-29 16:45:29.626134,29/07/26,16:45:29
20778,0.17,20.778,173.26017903551835,13062486979,2026-07-29 16:45:50.404134,29/07/26,16:45:50
20765,0.17,20.765,173.36864916927522,13062507744,2026-07-29 16:46:11.169134,29/07/26,16:46:11
20751,0.17,20.751,173.48561515107707,13062528495,2026-07-29 16:46:31.920134,29/07/26,16:46:31
20213,0.18,20.213,178.10320091030525,13062548708,2026-07-29 16:46:52.133134,29/07/26,16:46:52
20721,0.17,20.721,173.736788765021,13062569429,2026-07-29 16:47:12.854134,29/07/26,16:47:12
20979,0.17,20.979,171.6001716001716,13062590408,2026-07-29 16:47:33.833134,29/07/26,16:47:33
20740,0.17,20.74,173.57762777242044,13062611148,2026-07-29 16:47:54.573134,29/07/26,16:47:54
21058,0.17,21.058,170.95640611644032,13062632206,2026-07-29 16:48:15.631134,29/07/26,16:48:15
21192,0.17,21.192,169.8754246885617,13062653398,2026-07-29 16:48:36.823134,29/07/26,16:48:36
21295,0.17,21.295,169.05376849025592,13062674693,2026-07-29 16:48:58.118134,29/07/26,16:48:58
21259,0.17,21.259,169.3400442165671,13062695952,2026-07-29 16:49:19.377134,29/07/26,16:49:19
21241,0.17,21.241,169.48354597241183,13062717193,2026-07-29 16:49:40.618134,29/07/26,16:49:40
36302,0.1,36.302,99.16808991240153,13062753495,2026-07-29 16:50:16.920134,29/07/26,16:50:16
36233,0.1,36.233,99.35693980625396,13062789728,2026-07-29 16:50:53.153134,29/07/26,16:50:53
37322,0.1,37.322,96.45785327688763,13062827050,2026-07-29 16:51:30.475134,29/07/26,16:51:30
37147,0.1,37.147,96.91226747785824,13062864197,2026-07-29 16:52:07.622134,29/07/26,16:52:7
37344,0.1,37.344,96.40102827763496,13062901541,2026-07-29 16:52:44.966134,29/07/26,16:52:44
37354,0.1,37.354,96.37522085988114,13062938895,2026-07-29 16:53:22.320134,29/07/26,16:53:22
37567,0.09,37.567,95.82878590252083,13062976462,2026-07-29 16:53:59.887134,29/07/26,16:53:59
37272,0.1,37.272,96.58725048293626,13063013734,2026-07-29 16:54:37.159134,29/07/26,16:54:37
37372,0.1,37.372,96.32880231189125,13063051106,2026-07-29 16:55:14.531134,29/07/26,16:55:14
37757,0.09,37.757,95.34655825409858,13063088863,2026-07-29 16:55:52.288134,29/07/26,16:55:52
37561,0.09,37.561,95.84409360773142,13063126424,2026-07-29 16:56:29.849134,29/07/26,16:56:29
37132,0.1,37.132,96.95141656791985,13063163556,2026-07-29 16:57:06.981134,29/07/26,16:57:6
37637,0.09,37.637,95.65055663310041,13063201193,2026-07-29 16:57:44.618134,29/07/26,16:57:44
37515,0.09,37.515,95.96161535385846,13063238708,2026-07-29 16:58:22.133134,29/07/26,16:58:22
37237,0.1,37.237,96.67803528748288,13063275945,2026-07-29 16:58:59.370134,29/07/26,16:58:59
37240,0.1,37.24,96.6702470461869,13063313185,2026-07-29 16:59:36.610134,29/07/26,16:59:36
37369,0.1,37.369,96.3365356311381,13063350554,2026-07-29 17:00:13.979134,29/07/26,17:0:13
36487,0.1,36.487,98.66527804423494,13063387041,2026-07-29 17:00:50.466134,29/07/26,17:0:50
36624,0.1,36.624,98.2961992136304,13063423665,2026-07-29 17:01:27.090134,29/07/26,17:1:27
36571,0.1,36.571,98.43865357797162,13063460236,2026-07-29 17:02:03.661134,29/07/26,17:2:3
36419,0.1,36.419,98.8495016337626,13063496655,2026-07-29 17:02:40.080134,29/07/26,17:2:40
36571,0.1,36.571,98.43865357797162,13063533226,2026-07-29 17:03:16.651134,29/07/26,17:3:16
36913,0.1,36.913,97.52661663912443,13063570139,2026-07-29 17:03:53.564134,29/07/26,17:3:53
36823,0.1,36.823,97.76498384162073,13063606962,2026-07-29 17:04:30.387134,29/07/26,17:4:30
36584,0.1,36.584,98.40367373715286,13063643546,2026-07-29 17:05:06.971134,29/07/26,17:5:6
36896,0.1,36.896,97.57155247181267,13063680442,2026-07-29 17:05:43.867134,29/07/26,17:5:43
36846,0.1,36.846,97.70395701025892,13063717288,2026-07-29 17:06:20.713134,29/07/26,17:6:20
36579,0.1,36.579,98.41712457967687,13063753867,2026-07-29 17:06:57.292134,29/07/26,17:6:57
36745,0.1,36.745,97.97251326711117,13063790612,2026-07-29 17:07:34.037134,29/07/26,17:7:34
36452,0.1,36.452,98.76001316800176,13063827064,2026-07-29 17:08:10.489134,29/07/26,17:8:10
36509,0.1,36.509,98.60582322167137,13063863573,2026-07-29 17:08:46.998134,29/07/26,17:8:46
36735,0.1,36.735,97.99918334013883,13063900308,2026-07-29 17:09:23.733134,29/07/26,17:9:23
36511,0.1,36.511,98.60042179069322,13063936819,2026-07-29 17:10:00.244134,29/07/26,17:10:0
36465,0.1,36.465,98.72480460715755,13063973284,2026-07-29 17:10:36.709134,29/07/26,17:10:36
36795,0.1,36.795,97.83938035059111,13064010079,2026-07-29 17:11:13.504134,29/07/26,17:11:13
37501,0.09,37.501,95.99744006826485,13064047580,2026-07-29 17:11:51.005134,29/07/26,17:11:51
37592,0.09,37.592,95.76505639497765,13064085172,2026-07-29 17:12:28.597134,29/07/26,17:12:28
37210,0.1,37.21,96.74818597151304,13064122382,2026-07-29 17:13:05.807134,29/07/26,17:13:5
37786,0.09,37.786,95.27338167575293,13064160168,2026-07-29 17:13:43.593134,29/07/26,17:13:43
37652,0.09,37.652,95.61245086582386,13064197820,2026-07-29 17:14:21.245134,29/07/26,17:14:21
37772,0.09,37.772,95.3086942708885,13064235592,2026-07-29 17:14:59.017134,29/07/26,17:14:59
37623,0.09,37.623,95.68614942987003,13064273215,2026-07-29 17:15:36.640134,29/07/26,17:15:36
37603,0.09,37.603,95.73704225726671,13064310818,2026-07-29 17:16:14.243134,29/07/26,17:16:14
37422,0.1,37.422,96.2000962000962,13064348240,2026-07-29 17:16:51.665134,29/07/26,17:16:51
37648,0.09,37.648,95.62260943476413,13064385888,2026-07-29 17:17:29.313134,29/07/26,17:17:29
37117,0.1,37.117,96.99059730042838,13064423005,2026-07-29 17:18:06.430134,29/07/26,17:18:6
37474,0.1,37.474,96.06660618028499,13064460479,2026-07-29 17:18:43.904134,29/07/26,17:18:43
37497,0.1,37.497,96.00768061444916,13064497976,2026-07-29 17:19:21.401134,29/07/26,17:19:21
36996,0.1,36.996,97.30781706130392,13064534972,2026-07-29 17:19:58.397134,29/07/26,17:19:58
30625,0.12,30.625,117.55102040816327,13064565597,2026-07-29 17:20:29.022134,29/07/26,17:20:29
20140,0.18,20.14,178.74875868917576,13064585737,2026-07-29 17:20:49.162134,29/07/26,17:20:49
20061,0.18,20.061,179.45266935845672,13064605798,2026-07-29 17:21:09.223134,29/07/26,17:21:9
20130,0.18,20.13,178.83755588673623,13064625928,2026-07-29 17:21:29.353134,29/07/26,17:21:29
20027,0.18,20.027,179.75732760772956,13064645955,2026-07-29 17:21:49.380134,29/07/26,17:21:49
20211,0.18,20.211,178.1208252931572,13064666166,2026-07-29 17:22:09.591134,29/07/26,17:22:9
20479,0.17,20.479,175.78983348796328,13064686645,2026-07-29 17:22:30.070134,29/07/26,17:22:30
20465,0.17,20.465,175.9100903982409,13064707110,2026-07-29 17:22:50.535134,29/07/26,17:22:50
20192,0.18,20.192,178.28843106180665,13064727302,2026-07-29 17:23:10.727134,29/07/26,17:23:10
20174,0.18,20.174,178.4475066917815,13064747476,2026-07-29 17:23:30.901134,29/07/26,17:23:30
20423,0.18,20.423,176.2718503647848,13064767899,2026-07-29 17:23:51.324134,29/07/26,17:23:51
20254,0.18,20.254,177.74266811494027,13064788153,2026-07-29 17:24:11.578134,29/07/26,17:24:11
20504,0.17,20.504,175.57549746390947,13064808657,2026-07-29 17:24:32.082134,29/07/26,17:24:32
20685,0.17,20.685,174.0391588107324,13064829342,2026-07-29 17:24:52.767134,29/07/26,17:24:52
20571,0.17,20.571,175.0036459092898,13064849913,2026-07-29 17:25:13.338134,29/07/26,17:25:13
20773,0.17,20.773,173.3018822509989,13064870686,2026-07-29 17:25:34.111134,29/07/26,17:25:34
20845,0.17,20.845,172.70328615975055,13064891531,2026-07-29 17:25:54.956134,29/07/26,17:25:54
20810,0.17,20.81,172.99375300336376,13064912341,2026-07-29 17:26:15.766134,29/07/26,17:26:15
20744,0.17,20.744,173.54415734670266,13064933085,2026-07-29 17:26:36.510134,29/07/26,17:26:36
20872,0.17,20.872,172.47987734764277,13064953957,2026-07-29 17:26:57.382134,29/07/26,17:26:57
20957,0.17,20.957,171.7803120675669,13064974914,2026-07-29 17:27:18.339134,29/07/26,17:27:18
20832,0.17,20.832,172.8110599078341,13064995746,2026-07-29 17:27:39.171134,29/07/26,17:27:39
21120,0.17,21.12,170.45454545454547,13065016866,2026-07-29 17:28:00.291134,29/07/26,17:28:0
23551,0.15,23.551,152.85975117829392,13065040417,2026-07-29 17:28:23.842134,29/07/26,17:28:23
35604,0.1,35.604,101.11223458038423,13065076021,2026-07-29 17:28:59.446134,29/07/26,17:28:59
35699,0.1,35.699,100.84316087285359,13065111720,2026-07-29 17:29:35.145134,29/07/26,17:29:35
35510,0.1,35.51,101.37989298789074,13065147230,2026-07-29 17:30:10.655134,29/07/26,17:30:10
36066,0.1,36.066,99.81700216270171,13065183296,2026-07-29 17:30:46.721134,29/07/26,17:30:46
36198,0.1,36.198,99.45300845350572,13065219494,2026-07-29 17:31:22.919134,29/07/26,17:31:22
36311,0.1,36.311,99.14351023105945,13065255805,2026-07-29 17:31:59.230134,29/07/26,17:31:59
36224,0.1,36.224,99.38162544169612,13065292029,2026-07-29 17:32:35.454134,29/07/26,17:32:35
36055,0.1,36.055,99.84745527666065,13065328084,2026-07-29 17:33:11.509134,29/07/26,17:33:11
36651,0.1,36.651,98.22378652697061,13065364735,2026-07-29 17:33:48.160134,29/07/26,17:33:48
36600,0.1,36.6,98.36065573770492,13065401335,2026-07-29 17:34:24.760134,29/07/26,17:34:24
36743,0.1,36.743,97.97784612034945,13065438078,2026-07-29 17:35:01.503134,29/07/26,17:35:1
36720,0.1,36.72,98.03921568627452,13065474798,2026-07-29 17:35:38.223134,29/07/26,17:35:38
36567,0.1,36.567,98.44942160964804,13065511365,2026-07-29 17:36:14.790134,29/07/26,17:36:14
36318,0.1,36.318,99.12440112340988,13065547683,2026-07-29 17:36:51.108134,29/07/26,17:36:51
36835,0.1,36.835,97.73313424731913,13065584518,2026-07-29 17:37:27.943134,29/07/26,17:37:27
37001,0.1,37.001,97.29466771168347,13065621519,2026-07-29 17:38:04.944134,29/07/26,17:38:4
37003,0.1,37.003,97.28940896684053,13065658522,2026-07-29 17:38:41.947134,29/07/26,17:38:41
37354,0.1,37.354,96.37522085988114,13065695876,2026-07-29 17:39:19.301134,29/07/26,17:39:19
37095,0.1,37.095,97.04811969268096,13065732971,2026-07-29 17:39:56.396134,29/07/26,17:39:56
37130,0.1,37.13,96.95663883652034,13065770101,2026-07-29 17:40:33.526134,29/07/26,17:40:33
36918,0.1,36.918,97.51340809361287,13065807019,2026-07-29 17:41:10.444134,29/07/26,17:41:10
36942,0.1,36.942,97.4500568458665,13065843961,2026-07-29 17:41:47.386134,29/07/26,17:41:47
35413,0.1,35.413,101.65758337333747,13065879374,2026-07-29 17:42:22.799134,29/07/26,17:42:22
33842,0.11,33.842,106.3766916848886,13065913216,2026-07-29 17:42:56.641134,29/07/26,17:42:56
34034,0.1,34.034,105.77657636481166,13065947250,2026-07-29 17:43:30.675134,29/07/26,17:43:30
34187,0.1,34.187,105.30318542135899,13065981437,2026-07-29 17:44:04.862134,29/07/26,17:44:4
34317,0.1,34.317,104.9042748492001,13066015754,2026-07-29 17:44:39.179134,29/07/26,17:44:39
34132,0.1,34.132,105.4728700339857,13066049886,2026-07-29 17:45:13.311134,29/07/26,17:45:13
33558,0.11,33.558,107.2769533345253,13066083444,2026-07-29 17:45:46.869134,29/07/26,17:45:46
36433,0.1,36.433,98.81151703126287,13066119877,2026-07-29 17:46:23.302134,29/07/26,17:46:23
36291,0.1,36.291,99.19814830123171,13066156168,2026-07-29 17:46:59.593134,29/07/26,17:46:59
36288,0.1,36.288,99.2063492063492,13066192456,2026-07-29 17:47:35.881134,29/07/26,17:47:35
36416,0.1,36.416,98.85764499121265,13066228872,2026-07-29 17:48:12.297134,29/07/26,17:48:12
36331,0.1,36.331,99.08893231675428,13066265203,2026-07-29 17:48:48.628134,29/07/26,17:48:48
36508,0.1,36.508,98.60852415908842,13066301711,2026-07-29 17:49:25.136134,29/07/26,17:49:25
36409,0.1,36.409,98.87665137740669,13066338120,2026-07-29 17:50:01.545134,29/07/26,17:50:1
36552,0.1,36.552,98.4898227183191,13066374672,2026-07-29 17:50:38.097134,29/07/26,17:50:38
36593,0.1,36.593,98.37947148361708,13066411265,2026-07-29 17:51:14.690134,29/07/26,17:51:14
36536,0.1,36.536,98.53295379899278,13066447801,2026-07-29 17:51:51.226134,29/07/26,17:51:51
36330,0.1,36.33,99.0916597853014,13066484131,2026-07-29 17:52:27.556134,29/07/26,17:52:27
36495,0.1,36.495,98.64364981504316,13066520626,2026-07-29 17:53:04.051134,29/07/26,17:53:4
37010,0.1,37.01,97.27100783572007,13066557636,2026-07-29 17:53:41.061134,29/07/26,17:53:41
37229,0.1,37.229,96.69881006742055,13066594865,2026-07-29 17:54:18.290134,29/07/26,17:54:18
37087,0.1,37.087,97.06905384636126,13066631952,2026-07-29 17:54:55.377134,29/07/26,17:54:55
37150,0.1,37.15,96.90444145356662,13066669102,2026-07-29 17:55:32.527134,29/07/26,17:55:32
37093,0.1,37.093,97.05335238454695,13066706195,2026-07-29 17:56:09.620134,29/07/26,17:56:9
37103,0.1,37.103,97.0271945664771,13066743298,2026-07-29 17:56:46.723134,29/07/26,17:56:46
37222,0.1,37.222,96.71699532534522,13066780520,2026-07-29 17:57:23.945134,29/07/26,17:57:23
37112,0.1,37.112,97.00366458288424,13066817632,2026-07-29 17:58:01.057134,29/07/26,17:58:1
37157,0.1,37.157,96.88618564469682,13066854789,2026-07-29 17:58:38.214134,29/07/26,17:58:38
37153,0.1,37.153,96.8966166931338,13066891942,2026-07-29 17:59:15.367134,29/07/26,17:59:15
22376,0.16,22.376,160.88666428316054,13066914318,2026-07-29 17:59:37.743134,29/07/26,17:59:37
19998,0.18,19.998,180.01800180018003,13066934316,2026-07-29 17:59:57.741134,29/07/26,17:59:57
19898,0.18,19.898,180.92270579957784,13066954214,2026-07-29 18:00:17.639134,29/07/26,18:0:17
19857,0.18,19.857,181.2962683184771,13066974071,2026-07-29 18:00:37.496134,29/07/26,18:0:37
19471,0.18,19.471,184.8903497509116,13066993542,2026-07-29 18:00:56.967134,29/07/26,18:0:56
19921,0.18,19.921,180.71381958737012,13067013463,2026-07-29 18:01:16.888134,29/07/26,18:1:16
20061,0.18,20.061,179.45266935845672,13067033524,2026-07-29 18:01:36.949134,29/07/26,18:1:36
20262,0.18,20.262,177.67249037607343,13067053786,2026-07-29 18:01:57.211134,29/07/26,18:1:57
20428,0.18,20.428,176.22870569806148,13067074214,2026-07-29 18:02:17.639134,29/07/26,18:2:17
20480,0.17,20.48,175.78125,13067094694,2026-07-29 18:02:38.119134,29/07/26,18:2:38
20626,0.17,20.626,174.53699214583534,13067115320,2026-07-29 18:02:58.745134,29/07/26,18:2:58
20672,0.17,20.672,174.1486068111455,13067135992,2026-07-29 18:03:19.417134,29/07/26,18:3:19
20712,0.17,20.712,173.81228273464657,13067156704,2026-07-29 18:03:40.129134,29/07/26,18:3:40
20779,0.17,20.779,173.2518408008085,13067177483,2026-07-29 18:04:00.908134,29/07/26,18:4:0
20758,0.17,20.758,173.4271124385779,13067198241,2026-07-29 18:04:21.666134,29/07/26,18:4:21
20850,0.17,20.85,172.66187050359713,13067219091,2026-07-29 18:04:42.516134,29/07/26,18:4:42
20970,0.17,20.97,171.67381974248926,13067240061,2026-07-29 18:05:03.486134,29/07/26,18:5:3
21210,0.17,21.21,169.73125884016974,13067261271,2026-07-29 18:05:24.696134,29/07/26,18:5:24
21281,0.17,21.281,169.16498284855035,13067282552,2026-07-29 18:05:45.977134,29/07/26,18:5:45
21339,0.17,21.339,168.7051876845213,13067303891,2026-07-29 18:06:07.316134,29/07/26,18:6:7
21416,0.17,21.416,168.09861785580875,13067325307,2026-07-29 18:06:28.732134,29/07/26,18:6:28
21422,0.17,21.422,168.05153580431332,13067346729,2026-07-29 18:06:50.154134,29/07/26,18:6:50
21560,0.17,21.56,166.97588126159556,13067368289,2026-07-29 18:07:11.714134,29/07/26,18:7:11
34591,0.1,34.591,104.07331386776907,13067402880,2026-07-29 18:07:46.305134,29/07/26,18:7:46
33934,0.11,33.934,106.08828903164968,13067436814,2026-07-29 18:08:20.239134,29/07/26,18:8:20
25867,0.14,25.867,139.1734642594812,13067462681,2026-07-29 18:08:46.106134,29/07/26,18:8:46
26173,0.14,26.173,137.54632636686662,13067488854,2026-07-29 18:09:12.279134,29/07/26,18:9:12
26071,0.14,26.071,138.0844616623835,13067514925,2026-07-29 18:09:38.350134,29/07/26,18:9:38
26830,0.13,26.83,134.17815877748788,13067541755,2026-07-29 18:10:05.180134,29/07/26,18:10:5
23492,0.15,23.492,153.2436574152903,13067565247,2026-07-29 18:10:28.672134,29/07/26,18:10:28
22531,0.16,22.531,159.77985886112467,13067587778,2026-07-29 18:10:51.203134,29/07/26,18:10:51
27622,0.13,27.622,130.33089566287742,13067615400,2026-07-29 18:11:18.825134,29/07/26,18:11:18
27608,0.13,27.608,130.3969863807592,13067643008,2026-07-29 18:11:46.433134,29/07/26,18:11:46
26325,0.14,26.325,136.75213675213675,13067669333,2026-07-29 18:12:12.758134,29/07/26,18:12:12
27841,0.13,27.841,129.30570022628498,13067697174,2026-07-29 18:12:40.599134,29/07/26,18:12:40
28059,0.13,28.059,128.30107986742223,13067725233,2026-07-29 18:13:08.658134,29/07/26,18:13:8
27922,0.13,27.922,128.9305923644438,13067753155,2026-07-29 18:13:36.580134,29/07/26,18:13:36
28171,0.13,28.171,127.79099073515317,13067781326,2026-07-29 18:14:04.751134,29/07/26,18:14:4
27744,0.13,27.744,129.75778546712803,13067809070,2026-07-29 18:14:32.495134,29/07/26,18:14:32
28114,0.13,28.114,128.0500818097745,13067837184,2026-07-29 18:15:00.609134,29/07/26,18:15:0
27972,0.13,27.972,128.7001287001287,13067865156,2026-07-29 18:15:28.581134,29/07/26,18:15:28
27979,0.13,27.979,128.6679295185675,13067893135,2026-07-29 18:15:56.560134,29/07/26,18:15:56
27859,0.13,27.859,129.22215442047454,13067920994,2026-07-29 18:16:24.419134,29/07/26,18:16:24
27928,0.13,27.928,128.90289315382412,13067948922,2026-07-29 18:16:52.347134,29/07/26,18:16:52
28105,0.13,28.105,128.09108699519658,13067977027,2026-07-29 18:17:20.452134,29/07/26,18:17:20
27934,0.13,27.934,128.87520584234267,13068004961,2026-07-29 18:17:48.386134,29/07/26,18:17:48
27848,0.13,27.848,129.2731973570813,13068032809,2026-07-29 18:18:16.234134,29/07/26,18:18:16
27893,0.13,27.893,129.06463987380346,13068060702,2026-07-29 18:18:44.127134,29/07/26,18:18:44
27981,0.13,27.981,128.6587327114828,13068088683,2026-07-29 18:19:12.108134,29/07/26,18:19:12
28126,0.13,28.126,127.99544905070042,13068116809,2026-07-29 18:19:40.234134,29/07/26,18:19:40
28282,0.13,28.282,127.28944204794568,13068145091,2026-07-29 18:20:08.516134,29/07/26,18:20:8
28031,0.13,28.031,128.42923905675858,13068173122,2026-07-29 18:20:36.547134,29/07/26,18:20:36
28066,0.13,28.066,128.2690800256538,13068201188,2026-07-29 18:21:04.613134,29/07/26,18:21:4
27909,0.13,27.909,128.9906481780071,13068229097,2026-07-29 18:21:32.522134,29/07/26,18:21:32
28155,0.13,28.155,127.86361214704316,13068257252,2026-07-29 18:22:00.677134,29/07/26,18:22:0
28245,0.13,28.245,127.45618693574085,13068285497,2026-07-29 18:22:28.922134,29/07/26,18:22:28
28472,0.13,28.472,126.44001123911211,13068313969,2026-07-29 18:22:57.394134,29/07/26,18:22:57
28190,0.13,28.19,127.70485987938986,13068342159,2026-07-29 18:23:25.584134,29/07/26,18:23:25
28247,0.13,28.247,127.44716253053421,13068370406,2026-07-29 18:23:53.831134,29/07/26,18:23:53
26532,0.14,26.532,135.68521031207598,13068396938,2026-07-29 18:24:20.363134,29/07/26,18:24:20
26308,0.14,26.308,136.84050478941768,13068423246,2026-07-29 18:24:46.671134,29/07/26,18:24:46
26086,0.14,26.086,138.00506018554015,13068449332,2026-07-29 18:25:12.757134,29/07/26,18:25:12
26560,0.14,26.56,135.5421686746988,13068475892,2026-07-29 18:25:39.317134,29/07/26,18:25:39
26498,0.14,26.498,135.85931013661408,13068502390,2026-07-29 18:26:05.815134,29/07/26,18:26:5
27237,0.13,27.237,132.17314682233726,13068529627,2026-07-29 18:26:33.052134,29/07/26,18:26:33
27247,0.13,27.247,132.1246375747789,13068556874,2026-07-29 18:27:00.299134,29/07/26,18:27:0
27550,0.13,27.55,130.6715063520871,13068584424,2026-07-29 18:27:27.849134,29/07/26,18:27:27
27391,0.13,27.391,131.43003176225767,13068611815,2026-07-29 18:27:55.240134,29/07/26,18:27:55
27371,0.13,27.371,131.5260677359249,13068639186,2026-07-29 18:28:22.611134,29/07/26,18:28:22
27393,0.13,27.393,131.420435877779,13068666579,2026-07-29 18:28:50.004134,29/07/26,18:28:50
27590,0.13,27.59,130.48205871692642,13068694169,2026-07-29 18:29:17.594134,29/07/26,18:29:17
27855,0.13,27.855,129.24071082390952,13068722024,2026-07-29 18:29:45.449134,29/07/26,18:29:45
27634,0.13,27.634,130.2742997756387,13068749658,2026-07-29 18:30:13.083134,29/07/26,18:30:13
27805,0.13,27.805,129.47311634598094,13068777463,2026-07-29 18:30:40.888134,29/07/26,18:30:40
31995,0.11,31.995,112.51758087201125,13068809458,2026-07-29 18:31:12.883134,29/07/26,18:31:12
34643,0.1,34.643,103.91709724908351,13068844101,2026-07-29 18:31:47.526134,29/07/26,18:31:47
36193,0.1,36.193,99.46674771364628,13068880294,2026-07-29 18:32:23.719134,29/07/26,18:32:23
35824,0.1,35.824,100.49129075480126,13068916118,2026-07-29 18:32:59.543134,29/07/26,18:32:59
32596,0.11,32.596,110.4429991409989,13068948714,2026-07-29 18:33:32.139134,29/07/26,18:33:32
32448,0.11,32.448,110.94674556213018,13068981162,2026-07-29 18:34:04.587134,29/07/26,18:34:4
32362,0.11,32.362,111.24157963043075,13069013524,2026-07-29 18:34:36.949134,29/07/26,18:34:36
32411,0.11,32.411,111.07340100583136,13069045935,2026-07-29 18:35:09.360134,29/07/26,18:35:9
32649,0.11,32.649,110.2637140494349,13069078584,2026-07-29 18:35:42.009134,29/07/26,18:35:42
32800,0.11,32.8,109.7560975609756,13069111384,2026-07-29 18:36:14.809134,29/07/26,18:36:14
32858,0.11,32.858,109.56235924280236,13069144242,2026-07-29 18:36:47.667134,29/07/26,18:36:47
32814,0.11,32.814,109.70927043335162,13069177056,2026-07-29 18:37:20.481134,29/07/26,18:37:20
32968,0.11,32.968,109.19679689395778,13069210024,2026-07-29 18:37:53.449134,29/07/26,18:37:53
32257,0.11,32.257,111.6036829215364,13069242281,2026-07-29 18:38:25.706134,29/07/26,18:38:25
16055,0.22,16.055,224.2292120834631,13069258336,2026-07-29 18:38:41.761134,29/07/26,18:38:41
18743,0.19,18.743,192.07170677052767,13069277079,2026-07-29 18:39:00.504134,29/07/26,18:39:0
18563,0.19,18.563,193.93417012336369,13069295642,2026-07-29 18:39:19.067134,29/07/26,18:39:19
18760,0.19,18.76,191.89765458422175,13069314402,2026-07-29 18:39:37.827134,29/07/26,18:39:37
18842,0.19,18.842,191.06251990234583,13069333244,2026-07-29 18:39:56.669134,29/07/26,18:39:56
18828,0.19,18.828,191.20458891013385,13069352072,2026-07-29 18:40:15.497134,29/07/26,18:40:15
19075,0.19,19.075,188.72870249017038,13069371147,2026-07-29 18:40:34.572134,29/07/26,18:40:34
19155,0.19,19.155,187.9404855129209,13069390302,2026-07-29 18:40:53.727134,29/07/26,18:40:53
19193,0.19,19.193,187.5683843067785,13069409495,2026-07-29 18:41:12.920134,29/07/26,18:41:12
19084,0.19,19.084,188.6396981764829,13069428579,2026-07-29 18:41:32.004134,29/07/26,18:41:32
19343,0.19,19.343,186.11383963190818,13069447922,2026-07-29 18:41:51.347134,29/07/26,18:41:51
19383,0.19,19.383,185.72976319455194,13069467305,2026-07-29 18:42:10.730134,29/07/26,18:42:10
19423,0.19,19.423,185.34726870205427,13069486728,2026-07-29 18:42:30.153134,29/07/26,18:42:30
19433,0.19,19.433,185.2518911130551,13069506161,2026-07-29 18:42:49.586134,29/07/26,18:42:49
19562,0.18,19.562,184.0302627543196,13069525723,2026-07-29 18:43:09.148134,29/07/26,18:43:9
19519,0.18,19.519,184.43567805727753,13069545242,2026-07-29 18:43:28.667134,29/07/26,18:43:28
19687,0.18,19.687,182.86178696601817,13069564929,2026-07-29 18:43:48.354134,29/07/26,18:43:48
19798,0.18,19.798,181.83654914637842,13069584727,2026-07-29 18:44:08.152134,29/07/26,18:44:8
19747,0.18,19.747,182.30617308958324,13069604474,2026-07-29 18:44:27.899134,29/07/26,18:44:27
19833,0.18,19.833,181.51565572530632,13069624307,2026-07-29 18:44:47.732134,29/07/26,18:44:47
19883,0.18,19.883,181.0591962983453,13069644190,2026-07-29 18:45:07.615134,29/07/26,18:45:7
19847,0.18,19.847,181.38761525671387,13069664037,2026-07-29 18:45:27.462134,29/07/26,18:45:27
19992,0.18,19.992,180.0720288115246,13069684029,2026-07-29 18:45:47.454134,29/07/26,18:45:47
19997,0.18,19.997,180.0270040506076,13069704026,2026-07-29 18:46:07.451134,29/07/26,18:46:7
26192,0.14,26.192,137.44654856444717,13069730218,2026-07-29 18:46:33.643134,29/07/26,18:46:33
32666,0.11,32.666,110.20633074144371,13069762884,2026-07-29 18:47:06.309134,29/07/26,18:47:6
32649,0.11,32.649,110.2637140494349,13069795533,2026-07-29 18:47:38.958134,29/07/26,18:47:38
32670,0.11,32.67,110.19283746556474,13069828203,2026-07-29 18:48:11.628134,29/07/26,18:48:11
32484,0.11,32.484,110.82379017362393,13069860687,2026-07-29 18:48:44.112134,29/07/26,18:48:44
32586,0.11,32.586,110.47689191677408,13069893273,2026-07-29 18:49:16.698134,29/07/26,18:49:16
32653,0.11,32.653,110.2502067191376,13069925926,2026-07-29 18:49:49.351134,29/07/26,18:49:49
32575,0.11,32.575,110.51419800460476,13069958501,2026-07-29 18:50:21.926134,29/07/26,18:50:21
32741,0.11,32.741,109.95388045569774,13069991242,2026-07-29 18:50:54.667134,29/07/26,18:50:54
32557,0.11,32.557,110.57529870688332,13070023799,2026-07-29 18:51:27.224134,29/07/26,18:51:27
32633,0.11,32.633,110.31777648392732,13070056432,2026-07-29 18:51:59.857134,29/07/26,18:51:59
32702,0.11,32.702,110.08501009112592,13070089134,2026-07-29 18:52:32.559134,29/07/26,18:52:32
32760,0.11,32.76,109.89010989010988,13070121894,2026-07-29 18:53:05.319134,29/07/26,18:53:5
32495,0.11,32.495,110.78627481150946,13070154389,2026-07-29 18:53:37.814134,29/07/26,18:53:37
33367,0.11,33.367,107.89103005963976,13070187756,2026-07-29 18:54:11.181134,29/07/26,18:54:11
37305,0.1,37.305,96.50180940892642,13070225061,2026-07-29 18:54:48.486134,29/07/26,18:54:48
36992,0.1,36.992,97.31833910034602,13070262053,2026-07-29 18:55:25.478134,29/07/26,18:55:25
36935,0.1,36.935,97.46852578854745,13070298988,2026-07-29 18:56:02.413134,29/07/26,18:56:2
36898,0.1,36.898,97.56626375413302,13070335886,2026-07-29 18:56:39.311134,29/07/26,18:56:39
36913,0.1,36.913,97.52661663912443,13070372799,2026-07-29 18:57:16.224134,29/07/26,18:57:16
37122,0.1,37.122,96.97753353806368,13070409921,2026-07-29 18:57:53.346134,29/07/26,18:57:53
36909,0.1,36.909,97.53718605218239,13070446830,2026-07-29 18:58:30.255134,29/07/26,18:58:30
37011,0.1,37.011,97.26837967090864,13070483841,2026-07-29 18:59:07.266134,29/07/26,18:59:7
30983,0.12,30.983,116.19275086337669,13070514824,2026-07-29 18:59:38.249134,29/07/26,18:59:38
29068,0.12,29.068,123.84752992981973,13070543892,2026-07-29 19:00:07.317134,29/07/26,19:0:7
29117,0.12,29.117,123.63911117216746,13070573009,2026-07-29 19:00:36.434134,29/07/26,19:0:36
28446,0.13,28.446,126.55557899177388,13070601455,2026-07-29 19:01:04.880134,29/07/26,19:1:4
28711,0.12,28.711,125.38748214969873,13070630166,2026-07-29 19:01:33.591134,29/07/26,19:1:33
28830,0.12,28.83,124.86992715920915,13070658996,2026-07-29 19:02:02.421134,29/07/26,19:2:2
28746,0.12,28.746,125.23481527864746,13070687742,2026-07-29 19:02:31.167134,29/07/26,19:2:31
28650,0.12,28.65,125.6544502617801,13070716392,2026-07-29 19:02:59.817134,29/07/26,19:2:59
28345,0.13,28.345,127.00652672429,13070744737,2026-07-29 19:03:28.162134,29/07/26,19:3:28
28540,0.13,28.54,126.13875262789068,13070773277,2026-07-29 19:03:56.702134,29/07/26,19:3:56
28340,0.13,28.34,127.02893436838391,13070801617,2026-07-29 19:04:25.042134,29/07/26,19:4:25
28634,0.12,28.634,125.72466298805615,13070830251,2026-07-29 19:04:53.676134,29/07/26,19:4:53
28308,0.13,28.308,127.1725307333616,13070858559,2026-07-29 19:05:21.984134,29/07/26,19:5:21
28453,0.13,28.453,126.52444381963238,13070887012,2026-07-29 19:05:50.437134,29/07/26,19:5:50
28490,0.13,28.49,126.36012636012636,13070915502,2026-07-29 19:06:18.927134,29/07/26,19:6:18
28514,0.13,28.514,126.25377007785649,13070944016,2026-07-29 19:06:47.441134,29/07/26,19:6:47
28571,0.13,28.571,126.00189002835043,13070972587,2026-07-29 19:07:16.012134,29/07/26,19:7:16
28581,0.12,28.581,125.95780413561457,13071001168,2026-07-29 19:07:44.593134,29/07/26,19:7:44
28334,0.13,28.334,127.05583398037693,13071029502,2026-07-29 19:08:12.927134,29/07/26,19:8:12
28426,0.13,28.426,126.64462112150848,13071057928,2026-07-29 19:08:41.353134,29/07/26,19:8:41
28576,0.12,28.576,125.97984322508398,13071086504,2026-07-29 19:09:09.929134,29/07/26,19:9:9
23011,0.16,23.011,156.44691669201686,13071109515,2026-07-29 19:09:32.940134,29/07/26,19:9:32
17381,0.21,17.381,207.12272021172544,13071126896,2026-07-29 19:09:50.321134,29/07/26,19:9:50
17127,0.21,17.127,210.19442984760903,13071144023,2026-07-29 19:10:07.448134,29/07/26,19:10:7
17375,0.21,17.375,207.19424460431654,13071161398,2026-07-29 19:10:24.823134,29/07/26,19:10:24
17464,0.21,17.464,206.13834173156206,13071178862,2026-07-29 19:10:42.287134,29/07/26,19:10:42
17513,0.2,17.513,205.56158282418775,13071196375,2026-07-29 19:10:59.800134,29/07/26,19:10:59
17606,0.2,17.606,204.4757469044644,13071213981,2026-07-29 19:11:17.406134,29/07/26,19:11:17
17774,0.2,17.774,202.54304039608417,13071231755,2026-07-29 19:11:35.180134,29/07/26,19:11:35
17834,0.2,17.834,201.86161264999438,13071249589,2026-07-29 19:11:53.014134,29/07/26,19:11:53
17850,0.2,17.85,201.68067226890756,13071267439,2026-07-29 19:12:10.864134,29/07/26,19:12:10
17958,0.2,17.958,200.46775810223855,13071285397,2026-07-29 19:12:28.822134,29/07/26,19:12:28
18045,0.2,18.045,199.50124688279303,13071303442,2026-07-29 19:12:46.867134,29/07/26,19:12:46
18127,0.2,18.127,198.59877530755227,13071321569,2026-07-29 19:13:04.994134,29/07/26,19:13:4
18068,0.2,18.068,199.24728802302414,13071339637,2026-07-29 19:13:23.062134,29/07/26,19:13:23
18255,0.2,18.255,197.2062448644207,13071357892,2026-07-29 19:13:41.317134,29/07/26,19:13:41
18296,0.2,18.296,196.76432006996066,13071376188,2026-07-29 19:13:59.613134,29/07/26,19:13:59
18268,0.2,18.268,197.06590759798556,13071394456,2026-07-29 19:14:17.881134,29/07/26,19:14:17
18300,0.2,18.3,196.72131147540983,13071412756,2026-07-29 19:14:36.181134,29/07/26,19:14:36
18450,0.19,18.45,195.1219512195122,13071431206,2026-07-29 19:14:54.631134,29/07/26,19:14:54
18353,0.2,18.353,196.15321745763634,13071449559,2026-07-29 19:15:12.984134,29/07/26,19:15:12
18465,0.19,18.465,194.9634443541836,13071468024,2026-07-29 19:15:31.449134,29/07/26,19:15:31
18523,0.19,18.523,194.35296658208713,13071486547,2026-07-29 19:15:49.972134,29/07/26,19:15:49
18565,0.19,18.565,193.91327767304068,13071505112,2026-07-29 19:16:08.537134,29/07/26,19:16:8
18389,0.19,18.389,195.7692098537169,13071523501,2026-07-29 19:16:26.926134,29/07/26,19:16:26
18503,0.19,18.503,194.56304383073015,13071542004,2026-07-29 19:16:45.429134,29/07/26,19:16:45
18650,0.19,18.65,193.02949061662198,13071560654,2026-07-29 19:17:04.079134,29/07/26,19:17:4
18617,0.19,18.617,193.37164956759952,13071579271,2026-07-29 19:17:22.696134,29/07/26,19:17:22
26060,0.14,26.06,138.14274750575595,13071605331,2026-07-29 19:17:48.756134,29/07/26,19:17:48
29226,0.12,29.226,123.17799219872717,13071634557,2026-07-29 19:18:17.982134,29/07/26,19:18:17
29558,0.12,29.558,121.79443805399553,13071664115,2026-07-29 19:18:47.540134,29/07/26,19:18:47
29201,0.12,29.201,123.28344919694531,13071693316,2026-07-29 19:19:16.741134,29/07/26,19:19:16
29228,0.12,29.228,123.16956343232516,13071722544,2026-07-29 19:19:45.969134,29/07/26,19:19:45
29680,0.12,29.68,121.29380053908356,13071752224,2026-07-29 19:20:15.649134,29/07/26,19:20:15
29846,0.12,29.846,120.61917844937345,13071782070,2026-07-29 19:20:45.495134,29/07/26,19:20:45
29313,0.12,29.313,122.81240405280933,13071811383,2026-07-29 19:21:14.808134,29/07/26,19:21:14
29796,0.12,29.796,120.82158679017317,13071841179,2026-07-29 19:21:44.604134,29/07/26,19:21:44
29747,0.12,29.747,121.02060712004572,13071870926,2026-07-29 19:22:14.351134,29/07/26,19:22:14
29625,0.12,29.625,121.51898734177215,13071900551,2026-07-29 19:22:43.976134,29/07/26,19:22:43
29277,0.12,29.277,122.96341838303105,13071929828,2026-07-29 19:23:13.253134,29/07/26,19:23:13
29360,0.12,29.36,122.6158038147139,13071959188,2026-07-29 19:23:42.613134,29/07/26,19:23:42
28193,0.13,28.193,127.69127088284326,13071987381,2026-07-29 19:24:10.806134,29/07/26,19:24:10
27280,0.13,27.28,131.96480938416423,13072014661,2026-07-29 19:24:38.086134,29/07/26,19:24:38
28435,0.13,28.435,126.60453666256375,13072043096,2026-07-29 19:25:06.521134,29/07/26,19:25:6
28544,0.13,28.544,126.12107623318386,13072071640,2026-07-29 19:25:35.065134,29/07/26,19:25:35
28616,0.12,28.616,125.80374615599665,13072100256,2026-07-29 19:26:03.681134,29/07/26,19:26:3
28752,0.12,28.752,125.20868113522538,13072129008,2026-07-29 19:26:32.433134,29/07/26,19:26:32
28895,0.12,28.895,124.58902924381381,13072157903,2026-07-29 19:27:01.328134,29/07/26,19:27:1
28783,0.12,28.783,125.07382830142792,13072186686,2026-07-29 19:27:30.111134,29/07/26,19:27:30
28974,0.12,28.974,124.24932698281218,13072215660,2026-07-29 19:27:59.085134,29/07/26,19:27:59
28711,0.12,28.711,125.38748214969873,13072244371,2026-07-29 19:28:27.796134,29/07/26,19:28:27
28936,0.12,28.936,124.41249654409732,13072273307,2026-07-29 19:28:56.732134,29/07/26,19:28:56
28797,0.12,28.797,125.01302218981144,13072302104,2026-07-29 19:29:25.529134,29/07/26,19:29:25
28749,0.12,28.749,125.22174684336846,13072330853,2026-07-29 19:29:54.278134,29/07/26,19:29:54
27068,0.13,27.068,132.9983744643121,13072357921,2026-07-29 19:30:21.346134,29/07/26,19:30:21
28133,0.13,28.133,127.96360146447233,13072386054,2026-07-29 19:30:49.479134,29/07/26,19:30:49
28795,0.12,28.795,125.02170515714533,13072414849,2026-07-29 19:31:18.274134,29/07/26,19:31:18
28869,0.12,28.869,124.70123662059649,13072443718,2026-07-29 19:31:47.143134,29/07/26,19:31:47
29378,0.12,29.378,122.54067669684798,13072473096,2026-07-29 19:32:16.521134,29/07/26,19:32:16
29468,0.12,29.468,122.16641780914891,13072502564,2026-07-29 19:32:45.989134,29/07/26,19:32:45
29351,0.12,29.351,122.65340192838404,13072531915,2026-07-29 19:33:15.340134,29/07/26,19:33:15
29497,0.12,29.497,122.04630979421636,13072561412,2026-07-29 19:33:44.837134,29/07/26,19:33:44
29423,0.12,29.423,122.35326105427727,13072590835,2026-07-29 19:34:14.260134,29/07/26,19:34:14
29328,0.12,29.328,122.74959083469722,13072620163,2026-07-29 19:34:43.588134,29/07/26,19:34:43
29454,0.12,29.454,122.22448563862294,13072649617,2026-07-29 19:35:13.042134,29/07/26,19:35:13
29495,0.12,29.495,122.05458552297,13072679112,2026-07-29 19:35:42.537134,29/07/26,19:35:42
29495,0.12,29.495,122.05458552297,13072708607,2026-07-29 19:36:12.032134,29/07/26,19:36:12
29419,0.12,29.419,122.36989700533668,13072738026,2026-07-29 19:36:41.451134,29/07/26,19:36:41
29552,0.12,29.552,121.81916621548457,13072767578,2026-07-29 19:37:11.003134,29/07/26,19:37:11
28073,0.13,28.073,128.2370961422007,13072795651,2026-07-29 19:37:39.076134,29/07/26,19:37:39
28311,0.13,28.311,127.15905478435944,13072823962,2026-07-29 19:38:07.387134,29/07/26,19:38:7
28920,0.12,28.92,124.48132780082987,13072852882,2026-07-29 19:38:36.307134,29/07/26,19:38:36
28537,0.13,28.537,126.15201317587693,13072881419,2026-07-29 19:39:04.844134,29/07/26,19:39:4
27338,0.13,27.338,131.68483429658352,13072908757,2026-07-29 19:39:32.182134,29/07/26,19:39:32
15491,0.23,15.491,232.39300238848364,13072924248,2026-07-29 19:39:47.673134,29/07/26,19:39:47
17516,0.2,17.516,205.52637588490524,13072941764,2026-07-29 19:40:05.189134,29/07/26,19:40:5
17428,0.21,17.428,206.56414964425062,13072959192,2026-07-29 19:40:22.617134,29/07/26,19:40:22
17477,0.2,17.477,205.98500886879899,13072976669,2026-07-29 19:40:40.094134,29/07/26,19:40:40
17620,0.2,17.62,204.3132803632236,13072994289,2026-07-29 19:40:57.714134,29/07/26,19:40:57
17596,0.2,17.596,204.5919527165265,13073011885,2026-07-29 19:41:15.310134,29/07/26,19:41:15
17892,0.2,17.892,201.2072434607646,13073029777,2026-07-29 19:41:33.202134,29/07/26,19:41:33
17956,0.2,17.956,200.49008687903765,13073047733,2026-07-29 19:41:51.158134,29/07/26,19:41:51
17948,0.2,17.948,200.57945174949856,13073065681,2026-07-29 19:42:09.106134,29/07/26,19:42:9
17959,0.2,17.959,200.45659557881842,13073083640,2026-07-29 19:42:27.065134,29/07/26,19:42:27
17764,0.2,17.764,202.6570592208962,13073101404,2026-07-29 19:42:44.829134,29/07/26,19:42:44
17960,0.2,17.96,200.44543429844097,13073119364,2026-07-29 19:43:02.789134,29/07/26,19:43:2
17995,0.2,17.995,200.0555709919422,13073137359,2026-07-29 19:43:20.784134,29/07/26,19:43:20
17814,0.2,17.814,202.08824520040417,13073155173,2026-07-29 19:43:38.598134,29/07/26,19:43:38
18122,0.2,18.122,198.6535702461097,13073173295,2026-07-29 19:43:56.720134,29/07/26,19:43:56
18096,0.2,18.096,198.9389920424403,13073191391,2026-07-29 19:44:14.816134,29/07/26,19:44:14
18154,0.2,18.154,198.3034042084389,13073209545,2026-07-29 19:44:32.970134,29/07/26,19:44:32
18245,0.2,18.245,197.31433269388873,13073227790,2026-07-29 19:44:51.215134,29/07/26,19:44:51
18277,0.2,18.277,196.96886797614488,13073246067,2026-07-29 19:45:09.492134,29/07/26,19:45:9
18201,0.2,18.201,197.79133014669523,13073264268,2026-07-29 19:45:27.693134,29/07/26,19:45:27
18334,0.2,18.334,196.35649612741355,13073282602,2026-07-29 19:45:46.027134,29/07/26,19:45:46
18383,0.19,18.383,195.83310667464505,13073300985,2026-07-29 19:46:04.410134,29/07/26,19:46:4
18289,0.2,18.289,196.8396303789163,13073319274,2026-07-29 19:46:22.699134,29/07/26,19:46:22
18325,0.2,18.325,196.45293315143246,13073337599,2026-07-29 19:46:41.024134,29/07/26,19:46:41
18481,0.19,18.481,194.79465396894108,13073356080,2026-07-29 19:46:59.505134,29/07/26,19:46:59
18396,0.19,18.396,195.69471624266146,13073374476,2026-07-29 19:47:17.901134,29/07/26,19:47:17
25276,0.14,25.276,142.4275993036873,13073399752,2026-07-29 19:47:43.177134,29/07/26,19:47:43
28753,0.12,28.753,125.20432650506034,13073428505,2026-07-29 19:48:11.930134,29/07/26,19:48:11
28700,0.12,28.7,125.43554006968641,13073457205,2026-07-29 19:48:40.630134,29/07/26,19:48:40
28657,0.12,28.657,125.62375684823952,13073485862,2026-07-29 19:49:09.287134,29/07/26,19:49:9
28587,0.12,28.587,125.9313674047644,13073514449,2026-07-29 19:49:37.874134,29/07/26,19:49:37
28765,0.12,28.765,125.15209455936034,13073543214,2026-07-29 19:50:06.639134,29/07/26,19:50:6
28662,0.12,28.662,125.60184216035168,13073571876,2026-07-29 19:50:35.301134,29/07/26,19:50:35
28870,0.12,28.87,124.69691721510218,13073600746,2026-07-29 19:51:04.171134,29/07/26,19:51:4
28706,0.12,28.706,125.40932209294225,13073629452,2026-07-29 19:51:32.877134,29/07/26,19:51:32
28130,0.13,28.13,127.97724848915749,13073657582,2026-07-29 19:52:01.007134,29/07/26,19:52:1
28671,0.12,28.671,125.56241498378152,13073686253,2026-07-29 19:52:29.678134,29/07/26,19:52:29
29155,0.12,29.155,123.47796261361688,13073715408,2026-07-29 19:52:58.833134,29/07/26,19:52:58
29000,0.12,29.0,124.13793103448276,13073744408,2026-07-29 19:53:27.833134,29/07/26,19:53:27
28329,0.13,28.329,127.07825902785132,13073772737,2026-07-29 19:53:56.162134,29/07/26,19:53:56
28465,0.13,28.465,126.47110486562445,13073801202,2026-07-29 19:54:24.627134,29/07/26,19:54:24
28565,0.13,28.565,126.02835638018554,13073829767,2026-07-29 19:54:53.192134,29/07/26,19:54:53
28534,0.13,28.534,126.16527651223102,13073858301,2026-07-29 19:55:21.726134,29/07/26,19:55:21
28657,0.12,28.657,125.62375684823952,13073886958,2026-07-29 19:55:50.383134,29/07/26,19:55:50
28376,0.13,28.376,126.86777558500141,13073915334,2026-07-29 19:56:18.759134,29/07/26,19:56:18
28518,0.13,28.518,126.23606143488323,13073943852,2026-07-29 19:56:47.277134,29/07/26,19:56:47
28468,0.13,28.468,126.45777715329493,13073972320,2026-07-29 19:57:15.745134,29/07/26,19:57:15
28553,0.13,28.553,126.08132245298218,13074000873,2026-07-29 19:57:44.298134,29/07/26,19:57:44
28413,0.13,28.413,126.70256572695597,13074029286,2026-07-29 19:58:12.711134,29/07/26,19:58:12
28504,0.13,28.504,126.29806342969408,13074057790,2026-07-29 19:58:41.215134,29/07/26,19:58:41
28348,0.13,28.348,126.99308593198815,13074086138,2026-07-29 19:59:09.563134,29/07/26,19:59:9
28382,0.13,28.382,126.84095553519836,13074114520,2026-07-29 19:59:37.945134,29/07/26,19:59:37
28419,0.13,28.419,126.67581547556212,13074142939,2026-07-29 20:00:06.364134,29/07/26,20:0:6
28339,0.13,28.339,127.03341684604256,13074171278,2026-07-29 20:00:34.703134,29/07/26,20:0:34
27568,0.13,27.568,130.586186883343,13074198846,2026-07-29 20:01:02.271134,29/07/26,20:1:2
27747,0.13,27.747,129.74375608173855,13074226593,2026-07-29 20:01:30.018134,29/07/26,20:1:30
27801,0.13,27.801,129.49174490126254,13074254394,2026-07-29 20:01:57.819134,29/07/26,20:1:57
27935,0.13,27.935,128.87059244675137,13074282329,2026-07-29 20:02:25.754134,29/07/26,20:2:25
27954,0.13,27.954,128.78300064391502,13074310283,2026-07-29 20:02:53.708134,29/07/26,20:2:53
27825,0.13,27.825,129.3800539083558,13074338108,2026-07-29 20:03:21.533134,29/07/26,20:3:21
28025,0.13,28.025,128.45673505798393,13074366133,2026-07-29 20:03:49.558134,29/07/26,20:3:49
27978,0.13,27.978,128.67252841518336,13074394111,2026-07-29 20:04:17.536134,29/07/26,20:4:17
28067,0.13,28.067,128.264509922685,13074422178,2026-07-29 20:04:45.603134,29/07/26,20:4:45
27878,0.13,27.878,129.1340842241194,13074450056,2026-07-29 20:05:13.481134,29/07/26,20:5:13
28106,0.13,28.106,128.08652956664056,13074478162,2026-07-29 20:05:41.587134,29/07/26,20:5:41
28049,0.13,28.049,128.34682163356982,13074506211,2026-07-29 20:06:09.636134,29/07/26,20:6:9
27942,0.13,27.942,128.83830792355593,13074534153,2026-07-29 20:06:37.578134,29/07/26,20:6:37
28011,0.13,28.011,128.52093820284887,13074562164,2026-07-29 20:07:05.589134,29/07/26,20:7:5
27966,0.13,27.966,128.72774082814846,13074590130,2026-07-29 20:07:33.555134,29/07/26,20:7:33
28019,0.13,28.019,128.48424283521896,13074618149,2026-07-29 20:08:01.574134,29/07/26,20:8:1
27667,0.13,27.667,130.11891422994904,13074645816,2026-07-29 20:08:29.241134,29/07/26,20:8:29
27941,0.13,27.941,128.84291900790953,13074673757,2026-07-29 20:08:57.182134,29/07/26,20:8:57
27949,0.13,27.949,128.8060395720777,13074701706,2026-07-29 20:09:25.131134,29/07/26,20:9:25
28060,0.13,28.06,128.29650748396293,13074729766,2026-07-29 20:09:53.191134,29/07/26,20:9:53
27930,0.13,27.93,128.89366272824918,13074757696,2026-07-29 20:10:21.121134,29/07/26,20:10:21
28081,0.13,28.081,128.200562658025,13074785777,2026-07-29 20:10:49.202134,29/07/26,20:10:49
27994,0.13,27.994,128.5989854968922,13074813771,2026-07-29 20:11:17.196134,29/07/26,20:11:17
28071,0.13,28.071,128.24623276691247,13074841842,2026-07-29 20:11:45.267134,29/07/26,20:11:45
28002,0.13,28.002,128.562245553889,13074869844,2026-07-29 20:12:13.269134,29/07/26,20:12:13
20555,0.17,20.555,175.13986864509852,13074890399,2026-07-29 20:12:33.824134,29/07/26,20:12:33
17161,0.21,17.161,209.7779849659111,13074907560,2026-07-29 20:12:50.985134,29/07/26,20:12:50
17130,0.21,17.13,210.15761821366024,13074924690,2026-07-29 20:13:08.115134,29/07/26,20:13:8
16966,0.21,16.966,212.18908405045386,13074941656,2026-07-29 20:13:25.081134,29/07/26,20:13:25
17083,0.21,17.083,210.73581923549727,13074958739,2026-07-29 20:13:42.164134,29/07/26,20:13:42
17147,0.21,17.147,209.9492622616201,13074975886,2026-07-29 20:13:59.311134,29/07/26,20:13:59
17241,0.21,17.241,208.80459370106144,13074993127,2026-07-29 20:14:16.552134,29/07/26,20:14:16
17600,0.2,17.6,204.54545454545453,13075010727,2026-07-29 20:14:34.152134,29/07/26,20:14:34
17655,0.2,17.655,203.90824129141888,13075028382,2026-07-29 20:14:51.807134,29/07/26,20:14:51
17801,0.2,17.801,202.23582944778383,13075046183,2026-07-29 20:15:09.608134,29/07/26,20:15:9
17735,0.2,17.735,202.98844093600226,13075063918,2026-07-29 20:15:27.343134,29/07/26,20:15:27
17851,0.2,17.851,201.66937426474706,13075081769,2026-07-29 20:15:45.194134,29/07/26,20:15:45
17957,0.2,17.957,200.47892186890905,13075099726,2026-07-29 20:16:03.151134,29/07/26,20:16:3
17872,0.2,17.872,201.43240823634736,13075117598,2026-07-29 20:16:21.023134,29/07/26,20:16:21
18027,0.2,18.027,199.70044932601098,13075135625,2026-07-29 20:16:39.050134,29/07/26,20:16:39
18136,0.2,18.136,198.5002205558006,13075153761,2026-07-29 20:16:57.186134,29/07/26,20:16:57
18110,0.2,18.11,198.78520154610712,13075171871,2026-07-29 20:17:15.296134,29/07/26,20:17:15
18262,0.2,18.262,197.13065381666848,13075190133,2026-07-29 20:17:33.558134,29/07/26,20:17:33
18124,0.2,18.124,198.63164864268373,13075208257,2026-07-29 20:17:51.682134,29/07/26,20:17:51
18287,0.2,18.287,196.86115819981407,13075226544,2026-07-29 20:18:09.969134,29/07/26,20:18:9
18266,0.2,18.266,197.087484944706,13075244810,2026-07-29 20:18:28.235134,29/07/26,20:18:28
18433,0.19,18.433,195.3019041935659,13075263243,2026-07-29 20:18:46.668134,29/07/26,20:18:46
17849,0.2,17.849,201.6919715390218,13075281092,2026-07-29 20:19:04.517134,29/07/26,20:19:4
18126,0.2,18.126,198.60973187686196,13075299218,2026-07-29 20:19:22.643134,29/07/26,20:19:22
18313,0.2,18.313,196.58166329929557,13075317531,2026-07-29 20:19:40.956134,29/07/26,20:19:40
18245,0.2,18.245,197.31433269388873,13075335776,2026-07-29 20:19:59.201134,29/07/26,20:19:59
18255,0.2,18.255,197.2062448644207,13075354031,2026-07-29 20:20:17.456134,29/07/26,20:20:17
26123,0.14,26.123,137.809593078896,13075380154,2026-07-29 20:20:43.579134,29/07/26,20:20:43
28535,0.13,28.535,126.16085509024006,13075408689,2026-07-29 20:21:12.114134,29/07/26,20:21:12
28472,0.13,28.472,126.44001123911211,13075437161,2026-07-29 20:21:40.586134,29/07/26,20:21:40
27970,0.13,27.97,128.70933142652842,13075465131,2026-07-29 20:22:08.556134,29/07/26,20:22:8
28093,0.13,28.093,128.14580144519988,13075493224,2026-07-29 20:22:36.649134,29/07/26,20:22:36
28276,0.13,28.276,127.31645211486773,13075521500,2026-07-29 20:23:04.925134,29/07/26,20:23:4
28104,0.13,28.104,128.09564474807857,13075549604,2026-07-29 20:23:33.029134,29/07/26,20:23:33
27945,0.13,27.945,128.8244766505636,13075577549,2026-07-29 20:24:00.974134,29/07/26,20:24:0
27077,0.13,27.077,132.95416774384162,13075604626,2026-07-29 20:24:28.051134,29/07/26,20:24:28
27276,0.13,27.276,131.98416190057193,13075631902,2026-07-29 20:24:55.327134,29/07/26,20:24:55
27470,0.13,27.47,131.05205678922462,13075659372,2026-07-29 20:25:22.797134,29/07/26,20:25:22
27526,0.13,27.526,130.78543922110006,13075686898,2026-07-29 20:25:50.323134,29/07/26,20:25:50
27389,0.13,27.389,131.43962904815803,13075714287,2026-07-29 20:26:17.712134,29/07/26,20:26:17
27505,0.13,27.505,130.8852935829849,13075741792,2026-07-29 20:26:45.217134,29/07/26,20:26:45
27518,0.13,27.518,130.82346100734065,13075769310,2026-07-29 20:27:12.735134,29/07/26,20:27:12
27314,0.13,27.314,131.80054184667205,13075796624,2026-07-29 20:27:40.049134,29/07/26,20:27:40
27228,0.13,27.228,132.21683561040106,13075823852,2026-07-29 20:28:07.277134,29/07/26,20:28:7
27226,0.13,27.226,132.2265481525013,13075851078,2026-07-29 20:28:34.503134,29/07/26,20:28:34
27136,0.13,27.136,132.66509433962264,13075878214,2026-07-29 20:29:01.639134,29/07/26,20:29:1
27359,0.13,27.359,131.58375671625424,13075905573,2026-07-29 20:29:28.998134,29/07/26,20:29:28
27189,0.13,27.189,132.40648791790798,13075932762,2026-07-29 20:29:56.187134,29/07/26,20:29:56
27451,0.13,27.451,131.14276346945468,13075960213,2026-07-29 20:30:23.638134,29/07/26,20:30:23
27845,0.13,27.845,129.28712515711976,13075988058,2026-07-29 20:30:51.483134,29/07/26,20:30:51
27879,0.13,27.879,129.1294522759066,13076015937,2026-07-29 20:31:19.362134,29/07/26,20:31:19
27870,0.13,27.87,129.17115177610333,13076043807,2026-07-29 20:31:47.232134,29/07/26,20:31:47
27027,0.13,27.027,133.2001332001332,13076070834,2026-07-29 20:32:14.259134,29/07/26,20:32:14
27002,0.13,27.002,133.32345752166506,13076097836,2026-07-29 20:32:41.261134,29/07/26,20:32:41
3600,1.0,3.6,1000.0,13076101436,2026-07-29 20:32:44.861134,29/07/26,20:32:44
1433,2.51,1.433,2512.212142358688,13076102869,2026-07-29 20:32:46.294134,29/07/26,20:32:46
1441,2.5,1.441,2498.265093684941,13076104310,2026-07-29 20:32:47.735134,29/07/26,20:32:47
1438,2.5,1.438,2503.4770514603615,13076105748,2026-07-29 20:32:49.173134,29/07/26,20:32:49
1446,2.49,1.446,2489.6265560165975,13076107194,2026-07-29 20:32:50.619134,29/07/26,20:32:50
1447,2.49,1.447,2487.90601243953,13076108641,2026-07-29 20:32:52.066134,29/07/26,20:32:52
1450,2.48,1.45,2482.7586206896553,13076110091,2026-07-29 20:32:53.516134,29/07/26,20:32:53
1456,2.47,1.456,2472.5274725274726,13076111547,2026-07-29 20:32:54.972134,29/07/26,20:32:54
1452,2.48,1.452,2479.3388429752067,13076112999,2026-07-29 20:32:56.424134,29/07/26,20:32:56
1456,2.47,1.456,2472.5274725274726,13076114455,2026-07-29 20:32:57.880134,29/07/26,20:32:57
1451,2.48,1.451,2481.0475534114403,13076115906,2026-07-29 20:32:59.331134,29/07/26,20:32:59
1454,2.47,1.454,2475.9284731774414,13076117360,2026-07-29 20:33:00.785134,29/07/26,20:33:0
1457,2.47,1.457,2470.8304735758406,13076118817,2026-07-29 20:33:02.242134,29/07/26,20:33:2
1458,2.47,1.458,2469.135802469136,13076120275,2026-07-29 20:33:03.700134,29/07/26,20:33:3
1459,2.47,1.459,2467.443454420836,13076121734,2026-07-29 20:33:05.159134,29/07/26,20:33:5
1458,2.47,1.458,2469.135802469136,13076123192,2026-07-29 20:33:06.617134,29/07/26,20:33:6
1461,2.46,1.461,2464.065708418891,13076124653,2026-07-29 20:33:08.078134,29/07/26,20:33:8
1461,2.46,1.461,2464.065708418891,13076126114,2026-07-29 20:33:09.539134,29/07/26,20:33:9
1460,2.46,1.46,2465.753424657534,13076127574,2026-07-29 20:33:10.999134,29/07/26,20:33:10
1462,2.46,1.462,2462.380300957592,13076129036,2026-07-29 20:33:12.461134,29/07/26,20:33:12
1465,2.46,1.465,2457.3378839590446,13076130501,2026-07-29 20:33:13.926134,29/07/26,20:33:13
1465,2.46,1.465,2457.3378839590446,13076131966,2026-07-29 20:33:15.391134,29/07/26,20:33:15
1470,2.45,1.47,2448.9795918367345,13076133436,2026-07-29 20:33:16.861134,29/07/26,20:33:16
1465,2.46,1.465,2457.3378839590446,13076134901,2026-07-29 20:33:18.326134,29/07/26,20:33:18
1471,2.45,1.471,2447.3147518694764,13076136372,2026-07-29 20:33:19.797134,29/07/26,20:33:19
1472,2.44,1.472,2445.6521739130435,13076137844,2026-07-29 20:33:21.269134,29/07/26,20:33:21
1472,2.44,1.472,2445.6521739130435,13076139316,2026-07-29 20:33:22.741134,29/07/26,20:33:22
1478,2.43,1.478,2435.723951285521,13076140794,2026-07-29 20:33:24.219134,29/07/26,20:33:24
1474,2.44,1.474,2442.3337856173675,13076142268,2026-07-29 20:33:25.693134,29/07/26,20:33:25
1487,2.42,1.487,2420.9818426361803,13076143755,2026-07-29 20:33:27.180134,29/07/26,20:33:27
1480,2.43,1.48,2432.4324324324325,13076145235,2026-07-29 20:33:28.660134,29/07/26,20:33:28
1482,2.43,1.482,2429.1497975708503,13076146717,2026-07-29 20:33:30.142134,29/07/26,20:33:30
1482,2.43,1.482,2429.1497975708503,13076148199,2026-07-29 20:33:31.624134,29/07/26,20:33:31
1481,2.43,1.481,2430.7900067521946,13076149680,2026-07-29 20:33:33.105134,29/07/26,20:33:33
1484,2.42,1.484,2425.876010781671,13076151164,2026-07-29 20:33:34.589134,29/07/26,20:33:34
1480,2.43,1.48,2432.4324324324325,13076152644,2026-07-29 20:33:36.069134,29/07/26,20:33:36
1492,2.41,1.492,2412.868632707775,13076154136,2026-07-29 20:33:37.561134,29/07/26,20:33:37
1488,2.42,1.488,2419.3548387096776,13076155624,2026-07-29 20:33:39.049134,29/07/26,20:33:39
1489,2.42,1.489,2417.73002014775,13076157113,2026-07-29 20:33:40.538134,29/07/26,20:33:40
1487,2.42,1.487,2420.9818426361803,13076158600,2026-07-29 20:33:42.025134,29/07/26,20:33:42
1490,2.42,1.49,2416.1073825503354,13076160090,2026-07-29 20:33:43.515134,29/07/26,20:33:43
1492,2.41,1.492,2412.868632707775,13076161582,2026-07-29 20:33:45.007134,29/07/26,20:33:45
1489,2.42,1.489,2417.73002014775,13076163071,2026-07-29 20:33:46.496134,29/07/26,20:33:46
1492,2.41,1.492,2412.868632707775,13076164563,2026-07-29 20:33:47.988134,29/07/26,20:33:47
1488,2.42,1.488,2419.3548387096776,13076166051,2026-07-29 20:33:49.476134,29/07/26,20:33:49
1489,2.42,1.489,2417.73002014775,13076167540,2026-07-29 20:33:50.965134,29/07/26,20:33:50
1488,2.42,1.488,2419.3548387096776,13076169028,2026-07-29 20:33:52.453134,29/07/26,20:33:52
1491,2.41,1.491,2414.486921529175,13076170519,2026-07-29 20:33:53.944134,29/07/26,20:33:53
1489,2.42,1.489,2417.73002014775,13076172008,2026-07-29 20:33:55.433134,29/07/26,20:33:55
1495,2.41,1.495,2408.0267558528426,13076173503,2026-07-29 20:33:56.928134,29/07/26,20:33:56
1491,2.41,1.491,2414.486921529175,13076174994,2026-07-29 20:33:58.419134,29/07/26,20:33:58
1494,2.41,1.494,2409.6385542168673,13076176488,2026-07-29 20:33:59.913134,29/07/26,20:33:59
1495,2.41,1.495,2408.0267558528426,13076177983,2026-07-29 20:34:01.408134,29/07/26,20:34:1
1495,2.41,1.495,2408.0267558528426,13076179478,2026-07-29 20:34:02.903134,29/07/26,20:34:2
1497,2.4,1.497,2404.809619238477,13076180975,2026-07-29 20:34:04.400134,29/07/26,20:34:4
1491,2.41,1.491,2414.486921529175,13076182466,2026-07-29 20:34:05.891134,29/07/26,20:34:5
1500,2.4,1.5,2400.0,13076183966,2026-07-29 20:34:07.391134,29/07/26,20:34:7
1496,2.41,1.496,2406.4171122994653,13076185462,2026-07-29 20:34:08.887134,29/07/26,20:34:8
1500,2.4,1.5,2400.0,13076186962,2026-07-29 20:34:10.387134,29/07/26,20:34:10
1495,2.41,1.495,2408.0267558528426,13076188457,2026-07-29 20:34:11.882134,29/07/26,20:34:11
1496,2.41,1.496,2406.4171122994653,13076189953,2026-07-29 20:34:13.378134,29/07/26,20:34:13
1499,2.4,1.499,2401.601067378252,13076191452,2026-07-29 20:34:14.877134,29/07/26,20:34:14
1502,2.4,1.502,2396.804260985353,13076192954,2026-07-29 20:34:16.379134,29/07/26,20:34:16
1508,2.39,1.508,2387.2679045092837,13076194462,2026-07-29 20:34:17.887134,29/07/26,20:34:17
1500,2.4,1.5,2400.0,13076195962,2026-07-29 20:34:19.387134,29/07/26,20:34:19
1498,2.4,1.498,2403.2042723631507,13076197460,2026-07-29 20:34:20.885134,29/07/26,20:34:20
1496,2.41,1.496,2406.4171122994653,13076198956,2026-07-29 20:34:22.381134,29/07/26,20:34:22
1491,2.41,1.491,2414.486921529175,13076200447,2026-07-29 20:34:23.872134,29/07/26,20:34:23
1494,2.41,1.494,2409.6385542168673,13076201941,2026-07-29 20:34:25.366134,29/07/26,20:34:25
1496,2.41,1.496,2406.4171122994653,13076203437,2026-07-29 20:34:26.862134,29/07/26,20:34:26
1495,2.41,1.495,2408.0267558528426,13076204932,2026-07-29 20:34:28.357134,29/07/26,20:34:28
1492,2.41,1.492,2412.868632707775,13076206424,2026-07-29 20:34:29.849134,29/07/26,20:34:29
1489,2.42,1.489,2417.73002014775,13076207913,2026-07-29 20:34:31.338134,29/07/26,20:34:31
1489,2.42,1.489,2417.73002014775,13076209402,2026-07-29 20:34:32.827134,29/07/26,20:34:32
1488,2.42,1.488,2419.3548387096776,13076210890,2026-07-29 20:34:34.315134,29/07/26,20:34:34
1480,2.43,1.48,2432.4324324324325,13076212370,2026-07-29 20:34:35.795134,29/07/26,20:34:35
1487,2.42,1.487,2420.9818426361803,13076213857,2026-07-29 20:34:37.282134,29/07/26,20:34:37
1484,2.42,1.484,2425.876010781671,13076215341,2026-07-29 20:34:38.766134,29/07/26,20:34:38
1487,2.42,1.487,2420.9818426361803,13076216828,2026-07-29 20:34:40.253134,29/07/26,20:34:40
1488,2.42,1.488,2419.3548387096776,13076218316,2026-07-29 20:34:41.741134,29/07/26,20:34:41
1486,2.42,1.486,2422.6110363391654,13076219802,2026-07-29 20:34:43.227134,29/07/26,20:34:43
1488,2.42,1.488,2419.3548387096776,13076221290,2026-07-29 20:34:44.715134,29/07/26,20:34:44
1477,2.44,1.477,2437.3730534867977,13076222767,2026-07-29 20:34:46.192134,29/07/26,20:34:46
1485,2.42,1.485,2424.242424242424,13076224252,2026-07-29 20:34:47.677134,29/07/26,20:34:47
1479,2.43,1.479,2434.077079107505,13076225731,2026-07-29 20:34:49.156134,29/07/26,20:34:49
1479,2.43,1.479,2434.077079107505,13076227210,2026-07-29 20:34:50.635134,29/07/26,20:34:50
1481,2.43,1.481,2430.7900067521946,13076228691,2026-07-29 20:34:52.116134,29/07/26,20:34:52
1483,2.43,1.483,2427.5118004045853,13076230174,2026-07-29 20:34:53.599134,29/07/26,20:34:53
1480,2.43,1.48,2432.4324324324325,13076231654,2026-07-29 20:34:55.079134,29/07/26,20:34:55
1482,2.43,1.482,2429.1497975708503,13076233136,2026-07-29 20:34:56.561134,29/07/26,20:34:56
1485,2.42,1.485,2424.242424242424,13076234621,2026-07-29 20:34:58.046134,29/07/26,20:34:58
1478,2.43,1.478,2435.723951285521,13076236099,2026-07-29 20:34:59.524134,29/07/26,20:34:59
1473,2.44,1.473,2443.9918533604887,13076237572,2026-07-29 20:35:00.997134,29/07/26,20:35:0
1474,2.44,1.474,2442.3337856173675,13076239046,2026-07-29 20:35:02.471134,29/07/26,20:35:2
1480,2.43,1.48,2432.4324324324325,13076240526,2026-07-29 20:35:03.951134,29/07/26,20:35:3
1476,2.44,1.476,2439.0243902439024,13076242002,2026-07-29 20:35:05.427134,29/07/26,20:35:5
1480,2.43,1.48,2432.4324324324325,13076243482,2026-07-29 20:35:06.907134,29/07/26,20:35:6
1475,2.44,1.475,2440.677966101695,13076244957,2026-07-29 20:35:08.382134,29/07/26,20:35:8
1481,2.43,1.481,2430.7900067521946,13076246438,2026-07-29 20:35:09.863134,29/07/26,20:35:9
1479,2.43,1.479,2434.077079107505,13076247917,2026-07-29 20:35:11.342134,29/07/26,20:35:11
1474,2.44,1.474,2442.3337856173675,13076249391,2026-07-29 20:35:12.816134,29/07/26,20:35:12
1480,2.43,1.48,2432.4324324324325,13076250871,2026-07-29 20:35:14.296134,29/07/26,20:35:14
1474,2.44,1.474,2442.3337856173675,13076252345,2026-07-29 20:35:15.770134,29/07/26,20:35:15
1481,2.43,1.481,2430.7900067521946,13076253826,2026-07-29 20:35:17.251134,29/07/26,20:35:17
1480,2.43,1.48,2432.4324324324325,13076255306,2026-07-29 20:35:18.731134,29/07/26,20:35:18
1483,2.43,1.483,2427.5118004045853,13076256789,2026-07-29 20:35:20.214134,29/07/26,20:35:20
1483,2.43,1.483,2427.5118004045853,13076258272,2026-07-29 20:35:21.697134,29/07/26,20:35:21
1478,2.43,1.478,2435.723951285521,13076259750,2026-07-29 20:35:23.175134,29/07/26,20:35:23
1484,2.42,1.484,2425.876010781671,13076261234,2026-07-29 20:35:24.659134,29/07/26,20:35:24
1477,2.44,1.477,2437.3730534867977,13076262711,2026-07-29 20:35:26.136134,29/07/26,20:35:26
1486,2.42,1.486,2422.6110363391654,13076264197,2026-07-29 20:35:27.622134,29/07/26,20:35:27
1477,2.44,1.477,2437.3730534867977,13076265674,2026-07-29 20:35:29.099134,29/07/26,20:35:29
1481,2.43,1.481,2430.7900067521946,13076267155,2026-07-29 20:35:30.580134,29/07/26,20:35:30
1486,2.42,1.486,2422.6110363391654,13076268641,2026-07-29 20:35:32.066134,29/07/26,20:35:32
1484,2.42,1.484,2425.876010781671,13076270125,2026-07-29 20:35:33.550134,29/07/26,20:35:33
1486,2.42,1.486,2422.6110363391654,13076271611,2026-07-29 20:35:35.036134,29/07/26,20:35:35
1483,2.43,1.483,2427.5118004045853,13076273094,2026-07-29 20:35:36.519134,29/07/26,20:35:36
1489,2.42,1.489,2417.73002014775,13076274583,2026-07-29 20:35:38.008134,29/07/26,20:35:38
1488,2.42,1.488,2419.3548387096776,13076276071,2026-07-29 20:35:39.496134,29/07/26,20:35:39
1483,2.43,1.483,2427.5118004045853,13076277554,2026-07-29 20:35:40.979134,29/07/26,20:35:40
1487,2.42,1.487,2420.9818426361803,13076279041,2026-07-29 20:35:42.466134,29/07/26,20:35:42
1484,2.42,1.484,2425.876010781671,13076280525,2026-07-29 20:35:43.950134,29/07/26,20:35:43
1482,2.43,1.482,2429.1497975708503,13076282007,2026-07-29 20:35:45.432134,29/07/26,20:35:45
1488,2.42,1.488,2419.3548387096776,13076283495,2026-07-29 20:35:46.920134,29/07/26,20:35:46
1485,2.42,1.485,2424.242424242424,13076284980,2026-07-29 20:35:48.405134,29/07/26,20:35:48
1488,2.42,1.488,2419.3548387096776,13076286468,2026-07-29 20:35:49.893134,29/07/26,20:35:49
1486,2.42,1.486,2422.6110363391654,13076287954,2026-07-29 20:35:51.379134,29/07/26,20:35:51
1491,2.41,1.491,2414.486921529175,13076289445,2026-07-29 20:35:52.870134,29/07/26,20:35:52
1496,2.41,1.496,2406.4171122994653,13076290941,2026-07-29 20:35:54.366134,29/07/26,20:35:54
1487,2.42,1.487,2420.9818426361803,13076292428,2026-07-29 20:35:55.853134,29/07/26,20:35:55
1495,2.41,1.495,2408.0267558528426,13076293923,2026-07-29 20:35:57.348134,29/07/26,20:35:57
1490,2.42,1.49,2416.1073825503354,13076295413,2026-07-29 20:35:58.838134,29/07/26,20:35:58
1494,2.41,1.494,2409.6385542168673,13076296907,2026-07-29 20:36:00.332134,29/07/26,20:36:0
1494,2.41,1.494,2409.6385542168673,13076298401,2026-07-29 20:36:01.826134,29/07/26,20:36:1
1490,2.42,1.49,2416.1073825503354,13076299891,2026-07-29 20:36:03.316134,29/07/26,20:36:3
1492,2.41,1.492,2412.868632707775,13076301383,2026-07-29 20:36:04.808134,29/07/26,20:36:4
1488,2.42,1.488,2419.3548387096776,13076302871,2026-07-29 20:36:06.296134,29/07/26,20:36:6
1495,2.41,1.495,2408.0267558528426,13076304366,2026-07-29 20:36:07.791134,29/07/26,20:36:7
1491,2.41,1.491,2414.486921529175,13076305857,2026-07-29 20:36:09.282134,29/07/26,20:36:9
1487,2.42,1.487,2420.9818426361803,13076307344,2026-07-29 20:36:10.769134,29/07/26,20:36:10
1488,2.42,1.488,2419.3548387096776,13076308832,2026-07-29 20:36:12.257134,29/07/26,20:36:12
1489,2.42,1.489,2417.73002014775,13076310321,2026-07-29 20:36:13.746134,29/07/26,20:36:13
1491,2.41,1.491,2414.486921529175,13076311812,2026-07-29 20:36:15.237134,29/07/26,20:36:15
1489,2.42,1.489,2417.73002014775,13076313301,2026-07-29 20:36:16.726134,29/07/26,20:36:16
1494,2.41,1.494,2409.6385542168673,13076314795,2026-07-29 20:36:18.220134,29/07/26,20:36:18
1490,2.42,1.49,2416.1073825503354,13076316285,2026-07-29 20:36:19.710134,29/07/26,20:36:19
1488,2.42,1.488,2419.3548387096776,13076317773,2026-07-29 20:36:21.198134,29/07/26,20:36:21
1490,2.42,1.49,2416.1073825503354,13076319263,2026-07-29 20:36:22.688134,29/07/26,20:36:22
1494,2.41,1.494,2409.6385542168673,13076320757,2026-07-29 20:36:24.182134,29/07/26,20:36:24
1488,2.42,1.488,2419.3548387096776,13076322245,2026-07-29 20:36:25.670134,29/07/26,20:36:25
1491,2.41,1.491,2414.486921529175,13076323736,2026-07-29 20:36:27.161134,29/07/26,20:36:27
1491,2.41,1.491,2414.486921529175,13076325227,2026-07-29 20:36:28.652134,29/07/26,20:36:28
1493,2.41,1.493,2411.2525117213663,13076326720,2026-07-29 20:36:30.145134,29/07/26,20:36:30
1492,2.41,1.492,2412.868632707775,13076328212,2026-07-29 20:36:31.637134,29/07/26,20:36:31
1491,2.41,1.491,2414.486921529175,13076329703,2026-07-29 20:36:33.128134,29/07/26,20:36:33
1494,2.41,1.494,2409.6385542168673,13076331197,2026-07-29 20:36:34.622134,29/07/26,20:36:34
1486,2.42,1.486,2422.6110363391654,13076332683,2026-07-29 20:36:36.108134,29/07/26,20:36:36
1493,2.41,1.493,2411.2525117213663,13076334176,2026-07-29 20:36:37.601134,29/07/26,20:36:37
1493,2.41,1.493,2411.2525117213663,13076335669,2026-07-29 20:36:39.094134,29/07/26,20:36:39
1494,2.41,1.494,2409.6385542168673,13076337163,2026-07-29 20:36:40.588134,29/07/26,20:36:40
1494,2.41,1.494,2409.6385542168673,13076338657,2026-07-29 20:36:42.082134,29/07/26,20:36:42
1490,2.42,1.49,2416.1073825503354,13076340147,2026-07-29 20:36:43.572134,29/07/26,20:36:43
1489,2.42,1.489,2417.73002014775,13076341636,2026-07-29 20:36:45.061134,29/07/26,20:36:45
1486,2.42,1.486,2422.6110363391654,13076343122,2026-07-29 20:36:46.547134,29/07/26,20:36:46
1490,2.42,1.49,2416.1073825503354,13076344612,2026-07-29 20:36:48.037134,29/07/26,20:36:48
1488,2.42,1.488,2419.3548387096776,13076346100,2026-07-29 20:36:49.525134,29/07/26,20:36:49
1485,2.42,1.485,2424.242424242424,13076347585,2026-07-29 20:36:51.010134,29/07/26,20:36:51
1488,2.42,1.488,2419.3548387096776,13076349073,2026-07-29 20:36:52.498134,29/07/26,20:36:52
1490,2.42,1.49,2416.1073825503354,13076350563,2026-07-29 20:36:53.988134,29/07/26,20:36:53
1482,2.43,1.482,2429.1497975708503,13076352045,2026-07-29 20:36:55.470134,29/07/26,20:36:55
1482,2.43,1.482,2429.1497975708503,13076353527,2026-07-29 20:36:56.952134,29/07/26,20:36:56
1482,2.43,1.482,2429.1497975708503,13076355009,2026-07-29 20:36:58.434134,29/07/26,20:36:58
1482,2.43,1.482,2429.1497975708503,13076356491,2026-07-29 20:36:59.916134,29/07/26,20:36:59
1481,2.43,1.481,2430.7900067521946,13076357972,2026-07-29 20:37:01.397134,29/07/26,20:37:1
1479,2.43,1.479,2434.077079107505,13076359451,2026-07-29 20:37:02.876134,29/07/26,20:37:2
1481,2.43,1.481,2430.7900067521946,13076360932,2026-07-29 20:37:04.357134,29/07/26,20:37:4
1473,2.44,1.473,2443.9918533604887,13076362405,2026-07-29 20:37:05.830134,29/07/26,20:37:5
1487,2.42,1.487,2420.9818426361803,13076363892,2026-07-29 20:37:07.317134,29/07/26,20:37:7
1482,2.43,1.482,2429.1497975708503,13076365374,2026-07-29 20:37:08.799134,29/07/26,20:37:8
1487,2.42,1.487,2420.9818426361803,13076366861,2026-07-29 20:37:10.286134,29/07/26,20:37:10
1530,2.35,1.53,2352.9411764705883,13076368391,2026-07-29 20:37:11.816134,29/07/26,20:37:11
2918,1.23,2.918,1233.721727210418,13076371309,2026-07-29 20:37:14.734134,29/07/26,20:37:14
2675,1.35,2.675,1345.7943925233644,13076373984,2026-07-29 20:37:17.409134,29/07/26,20:37:17
1488,2.42,1.488,2419.3548387096776,13076375472,2026-07-29 20:37:18.897134,29/07/26,20:37:18
1664,2.16,1.664,2163.4615384615386,13076377136,2026-07-29 20:37:20.561134,29/07/26,20:37:20
3747,0.96,3.747,960.7686148919136,13076380883,2026-07-29 20:37:24.308134,29/07/26,20:37:24
1758,2.05,1.758,2047.7815699658704,13076382641,2026-07-29 20:37:26.066134,29/07/26,20:37:26
1449,2.48,1.449,2484.472049689441,13076384090,2026-07-29 20:37:27.515134,29/07/26,20:37:27
1937,1.86,1.937,1858.544140423335,13076386027,2026-07-29 20:37:29.452134,29/07/26,20:37:29
3724,0.97,3.724,966.702470461869,13076389751,2026-07-29 20:37:33.176134,29/07/26,20:37:33
3716,0.97,3.716,968.783638320775,13076393467,2026-07-29 20:37:36.892134,29/07/26,20:37:36
3735,0.96,3.735,963.855421686747,13076397202,2026-07-29 20:37:40.627134,29/07/26,20:37:40
1688,2.13,1.688,2132.701421800948,13076398890,2026-07-29 20:37:42.315134,29/07/26,20:37:42
1478,2.43,1.478,2435.723951285521,13076400368,2026-07-29 20:37:43.793134,29/07/26,20:37:43
3028,1.19,3.028,1188.9035667107,13076403396,2026-07-29 20:37:46.821134,29/07/26,20:37:46
2637,1.37,2.637,1365.1877133105802,13076406033,2026-07-29 20:37:49.458134,29/07/26,20:37:49
1495,2.41,1.495,2408.0267558528426,13076407528,2026-07-29 20:37:50.953134,29/07/26,20:37:50
1701,2.12,1.701,2116.4021164021165,13076409229,2026-07-29 20:37:52.654134,29/07/26,20:37:52
3749,0.96,3.749,960.2560682848759,13076412978,2026-07-29 20:37:56.403134,29/07/26,20:37:56
1748,2.06,1.748,2059.496567505721,13076414726,2026-07-29 20:37:58.151134,29/07/26,20:37:58
1455,2.47,1.455,2474.226804123711,13076416181,2026-07-29 20:37:59.606134,29/07/26,20:37:59
1984,1.81,1.984,1814.516129032258,13076418165,2026-07-29 20:38:01.590134,29/07/26,20:38:1
3661,0.98,3.661,983.3378858235454,13076421826,2026-07-29 20:38:05.251134,29/07/26,20:38:5
1535,2.35,1.535,2345.2768729641693,13076423361,2026-07-29 20:38:06.786134,29/07/26,20:38:6
1650,2.18,1.65,2181.818181818182,13076425011,2026-07-29 20:38:08.436134,29/07/26,20:38:8
3613,1.0,3.613,996.401882092444,13076428624,2026-07-29 20:38:12.049134,29/07/26,20:38:12
1469,2.45,1.469,2450.646698434309,13076430093,2026-07-29 20:38:13.518134,29/07/26,20:38:13
1471,2.45,1.471,2447.3147518694764,13076431564,2026-07-29 20:38:14.989134,29/07/26,20:38:14
1467,2.45,1.467,2453.98773006135,13076433031,2026-07-29 20:38:16.456134,29/07/26,20:38:16
1478,2.43,1.478,2435.723951285521,13076434509,2026-07-29 20:38:17.934134,29/07/26,20:38:17
1477,2.44,1.477,2437.3730534867977,13076435986,2026-07-29 20:38:19.411134,29/07/26,20:38:19
1478,2.43,1.478,2435.723951285521,13076437464,2026-07-29 20:38:20.889134,29/07/26,20:38:20
1480,2.43,1.48,2432.4324324324325,13076438944,2026-07-29 20:38:22.369134,29/07/26,20:38:22
1481,2.43,1.481,2430.7900067521946,13076440425,2026-07-29 20:38:23.850134,29/07/26,20:38:23
1480,2.43,1.48,2432.4324324324325,13076441905,2026-07-29 20:38:25.330134,29/07/26,20:38:25
1485,2.42,1.485,2424.242424242424,13076443390,2026-07-29 20:38:26.815134,29/07/26,20:38:26
1485,2.42,1.485,2424.242424242424,13076444875,2026-07-29 20:38:28.300134,29/07/26,20:38:28
1487,2.42,1.487,2420.9818426361803,13076446362,2026-07-29 20:38:29.787134,29/07/26,20:38:29
1484,2.42,1.484,2425.876010781671,13076447846,2026-07-29 20:38:31.271134,29/07/26,20:38:31
1489,2.42,1.489,2417.73002014775,13076449335,2026-07-29 20:38:32.760134,29/07/26,20:38:32
1490,2.42,1.49,2416.1073825503354,13076450825,2026-07-29 20:38:34.250134,29/07/26,20:38:34
1481,2.43,1.481,2430.7900067521946,13076452306,2026-07-29 20:38:35.731134,29/07/26,20:38:35
1489,2.42,1.489,2417.73002014775,13076453795,2026-07-29 20:38:37.220134,29/07/26,20:38:37
1493,2.41,1.493,2411.2525117213663,13076455288,2026-07-29 20:38:38.713134,29/07/26,20:38:38
1494,2.41,1.494,2409.6385542168673,13076456782,2026-07-29 20:38:40.207134,29/07/26,20:38:40
1492,2.41,1.492,2412.868632707775,13076458274,2026-07-29 20:38:41.699134,29/07/26,20:38:41
1489,2.42,1.489,2417.73002014775,13076459763,2026-07-29 20:38:43.188134,29/07/26,20:38:43
1494,2.41,1.494,2409.6385542168673,13076461257,2026-07-29 20:38:44.682134,29/07/26,20:38:44
1478,2.43,1.478,2435.723951285521,13076462735,2026-07-29 20:38:46.160134,29/07/26,20:38:46
1489,2.42,1.489,2417.73002014775,13076464224,2026-07-29 20:38:47.649134,29/07/26,20:38:47
1486,2.42,1.486,2422.6110363391654,13076465710,2026-07-29 20:38:49.135134,29/07/26,20:38:49
1487,2.42,1.487,2420.9818426361803,13076467197,2026-07-29 20:38:50.622134,29/07/26,20:38:50
1489,2.42,1.489,2417.73002014775,13076468686,2026-07-29 20:38:52.111134,29/07/26,20:38:52
1484,2.42,1.484,2425.876010781671,13076470170,2026-07-29 20:38:53.595134,29/07/26,20:38:53
1483,2.43,1.483,2427.5118004045853,13076471653,2026-07-29 20:38:55.078134,29/07/26,20:38:55
1481,2.43,1.481,2430.7900067521946,13076473134,2026-07-29 20:38:56.559134,29/07/26,20:38:56
1488,2.42,1.488,2419.3548387096776,13076474622,2026-07-29 20:38:58.047134,29/07/26,20:38:58
1488,2.42,1.488,2419.3548387096776,13076476110,2026-07-29 20:38:59.535134,29/07/26,20:38:59
1485,2.42,1.485,2424.242424242424,13076477595,2026-07-29 20:39:01.020134,29/07/26,20:39:1
1485,2.42,1.485,2424.242424242424,13076479080,2026-07-29 20:39:02.505134,29/07/26,20:39:2
1487,2.42,1.487,2420.9818426361803,13076480567,2026-07-29 20:39:03.992134,29/07/26,20:39:3
1483,2.43,1.483,2427.5118004045853,13076482050,2026-07-29 20:39:05.475134,29/07/26,20:39:5
1481,2.43,1.481,2430.7900067521946,13076483531,2026-07-29 20:39:06.956134,29/07/26,20:39:6
1483,2.43,1.483,2427.5118004045853,13076485014,2026-07-29 20:39:08.439134,29/07/26,20:39:8
1484,2.42,1.484,2425.876010781671,13076486498,2026-07-29 20:39:09.923134,29/07/26,20:39:9
1481,2.43,1.481,2430.7900067521946,13076487979,2026-07-29 20:39:11.404134,29/07/26,20:39:11
1476,2.44,1.476,2439.0243902439024,13076489455,2026-07-29 20:39:12.880134,29/07/26,20:39:12
1483,2.43,1.483,2427.5118004045853,13076490938,2026-07-29 20:39:14.363134,29/07/26,20:39:14
1479,2.43,1.479,2434.077079107505,13076492417,2026-07-29 20:39:15.842134,29/07/26,20:39:15
1482,2.43,1.482,2429.1497975708503,13076493899,2026-07-29 20:39:17.324134,29/07/26,20:39:17
1482,2.43,1.482,2429.1497975708503,13076495381,2026-07-29 20:39:18.806134,29/07/26,20:39:18
1484,2.42,1.484,2425.876010781671,13076496865,2026-07-29 20:39:20.290134,29/07/26,20:39:20
1486,2.42,1.486,2422.6110363391654,13076498351,2026-07-29 20:39:21.776134,29/07/26,20:39:21
1489,2.42,1.489,2417.73002014775,13076499840,2026-07-29 20:39:23.265134,29/07/26,20:39:23
1495,2.41,1.495,2408.0267558528426,13076501335,2026-07-29 20:39:24.760134,29/07/26,20:39:24
1483,2.43,1.483,2427.5118004045853,13076502818,2026-07-29 20:39:26.243134,29/07/26,20:39:26
1487,2.42,1.487,2420.9818426361803,13076504305,2026-07-29 20:39:27.730134,29/07/26,20:39:27
1487,2.42,1.487,2420.9818426361803,13076505792,2026-07-29 20:39:29.217134,29/07/26,20:39:29
1490,2.42,1.49,2416.1073825503354,13076507282,2026-07-29 20:39:30.707134,29/07/26,20:39:30
1491,2.41,1.491,2414.486921529175,13076508773,2026-07-29 20:39:32.198134,29/07/26,20:39:32
1492,2.41,1.492,2412.868632707775,13076510265,2026-07-29 20:39:33.690134,29/07/26,20:39:33
1486,2.42,1.486,2422.6110363391654,13076511751,2026-07-29 20:39:35.176134,29/07/26,20:39:35
1485,2.42,1.485,2424.242424242424,13076513236,2026-07-29 20:39:36.661134,29/07/26,20:39:36
1492,2.41,1.492,2412.868632707775,13076514728,2026-07-29 20:39:38.153134,29/07/26,20:39:38
1495,2.41,1.495,2408.0267558528426,13076516223,2026-07-29 20:39:39.648134,29/07/26,20:39:39
1496,2.41,1.496,2406.4171122994653,13076517719,2026-07-29 20:39:41.144134,29/07/26,20:39:41
1492,2.41,1.492,2412.868632707775,13076519211,2026-07-29 20:39:42.636134,29/07/26,20:39:42
1492,2.41,1.492,2412.868632707775,13076520703,2026-07-29 20:39:44.128134,29/07/26,20:39:44
1489,2.42,1.489,2417.73002014775,13076522192,2026-07-29 20:39:45.617134,29/07/26,20:39:45
1490,2.42,1.49,2416.1073825503354,13076523682,2026-07-29 20:39:47.107134,29/07/26,20:39:47
1488,2.42,1.488,2419.3548387096776,13076525170,2026-07-29 20:39:48.595134,29/07/26,20:39:48
1483,2.43,1.483,2427.5118004045853,13076526653,2026-07-29 20:39:50.078134,29/07/26,20:39:50
1487,2.42,1.487,2420.9818426361803,13076528140,2026-07-29 20:39:51.565134,29/07/26,20:39:51
1485,2.42,1.485,2424.242424242424,13076529625,2026-07-29 20:39:53.050134,29/07/26,20:39:53
1489,2.42,1.489,2417.73002014775,13076531114,2026-07-29 20:39:54.539134,29/07/26,20:39:54
1479,2.43,1.479,2434.077079107505,13076532593,2026-07-29 20:39:56.018134,29/07/26,20:39:56
1485,2.42,1.485,2424.242424242424,13076534078,2026-07-29 20:39:57.503134,29/07/26,20:39:57
1489,2.42,1.489,2417.73002014775,13076535567,2026-07-29 20:39:58.992134,29/07/26,20:39:58
1488,2.42,1.488,2419.3548387096776,13076537055,2026-07-29 20:40:00.480134,29/07/26,20:40:0
1490,2.42,1.49,2416.1073825503354,13076538545,2026-07-29 20:40:01.970134,29/07/26,20:40:1
1487,2.42,1.487,2420.9818426361803,13076540032,2026-07-29 20:40:03.457134,29/07/26,20:40:3
1491,2.41,1.491,2414.486921529175,13076541523,2026-07-29 20:40:04.948134,29/07/26,20:40:4
1486,2.42,1.486,2422.6110363391654,13076543009,2026-07-29 20:40:06.434134,29/07/26,20:40:6
1487,2.42,1.487,2420.9818426361803,13076544496,2026-07-29 20:40:07.921134,29/07/26,20:40:7
1489,2.42,1.489,2417.73002014775,13076545985,2026-07-29 20:40:09.410134,29/07/26,20:40:9
1485,2.42,1.485,2424.242424242424,13076547470,2026-07-29 20:40:10.895134,29/07/26,20:40:10
1487,2.42,1.487,2420.9818426361803,13076548957,2026-07-29 20:40:12.382134,29/07/26,20:40:12
1494,2.41,1.494,2409.6385542168673,13076550451,2026-07-29 20:40:13.876134,29/07/26,20:40:13
1491,2.41,1.491,2414.486921529175,13076551942,2026-07-29 20:40:15.367134,29/07/26,20:40:15
1491,2.41,1.491,2414.486921529175,13076553433,2026-07-29 20:40:16.858134,29/07/26,20:40:16
1488,2.42,1.488,2419.3548387096776,13076554921,2026-07-29 20:40:18.346134,29/07/26,20:40:18
4026,0.89,4.026,894.187779433681,13076558947,2026-07-29 20:40:22.372134,29/07/26,20:40:22
20767,0.17,20.767,173.35195261713295,13076579714,2026-07-29 20:40:43.139134,29/07/26,20:40:43
20752,0.17,20.752,173.47725520431766,13076600466,2026-07-29 20:41:03.891134,29/07/26,20:41:3
20692,0.17,20.692,173.98028223468006,13076621158,2026-07-29 20:41:24.583134,29/07/26,20:41:24
20669,0.17,20.669,174.1738835937878,13076641827,2026-07-29 20:41:45.252134,29/07/26,20:41:45
11349,0.32,11.349,317.20856463124505,13076653176,2026-07-29 20:41:56.601134,29/07/26,20:41:56
3722,0.97,3.722,967.2219236969371,13076656898,2026-07-29 20:42:00.323134,29/07/26,20:42:0
3727,0.96,3.727,965.924335927019,13076660625,2026-07-29 20:42:04.050134,29/07/26,20:42:4
1837,1.96,1.837,1959.71692977681,13076662462,2026-07-29 20:42:05.887134,29/07/26,20:42:5
1435,2.51,1.435,2508.710801393728,13076663897,2026-07-29 20:42:07.322134,29/07/26,20:42:7
1810,1.99,1.81,1988.9502762430939,13076665707,2026-07-29 20:42:09.132134,29/07/26,20:42:9
3698,0.97,3.698,973.499188750676,13076669405,2026-07-29 20:42:12.830134,29/07/26,20:42:12
1648,2.18,1.648,2184.4660194174758,13076671053,2026-07-29 20:42:14.478134,29/07/26,20:42:14
1514,2.38,1.514,2377.8071334214,13076672567,2026-07-29 20:42:15.992134,29/07/26,20:42:15
3753,0.96,3.753,959.2326139088728,13076676320,2026-07-29 20:42:19.745134,29/07/26,20:42:19
1919,1.88,1.919,1875.9770713913497,13076678239,2026-07-29 20:42:21.664134,29/07/26,20:42:21
1458,2.47,1.458,2469.135802469136,13076679697,2026-07-29 20:42:23.122134,29/07/26,20:42:23
1748,2.06,1.748,2059.496567505721,13076681445,2026-07-29 20:42:24.870134,29/07/26,20:42:24
3752,0.96,3.752,959.4882729211088,13076685197,2026-07-29 20:42:28.622134,29/07/26,20:42:28
1715,2.1,1.715,2099.125364431487,13076686912,2026-07-29 20:42:30.337134,29/07/26,20:42:30
1477,2.44,1.477,2437.3730534867977,13076688389,2026-07-29 20:42:31.814134,29/07/26,20:42:31
2814,1.28,2.814,1279.3176972281449,13076691203,2026-07-29 20:42:34.628134,29/07/26,20:42:34
2960,1.22,2.96,1216.2162162162163,13076694163,2026-07-29 20:42:37.588134,29/07/26,20:42:37
3738,0.96,3.738,963.0818619582665,13076697901,2026-07-29 20:42:41.326134,29/07/26,20:42:41
3715,0.97,3.715,969.0444145356662,13076701616,2026-07-29 20:42:45.041134,29/07/26,20:42:45
1609,2.24,1.609,2237.414543194531,13076703225,2026-07-29 20:42:46.650134,29/07/26,20:42:46
1594,2.26,1.594,2258.469259723965,13076704819,2026-07-29 20:42:48.244134,29/07/26,20:42:48
3766,0.95,3.766,955.9214020180563,13076708585,2026-07-29 20:42:52.010134,29/07/26,20:42:52
1879,1.91,1.879,1915.9127195316657,13076710464,2026-07-29 20:42:53.889134,29/07/26,20:42:53
1441,2.5,1.441,2498.265093684941,13076711905,2026-07-29 20:42:55.330134,29/07/26,20:42:55
1460,2.46,1.46,2465.753424657534,13076713365,2026-07-29 20:42:56.790134,29/07/26,20:42:56
1473,2.44,1.473,2443.9918533604887,13076714838,2026-07-29 20:42:58.263134,29/07/26,20:42:58
1470,2.45,1.47,2448.9795918367345,13076716308,2026-07-29 20:42:59.733134,29/07/26,20:42:59
1466,2.45,1.466,2455.661664392906,13076717774,2026-07-29 20:43:01.199134,29/07/26,20:43:1
1472,2.44,1.472,2445.6521739130435,13076719246,2026-07-29 20:43:02.671134,29/07/26,20:43:2
1480,2.43,1.48,2432.4324324324325,13076720726,2026-07-29 20:43:04.151134,29/07/26,20:43:4
1478,2.43,1.478,2435.723951285521,13076722204,2026-07-29 20:43:05.629134,29/07/26,20:43:5
1479,2.43,1.479,2434.077079107505,13076723683,2026-07-29 20:43:07.108134,29/07/26,20:43:7
1478,2.43,1.478,2435.723951285521,13076725161,2026-07-29 20:43:08.586134,29/07/26,20:43:8
1485,2.42,1.485,2424.242424242424,13076726646,2026-07-29 20:43:10.071134,29/07/26,20:43:10
1483,2.43,1.483,2427.5118004045853,13076728129,2026-07-29 20:43:11.554134,29/07/26,20:43:11
1475,2.44,1.475,2440.677966101695,13076729604,2026-07-29 20:43:13.029134,29/07/26,20:43:13
1487,2.42,1.487,2420.9818426361803,13076731091,2026-07-29 20:43:14.516134,29/07/26,20:43:14
1484,2.42,1.484,2425.876010781671,13076732575,2026-07-29 20:43:16.000134,29/07/26,20:43:16
1491,2.41,1.491,2414.486921529175,13076734066,2026-07-29 20:43:17.491134,29/07/26,20:43:17
1488,2.42,1.488,2419.3548387096776,13076735554,2026-07-29 20:43:18.979134,29/07/26,20:43:18
1493,2.41,1.493,2411.2525117213663,13076737047,2026-07-29 20:43:20.472134,29/07/26,20:43:20
1497,2.4,1.497,2404.809619238477,13076738544,2026-07-29 20:43:21.969134,29/07/26,20:43:21
1548,2.33,1.548,2325.5813953488373,13076740092,2026-07-29 20:43:23.517134,29/07/26,20:43:23
17826,0.2,17.826,201.95220464490072,13076757918,2026-07-29 20:43:41.343134,29/07/26,20:43:41
20835,0.17,20.835,172.78617710583154,13076778753,2026-07-29 20:44:02.178134,29/07/26,20:44:2
20689,0.17,20.689,174.00551017448885,13076799442,2026-07-29 20:44:22.867134,29/07/26,20:44:22
13395,0.27,13.395,268.7569988801792,13076812837,2026-07-29 20:44:36.262134,29/07/26,20:44:36
1482,2.43,1.482,2429.1497975708503,13076814319,2026-07-29 20:44:37.744134,29/07/26,20:44:37
1482,2.43,1.482,2429.1497975708503,13076815801,2026-07-29 20:44:39.226134,29/07/26,20:44:39
1490,2.42,1.49,2416.1073825503354,13076817291,2026-07-29 20:44:40.716134,29/07/26,20:44:40
1491,2.41,1.491,2414.486921529175,13076818782,2026-07-29 20:44:42.207134,29/07/26,20:44:42
1495,2.41,1.495,2408.0267558528426,13076820277,2026-07-29 20:44:43.702134,29/07/26,20:44:43
1495,2.41,1.495,2408.0267558528426,13076821772,2026-07-29 20:44:45.197134,29/07/26,20:44:45
1491,2.41,1.491,2414.486921529175,13076823263,2026-07-29 20:44:46.688134,29/07/26,20:44:46
1499,2.4,1.499,2401.601067378252,13076824762,2026-07-29 20:44:48.187134,29/07/26,20:44:48
1498,2.4,1.498,2403.2042723631507,13076826260,2026-07-29 20:44:49.685134,29/07/26,20:44:49
1498,2.4,1.498,2403.2042723631507,13076827758,2026-07-29 20:44:51.183134,29/07/26,20:44:51
1494,2.41,1.494,2409.6385542168673,13076829252,2026-07-29 20:44:52.677134,29/07/26,20:44:52
1499,2.4,1.499,2401.601067378252,13076830751,2026-07-29 20:44:54.176134,29/07/26,20:44:54
1498,2.4,1.498,2403.2042723631507,13076832249,2026-07-29 20:44:55.674134,29/07/26,20:44:55
1500,2.4,1.5,2400.0,13076833749,2026-07-29 20:44:57.174134,29/07/26,20:44:57
1500,2.4,1.5,2400.0,13076835249,2026-07-29 20:44:58.674134,29/07/26,20:44:58
1500,2.4,1.5,2400.0,13076836749,2026-07-29 20:45:00.174134,29/07/26,20:45:0
1504,2.39,1.504,2393.6170212765956,13076838253,2026-07-29 20:45:01.678134,29/07/26,20:45:1
1500,2.4,1.5,2400.0,13076839753,2026-07-29 20:45:03.178134,29/07/26,20:45:3
1509,2.38,1.509,2385.685884691849,13076841262,2026-07-29 20:45:04.687134,29/07/26,20:45:4
1499,2.4,1.499,2401.601067378252,13076842761,2026-07-29 20:45:06.186134,29/07/26,20:45:6
1504,2.39,1.504,2393.6170212765956,13076844265,2026-07-29 20:45:07.690134,29/07/26,20:45:7
1503,2.39,1.503,2395.2095808383233,13076845768,2026-07-29 20:45:09.193134,29/07/26,20:45:9
1503,2.39,1.503,2395.2095808383233,13076847271,2026-07-29 20:45:10.696134,29/07/26,20:45:10
1504,2.39,1.504,2393.6170212765956,13076848775,2026-07-29 20:45:12.200134,29/07/26,20:45:12
1499,2.4,1.499,2401.601067378252,13076850274,2026-07-29 20:45:13.699134,29/07/26,20:45:13
1502,2.4,1.502,2396.804260985353,13076851776,2026-07-29 20:45:15.201134,29/07/26,20:45:15
1501,2.4,1.501,2398.4010659560295,13076853277,2026-07-29 20:45:16.702134,29/07/26,20:45:16
1505,2.39,1.505,2392.0265780730897,13076854782,2026-07-29 20:45:18.207134,29/07/26,20:45:18
1502,2.4,1.502,2396.804260985353,13076856284,2026-07-29 20:45:19.709134,29/07/26,20:45:19
1497,2.4,1.497,2404.809619238477,13076857781,2026-07-29 20:45:21.206134,29/07/26,20:45:21
1496,2.41,1.496,2406.4171122994653,13076859277,2026-07-29 20:45:22.702134,29/07/26,20:45:22
1498,2.4,1.498,2403.2042723631507,13076860775,2026-07-29 20:45:24.200134,29/07/26,20:45:24
1492,2.41,1.492,2412.868632707775,13076862267,2026-07-29 20:45:25.692134,29/07/26,20:45:25
1494,2.41,1.494,2409.6385542168673,13076863761,2026-07-29 20:45:27.186134,29/07/26,20:45:27
1491,2.41,1.491,2414.486921529175,13076865252,2026-07-29 20:45:28.677134,29/07/26,20:45:28
1494,2.41,1.494,2409.6385542168673,13076866746,2026-07-29 20:45:30.171134,29/07/26,20:45:30
1495,2.41,1.495,2408.0267558528426,13076868241,2026-07-29 20:45:31.666134,29/07/26,20:45:31
1490,2.42,1.49,2416.1073825503354,13076869731,2026-07-29 20:45:33.156134,29/07/26,20:45:33
1492,2.41,1.492,2412.868632707775,13076871223,2026-07-29 20:45:34.648134,29/07/26,20:45:34
6868,0.52,6.868,524.17006406523,13076878091,2026-07-29 20:45:41.516134,29/07/26,20:45:41
20852,0.17,20.852,172.64530980241705,13076898943,2026-07-29 20:46:02.368134,29/07/26,20:46:2
13378,0.27,13.378,269.09851995814023,13076912321,2026-07-29 20:46:15.746134,29/07/26,20:46:15
14178,0.25,14.178,253.91451544646637,13076926499,2026-07-29 20:46:29.924134,29/07/26,20:46:29
14063,0.25,14.063,255.99089810140083,13076940562,2026-07-29 20:46:43.987134,29/07/26,20:46:43
14090,0.25,14.09,255.50035486160397,13076954652,2026-07-29 20:46:58.077134,29/07/26,20:46:58
14030,0.26,14.03,256.59301496792585,13076968682,2026-07-29 20:47:12.107134,29/07/26,20:47:12
4999,0.72,4.999,720.1440288057612,13076973681,2026-07-29 20:47:17.106134,29/07/26,20:47:17
3546,1.01,3.546,1015.2284263959391,13076977227,2026-07-29 20:47:20.652134,29/07/26,20:47:20
1647,2.18,1.647,2185.792349726776,13076978874,2026-07-29 20:47:22.299134,29/07/26,20:47:22
1395,2.58,1.395,2580.6451612903224,13076980269,2026-07-29 20:47:23.694134,29/07/26,20:47:23
1848,1.95,1.848,1948.051948051948,13076982117,2026-07-29 20:47:25.542134,29/07/26,20:47:25
3531,1.02,3.531,1019.5412064570943,13076985648,2026-07-29 20:47:29.073134,29/07/26,20:47:29
1557,2.31,1.557,2312.1387283236995,13076987205,2026-07-29 20:47:30.630134,29/07/26,20:47:30
1474,2.44,1.474,2442.3337856173675,13076988679,2026-07-29 20:47:32.104134,29/07/26,20:47:32
3063,1.17,3.063,1175.3183153770813,13076991742,2026-07-29 20:47:35.167134,29/07/26,20:47:35
2432,1.48,2.432,1480.2631578947369,13076994174,2026-07-29 20:47:37.599134,29/07/26,20:47:37
3564,1.01,3.564,1010.10101010101,13076997738,2026-07-29 20:47:41.163134,29/07/26,20:47:41
3577,1.01,3.577,1006.4299692479732,13077001315,2026-07-29 20:47:44.740134,29/07/26,20:47:44
1641,2.19,1.641,2193.784277879342,13077002956,2026-07-29 20:47:46.381134,29/07/26,20:47:46
1406,2.56,1.406,2560.4551920341396,13077004362,2026-07-29 20:47:47.787134,29/07/26,20:47:47
1911,1.88,1.911,1883.8304552590266,13077006273,2026-07-29 20:47:49.698134,29/07/26,20:47:49
3534,1.02,3.534,1018.6757215619695,13077009807,2026-07-29 20:47:53.232134,29/07/26,20:47:53
1537,2.34,1.537,2342.225113858165,13077011344,2026-07-29 20:47:54.769134,29/07/26,20:47:54
1541,2.34,1.541,2336.145360155743,13077012885,2026-07-29 20:47:56.310134,29/07/26,20:47:56
3622,0.99,3.622,993.9260077305356,13077016507,2026-07-29 20:47:59.932134,29/07/26,20:47:59
1851,1.94,1.851,1944.8946515397083,13077018358,2026-07-29 20:48:01.783134,29/07/26,20:48:1
1419,2.54,1.419,2536.997885835095,13077019777,2026-07-29 20:48:03.202134,29/07/26,20:48:3
1683,2.14,1.683,2139.03743315508,13077021460,2026-07-29 20:48:04.885134,29/07/26,20:48:4
3616,1.0,3.616,995.5752212389381,13077025076,2026-07-29 20:48:08.501134,29/07/26,20:48:8
1720,2.09,1.72,2093.0232558139537,13077026796,2026-07-29 20:48:10.221134,29/07/26,20:48:10
1417,2.54,1.417,2540.5786873676784,13077028213,2026-07-29 20:48:11.638134,29/07/26,20:48:11
1856,1.94,1.856,1939.655172413793,13077030069,2026-07-29 20:48:13.494134,29/07/26,20:48:13
3247,1.11,3.247,1108.715737603942,13077033316,2026-07-29 20:48:16.741134,29/07/26,20:48:16
1421,2.53,1.421,2533.427163969036,13077034737,2026-07-29 20:48:18.162134,29/07/26,20:48:18
1425,2.53,1.425,2526.315789473684,13077036162,2026-07-29 20:48:19.587134,29/07/26,20:48:19
1428,2.52,1.428,2521.0084033613443,13077037590,2026-07-29 20:48:21.015134,29/07/26,20:48:21
1426,2.52,1.426,2524.544179523142,13077039016,2026-07-29 20:48:22.441134,29/07/26,20:48:22
1428,2.52,1.428,2521.0084033613443,13077040444,2026-07-29 20:48:23.869134,29/07/26,20:48:23
1435,2.51,1.435,2508.710801393728,13077041879,2026-07-29 20:48:25.304134,29/07/26,20:48:25
1438,2.5,1.438,2503.4770514603615,13077043317,2026-07-29 20:48:26.742134,29/07/26,20:48:26
1437,2.51,1.437,2505.2192066805846,13077044754,2026-07-29 20:48:28.179134,29/07/26,20:48:28
1495,2.41,1.495,2408.0267558528426,13077046249,2026-07-29 20:48:29.674134,29/07/26,20:48:29
13061,0.28,13.061,275.62973738611134,13077059310,2026-07-29 20:48:42.735134,29/07/26,20:48:42
14345,0.25,14.345,250.95852213314743,13077073655,2026-07-29 20:48:57.080134,29/07/26,20:48:57
14445,0.25,14.445,249.22118380062307,13077088100,2026-07-29 20:49:11.525134,29/07/26,20:49:11
14342,0.25,14.342,251.01101659461722,13077102442,2026-07-29 20:49:25.867134,29/07/26,20:49:25
14457,0.25,14.457,249.0143183233036,13077116899,2026-07-29 20:49:40.324134,29/07/26,20:49:40
8326,0.43,8.326,432.3804948354552,13077125225,2026-07-29 20:49:48.650134,29/07/26,20:49:48
3585,1.0,3.585,1004.18410041841,13077128810,2026-07-29 20:49:52.235134,29/07/26,20:49:52
3467,1.04,3.467,1038.3616959907702,13077132277,2026-07-29 20:49:55.702134,29/07/26,20:49:55
1940,1.86,1.94,1855.6701030927834,13077134217,2026-07-29 20:49:57.642134,29/07/26,20:49:57
1436,2.51,1.436,2506.963788300836,13077135653,2026-07-29 20:49:59.078134,29/07/26,20:49:59
1624,2.22,1.624,2216.7487684729062,13077137277,2026-07-29 20:50:00.702134,29/07/26,20:50:0
3601,1.0,3.601,999.7222993612885,13077140878,2026-07-29 20:50:04.303134,29/07/26,20:50:4
1756,2.05,1.756,2050.113895216401,13077142634,2026-07-29 20:50:06.059134,29/07/26,20:50:6
1405,2.56,1.405,2562.2775800711743,13077144039,2026-07-29 20:50:07.464134,29/07/26,20:50:7
1778,2.02,1.778,2024.7469066366705,13077145817,2026-07-29 20:50:09.242134,29/07/26,20:50:9
3574,1.01,3.574,1007.2747621712367,13077149391,2026-07-29 20:50:12.816134,29/07/26,20:50:12
1629,2.21,1.629,2209.9447513812156,13077151020,2026-07-29 20:50:14.445134,29/07/26,20:50:14
1420,2.54,1.42,2535.211267605634,13077152440,2026-07-29 20:50:15.865134,29/07/26,20:50:15
1939,1.86,1.939,1856.62712738525,13077154379,2026-07-29 20:50:17.804134,29/07/26,20:50:17
3531,1.02,3.531,1019.5412064570943,13077157910,2026-07-29 20:50:21.335134,29/07/26,20:50:21
1510,2.38,1.51,2384.1059602649007,13077159420,2026-07-29 20:50:22.845134,29/07/26,20:50:22
1569,2.29,1.569,2294.455066921606,13077160989,2026-07-29 20:50:24.414134,29/07/26,20:50:24
3609,1.0,3.609,997.5062344139651,13077164598,2026-07-29 20:50:28.023134,29/07/26,20:50:28
2834,1.27,2.834,1270.2893436838392,13077167432,2026-07-29 20:50:30.857134,29/07/26,20:50:30
2699,1.33,2.699,1333.827343460541,13077170131,2026-07-29 20:50:33.556134,29/07/26,20:50:33
3551,1.01,3.551,1013.7989298789073,13077173682,2026-07-29 20:50:37.107134,29/07/26,20:50:37
1556,2.31,1.556,2313.624678663239,13077175238,2026-07-29 20:50:38.663134,29/07/26,20:50:38
1506,2.39,1.506,2390.438247011952,13077176744,2026-07-29 20:50:40.169134,29/07/26,20:50:40
3961,0.91,3.961,908.8613986367079,13077180705,2026-07-29 20:50:44.130134,29/07/26,20:50:44
2872,1.25,2.872,1253.481894150418,13077183577,2026-07-29 20:50:47.002134,29/07/26,20:50:47
1419,2.54,1.419,2536.997885835095,13077184996,2026-07-29 20:50:48.421134,29/07/26,20:50:48
1426,2.52,1.426,2524.544179523142,13077186422,2026-07-29 20:50:49.847134,29/07/26,20:50:49
1423,2.53,1.423,2529.8664792691497,13077187845,2026-07-29 20:50:51.270134,29/07/26,20:50:51
1422,2.53,1.422,2531.6455696202534,13077189267,2026-07-29 20:50:52.692134,29/07/26,20:50:52
1428,2.52,1.428,2521.0084033613443,13077190695,2026-07-29 20:50:54.120134,29/07/26,20:50:54
1427,2.52,1.427,2522.7750525578135,13077192122,2026-07-29 20:50:55.547134,29/07/26,20:50:55
1431,2.52,1.431,2515.723270440252,13077193553,2026-07-29 20:50:56.978134,29/07/26,20:50:56
1430,2.52,1.43,2517.4825174825173,13077194983,2026-07-29 20:50:58.408134,29/07/26,20:50:58
1435,2.51,1.435,2508.710801393728,13077196418,2026-07-29 20:50:59.843134,29/07/26,20:50:59
1438,2.5,1.438,2503.4770514603615,13077197856,2026-07-29 20:51:01.281134,29/07/26,20:51:1
1437,2.51,1.437,2505.2192066805846,13077199293,2026-07-29 20:51:02.718134,29/07/26,20:51:2
1443,2.49,1.443,2494.802494802495,13077200736,2026-07-29 20:51:04.161134,29/07/26,20:51:4
1439,2.5,1.439,2501.7373175816538,13077202175,2026-07-29 20:51:05.600134,29/07/26,20:51:5
1461,2.46,1.461,2464.065708418891,13077203636,2026-07-29 20:51:07.061134,29/07/26,20:51:7
8306,0.43,8.306,433.42162292318807,13077211942,2026-07-29 20:51:15.367134,29/07/26,20:51:15
14745,0.24,14.745,244.15055951169887,13077226687,2026-07-29 20:51:30.112134,29/07/26,20:51:30
14798,0.24,14.798,243.27611839437762,13077241485,2026-07-29 20:51:44.910134,29/07/26,20:51:44
14769,0.24,14.769,243.7538086532602,13077256254,2026-07-29 20:51:59.679134,29/07/26,20:51:59
14673,0.25,14.673,245.34859946841138,13077270927,2026-07-29 20:52:14.352134,29/07/26,20:52:14
13475,0.27,13.475,267.1614100185529,13077284402,2026-07-29 20:52:27.827134,29/07/26,20:52:27
1427,2.52,1.427,2522.7750525578135,13077285829,2026-07-29 20:52:29.254134,29/07/26,20:52:29
1438,2.5,1.438,2503.4770514603615,13077287267,2026-07-29 20:52:30.692134,29/07/26,20:52:30
1441,2.5,1.441,2498.265093684941,13077288708,2026-07-29 20:52:32.133134,29/07/26,20:52:32
1435,2.51,1.435,2508.710801393728,13077290143,2026-07-29 20:52:33.568134,29/07/26,20:52:33
1441,2.5,1.441,2498.265093684941,13077291584,2026-07-29 20:52:35.009134,29/07/26,20:52:35
1435,2.51,1.435,2508.710801393728,13077293019,2026-07-29 20:52:36.444134,29/07/26,20:52:36
1447,2.49,1.447,2487.90601243953,13077294466,2026-07-29 20:52:37.891134,29/07/26,20:52:37
1442,2.5,1.442,2496.5325936199724,13077295908,2026-07-29 20:52:39.333134,29/07/26,20:52:39
1441,2.5,1.441,2498.265093684941,13077297349,2026-07-29 20:52:40.774134,29/07/26,20:52:40
1446,2.49,1.446,2489.6265560165975,13077298795,2026-07-29 20:52:42.220134,29/07/26,20:52:42
1440,2.5,1.44,2500.0,13077300235,2026-07-29 20:52:43.660134,29/07/26,20:52:43
1442,2.5,1.442,2496.5325936199724,13077301677,2026-07-29 20:52:45.102134,29/07/26,20:52:45
1437,2.51,1.437,2505.2192066805846,13077303114,2026-07-29 20:52:46.539134,29/07/26,20:52:46
1445,2.49,1.445,2491.349480968858,13077304559,2026-07-29 20:52:47.984134,29/07/26,20:52:47
1442,2.5,1.442,2496.5325936199724,13077306001,2026-07-29 20:52:49.426134,29/07/26,20:52:49
1442,2.5,1.442,2496.5325936199724,13077307443,2026-07-29 20:52:50.868134,29/07/26,20:52:50
1446,2.49,1.446,2489.6265560165975,13077308889,2026-07-29 20:52:52.314134,29/07/26,20:52:52
1447,2.49,1.447,2487.90601243953,13077310336,2026-07-29 20:52:53.761134,29/07/26,20:52:53
1442,2.5,1.442,2496.5325936199724,13077311778,2026-07-29 20:52:55.203134,29/07/26,20:52:55
1441,2.5,1.441,2498.265093684941,13077313219,2026-07-29 20:52:56.644134,29/07/26,20:52:56
1450,2.48,1.45,2482.7586206896553,13077314669,2026-07-29 20:52:58.094134,29/07/26,20:52:58
1450,2.48,1.45,2482.7586206896553,13077316119,2026-07-29 20:52:59.544134,29/07/26,20:52:59
1451,2.48,1.451,2481.0475534114403,13077317570,2026-07-29 20:53:00.995134,29/07/26,20:53:0
1451,2.48,1.451,2481.0475534114403,13077319021,2026-07-29 20:53:02.446134,29/07/26,20:53:2
1454,2.47,1.454,2475.9284731774414,13077320475,2026-07-29 20:53:03.900134,29/07/26,20:53:3
1451,2.48,1.451,2481.0475534114403,13077321926,2026-07-29 20:53:05.351134,29/07/26,20:53:5
1448,2.49,1.448,2486.1878453038676,13077323374,2026-07-29 20:53:06.799134,29/07/26,20:53:6
1456,2.47,1.456,2472.5274725274726,13077324830,2026-07-29 20:53:08.255134,29/07/26,20:53:8
1455,2.47,1.455,2474.226804123711,13077326285,2026-07-29 20:53:09.710134,29/07/26,20:53:9
1450,2.48,1.45,2482.7586206896553,13077327735,2026-07-29 20:53:11.160134,29/07/26,20:53:11
1661,2.17,1.661,2167.3690547862734,13077329396,2026-07-29 20:53:12.821134,29/07/26,20:53:12
1590,2.26,1.59,2264.1509433962265,13077330986,2026-07-29 20:53:14.411134,29/07/26,20:53:14
1391,2.59,1.391,2588.0661394680087,13077332377,2026-07-29 20:53:15.802134,29/07/26,20:53:15
1877,1.92,1.877,1917.9541822056474,13077334254,2026-07-29 20:53:17.679134,29/07/26,20:53:17
3490,1.03,3.49,1031.5186246418339,13077337744,2026-07-29 20:53:21.169134,29/07/26,20:53:21
1517,2.37,1.517,2373.1048121292024,13077339261,2026-07-29 20:53:22.686134,29/07/26,20:53:22
1501,2.4,1.501,2398.4010659560295,13077340762,2026-07-29 20:53:24.187134,29/07/26,20:53:24
3413,1.05,3.413,1054.790506885438,13077344175,2026-07-29 20:53:27.600134,29/07/26,20:53:27
1964,1.83,1.964,1832.9938900203665,13077346139,2026-07-29 20:53:29.564134,29/07/26,20:53:29
1430,2.52,1.43,2517.4825174825173,13077347569,2026-07-29 20:53:30.994134,29/07/26,20:53:30
1595,2.26,1.595,2257.05329153605,13077349164,2026-07-29 20:53:32.589134,29/07/26,20:53:32
3553,1.01,3.553,1013.2282578103011,13077352717,2026-07-29 20:53:36.142134,29/07/26,20:53:36
3238,1.11,3.238,1111.7974058060531,13077355955,2026-07-29 20:53:39.380134,29/07/26,20:53:39
2215,1.62,2.215,1625.2821670428893,13077358170,2026-07-29 20:53:41.595134,29/07/26,20:53:41
3519,1.02,3.519,1023.0179028132992,13077361689,2026-07-29 20:53:45.114134,29/07/26,20:53:45
1534,2.35,1.534,2346.805736636245,13077363223,2026-07-29 20:53:46.648134,29/07/26,20:53:46
1491,2.41,1.491,2414.486921529175,13077364714,2026-07-29 20:53:48.139134,29/07/26,20:53:48
3263,1.1,3.263,1103.2791909285934,13077367977,2026-07-29 20:53:51.402134,29/07/26,20:53:51
2141,1.68,2.141,1681.457262961233,13077370118,2026-07-29 20:53:53.543134,29/07/26,20:53:53
1445,2.49,1.445,2491.349480968858,13077371563,2026-07-29 20:53:54.988134,29/07/26,20:53:54
1595,2.26,1.595,2257.05329153605,13077373158,2026-07-29 20:53:56.583134,29/07/26,20:53:56
3599,1.0,3.599,1000.277854959711,13077376757,2026-07-29 20:54:00.182134,29/07/26,20:54:0
1822,1.98,1.822,1975.8507135016466,13077378579,2026-07-29 20:54:02.004134,29/07/26,20:54:2
1436,2.51,1.436,2506.963788300836,13077380015,2026-07-29 20:54:03.440134,29/07/26,20:54:3
1846,1.95,1.846,1950.1625135427953,13077381861,2026-07-29 20:54:05.286134,29/07/26,20:54:5
3676,0.98,3.676,979.3253536452665,13077385537,2026-07-29 20:54:08.962134,29/07/26,20:54:8
1631,2.21,1.631,2207.234825260576,13077387168,2026-07-29 20:54:10.593134,29/07/26,20:54:10
19508,0.18,19.508,184.53967603034653,13077406676,2026-07-29 20:54:30.101134,29/07/26,20:54:30
23308,0.15,23.308,154.45340655568904,13077429984,2026-07-29 20:54:53.409134,29/07/26,20:54:53
23290,0.15,23.29,154.57277801631602,13077453274,2026-07-29 20:55:16.699134,29/07/26,20:55:16
23480,0.15,23.48,153.32197614991483,13077476754,2026-07-29 20:55:40.179134,29/07/26,20:55:40
23440,0.15,23.44,153.5836177474403,13077500194,2026-07-29 20:56:03.619134,29/07/26,20:56:3
23172,0.16,23.172,155.35991714137754,13077523366,2026-07-29 20:56:26.791134,29/07/26,20:56:26
22833,0.16,22.833,157.66653527788728,13077546199,2026-07-29 20:56:49.624134,29/07/26,20:56:49
22882,0.16,22.882,157.3289048160126,13077569081,2026-07-29 20:57:12.506134,29/07/26,20:57:12
23365,0.15,23.365,154.0766103145731,13077592446,2026-07-29 20:57:35.871134,29/07/26,20:57:35
23179,0.16,23.179,155.3129988351525,13077615625,2026-07-29 20:57:59.050134,29/07/26,20:57:59
23782,0.15,23.782,151.37498948784796,13077639407,2026-07-29 20:58:22.832134,29/07/26,20:58:22
27565,0.13,27.565,130.6003990567749,13077666972,2026-07-29 20:58:50.397134,29/07/26,20:58:50
27611,0.13,27.611,130.3828184419253,13077694583,2026-07-29 20:59:18.008134,29/07/26,20:59:18
25813,0.14,25.813,139.46461085499556,13077720396,2026-07-29 20:59:43.821134,29/07/26,20:59:43
24641,0.15,24.641,146.09796680329532,13077745037,2026-07-29 21:00:08.462134,29/07/26,21:0:8
27657,0.13,27.657,130.16596160104132,13077772694,2026-07-29 21:00:36.119134,29/07/26,21:0:36
27717,0.13,27.717,129.88418660028142,13077800411,2026-07-29 21:01:03.836134,29/07/26,21:1:3
27912,0.13,27.912,128.9767841788478,13077828323,2026-07-29 21:01:31.748134,29/07/26,21:1:31
27768,0.13,27.768,129.6456352636128,13077856091,2026-07-29 21:01:59.516134,29/07/26,21:1:59
27883,0.13,27.883,129.11092780547287,13077883974,2026-07-29 21:02:27.399134,29/07/26,21:2:27
27962,0.13,27.962,128.7461554967456,13077911936,2026-07-29 21:02:55.361134,29/07/26,21:2:55
28032,0.13,28.032,128.42465753424656,13077939968,2026-07-29 21:03:23.393134,29/07/26,21:3:23
27848,0.13,27.848,129.2731973570813,13077967816,2026-07-29 21:03:51.241134,29/07/26,21:3:51
27789,0.13,27.789,129.5476627442513,13077995605,2026-07-29 21:04:19.030134,29/07/26,21:4:19
27939,0.13,27.939,128.85214216686353,13078023544,2026-07-29 21:04:46.969134,29/07/26,21:4:46
27662,0.13,27.662,130.1424336635095,13078051206,2026-07-29 21:05:14.631134,29/07/26,21:5:14
27880,0.13,27.88,129.1248206599713,13078079086,2026-07-29 21:05:42.511134,29/07/26,21:5:42
27669,0.13,27.669,130.10950883660414,13078106755,2026-07-29 21:06:10.180134,29/07/26,21:6:10
27713,0.13,27.713,129.9029336412514,13078134468,2026-07-29 21:06:37.893134,29/07/26,21:6:37
27508,0.13,27.508,130.87101933982842,13078161976,2026-07-29 21:07:05.401134,29/07/26,21:7:5
27608,0.13,27.608,130.3969863807592,13078189584,2026-07-29 21:07:33.009134,29/07/26,21:7:33
27593,0.13,27.593,130.46787228644945,13078217177,2026-07-29 21:08:00.602134,29/07/26,21:8:0
27225,0.13,27.225,132.23140495867767,13078244402,2026-07-29 21:08:27.827134,29/07/26,21:8:27
26963,0.13,26.963,133.51630011497238,13078271365,2026-07-29 21:08:54.790134,29/07/26,21:8:54
27283,0.13,27.283,131.95029872081517,13078298648,2026-07-29 21:09:22.073134,29/07/26,21:9:22
27320,0.13,27.32,131.77159590043925,13078325968,2026-07-29 21:09:49.393134,29/07/26,21:9:49
27329,0.13,27.329,131.7282008123239,13078353297,2026-07-29 21:10:16.722134,29/07/26,21:10:16
27374,0.13,27.374,131.51165339373128,13078380671,2026-07-29 21:10:44.096134,29/07/26,21:10:44
27342,0.13,27.342,131.6655694535879,13078408013,2026-07-29 21:11:11.438134,29/07/26,21:11:11
27640,0.13,27.64,130.24602026049203,13078435653,2026-07-29 21:11:39.078134,29/07/26,21:11:39
27564,0.13,27.564,130.605137135394,13078463217,2026-07-29 21:12:06.642134,29/07/26,21:12:6
27548,0.13,27.548,130.68099317554814,13078490765,2026-07-29 21:12:34.190134,29/07/26,21:12:34
27526,0.13,27.526,130.78543922110006,13078518291,2026-07-29 21:13:01.716134,29/07/26,21:13:1
28018,0.13,28.018,128.48882861017918,13078546309,2026-07-29 21:13:29.734134,29/07/26,21:13:29
27796,0.13,27.796,129.51503813498346,13078574105,2026-07-29 21:13:57.530134,29/07/26,21:13:57
27759,0.13,27.759,129.68766886415216,13078601864,2026-07-29 21:14:25.289134,29/07/26,21:14:25
27869,0.13,27.869,129.17578671642326,13078629733,2026-07-29 21:14:53.158134,29/07/26,21:14:53
27933,0.13,27.933,128.8798195682526,13078657666,2026-07-29 21:15:21.091134,29/07/26,21:15:21
27932,0.13,27.932,128.88443362451667,13078685598,2026-07-29 21:15:49.023134,29/07/26,21:15:49
27802,0.13,27.802,129.48708725990937,13078713400,2026-07-29 21:16:16.825134,29/07/26,21:16:16
27876,0.13,27.876,129.14334911752044,13078741276,2026-07-29 21:16:44.701134,29/07/26,21:16:44
27739,0.13,27.739,129.7811745196294,13078769015,2026-07-29 21:17:12.440134,29/07/26,21:17:12
27866,0.13,27.866,129.18969353333813,13078796881,2026-07-29 21:17:40.306134,29/07/26,21:17:40
27821,0.13,27.821,129.39865569174364,13078824702,2026-07-29 21:18:08.127134,29/07/26,21:18:8
26768,0.13,26.768,134.48894202032278,13078851470,2026-07-29 21:18:34.895134,29/07/26,21:18:34
26902,0.13,26.902,133.81904691101033,13078878372,2026-07-29 21:19:01.797134,29/07/26,21:19:1
27123,0.13,27.123,132.7286804557018,13078905495,2026-07-29 21:19:28.920134,29/07/26,21:19:28
26937,0.13,26.937,133.64517206815904,13078932432,2026-07-29 21:19:55.857134,29/07/26,21:19:55
19581,0.18,19.581,183.85169296767273,13078952013,2026-07-29 21:20:15.438134,29/07/26,21:20:15
16526,0.22,16.526,217.83855742466417,13078968539,2026-07-29 21:20:31.964134,29/07/26,21:20:31
16731,0.22,16.731,215.16944593867672,13078985270,2026-07-29 21:20:48.695134,29/07/26,21:20:48
16559,0.22,16.559,217.40443263482095,13079001829,2026-07-29 21:21:05.254134,29/07/26,21:21:5
16763,0.21,16.763,214.7586947443775,13079018592,2026-07-29 21:21:22.017134,29/07/26,21:21:22
16342,0.22,16.342,220.29127401786806,13079034934,2026-07-29 21:21:38.359134,29/07/26,21:21:38
16673,0.22,16.673,215.91795117855216,13079051607,2026-07-29 21:21:55.032134,29/07/26,21:21:55
16611,0.22,16.611,216.7238576846668,13079068218,2026-07-29 21:22:11.643134,29/07/26,21:22:11
16820,0.21,16.82,214.0309155766944,13079085038,2026-07-29 21:22:28.463134,29/07/26,21:22:28
16821,0.21,16.821,214.01819154628143,13079101859,2026-07-29 21:22:45.284134,29/07/26,21:22:45
16794,0.21,16.794,214.36227224008576,13079118653,2026-07-29 21:23:02.078134,29/07/26,21:23:2
16889,0.21,16.889,213.15649239149744,13079135542,2026-07-29 21:23:18.967134,29/07/26,21:23:18
16891,0.21,16.891,213.13125333017584,13079152433,2026-07-29 21:23:35.858134,29/07/26,21:23:35
16610,0.22,16.61,216.73690547862734,13079169043,2026-07-29 21:23:52.468134,29/07/26,21:23:52
16790,0.21,16.79,214.41334127456818,13079185833,2026-07-29 21:24:09.258134,29/07/26,21:24:9
16641,0.22,16.641,216.3331530557058,13079202474,2026-07-29 21:24:25.899134,29/07/26,21:24:25
16766,0.21,16.766,214.72026720744364,13079219240,2026-07-29 21:24:42.665134,29/07/26,21:24:42
16768,0.21,16.768,214.6946564885496,13079236008,2026-07-29 21:24:59.433134,29/07/26,21:24:59
16913,0.21,16.913,212.85401761958258,13079252921,2026-07-29 21:25:16.346134,29/07/26,21:25:16
16925,0.21,16.925,212.70310192023635,13079269846,2026-07-29 21:25:33.271134,29/07/26,21:25:33
16909,0.21,16.909,212.9043704536046,13079286755,2026-07-29 21:25:50.180134,29/07/26,21:25:50
16931,0.21,16.931,212.6277242927175,13079303686,2026-07-29 21:26:07.111134,29/07/26,21:26:7
16966,0.21,16.966,212.18908405045386,13079320652,2026-07-29 21:26:24.077134,29/07/26,21:26:24
16885,0.21,16.885,213.2069884512881,13079337537,2026-07-29 21:26:40.962134,29/07/26,21:26:40
16817,0.21,16.817,214.069096747339,13079354354,2026-07-29 21:26:57.779134,29/07/26,21:26:57
